ISO-10303-21;
HEADER;
FILE_DESCRIPTION (( 'STEP AP214' ),
    '1' );
FILE_NAME ('Cross Head.STEP',
    '2025-12-20T08:08:26',
    ( '' ),
    ( '' ),
    'SwSTEP 2.0',
    'SolidWorks 2025',
    '' );
FILE_SCHEMA (( 'AUTOMOTIVE_DESIGN' ));
ENDSEC;

DATA;
#1 = ADVANCED_FACE ( 'NONE', ( #390 ), #379, .F. ) ;
#2 = ORIENTED_EDGE ( 'NONE', *, *, #1724, .F. ) ;
#3 = ORIENTED_EDGE ( 'NONE', *, *, #1724, .T. ) ;
#4 = VERTEX_POINT ( 'NONE', #711 ) ;
#5 = CARTESIAN_POINT ( 'NONE',  ( -21.57423738431167948, 144.7624016052888862, -83.09206499214403152 ) ) ;
#6 = CARTESIAN_POINT ( 'NONE',  ( 27.83947111467277580, -19.92388989572546620, -102.1420649921440287 ) ) ;
#7 = B_SPLINE_CURVE_WITH_KNOTS ( 'NONE', 3,
 ( #1114, #931, #1255, #942, #1104, #232, #1789, #951, #1435, #794, #1273, #252, #1776, #420, #1940, #2145, #1286, #1976, #72, #90, #1442, #2135, #592, #435, #1799, #918, #1476, #261, #778, #1464, #615, #2159, #1296, #2127, #444, #750, #1083, #1808, #272, #1768, #1593, #60, #975, #1500, #1307, #2193, #1022, #1163, #118, #1851, #1665 ),
 .UNSPECIFIED., .F., .F.,
 ( 4, 1, 1, 1, 1, 1, 1, 1, 2, 2, 1, 1, 1, 1, 1, 1, 2, 2, 2, 2, 1, 1, 1, 1, 1, 1, 1, 2, 2, 1, 1, 1, 1, 1, 1, 1, 2, 2, 4 ),
 ( 0.000000000000000000, 0.06250000000007051304, 0.09375000000010619283, 0.1093750000001245115, 0.1171875000001331296, 0.1210937500001368489, 0.1230468750001392914, 0.1240234375001405265, 0.1245117187501405404, 0.1250000000001405542, 0.1875000000000956735, 0.2187500000000736911, 0.2343750000000623113, 0.2421875000000570377, 0.2460937500000548450, 0.2480468750000533740, 0.2490234375000530964, 0.2500000000000528466, 0.3750000000000381362, 0.5000000000000235367, 0.6250000000000088818, 0.6875000000000015543, 0.7187499999999980016, 0.7343749999999961142, 0.7421874999999948930, 0.7460937499999945599, 0.7480468749999943379, 0.7490234374999941158, 0.7499999999999937828, 0.8124999999999883427, 0.8437499999999855671, 0.8593749999999842348, 0.8671874999999835687, 0.8710937499999831246, 0.8730468749999829026, 0.8740234374999827915, 0.8745117187499827915, 0.8749999999999827915, 1.000000000000000000 ),
 .UNSPECIFIED. ) ;
#8 = CARTESIAN_POINT ( 'NONE',  ( -47.61259052122753843, -12.27509652853081690, -83.09206499214403152 ) ) ;
#9 = DIRECTION ( 'NONE',  ( 1.000000000000000000, 0.000000000000000000, 0.000000000000000000 ) ) ;
#10 = FACE_BOUND ( 'NONE', #863, .T. ) ;
#11 = ORIENTED_EDGE ( 'NONE', *, *, #1755, .F. ) ;
#12 = EDGE_LOOP ( 'NONE', ( #850, #696, #371, #611 ) ) ;
#13 = CARTESIAN_POINT ( 'NONE',  ( 2.703179613662433312, -15.23759839471036415, -83.09206499214403152 ) ) ;
#14 = CARTESIAN_POINT ( 'NONE',  ( -33.36052888532722704, -19.92388989572546620, -96.10956499213720861 ) ) ;
#15 = DIRECTION ( 'NONE',  ( 1.000000000000000000, 0.000000000000000000, 0.000000000000000000 ) ) ;
#16 = CARTESIAN_POINT ( 'NONE',  ( -48.29049246275119600, -8.031597058389168708, -83.09206499214401731 ) ) ;
#17 = FACE_BOUND ( 'NONE', #1226, .T. ) ;
#18 = DIRECTION ( 'NONE',  ( 1.000000000000000000, 0.000000000000000000, 0.000000000000000000 ) ) ;
#19 = CARTESIAN_POINT ( 'NONE',  ( -19.92423738431169511, 144.7624016052888862, -102.1420649921440287 ) ) ;
#20 = VERTEX_POINT ( 'NONE', #1388 ) ;
#21 = EDGE_LOOP ( 'NONE', ( #2015, #1741, #1339, #1644 ) ) ;
#22 = CARTESIAN_POINT ( 'NONE',  ( 20.04286713349323890, 171.3307572816926267, -83.09206499214403152 ) ) ;
#23 = CARTESIAN_POINT ( 'NONE',  ( -33.36052888532722704, -19.92388989572546620, -82.13956499214403095 ) ) ;
#24 = AXIS2_PLACEMENT_3D ( 'NONE', #1615, #1962, #421 ) ;
#25 = DIRECTION ( 'NONE',  ( -0.000000000000000000, -0.000000000000000000, 1.000000000000000000 ) ) ;
#26 = CIRCLE ( 'NONE', #1135, 12.25000000000000000 ) ;
#27 = CARTESIAN_POINT ( 'NONE',  ( 27.58007396835573033, -9.936376835640979621, -83.09206499214403152 ) ) ;
#28 = CARTESIAN_POINT ( 'NONE',  ( -27.76052888532723628, 96.07611010427451959, -102.1420649921440287 ) ) ;
#29 = FILL_AREA_STYLE_COLOUR ( '', #59 ) ;
#30 = EDGE_CURVE ( 'NONE', #1491, #340, #1632, .T. ) ;
#31 = CIRCLE ( 'NONE', #508, 1.649999999999988365 ) ;
#32 = DIRECTION ( 'NONE',  ( 1.000000000000000000, 0.000000000000000000, 0.000000000000000000 ) ) ;
#33 = AXIS2_PLACEMENT_3D ( 'NONE', #1927, #729, #1561 ) ;
#34 = ORIENTED_EDGE ( 'NONE', *, *, #1210, .T. ) ;
#35 = CARTESIAN_POINT ( 'NONE',  ( 19.30747755555933054, 171.5223773842608068, -83.09206499214403152 ) ) ;
#36 = EDGE_CURVE ( 'NONE', #1438, #1025, #417, .T. ) ;
#37 = CARTESIAN_POINT ( 'NONE',  ( -33.36052888532722704, -19.92388989572546620, -103.0945649921440150 ) ) ;
#38 = CYLINDRICAL_SURFACE ( 'NONE', #649, 1.649999999999984812 ) ;
#39 = CARTESIAN_POINT ( 'NONE',  ( -39.70307944409498191, -19.39959137388558474, -83.09206499214404573 ) ) ;
#40 = CARTESIAN_POINT ( 'NONE',  ( -10.26052888532143648, 156.0761101042744201, -102.1420649921440287 ) ) ;
#41 = FACE_BOUND ( 'NONE', #150, .T. ) ;
#42 = EDGE_CURVE ( 'NONE', #1617, #1491, #2114, .T. ) ;
#43 = CARTESIAN_POINT ( 'NONE',  ( -10.26052888532226426, -3.923889895725514609, -102.1420649921440287 ) ) ;
#44 = ORIENTED_EDGE ( 'NONE', *, *, #1652, .T. ) ;
#45 = CARTESIAN_POINT ( 'NONE',  ( 19.07383169599730977, 171.5764727287807716, -83.09206499214403152 ) ) ;
#46 = DIRECTION ( 'NONE',  ( -0.000000000000000000, -0.000000000000000000, 1.000000000000000000 ) ) ;
#47 = CARTESIAN_POINT ( 'NONE',  ( -34.03509224836574987, 172.0761101042746759, -83.09206499214401731 ) ) ;
#48 = DIRECTION ( 'NONE',  ( 1.000000000000000000, 0.000000000000000000, 0.000000000000000000 ) ) ;
#49 = ADVANCED_FACE ( 'NONE', ( #741, #1567, #10, #183, #201, #1224, #1739, #909, #1586, #553, #1719, #1730, #348, #369, #2071, #192, #41, #1422, #575, #1915 ), #891, .F. ) ;
#50 = DIRECTION ( 'NONE',  ( 1.000000000000000000, 0.000000000000000000, 0.000000000000000000 ) ) ;
#51 = MANIFOLD_SOLID_BREP ( 'M6x1.0 Tapped Hole1', #1387 ) ;
#52 = DIRECTION ( 'NONE',  ( -0.000000000000000000, -0.000000000000000000, 1.000000000000000000 ) ) ;
#53 = CARTESIAN_POINT ( 'NONE',  ( 27.83947111467277580, -4.923889895725470645, -95.79206499214440385 ) ) ;
#54 = ORIENTED_EDGE ( 'NONE', *, *, #1985, .F. ) ;
#55 = B_SPLINE_CURVE_WITH_KNOTS ( 'NONE', 3,
 ( #2018, #196, #580, #1394, #1771, #1087, #548, #1752, #227, #1571, #218, #895, #728, #382, #1428, #395, #66, #363, #1247, #1057, #1382, #912, #2089, #922, #1765, #1589, #1580, #237, #205, #22, #2074, #35, #1407, #1228, #1259, #45, #1049, #1734, #736, #716, #2098, #905, #556, #1919, #1236, #373, #1743, #1926, #1065, #1415, #56 ),
 .UNSPECIFIED., .F., .F.,
 ( 4, 1, 1, 1, 1, 1, 1, 1, 2, 2, 1, 1, 1, 1, 1, 1, 2, 2, 2, 2, 1, 1, 1, 1, 1, 1, 1, 2, 2, 1, 1, 1, 1, 1, 1, 1, 2, 2, 4 ),
 ( 0.000000000000000000, 0.06250000000048108739, 0.09375000000071995188, 0.1093750000008393841, 0.1171875000008969631, 0.1210937500009257595, 0.1230468750009401646, 0.1240234375009450080, 0.1245117187509450773, 0.1250000000009451329, 0.1875000000009032775, 0.2187500000008822942, 0.2343750000008701095, 0.2421875000008640311, 0.2460937500008610612, 0.2480468750008595624, 0.2490234375008588130, 0.2500000000008580359, 0.3750000000007088774, 0.5000000000005596634, 0.6250000000004104495, 0.6875000000003367306, 0.7187500000002997602, 0.7343750000002813305, 0.7421875000002724487, 0.7460937500002685629, 0.7480468750002666756, 0.7490234375002654543, 0.7500000000002643441, 0.8125000000002013945, 0.8437500000001699751, 0.8593750000001545430, 0.8671875000001465494, 0.8710937500001422196, 0.8730468750001397771, 0.8740234375001384448, 0.8745117187501377787, 0.8750000000001370015, 1.000000000000000000 ),
 .UNSPECIFIED. ) ;
#56 = CARTESIAN_POINT ( 'NONE',  ( 12.83947111467278468, 172.0761101042745338, -83.09206499214403152 ) ) ;
#57 = CARTESIAN_POINT ( 'NONE',  ( -39.64004175812846142, 171.5662605580682509, -102.1420649921440429 ) ) ;
#58 = CARTESIAN_POINT ( 'NONE',  ( 27.81558437050851396, 159.4780969274185622, -102.1420649921440429 ) ) ;
#59 = COLOUR_RGB ( '',0.7921568627450980005, 0.8196078431372548767, 0.9333333333333333481 ) ;
#60 = CARTESIAN_POINT ( 'NONE',  ( -48.27191473457442328, -8.300456649435295375, -102.1420649921440287 ) ) ;
#61 = VECTOR ( 'NONE', #822, 1000.000000000000000 ) ;
#62 = CARTESIAN_POINT ( 'NONE',  ( 4.089471114673167484, 156.0761101042735675, -102.1420649921440287 ) ) ;
#63 = PRODUCT_DEFINITION ( 'UNKNOWN', '', #935, #1078 ) ;
#64 = VERTEX_POINT ( 'NONE', #1614 ) ;
#65 = AXIS2_PLACEMENT_3D ( 'NONE', #215, #380, #1700 ) ;
#66 = CARTESIAN_POINT ( 'NONE',  ( 27.39326526507024084, 163.0649897409522282, -83.09206499214404573 ) ) ;
#67 = EDGE_CURVE ( 'NONE', #840, #1110, #1176, .T. ) ;
#68 = AXIS2_PLACEMENT_3D ( 'NONE', #1399, #1898, #1574 ) ;
#69 = VECTOR ( 'NONE', #1173, 1000.000000000000000 ) ;
#70 = CARTESIAN_POINT ( 'NONE',  ( -39.59488946664973241, 171.5764727287822780, -102.1420649921440429 ) ) ;
#71 = CARTESIAN_POINT ( 'NONE',  ( 15.24909811976996465, 172.0416420934788846, -102.1420649921440145 ) ) ;
#72 = CARTESIAN_POINT ( 'NONE',  ( -39.50400440509760358, -19.44443815394610553, -102.1420649921440287 ) ) ;
#73 = DIRECTION ( 'NONE',  ( -0.000000000000000000, -0.000000000000000000, 1.000000000000000000 ) ) ;
#74 = CARTESIAN_POINT ( 'NONE',  ( -33.36052888532719862, -19.92388989572546620, -83.09206499214403152 ) ) ;
#75 = ORIENTED_EDGE ( 'NONE', *, *, #766, .F. ) ;
#76 = DIRECTION ( 'NONE',  ( -0.000000000000000000, -0.000000000000000000, 1.000000000000000000 ) ) ;
#77 = ORIENTED_EDGE ( 'NONE', *, *, #1929, .T. ) ;
#78 = EDGE_CURVE ( 'NONE', #1999, #904, #1098, .T. ) ;
#79 = CARTESIAN_POINT ( 'NONE',  ( -33.36052888532721994, 172.0761101042745338, -102.1420649921440287 ) ) ;
#80 = CARTESIAN_POINT ( 'NONE',  ( 27.76374686322200347, 160.2700411092892523, -102.1420649921440287 ) ) ;
#81 = CARTESIAN_POINT ( 'NONE',  ( -19.92423738430721514, -15.23759839471012967, -102.1420649921440287 ) ) ;
#82 = CARTESIAN_POINT ( 'NONE',  ( -26.26052888532685614, 156.0761101042735675, -83.09206499214403152 ) ) ;
#83 = EDGE_LOOP ( 'NONE', ( #2198, #488, #1970, #555 ) ) ;
#84 = CARTESIAN_POINT ( 'NONE',  ( 12.83947111467278468, -19.92388989572546620, -83.09206499214403152 ) ) ;
#85 = PRODUCT_CONTEXT ( 'NONE', #1594, 'mechanical' ) ;
#86 = VERTEX_POINT ( 'NONE', #81 ) ;
#87 = CARTESIAN_POINT ( 'NONE',  ( -36.31074563393407573, 172.0156535800198299, -83.09206499214403152 ) ) ;
#88 = CARTESIAN_POINT ( 'NONE',  ( -48.30007236107256574, 160.0263268528949538, -102.1420649921440003 ) ) ;
#89 = CARTESIAN_POINT ( 'NONE',  ( 21.22716464523640312, 170.9668513272458767, -102.1420649921440287 ) ) ;
#90 = CARTESIAN_POINT ( 'NONE',  ( -39.52597162430526367, -19.43960181447727464, -102.1420649921440287 ) ) ;
#91 = CARTESIAN_POINT ( 'NONE',  ( -33.36052888532722704, 172.0761101042745338, -103.0945649921440150 ) ) ;
#92 = LINE ( 'NONE', #1267, #645 ) ;
#93 = AXIS2_PLACEMENT_3D ( 'NONE', #2160, #585, #2136 ) ;
#94 = ADVANCED_FACE ( 'NONE', ( #758 ), #1265, .F. ) ;
#95 = VERTEX_POINT ( 'NONE', #400 ) ;
#96 = AXIS2_PLACEMENT_3D ( 'NONE', #2107, #1936, #745 ) ;
#97 = DIRECTION ( 'NONE',  ( -0.000000000000000000, -0.000000000000000000, 1.000000000000000000 ) ) ;
#98 = ORIENTED_EDGE ( 'NONE', *, *, #1965, .T. ) ;
#99 = ORIENTED_EDGE ( 'NONE', *, *, #856, .T. ) ;
#100 = CARTESIAN_POINT ( 'NONE',  ( -35.77015589041851484, 172.0416420934788846, -83.09206499214403152 ) ) ;
#101 = CIRCLE ( 'NONE', #1182, 2.499999999999996891 ) ;
#102 = CYLINDRICAL_SURFACE ( 'NONE', #865, 1.649999999999984812 ) ;
#103 = CARTESIAN_POINT ( 'NONE',  ( -48.32606087453156363, 159.4857371094093992, -102.1420649921440571 ) ) ;
#104 = AXIS2_PLACEMENT_3D ( 'NONE', #1374, #1058, #1238 ) ;
#105 = CARTESIAN_POINT ( 'NONE',  ( 27.09411829209529543, 164.2795061230821432, -102.1420649921440145 ) ) ;
#106 = CARTESIAN_POINT ( 'NONE',  ( -10.26052888532723806, 76.07611010427453380, -102.1420649921440287 ) ) ;
#107 = CARTESIAN_POINT ( 'NONE',  ( -48.36052888532722704, 162.1220516502929172, -103.0945649921440150 ) ) ;
#108 = CARTESIAN_POINT ( 'NONE',  ( 26.76409231713152792, -15.53049161352367591, -103.0945649921440150 ) ) ;
#109 = ORIENTED_EDGE ( 'NONE', *, *, #606, .T. ) ;
#110 = FACE_OUTER_BOUND ( 'NONE', #266, .T. ) ;
#111 = ORIENTED_EDGE ( 'NONE', *, *, #1652, .F. ) ;
#112 = ORIENTED_EDGE ( 'NONE', *, *, #1031, .T. ) ;
#113 = CARTESIAN_POINT ( 'NONE',  ( -47.86089150983400486, 163.3104706855980623, -83.09206499214404573 ) ) ;
#114 = UNCERTAINTY_MEASURE_WITH_UNIT (LENGTH_MEASURE( 1.000000000000000082E-05 ), #886, 'distance_accuracy_value', 'NONE');
#115 = DIRECTION ( 'NONE',  ( 1.000000000000000000, 0.000000000000000000, 0.000000000000000000 ) ) ;
#116 = CARTESIAN_POINT ( 'NONE',  ( -48.36052888532722704, -4.923889895725470645, -102.1420649921440287 ) ) ;
#117 = EDGE_CURVE ( 'NONE', #1833, #1656, #768, .T. ) ;
#118 = CARTESIAN_POINT ( 'NONE',  ( -48.33664214116298297, -7.325876718916954466, -102.1420649921440429 ) ) ;
#119 = CARTESIAN_POINT ( 'NONE',  ( -43.96713060312544030, 171.0007313067332575, -89.12456499214403038 ) ) ;
#120 = CARTESIAN_POINT ( 'NONE',  ( 27.83947111467277580, -7.446860668734663236, -82.13956499214403095 ) ) ;
#121 = EDGE_CURVE ( 'NONE', #981, #837, #1950, .T. ) ;
#122 = EDGE_LOOP ( 'NONE', ( #1881, #2073 ) ) ;
#123 = EDGE_LOOP ( 'NONE', ( #2185, #955 ) ) ;
#124 = ORIENTED_EDGE ( 'NONE', *, *, #626, .T. ) ;
#125 = CARTESIAN_POINT ( 'NONE',  ( -47.86331392035215515, 163.2996854030379836, -83.09206499214404573 ) ) ;
#126 = CARTESIAN_POINT ( 'NONE',  ( 1.053179613662445169, -15.23759839471036415, -83.09206499214403152 ) ) ;
#127 = DIRECTION ( 'NONE',  ( -0.000000000000000000, -0.000000000000000000, 1.000000000000000000 ) ) ;
#128 = CARTESIAN_POINT ( 'NONE',  ( 19.18202167343958209, -19.39959137388750676, -102.1420649921440571 ) ) ;
#129 = CARTESIAN_POINT ( 'NONE',  ( -10.26052888532723806, 76.07611010427453380, -83.09206499214403152 ) ) ;
#130 = CARTESIAN_POINT ( 'NONE',  ( -48.36052888532722704, 157.0761101042745338, -103.0945649921440150 ) ) ;
#131 = EDGE_CURVE ( 'NONE', #1943, #1833, #2002, .T. ) ;
#132 = CARTESIAN_POINT ( 'NONE',  ( 7.389471114673138885, 156.0761101042735675, -83.09206499214403152 ) ) ;
#133 = ORIENTED_EDGE ( 'NONE', *, *, #887, .F. ) ;
#134 = AXIS2_PLACEMENT_3D ( 'NONE', #129, #1653, #964 ) ;
#135 = ORIENTED_EDGE ( 'NONE', *, *, #117, .T. ) ;
#136 = VECTOR ( 'NONE', #828, 1000.000000000000000 ) ;
#137 = ORIENTED_EDGE ( 'NONE', *, *, #1070, .T. ) ;
#138 = CARTESIAN_POINT ( 'NONE',  ( -47.96963087283568683, 162.8247558490401445, -83.09206499214403152 ) ) ;
#139 = EDGE_CURVE ( 'NONE', #566, #644, #7, .T. ) ;
#140 = DIRECTION ( 'NONE',  ( 1.000000000000000000, 0.000000000000000000, 0.000000000000000000 ) ) ;
#141 = AXIS2_PLACEMENT_3D ( 'NONE', #650, #268, #1496 ) ;
#142 = DIRECTION ( 'NONE',  ( -0.000000000000000000, -0.000000000000000000, 1.000000000000000000 ) ) ;
#143 = AXIS2_PLACEMENT_3D ( 'NONE', #1162, #1334, #814 ) ;
#144 = CARTESIAN_POINT ( 'NONE',  ( 16.09443895172405092, -19.84398531824646383, -102.1420649921440145 ) ) ;
#145 = CIRCLE ( 'NONE', #1285, 1.649999999999988365 ) ;
#146 = CARTESIAN_POINT ( 'NONE',  ( 27.83947111467277580, 162.1220516502929172, -89.12456499214403038 ) ) ;
#147 = CARTESIAN_POINT ( 'NONE',  ( 15.78968786330740848, -19.86343337147077293, -83.09206499214403152 ) ) ;
#148 = DIRECTION ( 'NONE',  ( -0.000000000000000000, -0.000000000000000000, 1.000000000000000000 ) ) ;
#149 = ORIENTED_EDGE ( 'NONE', *, *, #1877, .F. ) ;
#150 = EDGE_LOOP ( 'NONE', ( #98, #2130 ) ) ;
#151 = ORIENTED_EDGE ( 'NONE', *, *, #1452, .T. ) ;
#152 = CARTESIAN_POINT ( 'NONE',  ( 1.053179613657971192, 144.7624016052888862, -102.1420649921440287 ) ) ;
#153 = DIRECTION ( 'NONE',  ( 0.000000000000000000, -0.000000000000000000, 1.000000000000000000 ) ) ;
#154 = DIRECTION ( 'NONE',  ( -0.000000000000000000, -0.000000000000000000, 1.000000000000000000 ) ) ;
#155 = CARTESIAN_POINT ( 'NONE',  ( 18.58811685941890346, -19.53299188323751423, -102.1420649921440003 ) ) ;
#156 = CARTESIAN_POINT ( 'NONE',  ( 12.83947111467277757, 172.0761101042745338, -95.79206499214440385 ) ) ;
#157 = LINE ( 'NONE', #132, #1637 ) ;
#158 = VERTEX_POINT ( 'NONE', #1321 ) ;
#159 = LINE ( 'NONE', #1516, #61 ) ;
#160 = EDGE_CURVE ( 'NONE', #349, #415, #1630, .T. ) ;
#161 = EDGE_LOOP ( 'NONE', ( #279, #1108 ) ) ;
#162 = ORIENTED_EDGE ( 'NONE', *, *, #2132, .F. ) ;
#163 = CARTESIAN_POINT ( 'NONE',  ( -48.36052888532724836, 158.4338516195359432, -83.09206499214404573 ) ) ;
#164 = FACE_OUTER_BOUND ( 'NONE', #2014, .T. ) ;
#165 = EDGE_CURVE ( 'NONE', #2097, #1537, #206, .T. ) ;
#166 = CARTESIAN_POINT ( 'NONE',  ( 17.85195805449423290, -19.66449274941817649, -102.1420649921440429 ) ) ;
#167 = CARTESIAN_POINT ( 'NONE',  ( 12.83947111467278468, 172.0761101042745338, -83.09206499214403152 ) ) ;
#168 = DIRECTION ( 'NONE',  ( -0.000000000000000000, -0.000000000000000000, 1.000000000000000000 ) ) ;
#169 = VERTEX_POINT ( 'NONE', #484 ) ;
#170 = CARTESIAN_POINT ( 'NONE',  ( -33.36052888532721283, 172.0761101042745338, -89.44206499214402584 ) ) ;
#171 = VERTEX_POINT ( 'NONE', #2011 ) ;
#172 = ORIENTED_EDGE ( 'NONE', *, *, #2038, .T. ) ;
#173 = DIRECTION ( 'NONE',  ( -0.000000000000000000, -0.000000000000000000, 1.000000000000000000 ) ) ;
#174 = CARTESIAN_POINT ( 'NONE',  ( -48.36052888532722704, -7.446860668734662347, -96.10956499213720861 ) ) ;
#175 = CIRCLE ( 'NONE', #1427, 1.649999999999984812 ) ;
#176 = B_SPLINE_CURVE_WITH_KNOTS ( 'NONE', 3,
 ( #258, #791, #1622, #775 ),
 .UNSPECIFIED., .F., .F.,
 ( 4, 4 ),
 ( 0.000000000000000000, 1.000000000000000000 ),
 .UNSPECIFIED. ) ;
#177 = AXIS2_PLACEMENT_3D ( 'NONE', #1200, #2221, #1885 ) ;
#178 = LINE ( 'NONE', #1069, #1505 ) ;
#179 = AXIS2_PLACEMENT_3D ( 'NONE', #661, #1848, #1634 ) ;
#180 = CARTESIAN_POINT ( 'NONE',  ( 27.76666115692211534, -8.074125670778164121, -83.09206499214403152 ) ) ;
#181 = CIRCLE ( 'NONE', #899, 12.25000000000000355 ) ;
#182 = CYLINDRICAL_SURFACE ( 'NONE', #1362, 2.499999999999996891 ) ;
#183 = FACE_BOUND ( 'NONE', #161, .T. ) ;
#184 = ORIENTED_EDGE ( 'NONE', *, *, #1198, .F. ) ;
#185 = ORIENTED_EDGE ( 'NONE', *, *, #165, .T. ) ;
#186 = CARTESIAN_POINT ( 'NONE',  ( -48.28829534788953026, 160.2175980731130664, -83.09206499214407415 ) ) ;
#187 = CARTESIAN_POINT ( 'NONE',  ( -35.88349965833642585, -19.92388989572546620, -89.12456499214403038 ) ) ;
#188 = DIRECTION ( 'NONE',  ( -0.000000000000000000, -0.000000000000000000, 1.000000000000000000 ) ) ;
#189 = CARTESIAN_POINT ( 'NONE',  ( -47.87177253894834195, -11.10954769572967038, -83.09206499214403152 ) ) ;
#190 = EDGE_CURVE ( 'NONE', #1856, #340, #654, .T. ) ;
#191 = DIRECTION ( 'NONE',  ( 1.000000000000000000, 0.000000000000000000, 0.000000000000000000 ) ) ;
#192 = FACE_BOUND ( 'NONE', #1470, .T. ) ;
#193 = CARTESIAN_POINT ( 'NONE',  ( 1.053179613657974745, 167.3898186032582771, -102.1420649921440287 ) ) ;
#194 = VERTEX_POINT ( 'NONE', #995 ) ;
#195 = ORIENTED_EDGE ( 'NONE', *, *, #469, .T. ) ;
#196 = CARTESIAN_POINT ( 'NONE',  ( 27.83947111467277580, 157.7506734673555968, -83.09206499214403152 ) ) ;
#197 = CARTESIAN_POINT ( 'NONE',  ( 1.053179613662445169, -15.23759839471036415, -83.09206499214403152 ) ) ;
#198 = CARTESIAN_POINT ( 'NONE',  ( -26.26052888532225893, -3.923889895725382715, -83.09206499214403152 ) ) ;
#199 = CARTESIAN_POINT ( 'NONE',  ( -43.20812810574802398, -18.15465814514064036, -83.09206499214405994 ) ) ;
#200 = FACE_BOUND ( 'NONE', #1416, .T. ) ;
#201 = FACE_BOUND ( 'NONE', #825, .T. ) ;
#202 = EDGE_CURVE ( 'NONE', #1027, #479, #1336, .T. ) ;
#203 = DIRECTION ( 'NONE',  ( 0.000000000000000000, 0.000000000000000000, 1.000000000000000000 ) ) ;
#204 = ORIENTED_EDGE ( 'NONE', *, *, #1657, .T. ) ;
#205 = CARTESIAN_POINT ( 'NONE',  ( 20.97713133139451358, 171.0352240421724161, -83.09206499214403152 ) ) ;
#206 = CIRCLE ( 'NONE', #384, 2.499999999999996891 ) ;
#207 = DIRECTION ( 'NONE',  ( 1.000000000000000000, 0.000000000000000000, 0.000000000000000000 ) ) ;
#208 = ADVANCED_FACE ( 'NONE', ( #336 ), #364, .T. ) ;
#209 = CIRCLE ( 'NONE', #355, 8.499999999999996447 ) ;
#210 = CARTESIAN_POINT ( 'NONE',  ( -48.29040856897022849, -8.032905863684019820, -83.09206499214401731 ) ) ;
#211 = DIRECTION ( 'NONE',  ( -0.000000000000000000, -0.000000000000000000, 1.000000000000000000 ) ) ;
#212 = AXIS2_PLACEMENT_3D ( 'NONE', #726, #554, #1257 ) ;
#213 =( NAMED_UNIT ( * ) SI_UNIT ( $, .STERADIAN. ) SOLID_ANGLE_UNIT ( ) );
#214 = AXIS2_PLACEMENT_3D ( 'NONE', #701, #1747, #9 ) ;
#215 = CARTESIAN_POINT ( 'NONE',  ( -21.57423738430719951, -15.23759839471012967, -102.1420649921440287 ) ) ;
#216 = CIRCLE ( 'NONE', #33, 1.649999999999988365 ) ;
#217 = VERTEX_POINT ( 'NONE', #2048 ) ;
#218 = CARTESIAN_POINT ( 'NONE',  ( 27.76943469209675541, 160.1838172669357618, -83.09206499214404573 ) ) ;
#219 = CARTESIAN_POINT ( 'NONE',  ( -48.36052888532722704, -9.969831441743856715, -96.10956499213720861 ) ) ;
#220 = ADVANCED_FACE ( 'NONE', ( #511 ), #2023, .F. ) ;
#221 = CARTESIAN_POINT ( 'NONE',  ( -10.26052888532226426, -3.923889895725514609, -102.1420649921440287 ) ) ;
#222 = CARTESIAN_POINT ( 'NONE',  ( -35.76251570850467942, -19.90000315156121502, -83.09206499214404573 ) ) ;
#223 = DIRECTION ( 'NONE',  ( 1.000000000000000000, 0.000000000000000000, 0.000000000000000000 ) ) ;
#224 = DIRECTION ( 'NONE',  ( -0.000000000000000000, -0.000000000000000000, 1.000000000000000000 ) ) ;
#225 = LINE ( 'NONE', #1558, #2084 ) ;
#226 = ORIENTED_EDGE ( 'NONE', *, *, #1231, .F. ) ;
#227 = CARTESIAN_POINT ( 'NONE',  ( 27.77034673938209508, 160.1695667426797911, -83.09206499214404573 ) ) ;
#228 = EDGE_CURVE ( 'NONE', #670, #1268, #1779, .T. ) ;
#229 = CARTESIAN_POINT ( 'NONE',  ( -47.89227500934074300, 163.1682108722867213, -102.1420649921440287 ) ) ;
#230 = ADVANCED_FACE ( 'NONE', ( #401 ), #1436, .F. ) ;
#231 = CARTESIAN_POINT ( 'NONE',  ( 27.75085696392261880, 160.4526768579580107, -102.1420649921440855 ) ) ;
#232 = CARTESIAN_POINT ( 'NONE',  ( -36.31074563395128507, -19.86343337147078003, -102.1420649921440571 ) ) ;
#233 = ADVANCED_FACE ( 'NONE', ( #234 ), #1105, .F. ) ;
#234 = FACE_OUTER_BOUND ( 'NONE', #579, .T. ) ;
#235 = DIRECTION ( 'NONE',  ( 0.000000000000000000, 0.000000000000000000, -1.000000000000000000 ) ) ;
#236 = ORIENTED_EDGE ( 'NONE', *, *, #228, .F. ) ;
#237 = CARTESIAN_POINT ( 'NONE',  ( 22.68707033516078297, 170.3068783536609487, -83.09206499214403152 ) ) ;
#238 = CARTESIAN_POINT ( 'NONE',  ( 18.93157188268002855, 171.6078562282889095, -102.1420649921440003 ) ) ;
#239 = AXIS2_PLACEMENT_3D ( 'NONE', #572, #2188, #441 ) ;
#240 = CARTESIAN_POINT ( 'NONE',  ( 27.83947111467277580, 172.0761101042745338, -102.1420649921440287 ) ) ;
#241 = CARTESIAN_POINT ( 'NONE',  ( 1.053179613657974745, 167.3898186032582771, -83.09206499214403152 ) ) ;
#242 = CARTESIAN_POINT ( 'NONE',  ( 15.36244188768197461, -19.92388989572546620, -82.13956499214403095 ) ) ;
#243 = EDGE_LOOP ( 'NONE', ( #1097, #1340, #1518, #1946 ) ) ;
#244 = VECTOR ( 'NONE', #1478, 1000.000000000000000 ) ;
#245 = FACE_OUTER_BOUND ( 'NONE', #809, .T. ) ;
#246 = VECTOR ( 'NONE', #1377, 1000.000000000000000 ) ;
#247 = APPLICATION_PROTOCOL_DEFINITION ( 'draft international standard', 'automotive_design', 1998, #1405 ) ;
#248 = VERTEX_POINT ( 'NONE', #2128 ) ;
#249 = ORIENTED_EDGE ( 'NONE', *, *, #1812, .F. ) ;
#250 = CARTESIAN_POINT ( 'NONE',  ( -39.61295923309569389, 171.5723955211668965, -102.1420649921440429 ) ) ;
#251 = CARTESIAN_POINT ( 'NONE',  ( 14.40913042751377837, 172.0673097610926732, -102.1420649921440287 ) ) ;
#252 = CARTESIAN_POINT ( 'NONE',  ( -36.46954485328669193, -19.85376957936831488, -102.1420649921440713 ) ) ;
#253 = CARTESIAN_POINT ( 'NONE',  ( -22.51052888532226604, -3.923889895725512833, -102.1420649921440287 ) ) ;
#254 = CARTESIAN_POINT ( 'NONE',  ( 27.83947111467277580, -9.969831441743860267, -89.12456499214403038 ) ) ;
#255 = VERTEX_POINT ( 'NONE', #759 ) ;
#256 = CARTESIAN_POINT ( 'NONE',  ( -26.26052888532685614, 156.0761101042735675, -83.09206499214403152 ) ) ;
#257 = CARTESIAN_POINT ( 'NONE',  ( -37.45339620943831704, -19.77324851139540840, -83.09206499214403152 ) ) ;
#258 = CARTESIAN_POINT ( 'NONE',  ( -48.36052888532722704, 157.0761101042745338, -83.09206499214403152 ) ) ;
#259 = EDGE_CURVE ( 'NONE', #194, #1180, #960, .T. ) ;
#260 = CARTESIAN_POINT ( 'NONE',  ( 27.32962156846145874, 163.3556229770819641, -102.1420649921440145 ) ) ;
#261 = CARTESIAN_POINT ( 'NONE',  ( -46.59129713468016121, -14.77148911622759542, -102.1420649921440145 ) ) ;
#262 = DIRECTION ( 'NONE',  ( 1.000000000000000000, 0.000000000000000000, 0.000000000000000000 ) ) ;
#263 = DIRECTION ( 'NONE',  ( -0.000000000000000000, -1.000000000000000000, -0.000000000000000000 ) ) ;
#264 = VERTEX_POINT ( 'NONE', #1790 ) ;
#265 = CARTESIAN_POINT ( 'NONE',  ( 1.053179613662682756, 7.389818603259028507, -83.09206499214403152 ) ) ;
#266 = EDGE_LOOP ( 'NONE', ( #1991, #1014, #1314, #1391 ) ) ;
#267 = CARTESIAN_POINT ( 'NONE',  ( -39.61295923309851474, -19.42017531261523189, -83.09206499214403152 ) ) ;
#268 = DIRECTION ( 'NONE',  ( -0.000000000000000000, -0.000000000000000000, 1.000000000000000000 ) ) ;
#269 = CARTESIAN_POINT ( 'NONE',  ( -39.10917462999264416, 171.6852120917861839, -102.1420649921440429 ) ) ;
#270 = EDGE_CURVE ( 'NONE', #1268, #670, #996, .T. ) ;
#271 = CARTESIAN_POINT ( 'NONE',  ( 27.83067077149090096, -6.493549208634147085, -102.1420649921440145 ) ) ;
#272 = CARTESIAN_POINT ( 'NONE',  ( -48.10113173900302996, -9.936376835752335879, -102.1420649921440145 ) ) ;
#273 = CARTESIAN_POINT ( 'NONE',  ( -35.88349965833642585, 172.0761101042745338, -82.13956499214403095 ) ) ;
#274 = CARTESIAN_POINT ( 'NONE',  ( 17.88541266069117341, -19.92388989572546620, -89.12456499214403038 ) ) ;
#275 = AXIS2_PLACEMENT_3D ( 'NONE', #702, #963, #2171 ) ;
#276 = ORIENTED_EDGE ( 'NONE', *, *, #2017, .F. ) ;
#277 = VECTOR ( 'NONE', #2163, 1000.000000000000000 ) ;
#278 = CARTESIAN_POINT ( 'NONE',  ( -30.26052888532722918, 56.07611010427451959, -83.09206499214403152 ) ) ;
#279 = ORIENTED_EDGE ( 'NONE', *, *, #1901, .T. ) ;
#280 = ORIENTED_EDGE ( 'NONE', *, *, #190, .T. ) ;
#281 = EDGE_CURVE ( 'NONE', #1493, #1350, #1246, .T. ) ;
#282 = CARTESIAN_POINT ( 'NONE',  ( -47.85681430221760024, 163.3285404520450754, -83.09206499214403152 ) ) ;
#283 = AXIS2_PLACEMENT_3D ( 'NONE', #1375, #898, #699 ) ;
#284 = CARTESIAN_POINT ( 'NONE',  ( 1.053179613662682756, 7.389818603259028507, -83.09206499214403152 ) ) ;
#285 = DIRECTION ( 'NONE',  ( 1.000000000000000000, 0.000000000000000000, 0.000000000000000000 ) ) ;
#286 = AXIS2_PLACEMENT_3D ( 'NONE', #1673, #1333, #802 ) ;
#287 = EDGE_CURVE ( 'NONE', #1370, #255, #1533, .T. ) ;
#288 = CARTESIAN_POINT ( 'NONE',  ( 15.24145793782428981, -19.90000315156122568, -102.1420649921440713 ) ) ;
#289 = CARTESIAN_POINT ( 'NONE',  ( 12.83947111467277757, 172.0761101042745338, -82.13956499214403095 ) ) ;
#290 = CARTESIAN_POINT ( 'NONE',  ( 19.00491385365353736, -19.43960181447693003, -83.09206499214401731 ) ) ;
#291 = CARTESIAN_POINT ( 'NONE',  ( -26.26052888532225893, -3.923889895725382715, -102.1420649921440287 ) ) ;
#292 = ORIENTED_EDGE ( 'NONE', *, *, #2063, .F. ) ;
#293 = CARTESIAN_POINT ( 'NONE',  ( 1.989471114678566632, 156.0761101042744201, -102.1420649921440287 ) ) ;
#294 = EDGE_CURVE ( 'NONE', #437, #837, #1280, .T. ) ;
#295 = VERTEX_POINT ( 'NONE', #253 ) ;
#296 = EDGE_LOOP ( 'NONE', ( #1830, #1048 ) ) ;
#297 = CARTESIAN_POINT ( 'NONE',  ( -41.74822241592627137, 170.9668513272338828, -83.09206499214401731 ) ) ;
#298 = CYLINDRICAL_SURFACE ( 'NONE', #1823, 1.649999999999986589 ) ;
#299 = CARTESIAN_POINT ( 'NONE',  ( -48.36052888532722704, -19.92388989572546620, -83.09206499214403152 ) ) ;
#300 = CARTESIAN_POINT ( 'NONE',  ( 14.19721262988810473, -19.92388989572548041, -102.1420649921440713 ) ) ;
#301 = CARTESIAN_POINT ( 'NONE',  ( 15.36244188768197461, 172.0761101042745338, -103.0945649921440150 ) ) ;
#302 = CARTESIAN_POINT ( 'NONE',  ( 15.94717827733440174, -19.85385347314943871, -83.09206499214404573 ) ) ;
#303 = CARTESIAN_POINT ( 'NONE',  ( 12.23947111467277615, 96.07611010427451959, -102.1420649921440287 ) ) ;
#304 = VERTEX_POINT ( 'NONE', #1626 ) ;
#305 = ADVANCED_FACE ( 'NONE', ( #1297 ), #565, .T. ) ;
#306 = VERTEX_POINT ( 'NONE', #2205 ) ;
#307 = ORIENTED_EDGE ( 'NONE', *, *, #408, .T. ) ;
#308 = FACE_OUTER_BOUND ( 'NONE', #1157, .T. ) ;
#309 = DIRECTION ( 'NONE',  ( -0.000000000000000000, -0.000000000000000000, 1.000000000000000000 ) ) ;
#310 = CARTESIAN_POINT ( 'NONE',  ( 27.77034673938208797, -8.017346534130775026, -102.1420649921440003 ) ) ;
#311 = DIRECTION ( 'NONE',  ( 1.000000000000000000, 0.000000000000000000, 0.000000000000000000 ) ) ;
#312 = CARTESIAN_POINT ( 'NONE',  ( -48.36052888532722704, 159.5990808772837113, -103.0945649921440150 ) ) ;
#313 = DIRECTION ( 'NONE',  ( -0.000000000000000000, -0.000000000000000000, 1.000000000000000000 ) ) ;
#314 = EDGE_LOOP ( 'NONE', ( #1682, #2173 ) ) ;
#315 = ORIENTED_EDGE ( 'NONE', *, *, #30, .F. ) ;
#316 = EDGE_CURVE ( 'NONE', #713, #1004, #1960, .T. ) ;
#317 = AXIS2_PLACEMENT_3D ( 'NONE', #1688, #1342, #877 ) ;
#318 = ORIENTED_EDGE ( 'NONE', *, *, #617, .F. ) ;
#319 = CARTESIAN_POINT ( 'NONE',  ( 2.703179613662670899, 7.389818603259028507, -83.09206499214403152 ) ) ;
#320 = CARTESIAN_POINT ( 'NONE',  ( 1.053179613662682756, 7.389818603259028507, -83.09206499214403152 ) ) ;
#321 = AXIS2_PLACEMENT_3D ( 'NONE', #457, #806, #2129 ) ;
#322 = DIRECTION ( 'NONE',  ( 1.000000000000000000, 0.000000000000000000, 0.000000000000000000 ) ) ;
#323 = AXIS2_PLACEMENT_3D ( 'NONE', #1490, #313, #2183 ) ;
#324 = CARTESIAN_POINT ( 'NONE',  ( -23.22423738431166740, 144.7624016052888862, -83.09206499214403152 ) ) ;
#325 = VECTOR ( 'NONE', #506, 1000.000000000000000 ) ;
#326 = CARTESIAN_POINT ( 'NONE',  ( 17.88541266069117341, 172.0761101042745338, -103.0945649921440150 ) ) ;
#327 = CARTESIAN_POINT ( 'NONE',  ( 12.83947111467278468, -19.92388989572546620, -83.09206499214403152 ) ) ;
#328 = CARTESIAN_POINT ( 'NONE',  ( -48.36052888532722704, 157.0761101042746191, -102.1420649921440287 ) ) ;
#329 = VERTEX_POINT ( 'NONE', #1202 ) ;
#330 = ORIENTED_EDGE ( 'NONE', *, *, #131, .F. ) ;
#331 = ORIENTED_EDGE ( 'NONE', *, *, #1328, .F. ) ;
#332 = CARTESIAN_POINT ( 'NONE',  ( -10.26052888532226426, -3.923889895725514609, -83.09206499214403152 ) ) ;
#333 = CARTESIAN_POINT ( 'NONE',  ( -24.61052888532227456, -3.923889895725382715, -83.09206499214403152 ) ) ;
#334 = CARTESIAN_POINT ( 'NONE',  ( -19.92423738430697711, 7.389818603259266538, -83.09206499214403152 ) ) ;
#335 = CARTESIAN_POINT ( 'NONE',  ( -48.36052888532722704, -4.923889895725470645, -89.44206499214402584 ) ) ;
#336 = FACE_OUTER_BOUND ( 'NONE', #1364, .T. ) ;
#337 = EDGE_CURVE ( 'NONE', #1111, #264, #175, .T. ) ;
#338 = CARTESIAN_POINT ( 'NONE',  ( 14.40913042762444363, -19.91508955254358426, -83.09206499214404573 ) ) ;
#339 = DIRECTION ( 'NONE',  ( 1.000000000000000000, 0.000000000000000000, 0.000000000000000000 ) ) ;
#340 = VERTEX_POINT ( 'NONE', #2080 ) ;
#341 = ORIENTED_EDGE ( 'NONE', *, *, #1618, .T. ) ;
#342 = EDGE_LOOP ( 'NONE', ( #1934, #34 ) ) ;
#343 = CARTESIAN_POINT ( 'NONE',  ( -19.92423738431169156, 144.7624016052888862, -83.09206499214403152 ) ) ;
#344 = CARTESIAN_POINT ( 'NONE',  ( -48.36052888532722704, -9.969831441743856715, -82.13956499214403095 ) ) ;
#345 = DIRECTION ( 'NONE',  ( -0.000000000000000000, -0.000000000000000000, 1.000000000000000000 ) ) ;
#346 = CARTESIAN_POINT ( 'NONE',  ( -47.87300829907042754, -11.10396621827956487, -83.09206499214403152 ) ) ;
#347 = CARTESIAN_POINT ( 'NONE',  ( -10.26052888532143648, 156.0761101042744201, -102.1420649921440287 ) ) ;
#348 = FACE_BOUND ( 'NONE', #1506, .T. ) ;
#349 = VERTEX_POINT ( 'NONE', #1704 ) ;
#350 = EDGE_LOOP ( 'NONE', ( #75, #1696 ) ) ;
#351 = CYLINDRICAL_SURFACE ( 'NONE', #1599, 1.649999999999984812 ) ;
#352 = CARTESIAN_POINT ( 'NONE',  ( -48.36052888532722704, -9.969831441743856715, -89.12456499214403038 ) ) ;
#353 = AXIS2_PLACEMENT_3D ( 'NONE', #1889, #889, #709 ) ;
#354 = ADVANCED_FACE ( 'NONE', ( #1900 ), #870, .F. ) ;
#355 = AXIS2_PLACEMENT_3D ( 'NONE', #1469, #946, #763 ) ;
#356 = DIRECTION ( 'NONE',  ( 1.000000000000000000, 0.000000000000000000, 0.000000000000000000 ) ) ;
#357 = CIRCLE ( 'NONE', #212, 2.499999999999995115 ) ;
#358 = CARTESIAN_POINT ( 'NONE',  ( -48.29517946193364253, -7.956756099487360068, -83.09206499214403152 ) ) ;
#359 = CARTESIAN_POINT ( 'NONE',  ( -30.26052888532722918, 96.07611010427451959, -83.09206499214403152 ) ) ;
#360 = DIRECTION ( 'NONE',  ( 0.000000000000000000, 0.000000000000000000, 1.000000000000000000 ) ) ;
#361 = ORIENTED_EDGE ( 'NONE', *, *, #789, .T. ) ;
#362 = ORIENTED_EDGE ( 'NONE', *, *, #1092, .F. ) ;
#363 = CARTESIAN_POINT ( 'NONE',  ( 27.37121723868758139, 163.1682108722639271, -83.09206499214403152 ) ) ;
#364 = B_SPLINE_SURFACE_WITH_KNOTS ( 'NONE', 5, 3, ( 
 ( #627, #2181, #1838, #987 ),
 ( #1826, #1703, #664, #845 ),
 ( #2215, #1175, #146, #1489 ),
 ( #640, #855, #473, #2204 ),
 ( #1532, #1346, #1864, #1879 ),
 ( #326, #1136, #1523, #1150 ),
 ( #301, #1692, #1996, #815 ),
 ( #675, #455, #1356, #289 ) ),
 .UNSPECIFIED., .F., .F., .F.,
 ( 6, 2, 6 ),
 ( 4, 4 ),
 ( 0.000000000000000000, 0.5000000000000000000, 1.000000000000000000 ),
 ( -0.0009524999999999998962, 0.02000249999999999598 ),
 .UNSPECIFIED. ) ;
#365 = CYLINDRICAL_SURFACE ( 'NONE', #752, 2.499999999999995115 ) ;
#366 = EDGE_CURVE ( 'NONE', #634, #1095, #1189, .T. ) ;
#367 = CARTESIAN_POINT ( 'NONE',  ( 27.76723757723504704, -8.065377864564489130, -83.09206499214401731 ) ) ;
#368 = CARTESIAN_POINT ( 'NONE',  ( 2.703179613657957781, 144.7624016052888862, -83.09206499214403152 ) ) ;
#369 = FACE_BOUND ( 'NONE', #314, .T. ) ;
#370 = CARTESIAN_POINT ( 'NONE',  ( -23.22423738430694939, 7.389818603259266538, -83.09206499214403152 ) ) ;
#371 = ORIENTED_EDGE ( 'NONE', *, *, #2115, .T. ) ;
#372 = ORIENTED_EDGE ( 'NONE', *, *, #1145, .T. ) ;
#373 = CARTESIAN_POINT ( 'NONE',  ( 15.98970688972684329, 172.0033001465237135, -83.09206499214403152 ) ) ;
#374 = EDGE_CURVE ( 'NONE', #1617, #1856, #458, .T. ) ;
#375 = CARTESIAN_POINT ( 'NONE',  ( 12.23947111467277615, 56.07611010427451959, -83.09206499214403152 ) ) ;
#376 = DIRECTION ( 'NONE',  ( -0.000000000000000000, -0.000000000000000000, 1.000000000000000000 ) ) ;
#377 = CARTESIAN_POINT ( 'NONE',  ( -21.57423738430696503, 7.389818603259266538, -102.1420649921440287 ) ) ;
#378 = FACE_BOUND ( 'NONE', #1668, .T. ) ;
#379 = CYLINDRICAL_SURFACE ( 'NONE', #1899, 1.649999999999984812 ) ;
#380 = DIRECTION ( 'NONE',  ( -0.000000000000000000, -0.000000000000000000, 1.000000000000000000 ) ) ;
#381 = VERTEX_POINT ( 'NONE', #1484 ) ;
#382 = CARTESIAN_POINT ( 'NONE',  ( 27.65325890581993917, 161.5538660147529981, -83.09206499214403152 ) ) ;
#383 = CARTESIAN_POINT ( 'NONE',  ( -48.36052888532722704, -4.923889895725467092, -103.0945649921440150 ) ) ;
#384 = AXIS2_PLACEMENT_3D ( 'NONE', #804, #495, #311 ) ;
#385 = CARTESIAN_POINT ( 'NONE',  ( -27.76052888532723628, 96.07611010427451959, -83.09206499214403152 ) ) ;
#386 = AXIS2_PLACEMENT_3D ( 'NONE', #152, #1541, #2211 ) ;
#387 = CARTESIAN_POINT ( 'NONE',  ( -39.59488946665115350, -19.42425252023193138, -83.09206499214403152 ) ) ;
#388 = DIRECTION ( 'NONE',  ( 0.000000000000000000, -0.000000000000000000, 1.000000000000000000 ) ) ;
#389 = AXIS2_PLACEMENT_3D ( 'NONE', #999, #1667, #1535 ) ;
#390 = FACE_OUTER_BOUND ( 'NONE', #1631, .T. ) ;
#391 = EDGE_CURVE ( 'NONE', #1088, #437, #1293, .T. ) ;
#392 = DIRECTION ( 'NONE',  ( -0.000000000000000000, -0.000000000000000000, 1.000000000000000000 ) ) ;
#393 = CIRCLE ( 'NONE', #1973, 1.649999999999988365 ) ;
#394 = ORIENTED_EDGE ( 'NONE', *, *, #1867, .F. ) ;
#395 = CARTESIAN_POINT ( 'NONE',  ( 27.43597049701818591, 162.8566609672479899, -83.09206499214403152 ) ) ;
#396 = EDGE_CURVE ( 'NONE', #1371, #1764, #537, .T. ) ;
#397 = CARTESIAN_POINT ( 'NONE',  ( -47.61259052122436941, 164.4273167370918998, -102.1420649921440287 ) ) ;
#398 = CARTESIAN_POINT ( 'NONE',  ( -40.71173551814008817, 171.3281717401718254, -83.09206499214403152 ) ) ;
#399 = FACE_BOUND ( 'NONE', #2003, .T. ) ;
#400 = CARTESIAN_POINT ( 'NONE',  ( 27.83947111467277580, -4.923889895725470645, -102.1420649921440287 ) ) ;
#401 = FACE_OUTER_BOUND ( 'NONE', #799, .T. ) ;
#402 = CARTESIAN_POINT ( 'NONE',  ( -32.76052888532722562, 56.07611010427451959, -83.09206499214403152 ) ) ;
#403 = EDGE_LOOP ( 'NONE', ( #1380, #692, #135, #875 ) ) ;
#404 = DIRECTION ( 'NONE',  ( -0.000000000000000000, -0.000000000000000000, 1.000000000000000000 ) ) ;
#405 = B_SPLINE_CURVE_WITH_KNOTS ( 'NONE', 3,
 ( #1419, #47, #2167, #100, #635, #87, #622, #1331, #787, #1796, #1648, #1834, #1315, #948, #1072, #2004, #465, #1303, #811, #2154, #2111, #1252, #398, #297, #1120, #1804, #1131, #907, #971, #1472, #1661, #1993, #451, #1818, #282, #113, #125, #138, #1508, #671, #992, #1207, #2056, #826, #1895, #2029, #186, #1725, #1171, #163, #864 ),
 .UNSPECIFIED., .F., .F.,
 ( 4, 1, 1, 1, 1, 1, 1, 1, 2, 2, 1, 1, 1, 1, 1, 1, 2, 2, 2, 2, 1, 1, 1, 1, 1, 1, 1, 2, 2, 1, 1, 1, 1, 1, 1, 1, 2, 2, 4 ),
 ( 0.000000000000000000, 0.06249999999998565037, 0.09374999999997805922, 0.1093749999999737849, 0.1171874999999716338, 0.1210937499999707040, 0.1230468749999697881, 0.1240234374999687472, 0.1245117187499680811, 0.1249999999999674150, 0.1874999999998877009, 0.2187499999998480382, 0.2343749999998280542, 0.2421874999998180900, 0.2460937499998134548, 0.2480468749998111511, 0.2490234374998099576, 0.2499999999998087641, 0.3749999999996743161, 0.4999999999995398681, 0.6249999999994054756, 0.6874999999993366417, 0.7187499999993008926, 0.7343749999992827959, 0.7421874999992739141, 0.7460937499992693622, 0.7480468749992684740, 0.7490234374992665867, 0.7499999999992646993, 0.8124999999993132160, 0.8437499999993358646, 0.8593749999993472999, 0.8671874999993529620, 0.8710937499993542943, 0.8730468749993565147, 0.8740234374993591793, 0.8745117187493620659, 0.8749999999993649524, 1.000000000000000000 ),
 .UNSPECIFIED. ) ;
#406 = CARTESIAN_POINT ( 'NONE',  ( -48.17431667646386728, 161.5538660149416899, -102.1420649921440429 ) ) ;
#407 = CARTESIAN_POINT ( 'NONE',  ( 18.82835075138518732, 171.6299042546713451, -102.1420649921440287 ) ) ;
#408 = EDGE_CURVE ( 'NONE', #169, #1197, #405, .T. ) ;
#409 = CARTESIAN_POINT ( 'NONE',  ( -19.92423738431169156, 167.3898186032582771, -83.09206499214403152 ) ) ;
#410 = DIRECTION ( 'NONE',  ( -0.000000000000000000, -0.000000000000000000, 1.000000000000000000 ) ) ;
#411 = ORIENTED_EDGE ( 'NONE', *, *, #2132, .T. ) ;
#412 = DIRECTION ( 'NONE',  ( 1.000000000000000000, 0.000000000000000000, 0.000000000000000000 ) ) ;
#413 = CARTESIAN_POINT ( 'NONE',  ( 0.000000000000000000, 0.000000000000000000, 0.000000000000000000 ) ) ;
#414 = ORIENTED_EDGE ( 'NONE', *, *, #1795, .F. ) ;
#415 = VERTEX_POINT ( 'NONE', #503 ) ;
#416 = CARTESIAN_POINT ( 'NONE',  ( -40.07696913113961301, 171.4613640003090609, -102.1420649921440429 ) ) ;
#417 = CIRCLE ( 'NONE', #860, 12.25000000000000000 ) ;
#418 = CARTESIAN_POINT ( 'NONE',  ( 13.51403447771580524, 172.0761101042745906, -102.1420649921440713 ) ) ;
#419 = VECTOR ( 'NONE', #1530, 1000.000000000000000 ) ;
#420 = CARTESIAN_POINT ( 'NONE',  ( -37.83828479597362104, -19.73767768686189683, -102.1420649921440429 ) ) ;
#421 = DIRECTION ( 'NONE',  ( 1.000000000000000000, 0.000000000000000000, 0.000000000000000000 ) ) ;
#422 = CIRCLE ( 'NONE', #1677, 1.649999999999988365 ) ;
#423 = CARTESIAN_POINT ( 'NONE',  ( 23.44607283247098906, -18.84851109818421477, -89.12456499214403038 ) ) ;
#424 = ORIENTED_EDGE ( 'NONE', *, *, #1487, .F. ) ;
#425 = VECTOR ( 'NONE', #529, 1000.000000000000000 ) ;
#426 = DIRECTION ( 'NONE',  ( 1.000000000000000000, 0.000000000000000000, 0.000000000000000000 ) ) ;
#427 = AXIS2_PLACEMENT_3D ( 'NONE', #2191, #1836, #1317 ) ;
#428 = ORIENTED_EDGE ( 'NONE', *, *, #1965, .F. ) ;
#429 = ADVANCED_FACE ( 'NONE', ( #1857 ), #351, .F. ) ;
#430 = VERTEX_POINT ( 'NONE', #319 ) ;
#431 = AXIS2_PLACEMENT_3D ( 'NONE', #413, #581, #1278 ) ;
#432 = FACE_OUTER_BOUND ( 'NONE', #498, .T. ) ;
#433 = CARTESIAN_POINT ( 'NONE',  ( 15.78968786328148433, 172.0156535800199435, -102.1420649921440287 ) ) ;
#434 = EDGE_CURVE ( 'NONE', #682, #430, #1185, .T. ) ;
#435 = CARTESIAN_POINT ( 'NONE',  ( -41.74822241588132954, -18.81463111870639437, -102.1420649921440003 ) ) ;
#436 = CARTESIAN_POINT ( 'NONE',  ( 27.83947111467277580, -7.446860668734663236, -103.0945649921440150 ) ) ;
#437 = VERTEX_POINT ( 'NONE', #1874 ) ;
#438 = CARTESIAN_POINT ( 'NONE',  ( -21.57423738431167948, 144.7624016052888862, -83.09206499214403152 ) ) ;
#439 = ORIENTED_EDGE ( 'NONE', *, *, #1731, .F. ) ;
#440 = EDGE_CURVE ( 'NONE', #1025, #1438, #26, .T. ) ;
#441 = DIRECTION ( 'NONE',  ( 1.000000000000000000, 0.000000000000000000, 0.000000000000000000 ) ) ;
#442 = CARTESIAN_POINT ( 'NONE',  ( -36.97839448225120407, 171.9686811221347682, -102.1420649921440287 ) ) ;
#443 = CARTESIAN_POINT ( 'NONE',  ( 26.79858505257841017, 165.2137703209742199, -102.1420649921440287 ) ) ;
#444 = CARTESIAN_POINT ( 'NONE',  ( -47.85681430221590205, -11.17632024349820341, -102.1420649921440571 ) ) ;
#445 = CARTESIAN_POINT ( 'NONE',  ( -35.88349965833642585, 172.0761101042745338, -96.10956499213720861 ) ) ;
#446 = CARTESIAN_POINT ( 'NONE',  ( 27.83947111467277580, -9.969831441743860267, -82.13956499214403095 ) ) ;
#447 = ORIENTED_EDGE ( 'NONE', *, *, #1379, .F. ) ;
#448 = DIRECTION ( 'NONE',  ( -0.000000000000000000, -0.000000000000000000, 1.000000000000000000 ) ) ;
#449 = EDGE_CURVE ( 'NONE', #86, #217, #1671, .T. ) ;
#450 = ORIENTED_EDGE ( 'NONE', *, *, #42, .F. ) ;
#451 = CARTESIAN_POINT ( 'NONE',  ( -47.83623036348941326, 163.4186606630397307, -83.09206499214403152 ) ) ;
#452 = CARTESIAN_POINT ( 'NONE',  ( -18.76052888532723273, 76.07611010427453380, -83.09206499214403152 ) ) ;
#453 = LINE ( 'NONE', #1650, #2090 ) ;
#454 = CARTESIAN_POINT ( 'NONE',  ( 27.22472501066935280, 163.7925503501329842, -102.1420649921440429 ) ) ;
#455 = CARTESIAN_POINT ( 'NONE',  ( 12.83947111467277757, 172.0761101042745338, -96.10956499213720861 ) ) ;
#456 = CARTESIAN_POINT ( 'NONE',  ( 15.93292775307940090, -19.85476552043477128, -83.09206499214403152 ) ) ;
#457 = CARTESIAN_POINT ( 'NONE',  ( -10.26052888532143648, 156.0761101042744201, -102.1420649921440287 ) ) ;
#458 = CIRCLE ( 'NONE', #239, 1.649999999999984812 ) ;
#459 = ORIENTED_EDGE ( 'NONE', *, *, #337, .F. ) ;
#460 = AXIS2_PLACEMENT_3D ( 'NONE', #256, #1793, #1645 ) ;
#461 = CARTESIAN_POINT ( 'NONE',  ( -30.26052888532722918, 56.07611010427451959, -83.09206499214403152 ) ) ;
#462 = CIRCLE ( 'NONE', #2120, 2.499999999999996891 ) ;
#463 = EDGE_LOOP ( 'NONE', ( #1055, #2016, #1660, #936 ) ) ;
#464 = ORIENTED_EDGE ( 'NONE', *, *, #1322, .F. ) ;
#465 = CARTESIAN_POINT ( 'NONE',  ( -39.34940852204157125, 171.6299042546713736, -83.09206499214404573 ) ) ;
#466 = AXIS2_PLACEMENT_3D ( 'NONE', #2133, #591, #1123 ) ;
#467 = DIRECTION ( 'NONE',  ( -0.000000000000000000, -0.000000000000000000, 1.000000000000000000 ) ) ;
#468 = DIRECTION ( 'NONE',  ( 1.000000000000000000, 0.000000000000000000, 0.000000000000000000 ) ) ;
#469 = EDGE_CURVE ( 'NONE', #2097, #1999, #1005, .T. ) ;
#470 = CIRCLE ( 'NONE', #830, 1.649999999999988365 ) ;
#471 = CARTESIAN_POINT ( 'NONE',  ( 16.03340211968176376, -19.84816564427503849, -102.1420649921440145 ) ) ;
#472 = EDGE_CURVE ( 'NONE', #1517, #217, #862, .T. ) ;
#473 = CARTESIAN_POINT ( 'NONE',  ( 26.76409231713152792, 167.6827118220727471, -89.12456499214403038 ) ) ;
#474 = CARTESIAN_POINT ( 'NONE',  ( -47.28515008778597206, 167.6827118220727471, -82.13956499214403095 ) ) ;
#475 = CARTESIAN_POINT ( 'NONE',  ( -27.91052888532684406, 156.0761101042735675, -83.09206499214403152 ) ) ;
#476 = ORIENTED_EDGE ( 'NONE', *, *, #2017, .T. ) ;
#477 = CARTESIAN_POINT ( 'NONE',  ( -33.36052888532719862, 172.0761101042745338, -83.09206499214403152 ) ) ;
#478 = VERTEX_POINT ( 'NONE', #13 ) ;
#479 = VERTEX_POINT ( 'NONE', #2041 ) ;
#480 = FACE_OUTER_BOUND ( 'NONE', #1659, .T. ) ;
#481 = CARTESIAN_POINT ( 'NONE',  ( -27.76052888532723628, 56.07611010427451959, -83.09206499214403152 ) ) ;
#482 = DIRECTION ( 'NONE',  ( -0.000000000000000000, -0.000000000000000000, 1.000000000000000000 ) ) ;
#483 = CARTESIAN_POINT ( 'NONE',  ( 16.93233843871971445, -19.77324851140132367, -102.1420649921440287 ) ) ;
#484 = CARTESIAN_POINT ( 'NONE',  ( -33.36052888532719862, 172.0761101042745338, -83.09206499214403152 ) ) ;
#485 = CARTESIAN_POINT ( 'NONE',  ( 27.32962156846183532, -11.20340276853256611, -83.09206499214404573 ) ) ;
#486 = DIRECTION ( 'NONE',  ( 1.000000000000000000, 0.000000000000000000, 0.000000000000000000 ) ) ;
#487 = EDGE_CURVE ( 'NONE', #1350, #1493, #1248, .T. ) ;
#488 = ORIENTED_EDGE ( 'NONE', *, *, #1527, .F. ) ;
#489 = ORIENTED_EDGE ( 'NONE', *, *, #559, .F. ) ;
#490 = VERTEX_POINT ( 'NONE', #343 ) ;
#491 = DIRECTION ( 'NONE',  ( -0.000000000000000000, -0.000000000000000000, 1.000000000000000000 ) ) ;
#492 = CARTESIAN_POINT ( 'NONE',  ( 1.989471114677735741, -3.923889895725514609, -102.1420649921440287 ) ) ;
#493 = DIRECTION ( 'NONE',  ( -0.000000000000000000, -0.000000000000000000, 1.000000000000000000 ) ) ;
#494 = DIRECTION ( 'NONE',  ( 1.000000000000000000, 0.000000000000000000, 0.000000000000000000 ) ) ;
#495 = DIRECTION ( 'NONE',  ( 0.000000000000000000, -0.000000000000000000, 1.000000000000000000 ) ) ;
#496 = CARTESIAN_POINT ( 'NONE',  ( 27.28573839466170980, -11.39189633660749479, -83.09206499214401731 ) ) ;
#497 = FACE_OUTER_BOUND ( 'NONE', #12, .T. ) ;
#498 = EDGE_LOOP ( 'NONE', ( #1351, #195, #1446, #1569 ) ) ;
#499 = CARTESIAN_POINT ( 'NONE',  ( -33.36052888532721994, 172.0761101042745338, -102.1420649921440287 ) ) ;
#500 = ORIENTED_EDGE ( 'NONE', *, *, #833, .T. ) ;
#501 = AXIS2_PLACEMENT_3D ( 'NONE', #126, #1172, #140 ) ;
#502 = ORIENTED_EDGE ( 'NONE', *, *, #259, .F. ) ;
#503 = CARTESIAN_POINT ( 'NONE',  ( 12.83947111467279001, 172.0761101042745338, -102.1420649921440287 ) ) ;
#504 = DIRECTION ( 'NONE',  ( -0.000000000000000000, -0.000000000000000000, 1.000000000000000000 ) ) ;
#505 = CIRCLE ( 'NONE', #1392, 12.25000000000000000 ) ;
#506 = DIRECTION ( 'NONE',  ( -0.000000000000000000, -0.000000000000000000, 1.000000000000000000 ) ) ;
#507 = ADVANCED_FACE ( 'NONE', ( #1017 ), #1158, .F. ) ;
#508 = AXIS2_PLACEMENT_3D ( 'NONE', #2180, #1837, #494 ) ;
#509 = CARTESIAN_POINT ( 'NONE',  ( -48.36052888532722704, -4.923889895725470645, -95.79206499214440385 ) ) ;
#510 = AXIS2_PLACEMENT_3D ( 'NONE', #2169, #1486, #1148 ) ;
#511 = FACE_OUTER_BOUND ( 'NONE', #2220, .T. ) ;
#512 = CARTESIAN_POINT ( 'NONE',  ( -48.36052888532722704, 157.0761101042745338, -89.12456499214403038 ) ) ;
#513 = PLANE ( 'NONE',  #608 ) ;
#514 = EDGE_LOOP ( 'NONE', ( #2027, #797 ) ) ;
#515 = EDGE_LOOP ( 'NONE', ( #1258, #980, #620, #1707 ) ) ;
#516 = EDGE_LOOP ( 'NONE', ( #318, #1195 ) ) ;
#517 = CARTESIAN_POINT ( 'NONE',  ( -26.26052888532225893, -3.923889895725382715, -83.09206499214403152 ) ) ;
#518 = CARTESIAN_POINT ( 'NONE',  ( -35.88349965833642585, -19.92388989572546620, -82.13956499214403095 ) ) ;
#519 = CARTESIAN_POINT ( 'NONE',  ( 15.97506152715584271, -19.85204304804393516, -102.1420649921440571 ) ) ;
#520 = CARTESIAN_POINT ( 'NONE',  ( 27.81558437050851751, -7.325876718918060249, -83.09206499214404573 ) ) ;
#521 = DIRECTION ( 'NONE',  ( 1.000000000000000000, 0.000000000000000000, 0.000000000000000000 ) ) ;
#522 = EDGE_LOOP ( 'NONE', ( #849, #2141, #1872, #1526 ) ) ;
#523 = EDGE_CURVE ( 'NONE', #1249, #1370, #852, .T. ) ;
#524 = ORIENTED_EDGE ( 'NONE', *, *, #1360, .F. ) ;
#525 = ORIENTED_EDGE ( 'NONE', *, *, #1887, .F. ) ;
#526 = DIRECTION ( 'NONE',  ( -0.000000000000000000, -0.000000000000000000, 1.000000000000000000 ) ) ;
#527 = CARTESIAN_POINT ( 'NONE',  ( -35.88349965833642585, -19.92388989572546620, -96.10956499213720861 ) ) ;
#528 = EDGE_CURVE ( 'NONE', #490, #1698, #1389, .T. ) ;
#529 = DIRECTION ( 'NONE',  ( -1.000000000000000000, 0.000000000000000000, 0.000000000000000000 ) ) ;
#530 = CARTESIAN_POINT ( 'NONE',  ( -48.29140451003652146, -8.017346534139260683, -83.09206499214403152 ) ) ;
#531 = CARTESIAN_POINT ( 'NONE',  ( 5.739471114677749064, -3.923889895725695798, -83.09206499214403152 ) ) ;
#532 = FILL_AREA_STYLE ('',( #29 ) ) ;
#533 = ORIENTED_EDGE ( 'NONE', *, *, #924, .T. ) ;
#534 = CARTESIAN_POINT ( 'NONE',  ( 5.739471114677749064, -3.923889895725695798, -83.09206499214403152 ) ) ;
#535 = ADVANCED_FACE ( 'NONE', ( #480 ), #1029, .F. ) ;
#536 =( NAMED_UNIT ( * ) SI_UNIT ( $, .STERADIAN. ) SOLID_ANGLE_UNIT ( ) );
#537 = CIRCLE ( 'NONE', #2076, 1.649999999999988365 ) ;
#538 = AXIS2_PLACEMENT_3D ( 'NONE', #461, #772, #1269 ) ;
#539 = CYLINDRICAL_SURFACE ( 'NONE', #2050, 12.25000000000000000 ) ;
#540 = VECTOR ( 'NONE', #812, 1000.000000000000000 ) ;
#541 = CARTESIAN_POINT ( 'NONE',  ( -48.29267285376823793, -7.997282737507966033, -83.09206499214401731 ) ) ;
#542 = EDGE_CURVE ( 'NONE', #479, #2152, #927, .T. ) ;
#543 = CARTESIAN_POINT ( 'NONE',  ( 0.000000000000000000, 0.000000000000000000, -83.09206499214403152 ) ) ;
#544 = DIRECTION ( 'NONE',  ( -0.000000000000000000, -0.000000000000000000, 1.000000000000000000 ) ) ;
#545 = DIRECTION ( 'NONE',  ( 1.000000000000000000, -0.000000000000000000, 0.000000000000000000 ) ) ;
#546 = ORIENTED_EDGE ( 'NONE', *, *, #121, .T. ) ;
#547 = ORIENTED_EDGE ( 'NONE', *, *, #1168, .F. ) ;
#548 = CARTESIAN_POINT ( 'NONE',  ( 27.77412169127918062, 160.1089763080030934, -83.09206499214401731 ) ) ;
#549 = LINE ( 'NONE', #375, #1828 ) ;
#550 = CARTESIAN_POINT ( 'NONE',  ( -21.57423738430696503, 7.389818603259266538, -83.09206499214403152 ) ) ;
#551 = CARTESIAN_POINT ( 'NONE',  ( 27.76374686322174057, -8.117820900740225554, -83.09206499214403152 ) ) ;
#552 = DIRECTION ( 'NONE',  ( 1.000000000000000000, 0.000000000000000000, 0.000000000000000000 ) ) ;
#553 = FACE_BOUND ( 'NONE', #1301, .T. ) ;
#554 = DIRECTION ( 'NONE',  ( 0.000000000000000000, -0.000000000000000000, 1.000000000000000000 ) ) ;
#555 = ORIENTED_EDGE ( 'NONE', *, *, #766, .T. ) ;
#556 = CARTESIAN_POINT ( 'NONE',  ( 16.09443895174464600, 171.9962055267928918, -83.09206499214403152 ) ) ;
#557 = CARTESIAN_POINT ( 'NONE',  ( -43.96713060312543320, -18.84851109818421477, -82.13956499214403095 ) ) ;
#558 = LINE ( 'NONE', #385, #610 ) ;
#559 = EDGE_CURVE ( 'NONE', #2164, #349, #55, .T. ) ;
#560 = CARTESIAN_POINT ( 'NONE',  ( -39.64004175813338549, -19.41404034951473534, -83.09206499214403152 ) ) ;
#561 = FACE_BOUND ( 'NONE', #911, .T. ) ;
#562 =( NAMED_UNIT ( * ) PLANE_ANGLE_UNIT ( ) SI_UNIT ( $, .RADIAN. ) );
#563 = DIRECTION ( 'NONE',  ( -0.000000000000000000, -0.000000000000000000, 1.000000000000000000 ) ) ;
#564 = EDGE_CURVE ( 'NONE', #1656, #876, #1783, .T. ) ;
#565 = B_SPLINE_SURFACE_WITH_KNOTS ( 'NONE', 5, 3, ( 
 ( #91, #2116, #943, #769 ),
 ( #1987, #445, #1125, #273 ),
 ( #576, #742, #1256, #1941 ),
 ( #846, #1177, #119, #1192 ),
 ( #1865, #1852, #2049, #474 ),
 ( #107, #1839, #1666, #2182 ),
 ( #312, #628, #1308, #997 ),
 ( #130, #2194, #512, #1679 ) ),
 .UNSPECIFIED., .F., .F., .F.,
 ( 6, 2, 6 ),
 ( 4, 4 ),
 ( 0.000000000000000000, 0.5000000000000000000, 1.000000000000000000 ),
 ( -0.0009524999999999998962, 0.02000249999999999598 ),
 .UNSPECIFIED. ) ;
#566 = VERTEX_POINT ( 'NONE', #1077 ) ;
#567 = ORIENTED_EDGE ( 'NONE', *, *, #838, .T. ) ;
#568 = UNCERTAINTY_MEASURE_WITH_UNIT (LENGTH_MEASURE( 1.000000000000000082E-05 ), #725, 'distance_accuracy_value', 'NONE');
#569 = AXIS2_PLACEMENT_3D ( 'NONE', #1423, #52, #1977 ) ;
#570 = CARTESIAN_POINT ( 'NONE',  ( -45.75198851937132360, 168.0918827718421937, -102.1420649921440287 ) ) ;
#571 = CIRCLE ( 'NONE', #1862, 1.649999999999985256 ) ;
#572 = CARTESIAN_POINT ( 'NONE',  ( 5.739471114677749064, -3.923889895725695798, -102.1420649921440287 ) ) ;
#573 = CARTESIAN_POINT ( 'NONE',  ( 7.389471114677737873, -3.923889895725695798, -83.09206499214403152 ) ) ;
#574 = VECTOR ( 'NONE', #392, 1000.000000000000000 ) ;
#575 = FACE_BOUND ( 'NONE', #647, .T. ) ;
#576 = CARTESIAN_POINT ( 'NONE',  ( -38.40647043134561756, 172.0761101042745338, -103.0945649921440150 ) ) ;
#577 = FACE_OUTER_BOUND ( 'NONE', #658, .T. ) ;
#578 = AXIS2_PLACEMENT_3D ( 'NONE', #1921, #376, #1059 ) ;
#579 = EDGE_LOOP ( 'NONE', ( #771, #1772, #807, #2 ) ) ;
#580 = CARTESIAN_POINT ( 'NONE',  ( 27.83067077149089741, 158.6457694171821231, -83.09206499214403152 ) ) ;
#581 = DIRECTION ( 'NONE',  ( 0.000000000000000000, 0.000000000000000000, 1.000000000000000000 ) ) ;
#582 = CARTESIAN_POINT ( 'NONE',  ( -47.87624080407901062, 163.2415528432533165, -102.1420649921440287 ) ) ;
#583 = CARTESIAN_POINT ( 'NONE',  ( 25.21060727196200801, 168.1175037987688938, -102.1420649921440429 ) ) ;
#584 = DIRECTION ( 'NONE',  ( -0.000000000000000000, -0.000000000000000000, 1.000000000000000000 ) ) ;
#585 = DIRECTION ( 'NONE',  ( -0.000000000000000000, -0.000000000000000000, 1.000000000000000000 ) ) ;
#586 = CYLINDRICAL_SURFACE ( 'NONE', #1283, 1.649999999999988365 ) ;
#587 = ORIENTED_EDGE ( 'NONE', *, *, #2165, .T. ) ;
#588 = DIRECTION ( 'NONE',  ( 1.000000000000000000, 0.000000000000000000, 0.000000000000000000 ) ) ;
#589 = ADVANCED_FACE ( 'NONE', ( #2122 ), #1944, .F. ) ;
#590 = CARTESIAN_POINT ( 'NONE',  ( -48.25397521534256384, 160.7490434016990548, -102.1420649921440145 ) ) ;
#591 = DIRECTION ( 'NONE',  ( -0.000000000000000000, -0.000000000000000000, 1.000000000000000000 ) ) ;
#592 = CARTESIAN_POINT ( 'NONE',  ( -40.71173551811012459, -19.17595153163708233, -102.1420649921440145 ) ) ;
#593 = DIRECTION ( 'NONE',  ( -0.000000000000000000, -0.000000000000000000, 1.000000000000000000 ) ) ;
#594 = FACE_OUTER_BOUND ( 'NONE', #515, .T. ) ;
#595 = ORIENTED_EDGE ( 'NONE', *, *, #1335, .F. ) ;
#596 = CARTESIAN_POINT ( 'NONE',  ( -0.5968203863373024998, 7.389818603259028507, -102.1420649921440287 ) ) ;
#597 = EDGE_LOOP ( 'NONE', ( #1539, #439, #1579, #1330 ) ) ;
#598 = ORIENTED_EDGE ( 'NONE', *, *, #838, .F. ) ;
#599 = ADVANCED_FACE ( 'NONE', ( #1598 ), #1909, .F. ) ;
#600 = CARTESIAN_POINT ( 'NONE',  ( -47.25127010828646235, 165.4638036348803496, -102.1420649921440287 ) ) ;
#601 = AXIS2_PLACEMENT_3D ( 'NONE', #1892, #1212, #882 ) ;
#602 = CARTESIAN_POINT ( 'NONE',  ( 27.75956653719310196, 160.3310779413370994, -102.1420649921440287 ) ) ;
#603 = CARTESIAN_POINT ( 'NONE',  ( 9.739471114672779706, 56.07611010427451959, -83.09206499214403152 ) ) ;
#604 = AXIS2_PLACEMENT_3D ( 'NONE', #1568, #545, #235 ) ;
#605 = CARTESIAN_POINT ( 'NONE',  ( 15.36244188768197461, -19.92388989572546620, -96.10956499213720861 ) ) ;
#606 = EDGE_CURVE ( 'NONE', #1698, #490, #1932, .T. ) ;
#607 = ORIENTED_EDGE ( 'NONE', *, *, #1379, .T. ) ;
#608 = AXIS2_PLACEMENT_3D ( 'NONE', #2013, #1194, #1880 ) ;
#609 = DIRECTION ( 'NONE',  ( -0.000000000000000000, -0.000000000000000000, 1.000000000000000000 ) ) ;
#610 = VECTOR ( 'NONE', #46, 1000.000000000000000 ) ;
#611 = ORIENTED_EDGE ( 'NONE', *, *, #1583, .F. ) ;
#612 = CARTESIAN_POINT ( 'NONE',  ( -23.22423738431166029, 167.3898186032582771, -83.09206499214403152 ) ) ;
#613 = CARTESIAN_POINT ( 'NONE',  ( -36.50201685416417519, 172.0038765668369649, -102.1420649921440429 ) ) ;
#614 = CARTESIAN_POINT ( 'NONE',  ( 27.83947111467277580, 157.0761101042746191, -102.1420649921440287 ) ) ;
#615 = CARTESIAN_POINT ( 'NONE',  ( -47.74578278131353670, -11.64033014159404722, -102.1420649921440145 ) ) ;
#616 = CARTESIAN_POINT ( 'NONE',  ( 23.44607283247098906, -18.84851109818421477, -96.10956499213720861 ) ) ;
#617 = EDGE_CURVE ( 'NONE', #837, #437, #2045, .T. ) ;
#618 = ORIENTED_EDGE ( 'NONE', *, *, #2078, .F. ) ;
#619 = DIRECTION ( 'NONE',  ( -0.000000000000000000, -0.000000000000000000, 1.000000000000000000 ) ) ;
#620 = ORIENTED_EDGE ( 'NONE', *, *, #2125, .T. ) ;
#621 = VERTEX_POINT ( 'NONE', #1300 ) ;
#622 = CARTESIAN_POINT ( 'NONE',  ( -36.39339508904684095, 172.0107606808809635, -83.09206499214403152 ) ) ;
#623 = CARTESIAN_POINT ( 'NONE',  ( -22.51052888532226604, -3.923889895725512833, -83.09206499214403152 ) ) ;
#624 = DIRECTION ( 'NONE',  ( 1.000000000000000000, 0.000000000000000000, 0.000000000000000000 ) ) ;
#625 = CARTESIAN_POINT ( 'NONE',  ( 16.51240441207416154, 171.9695564342943044, -102.1420649921440429 ) ) ;
#626 = EDGE_CURVE ( 'NONE', #876, #1656, #209, .T. ) ;
#627 = CARTESIAN_POINT ( 'NONE',  ( 27.83947111467277580, 157.0761101042745338, -103.0945649921440150 ) ) ;
#628 = CARTESIAN_POINT ( 'NONE',  ( -48.36052888532722704, 159.5990808772837113, -96.10956499213720861 ) ) ;
#629 = CARTESIAN_POINT ( 'NONE',  ( 17.88541266069117341, -19.92388989572546620, -82.13956499214403095 ) ) ;
#630 = EDGE_LOOP ( 'NONE', ( #2187, #1504, #2064, #1001 ) ) ;
#631 = EDGE_CURVE ( 'NONE', #1047, #430, #2190, .T. ) ;
#632 = CARTESIAN_POINT ( 'NONE',  ( -22.51052888532144181, 156.0761101042744201, -83.09206499214403152 ) ) ;
#633 = VERTEX_POINT ( 'NONE', #596 ) ;
#634 = VERTEX_POINT ( 'NONE', #798 ) ;
#635 = CARTESIAN_POINT ( 'NONE',  ( -36.13906200758870568, 172.0249581095300186, -83.09206499214404573 ) ) ;
#636 = EDGE_CURVE ( 'NONE', #1249, #1893, #1781, .T. ) ;
#637 = CARTESIAN_POINT ( 'NONE',  ( -27.91052888532224330, -3.923889895725382715, -102.1420649921440287 ) ) ;
#638 = CARTESIAN_POINT ( 'NONE',  ( 9.739471114672779706, 96.07611010427451959, -83.09206499214403152 ) ) ;
#639 = LINE ( 'NONE', #844, #1398 ) ;
#640 = CARTESIAN_POINT ( 'NONE',  ( 26.76409231713152792, 167.6827118220727471, -103.0945649921440150 ) ) ;
#641 = CARTESIAN_POINT ( 'NONE',  ( 16.51240441212964072, -19.81733622573525011, -83.09206499214404573 ) ) ;
#642 = CARTESIAN_POINT ( 'NONE',  ( 27.83947111467277580, 157.0761101042744770, -95.79206499214440385 ) ) ;
#643 = CYLINDRICAL_SURFACE ( 'NONE', #1680, 8.499999999999996447 ) ;
#644 = VERTEX_POINT ( 'NONE', #1990 ) ;
#645 = VECTOR ( 'NONE', #263, 1000.000000000000000 ) ;
#646 = EDGE_LOOP ( 'NONE', ( #2037, #1515, #1770, #2162 ) ) ;
#647 = EDGE_LOOP ( 'NONE', ( #1577, #773 ) ) ;
#648 = DIRECTION ( 'NONE',  ( -0.000000000000000000, -0.000000000000000000, 1.000000000000000000 ) ) ;
#649 = AXIS2_PLACEMENT_3D ( 'NONE', #1713, #1409, #356 ) ;
#650 = CARTESIAN_POINT ( 'NONE',  ( 5.739471114673152741, 156.0761101042735675, -83.09206499214403152 ) ) ;
#651 = LINE ( 'NONE', #1354, #325 ) ;
#652 = CIRCLE ( 'NONE', #578, 1.649999999999984812 ) ;
#653 = CARTESIAN_POINT ( 'NONE',  ( 15.98970688972380749, -19.85107993797498338, -102.1420649921440287 ) ) ;
#654 = LINE ( 'NONE', #1678, #1456 ) ;
#655 = CARTESIAN_POINT ( 'NONE',  ( 27.31517259283247867, -11.26644045449507558, -83.09206499214404573 ) ) ;
#656 = DIRECTION ( 'NONE',  ( -0.000000000000000000, -0.000000000000000000, 1.000000000000000000 ) ) ;
#657 = ORIENTED_EDGE ( 'NONE', *, *, #1322, .T. ) ;
#658 = EDGE_LOOP ( 'NONE', ( #1687, #1243, #1046, #781 ) ) ;
#659 = ORIENTED_EDGE ( 'NONE', *, *, #542, .T. ) ;
#660 = DIRECTION ( 'NONE',  ( 1.000000000000000000, 0.000000000000000000, 0.000000000000000000 ) ) ;
#661 = CARTESIAN_POINT ( 'NONE',  ( -30.26052888532722918, 56.07611010427451959, -83.09206499214403152 ) ) ;
#662 = LINE ( 'NONE', #1007, #1186 ) ;
#663 = CARTESIAN_POINT ( 'NONE',  ( 19.06304641343652051, -19.42667493075032681, -102.1420649921440003 ) ) ;
#664 = CARTESIAN_POINT ( 'NONE',  ( 27.83947111467277580, 159.5990808772837113, -89.12456499214403038 ) ) ;
#665 = CARTESIAN_POINT ( 'NONE',  ( 18.93157188269182711, -19.45563601973779910, -83.09206499214403152 ) ) ;
#666 = CARTESIAN_POINT ( 'NONE',  ( -10.26052888532723806, 76.07611010427453380, -83.09206499214403152 ) ) ;
#667 = EDGE_LOOP ( 'NONE', ( #2175, #1144, #761, #1908 ) ) ;
#668 = ADVANCED_FACE ( 'NONE', ( #245 ), #1128, .F. ) ;
#669 = ORIENTED_EDGE ( 'NONE', *, *, #626, .F. ) ;
#670 = VERTEX_POINT ( 'NONE', #783 ) ;
#671 = CARTESIAN_POINT ( 'NONE',  ( -48.20988750099837716, 161.1689774283470058, -83.09206499214405994 ) ) ;
#672 = LINE ( 'NONE', #1805, #2151 ) ;
#673 = CARTESIAN_POINT ( 'NONE',  ( 7.389471114673140661, 156.0761101042735675, -83.09206499214403152 ) ) ;
#674 = CARTESIAN_POINT ( 'NONE',  ( 16.45733671165853451, -19.81646091358598127, -102.1420649921440429 ) ) ;
#675 = CARTESIAN_POINT ( 'NONE',  ( 12.83947111467277757, 172.0761101042745338, -103.0945649921440150 ) ) ;
#676 = CARTESIAN_POINT ( 'NONE',  ( 23.85524378232628706, -17.31534952966198304, -83.09206499214403152 ) ) ;
#677 = DIRECTION ( 'NONE',  ( -0.000000000000000000, -0.000000000000000000, 1.000000000000000000 ) ) ;
#678 = DIRECTION ( 'NONE',  ( 1.000000000000000000, 0.000000000000000000, 0.000000000000000000 ) ) ;
#679 = ORIENTED_EDGE ( 'NONE', *, *, #160, .T. ) ;
#680 = MECHANICAL_DESIGN_GEOMETRIC_PRESENTATION_REPRESENTATION (  '', ( #1213 ), #1318 ) ;
#681 = EDGE_CURVE ( 'NONE', #248, #381, #1445, .T. ) ;
#682 = VERTEX_POINT ( 'NONE', #2139 ) ;
#683 = AXIS2_PLACEMENT_3D ( 'NONE', #1782, #1629, #1813 ) ;
#684 = ORIENTED_EDGE ( 'NONE', *, *, #1060, .F. ) ;
#685 = CARTESIAN_POINT ( 'NONE',  ( -0.5968203863420120658, 167.3898186032582771, -83.09206499214403152 ) ) ;
#686 = AXIS2_PLACEMENT_3D ( 'NONE', #291, #944, #934 ) ;
#687 = AXIS2_PLACEMENT_3D ( 'NONE', #2112, #1585, #48 ) ;
#688 = CARTESIAN_POINT ( 'NONE',  ( 19.30747755554927636, -19.37015717571902940, -102.1420649921440003 ) ) ;
#689 = CARTESIAN_POINT ( 'NONE',  ( -48.03687544826069455, -10.28023716724394276, -83.09206499214404573 ) ) ;
#690 = EDGE_CURVE ( 'NONE', #255, #1370, #2224, .T. ) ;
#691 = DIRECTION ( 'NONE',  ( 1.000000000000000000, 0.000000000000000000, 0.000000000000000000 ) ) ;
#692 = ORIENTED_EDGE ( 'NONE', *, *, #1961, .F. ) ;
#693 = EDGE_CURVE ( 'NONE', #735, #329, #571, .T. ) ;
#694 = DIRECTION ( 'NONE',  ( 0.000000000000000000, 1.000000000000000000, 0.000000000000000000 ) ) ;
#695 = VERTEX_POINT ( 'NONE', #1277 ) ;
#696 = ORIENTED_EDGE ( 'NONE', *, *, #938, .T. ) ;
#697 = DIRECTION ( 'NONE',  ( -0.000000000000000000, -0.000000000000000000, 1.000000000000000000 ) ) ;
#698 = EDGE_CURVE ( 'NONE', #329, #20, #1609, .T. ) ;
#699 = DIRECTION ( 'NONE',  ( 1.000000000000000000, 0.000000000000000000, 0.000000000000000000 ) ) ;
#700 = CARTESIAN_POINT ( 'NONE',  ( -47.91432303571269813, -10.91276953249001380, -83.09206499214404573 ) ) ;
#701 = CARTESIAN_POINT ( 'NONE',  ( -21.57423738431167948, 144.7624016052888862, -83.09206499214403152 ) ) ;
#702 = CARTESIAN_POINT ( 'NONE',  ( 1.053179613657971192, 144.7624016052888862, -83.09206499214403152 ) ) ;
#703 = ORIENTED_EDGE ( 'NONE', *, *, #1638, .T. ) ;
#704 = VERTEX_POINT ( 'NONE', #632 ) ;
#705 = DIRECTION ( 'NONE',  ( 1.000000000000000000, 0.000000000000000000, 0.000000000000000000 ) ) ;
#706 = CARTESIAN_POINT ( 'NONE',  ( -47.28515008778597206, -15.53049161352367946, -82.13956499214403095 ) ) ;
#707 = EDGE_CURVE ( 'NONE', #158, #1166, #1439, .T. ) ;
#708 = LINE ( 'NONE', #2092, #867 ) ;
#709 = DIRECTION ( 'NONE',  ( 1.000000000000000000, 0.000000000000000000, 0.000000000000000000 ) ) ;
#710 = DIRECTION ( 'NONE',  ( -0.000000000000000000, -0.000000000000000000, 1.000000000000000000 ) ) ;
#711 = CARTESIAN_POINT ( 'NONE',  ( -24.61052888532227456, -3.923889895725382715, -102.1420649921440287 ) ) ;
#712 = CARTESIAN_POINT ( 'NONE',  ( -48.36052888532722704, 157.0761101042745338, -83.09206499214403152 ) ) ;
#713 = VERTEX_POINT ( 'NONE', #84 ) ;
#714 = ORIENTED_EDGE ( 'NONE', *, *, #449, .T. ) ;
#715 = VECTOR ( 'NONE', #2034, 1000.000000000000000 ) ;
#716 = CARTESIAN_POINT ( 'NONE',  ( 16.93233843884727108, 171.9254687199344858, -83.09206499214404573 ) ) ;
#717 = CYLINDRICAL_SURFACE ( 'NONE', #1910, 1.649999999999986589 ) ;
#718 = VECTOR ( 'NONE', #1847, 1000.000000000000000 ) ;
#719 = AXIS2_PLACEMENT_3D ( 'NONE', #1338, #1695, #339 ) ;
#720 = DIRECTION ( 'NONE',  ( 1.000000000000000000, 0.000000000000000000, 0.000000000000000000 ) ) ;
#721 = AXIS2_PLACEMENT_3D ( 'NONE', #1563, #1746, #1757 ) ;
#722 = EDGE_CURVE ( 'NONE', #633, #682, #819, .T. ) ;
#723 = CARTESIAN_POINT ( 'NONE',  ( -48.25397521531928646, -8.596823193253877449, -83.09206499214404573 ) ) ;
#724 = CARTESIAN_POINT ( 'NONE',  ( -23.22423738430718743, -15.23759839471012967, -83.09206499214403152 ) ) ;
#725 =( LENGTH_UNIT ( ) NAMED_UNIT ( * ) SI_UNIT ( .MILLI., .METRE. ) );
#726 = CARTESIAN_POINT ( 'NONE',  ( -30.26052888532722918, 56.07611010427451959, -102.1420649921440287 ) ) ;
#727 = EDGE_LOOP ( 'NONE', ( #459, #1015, #1086, #1028 ) ) ;
#728 = CARTESIAN_POINT ( 'NONE',  ( 27.73291744469413089, 160.7490434015912797, -83.09206499214404573 ) ) ;
#729 = DIRECTION ( 'NONE',  ( -0.000000000000000000, -0.000000000000000000, 1.000000000000000000 ) ) ;
#730 = DIRECTION ( 'NONE',  ( -0.000000000000000000, -0.000000000000000000, 1.000000000000000000 ) ) ;
#731 = CARTESIAN_POINT ( 'NONE',  ( -48.35172854214534510, -6.493549208907666959, -83.09206499214403152 ) ) ;
#732 = CARTESIAN_POINT ( 'NONE',  ( -21.57423738431167948, 144.7624016052888862, -102.1420649921440287 ) ) ;
#733 = SURFACE_SIDE_STYLE ('',( #873 ) ) ;
#734 = CARTESIAN_POINT ( 'NONE',  ( 27.83947111467277580, -4.923889895725470645, -102.1420649921440287 ) ) ;
#735 = VERTEX_POINT ( 'NONE', #1967 ) ;
#736 = CARTESIAN_POINT ( 'NONE',  ( 17.85195805466429064, 171.8167129579459811, -83.09206499214403152 ) ) ;
#737 = ADVANCED_FACE ( 'NONE', ( #968 ), #1980, .F. ) ;
#738 = CARTESIAN_POINT ( 'NONE',  ( 2.703179613657960001, 167.3898186032582771, -102.1420649921440287 ) ) ;
#739 = CARTESIAN_POINT ( 'NONE',  ( -36.51076466037977042, -19.85107993797484482, -83.09206499214404573 ) ) ;
#740 = CARTESIAN_POINT ( 'NONE',  ( 7.389471114677734320, -3.923889895725695798, -102.1420649921440287 ) ) ;
#741 = FACE_BOUND ( 'NONE', #514, .T. ) ;
#742 = CARTESIAN_POINT ( 'NONE',  ( -38.40647043134561756, 172.0761101042745338, -96.10956499213720861 ) ) ;
#743 = LINE ( 'NONE', #370, #1430 ) ;
#744 = ORIENTED_EDGE ( 'NONE', *, *, #707, .T. ) ;
#745 = DIRECTION ( 'NONE',  ( 1.000000000000000000, 0.000000000000000000, 0.000000000000000000 ) ) ;
#746 = CARTESIAN_POINT ( 'NONE',  ( -48.36052888532726257, 157.7506734673463313, -102.1420649921440571 ) ) ;
#747 = AXIS2_PLACEMENT_3D ( 'NONE', #2000, #76, #588 ) ;
#748 = CARTESIAN_POINT ( 'NONE',  ( 27.78831911992809722, -7.702423018020008172, -102.1420649921440287 ) ) ;
#749 = AXIS2_PLACEMENT_3D ( 'NONE', #193, #1587, #892 ) ;
#750 = CARTESIAN_POINT ( 'NONE',  ( -47.86089150983313800, -11.15825047705011208, -102.1420649921440287 ) ) ;
#751 = ADVANCED_FACE ( 'NONE', ( #110 ), #1481, .F. ) ;
#752 = AXIS2_PLACEMENT_3D ( 'NONE', #1209, #1553, #1928 ) ;
#753 = CARTESIAN_POINT ( 'NONE',  ( 27.83947111467277580, -4.923889895725467092, -83.09206499214403152 ) ) ;
#754 = EDGE_LOOP ( 'NONE', ( #1588, #44 ) ) ;
#755 = B_SPLINE_CURVE_WITH_KNOTS ( 'NONE', 3,
 ( #499, #1871, #170, #477 ),
 .UNSPECIFIED., .F., .F.,
 ( 4, 4 ),
 ( 0.000000000000000000, 1.000000000000000000 ),
 .UNSPECIFIED. ) ;
#756 = DIRECTION ( 'NONE',  ( -0.000000000000000000, -0.000000000000000000, 1.000000000000000000 ) ) ;
#757 = CARTESIAN_POINT ( 'NONE',  ( 27.33575653156219332, 163.3285404520466102, -102.1420649921440287 ) ) ;
#758 = FACE_OUTER_BOUND ( 'NONE', #2001, .T. ) ;
#759 = CARTESIAN_POINT ( 'NONE',  ( 2.703179613657963110, 167.3898186032582771, -83.09206499214403152 ) ) ;
#760 = CARTESIAN_POINT ( 'NONE',  ( -33.36052888532721994, -19.92388989572546620, -95.79206499214440385 ) ) ;
#761 = ORIENTED_EDGE ( 'NONE', *, *, #1263, .T. ) ;
#762 = EDGE_CURVE ( 'NONE', #1156, #1117, #896, .T. ) ;
#763 = DIRECTION ( 'NONE',  ( 1.000000000000000000, 0.000000000000000000, 0.000000000000000000 ) ) ;
#764 = ORIENTED_EDGE ( 'NONE', *, *, #528, .T. ) ;
#765 = CARTESIAN_POINT ( 'NONE',  ( -48.29517946193367806, 160.1089763080012744, -102.1420649921440287 ) ) ;
#766 = EDGE_CURVE ( 'NONE', #381, #704, #2149, .T. ) ;
#767 = CARTESIAN_POINT ( 'NONE',  ( 15.94848708263230819, 172.0059897879174287, -102.1420649921440429 ) ) ;
#768 = LINE ( 'NONE', #1625, #1715 ) ;
#769 = CARTESIAN_POINT ( 'NONE',  ( -33.36052888532722704, 172.0761101042745338, -82.13956499214403095 ) ) ;
#770 = CARTESIAN_POINT ( 'NONE',  ( 17.88541266069117341, -19.92388989572546620, -103.0945649921440150 ) ) ;
#771 = ORIENTED_EDGE ( 'NONE', *, *, #636, .F. ) ;
#772 = DIRECTION ( 'NONE',  ( -0.000000000000000000, -0.000000000000000000, 1.000000000000000000 ) ) ;
#773 = ORIENTED_EDGE ( 'NONE', *, *, #131, .T. ) ;
#774 = CARTESIAN_POINT ( 'NONE',  ( -38.37301582523423349, -19.66449274941031078, -83.09206499214403152 ) ) ;
#775 = CARTESIAN_POINT ( 'NONE',  ( -48.36052888532722704, 157.0761101042746191, -102.1420649921440287 ) ) ;
#776 = CARTESIAN_POINT ( 'NONE',  ( 27.34225614969767193, 163.2996854030375573, -102.1420649921440287 ) ) ;
#777 = CIRCLE ( 'NONE', #1720, 2.499999999999995115 ) ;
#778 = CARTESIAN_POINT ( 'NONE',  ( -47.31964282319995618, -13.06155011245779995, -102.1420649921440855 ) ) ;
#779 = CIRCLE ( 'NONE', #389, 1.649999999999985256 ) ;
#780 = DIRECTION ( 'NONE',  ( 1.000000000000000000, 0.000000000000000000, 0.000000000000000000 ) ) ;
#781 = ORIENTED_EDGE ( 'NONE', *, *, #856, .F. ) ;
#782 = CIRCLE ( 'NONE', #687, 1.649999999999984812 ) ;
#783 = CARTESIAN_POINT ( 'NONE',  ( -27.91052888532684051, 156.0761101042735675, -102.1420649921440287 ) ) ;
#784 = AXIS2_PLACEMENT_3D ( 'NONE', #638, #853, #322 ) ;
#785 = ORIENTED_EDGE ( 'NONE', *, *, #788, .F. ) ;
#786 = ORIENTED_EDGE ( 'NONE', *, *, #847, .F. ) ;
#787 = CARTESIAN_POINT ( 'NONE',  ( -36.45398552373018219, 172.0069857289838922, -83.09206499214404573 ) ) ;
#788 = EDGE_CURVE ( 'NONE', #713, #1095, #159, .T. ) ;
#789 = EDGE_CURVE ( 'NONE', #306, #169, #755, .T. ) ;
#790 = DIRECTION ( 'NONE',  ( 1.000000000000000000, 0.000000000000000000, 0.000000000000000000 ) ) ;
#791 = CARTESIAN_POINT ( 'NONE',  ( -48.36052888532722704, 157.0761101042744770, -89.44206499214402584 ) ) ;
#792 = CARTESIAN_POINT ( 'NONE',  ( 27.77901459041807186, -7.874106644350039375, -102.1420649921440003 ) ) ;
#793 = EDGE_CURVE ( 'NONE', #644, #1363, #859, .T. ) ;
#794 = CARTESIAN_POINT ( 'NONE',  ( -36.46254153892547833, -19.85421872176784674, -102.1420649921440145 ) ) ;
#795 = CARTESIAN_POINT ( 'NONE',  ( 15.94148376827180691, -19.85421872176783253, -83.09206499214405994 ) ) ;
#796 = CARTESIAN_POINT ( 'NONE',  ( -24.61052888532687177, 156.0761101042735675, -102.1420649921440287 ) ) ;
#797 = ORIENTED_EDGE ( 'NONE', *, *, #2053, .T. ) ;
#798 = CARTESIAN_POINT ( 'NONE',  ( -48.36052888532722704, -4.923889895725470645, -83.09206499214403152 ) ) ;
#799 = EDGE_LOOP ( 'NONE', ( #1076, #1326, #659, #595 ) ) ;
#800 = CARTESIAN_POINT ( 'NONE',  ( -36.50201685416616471, -19.85165635828775876, -83.09206499214403152 ) ) ;
#801 = CARTESIAN_POINT ( 'NONE',  ( -21.57423738430696503, 7.389818603259266538, -83.09206499214403152 ) ) ;
#802 = DIRECTION ( 'NONE',  ( 1.000000000000000000, 0.000000000000000000, 0.000000000000000000 ) ) ;
#803 = CARTESIAN_POINT ( 'NONE',  ( -48.36052888532722704, -4.923889895725470645, -83.09206499214403152 ) ) ;
#804 = CARTESIAN_POINT ( 'NONE',  ( 9.739471114672779706, 56.07611010427451959, -102.1420649921440287 ) ) ;
#805 = CARTESIAN_POINT ( 'NONE',  ( 13.51403447777904177, -19.92388989572546976, -83.09206499214405994 ) ) ;
#806 = DIRECTION ( 'NONE',  ( -0.000000000000000000, -0.000000000000000000, 1.000000000000000000 ) ) ;
#807 = ORIENTED_EDGE ( 'NONE', *, *, #287, .T. ) ;
#808 = CARTESIAN_POINT ( 'NONE',  ( -10.26052888532143648, 156.0761101042744201, -83.09206499214403152 ) ) ;
#809 = EDGE_LOOP ( 'NONE', ( #1815, #133, #99, #1302 ) ) ;
#810 = ORIENTED_EDGE ( 'NONE', *, *, #160, .F. ) ;
#811 = CARTESIAN_POINT ( 'NONE',  ( -39.50400440509685751, 171.5966583624956172, -83.09206499214404573 ) ) ;
#812 = DIRECTION ( 'NONE',  ( -0.000000000000000000, -0.000000000000000000, 1.000000000000000000 ) ) ;
#813 = CARTESIAN_POINT ( 'NONE',  ( 5.739471114677749064, -3.923889895725695798, -83.09206499214403152 ) ) ;
#814 = DIRECTION ( 'NONE',  ( 1.000000000000000000, 0.000000000000000000, 0.000000000000000000 ) ) ;
#815 = CARTESIAN_POINT ( 'NONE',  ( 15.36244188768197461, 172.0761101042745338, -82.13956499214403095 ) ) ;
#816 = AXIS2_PLACEMENT_3D ( 'NONE', #241, #73, #1274 ) ;
#817 = CARTESIAN_POINT ( 'NONE',  ( 15.94848708263187120, -19.85376957936833620, -83.09206499214401731 ) ) ;
#818 = CARTESIAN_POINT ( 'NONE',  ( 9.739471114672779706, 96.07611010427451959, -83.09206499214403152 ) ) ;
#819 = CIRCLE ( 'NONE', #2117, 1.649999999999985256 ) ;
#820 = VERTEX_POINT ( 'NONE', #1492 ) ;
#821 = AXIS2_PLACEMENT_3D ( 'NONE', #1454, #756, #2150 ) ;
#822 = DIRECTION ( 'NONE',  ( -1.000000000000000000, 0.000000000000000000, 0.000000000000000000 ) ) ;
#823 = VECTOR ( 'NONE', #1473, 1000.000000000000000 ) ;
#824 = EDGE_LOOP ( 'NONE', ( #464, #1329, #1966, #1597 ) ) ;
#825 = EDGE_LOOP ( 'NONE', ( #1590, #607 ) ) ;
#826 = CARTESIAN_POINT ( 'NONE',  ( -48.28480463387640498, 160.2700411092856143, -83.09206499214405994 ) ) ;
#827 = AXIS2_PLACEMENT_3D ( 'NONE', #359, #1548, #223 ) ;
#828 = DIRECTION ( 'NONE',  ( -0.000000000000000000, -0.000000000000000000, 1.000000000000000000 ) ) ;
#829 = LINE ( 'NONE', #2202, #2157 ) ;
#830 = AXIS2_PLACEMENT_3D ( 'NONE', #1019, #309, #468 ) ;
#831 = CARTESIAN_POINT ( 'NONE',  ( 16.00282436022633448, -19.85021219213773236, -102.1420649921440287 ) ) ;
#832 = CARTESIAN_POINT ( 'NONE',  ( 12.83947111467279001, 172.0761101042745338, -102.1420649921440287 ) ) ;
#833 = EDGE_CURVE ( 'NONE', #1056, #2164, #1153, .T. ) ;
#834 = CARTESIAN_POINT ( 'NONE',  ( 18.19581838609735414, -19.60023645868217557, -83.09206499214403152 ) ) ;
#835 = CARTESIAN_POINT ( 'NONE',  ( -21.57423738430719951, -15.23759839471012967, -102.1420649921440287 ) ) ;
#836 = CARTESIAN_POINT ( 'NONE',  ( 5.739471114673152741, 156.0761101042735675, -102.1420649921440287 ) ) ;
#837 = VERTEX_POINT ( 'NONE', #1155 ) ;
#838 = EDGE_CURVE ( 'NONE', #1697, #86, #2079, .T. ) ;
#839 = ORIENTED_EDGE ( 'NONE', *, *, #2165, .F. ) ;
#840 = VERTEX_POINT ( 'NONE', #2021 ) ;
#841 = DIRECTION ( 'NONE',  ( 0.000000000000000000, 0.000000000000000000, 1.000000000000000000 ) ) ;
#842 = CARTESIAN_POINT ( 'NONE',  ( -22.51052888532144181, 156.0761101042744201, -102.1420649921440287 ) ) ;
#843 = DIRECTION ( 'NONE',  ( 1.000000000000000000, 0.000000000000000000, 0.000000000000000000 ) ) ;
#844 = CARTESIAN_POINT ( 'NONE',  ( 2.703179613657961333, 167.3898186032582771, -83.09206499214403152 ) ) ;
#845 = CARTESIAN_POINT ( 'NONE',  ( 27.83947111467277580, 159.5990808772837113, -82.13956499214403095 ) ) ;
#846 = CARTESIAN_POINT ( 'NONE',  ( -43.96713060312544030, 171.0007313067332575, -103.0945649921440150 ) ) ;
#847 = EDGE_CURVE ( 'NONE', #1180, #490, #1689, .T. ) ;
#848 = FACE_OUTER_BOUND ( 'NONE', #1670, .T. ) ;
#849 = ORIENTED_EDGE ( 'NONE', *, *, #707, .F. ) ;
#850 = ORIENTED_EDGE ( 'NONE', *, *, #487, .F. ) ;
#851 = ORIENTED_EDGE ( 'NONE', *, *, #1237, .F. ) ;
#852 = LINE ( 'NONE', #685, #419 ) ;
#853 = DIRECTION ( 'NONE',  ( -0.000000000000000000, -0.000000000000000000, 1.000000000000000000 ) ) ;
#854 = DIRECTION ( 'NONE',  ( 1.000000000000000000, 0.000000000000000000, 0.000000000000000000 ) ) ;
#855 = CARTESIAN_POINT ( 'NONE',  ( 26.76409231713152792, 167.6827118220727471, -96.10956499213720861 ) ) ;
#856 = EDGE_CURVE ( 'NONE', #621, #1117, #1819, .T. ) ;
#857 = LINE ( 'NONE', #1841, #929 ) ;
#858 = ORIENTED_EDGE ( 'NONE', *, *, #2067, .F. ) ;
#859 = LINE ( 'NONE', #1882, #1903 ) ;
#860 = AXIS2_PLACEMENT_3D ( 'NONE', #1760, #360, #50 ) ;
#861 = ORIENTED_EDGE ( 'NONE', *, *, #636, .T. ) ;
#862 = CIRCLE ( 'NONE', #317, 1.649999999999988365 ) ;
#863 = EDGE_LOOP ( 'NONE', ( #1311, #185 ) ) ;
#864 = CARTESIAN_POINT ( 'NONE',  ( -48.36052888532722704, 157.0761101042745338, -83.09206499214403152 ) ) ;
#865 = AXIS2_PLACEMENT_3D ( 'NONE', #983, #2201, #1304 ) ;
#866 = CARTESIAN_POINT ( 'NONE',  ( -47.28515008778597206, -15.53049161352367946, -103.0945649921440150 ) ) ;
#867 = VECTOR ( 'NONE', #888, 1000.000000000000000 ) ;
#868 = CARTESIAN_POINT ( 'NONE',  ( -1.760528885327242943, 76.07611010427453380, -102.1420649921440287 ) ) ;
#869 = CIRCLE ( 'NONE', #2123, 8.499999999999994671 ) ;
#870 = CYLINDRICAL_SURFACE ( 'NONE', #353, 1.649999999999986589 ) ;
#871 = DIRECTION ( 'NONE',  ( 1.000000000000000000, 0.000000000000000000, 0.000000000000000000 ) ) ;
#872 = EDGE_CURVE ( 'NONE', #478, #20, #1459, .T. ) ;
#873 = SURFACE_STYLE_FILL_AREA ( #532 ) ;
#874 = ADVANCED_FACE ( 'NONE', ( #1353 ), #102, .F. ) ;
#875 = ORIENTED_EDGE ( 'NONE', *, *, #564, .T. ) ;
#876 = VERTEX_POINT ( 'NONE', #452 ) ;
#877 = DIRECTION ( 'NONE',  ( 1.000000000000000000, 0.000000000000000000, 0.000000000000000000 ) ) ;
#878 = CARTESIAN_POINT ( 'NONE',  ( -43.96713060312543320, -18.84851109818421477, -89.12456499214403038 ) ) ;
#879 = FACE_OUTER_BOUND ( 'NONE', #597, .T. ) ;
#880 = CARTESIAN_POINT ( 'NONE',  ( -47.87624080407763927, -11.08933263471067221, -83.09206499214403152 ) ) ;
#881 = CARTESIAN_POINT ( 'NONE',  ( 9.739471114672779706, 56.07611010427451959, -102.1420649921440287 ) ) ;
#882 = DIRECTION ( 'NONE',  ( 1.000000000000000000, 0.000000000000000000, -0.000000000000000000 ) ) ;
#883 = LINE ( 'NONE', #1942, #574 ) ;
#884 = EDGE_LOOP ( 'NONE', ( #1406, #567 ) ) ;
#885 = VERTEX_POINT ( 'NONE', #842 ) ;
#886 =( LENGTH_UNIT ( ) NAMED_UNIT ( * ) SI_UNIT ( .MILLI., .METRE. ) );
#887 = EDGE_CURVE ( 'NONE', #621, #171, #777, .T. ) ;
#888 = DIRECTION ( 'NONE',  ( -0.000000000000000000, -0.000000000000000000, 1.000000000000000000 ) ) ;
#889 = DIRECTION ( 'NONE',  ( -0.000000000000000000, -0.000000000000000000, 1.000000000000000000 ) ) ;
#890 = FACE_BOUND ( 'NONE', #1628, .T. ) ;
#891 = PLANE ( 'NONE',  #601 ) ;
#892 = DIRECTION ( 'NONE',  ( 1.000000000000000000, 0.000000000000000000, 0.000000000000000000 ) ) ;
#893 = VERTEX_POINT ( 'NONE', #637 ) ;
#894 = VECTOR ( 'NONE', #224, 1000.000000000000000 ) ;
#895 = CARTESIAN_POINT ( 'NONE',  ( 27.76935079831557118, 160.1851260722347376, -83.09206499214404573 ) ) ;
#896 = CIRCLE ( 'NONE', #538, 2.499999999999998668 ) ;
#897 = AXIS2_PLACEMENT_3D ( 'NONE', #1466, #1829, #780 ) ;
#898 = DIRECTION ( 'NONE',  ( -0.000000000000000000, -0.000000000000000000, 1.000000000000000000 ) ) ;
#899 = AXIS2_PLACEMENT_3D ( 'NONE', #40, #1738, #1045 ) ;
#900 = DIRECTION ( 'NONE',  ( -0.000000000000000000, -0.000000000000000000, 1.000000000000000000 ) ) ;
#901 = FACE_BOUND ( 'NONE', #123, .T. ) ;
#902 = ADVANCED_FACE ( 'NONE', ( #1132 ), #298, .F. ) ;
#903 = DIRECTION ( 'NONE',  ( 1.000000000000000000, 0.000000000000000000, 0.000000000000000000 ) ) ;
#904 = VERTEX_POINT ( 'NONE', #1520 ) ;
#905 = CARTESIAN_POINT ( 'NONE',  ( 16.21603786837432537, 171.9874959535206642, -83.09206499214403152 ) ) ;
#906 = DIRECTION ( 'NONE',  ( 1.000000000000000000, 0.000000000000000000, 0.000000000000000000 ) ) ;
#907 = CARTESIAN_POINT ( 'NONE',  ( -46.59129713477631185, 166.9237093246537711, -83.09206499214405994 ) ) ;
#908 = DIRECTION ( 'NONE',  ( 1.000000000000000000, 0.000000000000000000, 0.000000000000000000 ) ) ;
#909 = FACE_BOUND ( 'NONE', #1722, .T. ) ;
#910 = CARTESIAN_POINT ( 'NONE',  ( 27.83947111467277580, -4.923889895725470645, -89.44206499214402584 ) ) ;
#911 = EDGE_LOOP ( 'NONE', ( #1183, #1925 ) ) ;
#912 = CARTESIAN_POINT ( 'NONE',  ( 27.35071476829339332, 163.2617679042793952, -83.09206499214403152 ) ) ;
#913 = ORIENTED_EDGE ( 'NONE', *, *, #472, .T. ) ;
#914 = CARTESIAN_POINT ( 'NONE',  ( -43.20812810558955164, 170.3068783538331559, -102.1420649921440429 ) ) ;
#915 = EDGE_CURVE ( 'NONE', #1482, #158, #462, .T. ) ;
#916 = CARTESIAN_POINT ( 'NONE',  ( 12.83947111467279001, 172.0761101042745338, -102.1420649921440287 ) ) ;
#917 = EDGE_CURVE ( 'NONE', #670, #1361, #2042, .T. ) ;
#918 = CARTESIAN_POINT ( 'NONE',  ( -44.37630155301243917, -17.31534952963260920, -102.1420649921440571 ) ) ;
#919 = CARTESIAN_POINT ( 'NONE',  ( -21.57423738431167948, 144.7624016052888862, -102.1420649921440287 ) ) ;
#920 = DIRECTION ( 'NONE',  ( 1.000000000000000000, 0.000000000000000000, 0.000000000000000000 ) ) ;
#921 = ORIENTED_EDGE ( 'NONE', *, *, #391, .F. ) ;
#922 = CARTESIAN_POINT ( 'NONE',  ( 26.73021233773111760, 165.4638036347343757, -83.09206499214403152 ) ) ;
#923 = SHAPE_DEFINITION_REPRESENTATION ( #1957, #1814 ) ;
#924 = EDGE_CURVE ( 'NONE', #64, #695, #672, .T. ) ;
#925 = PRESENTATION_LAYER_ASSIGNMENT (  '', '', ( #1213 ) ) ;
#926 = CARTESIAN_POINT ( 'NONE',  ( -18.76052888532723273, 76.07611010427453380, -102.1420649921440287 ) ) ;
#927 = CIRCLE ( 'NONE', #1320, 1.649999999999988365 ) ;
#928 = CARTESIAN_POINT ( 'NONE',  ( 19.00491385365006636, 171.5918220230266229, -102.1420649921440287 ) ) ;
#929 = VECTOR ( 'NONE', #1013, 1000.000000000000000 ) ;
#930 = EDGE_CURVE ( 'NONE', #2152, #479, #1461, .T. ) ;
#931 = CARTESIAN_POINT ( 'NONE',  ( -34.03509224840767189, -19.92388989572548041, -102.1420649921440429 ) ) ;
#932 = DIRECTION ( 'NONE',  ( 1.000000000000000000, 0.000000000000000000, 0.000000000000000000 ) ) ;
#933 = AXIS2_PLACEMENT_3D ( 'NONE', #732, #1233, #1401 ) ;
#934 = DIRECTION ( 'NONE',  ( 1.000000000000000000, 0.000000000000000000, 0.000000000000000000 ) ) ;
#935 = PRODUCT_DEFINITION_FORMATION_WITH_SPECIFIED_SOURCE ( 'ANY', '', #2109, .NOT_KNOWN. ) ;
#936 = ORIENTED_EDGE ( 'NONE', *, *, #1581, .T. ) ;
#937 = DIRECTION ( 'NONE',  ( 1.000000000000000000, 0.000000000000000000, 0.000000000000000000 ) ) ;
#938 = EDGE_CURVE ( 'NONE', #1350, #1110, #1332, .T. ) ;
#939 = ORIENTED_EDGE ( 'NONE', *, *, #1955, .F. ) ;
#940 = CARTESIAN_POINT ( 'NONE',  ( -34.71827040065586090, 172.0761101042745338, -102.1420649921440713 ) ) ;
#941 = CARTESIAN_POINT ( 'NONE',  ( 15.94717827733341942, 172.0060736816985809, -102.1420649921440145 ) ) ;
#942 = CARTESIAN_POINT ( 'NONE',  ( -35.77015589047354638, -19.88942188492977436, -102.1420649921440145 ) ) ;
#943 = CARTESIAN_POINT ( 'NONE',  ( -33.36052888532722704, 172.0761101042745338, -89.12456499214403038 ) ) ;
#944 = DIRECTION ( 'NONE',  ( -0.000000000000000000, -0.000000000000000000, 1.000000000000000000 ) ) ;
#945 = EDGE_LOOP ( 'NONE', ( #1276, #2148, #1802, #939 ) ) ;
#946 = DIRECTION ( 'NONE',  ( -0.000000000000000000, -0.000000000000000000, 1.000000000000000000 ) ) ;
#947 = EDGE_LOOP ( 'NONE', ( #1279, #2072 ) ) ;
#948 = CARTESIAN_POINT ( 'NONE',  ( -37.83828479596210315, 171.8898978954189545, -83.09206499214403152 ) ) ;
#949 = CARTESIAN_POINT ( 'NONE',  ( -48.30937689058255557, 159.8546432265613646, -102.1420649921440145 ) ) ;
#950 = CARTESIAN_POINT ( 'NONE',  ( 23.06008509530328965, 170.0359153850860139, -102.1420649921440145 ) ) ;
#951 = CARTESIAN_POINT ( 'NONE',  ( -36.43392172709276622, -19.85603386416648419, -102.1420649921440287 ) ) ;
#952 = CARTESIAN_POINT ( 'NONE',  ( 12.83947111467277757, -19.92388989572546620, -89.12456499214403038 ) ) ;
#953 = ORIENTED_EDGE ( 'NONE', *, *, #139, .F. ) ;
#954 = DIRECTION ( 'NONE',  ( -0.000000000000000000, -0.000000000000000000, 1.000000000000000000 ) ) ;
#955 = ORIENTED_EDGE ( 'NONE', *, *, #762, .F. ) ;
#956 = CARTESIAN_POINT ( 'NONE',  ( -36.61549672238884767, -19.84398531824550105, -83.09206499214403152 ) ) ;
#957 = DIRECTION ( 'NONE',  ( -0.000000000000000000, -0.000000000000000000, 1.000000000000000000 ) ) ;
#958 = CARTESIAN_POINT ( 'NONE',  ( -48.29267285376825214, 160.1495029460391208, -102.1420649921440287 ) ) ;
#959 = PRODUCT_RELATED_PRODUCT_CATEGORY ( 'part', '', ( #2109 ) ) ;
#960 = CIRCLE ( 'NONE', #1964, 1.649999999999984812 ) ;
#961 = CARTESIAN_POINT ( 'NONE',  ( 19.02512891467705813, 171.5873537578955847, -102.1420649921440287 ) ) ;
#962 = VECTOR ( 'NONE', #173, 1000.000000000000000 ) ;
#963 = DIRECTION ( 'NONE',  ( -0.000000000000000000, -0.000000000000000000, 1.000000000000000000 ) ) ;
#964 = DIRECTION ( 'NONE',  ( 1.000000000000000000, 0.000000000000000000, 0.000000000000000000 ) ) ;
#965 = VECTOR ( 'NONE', #1152, 1000.000000000000000 ) ;
#966 = CARTESIAN_POINT ( 'NONE',  ( 27.83947111467277580, -4.923889895725467092, -89.12456499214403038 ) ) ;
#967 = ORIENTED_EDGE ( 'NONE', *, *, #1891, .F. ) ;
#968 = FACE_OUTER_BOUND ( 'NONE', #970, .T. ) ;
#969 = ORIENTED_EDGE ( 'NONE', *, *, #1092, .T. ) ;
#970 = EDGE_LOOP ( 'NONE', ( #236, #1119, #1907, #2087 ) ) ;
#971 = CARTESIAN_POINT ( 'NONE',  ( -47.31964282327201943, 165.2137703209146764, -83.09206499214401731 ) ) ;
#972 = DIRECTION ( 'NONE',  ( -0.000000000000000000, -0.000000000000000000, 1.000000000000000000 ) ) ;
#973 = CARTESIAN_POINT ( 'NONE',  ( -23.22423738430695295, 7.389818603259266538, -83.09206499214403152 ) ) ;
#974 = CARTESIAN_POINT ( 'NONE',  ( -1.760528885327241166, 76.07611010427453380, -83.09206499214403152 ) ) ;
#975 = CARTESIAN_POINT ( 'NONE',  ( -48.28062430784619607, -8.178857732801612102, -102.1420649921440287 ) ) ;
#976 = CARTESIAN_POINT ( 'NONE',  ( 23.06008509531059048, -17.88369517652640894, -83.09206499214404573 ) ) ;
#977 = CARTESIAN_POINT ( 'NONE',  ( -33.36052888532719862, -19.92388989572546620, -102.1420649921440287 ) ) ;
#978 = ORIENTED_EDGE ( 'NONE', *, *, #1263, .F. ) ;
#979 = DIRECTION ( 'NONE',  ( -0.000000000000000000, -0.000000000000000000, 1.000000000000000000 ) ) ;
#980 = ORIENTED_EDGE ( 'NONE', *, *, #270, .F. ) ;
#981 = VERTEX_POINT ( 'NONE', #1159 ) ;
#982 = CARTESIAN_POINT ( 'NONE',  ( -36.52388213088342184, -19.85021219213748012, -83.09206499214401731 ) ) ;
#983 = CARTESIAN_POINT ( 'NONE',  ( -21.57423738430696503, 7.389818603259266538, -83.09206499214403152 ) ) ;
#984 = CARTESIAN_POINT ( 'NONE',  ( 7.239471114672783258, 56.07611010427451959, -102.1420649921440287 ) ) ;
#985 = CARTESIAN_POINT ( 'NONE',  ( 27.36001937289326236, -11.06736541549791752, -102.1420649921440713 ) ) ;
#986 = EDGE_CURVE ( 'NONE', #1117, #1156, #1968, .T. ) ;
#987 = CARTESIAN_POINT ( 'NONE',  ( 27.83947111467277580, 157.0761101042745338, -82.13956499214403095 ) ) ;
#988 = CARTESIAN_POINT ( 'NONE',  ( -0.5968203863420140642, 144.7624016052888862, -102.1420649921440287 ) ) ;
#989 = ORIENTED_EDGE ( 'NONE', *, *, #523, .F. ) ;
#990 = ORIENTED_EDGE ( 'NONE', *, *, #1198, .T. ) ;
#991 = EDGE_LOOP ( 'NONE', ( #1750, #1669 ) ) ;
#992 = CARTESIAN_POINT ( 'NONE',  ( -48.25309990318500297, 160.6939757012752352, -83.09206499214403152 ) ) ;
#993 = CARTESIAN_POINT ( 'NONE',  ( 9.739471114672779706, 56.07611010427451959, -83.09206499214403152 ) ) ;
#994 = CARTESIAN_POINT ( 'NONE',  ( 27.76943469209676252, -8.031597058386724441, -102.1420649921440145 ) ) ;
#995 = CARTESIAN_POINT ( 'NONE',  ( -23.22423738431166385, 144.7624016052888862, -102.1420649921440287 ) ) ;
#996 = CIRCLE ( 'NONE', #93, 1.649999999999984812 ) ;
#997 = CARTESIAN_POINT ( 'NONE',  ( -48.36052888532722704, 159.5990808772837113, -82.13956499214403095 ) ) ;
#998 = ADVANCED_FACE ( 'NONE', ( #308 ), #1835, .F. ) ;
#999 = CARTESIAN_POINT ( 'NONE',  ( 1.053179613662445169, -15.23759839471036415, -102.1420649921440287 ) ) ;
#1000 = VECTOR ( 'NONE', #491, 1000.000000000000000 ) ;
#1001 = ORIENTED_EDGE ( 'NONE', *, *, #30, .T. ) ;
#1002 = VECTOR ( 'NONE', #1933, 1000.000000000000000 ) ;
#1003 = VERTEX_POINT ( 'NONE', #1649 ) ;
#1004 = VERTEX_POINT ( 'NONE', #2030 ) ;
#1005 = LINE ( 'NONE', #1365, #962 ) ;
#1006 = DIRECTION ( 'NONE',  ( -0.000000000000000000, -0.000000000000000000, 1.000000000000000000 ) ) ;
#1007 = CARTESIAN_POINT ( 'NONE',  ( -23.22423738431166740, 144.7624016052888862, -83.09206499214403152 ) ) ;
#1008 = EDGE_CURVE ( 'NONE', #820, #1438, #2178, .T. ) ;
#1009 = B_SPLINE_CURVE_WITH_KNOTS ( 'NONE', 3,
 ( #2020, #1305, #1188, #1994 ),
 .UNSPECIFIED., .F., .F.,
 ( 4, 4 ),
 ( 0.000000000000000000, 1.000000000000000000 ),
 .UNSPECIFIED. ) ;
#1010 = CARTESIAN_POINT ( 'NONE',  ( 23.88086480913646170, -17.29502605304320184, -102.1420649921440145 ) ) ;
#1011 = CARTESIAN_POINT ( 'NONE',  ( 12.83947111467277757, 172.0761101042745338, -89.44206499214402584 ) ) ;
#1012 = CARTESIAN_POINT ( 'NONE',  ( 15.61800423698610629, -19.87273790098077697, -83.09206499214404573 ) ) ;
#1013 = DIRECTION ( 'NONE',  ( -0.000000000000000000, -0.000000000000000000, 1.000000000000000000 ) ) ;
#1014 = ORIENTED_EDGE ( 'NONE', *, *, #281, .F. ) ;
#1015 = ORIENTED_EDGE ( 'NONE', *, *, #1085, .T. ) ;
#1016 = ORIENTED_EDGE ( 'NONE', *, *, #1487, .T. ) ;
#1017 = FACE_OUTER_BOUND ( 'NONE', #1686, .T. ) ;
#1018 = CARTESIAN_POINT ( 'NONE',  ( 7.239471114672782370, 96.07611010427451959, -83.09206499214403152 ) ) ;
#1019 = CARTESIAN_POINT ( 'NONE',  ( 1.053179613657971192, 144.7624016052888862, -83.09206499214403152 ) ) ;
#1020 = ADVANCED_FACE ( 'NONE', ( #1485 ), #1858, .F. ) ;
#1021 = DIRECTION ( 'NONE',  ( -0.000000000000000000, -1.000000000000000000, -0.000000000000000000 ) ) ;
#1022 = CARTESIAN_POINT ( 'NONE',  ( -48.28829534788943789, -8.065377864565487442, -102.1420649921440145 ) ) ;
#1023 = CARTESIAN_POINT ( 'NONE',  ( -48.17431667642312476, -9.401645806574391528, -83.09206499214403152 ) ) ;
#1024 = CARTESIAN_POINT ( 'NONE',  ( -24.61052888532227101, -3.923889895725382715, -83.09206499214403152 ) ) ;
#1025 = VERTEX_POINT ( 'NONE', #623 ) ;
#1026 = EDGE_CURVE ( 'NONE', #893, #1764, #1234, .T. ) ;
#1027 = VERTEX_POINT ( 'NONE', #62 ) ;
#1028 = ORIENTED_EDGE ( 'NONE', *, *, #2099, .F. ) ;
#1029 = CYLINDRICAL_SURFACE ( 'NONE', #1635, 1.649999999999988365 ) ;
#1030 = CARTESIAN_POINT ( 'NONE',  ( -35.88349965833642585, -19.92388989572546620, -103.0945649921440150 ) ) ;
#1031 = EDGE_CURVE ( 'NONE', #820, #295, #505, .T. ) ;
#1032 = FACE_OUTER_BOUND ( 'NONE', #824, .T. ) ;
#1033 = CARTESIAN_POINT ( 'NONE',  ( -48.36052888532722704, -4.923889895725470645, -83.09206499214403152 ) ) ;
#1034 = DIRECTION ( 'NONE',  ( 1.000000000000000000, 0.000000000000000000, 0.000000000000000000 ) ) ;
#1035 = SURFACE_STYLE_USAGE ( .BOTH. , #733 ) ;
#1036 = AXIS2_PLACEMENT_3D ( 'NONE', #2104, #544, #1402 ) ;
#1037 = ORIENTED_EDGE ( 'NONE', *, *, #1891, .T. ) ;
#1038 = AXIS2_PLACEMENT_3D ( 'NONE', #1109, #1312, #1096 ) ;
#1039 = ORIENTED_EDGE ( 'NONE', *, *, #1955, .T. ) ;
#1040 = DIRECTION ( 'NONE',  ( 1.000000000000000000, 0.000000000000000000, 0.000000000000000000 ) ) ;
#1041 = CIRCLE ( 'NONE', #686, 1.649999999999984812 ) ;
#1042 = CIRCLE ( 'NONE', #2228, 1.649999999999984812 ) ;
#1043 = LINE ( 'NONE', #6, #425 ) ;
#1044 = CARTESIAN_POINT ( 'NONE',  ( -48.29085771136961114, -8.025902549328607805, -83.09206499214404573 ) ) ;
#1045 = DIRECTION ( 'NONE',  ( 1.000000000000000000, 0.000000000000000000, 0.000000000000000000 ) ) ;
#1046 = ORIENTED_EDGE ( 'NONE', *, *, #762, .T. ) ;
#1047 = VERTEX_POINT ( 'NONE', #1437 ) ;
#1048 = ORIENTED_EDGE ( 'NONE', *, *, #440, .F. ) ;
#1049 = CARTESIAN_POINT ( 'NONE',  ( 19.06304641343501416, 171.5788951392995898, -83.09206499214401731 ) ) ;
#1050 = CARTESIAN_POINT ( 'NONE',  ( -38.40647043134562466, -19.92388989572546620, -103.0945649921440150 ) ) ;
#1051 = CARTESIAN_POINT ( 'NONE',  ( 1.053179613662682756, 7.389818603259028507, -102.1420649921440287 ) ) ;
#1052 = DIRECTION ( 'NONE',  ( 1.000000000000000000, 0.000000000000000000, 0.000000000000000000 ) ) ;
#1053 = FACE_OUTER_BOUND ( 'NONE', #630, .T. ) ;
#1054 = CARTESIAN_POINT ( 'NONE',  ( -27.76052888532723273, 56.07611010427451959, -83.09206499214403152 ) ) ;
#1055 = ORIENTED_EDGE ( 'NONE', *, *, #469, .F. ) ;
#1056 = VERTEX_POINT ( 'NONE', #1225 ) ;
#1057 = CARTESIAN_POINT ( 'NONE',  ( 27.35518303342498569, 163.2415528432466374, -83.09206499214403152 ) ) ;
#1058 = DIRECTION ( 'NONE',  ( -0.000000000000000000, -0.000000000000000000, 1.000000000000000000 ) ) ;
#1059 = DIRECTION ( 'NONE',  ( 1.000000000000000000, 0.000000000000000000, 0.000000000000000000 ) ) ;
#1060 = EDGE_CURVE ( 'NONE', #86, #1697, #1103, .T. ) ;
#1061 = CARTESIAN_POINT ( 'NONE',  ( 27.44857310217925317, -10.67253564052534465, -83.09206499214404573 ) ) ;
#1062 = FACE_BOUND ( 'NONE', #296, .T. ) ;
#1063 = DIRECTION ( 'NONE',  ( -0.000000000000000000, -0.000000000000000000, 1.000000000000000000 ) ) ;
#1064 = ORIENTED_EDGE ( 'NONE', *, *, #366, .F. ) ;
#1065 = CARTESIAN_POINT ( 'NONE',  ( 15.24145793793983295, 172.0522233601103039, -83.09206499214404573 ) ) ;
#1066 = FACE_OUTER_BOUND ( 'NONE', #1291, .T. ) ;
#1067 = AXIS2_PLACEMENT_3D ( 'NONE', #278, #97, #1831 ) ;
#1068 = AXIS2_PLACEMENT_3D ( 'NONE', #1740, #203, #32 ) ;
#1069 = CARTESIAN_POINT ( 'NONE',  ( 27.83947111467277580, 172.0761101042745338, -102.1420649921440287 ) ) ;
#1070 = EDGE_CURVE ( 'NONE', #1004, #95, #1778, .T. ) ;
#1071 = AXIS2_PLACEMENT_3D ( 'NONE', #1488, #1878, #854 ) ;
#1072 = CARTESIAN_POINT ( 'NONE',  ( -38.71687615668513871, 171.7524566672443314, -83.09206499214401731 ) ) ;
#1073 = CIRCLE ( 'NONE', #104, 2.499999999999998668 ) ;
#1074 = FACE_BOUND ( 'NONE', #2026, .T. ) ;
#1075 = CARTESIAN_POINT ( 'NONE',  ( 27.83947111467277580, 172.0761101042745338, -83.09206499214403152 ) ) ;
#1076 = ORIENTED_EDGE ( 'NONE', *, *, #1452, .F. ) ;
#1077 = CARTESIAN_POINT ( 'NONE',  ( -33.36052888532719862, -19.92388989572546620, -102.1420649921440287 ) ) ;
#1078 = PRODUCT_DEFINITION_CONTEXT ( 'detailed design', #1405, 'design' ) ;
#1079 = EDGE_CURVE ( 'NONE', #1817, #1166, #1784, .T. ) ;
#1080 = CARTESIAN_POINT ( 'NONE',  ( -40.56392490404895312, 171.3307572817677453, -102.1420649921440145 ) ) ;
#1081 = CARTESIAN_POINT ( 'NONE',  ( -26.26052888532225893, -3.923889895725382715, -83.09206499214403152 ) ) ;
#1082 = DIRECTION ( 'NONE',  ( 0.000000000000000000, -0.000000000000000000, 1.000000000000000000 ) ) ;
#1083 = CARTESIAN_POINT ( 'NONE',  ( -47.86331392035225463, -11.14746519448737949, -102.1420649921440429 ) ) ;
#1084 = CARTESIAN_POINT ( 'NONE',  ( -27.91052888532224330, -3.923889895725382715, -83.09206499214403152 ) ) ;
#1085 = EDGE_CURVE ( 'NONE', #1111, #2039, #743, .T. ) ;
#1086 = ORIENTED_EDGE ( 'NONE', *, *, #2144, .T. ) ;
#1087 = CARTESIAN_POINT ( 'NONE',  ( 27.77901459041808252, 160.0263268528987908, -83.09206499214401731 ) ) ;
#1088 = VERTEX_POINT ( 'NONE', #1769 ) ;
#1089 = CARTESIAN_POINT ( 'NONE',  ( -36.61549672236140651, 171.9962055267954781, -102.1420649921440571 ) ) ;
#1090 = CARTESIAN_POINT ( 'NONE',  ( 27.33983373917906334, 163.3104706855989150, -102.1420649921440145 ) ) ;
#1091 = DIRECTION ( 'NONE',  ( 0.000000000000000000, 0.000000000000000000, -1.000000000000000000 ) ) ;
#1092 = EDGE_CURVE ( 'NONE', #169, #349, #1762, .T. ) ;
#1093 = DIRECTION ( 'NONE',  ( 1.000000000000000000, 0.000000000000000000, 0.000000000000000000 ) ) ;
#1094 = CARTESIAN_POINT ( 'NONE',  ( 17.88541266069117341, -19.92388989572546620, -96.10956499213720861 ) ) ;
#1095 = VERTEX_POINT ( 'NONE', #1242 ) ;
#1096 = DIRECTION ( 'NONE',  ( 1.000000000000000000, 0.000000000000000000, 0.000000000000000000 ) ) ;
#1097 = ORIENTED_EDGE ( 'NONE', *, *, #1929, .F. ) ;
#1098 = CIRCLE ( 'NONE', #2113, 2.499999999999996891 ) ;
#1099 = AXIS2_PLACEMENT_3D ( 'NONE', #835, #677, #1705 ) ;
#1100 = CARTESIAN_POINT ( 'NONE',  ( -47.87177253894833484, 163.2617679042786847, -102.1420649921440571 ) ) ;
#1101 = AXIS2_PLACEMENT_3D ( 'NONE', #1951, #410, #1034 ) ;
#1102 = CARTESIAN_POINT ( 'NONE',  ( 18.62002197771098366, 171.6726094866187680, -102.1420649921440571 ) ) ;
#1103 = CIRCLE ( 'NONE', #65, 1.649999999999984812 ) ;
#1104 = CARTESIAN_POINT ( 'NONE',  ( -36.13906200762080090, -19.87273790098078763, -102.1420649921440145 ) ) ;
#1105 = CYLINDRICAL_SURFACE ( 'NONE', #816, 1.649999999999986589 ) ;
#1106 = CIRCLE ( 'NONE', #721, 1.649999999999988365 ) ;
#1107 = CARTESIAN_POINT ( 'NONE',  ( 23.44607283247098906, -18.84851109818421477, -82.13956499214403095 ) ) ;
#1108 = ORIENTED_EDGE ( 'NONE', *, *, #1366, .T. ) ;
#1109 = CARTESIAN_POINT ( 'NONE',  ( 1.053179613657974745, 167.3898186032582771, -83.09206499214403152 ) ) ;
#1110 = VERTEX_POINT ( 'NONE', #1390 ) ;
#1111 = VERTEX_POINT ( 'NONE', #2105 ) ;
#1112 = CARTESIAN_POINT ( 'NONE',  ( -48.36052888532722704, 157.0761101042746191, -102.1420649921440287 ) ) ;
#1113 = CARTESIAN_POINT ( 'NONE',  ( 17.31722702529943447, 171.8898978954189829, -102.1420649921440571 ) ) ;
#1114 = CARTESIAN_POINT ( 'NONE',  ( -33.36052888532719862, -19.92388989572546620, -102.1420649921440287 ) ) ;
#1115 = DIRECTION ( 'NONE',  ( -0.000000000000000000, -0.000000000000000000, 1.000000000000000000 ) ) ;
#1116 = CARTESIAN_POINT ( 'NONE',  ( 27.83947111467277580, -4.923889895725467092, -82.13956499214403095 ) ) ;
#1117 = VERTEX_POINT ( 'NONE', #1054 ) ;
#1118 = DIRECTION ( 'NONE',  ( 1.000000000000000000, 0.000000000000000000, 0.000000000000000000 ) ) ;
#1119 = ORIENTED_EDGE ( 'NONE', *, *, #917, .T. ) ;
#1120 = CARTESIAN_POINT ( 'NONE',  ( -43.58114286599318632, 170.0359153850739631, -83.09206499214403152 ) ) ;
#1121 = CARTESIAN_POINT ( 'NONE',  ( -27.91052888532684406, 156.0761101042735675, -83.09206499214403152 ) ) ;
#1122 = EDGE_CURVE ( 'NONE', #1943, #876, #883, .T. ) ;
#1123 = DIRECTION ( 'NONE',  ( 1.000000000000000000, 0.000000000000000000, 0.000000000000000000 ) ) ;
#1124 = DIRECTION ( 'NONE',  ( -0.000000000000000000, -0.000000000000000000, 1.000000000000000000 ) ) ;
#1125 = CARTESIAN_POINT ( 'NONE',  ( -35.88349965833642585, 172.0761101042745338, -89.12456499214403038 ) ) ;
#1126 = CARTESIAN_POINT ( 'NONE',  ( 27.83947111467277580, -7.446860668734664124, -96.10956499213720861 ) ) ;
#1127 = ORIENTED_EDGE ( 'NONE', *, *, #617, .T. ) ;
#1128 = CYLINDRICAL_SURFACE ( 'NONE', #1067, 2.499999999999995115 ) ;
#1129 = EDGE_LOOP ( 'NONE', ( #2166, #226, #1843, #1227 ) ) ;
#1130 = ORIENTED_EDGE ( 'NONE', *, *, #1085, .F. ) ;
#1131 = CARTESIAN_POINT ( 'NONE',  ( -45.73166504264634824, 168.1175037987235044, -83.09206499214403152 ) ) ;
#1132 = FACE_OUTER_BOUND ( 'NONE', #1468, .T. ) ;
#1133 = DIRECTION ( 'NONE',  ( -0.000000000000000000, -0.000000000000000000, 1.000000000000000000 ) ) ;
#1134 = CARTESIAN_POINT ( 'NONE',  ( 18.98294663444188757, 171.5966583624955888, -102.1420649921440571 ) ) ;
#1135 = AXIS2_PLACEMENT_3D ( 'NONE', #332, #841, #660 ) ;
#1136 = CARTESIAN_POINT ( 'NONE',  ( 17.88541266069117341, 172.0761101042745338, -96.10956499213720861 ) ) ;
#1137 = CARTESIAN_POINT ( 'NONE',  ( 18.82835075140797798, -19.47768404611817061, -83.09206499214403152 ) ) ;
#1138 = AXIS2_PLACEMENT_3D ( 'NONE', #320, #1006, #2168 ) ;
#1139 = CARTESIAN_POINT ( 'NONE',  ( 12.83947111467277757, -19.92388989572546620, -96.10956499213720861 ) ) ;
#1140 = EDGE_LOOP ( 'NONE', ( #525, #280, #476, #450 ) ) ;
#1141 = AXIS2_PLACEMENT_3D ( 'NONE', #1503, #1853, #521 ) ;
#1142 = DIRECTION ( 'NONE',  ( -0.000000000000000000, -0.000000000000000000, 1.000000000000000000 ) ) ;
#1143 = CIRCLE ( 'NONE', #286, 1.649999999999984812 ) ;
#1144 = ORIENTED_EDGE ( 'NONE', *, *, #693, .F. ) ;
#1145 = EDGE_CURVE ( 'NONE', #885, #704, #225, .T. ) ;
#1146 = CARTESIAN_POINT ( 'NONE',  ( -36.73709563900897024, -19.83527574497474077, -83.09206499214403152 ) ) ;
#1147 = CARTESIAN_POINT ( 'NONE',  ( 9.739471114672779706, 96.07611010427451959, -102.1420649921440287 ) ) ;
#1148 = DIRECTION ( 'NONE',  ( 1.000000000000000000, 0.000000000000000000, 0.000000000000000000 ) ) ;
#1149 = CARTESIAN_POINT ( 'NONE',  ( 15.98095908351097805, -19.85165635828784403, -102.1420649921440571 ) ) ;
#1150 = CARTESIAN_POINT ( 'NONE',  ( 17.88541266069117341, 172.0761101042745338, -82.13956499214403095 ) ) ;
#1151 = CARTESIAN_POINT ( 'NONE',  ( 15.91286395644107188, -19.85603386416647353, -83.09206499214403152 ) ) ;
#1152 = DIRECTION ( 'NONE',  ( -0.000000000000000000, -0.000000000000000000, 1.000000000000000000 ) ) ;
#1153 = B_SPLINE_CURVE_WITH_KNOTS ( 'NONE', 3,
 ( #1844, #642, #1840, #1324 ),
 .UNSPECIFIED., .F., .F.,
 ( 4, 4 ),
 ( 0.000000000000000000, 1.000000000000000000 ),
 .UNSPECIFIED. ) ;
#1154 = ORIENTED_EDGE ( 'NONE', *, *, #847, .T. ) ;
#1155 = CARTESIAN_POINT ( 'NONE',  ( -19.92423738431168800, 167.3898186032582771, -83.09206499214403152 ) ) ;
#1156 = VERTEX_POINT ( 'NONE', #402 ) ;
#1157 = EDGE_LOOP ( 'NONE', ( #1130, #428, #1780, #1205 ) ) ;
#1158 = PLANE ( 'NONE',  #1281 ) ;
#1159 = CARTESIAN_POINT ( 'NONE',  ( -19.92423738431169156, 167.3898186032582771, -102.1420649921440287 ) ) ;
#1160 = DIRECTION ( 'NONE',  ( 1.000000000000000000, 0.000000000000000000, 0.000000000000000000 ) ) ;
#1161 = EDGE_CURVE ( 'NONE', #4, #1371, #1875, .T. ) ;
#1162 = CARTESIAN_POINT ( 'NONE',  ( -21.57423738431167592, 167.3898186032582771, -102.1420649921440287 ) ) ;
#1163 = CARTESIAN_POINT ( 'NONE',  ( -48.28868203764569955, -8.059480308208369692, -102.1420649921440287 ) ) ;
#1164 = CARTESIAN_POINT ( 'NONE',  ( 27.33983373917919124, -11.15825047704965733, -83.09206499214405994 ) ) ;
#1165 = FACE_OUTER_BOUND ( 'NONE', #522, .T. ) ;
#1166 = VERTEX_POINT ( 'NONE', #1018 ) ;
#1167 = ADVANCED_FACE ( 'NONE', ( #2085 ), #1749, .F. ) ;
#1168 = EDGE_CURVE ( 'NONE', #1893, #1249, #1181, .T. ) ;
#1169 = ORIENTED_EDGE ( 'NONE', *, *, #78, .F. ) ;
#1170 = ORIENTED_EDGE ( 'NONE', *, *, #449, .F. ) ;
#1171 = CARTESIAN_POINT ( 'NONE',  ( -48.33664214116299007, 159.4780969274721940, -83.09206499214407415 ) ) ;
#1172 = DIRECTION ( 'NONE',  ( -0.000000000000000000, -0.000000000000000000, 1.000000000000000000 ) ) ;
#1173 = DIRECTION ( 'NONE',  ( -0.000000000000000000, -0.000000000000000000, 1.000000000000000000 ) ) ;
#1174 = LINE ( 'NONE', #1691, #1753 ) ;
#1175 = CARTESIAN_POINT ( 'NONE',  ( 27.83947111467277580, 162.1220516502929172, -96.10956499213720861 ) ) ;
#1176 = CIRCLE ( 'NONE', #275, 1.649999999999988365 ) ;
#1177 = CARTESIAN_POINT ( 'NONE',  ( -43.96713060312544030, 171.0007313067332575, -96.10956499213720861 ) ) ;
#1178 = DIRECTION ( 'NONE',  ( -0.000000000000000000, -0.000000000000000000, 1.000000000000000000 ) ) ;
#1179 = AXIS2_PLACEMENT_3D ( 'NONE', #534, #404, #1217 ) ;
#1180 = VERTEX_POINT ( 'NONE', #19 ) ;
#1181 = CIRCLE ( 'NONE', #749, 1.649999999999985256 ) ;
#1182 = AXIS2_PLACEMENT_3D ( 'NONE', #1223, #710, #908 ) ;
#1183 = ORIENTED_EDGE ( 'NONE', *, *, #930, .F. ) ;
#1184 = ORIENTED_EDGE ( 'NONE', *, *, #1606, .F. ) ;
#1185 = LINE ( 'NONE', #1710, #1000 ) ;
#1186 = VECTOR ( 'NONE', #1344, 1000.000000000000000 ) ;
#1187 = DIRECTION ( 'NONE',  ( -0.000000000000000000, -0.000000000000000000, 1.000000000000000000 ) ) ;
#1188 = CARTESIAN_POINT ( 'NONE',  ( 12.83947111467277757, -19.92388989572546620, -89.44206499214402584 ) ) ;
#1189 = B_SPLINE_CURVE_WITH_KNOTS ( 'NONE', 3,
 ( #1033, #2102, #731, #1546, #1385, #2093, #358, #541, #530, #1044, #16, #210, #723, #1023, #689, #1565, #700, #2059, #1222, #880, #346, #189, #8, #1376, #2069, #1554, #1737, #199, #1400, #1232, #1922, #1575, #39, #560, #267, #387, #1938, #1621, #774, #257, #1584, #1146, #956, #1458, #982, #739, #800, #1633, #222, #1758, #1494 ),
 .UNSPECIFIED., .F., .F.,
 ( 4, 1, 1, 1, 1, 1, 1, 1, 2, 2, 1, 1, 1, 1, 1, 1, 2, 2, 2, 2, 1, 1, 1, 1, 1, 1, 1, 2, 2, 1, 1, 1, 1, 1, 1, 1, 2, 2, 4 ),
 ( 0.000000000000000000, 0.06249999999999726608, 0.09374999999999586442, 0.1093749999999951844, 0.1171874999999947681, 0.1210937499999945183, 0.1230468749999944350, 0.1240234374999945738, 0.1245117187499946154, 0.1249999999999946432, 0.1875000000000077161, 0.2187500000000143219, 0.2343750000000177358, 0.2421875000000194289, 0.2460937500000201783, 0.2480468750000206501, 0.2490234375000210110, 0.2500000000000213163, 0.3750000000000560108, 0.5000000000000907052, 0.6250000000001254552, 0.6875000000001432188, 0.7187500000001522116, 0.7343750000001566525, 0.7421875000001588729, 0.7460937500001598721, 0.7480468750001604272, 0.7490234375001604272, 0.7500000000001603162, 0.8125000000001498801, 0.8437500000001449951, 0.8593750000001424416, 0.8671875000001412204, 0.8710937500001402212, 0.8730468750001396661, 0.8740234375001394440, 0.8745117187501387779, 0.8750000000001382228, 1.000000000000000000 ),
 .UNSPECIFIED. ) ;
#1190 = CARTESIAN_POINT ( 'NONE',  ( 25.23093074863547258, -15.93966256335713183, -102.1420649921440571 ) ) ;
#1191 = CARTESIAN_POINT ( 'NONE',  ( 4.089471114673165708, 156.0761101042735675, -83.09206499214403152 ) ) ;
#1192 = CARTESIAN_POINT ( 'NONE',  ( -43.96713060312544030, 171.0007313067332575, -82.13956499214403095 ) ) ;
#1193 = ADVANCED_FACE ( 'NONE', ( #1424 ), #1578, .F. ) ;
#1194 = DIRECTION ( 'NONE',  ( 0.000000000000000000, 1.000000000000000000, 0.000000000000000000 ) ) ;
#1195 = ORIENTED_EDGE ( 'NONE', *, *, #294, .F. ) ;
#1196 = DIRECTION ( 'NONE',  ( 0.000000000000000000, 0.000000000000000000, 1.000000000000000000 ) ) ;
#1197 = VERTEX_POINT ( 'NONE', #712 ) ;
#1198 = EDGE_CURVE ( 'NONE', #295, #820, #2082, .T. ) ;
#1199 = ORIENTED_EDGE ( 'NONE', *, *, #631, .F. ) ;
#1200 = CARTESIAN_POINT ( 'NONE',  ( -21.57423738431167948, 144.7624016052888862, -83.09206499214403152 ) ) ;
#1201 = CARTESIAN_POINT ( 'NONE',  ( -30.26052888532722918, 96.07611010427451959, -102.1420649921440287 ) ) ;
#1202 = CARTESIAN_POINT ( 'NONE',  ( -0.5968203863375401985, -15.23759839471036415, -102.1420649921440287 ) ) ;
#1203 = LINE ( 'NONE', #1348, #965 ) ;
#1204 = ORIENTED_EDGE ( 'NONE', *, *, #281, .T. ) ;
#1205 = ORIENTED_EDGE ( 'NONE', *, *, #1877, .T. ) ;
#1206 = ORIENTED_EDGE ( 'NONE', *, *, #793, .T. ) ;
#1207 = CARTESIAN_POINT ( 'NONE',  ( -48.27191473457685333, 160.4526768579441978, -83.09206499214403152 ) ) ;
#1208 = DIRECTION ( 'NONE',  ( -0.000000000000000000, -0.000000000000000000, 1.000000000000000000 ) ) ;
#1209 = CARTESIAN_POINT ( 'NONE',  ( -30.26052888532722918, 96.07611010427451959, -83.09206499214403152 ) ) ;
#1210 = EDGE_CURVE ( 'NONE', #171, #621, #357, .T. ) ;
#1211 = FACE_BOUND ( 'NONE', #350, .T. ) ;
#1212 = DIRECTION ( 'NONE',  ( 0.000000000000000000, -0.000000000000000000, 1.000000000000000000 ) ) ;
#1213 = STYLED_ITEM ( 'NONE', ( #1378 ), #51 ) ;
#1214 = ORIENTED_EDGE ( 'NONE', *, *, #1812, .T. ) ;
#1215 = VECTOR ( 'NONE', #979, 1000.000000000000000 ) ;
#1216 = VERTEX_POINT ( 'NONE', #1924 ) ;
#1217 = DIRECTION ( 'NONE',  ( 1.000000000000000000, 0.000000000000000000, 0.000000000000000000 ) ) ;
#1218 = VECTOR ( 'NONE', #2096, 1000.000000000000000 ) ;
#1219 = ADVANCED_FACE ( 'NONE', ( #577 ), #1607, .F. ) ;
#1220 = CIRCLE ( 'NONE', #1432, 2.499999999999996891 ) ;
#1221 = CYLINDRICAL_SURFACE ( 'NONE', #1538, 1.649999999999984812 ) ;
#1222 = CARTESIAN_POINT ( 'NONE',  ( -47.88107714354537592, -11.06736541550830211, -83.09206499214404573 ) ) ;
#1223 = CARTESIAN_POINT ( 'NONE',  ( 9.739471114672779706, 56.07611010427451959, -83.09206499214403152 ) ) ;
#1224 = FACE_BOUND ( 'NONE', #1412, .T. ) ;
#1225 = CARTESIAN_POINT ( 'NONE',  ( 27.83947111467277580, 157.0761101042746191, -102.1420649921440287 ) ) ;
#1226 = EDGE_LOOP ( 'NONE', ( #1918, #1992 ) ) ;
#1227 = ORIENTED_EDGE ( 'NONE', *, *, #396, .T. ) ;
#1228 = CARTESIAN_POINT ( 'NONE',  ( 19.11898398748104810, 171.5662605580629361, -83.09206499214403152 ) ) ;
#1229 = DIRECTION ( 'NONE',  ( 1.000000000000000000, 0.000000000000000000, 0.000000000000000000 ) ) ;
#1230 = DIRECTION ( 'NONE',  ( 1.000000000000000000, -0.000000000000000000, -0.000000000000000000 ) ) ;
#1231 = EDGE_CURVE ( 'NONE', #4, #893, #1041, .T. ) ;
#1232 = CARTESIAN_POINT ( 'NONE',  ( -40.56392490411827367, -19.17853707315601497, -83.09206499214404573 ) ) ;
#1233 = DIRECTION ( 'NONE',  ( -0.000000000000000000, -0.000000000000000000, 1.000000000000000000 ) ) ;
#1234 = LINE ( 'NONE', #1084, #1002 ) ;
#1235 = ORIENTED_EDGE ( 'NONE', *, *, #1161, .F. ) ;
#1236 = CARTESIAN_POINT ( 'NONE',  ( 16.00282436023161736, 172.0024324006861320, -83.09206499214404573 ) ) ;
#1237 = EDGE_CURVE ( 'NONE', #1095, #566, #1544, .T. ) ;
#1238 = DIRECTION ( 'NONE',  ( 1.000000000000000000, 0.000000000000000000, 0.000000000000000000 ) ) ;
#1239 = DIRECTION ( 'NONE',  ( -0.000000000000000000, -0.000000000000000000, 1.000000000000000000 ) ) ;
#1240 = CARTESIAN_POINT ( 'NONE',  ( 27.75956653719257616, -8.178857732788127777, -83.09206499214403152 ) ) ;
#1241 = FACE_BOUND ( 'NONE', #516, .T. ) ;
#1242 = CARTESIAN_POINT ( 'NONE',  ( -33.36052888532719862, -19.92388989572546620, -83.09206499214403152 ) ) ;
#1243 = ORIENTED_EDGE ( 'NONE', *, *, #1396, .T. ) ;
#1244 = ADVANCED_FACE ( 'NONE', ( #594 ), #586, .F. ) ;
#1245 = B_SPLINE_CURVE_WITH_KNOTS ( 'NONE', 3,
 ( #916, #418, #251, #71, #1639, #433, #1434, #2126, #1798, #1775, #941, #767, #625, #1113, #1624, #1102, #407, #238, #1134, #928, #1306, #961, #1613, #89, #950, #1604, #583, #1995, #443, #105, #454, #1787, #1592, #260, #757, #1090, #776, #2143, #1449, #1462, #1264, #231, #602, #80, #1949, #1284, #2158, #1441, #58, #1975, #614 ),
 .UNSPECIFIED., .F., .F.,
 ( 4, 1, 1, 1, 1, 1, 1, 1, 2, 2, 1, 1, 1, 1, 1, 1, 2, 2, 2, 2, 1, 1, 1, 1, 1, 1, 1, 2, 2, 1, 1, 1, 1, 1, 1, 1, 2, 2, 4 ),
 ( 0.000000000000000000, 0.06250000000007087386, 0.09375000000010616508, 0.1093750000001237482, 0.1171875000001325468, 0.1210937500001372236, 0.1230468750001394024, 0.1240234375001402073, 0.1245117187501401657, 0.1250000000001401101, 0.1875000000001116052, 0.2187500000000973666, 0.2343750000000907607, 0.2421875000000877909, 0.2460937500000866529, 0.2480468750000858758, 0.2490234375000850986, 0.2500000000000843214, 0.3749999999999779066, 0.4999999999998715472, 0.6249999999997651878, 0.6874999999997134514, 0.7187499999996890265, 0.7343749999996769251, 0.7421874999996693756, 0.7460937499996656008, 0.7480468749996622702, 0.7490234374996606048, 0.7499999999996588285, 0.8124999999995573541, 0.8437499999995049516, 0.8593749999994787503, 0.8671874999994655386, 0.8710937499994589883, 0.8730468749994557687, 0.8740234374994556577, 0.8745117187494556577, 0.8749999999994556577, 1.000000000000000000 ),
 .UNSPECIFIED. ) ;
#1246 = CIRCLE ( 'NONE', #24, 1.649999999999985256 ) ;
#1247 = CARTESIAN_POINT ( 'NONE',  ( 27.36001937289410080, 163.2195856240346075, -83.09206499214404573 ) ) ;
#1248 = CIRCLE ( 'NONE', #386, 1.649999999999985256 ) ;
#1249 = VERTEX_POINT ( 'NONE', #1443 ) ;
#1250 = VECTOR ( 'NONE', #563, 1000.000000000000000 ) ;
#1251 = CARTESIAN_POINT ( 'NONE',  ( -48.29049246275121732, 160.1838172669355345, -102.1420649921440287 ) ) ;
#1252 = CARTESIAN_POINT ( 'NONE',  ( -39.54618668533132819, 171.5873537578956416, -83.09206499214403152 ) ) ;
#1253 = CIRCLE ( 'NONE', #510, 2.499999999999998668 ) ;
#1254 = FACE_BOUND ( 'NONE', #1453, .T. ) ;
#1255 = CARTESIAN_POINT ( 'NONE',  ( -34.93018819823370791, -19.91508955254359847, -102.1420649921440429 ) ) ;
#1256 = CARTESIAN_POINT ( 'NONE',  ( -38.40647043134561756, 172.0761101042745338, -89.12456499214403038 ) ) ;
#1257 = DIRECTION ( 'NONE',  ( 1.000000000000000000, 0.000000000000000000, 0.000000000000000000 ) ) ;
#1258 = ORIENTED_EDGE ( 'NONE', *, *, #917, .F. ) ;
#1259 = CARTESIAN_POINT ( 'NONE',  ( 19.09190146244527497, 171.5723955211638270, -83.09206499214404573 ) ) ;
#1260 = ADVANCED_FACE ( 'NONE', ( #2137 ), #1420, .T. ) ;
#1261 = ORIENTED_EDGE ( 'NONE', *, *, #366, .T. ) ;
#1262 = CARTESIAN_POINT ( 'NONE',  ( -39.58410418409223297, 171.5788951392994193, -102.1420649921440429 ) ) ;
#1263 = EDGE_CURVE ( 'NONE', #735, #478, #1643, .T. ) ;
#1264 = CARTESIAN_POINT ( 'NONE',  ( 27.73204213253092121, 160.6939757013007863, -102.1420649921440713 ) ) ;
#1265 = PLANE ( 'NONE',  #2147 ) ;
#1266 = DIRECTION ( 'NONE',  ( -0.000000000000000000, -0.000000000000000000, 1.000000000000000000 ) ) ;
#1267 = CARTESIAN_POINT ( 'NONE',  ( 27.83947111467277580, -19.92388989572546620, -102.1420649921440287 ) ) ;
#1268 = VERTEX_POINT ( 'NONE', #796 ) ;
#1269 = DIRECTION ( 'NONE',  ( 1.000000000000000000, 0.000000000000000000, 0.000000000000000000 ) ) ;
#1270 = ORIENTED_EDGE ( 'NONE', *, *, #924, .F. ) ;
#1271 = CARTESIAN_POINT ( 'NONE',  ( -47.87300829907116650, 163.2561864268254510, -102.1420649921440571 ) ) ;
#1272 = CARTESIAN_POINT ( 'NONE',  ( 27.83947111467277580, -4.923889895725470645, -102.1420649921440287 ) ) ;
#1273 = CARTESIAN_POINT ( 'NONE',  ( -36.46823604798849061, -19.85385347314946003, -102.1420649921440571 ) ) ;
#1274 = DIRECTION ( 'NONE',  ( 1.000000000000000000, 0.000000000000000000, 0.000000000000000000 ) ) ;
#1275 = CARTESIAN_POINT ( 'NONE',  ( 15.36244188768197461, -19.92388989572546620, -103.0945649921440150 ) ) ;
#1276 = ORIENTED_EDGE ( 'NONE', *, *, #1638, .F. ) ;
#1277 = CARTESIAN_POINT ( 'NONE',  ( -32.76052888532722562, 96.07611010427451959, -83.09206499214403152 ) ) ;
#1278 = DIRECTION ( 'NONE',  ( 1.000000000000000000, 0.000000000000000000, 0.000000000000000000 ) ) ;
#1279 = ORIENTED_EDGE ( 'NONE', *, *, #1822, .F. ) ;
#1280 = CIRCLE ( 'NONE', #1816, 1.649999999999988365 ) ;
#1281 = AXIS2_PLACEMENT_3D ( 'NONE', #1551, #1699, #1352 ) ;
#1282 = CARTESIAN_POINT ( 'NONE',  ( -36.73709563895580743, 171.9874959535255243, -102.1420649921440429 ) ) ;
#1283 = AXIS2_PLACEMENT_3D ( 'NONE', #82, #2146, #1963 ) ;
#1284 = CARTESIAN_POINT ( 'NONE',  ( 27.76666115692218639, 160.2263458793273116, -102.1420649921440571 ) ) ;
#1285 = AXIS2_PLACEMENT_3D ( 'NONE', #550, #1545, #15 ) ;
#1286 = CARTESIAN_POINT ( 'NONE',  ( -39.34940852204429262, -19.47768404612040172, -102.1420649921440429 ) ) ;
#1287 = CARTESIAN_POINT ( 'NONE',  ( 5.739471114673152741, 156.0761101042735675, -83.09206499214403152 ) ) ;
#1288 = CARTESIAN_POINT ( 'NONE',  ( 26.76409231713152792, -15.53049161352367591, -82.13956499214403095 ) ) ;
#1289 = ORIENTED_EDGE ( 'NONE', *, *, #139, .T. ) ;
#1290 = DIRECTION ( 'NONE',  ( 1.000000000000000000, 0.000000000000000000, 0.000000000000000000 ) ) ;
#1291 = EDGE_LOOP ( 'NONE', ( #953, #851, #1064, #1954 ) ) ;
#1292 = EDGE_CURVE ( 'NONE', #1056, #95, #92, .T. ) ;
#1293 = LINE ( 'NONE', #612, #1498 ) ;
#1294 = CARTESIAN_POINT ( 'NONE',  ( 9.739471114672779706, 56.07611010427451959, -83.09206499214403152 ) ) ;
#1295 = FACE_OUTER_BOUND ( 'NONE', #1550, .T. ) ;
#1296 = CARTESIAN_POINT ( 'NONE',  ( -47.83623036348350155, -11.26644045449823750, -102.1420649921440429 ) ) ;
#1297 = FACE_OUTER_BOUND ( 'NONE', #243, .T. ) ;
#1298 = CARTESIAN_POINT ( 'NONE',  ( 27.83947111467277580, -4.923889895725467092, -103.0945649921440150 ) ) ;
#1299 = ORIENTED_EDGE ( 'NONE', *, *, #1755, .T. ) ;
#1300 = CARTESIAN_POINT ( 'NONE',  ( -27.76052888532723628, 56.07611010427451959, -102.1420649921440287 ) ) ;
#1301 = EDGE_LOOP ( 'NONE', ( #1204, #1372 ) ) ;
#1302 = ORIENTED_EDGE ( 'NONE', *, *, #986, .T. ) ;
#1303 = CARTESIAN_POINT ( 'NONE',  ( -39.45262965333547811, 171.6078562282889948, -83.09206499214404573 ) ) ;
#1304 = DIRECTION ( 'NONE',  ( 1.000000000000000000, 0.000000000000000000, 0.000000000000000000 ) ) ;
#1305 = CARTESIAN_POINT ( 'NONE',  ( 12.83947111467277757, -19.92388989572546620, -95.79206499214440385 ) ) ;
#1306 = CARTESIAN_POINT ( 'NONE',  ( 19.01954743722286167, 171.5885895180184662, -102.1420649921440003 ) ) ;
#1307 = CARTESIAN_POINT ( 'NONE',  ( -48.28685118173899582, -8.087243141285393122, -102.1420649921440429 ) ) ;
#1308 = CARTESIAN_POINT ( 'NONE',  ( -48.36052888532722704, 159.5990808772837113, -89.12456499214403038 ) ) ;
#1309 = CARTESIAN_POINT ( 'NONE',  ( 26.76409231713152792, -15.53049161352367769, -96.10956499213720861 ) ) ;
#1310 = ADVANCED_FACE ( 'NONE', ( #2172 ), #1998, .F. ) ;
#1311 = ORIENTED_EDGE ( 'NONE', *, *, #1562, .T. ) ;
#1312 = DIRECTION ( 'NONE',  ( -0.000000000000000000, -0.000000000000000000, 1.000000000000000000 ) ) ;
#1313 = EDGE_CURVE ( 'NONE', #893, #4, #1905, .T. ) ;
#1314 = ORIENTED_EDGE ( 'NONE', *, *, #1583, .T. ) ;
#1315 = CARTESIAN_POINT ( 'NONE',  ( -37.03346218273331658, 171.9695564342943612, -83.09206499214403152 ) ) ;
#1316 = DIRECTION ( 'NONE',  ( 1.000000000000000000, 0.000000000000000000, 0.000000000000000000 ) ) ;
#1317 = DIRECTION ( 'NONE',  ( 1.000000000000000000, 0.000000000000000000, 0.000000000000000000 ) ) ;
#1318 =( GEOMETRIC_REPRESENTATION_CONTEXT ( 3 ) GLOBAL_UNCERTAINTY_ASSIGNED_CONTEXT ( ( #568 ) ) GLOBAL_UNIT_ASSIGNED_CONTEXT ( ( #725, #562, #213 ) ) REPRESENTATION_CONTEXT ( 'NONE', 'WORKASPACE' ) );
#1319 = CARTESIAN_POINT ( 'NONE',  ( 19.55591136051858925, -19.30914379173373518, -102.1420649921440429 ) ) ;
#1320 = AXIS2_PLACEMENT_3D ( 'NONE', #2065, #526, #705 ) ;
#1321 = CARTESIAN_POINT ( 'NONE',  ( 7.239471114672783258, 96.07611010427451959, -102.1420649921440287 ) ) ;
#1322 = EDGE_CURVE ( 'NONE', #295, #1025, #857, .T. ) ;
#1323 = CARTESIAN_POINT ( 'NONE',  ( 26.07023936408119624, -14.77148911617621074, -83.09206499214403152 ) ) ;
#1324 = CARTESIAN_POINT ( 'NONE',  ( 27.83947111467277580, 157.0761101042745338, -83.09206499214403152 ) ) ;
#1325 = DIRECTION ( 'NONE',  ( 1.000000000000000000, 0.000000000000000000, 0.000000000000000000 ) ) ;
#1326 = ORIENTED_EDGE ( 'NONE', *, *, #202, .T. ) ;
#1327 = CIRCLE ( 'NONE', #1642, 2.499999999999995115 ) ;
#1328 = EDGE_CURVE ( 'NONE', #329, #735, #779, .T. ) ;
#1329 = ORIENTED_EDGE ( 'NONE', *, *, #1031, .F. ) ;
#1330 = ORIENTED_EDGE ( 'NONE', *, *, #930, .T. ) ;
#1331 = CARTESIAN_POINT ( 'NONE',  ( -36.43392172708822585, 172.0082540727156299, -83.09206499214403152 ) ) ;
#1332 = LINE ( 'NONE', #1662, #540 ) ;
#1333 = DIRECTION ( 'NONE',  ( -0.000000000000000000, -0.000000000000000000, 1.000000000000000000 ) ) ;
#1334 = DIRECTION ( 'NONE',  ( -0.000000000000000000, -0.000000000000000000, 1.000000000000000000 ) ) ;
#1335 = EDGE_CURVE ( 'NONE', #1732, #2152, #157, .T. ) ;
#1336 = LINE ( 'NONE', #1191, #715 ) ;
#1337 = CARTESIAN_POINT ( 'NONE',  ( 27.33575653156241358, -11.17632024349728681, -83.09206499214403152 ) ) ;
#1338 = CARTESIAN_POINT ( 'NONE',  ( -30.26052888532722918, 96.07611010427451959, -102.1420649921440287 ) ) ;
#1339 = ORIENTED_EDGE ( 'NONE', *, *, #2063, .T. ) ;
#1340 = ORIENTED_EDGE ( 'NONE', *, *, #1945, .F. ) ;
#1341 = ORIENTED_EDGE ( 'NONE', *, *, #1581, .F. ) ;
#1342 = DIRECTION ( 'NONE',  ( -0.000000000000000000, -0.000000000000000000, 1.000000000000000000 ) ) ;
#1343 = DIRECTION ( 'NONE',  ( 1.000000000000000000, 0.000000000000000000, 0.000000000000000000 ) ) ;
#1344 = DIRECTION ( 'NONE',  ( -0.000000000000000000, -0.000000000000000000, 1.000000000000000000 ) ) ;
#1345 = CARTESIAN_POINT ( 'NONE',  ( 27.73291744468662756, -8.596823193157506537, -102.1420649921440429 ) ) ;
#1346 = CARTESIAN_POINT ( 'NONE',  ( 23.44607283247098906, 171.0007313067332575, -96.10956499213720861 ) ) ;
#1347 = CARTESIAN_POINT ( 'NONE',  ( 21.22716464524368618, -18.81463111868635707, -83.09206499214403152 ) ) ;
#1348 = CARTESIAN_POINT ( 'NONE',  ( -32.76052888532722562, 56.07611010427451959, -83.09206499214403152 ) ) ;
#1349 = ORIENTED_EDGE ( 'NONE', *, *, #1774, .F. ) ;
#1350 = VERTEX_POINT ( 'NONE', #988 ) ;
#1351 = ORIENTED_EDGE ( 'NONE', *, *, #165, .F. ) ;
#1352 = DIRECTION ( 'NONE',  ( 0.000000000000000000, 0.000000000000000000, 1.000000000000000000 ) ) ;
#1353 = FACE_OUTER_BOUND ( 'NONE', #727, .T. ) ;
#1354 = CARTESIAN_POINT ( 'NONE',  ( 12.23947111467277615, 96.07611010427451959, -83.09206499214403152 ) ) ;
#1355 = CARTESIAN_POINT ( 'NONE',  ( 27.35518303342450253, -11.08933263470469122, -102.1420649921440429 ) ) ;
#1356 = CARTESIAN_POINT ( 'NONE',  ( 12.83947111467277757, 172.0761101042745338, -89.12456499214403038 ) ) ;
#1357 = CARTESIAN_POINT ( 'NONE',  ( 26.79858505258710366, -13.06155011241926012, -83.09206499214404573 ) ) ;
#1358 = DIRECTION ( 'NONE',  ( 1.000000000000000000, 0.000000000000000000, 0.000000000000000000 ) ) ;
#1359 = AXIS2_PLACEMENT_3D ( 'NONE', #265, #954, #1290 ) ;
#1360 = EDGE_CURVE ( 'NONE', #1361, #304, #422, .T. ) ;
#1361 = VERTEX_POINT ( 'NONE', #475 ) ;
#1362 = AXIS2_PLACEMENT_3D ( 'NONE', #818, #1890, #1369 ) ;
#1363 = VERTEX_POINT ( 'NONE', #328 ) ;
#1364 = EDGE_LOOP ( 'NONE', ( #1393, #810, #489, #2219 ) ) ;
#1365 = CARTESIAN_POINT ( 'NONE',  ( 7.239471114672783258, 56.07611010427451959, -83.09206499214403152 ) ) ;
#1366 = EDGE_CURVE ( 'NONE', #64, #1600, #1502, .T. ) ;
#1367 = CARTESIAN_POINT ( 'NONE',  ( 19.07383169599656725, -19.42425252023220850, -102.1420649921440145 ) ) ;
#1368 = CARTESIAN_POINT ( 'NONE',  ( 27.75085696392159917, -8.300456649409188259, -83.09206499214403152 ) ) ;
#1369 = DIRECTION ( 'NONE',  ( 1.000000000000000000, 0.000000000000000000, 0.000000000000000000 ) ) ;
#1370 = VERTEX_POINT ( 'NONE', #2025 ) ;
#1371 = VERTEX_POINT ( 'NONE', #1024 ) ;
#1372 = ORIENTED_EDGE ( 'NONE', *, *, #487, .T. ) ;
#1373 = DIRECTION ( 'NONE',  ( 1.000000000000000000, 0.000000000000000000, 0.000000000000000000 ) ) ;
#1374 = CARTESIAN_POINT ( 'NONE',  ( -30.26052888532722918, 96.07611010427451959, -83.09206499214403152 ) ) ;
#1375 = CARTESIAN_POINT ( 'NONE',  ( 5.739471114673152741, 156.0761101042735675, -102.1420649921440287 ) ) ;
#1376 = CARTESIAN_POINT ( 'NONE',  ( -47.25127010829120167, -13.31158342631323244, -83.09206499214404573 ) ) ;
#1377 = DIRECTION ( 'NONE',  ( -0.000000000000000000, -0.000000000000000000, 1.000000000000000000 ) ) ;
#1378 = PRESENTATION_STYLE_ASSIGNMENT (( #1035 ) ) ;
#1379 = EDGE_CURVE ( 'NONE', #885, #248, #1751, .T. ) ;
#1380 = ORIENTED_EDGE ( 'NONE', *, *, #1122, .F. ) ;
#1381 = ORIENTED_EDGE ( 'NONE', *, *, #1237, .T. ) ;
#1382 = CARTESIAN_POINT ( 'NONE',  ( 27.35195052841690710, 163.2561864268219836, -83.09206499214403152 ) ) ;
#1383 = CARTESIAN_POINT ( 'NONE',  ( -38.40647043134562466, -19.92388989572546620, -96.10956499213720861 ) ) ;
#1384 = CARTESIAN_POINT ( 'NONE',  ( 7.389471114673137109, 156.0761101042735675, -102.1420649921440287 ) ) ;
#1385 = CARTESIAN_POINT ( 'NONE',  ( -48.30937689058253426, -7.702423018139675115, -83.09206499214401731 ) ) ;
#1386 = LINE ( 'NONE', #368, #246 ) ;
#1387 = CLOSED_SHELL ( 'NONE', ( #1403, #1219, #1947, #1788, #599, #2032, #1547, #737, #1842, #1418, #230, #233, #1020, #2206, #1, #429, #874, #589, #220, #507, #1479, #1167, #94, #49, #1557, #1467, #1495, #998, #1761, #1411, #1193, #902, #354, #1861, #751, #1623, #1244, #535, #1745, #1310, #208, #1260, #2197, #305, #1564, #2121, #668, #1425 ) ) ;
#1388 = CARTESIAN_POINT ( 'NONE',  ( -0.5968203863375431961, -15.23759839471036415, -83.09206499214403152 ) ) ;
#1389 = CIRCLE ( 'NONE', #177, 1.649999999999988365 ) ;
#1390 = CARTESIAN_POINT ( 'NONE',  ( -0.5968203863420170618, 144.7624016052888862, -83.09206499214403152 ) ) ;
#1391 = ORIENTED_EDGE ( 'NONE', *, *, #67, .T. ) ;
#1392 = AXIS2_PLACEMENT_3D ( 'NONE', #43, #1596, #903 ) ;
#1393 = ORIENTED_EDGE ( 'NONE', *, *, #1618, .F. ) ;
#1394 = CARTESIAN_POINT ( 'NONE',  ( 27.80500310387708041, 159.4857371094216774, -83.09206499214403152 ) ) ;
#1395 = AXIS2_PLACEMENT_3D ( 'NONE', #531, #211, #191 ) ;
#1396 = EDGE_CURVE ( 'NONE', #171, #1156, #1203, .T. ) ;
#1397 = CARTESIAN_POINT ( 'NONE',  ( -33.36052888532722704, -19.92388989572546620, -89.12456499214403038 ) ) ;
#1398 = VECTOR ( 'NONE', #730, 1000.000000000000000 ) ;
#1399 = CARTESIAN_POINT ( 'NONE',  ( -21.57423738430719951, -15.23759839471012967, -83.09206499214403152 ) ) ;
#1400 = CARTESIAN_POINT ( 'NONE',  ( -41.49818910199856248, -18.88300383364484958, -83.09206499214401731 ) ) ;
#1401 = DIRECTION ( 'NONE',  ( 1.000000000000000000, 0.000000000000000000, 0.000000000000000000 ) ) ;
#1402 = DIRECTION ( 'NONE',  ( 1.000000000000000000, 0.000000000000000000, 0.000000000000000000 ) ) ;
#1403 = ADVANCED_FACE ( 'NONE', ( #848 ), #182, .F. ) ;
#1404 = CARTESIAN_POINT ( 'NONE',  ( 9.739471114672779706, 96.07611010427451959, -83.09206499214403152 ) ) ;
#1405 = APPLICATION_CONTEXT ( 'automotive_design' ) ;
#1406 = ORIENTED_EDGE ( 'NONE', *, *, #1060, .T. ) ;
#1407 = CARTESIAN_POINT ( 'NONE',  ( 19.18202167344469444, 171.5518115824329755, -83.09206499214403152 ) ) ;
#1408 = CARTESIAN_POINT ( 'NONE',  ( -48.36052888532722704, -4.923889895725467092, -82.13956499214403095 ) ) ;
#1409 = DIRECTION ( 'NONE',  ( -0.000000000000000000, -0.000000000000000000, 1.000000000000000000 ) ) ;
#1410 = FACE_BOUND ( 'NONE', #122, .T. ) ;
#1411 = ADVANCED_FACE ( 'NONE', ( #1525 ), #1717, .F. ) ;
#1412 = EDGE_LOOP ( 'NONE', ( #112, #990 ) ) ;
#1413 = DIRECTION ( 'NONE',  ( 1.000000000000000000, 0.000000000000000000, 0.000000000000000000 ) ) ;
#1414 = EDGE_LOOP ( 'NONE', ( #447, #372, #204, #1969 ) ) ;
#1415 = CARTESIAN_POINT ( 'NONE',  ( 14.19721263000364253, 172.0761101042745622, -83.09206499214404573 ) ) ;
#1416 = EDGE_LOOP ( 'NONE', ( #1341, #1169 ) ) ;
#1417 = FACE_OUTER_BOUND ( 'NONE', #2040, .T. ) ;
#1418 = ADVANCED_FACE ( 'NONE', ( #497 ), #1681, .F. ) ;
#1419 = CARTESIAN_POINT ( 'NONE',  ( -33.36052888532719862, 172.0761101042745338, -83.09206499214403152 ) ) ;
#1420 = B_SPLINE_SURFACE_WITH_KNOTS ( 'NONE', 5, 3, ( 
 ( #1451, #1139, #952, #1627 ),
 ( #1275, #605, #1777, #242 ),
 ( #770, #1094, #274, #629 ),
 ( #1988, #616, #423, #1107 ),
 ( #108, #1309, #1655, #1288 ),
 ( #2161, #1791, #254, #446 ),
 ( #436, #1126, #1616, #120 ),
 ( #1298, #1978, #966, #1116 ) ),
 .UNSPECIFIED., .F., .F., .F.,
 ( 6, 2, 6 ),
 ( 4, 4 ),
 ( 0.000000000000000000, 0.5000000000000000000, 1.000000000000000000 ),
 ( -0.0009524999999999998962, 0.02000249999999999598 ),
 .UNSPECIFIED. ) ;
#1421 = FACE_BOUND ( 'NONE', #2055, .T. ) ;
#1422 = FACE_BOUND ( 'NONE', #2176, .T. ) ;
#1423 = CARTESIAN_POINT ( 'NONE',  ( 1.053179613657974745, 167.3898186032582771, -83.09206499214403152 ) ) ;
#1424 = FACE_OUTER_BOUND ( 'NONE', #667, .T. ) ;
#1425 = ADVANCED_FACE ( 'NONE', ( #1165 ), #2195, .F. ) ;
#1426 = EDGE_LOOP ( 'NONE', ( #1811, #1471 ) ) ;
#1427 = AXIS2_PLACEMENT_3D ( 'NONE', #377, #900, #1052 ) ;
#1428 = CARTESIAN_POINT ( 'NONE',  ( 27.51581767764467656, 162.4324573755151562, -83.09206499214403152 ) ) ;
#1429 = ORIENTED_EDGE ( 'NONE', *, *, #391, .T. ) ;
#1430 = VECTOR ( 'NONE', #1063, 1000.000000000000000 ) ;
#1431 = DIRECTION ( 'NONE',  ( 1.000000000000000000, 0.000000000000000000, 0.000000000000000000 ) ) ;
#1432 = AXIS2_PLACEMENT_3D ( 'NONE', #881, #1082, #871 ) ;
#1433 = CIRCLE ( 'NONE', #1683, 1.649999999999988365 ) ;
#1434 = CARTESIAN_POINT ( 'NONE',  ( 15.87233731839333650, 172.0107606808810488, -102.1420649921440429 ) ) ;
#1435 = CARTESIAN_POINT ( 'NONE',  ( -36.45398552373247014, -19.85476552043478193, -102.1420649921440287 ) ) ;
#1436 = CYLINDRICAL_SURFACE ( 'NONE', #2044, 1.649999999999986589 ) ;
#1437 = CARTESIAN_POINT ( 'NONE',  ( -0.5968203863373054974, 7.389818603259028507, -83.09206499214403152 ) ) ;
#1438 = VERTEX_POINT ( 'NONE', #2217 ) ;
#1439 = LINE ( 'NONE', #2131, #1820 ) ;
#1440 = CARTESIAN_POINT ( 'NONE',  ( -48.29040856897007217, 160.1851260722338566, -102.1420649921440145 ) ) ;
#1441 = CARTESIAN_POINT ( 'NONE',  ( 27.76762426699121633, 160.2117005167577020, -102.1420649921440429 ) ) ;
#1442 = CARTESIAN_POINT ( 'NONE',  ( -39.54060520787771793, -19.43636930946939145, -102.1420649921440287 ) ) ;
#1443 = CARTESIAN_POINT ( 'NONE',  ( -0.5968203863420105115, 167.3898186032582771, -102.1420649921440287 ) ) ;
#1444 = ORIENTED_EDGE ( 'NONE', *, *, #1712, .F. ) ;
#1445 = LINE ( 'NONE', #293, #1215 ) ;
#1446 = ORIENTED_EDGE ( 'NONE', *, *, #78, .T. ) ;
#1447 = ORIENTED_EDGE ( 'NONE', *, *, #2184, .T. ) ;
#1448 = CARTESIAN_POINT ( 'NONE',  ( -47.95702826766800086, 162.8566609673303560, -102.1420649921439860 ) ) ;
#1449 = CARTESIAN_POINT ( 'NONE',  ( 27.58007396836007175, 162.0885970441883899, -102.1420649921440003 ) ) ;
#1450 = DIRECTION ( 'NONE',  ( -0.000000000000000000, -0.000000000000000000, 1.000000000000000000 ) ) ;
#1451 = CARTESIAN_POINT ( 'NONE',  ( 12.83947111467277757, -19.92388989572546620, -103.0945649921440150 ) ) ;
#1452 = EDGE_CURVE ( 'NONE', #1027, #1732, #1042, .T. ) ;
#1453 = EDGE_LOOP ( 'NONE', ( #424, #1199 ) ) ;
#1454 = CARTESIAN_POINT ( 'NONE',  ( -10.26052888532143648, 156.0761101042744201, -102.1420649921440287 ) ) ;
#1455 = EDGE_LOOP ( 'NONE', ( #1270, #2061, #1037, #1447 ) ) ;
#1456 = VECTOR ( 'NONE', #1513, 1000.000000000000000 ) ;
#1457 = ORIENTED_EDGE ( 'NONE', *, *, #698, .T. ) ;
#1458 = CARTESIAN_POINT ( 'NONE',  ( -36.55445989034144816, -19.84816564427454821, -83.09206499214403152 ) ) ;
#1459 = CIRCLE ( 'NONE', #501, 1.649999999999988365 ) ;
#1460 = CYLINDRICAL_SURFACE ( 'NONE', #1685, 2.499999999999996891 ) ;
#1461 = CIRCLE ( 'NONE', #141, 1.649999999999988365 ) ;
#1462 = CARTESIAN_POINT ( 'NONE',  ( 27.68882973034455475, 161.1689774283907752, -102.1420649921440003 ) ) ;
#1463 = CIRCLE ( 'NONE', #143, 1.649999999999984812 ) ;
#1464 = CARTESIAN_POINT ( 'NONE',  ( -47.61517606273055492, -12.12728591455209681, -102.1420649921440145 ) ) ;
#1465 = DIRECTION ( 'NONE',  ( -0.000000000000000000, -0.000000000000000000, 1.000000000000000000 ) ) ;
#1466 = CARTESIAN_POINT ( 'NONE',  ( -30.26052888532722918, 56.07611010427451959, -83.09206499214403152 ) ) ;
#1467 = ADVANCED_FACE ( 'NONE', ( #2207 ), #643, .F. ) ;
#1468 = EDGE_LOOP ( 'NONE', ( #618, #11, #2209, #1016 ) ) ;
#1469 = CARTESIAN_POINT ( 'NONE',  ( -10.26052888532723806, 76.07611010427453380, -83.09206499214403152 ) ) ;
#1470 = EDGE_LOOP ( 'NONE', ( #1883, #2106 ) ) ;
#1471 = ORIENTED_EDGE ( 'NONE', *, *, #2038, .F. ) ;
#1472 = CARTESIAN_POINT ( 'NONE',  ( -47.61517606277261194, 164.2795061230473834, -83.09206499214403152 ) ) ;
#1473 = DIRECTION ( 'NONE',  ( -0.000000000000000000, -0.000000000000000000, 1.000000000000000000 ) ) ;
#1474 = CARTESIAN_POINT ( 'NONE',  ( -38.37301582500746377, 171.8167129579666152, -102.1420649921440145 ) ) ;
#1475 = CARTESIAN_POINT ( 'NONE',  ( 27.77412169127920905, -7.956756099454239006, -102.1420649921440571 ) ) ;
#1476 = CARTESIAN_POINT ( 'NONE',  ( -45.73166504259141618, -15.96528359024467214, -102.1420649921440287 ) ) ;
#1477 = CARTESIAN_POINT ( 'NONE',  ( 19.02512891467706879, -19.43513354934657045, -83.09206499214404573 ) ) ;
#1478 = DIRECTION ( 'NONE',  ( -0.000000000000000000, -0.000000000000000000, 1.000000000000000000 ) ) ;
#1479 = ADVANCED_FACE ( 'NONE', ( #2051 ), #513, .F. ) ;
#1480 = ORIENTED_EDGE ( 'NONE', *, *, #788, .T. ) ;
#1481 = CYLINDRICAL_SURFACE ( 'NONE', #747, 1.649999999999986589 ) ;
#1482 = VERTEX_POINT ( 'NONE', #303 ) ;
#1483 = ORIENTED_EDGE ( 'NONE', *, *, #294, .T. ) ;
#1484 = CARTESIAN_POINT ( 'NONE',  ( 1.989471114678566632, 156.0761101042744201, -83.09206499214403152 ) ) ;
#1485 = FACE_OUTER_BOUND ( 'NONE', #646, .T. ) ;
#1486 = DIRECTION ( 'NONE',  ( -0.000000000000000000, -0.000000000000000000, 1.000000000000000000 ) ) ;
#1487 = EDGE_CURVE ( 'NONE', #430, #1047, #1572, .T. ) ;
#1488 = CARTESIAN_POINT ( 'NONE',  ( -10.26052888532143648, 156.0761101042744201, -83.09206499214403152 ) ) ;
#1489 = CARTESIAN_POINT ( 'NONE',  ( 27.83947111467277580, 162.1220516502929172, -82.13956499214403095 ) ) ;
#1490 = CARTESIAN_POINT ( 'NONE',  ( 9.739471114672779706, 96.07611010427451959, -83.09206499214403152 ) ) ;
#1491 = VERTEX_POINT ( 'NONE', #573 ) ;
#1492 = CARTESIAN_POINT ( 'NONE',  ( 1.989471114677735741, -3.923889895725514609, -102.1420649921440287 ) ) ;
#1493 = VERTEX_POINT ( 'NONE', #1576 ) ;
#1494 = CARTESIAN_POINT ( 'NONE',  ( -33.36052888532719862, -19.92388989572546620, -83.09206499214403152 ) ) ;
#1495 = ADVANCED_FACE ( 'NONE', ( #1053 ), #2070, .F. ) ;
#1496 = DIRECTION ( 'NONE',  ( 1.000000000000000000, 0.000000000000000000, 0.000000000000000000 ) ) ;
#1497 = DIRECTION ( 'NONE',  ( -0.000000000000000000, -0.000000000000000000, 1.000000000000000000 ) ) ;
#1498 = VECTOR ( 'NONE', #1982, 1000.000000000000000 ) ;
#1499 = CARTESIAN_POINT ( 'NONE',  ( 27.65325890580680124, -9.401645806405747763, -102.1420649921440429 ) ) ;
#1500 = CARTESIAN_POINT ( 'NONE',  ( -48.28480463387576549, -8.117820900747085844, -102.1420649921440287 ) ) ;
#1501 = CARTESIAN_POINT ( 'NONE',  ( 19.01954743722464514, -19.43636930946922092, -83.09206499214405994 ) ) ;
#1502 = CIRCLE ( 'NONE', #719, 2.499999999999995115 ) ;
#1503 = CARTESIAN_POINT ( 'NONE',  ( 1.053179613657971192, 144.7624016052888862, -83.09206499214403152 ) ) ;
#1504 = ORIENTED_EDGE ( 'NONE', *, *, #374, .F. ) ;
#1505 = VECTOR ( 'NONE', #1230, 1000.000000000000000 ) ;
#1506 = EDGE_LOOP ( 'NONE', ( #1299, #1733 ) ) ;
#1507 = EDGE_LOOP ( 'NONE', ( #2052, #861 ) ) ;
#1508 = CARTESIAN_POINT ( 'NONE',  ( -48.10113173901365258, 162.0885970441300685, -83.09206499214404573 ) ) ;
#1509 = DIRECTION ( 'NONE',  ( -0.000000000000000000, -0.000000000000000000, 1.000000000000000000 ) ) ;
#1510 = DIRECTION ( 'NONE',  ( -0.000000000000000000, -0.000000000000000000, 1.000000000000000000 ) ) ;
#1511 = EDGE_CURVE ( 'NONE', #1180, #194, #1866, .T. ) ;
#1512 = CARTESIAN_POINT ( 'NONE',  ( 19.11898398747846528, -19.41404034951571234, -102.1420649921440145 ) ) ;
#1513 = DIRECTION ( 'NONE',  ( -0.000000000000000000, -0.000000000000000000, 1.000000000000000000 ) ) ;
#1514 = DIRECTION ( 'NONE',  ( -0.000000000000000000, -0.000000000000000000, 1.000000000000000000 ) ) ;
#1515 = ORIENTED_EDGE ( 'NONE', *, *, #2078, .T. ) ;
#1516 = CARTESIAN_POINT ( 'NONE',  ( 27.83947111467277580, -19.92388989572546620, -83.09206499214403152 ) ) ;
#1517 = VERTEX_POINT ( 'NONE', #724 ) ;
#1518 = ORIENTED_EDGE ( 'NONE', *, *, #408, .F. ) ;
#1519 = CARTESIAN_POINT ( 'NONE',  ( -19.92423738430721514, -15.23759839471012967, -83.09206499214403152 ) ) ;
#1520 = CARTESIAN_POINT ( 'NONE',  ( 12.23947111467277615, 56.07611010427451959, -83.09206499214403152 ) ) ;
#1521 = CARTESIAN_POINT ( 'NONE',  ( 27.83947111467277580, 157.0761101042745338, -83.09206499214403152 ) ) ;
#1522 = CARTESIAN_POINT ( 'NONE',  ( 27.51581767763481068, -10.28023716711745017, -102.1420649921440571 ) ) ;
#1523 = CARTESIAN_POINT ( 'NONE',  ( 17.88541266069117341, 172.0761101042745338, -89.12456499214403038 ) ) ;
#1524 = CARTESIAN_POINT ( 'NONE',  ( 17.31722702539650527, -19.73767768685239687, -83.09206499214404573 ) ) ;
#1525 = FACE_OUTER_BOUND ( 'NONE', #1620, .T. ) ;
#1526 = ORIENTED_EDGE ( 'NONE', *, *, #1079, .T. ) ;
#1527 = EDGE_CURVE ( 'NONE', #248, #885, #181, .T. ) ;
#1528 = EDGE_LOOP ( 'NONE', ( #2218, #341, #1884, #703, #2028, #1289, #1206, #77 ) ) ;
#1529 = ORIENTED_EDGE ( 'NONE', *, *, #1313, .F. ) ;
#1530 = DIRECTION ( 'NONE',  ( -0.000000000000000000, -0.000000000000000000, 1.000000000000000000 ) ) ;
#1531 = CARTESIAN_POINT ( 'NONE',  ( 27.35195052841665131, -11.10396621827655395, -102.1420649921440287 ) ) ;
#1532 = CARTESIAN_POINT ( 'NONE',  ( 23.44607283247098906, 171.0007313067332575, -103.0945649921440150 ) ) ;
#1533 = CIRCLE ( 'NONE', #569, 1.649999999999988365 ) ;
#1534 = CARTESIAN_POINT ( 'NONE',  ( 27.83947111467277580, -4.923889895725467092, -83.09206499214403152 ) ) ;
#1535 = DIRECTION ( 'NONE',  ( 1.000000000000000000, 0.000000000000000000, 0.000000000000000000 ) ) ;
#1536 = AXIS2_PLACEMENT_3D ( 'NONE', #438, #1142, #1118 ) ;
#1537 = VERTEX_POINT ( 'NONE', #2103 ) ;
#1538 = AXIS2_PLACEMENT_3D ( 'NONE', #198, #1239, #207 ) ;
#1539 = ORIENTED_EDGE ( 'NONE', *, *, #202, .F. ) ;
#1540 = ORIENTED_EDGE ( 'NONE', *, *, #1693, .F. ) ;
#1541 = DIRECTION ( 'NONE',  ( -0.000000000000000000, -0.000000000000000000, 1.000000000000000000 ) ) ;
#1542 = AXIS2_PLACEMENT_3D ( 'NONE', #2179, #1510, #1701 ) ;
#1543 = CARTESIAN_POINT ( 'NONE',  ( -38.40647043134562466, -19.92388989572546620, -89.12456499214403038 ) ) ;
#1544 = B_SPLINE_CURVE_WITH_KNOTS ( 'NONE', 3,
 ( #74, #1810, #760, #977 ),
 .UNSPECIFIED., .F., .F.,
 ( 4, 4 ),
 ( 0.000000000000000000, 1.000000000000000000 ),
 .UNSPECIFIED. ) ;
#1545 = DIRECTION ( 'NONE',  ( -0.000000000000000000, -0.000000000000000000, 1.000000000000000000 ) ) ;
#1546 = CARTESIAN_POINT ( 'NONE',  ( -48.32606087453151389, -7.333516901078562356, -83.09206499214401731 ) ) ;
#1547 = ADVANCED_FACE ( 'NONE', ( #2094 ), #1923, .F. ) ;
#1548 = DIRECTION ( 'NONE',  ( -0.000000000000000000, -0.000000000000000000, 1.000000000000000000 ) ) ;
#1549 = ORIENTED_EDGE ( 'NONE', *, *, #1731, .T. ) ;
#1550 = EDGE_LOOP ( 'NONE', ( #921, #1184, #546, #1127 ) ) ;
#1551 = CARTESIAN_POINT ( 'NONE',  ( 27.83947111467277580, -19.92388989572546620, -102.1420649921440287 ) ) ;
#1552 = CARTESIAN_POINT ( 'NONE',  ( -38.40647043134562466, -19.92388989572546620, -82.13956499214403095 ) ) ;
#1553 = DIRECTION ( 'NONE',  ( -0.000000000000000000, -0.000000000000000000, 1.000000000000000000 ) ) ;
#1554 = CARTESIAN_POINT ( 'NONE',  ( -45.75198851928085020, -15.93966256337510679, -83.09206499214404573 ) ) ;
#1555 = CYLINDRICAL_SURFACE ( 'NONE', #827, 2.499999999999995115 ) ;
#1556 = ORIENTED_EDGE ( 'NONE', *, *, #396, .F. ) ;
#1557 = ADVANCED_FACE ( 'NONE', ( #1767, #901, #200, #378, #1211, #1062, #1410, #1939, #1241, #1902, #561, #17, #1254, #1421, #1729, #1931, #399, #890, #1074, #1914 ), #2081, .T. ) ;
#1558 = CARTESIAN_POINT ( 'NONE',  ( -22.51052888532144181, 156.0761101042744201, -102.1420649921440287 ) ) ;
#1559 = ORIENTED_EDGE ( 'NONE', *, *, #316, .T. ) ;
#1560 = ORIENTED_EDGE ( 'NONE', *, *, #1887, .T. ) ;
#1561 = DIRECTION ( 'NONE',  ( 1.000000000000000000, 0.000000000000000000, 0.000000000000000000 ) ) ;
#1562 = EDGE_CURVE ( 'NONE', #1537, #2097, #1220, .T. ) ;
#1563 = CARTESIAN_POINT ( 'NONE',  ( -26.26052888532225893, -3.923889895725382715, -83.09206499214403152 ) ) ;
#1564 = ADVANCED_FACE ( 'NONE', ( #1759 ), #1555, .F. ) ;
#1565 = CARTESIAN_POINT ( 'NONE',  ( -47.95702826765020887, -10.70444075886094204, -83.09206499214401731 ) ) ;
#1566 = DIRECTION ( 'NONE',  ( 1.000000000000000000, 0.000000000000000000, -0.000000000000000000 ) ) ;
#1567 = FACE_BOUND ( 'NONE', #342, .T. ) ;
#1568 = CARTESIAN_POINT ( 'NONE',  ( -48.36052888532722704, -19.92388989572546620, -102.1420649921440287 ) ) ;
#1569 = ORIENTED_EDGE ( 'NONE', *, *, #2223, .F. ) ;
#1570 = AXIS2_PLACEMENT_3D ( 'NONE', #801, #972, #1343 ) ;
#1571 = CARTESIAN_POINT ( 'NONE',  ( 27.76979994071514568, 160.1781227578727567, -83.09206499214403152 ) ) ;
#1572 = CIRCLE ( 'NONE', #2086, 1.649999999999988365 ) ;
#1573 =( GEOMETRIC_REPRESENTATION_CONTEXT ( 3 ) GLOBAL_UNCERTAINTY_ASSIGNED_CONTEXT ( ( #114 ) ) GLOBAL_UNIT_ASSIGNED_CONTEXT ( ( #886, #1744, #536 ) ) REPRESENTATION_CONTEXT ( 'NONE', 'WORKASPACE' ) );
#1574 = DIRECTION ( 'NONE',  ( 1.000000000000000000, 0.000000000000000000, 0.000000000000000000 ) ) ;
#1575 = CARTESIAN_POINT ( 'NONE',  ( -39.82853532620563186, -19.37015717571522799, -83.09206499214403152 ) ) ;
#1576 = CARTESIAN_POINT ( 'NONE',  ( 2.703179613657956448, 144.7624016052888862, -102.1420649921440287 ) ) ;
#1577 = ORIENTED_EDGE ( 'NONE', *, *, #1961, .T. ) ;
#1578 = CYLINDRICAL_SURFACE ( 'NONE', #2008, 1.649999999999986589 ) ;
#1579 = ORIENTED_EDGE ( 'NONE', *, *, #1335, .T. ) ;
#1580 = CARTESIAN_POINT ( 'NONE',  ( 23.88086480918391885, 169.4472462615579502, -83.09206499214404573 ) ) ;
#1581 = EDGE_CURVE ( 'NONE', #904, #1999, #101, .T. ) ;
#1582 = DIRECTION ( 'NONE',  ( 1.000000000000000000, 0.000000000000000000, 0.000000000000000000 ) ) ;
#1583 = EDGE_CURVE ( 'NONE', #1493, #840, #1386, .T. ) ;
#1584 = CARTESIAN_POINT ( 'NONE',  ( -36.97839448235041715, -19.81646091358253514, -83.09206499214404573 ) ) ;
#1585 = DIRECTION ( 'NONE',  ( -0.000000000000000000, -0.000000000000000000, 1.000000000000000000 ) ) ;
#1586 = FACE_BOUND ( 'NONE', #754, .T. ) ;
#1587 = DIRECTION ( 'NONE',  ( -0.000000000000000000, -0.000000000000000000, 1.000000000000000000 ) ) ;
#1588 = ORIENTED_EDGE ( 'NONE', *, *, #1606, .T. ) ;
#1589 = CARTESIAN_POINT ( 'NONE',  ( 25.23093074858804030, 168.0918827719405613, -83.09206499214403152 ) ) ;
#1590 = ORIENTED_EDGE ( 'NONE', *, *, #1527, .T. ) ;
#1591 = CARTESIAN_POINT ( 'NONE',  ( -48.29085771136962535, 160.1781227578725009, -102.1420649921440287 ) ) ;
#1592 = CARTESIAN_POINT ( 'NONE',  ( 27.31517259283174681, 163.4186606630448182, -102.1420649921440429 ) ) ;
#1593 = CARTESIAN_POINT ( 'NONE',  ( -48.25309990318036313, -8.541755492801089034, -102.1420649921440429 ) ) ;
#1594 = APPLICATION_CONTEXT ( 'automotive_design' ) ;
#1595 = CARTESIAN_POINT ( 'NONE',  ( -26.26052888532685614, 156.0761101042735675, -102.1420649921440287 ) ) ;
#1596 = DIRECTION ( 'NONE',  ( 0.000000000000000000, 0.000000000000000000, 1.000000000000000000 ) ) ;
#1597 = ORIENTED_EDGE ( 'NONE', *, *, #36, .T. ) ;
#1598 = FACE_OUTER_BOUND ( 'NONE', #1414, .T. ) ;
#1599 = AXIS2_PLACEMENT_3D ( 'NONE', #517, #2200, #1040 ) ;
#1600 = VERTEX_POINT ( 'NONE', #28 ) ;
#1601 = CARTESIAN_POINT ( 'NONE',  ( -48.29140451003654277, 160.1695667426792511, -102.1420649921440003 ) ) ;
#1602 = AXIS2_PLACEMENT_3D ( 'NONE', #1051, #345, #906 ) ;
#1603 = AXIS2_PLACEMENT_3D ( 'NONE', #993, #142, #624 ) ;
#1604 = CARTESIAN_POINT ( 'NONE',  ( 23.85524378233280629, 169.4675697382067199, -102.1420649921440429 ) ) ;
#1605 = DIRECTION ( 'NONE',  ( 0.000000000000000000, -1.000000000000000000, -0.000000000000000000 ) ) ;
#1606 = EDGE_CURVE ( 'NONE', #981, #1088, #782, .T. ) ;
#1607 = CYLINDRICAL_SURFACE ( 'NONE', #897, 2.499999999999995115 ) ;
#1608 = ORIENTED_EDGE ( 'NONE', *, *, #2184, .F. ) ;
#1609 = LINE ( 'NONE', #2174, #277 ) ;
#1610 = ORIENTED_EDGE ( 'NONE', *, *, #1292, .F. ) ;
#1611 = ORIENTED_EDGE ( 'NONE', *, *, #1822, .T. ) ;
#1612 = CARTESIAN_POINT ( 'NONE',  ( -35.76251570859204776, 172.0522233601103324, -102.1420649921440713 ) ) ;
#1613 = CARTESIAN_POINT ( 'NONE',  ( 20.19067774746200783, 171.3281717401797266, -102.1420649921440145 ) ) ;
#1614 = CARTESIAN_POINT ( 'NONE',  ( -32.76052888532722562, 96.07611010427451959, -102.1420649921440287 ) ) ;
#1615 = CARTESIAN_POINT ( 'NONE',  ( 1.053179613657971192, 144.7624016052888862, -102.1420649921440287 ) ) ;
#1616 = CARTESIAN_POINT ( 'NONE',  ( 27.83947111467277580, -7.446860668734664124, -89.12456499214403038 ) ) ;
#1617 = VERTEX_POINT ( 'NONE', #740 ) ;
#1618 = EDGE_CURVE ( 'NONE', #415, #1056, #1245, .T. ) ;
#1619 = DIRECTION ( 'NONE',  ( -0.000000000000000000, -0.000000000000000000, 1.000000000000000000 ) ) ;
#1620 = EDGE_LOOP ( 'NONE', ( #249, #684, #714, #1611 ) ) ;
#1621 = CARTESIAN_POINT ( 'NONE',  ( -39.10917463012224005, -19.53299188323300939, -83.09206499214403152 ) ) ;
#1622 = CARTESIAN_POINT ( 'NONE',  ( -48.36052888532722704, 157.0761101042744770, -95.79206499214440385 ) ) ;
#1623 = ADVANCED_FACE ( 'NONE', ( #1295 ), #1984, .F. ) ;
#1624 = CARTESIAN_POINT ( 'NONE',  ( 18.19581838602452351, 171.7524566672442745, -102.1420649921440287 ) ) ;
#1625 = CARTESIAN_POINT ( 'NONE',  ( -1.760528885327241166, 76.07611010427453380, -83.09206499214403152 ) ) ;
#1626 = CARTESIAN_POINT ( 'NONE',  ( -24.61052888532686822, 156.0761101042735675, -83.09206499214403152 ) ) ;
#1627 = CARTESIAN_POINT ( 'NONE',  ( 12.83947111467277757, -19.92388989572546620, -82.13956499214403095 ) ) ;
#1628 = EDGE_LOOP ( 'NONE', ( #315, #276 ) ) ;
#1629 = DIRECTION ( 'NONE',  ( -0.000000000000000000, -0.000000000000000000, 1.000000000000000000 ) ) ;
#1630 = B_SPLINE_CURVE_WITH_KNOTS ( 'NONE', 3,
 ( #167, #1011, #156, #832 ),
 .UNSPECIFIED., .F., .F.,
 ( 4, 4 ),
 ( 0.000000000000000000, 1.000000000000000000 ),
 .UNSPECIFIED. ) ;
#1631 = EDGE_LOOP ( 'NONE', ( #598, #1214, #913, #1170 ) ) ;
#1632 = CIRCLE ( 'NONE', #1036, 1.649999999999988365 ) ;
#1633 = CARTESIAN_POINT ( 'NONE',  ( -36.49611929781017494, -19.85204304804391739, -83.09206499214400310 ) ) ;
#1634 = DIRECTION ( 'NONE',  ( 1.000000000000000000, 0.000000000000000000, 0.000000000000000000 ) ) ;
#1635 = AXIS2_PLACEMENT_3D ( 'NONE', #5, #697, #1373 ) ;
#1636 = CARTESIAN_POINT ( 'NONE',  ( -39.82853532618645431, 171.5223773842817252, -102.1420649921440429 ) ) ;
#1637 = VECTOR ( 'NONE', #148, 1000.000000000000000 ) ;
#1638 = EDGE_CURVE ( 'NONE', #95, #1216, #1897, .T. ) ;
#1639 = CARTESIAN_POINT ( 'NONE',  ( 15.61800423693770767, 172.0249581095299050, -102.1420649921440429 ) ) ;
#1640 = DIRECTION ( 'NONE',  ( -0.000000000000000000, -0.000000000000000000, 1.000000000000000000 ) ) ;
#1641 = CARTESIAN_POINT ( 'NONE',  ( 15.87233731840673556, -19.85854047233187103, -83.09206499214403152 ) ) ;
#1642 = AXIS2_PLACEMENT_3D ( 'NONE', #1201, #1888, #1431 ) ;
#1643 = LINE ( 'NONE', #1801, #244 ) ;
#1644 = ORIENTED_EDGE ( 'NONE', *, *, #1945, .T. ) ;
#1645 = DIRECTION ( 'NONE',  ( 1.000000000000000000, 0.000000000000000000, 0.000000000000000000 ) ) ;
#1646 = ORIENTED_EDGE ( 'NONE', *, *, #228, .T. ) ;
#1647 = ORIENTED_EDGE ( 'NONE', *, *, #564, .F. ) ;
#1648 = CARTESIAN_POINT ( 'NONE',  ( -36.46823604798780138, 172.0060736816984956, -83.09206499214404573 ) ) ;
#1649 = CARTESIAN_POINT ( 'NONE',  ( -27.76052888532723273, 96.07611010427451959, -83.09206499214403152 ) ) ;
#1650 = CARTESIAN_POINT ( 'NONE',  ( -19.92423738430698066, 7.389818603259266538, -83.09206499214403152 ) ) ;
#1651 = CARTESIAN_POINT ( 'NONE',  ( -23.22423738430718387, -15.23759839471012967, -102.1420649921440287 ) ) ;
#1652 = EDGE_CURVE ( 'NONE', #1088, #981, #1463, .T. ) ;
#1653 = DIRECTION ( 'NONE',  ( -0.000000000000000000, -0.000000000000000000, 1.000000000000000000 ) ) ;
#1654 = CARTESIAN_POINT ( 'NONE',  ( 25.21060727196866935, -15.96528359021530719, -83.09206499214403152 ) ) ;
#1655 = CARTESIAN_POINT ( 'NONE',  ( 26.76409231713152792, -15.53049161352367769, -89.12456499214403038 ) ) ;
#1656 = VERTEX_POINT ( 'NONE', #974 ) ;
#1657 = EDGE_CURVE ( 'NONE', #704, #381, #1721, .T. ) ;
#1658 = CARTESIAN_POINT ( 'NONE',  ( 1.053179613662445169, -15.23759839471036415, -102.1420649921440287 ) ) ;
#1659 = EDGE_LOOP ( 'NONE', ( #162, #2186, #1154, #764 ) ) ;
#1660 = ORIENTED_EDGE ( 'NONE', *, *, #2223, .T. ) ;
#1661 = CARTESIAN_POINT ( 'NONE',  ( -47.74578278133607512, 163.7925503501143396, -83.09206499214403152 ) ) ;
#1662 = CARTESIAN_POINT ( 'NONE',  ( -0.5968203863420155075, 144.7624016052888862, -83.09206499214403152 ) ) ;
#1663 = CARTESIAN_POINT ( 'NONE',  ( -10.26052888532723806, 76.07611010427453380, -102.1420649921440287 ) ) ;
#1664 = CARTESIAN_POINT ( 'NONE',  ( 27.43597049701242341, -10.70444075878715218, -102.1420649921439860 ) ) ;
#1665 = CARTESIAN_POINT ( 'NONE',  ( -48.36052888532722704, -4.923889895725470645, -102.1420649921440287 ) ) ;
#1666 = CARTESIAN_POINT ( 'NONE',  ( -48.36052888532722704, 162.1220516502929172, -89.12456499214403038 ) ) ;
#1667 = DIRECTION ( 'NONE',  ( -0.000000000000000000, -0.000000000000000000, 1.000000000000000000 ) ) ;
#1668 = EDGE_LOOP ( 'NONE', ( #1608, #54 ) ) ;
#1669 = ORIENTED_EDGE ( 'NONE', *, *, #2115, .F. ) ;
#1670 = EDGE_LOOP ( 'NONE', ( #1979, #744, #172, #858 ) ) ;
#1671 = LINE ( 'NONE', #1519, #718 ) ;
#1672 = CARTESIAN_POINT ( 'NONE',  ( -30.26052888532722918, 56.07611010427451959, -102.1420649921440287 ) ) ;
#1673 = CARTESIAN_POINT ( 'NONE',  ( -21.57423738430696503, 7.389818603259266538, -102.1420649921440287 ) ) ;
#1674 = VECTOR ( 'NONE', #1640, 1000.000000000000000 ) ;
#1675 = VECTOR ( 'NONE', #1509, 1000.000000000000000 ) ;
#1676 = CARTESIAN_POINT ( 'NONE',  ( 25.79927639547881313, -15.14450387636478546, -102.1420649921440145 ) ) ;
#1677 = AXIS2_PLACEMENT_3D ( 'NONE', #1868, #656, #691 ) ;
#1678 = CARTESIAN_POINT ( 'NONE',  ( 4.089471114677762920, -3.923889895725695798, -83.09206499214403152 ) ) ;
#1679 = CARTESIAN_POINT ( 'NONE',  ( -48.36052888532722704, 157.0761101042745338, -82.13956499214403095 ) ) ;
#1680 = AXIS2_PLACEMENT_3D ( 'NONE', #666, #1178, #1358 ) ;
#1681 = CYLINDRICAL_SURFACE ( 'NONE', #1141, 1.649999999999986589 ) ;
#1682 = ORIENTED_EDGE ( 'NONE', *, *, #693, .T. ) ;
#1683 = AXIS2_PLACEMENT_3D ( 'NONE', #813, #1497, #1160 ) ;
#1684 = DIRECTION ( 'NONE',  ( 1.000000000000000000, 0.000000000000000000, 0.000000000000000000 ) ) ;
#1685 = AXIS2_PLACEMENT_3D ( 'NONE', #1294, #493, #285 ) ;
#1686 = EDGE_LOOP ( 'NONE', ( #1610, #500, #1794, #137 ) ) ;
#1687 = ORIENTED_EDGE ( 'NONE', *, *, #1210, .F. ) ;
#1688 = CARTESIAN_POINT ( 'NONE',  ( -21.57423738430719951, -15.23759839471012967, -83.09206499214403152 ) ) ;
#1689 = LINE ( 'NONE', #2005, #136 ) ;
#1690 = CARTESIAN_POINT ( 'NONE',  ( -21.57423738430696503, 7.389818603259266538, -83.09206499214403152 ) ) ;
#1691 = CARTESIAN_POINT ( 'NONE',  ( 27.83947111467277580, -19.92388989572546620, -83.09206499214403152 ) ) ;
#1692 = CARTESIAN_POINT ( 'NONE',  ( 15.36244188768197461, 172.0761101042745338, -96.10956499213720861 ) ) ;
#1693 = EDGE_CURVE ( 'NONE', #304, #1361, #31, .T. ) ;
#1694 = CARTESIAN_POINT ( 'NONE',  ( 27.34225614969772877, -11.14746519448837070, -83.09206499214403152 ) ) ;
#1695 = DIRECTION ( 'NONE',  ( 0.000000000000000000, -0.000000000000000000, 1.000000000000000000 ) ) ;
#1696 = ORIENTED_EDGE ( 'NONE', *, *, #1657, .F. ) ;
#1697 = VERTEX_POINT ( 'NONE', #1651 ) ;
#1698 = VERTEX_POINT ( 'NONE', #324 ) ;
#1699 = DIRECTION ( 'NONE',  ( -1.000000000000000000, 0.000000000000000000, 0.000000000000000000 ) ) ;
#1700 = DIRECTION ( 'NONE',  ( 1.000000000000000000, 0.000000000000000000, 0.000000000000000000 ) ) ;
#1701 = DIRECTION ( 'NONE',  ( 1.000000000000000000, 0.000000000000000000, 0.000000000000000000 ) ) ;
#1702 = CARTESIAN_POINT ( 'NONE',  ( 12.83947111467279001, -19.92388989572546620, -102.1420649921440287 ) ) ;
#1703 = CARTESIAN_POINT ( 'NONE',  ( 27.83947111467277580, 159.5990808772837113, -96.10956499213720861 ) ) ;
#1704 = CARTESIAN_POINT ( 'NONE',  ( 12.83947111467278468, 172.0761101042745338, -83.09206499214403152 ) ) ;
#1705 = DIRECTION ( 'NONE',  ( 1.000000000000000000, 0.000000000000000000, 0.000000000000000000 ) ) ;
#1706 = CARTESIAN_POINT ( 'NONE',  ( 1.053179613662682756, 7.389818603259028507, -83.09206499214403152 ) ) ;
#1707 = ORIENTED_EDGE ( 'NONE', *, *, #1693, .T. ) ;
#1708 = EDGE_LOOP ( 'NONE', ( #1556, #394 ) ) ;
#1709 = EDGE_LOOP ( 'NONE', ( #502, #411, #109, #786 ) ) ;
#1710 = CARTESIAN_POINT ( 'NONE',  ( 2.703179613662669123, 7.389818603259028507, -83.09206499214403152 ) ) ;
#1711 = CARTESIAN_POINT ( 'NONE',  ( -48.36052888532722704, -7.446860668734662347, -103.0945649921440150 ) ) ;
#1712 = EDGE_CURVE ( 'NONE', #2164, #1004, #1174, .T. ) ;
#1713 = CARTESIAN_POINT ( 'NONE',  ( -21.57423738431167592, 167.3898186032582771, -83.09206499214403152 ) ) ;
#1714 = EDGE_CURVE ( 'NONE', #644, #634, #1974, .T. ) ;
#1715 = VECTOR ( 'NONE', #1450, 1000.000000000000000 ) ;
#1716 = CARTESIAN_POINT ( 'NONE',  ( 27.83947111467277935, -6.281631410981844077, -83.09206499214403152 ) ) ;
#1717 = CYLINDRICAL_SURFACE ( 'NONE', #1971, 1.649999999999984812 ) ;
#1718 = AXIS2_PLACEMENT_3D ( 'NONE', #808, #1196, #1684 ) ;
#1719 = FACE_BOUND ( 'NONE', #2208, .T. ) ;
#1720 = AXIS2_PLACEMENT_3D ( 'NONE', #1672, #153, #1316 ) ;
#1721 = CIRCLE ( 'NONE', #1071, 12.25000000000000355 ) ;
#1722 = EDGE_LOOP ( 'NONE', ( #1981, #1646 ) ) ;
#1723 = ORIENTED_EDGE ( 'NONE', *, *, #121, .F. ) ;
#1724 = EDGE_CURVE ( 'NONE', #1893, #255, #639, .T. ) ;
#1725 = CARTESIAN_POINT ( 'NONE',  ( -48.28868203764569245, 160.2117005167574462, -83.09206499214404573 ) ) ;
#1726 = VECTOR ( 'NONE', #2043, 1000.000000000000000 ) ;
#1727 = CYLINDRICAL_SURFACE ( 'NONE', #1786, 1.649999999999986589 ) ;
#1728 = CARTESIAN_POINT ( 'NONE',  ( 27.76762426699123409, -8.059480308208364363, -83.09206499214403152 ) ) ;
#1729 = FACE_BOUND ( 'NONE', #947, .T. ) ;
#1730 = FACE_BOUND ( 'NONE', #1507, .T. ) ;
#1731 = EDGE_CURVE ( 'NONE', #1732, #1027, #1825, .T. ) ;
#1732 = VERTEX_POINT ( 'NONE', #1384 ) ;
#1733 = ORIENTED_EDGE ( 'NONE', *, *, #722, .T. ) ;
#1734 = CARTESIAN_POINT ( 'NONE',  ( 18.58811685951608439, 171.6852120917744173, -83.09206499214404573 ) ) ;
#1735 = CARTESIAN_POINT ( 'NONE',  ( -48.36052888532722704, -9.969831441743856715, -103.0945649921440150 ) ) ;
#1736 = CARTESIAN_POINT ( 'NONE',  ( 12.23947111467277615, 96.07611010427451959, -83.09206499214403152 ) ) ;
#1737 = CARTESIAN_POINT ( 'NONE',  ( -44.40192257979995816, -17.29502605302520735, -83.09206499214401731 ) ) ;
#1738 = DIRECTION ( 'NONE',  ( 0.000000000000000000, 0.000000000000000000, 1.000000000000000000 ) ) ;
#1739 = FACE_BOUND ( 'NONE', #1832, .T. ) ;
#1740 = CARTESIAN_POINT ( 'NONE',  ( -10.26052888532226426, -3.923889895725514609, -102.1420649921440287 ) ) ;
#1741 = ORIENTED_EDGE ( 'NONE', *, *, #1714, .T. ) ;
#1742 = ORIENTED_EDGE ( 'NONE', *, *, #2144, .F. ) ;
#1743 = CARTESIAN_POINT ( 'NONE',  ( 15.98095908351249506, 172.0038765668367091, -83.09206499214404573 ) ) ;
#1744 =( NAMED_UNIT ( * ) PLANE_ANGLE_UNIT ( ) SI_UNIT ( $, .RADIAN. ) );
#1745 = ADVANCED_FACE ( 'NONE', ( #1032 ), #539, .F. ) ;
#1746 = DIRECTION ( 'NONE',  ( -0.000000000000000000, -0.000000000000000000, 1.000000000000000000 ) ) ;
#1747 = DIRECTION ( 'NONE',  ( -0.000000000000000000, -0.000000000000000000, 1.000000000000000000 ) ) ;
#1748 = AXIS2_PLACEMENT_3D ( 'NONE', #1595, #1266, #1093 ) ;
#1749 = PLANE ( 'NONE',  #604 ) ;
#1750 = ORIENTED_EDGE ( 'NONE', *, *, #67, .F. ) ;
#1751 = CIRCLE ( 'NONE', #1935, 12.25000000000000355 ) ;
#1752 = CARTESIAN_POINT ( 'NONE',  ( 27.77161508311378313, 160.1495029460401440, -83.09206499214403152 ) ) ;
#1753 = VECTOR ( 'NONE', #1021, 1000.000000000000000 ) ;
#1754 = CARTESIAN_POINT ( 'NONE',  ( -48.36052888532722704, -7.446860668734662347, -89.12456499214403038 ) ) ;
#1755 = EDGE_CURVE ( 'NONE', #682, #633, #1906, .T. ) ;
#1756 = CIRCLE ( 'NONE', #427, 2.499999999999996891 ) ;
#1757 = DIRECTION ( 'NONE',  ( 1.000000000000000000, 0.000000000000000000, 0.000000000000000000 ) ) ;
#1758 = CARTESIAN_POINT ( 'NONE',  ( -34.71827040056849967, -19.92388989572546265, -83.09206499214404573 ) ) ;
#1759 = FACE_OUTER_BOUND ( 'NONE', #1455, .T. ) ;
#1760 = CARTESIAN_POINT ( 'NONE',  ( -10.26052888532226426, -3.923889895725514609, -83.09206499214403152 ) ) ;
#1761 = ADVANCED_FACE ( 'NONE', ( #2077 ), #1221, .F. ) ;
#1762 = LINE ( 'NONE', #1075, #1218 ) ;
#1763 = B_SPLINE_SURFACE_WITH_KNOTS ( 'NONE', 5, 3, ( 
 ( #383, #1911, #2066, #1408 ),
 ( #1711, #174, #1754, #1920 ),
 ( #1735, #219, #352, #344 ),
 ( #866, #2100, #1886, #706 ),
 ( #2222, #2091, #878, #557 ),
 ( #1050, #1383, #1543, #1552 ),
 ( #1030, #527, #187, #518 ),
 ( #37, #14, #1397, #23 ) ),
 .UNSPECIFIED., .F., .F., .F.,
 ( 6, 2, 6 ),
 ( 4, 4 ),
 ( 0.000000000000000000, 0.5000000000000000000, 1.000000000000000000 ),
 ( -0.0009524999999999998962, 0.02000249999999999598 ),
 .UNSPECIFIED. ) ;
#1764 = VERTEX_POINT ( 'NONE', #2068 ) ;
#1765 = CARTESIAN_POINT ( 'NONE',  ( 25.79927639557117303, 167.2967240848012977, -83.09206499214401731 ) ) ;
#1766 = CARTESIAN_POINT ( 'NONE',  ( -47.91432303572219098, 163.0649897409964240, -102.1420649921440287 ) ) ;
#1767 = FACE_BOUND ( 'NONE', #1426, .T. ) ;
#1768 = CARTESIAN_POINT ( 'NONE',  ( -48.20988750099039066, -9.016757219926473610, -102.1420649921440145 ) ) ;
#1769 = CARTESIAN_POINT ( 'NONE',  ( -23.22423738431166029, 167.3898186032582771, -102.1420649921440287 ) ) ;
#1770 = ORIENTED_EDGE ( 'NONE', *, *, #631, .T. ) ;
#1771 = CARTESIAN_POINT ( 'NONE',  ( 27.78831911992809367, 159.8546432265686121, -83.09206499214404573 ) ) ;
#1772 = ORIENTED_EDGE ( 'NONE', *, *, #523, .T. ) ;
#1773 = CARTESIAN_POINT ( 'NONE',  ( -36.49611929780983388, 172.0042632565929637, -102.1420649921440287 ) ) ;
#1774 = EDGE_CURVE ( 'NONE', #306, #415, #178, .T. ) ;
#1775 = CARTESIAN_POINT ( 'NONE',  ( 15.94148376826983871, 172.0064389303169605, -102.1420649921440429 ) ) ;
#1776 = CARTESIAN_POINT ( 'NONE',  ( -37.03346218273990331, -19.81733622574069642, -102.1420649921440287 ) ) ;
#1777 = CARTESIAN_POINT ( 'NONE',  ( 15.36244188768197461, -19.92388989572546620, -89.12456499214403038 ) ) ;
#1778 = B_SPLINE_CURVE_WITH_KNOTS ( 'NONE', 3,
 ( #753, #910, #53, #734 ),
 .UNSPECIFIED., .F., .F.,
 ( 4, 4 ),
 ( 0.000000000000000000, 1.000000000000000000 ),
 .UNSPECIFIED. ) ;
#1779 = CIRCLE ( 'NONE', #1748, 1.649999999999984812 ) ;
#1780 = ORIENTED_EDGE ( 'NONE', *, *, #2099, .T. ) ;
#1781 = CIRCLE ( 'NONE', #683, 1.649999999999985256 ) ;
#1782 = CARTESIAN_POINT ( 'NONE',  ( 1.053179613657974745, 167.3898186032582771, -102.1420649921440287 ) ) ;
#1783 = CIRCLE ( 'NONE', #96, 8.499999999999996447 ) ;
#1784 = CIRCLE ( 'NONE', #2047, 2.499999999999996891 ) ;
#1785 = CARTESIAN_POINT ( 'NONE',  ( -39.70307944408523326, 171.5518115824435768, -102.1420649921440713 ) ) ;
#1786 = AXIS2_PLACEMENT_3D ( 'NONE', #2110, #188, #1582 ) ;
#1787 = CARTESIAN_POINT ( 'NONE',  ( 27.28573839466029227, 163.5441165451575785, -102.1420649921439860 ) ) ;
#1788 = ADVANCED_FACE ( 'NONE', ( #1912 ), #365, .F. ) ;
#1789 = CARTESIAN_POINT ( 'NONE',  ( -36.39339508905573695, -19.85854047233188879, -102.1420649921440429 ) ) ;
#1790 = CARTESIAN_POINT ( 'NONE',  ( -19.92423738430698066, 7.389818603259266538, -102.1420649921440287 ) ) ;
#1791 = CARTESIAN_POINT ( 'NONE',  ( 27.83947111467277580, -9.969831441743860267, -96.10956499213720861 ) ) ;
#1792 = EDGE_LOOP ( 'NONE', ( #1444, #2054, #362, #307, #292, #1261, #785, #1559 ) ) ;
#1793 = DIRECTION ( 'NONE',  ( -0.000000000000000000, -0.000000000000000000, 1.000000000000000000 ) ) ;
#1794 = ORIENTED_EDGE ( 'NONE', *, *, #1712, .T. ) ;
#1795 = EDGE_CURVE ( 'NONE', #1216, #566, #1043, .T. ) ;
#1796 = CARTESIAN_POINT ( 'NONE',  ( -36.46254153892414962, 172.0064389303169321, -83.09206499214403152 ) ) ;
#1797 = CARTESIAN_POINT ( 'NONE',  ( -44.40192257970939238, 169.4472462616562041, -102.1420649921440145 ) ) ;
#1798 = CARTESIAN_POINT ( 'NONE',  ( 15.93292775307598319, 172.0069857289838637, -102.1420649921440003 ) ) ;
#1799 = CARTESIAN_POINT ( 'NONE',  ( -43.58114286594824449, -17.88369517654646046, -102.1420649921440571 ) ) ;
#1800 = DIRECTION ( 'NONE',  ( 1.000000000000000000, 0.000000000000000000, 0.000000000000000000 ) ) ;
#1801 = CARTESIAN_POINT ( 'NONE',  ( 2.703179613662431535, -15.23759839471036415, -83.09206499214403152 ) ) ;
#1802 = ORIENTED_EDGE ( 'NONE', *, *, #316, .F. ) ;
#1803 = CARTESIAN_POINT ( 'NONE',  ( -21.57423738431167592, 167.3898186032582771, -83.09206499214403152 ) ) ;
#1804 = CARTESIAN_POINT ( 'NONE',  ( -44.37630155295747869, 169.4675697382519104, -83.09206499214400310 ) ) ;
#1805 = CARTESIAN_POINT ( 'NONE',  ( -32.76052888532722562, 96.07611010427451959, -83.09206499214403152 ) ) ;
#1806 = CARTESIAN_POINT ( 'NONE',  ( -36.52388213087640167, 172.0024324006866721, -102.1420649921439860 ) ) ;
#1807 = CARTESIAN_POINT ( 'NONE',  ( 27.83947111467279356, -5.598453258807160715, -102.1420649921440713 ) ) ;
#1808 = CARTESIAN_POINT ( 'NONE',  ( -47.96963087282961169, -10.67253564058897553, -102.1420649921440145 ) ) ;
#1809 = CARTESIAN_POINT ( 'NONE',  ( -21.57423738431167592, 167.3898186032582771, -83.09206499214403152 ) ) ;
#1810 = CARTESIAN_POINT ( 'NONE',  ( -33.36052888532721283, -19.92388989572546620, -89.44206499214402584 ) ) ;
#1811 = ORIENTED_EDGE ( 'NONE', *, *, #1079, .F. ) ;
#1812 = EDGE_CURVE ( 'NONE', #1697, #1517, #708, .T. ) ;
#1813 = DIRECTION ( 'NONE',  ( 1.000000000000000000, 0.000000000000000000, 0.000000000000000000 ) ) ;
#1814 = ADVANCED_BREP_SHAPE_REPRESENTATION ( 'Cross Head', ( #51, #431 ), #1573 ) ;
#1815 = ORIENTED_EDGE ( 'NONE', *, *, #1396, .F. ) ;
#1816 = AXIS2_PLACEMENT_3D ( 'NONE', #1809, #1115, #262 ) ;
#1817 = VERTEX_POINT ( 'NONE', #1736 ) ;
#1818 = CARTESIAN_POINT ( 'NONE',  ( -47.85067933911754778, 163.3556229770795198, -83.09206499214404573 ) ) ;
#1819 = LINE ( 'NONE', #481, #1675 ) ;
#1820 = VECTOR ( 'NONE', #619, 1000.000000000000000 ) ;
#1821 = LINE ( 'NONE', #299, #1726 ) ;
#1822 = EDGE_CURVE ( 'NONE', #217, #1517, #2010, .T. ) ;
#1823 = AXIS2_PLACEMENT_3D ( 'NONE', #284, #467, #790 ) ;
#1824 = CARTESIAN_POINT ( 'NONE',  ( 27.76979994071515634, -8.025902549323745916, -102.1420649921440429 ) ) ;
#1825 = CIRCLE ( 'NONE', #283, 1.649999999999984812 ) ;
#1826 = CARTESIAN_POINT ( 'NONE',  ( 27.83947111467277580, 159.5990808772837113, -103.0945649921440150 ) ) ;
#1827 = CARTESIAN_POINT ( 'NONE',  ( 18.98294663444791297, -19.44443815394551223, -83.09206499214403152 ) ) ;
#1828 = VECTOR ( 'NONE', #1896, 1000.000000000000000 ) ;
#1829 = DIRECTION ( 'NONE',  ( -0.000000000000000000, -0.000000000000000000, 1.000000000000000000 ) ) ;
#1830 = ORIENTED_EDGE ( 'NONE', *, *, #36, .F. ) ;
#1831 = DIRECTION ( 'NONE',  ( 1.000000000000000000, 0.000000000000000000, 0.000000000000000000 ) ) ;
#1832 = EDGE_LOOP ( 'NONE', ( #1952, #2108 ) ) ;
#1833 = VERTEX_POINT ( 'NONE', #868 ) ;
#1834 = CARTESIAN_POINT ( 'NONE',  ( -36.46954485328672035, 172.0059897879173434, -83.09206499214400310 ) ) ;
#1835 = CYLINDRICAL_SURFACE ( 'NONE', #1570, 1.649999999999984812 ) ;
#1836 = DIRECTION ( 'NONE',  ( 0.000000000000000000, -0.000000000000000000, 1.000000000000000000 ) ) ;
#1837 = DIRECTION ( 'NONE',  ( -0.000000000000000000, -0.000000000000000000, 1.000000000000000000 ) ) ;
#1838 = CARTESIAN_POINT ( 'NONE',  ( 27.83947111467277580, 157.0761101042745338, -89.12456499214403038 ) ) ;
#1839 = CARTESIAN_POINT ( 'NONE',  ( -48.36052888532722704, 162.1220516502929172, -96.10956499213720861 ) ) ;
#1840 = CARTESIAN_POINT ( 'NONE',  ( 27.83947111467277580, 157.0761101042744770, -89.44206499214402584 ) ) ;
#1841 = CARTESIAN_POINT ( 'NONE',  ( -22.51052888532226604, -3.923889895725512833, -102.1420649921440287 ) ) ;
#1842 = ADVANCED_FACE ( 'NONE', ( #1417 ), #38, .F. ) ;
#1843 = ORIENTED_EDGE ( 'NONE', *, *, #1161, .T. ) ;
#1844 = CARTESIAN_POINT ( 'NONE',  ( 27.83947111467277580, 157.0761101042746191, -102.1420649921440287 ) ) ;
#1845 = ORIENTED_EDGE ( 'NONE', *, *, #1867, .T. ) ;
#1846 = ORIENTED_EDGE ( 'NONE', *, *, #374, .T. ) ;
#1847 = DIRECTION ( 'NONE',  ( -0.000000000000000000, -0.000000000000000000, 1.000000000000000000 ) ) ;
#1848 = DIRECTION ( 'NONE',  ( -0.000000000000000000, -0.000000000000000000, 1.000000000000000000 ) ) ;
#1849 = FACE_OUTER_BOUND ( 'NONE', #463, .T. ) ;
#1850 = CARTESIAN_POINT ( 'NONE',  ( 27.76935079831562803, -8.032905863684769443, -102.1420649921440145 ) ) ;
#1851 = CARTESIAN_POINT ( 'NONE',  ( -48.36052888532723415, -6.281631410980742736, -102.1420649921440571 ) ) ;
#1852 = CARTESIAN_POINT ( 'NONE',  ( -47.28515008778597206, 167.6827118220727471, -96.10956499213720861 ) ) ;
#1853 = DIRECTION ( 'NONE',  ( -0.000000000000000000, -0.000000000000000000, 1.000000000000000000 ) ) ;
#1854 = ORIENTED_EDGE ( 'NONE', *, *, #1026, .T. ) ;
#1855 = EDGE_LOOP ( 'NONE', ( #1529, #1854, #1845, #1235 ) ) ;
#1856 = VERTEX_POINT ( 'NONE', #2101 ) ;
#1857 = FACE_OUTER_BOUND ( 'NONE', #1855, .T. ) ;
#1858 = CYLINDRICAL_SURFACE ( 'NONE', #1138, 1.649999999999986589 ) ;
#1859 = CYLINDRICAL_SURFACE ( 'NONE', #1603, 2.499999999999996891 ) ;
#1860 = AXIS2_PLACEMENT_3D ( 'NONE', #106, #1124, #1986 ) ;
#1861 = ADVANCED_FACE ( 'NONE', ( #879 ), #1727, .F. ) ;
#1862 = AXIS2_PLACEMENT_3D ( 'NONE', #1658, #1619, #937 ) ;
#1863 = CARTESIAN_POINT ( 'NONE',  ( 27.09153275057441945, -12.27509652852057265, -102.1420649921440003 ) ) ;
#1864 = CARTESIAN_POINT ( 'NONE',  ( 23.44607283247098906, 171.0007313067332575, -89.12456499214403038 ) ) ;
#1865 = CARTESIAN_POINT ( 'NONE',  ( -47.28515008778597206, 167.6827118220727471, -103.0945649921440150 ) ) ;
#1866 = CIRCLE ( 'NONE', #933, 1.649999999999984812 ) ;
#1867 = EDGE_CURVE ( 'NONE', #1764, #1371, #1106, .T. ) ;
#1868 = CARTESIAN_POINT ( 'NONE',  ( -26.26052888532685614, 156.0761101042735675, -83.09206499214403152 ) ) ;
#1869 = ORIENTED_EDGE ( 'NONE', *, *, #690, .T. ) ;
#1870 = CIRCLE ( 'NONE', #784, 2.499999999999996891 ) ;
#1871 = CARTESIAN_POINT ( 'NONE',  ( -33.36052888532721994, 172.0761101042745338, -95.79206499214440385 ) ) ;
#1872 = ORIENTED_EDGE ( 'NONE', *, *, #2067, .T. ) ;
#1873 = ORIENTED_EDGE ( 'NONE', *, *, #1008, .F. ) ;
#1874 = CARTESIAN_POINT ( 'NONE',  ( -23.22423738431166385, 167.3898186032582771, -83.09206499214403152 ) ) ;
#1875 = LINE ( 'NONE', #333, #1250 ) ;
#1876 = CARTESIAN_POINT ( 'NONE',  ( 7.239471114672782370, 56.07611010427451959, -83.09206499214403152 ) ) ;
#1877 = EDGE_CURVE ( 'NONE', #1989, #2039, #145, .T. ) ;
#1878 = DIRECTION ( 'NONE',  ( 0.000000000000000000, 0.000000000000000000, 1.000000000000000000 ) ) ;
#1879 = CARTESIAN_POINT ( 'NONE',  ( 23.44607283247098906, 171.0007313067332575, -82.13956499214403095 ) ) ;
#1880 = DIRECTION ( 'NONE',  ( 0.000000000000000000, -0.000000000000000000, 1.000000000000000000 ) ) ;
#1881 = ORIENTED_EDGE ( 'NONE', *, *, #528, .F. ) ;
#1882 = CARTESIAN_POINT ( 'NONE',  ( -48.36052888532722704, -19.92388989572546620, -102.1420649921440287 ) ) ;
#1883 = ORIENTED_EDGE ( 'NONE', *, *, #1231, .T. ) ;
#1884 = ORIENTED_EDGE ( 'NONE', *, *, #1292, .T. ) ;
#1885 = DIRECTION ( 'NONE',  ( 1.000000000000000000, 0.000000000000000000, 0.000000000000000000 ) ) ;
#1886 = CARTESIAN_POINT ( 'NONE',  ( -47.28515008778597206, -15.53049161352368124, -89.12456499214403038 ) ) ;
#1887 = EDGE_CURVE ( 'NONE', #1856, #1617, #652, .T. ) ;
#1888 = DIRECTION ( 'NONE',  ( 0.000000000000000000, -0.000000000000000000, 1.000000000000000000 ) ) ;
#1889 = CARTESIAN_POINT ( 'NONE',  ( 1.053179613657974745, 167.3898186032582771, -83.09206499214403152 ) ) ;
#1890 = DIRECTION ( 'NONE',  ( -0.000000000000000000, -0.000000000000000000, 1.000000000000000000 ) ) ;
#1891 = EDGE_CURVE ( 'NONE', #1600, #1003, #558, .T. ) ;
#1892 = CARTESIAN_POINT ( 'NONE',  ( 0.000000000000000000, 0.000000000000000000, -102.1420649921440287 ) ) ;
#1893 = VERTEX_POINT ( 'NONE', #738 ) ;
#1894 = EDGE_LOOP ( 'NONE', ( #331, #1457, #587, #978 ) ) ;
#1895 = CARTESIAN_POINT ( 'NONE',  ( -48.28685118173928004, 160.2394633498291228, -83.09206499214404573 ) ) ;
#1896 = DIRECTION ( 'NONE',  ( -0.000000000000000000, -0.000000000000000000, 1.000000000000000000 ) ) ;
#1897 = B_SPLINE_CURVE_WITH_KNOTS ( 'NONE', 3,
 ( #1272, #1807, #271, #1958, #748, #792, #1475, #2170, #310, #1824, #994, #1850, #1345, #1499, #1522, #1664, #2022, #2192, #985, #1355, #1531, #2225, #1863, #2046, #1676, #1190, #1010, #2033, #2009, #2214, #1319, #688, #128, #1512, #2203, #1367, #663, #155, #166, #483, #674, #2058, #144, #471, #831, #653, #1149, #519, #288, #300, #1702 ),
 .UNSPECIFIED., .F., .F.,
 ( 4, 1, 1, 1, 1, 1, 1, 1, 2, 2, 1, 1, 1, 1, 1, 1, 2, 2, 2, 2, 1, 1, 1, 1, 1, 1, 1, 2, 2, 1, 1, 1, 1, 1, 1, 1, 2, 2, 4 ),
 ( 0.000000000000000000, 0.06249999999997490896, 0.09374999999996230793, 0.1093749999999560074, 0.1171874999999528572, 0.1210937499999511224, 0.1230468749999504147, 0.1240234374999501926, 0.1245117187499500816, 0.1249999999999499845, 0.1874999999999418798, 0.2187499999999379108, 0.2343749999999359401, 0.2421874999999349409, 0.2460937499999345524, 0.2480468749999343303, 0.2490234374999343858, 0.2499999999999344413, 0.3749999999999388822, 0.4999999999999433786, 0.6249999999999478195, 0.6874999999999499289, 0.7187499999999512612, 0.7343749999999520384, 0.7421874999999524825, 0.7460937499999527045, 0.7480468749999525935, 0.7490234374999525935, 0.7499999999999524825, 0.8124999999999753530, 0.8437499999999865663, 0.8593749999999923395, 0.8671874999999951150, 0.8710937499999964473, 0.8730468749999971134, 0.8740234374999973355, 0.8745117187499972244, 0.8749999999999971134, 1.000000000000000000 ),
 .UNSPECIFIED. ) ;
#1898 = DIRECTION ( 'NONE',  ( -0.000000000000000000, -0.000000000000000000, 1.000000000000000000 ) ) ;
#1899 = AXIS2_PLACEMENT_3D ( 'NONE', #2083, #1904, #18 ) ;
#1900 = FACE_OUTER_BOUND ( 'NONE', #1917, .T. ) ;
#1901 = EDGE_CURVE ( 'NONE', #1600, #64, #1327, .T. ) ;
#1902 = FACE_BOUND ( 'NONE', #991, .T. ) ;
#1903 = VECTOR ( 'NONE', #694, 1000.000000000000000 ) ;
#1904 = DIRECTION ( 'NONE',  ( -0.000000000000000000, -0.000000000000000000, 1.000000000000000000 ) ) ;
#1905 = CIRCLE ( 'NONE', #1101, 1.649999999999984812 ) ;
#1906 = CIRCLE ( 'NONE', #1602, 1.649999999999985256 ) ;
#1907 = ORIENTED_EDGE ( 'NONE', *, *, #1360, .T. ) ;
#1908 = ORIENTED_EDGE ( 'NONE', *, *, #872, .T. ) ;
#1909 = CYLINDRICAL_SURFACE ( 'NONE', #821, 12.25000000000000355 ) ;
#1910 = AXIS2_PLACEMENT_3D ( 'NONE', #197, #1208, #1229 ) ;
#1911 = CARTESIAN_POINT ( 'NONE',  ( -48.36052888532722704, -4.923889895725467092, -96.10956499213720861 ) ) ;
#1912 = FACE_OUTER_BOUND ( 'NONE', #2153, .T. ) ;
#1913 = CARTESIAN_POINT ( 'NONE',  ( 27.76579341108473642, -8.087243141281934555, -83.09206499214404573 ) ) ;
#1914 = FACE_OUTER_BOUND ( 'NONE', #1792, .T. ) ;
#1915 = FACE_OUTER_BOUND ( 'NONE', #1528, .T. ) ;
#1916 = CARTESIAN_POINT ( 'NONE',  ( 1.053179613662445169, -15.23759839471036415, -83.09206499214403152 ) ) ;
#1917 = EDGE_LOOP ( 'NONE', ( #989, #547, #3, #1869 ) ) ;
#1918 = ORIENTED_EDGE ( 'NONE', *, *, #690, .F. ) ;
#1919 = CARTESIAN_POINT ( 'NONE',  ( 16.03340211969223006, 172.0003858528227454, -83.09206499214403152 ) ) ;
#1920 = CARTESIAN_POINT ( 'NONE',  ( -48.36052888532722704, -7.446860668734662347, -82.13956499214403095 ) ) ;
#1921 = CARTESIAN_POINT ( 'NONE',  ( 5.739471114677749064, -3.923889895725695798, -102.1420649921440287 ) ) ;
#1922 = CARTESIAN_POINT ( 'NONE',  ( -40.07696913117673887, -19.30914379172635620, -83.09206499214403152 ) ) ;
#1923 = CYLINDRICAL_SURFACE ( 'NONE', #214, 1.649999999999988365 ) ;
#1924 = CARTESIAN_POINT ( 'NONE',  ( 12.83947111467279001, -19.92388989572546620, -102.1420649921440287 ) ) ;
#1925 = ORIENTED_EDGE ( 'NONE', *, *, #542, .F. ) ;
#1926 = CARTESIAN_POINT ( 'NONE',  ( 15.97506152715539862, 172.0042632565930489, -83.09206499214404573 ) ) ;
#1927 = CARTESIAN_POINT ( 'NONE',  ( 1.053179613662445169, -15.23759839471036415, -83.09206499214403152 ) ) ;
#1928 = DIRECTION ( 'NONE',  ( 1.000000000000000000, 0.000000000000000000, 0.000000000000000000 ) ) ;
#1929 = EDGE_CURVE ( 'NONE', #1363, #306, #2134, .T. ) ;
#1930 = CARTESIAN_POINT ( 'NONE',  ( 27.68882973034131112, -9.016757219842956417, -83.09206499214403152 ) ) ;
#1931 = FACE_BOUND ( 'NONE', #1708, .T. ) ;
#1932 = CIRCLE ( 'NONE', #1536, 1.649999999999988365 ) ;
#1933 = DIRECTION ( 'NONE',  ( -0.000000000000000000, -0.000000000000000000, 1.000000000000000000 ) ) ;
#1934 = ORIENTED_EDGE ( 'NONE', *, *, #887, .T. ) ;
#1935 = AXIS2_PLACEMENT_3D ( 'NONE', #347, #2036, #1325 ) ;
#1936 = DIRECTION ( 'NONE',  ( -0.000000000000000000, -0.000000000000000000, 1.000000000000000000 ) ) ;
#1937 = CARTESIAN_POINT ( 'NONE',  ( -46.32033416612647869, 167.2967240849472716, -102.1420649921440429 ) ) ;
#1938 = CARTESIAN_POINT ( 'NONE',  ( -39.58410418409019371, -19.42667493075040497, -83.09206499214401731 ) ) ;
#1939 = FACE_BOUND ( 'NONE', #2138, .T. ) ;
#1940 = CARTESIAN_POINT ( 'NONE',  ( -38.71687615669378602, -19.60023645868931297, -102.1420649921440571 ) ) ;
#1941 = CARTESIAN_POINT ( 'NONE',  ( -38.40647043134561756, 172.0761101042745338, -82.13956499214403095 ) ) ;
#1942 = CARTESIAN_POINT ( 'NONE',  ( -18.76052888532723273, 76.07611010427453380, -83.09206499214403152 ) ) ;
#1943 = VERTEX_POINT ( 'NONE', #926 ) ;
#1944 = CYLINDRICAL_SURFACE ( 'NONE', #1179, 1.649999999999986589 ) ;
#1945 = EDGE_CURVE ( 'NONE', #1197, #1363, #176, .T. ) ;
#1946 = ORIENTED_EDGE ( 'NONE', *, *, #789, .F. ) ;
#1947 = ADVANCED_FACE ( 'NONE', ( #432 ), #1460, .F. ) ;
#1948 = CARTESIAN_POINT ( 'NONE',  ( -37.45339620926826996, 171.9254687199498335, -102.1420649921440145 ) ) ;
#1949 = CARTESIAN_POINT ( 'NONE',  ( 27.76579341108486787, 160.2394633498310554, -102.1420649921440287 ) ) ;
#1950 = LINE ( 'NONE', #409, #1674 ) ;
#1951 = CARTESIAN_POINT ( 'NONE',  ( -26.26052888532225893, -3.923889895725382715, -102.1420649921440287 ) ) ;
#1952 = ORIENTED_EDGE ( 'NONE', *, *, #1511, .T. ) ;
#1953 = CARTESIAN_POINT ( 'NONE',  ( 1.053179613662682756, 7.389818603259028507, -102.1420649921440287 ) ) ;
#1954 = ORIENTED_EDGE ( 'NONE', *, *, #1714, .F. ) ;
#1955 = EDGE_CURVE ( 'NONE', #1216, #713, #1009, .T. ) ;
#1956 = CARTESIAN_POINT ( 'NONE',  ( -41.49818910187973131, 171.0352240423015076, -102.1420649921440571 ) ) ;
#1957 = PRODUCT_DEFINITION_SHAPE ( 'NONE', 'NONE',  #63 ) ;
#1958 = CARTESIAN_POINT ( 'NONE',  ( 27.80500310387707330, -7.333516900873422451, -102.1420649921440003 ) ) ;
#1959 = DIRECTION ( 'NONE',  ( 1.000000000000000000, 0.000000000000000000, 0.000000000000000000 ) ) ;
#1960 = B_SPLINE_CURVE_WITH_KNOTS ( 'NONE', 3,
 ( #327, #805, #338, #2035, #1012, #147, #1641, #1151, #456, #795, #302, #817, #641, #1524, #834, #1997, #1137, #665, #1827, #290, #1501, #1477, #2216, #1347, #976, #676, #1654, #1323, #1357, #2012, #2024, #496, #655, #485, #1337, #1164, #1694, #1061, #27, #1930, #2227, #1368, #1240, #551, #1913, #180, #367, #1728, #520, #1716, #1534 ),
 .UNSPECIFIED., .F., .F.,
 ( 4, 1, 1, 1, 1, 1, 1, 1, 2, 2, 1, 1, 1, 1, 1, 1, 2, 2, 2, 2, 1, 1, 1, 1, 1, 1, 1, 2, 2, 1, 1, 1, 1, 1, 1, 1, 2, 2, 4 ),
 ( 0.000000000000000000, 0.06250000000000052736, 0.09375000000000068001, 0.1093750000000007494, 0.1171875000000006523, 0.1210937500000006245, 0.1230468750000009021, 0.1240234375000007355, 0.1245117187500003747, 0.1250000000000000000, 0.1874999999999794331, 0.2187499999999693578, 0.2343749999999645561, 0.2421874999999620026, 0.2460937499999606981, 0.2480468749999603095, 0.2490234374999601985, 0.2499999999999600597, 0.3749999999999717448, 0.4999999999999834022, 0.6249999999999950040, 0.6875000000000007772, 0.7187500000000036637, 0.7343750000000049960, 0.7421875000000055511, 0.7460937500000061062, 0.7480468750000062172, 0.7490234375000063283, 0.7500000000000064393, 0.8125000000000024425, 0.8437500000000004441, 0.8593749999999994449, 0.8671874999999988898, 0.8710937499999984457, 0.8730468749999981126, 0.8740234374999980016, 0.8745117187499980016, 0.8749999999999980016, 1.000000000000000000 ),
 .UNSPECIFIED. ) ;
#1961 = EDGE_CURVE ( 'NONE', #1833, #1943, #869, .T. ) ;
#1962 = DIRECTION ( 'NONE',  ( -0.000000000000000000, -0.000000000000000000, 1.000000000000000000 ) ) ;
#1963 = DIRECTION ( 'NONE',  ( 1.000000000000000000, 0.000000000000000000, 0.000000000000000000 ) ) ;
#1964 = AXIS2_PLACEMENT_3D ( 'NONE', #919, #593, #932 ) ;
#1965 = EDGE_CURVE ( 'NONE', #264, #1111, #1143, .T. ) ;
#1966 = ORIENTED_EDGE ( 'NONE', *, *, #1008, .T. ) ;
#1967 = CARTESIAN_POINT ( 'NONE',  ( 2.703179613662430203, -15.23759839471036415, -102.1420649921440287 ) ) ;
#1968 = CIRCLE ( 'NONE', #179, 2.499999999999998668 ) ;
#1969 = ORIENTED_EDGE ( 'NONE', *, *, #681, .F. ) ;
#1970 = ORIENTED_EDGE ( 'NONE', *, *, #681, .T. ) ;
#1971 = AXIS2_PLACEMENT_3D ( 'NONE', #2060, #2229, #486 ) ;
#1972 = CARTESIAN_POINT ( 'NONE',  ( -36.51076466037574164, 172.0033001465241114, -102.1420649921440571 ) ) ;
#1973 = AXIS2_PLACEMENT_3D ( 'NONE', #1690, #154, #843 ) ;
#1974 = B_SPLINE_CURVE_WITH_KNOTS ( 'NONE', 3,
 ( #116, #509, #335, #803 ),
 .UNSPECIFIED., .F., .F.,
 ( 4, 4 ),
 ( 0.000000000000000000, 1.000000000000000000 ),
 .UNSPECIFIED. ) ;
#1975 = CARTESIAN_POINT ( 'NONE',  ( 27.83947111467278290, 158.4338516194823114, -102.1420649921440287 ) ) ;
#1976 = CARTESIAN_POINT ( 'NONE',  ( -39.45262965333691341, -19.45563601973895373, -102.1420649921440429 ) ) ;
#1977 = DIRECTION ( 'NONE',  ( 1.000000000000000000, 0.000000000000000000, 0.000000000000000000 ) ) ;
#1978 = CARTESIAN_POINT ( 'NONE',  ( 27.83947111467277580, -4.923889895725467092, -96.10956499213720861 ) ) ;
#1979 = ORIENTED_EDGE ( 'NONE', *, *, #2053, .F. ) ;
#1980 = CYLINDRICAL_SURFACE ( 'NONE', #460, 1.649999999999988365 ) ;
#1981 = ORIENTED_EDGE ( 'NONE', *, *, #270, .T. ) ;
#1982 = DIRECTION ( 'NONE',  ( -0.000000000000000000, -0.000000000000000000, 1.000000000000000000 ) ) ;
#1983 = CARTESIAN_POINT ( 'NONE',  ( -48.03687544829120526, 162.4324573756566679, -102.1420649921440145 ) ) ;
#1984 = CYLINDRICAL_SURFACE ( 'NONE', #466, 1.649999999999984812 ) ;
#1985 = EDGE_CURVE ( 'NONE', #695, #1003, #1253, .T. ) ;
#1986 = DIRECTION ( 'NONE',  ( 1.000000000000000000, 0.000000000000000000, 0.000000000000000000 ) ) ;
#1987 = CARTESIAN_POINT ( 'NONE',  ( -35.88349965833642585, 172.0761101042745338, -103.0945649921440150 ) ) ;
#1988 = CARTESIAN_POINT ( 'NONE',  ( 23.44607283247098906, -18.84851109818421477, -103.0945649921440150 ) ) ;
#1989 = VERTEX_POINT ( 'NONE', #334 ) ;
#1990 = CARTESIAN_POINT ( 'NONE',  ( -48.36052888532722704, -4.923889895725470645, -102.1420649921440287 ) ) ;
#1991 = ORIENTED_EDGE ( 'NONE', *, *, #938, .F. ) ;
#1992 = ORIENTED_EDGE ( 'NONE', *, *, #287, .F. ) ;
#1993 = CARTESIAN_POINT ( 'NONE',  ( -47.80679616532108156, 163.5441165451478867, -83.09206499214403152 ) ) ;
#1994 = CARTESIAN_POINT ( 'NONE',  ( 12.83947111467278468, -19.92388989572546620, -83.09206499214403152 ) ) ;
#1995 = CARTESIAN_POINT ( 'NONE',  ( 26.07023936406960374, 166.9237093247330392, -102.1420649921440145 ) ) ;
#1996 = CARTESIAN_POINT ( 'NONE',  ( 15.36244188768197461, 172.0761101042745338, -89.12456499214403038 ) ) ;
#1997 = CARTESIAN_POINT ( 'NONE',  ( 18.62002197775348122, -19.52038927806201585, -83.09206499214405994 ) ) ;
#1998 = CYLINDRICAL_SURFACE ( 'NONE', #321, 12.25000000000000355 ) ;
#1999 = VERTEX_POINT ( 'NONE', #1876 ) ;
#2000 = CARTESIAN_POINT ( 'NONE',  ( 1.053179613657971192, 144.7624016052888862, -83.09206499214403152 ) ) ;
#2001 = EDGE_LOOP ( 'NONE', ( #969, #679, #1349, #361 ) ) ;
#2002 = CIRCLE ( 'NONE', #1860, 8.499999999999994671 ) ;
#2003 = EDGE_LOOP ( 'NONE', ( #149, #1742 ) ) ;
#2004 = CARTESIAN_POINT ( 'NONE',  ( -39.14107974836903736, 171.6726094866187964, -83.09206499214403152 ) ) ;
#2005 = CARTESIAN_POINT ( 'NONE',  ( -19.92423738431169156, 144.7624016052888862, -83.09206499214403152 ) ) ;
#2006 = AXIS2_PLACEMENT_3D ( 'NONE', #1803, #609, #412 ) ;
#2007 = LINE ( 'NONE', #2213, #69 ) ;
#2008 = AXIS2_PLACEMENT_3D ( 'NONE', #1916, #2118, #920 ) ;
#2009 = CARTESIAN_POINT ( 'NONE',  ( 20.97713133133222740, -18.88300383366846447, -102.1420649921440287 ) ) ;
#2010 = CIRCLE ( 'NONE', #68, 1.649999999999988365 ) ;
#2011 = CARTESIAN_POINT ( 'NONE',  ( -32.76052888532722562, 56.07611010427451959, -102.1420649921440287 ) ) ;
#2012 = CARTESIAN_POINT ( 'NONE',  ( 27.09411829210036871, -12.12728591452961879, -83.09206499214404573 ) ) ;
#2013 = CARTESIAN_POINT ( 'NONE',  ( 27.83947111467277580, -19.92388989572546620, -102.1420649921440287 ) ) ;
#2014 = EDGE_LOOP ( 'NONE', ( #184, #657, #2140, #1873 ) ) ;
#2015 = ORIENTED_EDGE ( 'NONE', *, *, #793, .F. ) ;
#2016 = ORIENTED_EDGE ( 'NONE', *, *, #1562, .F. ) ;
#2017 = EDGE_CURVE ( 'NONE', #340, #1491, #1433, .T. ) ;
#2018 = CARTESIAN_POINT ( 'NONE',  ( 27.83947111467277580, 157.0761101042745338, -83.09206499214403152 ) ) ;
#2019 = DIRECTION ( 'NONE',  ( -0.000000000000000000, -0.000000000000000000, 1.000000000000000000 ) ) ;
#2020 = CARTESIAN_POINT ( 'NONE',  ( 12.83947111467279001, -19.92388989572546620, -102.1420649921440287 ) ) ;
#2021 = CARTESIAN_POINT ( 'NONE',  ( 2.703179613657959557, 144.7624016052888862, -83.09206499214403152 ) ) ;
#2022 = CARTESIAN_POINT ( 'NONE',  ( 27.39326526506713577, -10.91276953245047210, -102.1420649921440429 ) ) ;
#2023 = CYLINDRICAL_SURFACE ( 'NONE', #134, 8.499999999999996447 ) ;
#2024 = CARTESIAN_POINT ( 'NONE',  ( 27.22472501067208839, -11.64033014158200174, -83.09206499214403152 ) ) ;
#2025 = CARTESIAN_POINT ( 'NONE',  ( -0.5968203863420136202, 167.3898186032582771, -83.09206499214403152 ) ) ;
#2026 = EDGE_LOOP ( 'NONE', ( #1647, #669 ) ) ;
#2027 = ORIENTED_EDGE ( 'NONE', *, *, #915, .T. ) ;
#2028 = ORIENTED_EDGE ( 'NONE', *, *, #1795, .T. ) ;
#2029 = CARTESIAN_POINT ( 'NONE',  ( -48.28771892757662698, 160.2263458793261464, -83.09206499214404573 ) ) ;
#2030 = CARTESIAN_POINT ( 'NONE',  ( 27.83947111467277580, -4.923889895725467092, -83.09206499214403152 ) ) ;
#2031 = CYLINDRICAL_SURFACE ( 'NONE', #1542, 12.25000000000000000 ) ;
#2032 = ADVANCED_FACE ( 'NONE', ( #164 ), #2031, .F. ) ;
#2033 = CARTESIAN_POINT ( 'NONE',  ( 22.68707033507773829, -18.15465814517211385, -102.1420649921440287 ) ) ;
#2034 = DIRECTION ( 'NONE',  ( -0.000000000000000000, -0.000000000000000000, 1.000000000000000000 ) ) ;
#2035 = CARTESIAN_POINT ( 'NONE',  ( 15.24909811985297026, -19.88942188492976371, -83.09206499214404573 ) ) ;
#2036 = DIRECTION ( 'NONE',  ( 0.000000000000000000, 0.000000000000000000, 1.000000000000000000 ) ) ;
#2037 = ORIENTED_EDGE ( 'NONE', *, *, #722, .F. ) ;
#2038 = EDGE_CURVE ( 'NONE', #1166, #1817, #1870, .T. ) ;
#2039 = VERTEX_POINT ( 'NONE', #973 ) ;
#2040 = EDGE_LOOP ( 'NONE', ( #111, #1429, #1483, #1723 ) ) ;
#2041 = CARTESIAN_POINT ( 'NONE',  ( 4.089471114673163932, 156.0761101042735675, -83.09206499214403152 ) ) ;
#2042 = LINE ( 'NONE', #1121, #2226 ) ;
#2043 = DIRECTION ( 'NONE',  ( 0.000000000000000000, 1.000000000000000000, 0.000000000000000000 ) ) ;
#2044 = AXIS2_PLACEMENT_3D ( 'NONE', #1287, #1465, #1800 ) ;
#2045 = CIRCLE ( 'NONE', #2006, 1.649999999999988365 ) ;
#2046 = CARTESIAN_POINT ( 'NONE',  ( 26.73021233763875770, -13.31158342629787938, -102.1420649921440003 ) ) ;
#2047 = AXIS2_PLACEMENT_3D ( 'NONE', #1404, #1187, #1413 ) ;
#2048 = CARTESIAN_POINT ( 'NONE',  ( -19.92423738430721158, -15.23759839471012967, -83.09206499214403152 ) ) ;
#2049 = CARTESIAN_POINT ( 'NONE',  ( -47.28515008778597206, 167.6827118220727471, -89.12456499214403038 ) ) ;
#2050 = AXIS2_PLACEMENT_3D ( 'NONE', #221, #25, #720 ) ;
#2051 = FACE_OUTER_BOUND ( 'NONE', #2119, .T. ) ;
#2052 = ORIENTED_EDGE ( 'NONE', *, *, #1168, .T. ) ;
#2053 = EDGE_CURVE ( 'NONE', #158, #1482, #1756, .T. ) ;
#2054 = ORIENTED_EDGE ( 'NONE', *, *, #559, .T. ) ;
#2055 = EDGE_LOOP ( 'NONE', ( #2210, #839 ) ) ;
#2056 = CARTESIAN_POINT ( 'NONE',  ( -48.28062430784745374, 160.3310779413299088, -83.09206499214403152 ) ) ;
#2057 = APPLICATION_PROTOCOL_DEFINITION ( 'draft international standard', 'automotive_design', 1998, #1594 ) ;
#2058 = CARTESIAN_POINT ( 'NONE',  ( 16.21603786833446748, -19.83527574497659529, -102.1420649921440571 ) ) ;
#2059 = CARTESIAN_POINT ( 'NONE',  ( -47.89227500933582604, -11.01599066375968050, -83.09206499214403152 ) ) ;
#2060 = CARTESIAN_POINT ( 'NONE',  ( -21.57423738430719951, -15.23759839471012967, -83.09206499214403152 ) ) ;
#2061 = ORIENTED_EDGE ( 'NONE', *, *, #1901, .F. ) ;
#2062 = ORIENTED_EDGE ( 'NONE', *, *, #1122, .T. ) ;
#2063 = EDGE_CURVE ( 'NONE', #634, #1197, #1821, .T. ) ;
#2064 = ORIENTED_EDGE ( 'NONE', *, *, #42, .T. ) ;
#2065 = CARTESIAN_POINT ( 'NONE',  ( 5.739471114673152741, 156.0761101042735675, -83.09206499214403152 ) ) ;
#2066 = CARTESIAN_POINT ( 'NONE',  ( -48.36052888532722704, -4.923889895725467092, -89.12456499214403038 ) ) ;
#2067 = EDGE_CURVE ( 'NONE', #1482, #1817, #651, .T. ) ;
#2068 = CARTESIAN_POINT ( 'NONE',  ( -27.91052888532224685, -3.923889895725382715, -83.09206499214403152 ) ) ;
#2069 = CARTESIAN_POINT ( 'NONE',  ( -46.32033416613122512, -15.14450387638013318, -83.09206499214404573 ) ) ;
#2070 = CYLINDRICAL_SURFACE ( 'NONE', #1395, 1.649999999999986589 ) ;
#2071 = FACE_BOUND ( 'NONE', #884, .T. ) ;
#2072 = ORIENTED_EDGE ( 'NONE', *, *, #472, .F. ) ;
#2073 = ORIENTED_EDGE ( 'NONE', *, *, #606, .F. ) ;
#2074 = CARTESIAN_POINT ( 'NONE',  ( 19.55591136053805457, 171.4613640002687021, -83.09206499214403152 ) ) ;
#2075 = FACE_OUTER_BOUND ( 'NONE', #1894, .T. ) ;
#2076 = AXIS2_PLACEMENT_3D ( 'NONE', #1081, #648, #2177 ) ;
#2077 = FACE_OUTER_BOUND ( 'NONE', #1129, .T. ) ;
#2078 = EDGE_CURVE ( 'NONE', #633, #1047, #2007, .T. ) ;
#2079 = CIRCLE ( 'NONE', #1099, 1.649999999999984812 ) ;
#2080 = CARTESIAN_POINT ( 'NONE',  ( 4.089471114677761143, -3.923889895725695798, -83.09206499214403152 ) ) ;
#2081 = PLANE ( 'NONE',  #2155 ) ;
#2082 = CIRCLE ( 'NONE', #1068, 12.25000000000000000 ) ;
#2083 = CARTESIAN_POINT ( 'NONE',  ( -21.57423738430719951, -15.23759839471012967, -83.09206499214403152 ) ) ;
#2084 = VECTOR ( 'NONE', #504, 1000.000000000000000 ) ;
#2085 = FACE_OUTER_BOUND ( 'NONE', #21, .T. ) ;
#2086 = AXIS2_PLACEMENT_3D ( 'NONE', #1706, #168, #552 ) ;
#2087 = ORIENTED_EDGE ( 'NONE', *, *, #2125, .F. ) ;
#2088 = ORIENTED_EDGE ( 'NONE', *, *, #117, .F. ) ;
#2089 = CARTESIAN_POINT ( 'NONE',  ( 27.09153275063600930, 164.4273167369945270, -83.09206499214403152 ) ) ;
#2090 = VECTOR ( 'NONE', #482, 1000.000000000000000 ) ;
#2091 = CARTESIAN_POINT ( 'NONE',  ( -43.96713060312543320, -18.84851109818421477, -96.10956499213720861 ) ) ;
#2092 = CARTESIAN_POINT ( 'NONE',  ( -23.22423738430718387, -15.23759839471012967, -83.09206499214403152 ) ) ;
#2093 = CARTESIAN_POINT ( 'NONE',  ( -48.30007236107254442, -7.874106644414145428, -83.09206499214404573 ) ) ;
#2094 = FACE_OUTER_BOUND ( 'NONE', #1709, .T. ) ;
#2095 = CARTESIAN_POINT ( 'NONE',  ( 7.389471114677736097, -3.923889895725695798, -83.09206499214403152 ) ) ;
#2096 = DIRECTION ( 'NONE',  ( 1.000000000000000000, -0.000000000000000000, -0.000000000000000000 ) ) ;
#2097 = VERTEX_POINT ( 'NONE', #984 ) ;
#2098 = CARTESIAN_POINT ( 'NONE',  ( 16.45733671173294610, 171.9686811221257017, -83.09206499214403152 ) ) ;
#2099 = EDGE_CURVE ( 'NONE', #264, #1989, #453, .T. ) ;
#2100 = CARTESIAN_POINT ( 'NONE',  ( -47.28515008778597206, -15.53049161352368124, -96.10956499213720861 ) ) ;
#2101 = CARTESIAN_POINT ( 'NONE',  ( 4.089471114677764696, -3.923889895725695798, -102.1420649921440287 ) ) ;
#2102 = CARTESIAN_POINT ( 'NONE',  ( -48.36052888532723415, -5.598453258963457024, -83.09206499214404573 ) ) ;
#2103 = CARTESIAN_POINT ( 'NONE',  ( 12.23947111467277615, 56.07611010427451959, -102.1420649921440287 ) ) ;
#2104 = CARTESIAN_POINT ( 'NONE',  ( 5.739471114677749064, -3.923889895725695798, -83.09206499214403152 ) ) ;
#2105 = CARTESIAN_POINT ( 'NONE',  ( -23.22423738430694939, 7.389818603259266538, -102.1420649921440287 ) ) ;
#2106 = ORIENTED_EDGE ( 'NONE', *, *, #1313, .T. ) ;
#2107 = CARTESIAN_POINT ( 'NONE',  ( -10.26052888532723806, 76.07611010427453380, -83.09206499214403152 ) ) ;
#2108 = ORIENTED_EDGE ( 'NONE', *, *, #259, .T. ) ;
#2109 = PRODUCT ( 'Cross Head', 'Cross Head', '', ( #85 ) ) ;
#2110 = CARTESIAN_POINT ( 'NONE',  ( 5.739471114673152741, 156.0761101042735675, -83.09206499214403152 ) ) ;
#2111 = CARTESIAN_POINT ( 'NONE',  ( -39.54060520787746924, 171.5885895180185514, -83.09206499214401731 ) ) ;
#2112 = CARTESIAN_POINT ( 'NONE',  ( -21.57423738431167592, 167.3898186032582771, -102.1420649921440287 ) ) ;
#2113 = AXIS2_PLACEMENT_3D ( 'NONE', #603, #584, #1959 ) ;
#2114 = LINE ( 'NONE', #2095, #894 ) ;
#2115 = EDGE_CURVE ( 'NONE', #1110, #840, #470, .T. ) ;
#2116 = CARTESIAN_POINT ( 'NONE',  ( -33.36052888532722704, 172.0761101042745338, -96.10956499213720861 ) ) ;
#2117 = AXIS2_PLACEMENT_3D ( 'NONE', #1953, #448, #426 ) ;
#2118 = DIRECTION ( 'NONE',  ( -0.000000000000000000, -0.000000000000000000, 1.000000000000000000 ) ) ;
#2119 = EDGE_LOOP ( 'NONE', ( #414, #1039, #1480, #1381 ) ) ;
#2120 = AXIS2_PLACEMENT_3D ( 'NONE', #1147, #2212, #2189 ) ;
#2121 = ADVANCED_FACE ( 'NONE', ( #1849 ), #1859, .F. ) ;
#2122 = FACE_OUTER_BOUND ( 'NONE', #1140, .T. ) ;
#2123 = AXIS2_PLACEMENT_3D ( 'NONE', #1663, #127, #115 ) ;
#2124 = CARTESIAN_POINT ( 'NONE',  ( -48.35172854214537352, 158.6457694171656954, -102.1420649921440713 ) ) ;
#2125 = EDGE_CURVE ( 'NONE', #1268, #304, #829, .T. ) ;
#2126 = CARTESIAN_POINT ( 'NONE',  ( 15.91286395643426843, 172.0082540727156299, -102.1420649921440145 ) ) ;
#2127 = CARTESIAN_POINT ( 'NONE',  ( -47.85067933911460614, -11.20340276853416128, -102.1420649921440429 ) ) ;
#2128 = CARTESIAN_POINT ( 'NONE',  ( 1.989471114678566632, 156.0761101042744201, -102.1420649921440287 ) ) ;
#2129 = DIRECTION ( 'NONE',  ( 1.000000000000000000, 0.000000000000000000, 0.000000000000000000 ) ) ;
#2130 = ORIENTED_EDGE ( 'NONE', *, *, #337, .T. ) ;
#2131 = CARTESIAN_POINT ( 'NONE',  ( 7.239471114672783258, 96.07611010427451959, -83.09206499214403152 ) ) ;
#2132 = EDGE_CURVE ( 'NONE', #194, #1698, #662, .T. ) ;
#2133 = CARTESIAN_POINT ( 'NONE',  ( -21.57423738431167592, 167.3898186032582771, -83.09206499214403152 ) ) ;
#2134 = B_SPLINE_CURVE_WITH_KNOTS ( 'NONE', 3,
 ( #1112, #746, #2124, #103, #949, #88, #765, #958, #1601, #1591, #1251, #1440, #590, #406, #1983, #1448, #1766, #229, #2142, #582, #1271, #1100, #397, #600, #1937, #570, #1797, #914, #1956, #1080, #416, #1636, #1785, #57, #250, #70, #1262, #269, #1474, #1948, #442, #1282, #1089, #2156, #1806, #1972, #613, #1773, #1612, #940, #79 ),
 .UNSPECIFIED., .F., .F.,
 ( 4, 1, 1, 1, 1, 1, 1, 1, 2, 2, 1, 1, 1, 1, 1, 1, 2, 2, 2, 2, 1, 1, 1, 1, 1, 1, 1, 2, 2, 1, 1, 1, 1, 1, 1, 1, 2, 2, 4 ),
 ( 0.000000000000000000, 0.06250000000012521928, 0.09375000000018615665, 0.1093750000002146477, 0.1171875000002310790, 0.1210937500002370326, 0.1230468750002400441, 0.1240234375002438605, 0.1245117187502433748, 0.1250000000002428613, 0.1875000000002674805, 0.2187500000002798040, 0.2343750000002877421, 0.2421875000002916278, 0.2460937500002954303, 0.2480468750002955691, 0.2490234375002937928, 0.2500000000002919887, 0.3750000000001618705, 0.5000000000000317524, 0.6249999999999017453, 0.6874999999998371303, 0.7187499999998053779, 0.7343749999997895017, 0.7421874999997811750, 0.7460937499997772893, 0.7480468749997760680, 0.7490234374997755129, 0.7499999999997748468, 0.8124999999997578604, 0.8437499999997487565, 0.8593749999997436495, 0.8671874999997412070, 0.8710937499997400968, 0.8730468749997397637, 0.8740234374997397637, 0.8745117187497396527, 0.8749999999997396527, 1.000000000000000000 ),
 .UNSPECIFIED. ) ;
#2135 = CARTESIAN_POINT ( 'NONE',  ( -39.54618668533161241, -19.43513354934646742, -102.1420649921440713 ) ) ;
#2136 = DIRECTION ( 'NONE',  ( 1.000000000000000000, 0.000000000000000000, 0.000000000000000000 ) ) ;
#2137 = FACE_OUTER_BOUND ( 'NONE', #945, .T. ) ;
#2138 = EDGE_LOOP ( 'NONE', ( #1540, #524 ) ) ;
#2139 = CARTESIAN_POINT ( 'NONE',  ( 2.703179613662667791, 7.389818603259028507, -102.1420649921440287 ) ) ;
#2140 = ORIENTED_EDGE ( 'NONE', *, *, #440, .T. ) ;
#2141 = ORIENTED_EDGE ( 'NONE', *, *, #915, .F. ) ;
#2142 = CARTESIAN_POINT ( 'NONE',  ( -47.88107714354786282, 163.2195856240461183, -102.1420649921440287 ) ) ;
#2143 = CARTESIAN_POINT ( 'NONE',  ( 27.44857310218171875, 162.8247558490735116, -102.1420649921440145 ) ) ;
#2144 = EDGE_CURVE ( 'NONE', #2039, #1989, #393, .T. ) ;
#2145 = CARTESIAN_POINT ( 'NONE',  ( -39.14107974837409643, -19.52038927806617252, -102.1420649921440287 ) ) ;
#2146 = DIRECTION ( 'NONE',  ( -0.000000000000000000, -0.000000000000000000, 1.000000000000000000 ) ) ;
#2147 = AXIS2_PLACEMENT_3D ( 'NONE', #240, #1605, #1091 ) ;
#2148 = ORIENTED_EDGE ( 'NONE', *, *, #1070, .F. ) ;
#2149 = CIRCLE ( 'NONE', #1718, 12.25000000000000355 ) ;
#2150 = DIRECTION ( 'NONE',  ( 1.000000000000000000, 0.000000000000000000, 0.000000000000000000 ) ) ;
#2151 = VECTOR ( 'NONE', #957, 1000.000000000000000 ) ;
#2152 = VERTEX_POINT ( 'NONE', #673 ) ;
#2153 = EDGE_LOOP ( 'NONE', ( #2199, #533, #2196, #967 ) ) ;
#2154 = CARTESIAN_POINT ( 'NONE',  ( -39.52597162430481603, 171.5918220230266229, -83.09206499214403152 ) ) ;
#2155 = AXIS2_PLACEMENT_3D ( 'NONE', #543, #388, #1566 ) ;
#2156 = CARTESIAN_POINT ( 'NONE',  ( -36.55445989032750020, 172.0003858528240812, -102.1420649921440287 ) ) ;
#2157 = VECTOR ( 'NONE', #1133, 1000.000000000000000 ) ;
#2158 = CARTESIAN_POINT ( 'NONE',  ( 27.76723757723506480, 160.2175980731136349, -102.1420649921440145 ) ) ;
#2159 = CARTESIAN_POINT ( 'NONE',  ( -47.80679616530943576, -11.39189633661371559, -102.1420649921440145 ) ) ;
#2160 = CARTESIAN_POINT ( 'NONE',  ( -26.26052888532685614, 156.0761101042735675, -102.1420649921440287 ) ) ;
#2161 = CARTESIAN_POINT ( 'NONE',  ( 27.83947111467277580, -9.969831441743860267, -103.0945649921440150 ) ) ;
#2162 = ORIENTED_EDGE ( 'NONE', *, *, #434, .F. ) ;
#2163 = DIRECTION ( 'NONE',  ( -0.000000000000000000, -0.000000000000000000, 1.000000000000000000 ) ) ;
#2164 = VERTEX_POINT ( 'NONE', #1521 ) ;
#2165 = EDGE_CURVE ( 'NONE', #20, #478, #216, .T. ) ;
#2166 = ORIENTED_EDGE ( 'NONE', *, *, #1026, .F. ) ;
#2167 = CARTESIAN_POINT ( 'NONE',  ( -34.93018819816035858, 172.0673097610928153, -83.09206499214407415 ) ) ;
#2168 = DIRECTION ( 'NONE',  ( 1.000000000000000000, 0.000000000000000000, 0.000000000000000000 ) ) ;
#2169 = CARTESIAN_POINT ( 'NONE',  ( -30.26052888532722918, 96.07611010427451959, -83.09206499214403152 ) ) ;
#2170 = CARTESIAN_POINT ( 'NONE',  ( 27.77161508311379734, -7.997282737491132387, -102.1420649921440145 ) ) ;
#2171 = DIRECTION ( 'NONE',  ( 1.000000000000000000, 0.000000000000000000, 0.000000000000000000 ) ) ;
#2172 = FACE_OUTER_BOUND ( 'NONE', #83, .T. ) ;
#2173 = ORIENTED_EDGE ( 'NONE', *, *, #1328, .T. ) ;
#2174 = CARTESIAN_POINT ( 'NONE',  ( -0.5968203863375416418, -15.23759839471036415, -83.09206499214403152 ) ) ;
#2175 = ORIENTED_EDGE ( 'NONE', *, *, #698, .F. ) ;
#2176 = EDGE_LOOP ( 'NONE', ( #1846, #1560 ) ) ;
#2177 = DIRECTION ( 'NONE',  ( 1.000000000000000000, 0.000000000000000000, 0.000000000000000000 ) ) ;
#2178 = LINE ( 'NONE', #492, #823 ) ;
#2179 = CARTESIAN_POINT ( 'NONE',  ( -10.26052888532226426, -3.923889895725514609, -102.1420649921440287 ) ) ;
#2180 = CARTESIAN_POINT ( 'NONE',  ( -26.26052888532685614, 156.0761101042735675, -83.09206499214403152 ) ) ;
#2181 = CARTESIAN_POINT ( 'NONE',  ( 27.83947111467277580, 157.0761101042745338, -96.10956499213720861 ) ) ;
#2182 = CARTESIAN_POINT ( 'NONE',  ( -48.36052888532722704, 162.1220516502929172, -82.13956499214403095 ) ) ;
#2183 = DIRECTION ( 'NONE',  ( 1.000000000000000000, 0.000000000000000000, 0.000000000000000000 ) ) ;
#2184 = EDGE_CURVE ( 'NONE', #1003, #695, #1073, .T. ) ;
#2185 = ORIENTED_EDGE ( 'NONE', *, *, #986, .F. ) ;
#2186 = ORIENTED_EDGE ( 'NONE', *, *, #1511, .F. ) ;
#2187 = ORIENTED_EDGE ( 'NONE', *, *, #190, .F. ) ;
#2188 = DIRECTION ( 'NONE',  ( -0.000000000000000000, -0.000000000000000000, 1.000000000000000000 ) ) ;
#2189 = DIRECTION ( 'NONE',  ( 1.000000000000000000, 0.000000000000000000, 0.000000000000000000 ) ) ;
#2190 = CIRCLE ( 'NONE', #1359, 1.649999999999988365 ) ;
#2191 = CARTESIAN_POINT ( 'NONE',  ( 9.739471114672779706, 96.07611010427451959, -102.1420649921440287 ) ) ;
#2192 = CARTESIAN_POINT ( 'NONE',  ( 27.37121723868597911, -11.01599066373924529, -102.1420649921440287 ) ) ;
#2193 = CARTESIAN_POINT ( 'NONE',  ( -48.28771892757646356, -8.074125670780146535, -102.1420649921440713 ) ) ;
#2194 = CARTESIAN_POINT ( 'NONE',  ( -48.36052888532722704, 157.0761101042745338, -96.10956499213720861 ) ) ;
#2195 = CYLINDRICAL_SURFACE ( 'NONE', #323, 2.499999999999996891 ) ;
#2196 = ORIENTED_EDGE ( 'NONE', *, *, #1985, .T. ) ;
#2197 = ADVANCED_FACE ( 'NONE', ( #1066 ), #1763, .T. ) ;
#2198 = ORIENTED_EDGE ( 'NONE', *, *, #1145, .F. ) ;
#2199 = ORIENTED_EDGE ( 'NONE', *, *, #1366, .F. ) ;
#2200 = DIRECTION ( 'NONE',  ( -0.000000000000000000, -0.000000000000000000, 1.000000000000000000 ) ) ;
#2201 = DIRECTION ( 'NONE',  ( -0.000000000000000000, -0.000000000000000000, 1.000000000000000000 ) ) ;
#2202 = CARTESIAN_POINT ( 'NONE',  ( -24.61052888532686822, 156.0761101042735675, -83.09206499214403152 ) ) ;
#2203 = CARTESIAN_POINT ( 'NONE',  ( 19.09190146244379349, -19.42017531261578966, -102.1420649921440571 ) ) ;
#2204 = CARTESIAN_POINT ( 'NONE',  ( 26.76409231713152792, 167.6827118220727471, -82.13956499214403095 ) ) ;
#2205 = CARTESIAN_POINT ( 'NONE',  ( -33.36052888532721994, 172.0761101042745338, -102.1420649921440287 ) ) ;
#2206 = ADVANCED_FACE ( 'NONE', ( #2075 ), #717, .F. ) ;
#2207 = FACE_OUTER_BOUND ( 'NONE', #403, .T. ) ;
#2208 = EDGE_LOOP ( 'NONE', ( #1549, #151 ) ) ;
#2209 = ORIENTED_EDGE ( 'NONE', *, *, #434, .T. ) ;
#2210 = ORIENTED_EDGE ( 'NONE', *, *, #872, .F. ) ;
#2211 = DIRECTION ( 'NONE',  ( 1.000000000000000000, 0.000000000000000000, 0.000000000000000000 ) ) ;
#2212 = DIRECTION ( 'NONE',  ( 0.000000000000000000, -0.000000000000000000, 1.000000000000000000 ) ) ;
#2213 = CARTESIAN_POINT ( 'NONE',  ( -0.5968203863373040541, 7.389818603259028507, -83.09206499214403152 ) ) ;
#2214 = CARTESIAN_POINT ( 'NONE',  ( 20.04286713345689819, -19.17853707316978529, -102.1420649921440287 ) ) ;
#2215 = CARTESIAN_POINT ( 'NONE',  ( 27.83947111467277580, 162.1220516502929172, -103.0945649921440150 ) ) ;
#2216 = CARTESIAN_POINT ( 'NONE',  ( 20.19067774746688926, -19.17595153162372412, -83.09206499214403152 ) ) ;
#2217 = CARTESIAN_POINT ( 'NONE',  ( 1.989471114677735741, -3.923889895725514609, -83.09206499214403152 ) ) ;
#2218 = ORIENTED_EDGE ( 'NONE', *, *, #1774, .T. ) ;
#2219 = ORIENTED_EDGE ( 'NONE', *, *, #833, .F. ) ;
#2220 = EDGE_LOOP ( 'NONE', ( #330, #2062, #124, #2088 ) ) ;
#2221 = DIRECTION ( 'NONE',  ( -0.000000000000000000, -0.000000000000000000, 1.000000000000000000 ) ) ;
#2222 = CARTESIAN_POINT ( 'NONE',  ( -43.96713060312543320, -18.84851109818421477, -103.0945649921440150 ) ) ;
#2223 = EDGE_CURVE ( 'NONE', #1537, #904, #549, .T. ) ;
#2224 = CIRCLE ( 'NONE', #1038, 1.649999999999988365 ) ;
#2225 = CARTESIAN_POINT ( 'NONE',  ( 27.35071476829384451, -11.10954769572973788, -102.1420649921440287 ) ) ;
#2226 = VECTOR ( 'NONE', #2019, 1000.000000000000000 ) ;
#2227 = CARTESIAN_POINT ( 'NONE',  ( 27.73204213252902761, -8.541755492752377776, -83.09206499214403152 ) ) ;
#2228 = AXIS2_PLACEMENT_3D ( 'NONE', #836, #1514, #678 ) ;
#2229 = DIRECTION ( 'NONE',  ( -0.000000000000000000, -0.000000000000000000, 1.000000000000000000 ) ) ;
ENDSEC;
END-ISO-10303-21;
