ISO-10303-21;
HEADER;
FILE_DESCRIPTION (( 'STEP AP214' ),
    '1' );
FILE_NAME ('Top Plate.STEP',
    '2025-12-20T08:10:31',
    ( '' ),
    ( '' ),
    'SwSTEP 2.0',
    'SolidWorks 2025',
    '' );
FILE_SCHEMA (( 'AUTOMOTIVE_DESIGN' ));
ENDSEC;

DATA;
#1 = DIRECTION ( 'NONE',  ( -1.000000000000000000, 0.000000000000000000, 0.000000000000000000 ) ) ;
#2 = ORIENTED_EDGE ( 'NONE', *, *, #1383, .T. ) ;
#3 = ADVANCED_FACE ( 'NONE', ( #1423 ), #784, .F. ) ;
#4 = B_SPLINE_CURVE_WITH_KNOTS ( 'NONE', 3,
 ( #945, #1722, #2494, #1334, #2115, #1017, #1386, #1044, #1186, #2186, #1820, #406, #2355, #239, #1590, #994, #431, #47, #2368, #836, #443, #76, #2393, #623, #1770, #1212, #821, #1400, #1619, #1223, #610, #1983, #2175, #1236, #61, #1793, #797, #1996, #1603, #34, #2164, #22, #417, #2202, #2379, #809, #2407, #1575, #252, #1958, #1029 ),
 .UNSPECIFIED., .F., .F.,
 ( 4, 1, 1, 1, 1, 1, 1, 1, 2, 2, 1, 1, 1, 1, 1, 1, 2, 2, 2, 2, 1, 1, 1, 1, 1, 1, 1, 2, 2, 1, 1, 1, 1, 1, 1, 1, 2, 2, 4 ),
 ( 0.000000000000000000, 0.06250000000011249335, 0.09375000000016872614, 0.1093750000001968148, 0.1171875000002087497, 0.1210937500002124134, 0.1230468750002118999, 0.1240234375002116640, 0.1245117187502139677, 0.1250000000002162437, 0.1875000000002811917, 0.2187500000003135825, 0.2343750000003297362, 0.2421875000003378686, 0.2460937500003419487, 0.2480468750003421152, 0.2490234375003422262, 0.2500000000003422818, 0.3750000000002502998, 0.5000000000001583178, 0.6250000000000662803, 0.6875000000000192069, 0.7187499999999952260, 0.7343749999999835687, 0.7421874999999774625, 0.7460937499999741318, 0.7480468749999729106, 0.7490234374999724665, 0.7499999999999720224, 0.8124999999999376055, 0.8437499999999208411, 0.8593749999999124034, 0.8671874999999081846, 0.8710937499999059641, 0.8730468749999048539, 0.8740234374999045208, 0.8745117187499046318, 0.8749999999999046318, 1.000000000000000000 ),
 .UNSPECIFIED. ) ;
#5 = CARTESIAN_POINT ( 'NONE',  ( 72.00000000000002842, 9.030359249472576713E-13, -0.05000000000037613246 ) ) ;
#6 = DIRECTION ( 'NONE',  ( -1.000000000000000000, 0.000000000000000000, 0.000000000000000000 ) ) ;
#7 = ORIENTED_EDGE ( 'NONE', *, *, #2034, .T. ) ;
#8 = DIRECTION ( 'NONE',  ( -0.000000000000000000, -0.000000000000000000, 1.000000000000000000 ) ) ;
#9 = DIRECTION ( 'NONE',  ( -0.000000000000000000, -0.000000000000000000, -1.000000000000000000 ) ) ;
#10 = CARTESIAN_POINT ( 'NONE',  ( 154.8475992203387079, 36.33076824945062810, 19.05000000000000071 ) ) ;
#11 = CARTESIAN_POINT ( 'NONE',  ( -159.9655319892042940, -25.50962700530346439, 19.04999999999999716 ) ) ;
#12 = AXIS2_PLACEMENT_3D ( 'NONE', #2085, #2275, #132 ) ;
#13 = ORIENTED_EDGE ( 'NONE', *, *, #1313, .F. ) ;
#14 = CYLINDRICAL_SURFACE ( 'NONE', #1927, 2.100000000000004530 ) ;
#15 = CIRCLE ( 'NONE', #1445, 3.299999999999997158 ) ;
#16 = ORIENTED_EDGE ( 'NONE', *, *, #672, .F. ) ;
#17 = CARTESIAN_POINT ( 'NONE',  ( -82.22148802745526552, -22.99999999999997868, 0.000000000000000000 ) ) ;
#18 = AXIS2_PLACEMENT_3D ( 'NONE', #615, #232, #1415 ) ;
#19 = FACE_BOUND ( 'NONE', #2330, .T. ) ;
#20 = VERTEX_POINT ( 'NONE', #634 ) ;
#21 = DIRECTION ( 'NONE',  ( -0.000000000000000000, -0.000000000000000000, -1.000000000000000000 ) ) ;
#22 = CARTESIAN_POINT ( 'NONE',  ( 159.9113858492394229, 26.47656675370778245, -0.000000000000000000 ) ) ;
#23 = CARTESIAN_POINT ( 'NONE',  ( 151.2343605813231022, 37.60036262450681477, 19.05000000000000071 ) ) ;
#24 = CARTESIAN_POINT ( 'NONE',  ( 82.22148802745438445, 23.00000000000088107, 19.05000000000000071 ) ) ;
#25 = EDGE_CURVE ( 'NONE', #608, #331, #713, .T. ) ;
#26 = ORIENTED_EDGE ( 'NONE', *, *, #2157, .T. ) ;
#27 = CARTESIAN_POINT ( 'NONE',  ( 80.12148802745433329, -22.99999999999911893, 0.000000000000000000 ) ) ;
#28 = EDGE_LOOP ( 'NONE', ( #1273, #2511, #7, #888 ) ) ;
#29 = CARTESIAN_POINT ( 'NONE',  ( 160.0000000000000284, -23.10000000000001208, 12.70000000000038121 ) ) ;
#30 = EDGE_CURVE ( 'NONE', #689, #2125, #2465, .T. ) ;
#31 = CARTESIAN_POINT ( 'NONE',  ( -158.2307682493933214, -32.94759922045049905, -0.000000000000000000 ) ) ;
#32 = FACE_BOUND ( 'NONE', #1690, .T. ) ;
#33 = CARTESIAN_POINT ( 'NONE',  ( -145.0000000000000568, -38.10000000000002984, 0.000000000000000000 ) ) ;
#34 = CARTESIAN_POINT ( 'NONE',  ( 159.8493586156384367, 27.19286732419440611, -0.000000000000000000 ) ) ;
#35 = CARTESIAN_POINT ( 'NONE',  ( -147.5229707730092343, -38.10000000000002984, -0.9524999999999984590 ) ) ;
#36 = CARTESIAN_POINT ( 'NONE',  ( -148.1355904124825997, -38.02815315231848103, 19.04999999999999716 ) ) ;
#37 = VERTEX_POINT ( 'NONE', #442 ) ;
#38 = EDGE_CURVE ( 'NONE', #700, #600, #385, .T. ) ;
#39 = CARTESIAN_POINT ( 'NONE',  ( -78.02148802745527689, 23.00000000000002132, 19.05000000000000071 ) ) ;
#40 = VECTOR ( 'NONE', #2086, 1000.000000000000000 ) ;
#41 = ORIENTED_EDGE ( 'NONE', *, *, #65, .T. ) ;
#42 = DIRECTION ( 'NONE',  ( -0.000000000000000000, -0.000000000000000000, 1.000000000000000000 ) ) ;
#43 = DIRECTION ( 'NONE',  ( -0.000000000000000000, -0.000000000000000000, 1.000000000000000000 ) ) ;
#44 = AXIS2_PLACEMENT_3D ( 'NONE', #1169, #1897, #2480 ) ;
#45 = FACE_BOUND ( 'NONE', #870, .T. ) ;
#46 = CARTESIAN_POINT ( 'NONE',  ( -159.9911996568181110, 24.66965931338712537, -0.000000000000000000 ) ) ;
#47 = CARTESIAN_POINT ( 'NONE',  ( 151.0921007679980335, 37.63174612401282104, -0.000000000000000000 ) ) ;
#48 = EDGE_CURVE ( 'NONE', #572, #1610, #1995, .T. ) ;
#49 = CARTESIAN_POINT ( 'NONE',  ( -150.0459415460184402, -38.10000000000002984, 6.032500000000001528 ) ) ;
#50 = EDGE_LOOP ( 'NONE', ( #397, #308 ) ) ;
#51 = EDGE_CURVE ( 'NONE', #2348, #37, #404, .T. ) ;
#52 = ORIENTED_EDGE ( 'NONE', *, *, #1383, .F. ) ;
#53 = FACE_BOUND ( 'NONE', #220, .T. ) ;
#54 = AXIS2_PLACEMENT_3D ( 'NONE', #942, #532, #964 ) ;
#55 = CYLINDRICAL_SURFACE ( 'NONE', #135, 8.000000000000007105 ) ;
#56 = CARTESIAN_POINT ( 'NONE',  ( -152.3512066327838284, -37.35206163591736583, -0.000000000000000000 ) ) ;
#57 = AXIS2_PLACEMENT_3D ( 'NONE', #2448, #2071, #1494 ) ;
#58 = FACE_BOUND ( 'NONE', #1568, .T. ) ;
#59 = ORIENTED_EDGE ( 'NONE', *, *, #1863, .T. ) ;
#60 = DIRECTION ( 'NONE',  ( -0.000000000000000000, -0.000000000000000000, 1.000000000000000000 ) ) ;
#61 = CARTESIAN_POINT ( 'NONE',  ( 159.4962854168907427, 29.35243034776998172, -0.000000000000000000 ) ) ;
#62 = DIRECTION ( 'NONE',  ( -0.000000000000000000, -0.000000000000000000, 1.000000000000000000 ) ) ;
#63 = CARTESIAN_POINT ( 'NONE',  ( -146.3577415153587538, -38.10000000000002984, 19.05000000000000071 ) ) ;
#64 = ORIENTED_EDGE ( 'NONE', *, *, #274, .T. ) ;
#65 = EDGE_CURVE ( 'NONE', #970, #2348, #568, .T. ) ;
#66 = SURFACE_STYLE_FILL_AREA ( #856 ) ;
#67 = VERTEX_POINT ( 'NONE', #595 ) ;
#68 = DIRECTION ( 'NONE',  ( -0.000000000000000000, -0.000000000000000000, -1.000000000000000000 ) ) ;
#69 = DIRECTION ( 'NONE',  ( 1.000000000000000000, 0.000000000000000000, 0.000000000000000000 ) ) ;
#70 = CARTESIAN_POINT ( 'NONE',  ( -159.9242757485482400, -26.29393100501951963, -0.000000000000000000 ) ) ;
#71 = AXIS2_PLACEMENT_3D ( 'NONE', #589, #1166, #1700 ) ;
#72 = EDGE_CURVE ( 'NONE', #795, #1390, #1779, .T. ) ;
#73 = LINE ( 'NONE', #1041, #2487 ) ;
#74 = VERTEX_POINT ( 'NONE', #238 ) ;
#75 = CARTESIAN_POINT ( 'NONE',  ( -156.0413936945062972, 35.47113615729723080, -0.000000000000000000 ) ) ;
#76 = CARTESIAN_POINT ( 'NONE',  ( 151.1856578000045204, 37.61124365362069710, 0.000000000000000000 ) ) ;
#77 = AXIS2_PLACEMENT_3D ( 'NONE', #1780, #266, #1633 ) ;
#78 = CARTESIAN_POINT ( 'NONE',  ( 147.5229707730092343, -38.10000000000002984, 20.00250000000000128 ) ) ;
#79 = CARTESIAN_POINT ( 'NONE',  ( -151.2795128728069471, -37.59015045378932740, 19.05000000000000426 ) ) ;
#80 = ORIENTED_EDGE ( 'NONE', *, *, #138, .F. ) ;
#81 = VECTOR ( 'NONE', #1674, 1000.000000000000000 ) ;
#82 = LINE ( 'NONE', #2014, #1257 ) ;
#83 = ORIENTED_EDGE ( 'NONE', *, *, #898, .F. ) ;
#84 = CARTESIAN_POINT ( 'NONE',  ( -112.5000000000000426, -12.49999999999995737, 6.735557395310440051E-17 ) ) ;
#85 = ADVANCED_FACE ( 'NONE', ( #1185 ), #1028, .F. ) ;
#86 = DIRECTION ( 'NONE',  ( 1.000000000000000000, 0.000000000000000000, 0.000000000000000000 ) ) ;
#87 = CARTESIAN_POINT ( 'NONE',  ( -38.20000000000003837, 12.49999999999998934, 19.05000000000000071 ) ) ;
#88 = EDGE_CURVE ( 'NONE', #1910, #2234, #1805, .T. ) ;
#89 = ORIENTED_EDGE ( 'NONE', *, *, #126, .T. ) ;
#90 = CARTESIAN_POINT ( 'NONE',  ( -159.5205482582163370, 29.24347551979014526, -0.000000000000000000 ) ) ;
#91 = LINE ( 'NONE', #2430, #1739 ) ;
#92 = CARTESIAN_POINT ( 'NONE',  ( 147.5229707730092343, -38.10000000000002984, -0.9524999999999984590 ) ) ;
#93 = EDGE_LOOP ( 'NONE', ( #815, #998, #199, #1527 ) ) ;
#94 = CARTESIAN_POINT ( 'NONE',  ( 160.0000000000000284, 23.10000000000003340, 6.349999999999994316 ) ) ;
#95 = ORIENTED_EDGE ( 'NONE', *, *, #2460, .F. ) ;
#96 = DIRECTION ( 'NONE',  ( 0.000000000000000000, 0.000000000000000000, -1.000000000000000000 ) ) ;
#97 = DIRECTION ( 'NONE',  ( -1.000000000000000000, 0.000000000000000000, 0.000000000000000000 ) ) ;
#98 = CARTESIAN_POINT ( 'NONE',  ( -140.7999999999998977, -12.50000000000004441, 6.735557395310440051E-17 ) ) ;
#99 = AXIS2_PLACEMENT_3D ( 'NONE', #1235, #1043, #2406 ) ;
#100 = ORIENTED_EDGE ( 'NONE', *, *, #1691, .T. ) ;
#101 = CARTESIAN_POINT ( 'NONE',  ( 112.5000000000000995, -12.50000000000004619, 19.05000000000000071 ) ) ;
#102 = LINE ( 'NONE', #914, #2119 ) ;
#103 = CARTESIAN_POINT ( 'NONE',  ( 145.0000000000000568, -38.10000000000002984, 20.00250000000000128 ) ) ;
#104 = AXIS2_PLACEMENT_3D ( 'NONE', #588, #1362, #1949 ) ;
#105 = ORIENTED_EDGE ( 'NONE', *, *, #51, .F. ) ;
#106 = CARTESIAN_POINT ( 'NONE',  ( 160.0000000000000284, 23.10000000000002984, 0.000000000000000000 ) ) ;
#107 = EDGE_LOOP ( 'NONE', ( #110, #730, #2205, #286 ) ) ;
#108 = LINE ( 'NONE', #1471, #789 ) ;
#109 = CARTESIAN_POINT ( 'NONE',  ( 80.12148802745437592, 23.00000000000088107, 0.000000000000000000 ) ) ;
#110 = ORIENTED_EDGE ( 'NONE', *, *, #1482, .T. ) ;
#111 = CARTESIAN_POINT ( 'NONE',  ( -157.9598052808216835, 33.32061398059038737, -0.000000000000000000 ) ) ;
#112 = DIRECTION ( 'NONE',  ( -0.000000000000000000, -0.000000000000000000, 1.000000000000000000 ) ) ;
#113 = DIRECTION ( 'NONE',  ( -1.000000000000000000, 0.000000000000000000, 0.000000000000000000 ) ) ;
#114 = ORIENTED_EDGE ( 'NONE', *, *, #1358, .T. ) ;
#115 = CIRCLE ( 'NONE', #2394, 3.299999999999997158 ) ;
#116 = ORIENTED_EDGE ( 'NONE', *, *, #2401, .T. ) ;
#117 = DIRECTION ( 'NONE',  ( -0.000000000000000000, -0.000000000000000000, -1.000000000000000000 ) ) ;
#118 = CARTESIAN_POINT ( 'NONE',  ( -151.1800763225497803, 37.61247941374384141, 19.05000000000000071 ) ) ;
#119 = CIRCLE ( 'NONE', #1543, 2.100000000000004530 ) ;
#120 = EDGE_LOOP ( 'NONE', ( #690, #2084, #116, #114 ) ) ;
#121 = AXIS2_PLACEMENT_3D ( 'NONE', #1105, #1680, #865 ) ;
#122 = DIRECTION ( 'NONE',  ( -0.000000000000000000, -0.000000000000000000, -1.000000000000000000 ) ) ;
#123 = DIRECTION ( 'NONE',  ( -0.000000000000000000, -0.000000000000000000, 1.000000000000000000 ) ) ;
#124 = CARTESIAN_POINT ( 'NONE',  ( -160.0000000000000284, -28.14594154601841680, 13.01750000002953556 ) ) ;
#125 = ORIENTED_EDGE ( 'NONE', *, *, #537, .T. ) ;
#126 = EDGE_CURVE ( 'NONE', #1862, #510, #119, .T. ) ;
#127 = DIRECTION ( 'NONE',  ( -0.000000000000000000, -0.000000000000000000, 1.000000000000000000 ) ) ;
#128 = ORIENTED_EDGE ( 'NONE', *, *, #946, .F. ) ;
#129 = CARTESIAN_POINT ( 'NONE',  ( -160.0000000000000284, -23.10000000000001563, 12.69999999999836504 ) ) ;
#130 = DIRECTION ( 'NONE',  ( 0.000000000000000000, 0.000000000000000000, -1.000000000000000000 ) ) ;
#131 = EDGE_LOOP ( 'NONE', ( #2493, #594 ) ) ;
#132 = DIRECTION ( 'NONE',  ( 1.000000000000000000, 0.000000000000000000, 0.000000000000000000 ) ) ;
#133 = DIRECTION ( 'NONE',  ( -1.000000000000000000, 0.000000000000000000, 0.000000000000000000 ) ) ;
#134 = CARTESIAN_POINT ( 'NONE',  ( 97.22148802745434182, -22.99999999999912959, 19.05000000000000071 ) ) ;
#135 = AXIS2_PLACEMENT_3D ( 'NONE', #2426, #977, #2209 ) ;
#136 = ORIENTED_EDGE ( 'NONE', *, *, #1629, .T. ) ;
#137 = ADVANCED_FACE ( 'NONE', ( #1768 ), #1618, .F. ) ;
#138 = EDGE_CURVE ( 'NONE', #1390, #1978, #1668, .T. ) ;
#139 = CARTESIAN_POINT ( 'NONE',  ( 95.12148802745433329, -22.99999999999912959, 19.05000000000000071 ) ) ;
#140 = ORIENTED_EDGE ( 'NONE', *, *, #2212, .T. ) ;
#141 =( NAMED_UNIT ( * ) PLANE_ANGLE_UNIT ( ) SI_UNIT ( $, .RADIAN. ) );
#142 = CYLINDRICAL_SURFACE ( 'NONE', #1204, 2.100000000000004530 ) ;
#143 = CYLINDRICAL_SURFACE ( 'NONE', #2023, 3.199999999999994404 ) ;
#144 = ORIENTED_EDGE ( 'NONE', *, *, #2385, .T. ) ;
#145 = EDGE_CURVE ( 'NONE', #1361, #1636, #168, .T. ) ;
#146 = CARTESIAN_POINT ( 'NONE',  ( 155.6066017177981564, 37.02462120245879618, 20.00249999999999773 ) ) ;
#147 = DIRECTION ( 'NONE',  ( -0.000000000000000000, -0.000000000000000000, 1.000000000000000000 ) ) ;
#148 = ORIENTED_EDGE ( 'NONE', *, *, #1385, .T. ) ;
#149 = CARTESIAN_POINT ( 'NONE',  ( -31.79999999999996874, -12.50000000000001243, 0.000000000000000000 ) ) ;
#150 = CARTESIAN_POINT ( 'NONE',  ( 157.3914596339202205, -34.11577266765215910, 0.000000000000000000 ) ) ;
#151 = CARTESIAN_POINT ( 'NONE',  ( -158.9246212024587521, 33.70660171779825731, -0.9524999999999984590 ) ) ;
#152 = VERTEX_POINT ( 'NONE', #482 ) ;
#153 = DIRECTION ( 'NONE',  ( -0.000000000000000000, -0.000000000000000000, -1.000000000000000000 ) ) ;
#154 = DIRECTION ( 'NONE',  ( -1.000000000000000000, 0.000000000000000000, 0.000000000000000000 ) ) ;
#155 = AXIS2_PLACEMENT_3D ( 'NONE', #2128, #198, #983 ) ;
#156 = CARTESIAN_POINT ( 'NONE',  ( 147.5229707730091206, 38.10000000000002984, 13.01750000002953556 ) ) ;
#157 = EDGE_CURVE ( 'NONE', #1675, #987, #1556, .T. ) ;
#158 = CARTESIAN_POINT ( 'NONE',  ( 80.12148802745437592, 23.00000000000088107, 19.05000000000000071 ) ) ;
#159 = ORIENTED_EDGE ( 'NONE', *, *, #1219, .T. ) ;
#160 = DIRECTION ( 'NONE',  ( -0.000000000000000000, -0.000000000000000000, -1.000000000000000000 ) ) ;
#161 = CARTESIAN_POINT ( 'NONE',  ( 159.9911996568180825, 24.66965931311799665, 19.05000000000000071 ) ) ;
#162 = ORIENTED_EDGE ( 'NONE', *, *, #2282, .T. ) ;
#163 = CIRCLE ( 'NONE', #2445, 2.100000000000004530 ) ;
#164 = CARTESIAN_POINT ( 'NONE',  ( -145.0000000000000568, 38.10000000000002984, 0.000000000000000000 ) ) ;
#165 = CARTESIAN_POINT ( 'NONE',  ( -159.9242757485506559, 26.29393100500910307, 19.04999999999999716 ) ) ;
#166 = CARTESIAN_POINT ( 'NONE',  ( -148.1020126536001840, -38.03032882604241394, -0.000000000000000000 ) ) ;
#167 = EDGE_CURVE ( 'NONE', #2278, #1189, #1656, .T. ) ;
#168 = B_SPLINE_CURVE_WITH_KNOTS ( 'NONE', 3,
 ( #1602, #1574, #46, #2354, #1399, #609, #1384, #2367, #1589, #1971, #227, #622, #2174, #1211, #2021, #675, #2229, #879, #90, #1283, #864, #2252, #1058, #2007, #111, #1085, #75, #890, #1475, #2241, #1072, #686, #1833, #1819, #1845, #1096, #901, #305, #265, #314, #280, #1642, #1666, #505, #2417, #661, #2440, #696, #1632, #1249, #292 ),
 .UNSPECIFIED., .F., .F.,
 ( 4, 1, 1, 1, 1, 1, 1, 1, 2, 2, 1, 1, 1, 1, 1, 1, 2, 2, 2, 2, 1, 1, 1, 1, 1, 1, 1, 2, 2, 1, 1, 1, 1, 1, 1, 1, 2, 2, 4 ),
 ( 0.000000000000000000, 0.06249999999994695909, 0.09374999999992023048, 0.1093749999999071854, 0.1171874999999006767, 0.1210937499998972905, 0.1230468749998957223, 0.1240234374998949590, 0.1245117187498947231, 0.1249999999998944733, 0.1874999999998766265, 0.2187499999998672728, 0.2343749999998626099, 0.2421874999998601397, 0.2460937499998585298, 0.2480468749998583355, 0.2490234374998580580, 0.2499999999998577804, 0.3749999999998539502, 0.4999999999998501199, 0.6249999999998462341, 0.6874999999998445688, 0.7187499999998436806, 0.7343749999998415712, 0.7421874999998406830, 0.7460937499998415712, 0.7480468749998420153, 0.7490234374998406830, 0.7499999999998394618, 0.8124999999997021272, 0.8437499999996317390, 0.8593749999995966560, 0.8671874999995790034, 0.8710937499995702327, 0.8730468749995642375, 0.8740234374995613509, 0.8745117187495613509, 0.8749999999995613509, 1.000000000000000000 ),
 .UNSPECIFIED. ) ;
#169 = FACE_OUTER_BOUND ( 'NONE', #2107, .T. ) ;
#170 = ORIENTED_EDGE ( 'NONE', *, *, #402, .F. ) ;
#171 = FACE_OUTER_BOUND ( 'NONE', #904, .T. ) ;
#172 = AXIS2_PLACEMENT_3D ( 'NONE', #1896, #147, #1331 ) ;
#173 = CARTESIAN_POINT ( 'NONE',  ( 159.5112436536209941, -29.28565780000451824, 0.000000000000000000 ) ) ;
#174 = CARTESIAN_POINT ( 'NONE',  ( -159.9299635774241040, -26.20770716266311240, 19.05000000000000426 ) ) ;
#175 = ORIENTED_EDGE ( 'NONE', *, *, #1496, .T. ) ;
#176 = VECTOR ( 'NONE', #897, 1000.000000000000000 ) ;
#177 = CARTESIAN_POINT ( 'NONE',  ( -160.0000000000000284, -23.10000000000002984, 19.05000000000000071 ) ) ;
#178 = CARTESIAN_POINT ( 'NONE',  ( 159.5003626245062378, -29.33436058132438617, 19.05000000000000071 ) ) ;
#179 = CLOSED_SHELL ( 'NONE', ( #1444, #2197, #1835, #2213, #2223, #1232, #85, #1518, #1967, #753, #822, #1948, #2025, #627, #1130, #3, #2310, #1418, #937, #1095, #182, #2286, #329, #893, #1968, #1672, #1070, #531, #2500, #1171, #1879, #1571, #782, #779, #214, #1055, #798, #616, #976, #2329, #989, #2123, #1194, #1558, #1256, #1047, #1340, #1580, #137, #226, #1303, #428, #1993, #269, #2483, #1953 ) ) ;
#180 = FACE_OUTER_BOUND ( 'NONE', #2239, .T. ) ;
#181 = DIRECTION ( 'NONE',  ( -1.000000000000000000, 0.000000000000000000, 0.000000000000000000 ) ) ;
#182 = ADVANCED_FACE ( 'NONE', ( #2429 ), #2037, .F. ) ;
#183 = EDGE_LOOP ( 'NONE', ( #1447, #2350, #2114, #2232, #1397, #2207, #299, #2475 ) ) ;
#184 = CYLINDRICAL_SURFACE ( 'NONE', #319, 2.099999999999990763 ) ;
#185 = CARTESIAN_POINT ( 'NONE',  ( 159.2520616359120140, -30.45120663276247797, -0.000000000000000000 ) ) ;
#186 = CARTESIAN_POINT ( 'NONE',  ( -159.5317461240097430, -29.19210076802884757, 19.05000000000000071 ) ) ;
#187 = CIRCLE ( 'NONE', #514, 3.299999999999997158 ) ;
#188 = ORIENTED_EDGE ( 'NONE', *, *, #591, .F. ) ;
#189 = CARTESIAN_POINT ( 'NONE',  ( -112.5000000000000426, -12.49999999999995737, 19.05000000000000071 ) ) ;
#190 = CARTESIAN_POINT ( 'NONE',  ( 148.1077071626622796, -38.02996357742400590, 19.05000000000000782 ) ) ;
#191 = ORIENTED_EDGE ( 'NONE', *, *, #349, .T. ) ;
#192 = AXIS2_PLACEMENT_3D ( 'NONE', #228, #456, #1006 ) ;
#193 = AXIS2_PLACEMENT_3D ( 'NONE', #1124, #2456, #1076 ) ;
#194 = DIRECTION ( 'NONE',  ( -0.000000000000000000, -0.000000000000000000, -1.000000000000000000 ) ) ;
#195 = CARTESIAN_POINT ( 'NONE',  ( -145.0000000000000568, -38.10000000000002984, 6.349999999999994316 ) ) ;
#196 = FACE_OUTER_BOUND ( 'NONE', #739, .T. ) ;
#197 = CARTESIAN_POINT ( 'NONE',  ( 159.8137877910949953, 27.57775591096093493, 19.05000000000000426 ) ) ;
#198 = DIRECTION ( 'NONE',  ( 0.000000000000000000, 0.000000000000000000, -1.000000000000000000 ) ) ;
#199 = ORIENTED_EDGE ( 'NONE', *, *, #2104, .T. ) ;
#200 = AXIS2_PLACEMENT_3D ( 'NONE', #2075, #123, #880 ) ;
#201 = DIRECTION ( 'NONE',  ( 0.000000000000000000, 0.000000000000000000, -1.000000000000000000 ) ) ;
#202 = CARTESIAN_POINT ( 'NONE',  ( -159.7406028537103850, 28.11248693982341607, 19.04999999999999716 ) ) ;
#203 = ORIENTED_EDGE ( 'NONE', *, *, #1313, .T. ) ;
#204 = CARTESIAN_POINT ( 'NONE',  ( 159.9999999999999432, 28.14594154601842035, -0.9524999999999984590 ) ) ;
#205 = FACE_OUTER_BOUND ( 'NONE', #1308, .T. ) ;
#206 = FACE_BOUND ( 'NONE', #50, .T. ) ;
#207 = ORIENTED_EDGE ( 'NONE', *, *, #30, .F. ) ;
#208 = CARTESIAN_POINT ( 'NONE',  ( -8.499999999999996447, 1.040949779275249943E-15, 19.05000000000000071 ) ) ;
#209 = CARTESIAN_POINT ( 'NONE',  ( 140.7999999999999261, 12.50000000000004263, 19.05000000000000071 ) ) ;
#210 = CARTESIAN_POINT ( 'NONE',  ( 150.7486457447456303, 37.70910198751467846, 19.05000000000000071 ) ) ;
#211 = CARTESIAN_POINT ( 'NONE',  ( -151.2343605813242391, -37.60036262450651634, 19.05000000000000426 ) ) ;
#212 = CIRCLE ( 'NONE', #393, 3.199999999999994404 ) ;
#213 = ORIENTED_EDGE ( 'NONE', *, *, #25, .F. ) ;
#214 = ADVANCED_FACE ( 'NONE', ( #1859 ), #455, .F. ) ;
#215 = AXIS2_PLACEMENT_3D ( 'NONE', #158, #340, #2277 ) ;
#216 = EDGE_CURVE ( 'NONE', #2523, #152, #1440, .T. ) ;
#217 = B_SPLINE_CURVE_WITH_KNOTS ( 'NONE', 3,
 ( #106, #94, #884, #1864 ),
 .UNSPECIFIED., .F., .F.,
 ( 4, 4 ),
 ( 0.000000000000000000, 1.000000000000000000 ),
 .UNSPECIFIED. ) ;
#218 = LINE ( 'NONE', #986, #2257 ) ;
#219 = AXIS2_PLACEMENT_3D ( 'NONE', #1912, #2127, #2091 ) ;
#220 = EDGE_LOOP ( 'NONE', ( #773, #371 ) ) ;
#221 = B_SPLINE_SURFACE_WITH_KNOTS ( 'NONE', 5, 3, ( 
 ( #2446, #598, #2522, #1711 ),
 ( #2498, #787, #1531, #585 ),
 ( #1336, #358, #1360, #2333 ),
 ( #948, #2510, #392, #1744 ),
 ( #151, #772, #2485, #2296 ),
 ( #932, #738, #1540, #969 ),
 ( #1913, #575, #2106, #1902 ),
 ( #1551, #1138, #2323, #2308 ) ),
 .UNSPECIFIED., .F., .F., .F.,
 ( 6, 2, 6 ),
 ( 4, 4 ),
 ( 0.000000000000000000, 0.5000000000000000000, 1.000000000000000000 ),
 ( -0.02000249999999999945, 0.0009525000000000001131 ),
 .UNSPECIFIED. ) ;
#222 = CARTESIAN_POINT ( 'NONE',  ( 158.9246212024586669, 33.70660171779824310, 20.00249999999999773 ) ) ;
#223 = CARTESIAN_POINT ( 'NONE',  ( -159.9761132558357417, -25.50198682326200483, -0.000000000000000000 ) ) ;
#224 = CIRCLE ( 'NONE', #382, 3.199999999999994404 ) ;
#225 = CARTESIAN_POINT ( 'NONE',  ( 159.9999999999999432, -23.77456336335509945, 0.000000000000000000 ) ) ;
#226 = ADVANCED_FACE ( 'NONE', ( #1438 ), #850, .F. ) ;
#227 = CARTESIAN_POINT ( 'NONE',  ( -159.9299635774238766, 26.20770716266552469, -0.000000000000000000 ) ) ;
#228 = CARTESIAN_POINT ( 'NONE',  ( 80.00000000000002842, 9.020562075079396891E-13, 19.05000000000000071 ) ) ;
#229 = CARTESIAN_POINT ( 'NONE',  ( 151.3425505587626390, 37.57570147816231554, 19.05000000000000071 ) ) ;
#230 = CARTESIAN_POINT ( 'NONE',  ( 115.8000000000000966, -12.50000000000004619, 0.000000000000000000 ) ) ;
#231 = ORIENTED_EDGE ( 'NONE', *, *, #2060, .F. ) ;
#232 = DIRECTION ( 'NONE',  ( -0.000000000000000000, -0.000000000000000000, 1.000000000000000000 ) ) ;
#233 = ORIENTED_EDGE ( 'NONE', *, *, #1654, .F. ) ;
#234 = CARTESIAN_POINT ( 'NONE',  ( 155.6066017177981564, 37.02462120245879618, -0.9524999999999984590 ) ) ;
#235 = CARTESIAN_POINT ( 'NONE',  ( -97.22148802745527973, 23.00000000000001776, 19.05000000000000071 ) ) ;
#236 = CIRCLE ( 'NONE', #2070, 2.100000000000004530 ) ;
#237 = FACE_BOUND ( 'NONE', #1431, .T. ) ;
#238 = CARTESIAN_POINT ( 'NONE',  ( 93.02148802745432477, -22.99999999999912959, 0.000000000000000000 ) ) ;
#239 = CARTESIAN_POINT ( 'NONE',  ( 149.4777559105502576, 37.91378779113057362, -0.000000000000000000 ) ) ;
#240 = EDGE_CURVE ( 'NONE', #2285, #1001, #1644, .T. ) ;
#241 = CARTESIAN_POINT ( 'NONE',  ( 93.02148802745436740, 23.00000000000087041, 19.05000000000000071 ) ) ;
#242 = CARTESIAN_POINT ( 'NONE',  ( -157.3914596339408263, -34.11577266764928140, 19.05000000000000071 ) ) ;
#243 = ORIENTED_EDGE ( 'NONE', *, *, #444, .F. ) ;
#244 = AXIS2_PLACEMENT_3D ( 'NONE', #808, #648, #2163 ) ;
#245 = DIRECTION ( 'NONE',  ( -0.000000000000000000, -0.000000000000000000, -1.000000000000000000 ) ) ;
#246 = AXIS2_PLACEMENT_3D ( 'NONE', #506, #281, #1454 ) ;
#247 = EDGE_LOOP ( 'NONE', ( #463, #1084, #1775, #2166 ) ) ;
#248 = FACE_BOUND ( 'NONE', #131, .T. ) ;
#249 = DIRECTION ( 'NONE',  ( 0.000000000000000000, 0.000000000000000000, -1.000000000000000000 ) ) ;
#250 = FACE_OUTER_BOUND ( 'NONE', #313, .T. ) ;
#251 = CARTESIAN_POINT ( 'NONE',  ( -160.0000000000000284, 38.10000000000002984, 19.05000000000000071 ) ) ;
#252 = CARTESIAN_POINT ( 'NONE',  ( 159.9761132558356849, 25.50198682357329716, -0.000000000000000000 ) ) ;
#253 = CARTESIAN_POINT ( 'NONE',  ( 144.9999999999999716, 38.10000000000002984, 19.05000000000000071 ) ) ;
#254 = CARTESIAN_POINT ( 'NONE',  ( -151.4680064408812257, -37.54626727998984848, 19.05000000000000071 ) ) ;
#255 = EDGE_LOOP ( 'NONE', ( #1374, #2027, #538, #1731 ) ) ;
#256 = EDGE_CURVE ( 'NONE', #1115, #2020, #940, .T. ) ;
#257 = ORIENTED_EDGE ( 'NONE', *, *, #1435, .F. ) ;
#258 = FACE_BOUND ( 'NONE', #979, .T. ) ;
#259 = AXIS2_PLACEMENT_3D ( 'NONE', #2317, #1146, #1928 ) ;
#260 = DIRECTION ( 'NONE',  ( -0.000000000000000000, -0.000000000000000000, 1.000000000000000000 ) ) ;
#261 = CARTESIAN_POINT ( 'NONE',  ( -157.3711361572873386, -34.14139369448970029, -0.000000000000000000 ) ) ;
#262 = AXIS2_PLACEMENT_3D ( 'NONE', #189, #1747, #2525 ) ;
#263 = DIRECTION ( 'NONE',  ( -0.000000000000000000, -0.000000000000000000, 1.000000000000000000 ) ) ;
#264 = ORIENTED_EDGE ( 'NONE', *, *, #1596, .T. ) ;
#265 = CARTESIAN_POINT ( 'NONE',  ( -150.0124869399926126, 37.84060285366222587, -0.000000000000000000 ) ) ;
#266 = DIRECTION ( 'NONE',  ( -0.000000000000000000, -0.000000000000000000, -1.000000000000000000 ) ) ;
#267 = CARTESIAN_POINT ( 'NONE',  ( -155.6066017177982417, -37.02462120245878197, 20.00249999999999773 ) ) ;
#268 = CARTESIAN_POINT ( 'NONE',  ( 160.0000000000000284, 38.10000000000002984, 0.000000000000000000 ) ) ;
#269 = ADVANCED_FACE ( 'NONE', ( #180 ), #1718, .F. ) ;
#270 = ORIENTED_EDGE ( 'NONE', *, *, #2300, .T. ) ;
#271 = CARTESIAN_POINT ( 'NONE',  ( 115.8000000000000966, -12.50000000000004619, 6.735557395310440051E-17 ) ) ;
#272 = ORIENTED_EDGE ( 'NONE', *, *, #1083, .F. ) ;
#273 = DIRECTION ( 'NONE',  ( -1.000000000000000000, 0.000000000000000000, 0.000000000000000000 ) ) ;
#274 = EDGE_CURVE ( 'NONE', #2405, #411, #337, .T. ) ;
#275 = DIRECTION ( 'NONE',  ( 0.000000000000000000, 0.000000000000000000, -1.000000000000000000 ) ) ;
#276 = DIRECTION ( 'NONE',  ( -0.000000000000000000, -0.000000000000000000, -1.000000000000000000 ) ) ;
#277 = VECTOR ( 'NONE', #1857, 1000.000000000000000 ) ;
#278 = CARTESIAN_POINT ( 'NONE',  ( 159.9346505766063444, -26.13286620378671543, -0.000000000000000000 ) ) ;
#279 = ORIENTED_EDGE ( 'NONE', *, *, #1629, .F. ) ;
#280 = CARTESIAN_POINT ( 'NONE',  ( -148.6178655970606428, 37.99257101784720447, -0.000000000000000000 ) ) ;
#281 = DIRECTION ( 'NONE',  ( -0.000000000000000000, -0.000000000000000000, -1.000000000000000000 ) ) ;
#282 = DIRECTION ( 'NONE',  ( -1.000000000000000000, 0.000000000000000000, 0.000000000000000000 ) ) ;
#283 = EDGE_LOOP ( 'NONE', ( #488, #543, #1364, #660 ) ) ;
#284 = CIRCLE ( 'NONE', #2153, 3.299999999999997158 ) ;
#285 = CARTESIAN_POINT ( 'NONE',  ( -112.5000000000000426, -12.49999999999995737, 6.735557395310440051E-17 ) ) ;
#286 = ORIENTED_EDGE ( 'NONE', *, *, #1542, .F. ) ;
#287 = FACE_BOUND ( 'NONE', #1033, .T. ) ;
#288 = CIRCLE ( 'NONE', #611, 2.100000000000004530 ) ;
#289 = CARTESIAN_POINT ( 'NONE',  ( -160.0000000000000284, 23.10000000000002629, 6.350000000000002309 ) ) ;
#290 = CARTESIAN_POINT ( 'NONE',  ( -148.0934566384081279, 38.03087562470931715, 19.05000000000000071 ) ) ;
#291 = ORIENTED_EDGE ( 'NONE', *, *, #972, .T. ) ;
#292 = CARTESIAN_POINT ( 'NONE',  ( -145.0000000000000568, 38.10000000000002984, 0.000000000000000000 ) ) ;
#293 = AXIS2_PLACEMENT_3D ( 'NONE', #441, #1382, #2366 ) ;
#294 = CARTESIAN_POINT ( 'NONE',  ( 109.2000000000000171, 12.49999999999995559, 19.05000000000000071 ) ) ;
#295 = EDGE_CURVE ( 'NONE', #600, #1616, #1557, .T. ) ;
#296 = CARTESIAN_POINT ( 'NONE',  ( 155.6066017177982417, -37.02462120245878197, 6.032500000000001528 ) ) ;
#297 = EDGE_LOOP ( 'NONE', ( #2447, #849, #125, #617 ) ) ;
#298 = FACE_OUTER_BOUND ( 'NONE', #1713, .T. ) ;
#299 = ORIENTED_EDGE ( 'NONE', *, *, #740, .F. ) ;
#300 = FACE_BOUND ( 'NONE', #2428, .T. ) ;
#301 = CARTESIAN_POINT ( 'NONE',  ( -160.0000000000000284, -38.10000000000002984, 19.05000000000000071 ) ) ;
#302 = DIRECTION ( 'NONE',  ( 0.000000000000000000, 0.000000000000000000, -1.000000000000000000 ) ) ;
#303 = CIRCLE ( 'NONE', #54, 8.499999999999996447 ) ;
#304 = EDGE_LOOP ( 'NONE', ( #1093, #381 ) ) ;
#305 = CARTESIAN_POINT ( 'NONE',  ( -150.7486457448439410, 37.70910198749463405, 0.000000000000000000 ) ) ;
#306 = LINE ( 'NONE', #1295, #2352 ) ;
#307 = CARTESIAN_POINT ( 'NONE',  ( -93.02148802745527689, -22.99999999999998224, 0.000000000000000000 ) ) ;
#308 = ORIENTED_EDGE ( 'NONE', *, *, #537, .F. ) ;
#309 = FACE_OUTER_BOUND ( 'NONE', #499, .T. ) ;
#310 = ORIENTED_EDGE ( 'NONE', *, *, #1746, .T. ) ;
#311 = CARTESIAN_POINT ( 'NONE',  ( 95.12148802745433329, -22.99999999999912959, 19.05000000000000071 ) ) ;
#312 = CARTESIAN_POINT ( 'NONE',  ( -157.3711361572835870, 34.14139369450221295, 19.05000000000000426 ) ) ;
#313 = EDGE_LOOP ( 'NONE', ( #2435, #2324, #264, #136 ) ) ;
#314 = CARTESIAN_POINT ( 'NONE',  ( -149.0928673241752733, 37.94935861565299717, -0.000000000000000000 ) ) ;
#315 = EDGE_CURVE ( 'NONE', #678, #2141, #2403, .T. ) ;
#316 = CARTESIAN_POINT ( 'NONE',  ( -8.499999999999996447, 1.040949779275249943E-15, 19.05000000000000071 ) ) ;
#317 = CARTESIAN_POINT ( 'NONE',  ( 145.0000000000000568, -38.10000000000002984, 13.01749999999318597 ) ) ;
#318 = VERTEX_POINT ( 'NONE', #235 ) ;
#319 = AXIS2_PLACEMENT_3D ( 'NONE', #367, #1899, #1931 ) ;
#320 = CARTESIAN_POINT ( 'NONE',  ( -137.4999999999999716, 12.49999999999995737, 19.05000000000000071 ) ) ;
#321 = ORIENTED_EDGE ( 'NONE', *, *, #1766, .F. ) ;
#322 = DIRECTION ( 'NONE',  ( 1.000000000000000000, 0.000000000000000000, 0.000000000000000000 ) ) ;
#323 = DIRECTION ( 'NONE',  ( -0.000000000000000000, -0.000000000000000000, -1.000000000000000000 ) ) ;
#324 = B_SPLINE_CURVE_WITH_KNOTS ( 'NONE', 3,
 ( #1878, #1699, #129, #2488 ),
 .UNSPECIFIED., .F., .F.,
 ( 4, 4 ),
 ( 0.000000000000000000, 1.000000000000000000 ),
 .UNSPECIFIED. ) ;
#325 = ORIENTED_EDGE ( 'NONE', *, *, #25, .T. ) ;
#326 = AXIS2_PLACEMENT_3D ( 'NONE', #2425, #68, #668 ) ;
#327 = DIRECTION ( 'NONE',  ( 1.000000000000000000, 0.000000000000000000, 0.000000000000000000 ) ) ;
#328 = EDGE_CURVE ( 'NONE', #1077, #1470, #1991, .T. ) ;
#329 = ADVANCED_FACE ( 'NONE', ( #2388 ), #1613, .F. ) ;
#330 = CARTESIAN_POINT ( 'NONE',  ( 150.0459415460184402, -38.10000000000002984, -0.9524999999999984590 ) ) ;
#331 = VERTEX_POINT ( 'NONE', #2364 ) ;
#332 = LINE ( 'NONE', #1469, #81 ) ;
#333 = VERTEX_POINT ( 'NONE', #862 ) ;
#334 = LINE ( 'NONE', #1904, #1601 ) ;
#335 = EDGE_CURVE ( 'NONE', #1027, #1189, #2211, .T. ) ;
#336 = CARTESIAN_POINT ( 'NONE',  ( -158.9591139378981097, 31.23766021671001880, 19.05000000000000071 ) ) ;
#337 = CIRCLE ( 'NONE', #420, 3.299999999999997158 ) ;
#338 = ORIENTED_EDGE ( 'NONE', *, *, #1145, .F. ) ;
#339 = CYLINDRICAL_SURFACE ( 'NONE', #1018, 3.299999999999997158 ) ;
#340 = DIRECTION ( 'NONE',  ( -0.000000000000000000, -0.000000000000000000, 1.000000000000000000 ) ) ;
#341 = LINE ( 'NONE', #2505, #2474 ) ;
#342 = B_SPLINE_CURVE_WITH_KNOTS ( 'NONE', 3,
 ( #805, #29, #1524, #2147 ),
 .UNSPECIFIED., .F., .F.,
 ( 4, 4 ),
 ( 0.000000000000000000, 1.000000000000000000 ),
 .UNSPECIFIED. ) ;
#343 = EDGE_LOOP ( 'NONE', ( #1956, #148, #912, #554 ) ) ;
#344 = CARTESIAN_POINT ( 'NONE',  ( 159.5157119187493038, -29.26544273898938542, -0.000000000000000000 ) ) ;
#345 = VECTOR ( 'NONE', #245, 1000.000000000000000 ) ;
#346 = ORIENTED_EDGE ( 'NONE', *, *, #1759, .F. ) ;
#347 = DIRECTION ( 'NONE',  ( -0.000000000000000000, -0.000000000000000000, 1.000000000000000000 ) ) ;
#348 = CARTESIAN_POINT ( 'NONE',  ( 153.3876935305050893, -36.99074122302656775, 19.05000000000000071 ) ) ;
#349 = EDGE_CURVE ( 'NONE', #1470, #1214, #212, .T. ) ;
#350 = ORIENTED_EDGE ( 'NONE', *, *, #1496, .F. ) ;
#351 = LINE ( 'NONE', #1908, #2524 ) ;
#352 = CARTESIAN_POINT ( 'NONE',  ( -38.20000000000003837, 12.49999999999998934, 0.000000000000000000 ) ) ;
#353 = CARTESIAN_POINT ( 'NONE',  ( -137.4999999999999716, 12.49999999999995737, 0.000000000000000000 ) ) ;
#354 = EDGE_LOOP ( 'NONE', ( #257, #1903, #59, #1268 ) ) ;
#355 = LINE ( 'NONE', #1345, #1215 ) ;
#356 = B_SPLINE_CURVE_WITH_KNOTS ( 'NONE', 3,
 ( #814, #1034, #1595, #2372 ),
 .UNSPECIFIED., .F., .F.,
 ( 4, 4 ),
 ( 0.000000000000000000, 1.000000000000000000 ),
 .UNSPECIFIED. ) ;
#357 = CARTESIAN_POINT ( 'NONE',  ( 159.5205482582163370, -29.24347551979014526, -0.000000000000000000 ) ) ;
#358 = CARTESIAN_POINT ( 'NONE',  ( -150.0459415460184402, 38.10000000000002984, 6.032500000000001528 ) ) ;
#359 = VERTEX_POINT ( 'NONE', #2376 ) ;
#360 = VECTOR ( 'NONE', #1357, 1000.000000000000000 ) ;
#361 = DIRECTION ( 'NONE',  ( 1.000000000000000000, 0.000000000000000000, 0.000000000000000000 ) ) ;
#362 = CARTESIAN_POINT ( 'NONE',  ( 159.6091019875221662, -28.84864574474725529, 19.05000000000000071 ) ) ;
#363 = DIRECTION ( 'NONE',  ( -0.000000000000000000, -0.000000000000000000, -1.000000000000000000 ) ) ;
#364 = AXIS2_PLACEMENT_3D ( 'NONE', #2099, #1013, #1787 ) ;
#365 = DIRECTION ( 'NONE',  ( 1.000000000000000000, 0.000000000000000000, 0.000000000000000000 ) ) ;
#366 = VERTEX_POINT ( 'NONE', #439 ) ;
#367 = CARTESIAN_POINT ( 'NONE',  ( 80.12148802745433329, -22.99999999999911893, 19.05000000000000071 ) ) ;
#368 = CARTESIAN_POINT ( 'NONE',  ( 159.5124794137426534, -29.28007632255618731, -0.000000000000000000 ) ) ;
#369 = B_SPLINE_CURVE_WITH_KNOTS ( 'NONE', 3,
 ( #1970, #225, #621, #1396, #2019, #1247, #278, #1056, #659, #1436, #848, #2404, #1831, #1630, #2214, #469, #2116, #1733, #357, #344, #368, #173, #185, #391, #1539, #150, #1530, #1173, #947, #982, #379, #2307, #931, #2509, #1137, #2139, #1150, #2521, #1743, #750, #1335, #771, #562, #1122, #1515, #758, #1309, #725, #1901, #1755, #1922 ),
 .UNSPECIFIED., .F., .F.,
 ( 4, 1, 1, 1, 1, 1, 1, 1, 2, 2, 1, 1, 1, 1, 1, 1, 2, 2, 2, 2, 1, 1, 1, 1, 1, 1, 1, 2, 2, 1, 1, 1, 1, 1, 1, 1, 2, 2, 4 ),
 ( 0.000000000000000000, 0.06249999999994695909, 0.09374999999992023048, 0.1093749999999071854, 0.1171874999999006767, 0.1210937499998972905, 0.1230468749998957223, 0.1240234374998949590, 0.1245117187498947231, 0.1249999999998944733, 0.1874999999998766265, 0.2187499999998672728, 0.2343749999998626099, 0.2421874999998601397, 0.2460937499998585298, 0.2480468749998583355, 0.2490234374998580580, 0.2499999999998577804, 0.3749999999998539502, 0.4999999999998501199, 0.6249999999998462341, 0.6874999999998445688, 0.7187499999998436806, 0.7343749999998415712, 0.7421874999998406830, 0.7460937499998415712, 0.7480468749998420153, 0.7490234374998406830, 0.7499999999998394618, 0.8124999999997021272, 0.8437499999996317390, 0.8593749999995966560, 0.8671874999995790034, 0.8710937499995702327, 0.8730468749995642375, 0.8740234374995613509, 0.8745117187495613509, 0.8749999999995613509, 1.000000000000000000 ),
 .UNSPECIFIED. ) ;
#370 = FACE_OUTER_BOUND ( 'NONE', #2168, .T. ) ;
#371 = ORIENTED_EDGE ( 'NONE', *, *, #2423, .F. ) ;
#372 = CARTESIAN_POINT ( 'NONE',  ( -80.00000000000001421, 1.095756906265703708E-12, 0.000000000000000000 ) ) ;
#373 = CARTESIAN_POINT ( 'NONE',  ( 148.0934566384081279, -38.03087562470931715, 19.05000000000000071 ) ) ;
#374 = EDGE_CURVE ( 'NONE', #701, #1310, #719, .T. ) ;
#375 = DIRECTION ( 'NONE',  ( -1.000000000000000000, 0.000000000000000000, 0.000000000000000000 ) ) ;
#376 = EDGE_LOOP ( 'NONE', ( #1869, #2450, #788, #1135 ) ) ;
#377 = DIRECTION ( 'NONE',  ( 1.000000000000000000, 0.000000000000000000, 0.000000000000000000 ) ) ;
#378 = AXIS2_PLACEMENT_3D ( 'NONE', #466, #1842, #1168 ) ;
#379 = CARTESIAN_POINT ( 'NONE',  ( 151.7164402458633106, -37.48525389599986823, -0.000000000000000000 ) ) ;
#380 = CARTESIAN_POINT ( 'NONE',  ( -159.9308756247093584, -26.19345663841173888, 19.05000000000000071 ) ) ;
#381 = ORIENTED_EDGE ( 'NONE', *, *, #707, .F. ) ;
#382 = AXIS2_PLACEMENT_3D ( 'NONE', #1533, #555, #1338 ) ;
#383 = CARTESIAN_POINT ( 'NONE',  ( -80.12148802745527121, -22.99999999999997868, 19.05000000000000071 ) ) ;
#384 = CARTESIAN_POINT ( 'NONE',  ( 151.1434755197675202, -37.62054825822033166, 19.04999999999999716 ) ) ;
#385 = B_SPLINE_CURVE_WITH_KNOTS ( 'NONE', 3,
 ( #1222, #1941, #195, #33 ),
 .UNSPECIFIED., .F., .F.,
 ( 4, 4 ),
 ( 0.000000000000000000, 1.000000000000000000 ),
 .UNSPECIFIED. ) ;
#386 = CARTESIAN_POINT ( 'NONE',  ( 80.12148802745433329, -22.99999999999911893, 19.05000000000000071 ) ) ;
#387 = DIRECTION ( 'NONE',  ( -0.000000000000000000, -0.000000000000000000, 1.000000000000000000 ) ) ;
#388 = EDGE_CURVE ( 'NONE', #74, #1517, #2461, .T. ) ;
#389 = DIRECTION ( 'NONE',  ( -1.000000000000000000, 0.000000000000000000, 0.000000000000000000 ) ) ;
#390 = DIRECTION ( 'NONE',  ( 0.000000000000000000, -0.000000000000000000, 1.000000000000000000 ) ) ;
#391 = CARTESIAN_POINT ( 'NONE',  ( 158.8907412229816316, -31.48769353052348308, 0.000000000000000000 ) ) ;
#392 = CARTESIAN_POINT ( 'NONE',  ( -155.6066017177982417, 37.02462120245878197, 13.01749999999318597 ) ) ;
#393 = AXIS2_PLACEMENT_3D ( 'NONE', #1014, #43, #1599 ) ;
#394 = ORIENTED_EDGE ( 'NONE', *, *, #157, .T. ) ;
#395 = CARTESIAN_POINT ( 'NONE',  ( 31.80000000000005045, -12.49999999999997691, 19.05000000000000071 ) ) ;
#396 = CARTESIAN_POINT ( 'NONE',  ( 158.9591139378981097, -31.23766021671001880, 19.05000000000000071 ) ) ;
#397 = ORIENTED_EDGE ( 'NONE', *, *, #2512, .F. ) ;
#398 = DIRECTION ( 'NONE',  ( -1.000000000000000000, 0.000000000000000000, 0.000000000000000000 ) ) ;
#399 = AXIS2_PLACEMENT_3D ( 'NONE', #664, #1442, #613 ) ;
#400 = DIRECTION ( 'NONE',  ( 1.000000000000000000, 0.000000000000000000, 0.000000000000000000 ) ) ;
#401 = LINE ( 'NONE', #1778, #2245 ) ;
#402 = EDGE_CURVE ( 'NONE', #1216, #1930, #1821, .T. ) ;
#403 = ORIENTED_EDGE ( 'NONE', *, *, #65, .F. ) ;
#404 = LINE ( 'NONE', #1753, #1365 ) ;
#405 = EDGE_CURVE ( 'NONE', #1077, #654, #2066, .T. ) ;
#406 = CARTESIAN_POINT ( 'NONE',  ( 148.1090159679597207, 38.02987968364288207, 0.000000000000000000 ) ) ;
#407 = LINE ( 'NONE', #624, #1114 ) ;
#408 = CARTESIAN_POINT ( 'NONE',  ( -159.5205482582186960, -29.24347551978010884, 19.05000000000000426 ) ) ;
#409 = ORIENTED_EDGE ( 'NONE', *, *, #1305, .T. ) ;
#410 = DIRECTION ( 'NONE',  ( -0.000000000000000000, -0.000000000000000000, -1.000000000000000000 ) ) ;
#411 = VERTEX_POINT ( 'NONE', #98 ) ;
#412 = CARTESIAN_POINT ( 'NONE',  ( -112.5000000000000426, -12.49999999999995737, 0.000000000000000000 ) ) ;
#413 = EDGE_CURVE ( 'NONE', #2348, #970, #1620, .T. ) ;
#414 = CARTESIAN_POINT ( 'NONE',  ( -159.5003626245063231, -29.33436058132419078, -0.000000000000000000 ) ) ;
#415 = DIRECTION ( 'NONE',  ( 1.000000000000000000, 0.000000000000000000, 0.000000000000000000 ) ) ;
#416 = DIRECTION ( 'NONE',  ( -1.000000000000000000, 0.000000000000000000, 0.000000000000000000 ) ) ;
#417 = CARTESIAN_POINT ( 'NONE',  ( 159.9200954225148905, 26.35496783707510104, -0.000000000000000000 ) ) ;
#418 = CARTESIAN_POINT ( 'NONE',  ( 97.22148802745434182, -22.99999999999912959, 19.05000000000000071 ) ) ;
#419 = CARTESIAN_POINT ( 'NONE',  ( -154.8475992204434135, -36.33076824941583283, 19.05000000000000071 ) ) ;
#420 = AXIS2_PLACEMENT_3D ( 'NONE', #1703, #1692, #1894 ) ;
#421 = VERTEX_POINT ( 'NONE', #2261 ) ;
#422 = FACE_OUTER_BOUND ( 'NONE', #523, .T. ) ;
#423 = AXIS2_PLACEMENT_3D ( 'NONE', #733, #2504, #2464 ) ;
#424 = ORIENTED_EDGE ( 'NONE', *, *, #1892, .T. ) ;
#425 = FACE_OUTER_BOUND ( 'NONE', #2281, .T. ) ;
#426 = DIRECTION ( 'NONE',  ( -1.000000000000000000, 0.000000000000000000, 0.000000000000000000 ) ) ;
#427 = AXIS2_PLACEMENT_3D ( 'NONE', #1000, #1916, #1553 ) ;
#428 = ADVANCED_FACE ( 'NONE', ( #887 ), #143, .F. ) ;
#429 = CARTESIAN_POINT ( 'NONE',  ( -140.7999999999999829, 12.49999999999995737, 19.05000000000000071 ) ) ;
#430 = DIRECTION ( 'NONE',  ( 1.000000000000000000, 0.000000000000000000, 0.000000000000000000 ) ) ;
#431 = CARTESIAN_POINT ( 'NONE',  ( 150.9888796366945485, 37.65379415039360822, -0.000000000000000000 ) ) ;
#432 = CARTESIAN_POINT ( 'NONE',  ( -145.0000000000000568, -38.10000000000002984, 6.032500000000001528 ) ) ;
#433 = CARTESIAN_POINT ( 'NONE',  ( 145.0000000000000284, -38.10000000000002984, 0.000000000000000000 ) ) ;
#434 = VERTEX_POINT ( 'NONE', #1677 ) ;
#435 =( NAMED_UNIT ( * ) PLANE_ANGLE_UNIT ( ) SI_UNIT ( $, .RADIAN. ) );
#436 = EDGE_LOOP ( 'NONE', ( #2455, #1299 ) ) ;
#437 = CARTESIAN_POINT ( 'NONE',  ( -34.99999999999996447, -12.50000000000001243, 19.05000000000000071 ) ) ;
#438 = EDGE_CURVE ( 'NONE', #2305, #1803, #922, .T. ) ;
#439 = CARTESIAN_POINT ( 'NONE',  ( -97.22148802745526552, -22.99999999999998224, 19.05000000000000071 ) ) ;
#440 = AXIS2_PLACEMENT_3D ( 'NONE', #1486, #1667, #687 ) ;
#441 = CARTESIAN_POINT ( 'NONE',  ( 0.000000000000000000, 0.000000000000000000, 19.05000000000000071 ) ) ;
#442 = CARTESIAN_POINT ( 'NONE',  ( -82.22148802745526552, -22.99999999999997868, 19.05000000000000071 ) ) ;
#443 = CARTESIAN_POINT ( 'NONE',  ( 151.1800763225487572, 37.61247941374384141, -0.000000000000000000 ) ) ;
#444 = EDGE_CURVE ( 'NONE', #678, #1348, #1366, .T. ) ;
#445 = CARTESIAN_POINT ( 'NONE',  ( 148.6178655969854674, 37.99257101786254509, 19.05000000000000071 ) ) ;
#446 = ORIENTED_EDGE ( 'NONE', *, *, #1504, .F. ) ;
#447 = DIRECTION ( 'NONE',  ( -1.000000000000000000, 0.000000000000000000, 0.000000000000000000 ) ) ;
#448 = AXIS2_PLACEMENT_3D ( 'NONE', #902, #2264, #327 ) ;
#449 = ORIENTED_EDGE ( 'NONE', *, *, #167, .F. ) ;
#450 = CARTESIAN_POINT ( 'NONE',  ( 95.12148802745433329, -22.99999999999912959, 19.05000000000000071 ) ) ;
#451 = CARTESIAN_POINT ( 'NONE',  ( 109.2000000000000171, 12.49999999999995559, 6.735557395310440051E-17 ) ) ;
#452 = CARTESIAN_POINT ( 'NONE',  ( -156.0157726676623042, -35.49145963393666392, 0.000000000000000000 ) ) ;
#453 = DIRECTION ( 'NONE',  ( -0.000000000000000000, -0.000000000000000000, -1.000000000000000000 ) ) ;
#454 = EDGE_LOOP ( 'NONE', ( #2081, #1260 ) ) ;
#455 = CYLINDRICAL_SURFACE ( 'NONE', #869, 3.299999999999997158 ) ;
#456 = DIRECTION ( 'NONE',  ( 0.000000000000000000, 0.000000000000000000, 1.000000000000000000 ) ) ;
#457 = CARTESIAN_POINT ( 'NONE',  ( 151.7164402458302277, 37.48525389600923319, 19.04999999999999716 ) ) ;
#458 = CARTESIAN_POINT ( 'NONE',  ( -150.7486457448239321, -37.70910198749980680, 19.05000000000000071 ) ) ;
#459 = ORIENTED_EDGE ( 'NONE', *, *, #775, .T. ) ;
#460 = EDGE_CURVE ( 'NONE', #434, #572, #793, .T. ) ;
#461 = AXIS2_PLACEMENT_3D ( 'NONE', #2216, #471, #913 ) ;
#462 = LINE ( 'NONE', #2383, #345 ) ;
#463 = ORIENTED_EDGE ( 'NONE', *, *, #2151, .F. ) ;
#464 = CARTESIAN_POINT ( 'NONE',  ( 35.00000000000004263, -12.49999999999997691, 0.000000000000000000 ) ) ;
#465 = AXIS2_PLACEMENT_3D ( 'NONE', #2017, #1559, #2340 ) ;
#466 = CARTESIAN_POINT ( 'NONE',  ( 112.5000000000000995, -12.50000000000004619, 19.05000000000000071 ) ) ;
#467 = DIRECTION ( 'NONE',  ( -1.000000000000000000, 0.000000000000000000, 0.000000000000000000 ) ) ;
#468 = AXIS2_PLACEMENT_3D ( 'NONE', #2299, #1165, #1726 ) ;
#469 = CARTESIAN_POINT ( 'NONE',  ( 159.5964993823106113, -28.88055086318766840, -0.000000000000000000 ) ) ;
#470 = ORIENTED_EDGE ( 'NONE', *, *, #601, .F. ) ;
#471 = DIRECTION ( 'NONE',  ( 0.000000000000000000, 0.000000000000000000, -1.000000000000000000 ) ) ;
#472 = CARTESIAN_POINT ( 'NONE',  ( 35.00000000000004263, -12.49999999999997691, 19.05000000000000071 ) ) ;
#473 = CARTESIAN_POINT ( 'NONE',  ( -160.0000000000000284, -23.10000000000002984, 6.032500000000001528 ) ) ;
#474 = EDGE_LOOP ( 'NONE', ( #1119, #1458 ) ) ;
#475 = CARTESIAN_POINT ( 'NONE',  ( 88.00000000000004263, 9.020562075079396891E-13, 19.05000000000000071 ) ) ;
#476 = ORIENTED_EDGE ( 'NONE', *, *, #460, .T. ) ;
#477 = LINE ( 'NONE', #1625, #692 ) ;
#478 = DIRECTION ( 'NONE',  ( -0.000000000000000000, -0.000000000000000000, 1.000000000000000000 ) ) ;
#479 = CARTESIAN_POINT ( 'NONE',  ( -150.3563472713296960, 37.77634656295981586, 19.04999999999999716 ) ) ;
#480 = EDGE_CURVE ( 'NONE', #1302, #2137, #187, .T. ) ;
#481 = ORIENTED_EDGE ( 'NONE', *, *, #256, .F. ) ;
#482 = CARTESIAN_POINT ( 'NONE',  ( 31.79999999999996874, 12.50000000000002487, 0.000000000000000000 ) ) ;
#483 = CARTESIAN_POINT ( 'NONE',  ( 34.99999999999996447, 12.50000000000002487, 0.000000000000000000 ) ) ;
#484 = CARTESIAN_POINT ( 'NONE',  ( -160.0000000000000284, -28.14594154601842035, -0.9524999999999984590 ) ) ;
#485 = EDGE_CURVE ( 'NONE', #1348, #678, #1937, .T. ) ;
#486 = EDGE_LOOP ( 'NONE', ( #1023, #1286 ) ) ;
#487 = CARTESIAN_POINT ( 'NONE',  ( -35.00000000000004263, 12.49999999999998934, 0.000000000000000000 ) ) ;
#488 = ORIENTED_EDGE ( 'NONE', *, *, #1885, .F. ) ;
#489 = FACE_BOUND ( 'NONE', #630, .T. ) ;
#490 = CIRCLE ( 'NONE', #767, 3.299999999999997158 ) ;
#491 = DIRECTION ( 'NONE',  ( 1.000000000000000000, 0.000000000000000000, 0.000000000000000000 ) ) ;
#492 = CARTESIAN_POINT ( 'NONE',  ( -159.6091019875221662, 28.84864574474725529, 19.05000000000000071 ) ) ;
#493 = EDGE_CURVE ( 'NONE', #2137, #1302, #2146, .T. ) ;
#494 = EDGE_LOOP ( 'NONE', ( #1745, #459, #1682, #783 ) ) ;
#495 = CARTESIAN_POINT ( 'NONE',  ( 137.4999999999999432, -12.49999999999995914, 0.000000000000000000 ) ) ;
#496 = CARTESIAN_POINT ( 'NONE',  ( 34.99999999999996447, 12.50000000000002487, 19.05000000000000071 ) ) ;
#497 = CARTESIAN_POINT ( 'NONE',  ( 150.0459415460184402, -38.10000000000002984, 6.032500000000001528 ) ) ;
#498 = ORIENTED_EDGE ( 'NONE', *, *, #315, .F. ) ;
#499 = EDGE_LOOP ( 'NONE', ( #863, #560, #582, #1784 ) ) ;
#500 = FACE_OUTER_BOUND ( 'NONE', #1637, .T. ) ;
#501 = CARTESIAN_POINT ( 'NONE',  ( -151.1856578000048330, 37.61124365362078237, 19.05000000000000071 ) ) ;
#502 = VECTOR ( 'NONE', #153, 1000.000000000000000 ) ;
#503 = EDGE_CURVE ( 'NONE', #411, #2405, #2267, .T. ) ;
#504 = ORIENTED_EDGE ( 'NONE', *, *, #1648, .T. ) ;
#505 = CARTESIAN_POINT ( 'NONE',  ( -148.1939310050194933, 38.02427574854773695, -0.000000000000000000 ) ) ;
#506 = CARTESIAN_POINT ( 'NONE',  ( 112.5000000000000142, 12.49999999999995559, 0.000000000000000000 ) ) ;
#507 = AXIS2_PLACEMENT_3D ( 'NONE', #1867, #117, #1676 ) ;
#508 = CYLINDRICAL_SURFACE ( 'NONE', #1969, 3.299999999999997158 ) ;
#509 = ORIENTED_EDGE ( 'NONE', *, *, #2248, .T. ) ;
#510 = VERTEX_POINT ( 'NONE', #777 ) ;
#511 = CARTESIAN_POINT ( 'NONE',  ( -38.20000000000003837, 12.49999999999998934, 19.05000000000000071 ) ) ;
#512 = CARTESIAN_POINT ( 'NONE',  ( -95.12148802745527121, 23.00000000000001776, 0.000000000000000000 ) ) ;
#513 = EDGE_CURVE ( 'NONE', #1877, #2020, #1712, .T. ) ;
#514 = AXIS2_PLACEMENT_3D ( 'NONE', #1748, #1917, #154 ) ;
#515 = ORIENTED_EDGE ( 'NONE', *, *, #1596, .F. ) ;
#516 = FACE_OUTER_BOUND ( 'NONE', #1152, .T. ) ;
#517 = EDGE_CURVE ( 'NONE', #654, #1077, #1167, .T. ) ;
#518 = FACE_OUTER_BOUND ( 'NONE', #255, .T. ) ;
#519 = ORIENTED_EDGE ( 'NONE', *, *, #503, .T. ) ;
#520 = COLOUR_RGB ( '',0.7921568627450980005, 0.8196078431372548767, 0.9333333333333333481 ) ;
#521 = EDGE_CURVE ( 'NONE', #2256, #795, #284, .T. ) ;
#522 = DIRECTION ( 'NONE',  ( -1.000000000000000000, 0.000000000000000000, 0.000000000000000000 ) ) ;
#523 = EDGE_LOOP ( 'NONE', ( #321, #1057, #2362, #1907 ) ) ;
#524 = CIRCLE ( 'NONE', #2356, 3.299999999999997158 ) ;
#525 =( NAMED_UNIT ( * ) SI_UNIT ( $, .STERADIAN. ) SOLID_ANGLE_UNIT ( ) );
#526 = DIRECTION ( 'NONE',  ( -0.000000000000000000, -0.000000000000000000, 1.000000000000000000 ) ) ;
#527 = CARTESIAN_POINT ( 'NONE',  ( -148.1090159679598912, 38.02987968364288207, 19.05000000000000071 ) ) ;
#528 = APPLICATION_CONTEXT ( 'automotive_design' ) ;
#529 = ORIENTED_EDGE ( 'NONE', *, *, #1781, .T. ) ;
#530 = CARTESIAN_POINT ( 'NONE',  ( 159.9999999999999432, 28.14594154601842035, 20.00249999999999773 ) ) ;
#531 = ADVANCED_FACE ( 'NONE', ( #298 ), #2042, .T. ) ;
#532 = DIRECTION ( 'NONE',  ( -0.000000000000000000, -0.000000000000000000, 1.000000000000000000 ) ) ;
#533 = CARTESIAN_POINT ( 'NONE',  ( -80.00000000000001421, 1.095756906265703708E-12, 19.05000000000000071 ) ) ;
#534 = ORIENTED_EDGE ( 'NONE', *, *, #1614, .F. ) ;
#535 = CARTESIAN_POINT ( 'NONE',  ( 159.5537941503851584, 29.08887963679079292, 19.04999999999999716 ) ) ;
#536 = CARTESIAN_POINT ( 'NONE',  ( 159.9277664625626016, -26.24148796883821078, 19.05000000000000071 ) ) ;
#537 = EDGE_CURVE ( 'NONE', #1517, #1090, #2032, .T. ) ;
#538 = ORIENTED_EDGE ( 'NONE', *, *, #691, .T. ) ;
#539 = PRODUCT_CONTEXT ( 'NONE', #2495, 'mechanical' ) ;
#540 = LINE ( 'NONE', #301, #2375 ) ;
#541 = CARTESIAN_POINT ( 'NONE',  ( 145.0000000000001421, -38.10000000000002984, 19.05000000000000071 ) ) ;
#542 = VECTOR ( 'NONE', #1464, 1000.000000000000000 ) ;
#543 = ORIENTED_EDGE ( 'NONE', *, *, #438, .T. ) ;
#544 = AXIS2_PLACEMENT_3D ( 'NONE', #1547, #766, #2328 ) ;
#545 = CARTESIAN_POINT ( 'NONE',  ( 159.9999999999999432, 23.10000000000002984, 20.00249999999999773 ) ) ;
#546 = CARTESIAN_POINT ( 'NONE',  ( -115.8000000000000682, 12.50000000000004441, 6.735557395310440051E-17 ) ) ;
#547 = DIRECTION ( 'NONE',  ( -0.000000000000000000, -0.000000000000000000, 1.000000000000000000 ) ) ;
#548 = AXIS2_PLACEMENT_3D ( 'NONE', #2289, #2124, #181 ) ;
#549 = EDGE_LOOP ( 'NONE', ( #529, #1725 ) ) ;
#550 = CARTESIAN_POINT ( 'NONE',  ( 34.99999999999996447, 12.50000000000002487, 19.05000000000000071 ) ) ;
#551 = CARTESIAN_POINT ( 'NONE',  ( 159.9321439684409540, 26.17339284177855419, 19.04999999999999716 ) ) ;
#552 = CARTESIAN_POINT ( 'NONE',  ( -159.9346505766064581, -26.13286620375388836, 19.05000000000000426 ) ) ;
#553 = CIRCLE ( 'NONE', #1855, 2.100000000000004530 ) ;
#554 = ORIENTED_EDGE ( 'NONE', *, *, #1529, .T. ) ;
#555 = DIRECTION ( 'NONE',  ( -0.000000000000000000, -0.000000000000000000, 1.000000000000000000 ) ) ;
#556 = CARTESIAN_POINT ( 'NONE',  ( 159.4962854168893216, -29.35243034777220217, 19.05000000000000071 ) ) ;
#557 = CARTESIAN_POINT ( 'NONE',  ( 144.9999999999999716, 38.10000000000002984, 6.032500000000001528 ) ) ;
#558 = LINE ( 'NONE', #570, #875 ) ;
#559 = DIRECTION ( 'NONE',  ( 1.000000000000000000, 0.000000000000000000, 0.000000000000000000 ) ) ;
#560 = ORIENTED_EDGE ( 'NONE', *, *, #1892, .F. ) ;
#561 = CARTESIAN_POINT ( 'NONE',  ( -95.12148802745527121, -22.99999999999998224, 19.05000000000000071 ) ) ;
#562 = CARTESIAN_POINT ( 'NONE',  ( 148.2549678370720585, -38.02009542251735752, -0.000000000000000000 ) ) ;
#563 = DIRECTION ( 'NONE',  ( -1.000000000000000000, 0.000000000000000000, 0.000000000000000000 ) ) ;
#564 = ORIENTED_EDGE ( 'NONE', *, *, #641, .T. ) ;
#565 = CIRCLE ( 'NONE', #1094, 3.299999999999997158 ) ;
#566 = DIRECTION ( 'NONE',  ( -0.000000000000000000, -0.000000000000000000, 1.000000000000000000 ) ) ;
#567 = CARTESIAN_POINT ( 'NONE',  ( 147.4096270052110071, -38.06553198920433090, 19.05000000000000071 ) ) ;
#568 = CIRCLE ( 'NONE', #1220, 2.100000000000004530 ) ;
#569 = DIRECTION ( 'NONE',  ( 0.000000000000000000, -1.000000000000000000, 0.000000000000000000 ) ) ;
#570 = CARTESIAN_POINT ( 'NONE',  ( 31.80000000000005045, -12.49999999999997691, 19.05000000000000071 ) ) ;
#571 = AXIS2_PLACEMENT_3D ( 'NONE', #483, #1263, #2038 ) ;
#572 = VERTEX_POINT ( 'NONE', #1683 ) ;
#573 = LINE ( 'NONE', #583, #360 ) ;
#574 = CARTESIAN_POINT ( 'NONE',  ( 159.9488480052552859, 25.87853312238612702, 19.05000000000000071 ) ) ;
#575 = CARTESIAN_POINT ( 'NONE',  ( -160.0000000000000284, 25.62297077300922510, 6.032500000000001528 ) ) ;
#576 = ORIENTED_EDGE ( 'NONE', *, *, #513, .T. ) ;
#577 = DIRECTION ( 'NONE',  ( -0.000000000000000000, -0.000000000000000000, -1.000000000000000000 ) ) ;
#578 = CARTESIAN_POINT ( 'NONE',  ( 145.6745633631297210, -38.10000000000004405, 19.05000000000000426 ) ) ;
#579 = EDGE_CURVE ( 'NONE', #795, #2256, #606, .T. ) ;
#580 = CARTESIAN_POINT ( 'NONE',  ( -38.19999999999995310, -12.50000000000001243, 0.000000000000000000 ) ) ;
#581 = VERTEX_POINT ( 'NONE', #1298 ) ;
#582 = ORIENTED_EDGE ( 'NONE', *, *, #145, .F. ) ;
#583 = CARTESIAN_POINT ( 'NONE',  ( -97.22148802745527973, 23.00000000000001776, 19.05000000000000071 ) ) ;
#584 = CARTESIAN_POINT ( 'NONE',  ( 160.0000000000000284, 23.10000000000002984, 19.05000000000000071 ) ) ;
#585 = CARTESIAN_POINT ( 'NONE',  ( -147.5229707730092343, 38.10000000000002984, 20.00250000000000128 ) ) ;
#586 = ORIENTED_EDGE ( 'NONE', *, *, #1121, .T. ) ;
#587 = AXIS2_PLACEMENT_3D ( 'NONE', #629, #1797, #1785 ) ;
#588 = CARTESIAN_POINT ( 'NONE',  ( -95.12148802745527121, -22.99999999999998224, 19.05000000000000071 ) ) ;
#589 = CARTESIAN_POINT ( 'NONE',  ( -95.12148802745527121, 23.00000000000001776, 0.000000000000000000 ) ) ;
#590 = ORIENTED_EDGE ( 'NONE', *, *, #2470, .F. ) ;
#591 = EDGE_CURVE ( 'NONE', #2438, #1115, #217, .T. ) ;
#592 = CARTESIAN_POINT ( 'NONE',  ( -97.22148802745527973, 23.00000000000001776, 0.000000000000000000 ) ) ;
#593 = LINE ( 'NONE', #1802, #1387 ) ;
#594 = ORIENTED_EDGE ( 'NONE', *, *, #1929, .F. ) ;
#595 = CARTESIAN_POINT ( 'NONE',  ( 97.22148802745434182, -22.99999999999912959, 0.000000000000000000 ) ) ;
#596 = LINE ( 'NONE', #1371, #1576 ) ;
#597 = CARTESIAN_POINT ( 'NONE',  ( 151.2524303477698027, 37.59628541689044567, 19.05000000000000426 ) ) ;
#598 = CARTESIAN_POINT ( 'NONE',  ( -145.0000000000000568, 38.10000000000002984, 6.032500000000001528 ) ) ;
#599 = AXIS2_PLACEMENT_3D ( 'NONE', #1218, #249, #1025 ) ;
#600 = VERTEX_POINT ( 'NONE', #2434 ) ;
#601 = EDGE_CURVE ( 'NONE', #434, #1288, #332, .T. ) ;
#602 = LINE ( 'NONE', #1736, #2096 ) ;
#603 = ORIENTED_EDGE ( 'NONE', *, *, #2151, .T. ) ;
#604 = CARTESIAN_POINT ( 'NONE',  ( 147.5229707730091206, 38.10000000000002984, -0.9524999999999984590 ) ) ;
#605 = CARTESIAN_POINT ( 'NONE',  ( -159.4462672799871257, -29.56800644088200514, -0.000000000000000000 ) ) ;
#606 = CIRCLE ( 'NONE', #1627, 3.299999999999997158 ) ;
#607 = PLANE ( 'NONE',  #293 ) ;
#608 = VERTEX_POINT ( 'NONE', #2055 ) ;
#609 = CARTESIAN_POINT ( 'NONE',  ( -159.9395434757452676, 26.05021674873671245, -0.000000000000000000 ) ) ;
#610 = CARTESIAN_POINT ( 'NONE',  ( 159.3852538960146603, 29.81644024583218311, -0.000000000000000000 ) ) ;
#611 = AXIS2_PLACEMENT_3D ( 'NONE', #450, #1036, #1814 ) ;
#612 = CARTESIAN_POINT ( 'NONE',  ( -158.9246212024587521, -33.70660171779825731, 20.00249999999999773 ) ) ;
#613 = DIRECTION ( 'NONE',  ( 1.000000000000000000, 0.000000000000000000, 0.000000000000000000 ) ) ;
#614 = ORIENTED_EDGE ( 'NONE', *, *, #1689, .T. ) ;
#615 = CARTESIAN_POINT ( 'NONE',  ( -35.00000000000004263, 12.49999999999998934, 19.05000000000000071 ) ) ;
#616 = ADVANCED_FACE ( 'NONE', ( #309 ), #221, .T. ) ;
#617 = ORIENTED_EDGE ( 'NONE', *, *, #967, .F. ) ;
#618 = AXIS2_PLACEMENT_3D ( 'NONE', #2136, #387, #559 ) ;
#619 = CARTESIAN_POINT ( 'NONE',  ( 159.9999999999999432, 25.62297077300922510, -0.9524999999999984590 ) ) ;
#620 = CARTESIAN_POINT ( 'NONE',  ( -159.8493586156601509, -27.19286732417547370, -0.000000000000000000 ) ) ;
#621 = CARTESIAN_POINT ( 'NONE',  ( 159.9911996568181110, -24.66965931338712537, -0.000000000000000000 ) ) ;
#622 = CARTESIAN_POINT ( 'NONE',  ( -159.9298796836430654, 26.20901596795802391, 0.000000000000000000 ) ) ;
#623 = CARTESIAN_POINT ( 'NONE',  ( 153.3876935305177938, 36.99074122304682533, 0.000000000000000000 ) ) ;
#624 = CARTESIAN_POINT ( 'NONE',  ( -97.22148802745525131, -22.99999999999998224, 19.05000000000000071 ) ) ;
#625 = CARTESIAN_POINT ( 'NONE',  ( -158.8907412229705471, -31.48769353056129461, 19.05000000000000071 ) ) ;
#626 = ORIENTED_EDGE ( 'NONE', *, *, #2460, .T. ) ;
#627 = ADVANCED_FACE ( 'NONE', ( #370 ), #1724, .F. ) ;
#628 = AXIS2_PLACEMENT_3D ( 'NONE', #644, #682, #86 ) ;
#629 = CARTESIAN_POINT ( 'NONE',  ( 95.12148802745437592, 23.00000000000087041, 19.05000000000000071 ) ) ;
#630 = EDGE_LOOP ( 'NONE', ( #80, #804 ) ) ;
#631 = DIRECTION ( 'NONE',  ( -0.000000000000000000, -0.000000000000000000, 1.000000000000000000 ) ) ;
#632 = CARTESIAN_POINT ( 'NONE',  ( -149.4777559106854596, -37.91378779112362452, -0.000000000000000000 ) ) ;
#633 = DIRECTION ( 'NONE',  ( -1.000000000000000000, 0.000000000000000000, 0.000000000000000000 ) ) ;
#634 = CARTESIAN_POINT ( 'NONE',  ( 145.0000000000000284, -38.10000000000002984, 0.000000000000000000 ) ) ;
#635 = CARTESIAN_POINT ( 'NONE',  ( -112.5000000000000711, 12.50000000000004441, 19.05000000000000071 ) ) ;
#636 = CARTESIAN_POINT ( 'NONE',  ( 151.2795128728035650, 37.59015045379041453, 19.05000000000000071 ) ) ;
#637 = CARTESIAN_POINT ( 'NONE',  ( 145.0000000000001421, -38.10000000000002984, 19.05000000000000071 ) ) ;
#638 = B_SPLINE_CURVE_WITH_KNOTS ( 'NONE', 3,
 ( #2117, #1756, #1324, #11, #1516, #1565, #552, #1151, #380, #2347, #174, #1162, #958, #1734, #1373, #2155, #1933, #186, #408, #1809, #1960, #2219, #2204, #625, #1593, #242, #1008, #419, #2396, #1188, #2370, #254, #854, #79, #651, #211, #997, #458, #1823, #1032, #824, #812, #1201, #1622, #1020, #1578, #2358, #36, #1413, #63, #1772 ),
 .UNSPECIFIED., .F., .F.,
 ( 4, 1, 1, 1, 1, 1, 1, 1, 2, 2, 1, 1, 1, 1, 1, 1, 2, 2, 2, 2, 1, 1, 1, 1, 1, 1, 1, 2, 2, 1, 1, 1, 1, 1, 1, 1, 2, 2, 4 ),
 ( 0.000000000000000000, 0.06249999999996586064, 0.09374999999994854116, 0.1093749999999395622, 0.1171874999999353434, 0.1210937499999328176, 0.1230468749999317074, 0.1240234374999311384, 0.1245117187499313050, 0.1249999999999314715, 0.1874999999999487077, 0.2187499999999571176, 0.2343749999999613087, 0.2421874999999628630, 0.2460937499999634737, 0.2480468749999633904, 0.2490234374999637512, 0.2499999999999640843, 0.3750000000000351941, 0.5000000000001063594, 0.6250000000001775247, 0.6875000000002114975, 0.7187500000002271516, 0.7343750000002350342, 0.7421875000002404743, 0.7460937500002416956, 0.7480468750002408074, 0.7490234375002388090, 0.7500000000002368106, 0.8125000000001014744, 0.8437500000000323075, 0.8593749999999961142, 0.8671874999999780176, 0.8710937499999705791, 0.8730468749999669154, 0.8740234374999650280, 0.8745117187499640288, 0.8749999999999631406, 1.000000000000000000 ),
 .UNSPECIFIED. ) ;
#639 = ORIENTED_EDGE ( 'NONE', *, *, #374, .F. ) ;
#640 = DIRECTION ( 'NONE',  ( -1.000000000000000000, 0.000000000000000000, 0.000000000000000000 ) ) ;
#641 = EDGE_CURVE ( 'NONE', #2278, #1179, #524, .T. ) ;
#642 = EDGE_LOOP ( 'NONE', ( #1051, #213 ) ) ;
#643 = CARTESIAN_POINT ( 'NONE',  ( -80.12148802745527121, -22.99999999999997868, 19.05000000000000071 ) ) ;
#644 = CARTESIAN_POINT ( 'NONE',  ( -80.12148802745527121, -22.99999999999997868, 19.05000000000000071 ) ) ;
#645 = CARTESIAN_POINT ( 'NONE',  ( -151.1856578000044919, -37.61124365362098843, 0.000000000000000000 ) ) ;
#646 = CARTESIAN_POINT ( 'NONE',  ( -34.99999999999996447, -12.50000000000001243, 19.05000000000000071 ) ) ;
#647 = ORIENTED_EDGE ( 'NONE', *, *, #2212, .F. ) ;
#648 = DIRECTION ( 'NONE',  ( -0.000000000000000000, -0.000000000000000000, 1.000000000000000000 ) ) ;
#649 = DIRECTION ( 'NONE',  ( -1.000000000000000000, 0.000000000000000000, 0.000000000000000000 ) ) ;
#650 = CARTESIAN_POINT ( 'NONE',  ( -147.5229707730092343, -38.10000000000002984, 13.01750000002953556 ) ) ;
#651 = CARTESIAN_POINT ( 'NONE',  ( -151.2524303477717922, -37.59628541688979908, 19.05000000000000426 ) ) ;
#652 = ORIENTED_EDGE ( 'NONE', *, *, #1083, .T. ) ;
#653 = CIRCLE ( 'NONE', #1992, 3.299999999999997158 ) ;
#654 = VERTEX_POINT ( 'NONE', #1923 ) ;
#655 = FACE_BOUND ( 'NONE', #2258, .T. ) ;
#656 = CARTESIAN_POINT ( 'NONE',  ( -82.22148802745526552, 23.00000000000002132, 19.05000000000000071 ) ) ;
#657 = DIRECTION ( 'NONE',  ( -0.000000000000000000, -0.000000000000000000, 1.000000000000000000 ) ) ;
#658 = EDGE_CURVE ( 'NONE', #1910, #2397, #1502, .T. ) ;
#659 = CARTESIAN_POINT ( 'NONE',  ( 159.9308756247091878, -26.19345663842014460, -0.000000000000000000 ) ) ;
#660 = ORIENTED_EDGE ( 'NONE', *, *, #30, .T. ) ;
#661 = CARTESIAN_POINT ( 'NONE',  ( -148.1502357750541421, 38.02719004224901056, -0.000000000000000000 ) ) ;
#662 = FACE_OUTER_BOUND ( 'NONE', #283, .T. ) ;
#663 = FACE_OUTER_BOUND ( 'NONE', #1881, .T. ) ;
#664 = CARTESIAN_POINT ( 'NONE',  ( -34.99999999999996447, -12.50000000000001243, 19.05000000000000071 ) ) ;
#665 = ORIENTED_EDGE ( 'NONE', *, *, #88, .T. ) ;
#666 = AXIS2_PLACEMENT_3D ( 'NONE', #2210, #276, #467 ) ;
#667 = EDGE_LOOP ( 'NONE', ( #41, #2519, #984, #534 ) ) ;
#668 = DIRECTION ( 'NONE',  ( -1.000000000000000000, 0.000000000000000000, 0.000000000000000000 ) ) ;
#669 = CARTESIAN_POINT ( 'NONE',  ( 80.12148802745437592, 23.00000000000088107, 19.05000000000000071 ) ) ;
#670 = DIRECTION ( 'NONE',  ( -1.000000000000000000, 0.000000000000000000, 0.000000000000000000 ) ) ;
#671 = EDGE_CURVE ( 'NONE', #1610, #700, #638, .T. ) ;
#672 = EDGE_CURVE ( 'NONE', #2438, #1376, #1606, .T. ) ;
#673 = CIRCLE ( 'NONE', #104, 2.100000000000004530 ) ;
#674 = EDGE_LOOP ( 'NONE', ( #2319, #1239, #64, #1062 ) ) ;
#675 = CARTESIAN_POINT ( 'NONE',  ( -159.5964993823106113, 28.88055086318766840, -0.000000000000000000 ) ) ;
#676 = CARTESIAN_POINT ( 'NONE',  ( 137.4999999999999147, 12.50000000000004263, 19.05000000000000071 ) ) ;
#677 = CARTESIAN_POINT ( 'NONE',  ( -160.0000000000000284, -23.10000000000002984, -0.9524999999999984590 ) ) ;
#678 = VERTEX_POINT ( 'NONE', #1046 ) ;
#679 = EDGE_CURVE ( 'NONE', #152, #944, #838, .T. ) ;
#680 = ORIENTED_EDGE ( 'NONE', *, *, #679, .T. ) ;
#681 = DIRECTION ( 'NONE',  ( -0.000000000000000000, -0.000000000000000000, -1.000000000000000000 ) ) ;
#682 = DIRECTION ( 'NONE',  ( -0.000000000000000000, -0.000000000000000000, 1.000000000000000000 ) ) ;
#683 = CARTESIAN_POINT ( 'NONE',  ( -159.5003626245062378, 29.33436058132438617, 19.05000000000000071 ) ) ;
#684 = ORIENTED_EDGE ( 'NONE', *, *, #691, .F. ) ;
#685 = AXIS2_PLACEMENT_3D ( 'NONE', #2520, #2126, #749 ) ;
#686 = CARTESIAN_POINT ( 'NONE',  ( -151.4680064408856879, 37.54626727998925162, -0.000000000000000000 ) ) ;
#687 = DIRECTION ( 'NONE',  ( -1.000000000000000000, 0.000000000000000000, 0.000000000000000000 ) ) ;
#688 = CARTESIAN_POINT ( 'NONE',  ( 160.0000000000000284, -28.14594154601841680, 6.032500000000001528 ) ) ;
#689 = VERTEX_POINT ( 'NONE', #24 ) ;
#690 = ORIENTED_EDGE ( 'NONE', *, *, #1242, .F. ) ;
#691 = EDGE_CURVE ( 'NONE', #1930, #2192, #1975, .T. ) ;
#692 = VECTOR ( 'NONE', #1827, 1000.000000000000000 ) ;
#693 = DIRECTION ( 'NONE',  ( 0.000000000000000000, 0.000000000000000000, -1.000000000000000000 ) ) ;
#694 = DIRECTION ( 'NONE',  ( -1.000000000000000000, 0.000000000000000000, 0.000000000000000000 ) ) ;
#695 = VERTEX_POINT ( 'NONE', #1238 ) ;
#696 = CARTESIAN_POINT ( 'NONE',  ( -148.1355904124822587, 38.02815315231850946, 0.000000000000000000 ) ) ;
#697 = CIRCLE ( 'NONE', #2122, 3.199999999999994404 ) ;
#698 = CARTESIAN_POINT ( 'NONE',  ( -97.22148802745525131, -22.99999999999998224, 0.000000000000000000 ) ) ;
#699 = FACE_OUTER_BOUND ( 'NONE', #1206, .T. ) ;
#700 = VERTEX_POINT ( 'NONE', #2011 ) ;
#701 = VERTEX_POINT ( 'NONE', #1998 ) ;
#702 = DIRECTION ( 'NONE',  ( -1.000000000000000000, 0.000000000000000000, 0.000000000000000000 ) ) ;
#703 = DIRECTION ( 'NONE',  ( -1.000000000000000000, 0.000000000000000000, 0.000000000000000000 ) ) ;
#704 = EDGE_CURVE ( 'NONE', #987, #1786, #1225, .T. ) ;
#705 = CIRCLE ( 'NONE', #744, 8.000000000000007105 ) ;
#706 = VERTEX_POINT ( 'NONE', #800 ) ;
#707 = EDGE_CURVE ( 'NONE', #581, #1467, #2273, .T. ) ;
#708 = DIRECTION ( 'NONE',  ( 0.000000000000000000, 0.000000000000000000, -1.000000000000000000 ) ) ;
#709 = CARTESIAN_POINT ( 'NONE',  ( 112.5000000000000142, 12.49999999999995559, 19.05000000000000071 ) ) ;
#710 = AXIS2_PLACEMENT_3D ( 'NONE', #790, #1190, #1962 ) ;
#711 = CARTESIAN_POINT ( 'NONE',  ( 160.0000000000000284, -25.62297077300922510, 6.032500000000001528 ) ) ;
#712 = EDGE_LOOP ( 'NONE', ( #1202, #975, #1325, #2001 ) ) ;
#713 = CIRCLE ( 'NONE', #1491, 2.100000000000004530 ) ;
#714 = DIRECTION ( 'NONE',  ( 0.000000000000000000, 0.000000000000000000, -1.000000000000000000 ) ) ;
#715 = EDGE_LOOP ( 'NONE', ( #894, #509 ) ) ;
#716 = DIRECTION ( 'NONE',  ( -0.000000000000000000, -0.000000000000000000, 1.000000000000000000 ) ) ;
#717 = CARTESIAN_POINT ( 'NONE',  ( -145.6745633631297210, 38.10000000000004405, 19.05000000000000426 ) ) ;
#718 = EDGE_CURVE ( 'NONE', #20, #1877, #1673, .T. ) ;
#719 = CIRCLE ( 'NONE', #599, 3.199999999999994404 ) ;
#720 = ORIENTED_EDGE ( 'NONE', *, *, #1435, .T. ) ;
#721 = DIRECTION ( 'NONE',  ( 0.000000000000000000, -1.000000000000000000, 0.000000000000000000 ) ) ;
#722 = EDGE_CURVE ( 'NONE', #1001, #2285, #1829, .T. ) ;
#723 = CARTESIAN_POINT ( 'NONE',  ( 8.499999999999996447, 0.000000000000000000, 19.05000000000000071 ) ) ;
#724 = EDGE_LOOP ( 'NONE', ( #1893, #1884, #1853, #2029 ) ) ;
#725 = CARTESIAN_POINT ( 'NONE',  ( 148.1355904124822587, -38.02815315231850946, 0.000000000000000000 ) ) ;
#726 = EDGE_LOOP ( 'NONE', ( #470, #476, #843, #1608, #1148, #576, #481, #1798 ) ) ;
#727 = AXIS2_PLACEMENT_3D ( 'NONE', #1783, #2189, #954 ) ;
#728 = DIRECTION ( 'NONE',  ( -0.000000000000000000, -0.000000000000000000, -1.000000000000000000 ) ) ;
#729 = CARTESIAN_POINT ( 'NONE',  ( -159.8925710178682493, 26.71786559698660923, 19.04999999999999716 ) ) ;
#730 = ORIENTED_EDGE ( 'NONE', *, *, #1654, .T. ) ;
#731 = CARTESIAN_POINT ( 'NONE',  ( -147.4096270052241380, -38.06553198920432379, -0.000000000000000000 ) ) ;
#732 = CARTESIAN_POINT ( 'NONE',  ( 150.0459415460182981, 38.10000000000002984, 13.01750000002953556 ) ) ;
#733 = CARTESIAN_POINT ( 'NONE',  ( -160.0000000000000284, -38.10000000000002984, 19.05000000000000071 ) ) ;
#734 = LINE ( 'NONE', #2290, #1472 ) ;
#735 = EDGE_LOOP ( 'NONE', ( #1042, #1824, #1191, #1631 ) ) ;
#736 = CYLINDRICAL_SURFACE ( 'NONE', #685, 8.499999999999996447 ) ;
#737 = CYLINDRICAL_SURFACE ( 'NONE', #1081, 3.299999999999997158 ) ;
#738 = CARTESIAN_POINT ( 'NONE',  ( -160.0000000000000284, 28.14594154601841680, 6.032500000000001528 ) ) ;
#739 = EDGE_LOOP ( 'NONE', ( #882, #2274, #652, #2486 ) ) ;
#740 = EDGE_CURVE ( 'NONE', #600, #20, #341, .T. ) ;
#741 = DIRECTION ( 'NONE',  ( 1.000000000000000000, 0.000000000000000000, 0.000000000000000000 ) ) ;
#742 = CARTESIAN_POINT ( 'NONE',  ( 148.6729332973847022, -37.99344633001216209, 19.05000000000000071 ) ) ;
#743 = EDGE_CURVE ( 'NONE', #1541, #748, #1377, .T. ) ;
#744 = AXIS2_PLACEMENT_3D ( 'NONE', #1639, #275, #1433 ) ;
#745 = DIRECTION ( 'NONE',  ( -0.000000000000000000, -0.000000000000000000, 1.000000000000000000 ) ) ;
#746 = CARTESIAN_POINT ( 'NONE',  ( 137.4999999999999147, 12.50000000000004263, 0.000000000000000000 ) ) ;
#747 = CIRCLE ( 'NONE', #2418, 3.299999999999997158 ) ;
#748 = VERTEX_POINT ( 'NONE', #1307 ) ;
#749 = DIRECTION ( 'NONE',  ( 1.000000000000000000, 0.000000000000000000, 0.000000000000000000 ) ) ;
#750 = CARTESIAN_POINT ( 'NONE',  ( 149.0928673241752733, -37.94935861565299717, -0.000000000000000000 ) ) ;
#751 = VERTEX_POINT ( 'NONE', #1343 ) ;
#752 = CARTESIAN_POINT ( 'NONE',  ( 109.2000000000001023, -12.50000000000004619, 19.05000000000000071 ) ) ;
#753 = ADVANCED_FACE ( 'NONE', ( #2517 ), #927, .F. ) ;
#754 = CARTESIAN_POINT ( 'NONE',  ( 150.9888796367056898, -37.65379415039369349, 19.05000000000000426 ) ) ;
#755 = CARTESIAN_POINT ( 'NONE',  ( 112.5000000000000995, -12.50000000000004619, 0.000000000000000000 ) ) ;
#756 = ORIENTED_EDGE ( 'NONE', *, *, #295, .F. ) ;
#757 = DIRECTION ( 'NONE',  ( 1.000000000000000000, 0.000000000000000000, 0.000000000000000000 ) ) ;
#758 = CARTESIAN_POINT ( 'NONE',  ( 148.1502357750541421, -38.02719004224901056, -0.000000000000000000 ) ) ;
#759 = CARTESIAN_POINT ( 'NONE',  ( 95.12148802745437592, 23.00000000000087041, 19.05000000000000071 ) ) ;
#760 = ORIENTED_EDGE ( 'NONE', *, *, #1648, .F. ) ;
#761 = AXIS2_PLACEMENT_3D ( 'NONE', #1205, #1227, #827 ) ;
#762 = EDGE_CURVE ( 'NONE', #1214, #1470, #1147, .T. ) ;
#763 = LINE ( 'NONE', #2326, #2421 ) ;
#764 = CARTESIAN_POINT ( 'NONE',  ( 151.1800763225497803, -37.61247941374384141, 19.05000000000000071 ) ) ;
#765 = AXIS2_PLACEMENT_3D ( 'NONE', #1016, #1005, #1957 ) ;
#766 = DIRECTION ( 'NONE',  ( -0.000000000000000000, -0.000000000000000000, -1.000000000000000000 ) ) ;
#767 = AXIS2_PLACEMENT_3D ( 'NONE', #709, #2253, #133 ) ;
#768 = ORIENTED_EDGE ( 'NONE', *, *, #2080, .T. ) ;
#769 = EDGE_LOOP ( 'NONE', ( #919, #1934 ) ) ;
#770 = CARTESIAN_POINT ( 'NONE',  ( -80.12148802745527121, -22.99999999999997868, 19.05000000000000071 ) ) ;
#771 = CARTESIAN_POINT ( 'NONE',  ( 148.3765667537018942, -38.01138584924400732, -0.000000000000000000 ) ) ;
#772 = CARTESIAN_POINT ( 'NONE',  ( -158.9246212024587521, 33.70660171779825731, 6.032500000000001528 ) ) ;
#773 = ORIENTED_EDGE ( 'NONE', *, *, #1121, .F. ) ;
#774 = EDGE_CURVE ( 'NONE', #2013, #2262, #943, .T. ) ;
#775 = EDGE_CURVE ( 'NONE', #1597, #1541, #734, .T. ) ;
#776 = FACE_OUTER_BOUND ( 'NONE', #2215, .T. ) ;
#777 = CARTESIAN_POINT ( 'NONE',  ( -82.22148802745527973, 23.00000000000002132, 19.05000000000000071 ) ) ;
#778 = ORIENTED_EDGE ( 'NONE', *, *, #1351, .F. ) ;
#779 = ADVANCED_FACE ( 'NONE', ( #1320 ), #2101, .F. ) ;
#780 = VECTOR ( 'NONE', #1585, 1000.000000000000000 ) ;
#781 = CARTESIAN_POINT ( 'NONE',  ( 144.9999999999999716, 38.10000000000002984, 19.05000000000000071 ) ) ;
#782 = ADVANCED_FACE ( 'NONE', ( #250 ), #2199, .F. ) ;
#783 = ORIENTED_EDGE ( 'NONE', *, *, #2399, .F. ) ;
#784 = CYLINDRICAL_SURFACE ( 'NONE', #1040, 3.299999999999997158 ) ;
#785 = CARTESIAN_POINT ( 'NONE',  ( -82.22148802745526552, 23.00000000000002132, 0.000000000000000000 ) ) ;
#786 = CARTESIAN_POINT ( 'NONE',  ( 150.0124869398206897, 37.84060285369729115, 19.05000000000000426 ) ) ;
#787 = CARTESIAN_POINT ( 'NONE',  ( -147.5229707730092343, 38.10000000000002984, 6.032500000000001528 ) ) ;
#788 = ORIENTED_EDGE ( 'NONE', *, *, #167, .T. ) ;
#789 = VECTOR ( 'NONE', #1889, 1000.000000000000000 ) ;
#790 = CARTESIAN_POINT ( 'NONE',  ( -80.12148802745528542, 23.00000000000002132, 19.05000000000000071 ) ) ;
#791 = ORIENTED_EDGE ( 'NONE', *, *, #216, .T. ) ;
#792 = CARTESIAN_POINT ( 'NONE',  ( 78.02148802745436740, 23.00000000000088107, 0.000000000000000000 ) ) ;
#793 = B_SPLINE_CURVE_WITH_KNOTS ( 'NONE', 3,
 ( #1281, #717, #1664, #2046, #1495, #1451, #2227, #2059, #290, #1272, #2272, #527, #1082, #2250, #479, #1291, #1259, #1483, #1301, #2415, #118, #501, #2238, #1653, #1103, #921, #312, #2083, #336, #1113, #1069, #1843, #876, #899, #2427, #683, #1462, #492, #202, #2144, #729, #974, #1154, #165, #1141, #962, #2471, #2336, #1545, #1314, #1178 ),
 .UNSPECIFIED., .F., .F.,
 ( 4, 1, 1, 1, 1, 1, 1, 1, 2, 2, 1, 1, 1, 1, 1, 1, 2, 2, 2, 2, 1, 1, 1, 1, 1, 1, 1, 2, 2, 1, 1, 1, 1, 1, 1, 1, 2, 2, 4 ),
 ( 0.000000000000000000, 0.06250000000001793010, 0.09375000000002857437, 0.1093750000000338757, 0.1171875000000365125, 0.1210937500000355826, 0.1230468750000351663, 0.1240234375000349165, 0.1245117187500347500, 0.1250000000000345834, 0.1874999999999908129, 0.2187499999999672207, 0.2343749999999571176, 0.2421874999999521771, 0.2460937499999514833, 0.2480468749999494571, 0.2490234374999485412, 0.2499999999999476252, 0.3749999999999651945, 0.4999999999999827915, 0.6250000000000003331, 0.6875000000000091038, 0.7187500000000129896, 0.7343750000000145439, 0.7421875000000154321, 0.7460937500000158762, 0.7480468750000160982, 0.7490234375000163203, 0.7500000000000166533, 0.8125000000000109912, 0.8437500000000082157, 0.8593750000000066613, 0.8671875000000058842, 0.8710937500000055511, 0.8730468750000053291, 0.8740234375000053291, 0.8745117187500054401, 0.8750000000000054401, 1.000000000000000000 ),
 .UNSPECIFIED. ) ;
#794 = FACE_BOUND ( 'NONE', #1463, .T. ) ;
#795 = VERTEX_POINT ( 'NONE', #429 ) ;
#796 = CARTESIAN_POINT ( 'NONE',  ( -137.4999999999999716, 12.49999999999995737, 6.735557395310440051E-17 ) ) ;
#797 = CARTESIAN_POINT ( 'NONE',  ( 159.5027850350252265, 29.32357529876199820, 0.000000000000000000 ) ) ;
#798 = ADVANCED_FACE ( 'NONE', ( #1026 ), #819, .F. ) ;
#799 = CARTESIAN_POINT ( 'NONE',  ( -155.6066017177982417, -37.02462120245878197, 6.032500000000001528 ) ) ;
#800 = CARTESIAN_POINT ( 'NONE',  ( -109.2000000000000455, -12.49999999999995737, 6.735557395310440051E-17 ) ) ;
#801 = ORIENTED_EDGE ( 'NONE', *, *, #349, .F. ) ;
#802 = DIRECTION ( 'NONE',  ( -0.000000000000000000, -0.000000000000000000, -1.000000000000000000 ) ) ;
#803 = STYLED_ITEM ( 'NONE', ( #1064 ), #1900 ) ;
#804 = ORIENTED_EDGE ( 'NONE', *, *, #1394, .F. ) ;
#805 = CARTESIAN_POINT ( 'NONE',  ( 160.0000000000000284, -23.10000000000002984, 19.05000000000000071 ) ) ;
#806 = CARTESIAN_POINT ( 'NONE',  ( -159.3852538959957599, -29.81644024585647301, -0.000000000000000000 ) ) ;
#807 = FACE_BOUND ( 'NONE', #1818, .T. ) ;
#808 = CARTESIAN_POINT ( 'NONE',  ( -95.12148802745527121, -22.99999999999998224, 19.05000000000000071 ) ) ;
#809 = CARTESIAN_POINT ( 'NONE',  ( 159.9271900422485828, 26.25023577505454497, -0.000000000000000000 ) ) ;
#810 = AXIS2_PLACEMENT_3D ( 'NONE', #2491, #42, #1498 ) ;
#811 = CARTESIAN_POINT ( 'NONE',  ( -158.9246212024587521, -33.70660171779825731, 13.01750000002953556 ) ) ;
#812 = CARTESIAN_POINT ( 'NONE',  ( -148.3765667536936235, -38.01138584924608921, 19.04999999999999716 ) ) ;
#813 = ORIENTED_EDGE ( 'NONE', *, *, #1839, .T. ) ;
#814 = CARTESIAN_POINT ( 'NONE',  ( -145.0000000000000568, 38.10000000000002984, 0.000000000000000000 ) ) ;
#815 = ORIENTED_EDGE ( 'NONE', *, *, #2345, .T. ) ;
#816 = AXIS2_PLACEMENT_3D ( 'NONE', #1940, #1752, #6 ) ;
#817 = DIRECTION ( 'NONE',  ( -1.000000000000000000, 0.000000000000000000, 0.000000000000000000 ) ) ;
#818 = CARTESIAN_POINT ( 'NONE',  ( -159.5027850350251128, -29.32357529876221491, 0.000000000000000000 ) ) ;
#819 = CYLINDRICAL_SURFACE ( 'NONE', #1271, 3.299999999999997158 ) ;
#820 = CARTESIAN_POINT ( 'NONE',  ( 80.12148802745433329, -22.99999999999911893, 19.05000000000000071 ) ) ;
#821 = CARTESIAN_POINT ( 'NONE',  ( 157.3711361573334102, 34.14139369443041971, -0.000000000000000000 ) ) ;
#822 = ADVANCED_FACE ( 'NONE', ( #2005 ), #1233, .F. ) ;
#823 = CARTESIAN_POINT ( 'NONE',  ( 153.1376602166097882, 37.05911393794598752, 19.05000000000000071 ) ) ;
#824 = CARTESIAN_POINT ( 'NONE',  ( -148.6178655970454088, -37.99257101785114088, 19.04999999999999716 ) ) ;
#825 = ORIENTED_EDGE ( 'NONE', *, *, #1542, .T. ) ;
#826 = CIRCLE ( 'NONE', #2132, 3.199999999999994404 ) ;
#827 = DIRECTION ( 'NONE',  ( -1.000000000000000000, 0.000000000000000000, 0.000000000000000000 ) ) ;
#828 = ORIENTED_EDGE ( 'NONE', *, *, #405, .T. ) ;
#829 = PLANE ( 'NONE',  #2479 ) ;
#830 = VECTOR ( 'NONE', #2130, 1000.000000000000000 ) ;
#831 = DIRECTION ( 'NONE',  ( -0.000000000000000000, -0.000000000000000000, -1.000000000000000000 ) ) ;
#832 = CARTESIAN_POINT ( 'NONE',  ( -151.0921007680144044, -37.63174612401196839, -0.000000000000000000 ) ) ;
#833 = FACE_BOUND ( 'NONE', #1757, .T. ) ;
#834 = EDGE_LOOP ( 'NONE', ( #2269, #1826, #2458, #446 ) ) ;
#835 = DIRECTION ( 'NONE',  ( 1.000000000000000000, 0.000000000000000000, 0.000000000000000000 ) ) ;
#836 = CARTESIAN_POINT ( 'NONE',  ( 151.1654427389746331, 37.61571191875164288, -0.000000000000000000 ) ) ;
#837 = DIRECTION ( 'NONE',  ( -0.000000000000000000, -0.000000000000000000, 1.000000000000000000 ) ) ;
#838 = LINE ( 'NONE', #1428, #934 ) ;
#839 = ORIENTED_EDGE ( 'NONE', *, *, #2282, .F. ) ;
#840 = VECTOR ( 'NONE', #980, 1000.000000000000000 ) ;
#841 = AXIS2_PLACEMENT_3D ( 'NONE', #2327, #1509, #2503 ) ;
#842 = SURFACE_SIDE_STYLE ('',( #66 ) ) ;
#843 = ORIENTED_EDGE ( 'NONE', *, *, #48, .T. ) ;
#844 = EDGE_CURVE ( 'NONE', #701, #1811, #73, .T. ) ;
#845 = FACE_BOUND ( 'NONE', #1951, .T. ) ;
#846 = DIRECTION ( 'NONE',  ( -0.000000000000000000, -0.000000000000000000, 1.000000000000000000 ) ) ;
#847 = CARTESIAN_POINT ( 'NONE',  ( -159.9271900422491512, -26.25023577505407602, -0.000000000000000000 ) ) ;
#848 = CARTESIAN_POINT ( 'NONE',  ( 159.9299635774238766, -26.20770716266552469, -0.000000000000000000 ) ) ;
#849 = ORIENTED_EDGE ( 'NONE', *, *, #388, .T. ) ;
#850 = CYLINDRICAL_SURFACE ( 'NONE', #99, 8.000000000000007105 ) ;
#851 = VECTOR ( 'NONE', #2177, 1000.000000000000000 ) ;
#852 = DIRECTION ( 'NONE',  ( -0.000000000000000000, -0.000000000000000000, -1.000000000000000000 ) ) ;
#853 = CARTESIAN_POINT ( 'NONE',  ( 160.0000000000000284, -25.62297077300922510, 20.00250000000000128 ) ) ;
#854 = CARTESIAN_POINT ( 'NONE',  ( -151.3425505587692612, -37.57570147816019102, 19.05000000000000426 ) ) ;
#855 = ORIENTED_EDGE ( 'NONE', *, *, #883, .F. ) ;
#856 = FILL_AREA_STYLE ('',( #1404 ) ) ;
#857 = ORIENTED_EDGE ( 'NONE', *, *, #722, .F. ) ;
#858 = EDGE_CURVE ( 'NONE', #1467, #581, #697, .T. ) ;
#859 = EDGE_CURVE ( 'NONE', #1216, #706, #401, .T. ) ;
#860 = CARTESIAN_POINT ( 'NONE',  ( -34.99999999999996447, -12.50000000000001243, 0.000000000000000000 ) ) ;
#861 = CARTESIAN_POINT ( 'NONE',  ( 31.80000000000005045, -12.49999999999997691, 0.000000000000000000 ) ) ;
#862 = CARTESIAN_POINT ( 'NONE',  ( 134.1999999999999602, -12.49999999999995914, 19.05000000000000071 ) ) ;
#863 = ORIENTED_EDGE ( 'NONE', *, *, #460, .F. ) ;
#864 = CARTESIAN_POINT ( 'NONE',  ( -159.5124794137426534, 29.28007632255618731, -0.000000000000000000 ) ) ;
#865 = DIRECTION ( 'NONE',  ( -1.000000000000000000, 0.000000000000000000, 0.000000000000000000 ) ) ;
#866 = EDGE_CURVE ( 'NONE', #1803, #2305, #163, .T. ) ;
#867 = CARTESIAN_POINT ( 'NONE',  ( 155.6066017177982417, -37.02462120245878197, 13.01749999999318597 ) ) ;
#868 = ORIENTED_EDGE ( 'NONE', *, *, #1123, .F. ) ;
#869 = AXIS2_PLACEMENT_3D ( 'NONE', #1870, #122, #1679 ) ;
#870 = EDGE_LOOP ( 'NONE', ( #207, #1282 ) ) ;
#871 = VECTOR ( 'NONE', #194, 1000.000000000000000 ) ;
#872 = FACE_BOUND ( 'NONE', #1963, .T. ) ;
#873 =( GEOMETRIC_REPRESENTATION_CONTEXT ( 3 ) GLOBAL_UNCERTAINTY_ASSIGNED_CONTEXT ( ( #1587 ) ) GLOBAL_UNIT_ASSIGNED_CONTEXT ( ( #1507, #141, #525 ) ) REPRESENTATION_CONTEXT ( 'NONE', 'WORKASPACE' ) );
#874 = DIRECTION ( 'NONE',  ( -1.000000000000000000, 0.000000000000000000, 0.000000000000000000 ) ) ;
#875 = VECTOR ( 'NONE', #1342, 1000.000000000000000 ) ;
#876 = CARTESIAN_POINT ( 'NONE',  ( -159.4757014781584417, 29.44255055877092886, 19.04999999999999716 ) ) ;
#877 = CIRCLE ( 'NONE', #587, 2.100000000000004530 ) ;
#878 = EDGE_LOOP ( 'NONE', ( #2499, #1437, #1695, #519 ) ) ;
#879 = CARTESIAN_POINT ( 'NONE',  ( -159.5317461240050818, 29.19210076804864329, -0.000000000000000000 ) ) ;
#880 = DIRECTION ( 'NONE',  ( 1.000000000000000000, 0.000000000000000000, 0.000000000000000000 ) ) ;
#881 = CARTESIAN_POINT ( 'NONE',  ( 150.0459415460184402, -38.10000000000002984, 20.00250000000000128 ) ) ;
#882 = ORIENTED_EDGE ( 'NONE', *, *, #88, .F. ) ;
#883 = EDGE_CURVE ( 'NONE', #2523, #2412, #593, .T. ) ;
#884 = CARTESIAN_POINT ( 'NONE',  ( 160.0000000000000284, 23.10000000000003340, 12.69999999999836504 ) ) ;
#885 = ORIENTED_EDGE ( 'NONE', *, *, #38, .T. ) ;
#886 = CARTESIAN_POINT ( 'NONE',  ( -88.00000000000002842, 1.096736623705021589E-12, 19.05000000000000071 ) ) ;
#887 = FACE_OUTER_BOUND ( 'NONE', #1555, .T. ) ;
#888 = ORIENTED_EDGE ( 'NONE', *, *, #1705, .T. ) ;
#889 = AXIS2_PLACEMENT_3D ( 'NONE', #1549, #1149, #1514 ) ;
#890 = CARTESIAN_POINT ( 'NONE',  ( -154.8475992204794522, 36.33076824941076666, -0.000000000000000000 ) ) ;
#891 = CARTESIAN_POINT ( 'NONE',  ( -115.8000000000000682, 12.50000000000004441, 19.05000000000000071 ) ) ;
#892 = CARTESIAN_POINT ( 'NONE',  ( -160.0000000000000284, -25.62297077300922510, 20.00249999999999773 ) ) ;
#893 = ADVANCED_FACE ( 'NONE', ( #1015, #1981, #1817, #58, #32, #807, #1368, #1409, #1183, #1195, #206, #2183, #45, #833, #1615, #19, #237, #992, #1765, #2390, #794, #1790, #1572, #2353 ), #607, .F. ) ;
#894 = ORIENTED_EDGE ( 'NONE', *, *, #2097, .T. ) ;
#895 = ORIENTED_EDGE ( 'NONE', *, *, #2313, .F. ) ;
#896 = VECTOR ( 'NONE', #1598, 1000.000000000000000 ) ;
#897 = DIRECTION ( 'NONE',  ( -0.000000000000000000, -0.000000000000000000, -1.000000000000000000 ) ) ;
#898 = EDGE_CURVE ( 'NONE', #1376, #20, #369, .T. ) ;
#899 = CARTESIAN_POINT ( 'NONE',  ( -159.4901504537883454, 29.37951287280776569, 19.05000000000000426 ) ) ;
#900 = EDGE_LOOP ( 'NONE', ( #923, #2178 ) ) ;
#901 = CARTESIAN_POINT ( 'NONE',  ( -151.2235752987623414, 37.60278503502516401, 0.000000000000000000 ) ) ;
#902 = CARTESIAN_POINT ( 'NONE',  ( -34.99999999999996447, -12.50000000000001243, 19.05000000000000071 ) ) ;
#903 = CARTESIAN_POINT ( 'NONE',  ( -109.2000000000000739, 12.50000000000004441, 6.735557395310440051E-17 ) ) ;
#904 = EDGE_LOOP ( 'NONE', ( #175, #626, #325, #1099 ) ) ;
#905 = CARTESIAN_POINT ( 'NONE',  ( 160.0000000000000284, -23.10000000000002984, 19.05000000000000071 ) ) ;
#906 = ORIENTED_EDGE ( 'NONE', *, *, #413, .T. ) ;
#907 = CARTESIAN_POINT ( 'NONE',  ( 140.7999999999999545, -12.49999999999995914, 0.000000000000000000 ) ) ;
#908 = DIRECTION ( 'NONE',  ( -1.000000000000000000, 0.000000000000000000, 0.000000000000000000 ) ) ;
#909 = B_SPLINE_SURFACE_WITH_KNOTS ( 'NONE', 5, 3, ( 
 ( #1621, #1974, #432, #1007 ),
 ( #1794, #650, #1200, #35 ),
 ( #2203, #1187, #49, #1237 ),
 ( #267, #1959, #799, #2357 ),
 ( #612, #811, #1087, #2024 ),
 ( #2039, #124, #1477, #484 ),
 ( #892, #2431, #1455, #1061 ),
 ( #1848, #2218, #473, #677 ) ),
 .UNSPECIFIED., .F., .F., .F.,
 ( 6, 2, 6 ),
 ( 4, 4 ),
 ( 0.000000000000000000, 0.5000000000000000000, 1.000000000000000000 ),
 ( -0.0009525000000000001131, 0.02000249999999999945 ),
 .UNSPECIFIED. ) ;
#910 = EDGE_CURVE ( 'NONE', #331, #608, #1591, .T. ) ;
#911 = AXIS2_PLACEMENT_3D ( 'NONE', #1126, #728, #702 ) ;
#912 = ORIENTED_EDGE ( 'NONE', *, *, #2259, .T. ) ;
#913 = DIRECTION ( 'NONE',  ( -1.000000000000000000, 0.000000000000000000, 0.000000000000000000 ) ) ;
#914 = CARTESIAN_POINT ( 'NONE',  ( -160.0000000000000284, 38.10000000000002984, 0.000000000000000000 ) ) ;
#915 = CIRCLE ( 'NONE', #1607, 3.299999999999997158 ) ;
#916 = FACE_OUTER_BOUND ( 'NONE', #1735, .T. ) ;
#917 = ORIENTED_EDGE ( 'NONE', *, *, #1840, .F. ) ;
#918 = CARTESIAN_POINT ( 'NONE',  ( 159.9200954225231044, -26.35496783705151813, 19.04999999999999716 ) ) ;
#919 = ORIENTED_EDGE ( 'NONE', *, *, #517, .F. ) ;
#920 = CARTESIAN_POINT ( 'NONE',  ( -137.4999999999998863, -12.50000000000004441, 19.05000000000000071 ) ) ;
#921 = CARTESIAN_POINT ( 'NONE',  ( -156.0157726676659422, 35.49145963392415837, 19.04999999999999716 ) ) ;
#922 = CIRCLE ( 'NONE', #963, 2.100000000000004530 ) ;
#923 = ORIENTED_EDGE ( 'NONE', *, *, #480, .F. ) ;
#924 = CARTESIAN_POINT ( 'NONE',  ( 159.9999999999999432, 25.62297077300922510, 13.01750000002953556 ) ) ;
#925 = CARTESIAN_POINT ( 'NONE',  ( 137.4999999999999147, 12.50000000000004263, 6.735557395310440051E-17 ) ) ;
#926 = VECTOR ( 'NONE', #1657, 1000.000000000000000 ) ;
#927 = CYLINDRICAL_SURFACE ( 'NONE', #618, 2.100000000000004530 ) ;
#928 = ORIENTED_EDGE ( 'NONE', *, *, #929, .T. ) ;
#929 = EDGE_CURVE ( 'NONE', #318, #2141, #1523, .T. ) ;
#930 = CARTESIAN_POINT ( 'NONE',  ( 134.1999999999999318, 12.50000000000004263, 19.05000000000000071 ) ) ;
#931 = CARTESIAN_POINT ( 'NONE',  ( 151.3425505587714781, -37.57570147815987127, -0.000000000000000000 ) ) ;
#932 = CARTESIAN_POINT ( 'NONE',  ( -160.0000000000000284, 28.14594154601842035, -0.9524999999999984590 ) ) ;
#933 = ORIENTED_EDGE ( 'NONE', *, *, #1942, .T. ) ;
#934 = VECTOR ( 'NONE', #1389, 1000.000000000000000 ) ;
#935 = B_SPLINE_CURVE_WITH_KNOTS ( 'NONE', 3,
 ( #1774, #1520, #1349, #2311 ),
 .UNSPECIFIED., .F., .F.,
 ( 4, 4 ),
 ( 0.000000000000000000, 1.000000000000000000 ),
 .UNSPECIFIED. ) ;
#936 = CARTESIAN_POINT ( 'NONE',  ( -31.79999999999996874, -12.50000000000001243, 19.05000000000000071 ) ) ;
#937 = ADVANCED_FACE ( 'NONE', ( #2484 ), #737, .F. ) ;
#938 = CARTESIAN_POINT ( 'NONE',  ( 148.0733928417710104, -38.03214396844102652, 19.04999999999999716 ) ) ;
#939 = AXIS2_PLACEMENT_3D ( 'NONE', #464, #2016, #273 ) ;
#940 = LINE ( 'NONE', #2263, #1519 ) ;
#941 = DIRECTION ( 'NONE',  ( -0.000000000000000000, -0.000000000000000000, 1.000000000000000000 ) ) ;
#942 = CARTESIAN_POINT ( 'NONE',  ( 0.000000000000000000, 0.000000000000000000, 19.05000000000000071 ) ) ;
#943 = CIRCLE ( 'NONE', #816, 2.099999999999990763 ) ;
#944 = VERTEX_POINT ( 'NONE', #2332 ) ;
#945 = CARTESIAN_POINT ( 'NONE',  ( 144.9999999999999716, 38.10000000000002984, 0.000000000000000000 ) ) ;
#946 = EDGE_CURVE ( 'NONE', #1115, #1288, #2073, .T. ) ;
#947 = CARTESIAN_POINT ( 'NONE',  ( 153.1376602167153180, -37.05911393791608788, -0.000000000000000000 ) ) ;
#948 = CARTESIAN_POINT ( 'NONE',  ( -155.6066017177982417, 37.02462120245878197, -0.9524999999999984590 ) ) ;
#949 = ORIENTED_EDGE ( 'NONE', *, *, #762, .T. ) ;
#950 = PLANE ( 'NONE',  #468 ) ;
#951 = CARTESIAN_POINT ( 'NONE',  ( -137.4999999999998863, -12.50000000000004441, 6.735557395310440051E-17 ) ) ;
#952 = AXIS2_PLACEMENT_3D ( 'NONE', #925, #1706, #2478 ) ;
#953 = CARTESIAN_POINT ( 'NONE',  ( 160.0000000000000284, 23.10000000000002984, 19.05000000000000071 ) ) ;
#954 = DIRECTION ( 'NONE',  ( -1.000000000000000000, 0.000000000000000000, 0.000000000000000000 ) ) ;
#955 = ORIENTED_EDGE ( 'NONE', *, *, #844, .T. ) ;
#956 = CARTESIAN_POINT ( 'NONE',  ( 72.00000000000002842, 9.030359249472576713E-13, 19.05000000000000071 ) ) ;
#957 = CARTESIAN_POINT ( 'NONE',  ( -137.4999999999999716, 12.49999999999995737, 0.000000000000000000 ) ) ;
#958 = CARTESIAN_POINT ( 'NONE',  ( -159.8934463299974880, -26.77293329750320439, 19.05000000000000426 ) ) ;
#959 = VERTEX_POINT ( 'NONE', #241 ) ;
#960 = EDGE_CURVE ( 'NONE', #1803, #689, #1031, .T. ) ;
#961 = CARTESIAN_POINT ( 'NONE',  ( -160.0000000000000284, -23.10000000000002984, 0.000000000000000000 ) ) ;
#962 = CARTESIAN_POINT ( 'NONE',  ( -159.9271900422498618, 26.25023577505107397, 19.04999999999999716 ) ) ;
#963 = AXIS2_PLACEMENT_3D ( 'NONE', #109, #302, #694 ) ;
#964 = DIRECTION ( 'NONE',  ( 1.000000000000000000, 0.000000000000000000, 0.000000000000000000 ) ) ;
#965 = ORIENTED_EDGE ( 'NONE', *, *, #2047, .F. ) ;
#966 = DIRECTION ( 'NONE',  ( -0.000000000000000000, -0.000000000000000000, 1.000000000000000000 ) ) ;
#967 = EDGE_CURVE ( 'NONE', #67, #1090, #1808, .T. ) ;
#968 = CARTESIAN_POINT ( 'NONE',  ( 159.9303288260422278, 26.20201265360200438, 19.04999999999999716 ) ) ;
#969 = CARTESIAN_POINT ( 'NONE',  ( -160.0000000000000284, 28.14594154601842035, 20.00250000000000128 ) ) ;
#970 = VERTEX_POINT ( 'NONE', #2165 ) ;
#971 = AXIS2_PLACEMENT_3D ( 'NONE', #1911, #160, #1160 ) ;
#972 = EDGE_CURVE ( 'NONE', #2285, #366, #407, .T. ) ;
#973 = DIRECTION ( 'NONE',  ( 1.000000000000000000, 0.000000000000000000, 0.000000000000000000 ) ) ;
#974 = CARTESIAN_POINT ( 'NONE',  ( -159.9113858492552822, 26.47656675366214785, 19.05000000000000071 ) ) ;
#975 = ORIENTED_EDGE ( 'NONE', *, *, #2009, .T. ) ;
#976 = ADVANCED_FACE ( 'NONE', ( #1427 ), #909, .T. ) ;
#977 = DIRECTION ( 'NONE',  ( -0.000000000000000000, -0.000000000000000000, 1.000000000000000000 ) ) ;
#978 = CIRCLE ( 'NONE', #810, 2.100000000000004530 ) ;
#979 = EDGE_LOOP ( 'NONE', ( #231, #2382 ) ) ;
#980 = DIRECTION ( 'NONE',  ( 0.000000000000000000, -1.000000000000000000, 0.000000000000000000 ) ) ;
#981 = FACE_OUTER_BOUND ( 'NONE', #1104, .T. ) ;
#982 = CARTESIAN_POINT ( 'NONE',  ( 152.2033960188168180, -37.35464717742865304, -0.000000000000000000 ) ) ;
#983 = DIRECTION ( 'NONE',  ( -1.000000000000000000, 0.000000000000000000, 0.000000000000000000 ) ) ;
#984 = ORIENTED_EDGE ( 'NONE', *, *, #2508, .T. ) ;
#985 = EDGE_CURVE ( 'NONE', #1248, #2416, #15, .T. ) ;
#986 = CARTESIAN_POINT ( 'NONE',  ( -38.19999999999995310, -12.50000000000001243, 19.05000000000000071 ) ) ;
#987 = VERTEX_POINT ( 'NONE', #1836 ) ;
#988 = CARTESIAN_POINT ( 'NONE',  ( 159.9999999999999432, 23.10000000000002984, -0.9524999999999984590 ) ) ;
#989 = ADVANCED_FACE ( 'NONE', ( #663 ), #2090, .T. ) ;
#990 = AXIS2_PLACEMENT_3D ( 'NONE', #495, #1274, #2049 ) ;
#991 = DIRECTION ( 'NONE',  ( -0.000000000000000000, -0.000000000000000000, 1.000000000000000000 ) ) ;
#992 = FACE_BOUND ( 'NONE', #1947, .T. ) ;
#993 = CARTESIAN_POINT ( 'NONE',  ( -80.12148802745528542, 23.00000000000002132, 19.05000000000000071 ) ) ;
#994 = CARTESIAN_POINT ( 'NONE',  ( 150.7805508630048337, 37.69649938233815334, -0.000000000000000000 ) ) ;
#995 = CIRCLE ( 'NONE', #548, 2.099999999999990763 ) ;
#996 = CARTESIAN_POINT ( 'NONE',  ( 148.1502357750509873, 38.02719004224965715, 19.05000000000000782 ) ) ;
#997 = CARTESIAN_POINT ( 'NONE',  ( -151.2235752987626256, -37.60278503502510006, 19.05000000000000071 ) ) ;
#998 = ORIENTED_EDGE ( 'NONE', *, *, #1242, .T. ) ;
#999 = VECTOR ( 'NONE', #1812, 1000.000000000000000 ) ;
#1000 = CARTESIAN_POINT ( 'NONE',  ( 112.5000000000000995, -12.50000000000004619, 6.735557395310440051E-17 ) ) ;
#1001 = VERTEX_POINT ( 'NONE', #307 ) ;
#1002 = DIRECTION ( 'NONE',  ( 0.000000000000000000, 0.000000000000000000, 1.000000000000000000 ) ) ;
#1003 = CARTESIAN_POINT ( 'NONE',  ( -150.3563472713959754, -37.77634656295421678, -0.000000000000000000 ) ) ;
#1004 = DIRECTION ( 'NONE',  ( -0.000000000000000000, -0.000000000000000000, 1.000000000000000000 ) ) ;
#1005 = DIRECTION ( 'NONE',  ( -0.000000000000000000, -0.000000000000000000, 1.000000000000000000 ) ) ;
#1006 = DIRECTION ( 'NONE',  ( 1.000000000000000000, 0.000000000000000000, 0.000000000000000000 ) ) ;
#1007 = CARTESIAN_POINT ( 'NONE',  ( -145.0000000000000568, -38.10000000000002984, -0.9524999999999984590 ) ) ;
#1008 = CARTESIAN_POINT ( 'NONE',  ( -156.0413936944856914, -35.47113615730013692, 19.05000000000000071 ) ) ;
#1009 = EDGE_LOOP ( 'NONE', ( #813, #1297, #1665, #1898 ) ) ;
#1010 = DIRECTION ( 'NONE',  ( -0.000000000000000000, -0.000000000000000000, 1.000000000000000000 ) ) ;
#1011 = AXIS2_PLACEMENT_3D ( 'NONE', #2050, #1060, #1097 ) ;
#1012 = ORIENTED_EDGE ( 'NONE', *, *, #1942, .F. ) ;
#1013 = DIRECTION ( 'NONE',  ( 0.000000000000000000, 0.000000000000000000, -1.000000000000000000 ) ) ;
#1014 = CARTESIAN_POINT ( 'NONE',  ( -35.00000000000004263, 12.49999999999998934, 19.05000000000000071 ) ) ;
#1015 = FACE_BOUND ( 'NONE', #1702, .T. ) ;
#1016 = CARTESIAN_POINT ( 'NONE',  ( 80.00000000000002842, 9.020562075079396891E-13, -0.05000000000037613246 ) ) ;
#1017 = CARTESIAN_POINT ( 'NONE',  ( 147.9502167486524229, 38.03954347574532591, -0.000000000000000000 ) ) ;
#1018 = AXIS2_PLACEMENT_3D ( 'NONE', #412, #2276, #398 ) ;
#1019 = CARTESIAN_POINT ( 'NONE',  ( 148.1939310050089205, 38.02427574854990411, 19.05000000000000071 ) ) ;
#1020 = CARTESIAN_POINT ( 'NONE',  ( -148.1633532455579427, -38.02632229641163519, 19.05000000000000782 ) ) ;
#1021 = ORIENTED_EDGE ( 'NONE', *, *, #256, .T. ) ;
#1022 =( NAMED_UNIT ( * ) SI_UNIT ( $, .STERADIAN. ) SOLID_ANGLE_UNIT ( ) );
#1023 = ORIENTED_EDGE ( 'NONE', *, *, #126, .F. ) ;
#1024 = FACE_BOUND ( 'NONE', #454, .T. ) ;
#1025 = DIRECTION ( 'NONE',  ( -1.000000000000000000, 0.000000000000000000, 0.000000000000000000 ) ) ;
#1026 = FACE_OUTER_BOUND ( 'NONE', #878, .T. ) ;
#1027 = VERTEX_POINT ( 'NONE', #903 ) ;
#1028 = CYLINDRICAL_SURFACE ( 'NONE', #765, 8.000000000000007105 ) ;
#1029 = CARTESIAN_POINT ( 'NONE',  ( 160.0000000000000284, 23.10000000000002984, 0.000000000000000000 ) ) ;
#1030 = EDGE_CURVE ( 'NONE', #2074, #2056, #1851, .T. ) ;
#1031 = LINE ( 'NONE', #2154, #2501 ) ;
#1032 = CARTESIAN_POINT ( 'NONE',  ( -149.0928673241490685, -37.94935861565974022, 19.04999999999999716 ) ) ;
#1033 = EDGE_LOOP ( 'NONE', ( #403, #1479 ) ) ;
#1034 = CARTESIAN_POINT ( 'NONE',  ( -145.0000000000000568, 38.10000000000002984, 6.350000000000002309 ) ) ;
#1035 = ORIENTED_EDGE ( 'NONE', *, *, #2080, .F. ) ;
#1036 = DIRECTION ( 'NONE',  ( -0.000000000000000000, -0.000000000000000000, 1.000000000000000000 ) ) ;
#1037 = CIRCLE ( 'NONE', #2457, 8.000000000000007105 ) ;
#1038 = CARTESIAN_POINT ( 'NONE',  ( 97.22148802745437024, 23.00000000000087041, 19.05000000000000071 ) ) ;
#1039 = CARTESIAN_POINT ( 'NONE',  ( -148.6729332974350370, -37.99344633000791305, 0.000000000000000000 ) ) ;
#1040 = AXIS2_PLACEMENT_3D ( 'NONE', #2378, #1370, #416 ) ;
#1041 = CARTESIAN_POINT ( 'NONE',  ( 38.20000000000003837, -12.49999999999997691, 19.05000000000000071 ) ) ;
#1042 = ORIENTED_EDGE ( 'NONE', *, *, #866, .T. ) ;
#1043 = DIRECTION ( 'NONE',  ( -0.000000000000000000, -0.000000000000000000, 1.000000000000000000 ) ) ;
#1044 = CARTESIAN_POINT ( 'NONE',  ( 148.0733928417729146, 38.03214396844103362, -0.000000000000000000 ) ) ;
#1045 = CARTESIAN_POINT ( 'NONE',  ( 152.2033960187550576, 37.35464717744608976, 19.04999999999999716 ) ) ;
#1046 = CARTESIAN_POINT ( 'NONE',  ( -93.02148802745527689, 23.00000000000001776, 0.000000000000000000 ) ) ;
#1047 = ADVANCED_FACE ( 'NONE', ( #699 ), #2265, .F. ) ;
#1048 = ORIENTED_EDGE ( 'NONE', *, *, #240, .F. ) ;
#1049 = AXIS2_PLACEMENT_3D ( 'NONE', #951, #1327, #1 ) ;
#1050 = CYLINDRICAL_SURFACE ( 'NONE', #761, 3.299999999999997158 ) ;
#1051 = ORIENTED_EDGE ( 'NONE', *, *, #910, .F. ) ;
#1052 = CARTESIAN_POINT ( 'NONE',  ( 38.19999999999995310, 12.50000000000002487, 0.000000000000000000 ) ) ;
#1053 = LINE ( 'NONE', #5, #1965 ) ;
#1054 = CARTESIAN_POINT ( 'NONE',  ( -159.4962854168894069, -29.35243034777181137, -0.000000000000000000 ) ) ;
#1055 = ADVANCED_FACE ( 'NONE', ( #518 ), #508, .F. ) ;
#1056 = CARTESIAN_POINT ( 'NONE',  ( 159.9321439684409256, -26.17339284179509562, -0.000000000000000000 ) ) ;
#1057 = ORIENTED_EDGE ( 'NONE', *, *, #2097, .F. ) ;
#1058 = CARTESIAN_POINT ( 'NONE',  ( -159.2520616359120140, 30.45120663276247797, -0.000000000000000000 ) ) ;
#1059 = AXIS2_PLACEMENT_3D ( 'NONE', #759, #1174, #2140 ) ;
#1060 = DIRECTION ( 'NONE',  ( -0.000000000000000000, -0.000000000000000000, 1.000000000000000000 ) ) ;
#1061 = CARTESIAN_POINT ( 'NONE',  ( -160.0000000000000284, -25.62297077300922510, -0.9524999999999984590 ) ) ;
#1062 = ORIENTED_EDGE ( 'NONE', *, *, #1500, .F. ) ;
#1063 = AXIS2_PLACEMENT_3D ( 'NONE', #437, #631, #1448 ) ;
#1064 = PRESENTATION_STYLE_ASSIGNMENT (( #2179 ) ) ;
#1065 = ORIENTED_EDGE ( 'NONE', *, *, #1176, .F. ) ;
#1066 = FACE_BOUND ( 'NONE', #2309, .T. ) ;
#1067 = DIRECTION ( 'NONE',  ( -0.000000000000000000, -0.000000000000000000, -1.000000000000000000 ) ) ;
#1068 = AXIS2_PLACEMENT_3D ( 'NONE', #353, #1134, #1209 ) ;
#1069 = CARTESIAN_POINT ( 'NONE',  ( -159.3852538959943388, 29.81644024586160668, 19.05000000000000071 ) ) ;
#1070 = ADVANCED_FACE ( 'NONE', ( #169 ), #1526, .F. ) ;
#1071 = VERTEX_POINT ( 'NONE', #1306 ) ;
#1072 = CARTESIAN_POINT ( 'NONE',  ( -151.7164402458633106, 37.48525389599986823, -0.000000000000000000 ) ) ;
#1073 = CYLINDRICAL_SURFACE ( 'NONE', #448, 3.199999999999994404 ) ;
#1074 = CARTESIAN_POINT ( 'NONE',  ( 160.0000000000000284, -23.10000000000002984, -0.9524999999999984590 ) ) ;
#1075 = VERTEX_POINT ( 'NONE', #723 ) ;
#1076 = DIRECTION ( 'NONE',  ( -0.000000000000000000, 0.000000000000000000, -1.000000000000000000 ) ) ;
#1077 = VERTEX_POINT ( 'NONE', #352 ) ;
#1078 = CIRCLE ( 'NONE', #259, 3.199999999999994404 ) ;
#1079 = DIRECTION ( 'NONE',  ( 0.000000000000000000, 0.000000000000000000, -1.000000000000000000 ) ) ;
#1080 = CARTESIAN_POINT ( 'NONE',  ( 93.02148802745432477, -22.99999999999912959, 19.05000000000000071 ) ) ;
#1081 = AXIS2_PLACEMENT_3D ( 'NONE', #957, #1723, #1550 ) ;
#1082 = CARTESIAN_POINT ( 'NONE',  ( -148.6729332973847022, 37.99344633001216209, 19.05000000000000071 ) ) ;
#1083 = EDGE_CURVE ( 'NONE', #2397, #1075, #1730, .T. ) ;
#1084 = ORIENTED_EDGE ( 'NONE', *, *, #579, .F. ) ;
#1085 = CARTESIAN_POINT ( 'NONE',  ( -157.3914596339202205, 34.11577266765215910, 0.000000000000000000 ) ) ;
#1086 = CYLINDRICAL_SURFACE ( 'NONE', #200, 3.199999999999994404 ) ;
#1087 = CARTESIAN_POINT ( 'NONE',  ( -158.9246212024587521, -33.70660171779825731, 6.032500000000001528 ) ) ;
#1088 = VERTEX_POINT ( 'NONE', #1919 ) ;
#1089 = CARTESIAN_POINT ( 'NONE',  ( 159.9761132558357986, -25.50198682294852404, 19.05000000000000426 ) ) ;
#1090 = VERTEX_POINT ( 'NONE', #134 ) ;
#1091 = FACE_OUTER_BOUND ( 'NONE', #354, .T. ) ;
#1092 = CARTESIAN_POINT ( 'NONE',  ( -80.12148802745527121, -22.99999999999997868, 0.000000000000000000 ) ) ;
#1093 = ORIENTED_EDGE ( 'NONE', *, *, #858, .F. ) ;
#1094 = AXIS2_PLACEMENT_3D ( 'NONE', #635, #1411, #1198 ) ;
#1095 = ADVANCED_FACE ( 'NONE', ( #2516 ), #1501, .F. ) ;
#1096 = CARTESIAN_POINT ( 'NONE',  ( -151.2343605813246370, 37.60036262450644529, -0.000000000000000000 ) ) ;
#1097 = DIRECTION ( 'NONE',  ( 1.000000000000000000, 0.000000000000000000, 0.000000000000000000 ) ) ;
#1098 = CARTESIAN_POINT ( 'NONE',  ( 150.0459415460184402, -38.10000000000002984, 13.01749999999318597 ) ) ;
#1099 = ORIENTED_EDGE ( 'NONE', *, *, #2157, .F. ) ;
#1100 = DIRECTION ( 'NONE',  ( 1.000000000000000000, 0.000000000000000000, 0.000000000000000000 ) ) ;
#1101 = ORIENTED_EDGE ( 'NONE', *, *, #1689, .F. ) ;
#1102 = CYLINDRICAL_SURFACE ( 'NONE', #57, 2.099999999999990763 ) ;
#1103 = CARTESIAN_POINT ( 'NONE',  ( -155.2206139805719545, 36.05980528086661963, 19.05000000000000071 ) ) ;
#1104 = EDGE_LOOP ( 'NONE', ( #2077, #1277, #1858, #2443 ) ) ;
#1105 = CARTESIAN_POINT ( 'NONE',  ( 95.12148802745433329, -22.99999999999912959, 0.000000000000000000 ) ) ;
#1106 = CYLINDRICAL_SURFACE ( 'NONE', #172, 2.099999999999990763 ) ;
#1107 = EDGE_LOOP ( 'NONE', ( #1474, #424, #1670, #614 ) ) ;
#1108 = EDGE_CURVE ( 'NONE', #1310, #1708, #558, .T. ) ;
#1109 = ORIENTED_EDGE ( 'NONE', *, *, #72, .F. ) ;
#1110 = DIRECTION ( 'NONE',  ( 0.000000000000000000, 0.000000000000000000, 1.000000000000000000 ) ) ;
#1111 = AXIS2_PLACEMENT_3D ( 'NONE', #101, #2062, #1453 ) ;
#1112 = DIRECTION ( 'NONE',  ( -1.000000000000000000, 0.000000000000000000, 0.000000000000000000 ) ) ;
#1113 = CARTESIAN_POINT ( 'NONE',  ( -159.2546471774181498, 30.30339601881361133, 19.05000000000000071 ) ) ;
#1114 = VECTOR ( 'NONE', #837, 1000.000000000000000 ) ;
#1115 = VERTEX_POINT ( 'NONE', #953 ) ;
#1116 = CARTESIAN_POINT ( 'NONE',  ( 158.9246212024586669, 33.70660171779824310, -0.9524999999999984590 ) ) ;
#1117 = CIRCLE ( 'NONE', #1891, 3.299999999999997158 ) ;
#1118 = CYLINDRICAL_SURFACE ( 'NONE', #1646, 3.299999999999997158 ) ;
#1119 = ORIENTED_EDGE ( 'NONE', *, *, #1791, .F. ) ;
#1120 = CARTESIAN_POINT ( 'NONE',  ( -8.499999999999996447, 1.040949779275249943E-15, 0.000000000000000000 ) ) ;
#1121 = EDGE_CURVE ( 'NONE', #695, #2092, #995, .T. ) ;
#1122 = CARTESIAN_POINT ( 'NONE',  ( 148.1939310050194933, -38.02427574854773695, -0.000000000000000000 ) ) ;
#1123 = EDGE_CURVE ( 'NONE', #1189, #1027, #747, .T. ) ;
#1124 = CARTESIAN_POINT ( 'NONE',  ( 160.0000000000000284, 38.10000000000002984, 19.05000000000000071 ) ) ;
#1125 = ORIENTED_EDGE ( 'NONE', *, *, #718, .T. ) ;
#1126 = CARTESIAN_POINT ( 'NONE',  ( -112.5000000000000711, 12.50000000000004441, 0.000000000000000000 ) ) ;
#1127 = CARTESIAN_POINT ( 'NONE',  ( 159.2546471774181498, -30.30339601881361133, 19.05000000000000071 ) ) ;
#1128 = CARTESIAN_POINT ( 'NONE',  ( -148.0934566384084974, -38.03087562470932426, -0.000000000000000000 ) ) ;
#1129 = ORIENTED_EDGE ( 'NONE', *, *, #1482, .F. ) ;
#1130 = ADVANCED_FACE ( 'NONE', ( #1132 ), #1536, .F. ) ;
#1131 = CARTESIAN_POINT ( 'NONE',  ( 150.0459415460182981, 38.10000000000002984, 20.00249999999999773 ) ) ;
#1132 = FACE_OUTER_BOUND ( 'NONE', #735, .T. ) ;
#1133 = CIRCLE ( 'NONE', #889, 8.000000000000007105 ) ;
#1134 = DIRECTION ( 'NONE',  ( -0.000000000000000000, -0.000000000000000000, -1.000000000000000000 ) ) ;
#1135 = ORIENTED_EDGE ( 'NONE', *, *, #1123, .T. ) ;
#1136 = DIRECTION ( 'NONE',  ( 1.000000000000000000, 0.000000000000000000, 0.000000000000000000 ) ) ;
#1137 = CARTESIAN_POINT ( 'NONE',  ( 151.2524303477725027, -37.59628541688970671, -0.000000000000000000 ) ) ;
#1138 = CARTESIAN_POINT ( 'NONE',  ( -160.0000000000000284, 23.10000000000002984, 6.032500000000001528 ) ) ;
#1139 = ORIENTED_EDGE ( 'NONE', *, *, #658, .F. ) ;
#1140 = CARTESIAN_POINT ( 'NONE',  ( 109.2000000000001023, -12.50000000000004619, 0.000000000000000000 ) ) ;
#1141 = CARTESIAN_POINT ( 'NONE',  ( -159.9263222964128488, 26.26335324555362405, 19.05000000000000071 ) ) ;
#1142 = CIRCLE ( 'NONE', #1266, 8.000000000000007105 ) ;
#1143 = CARTESIAN_POINT ( 'NONE',  ( -148.0733928417719198, -38.03214396844104073, -0.000000000000000000 ) ) ;
#1144 = CARTESIAN_POINT ( 'NONE',  ( -147.7785331223389846, -38.04884800525534416, -0.000000000000000000 ) ) ;
#1145 = EDGE_CURVE ( 'NONE', #1708, #1811, #1078, .T. ) ;
#1146 = DIRECTION ( 'NONE',  ( -0.000000000000000000, -0.000000000000000000, 1.000000000000000000 ) ) ;
#1147 = CIRCLE ( 'NONE', #44, 3.199999999999994404 ) ;
#1148 = ORIENTED_EDGE ( 'NONE', *, *, #1408, .T. ) ;
#1149 = DIRECTION ( 'NONE',  ( 0.000000000000000000, 0.000000000000000000, -1.000000000000000000 ) ) ;
#1150 = CARTESIAN_POINT ( 'NONE',  ( 151.2235752987623414, -37.60278503502516401, 0.000000000000000000 ) ) ;
#1151 = CARTESIAN_POINT ( 'NONE',  ( -159.9321439684411530, -26.17339284177842273, 19.05000000000000426 ) ) ;
#1152 = EDGE_LOOP ( 'NONE', ( #791, #680, #100, #855 ) ) ;
#1153 = DIRECTION ( 'NONE',  ( -1.000000000000000000, 0.000000000000000000, 0.000000000000000000 ) ) ;
#1154 = CARTESIAN_POINT ( 'NONE',  ( -159.9200954225231044, 26.35496783705151813, 19.04999999999999716 ) ) ;
#1155 = CARTESIAN_POINT ( 'NONE',  ( -148.1090159679593512, -38.02987968364293181, 0.000000000000000000 ) ) ;
#1156 = AXIS2_PLACEMENT_3D ( 'NONE', #1367, #2148, #400 ) ;
#1157 = UNCERTAINTY_MEASURE_WITH_UNIT (LENGTH_MEASURE( 1.000000000000000082E-05 ), #2028, 'distance_accuracy_value', 'NONE');
#1158 = CARTESIAN_POINT ( 'NONE',  ( 72.00000000000002842, 9.030359249472576713E-13, 0.000000000000000000 ) ) ;
#1159 = VERTEX_POINT ( 'NONE', #1158 ) ;
#1160 = DIRECTION ( 'NONE',  ( -1.000000000000000000, 0.000000000000000000, 0.000000000000000000 ) ) ;
#1161 = CARTESIAN_POINT ( 'NONE',  ( 159.9999999999999716, 23.77456336320132024, 19.05000000000000782 ) ) ;
#1162 = CARTESIAN_POINT ( 'NONE',  ( -159.9298796836430654, -26.20901596795875577, 19.05000000000000071 ) ) ;
#1163 = ORIENTED_EDGE ( 'NONE', *, *, #1108, .F. ) ;
#1164 = EDGE_CURVE ( 'NONE', #1075, #2234, #303, .T. ) ;
#1165 = DIRECTION ( 'NONE',  ( 1.000000000000000000, 0.000000000000000000, -0.000000000000000000 ) ) ;
#1166 = DIRECTION ( 'NONE',  ( 0.000000000000000000, 0.000000000000000000, -1.000000000000000000 ) ) ;
#1167 = CIRCLE ( 'NONE', #1707, 3.199999999999994404 ) ;
#1168 = DIRECTION ( 'NONE',  ( -1.000000000000000000, 0.000000000000000000, 0.000000000000000000 ) ) ;
#1169 = CARTESIAN_POINT ( 'NONE',  ( -35.00000000000004263, 12.49999999999998934, 19.05000000000000071 ) ) ;
#1170 = DIRECTION ( 'NONE',  ( -1.000000000000000000, 0.000000000000000000, 0.000000000000000000 ) ) ;
#1171 = ADVANCED_FACE ( 'NONE', ( #916 ), #1118, .F. ) ;
#1172 = DIRECTION ( 'NONE',  ( 0.000000000000000000, 1.000000000000000000, 0.000000000000000000 ) ) ;
#1173 = CARTESIAN_POINT ( 'NONE',  ( 154.8475992204794522, -36.33076824941076666, -0.000000000000000000 ) ) ;
#1174 = DIRECTION ( 'NONE',  ( -0.000000000000000000, -0.000000000000000000, 1.000000000000000000 ) ) ;
#1175 = ORIENTED_EDGE ( 'NONE', *, *, #2473, .T. ) ;
#1176 = EDGE_CURVE ( 'NONE', #1071, #333, #1240, .T. ) ;
#1177 = CARTESIAN_POINT ( 'NONE',  ( -78.02148802745526268, -22.99999999999997868, 19.05000000000000071 ) ) ;
#1178 = CARTESIAN_POINT ( 'NONE',  ( -160.0000000000000284, 23.10000000000002984, 19.05000000000000071 ) ) ;
#1179 = VERTEX_POINT ( 'NONE', #1694 ) ;
#1180 = CARTESIAN_POINT ( 'NONE',  ( 159.9999999999999432, 28.14594154601841680, 13.01750000002953556 ) ) ;
#1181 = ADVANCED_BREP_SHAPE_REPRESENTATION ( 'Top Plate', ( #1900, #2054 ), #873 ) ;
#1182 = CARTESIAN_POINT ( 'NONE',  ( 160.0000000000000284, -23.10000000000002984, 0.000000000000000000 ) ) ;
#1183 = FACE_BOUND ( 'NONE', #486, .T. ) ;
#1184 = VERTEX_POINT ( 'NONE', #580 ) ;
#1185 = FACE_OUTER_BOUND ( 'NONE', #93, .T. ) ;
#1186 = CARTESIAN_POINT ( 'NONE',  ( 148.0934566384089237, 38.03087562470933136, -0.000000000000000000 ) ) ;
#1187 = CARTESIAN_POINT ( 'NONE',  ( -150.0459415460184402, -38.10000000000002984, 13.01750000002953556 ) ) ;
#1188 = CARTESIAN_POINT ( 'NONE',  ( -152.2033960188009587, -37.35464717743086283, 19.05000000000000071 ) ) ;
#1189 = VERTEX_POINT ( 'NONE', #546 ) ;
#1190 = DIRECTION ( 'NONE',  ( -0.000000000000000000, -0.000000000000000000, 1.000000000000000000 ) ) ;
#1191 = ORIENTED_EDGE ( 'NONE', *, *, #1328, .T. ) ;
#1192 = CARTESIAN_POINT ( 'NONE',  ( 147.5229707730091206, 38.10000000000002984, 20.00249999999999773 ) ) ;
#1193 = CARTESIAN_POINT ( 'NONE',  ( -159.7406028536718168, -28.11248693999282011, -0.000000000000000000 ) ) ;
#1194 = ADVANCED_FACE ( 'NONE', ( #1352 ), #1106, .F. ) ;
#1195 = FACE_BOUND ( 'NONE', #642, .T. ) ;
#1196 = AXIS2_PLACEMENT_3D ( 'NONE', #669, #478, #69 ) ;
#1197 = DIRECTION ( 'NONE',  ( -0.000000000000000000, -0.000000000000000000, 1.000000000000000000 ) ) ;
#1198 = DIRECTION ( 'NONE',  ( -1.000000000000000000, 0.000000000000000000, 0.000000000000000000 ) ) ;
#1199 = AXIS2_PLACEMENT_3D ( 'NONE', #1945, #2322, #1710 ) ;
#1200 = CARTESIAN_POINT ( 'NONE',  ( -147.5229707730092343, -38.10000000000002984, 6.032500000000001528 ) ) ;
#1201 = CARTESIAN_POINT ( 'NONE',  ( -148.2549678370678237, -38.02009542251840202, 19.05000000000000071 ) ) ;
#1202 = ORIENTED_EDGE ( 'NONE', *, *, #1030, .F. ) ;
#1203 = EDGE_CURVE ( 'NONE', #2416, #1248, #1686, .T. ) ;
#1204 = AXIS2_PLACEMENT_3D ( 'NONE', #311, #716, #741 ) ;
#1205 = CARTESIAN_POINT ( 'NONE',  ( 112.5000000000000142, 12.49999999999995559, 0.000000000000000000 ) ) ;
#1206 = EDGE_LOOP ( 'NONE', ( #1641, #2159, #1226, #89 ) ) ;
#1207 = DIRECTION ( 'NONE',  ( 1.000000000000000000, 0.000000000000000000, 0.000000000000000000 ) ) ;
#1208 = CARTESIAN_POINT ( 'NONE',  ( -160.0000000000000284, -23.10000000000002984, 0.000000000000000000 ) ) ;
#1209 = DIRECTION ( 'NONE',  ( -1.000000000000000000, 0.000000000000000000, 0.000000000000000000 ) ) ;
#1210 = PRODUCT_RELATED_PRODUCT_CATEGORY ( 'part', '', ( #1499 ) ) ;
#1211 = CARTESIAN_POINT ( 'NONE',  ( -159.8137877910676821, 27.57775591096825707, -0.000000000000000000 ) ) ;
#1212 = CARTESIAN_POINT ( 'NONE',  ( 156.0157726676159768, 35.49145963399593739, 0.000000000000000000 ) ) ;
#1213 = CARTESIAN_POINT ( 'NONE',  ( 151.2235752987636488, 37.60278503502487268, 19.04999999999999716 ) ) ;
#1214 = VERTEX_POINT ( 'NONE', #2113 ) ;
#1215 = VECTOR ( 'NONE', #9, 1000.000000000000000 ) ;
#1216 = VERTEX_POINT ( 'NONE', #1319 ) ;
#1217 = FACE_BOUND ( 'NONE', #1532, .T. ) ;
#1218 = CARTESIAN_POINT ( 'NONE',  ( 35.00000000000004263, -12.49999999999997691, 0.000000000000000000 ) ) ;
#1219 = EDGE_CURVE ( 'NONE', #1786, #1490, #1728, .T. ) ;
#1220 = AXIS2_PLACEMENT_3D ( 'NONE', #2343, #1792, #1170 ) ;
#1221 = CARTESIAN_POINT ( 'NONE',  ( 112.5000000000000995, -12.50000000000004619, 0.000000000000000000 ) ) ;
#1222 = CARTESIAN_POINT ( 'NONE',  ( -145.0000000000000853, -38.10000000000002984, 19.05000000000000071 ) ) ;
#1223 = CARTESIAN_POINT ( 'NONE',  ( 159.2546471774562349, 30.30339601875866151, -0.000000000000000000 ) ) ;
#1224 = CARTESIAN_POINT ( 'NONE',  ( 148.2549678370511117, 38.02009542252157814, 19.05000000000000071 ) ) ;
#1225 = LINE ( 'NONE', #230, #1944 ) ;
#1226 = ORIENTED_EDGE ( 'NONE', *, *, #1426, .T. ) ;
#1227 = DIRECTION ( 'NONE',  ( -0.000000000000000000, -0.000000000000000000, -1.000000000000000000 ) ) ;
#1228 = ORIENTED_EDGE ( 'NONE', *, *, #2034, .F. ) ;
#1229 = CARTESIAN_POINT ( 'NONE',  ( 140.7999999999999261, 12.50000000000004263, 6.735557395310440051E-17 ) ) ;
#1230 = CARTESIAN_POINT ( 'NONE',  ( -160.0000000000000284, 23.10000000000002984, 0.000000000000000000 ) ) ;
#1231 = CARTESIAN_POINT ( 'NONE',  ( -151.1434755197727782, -37.62054825821986981, -0.000000000000000000 ) ) ;
#1232 = ADVANCED_FACE ( 'NONE', ( #2003 ), #55, .F. ) ;
#1233 = CYLINDRICAL_SURFACE ( 'NONE', #1717, 2.099999999999990763 ) ;
#1234 = ORIENTED_EDGE ( 'NONE', *, *, #1759, .T. ) ;
#1235 = CARTESIAN_POINT ( 'NONE',  ( 80.00000000000002842, 9.020562075079396891E-13, -0.05000000000037613246 ) ) ;
#1236 = CARTESIAN_POINT ( 'NONE',  ( 159.4901504537910171, 29.37951287280390389, -0.000000000000000000 ) ) ;
#1237 = CARTESIAN_POINT ( 'NONE',  ( -150.0459415460184402, -38.10000000000002984, -0.9524999999999984590 ) ) ;
#1238 = CARTESIAN_POINT ( 'NONE',  ( 97.22148802745437024, 23.00000000000087041, 0.000000000000000000 ) ) ;
#1239 = ORIENTED_EDGE ( 'NONE', *, *, #1847, .T. ) ;
#1240 = CIRCLE ( 'NONE', #544, 3.299999999999997158 ) ;
#1241 = LINE ( 'NONE', #1609, #999 ) ;
#1242 = EDGE_CURVE ( 'NONE', #1159, #1986, #1053, .T. ) ;
#1243 = ORIENTED_EDGE ( 'NONE', *, *, #1863, .F. ) ;
#1244 = FACE_BOUND ( 'NONE', #1497, .T. ) ;
#1245 = DIRECTION ( 'NONE',  ( -0.000000000000000000, -0.000000000000000000, 1.000000000000000000 ) ) ;
#1246 = CARTESIAN_POINT ( 'NONE',  ( -159.9200954225184148, -26.35496783707203150, -0.000000000000000000 ) ) ;
#1247 = CARTESIAN_POINT ( 'NONE',  ( 159.9395434757452676, -26.05021674873671245, -0.000000000000000000 ) ) ;
#1248 = VERTEX_POINT ( 'NONE', #2402 ) ;
#1249 = CARTESIAN_POINT ( 'NONE',  ( -146.3577415154360324, 38.10000000000002984, -0.000000000000000000 ) ) ;
#1250 = FACE_OUTER_BOUND ( 'NONE', #834, .T. ) ;
#1251 = CARTESIAN_POINT ( 'NONE',  ( 160.0000000000000284, -23.10000000000002984, 6.032500000000001528 ) ) ;
#1252 = EDGE_LOOP ( 'NONE', ( #2221, #2506 ) ) ;
#1253 = CARTESIAN_POINT ( 'NONE',  ( 145.0000000000001421, -38.10000000000002984, 19.05000000000000071 ) ) ;
#1254 = ORIENTED_EDGE ( 'NONE', *, *, #1394, .T. ) ;
#1255 = FACE_BOUND ( 'NONE', #2411, .T. ) ;
#1256 = ADVANCED_FACE ( 'NONE', ( #1815 ), #2194, .F. ) ;
#1257 = VECTOR ( 'NONE', #2167, 1000.000000000000000 ) ;
#1258 = CARTESIAN_POINT ( 'NONE',  ( -160.0000000000000284, 23.10000000000002984, 19.05000000000000071 ) ) ;
#1259 = CARTESIAN_POINT ( 'NONE',  ( -150.9888796367056898, 37.65379415039369349, 19.05000000000000426 ) ) ;
#1260 = ORIENTED_EDGE ( 'NONE', *, *, #774, .F. ) ;
#1261 = CARTESIAN_POINT ( 'NONE',  ( -115.8000000000000682, 12.50000000000004441, 0.000000000000000000 ) ) ;
#1262 = AXIS2_PLACEMENT_3D ( 'NONE', #139, #127, #1100 ) ;
#1263 = DIRECTION ( 'NONE',  ( 0.000000000000000000, 0.000000000000000000, -1.000000000000000000 ) ) ;
#1264 = CARTESIAN_POINT ( 'NONE',  ( 158.9246212024587521, -33.70660171779825731, 6.032500000000001528 ) ) ;
#1265 = ORIENTED_EDGE ( 'NONE', *, *, #2026, .F. ) ;
#1266 = AXIS2_PLACEMENT_3D ( 'NONE', #1979, #1002, #1317 ) ;
#1267 = DIRECTION ( 'NONE',  ( -1.000000000000000000, 0.000000000000000000, 0.000000000000000000 ) ) ;
#1268 = ORIENTED_EDGE ( 'NONE', *, *, #2060, .T. ) ;
#1269 = FACE_BOUND ( 'NONE', #1252, .T. ) ;
#1270 = DIRECTION ( 'NONE',  ( -1.000000000000000000, 0.000000000000000000, 0.000000000000000000 ) ) ;
#1271 = AXIS2_PLACEMENT_3D ( 'NONE', #1588, #453, #1994 ) ;
#1272 = CARTESIAN_POINT ( 'NONE',  ( -148.1020126536000419, 38.03032882604239973, 19.04999999999999716 ) ) ;
#1273 = ORIENTED_EDGE ( 'NONE', *, *, #972, .F. ) ;
#1274 = DIRECTION ( 'NONE',  ( -0.000000000000000000, -0.000000000000000000, -1.000000000000000000 ) ) ;
#1275 = FACE_OUTER_BOUND ( 'NONE', #1344, .T. ) ;
#1276 = CARTESIAN_POINT ( 'NONE',  ( 160.0000000000000284, -23.10000000000002984, 20.00250000000000128 ) ) ;
#1277 = ORIENTED_EDGE ( 'NONE', *, *, #2288, .T. ) ;
#1278 = DIRECTION ( 'NONE',  ( -0.000000000000000000, -0.000000000000000000, -1.000000000000000000 ) ) ;
#1279 = ORIENTED_EDGE ( 'NONE', *, *, #521, .T. ) ;
#1280 = FACE_OUTER_BOUND ( 'NONE', #1416, .T. ) ;
#1281 = CARTESIAN_POINT ( 'NONE',  ( -145.0000000000001421, 38.10000000000002984, 19.05000000000000071 ) ) ;
#1282 = ORIENTED_EDGE ( 'NONE', *, *, #1328, .F. ) ;
#1283 = CARTESIAN_POINT ( 'NONE',  ( -159.5157119187493038, 29.26544273898938542, -0.000000000000000000 ) ) ;
#1284 = FACE_OUTER_BOUND ( 'NONE', #107, .T. ) ;
#1285 = CARTESIAN_POINT ( 'NONE',  ( 160.0000000000000284, -28.14594154601842035, -0.9524999999999984590 ) ) ;
#1286 = ORIENTED_EDGE ( 'NONE', *, *, #1701, .F. ) ;
#1287 = CARTESIAN_POINT ( 'NONE',  ( 159.8493586156891126, -27.19286732404842866, 19.04999999999999716 ) ) ;
#1288 = VERTEX_POINT ( 'NONE', #781 ) ;
#1289 = AXIS2_PLACEMENT_3D ( 'NONE', #512, #2072, #703 ) ;
#1290 = CARTESIAN_POINT ( 'NONE',  ( 109.2000000000001023, -12.50000000000004619, 6.735557395310440051E-17 ) ) ;
#1291 = CARTESIAN_POINT ( 'NONE',  ( -150.7805508630254963, 37.69649938233838071, 19.04999999999999716 ) ) ;
#1292 = ORIENTED_EDGE ( 'NONE', *, *, #2339, .T. ) ;
#1293 = AXIS2_PLACEMENT_3D ( 'NONE', #2293, #1172, #390 ) ;
#1294 = EDGE_CURVE ( 'NONE', #1678, #37, #1888, .T. ) ;
#1295 = CARTESIAN_POINT ( 'NONE',  ( 82.22148802745432761, -22.99999999999911893, 19.05000000000000071 ) ) ;
#1296 = CARTESIAN_POINT ( 'NONE',  ( -112.5000000000000426, -12.49999999999995737, 0.000000000000000000 ) ) ;
#1297 = ORIENTED_EDGE ( 'NONE', *, *, #1378, .T. ) ;
#1298 = CARTESIAN_POINT ( 'NONE',  ( -38.19999999999995310, -12.50000000000001243, 19.05000000000000071 ) ) ;
#1299 = ORIENTED_EDGE ( 'NONE', *, *, #2339, .F. ) ;
#1300 = FACE_OUTER_BOUND ( 'NONE', #2043, .T. ) ;
#1301 = CARTESIAN_POINT ( 'NONE',  ( -151.1434755197675202, 37.62054825822033166, 19.04999999999999716 ) ) ;
#1302 = VERTEX_POINT ( 'NONE', #451 ) ;
#1303 = ADVANCED_FACE ( 'NONE', ( #1938 ), #1450, .F. ) ;
#1304 = CARTESIAN_POINT ( 'NONE',  ( -72.00000000000001421, 1.095756906265703708E-12, -0.05000000000037613246 ) ) ;
#1305 = EDGE_CURVE ( 'NONE', #1179, #1027, #1652, .T. ) ;
#1306 = CARTESIAN_POINT ( 'NONE',  ( 140.7999999999999545, -12.49999999999995914, 19.05000000000000071 ) ) ;
#1307 = CARTESIAN_POINT ( 'NONE',  ( -72.00000000000001421, 1.095756906265703708E-12, 19.05000000000000071 ) ) ;
#1308 = EDGE_LOOP ( 'NONE', ( #1012, #1961, #2432, #144 ) ) ;
#1309 = CARTESIAN_POINT ( 'NONE',  ( 148.1414879688397264, -38.02776646256213411, -0.000000000000000000 ) ) ;
#1310 = VERTEX_POINT ( 'NONE', #861 ) ;
#1311 = SHAPE_DEFINITION_REPRESENTATION ( #2315, #1181 ) ;
#1312 = CYLINDRICAL_SURFACE ( 'NONE', #507, 3.299999999999997158 ) ;
#1313 = EDGE_CURVE ( 'NONE', #987, #1675, #2294, .T. ) ;
#1314 = CARTESIAN_POINT ( 'NONE',  ( -160.0000000000000284, 24.45774151501231941, 19.05000000000000071 ) ) ;
#1315 = VECTOR ( 'NONE', #62, 1000.000000000000000 ) ;
#1316 = ORIENTED_EDGE ( 'NONE', *, *, #1807, .F. ) ;
#1317 = DIRECTION ( 'NONE',  ( 1.000000000000000000, 0.000000000000000000, 0.000000000000000000 ) ) ;
#1318 = VECTOR ( 'NONE', #526, 1000.000000000000000 ) ;
#1319 = CARTESIAN_POINT ( 'NONE',  ( -109.2000000000000455, -12.49999999999995737, 19.05000000000000071 ) ) ;
#1320 = FACE_OUTER_BOUND ( 'NONE', #247, .T. ) ;
#1321 = ORIENTED_EDGE ( 'NONE', *, *, #929, .F. ) ;
#1322 = DIRECTION ( 'NONE',  ( 1.000000000000000000, 0.000000000000000000, 0.000000000000000000 ) ) ;
#1323 = CARTESIAN_POINT ( 'NONE',  ( 159.9299635774239050, 26.20770716266314437, 19.05000000000000426 ) ) ;
#1324 = CARTESIAN_POINT ( 'NONE',  ( -159.9911996568181678, -24.66965931311602489, 19.04999999999999716 ) ) ;
#1325 = ORIENTED_EDGE ( 'NONE', *, *, #1203, .T. ) ;
#1326 = DIRECTION ( 'NONE',  ( -0.000000000000000000, -0.000000000000000000, 1.000000000000000000 ) ) ;
#1327 = DIRECTION ( 'NONE',  ( -0.000000000000000000, -0.000000000000000000, -1.000000000000000000 ) ) ;
#1328 = EDGE_CURVE ( 'NONE', #2125, #689, #1849, .T. ) ;
#1329 = CARTESIAN_POINT ( 'NONE',  ( -145.0000000000000568, -38.10000000000002984, 0.000000000000000000 ) ) ;
#1330 = CARTESIAN_POINT ( 'NONE',  ( 158.9246212024586669, 33.70660171779824310, 13.01750000002953556 ) ) ;
#1331 = DIRECTION ( 'NONE',  ( 1.000000000000000000, 0.000000000000000000, 0.000000000000000000 ) ) ;
#1332 =( GEOMETRIC_REPRESENTATION_CONTEXT ( 3 ) GLOBAL_UNCERTAINTY_ASSIGNED_CONTEXT ( ( #1157 ) ) GLOBAL_UNIT_ASSIGNED_CONTEXT ( ( #2028, #435, #1022 ) ) REPRESENTATION_CONTEXT ( 'NONE', 'WORKASPACE' ) );
#1333 = ORIENTED_EDGE ( 'NONE', *, *, #1873, .F. ) ;
#1334 = CARTESIAN_POINT ( 'NONE',  ( 147.4096270052372972, 38.06553198920432379, -0.000000000000000000 ) ) ;
#1335 = CARTESIAN_POINT ( 'NONE',  ( 148.6178655970606428, -37.99257101784720447, -0.000000000000000000 ) ) ;
#1336 = CARTESIAN_POINT ( 'NONE',  ( -150.0459415460184402, 38.10000000000002984, -0.9524999999999984590 ) ) ;
#1337 = EDGE_LOOP ( 'NONE', ( #1035, #409, #2466, #449 ) ) ;
#1338 = DIRECTION ( 'NONE',  ( 1.000000000000000000, 0.000000000000000000, 0.000000000000000000 ) ) ;
#1339 = CARTESIAN_POINT ( 'NONE',  ( 148.1090159679598912, -38.02987968364288207, 19.05000000000000071 ) ) ;
#1340 = ADVANCED_FACE ( 'NONE', ( #205 ), #1751, .F. ) ;
#1341 = CIRCLE ( 'NONE', #571, 3.199999999999994404 ) ;
#1342 = DIRECTION ( 'NONE',  ( -0.000000000000000000, -0.000000000000000000, 1.000000000000000000 ) ) ;
#1343 = CARTESIAN_POINT ( 'NONE',  ( -93.02148802745526268, -22.99999999999998224, 19.05000000000000071 ) ) ;
#1344 = EDGE_LOOP ( 'NONE', ( #2035, #1685, #2180, #2468 ) ) ;
#1345 = CARTESIAN_POINT ( 'NONE',  ( 140.7999999999999261, 12.50000000000004263, 0.000000000000000000 ) ) ;
#1346 = CARTESIAN_POINT ( 'NONE',  ( 159.9395434757452392, 26.05021674867363402, 19.05000000000000071 ) ) ;
#1347 = DIRECTION ( 'NONE',  ( -0.000000000000000000, -0.000000000000000000, -1.000000000000000000 ) ) ;
#1348 = VERTEX_POINT ( 'NONE', #592 ) ;
#1349 = CARTESIAN_POINT ( 'NONE',  ( 144.9999999999998579, 38.10000000000002984, 6.349999999999994316 ) ) ;
#1350 = CARTESIAN_POINT ( 'NONE',  ( 149.4777559105972671, -37.91378779113106390, 19.04999999999999716 ) ) ;
#1351 = EDGE_CURVE ( 'NONE', #1159, #1485, #705, .T. ) ;
#1352 = FACE_OUTER_BOUND ( 'NONE', #2422, .T. ) ;
#1353 = DIRECTION ( 'NONE',  ( 1.000000000000000000, 0.000000000000000000, 0.000000000000000000 ) ) ;
#1354 = ORIENTED_EDGE ( 'NONE', *, *, #335, .F. ) ;
#1355 = ORIENTED_EDGE ( 'NONE', *, *, #328, .T. ) ;
#1356 = CIRCLE ( 'NONE', #262, 3.299999999999997158 ) ;
#1357 = DIRECTION ( 'NONE',  ( -0.000000000000000000, -0.000000000000000000, 1.000000000000000000 ) ) ;
#1358 = EDGE_CURVE ( 'NONE', #1865, #1986, #1398, .T. ) ;
#1359 = CARTESIAN_POINT ( 'NONE',  ( 159.8934463299914626, 26.77293329759242013, 19.05000000000000071 ) ) ;
#1360 = CARTESIAN_POINT ( 'NONE',  ( -150.0459415460184402, 38.10000000000002984, 13.01749999999318597 ) ) ;
#1361 = VERTEX_POINT ( 'NONE', #1230 ) ;
#1362 = DIRECTION ( 'NONE',  ( -0.000000000000000000, -0.000000000000000000, 1.000000000000000000 ) ) ;
#1363 = CARTESIAN_POINT ( 'NONE',  ( 151.0921007680038315, -37.63174612401287078, 19.05000000000000426 ) ) ;
#1364 = ORIENTED_EDGE ( 'NONE', *, *, #960, .T. ) ;
#1365 = VECTOR ( 'NONE', #8, 1000.000000000000000 ) ;
#1366 = CIRCLE ( 'NONE', #1289, 2.100000000000004530 ) ;
#1367 = CARTESIAN_POINT ( 'NONE',  ( 80.00000000000002842, 9.020562075079396891E-13, 19.05000000000000071 ) ) ;
#1368 = FACE_BOUND ( 'NONE', #1875, .T. ) ;
#1369 = ORIENTED_EDGE ( 'NONE', *, *, #1219, .F. ) ;
#1370 = DIRECTION ( 'NONE',  ( -0.000000000000000000, -0.000000000000000000, -1.000000000000000000 ) ) ;
#1371 = CARTESIAN_POINT ( 'NONE',  ( -93.02148802745527689, -22.99999999999998224, 19.05000000000000071 ) ) ;
#1372 = CARTESIAN_POINT ( 'NONE',  ( 159.5157119187503270, 29.26544273898915804, 19.04999999999999716 ) ) ;
#1373 = CARTESIAN_POINT ( 'NONE',  ( -159.6763465629406085, -28.45634727148538090, 19.04999999999999716 ) ) ;
#1374 = ORIENTED_EDGE ( 'NONE', *, *, #859, .F. ) ;
#1375 = CARTESIAN_POINT ( 'NONE',  ( 95.12148802745437592, 23.00000000000087041, 19.05000000000000071 ) ) ;
#1376 = VERTEX_POINT ( 'NONE', #1182 ) ;
#1377 = CIRCLE ( 'NONE', #2365, 8.000000000000007105 ) ;
#1378 = EDGE_CURVE ( 'NONE', #2013, #510, #2387, .T. ) ;
#1379 = LINE ( 'NONE', #1304, #40 ) ;
#1380 = CARTESIAN_POINT ( 'NONE',  ( -159.9113858492462441, -26.47656675370185297, -0.000000000000000000 ) ) ;
#1381 = AXIS2_PLACEMENT_3D ( 'NONE', #643, #1417, #2193 ) ;
#1382 = DIRECTION ( 'NONE',  ( 0.000000000000000000, 0.000000000000000000, -1.000000000000000000 ) ) ;
#1383 = EDGE_CURVE ( 'NONE', #695, #359, #1954, .T. ) ;
#1384 = CARTESIAN_POINT ( 'NONE',  ( -159.9346505766063444, 26.13286620378671543, -0.000000000000000000 ) ) ;
#1385 = EDGE_CURVE ( 'NONE', #572, #1361, #2316, .T. ) ;
#1386 = CARTESIAN_POINT ( 'NONE',  ( 148.0328662037431116, 38.03465057660643822, -0.000000000000000000 ) ) ;
#1387 = VECTOR ( 'NONE', #2173, 1000.000000000000000 ) ;
#1388 = CARTESIAN_POINT ( 'NONE',  ( 146.3577415151641787, 38.10000000000006537, 19.05000000000000782 ) ) ;
#1389 = DIRECTION ( 'NONE',  ( -0.000000000000000000, -0.000000000000000000, 1.000000000000000000 ) ) ;
#1390 = VERTEX_POINT ( 'NONE', #1612 ) ;
#1391 = DIRECTION ( 'NONE',  ( 0.000000000000000000, 0.000000000000000000, -1.000000000000000000 ) ) ;
#1392 = EDGE_LOOP ( 'NONE', ( #13, #1796, #159, #515 ) ) ;
#1393 = CARTESIAN_POINT ( 'NONE',  ( 155.6066017177981564, 37.02462120245879618, 6.032500000000001528 ) ) ;
#1394 = EDGE_CURVE ( 'NONE', #1978, #1390, #2496, .T. ) ;
#1395 = CARTESIAN_POINT ( 'NONE',  ( -112.5000000000000711, 12.50000000000004441, 6.735557395310440051E-17 ) ) ;
#1396 = CARTESIAN_POINT ( 'NONE',  ( 159.9655319892042087, -25.50962700550677908, -0.000000000000000000 ) ) ;
#1397 = ORIENTED_EDGE ( 'NONE', *, *, #672, .T. ) ;
#1398 = CIRCLE ( 'NONE', #1156, 8.000000000000007105 ) ;
#1399 = CARTESIAN_POINT ( 'NONE',  ( -159.9488480052552575, 25.87853312250385329, -0.000000000000000000 ) ) ;
#1400 = CARTESIAN_POINT ( 'NONE',  ( 158.2307682494740675, 32.94759922034673139, -0.000000000000000000 ) ) ;
#1401 = CARTESIAN_POINT ( 'NONE',  ( 148.1355904124831966, 38.02815315231849524, 19.04999999999999361 ) ) ;
#1402 = DIRECTION ( 'NONE',  ( -0.000000000000000000, -0.000000000000000000, -1.000000000000000000 ) ) ;
#1403 = ORIENTED_EDGE ( 'NONE', *, *, #2512, .T. ) ;
#1404 = FILL_AREA_STYLE_COLOUR ( '', #520 ) ;
#1405 = ORIENTED_EDGE ( 'NONE', *, *, #444, .T. ) ;
#1406 = DIRECTION ( 'NONE',  ( 0.000000000000000000, 0.000000000000000000, -1.000000000000000000 ) ) ;
#1407 = CARTESIAN_POINT ( 'NONE',  ( -93.02148802745527689, 23.00000000000001776, 19.05000000000000071 ) ) ;
#1408 = EDGE_CURVE ( 'NONE', #700, #1877, #540, .T. ) ;
#1409 = FACE_BOUND ( 'NONE', #1548, .T. ) ;
#1410 = DIRECTION ( 'NONE',  ( 1.000000000000000000, 0.000000000000000000, 0.000000000000000000 ) ) ;
#1411 = DIRECTION ( 'NONE',  ( -0.000000000000000000, -0.000000000000000000, -1.000000000000000000 ) ) ;
#1412 = CARTESIAN_POINT ( 'NONE',  ( 159.5124794137431365, 29.28007632255608428, 19.05000000000000426 ) ) ;
#1413 = CARTESIAN_POINT ( 'NONE',  ( -147.4019868232950046, -38.07611325583577866, 19.05000000000001137 ) ) ;
#1414 = ORIENTED_EDGE ( 'NONE', *, *, #718, .F. ) ;
#1415 = DIRECTION ( 'NONE',  ( 1.000000000000000000, 0.000000000000000000, 0.000000000000000000 ) ) ;
#1416 = EDGE_LOOP ( 'NONE', ( #1761, #1659, #1456, #1403 ) ) ;
#1417 = DIRECTION ( 'NONE',  ( -0.000000000000000000, -0.000000000000000000, 1.000000000000000000 ) ) ;
#1418 = ADVANCED_FACE ( 'NONE', ( #1663 ), #2045, .F. ) ;
#1419 = DIRECTION ( 'NONE',  ( 1.000000000000000000, 0.000000000000000000, 0.000000000000000000 ) ) ;
#1420 = CARTESIAN_POINT ( 'NONE',  ( -155.2206139806223746, -36.05980528082960035, -0.000000000000000000 ) ) ;
#1421 = DIRECTION ( 'NONE',  ( 0.000000000000000000, 0.000000000000000000, -1.000000000000000000 ) ) ;
#1422 = EDGE_LOOP ( 'NONE', ( #2129, #603, #1254, #1109 ) ) ;
#1423 = FACE_OUTER_BOUND ( 'NONE', #674, .T. ) ;
#1424 = CARTESIAN_POINT ( 'NONE',  ( 115.8000000000000114, 12.49999999999995559, 19.05000000000000071 ) ) ;
#1425 = CIRCLE ( 'NONE', #326, 3.299999999999997158 ) ;
#1426 = EDGE_CURVE ( 'NONE', #2262, #1862, #334, .T. ) ;
#1427 = FACE_OUTER_BOUND ( 'NONE', #1429, .T. ) ;
#1428 = CARTESIAN_POINT ( 'NONE',  ( 31.79999999999996874, 12.50000000000002487, 19.05000000000000071 ) ) ;
#1429 = EDGE_LOOP ( 'NONE', ( #2334, #1988, #756, #1850 ) ) ;
#1430 = DIRECTION ( 'NONE',  ( 0.000000000000000000, 0.000000000000000000, -1.000000000000000000 ) ) ;
#1431 = EDGE_LOOP ( 'NONE', ( #2224, #1279 ) ) ;
#1432 = FACE_BOUND ( 'NONE', #474, .T. ) ;
#1433 = DIRECTION ( 'NONE',  ( -1.000000000000000000, 0.000000000000000000, 0.000000000000000000 ) ) ;
#1434 = CARTESIAN_POINT ( 'NONE',  ( -159.2546471774209635, -30.30339601880402967, -0.000000000000000000 ) ) ;
#1435 = EDGE_CURVE ( 'NONE', #1071, #1838, #2260, .T. ) ;
#1436 = CARTESIAN_POINT ( 'NONE',  ( 159.9303288260423415, -26.20201265360678988, -0.000000000000000000 ) ) ;
#1437 = ORIENTED_EDGE ( 'NONE', *, *, #1570, .F. ) ;
#1438 = FACE_OUTER_BOUND ( 'NONE', #120, .T. ) ;
#1439 = CYLINDRICAL_SURFACE ( 'NONE', #1011, 2.100000000000004530 ) ;
#1440 = CIRCLE ( 'NONE', #2292, 3.199999999999994404 ) ;
#1441 = CARTESIAN_POINT ( 'NONE',  ( 147.5229707730092343, -38.10000000000002984, 13.01749999999318597 ) ) ;
#1442 = DIRECTION ( 'NONE',  ( -0.000000000000000000, -0.000000000000000000, 1.000000000000000000 ) ) ;
#1443 = ORIENTED_EDGE ( 'NONE', *, *, #2112, .T. ) ;
#1444 = ADVANCED_FACE ( 'NONE', ( #1300 ), #1687, .F. ) ;
#1445 = AXIS2_PLACEMENT_3D ( 'NONE', #1822, #2442, #282 ) ;
#1446 = CARTESIAN_POINT ( 'NONE',  ( 140.7999999999999545, -12.49999999999995914, 6.735557395310440051E-17 ) ) ;
#1447 = ORIENTED_EDGE ( 'NONE', *, *, #2259, .F. ) ;
#1448 = DIRECTION ( 'NONE',  ( 1.000000000000000000, 0.000000000000000000, 0.000000000000000000 ) ) ;
#1449 = CIRCLE ( 'NONE', #1972, 2.099999999999990763 ) ;
#1450 = CYLINDRICAL_SURFACE ( 'NONE', #1804, 8.000000000000007105 ) ;
#1451 = CARTESIAN_POINT ( 'NONE',  ( -147.9502167486443227, 38.03954347574532591, 19.05000000000000426 ) ) ;
#1452 = ORIENTED_EDGE ( 'NONE', *, *, #866, .F. ) ;
#1453 = DIRECTION ( 'NONE',  ( -1.000000000000000000, 0.000000000000000000, 0.000000000000000000 ) ) ;
#1454 = DIRECTION ( 'NONE',  ( -1.000000000000000000, 0.000000000000000000, 0.000000000000000000 ) ) ;
#1455 = CARTESIAN_POINT ( 'NONE',  ( -160.0000000000000284, -25.62297077300922510, 6.032500000000001528 ) ) ;
#1456 = ORIENTED_EDGE ( 'NONE', *, *, #967, .T. ) ;
#1457 = CARTESIAN_POINT ( 'NONE',  ( 159.9271900422498618, -26.25023577505107397, 19.04999999999999716 ) ) ;
#1458 = ORIENTED_EDGE ( 'NONE', *, *, #2473, .F. ) ;
#1459 = DIRECTION ( 'NONE',  ( -1.000000000000000000, 0.000000000000000000, 0.000000000000000000 ) ) ;
#1460 = CIRCLE ( 'NONE', #971, 3.299999999999997158 ) ;
#1461 = DIRECTION ( 'NONE',  ( 1.000000000000000000, 0.000000000000000000, 0.000000000000000000 ) ) ;
#1462 = CARTESIAN_POINT ( 'NONE',  ( -159.5027850350247718, 29.32357529876372837, 19.05000000000000071 ) ) ;
#1463 = EDGE_LOOP ( 'NONE', ( #140, #1488 ) ) ;
#1464 = DIRECTION ( 'NONE',  ( -0.000000000000000000, -0.000000000000000000, -1.000000000000000000 ) ) ;
#1465 = DIRECTION ( 'NONE',  ( 1.000000000000000000, 0.000000000000000000, 0.000000000000000000 ) ) ;
#1466 = CARTESIAN_POINT ( 'NONE',  ( 155.6066017177982417, -37.02462120245878197, 20.00250000000000128 ) ) ;
#1467 = VERTEX_POINT ( 'NONE', #936 ) ;
#1468 = CIRCLE ( 'NONE', #1750, 2.099999999999990763 ) ;
#1469 = CARTESIAN_POINT ( 'NONE',  ( -160.0000000000000284, 38.10000000000002984, 19.05000000000000071 ) ) ;
#1470 = VERTEX_POINT ( 'NONE', #511 ) ;
#1471 = CARTESIAN_POINT ( 'NONE',  ( 109.2000000000000171, 12.49999999999995559, 0.000000000000000000 ) ) ;
#1472 = VECTOR ( 'NONE', #547, 1000.000000000000000 ) ;
#1473 = DIRECTION ( 'NONE',  ( -1.000000000000000000, 0.000000000000000000, 0.000000000000000000 ) ) ;
#1474 = ORIENTED_EDGE ( 'NONE', *, *, #2134, .F. ) ;
#1475 = CARTESIAN_POINT ( 'NONE',  ( -153.1376602167153180, 37.05911393791608788, -0.000000000000000000 ) ) ;
#1476 = CARTESIAN_POINT ( 'NONE',  ( -93.02148802745527689, 23.00000000000001776, 19.05000000000000071 ) ) ;
#1477 = CARTESIAN_POINT ( 'NONE',  ( -160.0000000000000284, -28.14594154601841680, 6.032500000000001528 ) ) ;
#1478 = VERTEX_POINT ( 'NONE', #2271 ) ;
#1479 = ORIENTED_EDGE ( 'NONE', *, *, #413, .F. ) ;
#1480 = AXIS2_PLACEMENT_3D ( 'NONE', #1720, #831, #874 ) ;
#1481 = CARTESIAN_POINT ( 'NONE',  ( 80.12148802745433329, -22.99999999999911893, 0.000000000000000000 ) ) ;
#1482 = EDGE_CURVE ( 'NONE', #2053, #1184, #826, .T. ) ;
#1483 = CARTESIAN_POINT ( 'NONE',  ( -151.0921007680038315, 37.63174612401287078, 19.05000000000000426 ) ) ;
#1484 = AXIS2_PLACEMENT_3D ( 'NONE', #2158, #410, #2335 ) ;
#1485 = VERTEX_POINT ( 'NONE', #2094 ) ;
#1486 = CARTESIAN_POINT ( 'NONE',  ( 0.000000000000000000, 0.000000000000000000, 0.000000000000000000 ) ) ;
#1487 = CARTESIAN_POINT ( 'NONE',  ( 160.0000000000000284, -25.62297077300922510, -0.9524999999999984590 ) ) ;
#1488 = ORIENTED_EDGE ( 'NONE', *, *, #1030, .T. ) ;
#1489 = CARTESIAN_POINT ( 'NONE',  ( -137.4999999999999716, 12.49999999999995737, 19.05000000000000071 ) ) ;
#1490 = VERTEX_POINT ( 'NONE', #1290 ) ;
#1491 = AXIS2_PLACEMENT_3D ( 'NONE', #820, #2185, #430 ) ;
#1492 = APPLICATION_PROTOCOL_DEFINITION ( 'draft international standard', 'automotive_design', 1998, #2495 ) ;
#1493 = AXIS2_PLACEMENT_3D ( 'NONE', #2449, #1868, #1473 ) ;
#1494 = DIRECTION ( 'NONE',  ( 1.000000000000000000, 0.000000000000000000, 0.000000000000000000 ) ) ;
#1495 = CARTESIAN_POINT ( 'NONE',  ( -147.7785331223313676, 38.04884800525533706, 19.05000000000000071 ) ) ;
#1496 = EDGE_CURVE ( 'NONE', #2184, #421, #2454, .T. ) ;
#1497 = EDGE_LOOP ( 'NONE', ( #243, #2384 ) ) ;
#1498 = DIRECTION ( 'NONE',  ( 1.000000000000000000, 0.000000000000000000, 0.000000000000000000 ) ) ;
#1499 = PRODUCT ( 'Top Plate', 'Top Plate', '', ( #539 ) ) ;
#1500 = EDGE_CURVE ( 'NONE', #2088, #411, #1856, .T. ) ;
#1501 = CYLINDRICAL_SURFACE ( 'NONE', #2093, 3.299999999999997158 ) ;
#1502 = CIRCLE ( 'NONE', #155, 8.499999999999996447 ) ;
#1503 = VERTEX_POINT ( 'NONE', #1508 ) ;
#1504 = EDGE_CURVE ( 'NONE', #2297, #1302, #108, .T. ) ;
#1505 = CARTESIAN_POINT ( 'NONE',  ( 159.6763465629326220, 28.45634727160247479, 19.04999999999999716 ) ) ;
#1506 = ORIENTED_EDGE ( 'NONE', *, *, #1840, .T. ) ;
#1507 =( LENGTH_UNIT ( ) NAMED_UNIT ( * ) SI_UNIT ( .MILLI., .METRE. ) );
#1508 = CARTESIAN_POINT ( 'NONE',  ( 134.1999999999999602, -12.49999999999995914, 6.735557395310440051E-17 ) ) ;
#1509 = DIRECTION ( 'NONE',  ( -0.000000000000000000, -0.000000000000000000, -1.000000000000000000 ) ) ;
#1510 = ORIENTED_EDGE ( 'NONE', *, *, #591, .T. ) ;
#1511 = CARTESIAN_POINT ( 'NONE',  ( 158.9246212024586669, 33.70660171779824310, 6.032500000000001528 ) ) ;
#1512 = DIRECTION ( 'NONE',  ( -1.000000000000000000, 0.000000000000000000, 0.000000000000000000 ) ) ;
#1513 = ORIENTED_EDGE ( 'NONE', *, *, #503, .F. ) ;
#1514 = DIRECTION ( 'NONE',  ( -1.000000000000000000, 0.000000000000000000, 0.000000000000000000 ) ) ;
#1515 = CARTESIAN_POINT ( 'NONE',  ( 148.1633532455588806, -38.02632229641135808, -0.000000000000000000 ) ) ;
#1516 = CARTESIAN_POINT ( 'NONE',  ( -159.9488480052553996, -25.87853312238527081, 19.05000000000000426 ) ) ;
#1517 = VERTEX_POINT ( 'NONE', #1080 ) ;
#1518 = ADVANCED_FACE ( 'NONE', ( #500 ), #1102, .F. ) ;
#1519 = VECTOR ( 'NONE', #569, 1000.000000000000000 ) ;
#1520 = CARTESIAN_POINT ( 'NONE',  ( 144.9999999999998579, 38.10000000000002984, 12.69999999999836504 ) ) ;
#1521 = CARTESIAN_POINT ( 'NONE',  ( 147.9502167486443227, -38.03954347574532591, 19.05000000000000426 ) ) ;
#1522 = AXIS2_PLACEMENT_3D ( 'NONE', #386, #1245, #1461 ) ;
#1523 = CIRCLE ( 'NONE', #1199, 2.100000000000004530 ) ;
#1524 = CARTESIAN_POINT ( 'NONE',  ( 160.0000000000000284, -23.10000000000000497, 6.350000000000002309 ) ) ;
#1525 = CIRCLE ( 'NONE', #1484, 3.299999999999997158 ) ;
#1526 = PLANE ( 'NONE',  #423 ) ;
#1527 = ORIENTED_EDGE ( 'NONE', *, *, #2401, .F. ) ;
#1528 = DIRECTION ( 'NONE',  ( -0.000000000000000000, -0.000000000000000000, 1.000000000000000000 ) ) ;
#1529 = EDGE_CURVE ( 'NONE', #1616, #1610, #324, .T. ) ;
#1530 = CARTESIAN_POINT ( 'NONE',  ( 156.0413936945062972, -35.47113615729723080, -0.000000000000000000 ) ) ;
#1531 = CARTESIAN_POINT ( 'NONE',  ( -147.5229707730092343, 38.10000000000002984, 13.01749999999318597 ) ) ;
#1532 = EDGE_LOOP ( 'NONE', ( #1741, #1773 ) ) ;
#1533 = CARTESIAN_POINT ( 'NONE',  ( 34.99999999999996447, 12.50000000000002487, 19.05000000000000071 ) ) ;
#1534 = CARTESIAN_POINT ( 'NONE',  ( 157.3711361572835870, -34.14139369450221295, 19.05000000000000426 ) ) ;
#1535 = CARTESIAN_POINT ( 'NONE',  ( -148.0328662037410936, -38.03465057660645243, -0.000000000000000000 ) ) ;
#1536 = CYLINDRICAL_SURFACE ( 'NONE', #215, 2.100000000000004530 ) ;
#1537 = ORIENTED_EDGE ( 'NONE', *, *, #985, .T. ) ;
#1538 = DIRECTION ( 'NONE',  ( -0.000000000000000000, -0.000000000000000000, 1.000000000000000000 ) ) ;
#1539 = CARTESIAN_POINT ( 'NONE',  ( 157.9598052808216835, -33.32061398059038737, -0.000000000000000000 ) ) ;
#1540 = CARTESIAN_POINT ( 'NONE',  ( -160.0000000000000284, 28.14594154601841680, 13.01749999999318597 ) ) ;
#1541 = VERTEX_POINT ( 'NONE', #886 ) ;
#1542 = EDGE_CURVE ( 'NONE', #2053, #1467, #2459, .T. ) ;
#1543 = AXIS2_PLACEMENT_3D ( 'NONE', #993, #60, #835 ) ;
#1544 = FACE_OUTER_BOUND ( 'NONE', #343, .T. ) ;
#1545 = CARTESIAN_POINT ( 'NONE',  ( -159.9761132558357986, 25.50198682294852404, 19.05000000000000426 ) ) ;
#1546 = CIRCLE ( 'NONE', #364, 8.000000000000007105 ) ;
#1547 = CARTESIAN_POINT ( 'NONE',  ( 137.4999999999999432, -12.49999999999995914, 19.05000000000000071 ) ) ;
#1548 = EDGE_LOOP ( 'NONE', ( #2118, #1321 ) ) ;
#1549 = CARTESIAN_POINT ( 'NONE',  ( -80.00000000000001421, 1.095756906265703708E-12, 0.000000000000000000 ) ) ;
#1550 = DIRECTION ( 'NONE',  ( -1.000000000000000000, 0.000000000000000000, 0.000000000000000000 ) ) ;
#1551 = CARTESIAN_POINT ( 'NONE',  ( -160.0000000000000284, 23.10000000000002984, -0.9524999999999984590 ) ) ;
#1552 = ORIENTED_EDGE ( 'NONE', *, *, #2142, .T. ) ;
#1553 = DIRECTION ( 'NONE',  ( -1.000000000000000000, 0.000000000000000000, 0.000000000000000000 ) ) ;
#1554 = CARTESIAN_POINT ( 'NONE',  ( 155.2206139805719545, -36.05980528086661963, 19.05000000000000071 ) ) ;
#1555 = EDGE_LOOP ( 'NONE', ( #1163, #1647, #955, #162 ) ) ;
#1556 = CIRCLE ( 'NONE', #1111, 3.299999999999997158 ) ;
#1557 = B_SPLINE_CURVE_WITH_KNOTS ( 'NONE', 3,
 ( #1329, #2476, #2490, #731, #1144, #1918, #1535, #1143, #1128, #166, #1729, #1155, #1039, #632, #1003, #1777, #1980, #832, #1231, #2161, #2004, #645, #56, #2182, #1420, #452, #261, #31, #1788, #1434, #806, #605, #2195, #1640, #1054, #414, #818, #1816, #1193, #620, #1801, #1380, #1246, #70, #1966, #847, #1830, #1628, #223, #2018, #1208 ),
 .UNSPECIFIED., .F., .F.,
 ( 4, 1, 1, 1, 1, 1, 1, 1, 2, 2, 1, 1, 1, 1, 1, 1, 2, 2, 2, 2, 1, 1, 1, 1, 1, 1, 1, 2, 2, 1, 1, 1, 1, 1, 1, 1, 2, 2, 4 ),
 ( 0.000000000000000000, 0.06250000000018192392, 0.09375000000027289282, 0.1093750000003203549, 0.1171875000003419071, 0.1210937500003504697, 0.1230468750003524542, 0.1240234375003557571, 0.1245117187503550216, 0.1250000000003542722, 0.1875000000003240463, 0.2187500000003088918, 0.2343750000003012868, 0.2421875000002957634, 0.2460937500002928768, 0.2480468750002897960, 0.2490234375002900180, 0.2500000000002902123, 0.3750000000002515210, 0.5000000000002129408, 0.6250000000001743050, 0.6875000000001542100, 0.7187500000001435518, 0.7343750000001383338, 0.7421875000001355582, 0.7460937500001338929, 0.7480468750001328937, 0.7490234375001324496, 0.7500000000001318945, 0.8125000000001070255, 0.8437500000000945910, 0.8593750000000883738, 0.8671875000000851541, 0.8710937500000837108, 0.8730468750000830447, 0.8740234375000823785, 0.8745117187500821565, 0.8750000000000819345, 1.000000000000000000 ),
 .UNSPECIFIED. ) ;
#1558 = ADVANCED_FACE ( 'NONE', ( #1280 ), #142, .F. ) ;
#1559 = DIRECTION ( 'NONE',  ( -0.000000000000000000, -0.000000000000000000, 1.000000000000000000 ) ) ;
#1560 = DIRECTION ( 'NONE',  ( -0.000000000000000000, -0.000000000000000000, -1.000000000000000000 ) ) ;
#1561 = CARTESIAN_POINT ( 'NONE',  ( 80.12148802745437592, 23.00000000000088107, 19.05000000000000071 ) ) ;
#1562 = AXIS2_PLACEMENT_3D ( 'NONE', #1375, #2502, #973 ) ;
#1563 = CYLINDRICAL_SURFACE ( 'NONE', #1866, 2.100000000000004530 ) ;
#1564 = CARTESIAN_POINT ( 'NONE',  ( 151.4680064408683222, 37.54626727999407620, 19.04999999999999716 ) ) ;
#1565 = CARTESIAN_POINT ( 'NONE',  ( -159.9395434757453529, -26.05021674867317216, 19.04999999999999361 ) ) ;
#1566 = ORIENTED_EDGE ( 'NONE', *, *, #1705, .F. ) ;
#1567 = LINE ( 'NONE', #1140, #2302 ) ;
#1568 = EDGE_LOOP ( 'NONE', ( #895, #2145 ) ) ;
#1569 = CARTESIAN_POINT ( 'NONE',  ( 144.9999999999999716, 38.10000000000002984, 20.00249999999999773 ) ) ;
#1570 = EDGE_CURVE ( 'NONE', #2088, #1088, #915, .T. ) ;
#1571 = ADVANCED_FACE ( 'NONE', ( #1091 ), #1312, .F. ) ;
#1572 = FACE_BOUND ( 'NONE', #304, .T. ) ;
#1573 = EDGE_LOOP ( 'NONE', ( #1452, #1837 ) ) ;
#1574 = CARTESIAN_POINT ( 'NONE',  ( -159.9999999999999432, 23.77456336335509945, 0.000000000000000000 ) ) ;
#1575 = CARTESIAN_POINT ( 'NONE',  ( 159.9281531523184583, 26.23559041248143231, 0.000000000000000000 ) ) ;
#1576 = VECTOR ( 'NONE', #966, 1000.000000000000000 ) ;
#1577 = DIRECTION ( 'NONE',  ( -0.000000000000000000, -0.000000000000000000, 1.000000000000000000 ) ) ;
#1578 = CARTESIAN_POINT ( 'NONE',  ( -148.1502357750535737, -38.02719004224917398, 19.05000000000000071 ) ) ;
#1579 = EDGE_LOOP ( 'NONE', ( #917, #760 ) ) ;
#1580 = ADVANCED_FACE ( 'NONE', ( #776 ), #14, .F. ) ;
#1581 = DIRECTION ( 'NONE',  ( -1.000000000000000000, 0.000000000000000000, 0.000000000000000000 ) ) ;
#1582 = EDGE_LOOP ( 'NONE', ( #2247, #1139 ) ) ;
#1583 = VECTOR ( 'NONE', #1402, 1000.000000000000000 ) ;
#1584 = CARTESIAN_POINT ( 'NONE',  ( 159.9999999999999432, 25.62297077300922510, 20.00249999999999773 ) ) ;
#1585 = DIRECTION ( 'NONE',  ( -0.000000000000000000, -0.000000000000000000, 1.000000000000000000 ) ) ;
#1586 = CIRCLE ( 'NONE', #2439, 3.199999999999994404 ) ;
#1587 = UNCERTAINTY_MEASURE_WITH_UNIT (LENGTH_MEASURE( 1.000000000000000082E-05 ), #1507, 'distance_accuracy_value', 'NONE');
#1588 = CARTESIAN_POINT ( 'NONE',  ( -137.4999999999998863, -12.50000000000004441, 0.000000000000000000 ) ) ;
#1589 = CARTESIAN_POINT ( 'NONE',  ( -159.9308756247091878, 26.19345663842014460, -0.000000000000000000 ) ) ;
#1590 = CARTESIAN_POINT ( 'NONE',  ( 150.3563472712944815, 37.77634656295945348, -0.000000000000000000 ) ) ;
#1591 = CIRCLE ( 'NONE', #219, 2.100000000000004530 ) ;
#1592 = CARTESIAN_POINT ( 'NONE',  ( 159.5317461240084640, 29.19210076804777287, 19.05000000000000071 ) ) ;
#1593 = CARTESIAN_POINT ( 'NONE',  ( -157.9598052808106274, -33.32061398062820246, 19.05000000000000782 ) ) ;
#1594 = ORIENTED_EDGE ( 'NONE', *, *, #2470, .T. ) ;
#1595 = CARTESIAN_POINT ( 'NONE',  ( -145.0000000000000568, 38.10000000000002984, 12.70000000000038121 ) ) ;
#1596 = EDGE_CURVE ( 'NONE', #1675, #1490, #1567, .T. ) ;
#1597 = VERTEX_POINT ( 'NONE', #1925 ) ;
#1598 = DIRECTION ( 'NONE',  ( -0.000000000000000000, -0.000000000000000000, -1.000000000000000000 ) ) ;
#1599 = DIRECTION ( 'NONE',  ( 1.000000000000000000, 0.000000000000000000, 0.000000000000000000 ) ) ;
#1600 = CARTESIAN_POINT ( 'NONE',  ( 80.12148802745437592, 23.00000000000088107, 0.000000000000000000 ) ) ;
#1601 = VECTOR ( 'NONE', #347, 1000.000000000000000 ) ;
#1602 = CARTESIAN_POINT ( 'NONE',  ( -160.0000000000000284, 23.10000000000002984, 0.000000000000000000 ) ) ;
#1603 = CARTESIAN_POINT ( 'NONE',  ( 159.7406028536428551, 28.11248694001805504, -0.000000000000000000 ) ) ;
#1604 = PRODUCT_DEFINITION_FORMATION_WITH_SPECIFIED_SOURCE ( 'ANY', '', #1499, .NOT_KNOWN. ) ;
#1605 = CARTESIAN_POINT ( 'NONE',  ( 157.3914596340004266, 34.11577266762942884, 19.05000000000000426 ) ) ;
#1606 = LINE ( 'NONE', #268, #851 ) ;
#1607 = AXIS2_PLACEMENT_3D ( 'NONE', #920, #2469, #2283 ) ;
#1608 = ORIENTED_EDGE ( 'NONE', *, *, #671, .T. ) ;
#1609 = CARTESIAN_POINT ( 'NONE',  ( 134.1999999999999602, -12.49999999999995914, 0.000000000000000000 ) ) ;
#1610 = VERTEX_POINT ( 'NONE', #177 ) ;
#1611 = DIRECTION ( 'NONE',  ( -1.000000000000000000, 0.000000000000000000, -0.000000000000000000 ) ) ;
#1612 = CARTESIAN_POINT ( 'NONE',  ( -140.7999999999999829, 12.49999999999995737, 6.735557395310440051E-17 ) ) ;
#1613 = CYLINDRICAL_SURFACE ( 'NONE', #666, 3.299999999999997158 ) ;
#1614 = EDGE_CURVE ( 'NONE', #970, #1678, #2349, .T. ) ;
#1615 = FACE_BOUND ( 'NONE', #549, .T. ) ;
#1616 = VERTEX_POINT ( 'NONE', #961 ) ;
#1617 = AXIS2_PLACEMENT_3D ( 'NONE', #1561, #2392, #1410 ) ;
#1618 = CYLINDRICAL_SURFACE ( 'NONE', #244, 2.099999999999990763 ) ;
#1619 = CARTESIAN_POINT ( 'NONE',  ( 158.9591139379635365, 31.23766021661577952, -0.000000000000000000 ) ) ;
#1620 = CIRCLE ( 'NONE', #2467, 2.100000000000004530 ) ;
#1621 = CARTESIAN_POINT ( 'NONE',  ( -145.0000000000000568, -38.10000000000002984, 20.00249999999999773 ) ) ;
#1622 = CARTESIAN_POINT ( 'NONE',  ( -148.1939310050173901, -38.02427574854826275, 19.04999999999999716 ) ) ;
#1623 = ORIENTED_EDGE ( 'NONE', *, *, #1570, .T. ) ;
#1624 = ORIENTED_EDGE ( 'NONE', *, *, #762, .F. ) ;
#1625 = CARTESIAN_POINT ( 'NONE',  ( 78.02148802745433898, -22.99999999999911893, 19.05000000000000071 ) ) ;
#1626 = CARTESIAN_POINT ( 'NONE',  ( -137.4999999999999716, 12.49999999999995737, 6.735557395310440051E-17 ) ) ;
#1627 = AXIS2_PLACEMENT_3D ( 'NONE', #1489, #1278, #522 ) ;
#1628 = CARTESIAN_POINT ( 'NONE',  ( -159.9281531523185151, -26.23559041248263313, 0.000000000000000000 ) ) ;
#1629 = EDGE_CURVE ( 'NONE', #1490, #1786, #2012, .T. ) ;
#1630 = CARTESIAN_POINT ( 'NONE',  ( 159.8137877910676821, -27.57775591096825707, -0.000000000000000000 ) ) ;
#1631 = ORIENTED_EDGE ( 'NONE', *, *, #960, .F. ) ;
#1632 = CARTESIAN_POINT ( 'NONE',  ( -147.4019868233723116, 38.07611325583577866, -0.000000000000000000 ) ) ;
#1633 = DIRECTION ( 'NONE',  ( -1.000000000000000000, 0.000000000000000000, 0.000000000000000000 ) ) ;
#1634 = DIRECTION ( 'NONE',  ( -0.000000000000000000, -0.000000000000000000, 1.000000000000000000 ) ) ;
#1635 = CARTESIAN_POINT ( 'NONE',  ( -115.8000000000000398, -12.49999999999995737, 0.000000000000000000 ) ) ;
#1636 = VERTEX_POINT ( 'NONE', #164 ) ;
#1637 = EDGE_LOOP ( 'NONE', ( #1649, #291, #2048, #1228 ) ) ;
#1638 = CYLINDRICAL_SURFACE ( 'NONE', #1063, 3.199999999999994404 ) ;
#1639 = CARTESIAN_POINT ( 'NONE',  ( 80.00000000000002842, 9.020562075079396891E-13, 0.000000000000000000 ) ) ;
#1640 = CARTESIAN_POINT ( 'NONE',  ( -159.4901504537886012, -29.37951287280708712, -0.000000000000000000 ) ) ;
#1641 = ORIENTED_EDGE ( 'NONE', *, *, #1378, .F. ) ;
#1642 = CARTESIAN_POINT ( 'NONE',  ( -148.3765667537018942, 38.01138584924400732, -0.000000000000000000 ) ) ;
#1643 = CYLINDRICAL_SURFACE ( 'NONE', #1915, 3.199999999999994404 ) ;
#1644 = CIRCLE ( 'NONE', #461, 2.099999999999990763 ) ;
#1645 = DIRECTION ( 'NONE',  ( 1.000000000000000000, 0.000000000000000000, 0.000000000000000000 ) ) ;
#1646 = AXIS2_PLACEMENT_3D ( 'NONE', #746, #2135, #1738 ) ;
#1647 = ORIENTED_EDGE ( 'NONE', *, *, #2515, .T. ) ;
#1648 = EDGE_CURVE ( 'NONE', #959, #359, #1769, .T. ) ;
#1649 = ORIENTED_EDGE ( 'NONE', *, *, #722, .T. ) ;
#1650 = FACE_BOUND ( 'NONE', #1914, .T. ) ;
#1651 = AXIS2_PLACEMENT_3D ( 'NONE', #27, #201, #2120 ) ;
#1652 = LINE ( 'NONE', #2414, #871 ) ;
#1653 = CARTESIAN_POINT ( 'NONE',  ( -153.3876935305050893, 36.99074122302656775, 19.05000000000000071 ) ) ;
#1654 = EDGE_CURVE ( 'NONE', #1184, #581, #218, .T. ) ;
#1655 = EDGE_LOOP ( 'NONE', ( #233, #1594, #825, #1920 ) ) ;
#1656 = LINE ( 'NONE', #1261, #542 ) ;
#1657 = DIRECTION ( 'NONE',  ( 1.000000000000000000, 0.000000000000000000, 0.000000000000000000 ) ) ;
#1658 = CARTESIAN_POINT ( 'NONE',  ( 158.9246212024587521, -33.70660171779825731, 20.00250000000000128 ) ) ;
#1659 = ORIENTED_EDGE ( 'NONE', *, *, #2236, .T. ) ;
#1660 = PRODUCT_DEFINITION ( 'UNKNOWN', '', #1604, #2198 ) ;
#1661 = ORIENTED_EDGE ( 'NONE', *, *, #740, .T. ) ;
#1662 = AXIS2_PLACEMENT_3D ( 'NONE', #770, #2138, #1742 ) ;
#1663 = FACE_OUTER_BOUND ( 'NONE', #1337, .T. ) ;
#1664 = CARTESIAN_POINT ( 'NONE',  ( -146.5696593129926839, 38.09119965681814790, 19.05000000000000426 ) ) ;
#1665 = ORIENTED_EDGE ( 'NONE', *, *, #1701, .T. ) ;
#1666 = CARTESIAN_POINT ( 'NONE',  ( -148.2549678370720585, 38.02009542251735752, -0.000000000000000000 ) ) ;
#1667 = DIRECTION ( 'NONE',  ( 0.000000000000000000, 0.000000000000000000, -1.000000000000000000 ) ) ;
#1668 = CIRCLE ( 'NONE', #1872, 3.299999999999997158 ) ;
#1669 = CARTESIAN_POINT ( 'NONE',  ( 160.0000000000000284, -23.10000000000002984, 13.01749999999318597 ) ) ;
#1670 = ORIENTED_EDGE ( 'NONE', *, *, #601, .T. ) ;
#1671 = CIRCLE ( 'NONE', #121, 2.100000000000004530 ) ;
#1672 = ADVANCED_FACE ( 'NONE', ( #1544 ), #950, .F. ) ;
#1673 = B_SPLINE_CURVE_WITH_KNOTS ( 'NONE', 3,
 ( #433, #1795, #2381, #637 ),
 .UNSPECIFIED., .F., .F.,
 ( 4, 4 ),
 ( 0.000000000000000000, 1.000000000000000000 ),
 .UNSPECIFIED. ) ;
#1674 = DIRECTION ( 'NONE',  ( 1.000000000000000000, 0.000000000000000000, 0.000000000000000000 ) ) ;
#1675 = VERTEX_POINT ( 'NONE', #752 ) ;
#1676 = DIRECTION ( 'NONE',  ( -1.000000000000000000, 0.000000000000000000, 0.000000000000000000 ) ) ;
#1677 = CARTESIAN_POINT ( 'NONE',  ( -145.0000000000001421, 38.10000000000002984, 19.05000000000000071 ) ) ;
#1678 = VERTEX_POINT ( 'NONE', #1177 ) ;
#1679 = DIRECTION ( 'NONE',  ( -1.000000000000000000, 0.000000000000000000, 0.000000000000000000 ) ) ;
#1680 = DIRECTION ( 'NONE',  ( 0.000000000000000000, 0.000000000000000000, -1.000000000000000000 ) ) ;
#1681 = DIRECTION ( 'NONE',  ( -0.000000000000000000, -0.000000000000000000, -1.000000000000000000 ) ) ;
#1682 = ORIENTED_EDGE ( 'NONE', *, *, #743, .T. ) ;
#1683 = CARTESIAN_POINT ( 'NONE',  ( -160.0000000000000284, 23.10000000000002984, 19.05000000000000071 ) ) ;
#1684 = EDGE_CURVE ( 'NONE', #1838, #1503, #1525, .T. ) ;
#1685 = ORIENTED_EDGE ( 'NONE', *, *, #1108, .T. ) ;
#1686 = CIRCLE ( 'NONE', #952, 3.299999999999997158 ) ;
#1687 = CYLINDRICAL_SURFACE ( 'NONE', #2255, 8.499999999999996447 ) ;
#1688 = CARTESIAN_POINT ( 'NONE',  ( 35.00000000000004263, -12.49999999999997691, 19.05000000000000071 ) ) ;
#1689 = EDGE_CURVE ( 'NONE', #1288, #1697, #935, .T. ) ;
#1690 = EDGE_LOOP ( 'NONE', ( #1740, #2462 ) ) ;
#1691 = EDGE_CURVE ( 'NONE', #944, #2412, #224, .T. ) ;
#1692 = DIRECTION ( 'NONE',  ( -0.000000000000000000, -0.000000000000000000, -1.000000000000000000 ) ) ;
#1693 = DIRECTION ( 'NONE',  ( -0.000000000000000000, -0.000000000000000000, -1.000000000000000000 ) ) ;
#1694 = CARTESIAN_POINT ( 'NONE',  ( -109.2000000000000739, 12.50000000000004441, 19.05000000000000071 ) ) ;
#1695 = ORIENTED_EDGE ( 'NONE', *, *, #1500, .T. ) ;
#1696 = CARTESIAN_POINT ( 'NONE',  ( 159.9242757485506559, -26.29393100500910307, 19.04999999999999716 ) ) ;
#1697 = VERTEX_POINT ( 'NONE', #2143 ) ;
#1698 = DIRECTION ( 'NONE',  ( 1.000000000000000000, 0.000000000000000000, 0.000000000000000000 ) ) ;
#1699 = CARTESIAN_POINT ( 'NONE',  ( -160.0000000000000284, -23.10000000000001563, 6.349999999999994316 ) ) ;
#1700 = DIRECTION ( 'NONE',  ( -1.000000000000000000, 0.000000000000000000, 0.000000000000000000 ) ) ;
#1701 = EDGE_CURVE ( 'NONE', #510, #1862, #1810, .T. ) ;
#1702 = EDGE_LOOP ( 'NONE', ( #1624, #801 ) ) ;
#1703 = CARTESIAN_POINT ( 'NONE',  ( -137.4999999999998863, -12.50000000000004441, 6.735557395310440051E-17 ) ) ;
#1704 = CARTESIAN_POINT ( 'NONE',  ( 144.9999999999999716, 38.10000000000002984, 13.01750000002953556 ) ) ;
#1705 = EDGE_CURVE ( 'NONE', #751, #366, #673, .T. ) ;
#1706 = DIRECTION ( 'NONE',  ( -0.000000000000000000, -0.000000000000000000, -1.000000000000000000 ) ) ;
#1707 = AXIS2_PLACEMENT_3D ( 'NONE', #487, #714, #1267 ) ;
#1708 = VERTEX_POINT ( 'NONE', #395 ) ;
#1709 = CYLINDRICAL_SURFACE ( 'NONE', #1662, 2.100000000000004530 ) ;
#1710 = DIRECTION ( 'NONE',  ( 1.000000000000000000, 0.000000000000000000, 0.000000000000000000 ) ) ;
#1711 = CARTESIAN_POINT ( 'NONE',  ( -145.0000000000000568, 38.10000000000002984, 20.00250000000000128 ) ) ;
#1712 = B_SPLINE_CURVE_WITH_KNOTS ( 'NONE', 3,
 ( #541, #578, #2284, #567, #1727, #1521, #2514, #938, #373, #1936, #190, #1339, #742, #1350, #2131, #1737, #754, #1363, #384, #2095, #764, #2121, #2301, #348, #1554, #1926, #1534, #2312, #396, #1127, #1950, #1905, #1716, #2489, #556, #178, #2110, #362, #2068, #1287, #2079, #1876, #918, #1696, #2280, #1457, #536, #1886, #1089, #2268, #905 ),
 .UNSPECIFIED., .F., .F.,
 ( 4, 1, 1, 1, 1, 1, 1, 1, 2, 2, 1, 1, 1, 1, 1, 1, 2, 2, 2, 2, 1, 1, 1, 1, 1, 1, 1, 2, 2, 1, 1, 1, 1, 1, 1, 1, 2, 2, 4 ),
 ( 0.000000000000000000, 0.06250000000001793010, 0.09375000000002857437, 0.1093750000000338757, 0.1171875000000365125, 0.1210937500000355826, 0.1230468750000351663, 0.1240234375000349165, 0.1245117187500347500, 0.1250000000000345834, 0.1874999999999908129, 0.2187499999999672207, 0.2343749999999571176, 0.2421874999999521771, 0.2460937499999514833, 0.2480468749999494571, 0.2490234374999485412, 0.2499999999999476252, 0.3749999999999651945, 0.4999999999999827915, 0.6250000000000003331, 0.6875000000000091038, 0.7187500000000129896, 0.7343750000000145439, 0.7421875000000154321, 0.7460937500000158762, 0.7480468750000160982, 0.7490234375000163203, 0.7500000000000166533, 0.8125000000000109912, 0.8437500000000082157, 0.8593750000000066613, 0.8671875000000058842, 0.8710937500000055511, 0.8730468750000053291, 0.8740234375000053291, 0.8745117187500054401, 0.8750000000000054401, 1.000000000000000000 ),
 .UNSPECIFIED. ) ;
#1713 = EDGE_LOOP ( 'NONE', ( #16, #1510, #1021, #270 ) ) ;
#1714 = CIRCLE ( 'NONE', #2240, 3.199999999999994404 ) ;
#1715 = CARTESIAN_POINT ( 'NONE',  ( -140.7999999999998977, -12.50000000000004441, 0.000000000000000000 ) ) ;
#1716 = CARTESIAN_POINT ( 'NONE',  ( 159.4757014781584417, -29.44255055877092886, 19.04999999999999716 ) ) ;
#1717 = AXIS2_PLACEMENT_3D ( 'NONE', #2162, #263, #415 ) ;
#1718 = CYLINDRICAL_SURFACE ( 'NONE', #12, 3.199999999999994404 ) ;
#1719 = CARTESIAN_POINT ( 'NONE',  ( 144.9999999999999716, 38.10000000000002984, -0.9524999999999984590 ) ) ;
#1720 = CARTESIAN_POINT ( 'NONE',  ( 112.5000000000000995, -12.50000000000004619, 6.735557395310440051E-17 ) ) ;
#1721 = ORIENTED_EDGE ( 'NONE', *, *, #2515, .F. ) ;
#1722 = CARTESIAN_POINT ( 'NONE',  ( 145.6745633631497014, 38.10000000000002274, 0.000000000000000000 ) ) ;
#1723 = DIRECTION ( 'NONE',  ( -0.000000000000000000, -0.000000000000000000, -1.000000000000000000 ) ) ;
#1724 = CYLINDRICAL_SURFACE ( 'NONE', #1059, 2.099999999999990763 ) ;
#1725 = ORIENTED_EDGE ( 'NONE', *, *, #402, .T. ) ;
#1726 = DIRECTION ( 'NONE',  ( -0.000000000000000000, 0.000000000000000000, -1.000000000000000000 ) ) ;
#1727 = CARTESIAN_POINT ( 'NONE',  ( 147.7785331223313676, -38.04884800525533706, 19.05000000000000071 ) ) ;
#1728 = CIRCLE ( 'NONE', #1480, 3.299999999999997158 ) ;
#1729 = CARTESIAN_POINT ( 'NONE',  ( -148.1077071626622512, -38.02996357742402012, -0.000000000000000000 ) ) ;
#1730 = LINE ( 'NONE', #2100, #2172 ) ;
#1731 = ORIENTED_EDGE ( 'NONE', *, *, #1791, .T. ) ;
#1732 = DIRECTION ( 'NONE',  ( -0.000000000000000000, -0.000000000000000000, 1.000000000000000000 ) ) ;
#1733 = CARTESIAN_POINT ( 'NONE',  ( 159.5317461240050818, -29.19210076804864329, -0.000000000000000000 ) ) ;
#1734 = CARTESIAN_POINT ( 'NONE',  ( -159.8137877911054261, -27.57775591080482158, 19.05000000000000071 ) ) ;
#1735 = EDGE_LOOP ( 'NONE', ( #2156, #647, #2266, #1537 ) ) ;
#1736 = CARTESIAN_POINT ( 'NONE',  ( -31.80000000000005045, 12.49999999999998934, 19.05000000000000071 ) ) ;
#1737 = CARTESIAN_POINT ( 'NONE',  ( 150.7805508630254963, -37.69649938233838071, 19.04999999999999716 ) ) ;
#1738 = DIRECTION ( 'NONE',  ( -1.000000000000000000, 0.000000000000000000, 0.000000000000000000 ) ) ;
#1739 = VECTOR ( 'NONE', #1693, 1000.000000000000000 ) ;
#1740 = ORIENTED_EDGE ( 'NONE', *, *, #1358, .F. ) ;
#1741 = ORIENTED_EDGE ( 'NONE', *, *, #216, .F. ) ;
#1742 = DIRECTION ( 'NONE',  ( 1.000000000000000000, 0.000000000000000000, 0.000000000000000000 ) ) ;
#1743 = CARTESIAN_POINT ( 'NONE',  ( 150.0124869399926126, -37.84060285366222587, -0.000000000000000000 ) ) ;
#1744 = CARTESIAN_POINT ( 'NONE',  ( -155.6066017177982417, 37.02462120245878197, 20.00250000000000128 ) ) ;
#1745 = ORIENTED_EDGE ( 'NONE', *, *, #1758, .T. ) ;
#1746 = EDGE_CURVE ( 'NONE', #421, #2184, #2133, .T. ) ;
#1747 = DIRECTION ( 'NONE',  ( -0.000000000000000000, -0.000000000000000000, -1.000000000000000000 ) ) ;
#1748 = CARTESIAN_POINT ( 'NONE',  ( 112.5000000000000142, 12.49999999999995559, 6.735557395310440051E-17 ) ) ;
#1749 = ORIENTED_EDGE ( 'NONE', *, *, #1614, .T. ) ;
#1750 = AXIS2_PLACEMENT_3D ( 'NONE', #2030, #96, #1459 ) ;
#1751 = CYLINDRICAL_SURFACE ( 'NONE', #465, 2.100000000000004530 ) ;
#1752 = DIRECTION ( 'NONE',  ( 0.000000000000000000, 0.000000000000000000, -1.000000000000000000 ) ) ;
#1753 = CARTESIAN_POINT ( 'NONE',  ( -82.22148802745526552, -22.99999999999997868, 19.05000000000000071 ) ) ;
#1754 = FACE_OUTER_BOUND ( 'NONE', #1107, .T. ) ;
#1755 = CARTESIAN_POINT ( 'NONE',  ( 146.3577415154360324, -38.10000000000002984, -0.000000000000000000 ) ) ;
#1756 = CARTESIAN_POINT ( 'NONE',  ( -160.0000000000000568, -23.77456336320018693, 19.04999999999999716 ) ) ;
#1757 = EDGE_LOOP ( 'NONE', ( #1623, #1443 ) ) ;
#1758 = EDGE_CURVE ( 'NONE', #1478, #1597, #1037, .T. ) ;
#1759 = EDGE_CURVE ( 'NONE', #654, #1214, #602, .T. ) ;
#1760 = DIRECTION ( 'NONE',  ( 0.000000000000000000, 0.000000000000000000, -1.000000000000000000 ) ) ;
#1761 = ORIENTED_EDGE ( 'NONE', *, *, #388, .F. ) ;
#1762 = VECTOR ( 'NONE', #657, 1000.000000000000000 ) ;
#1763 = CARTESIAN_POINT ( 'NONE',  ( 0.000000000000000000, 0.000000000000000000, 19.05000000000000071 ) ) ;
#1764 = AXIS2_PLACEMENT_3D ( 'NONE', #2420, #1681, #113 ) ;
#1765 = FACE_BOUND ( 'NONE', #2098, .T. ) ;
#1766 = EDGE_CURVE ( 'NONE', #2102, #2137, #763, .T. ) ;
#1767 = ORIENTED_EDGE ( 'NONE', *, *, #2408, .T. ) ;
#1768 = FACE_OUTER_BOUND ( 'NONE', #28, .T. ) ;
#1769 = CIRCLE ( 'NONE', #1562, 2.100000000000004530 ) ;
#1770 = CARTESIAN_POINT ( 'NONE',  ( 155.2206139805847442, 36.05980528088685588, -0.000000000000000000 ) ) ;
#1771 = CARTESIAN_POINT ( 'NONE',  ( 159.5205482582179854, 29.24347551978972248, 19.05000000000000426 ) ) ;
#1772 = CARTESIAN_POINT ( 'NONE',  ( -145.0000000000000853, -38.10000000000002984, 19.05000000000000071 ) ) ;
#1773 = ORIENTED_EDGE ( 'NONE', *, *, #2288, .F. ) ;
#1774 = CARTESIAN_POINT ( 'NONE',  ( 144.9999999999999716, 38.10000000000002984, 19.05000000000000071 ) ) ;
#1775 = ORIENTED_EDGE ( 'NONE', *, *, #72, .T. ) ;
#1776 = CARTESIAN_POINT ( 'NONE',  ( 155.6066017177981564, 37.02462120245879618, 13.01750000002953556 ) ) ;
#1777 = CARTESIAN_POINT ( 'NONE',  ( -150.7805508630640077, -37.69649938233512643, -0.000000000000000000 ) ) ;
#1778 = CARTESIAN_POINT ( 'NONE',  ( -109.2000000000000455, -12.49999999999995737, 0.000000000000000000 ) ) ;
#1779 = LINE ( 'NONE', #2150, #2321 ) ;
#1780 = CARTESIAN_POINT ( 'NONE',  ( -137.4999999999998863, -12.50000000000004441, 19.05000000000000071 ) ) ;
#1781 = EDGE_CURVE ( 'NONE', #1930, #1216, #1356, .T. ) ;
#1782 = CARTESIAN_POINT ( 'NONE',  ( 156.0413936944258353, 35.47113615732003211, 19.05000000000000426 ) ) ;
#1783 = CARTESIAN_POINT ( 'NONE',  ( -95.12148802745527121, -22.99999999999998224, 0.000000000000000000 ) ) ;
#1784 = ORIENTED_EDGE ( 'NONE', *, *, #1385, .F. ) ;
#1785 = DIRECTION ( 'NONE',  ( 1.000000000000000000, 0.000000000000000000, 0.000000000000000000 ) ) ;
#1786 = VERTEX_POINT ( 'NONE', #271 ) ;
#1787 = DIRECTION ( 'NONE',  ( -1.000000000000000000, 0.000000000000000000, 0.000000000000000000 ) ) ;
#1788 = CARTESIAN_POINT ( 'NONE',  ( -158.9591139379030551, -31.23766021669361947, -0.000000000000000000 ) ) ;
#1789 = CIRCLE ( 'NONE', #2196, 8.499999999999996447 ) ;
#1790 = FACE_OUTER_BOUND ( 'NONE', #726, .T. ) ;
#1791 = EDGE_CURVE ( 'NONE', #2192, #706, #1117, .T. ) ;
#1792 = DIRECTION ( 'NONE',  ( 0.000000000000000000, 0.000000000000000000, -1.000000000000000000 ) ) ;
#1793 = CARTESIAN_POINT ( 'NONE',  ( 159.5003626245068915, 29.33436058132327418, -0.000000000000000000 ) ) ;
#1794 = CARTESIAN_POINT ( 'NONE',  ( -147.5229707730092343, -38.10000000000002984, 20.00249999999999773 ) ) ;
#1795 = CARTESIAN_POINT ( 'NONE',  ( 144.9999999999999147, -38.10000000000002984, 6.350000000000002309 ) ) ;
#1796 = ORIENTED_EDGE ( 'NONE', *, *, #704, .T. ) ;
#1797 = DIRECTION ( 'NONE',  ( -0.000000000000000000, -0.000000000000000000, 1.000000000000000000 ) ) ;
#1798 = ORIENTED_EDGE ( 'NONE', *, *, #946, .T. ) ;
#1799 = DIRECTION ( 'NONE',  ( -1.000000000000000000, 0.000000000000000000, 0.000000000000000000 ) ) ;
#1800 = CARTESIAN_POINT ( 'NONE',  ( -160.0000000000000284, 23.10000000000002984, 0.000000000000000000 ) ) ;
#1801 = CARTESIAN_POINT ( 'NONE',  ( -159.8925710178513384, -26.71786559706074371, -0.000000000000000000 ) ) ;
#1802 = CARTESIAN_POINT ( 'NONE',  ( 38.19999999999995310, 12.50000000000002487, 19.05000000000000071 ) ) ;
#1803 = VERTEX_POINT ( 'NONE', #2191 ) ;
#1804 = AXIS2_PLACEMENT_3D ( 'NONE', #1828, #2226, #1419 ) ;
#1805 = LINE ( 'NONE', #208, #1990 ) ;
#1806 = CARTESIAN_POINT ( 'NONE',  ( -140.7999999999998977, -12.50000000000004441, 19.05000000000000071 ) ) ;
#1807 = EDGE_CURVE ( 'NONE', #67, #74, #553, .T. ) ;
#1808 = LINE ( 'NONE', #418, #1315 ) ;
#1809 = CARTESIAN_POINT ( 'NONE',  ( -159.5157119187507533, -29.26544273898361936, 19.05000000000000071 ) ) ;
#1810 = CIRCLE ( 'NONE', #710, 2.100000000000004530 ) ;
#1811 = VERTEX_POINT ( 'NONE', #1987 ) ;
#1812 = DIRECTION ( 'NONE',  ( -0.000000000000000000, -0.000000000000000000, -1.000000000000000000 ) ) ;
#1813 = ORIENTED_EDGE ( 'NONE', *, *, #328, .F. ) ;
#1814 = DIRECTION ( 'NONE',  ( 1.000000000000000000, 0.000000000000000000, 0.000000000000000000 ) ) ;
#1815 = FACE_OUTER_BOUND ( 'NONE', #2244, .T. ) ;
#1816 = CARTESIAN_POINT ( 'NONE',  ( -159.6091019875001393, -28.84864574484405253, 0.000000000000000000 ) ) ;
#1817 = FACE_BOUND ( 'NONE', #2391, .T. ) ;
#1818 = EDGE_LOOP ( 'NONE', ( #1566, #965 ) ) ;
#1819 = CARTESIAN_POINT ( 'NONE',  ( -151.2795128728081124, 37.59015045378915687, -0.000000000000000000 ) ) ;
#1820 = CARTESIAN_POINT ( 'NONE',  ( 148.1077071626621944, 38.02996357742399169, -0.000000000000000000 ) ) ;
#1821 = CIRCLE ( 'NONE', #2389, 3.299999999999997158 ) ;
#1822 = CARTESIAN_POINT ( 'NONE',  ( 137.4999999999999147, 12.50000000000004263, 6.735557395310440051E-17 ) ) ;
#1823 = CARTESIAN_POINT ( 'NONE',  ( -150.0124869399575687, -37.84060285367124976, 19.04999999999999716 ) ) ;
#1824 = ORIENTED_EDGE ( 'NONE', *, *, #1885, .T. ) ;
#1825 = FACE_OUTER_BOUND ( 'NONE', #2371, .T. ) ;
#1826 = ORIENTED_EDGE ( 'NONE', *, *, #1766, .T. ) ;
#1827 = DIRECTION ( 'NONE',  ( -0.000000000000000000, -0.000000000000000000, 1.000000000000000000 ) ) ;
#1828 = CARTESIAN_POINT ( 'NONE',  ( -80.00000000000001421, 1.095756906265703708E-12, -0.05000000000037613246 ) ) ;
#1829 = CIRCLE ( 'NONE', #727, 2.099999999999990763 ) ;
#1830 = CARTESIAN_POINT ( 'NONE',  ( -159.9277664625621753, -26.24148796883972068, -0.000000000000000000 ) ) ;
#1831 = CARTESIAN_POINT ( 'NONE',  ( 159.8934463299758875, -26.77293329759660878, 0.000000000000000000 ) ) ;
#1832 = ORIENTED_EDGE ( 'NONE', *, *, #1684, .T. ) ;
#1833 = CARTESIAN_POINT ( 'NONE',  ( -151.3425505587714781, 37.57570147815987127, -0.000000000000000000 ) ) ;
#1834 = CARTESIAN_POINT ( 'NONE',  ( 78.02148802745436740, 23.00000000000088107, 19.05000000000000071 ) ) ;
#1835 = ADVANCED_FACE ( 'NONE', ( #1825 ), #2222, .F. ) ;
#1836 = CARTESIAN_POINT ( 'NONE',  ( 115.8000000000000966, -12.50000000000004619, 19.05000000000000071 ) ) ;
#1837 = ORIENTED_EDGE ( 'NONE', *, *, #438, .F. ) ;
#1838 = VERTEX_POINT ( 'NONE', #1446 ) ;
#1839 = EDGE_CURVE ( 'NONE', #2262, #2013, #1449, .T. ) ;
#1840 = EDGE_CURVE ( 'NONE', #359, #959, #877, .T. ) ;
#1841 = CARTESIAN_POINT ( 'NONE',  ( 38.19999999999995310, 12.50000000000002487, 19.05000000000000071 ) ) ;
#1842 = DIRECTION ( 'NONE',  ( -0.000000000000000000, -0.000000000000000000, -1.000000000000000000 ) ) ;
#1843 = CARTESIAN_POINT ( 'NONE',  ( -159.4462672799863299, 29.56800644088464836, 19.05000000000000071 ) ) ;
#1844 = ORIENTED_EDGE ( 'NONE', *, *, #2508, .F. ) ;
#1845 = CARTESIAN_POINT ( 'NONE',  ( -151.2524303477725027, 37.59628541688970671, -0.000000000000000000 ) ) ;
#1846 = CARTESIAN_POINT ( 'NONE',  ( -134.1999999999999886, 12.49999999999995737, 19.05000000000000071 ) ) ;
#1847 = EDGE_CURVE ( 'NONE', #1088, #2405, #462, .T. ) ;
#1848 = CARTESIAN_POINT ( 'NONE',  ( -160.0000000000000284, -23.10000000000002984, 20.00249999999999773 ) ) ;
#1849 = CIRCLE ( 'NONE', #1196, 2.100000000000004530 ) ;
#1850 = ORIENTED_EDGE ( 'NONE', *, *, #38, .F. ) ;
#1851 = CIRCLE ( 'NONE', #1764, 3.299999999999997158 ) ;
#1852 = DIRECTION ( 'NONE',  ( -1.000000000000000000, 0.000000000000000000, 0.000000000000000000 ) ) ;
#1853 = ORIENTED_EDGE ( 'NONE', *, *, #2399, .T. ) ;
#1854 = FACE_BOUND ( 'NONE', #769, .T. ) ;
#1855 = AXIS2_PLACEMENT_3D ( 'NONE', #2360, #1430, #1581 ) ;
#1856 = LINE ( 'NONE', #1715, #176 ) ;
#1857 = DIRECTION ( 'NONE',  ( -0.000000000000000000, -0.000000000000000000, 1.000000000000000000 ) ) ;
#1858 = ORIENTED_EDGE ( 'NONE', *, *, #883, .T. ) ;
#1859 = FACE_OUTER_BOUND ( 'NONE', #376, .T. ) ;
#1860 = DIRECTION ( 'NONE',  ( -1.000000000000000000, 0.000000000000000000, 0.000000000000000000 ) ) ;
#1861 = CARTESIAN_POINT ( 'NONE',  ( 147.5229707730092343, -38.10000000000002984, 6.032500000000001528 ) ) ;
#1862 = VERTEX_POINT ( 'NONE', #39 ) ;
#1863 = EDGE_CURVE ( 'NONE', #333, #1503, #1241, .T. ) ;
#1864 = CARTESIAN_POINT ( 'NONE',  ( 160.0000000000000284, 23.10000000000002984, 19.05000000000000071 ) ) ;
#1865 = VERTEX_POINT ( 'NONE', #475 ) ;
#1866 = AXIS2_PLACEMENT_3D ( 'NONE', #2344, #1538, #1136 ) ;
#1867 = CARTESIAN_POINT ( 'NONE',  ( 137.4999999999999432, -12.49999999999995914, 0.000000000000000000 ) ) ;
#1868 = DIRECTION ( 'NONE',  ( 0.000000000000000000, 0.000000000000000000, -1.000000000000000000 ) ) ;
#1869 = ORIENTED_EDGE ( 'NONE', *, *, #1305, .F. ) ;
#1870 = CARTESIAN_POINT ( 'NONE',  ( -112.5000000000000711, 12.50000000000004441, 0.000000000000000000 ) ) ;
#1871 = CARTESIAN_POINT ( 'NONE',  ( -160.0000000000000284, 38.10000000000002984, 0.000000000000000000 ) ) ;
#1872 = AXIS2_PLACEMENT_3D ( 'NONE', #796, #1982, #389 ) ;
#1873 = EDGE_CURVE ( 'NONE', #2092, #959, #82, .T. ) ;
#1874 = CARTESIAN_POINT ( 'NONE',  ( 158.9246212024587521, -33.70660171779825731, -0.9524999999999984590 ) ) ;
#1875 = EDGE_LOOP ( 'NONE', ( #2040, #1844 ) ) ;
#1876 = CARTESIAN_POINT ( 'NONE',  ( 159.9113858492552822, -26.47656675366214785, 19.05000000000000071 ) ) ;
#1877 = VERTEX_POINT ( 'NONE', #1253 ) ;
#1878 = CARTESIAN_POINT ( 'NONE',  ( -160.0000000000000284, -23.10000000000002984, 0.000000000000000000 ) ) ;
#1879 = ADVANCED_FACE ( 'NONE', ( #422 ), #1050, .F. ) ;
#1880 = CARTESIAN_POINT ( 'NONE',  ( -112.5000000000000426, -12.49999999999995737, 19.05000000000000071 ) ) ;
#1881 = EDGE_LOOP ( 'NONE', ( #2061, #1414, #83, #2251 ) ) ;
#1882 = DIRECTION ( 'NONE',  ( -0.000000000000000000, -0.000000000000000000, 1.000000000000000000 ) ) ;
#1883 = DIRECTION ( 'NONE',  ( -0.000000000000000000, -0.000000000000000000, -1.000000000000000000 ) ) ;
#1884 = ORIENTED_EDGE ( 'NONE', *, *, #1929, .T. ) ;
#1885 = EDGE_CURVE ( 'NONE', #2305, #2125, #1977, .T. ) ;
#1886 = CARTESIAN_POINT ( 'NONE',  ( 159.9281531523184867, -26.23559041248386237, 19.05000000000000071 ) ) ;
#1887 = EDGE_LOOP ( 'NONE', ( #639, #1721 ) ) ;
#1888 = CIRCLE ( 'NONE', #628, 2.100000000000004530 ) ;
#1889 = DIRECTION ( 'NONE',  ( -0.000000000000000000, -0.000000000000000000, -1.000000000000000000 ) ) ;
#1890 = DIRECTION ( 'NONE',  ( -0.000000000000000000, -0.000000000000000000, 1.000000000000000000 ) ) ;
#1891 = AXIS2_PLACEMENT_3D ( 'NONE', #285, #802, #640 ) ;
#1892 = EDGE_CURVE ( 'NONE', #1636, #434, #356, .T. ) ;
#1893 = ORIENTED_EDGE ( 'NONE', *, *, #775, .F. ) ;
#1894 = DIRECTION ( 'NONE',  ( -1.000000000000000000, 0.000000000000000000, 0.000000000000000000 ) ) ;
#1895 = CARTESIAN_POINT ( 'NONE',  ( 147.5229707730091206, 38.10000000000002984, 6.032500000000001528 ) ) ;
#1896 = CARTESIAN_POINT ( 'NONE',  ( 95.12148802745437592, 23.00000000000087041, 19.05000000000000071 ) ) ;
#1897 = DIRECTION ( 'NONE',  ( -0.000000000000000000, -0.000000000000000000, 1.000000000000000000 ) ) ;
#1898 = ORIENTED_EDGE ( 'NONE', *, *, #1426, .F. ) ;
#1899 = DIRECTION ( 'NONE',  ( -0.000000000000000000, -0.000000000000000000, 1.000000000000000000 ) ) ;
#1900 = MANIFOLD_SOLID_BREP ( 'M16 Clearance Hole1', #179 ) ;
#1901 = CARTESIAN_POINT ( 'NONE',  ( 147.4019868233723116, -38.07611325583577866, -0.000000000000000000 ) ) ;
#1902 = CARTESIAN_POINT ( 'NONE',  ( -160.0000000000000284, 25.62297077300922510, 20.00250000000000128 ) ) ;
#1903 = ORIENTED_EDGE ( 'NONE', *, *, #2408, .F. ) ;
#1904 = CARTESIAN_POINT ( 'NONE',  ( -78.02148802745529110, 23.00000000000002132, 19.05000000000000071 ) ) ;
#1905 = CARTESIAN_POINT ( 'NONE',  ( 159.4462672799863299, -29.56800644088464836, 19.05000000000000071 ) ) ;
#1906 = CIRCLE ( 'NONE', #77, 3.299999999999997158 ) ;
#1907 = ORIENTED_EDGE ( 'NONE', *, *, #480, .T. ) ;
#1908 = CARTESIAN_POINT ( 'NONE',  ( 88.00000000000004263, 9.020562075079396891E-13, -0.05000000000037613246 ) ) ;
#1909 = DIRECTION ( 'NONE',  ( -0.000000000000000000, -0.000000000000000000, 1.000000000000000000 ) ) ;
#1910 = VERTEX_POINT ( 'NONE', #1120 ) ;
#1911 = CARTESIAN_POINT ( 'NONE',  ( 137.4999999999999432, -12.49999999999995914, 6.735557395310440051E-17 ) ) ;
#1912 = CARTESIAN_POINT ( 'NONE',  ( 80.12148802745433329, -22.99999999999911893, 19.05000000000000071 ) ) ;
#1913 = CARTESIAN_POINT ( 'NONE',  ( -160.0000000000000284, 25.62297077300922510, -0.9524999999999984590 ) ) ;
#1914 = EDGE_LOOP ( 'NONE', ( #279, #1369 ) ) ;
#1915 = AXIS2_PLACEMENT_3D ( 'NONE', #496, #1882, #1465 ) ;
#1916 = DIRECTION ( 'NONE',  ( -0.000000000000000000, -0.000000000000000000, -1.000000000000000000 ) ) ;
#1917 = DIRECTION ( 'NONE',  ( -0.000000000000000000, -0.000000000000000000, -1.000000000000000000 ) ) ;
#1918 = CARTESIAN_POINT ( 'NONE',  ( -147.9502167486484154, -38.03954347574534012, -0.000000000000000000 ) ) ;
#1919 = CARTESIAN_POINT ( 'NONE',  ( -134.1999999999999034, -12.50000000000004441, 19.05000000000000071 ) ) ;
#1920 = ORIENTED_EDGE ( 'NONE', *, *, #858, .T. ) ;
#1921 = PLANE ( 'NONE',  #1293 ) ;
#1922 = CARTESIAN_POINT ( 'NONE',  ( 145.0000000000000284, -38.10000000000002984, 0.000000000000000000 ) ) ;
#1923 = CARTESIAN_POINT ( 'NONE',  ( -31.80000000000005045, 12.49999999999998934, 0.000000000000000000 ) ) ;
#1924 = EDGE_LOOP ( 'NONE', ( #128, #188, #2398, #1101 ) ) ;
#1925 = CARTESIAN_POINT ( 'NONE',  ( -88.00000000000002842, 1.096736623705021589E-12, 0.000000000000000000 ) ) ;
#1926 = CARTESIAN_POINT ( 'NONE',  ( 156.0157726676659422, -35.49145963392415837, 19.04999999999999716 ) ) ;
#1927 = AXIS2_PLACEMENT_3D ( 'NONE', #383, #566, #361 ) ;
#1928 = DIRECTION ( 'NONE',  ( 1.000000000000000000, 0.000000000000000000, 0.000000000000000000 ) ) ;
#1929 = EDGE_CURVE ( 'NONE', #1597, #1478, #1133, .T. ) ;
#1930 = VERTEX_POINT ( 'NONE', #2482 ) ;
#1931 = DIRECTION ( 'NONE',  ( 1.000000000000000000, 0.000000000000000000, 0.000000000000000000 ) ) ;
#1932 = CARTESIAN_POINT ( 'NONE',  ( 159.9308756247091878, 26.19345663841180993, 19.05000000000000071 ) ) ;
#1933 = CARTESIAN_POINT ( 'NONE',  ( -159.5537941503876311, -29.08887963675418931, 19.05000000000000426 ) ) ;
#1934 = ORIENTED_EDGE ( 'NONE', *, *, #405, .F. ) ;
#1935 = DIRECTION ( 'NONE',  ( -0.000000000000000000, -0.000000000000000000, -1.000000000000000000 ) ) ;
#1936 = CARTESIAN_POINT ( 'NONE',  ( 148.1020126536000419, -38.03032882604239973, 19.04999999999999716 ) ) ;
#1937 = CIRCLE ( 'NONE', #71, 2.100000000000004530 ) ;
#1938 = FACE_OUTER_BOUND ( 'NONE', #724, .T. ) ;
#1939 = MECHANICAL_DESIGN_GEOMETRIC_PRESENTATION_REPRESENTATION (  '', ( #803 ), #1332 ) ;
#1940 = CARTESIAN_POINT ( 'NONE',  ( -80.12148802745528542, 23.00000000000002132, 0.000000000000000000 ) ) ;
#1941 = CARTESIAN_POINT ( 'NONE',  ( -145.0000000000000568, -38.10000000000002984, 12.69999999999836504 ) ) ;
#1942 = EDGE_CURVE ( 'NONE', #1348, #318, #573, .T. ) ;
#1943 = CARTESIAN_POINT ( 'NONE',  ( -134.1999999999999886, 12.49999999999995737, 6.735557395310440051E-17 ) ) ;
#1944 = VECTOR ( 'NONE', #2410, 1000.000000000000000 ) ;
#1945 = CARTESIAN_POINT ( 'NONE',  ( -95.12148802745527121, 23.00000000000001776, 19.05000000000000071 ) ) ;
#1946 = CARTESIAN_POINT ( 'NONE',  ( -112.5000000000000711, 12.50000000000004441, 19.05000000000000071 ) ) ;
#1947 = EDGE_LOOP ( 'NONE', ( #394, #203 ) ) ;
#1948 = ADVANCED_FACE ( 'NONE', ( #171 ), #184, .F. ) ;
#1949 = DIRECTION ( 'NONE',  ( 1.000000000000000000, 0.000000000000000000, 0.000000000000000000 ) ) ;
#1950 = CARTESIAN_POINT ( 'NONE',  ( 159.3852538959943388, -29.81644024586160668, 19.05000000000000071 ) ) ;
#1951 = EDGE_LOOP ( 'NONE', ( #1316, #2015 ) ) ;
#1952 = CARTESIAN_POINT ( 'NONE',  ( 159.9999999999999432, 28.14594154601841680, 6.032500000000001528 ) ) ;
#1953 = ADVANCED_FACE ( 'NONE', ( #196 ), #736, .F. ) ;
#1954 = LINE ( 'NONE', #1038, #2337 ) ;
#1955 = DIRECTION ( 'NONE',  ( -0.000000000000000000, -0.000000000000000000, -1.000000000000000000 ) ) ;
#1956 = ORIENTED_EDGE ( 'NONE', *, *, #48, .F. ) ;
#1957 = DIRECTION ( 'NONE',  ( 1.000000000000000000, 0.000000000000000000, 0.000000000000000000 ) ) ;
#1958 = CARTESIAN_POINT ( 'NONE',  ( 159.9999999999999147, 24.45774151563709964, 0.000000000000000000 ) ) ;
#1959 = CARTESIAN_POINT ( 'NONE',  ( -155.6066017177982417, -37.02462120245878197, 13.01750000002953556 ) ) ;
#1960 = CARTESIAN_POINT ( 'NONE',  ( -159.5124794137433923, -29.28007632255328829, 19.05000000000000071 ) ) ;
#1961 = ORIENTED_EDGE ( 'NONE', *, *, #485, .T. ) ;
#1962 = DIRECTION ( 'NONE',  ( 1.000000000000000000, 0.000000000000000000, 0.000000000000000000 ) ) ;
#1963 = EDGE_LOOP ( 'NONE', ( #868, #1354 ) ) ;
#1964 = CARTESIAN_POINT ( 'NONE',  ( 150.0459415460182981, 38.10000000000002984, 6.032500000000001528 ) ) ;
#1965 = VECTOR ( 'NONE', #846, 1000.000000000000000 ) ;
#1966 = CARTESIAN_POINT ( 'NONE',  ( -159.9263222964117119, -26.26335324555887141, -0.000000000000000000 ) ) ;
#1967 = ADVANCED_FACE ( 'NONE', ( #2331 ), #1709, .F. ) ;
#1968 = ADVANCED_FACE ( 'NONE', ( #1754 ), #1921, .T. ) ;
#1969 = AXIS2_PLACEMENT_3D ( 'NONE', #1296, #2304, #375 ) ;
#1970 = CARTESIAN_POINT ( 'NONE',  ( 160.0000000000000284, -23.10000000000002984, 0.000000000000000000 ) ) ;
#1971 = CARTESIAN_POINT ( 'NONE',  ( -159.9303288260423415, 26.20201265360678988, -0.000000000000000000 ) ) ;
#1972 = AXIS2_PLACEMENT_3D ( 'NONE', #2206, #1391, #447 ) ;
#1973 = CARTESIAN_POINT ( 'NONE',  ( 112.5000000000000142, 12.49999999999995559, 19.05000000000000071 ) ) ;
#1974 = CARTESIAN_POINT ( 'NONE',  ( -145.0000000000000568, -38.10000000000002984, 13.01750000002953556 ) ) ;
#1975 = LINE ( 'NONE', #1635, #1583 ) ;
#1976 = ORIENTED_EDGE ( 'NONE', *, *, #910, .T. ) ;
#1977 = LINE ( 'NONE', #2000, #2187 ) ;
#1978 = VERTEX_POINT ( 'NONE', #1943 ) ;
#1979 = CARTESIAN_POINT ( 'NONE',  ( -80.00000000000001421, 1.095756906265703708E-12, 19.05000000000000071 ) ) ;
#1980 = CARTESIAN_POINT ( 'NONE',  ( -150.9888796367264092, -37.65379415039195266, -0.000000000000000000 ) ) ;
#1981 = FACE_BOUND ( 'NONE', #2190, .T. ) ;
#1982 = DIRECTION ( 'NONE',  ( -0.000000000000000000, -0.000000000000000000, -1.000000000000000000 ) ) ;
#1983 = CARTESIAN_POINT ( 'NONE',  ( 159.4462672799968175, 29.56800644086945340, -0.000000000000000000 ) ) ;
#1984 = PRESENTATION_LAYER_ASSIGNMENT (  '', '', ( #803 ) ) ;
#1985 = CARTESIAN_POINT ( 'NONE',  ( 148.1414879688380779, 38.02776646256245385, 19.04999999999999716 ) ) ;
#1986 = VERTEX_POINT ( 'NONE', #956 ) ;
#1987 = CARTESIAN_POINT ( 'NONE',  ( 38.20000000000003837, -12.49999999999997691, 19.05000000000000071 ) ) ;
#1988 = ORIENTED_EDGE ( 'NONE', *, *, #1529, .F. ) ;
#1989 = FACE_BOUND ( 'NONE', #1887, .T. ) ;
#1990 = VECTOR ( 'NONE', #1197, 1000.000000000000000 ) ;
#1991 = LINE ( 'NONE', #87, #780 ) ;
#1992 = AXIS2_PLACEMENT_3D ( 'NONE', #84, #681, #1799 ) ;
#1993 = ADVANCED_FACE ( 'NONE', ( #981 ), #2306, .F. ) ;
#1994 = DIRECTION ( 'NONE',  ( -1.000000000000000000, 0.000000000000000000, 0.000000000000000000 ) ) ;
#1995 = LINE ( 'NONE', #251, #840 ) ;
#1996 = CARTESIAN_POINT ( 'NONE',  ( 159.6091019874835126, 28.84864574485848365, 0.000000000000000000 ) ) ;
#1997 = CARTESIAN_POINT ( 'NONE',  ( 147.4019868231003159, 38.07611325583580708, 19.05000000000000426 ) ) ;
#1998 = CARTESIAN_POINT ( 'NONE',  ( 38.20000000000003837, -12.49999999999997691, 0.000000000000000000 ) ) ;
#1999 = EDGE_LOOP ( 'NONE', ( #1405, #933, #928, #498 ) ) ;
#2000 = CARTESIAN_POINT ( 'NONE',  ( 78.02148802745436740, 23.00000000000088107, 19.05000000000000071 ) ) ;
#2001 = ORIENTED_EDGE ( 'NONE', *, *, #2444, .F. ) ;
#2002 = FACE_BOUND ( 'NONE', #1573, .T. ) ;
#2003 = FACE_OUTER_BOUND ( 'NONE', #494, .T. ) ;
#2004 = CARTESIAN_POINT ( 'NONE',  ( -151.1800763225513151, -37.61247941374372061, -0.000000000000000000 ) ) ;
#2005 = FACE_OUTER_BOUND ( 'NONE', #1009, .T. ) ;
#2006 = ORIENTED_EDGE ( 'NONE', *, *, #1873, .T. ) ;
#2007 = CARTESIAN_POINT ( 'NONE',  ( -158.8907412229816316, 31.48769353052348308, 0.000000000000000000 ) ) ;
#2008 = CARTESIAN_POINT ( 'NONE',  ( 93.02148802745438161, 23.00000000000087041, 0.000000000000000000 ) ) ;
#2009 = EDGE_CURVE ( 'NONE', #2074, #2416, #355, .T. ) ;
#2010 = CARTESIAN_POINT ( 'NONE',  ( 148.3765667536614501, 38.01138584925222830, 19.05000000000000071 ) ) ;
#2011 = CARTESIAN_POINT ( 'NONE',  ( -145.0000000000000853, -38.10000000000002984, 19.05000000000000071 ) ) ;
#2012 = CIRCLE ( 'NONE', #427, 3.299999999999997158 ) ;
#2013 = VERTEX_POINT ( 'NONE', #785 ) ;
#2014 = CARTESIAN_POINT ( 'NONE',  ( 93.02148802745438161, 23.00000000000087041, 19.05000000000000071 ) ) ;
#2015 = ORIENTED_EDGE ( 'NONE', *, *, #2236, .F. ) ;
#2016 = DIRECTION ( 'NONE',  ( 0.000000000000000000, 0.000000000000000000, -1.000000000000000000 ) ) ;
#2017 = CARTESIAN_POINT ( 'NONE',  ( -95.12148802745527121, 23.00000000000001776, 19.05000000000000071 ) ) ;
#2018 = CARTESIAN_POINT ( 'NONE',  ( -160.0000000000000284, -24.45774151532582863, 0.000000000000000000 ) ) ;
#2019 = CARTESIAN_POINT ( 'NONE',  ( 159.9488480052552575, -25.87853312250385329, -0.000000000000000000 ) ) ;
#2020 = VERTEX_POINT ( 'NONE', #2507 ) ;
#2021 = CARTESIAN_POINT ( 'NONE',  ( -159.6763465629122436, 28.45634727160796729, -0.000000000000000000 ) ) ;
#2022 = CYLINDRICAL_SURFACE ( 'NONE', #246, 3.299999999999997158 ) ;
#2023 = AXIS2_PLACEMENT_3D ( 'NONE', #1688, #1890, #2437 ) ;
#2024 = CARTESIAN_POINT ( 'NONE',  ( -158.9246212024587521, -33.70660171779825731, -0.9524999999999984590 ) ) ;
#2025 = ADVANCED_FACE ( 'NONE', ( #2103 ), #1563, .F. ) ;
#2026 = EDGE_CURVE ( 'NONE', #2412, #944, #2233, .T. ) ;
#2027 = ORIENTED_EDGE ( 'NONE', *, *, #1781, .F. ) ;
#2028 =( LENGTH_UNIT ( ) NAMED_UNIT ( * ) SI_UNIT ( .MILLI., .METRE. ) );
#2029 = ORIENTED_EDGE ( 'NONE', *, *, #2313, .T. ) ;
#2030 = CARTESIAN_POINT ( 'NONE',  ( 95.12148802745437592, 23.00000000000087041, 0.000000000000000000 ) ) ;
#2031 = CARTESIAN_POINT ( 'NONE',  ( -160.0000000000000284, 23.10000000000002984, 12.70000000000038121 ) ) ;
#2032 = CIRCLE ( 'NONE', #1262, 2.100000000000004530 ) ;
#2033 = CARTESIAN_POINT ( 'NONE',  ( 93.02148802745432477, -22.99999999999912959, 19.05000000000000071 ) ) ;
#2034 = EDGE_CURVE ( 'NONE', #1001, #751, #596, .T. ) ;
#2035 = ORIENTED_EDGE ( 'NONE', *, *, #374, .T. ) ;
#2036 = CIRCLE ( 'NONE', #939, 3.199999999999994404 ) ;
#2037 = CYLINDRICAL_SURFACE ( 'NONE', #990, 3.299999999999997158 ) ;
#2038 = DIRECTION ( 'NONE',  ( -1.000000000000000000, 0.000000000000000000, 0.000000000000000000 ) ) ;
#2039 = CARTESIAN_POINT ( 'NONE',  ( -160.0000000000000284, -28.14594154601842035, 20.00249999999999773 ) ) ;
#2040 = ORIENTED_EDGE ( 'NONE', *, *, #1294, .F. ) ;
#2041 = AXIS2_PLACEMENT_3D ( 'NONE', #1221, #1560, #2377 ) ;
#2042 = PLANE ( 'NONE',  #193 ) ;
#2043 = EDGE_LOOP ( 'NONE', ( #1552, #665, #1292, #272 ) ) ;
#2044 = CARTESIAN_POINT ( 'NONE',  ( 0.000000000000000000, 0.000000000000000000, 0.000000000000000000 ) ) ;
#2045 = CYLINDRICAL_SURFACE ( 'NONE', #911, 3.299999999999997158 ) ;
#2046 = CARTESIAN_POINT ( 'NONE',  ( -147.4096270052110071, 38.06553198920433090, 19.05000000000000071 ) ) ;
#2047 = EDGE_CURVE ( 'NONE', #366, #751, #236, .T. ) ;
#2048 = ORIENTED_EDGE ( 'NONE', *, *, #2047, .T. ) ;
#2049 = DIRECTION ( 'NONE',  ( -1.000000000000000000, 0.000000000000000000, 0.000000000000000000 ) ) ;
#2050 = CARTESIAN_POINT ( 'NONE',  ( 80.12148802745437592, 23.00000000000088107, 19.05000000000000071 ) ) ;
#2051 = CARTESIAN_POINT ( 'NONE',  ( 155.6066017177982417, -37.02462120245878197, -0.9524999999999984590 ) ) ;
#2052 = AXIS2_PLACEMENT_3D ( 'NONE', #1626, #1067, #97 ) ;
#2053 = VERTEX_POINT ( 'NONE', #149 ) ;
#2054 = AXIS2_PLACEMENT_3D ( 'NONE', #2057, #1110, #1698 ) ;
#2055 = CARTESIAN_POINT ( 'NONE',  ( 78.02148802745432477, -22.99999999999911893, 19.05000000000000071 ) ) ;
#2056 = VERTEX_POINT ( 'NONE', #930 ) ;
#2057 = CARTESIAN_POINT ( 'NONE',  ( 0.000000000000000000, 0.000000000000000000, 0.000000000000000000 ) ) ;
#2058 = CARTESIAN_POINT ( 'NONE',  ( -34.99999999999996447, -12.50000000000001243, 0.000000000000000000 ) ) ;
#2059 = CARTESIAN_POINT ( 'NONE',  ( -148.0733928417710104, 38.03214396844102652, 19.04999999999999716 ) ) ;
#2060 = EDGE_CURVE ( 'NONE', #1503, #1838, #1460, .T. ) ;
#2061 = ORIENTED_EDGE ( 'NONE', *, *, #513, .F. ) ;
#2062 = DIRECTION ( 'NONE',  ( -0.000000000000000000, -0.000000000000000000, -1.000000000000000000 ) ) ;
#2063 = CARTESIAN_POINT ( 'NONE',  ( 82.22148802745432761, -22.99999999999911893, 0.000000000000000000 ) ) ;
#2064 = CARTESIAN_POINT ( 'NONE',  ( 160.0000000000000284, -25.62297077300922510, 13.01749999999318597 ) ) ;
#2065 = ORIENTED_EDGE ( 'NONE', *, *, #274, .F. ) ;
#2066 = CIRCLE ( 'NONE', #1493, 3.199999999999994404 ) ;
#2067 = EDGE_CURVE ( 'NONE', #1697, #2438, #4, .T. ) ;
#2068 = CARTESIAN_POINT ( 'NONE',  ( 159.7406028537103850, -28.11248693982341607, 19.04999999999999716 ) ) ;
#2069 = ORIENTED_EDGE ( 'NONE', *, *, #1746, .F. ) ;
#2070 = AXIS2_PLACEMENT_3D ( 'NONE', #561, #2152, #1322 ) ;
#2071 = DIRECTION ( 'NONE',  ( -0.000000000000000000, -0.000000000000000000, 1.000000000000000000 ) ) ;
#2072 = DIRECTION ( 'NONE',  ( 0.000000000000000000, 0.000000000000000000, -1.000000000000000000 ) ) ;
#2073 = B_SPLINE_CURVE_WITH_KNOTS ( 'NONE', 3,
 ( #584, #1161, #161, #2295, #574, #1346, #2497, #551, #1932, #968, #1323, #2105, #1359, #197, #1505, #2279, #535, #1592, #1771, #1372, #1412, #2380, #2188, #2176, #2369, #1605, #1782, #10, #823, #1045, #457, #1564, #229, #636, #597, #23, #1213, #210, #786, #2346, #445, #2010, #1224, #1019, #2395, #996, #1985, #1401, #1997, #1388, #253 ),
 .UNSPECIFIED., .F., .F.,
 ( 4, 1, 1, 1, 1, 1, 1, 1, 2, 2, 1, 1, 1, 1, 1, 1, 2, 2, 2, 2, 1, 1, 1, 1, 1, 1, 1, 2, 2, 1, 1, 1, 1, 1, 1, 1, 2, 2, 4 ),
 ( 0.000000000000000000, 0.06249999999992625344, 0.09374999999988938015, 0.1093749999998712696, 0.1171874999998624850, 0.1210937499998579608, 0.1230468749998558375, 0.1240234374998547828, 0.1245117187498544081, 0.1249999999998540334, 0.1874999999997863098, 0.2187499999997520039, 0.2343749999997348510, 0.2421874999997266353, 0.2460937499997227496, 0.2480468749997205846, 0.2490234374997197242, 0.2499999999997188360, 0.3749999999996517785, 0.4999999999995847766, 0.6249999999995176081, 0.6874999999994826361, 0.7187499999994637623, 0.7343749999994557687, 0.7421874999994504396, 0.7460937499994492184, 0.7480468749994484412, 0.7490234374994478861, 0.7499999999994474420, 0.8124999999994148014, 0.8437499999994000355, 0.8593749999993927080, 0.8671874999993890443, 0.8710937499993887112, 0.8730468749993900435, 0.8740234374993892663, 0.8745117187493888222, 0.8749999999993882671, 1.000000000000000000 ),
 .UNSPECIFIED. ) ;
#2074 = VERTEX_POINT ( 'NONE', #209 ) ;
#2075 = CARTESIAN_POINT ( 'NONE',  ( 35.00000000000004263, -12.49999999999997691, 19.05000000000000071 ) ) ;
#2076 = CARTESIAN_POINT ( 'NONE',  ( 160.0000000000000284, -28.14594154601841680, 13.01749999999318597 ) ) ;
#2077 = ORIENTED_EDGE ( 'NONE', *, *, #679, .F. ) ;
#2078 = CIRCLE ( 'NONE', #2361, 3.299999999999997158 ) ;
#2079 = CARTESIAN_POINT ( 'NONE',  ( 159.8925710178682493, -26.71786559698660923, 19.04999999999999716 ) ) ;
#2080 = EDGE_CURVE ( 'NONE', #1179, #2278, #565, .T. ) ;
#2081 = ORIENTED_EDGE ( 'NONE', *, *, #1839, .F. ) ;
#2082 = DIRECTION ( 'NONE',  ( 0.000000000000000000, 0.000000000000000000, -1.000000000000000000 ) ) ;
#2083 = CARTESIAN_POINT ( 'NONE',  ( -158.2307682493867276, 32.94759922047237666, 19.04999999999999005 ) ) ;
#2084 = ORIENTED_EDGE ( 'NONE', *, *, #1351, .T. ) ;
#2085 = CARTESIAN_POINT ( 'NONE',  ( -35.00000000000004263, 12.49999999999998934, 19.05000000000000071 ) ) ;
#2086 = DIRECTION ( 'NONE',  ( -0.000000000000000000, -0.000000000000000000, 1.000000000000000000 ) ) ;
#2087 = CARTESIAN_POINT ( 'NONE',  ( -112.5000000000000711, 12.50000000000004441, 6.735557395310440051E-17 ) ) ;
#2088 = VERTEX_POINT ( 'NONE', #1806 ) ;
#2089 = AXIS2_PLACEMENT_3D ( 'NONE', #1395, #2171, #426 ) ;
#2090 = B_SPLINE_SURFACE_WITH_KNOTS ( 'NONE', 5, 3, ( 
 ( #2409, #2254, #317, #103 ),
 ( #92, #1861, #1441, #78 ),
 ( #330, #497, #1098, #881 ),
 ( #2051, #296, #867, #1466 ),
 ( #1874, #1264, #2231, #1658 ),
 ( #1285, #688, #2076, #2243 ),
 ( #1487, #711, #2064, #853 ),
 ( #1074, #1251, #1669, #1276 ) ),
 .UNSPECIFIED., .F., .F., .F.,
 ( 6, 2, 6 ),
 ( 4, 4 ),
 ( 0.000000000000000000, 0.5000000000000000000, 1.000000000000000000 ),
 ( -0.02000249999999999945, 0.0009525000000000001131 ),
 .UNSPECIFIED. ) ;
#2091 = DIRECTION ( 'NONE',  ( 1.000000000000000000, 0.000000000000000000, 0.000000000000000000 ) ) ;
#2092 = VERTEX_POINT ( 'NONE', #2008 ) ;
#2093 = AXIS2_PLACEMENT_3D ( 'NONE', #755, #1883, #2492 ) ;
#2094 = CARTESIAN_POINT ( 'NONE',  ( 88.00000000000004263, 9.020562075079396891E-13, 0.000000000000000000 ) ) ;
#2095 = CARTESIAN_POINT ( 'NONE',  ( 151.1654427389764521, -37.61571191875164288, 19.05000000000000071 ) ) ;
#2096 = VECTOR ( 'NONE', #2513, 1000.000000000000000 ) ;
#2097 = EDGE_CURVE ( 'NONE', #2297, #2102, #115, .T. ) ;
#2098 = EDGE_LOOP ( 'NONE', ( #1767, #2338 ) ) ;
#2099 = CARTESIAN_POINT ( 'NONE',  ( 80.00000000000002842, 9.020562075079396891E-13, 0.000000000000000000 ) ) ;
#2100 = CARTESIAN_POINT ( 'NONE',  ( 8.499999999999996447, 0.000000000000000000, 19.05000000000000071 ) ) ;
#2101 = CYLINDRICAL_SURFACE ( 'NONE', #1068, 3.299999999999997158 ) ;
#2102 = VERTEX_POINT ( 'NONE', #1424 ) ;
#2103 = FACE_OUTER_BOUND ( 'NONE', #297, .T. ) ;
#2104 = EDGE_CURVE ( 'NONE', #1986, #1865, #2111, .T. ) ;
#2105 = CARTESIAN_POINT ( 'NONE',  ( 159.9298796836429517, 26.20901596795806299, 19.05000000000000071 ) ) ;
#2106 = CARTESIAN_POINT ( 'NONE',  ( -160.0000000000000284, 25.62297077300922510, 13.01749999999318597 ) ) ;
#2107 = EDGE_LOOP ( 'NONE', ( #2373, #885, #1661, #1125 ) ) ;
#2108 = APPLICATION_PROTOCOL_DEFINITION ( 'draft international standard', 'automotive_design', 1998, #528 ) ;
#2109 = CARTESIAN_POINT ( 'NONE',  ( -78.02148802745526268, -22.99999999999997868, 19.05000000000000071 ) ) ;
#2110 = CARTESIAN_POINT ( 'NONE',  ( 159.5027850350247718, -29.32357529876372837, 19.05000000000000071 ) ) ;
#2111 = CIRCLE ( 'NONE', #192, 8.000000000000007105 ) ;
#2112 = EDGE_CURVE ( 'NONE', #1088, #2088, #1906, .T. ) ;
#2113 = CARTESIAN_POINT ( 'NONE',  ( -31.80000000000005045, 12.49999999999998934, 19.05000000000000071 ) ) ;
#2114 = ORIENTED_EDGE ( 'NONE', *, *, #2134, .T. ) ;
#2115 = CARTESIAN_POINT ( 'NONE',  ( 147.7785331223465448, 38.04884800525532995, -0.000000000000000000 ) ) ;
#2116 = CARTESIAN_POINT ( 'NONE',  ( 159.5537941503788204, -29.08887963679248401, -0.000000000000000000 ) ) ;
#2117 = CARTESIAN_POINT ( 'NONE',  ( -160.0000000000000284, -23.10000000000002984, 19.05000000000000071 ) ) ;
#2118 = ORIENTED_EDGE ( 'NONE', *, *, #2385, .F. ) ;
#2119 = VECTOR ( 'NONE', #721, 1000.000000000000000 ) ;
#2120 = DIRECTION ( 'NONE',  ( -1.000000000000000000, 0.000000000000000000, 0.000000000000000000 ) ) ;
#2121 = CARTESIAN_POINT ( 'NONE',  ( 151.1856578000048330, -37.61124365362078237, 19.05000000000000071 ) ) ;
#2122 = AXIS2_PLACEMENT_3D ( 'NONE', #646, #2341, #2149 ) ;
#2123 = ADVANCED_FACE ( 'NONE', ( #662 ), #1439, .F. ) ;
#2124 = DIRECTION ( 'NONE',  ( 0.000000000000000000, 0.000000000000000000, -1.000000000000000000 ) ) ;
#2125 = VERTEX_POINT ( 'NONE', #1834 ) ;
#2126 = DIRECTION ( 'NONE',  ( -0.000000000000000000, -0.000000000000000000, 1.000000000000000000 ) ) ;
#2127 = DIRECTION ( 'NONE',  ( -0.000000000000000000, -0.000000000000000000, 1.000000000000000000 ) ) ;
#2128 = CARTESIAN_POINT ( 'NONE',  ( 0.000000000000000000, 0.000000000000000000, 0.000000000000000000 ) ) ;
#2129 = ORIENTED_EDGE ( 'NONE', *, *, #521, .F. ) ;
#2130 = DIRECTION ( 'NONE',  ( -0.000000000000000000, -0.000000000000000000, 1.000000000000000000 ) ) ;
#2131 = CARTESIAN_POINT ( 'NONE',  ( 150.3563472713296960, -37.77634656295981586, 19.04999999999999716 ) ) ;
#2132 = AXIS2_PLACEMENT_3D ( 'NONE', #2058, #693, #1112 ) ;
#2133 = CIRCLE ( 'NONE', #1651, 2.099999999999990763 ) ;
#2134 = EDGE_CURVE ( 'NONE', #1636, #1697, #2242, .T. ) ;
#2135 = DIRECTION ( 'NONE',  ( -0.000000000000000000, -0.000000000000000000, -1.000000000000000000 ) ) ;
#2136 = CARTESIAN_POINT ( 'NONE',  ( -95.12148802745527121, 23.00000000000001776, 19.05000000000000071 ) ) ;
#2137 = VERTEX_POINT ( 'NONE', #2452 ) ;
#2138 = DIRECTION ( 'NONE',  ( -0.000000000000000000, -0.000000000000000000, 1.000000000000000000 ) ) ;
#2139 = CARTESIAN_POINT ( 'NONE',  ( 151.2343605813246370, -37.60036262450644529, -0.000000000000000000 ) ) ;
#2140 = DIRECTION ( 'NONE',  ( 1.000000000000000000, 0.000000000000000000, 0.000000000000000000 ) ) ;
#2141 = VERTEX_POINT ( 'NONE', #1476 ) ;
#2142 = EDGE_CURVE ( 'NONE', #2397, #1910, #2433, .T. ) ;
#2143 = CARTESIAN_POINT ( 'NONE',  ( 144.9999999999999716, 38.10000000000002984, 0.000000000000000000 ) ) ;
#2144 = CARTESIAN_POINT ( 'NONE',  ( -159.8493586156891126, 27.19286732404842866, 19.04999999999999716 ) ) ;
#2145 = ORIENTED_EDGE ( 'NONE', *, *, #743, .F. ) ;
#2146 = CIRCLE ( 'NONE', #841, 3.299999999999997158 ) ;
#2147 = CARTESIAN_POINT ( 'NONE',  ( 160.0000000000000284, -23.10000000000002984, 0.000000000000000000 ) ) ;
#2148 = DIRECTION ( 'NONE',  ( 0.000000000000000000, 0.000000000000000000, 1.000000000000000000 ) ) ;
#2149 = DIRECTION ( 'NONE',  ( 1.000000000000000000, 0.000000000000000000, 0.000000000000000000 ) ) ;
#2150 = CARTESIAN_POINT ( 'NONE',  ( -140.7999999999999829, 12.49999999999995737, 0.000000000000000000 ) ) ;
#2151 = EDGE_CURVE ( 'NONE', #2256, #1978, #91, .T. ) ;
#2152 = DIRECTION ( 'NONE',  ( -0.000000000000000000, -0.000000000000000000, 1.000000000000000000 ) ) ;
#2153 = AXIS2_PLACEMENT_3D ( 'NONE', #320, #2246, #1852 ) ;
#2154 = CARTESIAN_POINT ( 'NONE',  ( 82.22148802745438445, 23.00000000000088107, 19.05000000000000071 ) ) ;
#2155 = CARTESIAN_POINT ( 'NONE',  ( -159.5964993823272380, -28.88055086311617359, 19.05000000000000426 ) ) ;
#2156 = ORIENTED_EDGE ( 'NONE', *, *, #2009, .F. ) ;
#2157 = EDGE_CURVE ( 'NONE', #2184, #331, #306, .T. ) ;
#2158 = CARTESIAN_POINT ( 'NONE',  ( 137.4999999999999432, -12.49999999999995914, 6.735557395310440051E-17 ) ) ;
#2159 = ORIENTED_EDGE ( 'NONE', *, *, #774, .T. ) ;
#2160 = CARTESIAN_POINT ( 'NONE',  ( -134.1999999999999034, -12.50000000000004441, 6.735557395310440051E-17 ) ) ;
#2161 = CARTESIAN_POINT ( 'NONE',  ( -151.1654427389794648, -37.61571191875138709, -0.000000000000000000 ) ) ;
#2162 = CARTESIAN_POINT ( 'NONE',  ( -80.12148802745528542, 23.00000000000002132, 19.05000000000000071 ) ) ;
#2163 = DIRECTION ( 'NONE',  ( 1.000000000000000000, 0.000000000000000000, 0.000000000000000000 ) ) ;
#2164 = CARTESIAN_POINT ( 'NONE',  ( 159.8925710178386908, 26.71786559707178554, -0.000000000000000000 ) ) ;
#2165 = CARTESIAN_POINT ( 'NONE',  ( -78.02148802745526268, -22.99999999999997868, 0.000000000000000000 ) ) ;
#2166 = ORIENTED_EDGE ( 'NONE', *, *, #138, .T. ) ;
#2167 = DIRECTION ( 'NONE',  ( -0.000000000000000000, -0.000000000000000000, 1.000000000000000000 ) ) ;
#2168 = EDGE_LOOP ( 'NONE', ( #586, #2006, #504, #52 ) ) ;
#2169 = CARTESIAN_POINT ( 'NONE',  ( 159.9999999999999432, 23.10000000000002984, 6.032500000000001528 ) ) ;
#2170 = VECTOR ( 'NONE', #260, 1000.000000000000000 ) ;
#2171 = DIRECTION ( 'NONE',  ( -0.000000000000000000, -0.000000000000000000, -1.000000000000000000 ) ) ;
#2172 = VECTOR ( 'NONE', #1909, 1000.000000000000000 ) ;
#2173 = DIRECTION ( 'NONE',  ( -0.000000000000000000, -0.000000000000000000, 1.000000000000000000 ) ) ;
#2174 = CARTESIAN_POINT ( 'NONE',  ( -159.8934463299758875, 26.77293329759660878, 0.000000000000000000 ) ) ;
#2175 = CARTESIAN_POINT ( 'NONE',  ( 159.4757014781636713, 29.44255055876321592, -0.000000000000000000 ) ) ;
#2176 = CARTESIAN_POINT ( 'NONE',  ( 158.8907412228867599, 31.48769353070527544, 19.05000000000000071 ) ) ;
#2177 = DIRECTION ( 'NONE',  ( 0.000000000000000000, -1.000000000000000000, 0.000000000000000000 ) ) ;
#2178 = ORIENTED_EDGE ( 'NONE', *, *, #493, .F. ) ;
#2179 = SURFACE_STYLE_USAGE ( .BOTH. , #842 ) ;
#2180 = ORIENTED_EDGE ( 'NONE', *, *, #1145, .T. ) ;
#2181 = LINE ( 'NONE', #2400, #896 ) ;
#2182 = CARTESIAN_POINT ( 'NONE',  ( -153.3876935305553673, -36.99074122298952005, 0.000000000000000000 ) ) ;
#2183 = FACE_BOUND ( 'NONE', #1579, .T. ) ;
#2184 = VERTEX_POINT ( 'NONE', #2063 ) ;
#2185 = DIRECTION ( 'NONE',  ( -0.000000000000000000, -0.000000000000000000, 1.000000000000000000 ) ) ;
#2186 = CARTESIAN_POINT ( 'NONE',  ( 148.1020126536003545, 38.03032882604240683, -0.000000000000000000 ) ) ;
#2187 = VECTOR ( 'NONE', #1010, 1000.000000000000000 ) ;
#2188 = CARTESIAN_POINT ( 'NONE',  ( 159.2520616358488610, 30.45120663288369656, 19.05000000000000426 ) ) ;
#2189 = DIRECTION ( 'NONE',  ( 0.000000000000000000, 0.000000000000000000, -1.000000000000000000 ) ) ;
#2190 = EDGE_LOOP ( 'NONE', ( #1265, #2424 ) ) ;
#2191 = CARTESIAN_POINT ( 'NONE',  ( 82.22148802745438445, 23.00000000000088107, 0.000000000000000000 ) ) ;
#2192 = VERTEX_POINT ( 'NONE', #2463 ) ;
#2193 = DIRECTION ( 'NONE',  ( 1.000000000000000000, 0.000000000000000000, 0.000000000000000000 ) ) ;
#2194 = CYLINDRICAL_SURFACE ( 'NONE', #1522, 2.099999999999990763 ) ;
#2195 = CARTESIAN_POINT ( 'NONE',  ( -159.4757014781588396, -29.44255055876959304, -0.000000000000000000 ) ) ;
#2196 = AXIS2_PLACEMENT_3D ( 'NONE', #1763, #941, #1207 ) ;
#2197 = ADVANCED_FACE ( 'NONE', ( #1284 ), #1073, .F. ) ;
#2198 = PRODUCT_DEFINITION_CONTEXT ( 'detailed design', #528, 'design' ) ;
#2199 = CYLINDRICAL_SURFACE ( 'NONE', #2041, 3.299999999999997158 ) ;
#2200 = EDGE_LOOP ( 'NONE', ( #1065, #720, #1832, #1243 ) ) ;
#2201 = DIRECTION ( 'NONE',  ( -1.000000000000000000, 0.000000000000000000, 0.000000000000000000 ) ) ;
#2202 = CARTESIAN_POINT ( 'NONE',  ( 159.9242757485464210, 26.29393100502108638, -0.000000000000000000 ) ) ;
#2203 = CARTESIAN_POINT ( 'NONE',  ( -150.0459415460184402, -38.10000000000002984, 20.00249999999999773 ) ) ;
#2204 = CARTESIAN_POINT ( 'NONE',  ( -159.2520616359046812, -30.45120663278768447, 19.05000000000000426 ) ) ;
#2205 = ORIENTED_EDGE ( 'NONE', *, *, #707, .T. ) ;
#2206 = CARTESIAN_POINT ( 'NONE',  ( -80.12148802745528542, 23.00000000000002132, 0.000000000000000000 ) ) ;
#2207 = ORIENTED_EDGE ( 'NONE', *, *, #898, .T. ) ;
#2208 = FACE_OUTER_BOUND ( 'NONE', #183, .T. ) ;
#2209 = DIRECTION ( 'NONE',  ( 1.000000000000000000, 0.000000000000000000, 0.000000000000000000 ) ) ;
#2210 = CARTESIAN_POINT ( 'NONE',  ( 137.4999999999999147, 12.50000000000004263, 0.000000000000000000 ) ) ;
#2211 = CIRCLE ( 'NONE', #2089, 3.299999999999997158 ) ;
#2212 = EDGE_CURVE ( 'NONE', #2056, #2074, #2078, .T. ) ;
#2213 = ADVANCED_FACE ( 'NONE', ( #516 ), #1643, .F. ) ;
#2214 = CARTESIAN_POINT ( 'NONE',  ( 159.6763465629122436, -28.45634727160796729, -0.000000000000000000 ) ) ;
#2215 = EDGE_LOOP ( 'NONE', ( #105, #906, #1749, #2518 ) ) ;
#2216 = CARTESIAN_POINT ( 'NONE',  ( -95.12148802745527121, -22.99999999999998224, 0.000000000000000000 ) ) ;
#2217 = CARTESIAN_POINT ( 'NONE',  ( -78.02148802745529110, 23.00000000000002132, 0.000000000000000000 ) ) ;
#2218 = CARTESIAN_POINT ( 'NONE',  ( -160.0000000000000284, -23.10000000000002984, 13.01750000002953556 ) ) ;
#2219 = CARTESIAN_POINT ( 'NONE',  ( -159.5112436536210794, -29.28565780000432639, 19.05000000000000071 ) ) ;
#2220 = AXIS2_PLACEMENT_3D ( 'NONE', #1481, #2082, #1270 ) ;
#2221 = ORIENTED_EDGE ( 'NONE', *, *, #985, .F. ) ;
#2222 = CYLINDRICAL_SURFACE ( 'NONE', #18, 3.199999999999994404 ) ;
#2223 = ADVANCED_FACE ( 'NONE', ( #1275 ), #1086, .F. ) ;
#2224 = ORIENTED_EDGE ( 'NONE', *, *, #579, .T. ) ;
#2225 = FACE_BOUND ( 'NONE', #1582, .T. ) ;
#2226 = DIRECTION ( 'NONE',  ( -0.000000000000000000, -0.000000000000000000, 1.000000000000000000 ) ) ;
#2227 = CARTESIAN_POINT ( 'NONE',  ( -148.0328662037391894, 38.03465057660643822, 19.05000000000000071 ) ) ;
#2228 = ORIENTED_EDGE ( 'NONE', *, *, #2345, .F. ) ;
#2229 = CARTESIAN_POINT ( 'NONE',  ( -159.5537941503788204, 29.08887963679248401, -0.000000000000000000 ) ) ;
#2230 = DIRECTION ( 'NONE',  ( -0.000000000000000000, -0.000000000000000000, -1.000000000000000000 ) ) ;
#2231 = CARTESIAN_POINT ( 'NONE',  ( 158.9246212024587521, -33.70660171779825731, 13.01749999999318597 ) ) ;
#2232 = ORIENTED_EDGE ( 'NONE', *, *, #2067, .T. ) ;
#2233 = CIRCLE ( 'NONE', #2270, 3.199999999999994404 ) ;
#2234 = VERTEX_POINT ( 'NONE', #316 ) ;
#2235 = FACE_BOUND ( 'NONE', #900, .T. ) ;
#2236 = EDGE_CURVE ( 'NONE', #74, #67, #1671, .T. ) ;
#2237 = DIRECTION ( 'NONE',  ( -0.000000000000000000, -0.000000000000000000, 1.000000000000000000 ) ) ;
#2238 = CARTESIAN_POINT ( 'NONE',  ( -152.3512066327503192, 37.35206163594206430, 19.05000000000000426 ) ) ;
#2239 = EDGE_LOOP ( 'NONE', ( #1813, #828, #1234, #949 ) ) ;
#2240 = AXIS2_PLACEMENT_3D ( 'NONE', #472, #2441, #2419 ) ;
#2241 = CARTESIAN_POINT ( 'NONE',  ( -152.2033960188168180, 37.35464717742865304, -0.000000000000000000 ) ) ;
#2242 = LINE ( 'NONE', #1871, #926 ) ;
#2243 = CARTESIAN_POINT ( 'NONE',  ( 160.0000000000000284, -28.14594154601842035, 20.00250000000000128 ) ) ;
#2244 = EDGE_LOOP ( 'NONE', ( #95, #310, #26, #1976 ) ) ;
#2245 = VECTOR ( 'NONE', #1955, 1000.000000000000000 ) ;
#2246 = DIRECTION ( 'NONE',  ( -0.000000000000000000, -0.000000000000000000, -1.000000000000000000 ) ) ;
#2247 = ORIENTED_EDGE ( 'NONE', *, *, #2142, .F. ) ;
#2248 = EDGE_CURVE ( 'NONE', #2102, #2297, #490, .T. ) ;
#2249 = CARTESIAN_POINT ( 'NONE',  ( -31.79999999999996874, -12.50000000000001243, 19.05000000000000071 ) ) ;
#2250 = CARTESIAN_POINT ( 'NONE',  ( -149.4777559105972671, 37.91378779113106390, 19.04999999999999716 ) ) ;
#2251 = ORIENTED_EDGE ( 'NONE', *, *, #2300, .F. ) ;
#2252 = CARTESIAN_POINT ( 'NONE',  ( -159.5112436536209941, 29.28565780000451824, 0.000000000000000000 ) ) ;
#2253 = DIRECTION ( 'NONE',  ( -0.000000000000000000, -0.000000000000000000, -1.000000000000000000 ) ) ;
#2254 = CARTESIAN_POINT ( 'NONE',  ( 145.0000000000000568, -38.10000000000002984, 6.032500000000001528 ) ) ;
#2255 = AXIS2_PLACEMENT_3D ( 'NONE', #2436, #2237, #491 ) ;
#2256 = VERTEX_POINT ( 'NONE', #1846 ) ;
#2257 = VECTOR ( 'NONE', #1326, 1000.000000000000000 ) ;
#2258 = EDGE_LOOP ( 'NONE', ( #857, #1048 ) ) ;
#2259 = EDGE_CURVE ( 'NONE', #1361, #1616, #102, .T. ) ;
#2260 = LINE ( 'NONE', #907, #502 ) ;
#2261 = CARTESIAN_POINT ( 'NONE',  ( 78.02148802745433898, -22.99999999999911893, 0.000000000000000000 ) ) ;
#2262 = VERTEX_POINT ( 'NONE', #2217 ) ;
#2263 = CARTESIAN_POINT ( 'NONE',  ( 160.0000000000000284, 38.10000000000002984, 19.05000000000000071 ) ) ;
#2264 = DIRECTION ( 'NONE',  ( -0.000000000000000000, -0.000000000000000000, 1.000000000000000000 ) ) ;
#2265 = CYLINDRICAL_SURFACE ( 'NONE', #2298, 2.099999999999990763 ) ;
#2266 = ORIENTED_EDGE ( 'NONE', *, *, #2444, .T. ) ;
#2267 = CIRCLE ( 'NONE', #1049, 3.299999999999997158 ) ;
#2268 = CARTESIAN_POINT ( 'NONE',  ( 160.0000000000000284, -24.45774151501231941, 19.05000000000000071 ) ) ;
#2269 = ORIENTED_EDGE ( 'NONE', *, *, #2248, .F. ) ;
#2270 = AXIS2_PLACEMENT_3D ( 'NONE', #2320, #1528, #377 ) ;
#2271 = CARTESIAN_POINT ( 'NONE',  ( -72.00000000000001421, 1.095756906265703708E-12, 0.000000000000000000 ) ) ;
#2272 = CARTESIAN_POINT ( 'NONE',  ( -148.1077071626622796, 38.02996357742400590, 19.05000000000000782 ) ) ;
#2273 = CIRCLE ( 'NONE', #399, 3.199999999999994404 ) ;
#2274 = ORIENTED_EDGE ( 'NONE', *, *, #658, .T. ) ;
#2275 = DIRECTION ( 'NONE',  ( -0.000000000000000000, -0.000000000000000000, 1.000000000000000000 ) ) ;
#2276 = DIRECTION ( 'NONE',  ( -0.000000000000000000, -0.000000000000000000, -1.000000000000000000 ) ) ;
#2277 = DIRECTION ( 'NONE',  ( 1.000000000000000000, 0.000000000000000000, 0.000000000000000000 ) ) ;
#2278 = VERTEX_POINT ( 'NONE', #891 ) ;
#2279 = CARTESIAN_POINT ( 'NONE',  ( 159.5964993823225768, 28.88055086318448517, 19.05000000000000426 ) ) ;
#2280 = CARTESIAN_POINT ( 'NONE',  ( 159.9263222964128488, -26.26335324555362405, 19.05000000000000071 ) ) ;
#2281 = EDGE_LOOP ( 'NONE', ( #170, #2481, #1175, #684 ) ) ;
#2282 = EDGE_CURVE ( 'NONE', #1811, #1708, #1714, .T. ) ;
#2283 = DIRECTION ( 'NONE',  ( -1.000000000000000000, 0.000000000000000000, 0.000000000000000000 ) ) ;
#2284 = CARTESIAN_POINT ( 'NONE',  ( 146.5696593129926839, -38.09119965681814790, 19.05000000000000426 ) ) ;
#2285 = VERTEX_POINT ( 'NONE', #698 ) ;
#2286 = ADVANCED_FACE ( 'NONE', ( #1250 ), #2022, .F. ) ;
#2287 = FACE_OUTER_BOUND ( 'NONE', #1924, .T. ) ;
#2288 = EDGE_CURVE ( 'NONE', #152, #2523, #1341, .T. ) ;
#2289 = CARTESIAN_POINT ( 'NONE',  ( 95.12148802745437592, 23.00000000000087041, 0.000000000000000000 ) ) ;
#2290 = CARTESIAN_POINT ( 'NONE',  ( -88.00000000000002842, 1.096736623705021589E-12, -0.05000000000037613246 ) ) ;
#2291 = ORIENTED_EDGE ( 'NONE', *, *, #2423, .T. ) ;
#2292 = AXIS2_PLACEMENT_3D ( 'NONE', #2451, #708, #2201 ) ;
#2293 = CARTESIAN_POINT ( 'NONE',  ( -160.0000000000000284, 38.10000000000002984, 19.05000000000000071 ) ) ;
#2294 = CIRCLE ( 'NONE', #378, 3.299999999999997158 ) ;
#2295 = CARTESIAN_POINT ( 'NONE',  ( 159.9655319892042371, 25.50962700530493876, 19.05000000000000071 ) ) ;
#2296 = CARTESIAN_POINT ( 'NONE',  ( -158.9246212024587521, 33.70660171779825731, 20.00250000000000128 ) ) ;
#2297 = VERTEX_POINT ( 'NONE', #294 ) ;
#2298 = AXIS2_PLACEMENT_3D ( 'NONE', #2453, #1634, #1645 ) ;
#2299 = CARTESIAN_POINT ( 'NONE',  ( -160.0000000000000284, 38.10000000000002984, 19.05000000000000071 ) ) ;
#2300 = EDGE_CURVE ( 'NONE', #2020, #1376, #342, .T. ) ;
#2301 = CARTESIAN_POINT ( 'NONE',  ( 152.3512066327503192, -37.35206163594206430, 19.05000000000000426 ) ) ;
#2302 = VECTOR ( 'NONE', #577, 1000.000000000000000 ) ;
#2303 = CARTESIAN_POINT ( 'NONE',  ( 150.0459415460182981, 38.10000000000002984, -0.9524999999999984590 ) ) ;
#2304 = DIRECTION ( 'NONE',  ( -0.000000000000000000, -0.000000000000000000, -1.000000000000000000 ) ) ;
#2305 = VERTEX_POINT ( 'NONE', #792 ) ;
#2306 = CYLINDRICAL_SURFACE ( 'NONE', #2314, 3.199999999999994404 ) ;
#2307 = CARTESIAN_POINT ( 'NONE',  ( 151.4680064408856879, -37.54626727998925162, -0.000000000000000000 ) ) ;
#2308 = CARTESIAN_POINT ( 'NONE',  ( -160.0000000000000284, 23.10000000000002984, 20.00250000000000128 ) ) ;
#2309 = EDGE_LOOP ( 'NONE', ( #1513, #2065 ) ) ;
#2310 = ADVANCED_FACE ( 'NONE', ( #425 ), #339, .F. ) ;
#2311 = CARTESIAN_POINT ( 'NONE',  ( 144.9999999999999716, 38.10000000000002984, 0.000000000000000000 ) ) ;
#2312 = CARTESIAN_POINT ( 'NONE',  ( 158.2307682493867276, -32.94759922047237666, 19.04999999999999005 ) ) ;
#2313 = EDGE_CURVE ( 'NONE', #748, #1541, #1142, .T. ) ;
#2314 = AXIS2_PLACEMENT_3D ( 'NONE', #550, #1732, #757 ) ;
#2315 = PRODUCT_DEFINITION_SHAPE ( 'NONE', 'NONE',  #1660 ) ;
#2316 = B_SPLINE_CURVE_WITH_KNOTS ( 'NONE', 3,
 ( #1258, #2031, #289, #1800 ),
 .UNSPECIFIED., .F., .F.,
 ( 4, 4 ),
 ( 0.000000000000000000, 1.000000000000000000 ),
 .UNSPECIFIED. ) ;
#2317 = CARTESIAN_POINT ( 'NONE',  ( 35.00000000000004263, -12.49999999999997691, 19.05000000000000071 ) ) ;
#2318 = DIRECTION ( 'NONE',  ( 0.000000000000000000, 0.000000000000000000, 1.000000000000000000 ) ) ;
#2319 = ORIENTED_EDGE ( 'NONE', *, *, #2112, .F. ) ;
#2320 = CARTESIAN_POINT ( 'NONE',  ( 34.99999999999996447, 12.50000000000002487, 19.05000000000000071 ) ) ;
#2321 = VECTOR ( 'NONE', #21, 1000.000000000000000 ) ;
#2322 = DIRECTION ( 'NONE',  ( -0.000000000000000000, -0.000000000000000000, 1.000000000000000000 ) ) ;
#2323 = CARTESIAN_POINT ( 'NONE',  ( -160.0000000000000284, 23.10000000000002984, 13.01749999999318597 ) ) ;
#2324 = ORIENTED_EDGE ( 'NONE', *, *, #157, .F. ) ;
#2325 = CIRCLE ( 'NONE', #1381, 2.100000000000004530 ) ;
#2326 = CARTESIAN_POINT ( 'NONE',  ( 115.8000000000000114, 12.49999999999995559, 0.000000000000000000 ) ) ;
#2327 = CARTESIAN_POINT ( 'NONE',  ( 112.5000000000000142, 12.49999999999995559, 6.735557395310440051E-17 ) ) ;
#2328 = DIRECTION ( 'NONE',  ( -1.000000000000000000, 0.000000000000000000, 0.000000000000000000 ) ) ;
#2329 = ADVANCED_FACE ( 'NONE', ( #2287 ), #2472, .T. ) ;
#2330 = EDGE_LOOP ( 'NONE', ( #564, #768 ) ) ;
#2331 = FACE_OUTER_BOUND ( 'NONE', #667, .T. ) ;
#2332 = CARTESIAN_POINT ( 'NONE',  ( 31.79999999999996874, 12.50000000000002487, 19.05000000000000071 ) ) ;
#2333 = CARTESIAN_POINT ( 'NONE',  ( -150.0459415460184402, 38.10000000000002984, 20.00250000000000128 ) ) ;
#2334 = ORIENTED_EDGE ( 'NONE', *, *, #671, .F. ) ;
#2335 = DIRECTION ( 'NONE',  ( -1.000000000000000000, 0.000000000000000000, 0.000000000000000000 ) ) ;
#2336 = CARTESIAN_POINT ( 'NONE',  ( -159.9281531523184867, 26.23559041248386237, 19.05000000000000071 ) ) ;
#2337 = VECTOR ( 'NONE', #991, 1000.000000000000000 ) ;
#2338 = ORIENTED_EDGE ( 'NONE', *, *, #1176, .T. ) ;
#2339 = EDGE_CURVE ( 'NONE', #2234, #1075, #1789, .T. ) ;
#2340 = DIRECTION ( 'NONE',  ( 1.000000000000000000, 0.000000000000000000, 0.000000000000000000 ) ) ;
#2341 = DIRECTION ( 'NONE',  ( -0.000000000000000000, -0.000000000000000000, 1.000000000000000000 ) ) ;
#2342 = EDGE_LOOP ( 'NONE', ( #350, #2069 ) ) ;
#2343 = CARTESIAN_POINT ( 'NONE',  ( -80.12148802745527121, -22.99999999999997868, 0.000000000000000000 ) ) ;
#2344 = CARTESIAN_POINT ( 'NONE',  ( 95.12148802745433329, -22.99999999999912959, 19.05000000000000071 ) ) ;
#2345 = EDGE_CURVE ( 'NONE', #1485, #1159, #1546, .T. ) ;
#2346 = CARTESIAN_POINT ( 'NONE',  ( 149.0928673240463525, 37.94935861567930147, 19.04999999999999716 ) ) ;
#2347 = CARTESIAN_POINT ( 'NONE',  ( -159.9303288260424267, -26.20201265360196885, 19.05000000000000071 ) ) ;
#2348 = VERTEX_POINT ( 'NONE', #17 ) ;
#2349 = LINE ( 'NONE', #2109, #830 ) ;
#2350 = ORIENTED_EDGE ( 'NONE', *, *, #145, .T. ) ;
#2351 = CARTESIAN_POINT ( 'NONE',  ( 8.499999999999996447, 0.000000000000000000, 0.000000000000000000 ) ) ;
#2352 = VECTOR ( 'NONE', #112, 1000.000000000000000 ) ;
#2353 = FACE_BOUND ( 'NONE', #436, .T. ) ;
#2354 = CARTESIAN_POINT ( 'NONE',  ( -159.9655319892042087, 25.50962700550677908, -0.000000000000000000 ) ) ;
#2355 = CARTESIAN_POINT ( 'NONE',  ( 148.6729332973577300, 37.99344633001186367, 0.000000000000000000 ) ) ;
#2356 = AXIS2_PLACEMENT_3D ( 'NONE', #1946, #1347, #563 ) ;
#2357 = CARTESIAN_POINT ( 'NONE',  ( -155.6066017177982417, -37.02462120245878197, -0.9524999999999984590 ) ) ;
#2358 = CARTESIAN_POINT ( 'NONE',  ( -148.1414879688394990, -38.02776646256219095, 19.04999999999999716 ) ) ;
#2359 = ORIENTED_EDGE ( 'NONE', *, *, #517, .T. ) ;
#2360 = CARTESIAN_POINT ( 'NONE',  ( 95.12148802745433329, -22.99999999999912959, 0.000000000000000000 ) ) ;
#2361 = AXIS2_PLACEMENT_3D ( 'NONE', #676, #2230, #1860 ) ;
#2362 = ORIENTED_EDGE ( 'NONE', *, *, #1504, .T. ) ;
#2363 = CARTESIAN_POINT ( 'NONE',  ( 159.9999999999999432, 25.62297077300922510, 6.032500000000001528 ) ) ;
#2364 = CARTESIAN_POINT ( 'NONE',  ( 82.22148802745434182, -22.99999999999911893, 19.05000000000000071 ) ) ;
#2365 = AXIS2_PLACEMENT_3D ( 'NONE', #533, #2318, #1353 ) ;
#2366 = DIRECTION ( 'NONE',  ( -1.000000000000000000, 0.000000000000000000, -0.000000000000000000 ) ) ;
#2367 = CARTESIAN_POINT ( 'NONE',  ( -159.9321439684409256, 26.17339284179509562, -0.000000000000000000 ) ) ;
#2368 = CARTESIAN_POINT ( 'NONE',  ( 151.1434755197644222, 37.62054825822032456, -0.000000000000000000 ) ) ;
#2369 = CARTESIAN_POINT ( 'NONE',  ( 157.9598052807267550, 33.32061398077218684, 19.05000000000000071 ) ) ;
#2370 = CARTESIAN_POINT ( 'NONE',  ( -151.7164402458548693, -37.48525389600107616, 19.05000000000000071 ) ) ;
#2371 = EDGE_LOOP ( 'NONE', ( #2359, #1355, #191, #346 ) ) ;
#2372 = CARTESIAN_POINT ( 'NONE',  ( -145.0000000000001421, 38.10000000000002984, 19.05000000000000071 ) ) ;
#2373 = ORIENTED_EDGE ( 'NONE', *, *, #1408, .F. ) ;
#2374 = FACE_OUTER_BOUND ( 'NONE', #1655, .T. ) ;
#2375 = VECTOR ( 'NONE', #322, 1000.000000000000000 ) ;
#2376 = CARTESIAN_POINT ( 'NONE',  ( 97.22148802745438445, 23.00000000000087041, 19.05000000000000071 ) ) ;
#2377 = DIRECTION ( 'NONE',  ( -1.000000000000000000, 0.000000000000000000, 0.000000000000000000 ) ) ;
#2378 = CARTESIAN_POINT ( 'NONE',  ( -137.4999999999998863, -12.50000000000004441, 0.000000000000000000 ) ) ;
#2379 = CARTESIAN_POINT ( 'NONE',  ( 159.9263222964107172, 26.26335324555966722, -0.000000000000000000 ) ) ;
#2380 = CARTESIAN_POINT ( 'NONE',  ( 159.5112436536214204, 29.28565780000359098, 19.05000000000000426 ) ) ;
#2381 = CARTESIAN_POINT ( 'NONE',  ( 144.9999999999999147, -38.10000000000002984, 12.70000000000038121 ) ) ;
#2382 = ORIENTED_EDGE ( 'NONE', *, *, #1684, .F. ) ;
#2383 = CARTESIAN_POINT ( 'NONE',  ( -134.1999999999999034, -12.50000000000004441, 0.000000000000000000 ) ) ;
#2384 = ORIENTED_EDGE ( 'NONE', *, *, #485, .F. ) ;
#2385 = EDGE_CURVE ( 'NONE', #2141, #318, #978, .T. ) ;
#2386 = FACE_BOUND ( 'NONE', #2342, .T. ) ;
#2387 = LINE ( 'NONE', #656, #2170 ) ;
#2388 = FACE_OUTER_BOUND ( 'NONE', #712, .T. ) ;
#2389 = AXIS2_PLACEMENT_3D ( 'NONE', #1880, #323, #670 ) ;
#2390 = FACE_BOUND ( 'NONE', #715, .T. ) ;
#2391 = EDGE_LOOP ( 'NONE', ( #839, #338 ) ) ;
#2392 = DIRECTION ( 'NONE',  ( -0.000000000000000000, -0.000000000000000000, 1.000000000000000000 ) ) ;
#2393 = CARTESIAN_POINT ( 'NONE',  ( 152.3512066327586751, 37.35206163595555751, -0.000000000000000000 ) ) ;
#2394 = AXIS2_PLACEMENT_3D ( 'NONE', #1973, #852, #649 ) ;
#2395 = CARTESIAN_POINT ( 'NONE',  ( 148.1633532455533953, 38.02632229641245232, 19.05000000000000071 ) ) ;
#2396 = CARTESIAN_POINT ( 'NONE',  ( -153.1376602166883174, -37.05911393791991060, 19.05000000000000071 ) ) ;
#2397 = VERTEX_POINT ( 'NONE', #2351 ) ;
#2398 = ORIENTED_EDGE ( 'NONE', *, *, #2067, .F. ) ;
#2399 = EDGE_CURVE ( 'NONE', #1478, #748, #1379, .T. ) ;
#2400 = CARTESIAN_POINT ( 'NONE',  ( 134.1999999999999318, 12.50000000000004263, 0.000000000000000000 ) ) ;
#2401 = EDGE_CURVE ( 'NONE', #1485, #1865, #351, .T. ) ;
#2402 = CARTESIAN_POINT ( 'NONE',  ( 134.1999999999999318, 12.50000000000004263, 6.735557395310440051E-17 ) ) ;
#2403 = LINE ( 'NONE', #1407, #1762 ) ;
#2404 = CARTESIAN_POINT ( 'NONE',  ( 159.9298796836430654, -26.20901596795802391, 0.000000000000000000 ) ) ;
#2405 = VERTEX_POINT ( 'NONE', #2160 ) ;
#2406 = DIRECTION ( 'NONE',  ( 1.000000000000000000, 0.000000000000000000, 0.000000000000000000 ) ) ;
#2407 = CARTESIAN_POINT ( 'NONE',  ( 159.9277664625619479, 26.24148796883996226, -0.000000000000000000 ) ) ;
#2408 = EDGE_CURVE ( 'NONE', #333, #1071, #1425, .T. ) ;
#2409 = CARTESIAN_POINT ( 'NONE',  ( 145.0000000000000568, -38.10000000000002984, -0.9524999999999984590 ) ) ;
#2410 = DIRECTION ( 'NONE',  ( -0.000000000000000000, -0.000000000000000000, -1.000000000000000000 ) ) ;
#2411 = EDGE_LOOP ( 'NONE', ( #1129, #590 ) ) ;
#2412 = VERTEX_POINT ( 'NONE', #1841 ) ;
#2413 = CARTESIAN_POINT ( 'NONE',  ( 160.0000000000000284, 23.10000000000002984, 0.000000000000000000 ) ) ;
#2414 = CARTESIAN_POINT ( 'NONE',  ( -109.2000000000000739, 12.50000000000004441, 0.000000000000000000 ) ) ;
#2415 = CARTESIAN_POINT ( 'NONE',  ( -151.1654427389764521, 37.61571191875164288, 19.05000000000000071 ) ) ;
#2416 = VERTEX_POINT ( 'NONE', #1229 ) ;
#2417 = CARTESIAN_POINT ( 'NONE',  ( -148.1633532455588806, 38.02632229641135808, -0.000000000000000000 ) ) ;
#2418 = AXIS2_PLACEMENT_3D ( 'NONE', #2087, #363, #1512 ) ;
#2419 = DIRECTION ( 'NONE',  ( 1.000000000000000000, 0.000000000000000000, 0.000000000000000000 ) ) ;
#2420 = CARTESIAN_POINT ( 'NONE',  ( 137.4999999999999147, 12.50000000000004263, 19.05000000000000071 ) ) ;
#2421 = VECTOR ( 'NONE', #1935, 1000.000000000000000 ) ;
#2422 = EDGE_LOOP ( 'NONE', ( #1333, #2291, #2, #1506 ) ) ;
#2423 = EDGE_CURVE ( 'NONE', #2092, #695, #1468, .T. ) ;
#2424 = ORIENTED_EDGE ( 'NONE', *, *, #1691, .F. ) ;
#2425 = CARTESIAN_POINT ( 'NONE',  ( 137.4999999999999432, -12.49999999999995914, 19.05000000000000071 ) ) ;
#2426 = CARTESIAN_POINT ( 'NONE',  ( -80.00000000000001421, 1.095756906265703708E-12, -0.05000000000037613246 ) ) ;
#2427 = CARTESIAN_POINT ( 'NONE',  ( -159.4962854168893216, 29.35243034777220217, 19.05000000000000071 ) ) ;
#2428 = EDGE_LOOP ( 'NONE', ( #2228, #778 ) ) ;
#2429 = FACE_OUTER_BOUND ( 'NONE', #2200, .T. ) ;
#2430 = CARTESIAN_POINT ( 'NONE',  ( -134.1999999999999886, 12.49999999999995737, 0.000000000000000000 ) ) ;
#2431 = CARTESIAN_POINT ( 'NONE',  ( -160.0000000000000284, -25.62297077300922510, 13.01750000002953556 ) ) ;
#2432 = ORIENTED_EDGE ( 'NONE', *, *, #315, .T. ) ;
#2433 = CIRCLE ( 'NONE', #440, 8.499999999999996447 ) ;
#2434 = CARTESIAN_POINT ( 'NONE',  ( -145.0000000000000568, -38.10000000000002984, 0.000000000000000000 ) ) ;
#2435 = ORIENTED_EDGE ( 'NONE', *, *, #704, .F. ) ;
#2436 = CARTESIAN_POINT ( 'NONE',  ( 0.000000000000000000, 0.000000000000000000, 19.05000000000000071 ) ) ;
#2437 = DIRECTION ( 'NONE',  ( 1.000000000000000000, 0.000000000000000000, 0.000000000000000000 ) ) ;
#2438 = VERTEX_POINT ( 'NONE', #2413 ) ;
#2439 = AXIS2_PLACEMENT_3D ( 'NONE', #860, #1406, #817 ) ;
#2440 = CARTESIAN_POINT ( 'NONE',  ( -148.1414879688397264, 38.02776646256213411, -0.000000000000000000 ) ) ;
#2441 = DIRECTION ( 'NONE',  ( -0.000000000000000000, -0.000000000000000000, 1.000000000000000000 ) ) ;
#2442 = DIRECTION ( 'NONE',  ( -0.000000000000000000, -0.000000000000000000, -1.000000000000000000 ) ) ;
#2443 = ORIENTED_EDGE ( 'NONE', *, *, #2026, .T. ) ;
#2444 = EDGE_CURVE ( 'NONE', #2056, #1248, #2181, .T. ) ;
#2445 = AXIS2_PLACEMENT_3D ( 'NONE', #1600, #1421, #633 ) ;
#2446 = CARTESIAN_POINT ( 'NONE',  ( -145.0000000000000568, 38.10000000000002984, -0.9524999999999984590 ) ) ;
#2447 = ORIENTED_EDGE ( 'NONE', *, *, #1807, .T. ) ;
#2448 = CARTESIAN_POINT ( 'NONE',  ( -95.12148802745527121, -22.99999999999998224, 19.05000000000000071 ) ) ;
#2449 = CARTESIAN_POINT ( 'NONE',  ( -35.00000000000004263, 12.49999999999998934, 0.000000000000000000 ) ) ;
#2450 = ORIENTED_EDGE ( 'NONE', *, *, #641, .F. ) ;
#2451 = CARTESIAN_POINT ( 'NONE',  ( 34.99999999999996447, 12.50000000000002487, 0.000000000000000000 ) ) ;
#2452 = CARTESIAN_POINT ( 'NONE',  ( 115.8000000000000114, 12.49999999999995559, 6.735557395310440051E-17 ) ) ;
#2453 = CARTESIAN_POINT ( 'NONE',  ( -80.12148802745528542, 23.00000000000002132, 19.05000000000000071 ) ) ;
#2454 = CIRCLE ( 'NONE', #2220, 2.099999999999990763 ) ;
#2455 = ORIENTED_EDGE ( 'NONE', *, *, #1164, .F. ) ;
#2456 = DIRECTION ( 'NONE',  ( 1.000000000000000000, 0.000000000000000000, -0.000000000000000000 ) ) ;
#2457 = AXIS2_PLACEMENT_3D ( 'NONE', #372, #1760, #1153 ) ;
#2458 = ORIENTED_EDGE ( 'NONE', *, *, #493, .T. ) ;
#2459 = LINE ( 'NONE', #2249, #1318 ) ;
#2460 = EDGE_CURVE ( 'NONE', #421, #608, #477, .T. ) ;
#2461 = LINE ( 'NONE', #2033, #277 ) ;
#2462 = ORIENTED_EDGE ( 'NONE', *, *, #2104, .F. ) ;
#2463 = CARTESIAN_POINT ( 'NONE',  ( -115.8000000000000398, -12.49999999999995737, 6.735557395310440051E-17 ) ) ;
#2464 = DIRECTION ( 'NONE',  ( 0.000000000000000000, -0.000000000000000000, 1.000000000000000000 ) ) ;
#2465 = CIRCLE ( 'NONE', #1617, 2.100000000000004530 ) ;
#2466 = ORIENTED_EDGE ( 'NONE', *, *, #335, .T. ) ;
#2467 = AXIS2_PLACEMENT_3D ( 'NONE', #1092, #130, #908 ) ;
#2468 = ORIENTED_EDGE ( 'NONE', *, *, #844, .F. ) ;
#2469 = DIRECTION ( 'NONE',  ( -0.000000000000000000, -0.000000000000000000, -1.000000000000000000 ) ) ;
#2470 = EDGE_CURVE ( 'NONE', #1184, #2053, #1586, .T. ) ;
#2471 = CARTESIAN_POINT ( 'NONE',  ( -159.9277664625626016, 26.24148796883821078, 19.05000000000000071 ) ) ;
#2472 = B_SPLINE_SURFACE_WITH_KNOTS ( 'NONE', 5, 3, ( 
 ( #1569, #1704, #557, #1719 ),
 ( #1192, #156, #1895, #604 ),
 ( #1131, #732, #1964, #2303 ),
 ( #146, #1776, #1393, #234 ),
 ( #222, #1330, #1511, #1116 ),
 ( #530, #1180, #1952, #204 ),
 ( #1584, #924, #2363, #619 ),
 ( #545, #2477, #2169, #988 ) ),
 .UNSPECIFIED., .F., .F., .F.,
 ( 6, 2, 6 ),
 ( 4, 4 ),
 ( 0.000000000000000000, 0.5000000000000000000, 1.000000000000000000 ),
 ( -0.0009525000000000001131, 0.02000249999999999945 ),
 .UNSPECIFIED. ) ;
#2473 = EDGE_CURVE ( 'NONE', #706, #2192, #653, .T. ) ;
#2474 = VECTOR ( 'NONE', #365, 1000.000000000000000 ) ;
#2475 = ORIENTED_EDGE ( 'NONE', *, *, #295, .T. ) ;
#2476 = CARTESIAN_POINT ( 'NONE',  ( -145.6745633631398391, -38.10000000000003695, 0.000000000000000000 ) ) ;
#2477 = CARTESIAN_POINT ( 'NONE',  ( 159.9999999999999432, 23.10000000000002984, 13.01750000002953556 ) ) ;
#2478 = DIRECTION ( 'NONE',  ( -1.000000000000000000, 0.000000000000000000, 0.000000000000000000 ) ) ;
#2479 = AXIS2_PLACEMENT_3D ( 'NONE', #2044, #1079, #1611 ) ;
#2480 = DIRECTION ( 'NONE',  ( 1.000000000000000000, 0.000000000000000000, 0.000000000000000000 ) ) ;
#2481 = ORIENTED_EDGE ( 'NONE', *, *, #859, .T. ) ;
#2482 = CARTESIAN_POINT ( 'NONE',  ( -115.8000000000000398, -12.49999999999995737, 19.05000000000000071 ) ) ;
#2483 = ADVANCED_FACE ( 'NONE', ( #2374 ), #1638, .F. ) ;
#2484 = FACE_OUTER_BOUND ( 'NONE', #1422, .T. ) ;
#2485 = CARTESIAN_POINT ( 'NONE',  ( -158.9246212024587521, 33.70660171779825731, 13.01749999999318597 ) ) ;
#2486 = ORIENTED_EDGE ( 'NONE', *, *, #1164, .T. ) ;
#2487 = VECTOR ( 'NONE', #1004, 1000.000000000000000 ) ;
#2488 = CARTESIAN_POINT ( 'NONE',  ( -160.0000000000000284, -23.10000000000002984, 19.05000000000000071 ) ) ;
#2489 = CARTESIAN_POINT ( 'NONE',  ( 159.4901504537883454, -29.37951287280776569, 19.05000000000000426 ) ) ;
#2490 = CARTESIAN_POINT ( 'NONE',  ( -146.5696593130102485, -38.09119965681815501, -0.000000000000000000 ) ) ;
#2491 = CARTESIAN_POINT ( 'NONE',  ( -95.12148802745527121, 23.00000000000001776, 19.05000000000000071 ) ) ;
#2492 = DIRECTION ( 'NONE',  ( -1.000000000000000000, 0.000000000000000000, 0.000000000000000000 ) ) ;
#2493 = ORIENTED_EDGE ( 'NONE', *, *, #1758, .F. ) ;
#2494 = CARTESIAN_POINT ( 'NONE',  ( 146.5696593130277563, 38.09119965681814790, -0.000000000000000000 ) ) ;
#2495 = APPLICATION_CONTEXT ( 'automotive_design' ) ;
#2496 = CIRCLE ( 'NONE', #2052, 3.299999999999997158 ) ;
#2497 = CARTESIAN_POINT ( 'NONE',  ( 159.9346505766063444, 26.13286620375412639, 19.05000000000000426 ) ) ;
#2498 = CARTESIAN_POINT ( 'NONE',  ( -147.5229707730092343, 38.10000000000002984, -0.9524999999999984590 ) ) ;
#2499 = ORIENTED_EDGE ( 'NONE', *, *, #1847, .F. ) ;
#2500 = ADVANCED_FACE ( 'NONE', ( #2225, #1255, #1854, #1217, #1989, #248, #300, #655, #287, #1244, #1024, #2386, #845, #53, #2002, #1066, #1432, #872, #489, #1650, #258, #2235, #1269, #2208 ), #829, .T. ) ;
#2501 = VECTOR ( 'NONE', #1577, 1000.000000000000000 ) ;
#2502 = DIRECTION ( 'NONE',  ( -0.000000000000000000, -0.000000000000000000, 1.000000000000000000 ) ) ;
#2503 = DIRECTION ( 'NONE',  ( -1.000000000000000000, 0.000000000000000000, 0.000000000000000000 ) ) ;
#2504 = DIRECTION ( 'NONE',  ( 0.000000000000000000, 1.000000000000000000, 0.000000000000000000 ) ) ;
#2505 = CARTESIAN_POINT ( 'NONE',  ( -160.0000000000000284, -38.10000000000002984, 0.000000000000000000 ) ) ;
#2506 = ORIENTED_EDGE ( 'NONE', *, *, #1203, .F. ) ;
#2507 = CARTESIAN_POINT ( 'NONE',  ( 160.0000000000000284, -23.10000000000002984, 19.05000000000000071 ) ) ;
#2508 = EDGE_CURVE ( 'NONE', #37, #1678, #2325, .T. ) ;
#2509 = CARTESIAN_POINT ( 'NONE',  ( 151.2795128728081124, -37.59015045378915687, -0.000000000000000000 ) ) ;
#2510 = CARTESIAN_POINT ( 'NONE',  ( -155.6066017177982417, 37.02462120245878197, 6.032500000000001528 ) ) ;
#2511 = ORIENTED_EDGE ( 'NONE', *, *, #240, .T. ) ;
#2512 = EDGE_CURVE ( 'NONE', #1090, #1517, #288, .T. ) ;
#2513 = DIRECTION ( 'NONE',  ( -0.000000000000000000, -0.000000000000000000, 1.000000000000000000 ) ) ;
#2514 = CARTESIAN_POINT ( 'NONE',  ( 148.0328662037391894, -38.03465057660643822, 19.05000000000000071 ) ) ;
#2515 = EDGE_CURVE ( 'NONE', #1310, #701, #2036, .T. ) ;
#2516 = FACE_OUTER_BOUND ( 'NONE', #1392, .T. ) ;
#2517 = FACE_OUTER_BOUND ( 'NONE', #1999, .T. ) ;
#2518 = ORIENTED_EDGE ( 'NONE', *, *, #1294, .T. ) ;
#2519 = ORIENTED_EDGE ( 'NONE', *, *, #51, .T. ) ;
#2520 = CARTESIAN_POINT ( 'NONE',  ( 0.000000000000000000, 0.000000000000000000, 19.05000000000000071 ) ) ;
#2521 = CARTESIAN_POINT ( 'NONE',  ( 150.7486457448439410, -37.70910198749463405, 0.000000000000000000 ) ) ;
#2522 = CARTESIAN_POINT ( 'NONE',  ( -145.0000000000000568, 38.10000000000002984, 13.01749999999318597 ) ) ;
#2523 = VERTEX_POINT ( 'NONE', #1052 ) ;
#2524 = VECTOR ( 'NONE', #745, 1000.000000000000000 ) ;
#2525 = DIRECTION ( 'NONE',  ( -1.000000000000000000, 0.000000000000000000, 0.000000000000000000 ) ) ;
ENDSEC;
END-ISO-10303-21;
