ISO-10303-21;
HEADER;
FILE_DESCRIPTION (( 'STEP AP203' ),
    '1' );
FILE_NAME ('90591A220_Zinc-Plated Steel Hex Nut.STEP',
    '2021-09-15T01:00:58',
    ( 'Administrator' ),
    ( 'Managed by Terraform' ),
    'SwSTEP 2.0',
    'SolidWorks 2017',
    '' );
FILE_SCHEMA (( 'CONFIG_CONTROL_DESIGN' ));
ENDSEC;

DATA;
#1 = CARTESIAN_POINT ( 'NONE',  ( -0.03864257021002131400, 0.5232175150945856900, -0.2265896453302098400 ) ) ;
#2 = CARTESIAN_POINT ( 'NONE',  ( 0.0000000000000000000, 0.2638173974143042100, 0.2066929133858282400 ) ) ;
#3 = CARTESIAN_POINT ( 'NONE',  ( -0.1876343164723100800, 0.2582564808524539500, -0.2111220472440933100 ) ) ;
#4 = CARTESIAN_POINT ( 'NONE',  ( 0.2509052549229022200, 0.08152405921278932400, 0.1220472440944896800 ) ) ;
#5 = CARTESIAN_POINT ( 'NONE',  ( -0.2150434656684530900, 0.1715921082987732500, 0.2115495760069628600 ) ) ;
#6 =( NAMED_UNIT ( * ) SI_UNIT ( $, .STERADIAN. ) SOLID_ANGLE_UNIT ( ) );
#7 = EDGE_CURVE ( 'NONE', #1777, #1981, #1575, .T. ) ;
#8 = CARTESIAN_POINT ( 'NONE',  ( -0.2773940274779951300, -5.095645617802797000E-017, 0.06889763779527696700 ) ) ;
#9 = CARTESIAN_POINT ( 'NONE',  ( 0.2715469337810688100, 0.1972903957414020000, 0.1579724409448833300 ) ) ;
#10 = B_SPLINE_CURVE_WITH_KNOTS ( 'NONE', 3,
 ( #798, #2763, #2253, #2515, #1292, #2491, #2994, #3019 ),
 .UNSPECIFIED., .F., .F.,
 ( 4, 2, 2, 4 ),
 ( 0.007010445034807160300, 0.008756443665256704800, 0.01050244229570625000, 0.01399443955660533700 ),
 .UNSPECIFIED. ) ;
#11 = CARTESIAN_POINT ( 'NONE',  ( 0.2773940274779951300, 1.698548539267599100E-017, 0.1082677165354344500 ) ) ;
#12 = CARTESIAN_POINT ( 'NONE',  ( -0.1023369121993406800, 0.3149606299212599500, 0.01377952755905663900 ) ) ;
#13 = CARTESIAN_POINT ( 'NONE',  ( 0.1851292133204641100, -0.2548085021653378500, 0.05708661417322991700 ) ) ;
#14 = LINE ( 'NONE', #1004, #917 ) ;
#15 = CARTESIAN_POINT ( 'NONE',  ( -0.03290605786532360000, 0.2669387766272501300, 0.2053838380104014700 ) ) ;
#16 = CONICAL_SURFACE ( 'NONE', #2289, 0.3192225659635061200, 0.7853981633974500600 ) ;
#17 = DIRECTION ( 'NONE',  ( 1.000000000000000000, 0.0000000000000000000, 0.0000000000000000000 ) ) ;
#18 = VECTOR ( 'NONE', #1031, 39.37007874015748100 ) ;
#19 = CARTESIAN_POINT ( 'NONE',  ( 3.230831313028129100E-017, -0.2638173974143042100, 0.08858267716535571400 ) ) ;
#20 = PRODUCT ( '90591A220_Zinc-Plated Steel Hex Nut', '90591A220_Zinc-Plated Steel Hex Nut', '', ( #733 ) ) ;
#21 = CARTESIAN_POINT ( 'NONE',  ( 0.2715469337810688100, 0.1972903957414020000, 0.07923228346456835700 ) ) ;
#22 = LINE ( 'NONE', #225, #2428 ) ;
#23 = CARTESIAN_POINT ( 'NONE',  ( 0.2244164823678092800, -0.1630481184255785600, 0.2578740157480329300 ) ) ;
#24 = CARTESIAN_POINT ( 'NONE',  ( 0.0000000000000000000, 0.3149606299212600000, 0.009842519685040915600 ) ) ;
#25 = CARTESIAN_POINT ( 'NONE',  ( 0.2244164823678092800, 0.1630481184255786200, 0.1259842519685054100 ) ) ;
#26 = EDGE_CURVE ( 'NONE', #1441, #2849, #2688, .T. ) ;
#27 = CARTESIAN_POINT ( 'NONE',  ( -0.1112340099587534600, -0.2545024220738500400, -0.2139536923525123500 ) ) ;
#28 = CARTESIAN_POINT ( 'NONE',  ( 0.2679215144415875700, 0.1946563744094157700, -0.07086614173228238100 ) ) ;
#29 = CARTESIAN_POINT ( 'NONE',  ( 0.3149606299212600000, 3.857155272905051100E-017, 0.2559055118110236100 ) ) ;
#30 = CARTESIAN_POINT ( 'NONE',  ( -0.1550679754983104200, -0.2134327579199414600, -0.07677165354330574300 ) ) ;
#31 = ORIENTED_EDGE ( 'NONE', *, *, #249, .F. ) ;
#32 = CARTESIAN_POINT ( 'NONE',  ( 0.0000000000000000000, 0.3192225659635060100, -0.06643700787401443700 ) ) ;
#33 = CARTESIAN_POINT ( 'NONE',  ( 0.0000000000000000000, 0.2638173974143042100, -0.02952755905511677100 ) ) ;
#34 = CARTESIAN_POINT ( 'NONE',  ( 0.1550679754983105000, -0.2134327579199414300, 0.1062992125984266700 ) ) ;
#35 = DIRECTION ( 'NONE',  ( -1.000000000000000000, 0.0000000000000000000, 0.0000000000000000000 ) ) ;
#36 = CARTESIAN_POINT ( 'NONE',  ( 0.4724409448818898100, -0.2727639067037600000, 0.2137087885935244100 ) ) ;
#37 = CARTESIAN_POINT ( 'NONE',  ( -0.1550679754983104200, -0.2134327579199414600, -0.1555118110236207700 ) ) ;
#38 = CARTESIAN_POINT ( 'NONE',  ( 0.3035987015080518500, 0.09864519787070102900, -0.08218503937007741500 ) ) ;
#39 = CARTESIAN_POINT ( 'NONE',  ( 0.08571946862881170400, -0.2638173974143042100, 0.01377952755905646800 ) ) ;
#40 = EDGE_CURVE ( 'NONE', #211, #292, #749, .T. ) ;
#41 = CARTESIAN_POINT ( 'NONE',  ( 0.2773940274779951900, 1.698548539267598800E-017, -0.1181102362204710200 ) ) ;
#42 = CARTESIAN_POINT ( 'NONE',  ( 0.2604354298440746400, 0.04349835617469158900, -0.2005003432618218400 ) ) ;
#43 = VERTEX_POINT ( 'NONE', #1761 ) ;
#44 = CARTESIAN_POINT ( 'NONE',  ( 0.1550679754983104500, 0.2134327579199414600, -0.1948818897637782900 ) ) ;
#45 = CALENDAR_DATE ( 2021, 14, 9 ) ;
#46 = CARTESIAN_POINT ( 'NONE',  ( -0.2715469337810688100, 0.1972903957414019200, -0.2121062992125971300 ) ) ;
#47 = ORIENTED_EDGE ( 'NONE', *, *, #2420, .T. ) ;
#48 = ORIENTED_EDGE ( 'NONE', *, *, #166, .F. ) ;
#49 = CARTESIAN_POINT ( 'NONE',  ( 0.2773940274779951300, 1.698548539267599100E-017, -0.1279527559055105000 ) ) ;
#50 = CARTESIAN_POINT ( 'NONE',  ( 0.2669531821928964300, 0.05518343637013182300, -0.2090500609197218400 ) ) ;
#51 = FACE_OUTER_BOUND ( 'NONE', #3018, .T. ) ;
#52 = CARTESIAN_POINT ( 'NONE',  ( 0.2763343854764587800, 0.003261242743428084400, -0.1966928998457948300 ) ) ;
#53 = DIRECTION ( 'NONE',  ( -0.0000000000000000000, -0.0000000000000000000, -1.000000000000000000 ) ) ;
#54 = CARTESIAN_POINT ( 'NONE',  ( 0.4337983746718686600, 0.2950742050166951200, -0.2265896453302098400 ) ) ;
#55 = CARTESIAN_POINT ( 'NONE',  ( 0.1756826049324323700, 0.2206582204438024600, 0.2185466991323064000 ) ) ;
#56 = VERTEX_POINT ( 'NONE', #779 ) ;
#57 = CARTESIAN_POINT ( 'NONE',  ( -0.2509052549229022200, -0.08152405921278936500, -0.1633858267716522800 ) ) ;
#58 = ORIENTED_EDGE ( 'NONE', *, *, #776, .F. ) ;
#59 = CARTESIAN_POINT ( 'NONE',  ( -0.1876343164723099900, -0.2582564808524540100, -0.1924212598425184300 ) ) ;
#60 = CARTESIAN_POINT ( 'NONE',  ( 0.1550679754983104500, 0.2134327579199414600, -0.1161417322834632500 ) ) ;
#61 = CARTESIAN_POINT ( 'NONE',  ( -0.2753336495122772300, 0.1620611493806078100, 0.2559055118110235000 ) ) ;
#62 = CARTESIAN_POINT ( 'NONE',  ( -0.1550679754983105300, 0.2134327579199414300, -0.01181102362204580800 ) ) ;
#63 = ORIENTED_EDGE ( 'NONE', *, *, #1438, .T. ) ;
#64 = EDGE_CURVE ( 'NONE', #2385, #815, #364, .T. ) ;
#65 = CARTESIAN_POINT ( 'NONE',  ( -0.1851292133204640600, -0.2548085021653378500, 0.04133858267716691800 ) ) ;
#66 = CARTESIAN_POINT ( 'NONE',  ( -0.1370003358068618800, -0.2549262608201440200, 0.2254498637548944000 ) ) ;
#67 = CARTESIAN_POINT ( 'NONE',  ( 0.0000000000000000000, -1.067128122525102800E-017, -0.2559055118110236100 ) ) ;
#68 = CARTESIAN_POINT ( 'NONE',  ( 0.2244164823678092800, -0.1630481184255785600, -0.2933070866141719900 ) ) ;
#69 = CARTESIAN_POINT ( 'NONE',  ( 0.1966874009450148300, 0.1975865645585836200, 0.2152858130041570600 ) ) ;
#70 = ORIENTED_EDGE ( 'NONE', *, *, #1562, .T. ) ;
#71 = CARTESIAN_POINT ( 'NONE',  ( 0.3149606299212599500, 1.750236327630675500E-017, -0.07874015748031389100 ) ) ;
#72 = CARTESIAN_POINT ( 'NONE',  ( -0.1550679754983105300, 0.2134327579199414300, -0.1003937007874002900 ) ) ;
#73 = CARTESIAN_POINT ( 'NONE',  ( 0.1037216991635512800, -0.3192225659635059000, -0.1018700787401561500 ) ) ;
#74 =( BOUNDED_CURVE ( )  B_SPLINE_CURVE ( 2, ( #2413, #651, #2663, #1922, #907, #928, #1189 ),
 .UNSPECIFIED., .F., .F. ) 
 B_SPLINE_CURVE_WITH_KNOTS ( ( 3, 2, 2, 3 ),
 ( 0.9062500000000000000, 0.9124999999999999800, 0.9250000000000000400, 0.9307467177796928700 ),
 .UNSPECIFIED. ) 
 CURVE ( )  GEOMETRIC_REPRESENTATION_ITEM ( )  RATIONAL_B_SPLINE_CURVE ( ( 0.9755282581475768200, 0.9755282581475768200, 1.000000000000000000, 0.9510565162951535300, 1.000000000000000000, 0.9774988489594602600, 0.9756869402786363400 ) ) 
 REPRESENTATION_ITEM ( '' )  );
#75 = CARTESIAN_POINT ( 'NONE',  ( -0.2727745213848169500, 0.09644499358963797000, -0.2258402557050362400 ) ) ;
#76 =( BOUNDED_CURVE ( )  B_SPLINE_CURVE ( 2, ( #2307, #1587, #1139, #2548, #1078, #102, #2132, #3118, #1639, #344, #1834, #2299, #891 ),
 .UNSPECIFIED., .F., .F. ) 
 B_SPLINE_CURVE_WITH_KNOTS ( ( 3, 2, 2, 2, 2, 2, 3 ),
 ( 0.3437500000000000000, 0.3499999999999999800, 0.3625000000000000400, 0.3750000000000000000, 0.3874999999999999600, 0.4000000000000000200, 0.4062500000000000000 ),
 .UNSPECIFIED. ) 
 CURVE ( )  GEOMETRIC_REPRESENTATION_ITEM ( )  RATIONAL_B_SPLINE_CURVE ( ( 0.9755282581475768200, 0.9755282581475768200, 1.000000000000000000, 0.9510565162951535300, 1.000000000000000000, 0.9510565162951535300, 1.000000000000000000, 0.9510565162951535300, 1.000000000000000000, 0.9510565162951535300, 1.000000000000000000, 0.9755282581475768200, 0.9755282581475768200 ) ) 
 REPRESENTATION_ITEM ( '' )  );
#77 = CARTESIAN_POINT ( 'NONE',  ( 0.1550679754983105000, -0.2134327579199414300, 0.01771653543307222900 ) ) ;
#78 = CARTESIAN_POINT ( 'NONE',  ( -0.4337983746718689400, -0.2950742050166947900, 0.2265896453302098400 ) ) ;
#79 = CARTESIAN_POINT ( 'NONE',  ( -0.2509052549229022800, 0.08152405921278926800, -0.1614173228346443600 ) ) ;
#80 = CARTESIAN_POINT ( 'NONE',  ( 0.0000000000000000000, 0.0000000000000000000, 0.2559055118110236100 ) ) ;
#81 = CARTESIAN_POINT ( 'NONE',  ( -0.2284048067462669500, -0.1712946321332662300, 0.2220207710003804000 ) ) ;
#82 = CARTESIAN_POINT ( 'NONE',  ( -0.1037216991635513400, 0.3192225659635059000, 0.09990157480315092800 ) ) ;
#83 = CARTESIAN_POINT ( 'NONE',  ( -0.03279748535966688800, 0.3038415610852789900, 0.2415689071524128000 ) ) ;
#84 = CARTESIAN_POINT ( 'NONE',  ( -0.1023369121993405700, -0.3149606299212600000, -0.1122047244094473300 ) ) ;
#85 = CARTESIAN_POINT ( 'NONE',  ( 0.3149606299212599500, 1.750236327630675500E-017, -0.2460629921259828200 ) ) ;
#86 = B_SPLINE_CURVE_WITH_KNOTS ( 'NONE', 3,
 ( #3176, #1231, #2695, #1695, #508, #228, #478, #2970 ),
 .UNSPECIFIED., .F., .F.,
 ( 4, 2, 2, 4 ),
 ( 0.007010445034807147300, 0.008756443665256690900, 0.01050244229570623500, 0.01399443955660532200 ),
 .UNSPECIFIED. ) ;
#87 = CARTESIAN_POINT ( 'NONE',  ( 0.1550679754983105000, -0.2134327579199414300, 0.1850393700787416600 ) ) ;
#88 = CARTESIAN_POINT ( 'NONE',  ( -0.1770607676506678900, 0.2656172644601271800, 0.2559055118110235600 ) ) ;
#89 = EDGE_CURVE ( 'NONE', #1937, #126, #76, .T. ) ;
#90 = DIRECTION ( 'NONE',  ( -0.0000000000000000000, -0.0000000000000000000, -1.000000000000000000 ) ) ;
#91 = CARTESIAN_POINT ( 'NONE',  ( 0.2108750870180595400, 0.2405624217756297300, -0.2559055118110235600 ) ) ;
#92 = DIRECTION ( 'NONE',  ( 1.000000000000000000, 0.0000000000000000000, 0.0000000000000000000 ) ) ;
#93 = CARTESIAN_POINT ( 'NONE',  ( 0.2509052549229022200, 0.08152405921278932400, -0.2814960629921247600 ) ) ;
#94 = CARTESIAN_POINT ( 'NONE',  ( 0.2153917505616404800, 0.1726313292926900700, 0.2119425972254414800 ) ) ;
#95 = AXIS2_PLACEMENT_3D ( 'NONE', #2639, #452, #691 ) ;
#96 = CARTESIAN_POINT ( 'NONE',  ( -0.1224749759910074800, 0.2691433055723120300, -0.2322196951704290600 ) ) ;
#97 = FACE_OUTER_BOUND ( 'NONE', #2290, .T. ) ;
#98 = CARTESIAN_POINT ( 'NONE',  ( -0.2244164823678092600, -0.1630481184255786200, 0.2440944881889779400 ) ) ;
#99 = CARTESIAN_POINT ( 'NONE',  ( -0.3149606299212599500, -4.813149900984357200E-017, 0.1968503937007885800 ) ) ;
#100 = CYLINDRICAL_SURFACE ( 'NONE', #1007, 0.3149606299212600000 ) ;
#101 = CARTESIAN_POINT ( 'NONE',  ( 0.1876343164723100200, 0.2582564808524540100, 0.2455708661417336500 ) ) ;
#102 = CARTESIAN_POINT ( 'NONE',  ( -0.1023369121993405700, -0.3149606299212600600, -0.1023622047244083600 ) ) ;
#103 = CARTESIAN_POINT ( 'NONE',  ( 0.2530143693787964600, 0.1735306647782536300, -0.2433332951434345700 ) ) ;
#104 = CARTESIAN_POINT ( 'NONE',  ( 0.08571946862881170400, -0.2638173974143042100, -0.3011811023622035200 ) ) ;
#105 = CARTESIAN_POINT ( 'NONE',  ( 0.2773940274779951300, 1.698548539267599100E-017, 0.1181102362204739000 ) ) ;
#106 = ORIENTED_EDGE ( 'NONE', *, *, #849, .F. ) ;
#107 = CARTESIAN_POINT ( 'NONE',  ( 0.3049303543853227300, -0.009537349847744784600, 0.2416133002328403100 ) ) ;
#108 = DIRECTION ( 'NONE',  ( 0.7071067811865486800, 8.659560562354947600E-017, -0.7071067811865462400 ) ) ;
#109 = AXIS2_PLACEMENT_3D ( 'NONE', #336, #3140, #1175 ) ;
#110 = CARTESIAN_POINT ( 'NONE',  ( 0.1364159624667890000, 0.4667680207555580100, 0.2481897830984738100 ) ) ;
#111 = CARTESIAN_POINT ( 'NONE',  ( 0.2244164823678092800, 0.1630481184255785900, -0.2775590551181090200 ) ) ;
#112 = CARTESIAN_POINT ( 'NONE',  ( 0.1851292133204640600, 0.2548085021653379000, -0.1456692913385816100 ) ) ;
#113 = CARTESIAN_POINT ( 'NONE',  ( 0.4724409448818895900, 0.2286518741828194000, 0.2264428355187576600 ) ) ;
#114 = CARTESIAN_POINT ( 'NONE',  ( -0.3192225659635751800, -0.02350486283818846400, -0.2559055118110236700 ) ) ;
#115 = CC_DESIGN_PERSON_AND_ORGANIZATION_ASSIGNMENT ( #128, #2192, ( #2805 ) ) ;
#116 = CARTESIAN_POINT ( 'NONE',  ( 0.2244164823678092800, 0.1630481184255785900, 0.2834645669291354100 ) ) ;
#117 = CARTESIAN_POINT ( 'NONE',  ( 0.1039033099584406300, -0.2773677213301230000, 0.2322409799667717600 ) ) ;
#118 = CARTESIAN_POINT ( 'NONE',  ( 0.0000000000000000000, 0.0000000000000000000, 0.2559055118110236100 ) ) ;
#119 = CARTESIAN_POINT ( 'NONE',  ( -0.4724409448818899200, 0.0000000000000000000, 0.2559055118110236100 ) ) ;
#120 = CARTESIAN_POINT ( 'NONE',  ( 0.1246564951220941200, 0.2325088759646226600, 0.2005003432618219000 ) ) ;
#121 = B_SPLINE_CURVE_WITH_KNOTS ( 'NONE', 3,
 ( #204, #2642, #1696, #455, #442, #1908, #2171, #1186, #1423, #912, #218, #2418, #2144, #1953, #2191, #2621, #947, #2879 ),
 .UNSPECIFIED., .F., .F.,
 ( 4, 2, 2, 2, 2, 2, 2, 2, 4 ),
 ( 0.003439629094469279200, 0.004606175619388617300, 0.005772722144307953700, 0.006939268669227291800, 0.008105815194146628200, 0.009272361719065966300, 0.01043890824398530400, 0.01160545476890464100, 0.01277200129382397700 ),
 .UNSPECIFIED. ) ;
#122 = DIRECTION ( 'NONE',  ( 1.000000000000000000, 0.0000000000000000000, 0.0000000000000000000 ) ) ;
#123 = CARTESIAN_POINT ( 'NONE',  ( 0.2071181495274619400, 0.2245367876279892300, -0.2415271208655258000 ) ) ;
#124 = CARTESIAN_POINT ( 'NONE',  ( 0.0000000000000000000, 0.0000000000000000000, 0.2559055118110236100 ) ) ;
#125 = ORIENTED_EDGE ( 'NONE', *, *, #2074, .T. ) ;
#126 = VERTEX_POINT ( 'NONE', #71 ) ;
#127 = CARTESIAN_POINT ( 'NONE',  ( 0.08571946862881170400, -0.2638173974143042100, 0.1811023622047258600 ) ) ;
#128 = PERSON_AND_ORGANIZATION ( #2987, #809 ) ;
#129 = EDGE_CURVE ( 'NONE', #2747, #1533, #207, .T. ) ;
#130 = CARTESIAN_POINT ( 'NONE',  ( -0.08571946862881160700, -0.2638173974143042700, -0.2303149606299200200 ) ) ;
#131 = ORIENTED_EDGE ( 'NONE', *, *, #1000, .F. ) ;
#132 = DIRECTION ( 'NONE',  ( 0.8660254037844382600, 0.5000000000000004400, 0.0000000000000000000 ) ) ;
#133 = CARTESIAN_POINT ( 'NONE',  ( 0.1851292133204641100, -0.2548085021653378500, 0.2145669291338599100 ) ) ;
#134 = CARTESIAN_POINT ( 'NONE',  ( 0.08571946862881169000, -0.2638173974143042100, 0.01377952755905646800 ) ) ;
#135 = CIRCLE ( 'NONE', #2136, 0.4724409448818899800 ) ;
#136 = DIRECTION ( 'NONE',  ( 0.0000000000000000000, 0.0000000000000000000, -1.000000000000000000 ) ) ;
#137 = FACE_OUTER_BOUND ( 'NONE', #1121, .T. ) ;
#138 = CARTESIAN_POINT ( 'NONE',  ( 0.1550679754983104500, 0.2134327579199414600, -0.1062992125984238000 ) ) ;
#139 = ORIENTED_EDGE ( 'NONE', *, *, #1455, .T. ) ;
#140 = CARTESIAN_POINT ( 'NONE',  ( 0.08571946862881164900, 0.2638173974143042100, -0.1909448818897624400 ) ) ;
#141 = ADVANCED_FACE ( 'NONE', ( #847 ), #176, .F. ) ;
#142 = CARTESIAN_POINT ( 'NONE',  ( -0.2509052549229022200, -0.08152405921278936500, 0.08267716535433218500 ) ) ;
#143 = DIRECTION ( 'NONE',  ( -0.8660254037844383700, -0.5000000000000004400, 0.0000000000000000000 ) ) ;
#144 = CARTESIAN_POINT ( 'NONE',  ( -0.2802231444443408800, -5.250708982892027400E-017, 0.2169060902918584800 ) ) ;
#145 = CARTESIAN_POINT ( 'NONE',  ( 0.1770607676506779900, -0.2656172644601206300, -0.2559055118110236100 ) ) ;
#146 = EDGE_LOOP ( 'NONE', ( #1513, #2320, #1522 ) ) ;
#147 = CARTESIAN_POINT ( 'NONE',  ( -0.1550679754983104200, -0.2134327579199414600, -0.1456692913385813100 ) ) ;
#148 = ORIENTED_EDGE ( 'NONE', *, *, #1602, .F. ) ;
#149 = CARTESIAN_POINT ( 'NONE',  ( 0.4724409448818898100, -0.2727639067037600000, 0.2559055118110236100 ) ) ;
#150 = CARTESIAN_POINT ( 'NONE',  ( 0.1550679754983105000, -0.2134327579199414300, 0.2637795275590566500 ) ) ;
#151 = CARTESIAN_POINT ( 'NONE',  ( 0.08571946862881169000, -0.2638173974143042100, 0.1712598425196865100 ) ) ;
#152 = CARTESIAN_POINT ( 'NONE',  ( 0.1037216991635512800, -0.3192225659635059000, -0.09694881889763654100 ) ) ;
#153 = CARTESIAN_POINT ( 'NONE',  ( 0.3085341088730247900, 0.08258218575508170800, 0.2559055118110235000 ) ) ;
#154 = CARTESIAN_POINT ( 'NONE',  ( -0.2995453594630406200, -0.09732818720470792800, -0.1929133858267706700 ) ) ;
#155 = CARTESIAN_POINT ( 'NONE',  ( 0.1550679754983105000, -0.2134327579199414300, -0.2086614173228333300 ) ) ;
#156 = ORIENTED_EDGE ( 'NONE', *, *, #89, .T. ) ;
#157 = CARTESIAN_POINT ( 'NONE',  ( -0.08571946862881160700, -0.2638173974143042700, 0.2519685039370093700 ) ) ;
#158 = CARTESIAN_POINT ( 'NONE',  ( 0.2244164823678092800, 0.1630481184255786200, 0.1161417322834659600 ) ) ;
#159 = CARTESIAN_POINT ( 'NONE',  ( 3.909348936228124300E-017, -0.3192225659635060100, -0.1008858267716523400 ) ) ;
#160 = CARTESIAN_POINT ( 'NONE',  ( -0.1948046575923770600, -0.2537550055967802700, 0.2559055118110236100 ) ) ;
#161 = DIRECTION ( 'NONE',  ( -0.0000000000000000000, -0.0000000000000000000, -1.000000000000000000 ) ) ;
#162 = CARTESIAN_POINT ( 'NONE',  ( -0.08571946862881160700, -0.2638173974143042700, -0.1417322834645655700 ) ) ;
#163 = PERSON_AND_ORGANIZATION ( #2987, #809 ) ;
#164 = CONICAL_SURFACE ( 'NONE', #2380, 0.4724409448818899800, 1.047197551196600100 ) ;
#165 = CARTESIAN_POINT ( 'NONE',  ( 0.0000000000000000000, 0.2638173974143042100, -0.1771653543307073200 ) ) ;
#166 = EDGE_CURVE ( 'NONE', #1252, #978, #2113, .T. ) ;
#167 =( BOUNDED_CURVE ( )  B_SPLINE_CURVE ( 2, ( #319, #1750, #2040, #527, #2242, #2286, #1054, #2751, #1014, #2738, #1260, #789, #1759 ),
 .UNSPECIFIED., .F., .F. ) 
 B_SPLINE_CURVE_WITH_KNOTS ( ( 3, 2, 2, 2, 2, 2, 3 ),
 ( 0.8437500000000000000, 0.8499999999999999800, 0.8625000000000000400, 0.8750000000000000000, 0.8874999999999999600, 0.9000000000000000200, 0.9062500000000000000 ),
 .UNSPECIFIED. ) 
 CURVE ( )  GEOMETRIC_REPRESENTATION_ITEM ( )  RATIONAL_B_SPLINE_CURVE ( ( 0.9755282581475768200, 0.9755282581475768200, 1.000000000000000000, 0.9510565162951535300, 1.000000000000000000, 0.9510565162951535300, 1.000000000000000000, 0.9510565162951535300, 1.000000000000000000, 0.9510565162951535300, 1.000000000000000000, 0.9755282581475768200, 0.9755282581475768200 ) ) 
 REPRESENTATION_ITEM ( '' )  );
#168 = CIRCLE ( 'NONE', #2956, 0.4724409448818899800 ) ;
#169 = CARTESIAN_POINT ( 'NONE',  ( 0.08571946862881170400, -0.2638173974143042100, 0.1811023622047258600 ) ) ;
#170 = CARTESIAN_POINT ( 'NONE',  ( 0.0000000000000000000, 0.2638173974143042100, -0.02952755905511677100 ) ) ;
#171 = CARTESIAN_POINT ( 'NONE',  ( -0.1876343164723099900, -0.2582564808524540100, -0.1874999999999988100 ) ) ;
#172 = CARTESIAN_POINT ( 'NONE',  ( -0.2770097933208923700, -0.1600066213944484300, 0.2559055118110236100 ) ) ;
#173 = ORIENTED_EDGE ( 'NONE', *, *, #1619, .T. ) ;
#174 = CARTESIAN_POINT ( 'NONE',  ( 0.2715469337810688100, -0.1972903957414019700, 0.06840551181102493000 ) ) ;
#175 = CARTESIAN_POINT ( 'NONE',  ( -0.2679215144415874600, -0.1946563744094158600, -0.1988188976377938400 ) ) ;
#176 = PLANE ( 'NONE',  #701 ) ;
#177 = CARTESIAN_POINT ( 'NONE',  ( -0.4724409448818899800, 0.02307900416358825100, 0.2559055118110236700 ) ) ;
#178 = CARTESIAN_POINT ( 'NONE',  ( -0.1550679754983104200, -0.2134327579199414600, -0.06692913385826629300 ) ) ;
#179 = CARTESIAN_POINT ( 'NONE',  ( 0.0000000000000000000, 0.2638173974143042100, -0.2559055118110222800 ) ) ;
#180 = DIRECTION ( 'NONE',  ( -1.000000000000000000, 0.0000000000000000000, 0.0000000000000000000 ) ) ;
#181 = ORIENTED_EDGE ( 'NONE', *, *, #830, .T. ) ;
#182 = CARTESIAN_POINT ( 'NONE',  ( 0.0000000000000000000, 0.2638173974143042100, 0.2165354330708676700 ) ) ;
#183 = CARTESIAN_POINT ( 'NONE',  ( -0.2244164823678092800, 0.1630481184255785400, -0.1751968503936995300 ) ) ;
#184 = CARTESIAN_POINT ( 'NONE',  ( 0.0000000000000000000, 0.3192225659635060100, -0.1402559055118098600 ) ) ;
#185 = CARTESIAN_POINT ( 'NONE',  ( -0.1411535191986227100, -0.2865111459670294200, 0.2559055118110235600 ) ) ;
#186 = ADVANCED_FACE ( 'NONE', ( #1318 ), #3036, .F. ) ;
#187 = CARTESIAN_POINT ( 'NONE',  ( 0.1960360459854754700, 0.4323463494869362300, -0.2549081396341279500 ) ) ;
#188 = EDGE_CURVE ( 'NONE', #1551, #1837, #121, .T. ) ;
#189 = CARTESIAN_POINT ( 'NONE',  ( 3.230831313028129100E-017, -0.2638173974143042100, -0.2952755905511798000 ) ) ;
#190 = CARTESIAN_POINT ( 'NONE',  ( 0.1037216991635512800, -0.3192225659635059000, 0.2918307086614188600 ) ) ;
#191 = CARTESIAN_POINT ( 'NONE',  ( 0.1550679754983105000, -0.2134327579199414300, -0.05118110236220332200 ) ) ;
#192 = CARTESIAN_POINT ( 'NONE',  ( 3.857155272905051100E-017, -0.3149606299212600000, -0.02952755905511659700 ) ) ;
#193 = CARTESIAN_POINT ( 'NONE',  ( -0.1876343164723099900, -0.2582564808524540100, 0.04872047244094617600 ) ) ;
#194 = CARTESIAN_POINT ( 'NONE',  ( 0.08287370297251364600, -0.3089874861848186400, 0.2559055118110236100 ) ) ;
#195 = CARTESIAN_POINT ( 'NONE',  ( 0.2477652752647351600, 0.09228147562083365000, 0.2005003432618219200 ) ) ;
#196 = DIRECTION ( 'NONE',  ( -0.0000000000000000000, -0.0000000000000000000, -1.000000000000000000 ) ) ;
#197 = CARTESIAN_POINT ( 'NONE',  ( -0.08571946862881160700, -0.2638173974143042700, -0.1417322834645655700 ) ) ;
#198 = CARTESIAN_POINT ( 'NONE',  ( -0.2244164823678092800, 0.1630481184255785600, -0.007874015748030080400 ) ) ;
#199 = CALENDAR_DATE ( 2021, 14, 9 ) ;
#200 = CARTESIAN_POINT ( 'NONE',  ( 3.230831313028129100E-017, -0.2638173974143042100, -0.06889763779527428900 ) ) ;
#201 = ORIENTED_EDGE ( 'NONE', *, *, #518, .T. ) ;
#202 = CARTESIAN_POINT ( 'NONE',  ( 0.2362204724409446300, 0.4091458600556405800, 0.2559055118110236100 ) ) ;
#203 = DIRECTION ( 'NONE',  ( 1.000000000000000000, 0.0000000000000000000, 0.0000000000000000000 ) ) ;
#204 = CARTESIAN_POINT ( 'NONE',  ( 0.2784691756424133600, 1.750236327630675800E-017, -0.2151521214899309600 ) ) ;
#205 = LINE ( 'NONE', #2808, #660 ) ;
#206 = CARTESIAN_POINT ( 'NONE',  ( -0.4724409448818899800, 0.02307900416358825100, -0.2559055118110236700 ) ) ;
#207 = LINE ( 'NONE', #1497, #1246 ) ;
#208 = CARTESIAN_POINT ( 'NONE',  ( 0.2509052549229022800, -0.08152405921278929600, -0.2007874015748017900 ) ) ;
#209 = AXIS2_PLACEMENT_3D ( 'NONE', #3177, #479, #904 ) ;
#210 = CARTESIAN_POINT ( 'NONE',  ( 0.3149606299212600000, 3.857155272905051100E-017, 0.2559055118110236100 ) ) ;
#211 = VERTEX_POINT ( 'NONE', #3129 ) ;
#212 = CARTESIAN_POINT ( 'NONE',  ( -0.1550679754983104200, -0.2134327579199414600, -0.06692913385826629300 ) ) ;
#213 = DIRECTION ( 'NONE',  ( 0.4999999999999995000, 0.8660254037844390400, -0.0000000000000000000 ) ) ;
#214 = DIRECTION ( 'NONE',  ( -1.000000000000000000, 0.0000000000000000000, 0.0000000000000000000 ) ) ;
#215 = CARTESIAN_POINT ( 'NONE',  ( -0.2679215144415875200, -0.1946563744094158000, 0.04724409448819010000 ) ) ;
#216 = CC_DESIGN_DATE_AND_TIME_ASSIGNMENT ( #1733, #2160, ( #2365 ) ) ;
#217 = CARTESIAN_POINT ( 'NONE',  ( -0.2765234042540106700, 0.1598336938330521500, -0.2559055118110239400 ) ) ;
#218 = CARTESIAN_POINT ( 'NONE',  ( 0.2230043563680662900, -0.2017502086808730700, -0.2370157647848463700 ) ) ;
#219 = CARTESIAN_POINT ( 'NONE',  ( -0.4724409448818899800, 0.2286518741828064700, -0.2264428355187612100 ) ) ;
#220 = ORIENTED_EDGE ( 'NONE', *, *, #1372, .F. ) ;
#221 = CARTESIAN_POINT ( 'NONE',  ( -0.08571946862881171800, 0.2638173974143042100, -0.02559055118110104000 ) ) ;
#222 = VERTEX_POINT ( 'NONE', #2673 ) ;
#223 = CARTESIAN_POINT ( 'NONE',  ( 0.1037216991635512800, -0.3192225659635059000, 0.2130905511811037900 ) ) ;
#224 = CARTESIAN_POINT ( 'NONE',  ( -0.08571946862881171800, 0.2638173974143042100, 0.2106299212598439200 ) ) ;
#225 = CARTESIAN_POINT ( 'NONE',  ( 0.3149606299212600000, 3.857155272905051100E-017, 0.2559055118110236100 ) ) ;
#226 = CARTESIAN_POINT ( 'NONE',  ( 0.3187055792626394800, -0.02098098687644376100, 0.2559055118110237800 ) ) ;
#227 = CARTESIAN_POINT ( 'NONE',  ( -0.2107911464018673600, 0.2406453861566390000, -0.2559055118110236700 ) ) ;
#228 = CARTESIAN_POINT ( 'NONE',  ( 0.3950272088829479600, -0.3174587480217237500, -0.2371643225105215200 ) ) ;
#229 = EDGE_CURVE ( 'NONE', #1837, #1912, #662, .T. ) ;
#230 = DIRECTION ( 'NONE',  ( -0.0000000000000000000, -0.0000000000000000000, -1.000000000000000000 ) ) ;
#231 = CARTESIAN_POINT ( 'NONE',  ( 0.2509052549229022800, -0.08152405921278929600, 0.1043307086614187500 ) ) ;
#232 = CARTESIAN_POINT ( 'NONE',  ( 0.1037216991635512600, 0.3192225659635059000, 0.1658464566929148100 ) ) ;
#233 = CARTESIAN_POINT ( 'NONE',  ( 0.0000000000000000000, 0.0000000000000000000, -0.2559055118110236100 ) ) ;
#234 = CARTESIAN_POINT ( 'NONE',  ( 0.4724409448818897000, -0.2283678426487031100, -0.2265248283600991800 ) ) ;
#235 = CARTESIAN_POINT ( 'NONE',  ( 0.2715469337810688100, -0.1972903957414019700, -0.2465551181102351200 ) ) ;
#236 = ORIENTED_EDGE ( 'NONE', *, *, #477, .T. ) ;
#237 = CARTESIAN_POINT ( 'NONE',  ( 0.2244164823678092800, -0.1630481184255785400, 0.03149606299212743400 ) ) ;
#238 = APPROVAL_ROLE ( '' ) ;
#239 = CARTESIAN_POINT ( 'NONE',  ( 0.2362204724409452400, -0.4091458600556403500, -0.2559055118110236100 ) ) ;
#240 = APPLICATION_PROTOCOL_DEFINITION ( 'international standard', 'config_control_design', 1994, #2243 ) ;
#241 = ORIENTED_EDGE ( 'NONE', *, *, #1794, .F. ) ;
#242 = CARTESIAN_POINT ( 'NONE',  ( 0.08571946862881164900, 0.2638173974143042100, 0.2027559055118124700 ) ) ;
#243 = CARTESIAN_POINT ( 'NONE',  ( -0.2715469337810687600, -0.1972903957414020300, 0.03986220472441083500 ) ) ;
#244 = CONICAL_SURFACE ( 'NONE', #351, 0.3192225659635061200, 0.7853981633974500600 ) ;
#245 = CARTESIAN_POINT ( 'NONE',  ( 0.08571946862881164900, 0.2638173974143042100, 0.2814960629921274300 ) ) ;
#246 = CARTESIAN_POINT ( 'NONE',  ( -0.3035987015080519000, 0.09864519787070096000, -0.2819881889763768400 ) ) ;
#247 = CYLINDRICAL_SURFACE ( 'NONE', #2076, 0.3149606299212600000 ) ;
#248 = CARTESIAN_POINT ( 'NONE',  ( 0.2509052549229022800, -0.08152405921278929600, 0.1141732283464582000 ) ) ;
#249 = EDGE_CURVE ( 'NONE', #1518, #2777, #607, .T. ) ;
#250 = PERSON_AND_ORGANIZATION_ROLE ( 'creator' ) ;
#251 = CARTESIAN_POINT ( 'NONE',  ( 0.0000000000000000000, 0.0000000000000000000, 0.2559055118110236100 ) ) ;
#252 = ORIENTED_EDGE ( 'NONE', *, *, #518, .F. ) ;
#253 = ORIENTED_EDGE ( 'NONE', *, *, #1663, .F. ) ;
#254 = CARTESIAN_POINT ( 'NONE',  ( 0.2244164823678092800, 0.1630481184255785900, 0.1161417322834659600 ) ) ;
#255 = CARTESIAN_POINT ( 'NONE',  ( -0.1037216991635512300, -0.3192225659635060700, 0.2052165354330723600 ) ) ;
#256 = B_SPLINE_CURVE_WITH_KNOTS ( 'NONE', 3,
 ( #2537, #114, #323, #2033, #1080, #354, #1046, #563, #1070, #592, #2277, #2308, #2787, #2804, #602, #826, #2319, #2774, #1297, #2557, #1089, #3023, #1308, #572, #2796, #1317 ),
 .UNSPECIFIED., .F., .F.,
 ( 4, 2, 2, 1, 2, 2, 2, 2, 1, 2, 2, 2, 2, 4 ),
 ( 0.03328108353430037800, 0.03506446710641545500, 0.03595615889247299300, 0.03684785067853053200, 0.03773954246458807000, 0.03863123425064560900, 0.04041461782276068600, 0.04130630960881822400, 0.04219800139487577000, 0.04308969318093330800, 0.04398138496699084700, 0.04576476853910592400, 0.04665646032516346200, 0.04754815211122100100 ),
 .UNSPECIFIED. ) ;
#257 = CARTESIAN_POINT ( 'NONE',  ( 0.08571946862881170400, -0.2638173974143042100, 0.1712598425196864800 ) ) ;
#258 = CARTESIAN_POINT ( 'NONE',  ( 0.2552933122528900900, 0.08689276127532134800, -0.2054273526804824600 ) ) ;
#259 = CARTESIAN_POINT ( 'NONE',  ( -0.08571946862881160700, -0.2638173974143043200, 0.09448818897637943600 ) ) ;
#260 = ORIENTED_EDGE ( 'NONE', *, *, #1314, .T. ) ;
#261 = CARTESIAN_POINT ( 'NONE',  ( -0.2841469103783549300, -0.03255848160775228600, -0.2222257438138942100 ) ) ;
#262 = DIRECTION ( 'NONE',  ( -0.7071067811865486800, 8.659560562354947600E-017, 0.7071067811865462400 ) ) ;
#263 = CARTESIAN_POINT ( 'NONE',  ( 0.08571946862881164900, 0.2638173974143042100, -0.1909448818897624400 ) ) ;
#264 = CARTESIAN_POINT ( 'NONE',  ( -0.2715469337810688100, 0.1972903957414019200, 0.1028543307086628300 ) ) ;
#265 = CARTESIAN_POINT ( 'NONE',  ( 0.2773940274779951300, 1.698548539267599100E-017, 0.2657480314960644600 ) ) ;
#266 = CARTESIAN_POINT ( 'NONE',  ( 0.0000000000000000000, 0.2638173974143042100, 0.1377952755905526800 ) ) ;
#267 = CARTESIAN_POINT ( 'NONE',  ( -0.03184933763704907200, -0.2735231098489882000, -0.2115694201473959100 ) ) ;
#268 = CARTESIAN_POINT ( 'NONE',  ( 0.2764048988964141200, -0.3859453706243443600, 0.2549081396341279500 ) ) ;
#269 = CARTESIAN_POINT ( 'NONE',  ( 0.1851292133204641100, -0.2548085021653378500, -0.1003937007874000500 ) ) ;
#270 = CARTESIAN_POINT ( 'NONE',  ( 0.2244164823678092800, -0.1630481184255785600, -0.1358267716535420100 ) ) ;
#271 = CARTESIAN_POINT ( 'NONE',  ( 0.1876343164723100500, -0.2582564808524539500, -0.09793307086614037900 ) ) ;
#272 = CC_DESIGN_APPROVAL ( #2629, ( #1257 ) ) ;
#273 = VERTEX_POINT ( 'NONE', #1149 ) ;
#274 = CARTESIAN_POINT ( 'NONE',  ( 0.08571946862881170400, -0.2638173974143042100, 0.09251968503937144100 ) ) ;
#275 = CARTESIAN_POINT ( 'NONE',  ( 0.2995453594630406200, -0.09732818720470787200, -0.003937007874014658600 ) ) ;
#276 = CARTESIAN_POINT ( 'NONE',  ( -0.2509052549229022800, 0.08152405921278926800, 0.1535433070866156800 ) ) ;
#277 = VERTEX_POINT ( 'NONE', #1399 ) ;
#278 = CONICAL_SURFACE ( 'NONE', #1521, 0.3192225659635061200, 0.7853981633974500600 ) ;
#279 = CARTESIAN_POINT ( 'NONE',  ( 0.08571946862881170400, -0.2638173974143042100, -0.1437007874015735200 ) ) ;
#280 = CARTESIAN_POINT ( 'NONE',  ( 0.0000000000000000000, 0.3192225659635060100, -0.2239173228346443800 ) ) ;
#281 = CARTESIAN_POINT ( 'NONE',  ( 0.2244164823678092800, -0.1630481184255785600, -0.1358267716535420100 ) ) ;
#282 = CARTESIAN_POINT ( 'NONE',  ( 0.2784691756424133600, 1.750236327630675800E-017, -0.2151521214899309600 ) ) ;
#283 = CARTESIAN_POINT ( 'NONE',  ( 0.2509052549229022200, 0.08152405921278932400, -0.1141732283464553200 ) ) ;
#284 = ORIENTED_EDGE ( 'NONE', *, *, #674, .F. ) ;
#285 = EDGE_CURVE ( 'NONE', #1664, #360, #1097, .T. ) ;
#286 = CARTESIAN_POINT ( 'NONE',  ( 0.2584242555550215200, 0.05416711364938323100, -0.2005003432618229800 ) ) ;
#287 = CARTESIAN_POINT ( 'NONE',  ( 0.2244164823678092800, -0.1630481184255785600, -0.05708661417322703800 ) ) ;
#288 = VERTEX_POINT ( 'NONE', #2444 ) ;
#289 = CARTESIAN_POINT ( 'NONE',  ( 0.0000000000000000000, 0.2638173974143042100, 0.2952755905511826900 ) ) ;
#290 = CARTESIAN_POINT ( 'NONE',  ( -0.2695691749255067500, 0.1058040805478493700, -0.2261050539560820500 ) ) ;
#291 = CARTESIAN_POINT ( 'NONE',  ( -0.08571946862881160700, -0.2638173974143042700, 0.005905511811024984600 ) ) ;
#292 = VERTEX_POINT ( 'NONE', #974 ) ;
#293 = CARTESIAN_POINT ( 'NONE',  ( -0.3950272088829482900, 0.3174587480217237500, -0.2371643225105214700 ) ) ;
#294 = CARTESIAN_POINT ( 'NONE',  ( 0.1028943642394365300, 0.3029001270902488300, -0.2559055118110236700 ) ) ;
#295 = CARTESIAN_POINT ( 'NONE',  ( 0.1851292133204640900, -0.2548085021653378500, 0.1456692913385838600 ) ) ;
#296 = CARTESIAN_POINT ( 'NONE',  ( -0.3149606299212599500, -5.250708982892026700E-017, -0.04921259842519532700 ) ) ;
#297 = CARTESIAN_POINT ( 'NONE',  ( 0.1550679754983105000, -0.2134327579199414300, -0.06102362204724277200 ) ) ;
#298 = B_SPLINE_CURVE_WITH_KNOTS ( 'NONE', 3,
 ( #145, #374, #615, #1098, #1076, #2823, #1586, #2336, #2794, #2069, #3084, #1609, #588, #2306 ),
 .UNSPECIFIED., .F., .F.,
 ( 4, 2, 2, 2, 2, 2, 4 ),
 ( 0.0000000000000000000, 0.001983266014335923100, 0.002974899021503885500, 0.003966532028671847900, 0.004958165035839809000, 0.005949798043007771000, 0.007933064057343695900 ),
 .UNSPECIFIED. ) ;
#299 = CARTESIAN_POINT ( 'NONE',  ( 0.1037216991635512800, -0.3192225659635059000, -0.02312992125984112900 ) ) ;
#300 =( BOUNDED_SURFACE ( )  B_SPLINE_SURFACE ( 1, 2, ( 
 ( #1142, #3156, #2126, #1679, #686, #1932, #2920, #2175, #2634, #190, #1440, #2896, #2137, #664, #1414, #2393, #2147, #2624, #1630, #2871, #3121, #1153, #2882, #1403, #3134, #977, #2228, #1689, #757, #223, #1967, #255, #1237, #735, #1472, #1975, #1945, #1711, #1201, #2689, #715, #232, #747, #9, #2700, #3182, #2966, #2468, #2448, #2943, #726, #495, #2974, #1482, #2423, #1730, #469, #264, #988, #2679, #995, #950, #1984, #21, #2722, #513, #3192, #1216, #2185, #2207, #2933, #1248, #503, #243, #1450, #3168, #1699, #1959, #2435, #2220, #484, #1226, #2457, #964, #2195, #1461, #2958, #1722, #2713, #299, #1514, #2266, #1791, #1490, #1274, #2776, #1027, #2487, #1298, #2024, #32, #1742, #2766, #783, #38, #793, #1263, #1048, #271, #73, #2248, #1284, #2509, #2733, #2756, #1534, #312, #1998, #802, #3005, #2034, #2999, #1035, #3014, #1256, #548, #529, #1524, #2236, #565, #1990, #2279, #59, #2520, #523, #1775, #2496, #46, #763, #2478, #280, #1755, #1008, #535, #1764, #1501, #2988, #771, #1019, #2742, #2012 ),
 ( #289, #2257, #1827, #116, #1091, #594, #1328, #1836, #1548, #1569, #1061, #2538, #573, #98, #603, #3058, #2550, #3039, #2815, #2082, #2309, #2797, #581, #346, #2827, #1337, #2291, #1590, #87, #127, #837, #2529, #610, #812, #1845, #3068, #2567, #367, #3046, #1071, #326, #2066, #2789, #2330, #355, #105, #1309, #848, #2045, #1815, #2301, #2073, #1101, #827, #2321, #820, #339, #1319, #1559, #1579, #3025, #2558, #1081, #1805, #2055, #2806, #1130, #2622, #881, #2348, #1150, #1886, #3076, #1347, #2608, #641, #3089, #2123, #1120, #905, #1600, #3119, #2105, #1140, #648, #2581, #2600, #1388, #1640, #1866, #661, #2857, #178, #2848, #2369, #892, #1112, #411, #386, #1378, #2093, #2868, #138, #1896, #3109, #422, #1852, #1627, #2356, #1371, #2375, #162, #147, #1611, #2133, #399, #3100, #1361, #377, #622, #2339, #861, #1876, #2837, #630, #871, #2592, #1618, #155, #2114, #1676, #3164, #948, #456, #1187, #1687, #1400, #1424, #913, #2401, #430, #3142, #466, #2918, #2411, #2892, #2674, #1954, #2172, #2643, #443 ) ),
 .UNSPECIFIED., .F., .F., .F. ) 
 B_SPLINE_SURFACE_WITH_KNOTS ( ( 2, 2 ),
 ( 3, 2, 2, 2, 2, 2, 2, 2, 2, 2, 2, 2, 2, 2, 2, 2, 2, 2, 2, 2, 2, 2, 2, 2, 2, 2, 2, 2, 2, 2, 2, 2, 2, 2, 2, 2, 2, 2, 2, 2, 2, 2, 2, 2, 2, 2, 2, 2, 2, 2, 2, 2, 2, 2, 2, 2, 2, 2, 2, 2, 2, 2, 2, 2, 2, 2, 2, 2, 2, 2, 2, 2, 2, 2, 2, 3 ),
 ( 0.0000000000000000000, 1.000000000000000000 ),
 ( 0.0000000000000000000, 0.01250000000000000100, 0.02500000000000000100, 0.03749999999999999900, 0.05000000000000000300, 0.06250000000000000000, 0.07499999999999999700, 0.08749999999999999400, 0.1000000000000000100, 0.1125000000000000000, 0.1250000000000000000, 0.1375000000000000100, 0.1499999999999999900, 0.1625000000000000100, 0.1749999999999999900, 0.1875000000000000000, 0.2000000000000000100, 0.2124999999999999900, 0.2250000000000000100, 0.2374999999999999900, 0.2500000000000000000, 0.2625000000000000100, 0.2750000000000000200, 0.2874999999999999800, 0.2999999999999999900, 0.3125000000000000000, 0.3250000000000000100, 0.3375000000000000200, 0.3499999999999999800, 0.3624999999999999900, 0.3750000000000000000, 0.3875000000000000100, 0.4000000000000000200, 0.4124999999999999800, 0.4249999999999999900, 0.4375000000000000000, 0.4500000000000000100, 0.4625000000000000200, 0.4749999999999999800, 0.4874999999999999900, 0.5000000000000000000, 0.5124999999999999600, 0.5250000000000000200, 0.5374999999999999800, 0.5500000000000000400, 0.5625000000000000000, 0.5749999999999999600, 0.5875000000000000200, 0.5999999999999999800, 0.6125000000000000400, 0.6250000000000000000, 0.6374999999999999600, 0.6500000000000000200, 0.6624999999999999800, 0.6750000000000000400, 0.6875000000000000000, 0.6999999999999999600, 0.7125000000000000200, 0.7249999999999999800, 0.7375000000000000400, 0.7500000000000000000, 0.7624999999999999600, 0.7750000000000000200, 0.7874999999999999800, 0.8000000000000000400, 0.8125000000000000000, 0.8249999999999999600, 0.8375000000000000200, 0.8499999999999999800, 0.8625000000000000400, 0.8750000000000000000, 0.8874999999999999600, 0.9000000000000000200, 0.9124999999999999800, 0.9250000000000000400, 0.9375000000000000000 ),
 .UNSPECIFIED. ) 
 GEOMETRIC_REPRESENTATION_ITEM ( )  RATIONAL_B_SPLINE_SURFACE ( (
 ( 1.000000000000000000, 0.9510565162951535300, 1.000000000000000000, 0.9510565162951535300, 1.000000000000000000, 0.9510565162951535300, 1.000000000000000000, 0.9510565162951535300, 1.000000000000000000, 0.9510565162951535300, 1.000000000000000000, 0.9510565162951535300, 1.000000000000000000, 0.9510565162951535300, 1.000000000000000000, 0.9510565162951535300, 1.000000000000000000, 0.9510565162951535300, 1.000000000000000000, 0.9510565162951535300, 1.000000000000000000, 0.9510565162951535300, 1.000000000000000000, 0.9510565162951535300, 1.000000000000000000, 0.9510565162951535300, 1.000000000000000000, 0.9510565162951535300, 1.000000000000000000, 0.9510565162951535300, 1.000000000000000000, 0.9510565162951535300, 1.000000000000000000, 0.9510565162951535300, 1.000000000000000000, 0.9510565162951535300, 1.000000000000000000, 0.9510565162951535300, 1.000000000000000000, 0.9510565162951535300, 1.000000000000000000, 0.9510565162951535300, 1.000000000000000000, 0.9510565162951535300, 1.000000000000000000, 0.9510565162951535300, 1.000000000000000000, 0.9510565162951535300, 1.000000000000000000, 0.9510565162951535300, 1.000000000000000000, 0.9510565162951535300, 1.000000000000000000, 0.9510565162951535300, 1.000000000000000000, 0.9510565162951535300, 1.000000000000000000, 0.9510565162951535300, 1.000000000000000000, 0.9510565162951535300, 1.000000000000000000, 0.9510565162951535300, 1.000000000000000000, 0.9510565162951535300, 1.000000000000000000, 0.9510565162951535300, 1.000000000000000000, 0.9510565162951535300, 1.000000000000000000, 0.9510565162951535300, 1.000000000000000000, 0.9510565162951535300, 1.000000000000000000, 0.9510565162951535300, 1.000000000000000000, 0.9510565162951535300, 1.000000000000000000, 0.9510565162951535300, 1.000000000000000000, 0.9510565162951535300, 1.000000000000000000, 0.9510565162951535300, 1.000000000000000000, 0.9510565162951535300, 1.000000000000000000, 0.9510565162951535300, 1.000000000000000000, 0.9510565162951535300, 1.000000000000000000, 0.9510565162951535300, 1.000000000000000000, 0.9510565162951535300, 1.000000000000000000, 0.9510565162951535300, 1.000000000000000000, 0.9510565162951535300, 1.000000000000000000, 0.9510565162951535300, 1.000000000000000000, 0.9510565162951535300, 1.000000000000000000, 0.9510565162951535300, 1.000000000000000000, 0.9510565162951535300, 1.000000000000000000, 0.9510565162951535300, 1.000000000000000000, 0.9510565162951535300, 1.000000000000000000, 0.9510565162951535300, 1.000000000000000000, 0.9510565162951535300, 1.000000000000000000, 0.9510565162951535300, 1.000000000000000000, 0.9510565162951535300, 1.000000000000000000, 0.9510565162951535300, 1.000000000000000000, 0.9510565162951535300, 1.000000000000000000, 0.9510565162951535300, 1.000000000000000000, 0.9510565162951535300, 1.000000000000000000, 0.9510565162951535300, 1.000000000000000000, 0.9510565162951535300, 1.000000000000000000, 0.9510565162951535300, 1.000000000000000000, 0.9510565162951535300, 1.000000000000000000, 0.9510565162951535300, 1.000000000000000000, 0.9510565162951535300, 1.000000000000000000, 0.9510565162951535300, 1.000000000000000000, 0.9510565162951535300, 1.000000000000000000, 0.9510565162951535300, 1.000000000000000000, 0.9510565162951535300, 1.000000000000000000, 0.9510565162951535300, 1.000000000000000000, 0.9510565162951535300, 1.000000000000000000, 0.9510565162951535300, 1.000000000000000000),
 ( 1.000000000000000000, 0.9510565162951535300, 1.000000000000000000, 0.9510565162951535300, 1.000000000000000000, 0.9510565162951535300, 1.000000000000000000, 0.9510565162951535300, 1.000000000000000000, 0.9510565162951535300, 1.000000000000000000, 0.9510565162951535300, 1.000000000000000000, 0.9510565162951535300, 1.000000000000000000, 0.9510565162951535300, 1.000000000000000000, 0.9510565162951535300, 1.000000000000000000, 0.9510565162951535300, 1.000000000000000000, 0.9510565162951535300, 1.000000000000000000, 0.9510565162951535300, 1.000000000000000000, 0.9510565162951535300, 1.000000000000000000, 0.9510565162951535300, 1.000000000000000000, 0.9510565162951535300, 1.000000000000000000, 0.9510565162951535300, 1.000000000000000000, 0.9510565162951535300, 1.000000000000000000, 0.9510565162951535300, 1.000000000000000000, 0.9510565162951535300, 1.000000000000000000, 0.9510565162951535300, 1.000000000000000000, 0.9510565162951535300, 1.000000000000000000, 0.9510565162951535300, 1.000000000000000000, 0.9510565162951535300, 1.000000000000000000, 0.9510565162951535300, 1.000000000000000000, 0.9510565162951535300, 1.000000000000000000, 0.9510565162951535300, 1.000000000000000000, 0.9510565162951535300, 1.000000000000000000, 0.9510565162951535300, 1.000000000000000000, 0.9510565162951535300, 1.000000000000000000, 0.9510565162951535300, 1.000000000000000000, 0.9510565162951535300, 1.000000000000000000, 0.9510565162951535300, 1.000000000000000000, 0.9510565162951535300, 1.000000000000000000, 0.9510565162951535300, 1.000000000000000000, 0.9510565162951535300, 1.000000000000000000, 0.9510565162951535300, 1.000000000000000000, 0.9510565162951535300, 1.000000000000000000, 0.9510565162951535300, 1.000000000000000000, 0.9510565162951535300, 1.000000000000000000, 0.9510565162951535300, 1.000000000000000000, 0.9510565162951535300, 1.000000000000000000, 0.9510565162951535300, 1.000000000000000000, 0.9510565162951535300, 1.000000000000000000, 0.9510565162951535300, 1.000000000000000000, 0.9510565162951535300, 1.000000000000000000, 0.9510565162951535300, 1.000000000000000000, 0.9510565162951535300, 1.000000000000000000, 0.9510565162951535300, 1.000000000000000000, 0.9510565162951535300, 1.000000000000000000, 0.9510565162951535300, 1.000000000000000000, 0.9510565162951535300, 1.000000000000000000, 0.9510565162951535300, 1.000000000000000000, 0.9510565162951535300, 1.000000000000000000, 0.9510565162951535300, 1.000000000000000000, 0.9510565162951535300, 1.000000000000000000, 0.9510565162951535300, 1.000000000000000000, 0.9510565162951535300, 1.000000000000000000, 0.9510565162951535300, 1.000000000000000000, 0.9510565162951535300, 1.000000000000000000, 0.9510565162951535300, 1.000000000000000000, 0.9510565162951535300, 1.000000000000000000, 0.9510565162951535300, 1.000000000000000000, 0.9510565162951535300, 1.000000000000000000, 0.9510565162951535300, 1.000000000000000000, 0.9510565162951535300, 1.000000000000000000, 0.9510565162951535300, 1.000000000000000000, 0.9510565162951535300, 1.000000000000000000, 0.9510565162951535300, 1.000000000000000000, 0.9510565162951535300, 1.000000000000000000, 0.9510565162951535300, 1.000000000000000000, 0.9510565162951535300, 1.000000000000000000, 0.9510565162951535300, 1.000000000000000000, 0.9510565162951535300, 1.000000000000000000, 0.9510565162951535300, 1.000000000000000000, 0.9510565162951535300, 1.000000000000000000) ) ) 
 REPRESENTATION_ITEM ( '' )  SURFACE ( )  );
#301 = CARTESIAN_POINT ( 'NONE',  ( 0.08571946862881170400, -0.2638173974143042100, -0.1437007874015735200 ) ) ;
#302 = DIRECTION ( 'NONE',  ( 1.000000000000000000, 0.0000000000000000000, 0.0000000000000000000 ) ) ;
#303 = EDGE_CURVE ( 'NONE', #862, #975, #1343, .T. ) ;
#304 = CARTESIAN_POINT ( 'NONE',  ( -0.2509052549229022200, -0.08152405921278936500, -0.07480314960629780300 ) ) ;
#305 = CARTESIAN_POINT ( 'NONE',  ( 0.3149606299212599500, 1.750236327630675500E-017, 0.06889763779527714700 ) ) ;
#306 = ADVANCED_FACE ( 'NONE', ( #2744 ), #2696, .F. ) ;
#307 = CARTESIAN_POINT ( 'NONE',  ( -0.2531100707698957800, -0.1301720293676415000, 0.2206628125516585900 ) ) ;
#308 = CARTESIAN_POINT ( 'NONE',  ( 0.3035987015080518500, 0.09864519787070102900, 0.2376968503937021700 ) ) ;
#309 = CARTESIAN_POINT ( 'NONE',  ( 0.009275424158651289100, 0.3014557581320091400, 0.2375511690224159900 ) ) ;
#310 = AXIS2_PLACEMENT_3D ( 'NONE', #1871, #1585, #143 ) ;
#311 = CARTESIAN_POINT ( 'NONE',  ( 0.3192225659635060100, 3.682453477426750100E-013, -0.2559055118110236100 ) ) ;
#312 = CARTESIAN_POINT ( 'NONE',  ( -0.3035987015080519000, 0.09864519787070096000, -0.1294291338582664300 ) ) ;
#313 = EDGE_LOOP ( 'NONE', ( #2252, #3028, #1601 ) ) ;
#314 = CARTESIAN_POINT ( 'NONE',  ( 3.230831313028129100E-017, -0.2638173974143042100, -0.06889763779527428900 ) ) ;
#315 = CARTESIAN_POINT ( 'NONE',  ( 0.1023369121993406000, 0.3149606299212599500, 0.08464566929134015300 ) ) ;
#316 = FACE_OUTER_BOUND ( 'NONE', #2209, .T. ) ;
#317 = CARTESIAN_POINT ( 'NONE',  ( 0.2244164823678092800, 0.1630481184255786200, -0.1102362204724395800 ) ) ;
#318 = CARTESIAN_POINT ( 'NONE',  ( -0.2362204724409452100, 0.4091458600556403000, -0.2559055118110236100 ) ) ;
#319 = CARTESIAN_POINT ( 'NONE',  ( -0.3149606299212599500, -5.250708982892026700E-017, -0.2066929133858253200 ) ) ;
#320 = CARTESIAN_POINT ( 'NONE',  ( 0.1037216991635512600, 0.3192225659635059000, 0.09202755905511941800 ) ) ;
#321 = CARTESIAN_POINT ( 'NONE',  ( 0.2006230505041797000, -0.1767536819433288800, -0.2039363059165826300 ) ) ;
#322 = FACE_OUTER_BOUND ( 'NONE', #494, .T. ) ;
#323 = CARTESIAN_POINT ( 'NONE',  ( -0.3166579706499440500, -0.04677135286786701000, -0.2559055118110236100 ) ) ;
#324 = ORIENTED_EDGE ( 'NONE', *, *, #2074, .F. ) ;
#325 = ORIENTED_EDGE ( 'NONE', *, *, #3048, .T. ) ;
#326 = CARTESIAN_POINT ( 'NONE',  ( 0.0000000000000000000, 0.2638173974143042100, 0.1377952755905526800 ) ) ;
#327 = DIRECTION ( 'NONE',  ( -0.0000000000000000000, -0.0000000000000000000, -1.000000000000000000 ) ) ;
#328 = VERTEX_POINT ( 'NONE', #2111 ) ;
#329 = CARTESIAN_POINT ( 'NONE',  ( -0.08571946862881173200, 0.2638173974143042100, -0.1732283464566916100 ) ) ;
#330 = EDGE_CURVE ( 'NONE', #756, #43, #1202, .T. ) ;
#331 = CARTESIAN_POINT ( 'NONE',  ( -0.2105961452909896600, -0.1939668136435168400, 0.2228336242052932600 ) ) ;
#332 = CARTESIAN_POINT ( 'NONE',  ( -0.1851292133204641400, 0.2548085021653378500, 0.1751968503937024200 ) ) ;
#333 = CARTESIAN_POINT ( 'NONE',  ( -0.1550679754983104200, -0.2134327579199414600, -0.2342519685039358100 ) ) ;
#334 = CARTESIAN_POINT ( 'NONE',  ( 0.09893160913192609900, 0.2743773240578552500, 0.2281666633836297300 ) ) ;
#335 = ORIENTED_EDGE ( 'NONE', *, *, #2500, .T. ) ;
#336 = CARTESIAN_POINT ( 'NONE',  ( 0.4724409448818896500, 0.2727639067037604900, 0.2559055118110236100 ) ) ;
#337 = CARTESIAN_POINT ( 'NONE',  ( -0.1728362042064900100, 0.2385846224369331000, -0.2306399613835694900 ) ) ;
#338 = CARTESIAN_POINT ( 'NONE',  ( -0.3948735442665969300, -0.3175474663293391100, -0.2372015565080942400 ) ) ;
#339 = CARTESIAN_POINT ( 'NONE',  ( -0.2509052549229022800, 0.08152405921278926800, 0.07480314960630067600 ) ) ;
#340 = CARTESIAN_POINT ( 'NONE',  ( -0.2684896765287161900, 0.1731730945236061600, 0.2559055118110234500 ) ) ;
#341 = CARTESIAN_POINT ( 'NONE',  ( -0.1023369121993405700, -0.3149606299212600600, 0.2125984251968516000 ) ) ;
#342 = CARTESIAN_POINT ( 'NONE',  ( 0.3149606299212599500, 1.750236327630675500E-017, 1.100187616571595000E-015 ) ) ;
#343 = CARTESIAN_POINT ( 'NONE',  ( 0.2509052549229022800, -0.08152405921278929600, -0.2893700787401563000 ) ) ;
#344 = CARTESIAN_POINT ( 'NONE',  ( 0.2679215144415875700, -0.1946563744094157400, -0.08661417322834542900 ) ) ;
#345 = DIRECTION ( 'NONE',  ( -0.0000000000000000000, -0.0000000000000000000, -1.000000000000000000 ) ) ;
#346 = CARTESIAN_POINT ( 'NONE',  ( 0.2244164823678092800, 0.1630481184255785900, 0.2047244094488204500 ) ) ;
#347 = DIRECTION ( 'NONE',  ( 1.000000000000000000, -3.552713678800500900E-015, 0.0000000000000000000 ) ) ;
#348 = EDGE_CURVE ( 'NONE', #1434, #709, #1787, .T. ) ;
#349 = CARTESIAN_POINT ( 'NONE',  ( -0.2244164823678092600, -0.1630481184255786200, -0.2381889763779514700 ) ) ;
#350 = CARTESIAN_POINT ( 'NONE',  ( 0.1049360484230059100, -0.2969656952271076400, -0.2516435757687106600 ) ) ;
#351 = AXIS2_PLACEMENT_3D ( 'NONE', #409, #3099, #640 ) ;
#352 = ORIENTED_EDGE ( 'NONE', *, *, #229, .F. ) ;
#353 = VERTEX_POINT ( 'NONE', #1360 ) ;
#354 = CARTESIAN_POINT ( 'NONE',  ( -0.2980164888333408600, -0.1150108450448967400, -0.2559055118110226700 ) ) ;
#355 = CARTESIAN_POINT ( 'NONE',  ( 0.2509052549229022200, 0.08152405921278932400, 0.1220472440944896800 ) ) ;
#356 = LINE ( 'NONE', #584, #2897 ) ;
#357 = CARTESIAN_POINT ( 'NONE',  ( 0.3019149679238536400, -0.03819143521892996000, 0.2408517710430200800 ) ) ;
#358 = B_SPLINE_CURVE_WITH_KNOTS ( 'NONE', 3,
 ( #2990, #1978, #258, #50, #1757, #531, #1011, #282 ),
 .UNSPECIFIED., .F., .F.,
 ( 4, 2, 2, 4 ),
 ( 7.413786822770727100E-017, 0.001719814547234676700, 0.002579721820851978100, 0.003439629094469279200 ),
 .UNSPECIFIED. ) ;
#359 = CARTESIAN_POINT ( 'NONE',  ( 0.3149606299212599500, 1.750236327630675500E-017, 0.2263779527559070800 ) ) ;
#360 = VERTEX_POINT ( 'NONE', #1884 ) ;
#361 = CYLINDRICAL_SURFACE ( 'NONE', #371, 0.3149606299212600000 ) ;
#362 = CARTESIAN_POINT ( 'NONE',  ( -0.4724409448818899800, -0.2283678426487460700, 0.2265248283600867200 ) ) ;
#363 = CARTESIAN_POINT ( 'NONE',  ( 0.0000000000000000000, 0.2638173974143042100, 0.04921259842519822700 ) ) ;
#364 = B_SPLINE_CURVE_WITH_KNOTS ( 'NONE', 3,
 ( #1885, #835, #2318, #601, #3065, #1069, #113, #590 ),
 .UNSPECIFIED., .F., .F.,
 ( 4, 2, 2, 4 ),
 ( 0.01966322768469294700, 0.02141737075373057900, 0.02317151382276821200, 0.02667979996084347800 ),
 .UNSPECIFIED. ) ;
#365 = VERTEX_POINT ( 'NONE', #1862 ) ;
#366 = CARTESIAN_POINT ( 'NONE',  ( -0.02906034850851836600, 0.2974258414462507800, -0.2348717304732964600 ) ) ;
#367 = CARTESIAN_POINT ( 'NONE',  ( -0.2244164823678092800, 0.1630481184255785600, 0.1496062992125999100 ) ) ;
#368 = ORIENTED_EDGE ( 'NONE', *, *, #3069, .T. ) ;
#369 = CARTESIAN_POINT ( 'NONE',  ( 0.2773940274779951300, 1.698548539267599100E-017, -0.2066929133858254600 ) ) ;
#370 = DIRECTION ( 'NONE',  ( 0.5000000000000005600, -0.8660254037844383700, 0.0000000000000000000 ) ) ;
#371 = AXIS2_PLACEMENT_3D ( 'NONE', #80, #90, #2325 ) ;
#372 = DIRECTION ( 'NONE',  ( 0.0000000000000000000, 0.0000000000000000000, 1.000000000000000000 ) ) ;
#373 = CARTESIAN_POINT ( 'NONE',  ( -0.2244164823678092800, 0.1630481184255785400, 0.06102362204724547100 ) ) ;
#374 = CARTESIAN_POINT ( 'NONE',  ( 0.1990290979520470400, -0.2509731507385617500, -0.2559055118110245000 ) ) ;
#375 = ADVANCED_FACE ( 'NONE', ( #137 ), #3057, .F. ) ;
#376 = CARTESIAN_POINT ( 'NONE',  ( 0.3149606299212599500, 1.750236327630675500E-017, -0.1673228346456678000 ) ) ;
#377 = CARTESIAN_POINT ( 'NONE',  ( -0.1550679754983105300, 0.2134327579199414300, -0.1692913385826758100 ) ) ;
#378 = CARTESIAN_POINT ( 'NONE',  ( 0.2244164823678092800, 0.1630481184255785900, -0.1988188976377940100 ) ) ;
#379 = CARTESIAN_POINT ( 'NONE',  ( 0.2995453594630406200, -0.09732818720470787200, 0.2322834645669303600 ) ) ;
#380 = CARTESIAN_POINT ( 'NONE',  ( 0.2694029310235566100, 0.1493534532486932900, -0.2441003969014452800 ) ) ;
#381 = CARTESIAN_POINT ( 'NONE',  ( 0.08571946862881164900, 0.2638173974143042100, 0.2913385826771668900 ) ) ;
#382 = CARTESIAN_POINT ( 'NONE',  ( 0.2509052549229022200, 0.08152405921278932400, 0.1909448818897652200 ) ) ;
#383 = CARTESIAN_POINT ( 'NONE',  ( -0.2562677147635190100, 0.3975715793041926200, 0.2559055118110241100 ) ) ;
#384 = CARTESIAN_POINT ( 'NONE',  ( 0.0000000000000000000, 0.0000000000000000000, 0.2559055118110236100 ) ) ;
#385 = ORIENTED_EDGE ( 'NONE', *, *, #2095, .F. ) ;
#386 = CARTESIAN_POINT ( 'NONE',  ( -0.1550679754983105300, 0.2134327579199414300, -0.09055118110236083700 ) ) ;
#387 = EDGE_CURVE ( 'NONE', #2795, #1533, #1207, .T. ) ;
#388 = ORIENTED_EDGE ( 'NONE', *, *, #2644, .F. ) ;
#389 = ADVANCED_FACE ( 'NONE', ( #1353 ), #361, .F. ) ;
#390 = CARTESIAN_POINT ( 'NONE',  ( 0.3149606299212599500, 0.04988486309434216800, 0.002017885100270626100 ) ) ;
#391 = CARTESIAN_POINT ( 'NONE',  ( -0.1550679754983105300, 0.2134327579199414300, 0.2244094488188991500 ) ) ;
#392 = CARTESIAN_POINT ( 'NONE',  ( -0.3149606299212600000, 0.0000000000000000000, 0.2559055118110236100 ) ) ;
#393 = CARTESIAN_POINT ( 'NONE',  ( 0.2715469337810688100, -0.1972903957414019700, -0.1678149606299199900 ) ) ;
#394 = CARTESIAN_POINT ( 'NONE',  ( 0.1413118649340306700, -0.2869998554040572600, 0.2559055118110235600 ) ) ;
#395 = CIRCLE ( 'NONE', #2998, 0.3192225659635061200 ) ;
#396 = CC_DESIGN_PERSON_AND_ORGANIZATION_ASSIGNMENT ( #2079, #250, ( #1257 ) ) ;
#397 = CARTESIAN_POINT ( 'NONE',  ( -0.2362204724409451600, 0.4091458600556401900, 0.2559055118110236100 ) ) ;
#398 = VECTOR ( 'NONE', #2514, 39.37007874015748900 ) ;
#399 = CARTESIAN_POINT ( 'NONE',  ( -0.2773940274779951300, -5.095645617802797000E-017, -0.1574803149606285600 ) ) ;
#400 = ORIENTED_EDGE ( 'NONE', *, *, #1040, .T. ) ;
#401 = CARTESIAN_POINT ( 'NONE',  ( 0.08571946862881170400, -0.2638173974143042100, -0.2913385826771641200 ) ) ;
#402 =( BOUNDED_CURVE ( )  B_SPLINE_CURVE ( 2, ( #350, #1107, #2090, #825, #2327, #2835, #1357 ),
 .UNSPECIFIED., .F., .F. ) 
 B_SPLINE_CURVE_WITH_KNOTS ( ( 3, 2, 2, 3 ),
 ( 0.1317532822203475500, 0.1374999999999999600, 0.1500000000000000200, 0.1562500000000000000 ),
 .UNSPECIFIED. ) 
 CURVE ( )  GEOMETRIC_REPRESENTATION_ITEM ( )  RATIONAL_B_SPLINE_CURVE ( ( 0.9756869402786616500, 0.9774988489596183600, 1.000000000000000000, 0.9510565162951535300, 1.000000000000000000, 0.9755282581475768200, 0.9755282581475768200 ) ) 
 REPRESENTATION_ITEM ( '' )  );
#403 =( BOUNDED_CURVE ( )  B_SPLINE_CURVE ( 2, ( #1157, #1181, #461, #3136, #2178, #1654, #192, #435, #1969, #1948, #486, #1484, #1249 ),
 .UNSPECIFIED., .F., .F. ) 
 B_SPLINE_CURVE_WITH_KNOTS ( ( 3, 2, 2, 2, 2, 2, 3 ),
 ( 0.5312500000000000000, 0.5374999999999999800, 0.5500000000000000400, 0.5625000000000000000, 0.5749999999999999600, 0.5875000000000000200, 0.5937500000000000000 ),
 .UNSPECIFIED. ) 
 CURVE ( )  GEOMETRIC_REPRESENTATION_ITEM ( )  RATIONAL_B_SPLINE_CURVE ( ( 0.9755282581475768200, 0.9755282581475768200, 1.000000000000000000, 0.9510565162951535300, 1.000000000000000000, 0.9510565162951535300, 1.000000000000000000, 0.9510565162951535300, 1.000000000000000000, 0.9510565162951535300, 1.000000000000000000, 0.9755282581475768200, 0.9755282581475768200 ) ) 
 REPRESENTATION_ITEM ( '' )  );
#404 = CARTESIAN_POINT ( 'NONE',  ( 0.2509052549229022800, -0.08152405921278929600, 0.1929133858267731400 ) ) ;
#405 = CARTESIAN_POINT ( 'NONE',  ( 0.2509052549229022200, 0.08152405921278932400, 0.03346456692913522800 ) ) ;
#406 = CARTESIAN_POINT ( 'NONE',  ( 3.909348936228124300E-017, -0.3192225659635060100, 0.05659448818897765800 ) ) ;
#407 = CARTESIAN_POINT ( 'NONE',  ( -0.1687245895549056900, -0.2711907303283957500, 0.2559055118110236100 ) ) ;
#408 = ORIENTED_EDGE ( 'NONE', *, *, #2880, .T. ) ;
#409 = CARTESIAN_POINT ( 'NONE',  ( 0.0000000000000000000, -1.067128122525102800E-017, 0.2559055118110236100 ) ) ;
#410 = CARTESIAN_POINT ( 'NONE',  ( 0.1023369121993406000, 0.3149606299212599500, 0.09448818897637908900 ) ) ;
#411 = CARTESIAN_POINT ( 'NONE',  ( -0.2244164823678092800, 0.1630481184255785600, -0.08661417322834504000 ) ) ;
#412 = ORIENTED_EDGE ( 'NONE', *, *, #2880, .F. ) ;
#413 = EDGE_CURVE ( 'NONE', #2824, #873, #2436, .T. ) ;
#414 = CARTESIAN_POINT ( 'NONE',  ( -0.1550679754983104200, -0.2134327579199414600, -0.1456692913385813100 ) ) ;
#415 = CARTESIAN_POINT ( 'NONE',  ( -0.4724409448818899200, 0.2727639067037600000, -0.2137087885935243000 ) ) ;
#416 = AXIS2_PLACEMENT_3D ( 'NONE', #940, #3145, #2378 ) ;
#417 = CARTESIAN_POINT ( 'NONE',  ( -0.2244164823678092800, 0.1630481184255785600, 0.1496062992125999100 ) ) ;
#418 = CARTESIAN_POINT ( 'NONE',  ( 0.1550679754983104500, 0.2134327579199414600, -0.1161417322834632500 ) ) ;
#419 = CARTESIAN_POINT ( 'NONE',  ( -0.3356504692350350000, -6.165799091714889700E-017, 0.03690944881889893200 ) ) ;
#420 = CARTESIAN_POINT ( 'NONE',  ( 0.1599988379935335400, 0.2770239504055588300, 0.2559055118110237800 ) ) ;
#421 = CARTESIAN_POINT ( 'NONE',  ( -0.2864630518874198800, 5.044793678946277200E-013, -0.2231459977349375400 ) ) ;
#422 = CARTESIAN_POINT ( 'NONE',  ( 0.2773940274779951300, 1.698548539267599100E-017, -0.1181102362204710200 ) ) ;
#423 = CARTESIAN_POINT ( 'NONE',  ( -0.2244164823678092800, 0.1630481184255785600, -0.2440944881889750600 ) ) ;
#424 = ADVANCED_FACE ( 'NONE', ( #2245 ), #2833, .F. ) ;
#425 = CARTESIAN_POINT ( 'NONE',  ( 0.2244164823678092800, -0.1630481184255785600, 0.1889763779527574300 ) ) ;
#426 = CARTESIAN_POINT ( 'NONE',  ( -0.1876343164723100800, 0.2582564808524539500, 0.02509842519685166100 ) ) ;
#427 = CARTESIAN_POINT ( 'NONE',  ( 0.0000000000000000000, 0.3192225659635061200, 0.2559055118110236100 ) ) ;
#428 = CARTESIAN_POINT ( 'NONE',  ( 0.0000000000000000000, 0.3149606299212600000, -0.2165354330708651500 ) ) ;
#429 = CARTESIAN_POINT ( 'NONE',  ( 0.1364159624667890000, 0.4667680207555580100, -0.2481897830984738100 ) ) ;
#430 = CARTESIAN_POINT ( 'NONE',  ( 0.0000000000000000000, 0.2638173974143042100, -0.2559055118110222800 ) ) ;
#431 = ORIENTED_EDGE ( 'NONE', *, *, #229, .T. ) ;
#432 = FACE_OUTER_BOUND ( 'NONE', #1796, .T. ) ;
#433 = CARTESIAN_POINT ( 'NONE',  ( -0.2773940274779951300, -5.095645617802797000E-017, -0.1574803149606285600 ) ) ;
#434 = CARTESIAN_POINT ( 'NONE',  ( 0.08571946862881164900, 0.2638173974143042100, -0.1023622047244080700 ) ) ;
#435 = CARTESIAN_POINT ( 'NONE',  ( -0.1023369121993405700, -0.3149606299212600000, -0.03346456692913231400 ) ) ;
#436 = CARTESIAN_POINT ( 'NONE',  ( -0.2715469337810688100, 0.1972903957414019200, -0.1284448818897625200 ) ) ;
#437 = CARTESIAN_POINT ( 'NONE',  ( -0.3135739631267670000, -0.06243458976146541000, 0.2559055118110236100 ) ) ;
#438 = CC_DESIGN_PERSON_AND_ORGANIZATION_ASSIGNMENT ( #512, #944, ( #2365 ) ) ;
#439 = VECTOR ( 'NONE', #230, 39.37007874015748100 ) ;
#440 = CARTESIAN_POINT ( 'NONE',  ( -0.2908902725055834100, 0.1318952779530119500, -0.2559055118110235600 ) ) ;
#441 = CARTESIAN_POINT ( 'NONE',  ( -0.3149606299212599500, -0.04988486309434220200, -0.2046750282855557500 ) ) ;
#442 = CARTESIAN_POINT ( 'NONE',  ( 0.2765593308392436700, -0.07634153849175102900, -0.2231850376579475300 ) ) ;
#443 = CARTESIAN_POINT ( 'NONE',  ( 3.230831313028129100E-017, -0.2638173974143042100, -0.2952755905511798000 ) ) ;
#444 = ORIENTED_EDGE ( 'NONE', *, *, #893, .F. ) ;
#445 = CARTESIAN_POINT ( 'NONE',  ( -0.2509052549229022800, 0.08152405921278926800, -0.1614173228346443600 ) ) ;
#446 = CARTESIAN_POINT ( 'NONE',  ( 0.0000000000000000000, 0.0000000000000000000, 0.2559055118110236100 ) ) ;
#447 = ORIENTED_EDGE ( 'NONE', *, *, #1516, .T. ) ;
#448 = CARTESIAN_POINT ( 'NONE',  ( 0.1550679754983105000, -0.2134327579199414300, 0.02755905511811167600 ) ) ;
#449 = CARTESIAN_POINT ( 'NONE',  ( -0.1960360459854754700, -0.4323463494869361200, -0.2549081396341280600 ) ) ;
#450 = CARTESIAN_POINT ( 'NONE',  ( 0.1550679754983105000, -0.2134327579199414300, -0.06102362204724277200 ) ) ;
#451 = CARTESIAN_POINT ( 'NONE',  ( 0.3035987015080518500, 0.09864519787070102900, -0.2347440944881877800 ) ) ;
#452 = DIRECTION ( 'NONE',  ( 0.0000000000000000000, 0.0000000000000000000, 1.000000000000000000 ) ) ;
#453 = CARTESIAN_POINT ( 'NONE',  ( -0.1946987598633302700, 0.2538294111418944500, -0.2559055118110242200 ) ) ;
#454 = CARTESIAN_POINT ( 'NONE',  ( 0.1562308262886493200, -0.4553279037940510300, 0.2518839387229878100 ) ) ;
#455 = CARTESIAN_POINT ( 'NONE',  ( 0.2787221287165376800, -0.06122469601910368600, -0.2216379163293266700 ) ) ;
#456 = CARTESIAN_POINT ( 'NONE',  ( -0.2244164823678092600, -0.1630481184255786200, -0.2283464566929120900 ) ) ;
#457 = EDGE_CURVE ( 'NONE', #2910, #2986, #972, .T. ) ;
#458 = CARTESIAN_POINT ( 'NONE',  ( 3.230831313028129100E-017, -0.2638173974143042100, 0.009842519685040745600 ) ) ;
#459 = CARTESIAN_POINT ( 'NONE',  ( -0.08571946862881160700, -0.2638173974143042700, 0.01574803149606443200 ) ) ;
#460 = CARTESIAN_POINT ( 'NONE',  ( 0.1851292133204640600, 0.2548085021653379000, 0.01181102362204837500 ) ) ;
#461 = CARTESIAN_POINT ( 'NONE',  ( 0.2995453594630406200, -0.09732818720470787200, -0.01377952755905356700 ) ) ;
#462 = CARTESIAN_POINT ( 'NONE',  ( 0.2715469337810688100, 0.1972903957414020000, -0.3095472440944870800 ) ) ;
#463 = CARTESIAN_POINT ( 'NONE',  ( -0.2995453594630406200, -0.09732818720470792800, 0.04330708661417438000 ) ) ;
#464 = CARTESIAN_POINT ( 'NONE',  ( -0.2679215144415875700, 0.1946563744094156900, -0.2047244094488178700 ) ) ;
#465 = CARTESIAN_POINT ( 'NONE',  ( 0.03864257021002123800, -0.5232175150945856900, 0.2265896453302098700 ) ) ;
#466 = CARTESIAN_POINT ( 'NONE',  ( 0.1550679754983104500, 0.2134327579199414600, -0.2637795275590538200 ) ) ;
#467 = EDGE_LOOP ( 'NONE', ( #593, #673, #3016 ) ) ;
#468 = CARTESIAN_POINT ( 'NONE',  ( 0.1550679754983105000, -0.2134327579199414300, 0.09645669291338722400 ) ) ;
#469 = CARTESIAN_POINT ( 'NONE',  ( -0.3035987015080519000, 0.09864519787070096000, 0.1067913385826785900 ) ) ;
#470 = CARTESIAN_POINT ( 'NONE',  ( -0.2362204724409451600, 0.4091458600556401900, 0.2559055118110236100 ) ) ;
#471 = CARTESIAN_POINT ( 'NONE',  ( 0.1550679754983104500, 0.2134327579199414600, 0.2775590551181116900 ) ) ;
#472 = CARTESIAN_POINT ( 'NONE',  ( -0.2715469337810687600, -0.1972903957414020300, -0.1914370078740145500 ) ) ;
#473 = CARTESIAN_POINT ( 'NONE',  ( -0.3149606299212599500, -4.813149900984357200E-017, 0.03937007874015861800 ) ) ;
#474 = EDGE_LOOP ( 'NONE', ( #2168, #2099, #2000, #3132 ) ) ;
#475 = ORIENTED_EDGE ( 'NONE', *, *, #849, .T. ) ;
#476 = CARTESIAN_POINT ( 'NONE',  ( 0.2410973670470412100, 0.1084884799580683900, 0.2005003432618219000 ) ) ;
#477 = EDGE_CURVE ( 'NONE', #1937, #2849, #1943, .T. ) ;
#478 = CARTESIAN_POINT ( 'NONE',  ( 0.4338948741040401500, -0.2950184910435538200, -0.2265574788528136300 ) ) ;
#479 = DIRECTION ( 'NONE',  ( 0.0000000000000000000, 0.0000000000000000000, 1.000000000000000000 ) ) ;
#480 = CONICAL_SURFACE ( 'NONE', #2547, 0.4724409448818899800, 1.047197551196600100 ) ;
#481 = CARTESIAN_POINT ( 'NONE',  ( -0.4724409448818898700, 0.1839746327226217400, -0.2370427528962260600 ) ) ;
#482 = ORIENTED_EDGE ( 'NONE', *, *, #2860, .F. ) ;
#483 = CARTESIAN_POINT ( 'NONE',  ( -0.2244164823678092600, -0.1630481184255786200, 0.07677165354330844900 ) ) ;
#484 = CARTESIAN_POINT ( 'NONE',  ( 0.0000000000000000000, 0.3192225659635060100, 0.01230314960630059100 ) ) ;
#485 = ORIENTED_EDGE ( 'NONE', *, *, #1726, .T. ) ;
#486 = CARTESIAN_POINT ( 'NONE',  ( -0.2995453594630406200, -0.09732818720470792800, -0.04527559055117955800 ) ) ;
#487 = CARTESIAN_POINT ( 'NONE',  ( 3.909348936228124300E-017, -0.3192225659635060100, -0.3371062992125973300 ) ) ;
#488 = CARTESIAN_POINT ( 'NONE',  ( -0.2244164823678092600, -0.1630481184255786500, 0.007874015748032916700 ) ) ;
#489 = CARTESIAN_POINT ( 'NONE',  ( -0.1637650333186672900, 0.2194838662395537900, 0.2095268029253760900 ) ) ;
#490 = CARTESIAN_POINT ( 'NONE',  ( -0.2867398759211370300, 0.009817855415330249700, -0.2234228217686718400 ) ) ;
#491 = PERSON_AND_ORGANIZATION_ROLE ( 'design_owner' ) ;
#492 = ORIENTED_EDGE ( 'NONE', *, *, #2718, .T. ) ;
#493 = CARTESIAN_POINT ( 'NONE',  ( 0.1550679754983104500, 0.2134327579199414600, 0.04133858267716674500 ) ) ;
#494 = EDGE_LOOP ( 'NONE', ( #2758, #2593, #768 ) ) ;
#495 = CARTESIAN_POINT ( 'NONE',  ( -0.1037216991635512300, -0.3192225659635060700, 0.1264763779527573500 ) ) ;
#496 = CARTESIAN_POINT ( 'NONE',  ( -0.1959755045341638700, 0.4323813031101482200, -0.2559055118110240600 ) ) ;
#497 = CARTESIAN_POINT ( 'NONE',  ( 0.4724409448818898700, -0.1829446674638320300, -0.2372593688235420700 ) ) ;
#498 = CARTESIAN_POINT ( 'NONE',  ( 0.4724409448818895900, 0.2286518741828194000, -0.2264428355187576600 ) ) ;
#499 = CARTESIAN_POINT ( 'NONE',  ( -0.2773698159033894400, -0.06442306739062288200, -0.2213180389084935800 ) ) ;
#500 = CARTESIAN_POINT ( 'NONE',  ( 0.4724409448818898100, -0.2727639067037600000, 0.2137087885935244100 ) ) ;
#501 = EDGE_CURVE ( 'NONE', #1052, #1113, #403, .T. ) ;
#502 = CARTESIAN_POINT ( 'NONE',  ( 0.2509052549229022200, 0.08152405921278932400, 0.1909448818897652200 ) ) ;
#503 = CARTESIAN_POINT ( 'NONE',  ( -0.1876343164723099900, -0.2582564808524540100, 0.04379921259842659000 ) ) ;
#504 = PRODUCT_RELATED_PRODUCT_CATEGORY ( 'detail', '', ( #20 ) ) ;
#505 = B_SPLINE_CURVE_WITH_KNOTS ( 'NONE', 3,
 ( #119, #1341, #1332, #3061, #362, #1820 ),
 .UNSPECIFIED., .F., .F.,
 ( 4, 2, 4 ),
 ( 0.04580126333220571600, 0.04930662439274913200, 0.05281198545329254800 ),
 .UNSPECIFIED. ) ;
#506 = CARTESIAN_POINT ( 'NONE',  ( 0.1851292133204640900, 0.2548085021653378500, 0.001968503937009399700 ) ) ;
#507 = CARTESIAN_POINT ( 'NONE',  ( 0.4724409448818897000, 0.1839746327226191600, -0.2370427528962298400 ) ) ;
#508 = CARTESIAN_POINT ( 'NONE',  ( 0.3360249824151005900, -0.3515236993557227000, -0.2481897830984738100 ) ) ;
#509 = CARTESIAN_POINT ( 'NONE',  ( 0.3149606299212600000, 3.857155272905051100E-017, 0.2559055118110236100 ) ) ;
#510 = LOCAL_TIME ( 20, 0, 58.00000000000000000, #617 ) ;
#511 = CARTESIAN_POINT ( 'NONE',  ( -0.1550679754983105300, 0.2134327579199414300, -0.2578740157480302600 ) ) ;
#512 = PERSON_AND_ORGANIZATION ( #2987, #809 ) ;
#513 = CARTESIAN_POINT ( 'NONE',  ( 0.3356504692350350000, 2.055266363904963800E-017, 0.07135826771653683300 ) ) ;
#514 = CARTESIAN_POINT ( 'NONE',  ( 3.230831313028129100E-017, -0.2638173974143042100, 0.2460629921259857000 ) ) ;
#515 = CARTESIAN_POINT ( 'NONE',  ( 0.2679215144415875700, -0.1946563744094157400, -0.007874015748030382300 ) ) ;
#516 = CYLINDRICAL_SURFACE ( 'NONE', #2677, 0.3149606299212600000 ) ;
#517 = CARTESIAN_POINT ( 'NONE',  ( 0.08571946862881164900, 0.2638173974143042100, 0.1338582677165368900 ) ) ;
#518 = EDGE_CURVE ( 'NONE', #2215, #1401, #2944, .T. ) ;
#519 = CARTESIAN_POINT ( 'NONE',  ( -0.1548226613221707300, -0.2322771842597730900, -0.2153503244744414400 ) ) ;
#520 = CARTESIAN_POINT ( 'NONE',  ( 0.4338948741040401000, -0.2950184910435538800, 0.2265574788528136300 ) ) ;
#521 = ORIENTED_EDGE ( 'NONE', *, *, #1314, .F. ) ;
#522 = CARTESIAN_POINT ( 'NONE',  ( 0.2509052549229022800, -0.08152405921278929600, -0.05314960629921125500 ) ) ;
#523 = CARTESIAN_POINT ( 'NONE',  ( -0.3035987015080518500, -0.09864519787070105700, -0.2002952755905498800 ) ) ;
#524 = CARTESIAN_POINT ( 'NONE',  ( -0.1550679754983105300, 0.2134327579199414300, -0.02165354330708525400 ) ) ;
#525 = CARTESIAN_POINT ( 'NONE',  ( 0.2763343854763801700, -0.003261242743669767000, 0.1966928998457860000 ) ) ;
#526 = EDGE_LOOP ( 'NONE', ( #1002, #475, #716 ) ) ;
#527 = CARTESIAN_POINT ( 'NONE',  ( -0.2679215144415875700, 0.1946563744094156900, -0.2145669291338567800 ) ) ;
#528 = CARTESIAN_POINT ( 'NONE',  ( 0.2244164823678092800, 0.1630481184255785900, -0.2775590551181090200 ) ) ;
#529 = CARTESIAN_POINT ( 'NONE',  ( 0.3035987015080519000, -0.09864519787070098700, -0.1687992125984239000 ) ) ;
#530 = CARTESIAN_POINT ( 'NONE',  ( -0.1550679754983104200, -0.2134327579199414600, 0.08070866141732423200 ) ) ;
#531 = CARTESIAN_POINT ( 'NONE',  ( 0.2753779614502308600, 0.02223976958608993000, -0.2127289639340848600 ) ) ;
#532 = CARTESIAN_POINT ( 'NONE',  ( 0.0000000000000000000, 0.2638173974143042100, -0.1771653543307073200 ) ) ;
#533 = CARTESIAN_POINT ( 'NONE',  ( 0.4724409448818897000, 3.414809992080329000E-017, 0.2559055118110236100 ) ) ;
#534 = CARTESIAN_POINT ( 'NONE',  ( -0.2509052549229022800, 0.08152405921278926800, -0.1712598425196837900 ) ) ;
#535 = CARTESIAN_POINT ( 'NONE',  ( 0.2715469337810688100, 0.1972903957414020000, -0.2357283464566916300 ) ) ;
#536 = CARTESIAN_POINT ( 'NONE',  ( -0.1879108862685223400, 0.2262441896291143600, -0.2301367072230709500 ) ) ;
#537 =( BOUNDED_SURFACE ( )  B_SPLINE_SURFACE ( 1, 2, ( 
 ( #2197, #245, #471, #2714, #1715, #265, #3171, #23, #2458, #953, #514, #2186, #1986, #1240, #996, #2230, #1464, #2691, #1723, #224, #2, #2472, #1977, #2211, #718, #2724, #2425, #728, #2439, #257, #2451, #750, #2680, #967, #1475, #980, #2704, #1204, #2967, #1219, #2948, #1227, #990, #2936, #2960, #11, #1452, #3185, #2249, #274, #773, #2267, #530, #2258, #1504, #552, #2745, #2521, #1491, #1536, #2488, #1036, #794, #1010, #1028, #3015, #1765, #1020, #77, #39, #1275, #291, #1792, #2767, #1746, #1264, #804, #1049, #524, #2510, #33, #1287, #1991, #784, #1778, #1258, #2498, #3000, #2282, #2757, #314, #2778, #2036, #2014, #1515, #2989, #3006, #1526, #2734, #2978, #2238, #764, #60, #2479, #1756, #49, #566, #281, #538, #301, #2001, #2025, #1103, #2829, #1603, #852, #3027, #1350, #1593, #1846, #3077, #140, #1854, #378, #2096, #369, #2569, #612, #2084, #1299, #2331, #130, #333, #349, #1784, #1832, #1075, #2771, #2315, #799, #2068, #3053, #2811, #111, #93, #1305, #343, #68, #1810, #2555, #587 ),
 ( #824, #2801, #101, #2545, #308, #2287, #2060, #2305, #1324, #598, #2031, #1574, #2050, #2793, #3034, #833, #1055, #1554, #578, #2297, #561, #2273, #1086, #1333, #3062, #3042, #2784, #2516, #571, #2041, #818, #2533, #1043, #1293, #3020, #1067, #2526, #807, #1543, #82, #1800, #320, #1316, #1564, #1821, #3080, #1364, #174, #778, #2384, #406, #2397, #193, #1915, #645, #419, #877, #1158, #426, #2150, #1645, #1125, #1396, #2129, #1117, #2628, #2596, #2139, #2373, #1881, #2108, #901, #2352, #655, #2863, #1368, #3096, #1145, #2852, #1891, #1374, #2875, #2886, #680, #668, #1872, #3105, #1615, #1634, #152, #159, #1406, #919, #3125, #2363, #887, #2843, #436, #1623, #2615, #184, #2119, #1903, #637, #909, #2604, #1135, #393, #3137, #1383, #1655, #3114, #171, #472, #2949, #2638, #2187, #1465, #3, #1172, #3161, #2440, #2426, #1453, #451, #1926, #1716, #235, #2198, #2681, #1962, #2901, #1682, #3186, #2937, #729, #246, #1418, #969, #2668, #719, #707, #1220, #462, #2417, #943, #1194, #3149, #1672, #2692, #487 ) ),
 .UNSPECIFIED., .F., .F., .F. ) 
 B_SPLINE_SURFACE_WITH_KNOTS ( ( 2, 2 ),
 ( 3, 2, 2, 2, 2, 2, 2, 2, 2, 2, 2, 2, 2, 2, 2, 2, 2, 2, 2, 2, 2, 2, 2, 2, 2, 2, 2, 2, 2, 2, 2, 2, 2, 2, 2, 2, 2, 2, 2, 2, 2, 2, 2, 2, 2, 2, 2, 2, 2, 2, 2, 2, 2, 2, 2, 2, 2, 2, 2, 2, 2, 2, 2, 2, 2, 2, 2, 2, 2, 2, 2, 2, 2, 2, 2, 3 ),
 ( 0.0000000000000000000, 1.000000000000000000 ),
 ( 0.0000000000000000000, 0.01250000000000000100, 0.02500000000000000100, 0.03749999999999999900, 0.05000000000000000300, 0.06250000000000000000, 0.07499999999999999700, 0.08749999999999999400, 0.1000000000000000100, 0.1125000000000000000, 0.1250000000000000000, 0.1375000000000000100, 0.1499999999999999900, 0.1625000000000000100, 0.1749999999999999900, 0.1875000000000000000, 0.2000000000000000100, 0.2124999999999999900, 0.2250000000000000100, 0.2374999999999999900, 0.2500000000000000000, 0.2625000000000000100, 0.2750000000000000200, 0.2874999999999999800, 0.2999999999999999900, 0.3125000000000000000, 0.3250000000000000100, 0.3375000000000000200, 0.3499999999999999800, 0.3624999999999999900, 0.3750000000000000000, 0.3875000000000000100, 0.4000000000000000200, 0.4124999999999999800, 0.4249999999999999900, 0.4375000000000000000, 0.4500000000000000100, 0.4625000000000000200, 0.4749999999999999800, 0.4874999999999999900, 0.5000000000000000000, 0.5124999999999999600, 0.5250000000000000200, 0.5374999999999999800, 0.5500000000000000400, 0.5625000000000000000, 0.5749999999999999600, 0.5875000000000000200, 0.5999999999999999800, 0.6125000000000000400, 0.6250000000000000000, 0.6374999999999999600, 0.6500000000000000200, 0.6624999999999999800, 0.6750000000000000400, 0.6875000000000000000, 0.6999999999999999600, 0.7125000000000000200, 0.7249999999999999800, 0.7375000000000000400, 0.7500000000000000000, 0.7624999999999999600, 0.7750000000000000200, 0.7874999999999999800, 0.8000000000000000400, 0.8125000000000000000, 0.8249999999999999600, 0.8375000000000000200, 0.8499999999999999800, 0.8625000000000000400, 0.8750000000000000000, 0.8874999999999999600, 0.9000000000000000200, 0.9124999999999999800, 0.9250000000000000400, 0.9375000000000000000 ),
 .UNSPECIFIED. ) 
 GEOMETRIC_REPRESENTATION_ITEM ( )  RATIONAL_B_SPLINE_SURFACE ( (
 ( 1.000000000000000000, 0.9510565162951535300, 1.000000000000000000, 0.9510565162951535300, 1.000000000000000000, 0.9510565162951535300, 1.000000000000000000, 0.9510565162951535300, 1.000000000000000000, 0.9510565162951535300, 1.000000000000000000, 0.9510565162951535300, 1.000000000000000000, 0.9510565162951535300, 1.000000000000000000, 0.9510565162951535300, 1.000000000000000000, 0.9510565162951535300, 1.000000000000000000, 0.9510565162951535300, 1.000000000000000000, 0.9510565162951535300, 1.000000000000000000, 0.9510565162951535300, 1.000000000000000000, 0.9510565162951535300, 1.000000000000000000, 0.9510565162951535300, 1.000000000000000000, 0.9510565162951535300, 1.000000000000000000, 0.9510565162951535300, 1.000000000000000000, 0.9510565162951535300, 1.000000000000000000, 0.9510565162951535300, 1.000000000000000000, 0.9510565162951535300, 1.000000000000000000, 0.9510565162951535300, 1.000000000000000000, 0.9510565162951535300, 1.000000000000000000, 0.9510565162951535300, 1.000000000000000000, 0.9510565162951535300, 1.000000000000000000, 0.9510565162951535300, 1.000000000000000000, 0.9510565162951535300, 1.000000000000000000, 0.9510565162951535300, 1.000000000000000000, 0.9510565162951535300, 1.000000000000000000, 0.9510565162951535300, 1.000000000000000000, 0.9510565162951535300, 1.000000000000000000, 0.9510565162951535300, 1.000000000000000000, 0.9510565162951535300, 1.000000000000000000, 0.9510565162951535300, 1.000000000000000000, 0.9510565162951535300, 1.000000000000000000, 0.9510565162951535300, 1.000000000000000000, 0.9510565162951535300, 1.000000000000000000, 0.9510565162951535300, 1.000000000000000000, 0.9510565162951535300, 1.000000000000000000, 0.9510565162951535300, 1.000000000000000000, 0.9510565162951535300, 1.000000000000000000, 0.9510565162951535300, 1.000000000000000000, 0.9510565162951535300, 1.000000000000000000, 0.9510565162951535300, 1.000000000000000000, 0.9510565162951535300, 1.000000000000000000, 0.9510565162951535300, 1.000000000000000000, 0.9510565162951535300, 1.000000000000000000, 0.9510565162951535300, 1.000000000000000000, 0.9510565162951535300, 1.000000000000000000, 0.9510565162951535300, 1.000000000000000000, 0.9510565162951535300, 1.000000000000000000, 0.9510565162951535300, 1.000000000000000000, 0.9510565162951535300, 1.000000000000000000, 0.9510565162951535300, 1.000000000000000000, 0.9510565162951535300, 1.000000000000000000, 0.9510565162951535300, 1.000000000000000000, 0.9510565162951535300, 1.000000000000000000, 0.9510565162951535300, 1.000000000000000000, 0.9510565162951535300, 1.000000000000000000, 0.9510565162951535300, 1.000000000000000000, 0.9510565162951535300, 1.000000000000000000, 0.9510565162951535300, 1.000000000000000000, 0.9510565162951535300, 1.000000000000000000, 0.9510565162951535300, 1.000000000000000000, 0.9510565162951535300, 1.000000000000000000, 0.9510565162951535300, 1.000000000000000000, 0.9510565162951535300, 1.000000000000000000, 0.9510565162951535300, 1.000000000000000000, 0.9510565162951535300, 1.000000000000000000, 0.9510565162951535300, 1.000000000000000000, 0.9510565162951535300, 1.000000000000000000, 0.9510565162951535300, 1.000000000000000000, 0.9510565162951535300, 1.000000000000000000, 0.9510565162951535300, 1.000000000000000000, 0.9510565162951535300, 1.000000000000000000, 0.9510565162951535300, 1.000000000000000000, 0.9510565162951535300, 1.000000000000000000),
 ( 1.000000000000000000, 0.9510565162951535300, 1.000000000000000000, 0.9510565162951535300, 1.000000000000000000, 0.9510565162951535300, 1.000000000000000000, 0.9510565162951535300, 1.000000000000000000, 0.9510565162951535300, 1.000000000000000000, 0.9510565162951535300, 1.000000000000000000, 0.9510565162951535300, 1.000000000000000000, 0.9510565162951535300, 1.000000000000000000, 0.9510565162951535300, 1.000000000000000000, 0.9510565162951535300, 1.000000000000000000, 0.9510565162951535300, 1.000000000000000000, 0.9510565162951535300, 1.000000000000000000, 0.9510565162951535300, 1.000000000000000000, 0.9510565162951535300, 1.000000000000000000, 0.9510565162951535300, 1.000000000000000000, 0.9510565162951535300, 1.000000000000000000, 0.9510565162951535300, 1.000000000000000000, 0.9510565162951535300, 1.000000000000000000, 0.9510565162951535300, 1.000000000000000000, 0.9510565162951535300, 1.000000000000000000, 0.9510565162951535300, 1.000000000000000000, 0.9510565162951535300, 1.000000000000000000, 0.9510565162951535300, 1.000000000000000000, 0.9510565162951535300, 1.000000000000000000, 0.9510565162951535300, 1.000000000000000000, 0.9510565162951535300, 1.000000000000000000, 0.9510565162951535300, 1.000000000000000000, 0.9510565162951535300, 1.000000000000000000, 0.9510565162951535300, 1.000000000000000000, 0.9510565162951535300, 1.000000000000000000, 0.9510565162951535300, 1.000000000000000000, 0.9510565162951535300, 1.000000000000000000, 0.9510565162951535300, 1.000000000000000000, 0.9510565162951535300, 1.000000000000000000, 0.9510565162951535300, 1.000000000000000000, 0.9510565162951535300, 1.000000000000000000, 0.9510565162951535300, 1.000000000000000000, 0.9510565162951535300, 1.000000000000000000, 0.9510565162951535300, 1.000000000000000000, 0.9510565162951535300, 1.000000000000000000, 0.9510565162951535300, 1.000000000000000000, 0.9510565162951535300, 1.000000000000000000, 0.9510565162951535300, 1.000000000000000000, 0.9510565162951535300, 1.000000000000000000, 0.9510565162951535300, 1.000000000000000000, 0.9510565162951535300, 1.000000000000000000, 0.9510565162951535300, 1.000000000000000000, 0.9510565162951535300, 1.000000000000000000, 0.9510565162951535300, 1.000000000000000000, 0.9510565162951535300, 1.000000000000000000, 0.9510565162951535300, 1.000000000000000000, 0.9510565162951535300, 1.000000000000000000, 0.9510565162951535300, 1.000000000000000000, 0.9510565162951535300, 1.000000000000000000, 0.9510565162951535300, 1.000000000000000000, 0.9510565162951535300, 1.000000000000000000, 0.9510565162951535300, 1.000000000000000000, 0.9510565162951535300, 1.000000000000000000, 0.9510565162951535300, 1.000000000000000000, 0.9510565162951535300, 1.000000000000000000, 0.9510565162951535300, 1.000000000000000000, 0.9510565162951535300, 1.000000000000000000, 0.9510565162951535300, 1.000000000000000000, 0.9510565162951535300, 1.000000000000000000, 0.9510565162951535300, 1.000000000000000000, 0.9510565162951535300, 1.000000000000000000, 0.9510565162951535300, 1.000000000000000000, 0.9510565162951535300, 1.000000000000000000, 0.9510565162951535300, 1.000000000000000000, 0.9510565162951535300, 1.000000000000000000, 0.9510565162951535300, 1.000000000000000000, 0.9510565162951535300, 1.000000000000000000, 0.9510565162951535300, 1.000000000000000000, 0.9510565162951535300, 1.000000000000000000, 0.9510565162951535300, 1.000000000000000000) ) ) 
 REPRESENTATION_ITEM ( '' )  SURFACE ( )  );
#538 = CARTESIAN_POINT ( 'NONE',  ( 0.1550679754983105000, -0.2134327579199414300, -0.1397637795275577200 ) ) ;
#539 = CARTESIAN_POINT ( 'NONE',  ( 0.3149606299212600000, 3.857155272905051100E-017, 0.2559055118110236100 ) ) ;
#540 = CARTESIAN_POINT ( 'NONE',  ( -0.08571946862881160700, -0.2638173974143043200, -0.1417322834645655700 ) ) ;
#541 = CIRCLE ( 'NONE', #2486, 0.4724409448818899800 ) ;
#542 = DIRECTION ( 'NONE',  ( -1.000000000000000000, 0.0000000000000000000, 0.0000000000000000000 ) ) ;
#543 = CARTESIAN_POINT ( 'NONE',  ( 0.4724409448818896500, 0.2727639067037604900, -0.2137087885935243000 ) ) ;
#544 = EDGE_LOOP ( 'NONE', ( #1203, #3157, #485, #983 ) ) ;
#545 = CARTESIAN_POINT ( 'NONE',  ( 0.2638173974143042100, -5.936364064241343500E-014, -0.2005003432618218400 ) ) ;
#546 = CONICAL_SURFACE ( 'NONE', #1393, 0.4724409448818899800, 1.047197551196600100 ) ;
#547 = CARTESIAN_POINT ( 'NONE',  ( 0.0000000000000000000, 0.2638173974143042100, -0.1870078740157467600 ) ) ;
#548 = CARTESIAN_POINT ( 'NONE',  ( 0.3356504692350350000, 2.055266363904963800E-017, -0.1648622047244081000 ) ) ;
#549 = ADVANCED_FACE ( 'NONE', ( #2580 ), #537, .T. ) ;
#550 = CONICAL_SURFACE ( 'NONE', #416, 0.3192225659635061200, 0.7853981633974500600 ) ;
#551 = CARTESIAN_POINT ( 'NONE',  ( -0.2781699310704072700, 0.07763895060075723400, -0.2253188596574899100 ) ) ;
#552 = CARTESIAN_POINT ( 'NONE',  ( -0.2773940274779951300, -5.095645617802797000E-017, 0.06889763779527696700 ) ) ;
#553 = CARTESIAN_POINT ( 'NONE',  ( 0.0000000000000000000, 0.0000000000000000000, 0.2559055118110236100 ) ) ;
#554 = EDGE_LOOP ( 'NONE', ( #3188, #1111, #926, #220, #1790, #2176 ) ) ;
#555 = CARTESIAN_POINT ( 'NONE',  ( -0.08571946862881160700, -0.2638173974143043200, -0.06299212598425055200 ) ) ;
#556 = EDGE_LOOP ( 'NONE', ( #3098, #1502, #63, #2551, #148, #106 ) ) ;
#557 = EDGE_CURVE ( 'NONE', #2385, #1057, #3093, .T. ) ;
#558 = CARTESIAN_POINT ( 'NONE',  ( -0.3149606299212599500, -5.250708982892026700E-017, 0.02952755905511966100 ) ) ;
#559 = CARTESIAN_POINT ( 'NONE',  ( -0.08475419872442398200, -0.2783704362358948000, 0.2270415543462877300 ) ) ;
#560 = CARTESIAN_POINT ( 'NONE',  ( 0.2764654403477258500, 0.3859104170011324900, -0.2559055118110241100 ) ) ;
#561 = CARTESIAN_POINT ( 'NONE',  ( 0.0000000000000000000, 0.3192225659635060100, 0.1747047244094501700 ) ) ;
#562 = CARTESIAN_POINT ( 'NONE',  ( 0.2489562400524279200, 0.09630097464268777600, 0.2027929171645899100 ) ) ;
#563 = CARTESIAN_POINT ( 'NONE',  ( -0.2780090677160216800, -0.1573308453184107400, -0.2559055118110235600 ) ) ;
#564 = ORIENTED_EDGE ( 'NONE', *, *, #2905, .T. ) ;
#565 = CARTESIAN_POINT ( 'NONE',  ( 0.1037216991635512800, -0.3192225659635059000, -0.1806102362204711500 ) ) ;
#566 = CARTESIAN_POINT ( 'NONE',  ( 0.2509052549229022800, -0.08152405921278929600, -0.1318897637795263000 ) ) ;
#567 = ORIENTED_EDGE ( 'NONE', *, *, #3031, .T. ) ;
#568 = CARTESIAN_POINT ( 'NONE',  ( -0.2362204724409445700, -0.4091458600556403500, 0.2559055118110236100 ) ) ;
#569 = CARTESIAN_POINT ( 'NONE',  ( -0.2244164823678092800, 0.1630481184255785400, -0.007874015748030082200 ) ) ;
#570 = CARTESIAN_POINT ( 'NONE',  ( 3.857155272905051700E-017, -0.3149606299212600000, 0.1377952755905523800 ) ) ;
#571 = CARTESIAN_POINT ( 'NONE',  ( 0.1876343164723100500, -0.2582564808524539500, 0.1432086614173241600 ) ) ;
#572 = CARTESIAN_POINT ( 'NONE',  ( 0.03944354821996489500, -0.3169975242072149400, -0.2559055118110235600 ) ) ;
#573 = CARTESIAN_POINT ( 'NONE',  ( -0.1550679754983104200, -0.2134327579199414600, 0.2480314960629936800 ) ) ;
#574 = CARTESIAN_POINT ( 'NONE',  ( 0.0000000000000000000, 0.0000000000000000000, 0.2559055118110236100 ) ) ;
#575 = EDGE_CURVE ( 'NONE', #709, #2173, #22, .T. ) ;
#576 = CARTESIAN_POINT ( 'NONE',  ( 0.1550679754983104500, 0.2134327579199414600, -0.1062992125984238000 ) ) ;
#577 = CARTESIAN_POINT ( 'NONE',  ( -0.1851292133204640600, -0.2548085021653378500, 0.1988188976377968700 ) ) ;
#578 = CARTESIAN_POINT ( 'NONE',  ( -0.1876343164723100800, 0.2582564808524539500, 0.1825787401574816600 ) ) ;
#579 = CARTESIAN_POINT ( 'NONE',  ( 0.4724409448818898100, -0.2727639067037600000, 0.2137087885935244100 ) ) ;
#580 = CARTESIAN_POINT ( 'NONE',  ( -0.2764654403477260200, -0.3859104170011323200, -0.2559055118110241100 ) ) ;
#581 = CARTESIAN_POINT ( 'NONE',  ( 0.1550679754983104500, 0.2134327579199414600, 0.2086614173228361900 ) ) ;
#582 = ADVANCED_FACE ( 'NONE', ( #2052 ), #516, .F. ) ;
#583 = CARTESIAN_POINT ( 'NONE',  ( -0.2585897736698467000, 0.1332281588956605300, -0.2269084889945585700 ) ) ;
#584 = CARTESIAN_POINT ( 'NONE',  ( -0.3149606299212600000, 0.0000000000000000000, 0.2559055118110236100 ) ) ;
#585 = FACE_OUTER_BOUND ( 'NONE', #313, .T. ) ;
#586 = CARTESIAN_POINT ( 'NONE',  ( 0.1624697432225330200, 0.2698316176062221000, 0.2500251116391429300 ) ) ;
#587 = CARTESIAN_POINT ( 'NONE',  ( 3.230831313028129100E-017, -0.2638173974143042100, -0.3051181102362192600 ) ) ;
#588 = CARTESIAN_POINT ( 'NONE',  ( 0.3192225659635364300, -0.02628212187492337200, -0.2559055118110237800 ) ) ;
#589 = LINE ( 'NONE', #149, #745 ) ;
#590 = CARTESIAN_POINT ( 'NONE',  ( 0.4724409448818896500, 0.2727639067037604900, 0.2137087885935243000 ) ) ;
#591 = CARTESIAN_POINT ( 'NONE',  ( 0.01960779999325405400, 0.2989661233345533600, -0.2361330580496167900 ) ) ;
#592 = CARTESIAN_POINT ( 'NONE',  ( -0.2588409615782309400, -0.1871973409774674000, -0.2559055118110236100 ) ) ;
#593 = ORIENTED_EDGE ( 'NONE', *, *, #2239, .F. ) ;
#594 = CARTESIAN_POINT ( 'NONE',  ( 0.2773940274779951300, 1.698548539267599100E-017, 0.2755905511811039300 ) ) ;
#595 = CARTESIAN_POINT ( 'NONE',  ( 0.3149606299212599500, 1.750236327630675500E-017, 0.06889763779527714700 ) ) ;
#596 = DIRECTION ( 'NONE',  ( 0.0000000000000000000, 0.0000000000000000000, 1.000000000000000000 ) ) ;
#597 = AXIS2_PLACEMENT_3D ( 'NONE', #2452, #2166, #690 ) ;
#598 = CARTESIAN_POINT ( 'NONE',  ( 0.1037216991635512800, -0.3192225659635059000, 0.2180118110236234400 ) ) ;
#599 = CARTESIAN_POINT ( 'NONE',  ( 0.3149606299212599500, 1.750236327630675500E-017, -0.1574803149606288600 ) ) ;
#600 = ORIENTED_EDGE ( 'NONE', *, *, #1726, .F. ) ;
#601 = CARTESIAN_POINT ( 'NONE',  ( 0.4724409448818897000, 0.09270737855673452700, 0.2510202998394374100 ) ) ;
#602 = CARTESIAN_POINT ( 'NONE',  ( -0.1640898595478281200, -0.2740733143235004600, -0.2559055118110234500 ) ) ;
#603 = CARTESIAN_POINT ( 'NONE',  ( -0.2509052549229022200, -0.08152405921278936500, 0.2401574803149622000 ) ) ;
#604 = CARTESIAN_POINT ( 'NONE',  ( 0.2424816086584146200, -0.1779316441851666300, 0.2368363861229459700 ) ) ;
#605 = CARTESIAN_POINT ( 'NONE',  ( 0.3051827742166071700, 6.563386228615033600E-017, 0.2418657200641246800 ) ) ;
#606 = CARTESIAN_POINT ( 'NONE',  ( -0.08571946862881160700, -0.2638173974143043200, 0.005905511811024984600 ) ) ;
#607 = B_SPLINE_CURVE_WITH_KNOTS ( 'NONE', 3,
 ( #1197, #2927, #187, #2153, #429, #2632, #1163, #2658 ),
 .UNSPECIFIED., .F., .F.,
 ( 4, 2, 2, 4 ),
 ( 0.007010445034807152500, 0.008756443665256696100, 0.01050244229570624100, 0.01399443955660532900 ),
 .UNSPECIFIED. ) ;
#608 = DIRECTION ( 'NONE',  ( -0.0000000000000000000, -0.0000000000000000000, -1.000000000000000000 ) ) ;
#609 = CARTESIAN_POINT ( 'NONE',  ( -0.2995453594630406200, 0.09732818720470783100, -0.1318897637795261000 ) ) ;
#610 = CARTESIAN_POINT ( 'NONE',  ( -0.1550679754983104200, -0.2134327579199414600, 0.1692913385826786700 ) ) ;
#611 = EDGE_CURVE ( 'NONE', #2433, #1744, #3026, .T. ) ;
#612 = CARTESIAN_POINT ( 'NONE',  ( 0.2244164823678092800, -0.1630481184255785600, -0.2145669291338570500 ) ) ;
#613 = DIRECTION ( 'NONE',  ( -0.0000000000000000000, -0.0000000000000000000, -1.000000000000000000 ) ) ;
#614 = CARTESIAN_POINT ( 'NONE',  ( -0.2726709056078968100, -0.07592008997940610800, 0.2190785842804629000 ) ) ;
#615 = CARTESIAN_POINT ( 'NONE',  ( 0.2187510821152743000, -0.2339496342435598300, -0.2559055118110236100 ) ) ;
#616 = AXIS2_PLACEMENT_3D ( 'NONE', #2333, #2059, #855 ) ;
#617 = COORDINATED_UNIVERSAL_TIME_OFFSET ( 6, 0, .BEHIND. ) ;
#618 = CARTESIAN_POINT ( 'NONE',  ( -0.3149606299212599500, -4.813149900984357200E-017, -0.1968503937007863900 ) ) ;
#619 = ORIENTED_EDGE ( 'NONE', *, *, #1389, .T. ) ;
#620 = CARTESIAN_POINT ( 'NONE',  ( 0.2930556370098879000, -0.1173014991596126200, -0.2508079374402721300 ) ) ;
#621 = CARTESIAN_POINT ( 'NONE',  ( -0.4724409448818899800, 0.04625630099565793100, 0.2549225240748457800 ) ) ;
#622 = CARTESIAN_POINT ( 'NONE',  ( -0.08571946862881171800, 0.2638173974143042100, -0.1732283464566916100 ) ) ;
#623 = LINE ( 'NONE', #1888, #3169 ) ;
#624 = CARTESIAN_POINT ( 'NONE',  ( 0.2244164823678092800, 0.1630481184255785900, 0.2834645669291354100 ) ) ;
#625 = CARTESIAN_POINT ( 'NONE',  ( -0.08571946862881160700, -0.2638173974143043200, 0.1633858267716549700 ) ) ;
#626 = CARTESIAN_POINT ( 'NONE',  ( 0.2538791977802509800, 0.1946327244329848200, -0.2559055118110235600 ) ) ;
#627 = EDGE_LOOP ( 'NONE', ( #1625, #921, #1279 ) ) ;
#628 = EDGE_LOOP ( 'NONE', ( #2954, #2749, #236, #2007 ) ) ;
#629 = CARTESIAN_POINT ( 'NONE',  ( 0.2995453594630406200, -0.09732818720470787200, -0.2499999999999985600 ) ) ;
#630 = CARTESIAN_POINT ( 'NONE',  ( 0.2509052549229022200, 0.08152405921278932400, -0.1929133858267702800 ) ) ;
#631 = EDGE_CURVE ( 'NONE', #2986, #1551, #358, .T. ) ;
#632 = ORIENTED_EDGE ( 'NONE', *, *, #631, .T. ) ;
#633 =( BOUNDED_CURVE ( )  B_SPLINE_CURVE ( 2, ( #85, #3038, #629, #620, #1119 ),
 .UNSPECIFIED., .F., .F. ) 
 B_SPLINE_CURVE_WITH_KNOTS ( ( 3, 2, 3 ),
 ( 0.9062500000000000000, 0.9124999999999999800, 0.9151690250941744200 ),
 .UNSPECIFIED. ) 
 CURVE ( )  GEOMETRIC_REPRESENTATION_ITEM ( )  RATIONAL_B_SPLINE_CURVE ( ( 0.9755282581475768200, 0.9755282581475768200, 1.000000000000000000, 0.9895494891036358300, 0.9835618063399659300 ) ) 
 REPRESENTATION_ITEM ( '' )  );
#634 = ORIENTED_EDGE ( 'NONE', *, *, #650, .F. ) ;
#635 = CARTESIAN_POINT ( 'NONE',  ( -0.2773940274779951300, -5.095645617802797000E-017, 0.07874015748031643100 ) ) ;
#636 = CARTESIAN_POINT ( 'NONE',  ( 0.2244164823678092800, 0.1630481184255786200, 0.1948818897637809900 ) ) ;
#637 = CARTESIAN_POINT ( 'NONE',  ( 0.2715469337810688100, 0.1972903957414020000, -0.1520669291338570800 ) ) ;
#638 = CARTESIAN_POINT ( 'NONE',  ( 0.3192225659635060700, -9.440293436249767700E-013, 0.2559055118110236100 ) ) ;
#639 = CARTESIAN_POINT ( 'NONE',  ( 0.2679215144415875700, -0.1946563744094157400, -0.1653543307086603700 ) ) ;
#640 = DIRECTION ( 'NONE',  ( 1.000000000000000000, 0.0000000000000000000, 0.0000000000000000000 ) ) ;
#641 = CARTESIAN_POINT ( 'NONE',  ( -0.2773940274779951300, -5.095645617802797000E-017, 1.434220196673737800E-015 ) ) ;
#642 = CARTESIAN_POINT ( 'NONE',  ( -0.2244164823678092600, -0.1630481184255786200, 0.2342519685039384800 ) ) ;
#643 = CARTESIAN_POINT ( 'NONE',  ( 0.2509052549229022800, -0.08152405921278929600, 0.1141732283464582000 ) ) ;
#644 = CARTESIAN_POINT ( 'NONE',  ( 0.2509052549229022800, -0.08152405921278929600, 0.02559055118110371100 ) ) ;
#645 = CARTESIAN_POINT ( 'NONE',  ( -0.3035987015080518500, -0.09864519787070105700, 0.04084645669291469400 ) ) ;
#646 = CARTESIAN_POINT ( 'NONE',  ( 0.2330505571613336000, -0.2184044415574200900, 0.2559055118110236100 ) ) ;
#647 = CARTESIAN_POINT ( 'NONE',  ( -0.4724409448818899800, -0.2283678426487460700, -0.2265248283600867200 ) ) ;
#648 = CARTESIAN_POINT ( 'NONE',  ( 0.2509052549229022200, 0.08152405921278932400, -0.03543307086614035800 ) ) ;
#649 = CARTESIAN_POINT ( 'NONE',  ( -0.2509052549229022200, -0.08152405921278936500, -0.1535433070866128500 ) ) ;
#650 = EDGE_CURVE ( 'NONE', #929, #2869, #1339, .T. ) ;
#651 = CARTESIAN_POINT ( 'NONE',  ( 0.3149606299212599500, 0.04988486309434216800, 0.2382383575412155800 ) ) ;
#652 = CARTESIAN_POINT ( 'NONE',  ( 0.1550679754983104500, 0.2134327579199414600, 0.1299212598425211500 ) ) ;
#653 = FACE_BOUND ( 'NONE', #821, .T. ) ;
#654 = CARTESIAN_POINT ( 'NONE',  ( -0.1550679754983105300, 0.2134327579199414300, -0.02165354330708525400 ) ) ;
#655 = CARTESIAN_POINT ( 'NONE',  ( -0.2715469337810687600, -0.1972903957414020300, -0.03395669291338458000 ) ) ;
#656 = CARTESIAN_POINT ( 'NONE',  ( 0.2765234042540082900, -0.1598336938330562100, 0.2559055118110234500 ) ) ;
#657 = CIRCLE ( 'NONE', #2227, 0.4724409448818899800 ) ;
#658 = ADVANCED_FACE ( 'NONE', ( #322 ), #1428, .T. ) ;
#659 = CARTESIAN_POINT ( 'NONE',  ( 0.1851292133204641100, -0.2548085021653378500, -0.1791338582677150800 ) ) ;
#660 = VECTOR ( 'NONE', #1321, 39.37007874015748900 ) ;
#661 = CARTESIAN_POINT ( 'NONE',  ( 3.230831313028129100E-017, -0.2638173974143042100, -0.05905511811023483900 ) ) ;
#662 = CIRCLE ( 'NONE', #209, 0.3149606299212600000 ) ;
#663 = CARTESIAN_POINT ( 'NONE',  ( -0.2773940274779951300, -5.095645617802797000E-017, 0.2263779527559069400 ) ) ;
#664 = CARTESIAN_POINT ( 'NONE',  ( -0.2715469337810687600, -0.1972903957414020300, 0.2760826771653558400 ) ) ;
#665 = ORIENTED_EDGE ( 'NONE', *, *, #129, .F. ) ;
#666 = CARTESIAN_POINT ( 'NONE',  ( -0.1550679754983104200, -0.2134327579199414600, 0.09055118110236366800 ) ) ;
#667 = CARTESIAN_POINT ( 'NONE',  ( -0.2244164823678092800, 0.1630481184255785400, -0.09645669291338449000 ) ) ;
#668 = CARTESIAN_POINT ( 'NONE',  ( 0.3035987015080518500, 0.09864519787070102900, -0.07726377952755784900 ) ) ;
#669 = CARTESIAN_POINT ( 'NONE',  ( 0.2538282849290626200, 0.1947241708598138100, 0.2559055118110235000 ) ) ;
#670 = DIRECTION ( 'NONE',  ( -0.7071067811865486800, 0.0000000000000000000, -0.7071067811865462400 ) ) ;
#671 = DIRECTION ( 'NONE',  ( -1.000000000000000000, 0.0000000000000000000, 0.0000000000000000000 ) ) ;
#672 = CARTESIAN_POINT ( 'NONE',  ( 0.3149606299212600000, -0.04988486309434213300, 0.1456199101753226100 ) ) ;
#673 = ORIENTED_EDGE ( 'NONE', *, *, #303, .F. ) ;
#674 = EDGE_CURVE ( 'NONE', #1252, #2795, #1155, .T. ) ;
#675 = CARTESIAN_POINT ( 'NONE',  ( 0.2509052549229022200, 0.08152405921278932400, -0.2716535433070853000 ) ) ;
#676 = CARTESIAN_POINT ( 'NONE',  ( -0.3149606299212599500, -5.250708982892026700E-017, -0.1279527559055103300 ) ) ;
#677 = CARTESIAN_POINT ( 'NONE',  ( -0.2509052549229022800, 0.08152405921278926800, -0.003937007874014324600 ) ) ;
#678 = CARTESIAN_POINT ( 'NONE',  ( -0.1023369121993406800, 0.3149606299212599500, 0.02362204724409560800 ) ) ;
#679 = CARTESIAN_POINT ( 'NONE',  ( 3.230831313028129100E-017, -0.2638173974143042100, -0.1476377952755892600 ) ) ;
#680 = CARTESIAN_POINT ( 'NONE',  ( 0.2715469337810688100, 0.1972903957414020000, -0.07332677165354206700 ) ) ;
#681 = CARTESIAN_POINT ( 'NONE',  ( -0.02084648194440475200, -0.3192192928052953200, 0.2559055118110238300 ) ) ;
#682 = CARTESIAN_POINT ( 'NONE',  ( -0.05207598492942561200, 0.3151201454599045800, -0.2559055118110235000 ) ) ;
#683 = DIRECTION ( 'NONE',  ( -1.000000000000000000, 0.0000000000000000000, 0.0000000000000000000 ) ) ;
#684 = CARTESIAN_POINT ( 'NONE',  ( 0.0000000000000000000, 0.0000000000000000000, 0.2559055118110236100 ) ) ;
#685 = CARTESIAN_POINT ( 'NONE',  ( 0.1550679754983104500, 0.2134327579199414600, -0.2637795275590538200 ) ) ;
#686 = CARTESIAN_POINT ( 'NONE',  ( 0.3035987015080518500, 0.09864519787070102900, 0.3115157480314975600 ) ) ;
#687 = CARTESIAN_POINT ( 'NONE',  ( 0.2509052549229022200, 0.08152405921278932400, 0.04330708661417467800 ) ) ;
#688 = CARTESIAN_POINT ( 'NONE',  ( -0.3192225659635060100, 9.375884739392955300E-013, -0.2559055118110235000 ) ) ;
#689 = CARTESIAN_POINT ( 'NONE',  ( -0.1550679754983105300, 0.2134327579199414300, -0.1791338582677152500 ) ) ;
#690 = DIRECTION ( 'NONE',  ( 1.000000000000000000, 0.0000000000000000000, 0.0000000000000000000 ) ) ;
#691 = DIRECTION ( 'NONE',  ( 1.000000000000000000, 0.0000000000000000000, 0.0000000000000000000 ) ) ;
#692 = CARTESIAN_POINT ( 'NONE',  ( 0.2527593643254962800, 0.07557991085088647300, 0.2005003432618219000 ) ) ;
#693 = EDGE_CURVE ( 'NONE', #756, #929, #1387, .T. ) ;
#694 = CARTESIAN_POINT ( 'NONE',  ( 0.0000000000000000000, 0.0000000000000000000, 0.2559055118110236100 ) ) ;
#695 = PERSON_AND_ORGANIZATION_ROLE ( 'design_supplier' ) ;
#696 = CARTESIAN_POINT ( 'NONE',  ( -0.2679215144415874600, -0.1946563744094158600, 0.1161417322834661500 ) ) ;
#697 = LOCAL_TIME ( 20, 0, 58.00000000000000000, #1500 ) ;
#698 = ORIENTED_EDGE ( 'NONE', *, *, #1165, .F. ) ;
#699 = ORIENTED_EDGE ( 'NONE', *, *, #2583, .F. ) ;
#700 = CARTESIAN_POINT ( 'NONE',  ( -0.2244164823678092800, 0.1630481184255785600, 0.1397637795275604700 ) ) ;
#701 = AXIS2_PLACEMENT_3D ( 'NONE', #1556, #2867, #1386 ) ;
#702 = CARTESIAN_POINT ( 'NONE',  ( 0.1851292133204640900, -0.2548085021653378500, 0.06692913385826884700 ) ) ;
#703 = CONICAL_SURFACE ( 'NONE', #1667, 0.3192225659635061200, 0.7853981633974500600 ) ;
#704 = CARTESIAN_POINT ( 'NONE',  ( -0.08571946862881171800, 0.2638173974143042100, -0.09448818897637656400 ) ) ;
#705 = CARTESIAN_POINT ( 'NONE',  ( 0.3149606299212599500, 0.04988486309434216800, 0.1594982000609006000 ) ) ;
#706 = CARTESIAN_POINT ( 'NONE',  ( 0.08571946862881164900, 0.2638173974143042100, -0.03346456692913249400 ) ) ;
#707 = CARTESIAN_POINT ( 'NONE',  ( 0.1037216991635512600, 0.3192225659635059000, -0.3016732283464555500 ) ) ;
#708 = CARTESIAN_POINT ( 'NONE',  ( 0.3031039735738438900, -0.08094142910109684800, -0.2501912454341956300 ) ) ;
#709 = VERTEX_POINT ( 'NONE', #2002 ) ;
#710 = CARTESIAN_POINT ( 'NONE',  ( -0.2863742982466419600, 0.1414275930937391500, -0.2559055118110238300 ) ) ;
#711 = CARTESIAN_POINT ( 'NONE',  ( 0.0000000000000000000, 0.0000000000000000000, 0.2559055118110236100 ) ) ;
#712 = ORIENTED_EDGE ( 'NONE', *, *, #2541, .T. ) ;
#713 = ORIENTED_EDGE ( 'NONE', *, *, #2818, .F. ) ;
#714 = CARTESIAN_POINT ( 'NONE',  ( -0.2509052549229022200, -0.08152405921278936500, 0.1515748031496077200 ) ) ;
#715 = CARTESIAN_POINT ( 'NONE',  ( 0.0000000000000000000, 0.3192225659635060100, 0.1697834645669305800 ) ) ;
#716 = ORIENTED_EDGE ( 'NONE', *, *, #2760, .F. ) ;
#717 = CARTESIAN_POINT ( 'NONE',  ( 0.0000000000000000000, 0.3149606299212600000, 0.01968503937007986100 ) ) ;
#718 = CARTESIAN_POINT ( 'NONE',  ( 0.2509052549229022200, 0.08152405921278932400, 0.1909448818897652200 ) ) ;
#719 = CARTESIAN_POINT ( 'NONE',  ( 0.0000000000000000000, 0.3192225659635060100, -0.2977362204724398100 ) ) ;
#720 = CARTESIAN_POINT ( 'NONE',  ( 3.857155272905051700E-017, -0.3149606299212600000, 0.05905511811023733000 ) ) ;
#721 = CARTESIAN_POINT ( 'NONE',  ( -0.3149606299212599500, -4.813149900984357200E-017, -0.1968503937007863900 ) ) ;
#722 = ORIENTED_EDGE ( 'NONE', *, *, #188, .F. ) ;
#723 = CARTESIAN_POINT ( 'NONE',  ( 0.0000000000000000000, 0.0000000000000000000, 0.2559055118110236100 ) ) ;
#724 = EDGE_CURVE ( 'NONE', #1533, #1052, #2255, .T. ) ;
#725 = CARTESIAN_POINT ( 'NONE',  ( -0.2509052549229022200, -0.08152405921278936500, 0.07283464566929275000 ) ) ;
#726 = CARTESIAN_POINT ( 'NONE',  ( 3.909348936228124300E-017, -0.3192225659635060100, 0.1304133858267730600 ) ) ;
#727 = CARTESIAN_POINT ( 'NONE',  ( -0.4724409448818899200, -0.2727639067037602200, 0.2137087885935242700 ) ) ;
#728 = CARTESIAN_POINT ( 'NONE',  ( 0.2244164823678092800, -0.1630481184255785600, 0.1791338582677179900 ) ) ;
#729 = CARTESIAN_POINT ( 'NONE',  ( -0.3356504692350350000, -6.165799091714889700E-017, -0.2780511811023611000 ) ) ;
#730 = CARTESIAN_POINT ( 'NONE',  ( 0.1550679754983104500, 0.2134327579199414600, 0.1299212598425211500 ) ) ;
#731 = CARTESIAN_POINT ( 'NONE',  ( -0.2611913650113518200, -0.1109097802738062800, -0.2199737272323587500 ) ) ;
#732 = CARTESIAN_POINT ( 'NONE',  ( 0.2638173974143042100, -5.936364064241343500E-014, -0.2005003432618218400 ) ) ;
#733 = MECHANICAL_CONTEXT ( 'NONE', #2243, 'mechanical' ) ;
#734 = CARTESIAN_POINT ( 'NONE',  ( 0.2509052549229022800, -0.08152405921278929600, 0.1830708661417337100 ) ) ;
#735 = CARTESIAN_POINT ( 'NONE',  ( -0.2715469337810687600, -0.1972903957414020300, 0.1973425196850407700 ) ) ;
#736 = CARTESIAN_POINT ( 'NONE',  ( -0.2362204724409452100, 0.4091458600556403000, -0.2559055118110236100 ) ) ;
#737 = CARTESIAN_POINT ( 'NONE',  ( 0.4724409448818897000, -0.09192041901206525500, -0.2519384641800379000 ) ) ;
#738 =( BOUNDED_CURVE ( )  B_SPLINE_CURVE ( 2, ( #1363, #390, #2106, #3159, #460, #2395, #717, #678, #2636, #1170, #1416, #1463, #2947 ),
 .UNSPECIFIED., .F., .F. ) 
 B_SPLINE_CURVE_WITH_KNOTS ( ( 3, 2, 2, 2, 2, 2, 3 ),
 ( 0.5312500000000000000, 0.5374999999999999800, 0.5500000000000000400, 0.5625000000000000000, 0.5749999999999999600, 0.5875000000000000200, 0.5937500000000000000 ),
 .UNSPECIFIED. ) 
 CURVE ( )  GEOMETRIC_REPRESENTATION_ITEM ( )  RATIONAL_B_SPLINE_CURVE ( ( 0.9755282581475768200, 0.9755282581475768200, 1.000000000000000000, 0.9510565162951535300, 1.000000000000000000, 0.9510565162951535300, 1.000000000000000000, 0.9510565162951535300, 1.000000000000000000, 0.9510565162951535300, 1.000000000000000000, 0.9755282581475768200, 0.9755282581475768200 ) ) 
 REPRESENTATION_ITEM ( '' )  );
#739 = CARTESIAN_POINT ( 'NONE',  ( -0.1851292133204640000, -0.2548085021653379000, -0.02755905511810913900 ) ) ;
#740 = CARTESIAN_POINT ( 'NONE',  ( -0.08571946862881173200, 0.2638173974143042100, 0.1417322834645684300 ) ) ;
#741 = EDGE_CURVE ( 'NONE', #929, #1518, #1661, .T. ) ;
#742 = CARTESIAN_POINT ( 'NONE',  ( -0.2271154127449183700, -0.1664139423164933400, -0.2181216480241854300 ) ) ;
#743 = FACE_BOUND ( 'NONE', #2432, .T. ) ;
#744 = DIRECTION ( 'NONE',  ( 1.000000000000000000, 0.0000000000000000000, 0.0000000000000000000 ) ) ;
#745 = VECTOR ( 'NONE', #1869, 39.37007874015748100 ) ;
#746 = CARTESIAN_POINT ( 'NONE',  ( -0.2773940274779951300, -5.095645617802797000E-017, -0.009842519685038013400 ) ) ;
#747 = CARTESIAN_POINT ( 'NONE',  ( 0.1876343164723100200, 0.2582564808524540100, 0.1619094488188990700 ) ) ;
#748 = B_SPLINE_CURVE_WITH_KNOTS ( 'NONE', 3,
 ( #88, #2768, #2530, #2540, #2067, #340, #61, #2268, #1276, #3029, #3007, #1537, #1072, #2311 ),
 .UNSPECIFIED., .F., .F.,
 ( 4, 2, 2, 2, 2, 2, 4 ),
 ( 0.0000000000000000000, 0.001983266014335962600, 0.002974899021503943200, 0.003966532028671923400, 0.004958165035839903600, 0.005949798043007884600, 0.007933064057343843300 ),
 .UNSPECIFIED. ) ;
#749 = LINE ( 'NONE', #29, #439 ) ;
#750 = CARTESIAN_POINT ( 'NONE',  ( -0.08571946862881160700, -0.2638173974143042700, 0.1633858267716550000 ) ) ;
#751 = CARTESIAN_POINT ( 'NONE',  ( 0.3149606299212600000, -0.04988486309434213300, -0.002017885100268425200 ) ) ;
#752 = CARTESIAN_POINT ( 'NONE',  ( -0.1550679754983104200, -0.2134327579199414600, 0.1692913385826786700 ) ) ;
#753 = CARTESIAN_POINT ( 'NONE',  ( -0.2057483792050945600, -0.1913477419927271100, -0.2171796127817187400 ) ) ;
#754 = CARTESIAN_POINT ( 'NONE',  ( -0.2995453594630406200, 0.09732818720470784400, -0.04330708661417213800 ) ) ;
#755 = CARTESIAN_POINT ( 'NONE',  ( -0.2773940274779951300, -5.095645617802797000E-017, -0.08858267716535302100 ) ) ;
#756 = VERTEX_POINT ( 'NONE', #2473 ) ;
#757 = CARTESIAN_POINT ( 'NONE',  ( 0.1876343164723100500, -0.2582564808524539500, 0.2170275590551195800 ) ) ;
#758 = CARTESIAN_POINT ( 'NONE',  ( -0.02075796218286965500, 0.3187190297709398000, -0.2559055118110235600 ) ) ;
#759 = CARTESIAN_POINT ( 'NONE',  ( 0.3149606299212599500, 0.04988486309434216800, -0.007824634584768329700 ) ) ;
#760 = CARTESIAN_POINT ( 'NONE',  ( -0.01560918459910348500, -0.2744625463329845000, -0.2111042646603544500 ) ) ;
#761 = CARTESIAN_POINT ( 'NONE',  ( 0.3950272088829481800, -0.3174587480217236400, 0.2371643225105215200 ) ) ;
#762 = CARTESIAN_POINT ( 'NONE',  ( 0.08571946862881164900, 0.2638173974143042100, -0.03346456692913249400 ) ) ;
#763 = CARTESIAN_POINT ( 'NONE',  ( -0.1876343164723100800, 0.2582564808524539500, -0.2160433070866129300 ) ) ;
#764 = CARTESIAN_POINT ( 'NONE',  ( 0.08571946862881164900, 0.2638173974143042100, -0.1122047244094475400 ) ) ;
#765 = CARTESIAN_POINT ( 'NONE',  ( -0.2764048988964142300, 0.3859453706243443600, -0.2549081396341280100 ) ) ;
#766 = CARTESIAN_POINT ( 'NONE',  ( -0.2509052549229022200, -0.08152405921278936500, 0.08267716535433218500 ) ) ;
#767 = CARTESIAN_POINT ( 'NONE',  ( 0.1023369121993406400, -0.3149606299212599500, 0.1417322834645680700 ) ) ;
#768 = ORIENTED_EDGE ( 'NONE', *, *, #1268, .F. ) ;
#769 = CARTESIAN_POINT ( 'NONE',  ( -0.2509052549229022200, -0.08152405921278936500, -0.08464566929133725300 ) ) ;
#770 = LOCAL_TIME ( 20, 0, 58.00000000000000000, #838 ) ;
#771 = CARTESIAN_POINT ( 'NONE',  ( 0.2715469337810688100, -0.1972903957414019700, -0.2514763779527546300 ) ) ;
#772 = VERTEX_POINT ( 'NONE', #997 ) ;
#773 = CARTESIAN_POINT ( 'NONE',  ( 3.230831313028129100E-017, -0.2638173974143042100, 0.08858267716535571400 ) ) ;
#774 = CARTESIAN_POINT ( 'NONE',  ( 0.0000000000000000000, 0.0000000000000000000, -0.2559055118110236100 ) ) ;
#775 = CARTESIAN_POINT ( 'NONE',  ( 0.0000000000000000000, 0.0000000000000000000, 0.2559055118110236100 ) ) ;
#776 = EDGE_CURVE ( 'NONE', #2006, #328, #748, .T. ) ;
#777 = CARTESIAN_POINT ( 'NONE',  ( -0.2679215144415875700, 0.1946563744094156900, -0.05708661417322681600 ) ) ;
#778 = CARTESIAN_POINT ( 'NONE',  ( 0.1876343164723100500, -0.2582564808524539500, 0.06446850393700917500 ) ) ;
#779 = CARTESIAN_POINT ( 'NONE',  ( 0.2527593643254962800, 0.07557991085088647300, 0.2005003432618219000 ) ) ;
#780 = ORIENTED_EDGE ( 'NONE', *, *, #2541, .F. ) ;
#781 = CARTESIAN_POINT ( 'NONE',  ( 0.2509052549229022800, -0.08152405921278929600, -0.2106299212598412600 ) ) ;
#782 = ORIENTED_EDGE ( 'NONE', *, *, #2671, .F. ) ;
#783 = CARTESIAN_POINT ( 'NONE',  ( 0.2715469337810688100, 0.1972903957414020000, -0.07824803149606168700 ) ) ;
#784 = CARTESIAN_POINT ( 'NONE',  ( 0.2244164823678092800, 0.1630481184255785900, -0.04133858267716401100 ) ) ;
#785 = CARTESIAN_POINT ( 'NONE',  ( -0.4338948741040402600, 0.2950184910435538200, -0.2265574788528136300 ) ) ;
#786 = VERTEX_POINT ( 'NONE', #1250 ) ;
#787 = ADVANCED_FACE ( 'NONE', ( #2856 ), #278, .F. ) ;
#788 = CARTESIAN_POINT ( 'NONE',  ( -0.3950272088829479600, 0.3174587480217236900, 0.2371643225105213900 ) ) ;
#789 = CARTESIAN_POINT ( 'NONE',  ( 0.3149606299212599500, 0.04988486309434216800, -0.2440451070257133000 ) ) ;
#790 = CARTESIAN_POINT ( 'NONE',  ( 0.1023369121993406000, 0.3149606299212599500, -0.07283464566928983500 ) ) ;
#791 = ORIENTED_EDGE ( 'NONE', *, *, #2838, .T. ) ;
#792 = CARTESIAN_POINT ( 'NONE',  ( 0.2244164823678092800, -0.1630481184255785600, -0.2145669291338570500 ) ) ;
#793 = CARTESIAN_POINT ( 'NONE',  ( 0.3356504692350350000, 2.055266363904963800E-017, -0.08612204724409312800 ) ) ;
#794 = CARTESIAN_POINT ( 'NONE',  ( 0.1550679754983104500, 0.2134327579199414600, 0.04133858267716674500 ) ) ;
#795 = DIRECTION ( 'NONE',  ( -0.0000000000000000000, -0.0000000000000000000, -1.000000000000000000 ) ) ;
#796 = CARTESIAN_POINT ( 'NONE',  ( -0.08571946862881173200, 0.2638173974143042100, -0.01574803149606159700 ) ) ;
#797 = CARTESIAN_POINT ( 'NONE',  ( 0.2868375075639214000, 0.1416630300883374700, -0.2559055118110236700 ) ) ;
#798 = CARTESIAN_POINT ( 'NONE',  ( -0.2362204724409445700, -0.4091458600556403500, 0.2559055118110236100 ) ) ;
#799 = CARTESIAN_POINT ( 'NONE',  ( -0.08571946862881171800, 0.2638173974143042100, -0.2618110236220459500 ) ) ;
#800 = CARTESIAN_POINT ( 'NONE',  ( 0.1680254754795023600, 0.2278631850305010100, 0.2196047866216597200 ) ) ;
#801 = CARTESIAN_POINT ( 'NONE',  ( 0.2509052549229022200, 0.08152405921278932400, -0.2814960629921247600 ) ) ;
#802 = CARTESIAN_POINT ( 'NONE',  ( -0.1876343164723100800, 0.2582564808524539500, -0.1373031496062978900 ) ) ;
#803 = CARTESIAN_POINT ( 'NONE',  ( -0.2850389081100037100, 0.03928699555249248700, -0.2242497423060795200 ) ) ;
#804 = CARTESIAN_POINT ( 'NONE',  ( -0.2509052549229022800, 0.08152405921278926800, -0.01377952755905377200 ) ) ;
#805 = CARTESIAN_POINT ( 'NONE',  ( 0.3149606299212599500, 1.750236327630675500E-017, 0.2263779527559070800 ) ) ;
#806 = CARTESIAN_POINT ( 'NONE',  ( 0.2244164823678092800, -0.1630481184255785400, -0.1259842519685025500 ) ) ;
#807 = CARTESIAN_POINT ( 'NONE',  ( -0.2715469337810688100, 0.1972903957414019200, 0.1077755905511824200 ) ) ;
#808 = CARTESIAN_POINT ( 'NONE',  ( 0.1899932156173887400, 0.2055288874295163900, 0.2163833088061091200 ) ) ;
#809 = ORGANIZATION ( 'UNSPECIFIED', 'UNSPECIFIED', '' ) ;
#810 = CARTESIAN_POINT ( 'NONE',  ( 0.2471616873761358100, 0.1813395106174369400, -0.2430762549281633400 ) ) ;
#811 = CARTESIAN_POINT ( 'NONE',  ( 3.230831313028129100E-017, -0.2638173974143042100, -0.3051181102362192600 ) ) ;
#812 = CARTESIAN_POINT ( 'NONE',  ( -0.2244164823678092600, -0.1630481184255786200, 0.1653543307086628400 ) ) ;
#813 = CONICAL_SURFACE ( 'NONE', #1295, 0.4724409448818899800, 1.047197551196600100 ) ;
#814 = CARTESIAN_POINT ( 'NONE',  ( 3.594672601403959900E-016, -0.5455278134075203200, -0.2137087885935244100 ) ) ;
#815 = VERTEX_POINT ( 'NONE', #2027 ) ;
#816 = ORIENTED_EDGE ( 'NONE', *, *, #1212, .T. ) ;
#817 = CARTESIAN_POINT ( 'NONE',  ( 0.2995453594630406200, 0.09732818720470790000, 0.1515748031496078900 ) ) ;
#818 = CARTESIAN_POINT ( 'NONE',  ( 3.909348936228124300E-017, -0.3192225659635060100, 0.1353346456692926800 ) ) ;
#819 = APPLICATION_CONTEXT ( 'configuration controlled 3d designs of mechanical parts and assemblies' ) ;
#820 = CARTESIAN_POINT ( 'NONE',  ( -0.2773940274779951300, -5.095645617802797000E-017, 0.07874015748031643100 ) ) ;
#821 = EDGE_LOOP ( 'NONE', ( #1270, #1591, #2625, #2094 ) ) ;
#822 = CARTESIAN_POINT ( 'NONE',  ( -0.2679215144415875700, 0.1946563744094156900, 0.1003937007874031600 ) ) ;
#823 = CARTESIAN_POINT ( 'NONE',  ( 0.2995453594630406200, 0.09732818720470790000, 0.2303149606299228800 ) ) ;
#824 = CARTESIAN_POINT ( 'NONE',  ( 0.0000000000000000000, 0.3192225659635060100, 0.2534448818897651600 ) ) ;
#825 = CARTESIAN_POINT ( 'NONE',  ( 0.2679215144415875700, -0.1946563744094157400, -0.2440944881889753900 ) ) ;
#826 = CARTESIAN_POINT ( 'NONE',  ( -0.1437592790824560300, -0.2857381193119998300, -0.2559055118110236100 ) ) ;
#827 = CARTESIAN_POINT ( 'NONE',  ( -0.2244164823678092600, -0.1630481184255786200, 0.08661417322834792700 ) ) ;
#828 = ADVANCED_FACE ( 'NONE', ( #1082 ), #247, .F. ) ;
#829 = CARTESIAN_POINT ( 'NONE',  ( 0.04813717383347697300, -0.2901846483426089300, 0.2306762512541699600 ) ) ;
#830 = EDGE_CURVE ( 'NONE', #1434, #786, #356, .T. ) ;
#831 = CARTESIAN_POINT ( 'NONE',  ( 0.3149606299212599500, 1.750236327630675500E-017, 0.2362204724409461000 ) ) ;
#832 = DIRECTION ( 'NONE',  ( 0.0000000000000000000, 0.0000000000000000000, -1.000000000000000000 ) ) ;
#833 = CARTESIAN_POINT ( 'NONE',  ( -0.3356504692350350000, -6.165799091714889700E-017, 0.1943897637795288800 ) ) ;
#834 = CARTESIAN_POINT ( 'NONE',  ( -0.1023369121993406800, 0.3149606299212599500, -0.1338582677165343600 ) ) ;
#835 = CARTESIAN_POINT ( 'NONE',  ( 0.4724409448818898700, 0.02307900416352706400, 0.2559055118110237800 ) ) ;
#836 = CARTESIAN_POINT ( 'NONE',  ( 0.3149606299212600000, 3.857155272905051100E-017, 0.2559055118110236100 ) ) ;
#837 = CARTESIAN_POINT ( 'NONE',  ( 3.230831313028129100E-017, -0.2638173974143042100, 0.1771653543307101800 ) ) ;
#838 = COORDINATED_UNIVERSAL_TIME_OFFSET ( 6, 0, .BEHIND. ) ;
#839 = CARTESIAN_POINT ( 'NONE',  ( 0.3042310400916895500, -0.01908301875402271300, 0.2413600339265303300 ) ) ;
#840 = ORIENTED_EDGE ( 'NONE', *, *, #1268, .T. ) ;
#841 = DIRECTION ( 'NONE',  ( -1.000000000000000000, 0.0000000000000000000, 0.0000000000000000000 ) ) ;
#842 = CARTESIAN_POINT ( 'NONE',  ( 0.1023369121993406400, -0.3149606299212599500, 0.2106299212598441200 ) ) ;
#843 = CARTESIAN_POINT ( 'NONE',  ( 0.2773940274779951900, 1.698548539267598800E-017, 0.1870078740157494800 ) ) ;
#844 = FACE_OUTER_BOUND ( 'NONE', #2293, .T. ) ;
#845 = CARTESIAN_POINT ( 'NONE',  ( 3.857155272905051700E-017, -0.3149606299212600000, -0.1771653543307076300 ) ) ;
#846 = CARTESIAN_POINT ( 'NONE',  ( -0.03864257021002132100, 0.5232175150945856900, 0.2265896453302098400 ) ) ;
#847 = FACE_OUTER_BOUND ( 'NONE', #1749, .T. ) ;
#848 = CARTESIAN_POINT ( 'NONE',  ( 0.2244164823678092800, -0.1630481184255785600, 0.1102362204724424300 ) ) ;
#849 = EDGE_CURVE ( 'NONE', #1560, #273, #1731, .T. ) ;
#850 = ORIENTED_EDGE ( 'NONE', *, *, #1794, .T. ) ;
#851 = ORIENTED_EDGE ( 'NONE', *, *, #477, .F. ) ;
#852 = CARTESIAN_POINT ( 'NONE',  ( -0.2773940274779951300, -5.095645617802797000E-017, -0.1673228346456680200 ) ) ;
#853 = CARTESIAN_POINT ( 'NONE',  ( 0.3149606299212600000, -0.04988486309434213300, 0.2342025873406765900 ) ) ;
#854 = AXIS2_PLACEMENT_3D ( 'NONE', #2968, #2735, #1259 ) ;
#855 = DIRECTION ( 'NONE',  ( 1.000000000000000000, 1.776356839400250500E-015, 0.0000000000000000000 ) ) ;
#856 = CARTESIAN_POINT ( 'NONE',  ( 0.2244164823678092800, -0.1630481184255785400, 0.02165354330708798100 ) ) ;
#857 = CARTESIAN_POINT ( 'NONE',  ( -0.3162404436710615200, 0.3629463081253862000, 0.2510484196704750900 ) ) ;
#858 = ORIENTED_EDGE ( 'NONE', *, *, #2697, .T. ) ;
#859 = CARTESIAN_POINT ( 'NONE',  ( -0.2679215144415875200, -0.1946563744094158000, -0.1889763779527548500 ) ) ;
#860 = CARTESIAN_POINT ( 'NONE',  ( 0.4724409448818896500, 0.2727639067037604900, 0.2559055118110236100 ) ) ;
#861 = CARTESIAN_POINT ( 'NONE',  ( 0.08571946862881164900, 0.2638173974143042100, -0.1811023622047229800 ) ) ;
#862 = VERTEX_POINT ( 'NONE', #814 ) ;
#863 = ADVANCED_FACE ( 'NONE', ( #1242 ), #2317, .F. ) ;
#864 = CARTESIAN_POINT ( 'NONE',  ( 0.3056022245640450100, 0.01584837723294153800, 0.2422851704115626100 ) ) ;
#865 =( BOUNDED_CURVE ( )  B_SPLINE_CURVE ( 2, ( #1161, #525, #2683, #2726, #1717, #2232, #1732, #2200, #752, #998, #1251, #1466, #276, #2460, #1493, #740, #266, #517, #730, #25, #4, #2474, #248, #2241, #34, #1748, #2213, #259, #2441, #1992, #766, #955, #1486, #2694, #2969, #991, #1206, #2938, #2950, #1454, #2716, #982, #1229, #237, #1970, #2962, #3187, #1703, #1963, #488, #1725, #1278, #2769, #569, #62, #796, #1290, #2283, #1528, #2991, #2269, #1517, #2522, #2295, #3017, #1795, #1507, #555, #1758, #2748, #304, #2512, #2251, #1266, #2502, #1039, #3008, #2259, #576, #317, #283, #41, #2781, #806, #2047, #1051, #1030, #540, #1538, #2481, #2759, #1807, #79, #1780, #2003, #329, #532, #3001, #1767, #2037, #1012, #52, #1300 ),
 .UNSPECIFIED., .F., .F. ) 
 B_SPLINE_CURVE_WITH_KNOTS ( ( 3, 2, 2, 2, 2, 2, 2, 2, 2, 2, 2, 2, 2, 2, 2, 2, 2, 2, 2, 2, 2, 2, 2, 2, 2, 2, 2, 2, 2, 2, 2, 2, 2, 2, 2, 2, 2, 2, 2, 2, 2, 2, 2, 2, 2, 2, 2, 2, 2, 2, 2, 3 ),
 ( 0.1504765020908191400, 0.1625000000000000100, 0.1749999999999999900, 0.1875000000000000000, 0.2000000000000000100, 0.2124999999999999900, 0.2250000000000000100, 0.2374999999999999900, 0.2500000000000000000, 0.2625000000000000100, 0.2750000000000000200, 0.2874999999999999800, 0.2999999999999999900, 0.3125000000000000000, 0.3250000000000000100, 0.3375000000000000200, 0.3499999999999999800, 0.3624999999999999900, 0.3750000000000000000, 0.3875000000000000100, 0.4000000000000000200, 0.4124999999999999800, 0.4249999999999999900, 0.4375000000000000000, 0.4500000000000000100, 0.4625000000000000200, 0.4749999999999999800, 0.4874999999999999900, 0.5000000000000000000, 0.5124999999999999600, 0.5250000000000000200, 0.5374999999999999800, 0.5500000000000000400, 0.5625000000000000000, 0.5749999999999999600, 0.5875000000000000200, 0.5999999999999999800, 0.6125000000000000400, 0.6250000000000000000, 0.6374999999999999600, 0.6500000000000001300, 0.6625000000000000900, 0.6750000000000000400, 0.6875000000000000000, 0.6999999999999999600, 0.7125000000000001300, 0.7250000000000000900, 0.7375000000000000400, 0.7500000000000000000, 0.7624999999999999600, 0.7750000000000001300, 0.7870234979092163300 ),
 .UNSPECIFIED. ) 
 CURVE ( )  GEOMETRIC_REPRESENTATION_ITEM ( )  RATIONAL_B_SPLINE_CURVE ( ( 0.9964107765971705900, 0.9529222500805401000, 1.000000000000000000, 0.9510565162951535300, 1.000000000000000000, 0.9510565162951535300, 1.000000000000000000, 0.9510565162951535300, 1.000000000000000000, 0.9510565162951535300, 1.000000000000000000, 0.9510565162951535300, 1.000000000000000000, 0.9510565162951535300, 1.000000000000000000, 0.9510565162951535300, 1.000000000000000000, 0.9510565162951535300, 1.000000000000000000, 0.9510565162951535300, 1.000000000000000000, 0.9510565162951535300, 1.000000000000000000, 0.9510565162951535300, 1.000000000000000000, 0.9510565162951535300, 1.000000000000000000, 0.9510565162951535300, 1.000000000000000000, 0.9510565162951535300, 1.000000000000000000, 0.9510565162951535300, 1.000000000000000000, 0.9510565162951535300, 1.000000000000000000, 0.9510565162951535300, 1.000000000000000000, 0.9510565162951535300, 1.000000000000000000, 0.9510565162951535300, 1.000000000000000000, 0.9510565162951535300, 1.000000000000000000, 0.9510565162951535300, 1.000000000000000000, 0.9510565162951535300, 1.000000000000000000, 0.9510565162951535300, 1.000000000000000000, 0.9510565162951535300, 1.000000000000000000, 0.9510565162951535300, 1.000000000000000000, 0.9510565162951535300, 1.000000000000000000, 0.9510565162951535300, 1.000000000000000000, 0.9510565162951535300, 1.000000000000000000, 0.9510565162951535300, 1.000000000000000000, 0.9510565162951535300, 1.000000000000000000, 0.9510565162951535300, 1.000000000000000000, 0.9510565162951535300, 1.000000000000000000, 0.9510565162951535300, 1.000000000000000000, 0.9510565162951535300, 1.000000000000000000, 0.9510565162951535300, 1.000000000000000000, 0.9510565162951535300, 1.000000000000000000, 0.9510565162951535300, 1.000000000000000000, 0.9510565162951535300, 1.000000000000000000, 0.9510565162951535300, 1.000000000000000000, 0.9510565162951535300, 1.000000000000000000, 0.9510565162951535300, 1.000000000000000000, 0.9510565162951535300, 1.000000000000000000, 0.9510565162951535300, 1.000000000000000000, 0.9510565162951535300, 1.000000000000000000, 0.9510565162951535300, 1.000000000000000000, 0.9510565162951535300, 1.000000000000000000, 0.9510565162951535300, 1.000000000000000000, 0.9510565162951535300, 1.000000000000000000, 0.9510565162951535300, 1.000000000000000000, 0.9529222500804015400, 0.9964107765974266100 ) ) 
 REPRESENTATION_ITEM ( '' )  );
#866 = CARTESIAN_POINT ( 'NONE',  ( 3.230831313028129100E-017, -0.2638173974143042100, 0.1771653543307101800 ) ) ;
#867 = CARTESIAN_POINT ( 'NONE',  ( -0.1550679754983105300, 0.2134327579199414300, 0.05708661417322970900 ) ) ;
#868 = CARTESIAN_POINT ( 'NONE',  ( 0.3166404728385890900, 0.04184486742722779600, -0.2559055118110236700 ) ) ;
#869 = APPLICATION_PROTOCOL_DEFINITION ( 'international standard', 'config_control_design', 1994, #819 ) ;
#870 = DIRECTION ( 'NONE',  ( 1.000000000000000000, 0.0000000000000000000, 0.0000000000000000000 ) ) ;
#871 = CARTESIAN_POINT ( 'NONE',  ( 0.2773940274779951300, 1.698548539267599100E-017, -0.1968503937007860500 ) ) ;
#872 = EDGE_CURVE ( 'NONE', #1365, #2795, #1685, .T. ) ;
#873 = VERTEX_POINT ( 'NONE', #1816 ) ;
#874 = CARTESIAN_POINT ( 'NONE',  ( 0.3114226816596720200, 1.750236327630675500E-017, -0.2481056275071895400 ) ) ;
#875 = CARTESIAN_POINT ( 'NONE',  ( -0.2244164823678092800, 0.1630481184255785600, 0.07086614173228490700 ) ) ;
#876 = CARTESIAN_POINT ( 'NONE',  ( -0.08571946862881160700, -0.2638173974143043200, 0.08464566929133998700 ) ) ;
#877 = CARTESIAN_POINT ( 'NONE',  ( -0.3035987015080519000, 0.09864519787070096000, 0.03297244094488317700 ) ) ;
#878 = CARTESIAN_POINT ( 'NONE',  ( -0.1596477621727363500, -0.2766325085356633500, 0.2559055118110235600 ) ) ;
#879 = DIRECTION ( 'NONE',  ( 2.503857664561932400E-016, -1.000000000000000000, 0.0000000000000000000 ) ) ;
#880 = VERTEX_POINT ( 'NONE', #805 ) ;
#881 = CARTESIAN_POINT ( 'NONE',  ( 0.1550679754983105000, -0.2134327579199414300, 0.02755905511811167600 ) ) ;
#882 = CONICAL_SURFACE ( 'NONE', #2116, 0.4724409448818899800, 1.047197551196600100 ) ;
#883 = CARTESIAN_POINT ( 'NONE',  ( 0.2244164823678092800, 0.1630481184255785900, -0.1889763779527545700 ) ) ;
#884 = VECTOR ( 'NONE', #108, 39.37007874015748900 ) ;
#885 = CARTESIAN_POINT ( 'NONE',  ( -0.08571946862881171800, 0.2638173974143042100, 0.2204724409448834400 ) ) ;
#886 = CARTESIAN_POINT ( 'NONE',  ( 0.1550679754983104500, 0.2134327579199414600, 0.1988188976377967500 ) ) ;
#887 = CARTESIAN_POINT ( 'NONE',  ( -0.3356504692350350000, -6.165799091714889700E-017, -0.1205708661417310700 ) ) ;
#888 = CARTESIAN_POINT ( 'NONE',  ( 0.2658157132100878500, -0.1776759260322155800, 0.2559055118110237800 ) ) ;
#889 = ORIENTED_EDGE ( 'NONE', *, *, #2465, .F. ) ;
#890 = CARTESIAN_POINT ( 'NONE',  ( 0.0000000000000000000, -1.067128122525102800E-017, -0.2559055118110236100 ) ) ;
#891 = CARTESIAN_POINT ( 'NONE',  ( 0.3149606299212599500, 1.750236327630675500E-017, -0.07874015748031389100 ) ) ;
#892 = CARTESIAN_POINT ( 'NONE',  ( -0.2773940274779951300, -5.095645617802797000E-017, -0.07874015748031361300 ) ) ;
#893 = EDGE_CURVE ( 'NONE', #1288, #222, #1483, .T. ) ;
#894 = CARTESIAN_POINT ( 'NONE',  ( 0.08571946862881170400, -0.2638173974143042100, -0.1338582677165340600 ) ) ;
#895 = CARTESIAN_POINT ( 'NONE',  ( 0.1023369121993406400, -0.3149606299212599500, 0.06299212598425309200 ) ) ;
#896 = ADVANCED_FACE ( 'NONE', ( #1828 ), #2240, .F. ) ;
#897 = AXIS2_PLACEMENT_3D ( 'NONE', #3108, #2579, #1129 ) ;
#898 = ORIENTED_EDGE ( 'NONE', *, *, #188, .T. ) ;
#899 = CARTESIAN_POINT ( 'NONE',  ( -0.2509052549229022200, -0.08152405921278936500, 0.1614173228346471600 ) ) ;
#900 = CARTESIAN_POINT ( 'NONE',  ( -0.1550679754983105300, 0.2134327579199414300, -0.1003937007874002900 ) ) ;
#901 = CARTESIAN_POINT ( 'NONE',  ( -0.1037216991635512300, -0.3192225659635060700, -0.02608267716535305600 ) ) ;
#902 = CARTESIAN_POINT ( 'NONE',  ( -0.2404003021708046000, -0.2110598867895461800, 0.2559055118110238300 ) ) ;
#903 = CARTESIAN_POINT ( 'NONE',  ( 0.2995453594630406200, -0.09732818720470787200, -0.1712598425196835700 ) ) ;
#904 = DIRECTION ( 'NONE',  ( -1.000000000000000000, 8.881784197001252300E-016, 0.0000000000000000000 ) ) ;
#905 = CARTESIAN_POINT ( 'NONE',  ( -0.08571946862881171800, 0.2638173974143042100, -0.01574803149606159700 ) ) ;
#906 = CARTESIAN_POINT ( 'NONE',  ( 0.1550679754983104500, 0.2134327579199414600, -0.1850393700787388300 ) ) ;
#907 = CARTESIAN_POINT ( 'NONE',  ( 0.1851292133204640600, 0.2548085021653379000, 0.2480314960629933200 ) ) ;
#908 = CARTESIAN_POINT ( 'NONE',  ( 0.2509052549229022200, 0.08152405921278932400, 0.2007874015748046800 ) ) ;
#909 = CARTESIAN_POINT ( 'NONE',  ( 0.3035987015080518500, 0.09864519787070102900, -0.1560039370078728200 ) ) ;
#910 = CARTESIAN_POINT ( 'NONE',  ( -0.1028943642394394300, -0.3029001270902480500, 0.2559055118110237200 ) ) ;
#911 = DIRECTION ( 'NONE',  ( 0.0000000000000000000, 0.0000000000000000000, -1.000000000000000000 ) ) ;
#912 = CARTESIAN_POINT ( 'NONE',  ( 0.2317399680376600900, -0.1892456651516772900, -0.2354939648462934800 ) ) ;
#913 = CARTESIAN_POINT ( 'NONE',  ( -0.1550679754983105300, 0.2134327579199414300, -0.2480314960629908200 ) ) ;
#914 = CARTESIAN_POINT ( 'NONE',  ( 0.0000000000000000000, 0.2638173974143042100, 0.2854330708661432200 ) ) ;
#915 = CARTESIAN_POINT ( 'NONE',  ( 0.1550679754983104500, 0.2134327579199414600, 0.05118110236220619500 ) ) ;
#916 = CARTESIAN_POINT ( 'NONE',  ( 0.2883524176372777000, 0.1095601242785109500, 0.2447388548361277000 ) ) ;
#917 = VECTOR ( 'NONE', #2225, 39.37007874015748100 ) ;
#918 = CARTESIAN_POINT ( 'NONE',  ( -0.08571946862881160700, -0.2638173974143043200, -0.07283464566929001600 ) ) ;
#919 = CARTESIAN_POINT ( 'NONE',  ( -0.1876343164723099900, -0.2582564808524540100, -0.1087598425196837900 ) ) ;
#920 = CARTESIAN_POINT ( 'NONE',  ( 0.3001222790006873900, -0.09237698421098568300, -0.2504807756350198000 ) ) ;
#921 = ORIENTED_EDGE ( 'NONE', *, *, #2038, .F. ) ;
#922 = CC_DESIGN_PERSON_AND_ORGANIZATION_ASSIGNMENT ( #2004, #491, ( #20 ) ) ;
#923 = CARTESIAN_POINT ( 'NONE',  ( 0.2153705770173564800, 0.1533544593134601200, 0.2005003432618219200 ) ) ;
#924 = CARTESIAN_POINT ( 'NONE',  ( -0.2787977134572148800, 0.02351801831825745000, 0.2162269658613090500 ) ) ;
#925 = CARTESIAN_POINT ( 'NONE',  ( 0.1023369121993406400, -0.3149606299212599500, 0.1318897637795291300 ) ) ;
#926 = ORIENTED_EDGE ( 'NONE', *, *, #249, .T. ) ;
#927 = CARTESIAN_POINT ( 'NONE',  ( 0.2509052549229022800, -0.08152405921278929600, 0.2618110236220487200 ) ) ;
#928 = CARTESIAN_POINT ( 'NONE',  ( 0.1480961292652044100, 0.2817146126746812300, 0.2497925238584563800 ) ) ;
#929 = VERTEX_POINT ( 'NONE', #318 ) ;
#930 = CARTESIAN_POINT ( 'NONE',  ( 0.2509052549229022200, 0.08152405921278932400, -0.03543307086614035800 ) ) ;
#931 = CARTESIAN_POINT ( 'NONE',  ( -0.07741373599894146900, -0.5008329720895570200, -0.2371643225105215800 ) ) ;
#932 = CARTESIAN_POINT ( 'NONE',  ( 0.2509052549229022800, -0.08152405921278929600, -0.05314960629921125500 ) ) ;
#933 = CARTESIAN_POINT ( 'NONE',  ( 0.02084648194440092900, 0.3192192928052958200, -0.2559055118110236700 ) ) ;
#934 = CARTESIAN_POINT ( 'NONE',  ( 0.2887372818638492800, -0.1256244919000016600, -0.2513502192533915200 ) ) ;
#935 = CARTESIAN_POINT ( 'NONE',  ( 0.2995453594630406200, 0.09732818720470790000, -0.2322834645669280800 ) ) ;
#936 = EDGE_LOOP ( 'NONE', ( #412, #567, #2212, #712 ) ) ;
#937 = EDGE_CURVE ( 'NONE', #2946, #3180, #2816, .T. ) ;
#938 = CARTESIAN_POINT ( 'NONE',  ( -0.2509052549229022800, 0.08152405921278926800, 0.2224409448818912300 ) ) ;
#939 = EDGE_LOOP ( 'NONE', ( #1867, #1127, #492, #2717 ) ) ;
#940 = CARTESIAN_POINT ( 'NONE',  ( 0.0000000000000000000, -1.067128122525102800E-017, -0.2559055118110236100 ) ) ;
#941 = CARTESIAN_POINT ( 'NONE',  ( 0.2509052549229022800, -0.08152405921278929600, -0.04330708661417180500 ) ) ;
#942 = CARTESIAN_POINT ( 'NONE',  ( -0.2509052549229022800, 0.08152405921278926800, -0.01377952755905377200 ) ) ;
#943 = CARTESIAN_POINT ( 'NONE',  ( 0.3356504692350350000, 2.055266363904963800E-017, -0.3174212598425185100 ) ) ;
#944 = PERSON_AND_ORGANIZATION_ROLE ( 'creator' ) ;
#945 = CARTESIAN_POINT ( 'NONE',  ( -0.2330505571613370200, 0.2184044415574164200, -0.2559055118110236700 ) ) ;
#946 = CARTESIAN_POINT ( 'NONE',  ( 0.3149606299212599500, 1.750236327630675500E-017, -0.1673228346456678000 ) ) ;
#947 = CARTESIAN_POINT ( 'NONE',  ( 0.1188209900871858000, -0.2905126701937926200, -0.2501853104781303600 ) ) ;
#948 = CARTESIAN_POINT ( 'NONE',  ( -0.1550679754983104200, -0.2134327579199414600, -0.2244094488188963500 ) ) ;
#949 = CARTESIAN_POINT ( 'NONE',  ( 0.1550679754983104500, 0.2134327579199414600, 0.1988188976377967500 ) ) ;
#950 = CARTESIAN_POINT ( 'NONE',  ( 0.1037216991635512600, 0.3192225659635059000, 0.08710629921259983900 ) ) ;
#951 = EDGE_LOOP ( 'NONE', ( #2329, #1905, #1345, #2617 ) ) ;
#952 = CARTESIAN_POINT ( 'NONE',  ( 0.3051827742166071700, 6.563386228615033600E-017, 0.2418657200641246800 ) ) ;
#953 = CARTESIAN_POINT ( 'NONE',  ( 0.08571946862881170400, -0.2638173974143042100, 0.2500000000000014400 ) ) ;
#954 = DIRECTION ( 'NONE',  ( 0.0000000000000000000, 0.0000000000000000000, 1.000000000000000000 ) ) ;
#955 = CARTESIAN_POINT ( 'NONE',  ( -0.2773940274779951900, -5.095645617802796400E-017, 0.07874015748031643100 ) ) ;
#956 = EDGE_CURVE ( 'NONE', #1288, #353, #2466, .T. ) ;
#957 = CARTESIAN_POINT ( 'NONE',  ( 0.03353146636335419000, -0.2714494412620580600, -0.2097091772119230300 ) ) ;
#958 = CARTESIAN_POINT ( 'NONE',  ( 0.2628996025468174900, -0.02541778434366969900, -0.2005003432618217800 ) ) ;
#959 = SECURITY_CLASSIFICATION_LEVEL ( 'unclassified' ) ;
#960 = DIRECTION ( 'NONE',  ( -0.0000000000000000000, -0.0000000000000000000, -1.000000000000000000 ) ) ;
#961 = EDGE_LOOP ( 'NONE', ( #1855, #324, #1628, #1581, #2506, #2589, #780, #3165, #2442, #1589, #2755, #1958, #241, #600, #1047, #1955, #1168, #889, #2402 ) ) ;
#962 = CARTESIAN_POINT ( 'NONE',  ( -0.2773940274779951300, -5.095645617802797000E-017, 0.1476377952755919800 ) ) ;
#963 = AXIS2_PLACEMENT_3D ( 'NONE', #2640, #1421, #1221 ) ;
#964 = CARTESIAN_POINT ( 'NONE',  ( 0.2715469337810688100, 0.1972903957414020000, 0.0004921259842533485800 ) ) ;
#965 = LINE ( 'NONE', #210, #2501 ) ;
#966 = CARTESIAN_POINT ( 'NONE',  ( -0.07756740061529328300, 0.5007442537819414300, -0.2372015565080941900 ) ) ;
#967 = CARTESIAN_POINT ( 'NONE',  ( -0.2244164823678092600, -0.1630481184255786200, 0.1555118110236234600 ) ) ;
#968 =( BOUNDED_CURVE ( )  B_SPLINE_CURVE ( 2, ( #1941, #672, #3131, #2928, #1448, #925, #3179, #1176, #1662, #696, #2660, #1650, #1697 ),
 .UNSPECIFIED., .F., .F. ) 
 B_SPLINE_CURVE_WITH_KNOTS ( ( 3, 2, 2, 2, 2, 2, 3 ),
 ( 0.2812500000000000000, 0.2874999999999999800, 0.2999999999999999900, 0.3125000000000000000, 0.3250000000000000100, 0.3375000000000000200, 0.3437500000000000000 ),
 .UNSPECIFIED. ) 
 CURVE ( )  GEOMETRIC_REPRESENTATION_ITEM ( )  RATIONAL_B_SPLINE_CURVE ( ( 0.9755282581475768200, 0.9755282581475768200, 1.000000000000000000, 0.9510565162951535300, 1.000000000000000000, 0.9510565162951535300, 1.000000000000000000, 0.9510565162951535300, 1.000000000000000000, 0.9510565162951535300, 1.000000000000000000, 0.9755282581475768200, 0.9755282581475768200 ) ) 
 REPRESENTATION_ITEM ( '' )  );
#969 = CARTESIAN_POINT ( 'NONE',  ( -0.1876343164723100800, 0.2582564808524539500, -0.2898622047244083200 ) ) ;
#970 = LINE ( 'NONE', #1594, #884 ) ;
#971 = CARTESIAN_POINT ( 'NONE',  ( 0.4724409448818897000, 0.09270737855673452700, -0.2510202998394374100 ) ) ;
#972 =( BOUNDED_CURVE ( )  B_SPLINE_CURVE ( 2, ( #120, #1859, #886, #636, #382, #843, #2603, #2842, #2586, #151, #2326, #625, #2351, #2562, #2334, #1614, #2342, #1116, #2362, #3104, #1849, #1367, #1355, #158, #2575, #3082, #1607, #2101, #1842, #2078, #1124, #876, #1134, #3095, #1105, #1880, #2088, #373, #867, #2595, #363, #2851, #1622, #2822, #405, #2118, #644, #856, #2862, #134, #1382, #606, #1096, #1342, #3073, #1596, #942, #1193, #654, #2407, #170, #706, #2627, #2396, #2874, #3160, #932, #2667, #450, #3124, #200, #918, #3113, #1431, #1395, #2652, #1171, #667, #900, #2900, #1144, #2637, #418, #2372, #1405, #2416, #1633, #1914, #1925, #2614, #679, #1417, #2913, #2149, #2128, #3148, #1644, #183, #689, #1671, #2165, #2885, #1890, #2923, #1902 ),
 .UNSPECIFIED., .F., .F. ) 
 B_SPLINE_CURVE_WITH_KNOTS ( ( 3, 2, 2, 2, 2, 2, 2, 2, 2, 2, 2, 2, 2, 2, 2, 2, 2, 2, 2, 2, 2, 2, 2, 2, 2, 2, 2, 2, 2, 2, 2, 2, 2, 2, 2, 2, 2, 2, 2, 2, 2, 2, 2, 2, 2, 2, 2, 2, 2, 2, 2, 2, 3 ),
 ( 0.1347708874900649100, 0.1375000000000000100, 0.1499999999999999900, 0.1625000000000000100, 0.1749999999999999900, 0.1875000000000000000, 0.2000000000000000100, 0.2124999999999999900, 0.2250000000000000100, 0.2374999999999999900, 0.2500000000000000000, 0.2625000000000000100, 0.2750000000000000200, 0.2874999999999999800, 0.2999999999999999900, 0.3125000000000000000, 0.3250000000000000100, 0.3375000000000000200, 0.3499999999999999800, 0.3624999999999999900, 0.3750000000000000000, 0.3875000000000000700, 0.4000000000000000200, 0.4124999999999999800, 0.4250000000000000400, 0.4375000000000000000, 0.4500000000000000700, 0.4625000000000000200, 0.4749999999999999800, 0.4875000000000000400, 0.5000000000000000000, 0.5124999999999999600, 0.5250000000000000200, 0.5374999999999998700, 0.5500000000000000400, 0.5625000000000000000, 0.5749999999999998400, 0.5874999999999999100, 0.5999999999999999800, 0.6125000000000000400, 0.6249999999999998900, 0.6374999999999999600, 0.6500000000000000200, 0.6624999999999999800, 0.6750000000000000400, 0.6875000000000000000, 0.6999999999999999600, 0.7125000000000000200, 0.7249999999999999800, 0.7375000000000000400, 0.7500000000000000000, 0.7624999999999999600, 0.7713654114577184200 ),
 .UNSPECIFIED. ) 
 CURVE ( )  GEOMETRIC_REPRESENTATION_ITEM ( )  RATIONAL_B_SPLINE_CURVE ( ( 0.9832944683812949700, 0.9893142181073039100, 1.000000000000000000, 0.9510565162951535300, 1.000000000000000000, 0.9510565162951535300, 1.000000000000000000, 0.9510565162951535300, 1.000000000000000000, 0.9510565162951535300, 1.000000000000000000, 0.9510565162951535300, 1.000000000000000000, 0.9510565162951535300, 1.000000000000000000, 0.9510565162951535300, 1.000000000000000000, 0.9510565162951535300, 1.000000000000000000, 0.9510565162951535300, 1.000000000000000000, 0.9510565162951535300, 1.000000000000000000, 0.9510565162951535300, 1.000000000000000000, 0.9510565162951535300, 1.000000000000000000, 0.9510565162951535300, 1.000000000000000000, 0.9510565162951535300, 1.000000000000000000, 0.9510565162951535300, 1.000000000000000000, 0.9510565162951535300, 1.000000000000000000, 0.9510565162951535300, 1.000000000000000000, 0.9510565162951535300, 1.000000000000000000, 0.9510565162951535300, 1.000000000000000000, 0.9510565162951535300, 1.000000000000000000, 0.9510565162951535300, 1.000000000000000000, 0.9510565162951535300, 1.000000000000000000, 0.9510565162951535300, 1.000000000000000000, 0.9510565162951535300, 1.000000000000000000, 0.9510565162951535300, 1.000000000000000000, 0.9510565162951535300, 1.000000000000000000, 0.9510565162951535300, 1.000000000000000000, 0.9510565162951535300, 1.000000000000000000, 0.9510565162951535300, 1.000000000000000000, 0.9510565162951535300, 1.000000000000000000, 0.9510565162951535300, 1.000000000000000000, 0.9510565162951535300, 1.000000000000000000, 0.9510565162951535300, 1.000000000000000000, 0.9510565162951535300, 1.000000000000000000, 0.9510565162951535300, 1.000000000000000000, 0.9510565162951535300, 1.000000000000000000, 0.9510565162951535300, 1.000000000000000000, 0.9510565162951535300, 1.000000000000000000, 0.9510565162951535300, 1.000000000000000000, 0.9510565162951535300, 1.000000000000000000, 0.9510565162951535300, 1.000000000000000000, 0.9510565162951535300, 1.000000000000000000, 0.9510565162951535300, 1.000000000000000000, 0.9510565162951535300, 1.000000000000000000, 0.9510565162951535300, 1.000000000000000000, 0.9510565162951535300, 1.000000000000000000, 0.9510565162951535300, 1.000000000000000000, 0.9510565162951535300, 1.000000000000000000, 0.9510565162951535300, 1.000000000000000000, 0.9510565162951535300, 1.000000000000000000, 0.9652876703025919900, 0.9798135942729440100 ) ) 
 REPRESENTATION_ITEM ( '' )  );
#973 = CARTESIAN_POINT ( 'NONE',  ( -0.1333848820024679500, 0.2371455069980728500, 0.2085145525512531200 ) ) ;
#974 = CARTESIAN_POINT ( 'NONE',  ( 0.3149606299212599500, 1.750236327630675500E-017, -0.2460629921259828200 ) ) ;
#975 = VERTEX_POINT ( 'NONE', #2285 ) ;
#976 = CARTESIAN_POINT ( 'NONE',  ( -0.2509052549229022200, -0.08152405921278936500, -0.005905511811022288800 ) ) ;
#977 = CARTESIAN_POINT ( 'NONE',  ( 0.3356504692350350000, 2.055266363904963800E-017, 0.2288385826771668100 ) ) ;
#978 = VERTEX_POINT ( 'NONE', #3032 ) ;
#979 = ORIENTED_EDGE ( 'NONE', *, *, #2697, .F. ) ;
#980 = CARTESIAN_POINT ( 'NONE',  ( -0.2773940274779951300, -5.095645617802797000E-017, 0.1476377952755919800 ) ) ;
#981 = DIRECTION ( 'NONE',  ( -0.0000000000000000000, -0.0000000000000000000, -1.000000000000000000 ) ) ;
#982 = CARTESIAN_POINT ( 'NONE',  ( 0.2773940274779951900, 1.698548539267598800E-017, 0.03937007874015891600 ) ) ;
#983 = ORIENTED_EDGE ( 'NONE', *, *, #2838, .F. ) ;
#984 = CARTESIAN_POINT ( 'NONE',  ( 0.1041855728295747000, 0.2442912749276450700, 0.2012117402960968700 ) ) ;
#985 = CARTESIAN_POINT ( 'NONE',  ( 0.0000000000000000000, 0.0000000000000000000, 0.0000000000000000000 ) ) ;
#986 = CARTESIAN_POINT ( 'NONE',  ( 0.3149606299212599500, 1.750236327630675500E-017, -0.08858267716535281300 ) ) ;
#987 = CARTESIAN_POINT ( 'NONE',  ( -0.1550679754983105300, 0.2134327579199414300, 0.05708661417322970900 ) ) ;
#988 = CARTESIAN_POINT ( 'NONE',  ( -0.1876343164723100800, 0.2582564808524539500, 0.09891732283464707600 ) ) ;
#989 = B_SPLINE_CURVE_WITH_KNOTS ( 'NONE', 3,
 ( #2424, #2406, #449, #2922, #2340, #931, #1701, #1443 ),
 .UNSPECIFIED., .F., .F.,
 ( 4, 2, 2, 4 ),
 ( 0.007010445034807160300, 0.008756443665256704800, 0.01050244229570625000, 0.01399443955660533700 ),
 .UNSPECIFIED. ) ;
#990 = CARTESIAN_POINT ( 'NONE',  ( 0.1550679754983104500, 0.2134327579199414600, 0.1200787401574817100 ) ) ;
#991 = CARTESIAN_POINT ( 'NONE',  ( -0.08571946862881173200, 0.2638173974143042100, 0.06299212598425343900 ) ) ;
#992 = CARTESIAN_POINT ( 'NONE',  ( -0.1686100928259225100, -0.2230312392802210900, -0.2158013133643764100 ) ) ;
#993 = CARTESIAN_POINT ( 'NONE',  ( -0.1851292133204641400, 0.2548085021653378500, -0.05118110236220362000 ) ) ;
#994 = CARTESIAN_POINT ( 'NONE',  ( -0.08571946862881160700, -0.2638173974143042700, -0.07283464566929001600 ) ) ;
#995 = CARTESIAN_POINT ( 'NONE',  ( 0.0000000000000000000, 0.3192225659635060100, 0.09104330708661559400 ) ) ;
#996 = CARTESIAN_POINT ( 'NONE',  ( -0.2509052549229022200, -0.08152405921278936500, 0.2303149606299227400 ) ) ;
#997 = CARTESIAN_POINT ( 'NONE',  ( 0.4724409448818896500, 0.2727639067037604900, -0.2137087885935243000 ) ) ;
#998 = CARTESIAN_POINT ( 'NONE',  ( -0.2244164823678092600, -0.1630481184255786500, 0.1653543307086629000 ) ) ;
#999 = LINE ( 'NONE', #509, #1310 ) ;
#1000 = EDGE_CURVE ( 'NONE', #1473, #1777, #2702, .T. ) ;
#1001 = CARTESIAN_POINT ( 'NONE',  ( -0.2727664294445745200, -0.08016639581195200700, -0.2208676848201692200 ) ) ;
#1002 = ORIENTED_EDGE ( 'NONE', *, *, #1819, .T. ) ;
#1003 = CONICAL_SURFACE ( 'NONE', #2328, 0.4724409448818899800, 1.047197551196600100 ) ;
#1004 = CARTESIAN_POINT ( 'NONE',  ( -0.4724409448818899200, 0.2727639067037600000, 0.2559055118110236100 ) ) ;
#1005 = CYLINDRICAL_SURFACE ( 'NONE', #2021, 0.3149606299212600000 ) ;
#1006 = CARTESIAN_POINT ( 'NONE',  ( 0.1550679754983105000, -0.2134327579199414300, -0.1397637795275577200 ) ) ;
#1007 = AXIS2_PLACEMENT_3D ( 'NONE', #446, #1167, #180 ) ;
#1008 = CARTESIAN_POINT ( 'NONE',  ( 0.1876343164723100200, 0.2582564808524540100, -0.2317913385826758900 ) ) ;
#1009 = ORIENTED_EDGE ( 'NONE', *, *, #557, .F. ) ;
#1010 = CARTESIAN_POINT ( 'NONE',  ( 0.2244164823678092800, 0.1630481184255785900, 0.03740157480315099000 ) ) ;
#1011 = CARTESIAN_POINT ( 'NONE',  ( 0.2772613490711506900, 0.01115779520984125200, -0.2139442949186682300 ) ) ;
#1012 = CARTESIAN_POINT ( 'NONE',  ( 0.2509052549229022200, 0.08152405921278932400, -0.1929133858267702800 ) ) ;
#1013 = EDGE_LOOP ( 'NONE', ( #1745, #139, #791, #850 ) ) ;
#1014 = CARTESIAN_POINT ( 'NONE',  ( 0.1851292133204640900, 0.2548085021653378500, -0.2342519685039355600 ) ) ;
#1015 = CARTESIAN_POINT ( 'NONE',  ( -0.3149606299212599500, -4.813149900984357200E-017, -0.03937007874015639000 ) ) ;
#1016 = CARTESIAN_POINT ( 'NONE',  ( 0.2773940274779951300, 1.698548539267599100E-017, -0.04921259842519552100 ) ) ;
#1017 = ORIENTED_EDGE ( 'NONE', *, *, #693, .F. ) ;
#1018 = B_SPLINE_CURVE_WITH_KNOTS ( 'NONE', 3,
 ( #3153, #219, #481, #2390, #2419, #1919, #206, #1199 ),
 .UNSPECIFIED., .F., .F.,
 ( 4, 2, 2, 4 ),
 ( 0.03878569924487707700, 0.04229348128854139300, 0.04404737231037355500, 0.04580126333220571600 ),
 .UNSPECIFIED. ) ;
#1019 = CARTESIAN_POINT ( 'NONE',  ( 0.1876343164723100500, -0.2582564808524539500, -0.2554133858267704200 ) ) ;
#1020 = CARTESIAN_POINT ( 'NONE',  ( 0.2244164823678092800, -0.1630481184255785600, 0.02165354330708798100 ) ) ;
#1021 = CARTESIAN_POINT ( 'NONE',  ( 0.3149606299212599500, 1.750236327630675500E-017, 1.100187616571595000E-015 ) ) ;
#1022 = EDGE_CURVE ( 'NONE', #2013, #1511, #2959, .T. ) ;
#1023 = CARTESIAN_POINT ( 'NONE',  ( 0.0000000000000000000, 0.3149606299212600000, 0.2460629921259859200 ) ) ;
#1024 = CARTESIAN_POINT ( 'NONE',  ( 0.2362204724409446800, 0.4091458600556407400, -0.2559055118110236100 ) ) ;
#1025 = AXIS2_PLACEMENT_3D ( 'NONE', #2979, #1747, #347 ) ;
#1026 = CARTESIAN_POINT ( 'NONE',  ( 0.08571946862881170400, -0.2638173974143042100, -0.2224409448818884200 ) ) ;
#1027 = CARTESIAN_POINT ( 'NONE',  ( -0.3035987015080519000, 0.09864519787070096000, -0.05068897637795141000 ) ) ;
#1028 = CARTESIAN_POINT ( 'NONE',  ( 0.2509052549229022200, 0.08152405921278932400, 0.03346456692913522800 ) ) ;
#1029 = CARTESIAN_POINT ( 'NONE',  ( -0.2995453594630406200, 0.09732818720470783100, 0.1043307086614189100 ) ) ;
#1030 = CARTESIAN_POINT ( 'NONE',  ( 3.230831313028129100E-017, -0.2638173974143042100, -0.1377952755905498000 ) ) ;
#1031 = DIRECTION ( 'NONE',  ( -0.0000000000000000000, -0.0000000000000000000, -1.000000000000000000 ) ) ;
#1032 = CARTESIAN_POINT ( 'NONE',  ( 0.2679215144415875200, 0.1946563744094158000, -0.08070866141732134500 ) ) ;
#1033 = CARTESIAN_POINT ( 'NONE',  ( -0.3149606299212599500, -5.250708982892026700E-017, -0.1279527559055103300 ) ) ;
#1034 = CARTESIAN_POINT ( 'NONE',  ( -0.2509052549229022200, -0.08152405921278936500, -0.2421259842519672400 ) ) ;
#1035 = CARTESIAN_POINT ( 'NONE',  ( 0.1876343164723100200, 0.2582564808524540100, -0.1530511811023609300 ) ) ;
#1036 = CARTESIAN_POINT ( 'NONE',  ( 0.08571946862881164900, 0.2638173974143042100, 0.04527559055118247200 ) ) ;
#1037 = CARTESIAN_POINT ( 'NONE',  ( 0.1851292133204640900, 0.2548085021653378500, 0.08070866141732442600 ) ) ;
#1038 = CIRCLE ( 'NONE', #2162, 0.4724409448818899200 ) ;
#1039 = CARTESIAN_POINT ( 'NONE',  ( -0.08571946862881173200, 0.2638173974143042100, -0.09448818897637656400 ) ) ;
#1040 = EDGE_CURVE ( 'NONE', #2910, #56, #1985, .T. ) ;
#1041 = ADVANCED_FACE ( 'NONE', ( #2083 ), #1005, .F. ) ;
#1042 = CARTESIAN_POINT ( 'NONE',  ( -0.2764048988964142900, 0.3859453706243444200, 0.2549081396341280100 ) ) ;
#1043 = CARTESIAN_POINT ( 'NONE',  ( -0.1876343164723099900, -0.2582564808524540100, 0.1274606299212611700 ) ) ;
#1044 = CARTESIAN_POINT ( 'NONE',  ( 0.4724409448818898700, -0.1829446674638320300, 0.2372593688235420700 ) ) ;
#1045 = VECTOR ( 'NONE', #2791, 39.37007874015748100 ) ;
#1046 = CARTESIAN_POINT ( 'NONE',  ( -0.2891791218084408000, -0.1367058258370955300, -0.2559055118110225000 ) ) ;
#1047 = ORIENTED_EDGE ( 'NONE', *, *, #1230, .F. ) ;
#1048 = CARTESIAN_POINT ( 'NONE',  ( 0.2715469337810688100, -0.1972903957414019700, -0.09399606299212462400 ) ) ;
#1049 = CARTESIAN_POINT ( 'NONE',  ( -0.2244164823678092800, 0.1630481184255785600, -0.01771653543306952700 ) ) ;
#1050 = CARTESIAN_POINT ( 'NONE',  ( 0.3051827742166071700, 6.563386228615033600E-017, 0.2418657200641246800 ) ) ;
#1051 = CARTESIAN_POINT ( 'NONE',  ( 0.08571946862881169000, -0.2638173974143042100, -0.1338582677165340600 ) ) ;
#1052 = VERTEX_POINT ( 'NONE', #2925 ) ;
#1053 = CARTESIAN_POINT ( 'NONE',  ( -0.1851292133204640000, -0.2548085021653379000, 0.1299212598425208400 ) ) ;
#1054 = CARTESIAN_POINT ( 'NONE',  ( 0.0000000000000000000, 0.3149606299212600000, -0.2263779527559040000 ) ) ;
#1055 = CARTESIAN_POINT ( 'NONE',  ( -0.3035987015080519000, 0.09864519787070096000, 0.1904527559055131700 ) ) ;
#1056 = CARTESIAN_POINT ( 'NONE',  ( -0.1351576940097535300, 0.2844865482765769300, 0.2516435757687114900 ) ) ;
#1057 = VERTEX_POINT ( 'NONE', #202 ) ;
#1058 = CARTESIAN_POINT ( 'NONE',  ( 0.0000000000000000000, 0.3149606299212600000, 0.09842519685039484400 ) ) ;
#1059 = CARTESIAN_POINT ( 'NONE',  ( 0.1596626034772335400, 0.2586744646141228000, -0.2400373464488380600 ) ) ;
#1060 = DIRECTION ( 'NONE',  ( 1.000000000000000000, 0.0000000000000000000, -0.0000000000000000000 ) ) ;
#1061 = CARTESIAN_POINT ( 'NONE',  ( 3.230831313028129100E-017, -0.2638173974143042100, 0.2559055118110251700 ) ) ;
#1062 = CARTESIAN_POINT ( 'NONE',  ( -0.2280928674217364800, 0.1831058146991420800, -0.2285282184934252800 ) ) ;
#1063 = EDGE_CURVE ( 'NONE', #211, #1434, #3167, .T. ) ;
#1064 = CARTESIAN_POINT ( 'NONE',  ( -0.2995453594630406200, -0.09732818720470792800, 0.2007874015748043800 ) ) ;
#1065 = CARTESIAN_POINT ( 'NONE',  ( -0.1023369121993406800, 0.3149606299212599500, 0.1712598425196866500 ) ) ;
#1066 =( BOUNDED_CURVE ( )  B_SPLINE_CURVE ( 2, ( #2832, #3033, #2554, #1809, #332, #1065, #1831, #2296, #2810, #1841, #817, #2792, #1315 ),
 .UNSPECIFIED., .F., .F. ) 
 B_SPLINE_CURVE_WITH_KNOTS ( ( 3, 2, 2, 2, 2, 2, 3 ),
 ( 0.2187500000000000000, 0.2250000000000000100, 0.2374999999999999900, 0.2500000000000000000, 0.2625000000000000100, 0.2750000000000000200, 0.2812500000000000000 ),
 .UNSPECIFIED. ) 
 CURVE ( )  GEOMETRIC_REPRESENTATION_ITEM ( )  RATIONAL_B_SPLINE_CURVE ( ( 0.9755282581475768200, 0.9755282581475768200, 1.000000000000000000, 0.9510565162951535300, 1.000000000000000000, 0.9510565162951535300, 1.000000000000000000, 0.9510565162951535300, 1.000000000000000000, 0.9510565162951535300, 1.000000000000000000, 0.9755282581475768200, 0.9755282581475768200 ) ) 
 REPRESENTATION_ITEM ( '' )  );
#1067 = CARTESIAN_POINT ( 'NONE',  ( -0.3356504692350350000, -6.165799091714889700E-017, 0.1156496062992139300 ) ) ;
#1068 = CARTESIAN_POINT ( 'NONE',  ( 0.3149606299212599500, 0.04988486309434216800, -0.1554624298603593200 ) ) ;
#1069 = CARTESIAN_POINT ( 'NONE',  ( 0.4724409448818897000, 0.1839746327226191600, 0.2370427528962298400 ) ) ;
#1070 = CARTESIAN_POINT ( 'NONE',  ( -0.2656465905055296300, -0.1774089219112857900, -0.2559055118110235600 ) ) ;
#1071 = CARTESIAN_POINT ( 'NONE',  ( -0.08571946862881171800, 0.2638173974143042100, 0.1417322834645684000 ) ) ;
#1072 = CARTESIAN_POINT ( 'NONE',  ( -0.3192225659635363800, 0.02628212187492338900, 0.2559055118110235600 ) ) ;
#1073 = CARTESIAN_POINT ( 'NONE',  ( 0.2334924791913713100, 0.2059489837335696000, 0.2476211822877629200 ) ) ;
#1074 = PLANE ( 'NONE',  #1273 ) ;
#1075 = CARTESIAN_POINT ( 'NONE',  ( -0.2509052549229022800, 0.08152405921278926800, -0.2499999999999987800 ) ) ;
#1076 = CARTESIAN_POINT ( 'NONE',  ( 0.2533526892443737100, -0.1946485086560395300, -0.2559055118110237200 ) ) ;
#1077 = APPROVAL_DATE_TIME ( #2382, #2915 ) ;
#1078 = CARTESIAN_POINT ( 'NONE',  ( -0.1851292133204640000, -0.2548085021653379000, -0.1062992125984240900 ) ) ;
#1079 = VECTOR ( 'NONE', #345, 39.37007874015748100 ) ;
#1080 = CARTESIAN_POINT ( 'NONE',  ( -0.3056705331485383100, -0.09277309555675229700, -0.2559055118110226100 ) ) ;
#1081 = CARTESIAN_POINT ( 'NONE',  ( 0.1550679754983104500, 0.2134327579199414600, 0.05118110236220619500 ) ) ;
#1082 = FACE_OUTER_BOUND ( 'NONE', #628, .T. ) ;
#1083 = CARTESIAN_POINT ( 'NONE',  ( 0.2941457333862611000, -0.07585079628011952300, 0.2398456690720293900 ) ) ;
#1084 = ORIENTED_EDGE ( 'NONE', *, *, #26, .T. ) ;
#1085 = VERTEX_POINT ( 'NONE', #1183 ) ;
#1086 = CARTESIAN_POINT ( 'NONE',  ( 0.1876343164723100200, 0.2582564808524540100, 0.1668307086614186900 ) ) ;
#1087 = CARTESIAN_POINT ( 'NONE',  ( -0.2679215144415875700, 0.1946563744094156900, -0.1259842519685028500 ) ) ;
#1088 = ORIENTED_EDGE ( 'NONE', *, *, #457, .T. ) ;
#1089 = CARTESIAN_POINT ( 'NONE',  ( -0.03133121484007328500, -0.3185516228635351100, -0.2559055118110243900 ) ) ;
#1090 = CC_DESIGN_APPROVAL ( #2915, ( #2365 ) ) ;
#1091 = CARTESIAN_POINT ( 'NONE',  ( 0.2509052549229022200, 0.08152405921278932400, 0.2795275590551196700 ) ) ;
#1092 = ORIENTED_EDGE ( 'NONE', *, *, #2057, .F. ) ;
#1093 = CARTESIAN_POINT ( 'NONE',  ( 0.1801769116362995900, -0.2373728277133298800, 0.2345397471956812100 ) ) ;
#1094 = CARTESIAN_POINT ( 'NONE',  ( 0.0000000000000000000, 0.0000000000000000000, 0.2559055118110236100 ) ) ;
#1095 = CARTESIAN_POINT ( 'NONE',  ( -0.4724409448818899200, 0.2727639067037600000, 0.2137087885935243000 ) ) ;
#1096 = CARTESIAN_POINT ( 'NONE',  ( -0.1550679754983104200, -0.2134327579199414600, 0.001968503937009227900 ) ) ;
#1097 = B_SPLINE_CURVE_WITH_KNOTS ( 'NONE', 3,
 ( #2685, #2953, #1223, #958, #1209, #732 ),
 .UNSPECIFIED., .F., .F.,
 ( 4, 2, 4 ),
 ( 1.021866741017780700E-014, 0.0009792093156731857100, 0.001958418631336153000 ),
 .UNSPECIFIED. ) ;
#1098 = CARTESIAN_POINT ( 'NONE',  ( 0.2450772918822335100, -0.2049646866931933400, -0.2559055118110235600 ) ) ;
#1099 = CARTESIAN_POINT ( 'NONE',  ( 0.2995453594630406200, -0.09732818720470787200, -0.1614173228346446600 ) ) ;
#1100 = CARTESIAN_POINT ( 'NONE',  ( 0.0000000000000000000, 0.0000000000000000000, -0.2559055118110236100 ) ) ;
#1101 = CARTESIAN_POINT ( 'NONE',  ( -0.1550679754983104200, -0.2134327579199414600, 0.09055118110236366800 ) ) ;
#1102 = EDGE_CURVE ( 'NONE', #873, #1511, #1549, .T. ) ;
#1103 = CARTESIAN_POINT ( 'NONE',  ( -0.1550679754983104200, -0.2134327579199414600, -0.1555118110236207700 ) ) ;
#1104 = CARTESIAN_POINT ( 'NONE',  ( -0.2679215144415875200, -0.1946563744094158000, 0.2047244094488200900 ) ) ;
#1105 = CARTESIAN_POINT ( 'NONE',  ( -0.2509052549229022200, -0.08152405921278936500, 0.07283464566929275000 ) ) ;
#1106 = CARTESIAN_POINT ( 'NONE',  ( -0.2672882390750458400, -0.09467963691442622700, 0.2196004884859272500 ) ) ;
#1107 = CARTESIAN_POINT ( 'NONE',  ( 0.1480961292654708600, -0.2817146126744876600, -0.2497925238584415000 ) ) ;
#1108 = AXIS2_PLACEMENT_3D ( 'NONE', #2005, #2504, #1799 ) ;
#1109 = EDGE_LOOP ( 'NONE', ( #2016, #201, #3101, #2675, #2199, #2865 ) ) ;
#1110 = CARTESIAN_POINT ( 'NONE',  ( 0.3149606299212599500, 1.750236327630675500E-017, -0.1574803149606288600 ) ) ;
#1111 = ORIENTED_EDGE ( 'NONE', *, *, #1663, .T. ) ;
#1112 = CARTESIAN_POINT ( 'NONE',  ( -0.2509052549229022800, 0.08152405921278926800, -0.08267716535432932700 ) ) ;
#1113 = VERTEX_POINT ( 'NONE', #1648 ) ;
#1114 = CARTESIAN_POINT ( 'NONE',  ( -0.3149606299212600000, 0.04988486309434210500, 0.1948325086005190700 ) ) ;
#1115 = CARTESIAN_POINT ( 'NONE',  ( 0.2244164823678092800, -0.1630481184255785600, 0.2677165354330723900 ) ) ;
#1116 = CARTESIAN_POINT ( 'NONE',  ( -0.2244164823678092800, 0.1630481184255785400, 0.1397637795275604700 ) ) ;
#1117 = CARTESIAN_POINT ( 'NONE',  ( 0.3035987015080518500, 0.09864519787070102900, 0.001476377952757177300 ) ) ;
#1118 = CARTESIAN_POINT ( 'NONE',  ( -0.2538791977802516400, -0.1946327244329837400, 0.2559055118110237200 ) ) ;
#1119 = CARTESIAN_POINT ( 'NONE',  ( 0.2839715653341310900, -0.1362363698946804600, -0.2516435757687774900 ) ) ;
#1120 = CARTESIAN_POINT ( 'NONE',  ( -0.1550679754983105300, 0.2134327579199414300, -0.01181102362204580800 ) ) ;
#1121 = EDGE_LOOP ( 'NONE', ( #2247, #368, #2773, #3178 ) ) ;
#1122 = EDGE_LOOP ( 'NONE', ( #156, #408, #1084, #851 ) ) ;
#1123 = CARTESIAN_POINT ( 'NONE',  ( -0.1550679754983104200, -0.2134327579199414600, 0.2480314960629936800 ) ) ;
#1124 = CARTESIAN_POINT ( 'NONE',  ( 3.230831313028129100E-017, -0.2638173974143042100, 0.08858267716535571400 ) ) ;
#1125 = CARTESIAN_POINT ( 'NONE',  ( 0.1037216991635512600, 0.3192225659635059000, 0.01328740157480441800 ) ) ;
#1126 = CARTESIAN_POINT ( 'NONE',  ( 0.3029591111984468200, -0.1027652520046131400, 0.2559055118110236700 ) ) ;
#1127 = ORIENTED_EDGE ( 'NONE', *, *, #3175, .T. ) ;
#1128 = CARTESIAN_POINT ( 'NONE',  ( -0.4724409448818899800, 0.09270737855687145900, 0.2510202998394205400 ) ) ;
#1129 = DIRECTION ( 'NONE',  ( 1.000000000000000000, 0.0000000000000000000, 0.0000000000000000000 ) ) ;
#1130 = CARTESIAN_POINT ( 'NONE',  ( 0.2509052549229022800, -0.08152405921278929600, 0.03543307086614316100 ) ) ;
#1131 = EDGE_LOOP ( 'NONE', ( #1909, #1009, #1708 ) ) ;
#1132 = CARTESIAN_POINT ( 'NONE',  ( -0.08571946862881171800, 0.2638173974143042100, -0.1732283464566916100 ) ) ;
#1133 = CARTESIAN_POINT ( 'NONE',  ( 0.1550679754983104500, 0.2134327579199414600, 0.2086614173228361900 ) ) ;
#1134 = CARTESIAN_POINT ( 'NONE',  ( -0.1550679754983104200, -0.2134327579199414600, 0.08070866141732423200 ) ) ;
#1135 = CARTESIAN_POINT ( 'NONE',  ( 0.3035987015080519000, -0.09864519787070098700, -0.1638779527559043300 ) ) ;
#1136 = CARTESIAN_POINT ( 'NONE',  ( 0.02108910109298831400, 0.3192225659635060100, 0.2559055118110235600 ) ) ;
#1137 = DIRECTION ( 'NONE',  ( -1.000000000000000000, 0.0000000000000000000, 0.0000000000000000000 ) ) ;
#1138 = DIRECTION ( 'NONE',  ( -0.0000000000000000000, -0.0000000000000000000, -1.000000000000000000 ) ) ;
#1139 = CARTESIAN_POINT ( 'NONE',  ( -0.2995453594630406200, -0.09732818720470792800, -0.1141732283464556300 ) ) ;
#1140 = CARTESIAN_POINT ( 'NONE',  ( 0.2244164823678092800, 0.1630481184255785900, -0.03149606299212456800 ) ) ;
#1141 = CARTESIAN_POINT ( 'NONE',  ( 0.2244164823678092800, 0.1630481184255785900, -0.1102362204724395800 ) ) ;
#1142 = CARTESIAN_POINT ( 'NONE',  ( 0.0000000000000000000, 0.3192225659635060100, 0.3272637795275605800 ) ) ;
#1143 = CARTESIAN_POINT ( 'NONE',  ( 0.2244164823678092800, 0.1630481184255785900, 0.1259842519685054100 ) ) ;
#1144 = CARTESIAN_POINT ( 'NONE',  ( 0.0000000000000000000, 0.2638173974143042100, -0.1082677165354318100 ) ) ;
#1145 = CARTESIAN_POINT ( 'NONE',  ( -0.2715469337810688100, 0.1972903957414019200, -0.04970472440944758600 ) ) ;
#1146 = CARTESIAN_POINT ( 'NONE',  ( 0.2772036099146062400, 0.1597011571573049000, 0.2559055118110235000 ) ) ;
#1147 = CARTESIAN_POINT ( 'NONE',  ( -0.3150938735789499700, 0.05222268259202527500, -0.2559055118110235600 ) ) ;
#1148 = CARTESIAN_POINT ( 'NONE',  ( -0.2798855791325176000, 0.01171132516170107600, 0.2165685249800352900 ) ) ;
#1149 = CARTESIAN_POINT ( 'NONE',  ( -0.2362204724409445700, -0.4091458600556403500, 0.2559055118110236100 ) ) ;
#1150 = CARTESIAN_POINT ( 'NONE',  ( 3.230831313028129100E-017, -0.2638173974143042100, 0.01968503937008019400 ) ) ;
#1151 = COORDINATED_UNIVERSAL_TIME_OFFSET ( 6, 0, .BEHIND. ) ;
#1152 = CARTESIAN_POINT ( 'NONE',  ( -0.2244164823678092600, -0.1630481184255786200, -0.1496062992125970800 ) ) ;
#1153 = CARTESIAN_POINT ( 'NONE',  ( 0.1037216991635512600, 0.3192225659635059000, 0.2445866141732298500 ) ) ;
#1154 = ADVANCED_FACE ( 'NONE', ( #2205 ), #2389, .F. ) ;
#1155 = LINE ( 'NONE', #539, #2161 ) ;
#1156 = CARTESIAN_POINT ( 'NONE',  ( 0.08571946862881164900, 0.2638173974143042100, 0.1338582677165368900 ) ) ;
#1157 = CARTESIAN_POINT ( 'NONE',  ( 0.3149606299212599500, 1.750236327630675500E-017, -0.009842519685037839900 ) ) ;
#1158 = CARTESIAN_POINT ( 'NONE',  ( -0.2715469337810688100, 0.1972903957414019200, 0.02903543307086741900 ) ) ;
#1159 = CARTESIAN_POINT ( 'NONE',  ( -0.04162541426620235800, -0.3171979049267245100, 0.2559055118110235600 ) ) ;
#1160 = EDGE_LOOP ( 'NONE', ( #1195, #335, #632 ) ) ;
#1161 = CARTESIAN_POINT ( 'NONE',  ( 0.2527593643254962800, 0.07557991085088647300, 0.2005003432618219000 ) ) ;
#1162 = CARTESIAN_POINT ( 'NONE',  ( 0.1023369121993406400, -0.3149606299212599500, -0.1830708661417307900 ) ) ;
#1163 = CARTESIAN_POINT ( 'NONE',  ( 0.03854607077784930100, 0.5232732290677267800, -0.2265574788528136600 ) ) ;
#1164 = DIRECTION ( 'NONE',  ( 0.0000000000000000000, 0.0000000000000000000, 1.000000000000000000 ) ) ;
#1165 = EDGE_CURVE ( 'NONE', #1401, #772, #2723, .T. ) ;
#1166 = CARTESIAN_POINT ( 'NONE',  ( 0.2773940274779951300, 1.698548539267599100E-017, 0.2657480314960644600 ) ) ;
#1167 = DIRECTION ( 'NONE',  ( -0.0000000000000000000, -0.0000000000000000000, -1.000000000000000000 ) ) ;
#1168 = ORIENTED_EDGE ( 'NONE', *, *, #1184, .T. ) ;
#1169 = CARTESIAN_POINT ( 'NONE',  ( 3.230831313028129100E-017, -0.2638173974143042100, 0.01968503937008019400 ) ) ;
#1170 = CARTESIAN_POINT ( 'NONE',  ( -0.2679215144415875700, 0.1946563744094156900, 0.03149606299212710100 ) ) ;
#1171 = CARTESIAN_POINT ( 'NONE',  ( -0.2509052549229022800, 0.08152405921278926800, -0.09251968503936877600 ) ) ;
#1172 = CARTESIAN_POINT ( 'NONE',  ( -0.1037216991635513400, 0.3192225659635059000, -0.2150590551181091000 ) ) ;
#1173 = CARTESIAN_POINT ( 'NONE',  ( 0.2929271530195921600, -0.1147334324325052900, -0.2510589403330554200 ) ) ;
#1174 = DIRECTION ( 'NONE',  ( -0.0000000000000000000, -0.0000000000000000000, -1.000000000000000000 ) ) ;
#1175 = DIRECTION ( 'NONE',  ( 0.8660254037844390400, -0.4999999999999992800, 0.0000000000000000000 ) ) ;
#1176 = CARTESIAN_POINT ( 'NONE',  ( -0.1023369121993405700, -0.3149606299212600000, 0.1240157480314976700 ) ) ;
#1177 = CARTESIAN_POINT ( 'NONE',  ( 0.2244164823678092800, -0.1630481184255785600, 0.2578740157480329300 ) ) ;
#1178 = CARTESIAN_POINT ( 'NONE',  ( 0.2995453594630406200, -0.09732818720470787200, 0.07480314960630037000 ) ) ;
#1179 = CARTESIAN_POINT ( 'NONE',  ( 3.230831313028129100E-017, -0.2638173974143042100, -0.05905511811023483900 ) ) ;
#1180 = CARTESIAN_POINT ( 'NONE',  ( 0.1023369121993406000, 0.3149606299212599500, 0.1732283464566940800 ) ) ;
#1181 = CARTESIAN_POINT ( 'NONE',  ( 0.3149606299212600000, -0.04988486309434213300, -0.01186040478530735000 ) ) ;
#1182 = CARTESIAN_POINT ( 'NONE',  ( -0.3149606299212599500, -4.813149900984357200E-017, 0.03937007874015861800 ) ) ;
#1183 = CARTESIAN_POINT ( 'NONE',  ( -0.3149606299212599500, -5.250708982892026700E-017, 0.1870078740157496400 ) ) ;
#1184 = EDGE_CURVE ( 'NONE', #56, #1664, #865, .T. ) ;
#1185 = CARTESIAN_POINT ( 'NONE',  ( 3.594672601403959900E-016, -0.5455278134075203200, 0.2137087885935244100 ) ) ;
#1186 = CARTESIAN_POINT ( 'NONE',  ( 0.2539500707366730300, -0.1493057687168893300, -0.2308726239105103100 ) ) ;
#1187 = CARTESIAN_POINT ( 'NONE',  ( -0.2509052549229022200, -0.08152405921278936500, -0.2322834645669278100 ) ) ;
#1188 = CARTESIAN_POINT ( 'NONE',  ( 0.0000000000000000000, 0.2638173974143042100, 0.04921259842519822700 ) ) ;
#1189 = CARTESIAN_POINT ( 'NONE',  ( 0.1049360484224220500, 0.2969656952273847500, 0.2516435757687774400 ) ) ;
#1190 = CARTESIAN_POINT ( 'NONE',  ( 0.08571946862881170400, -0.2638173974143042100, -0.05511811023621903500 ) ) ;
#1191 = DIRECTION ( 'NONE',  ( -0.8660254037844389300, 0.4999999999999994400, 0.0000000000000000000 ) ) ;
#1192 = DATE_AND_TIME ( #199, #770 ) ;
#1193 = CARTESIAN_POINT ( 'NONE',  ( -0.2244164823678092800, 0.1630481184255785400, -0.01771653543306952700 ) ) ;
#1194 = CARTESIAN_POINT ( 'NONE',  ( 0.3035987015080519000, -0.09864519787070098700, -0.3213582677165343100 ) ) ;
#1195 = ORIENTED_EDGE ( 'NONE', *, *, #1348, .F. ) ;
#1196 = CARTESIAN_POINT ( 'NONE',  ( -0.1027711502523420800, 0.3029456235843226400, -0.2559055118110235600 ) ) ;
#1197 = CARTESIAN_POINT ( 'NONE',  ( 0.2362204724409446800, 0.4091458600556407400, -0.2559055118110236100 ) ) ;
#1198 = CONICAL_SURFACE ( 'NONE', #95, 0.4724409448818899800, 1.047197551196600100 ) ;
#1199 = CARTESIAN_POINT ( 'NONE',  ( -0.4724409448818899800, 0.0000000000000000000, -0.2559055118110236100 ) ) ;
#1200 = CARTESIAN_POINT ( 'NONE',  ( 0.08571946862881164900, 0.2638173974143042100, 0.1240157480314974700 ) ) ;
#1201 = CARTESIAN_POINT ( 'NONE',  ( -0.1876343164723100800, 0.2582564808524539500, 0.1776574803149620900 ) ) ;
#1202 = B_SPLINE_CURVE_WITH_KNOTS ( 'NONE', 3,
 ( #2564, #3085, #1376, #3107, #647, #3116 ),
 .UNSPECIFIED., .F., .F.,
 ( 4, 2, 4 ),
 ( 0.04580126333220571600, 0.04930662439274913200, 0.05281198545329254800 ),
 .UNSPECIFIED. ) ;
#1203 = ORIENTED_EDGE ( 'NONE', *, *, #1330, .T. ) ;
#1204 = CARTESIAN_POINT ( 'NONE',  ( -0.2244164823678092800, 0.1630481184255785600, 0.1397637795275604700 ) ) ;
#1205 = CARTESIAN_POINT ( 'NONE',  ( 0.1023369121993406400, -0.3149606299212599500, -0.01574803149606189900 ) ) ;
#1206 = CARTESIAN_POINT ( 'NONE',  ( 0.0000000000000000000, 0.2638173974143042100, 0.05905511811023767700 ) ) ;
#1207 =( BOUNDED_CURVE ( )  B_SPLINE_CURVE ( 2, ( #305, #1322, #2459, #3051, #13, #2761, #3009, #1529, #65, #1781, #2270, #2028, #558 ),
 .UNSPECIFIED., .F., .F. ) 
 B_SPLINE_CURVE_WITH_KNOTS ( ( 3, 2, 2, 2, 2, 2, 3 ),
 ( 0.4062500000000000000, 0.4124999999999999800, 0.4249999999999999900, 0.4375000000000000000, 0.4500000000000000100, 0.4625000000000000200, 0.4687500000000000000 ),
 .UNSPECIFIED. ) 
 CURVE ( )  GEOMETRIC_REPRESENTATION_ITEM ( )  RATIONAL_B_SPLINE_CURVE ( ( 0.9755282581475768200, 0.9755282581475768200, 1.000000000000000000, 0.9510565162951535300, 1.000000000000000000, 0.9510565162951535300, 1.000000000000000000, 0.9510565162951535300, 1.000000000000000000, 0.9510565162951535300, 1.000000000000000000, 0.9755282581475768200, 0.9755282581475768200 ) ) 
 REPRESENTATION_ITEM ( '' )  );
#1208 = CARTESIAN_POINT ( 'NONE',  ( 0.1111776640193981200, -0.2472608569562952900, -0.2072957145989527700 ) ) ;
#1209 = CARTESIAN_POINT ( 'NONE',  ( 0.2638173974143012700, -0.01273845357091155800, -0.2005003432618219500 ) ) ;
#1210 = CARTESIAN_POINT ( 'NONE',  ( 0.2995453594630406200, 0.09732818720470790000, -0.07480314960629817800 ) ) ;
#1211 = ORIENTED_EDGE ( 'NONE', *, *, #2818, .T. ) ;
#1212 = EDGE_CURVE ( 'NONE', #1631, #862, #1506, .T. ) ;
#1213 = CARTESIAN_POINT ( 'NONE',  ( 3.857155272905051100E-017, -0.3149606299212600000, -0.1082677165354315500 ) ) ;
#1214 = CARTESIAN_POINT ( 'NONE',  ( -0.2509052549229022800, 0.08152405921278926800, 0.1437007874015762100 ) ) ;
#1215 = ORIENTED_EDGE ( 'NONE', *, *, #1102, .T. ) ;
#1216 = CARTESIAN_POINT ( 'NONE',  ( 0.2715469337810688100, -0.1972903957414019700, 0.06348425196850535100 ) ) ;
#1217 = AXIS2_PLACEMENT_3D ( 'NONE', #2455, #2708, #17 ) ;
#1218 = CARTESIAN_POINT ( 'NONE',  ( -0.3149606299212599500, -5.250708982892026700E-017, 0.02952755905511966100 ) ) ;
#1219 = CARTESIAN_POINT ( 'NONE',  ( -0.08571946862881171800, 0.2638173974143042100, 0.1318897637795289900 ) ) ;
#1220 = CARTESIAN_POINT ( 'NONE',  ( 0.1876343164723100200, 0.2582564808524540100, -0.3056102362204712900 ) ) ;
#1221 = DIRECTION ( 'NONE',  ( -1.000000000000000000, 0.0000000000000000000, 0.0000000000000000000 ) ) ;
#1222 = CARTESIAN_POINT ( 'NONE',  ( -0.2539903240793807100, -0.1254980904016328200, -0.2195187858440345000 ) ) ;
#1223 = CARTESIAN_POINT ( 'NONE',  ( 0.2592220155440638200, -0.05065778753053781100, -0.2005003432618218400 ) ) ;
#1224 = DIRECTION ( 'NONE',  ( -0.0000000000000000000, -0.0000000000000000000, -1.000000000000000000 ) ) ;
#1225 = CARTESIAN_POINT ( 'NONE',  ( 0.2244164823678092800, 0.1630481184255785900, 0.1948818897637809900 ) ) ;
#1226 = CARTESIAN_POINT ( 'NONE',  ( 0.1037216991635512600, 0.3192225659635059000, 0.008366141732284865200 ) ) ;
#1227 = CARTESIAN_POINT ( 'NONE',  ( 0.08571946862881164900, 0.2638173974143042100, 0.1240157480314974700 ) ) ;
#1228 = CARTESIAN_POINT ( 'NONE',  ( -0.4724409448818899200, 0.2727639067037600000, -0.2137087885935243000 ) ) ;
#1229 = CARTESIAN_POINT ( 'NONE',  ( 0.2509052549229022800, -0.08152405921278929600, 0.03543307086614316100 ) ) ;
#1230 = EDGE_CURVE ( 'NONE', #1788, #880, #2932, .T. ) ;
#1231 = CARTESIAN_POINT ( 'NONE',  ( 0.2562677147635187800, -0.3975715793041926200, -0.2559055118110240000 ) ) ;
#1232 = CARTESIAN_POINT ( 'NONE',  ( 0.1851292133204640600, 0.2548085021653379000, -0.06692913385826665400 ) ) ;
#1233 = CARTESIAN_POINT ( 'NONE',  ( 0.2995453594630406200, -0.09732818720470787200, -0.09251968503936859600 ) ) ;
#1234 = CARTESIAN_POINT ( 'NONE',  ( 0.08571946862881164900, 0.2638173974143042100, 0.04527559055118247200 ) ) ;
#1235 = AXIS2_PLACEMENT_3D ( 'NONE', #1419, #954, #1936 ) ;
#1236 = CIRCLE ( 'NONE', #2721, 0.4724409448818899800 ) ;
#1237 = CARTESIAN_POINT ( 'NONE',  ( -0.1876343164723099900, -0.2582564808524540100, 0.2012795275590565900 ) ) ;
#1238 = CYLINDRICAL_SURFACE ( 'NONE', #2648, 0.3149606299212600000 ) ;
#1239 = B_SPLINE_CURVE_WITH_KNOTS ( 'NONE', 3,
 ( #2544, #2800, #1323, #1573, #110, #1584, #1870, #1643 ),
 .UNSPECIFIED., .F., .F.,
 ( 4, 2, 2, 4 ),
 ( 0.007010445034807152500, 0.008756443665256696100, 0.01050244229570624100, 0.01399443955660532900 ),
 .UNSPECIFIED. ) ;
#1240 = CARTESIAN_POINT ( 'NONE',  ( -0.2244164823678092600, -0.1630481184255786200, 0.2342519685039384800 ) ) ;
#1241 = CARTESIAN_POINT ( 'NONE',  ( -0.3360249824151005900, 0.3515236993557227000, -0.2481897830984737800 ) ) ;
#1242 = FACE_OUTER_BOUND ( 'NONE', #544, .T. ) ;
#1243 = CARTESIAN_POINT ( 'NONE',  ( 0.1840144103832347900, -0.1949992982369387300, -0.2046733349279731300 ) ) ;
#1244 = CARTESIAN_POINT ( 'NONE',  ( -0.1011911231960231900, 0.2514468400484704500, 0.2074755990084969600 ) ) ;
#1245 = CARTESIAN_POINT ( 'NONE',  ( 0.3149606299212599500, 0.04988486309434216800, -0.07672227238004437900 ) ) ;
#1246 = VECTOR ( 'NONE', #2368, 39.37007874015748100 ) ;
#1247 = CARTESIAN_POINT ( 'NONE',  ( -0.2773940274779951300, -5.095645617802797000E-017, -0.1673228346456680200 ) ) ;
#1248 = CARTESIAN_POINT ( 'NONE',  ( -0.1037216991635512300, -0.3192225659635060700, 0.04773622047244233800 ) ) ;
#1249 = CARTESIAN_POINT ( 'NONE',  ( -0.3149606299212599500, -5.250708982892026700E-017, -0.04921259842519532700 ) ) ;
#1250 = CARTESIAN_POINT ( 'NONE',  ( -0.3149606299212599500, -5.250708982892026700E-017, -0.2066929133858253200 ) ) ;
#1251 = CARTESIAN_POINT ( 'NONE',  ( -0.2509052549229022200, -0.08152405921278936500, 0.1614173228346471600 ) ) ;
#1252 = VERTEX_POINT ( 'NONE', #1313 ) ;
#1253 = CARTESIAN_POINT ( 'NONE',  ( -0.06772338510900137400, 0.2613694028447182700, 0.2064328559341977500 ) ) ;
#1254 = CARTESIAN_POINT ( 'NONE',  ( 0.0000000000000000000, 0.0000000000000000000, -0.2559055118110236100 ) ) ;
#1255 = CARTESIAN_POINT ( 'NONE',  ( -0.2509052549229022800, 0.08152405921278926800, -0.2499999999999987800 ) ) ;
#1256 = CARTESIAN_POINT ( 'NONE',  ( 0.3035987015080518500, 0.09864519787070102900, -0.1609251968503923600 ) ) ;
#1257 = PRODUCT_DEFINITION_FORMATION_WITH_SPECIFIED_SOURCE ( 'ANY', '', #20, .NOT_KNOWN. ) ;
#1258 = CARTESIAN_POINT ( 'NONE',  ( 0.2773940274779951300, 1.698548539267599100E-017, -0.04921259842519552100 ) ) ;
#1259 = DIRECTION ( 'NONE',  ( 1.000000000000000000, 0.0000000000000000000, 0.0000000000000000000 ) ) ;
#1260 = CARTESIAN_POINT ( 'NONE',  ( 0.2995453594630406200, 0.09732818720470790000, -0.2421259842519670700 ) ) ;
#1261 = CARTESIAN_POINT ( 'NONE',  ( 0.1266144471138033500, 0.2597950138346170600, 0.2249435585153341200 ) ) ;
#1262 = CARTESIAN_POINT ( 'NONE',  ( 0.2773940274779951300, 1.698548539267599100E-017, -0.1279527559055105000 ) ) ;
#1263 = CARTESIAN_POINT ( 'NONE',  ( 0.3035987015080519000, -0.09864519787070098700, -0.09005905511810892400 ) ) ;
#1264 = CARTESIAN_POINT ( 'NONE',  ( -0.2773940274779951300, -5.095645617802797000E-017, -0.009842519685038013400 ) ) ;
#1265 = CARTESIAN_POINT ( 'NONE',  ( 0.1023369121993406000, 0.3149606299212599500, 0.005905511811025192800 ) ) ;
#1266 = CARTESIAN_POINT ( 'NONE',  ( -0.2244164823678092800, 0.1630481184255785400, -0.08661417322834505400 ) ) ;
#1267 = LOCAL_TIME ( 20, 0, 58.00000000000000000, #1151 ) ;
#1268 = EDGE_CURVE ( 'NONE', #273, #365, #135, .T. ) ;
#1269 = CARTESIAN_POINT ( 'NONE',  ( 0.1596477621727350200, 0.2766325085356641200, -0.2559055118110236700 ) ) ;
#1270 = ORIENTED_EDGE ( 'NONE', *, *, #2559, .T. ) ;
#1271 = CARTESIAN_POINT ( 'NONE',  ( 0.2320312458216319000, 0.1255432998647015300, -0.2005003432618219500 ) ) ;
#1272 = CARTESIAN_POINT ( 'NONE',  ( 3.230831313028129100E-017, -0.2638173974143042100, -0.06889763779527428900 ) ) ;
#1273 = AXIS2_PLACEMENT_3D ( 'NONE', #1588, #2065, #1060 ) ;
#1274 = CARTESIAN_POINT ( 'NONE',  ( -0.3035987015080518500, -0.09864519787070105700, -0.04281496062991989300 ) ) ;
#1275 = CARTESIAN_POINT ( 'NONE',  ( 3.230831313028129100E-017, -0.2638173974143042100, 0.009842519685040745600 ) ) ;
#1276 = CARTESIAN_POINT ( 'NONE',  ( -0.2930474724841078400, 0.1272696773085768600, 0.2559055118110235000 ) ) ;
#1277 = ORIENTED_EDGE ( 'NONE', *, *, #2760, .T. ) ;
#1278 = CARTESIAN_POINT ( 'NONE',  ( -0.2773940274779951900, -5.095645617802796400E-017, 1.434220196673738000E-015 ) ) ;
#1279 = ORIENTED_EDGE ( 'NONE', *, *, #330, .F. ) ;
#1280 = CARTESIAN_POINT ( 'NONE',  ( -0.2807768195052743300, -0.01920893067328575600, 0.2174597653527921000 ) ) ;
#1281 = CARTESIAN_POINT ( 'NONE',  ( 0.3149606299212599500, 0.04988486309434216800, -0.08656479206508328700 ) ) ;
#1282 = CARTESIAN_POINT ( 'NONE',  ( -0.2244164823678092800, 0.1630481184255785600, -0.2539370078740145200 ) ) ;
#1283 = ORIENTED_EDGE ( 'NONE', *, *, #1709, .T. ) ;
#1284 = CARTESIAN_POINT ( 'NONE',  ( -0.1037216991635512300, -0.3192225659635060700, -0.1097440944881876600 ) ) ;
#1285 = ADVANCED_FACE ( 'NONE', ( #844 ), #2009, .F. ) ;
#1286 = CARTESIAN_POINT ( 'NONE',  ( -0.2825786107520939500, 0.05864675583462784100, -0.2247909031447324100 ) ) ;
#1287 = CARTESIAN_POINT ( 'NONE',  ( 0.08571946862881164900, 0.2638173974143042100, -0.03346456692913249400 ) ) ;
#1288 = VERTEX_POINT ( 'NONE', #605 ) ;
#1289 = CARTESIAN_POINT ( 'NONE',  ( 0.2995453594630406200, 0.09732818720470790000, 0.07283464566929291600 ) ) ;
#1290 = CARTESIAN_POINT ( 'NONE',  ( 0.0000000000000000000, 0.2638173974143042100, -0.01968503937007732400 ) ) ;
#1291 = CARTESIAN_POINT ( 'NONE',  ( -0.2679215144415875200, -0.1946563744094158000, 0.1259842519685050700 ) ) ;
#1292 = CARTESIAN_POINT ( 'NONE',  ( -0.1364159624667890500, -0.4667680207555578400, 0.2481897830984738900 ) ) ;
#1293 = CARTESIAN_POINT ( 'NONE',  ( -0.2715469337810687600, -0.1972903957414020300, 0.1235236220472454000 ) ) ;
#1294 = CARTESIAN_POINT ( 'NONE',  ( 0.2261029413341118500, 0.1542713390307975700, 0.2096201144701883600 ) ) ;
#1295 = AXIS2_PLACEMENT_3D ( 'NONE', #1094, #3060, #2799 ) ;
#1296 = CARTESIAN_POINT ( 'NONE',  ( 0.08749174444697557800, 0.2889582678781673100, -0.2379595943271272400 ) ) ;
#1297 = CARTESIAN_POINT ( 'NONE',  ( -0.08881435746114183000, -0.3068450087434555500, -0.2559055118110236700 ) ) ;
#1298 = CARTESIAN_POINT ( 'NONE',  ( -0.1876343164723100800, 0.2582564808524539500, -0.05856299212598292700 ) ) ;
#1299 = CARTESIAN_POINT ( 'NONE',  ( 0.08571946862881170400, -0.2638173974143042100, -0.2224409448818884200 ) ) ;
#1300 = CARTESIAN_POINT ( 'NONE',  ( 0.2527593643253630600, -0.07557991085133238000, -0.2005003432618406300 ) ) ;
#1301 = ADVANCED_FACE ( 'NONE', ( #1349 ), #2531, .F. ) ;
#1302 = CARTESIAN_POINT ( 'NONE',  ( 0.3024603703342207400, 0.1026150343847977400, -0.2559055118110244400 ) ) ;
#1303 = CARTESIAN_POINT ( 'NONE',  ( -0.3149606299212600000, 0.0000000000000000000, 0.2559055118110236100 ) ) ;
#1304 = UNCERTAINTY_MEASURE_WITH_UNIT (LENGTH_MEASURE( 1.000000000000000100E-005 ), #2445, 'distance_accuracy_value', 'NONE');
#1305 = CARTESIAN_POINT ( 'NONE',  ( 0.2773940274779951300, 1.698548539267599100E-017, -0.2854330708661405000 ) ) ;
#1306 = CARTESIAN_POINT ( 'NONE',  ( 0.2504499330327272200, 0.08570100203393830900, -0.2005003432618229500 ) ) ;
#1307 = CARTESIAN_POINT ( 'NONE',  ( -0.3149606299212599500, -4.813149900984357200E-017, 0.1181102362204735900 ) ) ;
#1308 = CARTESIAN_POINT ( 'NONE',  ( 0.01585323843493628000, -0.3190484268583840300, -0.2559055118110236700 ) ) ;
#1309 = CARTESIAN_POINT ( 'NONE',  ( 0.2509052549229022800, -0.08152405921278929600, 0.1141732283464582000 ) ) ;
#1310 = VECTOR ( 'NONE', #1224, 39.37007874015748100 ) ;
#1311 = DIRECTION ( 'NONE',  ( -0.0000000000000000000, -0.0000000000000000000, 1.000000000000000000 ) ) ;
#1312 = CONICAL_SURFACE ( 'NONE', #1900, 0.4724409448818899800, 1.047197551196600100 ) ;
#1313 = CARTESIAN_POINT ( 'NONE',  ( 0.3149606299212599500, 1.750236327630675500E-017, 0.07874015748031609800 ) ) ;
#1314 = EDGE_CURVE ( 'NONE', #2824, #2013, #970, .T. ) ;
#1315 = CARTESIAN_POINT ( 'NONE',  ( 0.3149606299212599500, 1.750236327630675500E-017, 0.1476377952755921500 ) ) ;
#1316 = CARTESIAN_POINT ( 'NONE',  ( 0.1876343164723100200, 0.2582564808524540100, 0.08809055118110366300 ) ) ;
#1317 = CARTESIAN_POINT ( 'NONE',  ( 0.06279919680002973800, -0.3129845163927379400, -0.2559055118112338900 ) ) ;
#1318 = FACE_OUTER_BOUND ( 'NONE', #554, .T. ) ;
#1319 = CARTESIAN_POINT ( 'NONE',  ( -0.2244164823678092800, 0.1630481184255785600, 0.07086614173228490700 ) ) ;
#1320 = CARTESIAN_POINT ( 'NONE',  ( 0.0000000000000000000, 0.3149606299212600000, 0.08858267716535590800 ) ) ;
#1321 = DIRECTION ( 'NONE',  ( 0.7071067811865486800, 8.659560562354947600E-017, -0.7071067811865462400 ) ) ;
#1322 = CARTESIAN_POINT ( 'NONE',  ( 0.3149606299212600000, -0.04988486309434213300, 0.06687975269500762200 ) ) ;
#1323 = CARTESIAN_POINT ( 'NONE',  ( 0.1960360459854754700, 0.4323463494869362300, 0.2549081396341279500 ) ) ;
#1324 = CARTESIAN_POINT ( 'NONE',  ( 0.1876343164723100500, -0.2582564808524539500, 0.2219488188976391800 ) ) ;
#1325 = DIRECTION ( 'NONE',  ( 1.000000000000000000, 0.0000000000000000000, 0.0000000000000000000 ) ) ;
#1326 = ORIENTED_EDGE ( 'NONE', *, *, #2929, .F. ) ;
#1327 = CARTESIAN_POINT ( 'NONE',  ( -0.1136284726025264700, 0.2732807256308373300, -0.2324851607549978100 ) ) ;
#1328 = CARTESIAN_POINT ( 'NONE',  ( 0.2509052549229022800, -0.08152405921278929600, 0.2716535433070881900 ) ) ;
#1329 = CARTESIAN_POINT ( 'NONE',  ( 0.2026960329031604600, -0.2194875761104450000, 0.2352936075177938200 ) ) ;
#1330 = EDGE_CURVE ( 'NONE', #277, #288, #2020, .T. ) ;
#1331 = CARTESIAN_POINT ( 'NONE',  ( 0.1851292133204640900, 0.2548085021653378500, 0.2381889763779544400 ) ) ;
#1332 = CARTESIAN_POINT ( 'NONE',  ( -0.4724409448818899800, -0.09192041901214062500, 0.2519384641800294600 ) ) ;
#1333 = CARTESIAN_POINT ( 'NONE',  ( 0.2715469337810688100, 0.1972903957414020000, 0.1628937007874028700 ) ) ;
#1334 = CARTESIAN_POINT ( 'NONE',  ( -0.3149606299212600000, 0.04988486309434210500, -0.1201281213207409100 ) ) ;
#1335 = CARTESIAN_POINT ( 'NONE',  ( -0.1023369121993406800, 0.3149606299212599500, 0.1023622047244106100 ) ) ;
#1336 = CARTESIAN_POINT ( 'NONE',  ( 0.1550679754983105000, -0.2134327579199414300, -0.2972440944881877800 ) ) ;
#1337 = CARTESIAN_POINT ( 'NONE',  ( 0.2773940274779951300, 1.698548539267599100E-017, 0.1968503937007888600 ) ) ;
#1338 = CARTESIAN_POINT ( 'NONE',  ( 0.1564232097356812500, -0.2533244108745472100, 0.2337988471936394700 ) ) ;
#1339 = B_SPLINE_CURVE_WITH_KNOTS ( 'NONE', 3,
 ( #2725, #2715, #765, #2480, #1241, #293, #785, #1228 ),
 .UNSPECIFIED., .F., .F.,
 ( 4, 2, 2, 4 ),
 ( 0.007010445034807147300, 0.008756443665256692700, 0.01050244229570623800, 0.01399443955660532300 ),
 .UNSPECIFIED. ) ;
#1340 = CARTESIAN_POINT ( 'NONE',  ( 0.3080816442070427000, 0.03914547749764798300, -0.2470872203024760700 ) ) ;
#1341 = CARTESIAN_POINT ( 'NONE',  ( -0.4724409448818899800, -0.04612615122839876200, 0.2559055118110236100 ) ) ;
#1342 = CARTESIAN_POINT ( 'NONE',  ( -0.2244164823678092600, -0.1630481184255786500, -0.001968503937006530400 ) ) ;
#1343 = B_SPLINE_CURVE_WITH_KNOTS ( 'NONE', 3,
 ( #2431, #2940, #1457, #3190, #1705, #239 ),
 .UNSPECIFIED., .F., .F.,
 ( 4, 2, 4 ),
 ( 2.380729645508831400E-007, 0.003505341553885849000, 0.007010445034807147300 ),
 .UNSPECIFIED. ) ;
#1344 = ORIENTED_EDGE ( 'NONE', *, *, #1330, .F. ) ;
#1345 = ORIENTED_EDGE ( 'NONE', *, *, #2951, .T. ) ;
#1346 = DIRECTION ( 'NONE',  ( 1.000000000000000000, 0.0000000000000000000, 0.0000000000000000000 ) ) ;
#1347 = CARTESIAN_POINT ( 'NONE',  ( -0.2244164823678092600, -0.1630481184255786200, 0.007874015748032915000 ) ) ;
#1348 = EDGE_CURVE ( 'NONE', #360, #1551, #205, .T. ) ;
#1349 = FACE_OUTER_BOUND ( 'NONE', #2322, .T. ) ;
#1350 = CARTESIAN_POINT ( 'NONE',  ( -0.2244164823678092800, 0.1630481184255785600, -0.1751968503936995300 ) ) ;
#1351 = ADVANCED_FACE ( 'NONE', ( #2740 ), #813, .T. ) ;
#1352 = CARTESIAN_POINT ( 'NONE',  ( 0.1851292133204640900, -0.2548085021653378500, 0.2244094488188988800 ) ) ;
#1353 = FACE_OUTER_BOUND ( 'NONE', #2664, .T. ) ;
#1354 = CARTESIAN_POINT ( 'NONE',  ( 0.08571946862881164900, 0.2638173974143042100, 0.2125984251968519000 ) ) ;
#1355 = CARTESIAN_POINT ( 'NONE',  ( 0.1550679754983104500, 0.2134327579199414600, 0.1200787401574817100 ) ) ;
#1356 = CARTESIAN_POINT ( 'NONE',  ( 0.1411535191986211000, 0.2865111459670302600, -0.2559055118110235600 ) ) ;
#1357 = CARTESIAN_POINT ( 'NONE',  ( 0.3149606299212599500, 1.750236327630675500E-017, -0.2362204724409438800 ) ) ;
#1358 = ORIENTED_EDGE ( 'NONE', *, *, #1184, .F. ) ;
#1359 = VERTEX_POINT ( 'NONE', #1817 ) ;
#1360 = CARTESIAN_POINT ( 'NONE',  ( 0.3192225659635060700, -9.440293436249767700E-013, 0.2559055118110236100 ) ) ;
#1361 = CARTESIAN_POINT ( 'NONE',  ( -0.2244164823678092800, 0.1630481184255785600, -0.1653543307086600100 ) ) ;
#1362 = ORIENTED_EDGE ( 'NONE', *, *, #650, .T. ) ;
#1363 = CARTESIAN_POINT ( 'NONE',  ( 0.3149606299212599500, 1.750236327630675500E-017, 1.100187616571595000E-015 ) ) ;
#1364 = CARTESIAN_POINT ( 'NONE',  ( 0.3035987015080519000, -0.09864519787070098700, 0.07234251968504069900 ) ) ;
#1365 = VERTEX_POINT ( 'NONE', #1856 ) ;
#1366 = CARTESIAN_POINT ( 'NONE',  ( -0.2509052549229022800, 0.08152405921278926800, 0.1535433070866156800 ) ) ;
#1367 = CARTESIAN_POINT ( 'NONE',  ( 0.08571946862881164900, 0.2638173974143042100, 0.1240157480314974700 ) ) ;
#1368 = CARTESIAN_POINT ( 'NONE',  ( -0.3356504692350350000, -6.165799091714889700E-017, -0.04183070866141606900 ) ) ;
#1369 = CARTESIAN_POINT ( 'NONE',  ( 0.1600606189210002900, -0.2769793770727088100, 0.2559055118110233300 ) ) ;
#1370 = CARTESIAN_POINT ( 'NONE',  ( 0.0000000000000000000, 0.0000000000000000000, -0.2559055118110236100 ) ) ;
#1371 = CARTESIAN_POINT ( 'NONE',  ( 0.08571946862881170400, -0.2638173974143042100, -0.1338582677165340600 ) ) ;
#1372 = EDGE_CURVE ( 'NONE', #1657, #2777, #2659, .T. ) ;
#1373 = CARTESIAN_POINT ( 'NONE',  ( 0.08571946862881170400, -0.2638173974143042100, 0.2598425196850409100 ) ) ;
#1374 = CARTESIAN_POINT ( 'NONE',  ( 0.0000000000000000000, 0.3192225659635060100, -0.06151574803149482300 ) ) ;
#1375 = CARTESIAN_POINT ( 'NONE',  ( 0.1416586732499915400, 0.2868281012734932900, 0.2559055118110235600 ) ) ;
#1376 = CARTESIAN_POINT ( 'NONE',  ( -0.4724409448818899800, -0.09192041901214062500, -0.2519384641800294600 ) ) ;
#1377 = CARTESIAN_POINT ( 'NONE',  ( 0.0000000000000000000, 0.0000000000000000000, 0.2559055118110236100 ) ) ;
#1378 = CARTESIAN_POINT ( 'NONE',  ( -0.08571946862881171800, 0.2638173974143042100, -0.09448818897637656400 ) ) ;
#1379 = CARTESIAN_POINT ( 'NONE',  ( 0.2244164823678092800, 0.1630481184255785900, -0.2677165354330695600 ) ) ;
#1380 = CARTESIAN_POINT ( 'NONE',  ( 3.230831313028129100E-017, -0.2638173974143042100, 0.2559055118110251700 ) ) ;
#1381 = CALENDAR_DATE ( 2021, 14, 9 ) ;
#1382 = CARTESIAN_POINT ( 'NONE',  ( 3.230831313028129100E-017, -0.2638173974143042100, 0.009842519685040745600 ) ) ;
#1383 = CARTESIAN_POINT ( 'NONE',  ( 0.1037216991635512800, -0.3192225659635059000, -0.1756889763779515800 ) ) ;
#1384 = CARTESIAN_POINT ( 'NONE',  ( -0.2108750870180607400, -0.2405624217756287300, 0.2559055118110237800 ) ) ;
#1385 = FACE_OUTER_BOUND ( 'NONE', #2992, .T. ) ;
#1386 = DIRECTION ( 'NONE',  ( -0.0000000000000000000, 0.0000000000000000000, -1.000000000000000000 ) ) ;
#1387 = CIRCLE ( 'NONE', #1413, 0.4724409448818899200 ) ;
#1388 = CARTESIAN_POINT ( 'NONE',  ( 0.2244164823678092800, -0.1630481184255785600, -0.04724409448818759500 ) ) ;
#1389 = EDGE_CURVE ( 'NONE', #2570, #1288, #2449, .T. ) ;
#1390 = ORIENTED_EDGE ( 'NONE', *, *, #3154, .T. ) ;
#1391 = CARTESIAN_POINT ( 'NONE',  ( 0.2509052549229022800, -0.08152405921278929600, -0.1220472440944868300 ) ) ;
#1392 = CARTESIAN_POINT ( 'NONE',  ( 0.0000000000000000000, 0.3192225659635061200, 0.2559055118110236100 ) ) ;
#1393 = AXIS2_PLACEMENT_3D ( 'NONE', #694, #911, #203 ) ;
#1394 = CARTESIAN_POINT ( 'NONE',  ( 0.08571946862881170400, -0.2638173974143042100, 0.1023622047244109200 ) ) ;
#1395 = CARTESIAN_POINT ( 'NONE',  ( -0.2509052549229022200, -0.08152405921278936500, -0.08464566929133725300 ) ) ;
#1396 = CARTESIAN_POINT ( 'NONE',  ( 0.1876343164723100200, 0.2582564808524540100, 0.009350393700788694700 ) ) ;
#1397 = CARTESIAN_POINT ( 'NONE',  ( -0.2868375075639213500, -0.1416630300883374400, 0.2559055118110235600 ) ) ;
#1398 = ADVANCED_FACE ( 'NONE', ( #1470 ), #1947, .F. ) ;
#1399 = CARTESIAN_POINT ( 'NONE',  ( -0.3149606299212599500, -4.813149900984357200E-017, 0.1968503937007885800 ) ) ;
#1400 = CARTESIAN_POINT ( 'NONE',  ( -0.2509052549229022800, 0.08152405921278926800, -0.2401574803149593200 ) ) ;
#1401 = VERTEX_POINT ( 'NONE', #2666 ) ;
#1402 = CARTESIAN_POINT ( 'NONE',  ( -0.2244164823678092600, -0.1630481184255786200, -0.2283464566929120900 ) ) ;
#1403 = CARTESIAN_POINT ( 'NONE',  ( 0.2715469337810688100, 0.1972903957414020000, 0.2367125984251983500 ) ) ;
#1404 = CARTESIAN_POINT ( 'NONE',  ( 0.2773940274779951300, 1.698548539267599100E-017, 0.03937007874015891600 ) ) ;
#1405 = CARTESIAN_POINT ( 'NONE',  ( 0.2509052549229022200, 0.08152405921278932400, -0.1240157480314947700 ) ) ;
#1406 = CARTESIAN_POINT ( 'NONE',  ( -0.1037216991635512300, -0.3192225659635060700, -0.1048228346456680400 ) ) ;
#1407 = CARTESIAN_POINT ( 'NONE',  ( -0.3192225659635060100, -3.687354139144116300E-013, 0.2559055118110236100 ) ) ;
#1408 = CARTESIAN_POINT ( 'NONE',  ( -0.2401545275422571300, 0.2105661755545397400, -0.2559055118110236100 ) ) ;
#1409 = CARTESIAN_POINT ( 'NONE',  ( -0.3149606299212599500, -5.250708982892026700E-017, -0.2066929133858253200 ) ) ;
#1410 = CARTESIAN_POINT ( 'NONE',  ( 0.4724409448818898100, -0.2727639067037600000, 0.2559055118110236100 ) ) ;
#1411 = CARTESIAN_POINT ( 'NONE',  ( -0.3149606299212600000, 0.0000000000000000000, 0.2559055118110236100 ) ) ;
#1412 = CARTESIAN_POINT ( 'NONE',  ( 0.1550679754983105000, -0.2134327579199414300, -0.1299212598425182900 ) ) ;
#1413 = AXIS2_PLACEMENT_3D ( 'NONE', #774, #2489, #2746 ) ;
#1414 = CARTESIAN_POINT ( 'NONE',  ( -0.3035987015080518500, -0.09864519787070105700, 0.2721456692913401000 ) ) ;
#1415 = CARTESIAN_POINT ( 'NONE',  ( -0.08571946862881171800, 0.2638173974143042100, -0.01574803149606159700 ) ) ;
#1416 = CARTESIAN_POINT ( 'NONE',  ( -0.2995453594630406200, 0.09732818720470784400, 0.03543307086614285600 ) ) ;
#1417 = CARTESIAN_POINT ( 'NONE',  ( -0.08571946862881160700, -0.2638173974143043200, -0.1515748031496050300 ) ) ;
#1418 = CARTESIAN_POINT ( 'NONE',  ( -0.2715469337810688100, 0.1972903957414019200, -0.2859251968503924700 ) ) ;
#1419 = CARTESIAN_POINT ( 'NONE',  ( 0.0000000000000000000, 0.0000000000000000000, -0.2559055118110236100 ) ) ;
#1420 = CC_DESIGN_SECURITY_CLASSIFICATION ( #2805, ( #1257 ) ) ;
#1421 = DIRECTION ( 'NONE',  ( -0.0000000000000000000, -0.0000000000000000000, -1.000000000000000000 ) ) ;
#1422 = CARTESIAN_POINT ( 'NONE',  ( -0.2726910145933784100, 0.05797320485288146700, 0.2152253817584329200 ) ) ;
#1423 = CARTESIAN_POINT ( 'NONE',  ( 0.2472106497557830200, -0.1630287447103312400, -0.2324229794324096100 ) ) ;
#1424 = CARTESIAN_POINT ( 'NONE',  ( -0.2244164823678092800, 0.1630481184255785600, -0.2440944881889750600 ) ) ;
#1425 = PERSON_AND_ORGANIZATION ( #2987, #809 ) ;
#1426 = ORIENTED_EDGE ( 'NONE', *, *, #1819, .F. ) ;
#1427 = CARTESIAN_POINT ( 'NONE',  ( 3.230831313028129100E-017, -0.2638173974143042100, 0.2460629921259857000 ) ) ;
#1428 = CONICAL_SURFACE ( 'NONE', #854, 0.4724409448818899800, 1.047197551196600100 ) ;
#1429 = CARTESIAN_POINT ( 'NONE',  ( -0.2773940274779951300, -5.095645617802797000E-017, -0.07874015748031361300 ) ) ;
#1430 = CARTESIAN_POINT ( 'NONE',  ( 0.3149606299212599500, 1.750236327630675500E-017, -0.08858267716535281300 ) ) ;
#1431 = CARTESIAN_POINT ( 'NONE',  ( -0.2244164823678092600, -0.1630481184255786500, -0.08070866141732152600 ) ) ;
#1432 = CARTESIAN_POINT ( 'NONE',  ( 3.857155272905051700E-017, -0.3149606299212600000, -0.01968503937007762300 ) ) ;
#1433 = DIRECTION ( 'NONE',  ( 1.000000000000000000, 0.0000000000000000000, 0.0000000000000000000 ) ) ;
#1434 = VERTEX_POINT ( 'NONE', #1604 ) ;
#1435 = CARTESIAN_POINT ( 'NONE',  ( 0.1811279970223815500, 0.1925862750616886000, 0.2005003432618212300 ) ) ;
#1436 = DIRECTION ( 'NONE',  ( 1.000000000000000000, 0.0000000000000000000, 0.0000000000000000000 ) ) ;
#1437 = ORIENTED_EDGE ( 'NONE', *, *, #1022, .F. ) ;
#1438 = EDGE_CURVE ( 'NONE', #2091, #862, #989, .T. ) ;
#1439 = CARTESIAN_POINT ( 'NONE',  ( 0.08571946862881170400, -0.2638173974143042100, 0.01377952755905646800 ) ) ;
#1440 = CARTESIAN_POINT ( 'NONE',  ( 3.909348936228124300E-017, -0.3192225659635060100, 0.2878937007874030600 ) ) ;
#1441 = VERTEX_POINT ( 'NONE', #1430 ) ;
#1442 = CARTESIAN_POINT ( 'NONE',  ( 0.2773940274779951300, 1.698548539267599100E-017, -0.03937007874015608500 ) ) ;
#1443 = CARTESIAN_POINT ( 'NONE',  ( 3.594672601403959900E-016, -0.5455278134075203200, -0.2137087885935244100 ) ) ;
#1444 = CARTESIAN_POINT ( 'NONE',  ( -0.2995453594630406200, -0.09732818720470792800, -0.03543307086614065600 ) ) ;
#1445 = CARTESIAN_POINT ( 'NONE',  ( -0.1851292133204640000, -0.2548085021653379000, 0.05118110236220586200 ) ) ;
#1446 = ORIENTED_EDGE ( 'NONE', *, *, #2482, .T. ) ;
#1447 = CARTESIAN_POINT ( 'NONE',  ( -0.2530640714882765300, 0.1130168656945345400, 0.2135864002703268300 ) ) ;
#1448 = CARTESIAN_POINT ( 'NONE',  ( 0.1851292133204641100, -0.2548085021653378500, 0.1358267716535449000 ) ) ;
#1449 = CARTESIAN_POINT ( 'NONE',  ( 0.2244164823678092800, -0.1630481184255785600, 0.1003937007874029600 ) ) ;
#1450 = CARTESIAN_POINT ( 'NONE',  ( -0.3035987015080518500, -0.09864519787070105700, 0.03592519685039507300 ) ) ;
#1451 = CARTESIAN_POINT ( 'NONE',  ( -0.1851292133204641400, 0.2548085021653378500, 0.1850393700787413300 ) ) ;
#1452 = CARTESIAN_POINT ( 'NONE',  ( 0.2509052549229022800, -0.08152405921278929600, 0.1043307086614187500 ) ) ;
#1453 = CARTESIAN_POINT ( 'NONE',  ( 0.2715469337810688100, 0.1972903957414020000, -0.2308070866141720700 ) ) ;
#1454 = CARTESIAN_POINT ( 'NONE',  ( 0.2244164823678092800, 0.1630481184255786200, 0.04724409448819044000 ) ) ;
#1455 = EDGE_CURVE ( 'NONE', #2946, #277, #1762, .T. ) ;
#1456 = CARTESIAN_POINT ( 'NONE',  ( 0.01702425795622959600, -0.2734624058518561100, -0.2101884065037676900 ) ) ;
#1457 = CARTESIAN_POINT ( 'NONE',  ( 0.07756740061529320000, -0.5007442537819415400, -0.2372015565080943200 ) ) ;
#1458 = CARTESIAN_POINT ( 'NONE',  ( -0.1023369121993406800, 0.3149606299212599500, -0.05511811023621941700 ) ) ;
#1459 = CARTESIAN_POINT ( 'NONE',  ( 0.1550679754983105000, -0.2134327579199414300, 0.01771653543307222900 ) ) ;
#1460 = AXIS2_PLACEMENT_3D ( 'NONE', #3041, #370, #132 ) ;
#1461 = CARTESIAN_POINT ( 'NONE',  ( 0.3356504692350350000, 2.055266363904963800E-017, -0.007381889763778169200 ) ) ;
#1462 = B_SPLINE_CURVE_WITH_KNOTS ( 'NONE', 3,
 ( #2519, #2072, #1578, #3067, #1835, #1814 ),
 .UNSPECIFIED., .F., .F.,
 ( 4, 2, 4 ),
 ( 2.380729645518177900E-007, 0.003505341553885852500, 0.007010445034807152500 ),
 .UNSPECIFIED. ) ;
#1463 = CARTESIAN_POINT ( 'NONE',  ( -0.3149606299212600000, 0.04988486309434210500, 0.03735219363988908500 ) ) ;
#1464 = CARTESIAN_POINT ( 'NONE',  ( -0.2509052549229022800, 0.08152405921278926800, 0.2224409448818912300 ) ) ;
#1465 = CARTESIAN_POINT ( 'NONE',  ( -0.2715469337810688100, 0.1972903957414019200, -0.2071850393700775900 ) ) ;
#1466 = CARTESIAN_POINT ( 'NONE',  ( -0.2773940274779951900, -5.095645617802796400E-017, 0.1574803149606313900 ) ) ;
#1467 = CARTESIAN_POINT ( 'NONE',  ( 0.06542462440943983000, -0.2645875298718565700, -0.2087511488001897200 ) ) ;
#1468 = FACE_OUTER_BOUND ( 'NONE', #936, .T. ) ;
#1469 = DIRECTION ( 'NONE',  ( 0.0000000000000000000, 0.0000000000000000000, 1.000000000000000000 ) ) ;
#1470 = FACE_OUTER_BOUND ( 'NONE', #556, .T. ) ;
#1471 = CARTESIAN_POINT ( 'NONE',  ( 3.230831313028129100E-017, -0.2638173974143042100, 0.1673228346456707400 ) ) ;
#1472 = CARTESIAN_POINT ( 'NONE',  ( -0.3035987015080518500, -0.09864519787070105700, 0.1934055118110250800 ) ) ;
#1473 = VERTEX_POINT ( 'NONE', #470 ) ;
#1474 = CARTESIAN_POINT ( 'NONE',  ( 0.2784691756424133600, 1.750236327630675800E-017, -0.2151521214899309600 ) ) ;
#1475 = CARTESIAN_POINT ( 'NONE',  ( -0.2509052549229022200, -0.08152405921278936500, 0.1515748031496077200 ) ) ;
#1476 = CARTESIAN_POINT ( 'NONE',  ( -0.2679215144415875700, 0.1946563744094156900, 0.02165354330708815400 ) ) ;
#1477 = CARTESIAN_POINT ( 'NONE',  ( 0.4724409448818898700, 0.02307900416352706400, -0.2559055118110237800 ) ) ;
#1478 = CARTESIAN_POINT ( 'NONE',  ( -0.2793210764188853200, -0.05649689478081327400, -0.2215442364237454300 ) ) ;
#1479 = AXIS2_PLACEMENT_3D ( 'NONE', #1410, #3075, #879 ) ;
#1480 = CARTESIAN_POINT ( 'NONE',  ( 0.0000000000000000000, 0.2638173974143042100, 0.2066929133858282400 ) ) ;
#1481 = ORIENTED_EDGE ( 'NONE', *, *, #3031, .F. ) ;
#1482 = CARTESIAN_POINT ( 'NONE',  ( -0.2715469337810687600, -0.1972903957414020300, 0.1186023622047258400 ) ) ;
#1483 = B_SPLINE_CURVE_WITH_KNOTS ( 'NONE', 3,
 ( #1050, #107, #839, #357, #2560, #1083, #3059, #2323, #2075, #604, #3070, #2817, #1329, #1580, #1093, #1338, #1592, #117, #1838, #2807, #829, #2552, #2335, #2089, #2102, #2524, #559, #3083, #66, #1530, #1798, #2039, #3002, #331, #1769, #81, #2029, #307, #1106, #614, #1608, #1280, #144 ),
 .UNSPECIFIED., .F., .F.,
 ( 4, 2, 2, 2, 2, 2, 2, 2, 2, 2, 2, 2, 2, 2, 2, 2, 1, 2, 2, 2, 2, 4 ),
 ( 0.01237616590228220700, 0.01310271571255437100, 0.01382926552282653400, 0.01528236514337086300, 0.01673546476391519000, 0.01818856438445951700, 0.01891511419473168200, 0.01964166400500384800, 0.02109476362554817800, 0.02254786324609251200, 0.02327441305636467800, 0.02400096286663684600, 0.02545406248718117700, 0.02690716210772550700, 0.02836026172826983800, 0.02908681153854200700, 0.02981336134881416900, 0.03053991115908633000, 0.03126646096935849900, 0.03271956058990282300, 0.03417266021044715300, 0.03562575983099148400 ),
 .UNSPECIFIED. ) ;
#1484 = CARTESIAN_POINT ( 'NONE',  ( -0.3149606299212599500, -0.04988486309434220200, -0.04719471332492579400 ) ) ;
#1485 = CARTESIAN_POINT ( 'NONE',  ( -0.2995453594630406200, 0.09732818720470783100, 0.02559055118110391600 ) ) ;
#1486 = CARTESIAN_POINT ( 'NONE',  ( -0.2509052549229022800, 0.08152405921278926800, 0.07480314960630067600 ) ) ;
#1487 = CARTESIAN_POINT ( 'NONE',  ( -0.1261338067816237500, -0.2479859428700538500, -0.2144229793296333900 ) ) ;
#1488 = CARTESIAN_POINT ( 'NONE',  ( 0.2562677147635186200, -0.3975715793041927300, 0.2559055118110241100 ) ) ;
#1489 = CARTESIAN_POINT ( 'NONE',  ( 0.2773940274779951300, 1.698548539267599100E-017, -0.2066929133858254600 ) ) ;
#1490 = CARTESIAN_POINT ( 'NONE',  ( -0.2715469337810687600, -0.1972903957414020300, -0.03887795275590416600 ) ) ;
#1491 = CARTESIAN_POINT ( 'NONE',  ( -0.1550679754983105300, 0.2134327579199414300, 0.05708661417322970900 ) ) ;
#1492 = CARTESIAN_POINT ( 'NONE',  ( -0.1851292133204641400, 0.2548085021653378500, 0.01771653543307243400 ) ) ;
#1493 = CARTESIAN_POINT ( 'NONE',  ( -0.1550679754983105300, 0.2134327579199414300, 0.1456692913385841700 ) ) ;
#1494 = EDGE_CURVE ( 'NONE', #1401, #1518, #168, .T. ) ;
#1495 = DIRECTION ( 'NONE',  ( -0.0000000000000000000, -0.0000000000000000000, -1.000000000000000000 ) ) ;
#1496 = CARTESIAN_POINT ( 'NONE',  ( 0.0000000000000000000, 0.3149606299212600000, -0.05905511811023513700 ) ) ;
#1497 = CARTESIAN_POINT ( 'NONE',  ( -0.3149606299212600000, 0.0000000000000000000, 0.2559055118110236100 ) ) ;
#1498 = CARTESIAN_POINT ( 'NONE',  ( 0.0000000000000000000, 0.2638173974143042100, -0.2657480314960617400 ) ) ;
#1499 = AXIS2_PLACEMENT_3D ( 'NONE', #1833, #2577, #1325 ) ;
#1500 = COORDINATED_UNIVERSAL_TIME_OFFSET ( 6, 0, .BEHIND. ) ;
#1501 = CARTESIAN_POINT ( 'NONE',  ( 0.3356504692350350000, 2.055266363904963800E-017, -0.2436023622047231400 ) ) ;
#1502 = ORIENTED_EDGE ( 'NONE', *, *, #2038, .T. ) ;
#1503 = ORIENTED_EDGE ( 'NONE', *, *, #2156, .T. ) ;
#1504 = CARTESIAN_POINT ( 'NONE',  ( -0.2509052549229022200, -0.08152405921278936500, 0.07283464566929275000 ) ) ;
#1505 = CARTESIAN_POINT ( 'NONE',  ( 0.2679215144415875200, 0.1946563744094158000, -0.001968503937006324000 ) ) ;
#1506 = LINE ( 'NONE', #3030, #2705 ) ;
#1507 = CARTESIAN_POINT ( 'NONE',  ( 3.230831313028129100E-017, -0.2638173974143042100, -0.05905511811023483900 ) ) ;
#1508 = CARTESIAN_POINT ( 'NONE',  ( 0.3948735442665967100, 0.3175474663293394500, -0.2372015565080941900 ) ) ;
#1509 = CARTESIAN_POINT ( 'NONE',  ( 0.2638173974143066000, 0.01086421977632648400, -0.2005003432618219500 ) ) ;
#1510 = ORIENTED_EDGE ( 'NONE', *, *, #1494, .F. ) ;
#1511 = VERTEX_POINT ( 'NONE', #688 ) ;
#1512 = CARTESIAN_POINT ( 'NONE',  ( 0.1550679754983104500, 0.2134327579199414600, -0.1161417322834632500 ) ) ;
#1513 = ORIENTED_EDGE ( 'NONE', *, *, #3091, .T. ) ;
#1514 = CARTESIAN_POINT ( 'NONE',  ( 3.909348936228124300E-017, -0.3192225659635060100, -0.02706692913385692600 ) ) ;
#1515 = CARTESIAN_POINT ( 'NONE',  ( -0.2509052549229022200, -0.08152405921278936500, -0.08464566929133725300 ) ) ;
#1516 = EDGE_CURVE ( 'NONE', #1744, #2747, #738, .T. ) ;
#1517 = CARTESIAN_POINT ( 'NONE',  ( 0.2773940274779951900, 1.698548539267598800E-017, -0.03937007874015608500 ) ) ;
#1518 = VERTEX_POINT ( 'NONE', #2196 ) ;
#1519 = CARTESIAN_POINT ( 'NONE',  ( 0.1317230215152659900, 0.2909643704373683900, -0.2559055118110236700 ) ) ;
#1520 = CARTESIAN_POINT ( 'NONE',  ( 0.1258876955262948300, -0.2395479383003490700, -0.2068044877853312800 ) ) ;
#1521 = AXIS2_PLACEMENT_3D ( 'NONE', #2294, #1311, #302 ) ;
#1522 = ORIENTED_EDGE ( 'NONE', *, *, #2223, .F. ) ;
#1523 = CARTESIAN_POINT ( 'NONE',  ( 0.2244164823678092800, 0.1630481184255785900, -0.04133858267716401100 ) ) ;
#1524 = CARTESIAN_POINT ( 'NONE',  ( 0.2715469337810688100, -0.1972903957414019700, -0.1727362204724396900 ) ) ;
#1525 = CARTESIAN_POINT ( 'NONE',  ( -0.2495436781688522300, 0.1505057879181643000, -0.2274467797941844600 ) ) ;
#1526 = CARTESIAN_POINT ( 'NONE',  ( -0.2244164823678092800, 0.1630481184255785600, -0.09645669291338450400 ) ) ;
#1527 = DIRECTION ( 'NONE',  ( -1.000000000000000000, 0.0000000000000000000, 0.0000000000000000000 ) ) ;
#1528 = CARTESIAN_POINT ( 'NONE',  ( 0.1550679754983104500, 0.2134327579199414600, -0.02755905511810884100 ) ) ;
#1529 = CARTESIAN_POINT ( 'NONE',  ( -0.1023369121993405700, -0.3149606299212600000, 0.04527559055118267300 ) ) ;
#1530 = CARTESIAN_POINT ( 'NONE',  ( -0.1610402890476839200, -0.2389403117001958100, 0.2246654242288359000 ) ) ;
#1531 = CARTESIAN_POINT ( 'NONE',  ( 0.06982788985899826600, 0.2865074158575396900, 0.2313916976859464500 ) ) ;
#1532 = CARTESIAN_POINT ( 'NONE',  ( -0.2244164823678092600, -0.1630481184255786200, -0.1594488188976364900 ) ) ;
#1533 = VERTEX_POINT ( 'NONE', #1218 ) ;
#1534 = CARTESIAN_POINT ( 'NONE',  ( -0.3356504692350350000, -6.165799091714889700E-017, -0.1254921259842506400 ) ) ;
#1535 = DESIGN_CONTEXT ( 'detailed design', #819, 'design' ) ;
#1536 = CARTESIAN_POINT ( 'NONE',  ( -0.08571946862881171800, 0.2638173974143042100, 0.05314960629921398900 ) ) ;
#1537 = CARTESIAN_POINT ( 'NONE',  ( -0.3160254194534450900, 0.05211559823565684000, 0.2559055118110236700 ) ) ;
#1538 = CARTESIAN_POINT ( 'NONE',  ( -0.1550679754983104200, -0.2134327579199414600, -0.1456692913385813100 ) ) ;
#1539 = EDGE_CURVE ( 'NONE', #3143, #2215, #589, .T. ) ;
#1540 = CARTESIAN_POINT ( 'NONE',  ( 0.2989036281998598800, 0.1125608656417792100, -0.2559055118110237200 ) ) ;
#1541 = CARTESIAN_POINT ( 'NONE',  ( 0.2527593643253630600, -0.07557991085133238000, -0.2005003432618406300 ) ) ;
#1542 =( BOUNDED_CURVE ( )  B_SPLINE_CURVE ( 2, ( #1182, #2188, #463, #215, #1445, #3173, #720, #895, #702, #2404, #1178, #1666, #1642 ),
 .UNSPECIFIED., .F., .F. ) 
 B_SPLINE_CURVE_WITH_KNOTS ( ( 3, 2, 2, 2, 2, 2, 3 ),
 ( 0.5937500000000000000, 0.5999999999999999800, 0.6125000000000000400, 0.6250000000000000000, 0.6374999999999999600, 0.6500000000000000200, 0.6562500000000000000 ),
 .UNSPECIFIED. ) 
 CURVE ( )  GEOMETRIC_REPRESENTATION_ITEM ( )  RATIONAL_B_SPLINE_CURVE ( ( 0.9755282581475768200, 0.9755282581475768200, 1.000000000000000000, 0.9510565162951535300, 1.000000000000000000, 0.9510565162951535300, 1.000000000000000000, 0.9510565162951535300, 1.000000000000000000, 0.9510565162951535300, 1.000000000000000000, 0.9755282581475768200, 0.9755282581475768200 ) ) 
 REPRESENTATION_ITEM ( '' )  );
#1543 = CARTESIAN_POINT ( 'NONE',  ( -0.1876343164723100800, 0.2582564808524539500, 0.1038385826771666700 ) ) ;
#1544 = CARTESIAN_POINT ( 'NONE',  ( 0.2427541651797360000, -0.1070143636447605000, -0.2014675897382791900 ) ) ;
#1545 = CARTESIAN_POINT ( 'NONE',  ( -0.08657937852710530200, 0.2843482609379443000, -0.2332813013926172400 ) ) ;
#1546 = CONICAL_SURFACE ( 'NONE', #1235, 0.4724409448818899800, 1.047197551196600100 ) ;
#1547 = CARTESIAN_POINT ( 'NONE',  ( -0.4724409448818899200, -0.2727639067037602200, -0.2137087885935242700 ) ) ;
#1548 = CARTESIAN_POINT ( 'NONE',  ( 0.1550679754983105000, -0.2134327579199414300, 0.2637795275590566500 ) ) ;
#1549 = LINE ( 'NONE', #2141, #1739 ) ;
#1550 = DIRECTION ( 'NONE',  ( -0.0000000000000000000, -0.0000000000000000000, -1.000000000000000000 ) ) ;
#1551 = VERTEX_POINT ( 'NONE', #1474 ) ;
#1552 = CARTESIAN_POINT ( 'NONE',  ( 0.2770097933208918700, 0.1600066213944494600, -0.2559055118110235600 ) ) ;
#1553 = CARTESIAN_POINT ( 'NONE',  ( 0.2679215144415875200, -0.1946563744094157700, 0.2185039370078756000 ) ) ;
#1554 = CARTESIAN_POINT ( 'NONE',  ( -0.2715469337810688100, 0.1972903957414019200, 0.1865157480314974200 ) ) ;
#1555 = CARTESIAN_POINT ( 'NONE',  ( -0.09483697938627960700, 0.2968452343501636900, 0.2476191268160254100 ) ) ;
#1556 = CARTESIAN_POINT ( 'NONE',  ( -0.4724409448818899200, 0.2727639067037600000, 0.2559055118110236100 ) ) ;
#1557 = CARTESIAN_POINT ( 'NONE',  ( -0.009616896759509944300, 0.2991722104328941600, -0.2353753295818859800 ) ) ;
#1558 = CARTESIAN_POINT ( 'NONE',  ( -0.4337983746718689400, -0.2950742050166947900, -0.2265896453302098400 ) ) ;
#1559 = CARTESIAN_POINT ( 'NONE',  ( -0.1550679754983105300, 0.2134327579199414300, 0.06692913385826915200 ) ) ;
#1560 = VERTEX_POINT ( 'NONE', #727 ) ;
#1561 = CARTESIAN_POINT ( 'NONE',  ( -0.3149606299212599500, -5.250708982892026700E-017, 0.1082677165354346700 ) ) ;
#1562 = EDGE_CURVE ( 'NONE', #2777, #929, #2229, .T. ) ;
#1563 = CARTESIAN_POINT ( 'NONE',  ( 0.1023369121993406400, -0.3149606299212599500, 0.2204724409448830500 ) ) ;
#1564 = CARTESIAN_POINT ( 'NONE',  ( 0.2715469337810688100, 0.1972903957414020000, 0.08415354330708795000 ) ) ;
#1565 = CARTESIAN_POINT ( 'NONE',  ( 0.2679215144415875700, 0.1946563744094157700, -0.1496062992125973800 ) ) ;
#1566 = AXIS2_PLACEMENT_3D ( 'NONE', #711, #196, #683 ) ;
#1567 = CARTESIAN_POINT ( 'NONE',  ( -0.1851292133204641400, 0.2548085021653378500, 0.1062992125984263700 ) ) ;
#1568 = CARTESIAN_POINT ( 'NONE',  ( -0.3149606299212599500, -4.813149900984357200E-017, -0.1181102362204713800 ) ) ;
#1569 = CARTESIAN_POINT ( 'NONE',  ( 0.08571946862881170400, -0.2638173974143042100, 0.2598425196850409100 ) ) ;
#1570 = DIRECTION ( 'NONE',  ( -1.000000000000000000, 0.0000000000000000000, 0.0000000000000000000 ) ) ;
#1571 = DIRECTION ( 'NONE',  ( 1.000000000000000000, 0.0000000000000000000, 0.0000000000000000000 ) ) ;
#1572 = CARTESIAN_POINT ( 'NONE',  ( 0.3111680144811502800, 0.009819004109276226200, -0.2478509603286674100 ) ) ;
#1573 = CARTESIAN_POINT ( 'NONE',  ( 0.1562005012108280400, 0.4553454119858942900, 0.2510484196704752500 ) ) ;
#1574 = CARTESIAN_POINT ( 'NONE',  ( -0.1037216991635512300, -0.3192225659635060700, 0.2101377952755918700 ) ) ;
#1575 = B_SPLINE_CURVE_WITH_KNOTS ( 'NONE', 3,
 ( #2492, #2753, #2070, #2846, #1128, #621, #177, #1895 ),
 .UNSPECIFIED., .F., .F.,
 ( 4, 2, 2, 4 ),
 ( 0.03878569924487707700, 0.04229348128854139300, 0.04404737231037355500, 0.04580126333220571600 ),
 .UNSPECIFIED. ) ;
#1576 = CARTESIAN_POINT ( 'NONE',  ( -0.3149606299212600000, 0.04988486309434210500, 0.1160923511202040700 ) ) ;
#1577 = CARTESIAN_POINT ( 'NONE',  ( 0.2279771126334553800, 0.2037730757199836300, -0.2422984703520456300 ) ) ;
#1578 = CARTESIAN_POINT ( 'NONE',  ( 0.3948735442665967100, 0.3175474663293394500, 0.2372015565080941900 ) ) ;
#1579 = CARTESIAN_POINT ( 'NONE',  ( -0.08571946862881171800, 0.2638173974143042100, 0.06299212598425342500 ) ) ;
#1580 = CARTESIAN_POINT ( 'NONE',  ( 0.1878489484536060000, -0.2316704552422485800, 0.2347874186568314200 ) ) ;
#1581 = ORIENTED_EDGE ( 'NONE', *, *, #2359, .F. ) ;
#1582 = CARTESIAN_POINT ( 'NONE',  ( -4.143343173217723900E-016, 0.5455278134075204300, 0.2559055118110236100 ) ) ;
#1583 = EDGE_CURVE ( 'NONE', #978, #2946, #2790, .T. ) ;
#1584 = CARTESIAN_POINT ( 'NONE',  ( 0.07741373599894141300, 0.5008329720895569000, 0.2371643225105215200 ) ) ;
#1585 = DIRECTION ( 'NONE',  ( -0.5000000000000004400, 0.8660254037844383700, 0.0000000000000000000 ) ) ;
#1586 = CARTESIAN_POINT ( 'NONE',  ( 0.2753336495122785700, -0.1620611493806056700, -0.2559055118110237800 ) ) ;
#1587 = CARTESIAN_POINT ( 'NONE',  ( -0.3149606299212599500, -0.04988486309434220200, -0.1160923511202018400 ) ) ;
#1588 = CARTESIAN_POINT ( 'NONE',  ( 0.0000000000000000000, 0.0000000000000000000, 0.2559055118110236100 ) ) ;
#1589 = ORIENTED_EDGE ( 'NONE', *, *, #387, .F. ) ;
#1590 = CARTESIAN_POINT ( 'NONE',  ( 0.2244164823678092800, -0.1630481184255785600, 0.1889763779527574300 ) ) ;
#1591 = ORIENTED_EDGE ( 'NONE', *, *, #1022, .T. ) ;
#1592 = CARTESIAN_POINT ( 'NONE',  ( 0.1396008047227811600, -0.2624149310708041600, 0.2332900624249804900 ) ) ;
#1593 = CARTESIAN_POINT ( 'NONE',  ( -0.1550679754983105300, 0.2134327579199414300, -0.1791338582677152500 ) ) ;
#1594 = CARTESIAN_POINT ( 'NONE',  ( 0.3192225659635061200, 2.842220813703023200E-017, -0.2559055118110236100 ) ) ;
#1595 = CARTESIAN_POINT ( 'NONE',  ( 0.2995453594630406200, -0.09732818720470787200, 0.2224409448818913900 ) ) ;
#1596 = CARTESIAN_POINT ( 'NONE',  ( -0.2773940274779951900, -5.095645617802796400E-017, -0.009842519685038013400 ) ) ;
#1597 = CARTESIAN_POINT ( 'NONE',  ( 0.0000000000000000000, 0.0000000000000000000, 0.2559055118110236100 ) ) ;
#1598 = EDGE_LOOP ( 'NONE', ( #1510, #2497, #2709, #2350, #1772, #1802 ) ) ;
#1599 = CARTESIAN_POINT ( 'NONE',  ( -0.3149606299212599500, -0.04988486309434220200, -0.1948325086005168200 ) ) ;
#1600 = CARTESIAN_POINT ( 'NONE',  ( 0.0000000000000000000, 0.2638173974143042100, -0.01968503937007732400 ) ) ;
#1601 = ORIENTED_EDGE ( 'NONE', *, *, #3048, .F. ) ;
#1602 = EDGE_CURVE ( 'NONE', #273, #1631, #10, .T. ) ;
#1603 = CARTESIAN_POINT ( 'NONE',  ( -0.2509052549229022200, -0.08152405921278936500, -0.1633858267716522800 ) ) ;
#1604 = CARTESIAN_POINT ( 'NONE',  ( -0.3149606299212599500, -4.813149900984357200E-017, -0.1968503937007863900 ) ) ;
#1605 = CARTESIAN_POINT ( 'NONE',  ( 0.2787802862958548300, 0.1322414480425514500, -0.2446064593983823000 ) ) ;
#1606 = CARTESIAN_POINT ( 'NONE',  ( -0.2244164823678092600, -0.1630481184255786200, 0.08661417322834792700 ) ) ;
#1607 = CARTESIAN_POINT ( 'NONE',  ( 0.2509052549229022800, -0.08152405921278929600, 0.1043307086614187500 ) ) ;
#1608 = CARTESIAN_POINT ( 'NONE',  ( -0.2793674596164811300, -0.03823383329996112000, 0.2180048562629960400 ) ) ;
#1609 = CARTESIAN_POINT ( 'NONE',  ( 0.3160254194534453100, -0.05211559823565604900, -0.2559055118110235000 ) ) ;
#1610 = CARTESIAN_POINT ( 'NONE',  ( -0.1851292133204640000, -0.2548085021653379000, -0.1850393700787391100 ) ) ;
#1611 = CARTESIAN_POINT ( 'NONE',  ( -0.2244164823678092600, -0.1630481184255786200, -0.1496062992125970800 ) ) ;
#1612 = CARTESIAN_POINT ( 'NONE',  ( 0.1851292133204640600, 0.2548085021653379000, 0.1692913385826783600 ) ) ;
#1613 = CARTESIAN_POINT ( 'NONE',  ( 0.2509052549229022200, 0.08152405921278932400, 0.2795275590551196700 ) ) ;
#1614 = CARTESIAN_POINT ( 'NONE',  ( -0.2773940274779951900, -5.095645617802796400E-017, 0.1476377952755919800 ) ) ;
#1615 = CARTESIAN_POINT ( 'NONE',  ( 0.2715469337810688100, -0.1972903957414019700, -0.08907480314960510000 ) ) ;
#1616 = CARTESIAN_POINT ( 'NONE',  ( -0.3085208138528786100, -0.08262583327304237600, 0.2559055118110226100 ) ) ;
#1617 = DIRECTION ( 'NONE',  ( 0.0000000000000000000, 0.0000000000000000000, 1.000000000000000000 ) ) ;
#1618 = CARTESIAN_POINT ( 'NONE',  ( 0.2244164823678092800, -0.1630481184255785600, -0.2047244094488175900 ) ) ;
#1619 = EDGE_CURVE ( 'NONE', #978, #1365, #2122, .T. ) ;
#1620 = EDGE_CURVE ( 'NONE', #1788, #2570, #3130, .T. ) ;
#1621 = CARTESIAN_POINT ( 'NONE',  ( 0.08571946862881164900, 0.2638173974143042100, 0.05511811023622191500 ) ) ;
#1622 = CARTESIAN_POINT ( 'NONE',  ( 0.1550679754983104500, 0.2134327579199414600, 0.04133858267716674500 ) ) ;
#1623 = CARTESIAN_POINT ( 'NONE',  ( -0.1876343164723100800, 0.2582564808524539500, -0.1323818897637783500 ) ) ;
#1624 = CARTESIAN_POINT ( 'NONE',  ( -0.3024603703342208500, -0.1026150343847977800, 0.2559055118110227800 ) ) ;
#1625 = ORIENTED_EDGE ( 'NONE', *, *, #1768, .F. ) ;
#1626 = CARTESIAN_POINT ( 'NONE',  ( 0.1023369121993406400, -0.3149606299212599500, -0.1732283464566918800 ) ) ;
#1627 = CARTESIAN_POINT ( 'NONE',  ( 0.2244164823678092800, -0.1630481184255785600, -0.1259842519685025500 ) ) ;
#1628 = ORIENTED_EDGE ( 'NONE', *, *, #1709, .F. ) ;
#1629 = CARTESIAN_POINT ( 'NONE',  ( 0.2244164823678092800, 0.1630481184255785900, 0.2736220472440959500 ) ) ;
#1630 = CARTESIAN_POINT ( 'NONE',  ( -0.1876343164723100800, 0.2582564808524539500, 0.2563976377952770800 ) ) ;
#1631 = VERTEX_POINT ( 'NONE', #2272 ) ;
#1632 = CARTESIAN_POINT ( 'NONE',  ( 0.1550679754983105000, -0.2134327579199414300, 0.1850393700787416600 ) ) ;
#1633 = CARTESIAN_POINT ( 'NONE',  ( 0.2509052549229022800, -0.08152405921278929600, -0.1318897637795263000 ) ) ;
#1634 = CARTESIAN_POINT ( 'NONE',  ( 0.1876343164723100500, -0.2582564808524539500, -0.09301181102362082700 ) ) ;
#1635 = CARTESIAN_POINT ( 'NONE',  ( 0.04186826506973369300, 0.3171530990536814400, 0.2559055118110236700 ) ) ;
#1636 =( BOUNDED_CURVE ( )  B_SPLINE_CURVE ( 2, ( #2170, #1918, #903, #2672, #659, #1162, #2891, #2657, #2400, #175, #3152, #441, #1409 ),
 .UNSPECIFIED., .F., .F. ) 
 B_SPLINE_CURVE_WITH_KNOTS ( ( 3, 2, 2, 2, 2, 2, 3 ),
 ( 0.7812500000000000000, 0.7874999999999999800, 0.8000000000000000400, 0.8125000000000000000, 0.8249999999999999600, 0.8375000000000000200, 0.8437500000000000000 ),
 .UNSPECIFIED. ) 
 CURVE ( )  GEOMETRIC_REPRESENTATION_ITEM ( )  RATIONAL_B_SPLINE_CURVE ( ( 0.9755282581475768200, 0.9755282581475768200, 1.000000000000000000, 0.9510565162951535300, 1.000000000000000000, 0.9510565162951535300, 1.000000000000000000, 0.9510565162951535300, 1.000000000000000000, 0.9510565162951535300, 1.000000000000000000, 0.9755282581475768200, 0.9755282581475768200 ) ) 
 REPRESENTATION_ITEM ( '' )  );
#1637 = CARTESIAN_POINT ( 'NONE',  ( 0.3149606299212600000, -0.04988486309434213300, -0.1594982000608983800 ) ) ;
#1638 = CARTESIAN_POINT ( 'NONE',  ( -0.2477381499285762600, 0.1234927298983408700, 0.2132495083653105900 ) ) ;
#1639 = CARTESIAN_POINT ( 'NONE',  ( 0.1851292133204640900, -0.2548085021653378500, -0.09055118110236114200 ) ) ;
#1640 = CARTESIAN_POINT ( 'NONE',  ( 0.1550679754983105000, -0.2134327579199414300, -0.05118110236220332200 ) ) ;
#1641 = CARTESIAN_POINT ( 'NONE',  ( 0.1550679754983105000, -0.2134327579199414300, 0.2539370078740172400 ) ) ;
#1642 = CARTESIAN_POINT ( 'NONE',  ( 0.3149606299212599500, 1.750236327630675500E-017, 0.07874015748031609800 ) ) ;
#1643 = CARTESIAN_POINT ( 'NONE',  ( -4.172172246095797300E-016, 0.5455278134075204300, 0.2137087885935243500 ) ) ;
#1644 = CARTESIAN_POINT ( 'NONE',  ( -0.2509052549229022800, 0.08152405921278926800, -0.1712598425196837900 ) ) ;
#1645 = CARTESIAN_POINT ( 'NONE',  ( 0.0000000000000000000, 0.3192225659635060100, 0.01722440944882017800 ) ) ;
#1646 = CARTESIAN_POINT ( 'NONE',  ( 0.3192225659635677400, 0.02087938313645266600, 0.2559055118110236700 ) ) ;
#1647 = CC_DESIGN_APPROVAL ( #2934, ( #2805 ) ) ;
#1648 = CARTESIAN_POINT ( 'NONE',  ( -0.3149606299212599500, -5.250708982892026700E-017, -0.04921259842519532700 ) ) ;
#1649 = DIRECTION ( 'NONE',  ( -1.000000000000000000, 0.0000000000000000000, 0.0000000000000000000 ) ) ;
#1650 = CARTESIAN_POINT ( 'NONE',  ( -0.3149606299212599500, -0.04988486309434220200, 0.1102856016357041900 ) ) ;
#1651 = CARTESIAN_POINT ( 'NONE',  ( 3.230831313028129100E-017, -0.2638173974143042100, -0.2165354330708648400 ) ) ;
#1652 = DATE_AND_TIME ( #1818, #510 ) ;
#1653 = CARTESIAN_POINT ( 'NONE',  ( 0.2244164823678092800, -0.1630481184255785600, 0.03149606299212743400 ) ) ;
#1654 = CARTESIAN_POINT ( 'NONE',  ( 0.1023369121993406400, -0.3149606299212599500, -0.02559055118110080800 ) ) ;
#1655 = CARTESIAN_POINT ( 'NONE',  ( 3.909348936228124300E-017, -0.3192225659635060100, -0.1796259842519673000 ) ) ;
#1656 = CARTESIAN_POINT ( 'NONE',  ( 0.05207598492942116400, -0.3151201454599052400, 0.2559055118110235600 ) ) ;
#1657 = VERTEX_POINT ( 'NONE', #2262 ) ;
#1658 = FACE_OUTER_BOUND ( 'NONE', #146, .T. ) ;
#1659 = CARTESIAN_POINT ( 'NONE',  ( 0.1246564951220941200, 0.2325088759646226600, 0.2005003432618219000 ) ) ;
#1660 = ADVANCED_FACE ( 'NONE', ( #2539 ), #703, .F. ) ;
#1661 = CIRCLE ( 'NONE', #1025, 0.4724409448818899200 ) ;
#1662 = CARTESIAN_POINT ( 'NONE',  ( -0.1851292133204640600, -0.2548085021653378500, 0.1200787401574819200 ) ) ;
#1663 = EDGE_CURVE ( 'NONE', #772, #1518, #2470, .T. ) ;
#1664 = VERTEX_POINT ( 'NONE', #1541 ) ;
#1665 = CARTESIAN_POINT ( 'NONE',  ( 0.2773940274779951300, 1.698548539267599100E-017, -0.1181102362204710200 ) ) ;
#1666 = CARTESIAN_POINT ( 'NONE',  ( 0.3149606299212600000, -0.04988486309434213300, 0.07672227238004657200 ) ) ;
#1667 = AXIS2_PLACEMENT_3D ( 'NONE', #67, #1495, #35 ) ;
#1668 = ORIENTED_EDGE ( 'NONE', *, *, #348, .T. ) ;
#1669 = CARTESIAN_POINT ( 'NONE',  ( -0.2509052549229022200, -0.08152405921278936500, 0.003937007874017158300 ) ) ;
#1670 = CARTESIAN_POINT ( 'NONE',  ( 0.2433499486147869000, 0.1935498444806657800, 0.2472105848424439300 ) ) ;
#1671 = CARTESIAN_POINT ( 'NONE',  ( -0.08571946862881173200, 0.2638173974143042100, -0.1830708661417310400 ) ) ;
#1672 = CARTESIAN_POINT ( 'NONE',  ( 0.1876343164723100500, -0.2582564808524539500, -0.3292322834645658400 ) ) ;
#1673 = CARTESIAN_POINT ( 'NONE',  ( 0.3150938735789490800, -0.05222268259203112500, 0.2559055118110237200 ) ) ;
#1674 = CARTESIAN_POINT ( 'NONE',  ( -0.1600606189210035700, 0.2769793770727070300, -0.2559055118110241700 ) ) ;
#1675 = CARTESIAN_POINT ( 'NONE',  ( 0.0000000000000000000, -1.067128122525102800E-017, -0.2559055118110236100 ) ) ;
#1676 = CARTESIAN_POINT ( 'NONE',  ( 3.230831313028129100E-017, -0.2638173974143042100, -0.2165354330708648400 ) ) ;
#1677 = ORIENTED_EDGE ( 'NONE', *, *, #1494, .T. ) ;
#1678 = CARTESIAN_POINT ( 'NONE',  ( 0.08571946862881164900, 0.2638173974143042100, -0.2598425196850380800 ) ) ;
#1679 = CARTESIAN_POINT ( 'NONE',  ( 0.2715469337810688100, 0.1972903957414020000, 0.3154527559055132500 ) ) ;
#1680 = CARTESIAN_POINT ( 'NONE',  ( 0.2509052549229022800, -0.08152405921278929600, 0.03543307086614316100 ) ) ;
#1681 = CARTESIAN_POINT ( 'NONE',  ( 0.2827225191594813800, 0.1243660445409069100, 0.2451413220117987800 ) ) ;
#1682 = CARTESIAN_POINT ( 'NONE',  ( -0.1876343164723099900, -0.2582564808524540100, -0.2662401574803138800 ) ) ;
#1683 = CARTESIAN_POINT ( 'NONE',  ( 0.3149606299212599500, 1.750236327630675500E-017, 0.06889763779527714700 ) ) ;
#1684 = CARTESIAN_POINT ( 'NONE',  ( -0.1851292133204641400, 0.2548085021653378500, -0.2086614173228336400 ) ) ;
#1685 =( BOUNDED_CURVE ( )  B_SPLINE_CURVE ( 2, ( #1561, #2056, #1029, #822, #2511, #2302, #1320, #315, #1037, #3047, #1289, #1829, #595 ),
 .UNSPECIFIED., .F., .F. ) 
 B_SPLINE_CURVE_WITH_KNOTS ( ( 3, 2, 2, 2, 2, 2, 3 ),
 ( 0.3437500000000000000, 0.3499999999999999800, 0.3624999999999999900, 0.3750000000000000000, 0.3875000000000000100, 0.4000000000000000200, 0.4062500000000000000 ),
 .UNSPECIFIED. ) 
 CURVE ( )  GEOMETRIC_REPRESENTATION_ITEM ( )  RATIONAL_B_SPLINE_CURVE ( ( 0.9755282581475768200, 0.9755282581475768200, 1.000000000000000000, 0.9510565162951535300, 1.000000000000000000, 0.9510565162951535300, 1.000000000000000000, 0.9510565162951535300, 1.000000000000000000, 0.9510565162951535300, 1.000000000000000000, 0.9755282581475768200, 0.9755282581475768200 ) ) 
 REPRESENTATION_ITEM ( '' )  );
#1686 = CARTESIAN_POINT ( 'NONE',  ( 0.2679215144415875200, 0.1946563744094158000, -0.1594488188976362900 ) ) ;
#1687 = CARTESIAN_POINT ( 'NONE',  ( -0.2773940274779951300, -5.095645617802797000E-017, -0.2362204724409435500 ) ) ;
#1688 = CARTESIAN_POINT ( 'NONE',  ( -0.1550679754983104200, -0.2134327579199414600, 0.001968503937009227900 ) ) ;
#1689 = CARTESIAN_POINT ( 'NONE',  ( 0.2715469337810688100, -0.1972903957414019700, 0.2209645669291353500 ) ) ;
#1690 = CARTESIAN_POINT ( 'NONE',  ( 0.2611891861754280800, 0.1671727748601956600, 0.2463815128766436700 ) ) ;
#1691 = CARTESIAN_POINT ( 'NONE',  ( 0.4724409448818898100, -0.04612615122834805300, -0.2559055118110237800 ) ) ;
#1692 = CARTESIAN_POINT ( 'NONE',  ( -0.1023369121993405700, -0.3149606299212600600, -0.02362204724409338100 ) ) ;
#1693 = CARTESIAN_POINT ( 'NONE',  ( 0.3114226816596720200, 1.750236327630675500E-017, -0.2481056275071895400 ) ) ;
#1694 = CARTESIAN_POINT ( 'NONE',  ( -0.2995453594630406200, 0.09732818720470784400, -0.2007874015748021800 ) ) ;
#1695 = CARTESIAN_POINT ( 'NONE',  ( 0.3162404436710614700, -0.3629463081253861400, -0.2510484196704752000 ) ) ;
#1696 = CARTESIAN_POINT ( 'NONE',  ( 0.2805055022615756700, -0.03043833564160420800, -0.2184180622938501300 ) ) ;
#1697 = CARTESIAN_POINT ( 'NONE',  ( -0.3149606299212599500, -5.250708982892026700E-017, 0.1082677165354346700 ) ) ;
#1698 = CARTESIAN_POINT ( 'NONE',  ( -0.1550679754983104200, -0.2134327579199414600, 0.08070866141732423200 ) ) ;
#1699 = CARTESIAN_POINT ( 'NONE',  ( -0.3035987015080519000, 0.09864519787070096000, 0.02805118110236359100 ) ) ;
#1700 = FACE_OUTER_BOUND ( 'NONE', #1131, .T. ) ;
#1701 = CARTESIAN_POINT ( 'NONE',  ( -0.03854607077784931400, -0.5232732290677266600, -0.2265574788528137200 ) ) ;
#1702 = DIRECTION ( 'NONE',  ( -0.0000000000000000000, -0.0000000000000000000, -1.000000000000000000 ) ) ;
#1703 = CARTESIAN_POINT ( 'NONE',  ( -0.08571946862881160700, -0.2638173974143043200, 0.01574803149606443200 ) ) ;
#1704 = CARTESIAN_POINT ( 'NONE',  ( -0.2293516342102517900, 0.1531730419861528400, 0.2122338005446080500 ) ) ;
#1705 = CARTESIAN_POINT ( 'NONE',  ( 0.1959755045341638200, -0.4323813031101481600, -0.2559055118110240600 ) ) ;
#1706 = FACE_OUTER_BOUND ( 'NONE', #961, .T. ) ;
#1707 = CARTESIAN_POINT ( 'NONE',  ( 0.3360249824151005900, -0.3515236993557227500, 0.2481897830984738700 ) ) ;
#1708 = ORIENTED_EDGE ( 'NONE', *, *, #64, .T. ) ;
#1709 = EDGE_CURVE ( 'NONE', #786, #292, #167, .T. ) ;
#1710 = CARTESIAN_POINT ( 'NONE',  ( -0.08571946862881160700, -0.2638173974143042700, 0.005905511811024984600 ) ) ;
#1711 = CARTESIAN_POINT ( 'NONE',  ( -0.2715469337810688100, 0.1972903957414019200, 0.1815944881889777800 ) ) ;
#1712 = B_SPLINE_CURVE_WITH_KNOTS ( 'NONE', 3,
 ( #1875, #846, #2599, #2081, #2855, #397 ),
 .UNSPECIFIED., .F., .F.,
 ( 4, 2, 4 ),
 ( 2.380729645508953700E-007, 0.003505341553885850300, 0.007010445034807149900 ),
 .UNSPECIFIED. ) ;
#1713 = ORIENTED_EDGE ( 'NONE', *, *, #285, .T. ) ;
#1714 = CARTESIAN_POINT ( 'NONE',  ( -4.172172246095797300E-016, 0.5455278134075204300, -0.2137087885935243500 ) ) ;
#1715 = CARTESIAN_POINT ( 'NONE',  ( 0.2509052549229022200, 0.08152405921278932400, 0.2696850393700802000 ) ) ;
#1716 = CARTESIAN_POINT ( 'NONE',  ( 0.3035987015080519000, -0.09864519787070098700, -0.2426181102362192900 ) ) ;
#1717 = CARTESIAN_POINT ( 'NONE',  ( 0.1550679754983105000, -0.2134327579199414300, 0.1850393700787416600 ) ) ;
#1718 = ORIENTED_EDGE ( 'NONE', *, *, #2718, .F. ) ;
#1719 = CARTESIAN_POINT ( 'NONE',  ( 0.04853753590569973000, 0.2621063702911003400, 0.2029872944773501400 ) ) ;
#1720 = DIRECTION ( 'NONE',  ( 0.0000000000000000000, 0.0000000000000000000, 1.000000000000000000 ) ) ;
#1721 = CARTESIAN_POINT ( 'NONE',  ( 0.2509052549229022200, 0.08152405921278932400, 0.03346456692913522800 ) ) ;
#1722 = CARTESIAN_POINT ( 'NONE',  ( 0.2715469337810688100, -0.1972903957414019700, -0.01525590551180968500 ) ) ;
#1723 = CARTESIAN_POINT ( 'NONE',  ( -0.1550679754983105300, 0.2134327579199414300, 0.2145669291338597200 ) ) ;
#1724 = CARTESIAN_POINT ( 'NONE',  ( -0.3149606299212600000, 0.04988486309434209800, 0.02750967395485014200 ) ) ;
#1725 = CARTESIAN_POINT ( 'NONE',  ( -0.2509052549229022200, -0.08152405921278936500, 0.003937007874017158300 ) ) ;
#1726 = EDGE_CURVE ( 'NONE', #880, #1085, #2217, .T. ) ;
#1727 = CARTESIAN_POINT ( 'NONE',  ( 0.01371892453712968000, 0.2672515475326081000, 0.2040316243549469300 ) ) ;
#1728 = CARTESIAN_POINT ( 'NONE',  ( -0.3192225659635061200, 2.842220813703023200E-017, 0.2559055118110236100 ) ) ;
#1729 = CARTESIAN_POINT ( 'NONE',  ( -0.2244164823678092800, 0.1630481184255785600, 0.06102362204724547100 ) ) ;
#1730 = CARTESIAN_POINT ( 'NONE',  ( -0.3356504692350350000, -6.165799091714889700E-017, 0.1107283464566943400 ) ) ;
#1731 = B_SPLINE_CURVE_WITH_KNOTS ( 'NONE', 3,
 ( #1779, #78, #2798, #2499, #3040, #568 ),
 .UNSPECIFIED., .F., .F.,
 ( 4, 2, 4 ),
 ( 2.380729645518177900E-007, 0.003505341553885856400, 0.007010445034807160300 ),
 .UNSPECIFIED. ) ;
#1732 = CARTESIAN_POINT ( 'NONE',  ( 3.230831313028129100E-017, -0.2638173974143042100, 0.1771653543307101800 ) ) ;
#1733 = DATE_AND_TIME ( #1381, #697 ) ;
#1734 = CARTESIAN_POINT ( 'NONE',  ( -0.06417623983601270000, -0.2687623970089973400, -0.2125182547351734700 ) ) ;
#1735 = ORIENTED_EDGE ( 'NONE', *, *, #285, .F. ) ;
#1736 = CIRCLE ( 'NONE', #897, 0.4724409448818899200 ) ;
#1737 = DIRECTION ( 'NONE',  ( 1.000000000000000000, 0.0000000000000000000, -0.0000000000000000000 ) ) ;
#1738 = CARTESIAN_POINT ( 'NONE',  ( 0.2679215144415875200, -0.1946563744094157700, -0.09645669291338430900 ) ) ;
#1739 = VECTOR ( 'NONE', #670, 39.37007874015748900 ) ;
#1740 = CARTESIAN_POINT ( 'NONE',  ( 0.2509052549229022200, 0.08152405921278932400, -0.04527559055117980800 ) ) ;
#1741 = B_SPLINE_CURVE_WITH_KNOTS ( 'NONE', 3,
 ( #2752, #562, #2274, #1294, #94, #69, #808, #55, #800, #1811, #1261, #334, #2995, #1531, #3021, #2527, #309, #83, #1801, #1555, #2051, #1056 ),
 .UNSPECIFIED., .F., .F.,
 ( 4, 2, 2, 2, 2, 2, 2, 2, 2, 2, 4 ),
 ( 9.582777190681056000E-018, 0.001591758398341009700, 0.003183516796682011100, 0.003979395995852512600, 0.004775275195023014100, 0.006367033593364015300, 0.007162912792534515900, 0.007958791991705016500, 0.009550550390046016000, 0.01114230878838701500, 0.01273406718672801700 ),
 .UNSPECIFIED. ) ;
#1742 = CARTESIAN_POINT ( 'NONE',  ( 0.1037216991635512600, 0.3192225659635059000, -0.07037401574803017800 ) ) ;
#1743 = ADVANCED_FACE ( 'NONE', ( #2612 ), #1003, .T. ) ;
#1744 = VERTEX_POINT ( 'NONE', #342 ) ;
#1745 = ORIENTED_EDGE ( 'NONE', *, *, #937, .F. ) ;
#1746 = CARTESIAN_POINT ( 'NONE',  ( -0.2509052549229022200, -0.08152405921278936500, -0.005905511811022288800 ) ) ;
#1747 = DIRECTION ( 'NONE',  ( -0.0000000000000000000, -0.0000000000000000000, -1.000000000000000000 ) ) ;
#1748 = CARTESIAN_POINT ( 'NONE',  ( 0.08571946862881169000, -0.2638173974143042100, 0.1023622047244109200 ) ) ;
#1749 = EDGE_LOOP ( 'NONE', ( #1390, #2023, #2661, #388, #1426, #1868 ) ) ;
#1750 = CARTESIAN_POINT ( 'NONE',  ( -0.3149606299212600000, 0.04988486309434209800, -0.2087107984860948600 ) ) ;
#1751 =( LENGTH_UNIT ( ) NAMED_UNIT ( * ) SI_UNIT ( $, .METRE. ) );
#1752 = AXIS2_PLACEMENT_3D ( 'NONE', #775, #2015, #841 ) ;
#1753 = CARTESIAN_POINT ( 'NONE',  ( 0.08571946862881164900, 0.2638173974143042100, -0.2696850393700775400 ) ) ;
#1754 = EDGE_LOOP ( 'NONE', ( #1713, #3056, #898, #431, #2788, #260, #1874, #1503, #1946, #2582, #2831 ) ) ;
#1755 = CARTESIAN_POINT ( 'NONE',  ( 0.1037216991635512600, 0.3192225659635059000, -0.2278543307086601800 ) ) ;
#1756 = CARTESIAN_POINT ( 'NONE',  ( 0.2509052549229022200, 0.08152405921278932400, -0.1240157480314947700 ) ) ;
#1757 = CARTESIAN_POINT ( 'NONE',  ( 0.2702312797421881400, 0.04424878663089548700, -0.2102824245881202100 ) ) ;
#1758 = CARTESIAN_POINT ( 'NONE',  ( -0.1550679754983104200, -0.2134327579199414600, -0.06692913385826629300 ) ) ;
#1759 = CARTESIAN_POINT ( 'NONE',  ( 0.3149606299212599500, 1.750236327630675500E-017, -0.2460629921259828200 ) ) ;
#1760 = CARTESIAN_POINT ( 'NONE',  ( 0.2527593643253630600, -0.07557991085133238000, -0.2005003432618406300 ) ) ;
#1761 = CARTESIAN_POINT ( 'NONE',  ( -0.4724409448818899200, -0.2727639067037602200, -0.2137087885935242700 ) ) ;
#1762 =( BOUNDED_CURVE ( )  B_SPLINE_CURVE ( 2, ( #1934, #705, #1924, #2650, #1612, #1180, #2899, #2415, #1451, #2584, #3184, #1114, #2912 ),
 .UNSPECIFIED., .F., .F. ) 
 B_SPLINE_CURVE_WITH_KNOTS ( ( 3, 2, 2, 2, 2, 2, 3 ),
 ( 0.7812500000000000000, 0.7874999999999999800, 0.8000000000000000400, 0.8125000000000000000, 0.8249999999999999600, 0.8375000000000000200, 0.8437500000000000000 ),
 .UNSPECIFIED. ) 
 CURVE ( )  GEOMETRIC_REPRESENTATION_ITEM ( )  RATIONAL_B_SPLINE_CURVE ( ( 0.9755282581475768200, 0.9755282581475768200, 1.000000000000000000, 0.9510565162951535300, 1.000000000000000000, 0.9510565162951535300, 1.000000000000000000, 0.9510565162951535300, 1.000000000000000000, 0.9510565162951535300, 1.000000000000000000, 0.9755282581475768200, 0.9755282581475768200 ) ) 
 REPRESENTATION_ITEM ( '' )  );
#1763 = CARTESIAN_POINT ( 'NONE',  ( 0.2509052549229022800, -0.08152405921278929600, -0.1318897637795263000 ) ) ;
#1764 = CARTESIAN_POINT ( 'NONE',  ( 0.3035987015080518500, 0.09864519787070102900, -0.2396653543307074000 ) ) ;
#1765 = CARTESIAN_POINT ( 'NONE',  ( 0.2509052549229022800, -0.08152405921278929600, 0.02559055118110371100 ) ) ;
#1766 = CARTESIAN_POINT ( 'NONE',  ( 0.1851292133204640900, -0.2548085021653378500, -0.01181102362204614200 ) ) ;
#1767 = CARTESIAN_POINT ( 'NONE',  ( 0.1550679754983104500, 0.2134327579199414600, -0.1850393700787388300 ) ) ;
#1768 = EDGE_CURVE ( 'NONE', #2091, #756, #1826, .T. ) ;
#1769 = CARTESIAN_POINT ( 'NONE',  ( -0.2226808460244099300, -0.1791057037691365600, 0.2222945034339665600 ) ) ;
#1770 = CARTESIAN_POINT ( 'NONE',  ( 0.2995453594630406200, -0.09732818720470787200, 0.1535433070866153400 ) ) ;
#1771 = CARTESIAN_POINT ( 'NONE',  ( 0.2057315727667311000, -0.1703928621389337000, -0.2036905022318289400 ) ) ;
#1772 = ORIENTED_EDGE ( 'NONE', *, *, #693, .T. ) ;
#1773 = CARTESIAN_POINT ( 'NONE',  ( -0.2244164823678092600, -0.1630481184255786200, -0.2381889763779514700 ) ) ;
#1774 = AXIS2_PLACEMENT_3D ( 'NONE', #2840, #213, #1191 ) ;
#1775 = CARTESIAN_POINT ( 'NONE',  ( -0.3356504692350350000, -6.165799091714889700E-017, -0.2042322834645656800 ) ) ;
#1776 = ORIENTED_EDGE ( 'NONE', *, *, #3110, .T. ) ;
#1777 = VERTEX_POINT ( 'NONE', #1095 ) ;
#1778 = CARTESIAN_POINT ( 'NONE',  ( 0.2509052549229022200, 0.08152405921278932400, -0.04527559055117980800 ) ) ;
#1779 = CARTESIAN_POINT ( 'NONE',  ( -0.4724409448818899200, -0.2727639067037602200, 0.2137087885935242700 ) ) ;
#1780 = CARTESIAN_POINT ( 'NONE',  ( -0.2244164823678092800, 0.1630481184255785400, -0.1653543307086600100 ) ) ;
#1781 = CARTESIAN_POINT ( 'NONE',  ( -0.2679215144415874600, -0.1946563744094158600, 0.03740157480315115700 ) ) ;
#1782 = CARTESIAN_POINT ( 'NONE',  ( -0.4724409448818899200, 0.2727639067037600000, 0.2137087885935243000 ) ) ;
#1783 = CARTESIAN_POINT ( 'NONE',  ( 0.3162101185932404400, 0.3629638163172295700, -0.2518839387229877500 ) ) ;
#1784 = CARTESIAN_POINT ( 'NONE',  ( -0.2509052549229022200, -0.08152405921278936500, -0.2421259842519672400 ) ) ;
#1785 = CARTESIAN_POINT ( 'NONE',  ( -0.3149606299212600000, 0.04988486309434209800, -0.05123048352546484600 ) ) ;
#1786 = EDGE_LOOP ( 'NONE', ( #3086, #1851, #1877 ) ) ;
#1787 =( BOUNDED_CURVE ( )  B_SPLINE_CURVE ( 2, ( #618, #1599, #154, #859, #1610, #2606, #845, #1626, #2104, #639, #1099, #1637, #1110 ),
 .UNSPECIFIED., .F., .F. ) 
 B_SPLINE_CURVE_WITH_KNOTS ( ( 3, 2, 2, 2, 2, 2, 3 ),
 ( 0.2187500000000000000, 0.2249999999999999800, 0.2375000000000000400, 0.2500000000000000000, 0.2624999999999999600, 0.2750000000000000200, 0.2812500000000000000 ),
 .UNSPECIFIED. ) 
 CURVE ( )  GEOMETRIC_REPRESENTATION_ITEM ( )  RATIONAL_B_SPLINE_CURVE ( ( 0.9755282581475768200, 0.9755282581475768200, 1.000000000000000000, 0.9510565162951535300, 1.000000000000000000, 0.9510565162951535300, 1.000000000000000000, 0.9510565162951535300, 1.000000000000000000, 0.9510565162951535300, 1.000000000000000000, 0.9755282581475768200, 0.9755282581475768200 ) ) 
 REPRESENTATION_ITEM ( '' )  );
#1788 = VERTEX_POINT ( 'NONE', #2049 ) ;
#1789 = CARTESIAN_POINT ( 'NONE',  ( -0.4724409448818899200, 0.0000000000000000000, 0.2559055118110236100 ) ) ;
#1790 = ORIENTED_EDGE ( 'NONE', *, *, #1839, .F. ) ;
#1791 = CARTESIAN_POINT ( 'NONE',  ( -0.1876343164723099900, -0.2582564808524540100, -0.03494094488188837600 ) ) ;
#1792 = CARTESIAN_POINT ( 'NONE',  ( -0.1550679754983104200, -0.2134327579199414600, 0.001968503937009227900 ) ) ;
#1793 = DIRECTION ( 'NONE',  ( -0.0000000000000000000, -0.0000000000000000000, -1.000000000000000000 ) ) ;
#1794 = EDGE_CURVE ( 'NONE', #1085, #3180, #1066, .T. ) ;
#1795 = CARTESIAN_POINT ( 'NONE',  ( 0.08571946862881169000, -0.2638173974143042100, -0.05511811023621904200 ) ) ;
#1796 = EDGE_LOOP ( 'NONE', ( #1668, #2825, #2421, #2355 ) ) ;
#1797 = ADVANCED_FACE ( 'NONE', ( #1700 ), #3012, .T. ) ;
#1798 = CARTESIAN_POINT ( 'NONE',  ( -0.1688500963793484500, -0.2331674765908347300, 0.2244076037141132500 ) ) ;
#1799 = DIRECTION ( 'NONE',  ( 1.000000000000000000, 1.776356839400250500E-015, 0.0000000000000000000 ) ) ;
#1800 = CARTESIAN_POINT ( 'NONE',  ( 0.0000000000000000000, 0.3192225659635060100, 0.09596456692913517300 ) ) ;
#1801 = CARTESIAN_POINT ( 'NONE',  ( -0.05361700269701169500, 0.3028908930637022600, 0.2435833187682782700 ) ) ;
#1802 = ORIENTED_EDGE ( 'NONE', *, *, #741, .T. ) ;
#1803 = CARTESIAN_POINT ( 'NONE',  ( -0.1851292133204640600, -0.2548085021653378500, -0.1161417322834630800 ) ) ;
#1804 = CARTESIAN_POINT ( 'NONE',  ( 0.2839715653341310900, -0.1362363698946804600, -0.2516435757687774900 ) ) ;
#1805 = CARTESIAN_POINT ( 'NONE',  ( 0.2244164823678092800, 0.1630481184255785900, 0.04724409448819044000 ) ) ;
#1806 = DIRECTION ( 'NONE',  ( -0.0000000000000000000, -0.0000000000000000000, -1.000000000000000000 ) ) ;
#1807 = CARTESIAN_POINT ( 'NONE',  ( -0.2773940274779951900, -5.095645617802796400E-017, -0.1574803149606285600 ) ) ;
#1808 = CARTESIAN_POINT ( 'NONE',  ( -0.4338948741040401000, 0.2950184910435537700, 0.2265574788528136300 ) ) ;
#1809 = CARTESIAN_POINT ( 'NONE',  ( -0.2679215144415875700, 0.1946563744094156900, 0.1791338582677181300 ) ) ;
#1810 = CARTESIAN_POINT ( 'NONE',  ( 0.1550679754983105000, -0.2134327579199414300, -0.2972440944881877800 ) ) ;
#1811 = CARTESIAN_POINT ( 'NONE',  ( 0.1438984515520278200, 0.2481836539721202800, 0.2228021454771680900 ) ) ;
#1812 = CARTESIAN_POINT ( 'NONE',  ( -0.2679215144415875700, 0.1946563744094156900, 0.1102362204724421000 ) ) ;
#1813 = CARTESIAN_POINT ( 'NONE',  ( -0.1398205365397415200, 0.2599515982826635700, -0.2316886193691247400 ) ) ;
#1814 = CARTESIAN_POINT ( 'NONE',  ( 0.2362204724409446300, 0.4091458600556405800, 0.2559055118110236100 ) ) ;
#1815 = CARTESIAN_POINT ( 'NONE',  ( 0.08571946862881170400, -0.2638173974143042100, 0.1023622047244109200 ) ) ;
#1816 = CARTESIAN_POINT ( 'NONE',  ( -0.2864630518874198800, 5.044793678946277200E-013, -0.2231459977349375400 ) ) ;
#1817 = CARTESIAN_POINT ( 'NONE',  ( 0.06279919680002973800, -0.3129845163927379400, -0.2559055118112338900 ) ) ;
#1818 = CALENDAR_DATE ( 2021, 14, 9 ) ;
#1819 = EDGE_CURVE ( 'NONE', #1981, #1560, #505, .T. ) ;
#1820 = CARTESIAN_POINT ( 'NONE',  ( -0.4724409448818899200, -0.2727639067037602200, 0.2137087885935242700 ) ) ;
#1821 = CARTESIAN_POINT ( 'NONE',  ( 0.3035987015080518500, 0.09864519787070102900, 0.08021653543307218100 ) ) ;
#1822 = APPROVAL_STATUS ( 'not_yet_approved' ) ;
#1823 = PERSON_AND_ORGANIZATION ( #2987, #809 ) ;
#1824 = CARTESIAN_POINT ( 'NONE',  ( 0.1060981205649092100, 0.2832073563866214800, -0.2384810113062025300 ) ) ;
#1825 = EDGE_LOOP ( 'NONE', ( #1211, #3024, #2828, #665 ) ) ;
#1826 = CIRCLE ( 'NONE', #616, 0.4724409448818899200 ) ;
#1827 = CARTESIAN_POINT ( 'NONE',  ( 0.1550679754983104500, 0.2134327579199414600, 0.2874015748031511500 ) ) ;
#1828 = FACE_OUTER_BOUND ( 'NONE', #1122, .T. ) ;
#1829 = CARTESIAN_POINT ( 'NONE',  ( 0.3149606299212599500, 0.04988486309434216800, 0.07091552289554667300 ) ) ;
#1830 = ORIENTED_EDGE ( 'NONE', *, *, #776, .T. ) ;
#1831 = CARTESIAN_POINT ( 'NONE',  ( 0.0000000000000000000, 0.3149606299212600000, 0.1673228346456709100 ) ) ;
#1832 = CARTESIAN_POINT ( 'NONE',  ( -0.2773940274779951300, -5.095645617802797000E-017, -0.2460629921259830700 ) ) ;
#1833 = CARTESIAN_POINT ( 'NONE',  ( 0.0000000000000000000, 0.0000000000000000000, 0.2559055118110236100 ) ) ;
#1834 = CARTESIAN_POINT ( 'NONE',  ( 0.2995453594630406200, -0.09732818720470787200, -0.08267716535432961800 ) ) ;
#1835 = CARTESIAN_POINT ( 'NONE',  ( 0.2764654403477258500, 0.3859104170011324900, 0.2559055118110241100 ) ) ;
#1836 = CARTESIAN_POINT ( 'NONE',  ( 0.2244164823678092800, -0.1630481184255785600, 0.2677165354330723900 ) ) ;
#1837 = VERTEX_POINT ( 'NONE', #2077 ) ;
#1838 = CARTESIAN_POINT ( 'NONE',  ( 0.08562420182989681500, -0.2829806348777944000, 0.2317181896530397000 ) ) ;
#1839 = EDGE_CURVE ( 'NONE', #1057, #1657, #1239, .T. ) ;
#1840 = CARTESIAN_POINT ( 'NONE',  ( 0.3149606299212599500, 0.04988486309434216800, 0.2283958378561766200 ) ) ;
#1841 = CARTESIAN_POINT ( 'NONE',  ( 0.2679215144415875200, 0.1946563744094158000, 0.1555118110236236300 ) ) ;
#1842 = CARTESIAN_POINT ( 'NONE',  ( 0.1550679754983105000, -0.2134327579199414300, 0.09645669291338722400 ) ) ;
#1843 = CARTESIAN_POINT ( 'NONE',  ( 0.05868446637559535100, 0.2948667585498481200, -0.2371729708747685500 ) ) ;
#1844 = DIRECTION ( 'NONE',  ( 0.0000000000000000000, 0.0000000000000000000, 1.000000000000000000 ) ) ;
#1845 = CARTESIAN_POINT ( 'NONE',  ( -0.2509052549229022200, -0.08152405921278936500, 0.1614173228346471600 ) ) ;
#1846 = CARTESIAN_POINT ( 'NONE',  ( -0.08571946862881171800, 0.2638173974143042100, -0.1830708661417310400 ) ) ;
#1847 = CARTESIAN_POINT ( 'NONE',  ( -0.1851292133204640000, -0.2548085021653379000, 0.2086614173228358600 ) ) ;
#1848 = CARTESIAN_POINT ( 'NONE',  ( -0.2679215144415874600, -0.1946563744094158600, 0.1948818897637811200 ) ) ;
#1849 = CARTESIAN_POINT ( 'NONE',  ( 0.0000000000000000000, 0.2638173974143042100, 0.1279527559055132200 ) ) ;
#1850 = DIRECTION ( 'NONE',  ( 1.000000000000000000, 0.0000000000000000000, 0.0000000000000000000 ) ) ;
#1851 = ORIENTED_EDGE ( 'NONE', *, *, #7, .T. ) ;
#1852 = CARTESIAN_POINT ( 'NONE',  ( 0.2509052549229022800, -0.08152405921278929600, -0.1220472440944868300 ) ) ;
#1853 = APPROVAL_DATE_TIME ( #1192, #2629 ) ;
#1854 = CARTESIAN_POINT ( 'NONE',  ( 0.1550679754983104500, 0.2134327579199414600, -0.1948818897637782900 ) ) ;
#1855 = ORIENTED_EDGE ( 'NONE', *, *, #2736, .F. ) ;
#1856 = CARTESIAN_POINT ( 'NONE',  ( -0.3149606299212599500, -5.250708982892026700E-017, 0.1082677165354346700 ) ) ;
#1857 = AXIS2_PLACEMENT_3D ( 'NONE', #2779, #327, #542 ) ;
#1858 = CARTESIAN_POINT ( 'NONE',  ( -0.2509052549229022800, 0.08152405921278926800, 0.07480314960630067600 ) ) ;
#1859 = CARTESIAN_POINT ( 'NONE',  ( 0.1405126937396123400, 0.2240077891247363700, 0.1996452205318187700 ) ) ;
#1860 = CARTESIAN_POINT ( 'NONE',  ( 0.3192225659635061200, -1.067128122525102800E-017, 0.2559055118110236100 ) ) ;
#1861 = FACE_OUTER_BOUND ( 'NONE', #1754, .T. ) ;
#1862 = CARTESIAN_POINT ( 'NONE',  ( 0.2362204724409450700, -0.4091458600556401900, 0.2559055118110236100 ) ) ;
#1863 = ADVANCED_FACE ( 'NONE', ( #2046 ), #2446, .T. ) ;
#1864 = DIRECTION ( 'NONE',  ( -0.0000000000000000000, -0.0000000000000000000, -1.000000000000000000 ) ) ;
#1865 = ORIENTED_EDGE ( 'NONE', *, *, #3091, .F. ) ;
#1866 = CARTESIAN_POINT ( 'NONE',  ( 0.08571946862881170400, -0.2638173974143042100, -0.05511811023621903500 ) ) ;
#1867 = ORIENTED_EDGE ( 'NONE', *, *, #893, .T. ) ;
#1868 = ORIENTED_EDGE ( 'NONE', *, *, #7, .F. ) ;
#1869 = DIRECTION ( 'NONE',  ( -0.0000000000000000000, -0.0000000000000000000, -1.000000000000000000 ) ) ;
#1870 = CARTESIAN_POINT ( 'NONE',  ( 0.03854607077784930100, 0.5232732290677267800, 0.2265574788528136600 ) ) ;
#1871 = CARTESIAN_POINT ( 'NONE',  ( 3.577217806226348900E-016, -0.5455278134075203200, 0.2559055118110236100 ) ) ;
#1872 = CARTESIAN_POINT ( 'NONE',  ( 0.3356504692350350000, 2.055266363904963800E-017, -0.08120078740157359000 ) ) ;
#1873 = CARTESIAN_POINT ( 'NONE',  ( -0.3166404728385889800, -0.04184486742722851700, 0.2559055118110235600 ) ) ;
#1874 = ORIENTED_EDGE ( 'NONE', *, *, #2559, .F. ) ;
#1875 = CARTESIAN_POINT ( 'NONE',  ( -4.172172246095797300E-016, 0.5455278134075204300, 0.2137087885935243500 ) ) ;
#1876 = CARTESIAN_POINT ( 'NONE',  ( 0.1550679754983104500, 0.2134327579199414600, -0.1850393700787388300 ) ) ;
#1877 = ORIENTED_EDGE ( 'NONE', *, *, #2905, .F. ) ;
#1878 = EDGE_CURVE ( 'NONE', #288, #880, #2578, .T. ) ;
#1879 = CARTESIAN_POINT ( 'NONE',  ( -0.2244164823678092800, 0.1630481184255785600, 0.2283464566929149200 ) ) ;
#1880 = CARTESIAN_POINT ( 'NONE',  ( -0.2773940274779951900, -5.095645617802796400E-017, 0.06889763779527698100 ) ) ;
#1881 = CARTESIAN_POINT ( 'NONE',  ( 0.1037216991635512800, -0.3192225659635059000, -0.01820866141732158100 ) ) ;
#1882 = CARTESIAN_POINT ( 'NONE',  ( -0.2989036281998596100, -0.1125608656417794900, 0.2559055118110235000 ) ) ;
#1883 =( BOUNDED_CURVE ( )  B_SPLINE_CURVE ( 2, ( #2346, #3117, #609, #2591, #2388, #2917, #2409, #2878, #2906, #1686, #1939, #2143, #946 ),
 .UNSPECIFIED., .F., .F. ) 
 B_SPLINE_CURVE_WITH_KNOTS ( ( 3, 2, 2, 2, 2, 2, 3 ),
 ( 0.7187500000000000000, 0.7249999999999999800, 0.7375000000000000400, 0.7500000000000000000, 0.7624999999999999600, 0.7750000000000000200, 0.7812500000000000000 ),
 .UNSPECIFIED. ) 
 CURVE ( )  GEOMETRIC_REPRESENTATION_ITEM ( )  RATIONAL_B_SPLINE_CURVE ( ( 0.9755282581475768200, 0.9755282581475768200, 1.000000000000000000, 0.9510565162951535300, 1.000000000000000000, 0.9510565162951535300, 1.000000000000000000, 0.9510565162951535300, 1.000000000000000000, 0.9510565162951535300, 1.000000000000000000, 0.9755282581475768200, 0.9755282581475768200 ) ) 
 REPRESENTATION_ITEM ( '' )  );
#1884 = CARTESIAN_POINT ( 'NONE',  ( 0.2638173974143042100, -5.936364064241343500E-014, -0.2005003432618218400 ) ) ;
#1885 = CARTESIAN_POINT ( 'NONE',  ( 0.4724409448818897000, 3.414809992080329000E-017, 0.2559055118110236100 ) ) ;
#1886 = CARTESIAN_POINT ( 'NONE',  ( -0.08571946862881160700, -0.2638173974143042700, 0.01574803149606443200 ) ) ;
#1887 = CARTESIAN_POINT ( 'NONE',  ( 0.2244164823678092800, -0.1630481184255785600, -0.1259842519685025500 ) ) ;
#1888 = CARTESIAN_POINT ( 'NONE',  ( -0.3149606299212600000, 0.0000000000000000000, 0.2559055118110236100 ) ) ;
#1889 = CARTESIAN_POINT ( 'NONE',  ( -0.2773940274779951300, -5.095645617802797000E-017, 0.1574803149606313900 ) ) ;
#1890 = CARTESIAN_POINT ( 'NONE',  ( 0.1550679754983104500, 0.2134327579199414600, -0.1948818897637782900 ) ) ;
#1891 = CARTESIAN_POINT ( 'NONE',  ( -0.1037216991635513400, 0.3192225659635059000, -0.05757874015747908900 ) ) ;
#1892 = CARTESIAN_POINT ( 'NONE',  ( 0.2107901372107327300, 0.2399584742920612400, 0.2559055118110236100 ) ) ;
#1893 = CARTESIAN_POINT ( 'NONE',  ( 0.2362204724409450700, -0.4091458600556401900, 0.2559055118110236100 ) ) ;
#1894 = CARTESIAN_POINT ( 'NONE',  ( 0.3149606299212599500, 1.750236327630675500E-017, 0.07874015748031609800 ) ) ;
#1895 = CARTESIAN_POINT ( 'NONE',  ( -0.4724409448818899200, 0.0000000000000000000, 0.2559055118110236100 ) ) ;
#1896 = CARTESIAN_POINT ( 'NONE',  ( 0.2244164823678092800, 0.1630481184255785900, -0.1102362204724395800 ) ) ;
#1897 = CALENDAR_DATE ( 2021, 14, 9 ) ;
#1898 = FACE_OUTER_BOUND ( 'NONE', #2655, .T. ) ;
#1899 = CARTESIAN_POINT ( 'NONE',  ( -0.1550679754983104200, -0.2134327579199414600, 0.2381889763779542200 ) ) ;
#1900 = AXIS2_PLACEMENT_3D ( 'NONE', #3074, #2103, #122 ) ;
#1901 = CARTESIAN_POINT ( 'NONE',  ( 0.2244164823678092800, 0.1630481184255785900, 0.2047244094488204500 ) ) ;
#1902 = CARTESIAN_POINT ( 'NONE',  ( 0.2320312458216319000, 0.1255432998647015300, -0.2005003432618219500 ) ) ;
#1903 = CARTESIAN_POINT ( 'NONE',  ( 0.1876343164723100200, 0.2582564808524540100, -0.1481299212598413100 ) ) ;
#1904 = CARTESIAN_POINT ( 'NONE',  ( 0.3024460325112792700, 0.1026621213512777700, 0.2559055118110235000 ) ) ;
#1905 = ORIENTED_EDGE ( 'NONE', *, *, #937, .T. ) ;
#1906 = DIRECTION ( 'NONE',  ( -0.0000000000000000000, -0.0000000000000000000, -1.000000000000000000 ) ) ;
#1907 = CARTESIAN_POINT ( 'NONE',  ( -0.2623647080201097500, 0.09136524519467603700, 0.2142511985451297500 ) ) ;
#1908 = CARTESIAN_POINT ( 'NONE',  ( 0.2698317915022205300, -0.1060479345359293100, -0.2262096540504895400 ) ) ;
#1909 = ORIENTED_EDGE ( 'NONE', *, *, #1942, .T. ) ;
#1910 = CARTESIAN_POINT ( 'NONE',  ( 0.3149606299212599500, 1.750236327630675500E-017, -0.07874015748031389100 ) ) ;
#1911 = CARTESIAN_POINT ( 'NONE',  ( -0.2509052549229022200, -0.08152405921278936500, -0.2322834645669278100 ) ) ;
#1912 = VERTEX_POINT ( 'NONE', #1804 ) ;
#1913 = CARTESIAN_POINT ( 'NONE',  ( -0.2244164823678092800, 0.1630481184255785600, -0.08661417322834504000 ) ) ;
#1914 = CARTESIAN_POINT ( 'NONE',  ( 0.2244164823678092800, -0.1630481184255785400, -0.1358267716535420100 ) ) ;
#1915 = CARTESIAN_POINT ( 'NONE',  ( -0.2715469337810687600, -0.1972903957414020300, 0.04478346456693042100 ) ) ;
#1916 = CARTESIAN_POINT ( 'NONE',  ( 0.1861220328979854300, 0.2595599124471275600, 0.2559055118110236700 ) ) ;
#1917 = CARTESIAN_POINT ( 'NONE',  ( -0.2534153272265329300, 0.1944041751438976600, -0.2559055118110236700 ) ) ;
#1918 = CARTESIAN_POINT ( 'NONE',  ( 0.3149606299212600000, -0.04988486309434213300, -0.1693407197459373400 ) ) ;
#1919 = CARTESIAN_POINT ( 'NONE',  ( -0.4724409448818899800, 0.04625630099565793100, -0.2549225240748457800 ) ) ;
#1920 = CARTESIAN_POINT ( 'NONE',  ( 0.1550679754983105000, -0.2134327579199414300, -0.2086614173228333300 ) ) ;
#1921 = AXIS2_PLACEMENT_3D ( 'NONE', #384, #161, #1137 ) ;
#1922 = CARTESIAN_POINT ( 'NONE',  ( 0.2679215144415875700, 0.1946563744094157700, 0.2440944881889776100 ) ) ;
#1923 = CARTESIAN_POINT ( 'NONE',  ( 0.08571946862881164900, 0.2638173974143042100, -0.02362204724409305200 ) ) ;
#1924 = CARTESIAN_POINT ( 'NONE',  ( 0.2995453594630406200, 0.09732818720470790000, 0.1614173228346468500 ) ) ;
#1925 = CARTESIAN_POINT ( 'NONE',  ( 0.1550679754983105000, -0.2134327579199414300, -0.1397637795275577200 ) ) ;
#1926 = CARTESIAN_POINT ( 'NONE',  ( 0.3356504692350350000, 2.055266363904963800E-017, -0.2386811023622035200 ) ) ;
#1927 = CARTESIAN_POINT ( 'NONE',  ( 0.3120310642346329500, -0.02345693323428035800, -0.2487140100821503000 ) ) ;
#1928 = CARTESIAN_POINT ( 'NONE',  ( 0.1023369121993406000, 0.3149606299212599500, -0.2204724409448808600 ) ) ;
#1929 = CARTESIAN_POINT ( 'NONE',  ( 0.07756740061529321400, -0.5007442537819415400, 0.2372015565080941900 ) ) ;
#1930 = CARTESIAN_POINT ( 'NONE',  ( 0.3149606299212599500, 1.750236327630675500E-017, 0.1574803149606310800 ) ) ;
#1931 = CARTESIAN_POINT ( 'NONE',  ( 0.2773940274779951300, 1.698548539267599100E-017, 0.02952755905511947000 ) ) ;
#1932 = CARTESIAN_POINT ( 'NONE',  ( 0.3356504692350350000, 2.055266363904963800E-017, 0.3075787401574818200 ) ) ;
#1933 = CARTESIAN_POINT ( 'NONE',  ( 0.2244164823678092800, 0.1630481184255785900, -0.03149606299212456800 ) ) ;
#1934 = CARTESIAN_POINT ( 'NONE',  ( 0.3149606299212599500, 1.750236327630675500E-017, 0.1574803149606310800 ) ) ;
#1935 = APPROVAL_PERSON_ORGANIZATION ( #163, #2934, #2410 ) ;
#1936 = DIRECTION ( 'NONE',  ( 1.000000000000000000, 0.0000000000000000000, 0.0000000000000000000 ) ) ;
#1937 = VERTEX_POINT ( 'NONE', #1568 ) ;
#1938 = CARTESIAN_POINT ( 'NONE',  ( -0.3192225659634752600, 0.01044015660769094200, -0.2559055118110235600 ) ) ;
#1939 = CARTESIAN_POINT ( 'NONE',  ( 0.2995453594630406200, 0.09732818720470790000, -0.1633858267716520600 ) ) ;
#1940 = VECTOR ( 'NONE', #2546, 39.37007874015748100 ) ;
#1941 = CARTESIAN_POINT ( 'NONE',  ( 0.3149606299212599500, 1.750236327630675500E-017, 0.1476377952755921500 ) ) ;
#1942 = EDGE_CURVE ( 'NONE', #815, #1057, #1462, .T. ) ;
#1943 = LINE ( 'NONE', #392, #3174 ) ;
#1944 = CARTESIAN_POINT ( 'NONE',  ( 0.2244164823678092800, -0.1630481184255785600, 0.02165354330708798100 ) ) ;
#1945 = CARTESIAN_POINT ( 'NONE',  ( -0.3035987015080519000, 0.09864519787070096000, 0.1855314960629936000 ) ) ;
#1946 = ORIENTED_EDGE ( 'NONE', *, *, #1993, .F. ) ;
#1947 = PLANE ( 'NONE',  #1774 ) ;
#1948 = CARTESIAN_POINT ( 'NONE',  ( -0.2679215144415874600, -0.1946563744094158600, -0.04133858267716383100 ) ) ;
#1949 = DIRECTION ( 'NONE',  ( -0.0000000000000000000, -0.0000000000000000000, -1.000000000000000000 ) ) ;
#1950 = CARTESIAN_POINT ( 'NONE',  ( 0.3192225659634752600, -0.01044015660769708400, 0.2559055118110236700 ) ) ;
#1951 = CARTESIAN_POINT ( 'NONE',  ( -0.3192225659635060100, 9.375884739392955300E-013, -0.2559055118110235000 ) ) ;
#1952 = DIRECTION ( 'NONE',  ( -1.000000000000000000, 0.0000000000000000000, 0.0000000000000000000 ) ) ;
#1953 = CARTESIAN_POINT ( 'NONE',  ( 0.1700410504617017600, -0.2568637221498370500, -0.2443563077549433000 ) ) ;
#1954 = CARTESIAN_POINT ( 'NONE',  ( 0.2244164823678092800, -0.1630481184255785600, -0.2834645669291324700 ) ) ;
#1955 = ORIENTED_EDGE ( 'NONE', *, *, #2482, .F. ) ;
#1956 = CARTESIAN_POINT ( 'NONE',  ( 0.1023369121993406400, -0.3149606299212599500, -0.1043307086614158200 ) ) ;
#1957 = CARTESIAN_POINT ( 'NONE',  ( 0.08571946862881170400, -0.2638173974143042100, 0.09251968503937144100 ) ) ;
#1958 = ORIENTED_EDGE ( 'NONE', *, *, #2951, .F. ) ;
#1959 = CARTESIAN_POINT ( 'NONE',  ( -0.2715469337810688100, 0.1972903957414019200, 0.02411417322834783300 ) ) ;
#1960 = CARTESIAN_POINT ( 'NONE',  ( 0.3047923521751618200, 0.03167387046958867300, 0.2427022857755738200 ) ) ;
#1961 = CARTESIAN_POINT ( 'NONE',  ( 0.4724409448818898100, -0.2727639067037600000, -0.2137087885935244100 ) ) ;
#1962 = CARTESIAN_POINT ( 'NONE',  ( 3.909348936228124300E-017, -0.3192225659635060100, -0.2583661417322823400 ) ) ;
#1963 = CARTESIAN_POINT ( 'NONE',  ( -0.1550679754983104200, -0.2134327579199414600, 0.01181102362204867500 ) ) ;
#1964 = ADVANCED_FACE ( 'NONE', ( #743, #51 ), #1074, .T. ) ;
#1965 = CARTESIAN_POINT ( 'NONE',  ( 0.1246564951220941200, 0.2325088759646226600, 0.2005003432618219000 ) ) ;
#1966 = CARTESIAN_POINT ( 'NONE',  ( 0.2773940274779951300, 1.698548539267599100E-017, 0.1082677165354344500 ) ) ;
#1967 = CARTESIAN_POINT ( 'NONE',  ( 3.909348936228124300E-017, -0.3192225659635060100, 0.2091535433070881000 ) ) ;
#1968 = B_SPLINE_CURVE_WITH_KNOTS ( 'NONE', 3,
 ( #1185, #465, #1929, #454, #2620, #1893 ),
 .UNSPECIFIED., .F., .F.,
 ( 4, 2, 4 ),
 ( 2.380729645508831400E-007, 0.003505341553885848100, 0.007010445034807145600 ),
 .UNSPECIFIED. ) ;
#1969 = CARTESIAN_POINT ( 'NONE',  ( -0.1851292133204640600, -0.2548085021653378500, -0.03740157480314804800 ) ) ;
#1970 = CARTESIAN_POINT ( 'NONE',  ( 0.1550679754983105000, -0.2134327579199414300, 0.02755905511811167600 ) ) ;
#1971 = CARTESIAN_POINT ( 'NONE',  ( -0.1227574281117920100, 0.2424270775586609100, 0.2081673437641997600 ) ) ;
#1972 = PLANE ( 'NONE',  #2044 ) ;
#1973 = CARTESIAN_POINT ( 'NONE',  ( -0.2244164823678092600, -0.1630481184255786200, -0.001968503937006530400 ) ) ;
#1974 = VECTOR ( 'NONE', #262, 39.37007874015748900 ) ;
#1975 = CARTESIAN_POINT ( 'NONE',  ( -0.3356504692350350000, -6.165799091714889700E-017, 0.1894685039370093400 ) ) ;
#1976 = FACE_OUTER_BOUND ( 'NONE', #467, .T. ) ;
#1977 = CARTESIAN_POINT ( 'NONE',  ( 0.1550679754983104500, 0.2134327579199414600, 0.1988188976377967500 ) ) ;
#1978 = CARTESIAN_POINT ( 'NONE',  ( 0.2450425536030571800, 0.1068767821339827900, -0.2030611058499479600 ) ) ;
#1979 = CARTESIAN_POINT ( 'NONE',  ( 0.4724409448818896500, 0.1156843341259820400, -0.2481305812353247500 ) ) ;
#1980 = CARTESIAN_POINT ( 'NONE',  ( -0.2701042743737286400, -0.08800662716406786000, -0.2206449592136416600 ) ) ;
#1981 = VERTEX_POINT ( 'NONE', #1789 ) ;
#1982 = AXIS2_PLACEMENT_3D ( 'NONE', #553, #795, #1570 ) ;
#1983 = CARTESIAN_POINT ( 'NONE',  ( 0.2509052549229022200, 0.08152405921278932400, -0.2027559055118097500 ) ) ;
#1984 = CARTESIAN_POINT ( 'NONE',  ( 0.1876343164723100200, 0.2582564808524540100, 0.08316929133858411100 ) ) ;
#1985 = B_SPLINE_CURVE_WITH_KNOTS ( 'NONE', 3,
 ( #1659, #2670, #2429, #1435, #2399, #923, #2618, #476, #195, #692 ),
 .UNSPECIFIED., .F., .F.,
 ( 4, 2, 2, 2, 4 ),
 ( 1.066432933592894300E-013, 0.001327411060560220800, 0.002654822121013798600, 0.003982233181467375800, 0.005309644241920953400 ),
 .UNSPECIFIED. ) ;
#1986 = CARTESIAN_POINT ( 'NONE',  ( -0.1550679754983104200, -0.2134327579199414600, 0.2381889763779542200 ) ) ;
#1987 = ORIENTED_EDGE ( 'NONE', *, *, #1389, .F. ) ;
#1988 = CARTESIAN_POINT ( 'NONE',  ( 0.1023369121993406000, 0.3149606299212599500, -0.06299212598425085700 ) ) ;
#1989 = CARTESIAN_POINT ( 'NONE',  ( -0.08571946862881160700, -0.2638173974143042700, -0.2303149606299200200 ) ) ;
#1990 = CARTESIAN_POINT ( 'NONE',  ( 3.909348936228124300E-017, -0.3192225659635060100, -0.1845472440944869200 ) ) ;
#1991 = CARTESIAN_POINT ( 'NONE',  ( 0.1550679754983104500, 0.2134327579199414600, -0.03740157480314829100 ) ) ;
#1992 = CARTESIAN_POINT ( 'NONE',  ( -0.2244164823678092600, -0.1630481184255786500, 0.08661417322834792700 ) ) ;
#1993 = EDGE_CURVE ( 'NONE', #1511, #1359, #256, .T. ) ;
#1994 = CARTESIAN_POINT ( 'NONE',  ( 0.3149606299212599500, 1.750236327630675500E-017, 0.2263779527559070800 ) ) ;
#1995 =( NAMED_UNIT ( * ) PLANE_ANGLE_UNIT ( ) SI_UNIT ( $, .RADIAN. ) );
#1996 = CARTESIAN_POINT ( 'NONE',  ( 0.1550679754983104500, 0.2134327579199414600, -0.2736220472440932200 ) ) ;
#1997 = AXIS2_PLACEMENT_3D ( 'NONE', #2836, #1864, #671 ) ;
#1998 = CARTESIAN_POINT ( 'NONE',  ( -0.2715469337810688100, 0.1972903957414019200, -0.1333661417322821700 ) ) ;
#1999 = PRODUCT_DEFINITION_SHAPE ( 'NONE', 'NONE',  #2365 ) ;
#2000 = ORIENTED_EDGE ( 'NONE', *, *, #1620, .F. ) ;
#2001 = CARTESIAN_POINT ( 'NONE',  ( 3.230831313028129100E-017, -0.2638173974143042100, -0.1476377952755892600 ) ) ;
#2002 = CARTESIAN_POINT ( 'NONE',  ( 0.3149606299212599500, 1.750236327630675500E-017, -0.1574803149606288600 ) ) ;
#2003 = CARTESIAN_POINT ( 'NONE',  ( -0.1550679754983105300, 0.2134327579199414300, -0.1692913385826758100 ) ) ;
#2004 = PERSON_AND_ORGANIZATION ( #2987, #809 ) ;
#2005 = CARTESIAN_POINT ( 'NONE',  ( 0.0000000000000000000, -1.067128122525102800E-017, 0.2516435757687774900 ) ) ;
#2006 = VERTEX_POINT ( 'NONE', #2043 ) ;
#2007 = ORIENTED_EDGE ( 'NONE', *, *, #2260, .T. ) ;
#2008 = CARTESIAN_POINT ( 'NONE',  ( 0.4724409448818898100, -0.04612615122834805300, 0.2559055118110237800 ) ) ;
#2009 = CYLINDRICAL_SURFACE ( 'NONE', #1752, 0.3149606299212600000 ) ;
#2010 = CARTESIAN_POINT ( 'NONE',  ( 3.230831313028129100E-017, -0.2638173974143042100, -0.1476377952755892600 ) ) ;
#2011 = B_SPLINE_CURVE_WITH_KNOTS ( 'NONE', 3,
 ( #1407, #3126, #2864, #1873, #437, #1616, #1624, #1882, #1397, #172, #1118, #902, #1384, #160, #407, #878, #185, #2588, #910, #3115, #1159, #681, #2887, #2120, #3138, #1656, #194, #2398, #394, #1369, #3097, #2109, #646, #2353, #2364, #888, #656, #2374, #2597, #1126, #2902, #1673, #2180, #226, #1950, #2167 ),
 .UNSPECIFIED., .F., .F.,
 ( 4, 2, 1, 2, 2, 2, 2, 2, 2, 2, 2, 2, 2, 2, 2, 2, 2, 2, 1, 2, 2, 2, 2, 4 ),
 ( 0.007933064057343843300, 0.008725189665998736600, 0.009517315274653628100, 0.01030944088330852100, 0.01110156649196341100, 0.01268581770927319600, 0.01427006892658298100, 0.01585432014389276400, 0.01664644575254765900, 0.01743857136120254700, 0.01902282257851233000, 0.02060707379582211000, 0.02139919940447700100, 0.02219132501313189300, 0.02377557623044167200, 0.02535982744775145500, 0.02694407866506123800, 0.02773620427371612700, 0.02852832988237101500, 0.02932045549102591000, 0.03011258109968079800, 0.03169683231699058100, 0.03248895792564547600, 0.03328108353430036400 ),
 .UNSPECIFIED. ) ;
#2012 = CARTESIAN_POINT ( 'NONE',  ( 3.909348936228124300E-017, -0.3192225659635060100, -0.2632874015748019000 ) ) ;
#2013 = VERTEX_POINT ( 'NONE', #311 ) ;
#2014 = CARTESIAN_POINT ( 'NONE',  ( -0.2244164823678092600, -0.1630481184255786200, -0.08070866141732152600 ) ) ;
#2015 = DIRECTION ( 'NONE',  ( -0.0000000000000000000, -0.0000000000000000000, -1.000000000000000000 ) ) ;
#2016 = ORIENTED_EDGE ( 'NONE', *, *, #1539, .T. ) ;
#2017 = CARTESIAN_POINT ( 'NONE',  ( 0.3085208138528786600, 0.08262583327304230700, -0.2559055118110244400 ) ) ;
#2018 = CARTESIAN_POINT ( 'NONE',  ( 0.3149606299212600000, -0.04988486309434213300, 0.2243600676556375700 ) ) ;
#2019 = CARTESIAN_POINT ( 'NONE',  ( -0.1023369121993406800, 0.3149606299212599500, -0.06496062992125832500 ) ) ;
#2020 =( BOUNDED_CURVE ( )  B_SPLINE_CURVE ( 2, ( #99, #2572, #1064, #1104, #1847, #341, #3078, #1563, #1352, #2332, #379, #853, #831 ),
 .UNSPECIFIED., .F., .F. ) 
 B_SPLINE_CURVE_WITH_KNOTS ( ( 3, 2, 2, 2, 2, 2, 3 ),
 ( 0.8437500000000000000, 0.8499999999999999800, 0.8625000000000000400, 0.8750000000000000000, 0.8874999999999999600, 0.9000000000000000200, 0.9062500000000000000 ),
 .UNSPECIFIED. ) 
 CURVE ( )  GEOMETRIC_REPRESENTATION_ITEM ( )  RATIONAL_B_SPLINE_CURVE ( ( 0.9755282581475768200, 0.9755282581475768200, 1.000000000000000000, 0.9510565162951535300, 1.000000000000000000, 0.9510565162951535300, 1.000000000000000000, 0.9510565162951535300, 1.000000000000000000, 0.9510565162951535300, 1.000000000000000000, 0.9755282581475768200, 0.9755282581475768200 ) ) 
 REPRESENTATION_ITEM ( '' )  );
#2021 = AXIS2_PLACEMENT_3D ( 'NONE', #2904, #1906, #2189 ) ;
#2022 = CARTESIAN_POINT ( 'NONE',  ( -0.2244164823678092800, 0.1630481184255785600, -0.09645669291338450400 ) ) ;
#2023 = ORIENTED_EDGE ( 'NONE', *, *, #2929, .T. ) ;
#2024 = CARTESIAN_POINT ( 'NONE',  ( -0.1037216991635513400, 0.3192225659635059000, -0.06249999999999864700 ) ) ;
#2025 = CARTESIAN_POINT ( 'NONE',  ( -0.08571946862881160700, -0.2638173974143042700, -0.1515748031496050000 ) ) ;
#2026 = EDGE_LOOP ( 'NONE', ( #1735, #1358, #2437, #1088, #2739 ) ) ;
#2027 = CARTESIAN_POINT ( 'NONE',  ( 0.4724409448818896500, 0.2727639067037604900, 0.2137087885935243000 ) ) ;
#2028 = CARTESIAN_POINT ( 'NONE',  ( -0.3149606299212599500, -0.04988486309434220200, 0.03154544415538918000 ) ) ;
#2029 = CARTESIAN_POINT ( 'NONE',  ( -0.2442936762371605300, -0.1471160136835761600, 0.2212014735633647000 ) ) ;
#2030 = CARTESIAN_POINT ( 'NONE',  ( 0.2679215144415875700, -0.1946563744094157400, 0.1496062992125996000 ) ) ;
#2031 = CARTESIAN_POINT ( 'NONE',  ( 3.909348936228124300E-017, -0.3192225659635060100, 0.2140748031496076700 ) ) ;
#2032 = CARTESIAN_POINT ( 'NONE',  ( 0.2424694402380388700, 0.1062512527608140800, -0.2005003432618220300 ) ) ;
#2033 = CARTESIAN_POINT ( 'NONE',  ( -0.3089191372863937000, -0.08130934165138606300, -0.2559055118110235600 ) ) ;
#2034 = CARTESIAN_POINT ( 'NONE',  ( 0.0000000000000000000, 0.3192225659635060100, -0.1451771653543294000 ) ) ;
#2035 = DIMENSIONAL_EXPONENTS ( 1.000000000000000000, 0.0000000000000000000, 0.0000000000000000000, 0.0000000000000000000, 0.0000000000000000000, 0.0000000000000000000, 0.0000000000000000000 ) ;
#2036 = CARTESIAN_POINT ( 'NONE',  ( -0.1550679754983104200, -0.2134327579199414600, -0.07677165354330574300 ) ) ;
#2037 = CARTESIAN_POINT ( 'NONE',  ( 0.2244164823678092800, 0.1630481184255786200, -0.1889763779527545700 ) ) ;
#2038 = EDGE_CURVE ( 'NONE', #43, #2091, #2977, .T. ) ;
#2039 = CARTESIAN_POINT ( 'NONE',  ( -0.1836823746108684500, -0.2209992758749982100, 0.2238900945004677600 ) ) ;
#2040 = CARTESIAN_POINT ( 'NONE',  ( -0.2995453594630406200, 0.09732818720470783100, -0.2106299212598410900 ) ) ;
#2041 = CARTESIAN_POINT ( 'NONE',  ( 0.1037216991635512800, -0.3192225659635059000, 0.1392716535433083900 ) ) ;
#2042 = CARTESIAN_POINT ( 'NONE',  ( 0.2484953531606262100, -0.09152959792161796700, -0.2009844173852446700 ) ) ;
#2043 = CARTESIAN_POINT ( 'NONE',  ( -0.1770607676506678900, 0.2656172644601271800, 0.2559055118110235600 ) ) ;
#2044 = AXIS2_PLACEMENT_3D ( 'NONE', #1254, #2941, #1737 ) ;
#2045 = CARTESIAN_POINT ( 'NONE',  ( 0.1550679754983105000, -0.2134327579199414300, 0.1062992125984266700 ) ) ;
#2046 = FACE_OUTER_BOUND ( 'NONE', #2026, .T. ) ;
#2047 = CARTESIAN_POINT ( 'NONE',  ( 0.1550679754983105000, -0.2134327579199414300, -0.1299212598425182900 ) ) ;
#2048 = ADVANCED_FACE ( 'NONE', ( #1385 ), #164, .T. ) ;
#2049 = CARTESIAN_POINT ( 'NONE',  ( -0.1351576940097535300, 0.2844865482765769300, 0.2516435757687114900 ) ) ;
#2050 = CARTESIAN_POINT ( 'NONE',  ( -0.1876343164723099900, -0.2582564808524540100, 0.2062007874015761900 ) ) ;
#2051 = CARTESIAN_POINT ( 'NONE',  ( -0.1153717410054197600, 0.2916843303642973100, 0.2496542744372232900 ) ) ;
#2052 = FACE_OUTER_BOUND ( 'NONE', #951, .T. ) ;
#2053 = CARTESIAN_POINT ( 'NONE',  ( -0.3162101185932405000, -0.3629638163172293500, -0.2518839387229878700 ) ) ;
#2054 = ORIENTED_EDGE ( 'NONE', *, *, #2583, .T. ) ;
#2055 = CARTESIAN_POINT ( 'NONE',  ( 0.2509052549229022200, 0.08152405921278932400, 0.04330708661417467800 ) ) ;
#2056 = CARTESIAN_POINT ( 'NONE',  ( -0.3149606299212600000, 0.04988486309434209800, 0.1062498314351651300 ) ) ;
#2057 = EDGE_CURVE ( 'NONE', #1401, #975, #1736, .T. ) ;
#2058 = CARTESIAN_POINT ( 'NONE',  ( 0.2001208161304984200, 0.2401034473454517500, 0.2488406861983806200 ) ) ;
#2059 = DIRECTION ( 'NONE',  ( -0.0000000000000000000, -0.0000000000000000000, -1.000000000000000000 ) ) ;
#2060 = CARTESIAN_POINT ( 'NONE',  ( 0.3035987015080519000, -0.09864519787070098700, 0.2298228346456706900 ) ) ;
#2061 = APPROVAL_ROLE ( '' ) ;
#2062 = ORIENTED_EDGE ( 'NONE', *, *, #1539, .F. ) ;
#2063 = CARTESIAN_POINT ( 'NONE',  ( 0.3149606299212599500, 0.04988486309434216800, 0.08075804258058560900 ) ) ;
#2064 = CARTESIAN_POINT ( 'NONE',  ( 0.02935920935435892500, 0.2984261093821749500, -0.2363892060635037500 ) ) ;
#2065 = DIRECTION ( 'NONE',  ( 0.0000000000000000000, 0.0000000000000000000, 1.000000000000000000 ) ) ;
#2066 = CARTESIAN_POINT ( 'NONE',  ( 0.08571946862881164900, 0.2638173974143042100, 0.1338582677165368900 ) ) ;
#2067 = CARTESIAN_POINT ( 'NONE',  ( -0.2533526892443714300, 0.1946485086560425200, 0.2559055118110235600 ) ) ;
#2068 = CARTESIAN_POINT ( 'NONE',  ( 0.0000000000000000000, 0.2638173974143042100, -0.2657480314960617400 ) ) ;
#2069 = CARTESIAN_POINT ( 'NONE',  ( 0.3024836366938524800, -0.1028496058525002900, -0.2559055118110238300 ) ) ;
#2070 = CARTESIAN_POINT ( 'NONE',  ( -0.4724409448818898700, 0.1839746327226217400, 0.2370427528962260600 ) ) ;
#2071 = CARTESIAN_POINT ( 'NONE',  ( 0.2995453594630406200, 0.09732818720470790000, 0.08267716535433185200 ) ) ;
#2072 = CARTESIAN_POINT ( 'NONE',  ( 0.4337983746718686600, 0.2950742050166951200, 0.2265896453302098400 ) ) ;
#2073 = CARTESIAN_POINT ( 'NONE',  ( -0.08571946862881160700, -0.2638173974143042700, 0.09448818897637943600 ) ) ;
#2074 = EDGE_CURVE ( 'NONE', #292, #1912, #633, .T. ) ;
#2075 = CARTESIAN_POINT ( 'NONE',  ( 0.2639449637449423100, -0.1463084648806902100, 0.2378609628926348100 ) ) ;
#2076 = AXIS2_PLACEMENT_3D ( 'NONE', #574, #1793, #1527 ) ;
#2077 = CARTESIAN_POINT ( 'NONE',  ( 0.1049360484230059100, -0.2969656952271076400, -0.2516435757687106600 ) ) ;
#2078 = CARTESIAN_POINT ( 'NONE',  ( 0.08571946862881169000, -0.2638173974143042100, 0.09251968503937145500 ) ) ;
#2079 = PERSON_AND_ORGANIZATION ( #2987, #809 ) ;
#2080 = ORIENTED_EDGE ( 'NONE', *, *, #872, .T. ) ;
#2081 = CARTESIAN_POINT ( 'NONE',  ( -0.1562308262886495400, 0.4553279037940510300, 0.2518839387229878100 ) ) ;
#2082 = CARTESIAN_POINT ( 'NONE',  ( -0.08571946862881171800, 0.2638173974143042100, 0.2204724409448834400 ) ) ;
#2083 = FACE_OUTER_BOUND ( 'NONE', #1825, .T. ) ;
#2084 = CARTESIAN_POINT ( 'NONE',  ( 0.1550679754983105000, -0.2134327579199414300, -0.2185039370078727700 ) ) ;
#2085 = ORIENTED_EDGE ( 'NONE', *, *, #1063, .F. ) ;
#2086 = CARTESIAN_POINT ( 'NONE',  ( 0.3104407418523816900, 0.01970045892204464300, -0.2475940392129227500 ) ) ;
#2087 = CARTESIAN_POINT ( 'NONE',  ( -0.1023369121993405700, -0.3149606299212600000, 0.2027559055118126600 ) ) ;
#2088 = CARTESIAN_POINT ( 'NONE',  ( -0.2509052549229022800, 0.08152405921278926800, 0.06496062992126122600 ) ) ;
#2089 = CARTESIAN_POINT ( 'NONE',  ( -0.009490534564627471600, -0.2929266239359127900, 0.2291334389716486700 ) ) ;
#2090 = CARTESIAN_POINT ( 'NONE',  ( 0.1851292133204640900, -0.2548085021653378500, -0.2480314960629911600 ) ) ;
#2091 = VERTEX_POINT ( 'NONE', #2367 ) ;
#2092 = DIRECTION ( 'NONE',  ( 0.0000000000000000000, 0.0000000000000000000, -1.000000000000000000 ) ) ;
#2093 = CARTESIAN_POINT ( 'NONE',  ( 0.0000000000000000000, 0.2638173974143042100, -0.09842519685039236000 ) ) ;
#2094 = ORIENTED_EDGE ( 'NONE', *, *, #2156, .F. ) ;
#2095 = EDGE_CURVE ( 'NONE', #1657, #1473, #1712, .T. ) ;
#2096 = CARTESIAN_POINT ( 'NONE',  ( 0.2509052549229022200, 0.08152405921278932400, -0.2027559055118097500 ) ) ;
#2097 = ADVANCED_FACE ( 'NONE', ( #1658 ), #882, .T. ) ;
#2098 = CARTESIAN_POINT ( 'NONE',  ( 0.1349312395469919300, 0.2854936742278386700, 0.2508205527021468700 ) ) ;
#2099 = ORIENTED_EDGE ( 'NONE', *, *, #2860, .T. ) ;
#2100 = CARTESIAN_POINT ( 'NONE',  ( 0.2509052549229022200, 0.08152405921278932400, 0.1220472440944896800 ) ) ;
#2101 = CARTESIAN_POINT ( 'NONE',  ( 0.2244164823678092800, -0.1630481184255785400, 0.1003937007874029600 ) ) ;
#2102 = CARTESIAN_POINT ( 'NONE',  ( -0.02848745965756747900, -0.2911830823217374000, 0.2286307402584600000 ) ) ;
#2103 = DIRECTION ( 'NONE',  ( 0.0000000000000000000, 0.0000000000000000000, 1.000000000000000000 ) ) ;
#2104 = CARTESIAN_POINT ( 'NONE',  ( 0.1851292133204640900, -0.2548085021653378500, -0.1692913385826761200 ) ) ;
#2105 = CARTESIAN_POINT ( 'NONE',  ( 0.1550679754983104500, 0.2134327579199414600, -0.02755905511810884100 ) ) ;
#2106 = CARTESIAN_POINT ( 'NONE',  ( 0.2995453594630406200, 0.09732818720470790000, 0.003937007874016859100 ) ) ;
#2107 = CARTESIAN_POINT ( 'NONE',  ( 3.230831313028129100E-017, -0.2638173974143042100, 0.09842519685039516400 ) ) ;
#2108 = CARTESIAN_POINT ( 'NONE',  ( 3.909348936228124300E-017, -0.3192225659635060100, -0.02214566929133730500 ) ) ;
#2109 = CARTESIAN_POINT ( 'NONE',  ( 0.2107911464018637800, -0.2406453861566420800, 0.2559055118110235600 ) ) ;
#2110 =( BOUNDED_CURVE ( )  B_SPLINE_CURVE ( 2, ( #599, #1068, #3043, #1565, #112, #2316, #2563, #834, #2556, #1087, #2812, #1334, #3063 ),
 .UNSPECIFIED., .F., .F. ) 
 B_SPLINE_CURVE_WITH_KNOTS ( ( 3, 2, 2, 2, 2, 2, 3 ),
 ( 0.2812500000000000000, 0.2874999999999999800, 0.3000000000000000400, 0.3125000000000000000, 0.3249999999999999600, 0.3375000000000000200, 0.3437500000000000000 ),
 .UNSPECIFIED. ) 
 CURVE ( )  GEOMETRIC_REPRESENTATION_ITEM ( )  RATIONAL_B_SPLINE_CURVE ( ( 0.9755282581475768200, 0.9755282581475768200, 1.000000000000000000, 0.9510565162951535300, 1.000000000000000000, 0.9510565162951535300, 1.000000000000000000, 0.9510565162951535300, 1.000000000000000000, 0.9510565162951535300, 1.000000000000000000, 0.9755282581475768200, 0.9755282581475768200 ) ) 
 REPRESENTATION_ITEM ( '' )  );
#2111 = CARTESIAN_POINT ( 'NONE',  ( -0.3192225659635060100, -3.687354139144116300E-013, 0.2559055118110236100 ) ) ;
#2112 = ADVANCED_FACE ( 'NONE', ( #3090 ), #480, .T. ) ;
#2113 =( BOUNDED_CURVE ( )  B_SPLINE_CURVE ( 2, ( #1894, #2063, #2071, #3044, #2528, #410, #1058, #1335, #1567, #1812, #3054, #1576, #1307 ),
 .UNSPECIFIED., .F., .F. ) 
 B_SPLINE_CURVE_WITH_KNOTS ( ( 3, 2, 2, 2, 2, 2, 3 ),
 ( 0.6562500000000000000, 0.6624999999999999800, 0.6750000000000000400, 0.6875000000000000000, 0.6999999999999999600, 0.7125000000000000200, 0.7187500000000000000 ),
 .UNSPECIFIED. ) 
 CURVE ( )  GEOMETRIC_REPRESENTATION_ITEM ( )  RATIONAL_B_SPLINE_CURVE ( ( 0.9755282581475768200, 0.9755282581475768200, 1.000000000000000000, 0.9510565162951535300, 1.000000000000000000, 0.9510565162951535300, 1.000000000000000000, 0.9510565162951535300, 1.000000000000000000, 0.9510565162951535300, 1.000000000000000000, 0.9755282581475768200, 0.9755282581475768200 ) ) 
 REPRESENTATION_ITEM ( '' )  );
#2114 = CARTESIAN_POINT ( 'NONE',  ( 0.08571946862881170400, -0.2638173974143042100, -0.2125984251968490400 ) ) ;
#2115 = CARTESIAN_POINT ( 'NONE',  ( -0.08571946862881160700, -0.2638173974143042700, 0.2421259842519699300 ) ) ;
#2116 = AXIS2_PLACEMENT_3D ( 'NONE', #1377, #136, #870 ) ;
#2117 = CARTESIAN_POINT ( 'NONE',  ( -0.1550679754983105300, 0.2134327579199414300, 0.1456692913385841700 ) ) ;
#2118 = CARTESIAN_POINT ( 'NONE',  ( 0.2773940274779951900, 1.698548539267598800E-017, 0.02952755905511947000 ) ) ;
#2119 = CARTESIAN_POINT ( 'NONE',  ( 0.1037216991635512600, 0.3192225659635059000, -0.1441929133858255400 ) ) ;
#2120 = CARTESIAN_POINT ( 'NONE',  ( 0.02075796218286618900, -0.3187190297709400800, 0.2559055118110236100 ) ) ;
#2121 = CARTESIAN_POINT ( 'NONE',  ( 0.0000000000000000000, 0.0000000000000000000, -0.2559055118110236100 ) ) ;
#2122 = LINE ( 'NONE', #1303, #18 ) ;
#2123 = CARTESIAN_POINT ( 'NONE',  ( -0.2244164823678092800, 0.1630481184255785600, -0.007874015748030080400 ) ) ;
#2124 = EDGE_LOOP ( 'NONE', ( #816, #2284, #47, #2062, #1865, #2957 ) ) ;
#2125 = CARTESIAN_POINT ( 'NONE',  ( -0.2773940274779951300, -5.095645617802797000E-017, -0.2362204724409435500 ) ) ;
#2126 = CARTESIAN_POINT ( 'NONE',  ( 0.1876343164723100200, 0.2582564808524540100, 0.3193897637795290500 ) ) ;
#2127 = CARTESIAN_POINT ( 'NONE',  ( -0.2244164823678092600, -0.1630481184255786200, 0.1653543307086628400 ) ) ;
#2128 = CARTESIAN_POINT ( 'NONE',  ( -0.2509052549229022200, -0.08152405921278936500, -0.1633858267716522800 ) ) ;
#2129 = CARTESIAN_POINT ( 'NONE',  ( 0.2715469337810688100, 0.1972903957414020000, 0.005413385826772935400 ) ) ;
#2130 = CARTESIAN_POINT ( 'NONE',  ( 0.08282493715681509000, 0.3089968764312567800, 0.2559055118110236100 ) ) ;
#2131 = CARTESIAN_POINT ( 'NONE',  ( -0.2358897480584905000, 0.1435526167099385700, 0.2125737670766746900 ) ) ;
#2132 = CARTESIAN_POINT ( 'NONE',  ( 3.857155272905051700E-017, -0.3149606299212600000, -0.09842519685039265200 ) ) ;
#2133 = CARTESIAN_POINT ( 'NONE',  ( -0.2509052549229022200, -0.08152405921278936500, -0.1535433070866128500 ) ) ;
#2134 = ORIENTED_EDGE ( 'NONE', *, *, #3175, .F. ) ;
#2135 = CARTESIAN_POINT ( 'NONE',  ( -0.2509052549229022200, -0.08152405921278936500, 0.2303149606299227400 ) ) ;
#2136 = AXIS2_PLACEMENT_3D ( 'NONE', #118, #596, #1571 ) ;
#2137 = CARTESIAN_POINT ( 'NONE',  ( -0.1876343164723099900, -0.2582564808524540100, 0.2800196850393715800 ) ) ;
#2138 = CARTESIAN_POINT ( 'NONE',  ( -0.1550679754983104200, -0.2134327579199414600, 0.1692913385826786700 ) ) ;
#2139 = CARTESIAN_POINT ( 'NONE',  ( 0.2715469337810688100, -0.1972903957414019700, -0.01033464566929006400 ) ) ;
#2140 = CARTESIAN_POINT ( 'NONE',  ( 0.2869927798177589500, 0.1413188461385391500, 0.2559055118110236700 ) ) ;
#2141 = CARTESIAN_POINT ( 'NONE',  ( -0.3192225659635061200, -1.067128122525102800E-017, -0.2559055118110236100 ) ) ;
#2142 = ADVANCED_FACE ( 'NONE', ( #1898 ), #244, .F. ) ;
#2143 = CARTESIAN_POINT ( 'NONE',  ( 0.3149606299212599500, 0.04988486309434216800, -0.1653049495453982300 ) ) ;
#2144 = CARTESIAN_POINT ( 'NONE',  ( 0.1927943696333870000, -0.2366026440496601700, -0.2415114995662519500 ) ) ;
#2145 = CARTESIAN_POINT ( 'NONE',  ( 0.2320312458216319000, 0.1255432998647015300, -0.2005003432618219500 ) ) ;
#2146 = CARTESIAN_POINT ( 'NONE',  ( -0.1550679754983105300, 0.2134327579199414300, -0.2480314960629908200 ) ) ;
#2147 = CARTESIAN_POINT ( 'NONE',  ( -0.3035987015080519000, 0.09864519787070096000, 0.2642716535433085600 ) ) ;
#2148 = CARTESIAN_POINT ( 'NONE',  ( 0.1550679754983104500, 0.2134327579199414600, -0.1062992125984238000 ) ) ;
#2149 = CARTESIAN_POINT ( 'NONE',  ( -0.2244164823678092600, -0.1630481184255786500, -0.1594488188976364900 ) ) ;
#2150 = CARTESIAN_POINT ( 'NONE',  ( -0.1037216991635513400, 0.3192225659635059000, 0.02116141732283593000 ) ) ;
#2151 = CARTESIAN_POINT ( 'NONE',  ( 0.2405441688685646700, 0.2108883480213520600, 0.2559055118110235600 ) ) ;
#2152 = CARTESIAN_POINT ( 'NONE',  ( 0.1851292133204640600, 0.2548085021653379000, -0.2244094488188966300 ) ) ;
#2153 = CARTESIAN_POINT ( 'NONE',  ( 0.1562005012108280400, 0.4553454119858942900, -0.2510484196704752500 ) ) ;
#2154 = DATE_TIME_ROLE ( 'classification_date' ) ;
#2155 = APPROVAL_PERSON_ORGANIZATION ( #1823, #2915, #2061 ) ;
#2156 = EDGE_CURVE ( 'NONE', #2360, #1359, #395, .T. ) ;
#2157 = ORIENTED_EDGE ( 'NONE', *, *, #413, .T. ) ;
#2158 = ORIENTED_EDGE ( 'NONE', *, *, #348, .F. ) ;
#2159 = CARTESIAN_POINT ( 'NONE',  ( 0.2773940274779951300, 1.698548539267599100E-017, -0.1968503937007860500 ) ) ;
#2160 = DATE_TIME_ROLE ( 'creation_date' ) ;
#2161 = VECTOR ( 'NONE', #981, 39.37007874015748100 ) ;
#2162 = AXIS2_PLACEMENT_3D ( 'NONE', #1100, #2826, #3088 ) ;
#2163 = CARTESIAN_POINT ( 'NONE',  ( 0.2244164823678092800, 0.1630481184255785900, 0.04724409448819044000 ) ) ;
#2164 = CARTESIAN_POINT ( 'NONE',  ( 0.3006757868546536800, 0.06327837390879863200, 0.2435319409578452800 ) ) ;
#2165 = CARTESIAN_POINT ( 'NONE',  ( 0.0000000000000000000, 0.2638173974143042100, -0.1870078740157467600 ) ) ;
#2166 = DIRECTION ( 'NONE',  ( 0.0000000000000000000, 0.0000000000000000000, 1.000000000000000000 ) ) ;
#2167 = CARTESIAN_POINT ( 'NONE',  ( 0.3192225659635060700, -9.440293436249767700E-013, 0.2559055118110236100 ) ) ;
#2168 = ORIENTED_EDGE ( 'NONE', *, *, #1878, .F. ) ;
#2169 = CARTESIAN_POINT ( 'NONE',  ( -0.2658157045654350200, 0.1776759203430595700, -0.2559055118110235600 ) ) ;
#2170 = CARTESIAN_POINT ( 'NONE',  ( 0.3149606299212599500, 1.750236327630675500E-017, -0.1673228346456678000 ) ) ;
#2171 = CARTESIAN_POINT ( 'NONE',  ( 0.2653274630652267500, -0.1206446574066969700, -0.2277473917987766200 ) ) ;
#2172 = CARTESIAN_POINT ( 'NONE',  ( 0.1550679754983105000, -0.2134327579199414300, -0.2874015748031483700 ) ) ;
#2173 = VERTEX_POINT ( 'NONE', #376 ) ;
#2174 = CARTESIAN_POINT ( 'NONE',  ( 0.1550679754983105000, -0.2134327579199414300, 0.1751968503937022200 ) ) ;
#2175 = CARTESIAN_POINT ( 'NONE',  ( 0.2715469337810688100, -0.1972903957414019700, 0.2997047244094502800 ) ) ;
#2176 = ORIENTED_EDGE ( 'NONE', *, *, #1942, .F. ) ;
#2177 = CARTESIAN_POINT ( 'NONE',  ( -0.2509052549229022200, -0.08152405921278936500, -0.07480314960629780300 ) ) ;
#2178 = CARTESIAN_POINT ( 'NONE',  ( 0.1851292133204641100, -0.2548085021653378500, -0.02165354330708508000 ) ) ;
#2179 = CARTESIAN_POINT ( 'NONE',  ( -0.3149606299212599500, -4.813149900984357200E-017, -0.03937007874015639000 ) ) ;
#2180 = CARTESIAN_POINT ( 'NONE',  ( 0.3166360739473054700, -0.04189325409514808900, 0.2559055118110236700 ) ) ;
#2181 = CARTESIAN_POINT ( 'NONE',  ( -0.3187055792626400400, 0.02098098687643724200, -0.2559055118110235600 ) ) ;
#2182 = ORIENTED_EDGE ( 'NONE', *, *, #1562, .F. ) ;
#2183 = CARTESIAN_POINT ( 'NONE',  ( 0.1246564951220941200, 0.2325088759646226600, 0.2005003432618219000 ) ) ;
#2184 = CARTESIAN_POINT ( 'NONE',  ( 0.2509052549229022200, 0.08152405921278932400, 0.1122047244094502300 ) ) ;
#2185 = CARTESIAN_POINT ( 'NONE',  ( 0.1876343164723100500, -0.2582564808524539500, 0.05954724409448958900 ) ) ;
#2186 = CARTESIAN_POINT ( 'NONE',  ( -0.08571946862881160700, -0.2638173974143042700, 0.2421259842519699300 ) ) ;
#2187 = CARTESIAN_POINT ( 'NONE',  ( -0.3035987015080519000, 0.09864519787070096000, -0.2032480314960618500 ) ) ;
#2188 = CARTESIAN_POINT ( 'NONE',  ( -0.3149606299212599500, -0.04988486309434220200, 0.04138796384042814400 ) ) ;
#2189 = DIRECTION ( 'NONE',  ( -1.000000000000000000, 0.0000000000000000000, 0.0000000000000000000 ) ) ;
#2190 = APPROVAL_STATUS ( 'not_yet_approved' ) ;
#2191 = CARTESIAN_POINT ( 'NONE',  ( 0.1579520241702916100, -0.2661408470349865300, -0.2457898975488720400 ) ) ;
#2192 = PERSON_AND_ORGANIZATION_ROLE ( 'classification_officer' ) ;
#2193 = ORIENTED_EDGE ( 'NONE', *, *, #40, .T. ) ;
#2194 = CARTESIAN_POINT ( 'NONE',  ( -0.2509052549229022800, 0.08152405921278926800, 0.06496062992126122600 ) ) ;
#2195 = CARTESIAN_POINT ( 'NONE',  ( 0.3035987015080518500, 0.09864519787070102900, -0.003444881889762444200 ) ) ;
#2196 = CARTESIAN_POINT ( 'NONE',  ( 0.2362204724409446800, 0.4091458600556407400, -0.2559055118110236100 ) ) ;
#2197 = CARTESIAN_POINT ( 'NONE',  ( 0.0000000000000000000, 0.2638173974143042100, 0.2854330708661432200 ) ) ;
#2198 = CARTESIAN_POINT ( 'NONE',  ( 0.1876343164723100500, -0.2582564808524539500, -0.2504921259842508000 ) ) ;
#2199 = ORIENTED_EDGE ( 'NONE', *, *, #64, .F. ) ;
#2200 = CARTESIAN_POINT ( 'NONE',  ( -0.08571946862881160700, -0.2638173974143043200, 0.1732283464566944400 ) ) ;
#2201 = CARTESIAN_POINT ( 'NONE',  ( -0.1822151293317560700, 0.2052967987226188800, 0.2101738534594059200 ) ) ;
#2202 = CARTESIAN_POINT ( 'NONE',  ( -0.2865067579795172500, 0.01974001081014471400, -0.2237017704288917200 ) ) ;
#2203 = CARTESIAN_POINT ( 'NONE',  ( 0.3162404436710613000, -0.3629463081253861400, 0.2510484196704751400 ) ) ;
#2204 = EDGE_CURVE ( 'NONE', #815, #772, #2701, .T. ) ;
#2205 = FACE_OUTER_BOUND ( 'NONE', #2513, .T. ) ;
#2206 = CARTESIAN_POINT ( 'NONE',  ( 0.2773940274779951300, 1.698548539267599100E-017, 0.1870078740157494800 ) ) ;
#2207 = CARTESIAN_POINT ( 'NONE',  ( 0.1037216991635512800, -0.3192225659635059000, 0.05561023622047383400 ) ) ;
#2208 = B_SPLINE_CURVE_WITH_KNOTS ( 'NONE', 3,
 ( #3163, #1148, #924, #2641, #1422, #2926, #1907, #1447, #1638, #2131, #1704, #5, #2728, #2201, #489, #973, #1971, #1244, #2443, #1253, #2233, #15, #2719, #2981, #1727, #2454, #1719, #2475, #984, #1965 ),
 .UNSPECIFIED., .F., .F.,
 ( 4, 2, 2, 2, 2, 2, 2, 2, 2, 2, 2, 2, 2, 2, 4 ),
 ( 0.03562575983099148400, 0.03651168744653580200, 0.03739761506208012100, 0.03828354267762443300, 0.03916947029316875100, 0.04005539790871307000, 0.04094132552425738800, 0.04271318075534601800, 0.04359910837089033700, 0.04448503598643464800, 0.04537096360197896700, 0.04625689121752328500, 0.04714281883306760400, 0.04802874644861192300, 0.04980060167970055300 ),
 .UNSPECIFIED. ) ;
#2209 = EDGE_LOOP ( 'NONE', ( #698, #1677, #253 ) ) ;
#2210 = CARTESIAN_POINT ( 'NONE',  ( -0.3149606299212599500, -0.04988486309434220200, 0.1201281213207431200 ) ) ;
#2211 = CARTESIAN_POINT ( 'NONE',  ( 0.2244164823678092800, 0.1630481184255785900, 0.1948818897637809900 ) ) ;
#2212 = ORIENTED_EDGE ( 'NONE', *, *, #2993, .T. ) ;
#2213 = CARTESIAN_POINT ( 'NONE',  ( 3.230831313028129100E-017, -0.2638173974143042100, 0.09842519685039516400 ) ) ;
#2214 = CARTESIAN_POINT ( 'NONE',  ( -0.2368082686301774000, -0.1531723057212978400, -0.2185918735367206900 ) ) ;
#2215 = VERTEX_POINT ( 'NONE', #2565 ) ;
#2216 = CARTESIAN_POINT ( 'NONE',  ( -0.3149606299212600000, 0.04988486309434210500, -0.04138796384042590200 ) ) ;
#2217 =( BOUNDED_CURVE ( )  B_SPLINE_CURVE ( 2, ( #1994, #2018, #1595, #1553, #133, #842, #2532, #2087, #577, #1848, #2821, #2574, #3072 ),
 .UNSPECIFIED., .F., .F. ) 
 B_SPLINE_CURVE_WITH_KNOTS ( ( 3, 2, 2, 2, 2, 2, 3 ),
 ( 0.1562500000000000000, 0.1625000000000000100, 0.1749999999999999900, 0.1875000000000000000, 0.2000000000000000100, 0.2124999999999999900, 0.2187500000000000000 ),
 .UNSPECIFIED. ) 
 CURVE ( )  GEOMETRIC_REPRESENTATION_ITEM ( )  RATIONAL_B_SPLINE_CURVE ( ( 0.9755282581475768200, 0.9755282581475768200, 1.000000000000000000, 0.9510565162951535300, 1.000000000000000000, 0.9510565162951535300, 1.000000000000000000, 0.9510565162951535300, 1.000000000000000000, 0.9510565162951535300, 1.000000000000000000, 0.9755282581475768200, 0.9755282581475768200 ) ) 
 REPRESENTATION_ITEM ( '' )  );
#2218 = CARTESIAN_POINT ( 'NONE',  ( -0.1550679754983104200, -0.2134327579199414600, 0.1594488188976392300 ) ) ;
#2219 = ORIENTED_EDGE ( 'NONE', *, *, #724, .T. ) ;
#2220 = CARTESIAN_POINT ( 'NONE',  ( -0.1037216991635513400, 0.3192225659635059000, 0.01624015748031631600 ) ) ;
#2221 = CARTESIAN_POINT ( 'NONE',  ( 0.4724409448818899800, 1.182924880895401500E-016, -0.2559055118110236100 ) ) ;
#2222 = CARTESIAN_POINT ( 'NONE',  ( 0.3149606299212599500, 1.750236327630675500E-017, -0.009842519685037839900 ) ) ;
#2223 = EDGE_CURVE ( 'NONE', #365, #2385, #2536, .T. ) ;
#2224 = CARTESIAN_POINT ( 'NONE',  ( -0.2413366069317581200, -0.1463795791313561900, -0.2188250257887050200 ) ) ;
#2225 = DIRECTION ( 'NONE',  ( -0.0000000000000000000, -0.0000000000000000000, -1.000000000000000000 ) ) ;
#2226 = CARTESIAN_POINT ( 'NONE',  ( -0.2244164823678092600, -0.1630481184255786200, -0.08070866141732152600 ) ) ;
#2227 = AXIS2_PLACEMENT_3D ( 'NONE', #2914, #2427, #1433 ) ;
#2228 = CARTESIAN_POINT ( 'NONE',  ( 0.3035987015080519000, -0.09864519787070098700, 0.2249015748031510700 ) ) ;
#2229 = B_SPLINE_CURVE_WITH_KNOTS ( 'NONE', 3,
 ( #1714, #1, #966, #2703, #496, #736 ),
 .UNSPECIFIED., .F., .F.,
 ( 4, 2, 4 ),
 ( 2.380729645508953700E-007, 0.003505341553885849000, 0.007010445034807147300 ),
 .UNSPECIFIED. ) ;
#2230 = CARTESIAN_POINT ( 'NONE',  ( -0.2773940274779951300, -5.095645617802797000E-017, 0.2263779527559069400 ) ) ;
#2231 = CARTESIAN_POINT ( 'NONE',  ( 0.2995453594630406200, 0.09732818720470790000, -0.005905511811022116200 ) ) ;
#2232 = CARTESIAN_POINT ( 'NONE',  ( 0.08571946862881169000, -0.2638173974143042100, 0.1811023622047258900 ) ) ;
#2233 = CARTESIAN_POINT ( 'NONE',  ( -0.05627145180920246900, 0.2637220884932225400, 0.2060838860566847300 ) ) ;
#2234 = CARTESIAN_POINT ( 'NONE',  ( 0.2509052549229022200, 0.08152405921278932400, -0.1240157480314947700 ) ) ;
#2235 = LINE ( 'NONE', #1411, #2535 ) ;
#2236 = CARTESIAN_POINT ( 'NONE',  ( 0.1876343164723100500, -0.2582564808524539500, -0.1766732283464554100 ) ) ;
#2237 = ORIENTED_EDGE ( 'NONE', *, *, #611, .F. ) ;
#2238 = CARTESIAN_POINT ( 'NONE',  ( 0.0000000000000000000, 0.2638173974143042100, -0.1082677165354318100 ) ) ;
#2239 = EDGE_CURVE ( 'NONE', #975, #2091, #1038, .T. ) ;
#2240 = CYLINDRICAL_SURFACE ( 'NONE', #1857, 0.3149606299212600000 ) ;
#2241 = CARTESIAN_POINT ( 'NONE',  ( 0.2244164823678092800, -0.1630481184255785400, 0.1102362204724424300 ) ) ;
#2242 = CARTESIAN_POINT ( 'NONE',  ( -0.1851292133204641400, 0.2548085021653378500, -0.2185039370078725700 ) ) ;
#2243 = APPLICATION_CONTEXT ( 'configuration controlled 3d designs of mechanical parts and assemblies' ) ;
#2244 = ORIENTED_EDGE ( 'NONE', *, *, #2376, .F. ) ;
#2245 = FACE_OUTER_BOUND ( 'NONE', #2124, .T. ) ;
#2246 = CARTESIAN_POINT ( 'NONE',  ( 0.1550679754983104500, 0.2134327579199414600, -0.03740157480314829100 ) ) ;
#2247 = ORIENTED_EDGE ( 'NONE', *, *, #611, .T. ) ;
#2248 = CARTESIAN_POINT ( 'NONE',  ( 3.909348936228124300E-017, -0.3192225659635060100, -0.1058070866141718900 ) ) ;
#2249 = CARTESIAN_POINT ( 'NONE',  ( 0.1550679754983105000, -0.2134327579199414300, 0.09645669291338722400 ) ) ;
#2250 = CARTESIAN_POINT ( 'NONE',  ( -0.3149606299212599500, -5.250708982892026700E-017, 0.02952755905511966100 ) ) ;
#2251 = CARTESIAN_POINT ( 'NONE',  ( -0.2509052549229022800, 0.08152405921278926800, -0.08267716535432932700 ) ) ;
#2252 = ORIENTED_EDGE ( 'NONE', *, *, #1839, .T. ) ;
#2253 = CARTESIAN_POINT ( 'NONE',  ( -0.1960360459854754700, -0.4323463494869361200, 0.2549081396341280600 ) ) ;
#2254 = CARTESIAN_POINT ( 'NONE',  ( 0.1049360484224220500, 0.2969656952273847500, 0.2516435757687774400 ) ) ;
#2255 =( BOUNDED_CURVE ( )  B_SPLINE_CURVE ( 2, ( #2250, #1724, #1485, #1476, #1492, #12, #24, #1265, #506, #1505, #2231, #759, #2222 ),
 .UNSPECIFIED., .F., .F. ) 
 B_SPLINE_CURVE_WITH_KNOTS ( ( 3, 2, 2, 2, 2, 2, 3 ),
 ( 0.4687500000000000000, 0.4749999999999999800, 0.4874999999999999900, 0.5000000000000000000, 0.5124999999999999600, 0.5250000000000000200, 0.5312500000000000000 ),
 .UNSPECIFIED. ) 
 CURVE ( )  GEOMETRIC_REPRESENTATION_ITEM ( )  RATIONAL_B_SPLINE_CURVE ( ( 0.9755282581475768200, 0.9755282581475768200, 1.000000000000000000, 0.9510565162951535300, 1.000000000000000000, 0.9510565162951535300, 1.000000000000000000, 0.9510565162951535300, 1.000000000000000000, 0.9510565162951535300, 1.000000000000000000, 0.9755282581475768200, 0.9755282581475768200 ) ) 
 REPRESENTATION_ITEM ( '' )  );
#2256 = CARTESIAN_POINT ( 'NONE',  ( -0.08571946862881171800, 0.2638173974143042100, -0.1043307086614160300 ) ) ;
#2257 = CARTESIAN_POINT ( 'NONE',  ( 0.08571946862881164900, 0.2638173974143042100, 0.2913385826771668900 ) ) ;
#2258 = CARTESIAN_POINT ( 'NONE',  ( -0.2244164823678092600, -0.1630481184255786200, 0.07677165354330844900 ) ) ;
#2259 = CARTESIAN_POINT ( 'NONE',  ( 0.08571946862881164900, 0.2638173974143042100, -0.1023622047244080900 ) ) ;
#2260 = EDGE_CURVE ( 'NONE', #2849, #2173, #1883, .T. ) ;
#2261 = CARTESIAN_POINT ( 'NONE',  ( 0.08296429505784506900, 0.3089726715233746000, -0.2559055118110237800 ) ) ;
#2262 = CARTESIAN_POINT ( 'NONE',  ( -4.172172246095797300E-016, 0.5455278134075204300, 0.2137087885935243500 ) ) ;
#2263 = CARTESIAN_POINT ( 'NONE',  ( 0.0000000000000000000, 0.3149606299212600000, -0.06889763779527412200 ) ) ;
#2264 = CARTESIAN_POINT ( 'NONE',  ( 0.2244164823678092800, 0.1630481184255785900, -0.1988188976377940100 ) ) ;
#2265 = AXIS2_PLACEMENT_3D ( 'NONE', #2314, #832, #92 ) ;
#2266 = CARTESIAN_POINT ( 'NONE',  ( -0.1037216991635512300, -0.3192225659635060700, -0.03100393700787264600 ) ) ;
#2267 = CARTESIAN_POINT ( 'NONE',  ( -0.08571946862881160700, -0.2638173974143042700, 0.08464566929133998700 ) ) ;
#2268 = CARTESIAN_POINT ( 'NONE',  ( -0.2876125762915550700, 0.1391094556500298600, 0.2559055118110235000 ) ) ;
#2269 = CARTESIAN_POINT ( 'NONE',  ( 0.2509052549229022200, 0.08152405921278932400, -0.03543307086614035800 ) ) ;
#2270 = CARTESIAN_POINT ( 'NONE',  ( -0.2995453594630406200, -0.09732818720470792800, 0.03346456692913540200 ) ) ;
#2271 = CARTESIAN_POINT ( 'NONE',  ( 0.3192225659634939600, 0.01049720089864434600, -0.2559055118110235600 ) ) ;
#2272 = CARTESIAN_POINT ( 'NONE',  ( 3.594672601403959900E-016, -0.5455278134075203200, 0.2137087885935244100 ) ) ;
#2273 = CARTESIAN_POINT ( 'NONE',  ( 0.1037216991635512600, 0.3192225659635059000, 0.1707677165354344300 ) ) ;
#2274 = CARTESIAN_POINT ( 'NONE',  ( 0.2427947859220953300, 0.1161621130727951400, 0.2050399030406581100 ) ) ;
#2275 = CARTESIAN_POINT ( 'NONE',  ( -0.3149606299212599500, -0.04988486309434220200, -0.1259348708052408000 ) ) ;
#2276 = CONICAL_SURFACE ( 'NONE', #1499, 0.4724409448818899800, 1.047197551196600100 ) ;
#2277 = CARTESIAN_POINT ( 'NONE',  ( -0.2371160135248505400, -0.2150181566943074900, -0.2559055118110235600 ) ) ;
#2278 = B_SPLINE_CURVE_WITH_KNOTS ( 'NONE', 3,
 ( #2982, #1488, #268, #2203, #1707, #761, #520, #500 ),
 .UNSPECIFIED., .F., .F.,
 ( 4, 2, 2, 4 ),
 ( 0.007010445034807145600, 0.008756443665256689200, 0.01050244229570623100, 0.01399443955660532200 ),
 .UNSPECIFIED. ) ;
#2279 = CARTESIAN_POINT ( 'NONE',  ( -0.1037216991635512300, -0.3192225659635060700, -0.1884842519685026600 ) ) ;
#2280 = VECTOR ( 'NONE', #53, 39.37007874015748100 ) ;
#2281 = CARTESIAN_POINT ( 'NONE',  ( -0.2155192253764165700, 0.1985638668930316300, -0.2290770656390555000 ) ) ;
#2282 = CARTESIAN_POINT ( 'NONE',  ( 0.1550679754983105000, -0.2134327579199414300, -0.06102362204724277200 ) ) ;
#2283 = CARTESIAN_POINT ( 'NONE',  ( 0.08571946862881164900, 0.2638173974143042100, -0.02362204724409304800 ) ) ;
#2284 = ORIENTED_EDGE ( 'NONE', *, *, #303, .T. ) ;
#2285 = CARTESIAN_POINT ( 'NONE',  ( 0.2362204724409452400, -0.4091458600556403500, -0.2559055118110236100 ) ) ;
#2286 = CARTESIAN_POINT ( 'NONE',  ( -0.1023369121993406800, 0.3149606299212599500, -0.2224409448818882900 ) ) ;
#2287 = CARTESIAN_POINT ( 'NONE',  ( 0.3356504692350350000, 2.055266363904963800E-017, 0.2337598425196863700 ) ) ;
#2288 = CARTESIAN_POINT ( 'NONE',  ( 0.2631382689982992900, 0.02183967711636177600, -0.2005003432618219500 ) ) ;
#2289 = AXIS2_PLACEMENT_3D ( 'NONE', #1675, #1174, #1649 ) ;
#2290 = EDGE_LOOP ( 'NONE', ( #1092, #252, #2463 ) ) ;
#2291 = CARTESIAN_POINT ( 'NONE',  ( 0.2509052549229022800, -0.08152405921278929600, 0.1929133858267731400 ) ) ;
#2292 = ADVANCED_FACE ( 'NONE', ( #2854 ), #2386, .F. ) ;
#2293 = EDGE_LOOP ( 'NONE', ( #3064, #2845, #181, #1283 ) ) ;
#2294 = CARTESIAN_POINT ( 'NONE',  ( 0.0000000000000000000, -1.067128122525102800E-017, 0.2559055118110236100 ) ) ;
#2295 = CARTESIAN_POINT ( 'NONE',  ( 0.2244164823678092800, -0.1630481184255785400, -0.04724409448818759500 ) ) ;
#2296 = CARTESIAN_POINT ( 'NONE',  ( 0.1023369121993406000, 0.3149606299212599500, 0.1633858267716551100 ) ) ;
#2297 = CARTESIAN_POINT ( 'NONE',  ( -0.1037216991635513400, 0.3192225659635059000, 0.1786417322834658900 ) ) ;
#2298 = CARTESIAN_POINT ( 'NONE',  ( 0.4724409448818897000, -0.09192041901206525500, 0.2519384641800379000 ) ) ;
#2299 = CARTESIAN_POINT ( 'NONE',  ( 0.3149606299212600000, -0.04988486309434213300, -0.08075804258058338900 ) ) ;
#2300 = CARTESIAN_POINT ( 'NONE',  ( 0.2509052549229022800, -0.08152405921278929600, -0.2893700787401563000 ) ) ;
#2301 = CARTESIAN_POINT ( 'NONE',  ( 3.230831313028129100E-017, -0.2638173974143042100, 0.09842519685039516400 ) ) ;
#2302 = CARTESIAN_POINT ( 'NONE',  ( -0.1023369121993406800, 0.3149606299212599500, 0.09251968503937167700 ) ) ;
#2303 = ADVANCED_FACE ( 'NONE', ( #2780 ), #16, .F. ) ;
#2304 = DIRECTION ( 'NONE',  ( 1.000000000000000000, 0.0000000000000000000, 0.0000000000000000000 ) ) ;
#2305 = CARTESIAN_POINT ( 'NONE',  ( 0.2715469337810688100, -0.1972903957414019700, 0.2258858267716549500 ) ) ;
#2306 = CARTESIAN_POINT ( 'NONE',  ( 0.3192225659635060100, 3.682453477426750100E-013, -0.2559055118110236100 ) ) ;
#2307 = CARTESIAN_POINT ( 'NONE',  ( -0.3149606299212599500, -4.813149900984357200E-017, -0.1181102362204713800 ) ) ;
#2308 = CARTESIAN_POINT ( 'NONE',  ( -0.2207724919609319300, -0.2317708591984673200, -0.2559055118110236700 ) ) ;
#2309 = CARTESIAN_POINT ( 'NONE',  ( 0.0000000000000000000, 0.2638173974143042100, 0.2165354330708676700 ) ) ;
#2310 = FACE_OUTER_BOUND ( 'NONE', #1598, .T. ) ;
#2311 = CARTESIAN_POINT ( 'NONE',  ( -0.3192225659635060100, -3.687354139144116300E-013, 0.2559055118110236100 ) ) ;
#2312 = ORIENTED_EDGE ( 'NONE', *, *, #129, .T. ) ;
#2313 = FACE_OUTER_BOUND ( 'NONE', #2645, .T. ) ;
#2314 = CARTESIAN_POINT ( 'NONE',  ( 0.0000000000000000000, 0.0000000000000000000, 0.2559055118110236100 ) ) ;
#2315 = CARTESIAN_POINT ( 'NONE',  ( -0.1550679754983105300, 0.2134327579199414300, -0.2578740157480302600 ) ) ;
#2316 = CARTESIAN_POINT ( 'NONE',  ( 0.1023369121993406000, 0.3149606299212599500, -0.1417322834645658700 ) ) ;
#2317 = CYLINDRICAL_SURFACE ( 'NONE', #1982, 0.3149606299212600000 ) ;
#2318 = CARTESIAN_POINT ( 'NONE',  ( 0.4724409448818898100, 0.04625630099540759000, 0.2549225240748615500 ) ) ;
#2319 = CARTESIAN_POINT ( 'NONE',  ( -0.1222757839244331500, -0.2951106374251580800, -0.2559055118110236700 ) ) ;
#2320 = ORIENTED_EDGE ( 'NONE', *, *, #2523, .T. ) ;
#2321 = CARTESIAN_POINT ( 'NONE',  ( -0.2509052549229022200, -0.08152405921278936500, 0.08267716535433218500 ) ) ;
#2322 = EDGE_LOOP ( 'NONE', ( #2894, #70, #1362, #2357, #131, #385 ) ) ;
#2323 = CARTESIAN_POINT ( 'NONE',  ( 0.2732998205927626400, -0.1291987836977515900, 0.2383770158102141200 ) ) ;
#2324 = EDGE_CURVE ( 'NONE', #1631, #365, #1968, .T. ) ;
#2325 = DIRECTION ( 'NONE',  ( -1.000000000000000000, 0.0000000000000000000, 0.0000000000000000000 ) ) ;
#2326 = CARTESIAN_POINT ( 'NONE',  ( 3.230831313028129100E-017, -0.2638173974143042100, 0.1673228346456707400 ) ) ;
#2327 = CARTESIAN_POINT ( 'NONE',  ( 0.2995453594630406200, -0.09732818720470787200, -0.2401574803149596200 ) ) ;
#2328 = AXIS2_PLACEMENT_3D ( 'NONE', #2561, #372, #2304 ) ;
#2329 = ORIENTED_EDGE ( 'NONE', *, *, #1583, .T. ) ;
#2330 = CARTESIAN_POINT ( 'NONE',  ( 0.2244164823678092800, 0.1630481184255785900, 0.1259842519685054100 ) ) ;
#2331 = CARTESIAN_POINT ( 'NONE',  ( 3.230831313028129100E-017, -0.2638173974143042100, -0.2263779527559042800 ) ) ;
#2332 = CARTESIAN_POINT ( 'NONE',  ( 0.2679215144415875700, -0.1946563744094157400, 0.2283464566929146500 ) ) ;
#2333 = CARTESIAN_POINT ( 'NONE',  ( 0.0000000000000000000, 0.0000000000000000000, -0.2559055118110236100 ) ) ;
#2334 = CARTESIAN_POINT ( 'NONE',  ( -0.2509052549229022200, -0.08152405921278936500, 0.1515748031496077200 ) ) ;
#2335 = CARTESIAN_POINT ( 'NONE',  ( 0.01932463873300884600, -0.2927335605338867700, 0.2298964901167776800 ) ) ;
#2336 = CARTESIAN_POINT ( 'NONE',  ( 0.2876125762915560100, -0.1391094556500280800, -0.2559055118110237800 ) ) ;
#2337 = ADVANCED_FACE ( 'NONE', ( #585 ), #546, .T. ) ;
#2338 = DIRECTION ( 'NONE',  ( 1.000000000000000000, 0.0000000000000000000, 0.0000000000000000000 ) ) ;
#2339 = CARTESIAN_POINT ( 'NONE',  ( 0.0000000000000000000, 0.2638173974143042100, -0.1771653543307073200 ) ) ;
#2340 = CARTESIAN_POINT ( 'NONE',  ( -0.1364159624667890500, -0.4667680207555578400, -0.2481897830984738900 ) ) ;
#2341 = CARTESIAN_POINT ( 'NONE',  ( -0.2773940274779951300, -5.095645617802797000E-017, 0.2362204724409463800 ) ) ;
#2342 = CARTESIAN_POINT ( 'NONE',  ( -0.2509052549229022800, 0.08152405921278926800, 0.1437007874015762100 ) ) ;
#2343 = CARTESIAN_POINT ( 'NONE',  ( 0.1948046575923761100, 0.2537550055967810500, -0.2559055118110235600 ) ) ;
#2344 = CARTESIAN_POINT ( 'NONE',  ( -0.4724409448818899200, -0.2727639067037602200, 0.2559055118110236100 ) ) ;
#2345 =( BOUNDED_CURVE ( )  B_SPLINE_CURVE ( 2, ( #296, #1785, #3035, #777, #3003, #2019, #2263, #790, #2505, #1032, #2764, #1281, #3011 ),
 .UNSPECIFIED., .F., .F. ) 
 B_SPLINE_CURVE_WITH_KNOTS ( ( 3, 2, 2, 2, 2, 2, 3 ),
 ( 0.5937500000000000000, 0.5999999999999999800, 0.6125000000000000400, 0.6250000000000000000, 0.6374999999999999600, 0.6500000000000000200, 0.6562500000000000000 ),
 .UNSPECIFIED. ) 
 CURVE ( )  GEOMETRIC_REPRESENTATION_ITEM ( )  RATIONAL_B_SPLINE_CURVE ( ( 0.9755282581475768200, 0.9755282581475768200, 1.000000000000000000, 0.9510565162951535300, 1.000000000000000000, 0.9510565162951535300, 1.000000000000000000, 0.9510565162951535300, 1.000000000000000000, 0.9510565162951535300, 1.000000000000000000, 0.9755282581475768200, 0.9755282581475768200 ) ) 
 REPRESENTATION_ITEM ( '' )  );
#2346 = CARTESIAN_POINT ( 'NONE',  ( -0.3149606299212599500, -5.250708982892026700E-017, -0.1279527559055103300 ) ) ;
#2347 = MANIFOLD_SOLID_BREP ( 'Cut-Extrude3', #2693 ) ;
#2348 = CARTESIAN_POINT ( 'NONE',  ( 0.08571946862881170400, -0.2638173974143042100, 0.02362204724409591700 ) ) ;
#2349 = CYLINDRICAL_SURFACE ( 'NONE', #1566, 0.3149606299212600000 ) ;
#2350 = ORIENTED_EDGE ( 'NONE', *, *, #1768, .T. ) ;
#2351 = CARTESIAN_POINT ( 'NONE',  ( -0.1550679754983104200, -0.2134327579199414600, 0.1594488188976392300 ) ) ;
#2352 = CARTESIAN_POINT ( 'NONE',  ( -0.1876343164723099900, -0.2582564808524540100, -0.03001968503936882200 ) ) ;
#2353 = CARTESIAN_POINT ( 'NONE',  ( 0.2401545275422540500, -0.2105661755545431300, 0.2559055118110235600 ) ) ;
#2354 = ORIENTED_EDGE ( 'NONE', *, *, #2223, .T. ) ;
#2355 = ORIENTED_EDGE ( 'NONE', *, *, #830, .F. ) ;
#2356 = CARTESIAN_POINT ( 'NONE',  ( 0.1550679754983105000, -0.2134327579199414300, -0.1299212598425182900 ) ) ;
#2357 = ORIENTED_EDGE ( 'NONE', *, *, #3154, .F. ) ;
#2358 = CARTESIAN_POINT ( 'NONE',  ( 0.08571946862881164900, 0.2638173974143042100, -0.1811023622047229800 ) ) ;
#2359 = EDGE_CURVE ( 'NONE', #2173, #786, #1636, .T. ) ;
#2360 = VERTEX_POINT ( 'NONE', #2631 ) ;
#2361 = CARTESIAN_POINT ( 'NONE',  ( 0.2773940274779951300, 1.698548539267599100E-017, 0.2755905511811039300 ) ) ;
#2362 = CARTESIAN_POINT ( 'NONE',  ( -0.1550679754983105300, 0.2134327579199414300, 0.1358267716535447300 ) ) ;
#2363 = CARTESIAN_POINT ( 'NONE',  ( -0.3035987015080518500, -0.09864519787070105700, -0.1166338582677153000 ) ) ;
#2364 = CARTESIAN_POINT ( 'NONE',  ( 0.2534153272265300400, -0.1944041751439012900, 0.2559055118110235600 ) ) ;
#2365 = PRODUCT_DEFINITION ( 'UNKNOWN', '', #1257, #1535 ) ;
#2366 = ADVANCED_FACE ( 'NONE', ( #432 ), #2349, .F. ) ;
#2367 = CARTESIAN_POINT ( 'NONE',  ( -0.2362204724409447700, -0.4091458600556406300, -0.2559055118110236100 ) ) ;
#2368 = DIRECTION ( 'NONE',  ( -0.0000000000000000000, -0.0000000000000000000, -1.000000000000000000 ) ) ;
#2369 = CARTESIAN_POINT ( 'NONE',  ( -0.2509052549229022200, -0.08152405921278936500, -0.07480314960629780300 ) ) ;
#2370 = CARTESIAN_POINT ( 'NONE',  ( -0.1550679754983104200, -0.2134327579199414600, -0.2244094488188963500 ) ) ;
#2371 = CARTESIAN_POINT ( 'NONE',  ( -0.2509052549229022200, -0.08152405921278936500, 0.2401574803149622000 ) ) ;
#2372 = CARTESIAN_POINT ( 'NONE',  ( 0.2244164823678092800, 0.1630481184255786200, -0.1200787401574790600 ) ) ;
#2373 = CARTESIAN_POINT ( 'NONE',  ( 0.1876343164723100500, -0.2582564808524539500, -0.01427165354330582300 ) ) ;
#2374 = CARTESIAN_POINT ( 'NONE',  ( 0.2863742982466398500, -0.1414275930937433900, 0.2559055118110235000 ) ) ;
#2375 = CARTESIAN_POINT ( 'NONE',  ( 3.230831313028129100E-017, -0.2638173974143042100, -0.1377952755905498000 ) ) ;
#2376 = EDGE_CURVE ( 'NONE', #222, #2910, #2208, .T. ) ;
#2377 = CARTESIAN_POINT ( 'NONE',  ( 3.230831313028129100E-017, -0.2638173974143042100, -0.1377952755905498000 ) ) ;
#2378 = DIRECTION ( 'NONE',  ( -1.000000000000000000, 0.0000000000000000000, 0.0000000000000000000 ) ) ;
#2379 = ADVANCED_FACE ( 'NONE', ( #2313 ), #1238, .F. ) ;
#2380 = AXIS2_PLACEMENT_3D ( 'NONE', #2121, #2866, #1346 ) ;
#2381 = CARTESIAN_POINT ( 'NONE',  ( 0.2773940274779951300, 1.698548539267599100E-017, 0.1181102362204739000 ) ) ;
#2382 = DATE_AND_TIME ( #1897, #1267 ) ;
#2383 = CARTESIAN_POINT ( 'NONE',  ( -0.04160215093657409400, 0.3166732921633355600, -0.2559055118110236100 ) ) ;
#2384 = CARTESIAN_POINT ( 'NONE',  ( 0.1037216991635512800, -0.3192225659635059000, 0.06053149606299341300 ) ) ;
#2385 = VERTEX_POINT ( 'NONE', #2707 ) ;
#2386 = CYLINDRICAL_SURFACE ( 'NONE', #1997, 0.3149606299212600000 ) ;
#2387 = CARTESIAN_POINT ( 'NONE',  ( -0.3089879622421442500, 0.08284159767201168500, -0.2559055118110235000 ) ) ;
#2388 = CARTESIAN_POINT ( 'NONE',  ( -0.1851292133204641400, 0.2548085021653378500, -0.1397637795275575600 ) ) ;
#2389 = CYLINDRICAL_SURFACE ( 'NONE', #963, 0.3149606299212600000 ) ;
#2390 = CARTESIAN_POINT ( 'NONE',  ( -0.4724409448818899800, 0.1156843341260767500, -0.2481305812353108200 ) ) ;
#2391 = ORIENTED_EDGE ( 'NONE', *, *, #2376, .T. ) ;
#2392 = CARTESIAN_POINT ( 'NONE',  ( 0.2244164823678092800, -0.1630481184255785600, -0.2047244094488175900 ) ) ;
#2393 = CARTESIAN_POINT ( 'NONE',  ( -0.3356504692350350000, -6.165799091714889700E-017, 0.2682086614173243000 ) ) ;
#2394 = CARTESIAN_POINT ( 'NONE',  ( -0.1550679754983104200, -0.2134327579199414600, 0.01181102362204867500 ) ) ;
#2395 = CARTESIAN_POINT ( 'NONE',  ( 0.1023369121993406000, 0.3149606299212599500, 0.01574803149606410200 ) ) ;
#2396 = CARTESIAN_POINT ( 'NONE',  ( 0.2244164823678092800, 0.1630481184255786200, -0.04133858267716401100 ) ) ;
#2397 = CARTESIAN_POINT ( 'NONE',  ( -0.1037216991635512300, -0.3192225659635060700, 0.05265748031496193800 ) ) ;
#2398 = CARTESIAN_POINT ( 'NONE',  ( 0.1027711502523378600, -0.3029456235843240300, 0.2559055118110236700 ) ) ;
#2399 = CARTESIAN_POINT ( 'NONE',  ( 0.1933755495630769500, 0.1802996740631849500, 0.2005003432618219500 ) ) ;
#2400 = CARTESIAN_POINT ( 'NONE',  ( -0.1851292133204640600, -0.2548085021653378500, -0.1948818897637781300 ) ) ;
#2401 = CARTESIAN_POINT ( 'NONE',  ( -0.08571946862881171800, 0.2638173974143042100, -0.2519685039370065400 ) ) ;
#2402 = ORIENTED_EDGE ( 'NONE', *, *, #413, .F. ) ;
#2403 = CARTESIAN_POINT ( 'NONE',  ( 0.1550679754983105000, -0.2134327579199414300, -0.2874015748031483700 ) ) ;
#2404 = CARTESIAN_POINT ( 'NONE',  ( 0.2679215144415875700, -0.1946563744094157400, 0.07086614173228460200 ) ) ;
#2405 = CARTESIAN_POINT ( 'NONE',  ( 0.1550679754983104500, 0.2134327579199414600, -0.02755905511810884100 ) ) ;
#2406 = CARTESIAN_POINT ( 'NONE',  ( -0.2161732301183709200, -0.4207201408070879700, -0.2559055118110241100 ) ) ;
#2407 = CARTESIAN_POINT ( 'NONE',  ( -0.08571946862881173200, 0.2638173974143042100, -0.02559055118110104300 ) ) ;
#2408 =( GEOMETRIC_REPRESENTATION_CONTEXT ( 3 ) GLOBAL_UNCERTAINTY_ASSIGNED_CONTEXT ( ( #1304 ) ) GLOBAL_UNIT_ASSIGNED_CONTEXT ( ( #2445, #1995, #6 ) ) REPRESENTATION_CONTEXT ( 'NONE', 'WORKASPACE' ) );
#2409 = CARTESIAN_POINT ( 'NONE',  ( 0.0000000000000000000, 0.3149606299212600000, -0.1476377952755890700 ) ) ;
#2410 = APPROVAL_ROLE ( '' ) ;
#2411 = CARTESIAN_POINT ( 'NONE',  ( 0.2509052549229022200, 0.08152405921278932400, -0.2716535433070853000 ) ) ;
#2412 = CARTESIAN_POINT ( 'NONE',  ( -0.2244164823678092800, 0.1630481184255785600, -0.01771653543306952700 ) ) ;
#2413 = CARTESIAN_POINT ( 'NONE',  ( 0.3149606299212599500, 1.750236327630675500E-017, 0.2362204724409461000 ) ) ;
#2414 = CARTESIAN_POINT ( 'NONE',  ( 0.0000000000000000000, 0.2638173974143042100, -0.09842519685039236000 ) ) ;
#2415 = CARTESIAN_POINT ( 'NONE',  ( -0.1023369121993406800, 0.3149606299212599500, 0.1811023622047256100 ) ) ;
#2416 = CARTESIAN_POINT ( 'NONE',  ( 0.2773940274779951900, 1.698548539267598800E-017, -0.1279527559055105000 ) ) ;
#2417 = CARTESIAN_POINT ( 'NONE',  ( 0.3035987015080518500, 0.09864519787070102900, -0.3134842519685028300 ) ) ;
#2418 = CARTESIAN_POINT ( 'NONE',  ( 0.2034706542279006400, -0.2255136225065964300, -0.2400349089809520100 ) ) ;
#2419 = CARTESIAN_POINT ( 'NONE',  ( -0.4724409448818899800, 0.09270737855687145900, -0.2510202998394205400 ) ) ;
#2420 = EDGE_CURVE ( 'NONE', #975, #2215, #86, .T. ) ;
#2421 = ORIENTED_EDGE ( 'NONE', *, *, #2359, .T. ) ;
#2422 = CARTESIAN_POINT ( 'NONE',  ( -0.08571946862881160700, -0.2638173974143042700, 0.1633858267716550000 ) ) ;
#2423 = CARTESIAN_POINT ( 'NONE',  ( -0.3035987015080518500, -0.09864519787070105700, 0.1146653543307101100 ) ) ;
#2424 = CARTESIAN_POINT ( 'NONE',  ( -0.2362204724409447700, -0.4091458600556406300, -0.2559055118110236100 ) ) ;
#2425 = CARTESIAN_POINT ( 'NONE',  ( 0.2509052549229022800, -0.08152405921278929600, 0.1830708661417337100 ) ) ;
#2426 = CARTESIAN_POINT ( 'NONE',  ( 0.1876343164723100200, 0.2582564808524540100, -0.2268700787401563300 ) ) ;
#2427 = DIRECTION ( 'NONE',  ( 0.0000000000000000000, 0.0000000000000000000, 1.000000000000000000 ) ) ;
#2428 = VECTOR ( 'NONE', #1702, 39.37007874015748100 ) ;
#2429 = CARTESIAN_POINT ( 'NONE',  ( 0.1545248557663941300, 0.2145201473005539400, 0.2005003432618213100 ) ) ;
#2430 = CARTESIAN_POINT ( 'NONE',  ( -0.2860009901645709200, -0.01638750482248286700, -0.2226839360120595200 ) ) ;
#2431 = CARTESIAN_POINT ( 'NONE',  ( 3.594672601403959900E-016, -0.5455278134075203200, -0.2137087885935244100 ) ) ;
#2432 = EDGE_LOOP ( 'NONE', ( #3102, #979, #1718, #58 ) ) ;
#2433 = VERTEX_POINT ( 'NONE', #2963 ) ;
#2434 = CARTESIAN_POINT ( 'NONE',  ( -0.1550679754983105300, 0.2134327579199414300, 0.2145669291338597200 ) ) ;
#2435 = CARTESIAN_POINT ( 'NONE',  ( -0.1876343164723100800, 0.2582564808524539500, 0.02017716535433210600 ) ) ;
#2436 = B_SPLINE_CURVE_WITH_KNOTS ( 'NONE', 3,
 ( #874, #1572, #2086, #1340, #3071, #2809, #2573, #1605, #380, #103, #810, #3066, #1577, #123, #2803, #1059, #2549, #1824, #1296, #1843, #3037, #2064, #591, #1557, #366, #3022, #1545, #1327, #96, #1813, #3055, #337, #536, #2281, #1062, #1525, #583, #290, #75, #551, #1286, #803, #2202, #490, #2598 ),
 .UNSPECIFIED., .F., .F.,
 ( 4, 2, 2, 2, 2, 2, 2, 2, 2, 2, 2, 2, 2, 2, 2, 2, 2, 2, 2, 2, 1, 2, 4 ),
 ( 0.007841960823720448000, 0.008583997394374180300, 0.009326033965027912700, 0.01081010710633538100, 0.01229418024764284600, 0.01303621681829658300, 0.01377825338895031700, 0.01526232653025778900, 0.01674639967156526000, 0.01823047281287273200, 0.01897250938352647000, 0.01971454595418020700, 0.02119861909548768200, 0.02268269223679515000, 0.02342472880744888400, 0.02416676537810262200, 0.02565083851941008300, 0.02713491166071755100, 0.02861898480202501900, 0.02936102137267875000, 0.03010305794333248400, 0.03084509451398621800, 0.03158713108463995200 ),
 .UNSPECIFIED. ) ;
#2437 = ORIENTED_EDGE ( 'NONE', *, *, #1040, .F. ) ;
#2438 = CARTESIAN_POINT ( 'NONE',  ( 0.1532670242294187600, -0.2218733278479693100, -0.2058544062894946400 ) ) ;
#2439 = CARTESIAN_POINT ( 'NONE',  ( 0.1550679754983105000, -0.2134327579199414300, 0.1751968503937022200 ) ) ;
#2440 = CARTESIAN_POINT ( 'NONE',  ( 0.1037216991635512600, 0.3192225659635059000, -0.2229330708661404800 ) ) ;
#2441 = CARTESIAN_POINT ( 'NONE',  ( -0.1550679754983104200, -0.2134327579199414600, 0.09055118110236366800 ) ) ;
#2442 = ORIENTED_EDGE ( 'NONE', *, *, #724, .F. ) ;
#2443 = CARTESIAN_POINT ( 'NONE',  ( -0.09018324605878744200, 0.2552318600712524300, 0.2071287123569537900 ) ) ;
#2444 = CARTESIAN_POINT ( 'NONE',  ( 0.3149606299212599500, 1.750236327630675500E-017, 0.2362204724409461000 ) ) ;
#2445 =( CONVERSION_BASED_UNIT ( 'INCH', #2699 ) LENGTH_UNIT ( ) NAMED_UNIT ( #2035 ) );
#2446 =( BOUNDED_SURFACE ( )  B_SPLINE_SURFACE ( 1, 2, ( 
 ( #3052, #381, #2602, #624, #1613, #2361, #2861, #1115, #150, #1373, #1380, #157, #1123, #2626, #2371, #2341, #3112, #1879, #391, #885, #182, #1354, #1133, #1901, #908, #2585, #404, #425, #1632, #169, #866, #2841, #2138, #2127, #899, #1889, #1366, #417, #2117, #2613, #3094, #1156, #652, #1143, #2100, #2381, #643, #2873, #3081, #1394, #2107, #3122, #666, #1606, #142, #635, #1858, #875, #2594, #2850, #3103, #1621, #915, #2163, #687, #1404, #1680, #1653, #448, #2898, #1169, #459, #2394, #2649, #1669, #2635, #677, #198, #2921, #1415, #3146, #1923, #2405, #1933, #930, #1442, #941, #2665, #191, #1190, #1179, #2911, #212, #2884, #2177, #1429, #3158, #1913, #3135, #704, #2414, #434, #2148, #1141, #2895, #1665, #1391, #1887, #1412, #894, #2377, #197, #414, #1152, #649, #433, #445, #3155, #3144, #1132, #165, #2358, #906, #883, #2611, #2159, #208, #2392, #1920, #2601, #1651, #2859, #2370, #1402, #1911, #2125, #2870, #423, #2146, #2623, #179, #1678, #685, #1379, #675, #2881, #3120, #3133, #2403, #401, #189 ),
 ( #914, #2633, #3111, #1629, #2646, #1166, #927, #1177, #1641, #2908, #1427, #2115, #1899, #642, #2135, #663, #938, #2964, #2434, #3191, #1480, #242, #949, #1225, #502, #2206, #734, #2919, #2174, #2955, #1471, #2422, #2218, #2676, #714, #962, #1214, #700, #2698, #2662, #2687, #1200, #2931, #254, #2184, #1966, #231, #1449, #468, #1957, #19, #3181, #1698, #483, #725, #8, #2194, #1729, #987, #2711, #1188, #1234, #493, #2942, #1721, #1931, #2447, #1944, #1459, #1439, #458, #1710, #1688, #1973, #976, #746, #2456, #2412, #3166, #221, #2754, #762, #2246, #1523, #1740, #1016, #522, #287, #297, #3013, #1272, #994, #30, #2226, #769, #755, #2476, #2022, #72, #2256, #3004, #2467, #1512, #2720, #2234, #1262, #1763, #270, #1006, #279, #2010, #2485, #37, #1532, #57, #1247, #534, #2741, #2731, #2997, #547, #263, #44, #2264, #1983, #1489, #781, #792, #2493, #1026, #2972, #1989, #2507, #1773, #1034, #2765, #1255, #1282, #511, #2985, #1498, #1753, #1996, #528, #801, #2814, #2300, #3045, #1336, #104, #811 ) ),
 .UNSPECIFIED., .F., .F., .F. ) 
 B_SPLINE_SURFACE_WITH_KNOTS ( ( 2, 2 ),
 ( 3, 2, 2, 2, 2, 2, 2, 2, 2, 2, 2, 2, 2, 2, 2, 2, 2, 2, 2, 2, 2, 2, 2, 2, 2, 2, 2, 2, 2, 2, 2, 2, 2, 2, 2, 2, 2, 2, 2, 2, 2, 2, 2, 2, 2, 2, 2, 2, 2, 2, 2, 2, 2, 2, 2, 2, 2, 2, 2, 2, 2, 2, 2, 2, 2, 2, 2, 2, 2, 2, 2, 2, 2, 2, 2, 3 ),
 ( 0.0000000000000000000, 1.000000000000000000 ),
 ( 0.0000000000000000000, 0.01250000000000000100, 0.02500000000000000100, 0.03749999999999999900, 0.05000000000000000300, 0.06250000000000000000, 0.07499999999999999700, 0.08749999999999999400, 0.1000000000000000100, 0.1125000000000000000, 0.1250000000000000000, 0.1375000000000000100, 0.1499999999999999900, 0.1625000000000000100, 0.1749999999999999900, 0.1875000000000000000, 0.2000000000000000100, 0.2124999999999999900, 0.2250000000000000100, 0.2374999999999999900, 0.2500000000000000000, 0.2625000000000000100, 0.2750000000000000200, 0.2874999999999999800, 0.2999999999999999900, 0.3125000000000000000, 0.3250000000000000100, 0.3375000000000000200, 0.3499999999999999800, 0.3624999999999999900, 0.3750000000000000000, 0.3875000000000000100, 0.4000000000000000200, 0.4124999999999999800, 0.4249999999999999900, 0.4375000000000000000, 0.4500000000000000100, 0.4625000000000000200, 0.4749999999999999800, 0.4874999999999999900, 0.5000000000000000000, 0.5124999999999999600, 0.5250000000000000200, 0.5374999999999999800, 0.5500000000000000400, 0.5625000000000000000, 0.5749999999999999600, 0.5875000000000000200, 0.5999999999999999800, 0.6125000000000000400, 0.6250000000000000000, 0.6374999999999999600, 0.6500000000000000200, 0.6624999999999999800, 0.6750000000000000400, 0.6875000000000000000, 0.6999999999999999600, 0.7125000000000000200, 0.7249999999999999800, 0.7375000000000000400, 0.7500000000000000000, 0.7624999999999999600, 0.7750000000000000200, 0.7874999999999999800, 0.8000000000000000400, 0.8125000000000000000, 0.8249999999999999600, 0.8375000000000000200, 0.8499999999999999800, 0.8625000000000000400, 0.8750000000000000000, 0.8874999999999999600, 0.9000000000000000200, 0.9124999999999999800, 0.9250000000000000400, 0.9375000000000000000 ),
 .UNSPECIFIED. ) 
 GEOMETRIC_REPRESENTATION_ITEM ( )  RATIONAL_B_SPLINE_SURFACE ( (
 ( 1.000000000000000000, 0.9510565162951535300, 1.000000000000000000, 0.9510565162951535300, 1.000000000000000000, 0.9510565162951535300, 1.000000000000000000, 0.9510565162951535300, 1.000000000000000000, 0.9510565162951535300, 1.000000000000000000, 0.9510565162951535300, 1.000000000000000000, 0.9510565162951535300, 1.000000000000000000, 0.9510565162951535300, 1.000000000000000000, 0.9510565162951535300, 1.000000000000000000, 0.9510565162951535300, 1.000000000000000000, 0.9510565162951535300, 1.000000000000000000, 0.9510565162951535300, 1.000000000000000000, 0.9510565162951535300, 1.000000000000000000, 0.9510565162951535300, 1.000000000000000000, 0.9510565162951535300, 1.000000000000000000, 0.9510565162951535300, 1.000000000000000000, 0.9510565162951535300, 1.000000000000000000, 0.9510565162951535300, 1.000000000000000000, 0.9510565162951535300, 1.000000000000000000, 0.9510565162951535300, 1.000000000000000000, 0.9510565162951535300, 1.000000000000000000, 0.9510565162951535300, 1.000000000000000000, 0.9510565162951535300, 1.000000000000000000, 0.9510565162951535300, 1.000000000000000000, 0.9510565162951535300, 1.000000000000000000, 0.9510565162951535300, 1.000000000000000000, 0.9510565162951535300, 1.000000000000000000, 0.9510565162951535300, 1.000000000000000000, 0.9510565162951535300, 1.000000000000000000, 0.9510565162951535300, 1.000000000000000000, 0.9510565162951535300, 1.000000000000000000, 0.9510565162951535300, 1.000000000000000000, 0.9510565162951535300, 1.000000000000000000, 0.9510565162951535300, 1.000000000000000000, 0.9510565162951535300, 1.000000000000000000, 0.9510565162951535300, 1.000000000000000000, 0.9510565162951535300, 1.000000000000000000, 0.9510565162951535300, 1.000000000000000000, 0.9510565162951535300, 1.000000000000000000, 0.9510565162951535300, 1.000000000000000000, 0.9510565162951535300, 1.000000000000000000, 0.9510565162951535300, 1.000000000000000000, 0.9510565162951535300, 1.000000000000000000, 0.9510565162951535300, 1.000000000000000000, 0.9510565162951535300, 1.000000000000000000, 0.9510565162951535300, 1.000000000000000000, 0.9510565162951535300, 1.000000000000000000, 0.9510565162951535300, 1.000000000000000000, 0.9510565162951535300, 1.000000000000000000, 0.9510565162951535300, 1.000000000000000000, 0.9510565162951535300, 1.000000000000000000, 0.9510565162951535300, 1.000000000000000000, 0.9510565162951535300, 1.000000000000000000, 0.9510565162951535300, 1.000000000000000000, 0.9510565162951535300, 1.000000000000000000, 0.9510565162951535300, 1.000000000000000000, 0.9510565162951535300, 1.000000000000000000, 0.9510565162951535300, 1.000000000000000000, 0.9510565162951535300, 1.000000000000000000, 0.9510565162951535300, 1.000000000000000000, 0.9510565162951535300, 1.000000000000000000, 0.9510565162951535300, 1.000000000000000000, 0.9510565162951535300, 1.000000000000000000, 0.9510565162951535300, 1.000000000000000000, 0.9510565162951535300, 1.000000000000000000, 0.9510565162951535300, 1.000000000000000000, 0.9510565162951535300, 1.000000000000000000, 0.9510565162951535300, 1.000000000000000000, 0.9510565162951535300, 1.000000000000000000, 0.9510565162951535300, 1.000000000000000000, 0.9510565162951535300, 1.000000000000000000, 0.9510565162951535300, 1.000000000000000000, 0.9510565162951535300, 1.000000000000000000, 0.9510565162951535300, 1.000000000000000000, 0.9510565162951535300, 1.000000000000000000),
 ( 1.000000000000000000, 0.9510565162951535300, 1.000000000000000000, 0.9510565162951535300, 1.000000000000000000, 0.9510565162951535300, 1.000000000000000000, 0.9510565162951535300, 1.000000000000000000, 0.9510565162951535300, 1.000000000000000000, 0.9510565162951535300, 1.000000000000000000, 0.9510565162951535300, 1.000000000000000000, 0.9510565162951535300, 1.000000000000000000, 0.9510565162951535300, 1.000000000000000000, 0.9510565162951535300, 1.000000000000000000, 0.9510565162951535300, 1.000000000000000000, 0.9510565162951535300, 1.000000000000000000, 0.9510565162951535300, 1.000000000000000000, 0.9510565162951535300, 1.000000000000000000, 0.9510565162951535300, 1.000000000000000000, 0.9510565162951535300, 1.000000000000000000, 0.9510565162951535300, 1.000000000000000000, 0.9510565162951535300, 1.000000000000000000, 0.9510565162951535300, 1.000000000000000000, 0.9510565162951535300, 1.000000000000000000, 0.9510565162951535300, 1.000000000000000000, 0.9510565162951535300, 1.000000000000000000, 0.9510565162951535300, 1.000000000000000000, 0.9510565162951535300, 1.000000000000000000, 0.9510565162951535300, 1.000000000000000000, 0.9510565162951535300, 1.000000000000000000, 0.9510565162951535300, 1.000000000000000000, 0.9510565162951535300, 1.000000000000000000, 0.9510565162951535300, 1.000000000000000000, 0.9510565162951535300, 1.000000000000000000, 0.9510565162951535300, 1.000000000000000000, 0.9510565162951535300, 1.000000000000000000, 0.9510565162951535300, 1.000000000000000000, 0.9510565162951535300, 1.000000000000000000, 0.9510565162951535300, 1.000000000000000000, 0.9510565162951535300, 1.000000000000000000, 0.9510565162951535300, 1.000000000000000000, 0.9510565162951535300, 1.000000000000000000, 0.9510565162951535300, 1.000000000000000000, 0.9510565162951535300, 1.000000000000000000, 0.9510565162951535300, 1.000000000000000000, 0.9510565162951535300, 1.000000000000000000, 0.9510565162951535300, 1.000000000000000000, 0.9510565162951535300, 1.000000000000000000, 0.9510565162951535300, 1.000000000000000000, 0.9510565162951535300, 1.000000000000000000, 0.9510565162951535300, 1.000000000000000000, 0.9510565162951535300, 1.000000000000000000, 0.9510565162951535300, 1.000000000000000000, 0.9510565162951535300, 1.000000000000000000, 0.9510565162951535300, 1.000000000000000000, 0.9510565162951535300, 1.000000000000000000, 0.9510565162951535300, 1.000000000000000000, 0.9510565162951535300, 1.000000000000000000, 0.9510565162951535300, 1.000000000000000000, 0.9510565162951535300, 1.000000000000000000, 0.9510565162951535300, 1.000000000000000000, 0.9510565162951535300, 1.000000000000000000, 0.9510565162951535300, 1.000000000000000000, 0.9510565162951535300, 1.000000000000000000, 0.9510565162951535300, 1.000000000000000000, 0.9510565162951535300, 1.000000000000000000, 0.9510565162951535300, 1.000000000000000000, 0.9510565162951535300, 1.000000000000000000, 0.9510565162951535300, 1.000000000000000000, 0.9510565162951535300, 1.000000000000000000, 0.9510565162951535300, 1.000000000000000000, 0.9510565162951535300, 1.000000000000000000, 0.9510565162951535300, 1.000000000000000000, 0.9510565162951535300, 1.000000000000000000, 0.9510565162951535300, 1.000000000000000000, 0.9510565162951535300, 1.000000000000000000, 0.9510565162951535300, 1.000000000000000000, 0.9510565162951535300, 1.000000000000000000, 0.9510565162951535300, 1.000000000000000000) ) ) 
 REPRESENTATION_ITEM ( '' )  SURFACE ( )  );
#2447 = CARTESIAN_POINT ( 'NONE',  ( 0.2509052549229022800, -0.08152405921278929600, 0.02559055118110371100 ) ) ;
#2448 = CARTESIAN_POINT ( 'NONE',  ( 0.1876343164723100500, -0.2582564808524539500, 0.1382874015748046000 ) ) ;
#2449 = B_SPLINE_CURVE_WITH_KNOTS ( 'NONE', 3,
 ( #2819, #2098, #586, #2058, #2542, #1073, #1670, #1690, #3147, #1681, #916, #3170, #2164, #1960, #864, #952 ),
 .UNSPECIFIED., .F., .F.,
 ( 4, 2, 2, 2, 2, 2, 2, 4 ),
 ( 0.002717604012000230400, 0.005132244484570724000, 0.006339564720855971100, 0.007546884957141218900, 0.008754205193426466800, 0.009961525429711713000, 0.01116884566599696100, 0.01237616590228220700 ),
 .UNSPECIFIED. ) ;
#2450 = CARTESIAN_POINT ( 'NONE',  ( 0.1661032526126714200, -0.2118617259968766400, -0.2053964696279706700 ) ) ;
#2451 = CARTESIAN_POINT ( 'NONE',  ( 3.230831313028129100E-017, -0.2638173974143042100, 0.1673228346456707400 ) ) ;
#2452 = CARTESIAN_POINT ( 'NONE',  ( 0.0000000000000000000, 0.0000000000000000000, 0.2559055118110236100 ) ) ;
#2453 = CARTESIAN_POINT ( 'NONE',  ( 0.4724409448818896500, 0.2727639067037604900, -0.2137087885935243000 ) ) ;
#2454 = CARTESIAN_POINT ( 'NONE',  ( 0.03689649697293578100, 0.2643522379332163800, 0.2033422313408474200 ) ) ;
#2455 = CARTESIAN_POINT ( 'NONE',  ( 0.0000000000000000000, -1.067128122525102800E-017, 0.2559055118110236100 ) ) ;
#2456 = CARTESIAN_POINT ( 'NONE',  ( -0.2509052549229022800, 0.08152405921278926800, -0.01377952755905377200 ) ) ;
#2457 = CARTESIAN_POINT ( 'NONE',  ( 0.1876343164723100200, 0.2582564808524540100, 0.004429133858269073000 ) ) ;
#2458 = CARTESIAN_POINT ( 'NONE',  ( 0.1550679754983105000, -0.2134327579199414300, 0.2539370078740172400 ) ) ;
#2459 = CARTESIAN_POINT ( 'NONE',  ( 0.2995453594630406200, -0.09732818720470787200, 0.06496062992126139200 ) ) ;
#2460 = CARTESIAN_POINT ( 'NONE',  ( -0.2244164823678092800, 0.1630481184255785400, 0.1496062992125999100 ) ) ;
#2461 = SHAPE_DEFINITION_REPRESENTATION ( #1999, #2930 ) ;
#2462 = CARTESIAN_POINT ( 'NONE',  ( -0.1939976945452734400, -0.2026047248204297100, -0.2167160617393386300 ) ) ;
#2463 = ORIENTED_EDGE ( 'NONE', *, *, #2420, .F. ) ;
#2464 = VECTOR ( 'NONE', #1138, 39.37007874015748100 ) ;
#2465 = EDGE_CURVE ( 'NONE', #873, #1664, #2732, .T. ) ;
#2466 = LINE ( 'NONE', #1860, #398 ) ;
#2467 = CARTESIAN_POINT ( 'NONE',  ( 0.08571946862881164900, 0.2638173974143042100, -0.1122047244094475400 ) ) ;
#2468 = CARTESIAN_POINT ( 'NONE',  ( 0.2715469337810688100, -0.1972903957414019700, 0.1422244094488203100 ) ) ;
#2469 = AXIS2_PLACEMENT_3D ( 'NONE', #985, #1469, #2971 ) ;
#2470 = B_SPLINE_CURVE_WITH_KNOTS ( 'NONE', 3,
 ( #543, #54, #1508, #1783, #560, #1024 ),
 .UNSPECIFIED., .F., .F.,
 ( 4, 2, 4 ),
 ( 2.380729645518177900E-007, 0.003505341553885852500, 0.007010445034807152500 ),
 .UNSPECIFIED. ) ;
#2471 = EDGE_LOOP ( 'NONE', ( #2903, #2907, #2244, #444, #1987, #482, #1344, #2945, #3183, #48, #713, #2983, #2237, #1481, #2813, #782, #2158, #2085, #699, #722 ) ) ;
#2472 = CARTESIAN_POINT ( 'NONE',  ( 0.08571946862881164900, 0.2638173974143042100, 0.2027559055118124700 ) ) ;
#2473 = CARTESIAN_POINT ( 'NONE',  ( -0.4724409448818899800, 0.0000000000000000000, -0.2559055118110236100 ) ) ;
#2474 = CARTESIAN_POINT ( 'NONE',  ( 0.2773940274779951900, 1.698548539267598800E-017, 0.1181102362204739000 ) ) ;
#2475 = CARTESIAN_POINT ( 'NONE',  ( 0.08258923855338842800, 0.2531433208865199200, 0.2019224238198427100 ) ) ;
#2476 = CARTESIAN_POINT ( 'NONE',  ( -0.2509052549229022800, 0.08152405921278926800, -0.09251968503936877600 ) ) ;
#2477 = EDGE_LOOP ( 'NONE', ( #1017, #1326, #634 ) ) ;
#2478 = CARTESIAN_POINT ( 'NONE',  ( -0.1037216991635513400, 0.3192225659635059000, -0.2199803149606285900 ) ) ;
#2479 = CARTESIAN_POINT ( 'NONE',  ( 0.2244164823678092800, 0.1630481184255785900, -0.1200787401574790600 ) ) ;
#2480 = CARTESIAN_POINT ( 'NONE',  ( -0.3162404436710615800, 0.3629463081253863100, -0.2510484196704752000 ) ) ;
#2481 = CARTESIAN_POINT ( 'NONE',  ( -0.2244164823678092600, -0.1630481184255786500, -0.1496062992125970500 ) ) ;
#2482 = EDGE_CURVE ( 'NONE', #56, #1788, #1741, .T. ) ;
#2483 = CARTESIAN_POINT ( 'NONE',  ( 0.3149606299212600000, -0.04988486309434213300, 0.1554624298603615500 ) ) ;
#2484 = CARTESIAN_POINT ( 'NONE',  ( -0.2679215144415875700, 0.1946563744094156900, -0.04724409448818790000 ) ) ;
#2485 = CARTESIAN_POINT ( 'NONE',  ( -0.08571946862881160700, -0.2638173974143042700, -0.1515748031496050000 ) ) ;
#2486 = AXIS2_PLACEMENT_3D ( 'NONE', #251, #1720, #744 ) ;
#2487 = CARTESIAN_POINT ( 'NONE',  ( -0.2715469337810688100, 0.1972903957414019200, -0.05462598425196713700 ) ) ;
#2488 = CARTESIAN_POINT ( 'NONE',  ( 0.0000000000000000000, 0.2638173974143042100, 0.04921259842519822700 ) ) ;
#2489 = DIRECTION ( 'NONE',  ( -0.0000000000000000000, -0.0000000000000000000, -1.000000000000000000 ) ) ;
#2490 = CARTESIAN_POINT ( 'NONE',  ( -0.07101435120938517900, 0.3149606299212600000, 0.2487949883712397000 ) ) ;
#2491 = CARTESIAN_POINT ( 'NONE',  ( -0.07741373599894146900, -0.5008329720895570200, 0.2371643225105215800 ) ) ;
#2492 = CARTESIAN_POINT ( 'NONE',  ( -0.4724409448818899200, 0.2727639067037600000, 0.2137087885935243000 ) ) ;
#2493 = CARTESIAN_POINT ( 'NONE',  ( 0.1550679754983105000, -0.2134327579199414300, -0.2185039370078727700 ) ) ;
#2494 = B_SPLINE_CURVE_WITH_KNOTS ( 'NONE', 3,
 ( #638, #1646, #3106, #2616, #153, #1904, #2844, #2140, #1146, #669, #2151, #2876, #1892, #2605, #1916, #420, #1375, #2853, #2130, #1635, #1136, #427 ),
 .UNSPECIFIED., .F., .F.,
 ( 4, 2, 2, 2, 2, 2, 2, 2, 2, 2, 4 ),
 ( 0.03328108353430036400, 0.03486526418398050400, 0.03565735450882057800, 0.03644944483366064500, 0.03803362548334078600, 0.03961780613302092600, 0.04040989645786100000, 0.04120198678270106700, 0.04278616743238120700, 0.04437034808206134800, 0.04595452873174149500 ),
 .UNSPECIFIED. ) ;
#2495 = PERSON_AND_ORGANIZATION ( #2987, #809 ) ;
#2496 = CARTESIAN_POINT ( 'NONE',  ( -0.3035987015080519000, 0.09864519787070096000, -0.2081692913385814200 ) ) ;
#2497 = ORIENTED_EDGE ( 'NONE', *, *, #2057, .T. ) ;
#2498 = CARTESIAN_POINT ( 'NONE',  ( 0.2509052549229022800, -0.08152405921278929600, -0.05314960629921125500 ) ) ;
#2499 = CARTESIAN_POINT ( 'NONE',  ( -0.3162101185932405000, -0.3629638163172293500, 0.2518839387229878700 ) ) ;
#2500 = EDGE_CURVE ( 'NONE', #360, #2986, #2775, .T. ) ;
#2501 = VECTOR ( 'NONE', #2647, 39.37007874015748100 ) ;
#2502 = CARTESIAN_POINT ( 'NONE',  ( -0.1550679754983105300, 0.2134327579199414300, -0.09055118110236083700 ) ) ;
#2503 = CARTESIAN_POINT ( 'NONE',  ( 0.3149606299212600000, 3.857155272905051100E-017, 0.2559055118110236100 ) ) ;
#2504 = DIRECTION ( 'NONE',  ( 0.0000000000000000000, 0.0000000000000000000, -1.000000000000000000 ) ) ;
#2505 = CARTESIAN_POINT ( 'NONE',  ( 0.1851292133204640900, 0.2548085021653378500, -0.07677165354330556200 ) ) ;
#2506 = ORIENTED_EDGE ( 'NONE', *, *, #2260, .F. ) ;
#2507 = CARTESIAN_POINT ( 'NONE',  ( -0.1550679754983104200, -0.2134327579199414600, -0.2342519685039358100 ) ) ;
#2508 = ORIENTED_EDGE ( 'NONE', *, *, #166, .T. ) ;
#2509 = CARTESIAN_POINT ( 'NONE',  ( -0.1876343164723099900, -0.2582564808524540100, -0.1136811023622034100 ) ) ;
#2510 = CARTESIAN_POINT ( 'NONE',  ( -0.08571946862881171800, 0.2638173974143042100, -0.02559055118110104000 ) ) ;
#2511 = CARTESIAN_POINT ( 'NONE',  ( -0.1851292133204641400, 0.2548085021653378500, 0.09645669291338740400 ) ) ;
#2512 = CARTESIAN_POINT ( 'NONE',  ( -0.2773940274779951900, -5.095645617802796400E-017, -0.07874015748031360000 ) ) ;
#2513 = EDGE_LOOP ( 'NONE', ( #2054, #2193, #125, #352 ) ) ;
#2514 = DIRECTION ( 'NONE',  ( 0.7071067811865486800, 0.0000000000000000000, 0.7071067811865462400 ) ) ;
#2515 = CARTESIAN_POINT ( 'NONE',  ( -0.1562005012108280400, -0.4553454119858941800, 0.2510484196704753100 ) ) ;
#2516 = CARTESIAN_POINT ( 'NONE',  ( 0.2715469337810688100, -0.1972903957414019700, 0.1471456692913399300 ) ) ;
#2517 = CARTESIAN_POINT ( 'NONE',  ( 0.4724409448818897000, -0.2283678426487031100, 0.2265248283600991800 ) ) ;
#2518 = ORIENTED_EDGE ( 'NONE', *, *, #557, .T. ) ;
#2519 = CARTESIAN_POINT ( 'NONE',  ( 0.4724409448818896500, 0.2727639067037604900, 0.2137087885935243000 ) ) ;
#2520 = CARTESIAN_POINT ( 'NONE',  ( -0.2715469337810687600, -0.1972903957414020300, -0.1963582677165341700 ) ) ;
#2521 = CARTESIAN_POINT ( 'NONE',  ( -0.2244164823678092800, 0.1630481184255785600, 0.06102362204724547100 ) ) ;
#2522 = CARTESIAN_POINT ( 'NONE',  ( 0.2509052549229022800, -0.08152405921278929600, -0.04330708661417180500 ) ) ;
#2523 = EDGE_CURVE ( 'NONE', #3143, #2385, #2712, .T. ) ;
#2524 = CARTESIAN_POINT ( 'NONE',  ( -0.06605283748114949800, -0.2839461766765898300, 0.2275829294533076600 ) ) ;
#2525 = CARTESIAN_POINT ( 'NONE',  ( 0.3149606299212599500, 1.750236327630675500E-017, 0.1574803149606310800 ) ) ;
#2526 = CARTESIAN_POINT ( 'NONE',  ( -0.3035987015080519000, 0.09864519787070096000, 0.1117125984251981800 ) ) ;
#2527 = CARTESIAN_POINT ( 'NONE',  ( 0.02985680486752187800, 0.2981073196696440400, 0.2355662012525636400 ) ) ;
#2528 = CARTESIAN_POINT ( 'NONE',  ( 0.1851292133204640600, 0.2548085021653379000, 0.09055118110236334800 ) ) ;
#2529 = CARTESIAN_POINT ( 'NONE',  ( -0.08571946862881160700, -0.2638173974143042700, 0.1732283464566944400 ) ) ;
#2530 = CARTESIAN_POINT ( 'NONE',  ( -0.2187510821152705600, 0.2339496342435633800, 0.2559055118110236700 ) ) ;
#2531 = PLANE ( 'NONE',  #1460 ) ;
#2532 = CARTESIAN_POINT ( 'NONE',  ( 3.857155272905051100E-017, -0.3149606299212600000, 0.2066929133858284300 ) ) ;
#2533 = CARTESIAN_POINT ( 'NONE',  ( -0.1037216991635512300, -0.3192225659635060700, 0.1313976377952769100 ) ) ;
#2534 = CARTESIAN_POINT ( 'NONE',  ( 0.2285171314160949800, -0.1367009351291839900, -0.2024581777969754200 ) ) ;
#2535 = VECTOR ( 'NONE', #960, 39.37007874015748100 ) ;
#2536 = CIRCLE ( 'NONE', #2883, 0.4724409448818899800 ) ;
#2537 = CARTESIAN_POINT ( 'NONE',  ( -0.3192225659635060100, 9.375884739392955300E-013, -0.2559055118110235000 ) ) ;
#2538 = CARTESIAN_POINT ( 'NONE',  ( -0.08571946862881160700, -0.2638173974143042700, 0.2519685039370093700 ) ) ;
#2539 = FACE_OUTER_BOUND ( 'NONE', #2543, .T. ) ;
#2540 = CARTESIAN_POINT ( 'NONE',  ( -0.2450772918822307100, 0.2049646866931967600, 0.2559055118110235600 ) ) ;
#2541 = EDGE_CURVE ( 'NONE', #1113, #1441, #2345, .T. ) ;
#2542 = CARTESIAN_POINT ( 'NONE',  ( 0.2119262237290918900, 0.2291889911252047700, 0.2484347431122794500 ) ) ;
#2543 = EDGE_LOOP ( 'NONE', ( #521, #2157, #1215, #1437 ) ) ;
#2544 = CARTESIAN_POINT ( 'NONE',  ( 0.2362204724409446300, 0.4091458600556405800, 0.2559055118110236100 ) ) ;
#2545 = CARTESIAN_POINT ( 'NONE',  ( 0.2715469337810688100, 0.1972903957414020000, 0.2416338582677179400 ) ) ;
#2546 = DIRECTION ( 'NONE',  ( -0.0000000000000000000, -0.0000000000000000000, -1.000000000000000000 ) ) ;
#2547 = AXIS2_PLACEMENT_3D ( 'NONE', #1370, #1617, #1850 ) ;
#2548 = CARTESIAN_POINT ( 'NONE',  ( -0.2679215144415875200, -0.1946563744094158000, -0.1102362204724398900 ) ) ;
#2549 = CARTESIAN_POINT ( 'NONE',  ( 0.1421275867496611400, 0.2681230822450494400, -0.2395180372150270700 ) ) ;
#2550 = CARTESIAN_POINT ( 'NONE',  ( -0.2509052549229022800, 0.08152405921278926800, 0.2322834645669306600 ) ) ;
#2551 = ORIENTED_EDGE ( 'NONE', *, *, #1212, .F. ) ;
#2552 = CARTESIAN_POINT ( 'NONE',  ( 0.02902558012970456900, -0.2921928538602321400, 0.2301567847742335400 ) ) ;
#2553 = CARTESIAN_POINT ( 'NONE',  ( 0.2679215144415875200, 0.1946563744094158000, 0.2342519685039386500 ) ) ;
#2554 = CARTESIAN_POINT ( 'NONE',  ( -0.2995453594630406200, 0.09732818720470783100, 0.1830708661417339000 ) ) ;
#2555 = CARTESIAN_POINT ( 'NONE',  ( 0.08571946862881170400, -0.2638173974143042100, -0.3011811023622035200 ) ) ;
#2556 = CARTESIAN_POINT ( 'NONE',  ( -0.1851292133204641400, 0.2548085021653378500, -0.1299212598425186800 ) ) ;
#2557 = CARTESIAN_POINT ( 'NONE',  ( -0.05452419811690952000, -0.3154130147707289700, -0.2559055118110236700 ) ) ;
#2558 = CARTESIAN_POINT ( 'NONE',  ( 0.08571946862881164900, 0.2638173974143042100, 0.05511811023622191500 ) ) ;
#2559 = EDGE_CURVE ( 'NONE', #2360, #2013, #298, .T. ) ;
#2560 = CARTESIAN_POINT ( 'NONE',  ( 0.3002917404981425600, -0.04775304607907204800, 0.2405967955945171000 ) ) ;
#2561 = CARTESIAN_POINT ( 'NONE',  ( 0.0000000000000000000, 0.0000000000000000000, -0.2559055118110236100 ) ) ;
#2562 = CARTESIAN_POINT ( 'NONE',  ( -0.2244164823678092600, -0.1630481184255786500, 0.1555118110236234600 ) ) ;
#2563 = CARTESIAN_POINT ( 'NONE',  ( 0.0000000000000000000, 0.3149606299212600000, -0.1377952755905501600 ) ) ;
#2564 = CARTESIAN_POINT ( 'NONE',  ( -0.4724409448818899800, 0.0000000000000000000, -0.2559055118110236100 ) ) ;
#2565 = CARTESIAN_POINT ( 'NONE',  ( 0.4724409448818898100, -0.2727639067037600000, -0.2137087885935244100 ) ) ;
#2566 = CC_DESIGN_DATE_AND_TIME_ASSIGNMENT ( #2568, #2154, ( #2805 ) ) ;
#2567 = CARTESIAN_POINT ( 'NONE',  ( -0.2509052549229022800, 0.08152405921278926800, 0.1535433070866156800 ) ) ;
#2568 = DATE_AND_TIME ( #45, #2651 ) ;
#2569 = CARTESIAN_POINT ( 'NONE',  ( 0.2509052549229022800, -0.08152405921278929600, -0.2106299212598412600 ) ) ;
#2570 = VERTEX_POINT ( 'NONE', #2254 ) ;
#2571 = ADVANCED_FACE ( 'NONE', ( #3127 ), #2276, .T. ) ;
#2572 = CARTESIAN_POINT ( 'NONE',  ( -0.3149606299212599500, -0.04988486309434220200, 0.1988682788010581200 ) ) ;
#2573 = CARTESIAN_POINT ( 'NONE',  ( 0.2943096713337970400, 0.09594716606569102200, -0.2456079900031587500 ) ) ;
#2574 = CARTESIAN_POINT ( 'NONE',  ( -0.3149606299212599500, -0.04988486309434220200, 0.1890257591160191800 ) ) ;
#2575 = CARTESIAN_POINT ( 'NONE',  ( 0.2509052549229022200, 0.08152405921278932400, 0.1122047244094502300 ) ) ;
#2576 = CARTESIAN_POINT ( 'NONE',  ( -0.3360249824151007000, 0.3515236993557227000, 0.2481897830984738100 ) ) ;
#2577 = DIRECTION ( 'NONE',  ( 0.0000000000000000000, 0.0000000000000000000, -1.000000000000000000 ) ) ;
#2578 = LINE ( 'NONE', #836, #1079 ) ;
#2579 = DIRECTION ( 'NONE',  ( -0.0000000000000000000, -0.0000000000000000000, -1.000000000000000000 ) ) ;
#2580 = FACE_OUTER_BOUND ( 'NONE', #2471, .T. ) ;
#2581 = CARTESIAN_POINT ( 'NONE',  ( 0.2773940274779951300, 1.698548539267599100E-017, -0.03937007874015608500 ) ) ;
#2582 = ORIENTED_EDGE ( 'NONE', *, *, #1102, .F. ) ;
#2583 = EDGE_CURVE ( 'NONE', #1837, #211, #402, .T. ) ;
#2584 = CARTESIAN_POINT ( 'NONE',  ( -0.2679215144415875700, 0.1946563744094156900, 0.1889763779527570700 ) ) ;
#2585 = CARTESIAN_POINT ( 'NONE',  ( 0.2773940274779951300, 1.698548539267599100E-017, 0.1968503937007888600 ) ) ;
#2586 = CARTESIAN_POINT ( 'NONE',  ( 0.1550679754983105000, -0.2134327579199414300, 0.1751968503937022200 ) ) ;
#2587 = CARTESIAN_POINT ( 'NONE',  ( 0.1687245895549044600, 0.2711907303283963600, -0.2559055118110235600 ) ) ;
#2588 = CARTESIAN_POINT ( 'NONE',  ( -0.1317230215152685500, -0.2909643704373672800, 0.2559055118110235600 ) ) ;
#2589 = ORIENTED_EDGE ( 'NONE', *, *, #26, .F. ) ;
#2590 = ADVANCED_FACE ( 'NONE', ( #97 ), #1312, .T. ) ;
#2591 = CARTESIAN_POINT ( 'NONE',  ( -0.2679215144415875700, 0.1946563744094156900, -0.1358267716535418200 ) ) ;
#2592 = CARTESIAN_POINT ( 'NONE',  ( 0.2509052549229022800, -0.08152405921278929600, -0.2007874015748017900 ) ) ;
#2593 = ORIENTED_EDGE ( 'NONE', *, *, #2324, .T. ) ;
#2594 = CARTESIAN_POINT ( 'NONE',  ( -0.1550679754983105300, 0.2134327579199414300, 0.06692913385826915200 ) ) ;
#2595 = CARTESIAN_POINT ( 'NONE',  ( -0.08571946862881173200, 0.2638173974143042100, 0.05314960629921398900 ) ) ;
#2596 = CARTESIAN_POINT ( 'NONE',  ( 0.3035987015080519000, -0.09864519787070098700, -0.006397637795274339700 ) ) ;
#2597 = CARTESIAN_POINT ( 'NONE',  ( 0.2908902725055808000, -0.1318952779530177000, 0.2559055118110236700 ) ) ;
#2598 = CARTESIAN_POINT ( 'NONE',  ( -0.2864630518874198800, 5.044793678946277200E-013, -0.2231459977349375400 ) ) ;
#2599 = CARTESIAN_POINT ( 'NONE',  ( -0.07756740061529332500, 0.5007442537819414300, 0.2372015565080941900 ) ) ;
#2600 = CARTESIAN_POINT ( 'NONE',  ( 0.2509052549229022800, -0.08152405921278929600, -0.04330708661417180500 ) ) ;
#2601 = CARTESIAN_POINT ( 'NONE',  ( 0.08571946862881170400, -0.2638173974143042100, -0.2125984251968490400 ) ) ;
#2602 = CARTESIAN_POINT ( 'NONE',  ( 0.1550679754983104500, 0.2134327579199414600, 0.2874015748031511500 ) ) ;
#2603 = CARTESIAN_POINT ( 'NONE',  ( 0.2509052549229022800, -0.08152405921278929600, 0.1830708661417337100 ) ) ;
#2604 = CARTESIAN_POINT ( 'NONE',  ( 0.3356504692350350000, 2.055266363904963800E-017, -0.1599409448818885400 ) ) ;
#2605 = CARTESIAN_POINT ( 'NONE',  ( 0.1946223023776747200, 0.2532483183500065500, 0.2559055118110235600 ) ) ;
#2606 = CARTESIAN_POINT ( 'NONE',  ( -0.1023369121993405700, -0.3149606299212600600, -0.1811023622047234200 ) ) ;
#2607 = DIRECTION ( 'NONE',  ( -1.000000000000000000, 0.0000000000000000000, 0.0000000000000000000 ) ) ;
#2608 = CARTESIAN_POINT ( 'NONE',  ( -0.2509052549229022200, -0.08152405921278936500, 0.003937007874017158300 ) ) ;
#2609 = COORDINATED_UNIVERSAL_TIME_OFFSET ( 6, 0, .BEHIND. ) ;
#2610 = FACE_OUTER_BOUND ( 'NONE', #1013, .T. ) ;
#2611 = CARTESIAN_POINT ( 'NONE',  ( 0.2509052549229022200, 0.08152405921278932400, -0.1929133858267702800 ) ) ;
#2612 = FACE_OUTER_BOUND ( 'NONE', #2477, .T. ) ;
#2613 = CARTESIAN_POINT ( 'NONE',  ( -0.08571946862881171800, 0.2638173974143042100, 0.1417322834645684000 ) ) ;
#2614 = CARTESIAN_POINT ( 'NONE',  ( 0.08571946862881169000, -0.2638173974143042100, -0.1437007874015735200 ) ) ;
#2615 = CARTESIAN_POINT ( 'NONE',  ( -0.1037216991635513400, 0.3192225659635059000, -0.1363188976377940300 ) ) ;
#2616 = CARTESIAN_POINT ( 'NONE',  ( 0.3110975579716157000, 0.07232264152546547000, 0.2559055118110233900 ) ) ;
#2617 = ORIENTED_EDGE ( 'NONE', *, *, #1619, .F. ) ;
#2618 = CARTESIAN_POINT ( 'NONE',  ( 0.2249022353818885500, 0.1389844422978973600, 0.2005003432618219000 ) ) ;
#2619 = ADVANCED_FACE ( 'NONE', ( #1468 ), #3049, .F. ) ;
#2620 = CARTESIAN_POINT ( 'NONE',  ( 0.1959755045341637400, -0.4323813031101482200, 0.2559055118110240600 ) ) ;
#2621 = CARTESIAN_POINT ( 'NONE',  ( 0.1323445069586521000, -0.2829784699111827500, -0.2487073008993528900 ) ) ;
#2622 = CARTESIAN_POINT ( 'NONE',  ( 0.2244164823678092800, -0.1630481184255785600, 0.03149606299212743400 ) ) ;
#2623 = CARTESIAN_POINT ( 'NONE',  ( -0.08571946862881171800, 0.2638173974143042100, -0.2519685039370065400 ) ) ;
#2624 = CARTESIAN_POINT ( 'NONE',  ( -0.2715469337810688100, 0.1972903957414019200, 0.2603346456692928200 ) ) ;
#2625 = ORIENTED_EDGE ( 'NONE', *, *, #1993, .T. ) ;
#2626 = CARTESIAN_POINT ( 'NONE',  ( -0.2244164823678092600, -0.1630481184255786200, 0.2440944881889779400 ) ) ;
#2627 = CARTESIAN_POINT ( 'NONE',  ( 0.1550679754983104500, 0.2134327579199414600, -0.03740157480314829100 ) ) ;
#2628 = CARTESIAN_POINT ( 'NONE',  ( 0.3356504692350350000, 2.055266363904963800E-017, -0.002460629921258581300 ) ) ;
#2629 = APPROVAL ( #2190, 'UNSPECIFIED' ) ;
#2630 = CARTESIAN_POINT ( 'NONE',  ( 0.3149606299212599500, 0.04988486309434216800, -0.2342025873406743400 ) ) ;
#2631 = CARTESIAN_POINT ( 'NONE',  ( 0.1770607676506779900, -0.2656172644601206300, -0.2559055118110236100 ) ) ;
#2632 = CARTESIAN_POINT ( 'NONE',  ( 0.07741373599894141300, 0.5008329720895569000, -0.2371643225105215200 ) ) ;
#2633 = CARTESIAN_POINT ( 'NONE',  ( 0.08571946862881164900, 0.2638173974143042100, 0.2814960629921274300 ) ) ;
#2634 = CARTESIAN_POINT ( 'NONE',  ( 0.1876343164723100500, -0.2582564808524539500, 0.2957677165354346000 ) ) ;
#2635 = CARTESIAN_POINT ( 'NONE',  ( -0.2773940274779951300, -5.095645617802797000E-017, 1.434220196673737800E-015 ) ) ;
#2636 = CARTESIAN_POINT ( 'NONE',  ( -0.1851292133204641400, 0.2548085021653378500, 0.02755905511811134300 ) ) ;
#2637 = CARTESIAN_POINT ( 'NONE',  ( 0.08571946862881164900, 0.2638173974143042100, -0.1122047244094475200 ) ) ;
#2638 = CARTESIAN_POINT ( 'NONE',  ( -0.3356504692350350000, -6.165799091714889700E-017, -0.1993110236220460300 ) ) ;
#2639 = CARTESIAN_POINT ( 'NONE',  ( 0.0000000000000000000, 0.0000000000000000000, -0.2559055118110236100 ) ) ;
#2640 = CARTESIAN_POINT ( 'NONE',  ( 0.0000000000000000000, 0.0000000000000000000, 0.2559055118110236100 ) ) ;
#2641 = CARTESIAN_POINT ( 'NONE',  ( -0.2751993390282213000, 0.04660726817521522500, 0.2155565920732021000 ) ) ;
#2642 = CARTESIAN_POINT ( 'NONE',  ( 0.2801077079965875200, -0.01513661719948966100, -0.2167906538441051500 ) ) ;
#2643 = CARTESIAN_POINT ( 'NONE',  ( 0.08571946862881170400, -0.2638173974143042100, -0.2913385826771641200 ) ) ;
#2644 = EDGE_CURVE ( 'NONE', #1560, #43, #2975, .T. ) ;
#2645 = EDGE_LOOP ( 'NONE', ( #284, #2508, #173, #2080 ) ) ;
#2646 = CARTESIAN_POINT ( 'NONE',  ( 0.2509052549229022200, 0.08152405921278932400, 0.2696850393700802000 ) ) ;
#2647 = DIRECTION ( 'NONE',  ( -0.0000000000000000000, -0.0000000000000000000, -1.000000000000000000 ) ) ;
#2648 = AXIS2_PLACEMENT_3D ( 'NONE', #723, #2939, #1952 ) ;
#2649 = CARTESIAN_POINT ( 'NONE',  ( -0.2244164823678092600, -0.1630481184255786200, 0.007874015748032915000 ) ) ;
#2650 = CARTESIAN_POINT ( 'NONE',  ( 0.2679215144415875700, 0.1946563744094157700, 0.1653543307086625900 ) ) ;
#2651 = LOCAL_TIME ( 20, 0, 58.00000000000000000, #2609 ) ;
#2652 = CARTESIAN_POINT ( 'NONE',  ( -0.2773940274779951900, -5.095645617802796400E-017, -0.08858267716535303500 ) ) ;
#2653 = CARTESIAN_POINT ( 'NONE',  ( 0.0000000000000000000, 0.0000000000000000000, 0.2559055118110236100 ) ) ;
#2654 = CARTESIAN_POINT ( 'NONE',  ( -4.172172246095797300E-016, 0.5455278134075204300, -0.2137087885935243500 ) ) ;
#2655 = EDGE_LOOP ( 'NONE', ( #2134, #2391, #400, #1446, #3079, #619, #2678, #858, #1776, #1830 ) ) ;
#2656 = CARTESIAN_POINT ( 'NONE',  ( -0.1413118649340350000, 0.2869998554040553200, -0.2559055118110236700 ) ) ;
#2657 = CARTESIAN_POINT ( 'NONE',  ( -0.1023369121993405700, -0.3149606299212600000, -0.1909448818897622700 ) ) ;
#2658 = CARTESIAN_POINT ( 'NONE',  ( -4.172172246095797300E-016, 0.5455278134075204300, -0.2137087885935243500 ) ) ;
#2659 = LINE ( 'NONE', #1582, #1045 ) ;
#2660 = CARTESIAN_POINT ( 'NONE',  ( -0.2995453594630406200, -0.09732818720470792800, 0.1122047244094504400 ) ) ;
#2661 = ORIENTED_EDGE ( 'NONE', *, *, #330, .T. ) ;
#2662 = CARTESIAN_POINT ( 'NONE',  ( -0.08571946862881171800, 0.2638173974143042100, 0.1318897637795289900 ) ) ;
#2663 = CARTESIAN_POINT ( 'NONE',  ( 0.2995453594630406200, 0.09732818720470790000, 0.2401574803149618400 ) ) ;
#2664 = EDGE_LOOP ( 'NONE', ( #2820, #447, #2312, #2219 ) ) ;
#2665 = CARTESIAN_POINT ( 'NONE',  ( 0.2244164823678092800, -0.1630481184255785600, -0.04724409448818759500 ) ) ;
#2666 = CARTESIAN_POINT ( 'NONE',  ( 0.4724409448818899800, 1.182924880895401500E-016, -0.2559055118110236100 ) ) ;
#2667 = CARTESIAN_POINT ( 'NONE',  ( 0.2244164823678092800, -0.1630481184255785400, -0.05708661417322703800 ) ) ;
#2668 = CARTESIAN_POINT ( 'NONE',  ( -0.1037216991635513400, 0.3192225659635059000, -0.2937992125984240600 ) ) ;
#2669 = CARTESIAN_POINT ( 'NONE',  ( 0.3100114867400409800, -0.04662264285450838700, -0.2493112769560497700 ) ) ;
#2670 = CARTESIAN_POINT ( 'NONE',  ( 0.1400199696377431900, 0.2242719565001107000, 0.2005003432616722100 ) ) ;
#2671 = EDGE_CURVE ( 'NONE', #709, #1937, #2110, .T. ) ;
#2672 = CARTESIAN_POINT ( 'NONE',  ( 0.2679215144415875200, -0.1946563744094157700, -0.1751968503936993100 ) ) ;
#2673 = CARTESIAN_POINT ( 'NONE',  ( -0.2802231444443408800, -5.250708982892027400E-017, 0.2169060902918584800 ) ) ;
#2674 = CARTESIAN_POINT ( 'NONE',  ( 0.2509052549229022800, -0.08152405921278929600, -0.2795275590551168400 ) ) ;
#2675 = ORIENTED_EDGE ( 'NONE', *, *, #2204, .F. ) ;
#2676 = CARTESIAN_POINT ( 'NONE',  ( -0.2244164823678092600, -0.1630481184255786200, 0.1555118110236234600 ) ) ;
#2677 = AXIS2_PLACEMENT_3D ( 'NONE', #2653, #1949, #214 ) ;
#2678 = ORIENTED_EDGE ( 'NONE', *, *, #956, .T. ) ;
#2679 = CARTESIAN_POINT ( 'NONE',  ( -0.1037216991635513400, 0.3192225659635059000, 0.09498031496063136200 ) ) ;
#2680 = CARTESIAN_POINT ( 'NONE',  ( -0.1550679754983104200, -0.2134327579199414600, 0.1594488188976392300 ) ) ;
#2681 = CARTESIAN_POINT ( 'NONE',  ( 0.1037216991635512800, -0.3192225659635059000, -0.2544291338582664900 ) ) ;
#2682 = CARTESIAN_POINT ( 'NONE',  ( 0.2839715653341310900, -0.1362363698946804600, -0.2516435757687774900 ) ) ;
#2683 = CARTESIAN_POINT ( 'NONE',  ( 0.2509052549229022800, -0.08152405921278929600, 0.1929133858267731400 ) ) ;
#2684 = CARTESIAN_POINT ( 'NONE',  ( 0.08095509721069972500, -0.2597539659750202100, -0.2082685066858873700 ) ) ;
#2685 = CARTESIAN_POINT ( 'NONE',  ( 0.2527593643253630600, -0.07557991085133238000, -0.2005003432618406300 ) ) ;
#2686 =( BOUNDED_CURVE ( )  B_SPLINE_CURVE ( 2, ( #1910, #1245, #1210, #28, #1232, #1988, #1496, #1458, #993, #2484, #754, #2216, #1015 ),
 .UNSPECIFIED., .F., .F. ) 
 B_SPLINE_CURVE_WITH_KNOTS ( ( 3, 2, 2, 2, 2, 2, 3 ),
 ( 0.4062500000000000000, 0.4124999999999999800, 0.4250000000000000400, 0.4375000000000000000, 0.4500000000000000100, 0.4625000000000000200, 0.4687500000000000000 ),
 .UNSPECIFIED. ) 
 CURVE ( )  GEOMETRIC_REPRESENTATION_ITEM ( )  RATIONAL_B_SPLINE_CURVE ( ( 0.9755282581475768200, 0.9755282581475768200, 1.000000000000000000, 0.9510565162951535300, 1.000000000000000000, 0.9510565162951535300, 1.000000000000000000, 0.9510565162951535300, 1.000000000000000000, 0.9510565162951535300, 1.000000000000000000, 0.9755282581475768200, 0.9755282581475768200 ) ) 
 REPRESENTATION_ITEM ( '' )  );
#2687 = CARTESIAN_POINT ( 'NONE',  ( 0.0000000000000000000, 0.2638173974143042100, 0.1279527559055132200 ) ) ;
#2688 =( BOUNDED_CURVE ( )  B_SPLINE_CURVE ( 2, ( #986, #2710, #1233, #1738, #269, #1956, #1213, #84, #1803, #2730, #2996, #2275, #1033 ),
 .UNSPECIFIED., .F., .F. ) 
 B_SPLINE_CURVE_WITH_KNOTS ( ( 3, 2, 2, 2, 2, 2, 3 ),
 ( 0.6562500000000000000, 0.6624999999999999800, 0.6750000000000000400, 0.6875000000000000000, 0.6999999999999999600, 0.7125000000000000200, 0.7187500000000000000 ),
 .UNSPECIFIED. ) 
 CURVE ( )  GEOMETRIC_REPRESENTATION_ITEM ( )  RATIONAL_B_SPLINE_CURVE ( ( 0.9755282581475768200, 0.9755282581475768200, 1.000000000000000000, 0.9510565162951535300, 1.000000000000000000, 0.9510565162951535300, 1.000000000000000000, 0.9510565162951535300, 1.000000000000000000, 0.9510565162951535300, 1.000000000000000000, 0.9755282581475768200, 0.9755282581475768200 ) ) 
 REPRESENTATION_ITEM ( '' )  );
#2689 = CARTESIAN_POINT ( 'NONE',  ( -0.1037216991635513400, 0.3192225659635059000, 0.1737204724409463500 ) ) ;
#2690 = CARTESIAN_POINT ( 'NONE',  ( -0.3149606299212599500, -4.813149900984357200E-017, 0.1181102362204735900 ) ) ;
#2691 = CARTESIAN_POINT ( 'NONE',  ( -0.2244164823678092800, 0.1630481184255785600, 0.2185039370078754900 ) ) ;
#2692 = CARTESIAN_POINT ( 'NONE',  ( 0.1037216991635512800, -0.3192225659635059000, -0.3331692913385814700 ) ) ;
#2693 = CLOSED_SHELL ( 'NONE', ( #2839, #2303, #787, #863, #582, #1041, #375, #896, #2366, #1154, #2872, #2379, #389, #2619, #828, #1285, #1964, #2292, #3087, #186, #1301, #141, #1398, #424, #306, #1797, #2097, #658, #2571, #1351, #2337, #2727, #2048, #1743, #2112, #2743, #2590, #2890, #549, #1863, #2142, #1660 ) ) ;
#2694 = CARTESIAN_POINT ( 'NONE',  ( -0.2244164823678092800, 0.1630481184255785400, 0.07086614173228490700 ) ) ;
#2695 = CARTESIAN_POINT ( 'NONE',  ( 0.2764048988964142300, -0.3859453706243443600, -0.2549081396341280600 ) ) ;
#2696 = PLANE ( 'NONE',  #1479 ) ;
#2697 = EDGE_CURVE ( 'NONE', #353, #2858, #2494, .T. ) ;
#2698 = CARTESIAN_POINT ( 'NONE',  ( -0.1550679754983105300, 0.2134327579199414300, 0.1358267716535447300 ) ) ;
#2699 = LENGTH_MEASURE_WITH_UNIT ( LENGTH_MEASURE( 0.02539999999999999900 ), #1751 );
#2700 = CARTESIAN_POINT ( 'NONE',  ( 0.3035987015080518500, 0.09864519787070102900, 0.1540354330708675900 ) ) ;
#2701 = LINE ( 'NONE', #860, #2464 ) ;
#2702 = B_SPLINE_CURVE_WITH_KNOTS ( 'NONE', 3,
 ( #3010, #383, #1042, #857, #2576, #788, #1808, #1782 ),
 .UNSPECIFIED., .F., .F.,
 ( 4, 2, 2, 4 ),
 ( 0.007010445034807149900, 0.008756443665256692700, 0.01050244229570623600, 0.01399443955660532300 ),
 .UNSPECIFIED. ) ;
#2703 = CARTESIAN_POINT ( 'NONE',  ( -0.1562308262886494300, 0.4553279037940510300, -0.2518839387229877500 ) ) ;
#2704 = CARTESIAN_POINT ( 'NONE',  ( -0.2509052549229022800, 0.08152405921278926800, 0.1437007874015762100 ) ) ;
#2705 = VECTOR ( 'NONE', #1550, 39.37007874015748100 ) ;
#2706 = CARTESIAN_POINT ( 'NONE',  ( 0.4724409448818898100, 0.04625630099540759000, -0.2549225240748615500 ) ) ;
#2707 = CARTESIAN_POINT ( 'NONE',  ( 0.4724409448818897000, 3.414809992080329000E-017, 0.2559055118110236100 ) ) ;
#2708 = DIRECTION ( 'NONE',  ( 0.0000000000000000000, 0.0000000000000000000, 1.000000000000000000 ) ) ;
#2709 = ORIENTED_EDGE ( 'NONE', *, *, #2239, .T. ) ;
#2710 = CARTESIAN_POINT ( 'NONE',  ( 0.3149606299212600000, -0.04988486309434213300, -0.09060056226562232500 ) ) ;
#2711 = CARTESIAN_POINT ( 'NONE',  ( -0.08571946862881171800, 0.2638173974143042100, 0.05314960629921398900 ) ) ;
#2712 = B_SPLINE_CURVE_WITH_KNOTS ( 'NONE', 3,
 ( #579, #2517, #1044, #2298, #2008, #533 ),
 .UNSPECIFIED., .F., .F.,
 ( 4, 2, 4 ),
 ( 0.01265149807060002500, 0.01615736287764648500, 0.01966322768469294700 ),
 .UNSPECIFIED. ) ;
#2713 = CARTESIAN_POINT ( 'NONE',  ( 0.1876343164723100500, -0.2582564808524539500, -0.01919291338582540900 ) ) ;
#2714 = CARTESIAN_POINT ( 'NONE',  ( 0.2244164823678092800, 0.1630481184255785900, 0.2736220472440959500 ) ) ;
#2715 = CARTESIAN_POINT ( 'NONE',  ( -0.2562677147635188900, 0.3975715793041926200, -0.2559055118110240000 ) ) ;
#2716 = CARTESIAN_POINT ( 'NONE',  ( 0.2509052549229022200, 0.08152405921278932400, 0.04330708661417467800 ) ) ;
#2717 = ORIENTED_EDGE ( 'NONE', *, *, #956, .F. ) ;
#2718 = EDGE_CURVE ( 'NONE', #328, #353, #2011, .T. ) ;
#2719 = CARTESIAN_POINT ( 'NONE',  ( -0.02120081212269451700, 0.2677706523063106400, 0.2050390251532202300 ) ) ;
#2720 = CARTESIAN_POINT ( 'NONE',  ( 0.2244164823678092800, 0.1630481184255785900, -0.1200787401574790600 ) ) ;
#2721 = AXIS2_PLACEMENT_3D ( 'NONE', #684, #1164, #1436 ) ;
#2722 = CARTESIAN_POINT ( 'NONE',  ( 0.3035987015080518500, 0.09864519787070102900, 0.07529527559055258800 ) ) ;
#2723 = B_SPLINE_CURVE_WITH_KNOTS ( 'NONE', 3,
 ( #2980, #1477, #2706, #971, #1979, #507, #498, #2453 ),
 .UNSPECIFIED., .F., .F.,
 ( 4, 2, 2, 4 ),
 ( 0.01966322768469294700, 0.02141737075373057900, 0.02317151382276821200, 0.02667979996084347800 ),
 .UNSPECIFIED. ) ;
#2724 = CARTESIAN_POINT ( 'NONE',  ( 0.2773940274779951300, 1.698548539267599100E-017, 0.1870078740157494800 ) ) ;
#2725 = CARTESIAN_POINT ( 'NONE',  ( -0.2362204724409452100, 0.4091458600556403000, -0.2559055118110236100 ) ) ;
#2726 = CARTESIAN_POINT ( 'NONE',  ( 0.2244164823678092800, -0.1630481184255785400, 0.1889763779527574300 ) ) ;
#2727 = ADVANCED_FACE ( 'NONE', ( #316 ), #1546, .T. ) ;
#2728 = CARTESIAN_POINT ( 'NONE',  ( -0.2072171576302998300, 0.1804447230347200600, 0.2112030460100831100 ) ) ;
#2729 = CARTESIAN_POINT ( 'NONE',  ( 0.3149606299212599500, 1.750236327630675500E-017, 0.1476377952755921500 ) ) ;
#2730 = CARTESIAN_POINT ( 'NONE',  ( -0.2679215144415874600, -0.1946563744094158600, -0.1200787401574787800 ) ) ;
#2731 = CARTESIAN_POINT ( 'NONE',  ( -0.1550679754983105300, 0.2134327579199414300, -0.1791338582677152500 ) ) ;
#2732 = B_SPLINE_CURVE_WITH_KNOTS ( 'NONE', 3,
 ( #421, #2430, #261, #1478, #499, #1001, #1980, #731, #1222, #2224, #2214, #742, #3189, #753, #2462, #992, #519, #1487, #27, #2952, #1734, #267, #760, #1456, #957, #1467, #2684, #1208, #1520, #2438, #2450, #1243, #2772, #321, #1771, #2785, #2534, #1544, #2042, #1760 ),
 .UNSPECIFIED., .F., .F.,
 ( 4, 2, 2, 2, 2, 2, 2, 2, 2, 2, 2, 2, 2, 2, 2, 2, 2, 2, 2, 4 ),
 ( 0.03158713108463995200, 0.03282570380410150500, 0.03344499016383228200, 0.03406427652356305800, 0.03530284924302461200, 0.03592213560275538800, 0.03654142196248616500, 0.03777999468194771800, 0.03901856740140927100, 0.04025714012087082400, 0.04149571284033237000, 0.04273428555979392300, 0.04397285827925547000, 0.04521143099871702300, 0.04645000371817857600, 0.04768857643764012900, 0.04830786279737089800, 0.04892714915710167500, 0.05016572187656322800, 0.05140429459602478100 ),
 .UNSPECIFIED. ) ;
#2733 = CARTESIAN_POINT ( 'NONE',  ( -0.2715469337810687600, -0.1972903957414020300, -0.1176181102362191100 ) ) ;
#2734 = CARTESIAN_POINT ( 'NONE',  ( -0.1550679754983105300, 0.2134327579199414300, -0.1003937007874002900 ) ) ;
#2735 = DIRECTION ( 'NONE',  ( 0.0000000000000000000, 0.0000000000000000000, -1.000000000000000000 ) ) ;
#2736 = EDGE_CURVE ( 'NONE', #1912, #2824, #2965, .T. ) ;
#2737 = CARTESIAN_POINT ( 'NONE',  ( -0.1351576940097535300, 0.2844865482765769300, 0.2516435757687114900 ) ) ;
#2738 = CARTESIAN_POINT ( 'NONE',  ( 0.2679215144415875200, 0.1946563744094158000, -0.2381889763779513300 ) ) ;
#2739 = ORIENTED_EDGE ( 'NONE', *, *, #2500, .F. ) ;
#2740 = FACE_OUTER_BOUND ( 'NONE', #1786, .T. ) ;
#2741 = CARTESIAN_POINT ( 'NONE',  ( -0.2244164823678092800, 0.1630481184255785600, -0.1751968503936995300 ) ) ;
#2742 = CARTESIAN_POINT ( 'NONE',  ( 0.1037216991635512800, -0.3192225659635059000, -0.2593503937007861600 ) ) ;
#2743 = ADVANCED_FACE ( 'NONE', ( #1976 ), #1198, .T. ) ;
#2744 = FACE_OUTER_BOUND ( 'NONE', #1109, .T. ) ;
#2745 = CARTESIAN_POINT ( 'NONE',  ( -0.2509052549229022800, 0.08152405921278926800, 0.06496062992126122600 ) ) ;
#2746 = DIRECTION ( 'NONE',  ( 1.000000000000000000, 1.776356839400250500E-015, 0.0000000000000000000 ) ) ;
#2747 = VERTEX_POINT ( 'NONE', #473 ) ;
#2748 = CARTESIAN_POINT ( 'NONE',  ( -0.2244164823678092600, -0.1630481184255786500, -0.07086614173228207600 ) ) ;
#2749 = ORIENTED_EDGE ( 'NONE', *, *, #2671, .T. ) ;
#2750 = CARTESIAN_POINT ( 'NONE',  ( 0.2404003021708038000, 0.2110598867895470400, -0.2559055118110235600 ) ) ;
#2751 = CARTESIAN_POINT ( 'NONE',  ( 0.1023369121993406000, 0.3149606299212599500, -0.2303149606299198000 ) ) ;
#2752 = CARTESIAN_POINT ( 'NONE',  ( 0.2527593643254962800, 0.07557991085088647300, 0.2005003432618219000 ) ) ;
#2753 = CARTESIAN_POINT ( 'NONE',  ( -0.4724409448818899800, 0.2286518741828064700, 0.2264428355187612100 ) ) ;
#2754 = CARTESIAN_POINT ( 'NONE',  ( 0.0000000000000000000, 0.2638173974143042100, -0.02952755905511677100 ) ) ;
#2755 = ORIENTED_EDGE ( 'NONE', *, *, #872, .F. ) ;
#2756 = CARTESIAN_POINT ( 'NONE',  ( -0.3035987015080518500, -0.09864519787070105700, -0.1215551181102349200 ) ) ;
#2757 = CARTESIAN_POINT ( 'NONE',  ( 0.08571946862881170400, -0.2638173974143042100, -0.06496062992125849200 ) ) ;
#2758 = ORIENTED_EDGE ( 'NONE', *, *, #1602, .T. ) ;
#2759 = CARTESIAN_POINT ( 'NONE',  ( -0.2509052549229022200, -0.08152405921278936500, -0.1535433070866128500 ) ) ;
#2760 = EDGE_CURVE ( 'NONE', #1981, #273, #657, .T. ) ;
#2761 = CARTESIAN_POINT ( 'NONE',  ( 0.1023369121993406400, -0.3149606299212599500, 0.05314960629921415500 ) ) ;
#2762 = CARTESIAN_POINT ( 'NONE',  ( 0.04162541426619979800, 0.3171979049267249500, -0.2559055118110236700 ) ) ;
#2763 = CARTESIAN_POINT ( 'NONE',  ( -0.2161732301183709200, -0.4207201408070879700, 0.2559055118110241100 ) ) ;
#2764 = CARTESIAN_POINT ( 'NONE',  ( 0.2995453594630406200, 0.09732818720470790000, -0.08464566929133708600 ) ) ;
#2765 = CARTESIAN_POINT ( 'NONE',  ( -0.2773940274779951300, -5.095645617802797000E-017, -0.2460629921259830700 ) ) ;
#2766 = CARTESIAN_POINT ( 'NONE',  ( 0.1876343164723100200, 0.2582564808524540100, -0.07431102362204589100 ) ) ;
#2767 = CARTESIAN_POINT ( 'NONE',  ( -0.2244164823678092600, -0.1630481184255786200, -0.001968503937006530400 ) ) ;
#2768 = CARTESIAN_POINT ( 'NONE',  ( -0.1990290979520431300, 0.2509731507385648500, 0.2559055118110228900 ) ) ;
#2769 = CARTESIAN_POINT ( 'NONE',  ( -0.2509052549229022800, 0.08152405921278926800, -0.003937007874014324600 ) ) ;
#2770 = CARTESIAN_POINT ( 'NONE',  ( 0.3186988483356812400, 0.02105293421255220400, -0.2559055118110237200 ) ) ;
#2771 = CARTESIAN_POINT ( 'NONE',  ( -0.2244164823678092800, 0.1630481184255785600, -0.2539370078740145200 ) ) ;
#2772 = CARTESIAN_POINT ( 'NONE',  ( 0.1897784466555027200, -0.1890456131840285700, -0.2044272056798808700 ) ) ;
#2773 = ORIENTED_EDGE ( 'NONE', *, *, #501, .T. ) ;
#2774 = CARTESIAN_POINT ( 'NONE',  ( -0.1002052384225034400, -0.3033159505342688500, -0.2559055118110235600 ) ) ;
#2775 = B_SPLINE_CURVE_WITH_KNOTS ( 'NONE', 3,
 ( #545, #1509, #2288, #42, #286, #1306, #2032, #1271 ),
 .UNSPECIFIED., .F., .F.,
 ( 4, 2, 2, 4 ),
 ( 0.001958418631336153000, 0.002793554949357457800, 0.003628691267378763100, 0.005298963903421372700 ),
 .UNSPECIFIED. ) ;
#2776 = CARTESIAN_POINT ( 'NONE',  ( -0.3356504692350350000, -6.165799091714889700E-017, -0.04675196850393567600 ) ) ;
#2777 = VERTEX_POINT ( 'NONE', #2654 ) ;
#2778 = CARTESIAN_POINT ( 'NONE',  ( -0.08571946862881160700, -0.2638173974143042700, -0.07283464566929001600 ) ) ;
#2779 = CARTESIAN_POINT ( 'NONE',  ( 0.0000000000000000000, 0.0000000000000000000, 0.2559055118110236100 ) ) ;
#2780 = FACE_OUTER_BOUND ( 'NONE', #1160, .T. ) ;
#2781 = CARTESIAN_POINT ( 'NONE',  ( 0.2509052549229022800, -0.08152405921278929600, -0.1220472440944868300 ) ) ;
#2782 = CARTESIAN_POINT ( 'NONE',  ( 0.3192225659635060100, 3.682453477426750100E-013, -0.2559055118110236100 ) ) ;
#2783 = CARTESIAN_POINT ( 'NONE',  ( -0.1023369121993405700, -0.3149606299212600600, 0.1338582677165365800 ) ) ;
#2784 = CARTESIAN_POINT ( 'NONE',  ( 0.3035987015080519000, -0.09864519787070098700, 0.1510826771653556700 ) ) ;
#2785 = CARTESIAN_POINT ( 'NONE',  ( 0.2201354922869141200, -0.1506793258797025100, -0.2029519918768420400 ) ) ;
#2786 = AXIS2_PLACEMENT_3D ( 'NONE', #1597, #608, #2802 ) ;
#2787 = CARTESIAN_POINT ( 'NONE',  ( -0.1934561901725727300, -0.2541978433114961400, -0.2559055118110236100 ) ) ;
#2788 = ORIENTED_EDGE ( 'NONE', *, *, #2736, .T. ) ;
#2789 = CARTESIAN_POINT ( 'NONE',  ( 0.1550679754983104500, 0.2134327579199414600, 0.1299212598425211500 ) ) ;
#2790 =( BOUNDED_CURVE ( )  B_SPLINE_CURVE ( 2, ( #2690, #2210, #3050, #1291, #1053, #2783, #570, #767, #295, #2030, #1770, #2483, #2525 ),
 .UNSPECIFIED., .F., .F. ) 
 B_SPLINE_CURVE_WITH_KNOTS ( ( 3, 2, 2, 2, 2, 2, 3 ),
 ( 0.7187500000000000000, 0.7249999999999999800, 0.7375000000000000400, 0.7500000000000000000, 0.7624999999999999600, 0.7750000000000000200, 0.7812500000000000000 ),
 .UNSPECIFIED. ) 
 CURVE ( )  GEOMETRIC_REPRESENTATION_ITEM ( )  RATIONAL_B_SPLINE_CURVE ( ( 0.9755282581475768200, 0.9755282581475768200, 1.000000000000000000, 0.9510565162951535300, 1.000000000000000000, 0.9510565162951535300, 1.000000000000000000, 0.9510565162951535300, 1.000000000000000000, 0.9510565162951535300, 1.000000000000000000, 0.9755282581475768200, 0.9755282581475768200 ) ) 
 REPRESENTATION_ITEM ( '' )  );
#2791 = DIRECTION ( 'NONE',  ( -0.0000000000000000000, -0.0000000000000000000, -1.000000000000000000 ) ) ;
#2792 = CARTESIAN_POINT ( 'NONE',  ( 0.3149606299212599500, 0.04988486309434216800, 0.1496556803758616600 ) ) ;
#2793 = CARTESIAN_POINT ( 'NONE',  ( -0.2715469337810687600, -0.1972903957414020300, 0.2022637795275604200 ) ) ;
#2794 = CARTESIAN_POINT ( 'NONE',  ( 0.2930474724841086200, -0.1272696773085749400, -0.2559055118110237800 ) ) ;
#2795 = VERTEX_POINT ( 'NONE', #1683 ) ;
#2796 = CARTESIAN_POINT ( 'NONE',  ( 0.05116068639156874700, -0.3153197408763227500, -0.2559055118110228900 ) ) ;
#2797 = CARTESIAN_POINT ( 'NONE',  ( 0.08571946862881164900, 0.2638173974143042100, 0.2125984251968519000 ) ) ;
#2798 = CARTESIAN_POINT ( 'NONE',  ( -0.3948735442665969300, -0.3175474663293391100, 0.2372015565080942400 ) ) ;
#2799 = DIRECTION ( 'NONE',  ( 1.000000000000000000, 0.0000000000000000000, 0.0000000000000000000 ) ) ;
#2800 = CARTESIAN_POINT ( 'NONE',  ( 0.2161732301183708600, 0.4207201408070880300, 0.2559055118110240000 ) ) ;
#2801 = CARTESIAN_POINT ( 'NONE',  ( 0.1037216991635512600, 0.3192225659635059000, 0.2495078740157493600 ) ) ;
#2802 = DIRECTION ( 'NONE',  ( -1.000000000000000000, 0.0000000000000000000, 0.0000000000000000000 ) ) ;
#2803 = CARTESIAN_POINT ( 'NONE',  ( 0.1920597908296304000, 0.2368952207127806600, -0.2410274473942574700 ) ) ;
#2804 = CARTESIAN_POINT ( 'NONE',  ( -0.1838333394628096100, -0.2612412045077225900, -0.2559055118110235000 ) ) ;
#2805 = SECURITY_CLASSIFICATION ( '', '', #959 ) ;
#2806 = CARTESIAN_POINT ( 'NONE',  ( 0.2773940274779951300, 1.698548539267599100E-017, 0.03937007874015891600 ) ) ;
#2807 = CARTESIAN_POINT ( 'NONE',  ( 0.05758683639609815700, -0.2887209806014113300, 0.2309364270906217900 ) ) ;
#2808 = CARTESIAN_POINT ( 'NONE',  ( 0.3192225659635061200, 2.842220813703023200E-017, -0.2559055118110236100 ) ) ;
#2809 = CARTESIAN_POINT ( 'NONE',  ( 0.3002252438930270700, 0.07730162341169372100, -0.2460884524635593200 ) ) ;
#2810 = CARTESIAN_POINT ( 'NONE',  ( 0.1851292133204640900, 0.2548085021653378500, 0.1594488188976394000 ) ) ;
#2811 = CARTESIAN_POINT ( 'NONE',  ( 0.1550679754983104500, 0.2134327579199414600, -0.2736220472440932200 ) ) ;
#2812 = CARTESIAN_POINT ( 'NONE',  ( -0.2995453594630406200, 0.09732818720470784400, -0.1220472440944871300 ) ) ;
#2813 = ORIENTED_EDGE ( 'NONE', *, *, #89, .F. ) ;
#2814 = CARTESIAN_POINT ( 'NONE',  ( 0.2773940274779951300, 1.698548539267599100E-017, -0.2854330708661405000 ) ) ;
#2815 = CARTESIAN_POINT ( 'NONE',  ( -0.1550679754983105300, 0.2134327579199414300, 0.2244094488188991500 ) ) ;
#2816 = LINE ( 'NONE', #2503, #2280 ) ;
#2817 = CARTESIAN_POINT ( 'NONE',  ( 0.2098993953816931900, -0.2129721333626847200, 0.2355518615595391900 ) ) ;
#2818 = EDGE_CURVE ( 'NONE', #2747, #1252, #1542, .T. ) ;
#2819 = CARTESIAN_POINT ( 'NONE',  ( 0.1049360484224220500, 0.2969656952273847500, 0.2516435757687774400 ) ) ;
#2820 = ORIENTED_EDGE ( 'NONE', *, *, #3069, .F. ) ;
#2821 = CARTESIAN_POINT ( 'NONE',  ( -0.2995453594630406200, -0.09732818720470792800, 0.1909448818897653800 ) ) ;
#2822 = CARTESIAN_POINT ( 'NONE',  ( 0.2244164823678092800, 0.1630481184255786200, 0.03740157480315098300 ) ) ;
#2823 = CARTESIAN_POINT ( 'NONE',  ( 0.2684896765287179100, -0.1731730945236036300, -0.2559055118110237800 ) ) ;
#2824 = VERTEX_POINT ( 'NONE', #1693 ) ;
#2825 = ORIENTED_EDGE ( 'NONE', *, *, #575, .T. ) ;
#2826 = DIRECTION ( 'NONE',  ( -0.0000000000000000000, -0.0000000000000000000, -1.000000000000000000 ) ) ;
#2827 = CARTESIAN_POINT ( 'NONE',  ( 0.2509052549229022200, 0.08152405921278932400, 0.2007874015748046800 ) ) ;
#2828 = ORIENTED_EDGE ( 'NONE', *, *, #387, .T. ) ;
#2829 = CARTESIAN_POINT ( 'NONE',  ( -0.2244164823678092600, -0.1630481184255786200, -0.1594488188976364900 ) ) ;
#2830 = CARTESIAN_POINT ( 'NONE',  ( 0.1023369121993406000, 0.3149606299212599500, 0.2421259842519701300 ) ) ;
#2831 = ORIENTED_EDGE ( 'NONE', *, *, #2465, .T. ) ;
#2832 = CARTESIAN_POINT ( 'NONE',  ( -0.3149606299212599500, -5.250708982892026700E-017, 0.1870078740157496400 ) ) ;
#2833 = PLANE ( 'NONE',  #310 ) ;
#2834 = CARTESIAN_POINT ( 'NONE',  ( 0.3135739651341601400, 0.06243459016411808500, -0.2559055118110225000 ) ) ;
#2835 = CARTESIAN_POINT ( 'NONE',  ( 0.3149606299212600000, -0.04988486309434213300, -0.2382383575412134200 ) ) ;
#2836 = CARTESIAN_POINT ( 'NONE',  ( 0.0000000000000000000, 0.0000000000000000000, 0.2559055118110236100 ) ) ;
#2837 = CARTESIAN_POINT ( 'NONE',  ( 0.2244164823678092800, 0.1630481184255785900, -0.1889763779527545700 ) ) ;
#2838 = EDGE_CURVE ( 'NONE', #277, #1085, #623, .T. ) ;
#2839 = ADVANCED_FACE ( 'NONE', ( #1861 ), #550, .F. ) ;
#2840 = CARTESIAN_POINT ( 'NONE',  ( -0.4724409448818899200, -0.2727639067037602200, 0.2559055118110236100 ) ) ;
#2841 = CARTESIAN_POINT ( 'NONE',  ( -0.08571946862881160700, -0.2638173974143042700, 0.1732283464566944400 ) ) ;
#2842 = CARTESIAN_POINT ( 'NONE',  ( 0.2244164823678092800, -0.1630481184255785400, 0.1791338582677179900 ) ) ;
#2843 = CARTESIAN_POINT ( 'NONE',  ( -0.3035987015080519000, 0.09864519787070096000, -0.1245078740157468300 ) ) ;
#2844 = CARTESIAN_POINT ( 'NONE',  ( 0.2989287150905595200, 0.1124850045335552100, 0.2559055118110236700 ) ) ;
#2845 = ORIENTED_EDGE ( 'NONE', *, *, #1063, .T. ) ;
#2846 = CARTESIAN_POINT ( 'NONE',  ( -0.4724409448818899800, 0.1156843341260767500, 0.2481305812353108200 ) ) ;
#2847 = CARTESIAN_POINT ( 'NONE',  ( -0.2362204724409447700, -0.4091458600556406300, -0.2559055118110236100 ) ) ;
#2848 = CARTESIAN_POINT ( 'NONE',  ( -0.2244164823678092600, -0.1630481184255786200, -0.07086614173228207600 ) ) ;
#2849 = VERTEX_POINT ( 'NONE', #676 ) ;
#2850 = CARTESIAN_POINT ( 'NONE',  ( -0.08571946862881171800, 0.2638173974143042100, 0.06299212598425342500 ) ) ;
#2851 = CARTESIAN_POINT ( 'NONE',  ( 0.08571946862881164900, 0.2638173974143042100, 0.04527559055118247200 ) ) ;
#2852 = CARTESIAN_POINT ( 'NONE',  ( -0.1876343164723100800, 0.2582564808524539500, -0.05364173228346330600 ) ) ;
#2853 = CARTESIAN_POINT ( 'NONE',  ( 0.1031564201522077600, 0.3028139566936873800, 0.2559055118110236100 ) ) ;
#2854 = FACE_OUTER_BOUND ( 'NONE', #474, .T. ) ;
#2855 = CARTESIAN_POINT ( 'NONE',  ( -0.1959755045341639600, 0.4323813031101481100, 0.2559055118110240600 ) ) ;
#2856 = FACE_OUTER_BOUND ( 'NONE', #939, .T. ) ;
#2857 = CARTESIAN_POINT ( 'NONE',  ( -0.08571946862881160700, -0.2638173974143042700, -0.06299212598425055200 ) ) ;
#2858 = VERTEX_POINT ( 'NONE', #1392 ) ;
#2859 = CARTESIAN_POINT ( 'NONE',  ( -0.08571946862881160700, -0.2638173974143042700, -0.2204724409448805000 ) ) ;
#2860 = EDGE_CURVE ( 'NONE', #288, #2570, #74, .T. ) ;
#2861 = CARTESIAN_POINT ( 'NONE',  ( 0.2509052549229022800, -0.08152405921278929600, 0.2716535433070881900 ) ) ;
#2862 = CARTESIAN_POINT ( 'NONE',  ( 0.1550679754983105000, -0.2134327579199414300, 0.01771653543307222900 ) ) ;
#2863 = CARTESIAN_POINT ( 'NONE',  ( -0.3035987015080518500, -0.09864519787070105700, -0.03789370078740034200 ) ) ;
#2864 = CARTESIAN_POINT ( 'NONE',  ( -0.3186988483356810200, -0.02105293421255309500, 0.2559055118110235600 ) ) ;
#2865 = ORIENTED_EDGE ( 'NONE', *, *, #2523, .F. ) ;
#2866 = DIRECTION ( 'NONE',  ( 0.0000000000000000000, 0.0000000000000000000, 1.000000000000000000 ) ) ;
#2867 = DIRECTION ( 'NONE',  ( 1.000000000000000000, 0.0000000000000000000, -0.0000000000000000000 ) ) ;
#2868 = CARTESIAN_POINT ( 'NONE',  ( 0.08571946862881164900, 0.2638173974143042100, -0.1023622047244080700 ) ) ;
#2869 = VERTEX_POINT ( 'NONE', #415 ) ;
#2870 = CARTESIAN_POINT ( 'NONE',  ( -0.2509052549229022800, 0.08152405921278926800, -0.2401574803149593200 ) ) ;
#2871 = CARTESIAN_POINT ( 'NONE',  ( -0.1037216991635513400, 0.3192225659635059000, 0.2524606299212613400 ) ) ;
#2872 = ADVANCED_FACE ( 'NONE', ( #2610 ), #100, .F. ) ;
#2873 = CARTESIAN_POINT ( 'NONE',  ( 0.2244164823678092800, -0.1630481184255785600, 0.1102362204724424300 ) ) ;
#2874 = CARTESIAN_POINT ( 'NONE',  ( 0.2509052549229022200, 0.08152405921278932400, -0.04527559055117980800 ) ) ;
#2875 = CARTESIAN_POINT ( 'NONE',  ( 0.1037216991635512600, 0.3192225659635059000, -0.06545275590551054300 ) ) ;
#2876 = CARTESIAN_POINT ( 'NONE',  ( 0.2185021628277040400, 0.2329547980442131200, 0.2559055118110236100 ) ) ;
#2877 = CARTESIAN_POINT ( 'NONE',  ( -0.3149606299212600000, 0.04988486309434210500, -0.1988682788010559300 ) ) ;
#2878 = CARTESIAN_POINT ( 'NONE',  ( 0.1023369121993406000, 0.3149606299212599500, -0.1515748031496048100 ) ) ;
#2879 = CARTESIAN_POINT ( 'NONE',  ( 0.1049360484230059100, -0.2969656952271076400, -0.2516435757687106600 ) ) ;
#2880 = EDGE_CURVE ( 'NONE', #126, #1441, #965, .T. ) ;
#2881 = CARTESIAN_POINT ( 'NONE',  ( 0.2773940274779951300, 1.698548539267599100E-017, -0.2755905511811010400 ) ) ;
#2882 = CARTESIAN_POINT ( 'NONE',  ( 0.1876343164723100200, 0.2582564808524540100, 0.2406496062992141100 ) ) ;
#2883 = AXIS2_PLACEMENT_3D ( 'NONE', #124, #1844, #2338 ) ;
#2884 = CARTESIAN_POINT ( 'NONE',  ( -0.2244164823678092600, -0.1630481184255786200, -0.07086614173228207600 ) ) ;
#2885 = CARTESIAN_POINT ( 'NONE',  ( 0.08571946862881164900, 0.2638173974143042100, -0.1909448818897625000 ) ) ;
#2886 = CARTESIAN_POINT ( 'NONE',  ( 0.1876343164723100200, 0.2582564808524540100, -0.06938976377952633900 ) ) ;
#2887 = CARTESIAN_POINT ( 'NONE',  ( 0.01034796747383357600, -0.3192241966260499500, 0.2559055118110238300 ) ) ;
#2889 = CARTESIAN_POINT ( 'NONE',  ( -0.08287370297251818500, 0.3089874861848173100, -0.2559055118110235600 ) ) ;
#2888 = APPROVAL_DATE_TIME ( #1652, #2934 ) ;
#2890 = ADVANCED_FACE ( 'NONE', ( #1706 ), #300, .T. ) ;
#2891 = CARTESIAN_POINT ( 'NONE',  ( 3.857155272905051100E-017, -0.3149606299212600000, -0.1870078740157465600 ) ) ;
#2892 = CARTESIAN_POINT ( 'NONE',  ( 0.2773940274779951300, 1.698548539267599100E-017, -0.2755905511811010400 ) ) ;
#2893 = APPROVAL_PERSON_ORGANIZATION ( #2495, #2629, #238 ) ;
#2894 = ORIENTED_EDGE ( 'NONE', *, *, #1372, .T. ) ;
#2895 = CARTESIAN_POINT ( 'NONE',  ( 0.2509052549229022200, 0.08152405921278932400, -0.1141732283464553200 ) ) ;
#2896 = CARTESIAN_POINT ( 'NONE',  ( -0.1037216991635512300, -0.3192225659635060700, 0.2839566929133873200 ) ) ;
#2897 = VECTOR ( 'NONE', #1806, 39.37007874015748100 ) ;
#2898 = CARTESIAN_POINT ( 'NONE',  ( 0.08571946862881170400, -0.2638173974143042100, 0.02362204724409591700 ) ) ;
#2899 = CARTESIAN_POINT ( 'NONE',  ( 0.0000000000000000000, 0.3149606299212600000, 0.1771653543307098500 ) ) ;
#2900 = CARTESIAN_POINT ( 'NONE',  ( -0.08571946862881173200, 0.2638173974143042100, -0.1043307086614160100 ) ) ;
#2901 = CARTESIAN_POINT ( 'NONE',  ( -0.1037216991635512300, -0.3192225659635060700, -0.2623031496062980800 ) ) ;
#2902 = CARTESIAN_POINT ( 'NONE',  ( 0.3089879622421426400, -0.08284159767201744500, 0.2559055118110237200 ) ) ;
#2903 = ORIENTED_EDGE ( 'NONE', *, *, #631, .F. ) ;
#2904 = CARTESIAN_POINT ( 'NONE',  ( 0.0000000000000000000, 0.0000000000000000000, 0.2559055118110236100 ) ) ;
#2905 = EDGE_CURVE ( 'NONE', #1473, #1981, #1236, .T. ) ;
#2906 = CARTESIAN_POINT ( 'NONE',  ( 0.1851292133204640900, 0.2548085021653378500, -0.1555118110236205800 ) ) ;
#2907 = ORIENTED_EDGE ( 'NONE', *, *, #457, .F. ) ;
#2908 = CARTESIAN_POINT ( 'NONE',  ( 0.08571946862881170400, -0.2638173974143042100, 0.2500000000000014400 ) ) ;
#2909 = DIRECTION ( 'NONE',  ( -0.0000000000000000000, -0.0000000000000000000, -1.000000000000000000 ) ) ;
#2910 = VERTEX_POINT ( 'NONE', #2183 ) ;
#2911 = CARTESIAN_POINT ( 'NONE',  ( -0.08571946862881160700, -0.2638173974143042700, -0.06299212598425055200 ) ) ;
#2912 = CARTESIAN_POINT ( 'NONE',  ( -0.3149606299212599500, -4.813149900984357200E-017, 0.1968503937007885800 ) ) ;
#2913 = CARTESIAN_POINT ( 'NONE',  ( -0.1550679754983104200, -0.2134327579199414600, -0.1555118110236207700 ) ) ;
#2914 = CARTESIAN_POINT ( 'NONE',  ( 0.0000000000000000000, 0.0000000000000000000, 0.2559055118110236100 ) ) ;
#2915 = APPROVAL ( #1822, 'UNSPECIFIED' ) ;
#2916 = CARTESIAN_POINT ( 'NONE',  ( 0.2679215144415875700, 0.1946563744094157700, -0.2283464566929123700 ) ) ;
#2917 = CARTESIAN_POINT ( 'NONE',  ( -0.1023369121993406800, 0.3149606299212599500, -0.1437007874015733500 ) ) ;
#2918 = CARTESIAN_POINT ( 'NONE',  ( 0.2244164823678092800, 0.1630481184255785900, -0.2677165354330695600 ) ) ;
#2919 = CARTESIAN_POINT ( 'NONE',  ( 0.2244164823678092800, -0.1630481184255785600, 0.1791338582677179900 ) ) ;
#2920 = CARTESIAN_POINT ( 'NONE',  ( 0.3035987015080519000, -0.09864519787070098700, 0.3036417322834660800 ) ) ;
#2921 = CARTESIAN_POINT ( 'NONE',  ( -0.1550679754983105300, 0.2134327579199414300, -0.01181102362204580800 ) ) ;
#2922 = CARTESIAN_POINT ( 'NONE',  ( -0.1562005012108280400, -0.4553454119858941800, -0.2510484196704753100 ) ) ;
#2923 = CARTESIAN_POINT ( 'NONE',  ( 0.2035271001662772600, 0.1782251429787499200, -0.1976329793545710300 ) ) ;
#2924 = CARTESIAN_POINT ( 'NONE',  ( -0.3149606299212599500, -0.04988486309434220200, -0.03735219363988686500 ) ) ;
#2925 = CARTESIAN_POINT ( 'NONE',  ( 0.3149606299212599500, 1.750236327630675500E-017, -0.009842519685037839900 ) ) ;
#2926 = CARTESIAN_POINT ( 'NONE',  ( -0.2662719492355515900, 0.08035170181499258500, 0.2145709693688125100 ) ) ;
#2927 = CARTESIAN_POINT ( 'NONE',  ( 0.2161732301183708600, 0.4207201408070880300, -0.2559055118110240000 ) ) ;
#2928 = CARTESIAN_POINT ( 'NONE',  ( 0.2679215144415875200, -0.1946563744094157700, 0.1397637795275606400 ) ) ;
#2929 = EDGE_CURVE ( 'NONE', #2869, #756, #1018, .T. ) ;
#2930 = ADVANCED_BREP_SHAPE_REPRESENTATION ( '90591A220_Zinc-Plated Steel Hex Nut', ( #2347, #2469 ), #2408 ) ;
#2931 = CARTESIAN_POINT ( 'NONE',  ( 0.1550679754983104500, 0.2134327579199414600, 0.1200787401574817100 ) ) ;
#2932 =( BOUNDED_CURVE ( )  B_SPLINE_CURVE ( 2, ( #2737, #2490, #1023, #2830, #1331, #2553, #823, #1840, #359 ),
 .UNSPECIFIED., .F., .F. ) 
 B_SPLINE_CURVE_WITH_KNOTS ( ( 3, 2, 2, 2, 3 ),
 ( 0.1161939955385504300, 0.1250000000000000000, 0.1375000000000000100, 0.1499999999999999900, 0.1562500000000000000 ),
 .UNSPECIFIED. ) 
 CURVE ( )  GEOMETRIC_REPRESENTATION_ITEM ( )  RATIONAL_B_SPLINE_CURVE ( ( 0.9796211292081737900, 0.9655202771308990500, 1.000000000000000000, 0.9510565162951535300, 1.000000000000000000, 0.9510565162951535300, 1.000000000000000000, 0.9755282581475768200, 0.9755282581475768200 ) ) 
 REPRESENTATION_ITEM ( '' )  );
#2933 = CARTESIAN_POINT ( 'NONE',  ( 3.909348936228124300E-017, -0.3192225659635060100, 0.05167322834645810700 ) ) ;
#2934 = APPROVAL ( #3141, 'UNSPECIFIED' ) ;
#2935 = DIRECTION ( 'NONE',  ( 1.000000000000000000, 0.0000000000000000000, 0.0000000000000000000 ) ) ;
#2936 = CARTESIAN_POINT ( 'NONE',  ( 0.2244164823678092800, 0.1630481184255785900, 0.1161417322834659600 ) ) ;
#2937 = CARTESIAN_POINT ( 'NONE',  ( -0.3035987015080518500, -0.09864519787070105700, -0.2741141732283453000 ) ) ;
#2938 = CARTESIAN_POINT ( 'NONE',  ( 0.08571946862881164900, 0.2638173974143042100, 0.05511811023622191500 ) ) ;
#2939 = DIRECTION ( 'NONE',  ( -0.0000000000000000000, -0.0000000000000000000, -1.000000000000000000 ) ) ;
#2940 = CARTESIAN_POINT ( 'NONE',  ( 0.03864257021002123800, -0.5232175150945856900, -0.2265896453302099200 ) ) ;
#2941 = DIRECTION ( 'NONE',  ( 0.0000000000000000000, 0.0000000000000000000, 1.000000000000000000 ) ) ;
#2942 = CARTESIAN_POINT ( 'NONE',  ( 0.2244164823678092800, 0.1630481184255785900, 0.03740157480315099000 ) ) ;
#2943 = CARTESIAN_POINT ( 'NONE',  ( 0.1037216991635512800, -0.3192225659635059000, 0.1343503937007888000 ) ) ;
#2944 = B_SPLINE_CURVE_WITH_KNOTS ( 'NONE', 3,
 ( #1961, #234, #497, #737, #1691, #2221 ),
 .UNSPECIFIED., .F., .F.,
 ( 4, 2, 4 ),
 ( 0.01265149807060002500, 0.01615736287764648500, 0.01966322768469294700 ),
 .UNSPECIFIED. ) ;
#2945 = ORIENTED_EDGE ( 'NONE', *, *, #1455, .F. ) ;
#2946 = VERTEX_POINT ( 'NONE', #1930 ) ;
#2947 = CARTESIAN_POINT ( 'NONE',  ( -0.3149606299212599500, -4.813149900984357200E-017, 0.03937007874015861800 ) ) ;
#2948 = CARTESIAN_POINT ( 'NONE',  ( 0.0000000000000000000, 0.2638173974143042100, 0.1279527559055132200 ) ) ;
#2949 = CARTESIAN_POINT ( 'NONE',  ( -0.3035987015080518500, -0.09864519787070105700, -0.1953740157480303400 ) ) ;
#2950 = CARTESIAN_POINT ( 'NONE',  ( 0.1550679754983104500, 0.2134327579199414600, 0.05118110236220619500 ) ) ;
#2951 = EDGE_CURVE ( 'NONE', #3180, #1365, #968, .T. ) ;
#2952 = CARTESIAN_POINT ( 'NONE',  ( -0.08033485230596011700, -0.2648864719140328100, -0.2130036120173880700 ) ) ;
#2953 = CARTESIAN_POINT ( 'NONE',  ( 0.2564434217190337800, -0.06325944110641278100, -0.2005003432618219500 ) ) ;
#2954 = ORIENTED_EDGE ( 'NONE', *, *, #575, .F. ) ;
#2955 = CARTESIAN_POINT ( 'NONE',  ( 0.08571946862881170400, -0.2638173974143042100, 0.1712598425196864800 ) ) ;
#2956 = AXIS2_PLACEMENT_3D ( 'NONE', #233, #3092, #2935 ) ;
#2957 = ORIENTED_EDGE ( 'NONE', *, *, #2324, .F. ) ;
#2958 = CARTESIAN_POINT ( 'NONE',  ( 0.3035987015080519000, -0.09864519787070098700, -0.01131889763779389200 ) ) ;
#2959 = B_SPLINE_CURVE_WITH_KNOTS ( 'NONE', 3,
 ( #2782, #2271, #2770, #868, #2834, #2017, #1302, #1540, #797, #1552, #626, #2750, #91, #2343, #2587, #1269, #1356, #1519, #294, #2261, #2762, #933, #2961, #758, #2383, #682, #2889, #1196, #2656, #1674, #453, #227, #945, #1408, #1917, #2169, #217, #710, #440, #3139, #2387, #1147, #3128, #2181, #1938, #1951 ),
 .UNSPECIFIED., .F., .F.,
 ( 4, 2, 1, 2, 2, 2, 2, 2, 2, 2, 2, 2, 2, 2, 2, 2, 2, 2, 1, 2, 2, 2, 2, 4 ),
 ( 0.007933064057343695900, 0.008725189665998590900, 0.009517315274653485900, 0.01030944088330838100, 0.01110156649196327600, 0.01268581770927306600, 0.01427006892658285600, 0.01585432014389264600, 0.01664644575254754100, 0.01743857136120243900, 0.01902282257851223600, 0.02060707379582203000, 0.02139919940447693200, 0.02219132501313182700, 0.02377557623044162000, 0.02535982744775141400, 0.02694407866506121100, 0.02773620427371610600, 0.02852832988237100400, 0.02932045549102589600, 0.03011258109968079100, 0.03169683231699058100, 0.03248895792564547600, 0.03328108353430037800 ),
 .UNSPECIFIED. ) ;
#2960 = CARTESIAN_POINT ( 'NONE',  ( 0.2509052549229022200, 0.08152405921278932400, 0.1122047244094502300 ) ) ;
#2961 = CARTESIAN_POINT ( 'NONE',  ( -0.01034796747383752400, 0.3192241966260497800, -0.2559055118110236700 ) ) ;
#2962 = CARTESIAN_POINT ( 'NONE',  ( 0.08571946862881169000, -0.2638173974143042100, 0.02362204724409591700 ) ) ;
#2963 = CARTESIAN_POINT ( 'NONE',  ( -0.3149606299212599500, -4.813149900984357200E-017, -0.03937007874015639000 ) ) ;
#2964 = CARTESIAN_POINT ( 'NONE',  ( -0.2244164823678092800, 0.1630481184255785600, 0.2185039370078754900 ) ) ;
#2965 = B_SPLINE_CURVE_WITH_KNOTS ( 'NONE', 3,
 ( #2682, #934, #1173, #920, #708, #2669, #1927, #3150 ),
 .UNSPECIFIED., .F., .F.,
 ( 4, 2, 2, 4 ),
 ( 0.004296610989560521400, 0.005182948448100503500, 0.006069285906640485600, 0.007841960823720448000 ),
 .UNSPECIFIED. ) ;
#2966 = CARTESIAN_POINT ( 'NONE',  ( 0.3035987015080519000, -0.09864519787070098700, 0.1461614173228361100 ) ) ;
#2967 = CARTESIAN_POINT ( 'NONE',  ( -0.1550679754983105300, 0.2134327579199414300, 0.1358267716535447300 ) ) ;
#2968 = CARTESIAN_POINT ( 'NONE',  ( 0.0000000000000000000, 0.0000000000000000000, 0.2559055118110236100 ) ) ;
#2969 = CARTESIAN_POINT ( 'NONE',  ( -0.1550679754983105300, 0.2134327579199414300, 0.06692913385826915200 ) ) ;
#2970 = CARTESIAN_POINT ( 'NONE',  ( 0.4724409448818898100, -0.2727639067037600000, -0.2137087885935244100 ) ) ;
#2971 = DIRECTION ( 'NONE',  ( 1.000000000000000000, 0.0000000000000000000, 0.0000000000000000000 ) ) ;
#2972 = CARTESIAN_POINT ( 'NONE',  ( 3.230831313028129100E-017, -0.2638173974143042100, -0.2263779527559042800 ) ) ;
#2973 = LINE ( 'NONE', #1728, #1974 ) ;
#2974 = CARTESIAN_POINT ( 'NONE',  ( -0.1876343164723099900, -0.2582564808524540100, 0.1225393700787415900 ) ) ;
#2975 = LINE ( 'NONE', #2344, #1940 ) ;
#2976 = CC_DESIGN_PERSON_AND_ORGANIZATION_ASSIGNMENT ( #1425, #695, ( #1257 ) ) ;
#2977 = B_SPLINE_CURVE_WITH_KNOTS ( 'NONE', 3,
 ( #1547, #1558, #338, #2053, #580, #2847 ),
 .UNSPECIFIED., .F., .F.,
 ( 4, 2, 4 ),
 ( 2.380729645518177900E-007, 0.003505341553885856400, 0.007010445034807160300 ),
 .UNSPECIFIED. ) ;
#2978 = CARTESIAN_POINT ( 'NONE',  ( -0.08571946862881171800, 0.2638173974143042100, -0.1043307086614160300 ) ) ;
#2979 = CARTESIAN_POINT ( 'NONE',  ( 0.0000000000000000000, 0.0000000000000000000, -0.2559055118110236100 ) ) ;
#2980 = CARTESIAN_POINT ( 'NONE',  ( 0.4724409448818899800, 1.182924880895401500E-016, -0.2559055118110236100 ) ) ;
#2981 = CARTESIAN_POINT ( 'NONE',  ( 0.002098902439299508800, 0.2679262041422648700, 0.2043641833047812300 ) ) ;
#2982 = CARTESIAN_POINT ( 'NONE',  ( 0.2362204724409450700, -0.4091458600556401900, 0.2559055118110236100 ) ) ;
#2983 = ORIENTED_EDGE ( 'NONE', *, *, #1516, .F. ) ;
#2984 = ORIENTED_EDGE ( 'NONE', *, *, #741, .F. ) ;
#2985 = CARTESIAN_POINT ( 'NONE',  ( -0.08571946862881171800, 0.2638173974143042100, -0.2618110236220459500 ) ) ;
#2986 = VERTEX_POINT ( 'NONE', #2145 ) ;
#2987 = PERSON ( 'UNSPECIFIED', 'UNSPECIFIED', 'UNSPECIFIED', ('UNSPECIFIED'), ('UNSPECIFIED'), ('UNSPECIFIED') ) ;
#2988 = CARTESIAN_POINT ( 'NONE',  ( 0.3035987015080519000, -0.09864519787070098700, -0.2475393700787389100 ) ) ;
#2989 = CARTESIAN_POINT ( 'NONE',  ( -0.2773940274779951300, -5.095645617802797000E-017, -0.08858267716535302100 ) ) ;
#2990 = CARTESIAN_POINT ( 'NONE',  ( 0.2320312458216319000, 0.1255432998647015300, -0.2005003432618219500 ) ) ;
#2991 = CARTESIAN_POINT ( 'NONE',  ( 0.2244164823678092800, 0.1630481184255786200, -0.03149606299212456800 ) ) ;
#2992 = EDGE_LOOP ( 'NONE', ( #2984, #2182, #31 ) ) ;
#2993 = EDGE_CURVE ( 'NONE', #2433, #1113, #2235, .T. ) ;
#2994 = CARTESIAN_POINT ( 'NONE',  ( -0.03854607077784931400, -0.5232732290677266600, 0.2265574788528137200 ) ) ;
#2995 = CARTESIAN_POINT ( 'NONE',  ( 0.08936271865522840700, 0.2787791287192993300, 0.2292480035040740700 ) ) ;
#2996 = CARTESIAN_POINT ( 'NONE',  ( -0.2995453594630406200, -0.09732818720470792800, -0.1240157480314945800 ) ) ;
#2997 = CARTESIAN_POINT ( 'NONE',  ( -0.08571946862881171800, 0.2638173974143042100, -0.1830708661417310400 ) ) ;
#2998 = AXIS2_PLACEMENT_3D ( 'NONE', #890, #2092, #2607 ) ;
#2999 = CARTESIAN_POINT ( 'NONE',  ( 0.1037216991635512600, 0.3192225659635059000, -0.1491141732283451400 ) ) ;
#3000 = CARTESIAN_POINT ( 'NONE',  ( 0.2244164823678092800, -0.1630481184255785600, -0.05708661417322703800 ) ) ;
#3001 = CARTESIAN_POINT ( 'NONE',  ( 0.08571946862881164900, 0.2638173974143042100, -0.1811023622047229800 ) ) ;
#3002 = CARTESIAN_POINT ( 'NONE',  ( -0.1978209393182354900, -0.2081511604081383000, 0.2233672314093037000 ) ) ;
#3003 = CARTESIAN_POINT ( 'NONE',  ( -0.1851292133204641400, 0.2548085021653378500, -0.06102362204724259800 ) ) ;
#3004 = CARTESIAN_POINT ( 'NONE',  ( 0.0000000000000000000, 0.2638173974143042100, -0.1082677165354318100 ) ) ;
#3005 = CARTESIAN_POINT ( 'NONE',  ( -0.1037216991635513400, 0.3192225659635059000, -0.1412401574803136800 ) ) ;
#3006 = CARTESIAN_POINT ( 'NONE',  ( -0.2509052549229022800, 0.08152405921278926800, -0.09251968503936877600 ) ) ;
#3007 = CARTESIAN_POINT ( 'NONE',  ( -0.3064931692071572500, 0.09020115035099662800, 0.2559055118110236700 ) ) ;
#3008 = CARTESIAN_POINT ( 'NONE',  ( 0.0000000000000000000, 0.2638173974143042100, -0.09842519685039236000 ) ) ;
#3009 = CARTESIAN_POINT ( 'NONE',  ( 3.857155272905051100E-017, -0.3149606299212600000, 0.04921259842519843500 ) ) ;
#3010 = CARTESIAN_POINT ( 'NONE',  ( -0.2362204724409451600, 0.4091458600556401900, 0.2559055118110236100 ) ) ;
#3011 = CARTESIAN_POINT ( 'NONE',  ( 0.3149606299212599500, 1.750236327630675500E-017, -0.08858267716535281300 ) ) ;
#3012 = CONICAL_SURFACE ( 'NONE', #2265, 0.4724409448818899800, 1.047197551196600100 ) ;
#3013 = CARTESIAN_POINT ( 'NONE',  ( 0.08571946862881170400, -0.2638173974143042100, -0.06496062992125849200 ) ) ;
#3014 = CARTESIAN_POINT ( 'NONE',  ( 0.2715469337810688100, 0.1972903957414020000, -0.1569881889763766500 ) ) ;
#3015 = CARTESIAN_POINT ( 'NONE',  ( 0.2773940274779951300, 1.698548539267599100E-017, 0.02952755905511947000 ) ) ;
#3016 = ORIENTED_EDGE ( 'NONE', *, *, #1438, .F. ) ;
#3017 = CARTESIAN_POINT ( 'NONE',  ( 0.1550679754983105000, -0.2134327579199414300, -0.05118110236220332200 ) ) ;
#3018 = EDGE_LOOP ( 'NONE', ( #2354, #2518, #325, #564, #1277, #840 ) ) ;
#3019 = CARTESIAN_POINT ( 'NONE',  ( 3.594672601403959900E-016, -0.5455278134075203200, 0.2137087885935244100 ) ) ;
#3020 = CARTESIAN_POINT ( 'NONE',  ( -0.3035987015080518500, -0.09864519787070105700, 0.1195866141732296700 ) ) ;
#3021 = CARTESIAN_POINT ( 'NONE',  ( 0.05992997439814946900, 0.2898133479725483200, 0.2324469191022406900 ) ) ;
#3022 = CARTESIAN_POINT ( 'NONE',  ( -0.06786186058284993100, 0.2899491663027598500, -0.2338119875492401200 ) ) ;
#3023 = CARTESIAN_POINT ( 'NONE',  ( 0.003955585033951472900, -0.3194148300805234600, -0.2559055118110244400 ) ) ;
#3024 = ORIENTED_EDGE ( 'NONE', *, *, #674, .T. ) ;
#3025 = CARTESIAN_POINT ( 'NONE',  ( 0.0000000000000000000, 0.2638173974143042100, 0.05905511811023767700 ) ) ;
#3026 =( BOUNDED_CURVE ( )  B_SPLINE_CURVE ( 2, ( #2179, #2924, #1444, #3172, #739, #1692, #1432, #1205, #1766, #515, #275, #751, #1021 ),
 .UNSPECIFIED., .F., .F. ) 
 B_SPLINE_CURVE_WITH_KNOTS ( ( 3, 2, 2, 2, 2, 2, 3 ),
 ( 0.4687500000000000000, 0.4749999999999999800, 0.4874999999999999900, 0.5000000000000000000, 0.5124999999999999600, 0.5250000000000000200, 0.5312500000000000000 ),
 .UNSPECIFIED. ) 
 CURVE ( )  GEOMETRIC_REPRESENTATION_ITEM ( )  RATIONAL_B_SPLINE_CURVE ( ( 0.9755282581475768200, 0.9755282581475768200, 1.000000000000000000, 0.9510565162951535300, 1.000000000000000000, 0.9510565162951535300, 1.000000000000000000, 0.9510565162951535300, 1.000000000000000000, 0.9510565162951535300, 1.000000000000000000, 0.9755282581475768200, 0.9755282581475768200 ) ) 
 REPRESENTATION_ITEM ( '' )  );
#3027 = CARTESIAN_POINT ( 'NONE',  ( -0.2509052549229022800, 0.08152405921278926800, -0.1712598425196837900 ) ) ;
#3028 = ORIENTED_EDGE ( 'NONE', *, *, #2095, .T. ) ;
#3029 = CARTESIAN_POINT ( 'NONE',  ( -0.3024836366938520300, 0.1028496058525017500, 0.2559055118110235600 ) ) ;
#3030 = CARTESIAN_POINT ( 'NONE',  ( 3.577217806226348900E-016, -0.5455278134075203200, 0.2559055118110236100 ) ) ;
#3031 = EDGE_CURVE ( 'NONE', #126, #2433, #2686, .T. ) ;
#3032 = CARTESIAN_POINT ( 'NONE',  ( -0.3149606299212599500, -4.813149900984357200E-017, 0.1181102362204735900 ) ) ;
#3033 = CARTESIAN_POINT ( 'NONE',  ( -0.3149606299212600000, 0.04988486309434209800, 0.1849899889154801300 ) ) ;
#3034 = CARTESIAN_POINT ( 'NONE',  ( -0.3035987015080518500, -0.09864519787070105700, 0.1983267716535447000 ) ) ;
#3035 = CARTESIAN_POINT ( 'NONE',  ( -0.2995453594630406200, 0.09732818720470783100, -0.05314960629921107500 ) ) ;
#3036 = PLANE ( 'NONE',  #109 ) ;
#3037 = CARTESIAN_POINT ( 'NONE',  ( 0.04888216476945073100, 0.2963820444785281200, -0.2369087255526879100 ) ) ;
#3038 = CARTESIAN_POINT ( 'NONE',  ( 0.3149606299212600000, -0.04988486309434213300, -0.2480808772262523000 ) ) ;
#3039 = CARTESIAN_POINT ( 'NONE',  ( -0.2244164823678092800, 0.1630481184255785600, 0.2283464566929149200 ) ) ;
#3040 = CARTESIAN_POINT ( 'NONE',  ( -0.2764654403477260200, -0.3859104170011323200, 0.2559055118110241100 ) ) ;
#3041 = CARTESIAN_POINT ( 'NONE',  ( -4.143343173217723900E-016, 0.5455278134075204300, 0.2559055118110236100 ) ) ;
#3042 = CARTESIAN_POINT ( 'NONE',  ( 0.3356504692350350000, 2.055266363904963800E-017, 0.1550196850393713900 ) ) ;
#3043 = CARTESIAN_POINT ( 'NONE',  ( 0.2995453594630406200, 0.09732818720470790000, -0.1535433070866131500 ) ) ;
#3044 = CARTESIAN_POINT ( 'NONE',  ( 0.2679215144415875700, 0.1946563744094157700, 0.08661417322834760700 ) ) ;
#3045 = CARTESIAN_POINT ( 'NONE',  ( 0.2244164823678092800, -0.1630481184255785600, -0.2933070866141719900 ) ) ;
#3046 = CARTESIAN_POINT ( 'NONE',  ( -0.1550679754983105300, 0.2134327579199414300, 0.1456692913385841700 ) ) ;
#3047 = CARTESIAN_POINT ( 'NONE',  ( 0.2679215144415875200, 0.1946563744094158000, 0.07677165354330867100 ) ) ;
#3048 = EDGE_CURVE ( 'NONE', #1057, #1473, #541, .T. ) ;
#3049 = CYLINDRICAL_SURFACE ( 'NONE', #2786, 0.3149606299212600000 ) ;
#3050 = CARTESIAN_POINT ( 'NONE',  ( -0.2995453594630406200, -0.09732818720470792800, 0.1220472440944893600 ) ) ;
#3051 = CARTESIAN_POINT ( 'NONE',  ( 0.2679215144415875200, -0.1946563744094157700, 0.06102362204724567200 ) ) ;
#3052 = CARTESIAN_POINT ( 'NONE',  ( 0.0000000000000000000, 0.2638173974143042100, 0.2952755905511826900 ) ) ;
#3053 = CARTESIAN_POINT ( 'NONE',  ( 0.08571946862881164900, 0.2638173974143042100, -0.2696850393700775400 ) ) ;
#3054 = CARTESIAN_POINT ( 'NONE',  ( -0.2995453594630406200, 0.09732818720470784400, 0.1141732283464578500 ) ) ;
#3055 = CARTESIAN_POINT ( 'NONE',  ( -0.1483451221238705500, 0.2548744341958636400, -0.2314221361893399100 ) ) ;
#3056 = ORIENTED_EDGE ( 'NONE', *, *, #1348, .T. ) ;
#3057 = CYLINDRICAL_SURFACE ( 'NONE', #1921, 0.3149606299212600000 ) ;
#3058 = CARTESIAN_POINT ( 'NONE',  ( -0.2773940274779951300, -5.095645617802797000E-017, 0.2362204724409463800 ) ) ;
#3059 = CARTESIAN_POINT ( 'NONE',  ( 0.2883481025314241200, -0.09401705913361869900, 0.2393676495364368300 ) ) ;
#3060 = DIRECTION ( 'NONE',  ( 0.0000000000000000000, 0.0000000000000000000, -1.000000000000000000 ) ) ;
#3061 = CARTESIAN_POINT ( 'NONE',  ( -0.4724409448818898700, -0.1829446674639137200, 0.2372593688235248900 ) ) ;
#3062 = CARTESIAN_POINT ( 'NONE',  ( 0.3035987015080518500, 0.09864519787070102900, 0.1589566929133871800 ) ) ;
#3063 = CARTESIAN_POINT ( 'NONE',  ( -0.3149606299212599500, -4.813149900984357200E-017, -0.1181102362204713800 ) ) ;
#3064 = ORIENTED_EDGE ( 'NONE', *, *, #40, .F. ) ;
#3065 = CARTESIAN_POINT ( 'NONE',  ( 0.4724409448818896500, 0.1156843341259820400, 0.2481305812353247500 ) ) ;
#3066 = CARTESIAN_POINT ( 'NONE',  ( 0.2346601529623063000, 0.1964461523293608800, -0.2425594244873459600 ) ) ;
#3067 = CARTESIAN_POINT ( 'NONE',  ( 0.3162101185932404400, 0.3629638163172295700, 0.2518839387229877500 ) ) ;
#3068 = CARTESIAN_POINT ( 'NONE',  ( -0.2773940274779951300, -5.095645617802797000E-017, 0.1574803149606313900 ) ) ;
#3069 = EDGE_CURVE ( 'NONE', #1744, #1052, #999, .T. ) ;
#3070 = CARTESIAN_POINT ( 'NONE',  ( 0.2303207632897420500, -0.1926282020740293600, 0.2363231472049894300 ) ) ;
#3071 = CARTESIAN_POINT ( 'NONE',  ( 0.3064504142013969600, 0.04876235774694122300, -0.2468359423914063300 ) ) ;
#3072 = CARTESIAN_POINT ( 'NONE',  ( -0.3149606299212599500, -5.250708982892026700E-017, 0.1870078740157496400 ) ) ;
#3073 = CARTESIAN_POINT ( 'NONE',  ( -0.2509052549229022200, -0.08152405921278936500, -0.005905511811022288800 ) ) ;
#3074 = CARTESIAN_POINT ( 'NONE',  ( 0.0000000000000000000, 0.0000000000000000000, -0.2559055118110236100 ) ) ;
#3075 = DIRECTION ( 'NONE',  ( -1.000000000000000000, -2.503857664561932400E-016, 0.0000000000000000000 ) ) ;
#3076 = CARTESIAN_POINT ( 'NONE',  ( -0.1550679754983104200, -0.2134327579199414600, 0.01181102362204867500 ) ) ;
#3077 = CARTESIAN_POINT ( 'NONE',  ( 0.0000000000000000000, 0.2638173974143042100, -0.1870078740157467600 ) ) ;
#3078 = CARTESIAN_POINT ( 'NONE',  ( 3.857155272905051700E-017, -0.3149606299212600000, 0.2165354330708673400 ) ) ;
#3079 = ORIENTED_EDGE ( 'NONE', *, *, #1620, .T. ) ;
#3080 = CARTESIAN_POINT ( 'NONE',  ( 0.3356504692350350000, 2.055266363904963800E-017, 0.07627952755905641200 ) ) ;
#3081 = CARTESIAN_POINT ( 'NONE',  ( 0.1550679754983105000, -0.2134327579199414300, 0.1062992125984266700 ) ) ;
#3082 = CARTESIAN_POINT ( 'NONE',  ( 0.2773940274779951900, 1.698548539267598800E-017, 0.1082677165354344500 ) ) ;
#3083 = CARTESIAN_POINT ( 'NONE',  ( -0.1201338362635714900, -0.2638644644209848800, 0.2259775046579735300 ) ) ;
#3084 = CARTESIAN_POINT ( 'NONE',  ( 0.3064931692071578000, -0.09020115035099525400, -0.2559055118110234500 ) ) ;
#3085 = CARTESIAN_POINT ( 'NONE',  ( -0.4724409448818899800, -0.04612615122839876200, -0.2559055118110236100 ) ) ;
#3086 = ORIENTED_EDGE ( 'NONE', *, *, #1000, .T. ) ;
#3087 = ADVANCED_FACE ( 'NONE', ( #653, #2310 ), #1972, .F. ) ;
#3088 = DIRECTION ( 'NONE',  ( 1.000000000000000000, 0.0000000000000000000, 0.0000000000000000000 ) ) ;
#3089 = CARTESIAN_POINT ( 'NONE',  ( -0.2509052549229022800, 0.08152405921278926800, -0.003937007874014324600 ) ) ;
#3090 = FACE_OUTER_BOUND ( 'NONE', #627, .T. ) ;
#3091 = EDGE_CURVE ( 'NONE', #365, #3143, #2278, .T. ) ;
#3092 = DIRECTION ( 'NONE',  ( -0.0000000000000000000, -0.0000000000000000000, 1.000000000000000000 ) ) ;
#3093 = CIRCLE ( 'NONE', #597, 0.4724409448818899800 ) ;
#3094 = CARTESIAN_POINT ( 'NONE',  ( 0.0000000000000000000, 0.2638173974143042100, 0.1377952755905526800 ) ) ;
#3095 = CARTESIAN_POINT ( 'NONE',  ( -0.2244164823678092600, -0.1630481184255786500, 0.07677165354330846300 ) ) ;
#3096 = CARTESIAN_POINT ( 'NONE',  ( -0.3035987015080519000, 0.09864519787070096000, -0.04576771653543182400 ) ) ;
#3097 = CARTESIAN_POINT ( 'NONE',  ( 0.1946987598633270200, -0.2538294111418967200, 0.2559055118110233300 ) ) ;
#3098 = ORIENTED_EDGE ( 'NONE', *, *, #2644, .T. ) ;
#3099 = DIRECTION ( 'NONE',  ( -0.0000000000000000000, -0.0000000000000000000, 1.000000000000000000 ) ) ;
#3100 = CARTESIAN_POINT ( 'NONE',  ( -0.2509052549229022800, 0.08152405921278926800, -0.1614173228346443600 ) ) ;
#3101 = ORIENTED_EDGE ( 'NONE', *, *, #1165, .T. ) ;
#3102 = ORIENTED_EDGE ( 'NONE', *, *, #3110, .F. ) ;
#3103 = CARTESIAN_POINT ( 'NONE',  ( 0.0000000000000000000, 0.2638173974143042100, 0.05905511811023767700 ) ) ;
#3104 = CARTESIAN_POINT ( 'NONE',  ( -0.08571946862881173200, 0.2638173974143042100, 0.1318897637795289900 ) ) ;
#3105 = CARTESIAN_POINT ( 'NONE',  ( 0.3035987015080519000, -0.09864519787070098700, -0.08513779527558930400 ) ) ;
#3106 = CARTESIAN_POINT ( 'NONE',  ( 0.3171936322333106500, 0.04157018188749465900, 0.2559055118110235000 ) ) ;
#3107 = CARTESIAN_POINT ( 'NONE',  ( -0.4724409448818898700, -0.1829446674639137200, -0.2372593688235248900 ) ) ;
#3108 = CARTESIAN_POINT ( 'NONE',  ( 0.0000000000000000000, 0.0000000000000000000, -0.2559055118110236100 ) ) ;
#3109 = CARTESIAN_POINT ( 'NONE',  ( 0.2509052549229022200, 0.08152405921278932400, -0.1141732283464553200 ) ) ;
#3110 = EDGE_CURVE ( 'NONE', #2858, #2006, #3123, .T. ) ;
#3111 = CARTESIAN_POINT ( 'NONE',  ( 0.1550679754983104500, 0.2134327579199414600, 0.2775590551181116900 ) ) ;
#3112 = CARTESIAN_POINT ( 'NONE',  ( -0.2509052549229022800, 0.08152405921278926800, 0.2322834645669306600 ) ) ;
#3113 = CARTESIAN_POINT ( 'NONE',  ( -0.1550679754983104200, -0.2134327579199414600, -0.07677165354330574300 ) ) ;
#3114 = CARTESIAN_POINT ( 'NONE',  ( -0.1037216991635512300, -0.3192225659635060700, -0.1835629921259830400 ) ) ;
#3115 = CARTESIAN_POINT ( 'NONE',  ( -0.08296429505784727600, -0.3089726715233741500, 0.2559055118110236700 ) ) ;
#3116 = CARTESIAN_POINT ( 'NONE',  ( -0.4724409448818899200, -0.2727639067037602200, -0.2137087885935242700 ) ) ;
#3117 = CARTESIAN_POINT ( 'NONE',  ( -0.3149606299212600000, 0.04988486309434209800, -0.1299706410057798500 ) ) ;
#3118 = CARTESIAN_POINT ( 'NONE',  ( 0.1023369121993406400, -0.3149606299212599500, -0.09448818897637685500 ) ) ;
#3119 = CARTESIAN_POINT ( 'NONE',  ( 0.08571946862881164900, 0.2638173974143042100, -0.02362204724409305200 ) ) ;
#3120 = CARTESIAN_POINT ( 'NONE',  ( 0.2509052549229022800, -0.08152405921278929600, -0.2795275590551168400 ) ) ;
#3121 = CARTESIAN_POINT ( 'NONE',  ( 0.0000000000000000000, 0.3192225659635060100, 0.2485236220472456000 ) ) ;
#3122 = CARTESIAN_POINT ( 'NONE',  ( -0.08571946862881160700, -0.2638173974143042700, 0.09448818897637943600 ) ) ;
#3123 = CIRCLE ( 'NONE', #1217, 0.3192225659635061200 ) ;
#3124 = CARTESIAN_POINT ( 'NONE',  ( 0.08571946862881169000, -0.2638173974143042100, -0.06496062992125849200 ) ) ;
#3125 = CARTESIAN_POINT ( 'NONE',  ( -0.2715469337810687600, -0.1972903957414020300, -0.1126968503936995600 ) ) ;
#3126 = CARTESIAN_POINT ( 'NONE',  ( -0.3192225659634938500, -0.01049720089864478900, 0.2559055118110235000 ) ) ;
#3127 = FACE_OUTER_BOUND ( 'NONE', #526, .T. ) ;
#3128 = CARTESIAN_POINT ( 'NONE',  ( -0.3166360739473063600, 0.04189325409514171900, -0.2559055118110236100 ) ) ;
#3129 = CARTESIAN_POINT ( 'NONE',  ( 0.3149606299212599500, 1.750236327630675500E-017, -0.2362204724409438800 ) ) ;
#3130 = CIRCLE ( 'NONE', #1108, 0.3149606299212600000 ) ;
#3131 = CARTESIAN_POINT ( 'NONE',  ( 0.2995453594630406200, -0.09732818720470787200, 0.1437007874015764400 ) ) ;
#3132 = ORIENTED_EDGE ( 'NONE', *, *, #1230, .T. ) ;
#3133 = CARTESIAN_POINT ( 'NONE',  ( 0.2244164823678092800, -0.1630481184255785600, -0.2834645669291324700 ) ) ;
#3134 = CARTESIAN_POINT ( 'NONE',  ( 0.3035987015080518500, 0.09864519787070102900, 0.2327755905511825800 ) ) ;
#3135 = CARTESIAN_POINT ( 'NONE',  ( -0.1550679754983105300, 0.2134327579199414300, -0.09055118110236083700 ) ) ;
#3136 = CARTESIAN_POINT ( 'NONE',  ( 0.2679215144415875200, -0.1946563744094157700, -0.01771653543306935700 ) ) ;
#3137 = CARTESIAN_POINT ( 'NONE',  ( 0.1876343164723100500, -0.2582564808524539500, -0.1717519685039357900 ) ) ;
#3138 = CARTESIAN_POINT ( 'NONE',  ( 0.04160215093657053400, -0.3166732921633359500, 0.2559055118110236700 ) ) ;
#3139 = CARTESIAN_POINT ( 'NONE',  ( -0.3029591111984489300, 0.1027652520046070900, -0.2559055118110235600 ) ) ;
#3140 = DIRECTION ( 'NONE',  ( -0.4999999999999992800, -0.8660254037844390400, 0.0000000000000000000 ) ) ;
#3141 = APPROVAL_STATUS ( 'not_yet_approved' ) ;
#3142 = CARTESIAN_POINT ( 'NONE',  ( 0.08571946862881164900, 0.2638173974143042100, -0.2598425196850380800 ) ) ;
#3143 = VERTEX_POINT ( 'NONE', #36 ) ;
#3144 = CARTESIAN_POINT ( 'NONE',  ( -0.1550679754983105300, 0.2134327579199414300, -0.1692913385826758100 ) ) ;
#3145 = DIRECTION ( 'NONE',  ( -0.0000000000000000000, -0.0000000000000000000, -1.000000000000000000 ) ) ;
#3146 = CARTESIAN_POINT ( 'NONE',  ( 0.0000000000000000000, 0.2638173974143042100, -0.01968503937007732400 ) ) ;
#3147 = CARTESIAN_POINT ( 'NONE',  ( 0.2691830885323716600, 0.1531205273813629800, 0.2459612428692199700 ) ) ;
#3148 = CARTESIAN_POINT ( 'NONE',  ( -0.2773940274779951900, -5.095645617802796400E-017, -0.1673228346456680200 ) ) ;
#3149 = CARTESIAN_POINT ( 'NONE',  ( 0.2715469337810688100, -0.1972903957414019700, -0.3252952755905501000 ) ) ;
#3150 = CARTESIAN_POINT ( 'NONE',  ( 0.3114226816596720200, 1.750236327630675500E-017, -0.2481056275071895400 ) ) ;
#3151 = CARTESIAN_POINT ( 'NONE',  ( 0.3149606299212599500, 1.750236327630675500E-017, -0.2362204724409438800 ) ) ;
#3152 = CARTESIAN_POINT ( 'NONE',  ( -0.2995453594630406200, -0.09732818720470792800, -0.2027559055118095500 ) ) ;
#3153 = CARTESIAN_POINT ( 'NONE',  ( -0.4724409448818899200, 0.2727639067037600000, -0.2137087885935243000 ) ) ;
#3154 = EDGE_CURVE ( 'NONE', #1777, #2869, #14, .T. ) ;
#3155 = CARTESIAN_POINT ( 'NONE',  ( -0.2244164823678092800, 0.1630481184255785600, -0.1653543307086600100 ) ) ;
#3156 = CARTESIAN_POINT ( 'NONE',  ( 0.1037216991635512600, 0.3192225659635059000, 0.3233267716535449000 ) ) ;
#3157 = ORIENTED_EDGE ( 'NONE', *, *, #1878, .T. ) ;
#3158 = CARTESIAN_POINT ( 'NONE',  ( -0.2509052549229022800, 0.08152405921278926800, -0.08267716535432932700 ) ) ;
#3159 = CARTESIAN_POINT ( 'NONE',  ( 0.2679215144415875700, 0.1946563744094157700, 0.007874015748032614900 ) ) ;
#3160 = CARTESIAN_POINT ( 'NONE',  ( 0.2773940274779951900, 1.698548539267598800E-017, -0.04921259842519552100 ) ) ;
#3161 = CARTESIAN_POINT ( 'NONE',  ( 0.0000000000000000000, 0.3192225659635060100, -0.2189960629921248200 ) ) ;
#3162 = CARTESIAN_POINT ( 'NONE',  ( -0.1023369121993406800, 0.3149606299212599500, -0.2125984251968494300 ) ) ;
#3163 = CARTESIAN_POINT ( 'NONE',  ( -0.2802231444443408800, -5.250708982892027400E-017, 0.2169060902918584800 ) ) ;
#3164 = CARTESIAN_POINT ( 'NONE',  ( -0.08571946862881160700, -0.2638173974143042700, -0.2204724409448805000 ) ) ;
#3165 = ORIENTED_EDGE ( 'NONE', *, *, #501, .F. ) ;
#3166 = CARTESIAN_POINT ( 'NONE',  ( -0.1550679754983105300, 0.2134327579199414300, -0.02165354330708525400 ) ) ;
#3167 =( BOUNDED_CURVE ( )  B_SPLINE_CURVE ( 2, ( #3151, #2630, #935, #2916, #2152, #1928, #428, #3162, #1684, #464, #1694, #2877, #721 ),
 .UNSPECIFIED., .F., .F. ) 
 B_SPLINE_CURVE_WITH_KNOTS ( ( 3, 2, 2, 2, 2, 2, 3 ),
 ( 0.1562500000000000000, 0.1624999999999999800, 0.1750000000000000400, 0.1875000000000000000, 0.1999999999999999600, 0.2125000000000000200, 0.2187500000000000000 ),
 .UNSPECIFIED. ) 
 CURVE ( )  GEOMETRIC_REPRESENTATION_ITEM ( )  RATIONAL_B_SPLINE_CURVE ( ( 0.9755282581475768200, 0.9755282581475768200, 1.000000000000000000, 0.9510565162951535300, 1.000000000000000000, 0.9510565162951535300, 1.000000000000000000, 0.9510565162951535300, 1.000000000000000000, 0.9510565162951535300, 1.000000000000000000, 0.9755282581475768200, 0.9755282581475768200 ) ) 
 REPRESENTATION_ITEM ( '' )  );
#3168 = CARTESIAN_POINT ( 'NONE',  ( -0.3356504692350350000, -6.165799091714889700E-017, 0.03198818897637934600 ) ) ;
#3169 = VECTOR ( 'NONE', #2909, 39.37007874015748100 ) ;
#3170 = CARTESIAN_POINT ( 'NONE',  ( 0.2973329044237736400, 0.07909114580777776300, 0.2439453270006244600 ) ) ;
#3171 = CARTESIAN_POINT ( 'NONE',  ( 0.2509052549229022800, -0.08152405921278929600, 0.2618110236220487200 ) ) ;
#3172 = CARTESIAN_POINT ( 'NONE',  ( -0.2679215144415875200, -0.1946563744094158000, -0.03149606299212490100 ) ) ;
#3173 = CARTESIAN_POINT ( 'NONE',  ( -0.1023369121993405700, -0.3149606299212600600, 0.05511811023622161700 ) ) ;
#3174 = VECTOR ( 'NONE', #613, 39.37007874015748100 ) ;
#3175 = EDGE_CURVE ( 'NONE', #222, #328, #2973, .T. ) ;
#3176 = CARTESIAN_POINT ( 'NONE',  ( 0.2362204724409452400, -0.4091458600556403500, -0.2559055118110236100 ) ) ;
#3177 = CARTESIAN_POINT ( 'NONE',  ( 0.0000000000000000000, -1.067128122525102800E-017, -0.2516435757687774900 ) ) ;
#3178 = ORIENTED_EDGE ( 'NONE', *, *, #2993, .F. ) ;
#3179 = CARTESIAN_POINT ( 'NONE',  ( 3.857155272905051100E-017, -0.3149606299212600000, 0.1279527559055133900 ) ) ;
#3180 = VERTEX_POINT ( 'NONE', #2729 ) ;
#3181 = CARTESIAN_POINT ( 'NONE',  ( -0.08571946862881160700, -0.2638173974143042700, 0.08464566929133998700 ) ) ;
#3182 = CARTESIAN_POINT ( 'NONE',  ( 0.3356504692350350000, 2.055266363904963800E-017, 0.1500984251968518200 ) ) ;
#3183 = ORIENTED_EDGE ( 'NONE', *, *, #1583, .F. ) ;
#3184 = CARTESIAN_POINT ( 'NONE',  ( -0.2995453594630406200, 0.09732818720470784400, 0.1929133858267728900 ) ) ;
#3185 = CARTESIAN_POINT ( 'NONE',  ( 0.2244164823678092800, -0.1630481184255785600, 0.1003937007874029600 ) ) ;
#3186 = CARTESIAN_POINT ( 'NONE',  ( -0.2715469337810687600, -0.1972903957414020300, -0.2701771653543295100 ) ) ;
#3187 = CARTESIAN_POINT ( 'NONE',  ( 3.230831313028129100E-017, -0.2638173974143042100, 0.01968503937008019400 ) ) ;
#3188 = ORIENTED_EDGE ( 'NONE', *, *, #2204, .T. ) ;
#3189 = CARTESIAN_POINT ( 'NONE',  ( -0.2219376111659841500, -0.1728721893660621300, -0.2178841259104194500 ) ) ;
#3190 = CARTESIAN_POINT ( 'NONE',  ( 0.1562308262886493200, -0.4553279037940510300, -0.2518839387229878100 ) ) ;
#3191 = CARTESIAN_POINT ( 'NONE',  ( -0.08571946862881171800, 0.2638173974143042100, 0.2106299212598439200 ) ) ;
#3192 = CARTESIAN_POINT ( 'NONE',  ( 0.3035987015080519000, -0.09864519787070098700, 0.06742125984252107800 ) ) ;
ENDSEC;
END-ISO-10303-21;
