ISO-10303-21;
HEADER;
FILE_DESCRIPTION (( 'STEP AP203' ),
    '1' );
FILE_NAME ('92137A315_Alloy Steel Flanged Button Head Screws.STEP',
    '2025-08-18T15:29:13',
    ( 'Administrator' ),
    ( 'Managed by Terraform' ),
    'SwSTEP 2.0',
    'SolidWorks 2017',
    '' );
FILE_SCHEMA (( 'CONFIG_CONTROL_DESIGN' ));
ENDSEC;

DATA;
#1 = ORIENTED_EDGE ( 'NONE', *, *, #1894, .T. ) ;
#2 = ORIENTED_EDGE ( 'NONE', *, *, #5804, .F. ) ;
#3 = DIRECTION ( 'NONE',  ( 0.0000000000000000000, 1.000000000000000000, 0.0000000000000000000 ) ) ;
#4 = CARTESIAN_POINT ( 'NONE',  ( 1.176575538379260000, -2.037888611415600500, -7.126041666666661300 ) ) ;
#5 = CARTESIAN_POINT ( 'NONE',  ( -0.8922005383792617200, 1.545336663013171700, 6.195833333333334600 ) ) ;
#6 = CARTESIAN_POINT ( 'NONE',  ( -1.784401076758523700, -1.571778690084655100E-014, 4.212500000000002100 ) ) ;
#7 = CARTESIAN_POINT ( 'NONE',  ( -2.495693764988940900E-016, -2.037888611415600500, -1.628125000000001200 ) ) ;
#8 = CARTESIAN_POINT ( 'NONE',  ( -2.449293598294726100E-016, -2.000000000000030200, -6.462499999999994100 ) ) ;
#9 = CARTESIAN_POINT ( 'NONE',  ( 2.309401076758521100, -1.641201494207697900E-014, 5.524999999999998600 ) ) ;
#10 = CARTESIAN_POINT ( 'NONE',  ( -2.449293598294726600E-016, -2.000000000000031100, -0.9500000000000018400 ) ) ;
#11 = CARTESIAN_POINT ( 'NONE',  ( -1.338300807568892900, -0.7726683315066077400, -8.329166666666665700 ) ) ;
#12 = CARTESIAN_POINT ( 'NONE',  ( -1.784401076758523700, -1.493554375789118100E-014, -2.174999999999998000 ) ) ;
#13 = EDGE_CURVE ( 'NONE', #3857, #3442, #4203, .T. ) ;
#14 = CARTESIAN_POINT ( 'NONE',  ( -1.250000000000000200, 0.2695388083449762900, 10.00000000000000500 ) ) ;
#15 = EDGE_LOOP ( 'NONE', ( #854, #1956, #4104, #4980 ) ) ;
#16 = CARTESIAN_POINT ( 'NONE',  ( 1.338300807568892500, -0.7726683315066089600, -6.783333333333332300 ) ) ;
#17 = ADVANCED_FACE ( 'NONE', ( #1837 ), #338, .T. ) ;
#18 = DIRECTION ( 'NONE',  ( 0.0000000000000000000, 1.000000000000000000, 0.0000000000000000000 ) ) ;
#20 = CARTESIAN_POINT ( 'NONE',  ( 0.8922005383792627200, 1.545336663013172900, -6.608333333333331600 ) ) ;
#19 = CARTESIAN_POINT ( 'NONE',  ( 1.338300807568892500, -0.7726683315066095200, -2.583333333333331700 ) ) ;
#21 = VERTEX_POINT ( 'NONE', #4602 ) ;
#22 = CARTESIAN_POINT ( 'NONE',  ( 0.0000000000000000000, -2.000000000000004000, 11.10000000000000000 ) ) ;
#23 = ORIENTED_EDGE ( 'NONE', *, *, #6571, .F. ) ;
#24 =( BOUNDED_CURVE ( )  B_SPLINE_CURVE ( 2, ( #845, #1904, #6532, #1040, #2473, #2601, #561 ),
 .UNSPECIFIED., .F., .T. ) 
 B_SPLINE_CURVE_WITH_KNOTS ( ( 3, 2, 2, 3 ),
 ( 0.8857233093842252800, 0.8912788649397808100, 0.8968344204953363500, 0.9023899760508918800 ),
 .UNSPECIFIED. ) 
 CURVE ( )  GEOMETRIC_REPRESENTATION_ITEM ( )  RATIONAL_B_SPLINE_CURVE ( ( 1.000000000000000000, 0.8660254037844387100, 1.000000000000000000, 0.8660254037844387100, 1.000000000000000000, 0.8660254037844387100, 1.000000000000000000 ) ) 
 REPRESENTATION_ITEM ( '' )  );
#25 = CARTESIAN_POINT ( 'NONE',  ( -1.176575538379261500, -2.037888611415599600, -8.642708333333329700 ) ) ;
#26 = EDGE_CURVE ( 'NONE', #928, #4001, #2320, .T. ) ;
#27 = CARTESIAN_POINT ( 'NONE',  ( 0.8922005383792627200, 1.545336663013171300, 6.079166666666671000 ) ) ;
#28 = CARTESIAN_POINT ( 'NONE',  ( 1.338300807568892500, -0.7726683315066106300, 6.604166666666667900 ) ) ;
#29 = CARTESIAN_POINT ( 'NONE',  ( -1.082708096908966000, -1.102637102105915600, -11.10000000000000100 ) ) ;
#30 = CARTESIAN_POINT ( 'NONE',  ( -2.353151076758521800, -1.486053414144340800E-014, -2.503125000000002000 ) ) ;
#31 = CARTESIAN_POINT ( 'NONE',  ( -2.449293598294726100E-016, -2.000000000000032000, 6.137500000000006400 ) ) ;
#32 = CARTESIAN_POINT ( 'NONE',  ( 1.732050807568890700, -1.000000000000024900, 5.466666666666666800 ) ) ;
#33 = FACE_OUTER_BOUND ( 'NONE', #2386, .T. ) ;
#34 = CARTESIAN_POINT ( 'NONE',  ( 2.309401076758521100, -1.478323469921100000E-014, -7.775000000000000400 ) ) ;
#35 = CARTESIAN_POINT ( 'NONE',  ( 0.8922005383792613900, -1.545336663013202600, -8.154166666666663200 ) ) ;
#36 = CARTESIAN_POINT ( 'NONE',  ( 0.8922005383792613900, -1.545336663013203300, -1.241666666666665100 ) ) ;
#37 = CARTESIAN_POINT ( 'NONE',  ( -1.116727804415336600, 0.7986325744833267000, 10.00000000000000000 ) ) ;
#38 = VERTEX_POINT ( 'NONE', #6314 ) ;
#39 = CARTESIAN_POINT ( 'NONE',  ( -1.338300807568892700, 0.7726683315065795400, -6.433333333333331800 ) ) ;
#41 = CARTESIAN_POINT ( 'NONE',  ( 0.8922005383792627200, 1.545336663013172900, -4.508333333333332000 ) ) ;
#40 = CARTESIAN_POINT ( 'NONE',  ( 1.784401076758523700, -1.532973333333050900E-014, -2.524999999999997700 ) ) ;
#42 = ORIENTED_EDGE ( 'NONE', *, *, #4684, .F. ) ;
#43 = CARTESIAN_POINT ( 'NONE',  ( 0.0000000000000000000, -2.021310670506432500E-015, 11.10000000000000000 ) ) ;
#44 = CARTESIAN_POINT ( 'NONE',  ( 1.176575538379260000, -2.037888611415601000, -4.326041666666661500 ) ) ;
#45 = CARTESIAN_POINT ( 'NONE',  ( 0.0000000000000000000, 2.000000000000000900, 1.499999999999999100 ) ) ;
#46 = CARTESIAN_POINT ( 'NONE',  ( 1.784401076758523700, -1.619770175222619600E-014, 4.562500000000000900 ) ) ;
#47 = CARTESIAN_POINT ( 'NONE',  ( -1.154700538379260800, 2.000000000000000400, 3.045833333333338700 ) ) ;
#48 = ORIENTED_EDGE ( 'NONE', *, *, #946, .F. ) ;
#49 = EDGE_CURVE ( 'NONE', #6406, #1696, #5632, .T. ) ;
#50 = CARTESIAN_POINT ( 'NONE',  ( -2.353151076758521800, -1.503198469332403700E-014, -1.103125000000001700 ) ) ;
#51 = CARTESIAN_POINT ( 'NONE',  ( -1.338300807568892700, 0.7726683315065777700, 8.966666666666668600 ) ) ;
#52 = EDGE_LOOP ( 'NONE', ( #6332, #3724, #3369 ) ) ;
#53 = CARTESIAN_POINT ( 'NONE',  ( 1.243172892659816900, -0.6219519608812423800, 10.00000000000001100 ) ) ;
#54 = CARTESIAN_POINT ( 'NONE',  ( 1.154700538379260100, 2.000000000000004000, -9.758333333333338200 ) ) ;
#55 = CARTESIAN_POINT ( 'NONE',  ( -1.154700538379261700, -2.000000000000031100, 3.279166666666672100 ) ) ;
#56 = CARTESIAN_POINT ( 'NONE',  ( 1.784401076758523700, -1.474037206124084800E-014, -7.337499999999997700 ) ) ;
#57 = CIRCLE ( 'NONE', #394, 4.649999999999999500 ) ;
#58 = CARTESIAN_POINT ( 'NONE',  ( 0.0000000000000000000, 1.545336663013172600, -0.9499999999999977400 ) ) ;
#59 = DIRECTION ( 'NONE',  ( -0.0000000000000000000, -1.224646799147353200E-016, 1.000000000000000000 ) ) ;
#60 = CARTESIAN_POINT ( 'NONE',  ( 1.784401076758523700, -1.456892150936021900E-014, -8.737499999999997200 ) ) ;
#61 = CARTESIAN_POINT ( 'NONE',  ( 1.176575538379261800, 2.037888611415569000, 4.263541666666665900 ) ) ;
#62 = CARTESIAN_POINT ( 'NONE',  ( 1.338300807568892500, -0.7726683315066086300, -9.583333333333332100 ) ) ;
#63 = DIRECTION ( 'NONE',  ( -0.0000000000000000000, -1.224646799147353200E-016, 1.000000000000000000 ) ) ;
#64 = EDGE_CURVE ( 'NONE', #6113, #2674, #1975, .T. ) ;
#66 = CARTESIAN_POINT ( 'NONE',  ( -1.892491597964152600E-016, -1.545336663013202400, -6.899999999999998600 ) ) ;
#65 = CARTESIAN_POINT ( 'NONE',  ( 0.0000000000000000000, 1.545336663013173100, -3.749999999999998200 ) ) ;
#67 = FACE_OUTER_BOUND ( 'NONE', #4608, .T. ) ;
#68 = CARTESIAN_POINT ( 'NONE',  ( 1.275610493965650300, -1.291594165811427800, 7.733832232967905000 ) ) ;
#69 = VECTOR ( 'NONE', #590, 1000.000000000000000 ) ;
#70 = CARTESIAN_POINT ( 'NONE',  ( 0.0000000000000000000, 2.037888611415570800, -3.334374999999995200 ) ) ;
#71 = CARTESIAN_POINT ( 'NONE',  ( 1.732050807568892100, 0.9999999999999922300, -4.916666666666667900 ) ) ;
#72 = CARTESIAN_POINT ( 'NONE',  ( 0.8922005383792627200, 1.545336663013173500, -10.80833333333333200 ) ) ;
#73 = CARTESIAN_POINT ( 'NONE',  ( -0.8922005383792623900, -1.545336663013203300, 7.129166666666669100 ) ) ;
#74 = CARTESIAN_POINT ( 'NONE',  ( -0.8922005383792617200, 1.545336663013173700, -9.904166666666661500 ) ) ;
#75 = ORIENTED_EDGE ( 'NONE', *, *, #2090, .T. ) ;
#76 = CARTESIAN_POINT ( 'NONE',  ( 0.0000000000000000000, 2.037888611415570300, 0.8218749999999979100 ) ) ;
#77 = CIRCLE ( 'NONE', #2969, 4.149783978102255400 ) ;
#78 = CARTESIAN_POINT ( 'NONE',  ( 1.045645598269924900, -0.8396719053359789100, 11.01744810935873200 ) ) ;
#79 = CARTESIAN_POINT ( 'NONE',  ( 2.309401076758521100, -1.598338856237540300E-014, 2.024999999999998600 ) ) ;
#80 = ORIENTED_EDGE ( 'NONE', *, *, #1692, .F. ) ;
#81 = CARTESIAN_POINT ( 'NONE',  ( 1.154700538379260100, -2.000000000000032400, 6.195833333333337300 ) ) ;
#82 = DIRECTION ( 'NONE',  ( 0.0000000000000000000, -1.000000000000000000, 0.0000000000000000000 ) ) ;
#83 = CARTESIAN_POINT ( 'NONE',  ( -0.8922005383792617200, 1.545336663013172900, -1.591666666666664800 ) ) ;
#84 = CARTESIAN_POINT ( 'NONE',  ( 1.338300807568892500, -0.7726683315066087400, -8.795833333333330700 ) ) ;
#85 = CARTESIAN_POINT ( 'NONE',  ( 0.0000000000000000000, 2.037888611415569900, 4.321874999999999500 ) ) ;
#86 = VERTEX_POINT ( 'NONE', #2807 ) ;
#87 = CARTESIAN_POINT ( 'NONE',  ( -1.338300807568892900, -0.7726683315066083000, -4.216666666666665000 ) ) ;
#88 = CARTESIAN_POINT ( 'NONE',  ( 1.176575538379261800, 2.037888611415570300, -8.336458333333334600 ) ) ;
#89 = CARTESIAN_POINT ( 'NONE',  ( 0.8922005383792627200, 1.545336663013172900, -3.808333333333331800 ) ) ;
#90 = ORIENTED_EDGE ( 'NONE', *, *, #4824, .F. ) ;
#91 = DIRECTION ( 'NONE',  ( 0.0000000000000000000, -1.000000000000000000, 0.0000000000000000000 ) ) ;
#92 = CARTESIAN_POINT ( 'NONE',  ( 0.0000000000000000000, 2.037888611415569900, 1.565625000000004500 ) ) ;
#93 = CC_DESIGN_DATE_AND_TIME_ASSIGNMENT ( #3465, #2215, ( #5650 ) ) ;
#94 = CARTESIAN_POINT ( 'NONE',  ( 0.0000000000000000000, 2.000000000000000000, 5.087500000000003900 ) ) ;
#95 = CARTESIAN_POINT ( 'NONE',  ( -2.353151076758521800, -1.469444141930904700E-014, -3.859374999999994700 ) ) ;
#96 = CARTESIAN_POINT ( 'NONE',  ( 0.9736659667842141300, -1.673265562505348700, -10.73041420822278100 ) ) ;
#97 = CARTESIAN_POINT ( 'NONE',  ( -1.338300807568892700, 0.7726683315065778800, 8.354166666666669600 ) ) ;
#98 = CARTESIAN_POINT ( 'NONE',  ( 1.338300807568893600, 0.7726683315065767700, 6.720833333333335900 ) ) ;
#99 = CARTESIAN_POINT ( 'NONE',  ( 1.338300807568892500, -0.7726683315066085200, -10.19583333333333100 ) ) ;
#100 = CARTESIAN_POINT ( 'NONE',  ( -2.353151076758521800, -1.546061107302561000E-014, 2.396874999999998300 ) ) ;
#101 = CARTESIAN_POINT ( 'NONE',  ( 1.243172892659814500, 0.6219519608812367200, 10.00000000000000900 ) ) ;
#102 = CARTESIAN_POINT ( 'NONE',  ( -0.8922005383792623900, -1.545336663013202600, -3.370833333333332200 ) ) ;
#103 = CARTESIAN_POINT ( 'NONE',  ( -1.892491597964152600E-016, -1.545336663013203000, -0.5999999999999980900 ) ) ;
#104 = CARTESIAN_POINT ( 'NONE',  ( 0.0000000000000000000, -2.021310670506432500E-015, 11.10000000000000000 ) ) ;
#105 = EDGE_CURVE ( 'NONE', #405, #548, #683, .T. ) ;
#106 = CARTESIAN_POINT ( 'NONE',  ( 1.338300807568892500, -0.7726683315066085200, -10.19583333333333100 ) ) ;
#107 = VERTEX_POINT ( 'NONE', #743 ) ;
#108 = CARTESIAN_POINT ( 'NONE',  ( -1.176575538379260700, 2.037888611415569400, 6.480208333333330900 ) ) ;
#109 = CARTESIAN_POINT ( 'NONE',  ( -1.338300807568892700, 0.7726683315065795400, -5.733333333333331600 ) ) ;
#110 = CARTESIAN_POINT ( 'NONE',  ( -2.449293598294726600E-016, -2.000000000000031100, -0.9500000000000018400 ) ) ;
#112 = CARTESIAN_POINT ( 'NONE',  ( 0.0000000000000000000, 2.000000000000000400, 3.599999999999998800 ) ) ;
#111 = CARTESIAN_POINT ( 'NONE',  ( -0.8922005383792617200, 1.545336663013173100, -3.691666666666665100 ) ) ;
#113 = CARTESIAN_POINT ( 'NONE',  ( -1.764863307568891500, -1.018944305707808000, 3.198958333333338500 ) ) ;
#114 = FACE_OUTER_BOUND ( 'NONE', #3318, .T. ) ;
#115 = CARTESIAN_POINT ( 'NONE',  ( 1.732050807568890500, -1.000000000000024600, 4.854166666666672300 ) ) ;
#116 = CARTESIAN_POINT ( 'NONE',  ( -1.176575538379260700, 2.037888611415570300, -1.876041666666661300 ) ) ;
#117 = CARTESIAN_POINT ( 'NONE',  ( 1.154700538379255200, 2.000000000000011500, -4.858333333333332500 ) ) ;
#118 = EDGE_CURVE ( 'NONE', #4146, #3007, #1586, .T. ) ;
#119 = CARTESIAN_POINT ( 'NONE',  ( 1.338300807568892500, -0.7726683315066108500, 8.004166666666670000 ) ) ;
#120 = CARTESIAN_POINT ( 'NONE',  ( 1.338300807568892500, -0.7726683315066109600, 8.704166666666669300 ) ) ;
#121 = EDGE_LOOP ( 'NONE', ( #1870, #335, #3860, #3000 ) ) ;
#122 = CYLINDRICAL_SURFACE ( 'NONE', #2762, 2.000000000000001800 ) ;
#123 = CARTESIAN_POINT ( 'NONE',  ( -2.353151076758521800, -1.511770996926434900E-014, -0.4031250000000007300 ) ) ;
#124 = CARTESIAN_POINT ( 'NONE',  ( 0.6249999999999992200, 1.082531754730546400, 9.999999999999991100 ) ) ;
#125 = CARTESIAN_POINT ( 'NONE',  ( -1.338300807568892900, -0.7726683315066086300, -2.029166666666665000 ) ) ;
#126 = ORIENTED_EDGE ( 'NONE', *, *, #2477, .F. ) ;
#127 = CARTESIAN_POINT ( 'NONE',  ( -0.01433873541946291200, -0.1241770364978742200, 9.450000000000002800 ) ) ;
#128 = CARTESIAN_POINT ( 'NONE',  ( 0.0000000000000000000, 1.545336663013172200, 2.550000000000002000 ) ) ;
#129 = CARTESIAN_POINT ( 'NONE',  ( 0.8922005383792613900, -1.545336663013202600, -8.154166666666663200 ) ) ;
#130 = CARTESIAN_POINT ( 'NONE',  ( 2.353151076758521800, -1.642273060156951900E-014, 5.546874999999999100 ) ) ;
#131 = AXIS2_PLACEMENT_3D ( 'NONE', #1881, #4384, #5473 ) ;
#132 = CARTESIAN_POINT ( 'NONE',  ( -1.338300807568892700, 0.7726683315065792100, -3.633333333333332000 ) ) ;
#133 = CARTESIAN_POINT ( 'NONE',  ( 0.0000000000000000000, 2.000000000000000900, 1.499999999999999100 ) ) ;
#135 = CARTESIAN_POINT ( 'NONE',  ( -2.449293598294726600E-016, -2.000000000000030200, -7.250000000000000900 ) ) ;
#134 = CARTESIAN_POINT ( 'NONE',  ( 1.338300807568893600, 0.7726683315065774300, 1.033333333333334100 ) ) ;
#136 = AXIS2_PLACEMENT_3D ( 'NONE', #6320, #1313, #1809 ) ;
#137 = CARTESIAN_POINT ( 'NONE',  ( -1.176575538379260700, 2.037888611415570300, 2.323958333333337600 ) ) ;
#138 = VERTEX_POINT ( 'NONE', #2424 ) ;
#139 = DIRECTION ( 'NONE',  ( -0.0000000000000000000, -1.224646799147353200E-016, 1.000000000000000000 ) ) ;
#140 = VERTEX_POINT ( 'NONE', #408 ) ;
#141 = CARTESIAN_POINT ( 'NONE',  ( -1.189349784789432300, -1.013337722292695600, -11.09999999999999800 ) ) ;
#142 = CARTESIAN_POINT ( 'NONE',  ( -1.764863307568891300, 1.018944305707778300, -4.617708333333327500 ) ) ;
#143 = CARTESIAN_POINT ( 'NONE',  ( -1.158068484565838400, 1.028214291243090300, 7.579764973081044100 ) ) ;
#144 = CARTESIAN_POINT ( 'NONE',  ( -1.338300807568892700, 0.7726683315065801000, -10.63333333333333100 ) ) ;
#145 = LINE ( 'NONE', #6335, #3620 ) ;
#146 = CARTESIAN_POINT ( 'NONE',  ( -1.176575538379261500, -2.037888611415600500, 0.4135416666666662500 ) ) ;
#147 = CARTESIAN_POINT ( 'NONE',  ( 0.1116810264836945500, 0.05629632967718214300, 9.449999999999994000 ) ) ;
#148 = CARTESIAN_POINT ( 'NONE',  ( 0.0000000000000000000, -2.000000000000004000, 11.10000000000000000 ) ) ;
#149 = CARTESIAN_POINT ( 'NONE',  ( 1.338300807568893600, 0.7726683315065779900, -3.779166666666664100 ) ) ;
#150 = CARTESIAN_POINT ( 'NONE',  ( 1.784401076758523700, -1.592981026491271100E-014, 2.375000000000002200 ) ) ;
#151 = CARTESIAN_POINT ( 'NONE',  ( -1.338300807568892700, 0.7726683315065802100, -11.24583333333333200 ) ) ;
#152 = LINE ( 'NONE', #964, #5787 ) ;
#153 = CARTESIAN_POINT ( 'NONE',  ( 1.764863307568892200, 1.018944305707775200, 6.305208333333332900 ) ) ;
#154 =( BOUNDED_CURVE ( )  B_SPLINE_CURVE ( 2, ( #3858, #349, #5391, #3835, #4351, #1826, #4912 ),
 .UNSPECIFIED., .F., .T. ) 
 B_SPLINE_CURVE_WITH_KNOTS ( ( 3, 2, 2, 3 ),
 ( 0.1666666666666666300, 0.1722222222222222200, 0.1777777777777778400, 0.1833333333333334000 ),
 .UNSPECIFIED. ) 
 CURVE ( )  GEOMETRIC_REPRESENTATION_ITEM ( )  RATIONAL_B_SPLINE_CURVE ( ( 1.000000000000000700, 0.8660254037844380400, 1.000000000000000000, 0.8660254037844388200, 1.000000000000000000, 0.8660254037844368200, 1.000000000000002000 ) ) 
 REPRESENTATION_ITEM ( '' )  );
#155 = CARTESIAN_POINT ( 'NONE',  ( 1.338300807568892500, -0.7726683315066093000, -3.983333333333331600 ) ) ;
#156 = CARTESIAN_POINT ( 'NONE',  ( 0.0000000000000000000, 2.000000000000001300, -2.000000000000000400 ) ) ;
#157 = CARTESIAN_POINT ( 'NONE',  ( 1.784401076758523700, -1.584408498897239500E-014, 1.675000000000001400 ) ) ;
#158 = CARTESIAN_POINT ( 'NONE',  ( 2.309401076758521600, -1.556547784216637600E-014, -1.387499999999996000 ) ) ;
#159 = LINE ( 'NONE', #3557, #6180 ) ;
#160 = CARTESIAN_POINT ( 'NONE',  ( 1.764863307568890900, -1.018944305707809100, 1.332291666666672600 ) ) ;
#161 = EDGE_CURVE ( 'NONE', #6591, #6558, #6455, .T. ) ;
#162 = EDGE_LOOP ( 'NONE', ( #4470, #2181, #5013, #2931 ) ) ;
#163 = CARTESIAN_POINT ( 'NONE',  ( 0.0000000000000000000, -4.119968255444916800E-015, 11.10000000000000000 ) ) ;
#164 = CARTESIAN_POINT ( 'NONE',  ( -1.732050807568891400, -1.000000000000023500, 4.533333333333331400 ) ) ;
#165 = ORIENTED_EDGE ( 'NONE', *, *, #4598, .F. ) ;
#166 = VERTEX_POINT ( 'NONE', #4570 ) ;
#167 = CARTESIAN_POINT ( 'NONE',  ( -2.353151076758521800, -1.512306779901062000E-014, -0.3593749999999951200 ) ) ;
#168 = DIRECTION ( 'NONE',  ( -1.000000000000000000, 0.0000000000000000000, -0.0000000000000000000 ) ) ;
#169 = CARTESIAN_POINT ( 'NONE',  ( 0.8922005383792613900, -1.545336663013204600, 7.945833333333335500 ) ) ;
#170 = CARTESIAN_POINT ( 'NONE',  ( -1.338300807568892900, -0.7726683315066080700, -6.229166666666664300 ) ) ;
#171 = ORIENTED_EDGE ( 'NONE', *, *, #3891, .T. ) ;
#172 = FACE_OUTER_BOUND ( 'NONE', #3473, .T. ) ;
#173 = CARTESIAN_POINT ( 'NONE',  ( 1.764863307568890900, -1.018944305707809400, 2.688541666666665300 ) ) ;
#174 = CARTESIAN_POINT ( 'NONE',  ( -0.02272747981804482800, -0.1232062306029921300, 9.450000000000001100 ) ) ;
#175 = CARTESIAN_POINT ( 'NONE',  ( -1.732050807568891200, 0.9999999999999935600, -2.583333333333334400 ) ) ;
#176 = CARTESIAN_POINT ( 'NONE',  ( -0.8922005383792617200, 1.545336663013173100, -3.604166666666664300 ) ) ;
#177 = DIRECTION ( 'NONE',  ( 0.0000000000000000000, -1.000000000000000000, 0.0000000000000000000 ) ) ;
#178 = CARTESIAN_POINT ( 'NONE',  ( 0.8922005383792613900, -1.545336663013203500, 1.558333333333335300 ) ) ;
#179 = VERTEX_POINT ( 'NONE', #1885 ) ;
#180 = CARTESIAN_POINT ( 'NONE',  ( -1.732050807568891000, 0.9999999999999931200, -1.795833333333327400 ) ) ;
#181 = CARTESIAN_POINT ( 'NONE',  ( -1.338300807568892700, 0.7726683315065796500, -7.045833333333330700 ) ) ;
#182 = CARTESIAN_POINT ( 'NONE',  ( 1.176575538379261800, 2.037888611415568100, 8.463541666666664300 ) ) ;
#183 = CARTESIAN_POINT ( 'NONE',  ( -1.892491597964152600E-016, -1.545336663013202400, -6.199999999999998400 ) ) ;
#185 = CARTESIAN_POINT ( 'NONE',  ( -1.154700538379267400, 1.999999999999989600, -3.341666666666665900 ) ) ;
#184 = CARTESIAN_POINT ( 'NONE',  ( -1.892491597964152600E-016, -1.545336663013203300, 0.8000000000000020400 ) ) ;
#186 = CARTESIAN_POINT ( 'NONE',  ( -1.185480797715702300, -1.167807758000748000, 7.645166644100410000 ) ) ;
#187 = CARTESIAN_POINT ( 'NONE',  ( -2.495693764988940900E-016, -2.037888611415601000, 1.915625000000005900 ) ) ;
#188 = VERTEX_POINT ( 'NONE', #909 ) ;
#189 = CARTESIAN_POINT ( 'NONE',  ( 0.0000000000000000000, 2.000000000000001800, -4.100000000000001400 ) ) ;
#190 = VERTEX_POINT ( 'NONE', #3957 ) ;
#191 = CARTESIAN_POINT ( 'NONE',  ( 0.0000000000000000000, 2.000000000000001800, -6.812499999999994700 ) ) ;
#192 = CARTESIAN_POINT ( 'NONE',  ( -2.353151076758521800, -1.503734252307030700E-014, -1.059374999999994400 ) ) ;
#193 = CARTESIAN_POINT ( 'NONE',  ( -1.384816931010731900, 0.6933947624320751000, 7.579764973081049500 ) ) ;
#194 = CARTESIAN_POINT ( 'NONE',  ( 1.732050807568890700, -1.000000000000023100, -8.533333333333335000 ) ) ;
#195 = CARTESIAN_POINT ( 'NONE',  ( -1.338300807568892700, 0.7726683315065798800, -9.145833333333330400 ) ) ;
#196 = AXIS2_PLACEMENT_3D ( 'NONE', #5407, #363, #3893 ) ;
#197 = CARTESIAN_POINT ( 'NONE',  ( -1.176575538379261500, -2.037888611415601000, 3.913541666666665800 ) ) ;
#198 = ORIENTED_EDGE ( 'NONE', *, *, #3370, .T. ) ;
#199 = CARTESIAN_POINT ( 'NONE',  ( 1.249999999999999800, -0.7216878364870350500, 10.00000000000000000 ) ) ;
#200 = CARTESIAN_POINT ( 'NONE',  ( 0.3915725446674623900, -1.217301158903041100, 9.999999999999987600 ) ) ;
#201 = LINE ( 'NONE', #2322, #362 ) ;
#202 = CARTESIAN_POINT ( 'NONE',  ( -0.6121573157750213000, 1.699291760228189400, -10.86050947257068000 ) ) ;
#203 = CARTESIAN_POINT ( 'NONE',  ( 1.338300807568893600, 0.7726683315065778800, -2.379166666666664700 ) ) ;
#204 = CARTESIAN_POINT ( 'NONE',  ( 0.0000000000000000000, -2.021310670506432500E-015, 11.10000000000000000 ) ) ;
#205 =( BOUNDED_CURVE ( )  B_SPLINE_CURVE ( 2, ( #603, #1108, #2127, #5709, #6216, #4140, #4091 ),
 .UNSPECIFIED., .F., .T. ) 
 B_SPLINE_CURVE_WITH_KNOTS ( ( 3, 2, 2, 3 ),
 ( 0.8166666666666665400, 0.8222222222222220800, 0.8277777777777775000, 0.8333333333333331500 ),
 .UNSPECIFIED. ) 
 CURVE ( )  GEOMETRIC_REPRESENTATION_ITEM ( )  RATIONAL_B_SPLINE_CURVE ( ( 1.000000000000002700, 0.8660254037844361500, 1.000000000000000000, 0.8660254037844388200, 1.000000000000000000, 0.8660254037844441500, 0.9999999999999946700 ) ) 
 REPRESENTATION_ITEM ( '' )  );
#206 = CARTESIAN_POINT ( 'NONE',  ( -1.892491597964152600E-016, -1.545336663013203300, 1.500000000000001300 ) ) ;
#207 = CARTESIAN_POINT ( 'NONE',  ( 1.154700538379270100, -2.000000000000013300, -6.491666666666666300 ) ) ;
#208 = EDGE_CURVE ( 'NONE', #2971, #3428, #265, .T. ) ;
#209 = CARTESIAN_POINT ( 'NONE',  ( -1.784401076758523700, -1.443190776174183200E-014, -6.287499999999997000 ) ) ;
#210 = CARTESIAN_POINT ( 'NONE',  ( 1.176575538379261800, 2.037888611415568100, 9.163541666666661800 ) ) ;
#211 = CARTESIAN_POINT ( 'NONE',  ( -1.338300807568892700, 0.7726683315065789900, -1.533333333333331000 ) ) ;
#212 = DIRECTION ( 'NONE',  ( 0.0000000000000000000, -1.000000000000000000, 0.0000000000000000000 ) ) ;
#213 = CARTESIAN_POINT ( 'NONE',  ( 0.8922005383792613900, -1.545336663013203500, 0.8583333333333342800 ) ) ;
#214 = CARTESIAN_POINT ( 'NONE',  ( -2.495693764988940900E-016, -2.037888611415601400, 7.515625000000005300 ) ) ;
#215 = ADVANCED_FACE ( 'NONE', ( #1352 ), #4519, .T. ) ;
#216 = DIRECTION ( 'NONE',  ( 0.0000000000000000000, 0.0000000000000000000, 1.000000000000000000 ) ) ;
#217 = VERTEX_POINT ( 'NONE', #4952 ) ;
#218 = CARTESIAN_POINT ( 'NONE',  ( 1.176575538379261800, 2.037888611415569400, 0.1072916666666722000 ) ) ;
#219 = DIRECTION ( 'NONE',  ( -0.0000000000000000000, -1.224646799147353200E-016, 1.000000000000000000 ) ) ;
#220 = EDGE_CURVE ( 'NONE', #4787, #2692, #6345, .T. ) ;
#221 = CARTESIAN_POINT ( 'NONE',  ( 0.0000000000000000000, 1.545336663013173500, -7.862499999999998000 ) ) ;
#222 = CARTESIAN_POINT ( 'NONE',  ( -0.1137289435409353800, -0.05193069013090770300, 9.450000000000001100 ) ) ;
#223 = CARTESIAN_POINT ( 'NONE',  ( -0.8922005383792623900, -1.545336663013202600, -1.270833333333330400 ) ) ;
#224 = CARTESIAN_POINT ( 'NONE',  ( -2.449293598294726100E-016, -2.000000000000030200, -7.862499999999994500 ) ) ;
#225 = CARTESIAN_POINT ( 'NONE',  ( 1.784401076758523700, -1.575835971303208200E-014, 0.9750000000000019800 ) ) ;
#226 = CARTESIAN_POINT ( 'NONE',  ( -0.8922005383792617200, 1.545336663013173300, -5.704166666666664800 ) ) ;
#227 = CARTESIAN_POINT ( 'NONE',  ( -1.176575538379260700, 2.037888611415569000, 9.280208333333330700 ) ) ;
#228 = VERTEX_POINT ( 'NONE', #2537 ) ;
#229 =( BOUNDED_CURVE ( )  B_SPLINE_CURVE ( 2, ( #1397, #4956, #431, #3389, #5969, #912, #3962 ),
 .UNSPECIFIED., .F., .F. ) 
 B_SPLINE_CURVE_WITH_KNOTS ( ( 3, 2, 2, 3 ),
 ( 0.5190566427175585800, 0.5246121982731141200, 0.5301677538286697600, 0.5357233093842253000 ),
 .UNSPECIFIED. ) 
 CURVE ( )  GEOMETRIC_REPRESENTATION_ITEM ( )  RATIONAL_B_SPLINE_CURVE ( ( 1.000000000000000000, 0.8660254037844387100, 1.000000000000000000, 0.8660254037844387100, 1.000000000000000000, 0.8660254037844387100, 1.000000000000000000 ) ) 
 REPRESENTATION_ITEM ( '' )  );
#230 = CARTESIAN_POINT ( 'NONE',  ( 0.8922005383792627200, 1.545336663013172200, -1.008333333333331500 ) ) ;
#232 = CARTESIAN_POINT ( 'NONE',  ( 2.309401076758521600, -1.625128004968888800E-014, 4.212500000000003900 ) ) ;
#231 = CARTESIAN_POINT ( 'NONE',  ( -1.338300807568892900, -0.7726683315066087400, -0.7166666666666657900 ) ) ;
#233 = LINE ( 'NONE', #6437, #5458 ) ;
#234 = APPLICATION_CONTEXT ( 'configuration controlled 3d designs of mechanical parts and assemblies' ) ;
#235 = AXIS2_PLACEMENT_3D ( 'NONE', #4574, #5598, #3574 ) ;
#236 = CARTESIAN_POINT ( 'NONE',  ( 1.176575538379261800, 2.037888611415569000, 7.107291666666671200 ) ) ;
#237 = VECTOR ( 'NONE', #6056, 1000.000000000000000 ) ;
#238 = AXIS2_PLACEMENT_3D ( 'NONE', #3182, #1642, #1050 ) ;
#239 = DIRECTION ( 'NONE',  ( 0.0000000000000000000, -1.000000000000000000, -1.224646799147353200E-016 ) ) ;
#240 = CARTESIAN_POINT ( 'NONE',  ( -1.732050807568891000, 0.9999999999999922300, 6.604166666666670500 ) ) ;
#241 = CARTESIAN_POINT ( 'NONE',  ( -2.449293598294726600E-016, -2.000000000000030200, -8.650000000000002100 ) ) ;
#242 = CARTESIAN_POINT ( 'NONE',  ( 0.8922005383792613900, -1.545336663013202800, -6.754166666666664700 ) ) ;
#243 = EDGE_CURVE ( 'NONE', #5401, #4366, #636, .T. ) ;
#244 = LOCAL_TIME ( 10, 29, 13.00000000000000000, #2299 ) ;
#245 =( BOUNDED_CURVE ( )  B_SPLINE_CURVE ( 2, ( #772, #276, #734, #1260, #5320, #3804, #1743 ),
 .UNSPECIFIED., .F., .T. ) 
 B_SPLINE_CURVE_WITH_KNOTS ( ( 3, 2, 2, 3 ),
 ( 0.8333333333333331500, 0.8388888888888888000, 0.8444444444444445500, 0.8500000000000002000 ),
 .UNSPECIFIED. ) 
 CURVE ( )  GEOMETRIC_REPRESENTATION_ITEM ( )  RATIONAL_B_SPLINE_CURVE ( ( 1.000000000000005300, 0.8660254037844334900, 1.000000000000000000, 0.8660254037844388200, 1.000000000000000000, 0.8660254037844334900, 1.000000000000005300 ) ) 
 REPRESENTATION_ITEM ( '' )  );
#246 = CARTESIAN_POINT ( 'NONE',  ( -1.732050807568891400, -1.000000000000022200, -6.666666666666667900 ) ) ;
#247 = CARTESIAN_POINT ( 'NONE',  ( -0.1045945648821132200, -0.06857044121701244600, 9.449999999999995700 ) ) ;
#248 = MANIFOLD_SOLID_BREP ( 'Boss-Extrude1', #3745 ) ;
#249 = CARTESIAN_POINT ( 'NONE',  ( -1.889592989827863400, -0.2116842358878843500, -10.76518091591768200 ) ) ;
#250 = CARTESIAN_POINT ( 'NONE',  ( -1.892491597964152600E-016, -1.545336663013203000, -1.212499999999998400 ) ) ;
#251 = CARTESIAN_POINT ( 'NONE',  ( -2.449293598294726600E-016, -2.000000000000032000, 2.549999999999999800 ) ) ;
#252 = CARTESIAN_POINT ( 'NONE',  ( 1.784401076758523700, -1.652988719649491600E-014, 7.275000000000001200 ) ) ;
#253 = CARTESIAN_POINT ( 'NONE',  ( 0.0000000000000000000, 1.545336663013173500, -7.862499999999998000 ) ) ;
#254 = ORIENTED_EDGE ( 'NONE', *, *, #2276, .T. ) ;
#255 = VECTOR ( 'NONE', #5902, 1000.000000000000000 ) ;
#256 = EDGE_LOOP ( 'NONE', ( #4022, #2667, #485, #1368 ) ) ;
#257 = CARTESIAN_POINT ( 'NONE',  ( -0.8922005383792617200, 1.545336663013172900, -0.8916666666666656100 ) ) ;
#259 = CARTESIAN_POINT ( 'NONE',  ( 0.0000000000000000000, 2.000000000000001800, -6.812499999999994700 ) ) ;
#258 = CARTESIAN_POINT ( 'NONE',  ( -1.784401076758523700, -1.553562068947338500E-014, 2.725000000000001900 ) ) ;
#260 = CYLINDRICAL_SURFACE ( 'NONE', #6434, 2.000000000000001800 ) ;
#261 = APPROVAL_ROLE ( '' ) ;
#262 = CARTESIAN_POINT ( 'NONE',  ( -1.176575538379261500, -2.037888611415601000, 6.757291666666671600 ) ) ;
#263 = ORIENTED_EDGE ( 'NONE', *, *, #5436, .F. ) ;
#264 = EDGE_CURVE ( 'NONE', #6005, #2613, #5846, .T. ) ;
#265 = LINE ( 'NONE', #4460, #1105 ) ;
#266 = CARTESIAN_POINT ( 'NONE',  ( 0.0000000000000000000, -2.021310670506432500E-015, 11.10000000000000000 ) ) ;
#267 = DIRECTION ( 'NONE',  ( 0.0000000000000000000, 0.0000000000000000000, -1.000000000000000000 ) ) ;
#268 = CARTESIAN_POINT ( 'NONE',  ( 1.338300807568893600, 0.7726683315065786500, -9.379166666666664700 ) ) ;
#269 = AXIS2_PLACEMENT_3D ( 'NONE', #104, #2694, #6168 ) ;
#270 = CARTESIAN_POINT ( 'NONE',  ( 0.0000000000000000000, 2.000000000000001800, -6.900000000000001200 ) ) ;
#271 = CARTESIAN_POINT ( 'NONE',  ( -0.09533598569769000100, -0.08128569018792243500, 9.450000000000001100 ) ) ;
#272 = CARTESIAN_POINT ( 'NONE',  ( -2.449293598294726600E-016, -2.000000000000030600, -2.350000000000002300 ) ) ;
#273 = CARTESIAN_POINT ( 'NONE',  ( 0.8922005383792613900, -1.545336663013203500, 0.2458333333333357400 ) ) ;
#274 = CARTESIAN_POINT ( 'NONE',  ( 0.0000000000000000000, 2.000000000000001800, -7.512499999999994800 ) ) ;
#275 = CARTESIAN_POINT ( 'NONE',  ( 0.0000000000000000000, 1.545336663013172000, 4.650000000000001200 ) ) ;
#276 = CARTESIAN_POINT ( 'NONE',  ( -1.154700538379233900, 2.000000000000046200, 6.458333333333326800 ) ) ;
#277 = CARTESIAN_POINT ( 'NONE',  ( -0.8922005383792623900, -1.545336663013202200, -3.370833333333332200 ) ) ;
#278 = CARTESIAN_POINT ( 'NONE',  ( 1.784401076758523700, -1.532973333333050900E-014, -2.524999999999997700 ) ) ;
#280 = DIRECTION ( 'NONE',  ( -0.0000000000000000000, -1.224646799147353200E-016, 1.000000000000000000 ) ) ;
#279 = CARTESIAN_POINT ( 'NONE',  ( 0.8922005383792627200, 1.545336663013171500, 4.591666666666667700 ) ) ;
#281 = CARTESIAN_POINT ( 'NONE',  ( -1.578301072532184900, -0.3190769197835207100, 7.614007351366885800 ) ) ;
#282 = VERTEX_POINT ( 'NONE', #4974 ) ;
#283 = CARTESIAN_POINT ( 'NONE',  ( -2.353151076758521800, -1.580887000653313700E-014, 5.240625000000005900 ) ) ;
#284 = CARTESIAN_POINT ( 'NONE',  ( -1.732050807568891200, 0.9999999999999940000, -5.383333333333334600 ) ) ;
#285 = EDGE_CURVE ( 'NONE', #5246, #3786, #5140, .T. ) ;
#286 = CARTESIAN_POINT ( 'NONE',  ( -1.154700538379261700, -2.000000000000030200, -6.520833333333328600 ) ) ;
#287 = CARTESIAN_POINT ( 'NONE',  ( 1.154700538379266800, -2.000000000000019100, -8.591666666666665000 ) ) ;
#288 = CARTESIAN_POINT ( 'NONE',  ( -1.338300807568892900, -0.7726683315066085200, -2.729166666666664300 ) ) ;
#289 = VECTOR ( 'NONE', #1563, 1000.000000000000000 ) ;
#290 = CARTESIAN_POINT ( 'NONE',  ( -2.309401076758521600, -1.512842562875689000E-014, -0.3374999999999951400 ) ) ;
#291 = CARTESIAN_POINT ( 'NONE',  ( -1.249999999999999800, -0.7216878364870356100, 10.00000000000000000 ) ) ;
#292 = CARTESIAN_POINT ( 'NONE',  ( -2.495693764988940900E-016, -2.037888611415599600, -10.02812500000000100 ) ) ;
#293 = CARTESIAN_POINT ( 'NONE',  ( -1.892491597964152600E-016, -1.545336663013203300, 0.1875000000000018900 ) ) ;
#294 = CARTESIAN_POINT ( 'NONE',  ( 1.338300807568893600, 0.7726683315065767700, 5.933333333333335300 ) ) ;
#295 = VERTEX_POINT ( 'NONE', #5090 ) ;
#296 = FACE_OUTER_BOUND ( 'NONE', #4616, .T. ) ;
#297 = EDGE_CURVE ( 'NONE', #5717, #4031, #4464, .T. ) ;
#298 = CARTESIAN_POINT ( 'NONE',  ( -1.338300807568892900, -0.7726683315066086300, -2.029166666666665000 ) ) ;
#299 = CARTESIAN_POINT ( 'NONE',  ( 1.784401076758523700, -1.567263443709177300E-014, 0.2750000000000009700 ) ) ;
#301 = CARTESIAN_POINT ( 'NONE',  ( 1.154700538379261700, 1.999999999999999300, 4.329166666666671000 ) ) ;
#300 = CARTESIAN_POINT ( 'NONE',  ( -0.8922005383792617200, 1.545336663013172200, 3.308333333333334900 ) ) ;
#302 = ORIENTED_EDGE ( 'NONE', *, *, #13, .F. ) ;
#303 = CARTESIAN_POINT ( 'NONE',  ( -1.176575538379260700, 2.037888611415569400, 6.523958333333340000 ) ) ;
#304 =( BOUNDED_SURFACE ( )  B_SPLINE_SURFACE ( 1, 2, ( 
 ( #4217, #675, #1186, #4733, #5256, #2204, #6374, #2302, #793, #5847, #1293, #6394, #3821, #5358, #5377, #5397, #3314, #6416, #292, #2835, #5887, #2815, #836, #2855, #2328, #1850, #3863, #4856, #4375, #1787, #3352, #331, #5867, #5338, #1833, #2351, #1333, #4894, #311, #4336, #1811, #3334, #3840, #816, #4355, #1315, #4874, #88, #5791, #4994, #3398, #3928, #1407, #5980, #2417, #2904, #420, #5935, #2470, #1878, #3457, #4966, #2454, #5469, #1920, #6546, #3439, #5430, #2940, #942, #440, #2435, #5492, #1385, #4490, #921, #6486, #6466, #6507, #3911, #379, #6012, #3948, #2958, #4472, #3970, #1430, #2400, #4987, #1952, #883, #2975, #3418, #5510, #1934, #1467, #4426, #3478, #4944, #902, #5451, #5995, #6528, #1902, #401, #1448, #5961, #5004, #458, #3983, #2921, #4452, #960, #4504, #6069, #6562, #5081, #1548, #2031, #6583, #471, #6050, #4584, #3029, #4066, #4525, #2991, #4002, #3561, #5609, #5566, #3009, #4565, #978, #2487, #5544, #3495, #3516, #2526, #1989, #995, #6092, #4609, #1487, #1035, #5043, #2010, #30, #6031, #2566, #534, #4545, #1056, #6114, #496, #3070, #5024, #5100, #3046, #1511, #1970, #5057, #7, #3537, #516, #2509, #1529, #1016, #4023, #2052, #4043, #50, #5586, #2547, #3580, #554, #4089, #5526, #3094, #6137, #5684, #2102, #2595, #123, #5636, #2177, #1570, #3165, #4660, #2149, #5171, #1620, #6238, #3143, #5122, #2644, #646, #146, #2123, #5196, #1082, #4186, #620, #6162, #76, #1106, #3607, #577, #5730, #6192, #2666, #3656, #3680, #4163, #2076, #1130, #1671, #4111, #2686, #3117, #5223, #4685, #1181, #4633, #3187, #1594, #599, #5146, #1647, #5706, #5659, #100, #6212, #2623, #1156, #4707, #173, #3631, #4136, #3702, #672, #4215, #1695, #1207, #2229, #4754, #6265, #5253, #2712, #5273, #3731, #5780, #2200, #5755, #3216, #1715, #2740, #197, #700, #4239, #6292, #4730, #2605, #61, #85, #6171, #5643, #4642, #3149, #1679, #4095, #4693, #4617, #5668, #3665, #6123, #6223, #4173, #1603, #4716, #2673, #584, #3174, #2060, #1139, #130, #5156, #5617, #2109, #2631, #3127, #4145, #6145, #5180, #4668, #2085, #5205, #1115, #153, #2651, #1630, #108, #2134, #3643, #629, #1655, #608, #3590, #5691, #3102, #3080, #6202, #564, #3689, #2576, #2158, #5715, #656, #4196, #1163, #1065, #1580, #5129, #3615, #4121, #1088, #5281, #2357, #4739, #1340, #4273, #3224, #3198, #4764, #682, #182, #5913, #2749, #6421, #6305, #339, #3250, #2185, #2240, #5405, #5740, #6444, #210, #2376, #227, #4922, #2697, #2881, #5233, #4249, #2210, #3763 ),
 ( #710, #5788, #736, #3712, #5382, #1858, #5892, #3738, #4225, #6274, #4900, #1237, #4381, #1703, #1191, #5261, #3870, #3378, #4791, #1218, #1745, #5767, #6247, #2721, #1722, #2862, #3358, #841, #360, #3890, #862, #4404, #1364, #3286, #268, #1737, #4803, #2760, #195, #645, #1251, #5754, #1763, #4185, #6318, #5291, #3728, #1154, #697, #1205, #4753, #2737, #4728, #3752, #3239, #670, #3775, #6291, #5313, #1227, #221, #3215, #725, #1713, #2253, #3267, #2225, #5221, #5272, #1180, #1668, #5778, #4706, #2274, #2176, #5802, #4238, #4780, #4263, #242, #5823, #747, #5729, #4287, #2784, #6342, #2685, #6237, #170, #3186, #3700, #5250, #4214, #1694, #2198, #2711, #6263, #1311, #4890, #4870, #5392, #1827, #766, #812, #3880, #4310, #4913, #5353, #853, #5374, #3390, #1271, #4395, #3799, #2831, #787, #2348, #4372, #5334, #2324, #4352, #6367, #6411, #3859, #5884, #3819, #4828, #5863, #2851, #3349, #2298, #833, #350, #1329, #6390, #5841, #4850, #3367, #326, #2874, #3310, #1783, #2811, #2366, #1357, #1846, #1807, #5904, #288, #4332, #1290, #3329, #308, #6435, #3836, #1869, #5417, #2385, #5927, #2896, #6459, #1914, #372, #3919, #4958, #893, #2409, #3900, #872, #5949, #4417, #1377, #4936, #1893, #4439, #5441, #1398, #2913, #6480, #3412, #391, #899, #399, #4403, #919, #6485, #5491, #4965, #3417, #378, #4450, #5448, #2434, #6505, #5958, #2374, #1899, #4919, #5403, #2920, #1856, #4984, #4380, #5976, #881, #1919, #1383, #4423, #2452, #3927, #1338, #2415, #3437, #2938, #4943, #1404, #3888, #419, #5467, #2396, #5911, #3908, #6442, #2880, #1933, #3946, #4469, #1428, #5993, #2956, #4898, #6525, #3455, #3377, #437, #5933, #3969, #357, #860, #1363, #1877, #5428, #3395, #2903, #6465, #1508, #2468, #2485, #1485, #3475, #3514, #992, #5540, #959, #532, #2990, #4523, #1986, #6010, #4543, #4039, #5055, #6028, #2973, #1967, #512, #2506, #6, #455, #5509, #6542, #6066, #1527, #5041, #5523, #491, #3981, #5002, #1464, #4501, #6560, #6048, #5021, #3492, #2007, #940, #469, #3534, #1010, #3559, #4489, #5560, #5079, #3026, #3999, #1446, #2028, #975, #5584, #1950, #4562, #2523, #3006, #6580, #4019, #2544, #6087, #3044, #28, #596, #98, #4087, #618, #6158, #5193, #4656, #3113, #73, #4134, #5142, #2121, #6190, #5656, #2051, #1592, #4607, #5099, #2620, #1545, #5120, #4628, #575, #1616, #1078, #4108, #2147, #3628, #4062, #2099, #3141, #2642, #1103, #5170, #3578, #120, #5683, #2074, #5605, #3603, #6110, #2564, #4682, #3655, #4162, #1129, #1645, #5704 ) ),
 .UNSPECIFIED., .F., .F., .T. ) 
 B_SPLINE_SURFACE_WITH_KNOTS ( ( 2, 2 ),
 ( 3, 2, 2, 2, 2, 2, 2, 2, 2, 2, 2, 2, 2, 2, 2, 2, 2, 2, 2, 2, 2, 2, 2, 2, 2, 2, 2, 2, 2, 2, 2, 2, 2, 2, 2, 2, 2, 2, 2, 2, 2, 2, 2, 2, 2, 2, 2, 2, 2, 2, 2, 2, 2, 2, 2, 2, 2, 2, 2, 2, 2, 2, 2, 2, 2, 2, 2, 2, 2, 2, 2, 2, 2, 2, 2, 2, 2, 2, 2, 2, 2, 2, 2, 2, 2, 2, 2, 2, 2, 2, 2, 2, 2, 2, 2, 2, 2, 2, 2, 2, 2, 2, 2, 2, 2, 2, 2, 2, 2, 2, 2, 2, 2, 2, 2, 2, 2, 2, 2, 2, 2, 2, 2, 2, 2, 2, 2, 2, 2, 2, 2, 2, 2, 2, 2, 2, 2, 2, 2, 2, 2, 2, 2, 2, 2, 2, 2, 2, 2, 2, 2, 2, 2, 2, 2, 2, 2, 2, 2, 2, 2, 2, 2, 2, 2, 2, 2, 2, 2, 2, 2, 2, 2, 2, 2, 2, 2, 2, 3 ),
 ( 0.0000000000000000000, 1.000000000000000000 ),
 ( 0.0000000000000000000, 0.005555555555555555800, 0.01111111111111111200, 0.01666666666666666600, 0.02222222222222222300, 0.02777777777777777600, 0.03333333333333333300, 0.03888888888888889000, 0.04444444444444444600, 0.05000000000000000300, 0.05555555555555555200, 0.06111111111111110900, 0.06666666666666666600, 0.07222222222222221500, 0.07777777777777777900, 0.08333333333333332900, 0.08888888888888889200, 0.09444444444444444200, 0.1000000000000000100, 0.1055555555555555600, 0.1111111111111111000, 0.1166666666666666700, 0.1222222222222222200, 0.1277777777777777700, 0.1333333333333333300, 0.1388888888888889000, 0.1444444444444444300, 0.1499999999999999900, 0.1555555555555555600, 0.1611111111111111200, 0.1666666666666666600, 0.1722222222222222200, 0.1777777777777777800, 0.1833333333333333200, 0.1888888888888888800, 0.1944444444444444500, 0.2000000000000000100, 0.2055555555555555500, 0.2111111111111111100, 0.2166666666666666700, 0.2222222222222222100, 0.2277777777777777700, 0.2333333333333333400, 0.2388888888888889000, 0.2444444444444444400, 0.2500000000000000000, 0.2555555555555555400, 0.2611111111111111300, 0.2666666666666666600, 0.2722222222222222000, 0.2777777777777777900, 0.2833333333333333300, 0.2888888888888888600, 0.2944444444444444500, 0.2999999999999999900, 0.3055555555555555800, 0.3111111111111111200, 0.3166666666666666500, 0.3222222222222222400, 0.3277777777777777800, 0.3333333333333333100, 0.3388888888888889100, 0.3444444444444444400, 0.3499999999999999800, 0.3555555555555555700, 0.3611111111111111000, 0.3666666666666666400, 0.3722222222222222300, 0.3777777777777777700, 0.3833333333333333600, 0.3888888888888889000, 0.3944444444444444300, 0.4000000000000000200, 0.4055555555555555600, 0.4111111111111110900, 0.4166666666666666900, 0.4222222222222222200, 0.4277777777777777600, 0.4333333333333333500, 0.4388888888888888800, 0.4444444444444444200, 0.4500000000000000100, 0.4555555555555555500, 0.4611111111111111400, 0.4666666666666666700, 0.4722222222222222100, 0.4777777777777778000, 0.4833333333333333400, 0.4888888888888888700, 0.4944444444444444600, 0.5000000000000000000, 0.5055555555555555400, 0.5111111111111110700, 0.5166666666666667200, 0.5222222222222222500, 0.5277777777777777900, 0.5333333333333333300, 0.5388888888888888600, 0.5444444444444444000, 0.5500000000000000400, 0.5555555555555555800, 0.5611111111111111200, 0.5666666666666666500, 0.5722222222222221900, 0.5777777777777777200, 0.5833333333333333700, 0.5888888888888889100, 0.5944444444444444400, 0.5999999999999999800, 0.6055555555555555100, 0.6111111111111111600, 0.6166666666666667000, 0.6222222222222222300, 0.6277777777777777700, 0.6333333333333333000, 0.6388888888888888400, 0.6444444444444444900, 0.6500000000000000200, 0.6555555555555555600, 0.6611111111111110900, 0.6666666666666666300, 0.6722222222222222800, 0.6777777777777778100, 0.6833333333333333500, 0.6888888888888888800, 0.6944444444444444200, 0.6999999999999999600, 0.7055555555555556000, 0.7111111111111111400, 0.7166666666666666700, 0.7222222222222222100, 0.7277777777777777500, 0.7333333333333332800, 0.7388888888888889300, 0.7444444444444444600, 0.7500000000000000000, 0.7555555555555555400, 0.7611111111111110700, 0.7666666666666667200, 0.7722222222222222500, 0.7777777777777777900, 0.7833333333333333300, 0.7888888888888888600, 0.7944444444444444000, 0.8000000000000000400, 0.8055555555555555800, 0.8111111111111111200, 0.8166666666666666500, 0.8222222222222221900, 0.8277777777777777200, 0.8333333333333333700, 0.8388888888888889100, 0.8444444444444444400, 0.8499999999999999800, 0.8555555555555555100, 0.8611111111111111600, 0.8666666666666667000, 0.8722222222222222300, 0.8777777777777777700, 0.8833333333333333000, 0.8888888888888888400, 0.8944444444444444900, 0.9000000000000000200, 0.9055555555555555600, 0.9111111111111110900, 0.9166666666666666300, 0.9222222222222222800, 0.9277777777777778100, 0.9333333333333333500, 0.9388888888888888800, 0.9444444444444444200, 0.9499999999999999600, 0.9555555555555556000, 0.9611111111111111400, 0.9666666666666666700, 0.9722222222222222100, 0.9777777777777777500, 0.9833333333333332800, 0.9857232683574955700 ),
 .UNSPECIFIED. ) 
 GEOMETRIC_REPRESENTATION_ITEM ( )  RATIONAL_B_SPLINE_SURFACE ( (
 ( 1.000000000000000000, 0.8660254037844387100, 1.000000000000000000, 0.8660254037844387100, 1.000000000000000000, 0.8660254037844387100, 1.000000000000000000, 0.8660254037844387100, 1.000000000000000000, 0.8660254037844387100, 1.000000000000000000, 0.8660254037844387100, 1.000000000000000000, 0.8660254037844387100, 1.000000000000000000, 0.8660254037844387100, 1.000000000000000000, 0.8660254037844387100, 1.000000000000000000, 0.8660254037844387100, 1.000000000000000000, 0.8660254037844387100, 1.000000000000000000, 0.8660254037844387100, 1.000000000000000000, 0.8660254037844387100, 1.000000000000000000, 0.8660254037844387100, 1.000000000000000000, 0.8660254037844387100, 1.000000000000000000, 0.8660254037844387100, 1.000000000000000000, 0.8660254037844387100, 1.000000000000000000, 0.8660254037844387100, 1.000000000000000000, 0.8660254037844387100, 1.000000000000000000, 0.8660254037844387100, 1.000000000000000000, 0.8660254037844387100, 1.000000000000000000, 0.8660254037844387100, 1.000000000000000000, 0.8660254037844387100, 1.000000000000000000, 0.8660254037844387100, 1.000000000000000000, 0.8660254037844387100, 1.000000000000000000, 0.8660254037844387100, 1.000000000000000000, 0.8660254037844387100, 1.000000000000000000, 0.8660254037844387100, 1.000000000000000000, 0.8660254037844387100, 1.000000000000000000, 0.8660254037844387100, 1.000000000000000000, 0.8660254037844387100, 1.000000000000000000, 0.8660254037844387100, 1.000000000000000000, 0.8660254037844387100, 1.000000000000000000, 0.8660254037844387100, 1.000000000000000000, 0.8660254037844387100, 1.000000000000000000, 0.8660254037844387100, 1.000000000000000000, 0.8660254037844387100, 1.000000000000000000, 0.8660254037844387100, 1.000000000000000000, 0.8660254037844387100, 1.000000000000000000, 0.8660254037844387100, 1.000000000000000000, 0.8660254037844387100, 1.000000000000000000, 0.8660254037844387100, 1.000000000000000000, 0.8660254037844387100, 1.000000000000000000, 0.8660254037844387100, 1.000000000000000000, 0.8660254037844387100, 1.000000000000000000, 0.8660254037844387100, 1.000000000000000000, 0.8660254037844387100, 1.000000000000000000, 0.8660254037844387100, 1.000000000000000000, 0.8660254037844387100, 1.000000000000000000, 0.8660254037844387100, 1.000000000000000000, 0.8660254037844387100, 1.000000000000000000, 0.8660254037844387100, 1.000000000000000000, 0.8660254037844387100, 1.000000000000000000, 0.8660254037844387100, 1.000000000000000000, 0.8660254037844387100, 1.000000000000000000, 0.8660254037844387100, 1.000000000000000000, 0.8660254037844387100, 1.000000000000000000, 0.8660254037844387100, 1.000000000000000000, 0.8660254037844387100, 1.000000000000000000, 0.8660254037844387100, 1.000000000000000000, 0.8660254037844387100, 1.000000000000000000, 0.8660254037844387100, 1.000000000000000000, 0.8660254037844387100, 1.000000000000000000, 0.8660254037844387100, 1.000000000000000000, 0.8660254037844387100, 1.000000000000000000, 0.8660254037844387100, 1.000000000000000000, 0.8660254037844387100, 1.000000000000000000, 0.8660254037844387100, 1.000000000000000000, 0.8660254037844387100, 1.000000000000000000, 0.8660254037844387100, 1.000000000000000000, 0.8660254037844387100, 1.000000000000000000, 0.8660254037844387100, 1.000000000000000000, 0.8660254037844387100, 1.000000000000000000, 0.8660254037844387100, 1.000000000000000000, 0.8660254037844387100, 1.000000000000000000, 0.8660254037844387100, 1.000000000000000000, 0.8660254037844387100, 1.000000000000000000, 0.8660254037844387100, 1.000000000000000000, 0.8660254037844387100, 1.000000000000000000, 0.8660254037844387100, 1.000000000000000000, 0.8660254037844387100, 1.000000000000000000, 0.8660254037844387100, 1.000000000000000000, 0.8660254037844387100, 1.000000000000000000, 0.8660254037844387100, 1.000000000000000000, 0.8660254037844387100, 1.000000000000000000, 0.8660254037844387100, 1.000000000000000000, 0.8660254037844387100, 1.000000000000000000, 0.8660254037844387100, 1.000000000000000000, 0.8660254037844387100, 1.000000000000000000, 0.8660254037844387100, 1.000000000000000000, 0.8660254037844387100, 1.000000000000000000, 0.8660254037844387100, 1.000000000000000000, 0.8660254037844387100, 1.000000000000000000, 0.8660254037844387100, 1.000000000000000000, 0.8660254037844387100, 1.000000000000000000, 0.8660254037844387100, 1.000000000000000000, 0.8660254037844387100, 1.000000000000000000, 0.8660254037844387100, 1.000000000000000000, 0.8660254037844387100, 1.000000000000000000, 0.8660254037844387100, 1.000000000000000000, 0.8660254037844387100, 1.000000000000000000, 0.8660254037844387100, 1.000000000000000000, 0.8660254037844387100, 1.000000000000000000, 0.8660254037844387100, 1.000000000000000000, 0.8660254037844387100, 1.000000000000000000, 0.8660254037844387100, 1.000000000000000000, 0.8660254037844387100, 1.000000000000000000, 0.8660254037844387100, 1.000000000000000000, 0.8660254037844387100, 1.000000000000000000, 0.8660254037844387100, 1.000000000000000000, 0.8660254037844387100, 1.000000000000000000, 0.8660254037844387100, 1.000000000000000000, 0.8660254037844387100, 1.000000000000000000, 0.8660254037844387100, 1.000000000000000000, 0.8660254037844387100, 1.000000000000000000, 0.8660254037844387100, 1.000000000000000000, 0.8660254037844387100, 1.000000000000000000, 0.8660254037844387100, 1.000000000000000000, 0.8660254037844387100, 1.000000000000000000, 0.8660254037844387100, 1.000000000000000000, 0.8660254037844387100, 1.000000000000000000, 0.8660254037844387100, 1.000000000000000000, 0.8660254037844387100, 1.000000000000000000, 0.8660254037844387100, 1.000000000000000000, 0.8660254037844387100, 1.000000000000000000, 0.8660254037844387100, 1.000000000000000000, 0.8660254037844387100, 1.000000000000000000, 0.8660254037844387100, 1.000000000000000000, 0.8660254037844387100, 1.000000000000000000, 0.8660254037844387100, 1.000000000000000000, 0.8660254037844387100, 1.000000000000000000, 0.8660254037844387100, 1.000000000000000000, 0.8660254037844387100, 1.000000000000000000, 0.8660254037844387100, 1.000000000000000000, 0.8660254037844387100, 1.000000000000000000, 0.8660254037844387100, 1.000000000000000000, 0.8660254037844387100, 1.000000000000000000, 0.8660254037844387100, 1.000000000000000000, 0.8660254037844387100, 1.000000000000000000, 0.8660254037844387100, 1.000000000000000000, 0.8660254037844387100, 1.000000000000000000, 0.8660254037844387100, 1.000000000000000000, 0.8660254037844387100, 1.000000000000000000, 0.8660254037844387100, 1.000000000000000000, 0.8660254037844387100, 1.000000000000000000, 0.8660254037844387100, 1.000000000000000000, 0.8660254037844387100, 1.000000000000000000, 0.8660254037844387100, 1.000000000000000000, 0.8660254037844387100, 1.000000000000000000, 0.8660254037844387100, 1.000000000000000000, 0.8660254037844387100, 1.000000000000000000, 0.8660254037844387100, 1.000000000000000000, 0.8660254037844387100, 1.000000000000000000, 0.8660254037844387100, 1.000000000000000000, 0.8660254037844387100, 1.000000000000000000, 0.8660254037844387100, 1.000000000000000000, 0.8660254037844387100, 1.000000000000000000, 0.8660254037844387100, 1.000000000000000000, 0.8660254037844387100, 1.000000000000000000, 0.8660254037844387100, 1.000000000000000000, 0.8660254037844387100, 1.000000000000000000, 0.8660254037844387100, 1.000000000000000000, 0.8660254037844387100, 1.000000000000000000, 0.8660254037844387100, 1.000000000000000000, 0.8660254037844387100, 1.000000000000000000, 0.8660254037844387100, 1.000000000000000000, 0.8660254037844387100, 1.000000000000000000, 0.8660254037844387100, 1.000000000000000000, 0.8660254037844387100, 1.000000000000000000, 0.8660254037844387100, 1.000000000000000000, 0.8660254037844387100, 1.000000000000000000, 0.8660254037844387100, 1.000000000000000000, 0.8660254037844387100, 1.000000000000000000, 0.8660254037844387100, 1.000000000000000000, 0.8660254037844387100, 1.000000000000000000, 0.8660254037844387100, 1.000000000000000000, 0.8660254037844387100, 1.000000000000000000, 0.9423656956281583100, 0.9343185985964537200),
 ( 1.000000000000000000, 0.8660254037844387100, 1.000000000000000000, 0.8660254037844387100, 1.000000000000000000, 0.8660254037844387100, 1.000000000000000000, 0.8660254037844387100, 1.000000000000000000, 0.8660254037844387100, 1.000000000000000000, 0.8660254037844387100, 1.000000000000000000, 0.8660254037844387100, 1.000000000000000000, 0.8660254037844387100, 1.000000000000000000, 0.8660254037844387100, 1.000000000000000000, 0.8660254037844387100, 1.000000000000000000, 0.8660254037844387100, 1.000000000000000000, 0.8660254037844387100, 1.000000000000000000, 0.8660254037844387100, 1.000000000000000000, 0.8660254037844387100, 1.000000000000000000, 0.8660254037844387100, 1.000000000000000000, 0.8660254037844387100, 1.000000000000000000, 0.8660254037844387100, 1.000000000000000000, 0.8660254037844387100, 1.000000000000000000, 0.8660254037844387100, 1.000000000000000000, 0.8660254037844387100, 1.000000000000000000, 0.8660254037844387100, 1.000000000000000000, 0.8660254037844387100, 1.000000000000000000, 0.8660254037844387100, 1.000000000000000000, 0.8660254037844387100, 1.000000000000000000, 0.8660254037844387100, 1.000000000000000000, 0.8660254037844387100, 1.000000000000000000, 0.8660254037844387100, 1.000000000000000000, 0.8660254037844387100, 1.000000000000000000, 0.8660254037844387100, 1.000000000000000000, 0.8660254037844387100, 1.000000000000000000, 0.8660254037844387100, 1.000000000000000000, 0.8660254037844387100, 1.000000000000000000, 0.8660254037844387100, 1.000000000000000000, 0.8660254037844387100, 1.000000000000000000, 0.8660254037844387100, 1.000000000000000000, 0.8660254037844387100, 1.000000000000000000, 0.8660254037844387100, 1.000000000000000000, 0.8660254037844387100, 1.000000000000000000, 0.8660254037844387100, 1.000000000000000000, 0.8660254037844387100, 1.000000000000000000, 0.8660254037844387100, 1.000000000000000000, 0.8660254037844387100, 1.000000000000000000, 0.8660254037844387100, 1.000000000000000000, 0.8660254037844387100, 1.000000000000000000, 0.8660254037844387100, 1.000000000000000000, 0.8660254037844387100, 1.000000000000000000, 0.8660254037844387100, 1.000000000000000000, 0.8660254037844387100, 1.000000000000000000, 0.8660254037844387100, 1.000000000000000000, 0.8660254037844387100, 1.000000000000000000, 0.8660254037844387100, 1.000000000000000000, 0.8660254037844387100, 1.000000000000000000, 0.8660254037844387100, 1.000000000000000000, 0.8660254037844387100, 1.000000000000000000, 0.8660254037844387100, 1.000000000000000000, 0.8660254037844387100, 1.000000000000000000, 0.8660254037844387100, 1.000000000000000000, 0.8660254037844387100, 1.000000000000000000, 0.8660254037844387100, 1.000000000000000000, 0.8660254037844387100, 1.000000000000000000, 0.8660254037844387100, 1.000000000000000000, 0.8660254037844387100, 1.000000000000000000, 0.8660254037844387100, 1.000000000000000000, 0.8660254037844387100, 1.000000000000000000, 0.8660254037844387100, 1.000000000000000000, 0.8660254037844387100, 1.000000000000000000, 0.8660254037844387100, 1.000000000000000000, 0.8660254037844387100, 1.000000000000000000, 0.8660254037844387100, 1.000000000000000000, 0.8660254037844387100, 1.000000000000000000, 0.8660254037844387100, 1.000000000000000000, 0.8660254037844387100, 1.000000000000000000, 0.8660254037844387100, 1.000000000000000000, 0.8660254037844387100, 1.000000000000000000, 0.8660254037844387100, 1.000000000000000000, 0.8660254037844387100, 1.000000000000000000, 0.8660254037844387100, 1.000000000000000000, 0.8660254037844387100, 1.000000000000000000, 0.8660254037844387100, 1.000000000000000000, 0.8660254037844387100, 1.000000000000000000, 0.8660254037844387100, 1.000000000000000000, 0.8660254037844387100, 1.000000000000000000, 0.8660254037844387100, 1.000000000000000000, 0.8660254037844387100, 1.000000000000000000, 0.8660254037844387100, 1.000000000000000000, 0.8660254037844387100, 1.000000000000000000, 0.8660254037844387100, 1.000000000000000000, 0.8660254037844387100, 1.000000000000000000, 0.8660254037844387100, 1.000000000000000000, 0.8660254037844387100, 1.000000000000000000, 0.8660254037844387100, 1.000000000000000000, 0.8660254037844387100, 1.000000000000000000, 0.8660254037844387100, 1.000000000000000000, 0.8660254037844387100, 1.000000000000000000, 0.8660254037844387100, 1.000000000000000000, 0.8660254037844387100, 1.000000000000000000, 0.8660254037844387100, 1.000000000000000000, 0.8660254037844387100, 1.000000000000000000, 0.8660254037844387100, 1.000000000000000000, 0.8660254037844387100, 1.000000000000000000, 0.8660254037844387100, 1.000000000000000000, 0.8660254037844387100, 1.000000000000000000, 0.8660254037844387100, 1.000000000000000000, 0.8660254037844387100, 1.000000000000000000, 0.8660254037844387100, 1.000000000000000000, 0.8660254037844387100, 1.000000000000000000, 0.8660254037844387100, 1.000000000000000000, 0.8660254037844387100, 1.000000000000000000, 0.8660254037844387100, 1.000000000000000000, 0.8660254037844387100, 1.000000000000000000, 0.8660254037844387100, 1.000000000000000000, 0.8660254037844387100, 1.000000000000000000, 0.8660254037844387100, 1.000000000000000000, 0.8660254037844387100, 1.000000000000000000, 0.8660254037844387100, 1.000000000000000000, 0.8660254037844387100, 1.000000000000000000, 0.8660254037844387100, 1.000000000000000000, 0.8660254037844387100, 1.000000000000000000, 0.8660254037844387100, 1.000000000000000000, 0.8660254037844387100, 1.000000000000000000, 0.8660254037844387100, 1.000000000000000000, 0.8660254037844387100, 1.000000000000000000, 0.8660254037844387100, 1.000000000000000000, 0.8660254037844387100, 1.000000000000000000, 0.8660254037844387100, 1.000000000000000000, 0.8660254037844387100, 1.000000000000000000, 0.8660254037844387100, 1.000000000000000000, 0.8660254037844387100, 1.000000000000000000, 0.8660254037844387100, 1.000000000000000000, 0.8660254037844387100, 1.000000000000000000, 0.8660254037844387100, 1.000000000000000000, 0.8660254037844387100, 1.000000000000000000, 0.8660254037844387100, 1.000000000000000000, 0.8660254037844387100, 1.000000000000000000, 0.8660254037844387100, 1.000000000000000000, 0.8660254037844387100, 1.000000000000000000, 0.8660254037844387100, 1.000000000000000000, 0.8660254037844387100, 1.000000000000000000, 0.8660254037844387100, 1.000000000000000000, 0.8660254037844387100, 1.000000000000000000, 0.8660254037844387100, 1.000000000000000000, 0.8660254037844387100, 1.000000000000000000, 0.8660254037844387100, 1.000000000000000000, 0.8660254037844387100, 1.000000000000000000, 0.8660254037844387100, 1.000000000000000000, 0.8660254037844387100, 1.000000000000000000, 0.8660254037844387100, 1.000000000000000000, 0.8660254037844387100, 1.000000000000000000, 0.8660254037844387100, 1.000000000000000000, 0.8660254037844387100, 1.000000000000000000, 0.8660254037844387100, 1.000000000000000000, 0.8660254037844387100, 1.000000000000000000, 0.8660254037844387100, 1.000000000000000000, 0.8660254037844387100, 1.000000000000000000, 0.8660254037844387100, 1.000000000000000000, 0.8660254037844387100, 1.000000000000000000, 0.8660254037844387100, 1.000000000000000000, 0.8660254037844387100, 1.000000000000000000, 0.8660254037844387100, 1.000000000000000000, 0.8660254037844387100, 1.000000000000000000, 0.8660254037844387100, 1.000000000000000000, 0.8660254037844387100, 1.000000000000000000, 0.8660254037844387100, 1.000000000000000000, 0.8660254037844387100, 1.000000000000000000, 0.8660254037844387100, 1.000000000000000000, 0.8660254037844387100, 1.000000000000000000, 0.8660254037844387100, 1.000000000000000000, 0.8660254037844387100, 1.000000000000000000, 0.8660254037844387100, 1.000000000000000000, 0.8660254037844387100, 1.000000000000000000, 0.8660254037844387100, 1.000000000000000000, 0.8660254037844387100, 1.000000000000000000, 0.8660254037844387100, 1.000000000000000000, 0.8660254037844387100, 1.000000000000000000, 0.8660254037844387100, 1.000000000000000000, 0.8660254037844387100, 1.000000000000000000, 0.8660254037844387100, 1.000000000000000000, 0.9423656956281583100, 0.9343185985964537200) ) ) 
 REPRESENTATION_ITEM ( '' )  SURFACE ( )  );
#305 = CARTESIAN_POINT ( 'NONE',  ( -0.8922005383792623900, -1.545336663013201300, -11.15833333333333300 ) ) ;
#306 = AXIS2_PLACEMENT_3D ( 'NONE', #4338, #2371, #457 ) ;
#307 = ORIENTED_EDGE ( 'NONE', *, *, #3971, .T. ) ;
#308 = CARTESIAN_POINT ( 'NONE',  ( 1.338300807568892500, -0.7726683315066095200, -2.495833333333330900 ) ) ;
#309 = VERTEX_POINT ( 'NONE', #4597 ) ;
#310 = CARTESIAN_POINT ( 'NONE',  ( -0.01189117488104622800, 0.1244574993174655900, 9.450000000000001100 ) ) ;
#311 = CARTESIAN_POINT ( 'NONE',  ( -1.764863307568891300, 1.018944305707778900, -8.861458333333333200 ) ) ;
#312 = CARTESIAN_POINT ( 'NONE',  ( 0.8922005383792613900, -1.545336663013203500, 1.645833333333335700 ) ) ;
#313 = CARTESIAN_POINT ( 'NONE',  ( 0.0000000000000000000, 1.545336663013171700, 6.750000000000002700 ) ) ;
#314 = CARTESIAN_POINT ( 'NONE',  ( -0.8922005383792623900, -1.545336663013202600, -1.270833333333330400 ) ) ;
#315 = LINE ( 'NONE', #6033, #3387 ) ;
#316 = CARTESIAN_POINT ( 'NONE',  ( -1.784401076758523700, -1.570707124135401400E-014, 4.125000000000001800 ) ) ;
#318 = CARTESIAN_POINT ( 'NONE',  ( 0.8146331355231391000, 1.557046655486418400, -10.91823094469757600 ) ) ;
#317 = CARTESIAN_POINT ( 'NONE',  ( -1.338300807568892900, -0.7726683315066093000, 3.483333333333334700 ) ) ;
#319 = CYLINDRICAL_SURFACE ( 'NONE', #4511, 2.000000000000001800 ) ;
#320 = CARTESIAN_POINT ( 'NONE',  ( 0.1562500001368324600, 1.353164693334181700, 10.00000000000000000 ) ) ;
#321 = CARTESIAN_POINT ( 'NONE',  ( 0.8922005383792613900, -1.545336663013202600, -9.641666666666663900 ) ) ;
#322 = AXIS2_PLACEMENT_3D ( 'NONE', #1868, #1356, #2830 ) ;
#323 = CARTESIAN_POINT ( 'NONE',  ( 0.0000000000000000000, -1.670456784809440900E-015, 9.450000000000002800 ) ) ;
#324 = FACE_OUTER_BOUND ( 'NONE', #6208, .T. ) ;
#325 = CARTESIAN_POINT ( 'NONE',  ( 1.732050807568892100, 0.9999999999999917800, -4.129166666666661100 ) ) ;
#326 = CARTESIAN_POINT ( 'NONE',  ( -1.892491597964152600E-016, -1.545336663013202800, -3.312499999999997800 ) ) ;
#327 = LINE ( 'NONE', #3316, #4592 ) ;
#328 = EDGE_CURVE ( 'NONE', #3857, #405, #5485, .T. ) ;
#329 = CARTESIAN_POINT ( 'NONE',  ( 0.0000000000000000000, 2.000000000000000400, 2.899999999999999500 ) ) ;
#330 = EDGE_LOOP ( 'NONE', ( #5375, #3068, #4453, #592 ) ) ;
#331 = CARTESIAN_POINT ( 'NONE',  ( 1.176575538379260000, -2.037888611415600500, -9.269791666666668200 ) ) ;
#332 = CARTESIAN_POINT ( 'NONE',  ( 0.0000000000000000000, 1.545336663013172000, 4.737500000000002500 ) ) ;
#333 = CARTESIAN_POINT ( 'NONE',  ( 0.0000000000000000000, -1.517883041479706200E-015, 8.204140839334554500 ) ) ;
#334 = CARTESIAN_POINT ( 'NONE',  ( -1.338300807568892900, -0.7726683315066095200, 5.583333333333335700 ) ) ;
#335 = ORIENTED_EDGE ( 'NONE', *, *, #828, .T. ) ;
#336 = ADVANCED_FACE ( 'NONE', ( #172 ), #4368, .T. ) ;
#337 = CARTESIAN_POINT ( 'NONE',  ( -1.784401076758523700, -1.503198469332403700E-014, -1.387499999999998200 ) ) ;
#338 = CYLINDRICAL_SURFACE ( 'NONE', #3581, 2.000000000000001800 ) ;
#339 = CARTESIAN_POINT ( 'NONE',  ( -1.764863307568891500, -1.018944305707808700, 8.755208333333333900 ) ) ;
#340 = CARTESIAN_POINT ( 'NONE',  ( -0.8922005383792617200, 1.545336663013172200, 3.308333333333334900 ) ) ;
#342 = CARTESIAN_POINT ( 'NONE',  ( -6.440492870070588000E-014, 1.778108891324559700, -10.88439110867544500 ) ) ;
#341 = CARTESIAN_POINT ( 'NONE',  ( 0.8922005383792627200, 1.545336663013172000, 1.791666666666668700 ) ) ;
#343 = CARTESIAN_POINT ( 'NONE',  ( -2.449293598294726600E-016, -2.000000000000032400, 6.750000000000000900 ) ) ;
#344 = DIRECTION ( 'NONE',  ( 0.0000000000000000000, 0.0000000000000000000, 1.000000000000000000 ) ) ;
#345 = EDGE_CURVE ( 'NONE', #6182, #808, #2806, .T. ) ;
#346 = CARTESIAN_POINT ( 'NONE',  ( 1.784401076758523700, -1.455820584986767900E-014, -8.824999999999997500 ) ) ;
#347 = CARTESIAN_POINT ( 'NONE',  ( -1.154700538379260800, 2.000000000000000900, -1.154166666666662100 ) ) ;
#348 = CARTESIAN_POINT ( 'NONE',  ( -1.154700538379260800, 2.000000000000000000, 7.245833333333339800 ) ) ;
#349 = CARTESIAN_POINT ( 'NONE',  ( -1.154700538379257500, 2.000000000000007500, -7.541666666666667900 ) ) ;
#350 = CARTESIAN_POINT ( 'NONE',  ( 0.0000000000000000000, 1.545336663013173100, -3.662499999999997400 ) ) ;
#351 = ORIENTED_EDGE ( 'NONE', *, *, #2950, .T. ) ;
#352 = EDGE_LOOP ( 'NONE', ( #3045, #6068, #3494, #80 ) ) ;
#353 = CARTESIAN_POINT ( 'NONE',  ( -1.784401076758523700, -1.588923745272718300E-014, 5.612500000000002500 ) ) ;
#354 = CARTESIAN_POINT ( 'NONE',  ( -1.732050807568891000, 0.9999999999999928900, 1.004166666666671300 ) ) ;
#355 = CARTESIAN_POINT ( 'NONE',  ( 0.0000000000000000000, 2.037888611415571600, -10.33437499999999400 ) ) ;
#356 = CARTESIAN_POINT ( 'NONE',  ( -0.8922005383792617200, 1.545336663013172900, -2.904166666666664100 ) ) ;
#357 = CARTESIAN_POINT ( 'NONE',  ( 1.784401076758523700, -1.594052592440525100E-014, 2.462500000000003000 ) ) ;
#358 = AXIS2_PLACEMENT_3D ( 'NONE', #4795, #5794, #688 ) ;
#359 = ORIENTED_EDGE ( 'NONE', *, *, #3065, .F. ) ;
#360 = CARTESIAN_POINT ( 'NONE',  ( -1.338300807568892900, -0.7726683315066076300, -9.729166666666664300 ) ) ;
#361 = CARTESIAN_POINT ( 'NONE',  ( -1.892491597964152600E-016, -1.545336663013203300, 1.500000000000001300 ) ) ;
#362 = VECTOR ( 'NONE', #5861, 1000.000000000000000 ) ;
#364 = CARTESIAN_POINT ( 'NONE',  ( 1.469272848460657900, 0.8714688466047111300, -10.95752155303545500 ) ) ;
#363 = DIRECTION ( 'NONE',  ( -0.0000000000000000000, -1.224646799147353200E-016, 1.000000000000000000 ) ) ;
#365 = CARTESIAN_POINT ( 'NONE',  ( -1.249999999999999800, -3.966887408064485300E-015, 10.97392074642395900 ) ) ;
#366 = AXIS2_PLACEMENT_3D ( 'NONE', #4691, #4762, #1676 ) ;
#367 = CARTESIAN_POINT ( 'NONE',  ( 0.007086461601581177700, -0.1248667708941976300, 9.449999999999995700 ) ) ;
#368 = CARTESIAN_POINT ( 'NONE',  ( 1.154700538379261700, 1.999999999999999300, 5.729166666666673200 ) ) ;
#369 = CARTESIAN_POINT ( 'NONE',  ( -0.8922005383792617200, 1.545336663013173300, -6.491666666666664500 ) ) ;
#370 = ADVANCED_FACE ( 'NONE', ( #3164 ), #2704, .T. ) ;
#371 = EDGE_CURVE ( 'NONE', #744, #6591, #1605, .T. ) ;
#372 = CARTESIAN_POINT ( 'NONE',  ( -1.892491597964152600E-016, -1.545336663013202800, -1.912499999999997400 ) ) ;
#373 = ORIENTED_EDGE ( 'NONE', *, *, #4800, .F. ) ;
#374 = CARTESIAN_POINT ( 'NONE',  ( 0.0000000000000000000, -2.021310670506432500E-015, 11.10000000000000000 ) ) ;
#375 = CARTESIAN_POINT ( 'NONE',  ( 1.784401076758523700, -1.619770175222619600E-014, 4.562500000000000900 ) ) ;
#376 = CARTESIAN_POINT ( 'NONE',  ( -1.338300807568892700, 0.7726683315065778800, 8.266666666666669300 ) ) ;
#377 = CARTESIAN_POINT ( 'NONE',  ( 1.784401076758523700, -1.594052592440525100E-014, 2.462500000000003000 ) ) ;
#378 = CARTESIAN_POINT ( 'NONE',  ( 1.784401076758523700, -1.559762482064399100E-014, -0.3374999999999975800 ) ) ;
#379 = CARTESIAN_POINT ( 'NONE',  ( 1.764863307568890900, -1.018944305707808300, -6.411458333333334800 ) ) ;
#380 = EDGE_CURVE ( 'NONE', #1369, #2870, #1020, .T. ) ;
#381 = CARTESIAN_POINT ( 'NONE',  ( -1.338300807568892900, -0.7726683315066090700, 2.083333333333334800 ) ) ;
#382 = CARTESIAN_POINT ( 'NONE',  ( 1.338300807568893600, 0.7726683315065767700, 5.933333333333335300 ) ) ;
#383 = CARTESIAN_POINT ( 'NONE',  ( 0.0000000000000000000, -4.119968255444916800E-015, 11.10000000000000000 ) ) ;
#384 = VERTEX_POINT ( 'NONE', #110 ) ;
#385 = CARTESIAN_POINT ( 'NONE',  ( 1.250000000000000900, -3.306816626080788500E-015, 10.00000000000000400 ) ) ;
#386 = DIRECTION ( 'NONE',  ( -0.0000000000000000000, -1.224646799147353200E-016, 1.000000000000000000 ) ) ;
#387 = CARTESIAN_POINT ( 'NONE',  ( -0.8922005383792617200, 1.545336663013173300, -5.791666666666665200 ) ) ;
#388 = LINE ( 'NONE', #5886, #1951 ) ;
#389 = CARTESIAN_POINT ( 'NONE',  ( 0.0000000000000000000, 1.545336663013173700, -10.04999999999999900 ) ) ;
#390 = CARTESIAN_POINT ( 'NONE',  ( -1.732050807568891400, -1.000000000000023300, 1.033333333333331900 ) ) ;
#391 = CARTESIAN_POINT ( 'NONE',  ( 0.0000000000000000000, 1.545336663013172600, -0.8624999999999969400 ) ) ;
#392 = VECTOR ( 'NONE', #1640, 1000.000000000000100 ) ;
#393 = DIRECTION ( 'NONE',  ( 0.0000000000000000000, 1.224646799147353200E-016, -1.000000000000000000 ) ) ;
#394 = AXIS2_PLACEMENT_3D ( 'NONE', #2834, #3861, #2788 ) ;
#395 = CARTESIAN_POINT ( 'NONE',  ( 1.338300807568892500, -0.7726683315066101800, 3.104166666666668300 ) ) ;
#396 = CARTESIAN_POINT ( 'NONE',  ( -0.8922005383792617200, 1.545336663013171500, 8.208333333333335700 ) ) ;
#397 = ADVANCED_FACE ( 'NONE', ( #3002, #5404 ), #2633, .F. ) ;
#398 = CARTESIAN_POINT ( 'NONE',  ( 0.8922005383792613900, -1.545336663013203500, 0.9458333333333350800 ) ) ;
#399 = CARTESIAN_POINT ( 'NONE',  ( -1.338300807568892700, 0.7726683315065788800, -0.7458333333333310200 ) ) ;
#400 = VECTOR ( 'NONE', #1729, 1000.000000000000000 ) ;
#401 = CARTESIAN_POINT ( 'NONE',  ( 1.764863307568890900, -1.018944305707808300, -5.011458333333334500 ) ) ;
#402 = CARTESIAN_POINT ( 'NONE',  ( -0.8922005383792617200, 1.545336663013172000, 4.708333333333334800 ) ) ;
#404 = CARTESIAN_POINT ( 'NONE',  ( 1.660949358263899000, 0.2669063278037187600, -10.98356551974681500 ) ) ;
#403 = CARTESIAN_POINT ( 'NONE',  ( -1.338300807568892700, 0.7726683315065782100, 5.466666666666668600 ) ) ;
#405 = VERTEX_POINT ( 'NONE', #6174 ) ;
#406 = CARTESIAN_POINT ( 'NONE',  ( 0.1083108437662862700, -0.06253329480462391200, 9.449999999999983300 ) ) ;
#407 = CONICAL_SURFACE ( 'NONE', #4939, 1.562500000000004700, 0.7853981633974430600 ) ;
#408 = CARTESIAN_POINT ( 'NONE',  ( -2.449293598294726100E-016, -2.000000000000030600, -4.362499999999994500 ) ) ;
#409 = VERTEX_POINT ( 'NONE', #5208 ) ;
#410 = CIRCLE ( 'NONE', #6293, 4.649999999999999500 ) ;
#411 = AXIS2_PLACEMENT_3D ( 'NONE', #5878, #2778, #804 ) ;
#412 = CARTESIAN_POINT ( 'NONE',  ( 1.338300807568893600, 0.7726683315065786500, -8.766666666666665700 ) ) ;
#413 = CARTESIAN_POINT ( 'NONE',  ( 1.154700538379261700, 2.000000000000001300, -10.37083333333332800 ) ) ;
#414 = ORIENTED_EDGE ( 'NONE', *, *, #4271, .T. ) ;
#415 = EDGE_CURVE ( 'NONE', #5677, #5130, #5075, .T. ) ;
#416 = CARTESIAN_POINT ( 'NONE',  ( -0.8922005383792617200, 1.545336663013172200, 3.395833333333335700 ) ) ;
#417 = CARTESIAN_POINT ( 'NONE',  ( 1.176575538379260000, -2.037888611415600100, -10.62604166666666200 ) ) ;
#418 = CARTESIAN_POINT ( 'NONE',  ( 0.0000000000000000000, 1.545336663013172400, 0.5375000000000015300 ) ) ;
#419 = CARTESIAN_POINT ( 'NONE',  ( -0.8922005383792617200, 1.545336663013172400, 1.295833333333336500 ) ) ;
#420 = CARTESIAN_POINT ( 'NONE',  ( 1.764863307568890900, -1.018944305707808000, -7.811458333333334300 ) ) ;
#421 = CARTESIAN_POINT ( 'NONE',  ( -0.8922005383792617200, 1.545336663013171700, 6.108333333333334300 ) ) ;
#423 = CARTESIAN_POINT ( 'NONE',  ( -2.449293598294726600E-016, -2.000000000000030600, -3.050000000000001600 ) ) ;
#422 = CARTESIAN_POINT ( 'NONE',  ( 0.0000000000000000000, 2.000000000000001800, -6.200000000000002000 ) ) ;
#424 = DIRECTION ( 'NONE',  ( 0.0000000000000000000, -1.224646799147353200E-016, 1.000000000000000000 ) ) ;
#425 = CARTESIAN_POINT ( 'NONE',  ( 0.09533598569768993200, -0.08128569018792253200, 9.450000000000001100 ) ) ;
#426 = AXIS2_PLACEMENT_3D ( 'NONE', #333, #4502, #6396 ) ;
#427 = CARTESIAN_POINT ( 'NONE',  ( -1.732050807568891000, 0.9999999999999940000, -7.395833333333327700 ) ) ;
#428 = ADVANCED_FACE ( 'NONE', ( #3889 ), #3816, .T. ) ;
#429 = CARTESIAN_POINT ( 'NONE',  ( 1.338300807568893600, 0.7726683315065787600, -10.16666666666666400 ) ) ;
#430 = ORIENTED_EDGE ( 'NONE', *, *, #6315, .F. ) ;
#431 = CARTESIAN_POINT ( 'NONE',  ( 1.732050807568892100, 0.9999999999999915600, -2.029166666666661500 ) ) ;
#432 = VERTEX_POINT ( 'NONE', #3130 ) ;
#433 = CARTESIAN_POINT ( 'NONE',  ( 0.0000000000000000000, -2.021310670506432500E-015, 11.10000000000000000 ) ) ;
#434 = CARTESIAN_POINT ( 'NONE',  ( 1.176575538379261800, 2.037888611415570800, -11.09270833333332700 ) ) ;
#435 = FACE_OUTER_BOUND ( 'NONE', #3829, .T. ) ;
#436 = CARTESIAN_POINT ( 'NONE',  ( -1.338300807568892900, -0.7726683315066090700, 2.170833333333335200 ) ) ;
#437 = CARTESIAN_POINT ( 'NONE',  ( -1.892491597964152600E-016, -1.545336663013203500, 2.287500000000003200 ) ) ;
#438 = PRODUCT_DEFINITION_FORMATION_WITH_SPECIFIED_SOURCE ( 'ANY', '', #1556, .NOT_KNOWN. ) ;
#439 =( BOUNDED_CURVE ( )  B_SPLINE_CURVE ( 2, ( #2814, #1831, #815, #792, #4854, #1292, #5866 ),
 .UNSPECIFIED., .F., .T. ) 
 B_SPLINE_CURVE_WITH_KNOTS ( ( 3, 2, 2, 3 ),
 ( 0.4500000000000001200, 0.4555555555555556600, 0.4611111111111111900, 0.4666666666666667300 ),
 .UNSPECIFIED. ) 
 CURVE ( )  GEOMETRIC_REPRESENTATION_ITEM ( )  RATIONAL_B_SPLINE_CURVE ( ( 0.9999999999999973400, 0.8660254037844414800, 1.000000000000000000, 0.8660254037844388200, 1.000000000000000000, 0.8660254037844374900, 1.000000000000001300 ) ) 
 REPRESENTATION_ITEM ( '' )  );
#440 = CARTESIAN_POINT ( 'NONE',  ( 1.764863307568892200, 1.018944305707776900, -6.994791666666667900 ) ) ;
#441 =( BOUNDED_CURVE ( )  B_SPLINE_CURVE ( 2, ( #6148, #3201, #1682, #4227, #2723, #3691, #5743 ),
 .UNSPECIFIED., .F., .T. ) 
 B_SPLINE_CURVE_WITH_KNOTS ( ( 3, 2, 2, 3 ),
 ( 0.5690566427175585100, 0.5746121982731141600, 0.5801677538286697000, 0.5857233093842252300 ),
 .UNSPECIFIED. ) 
 CURVE ( )  GEOMETRIC_REPRESENTATION_ITEM ( )  RATIONAL_B_SPLINE_CURVE ( ( 1.000000000000000000, 0.8660254037844387100, 1.000000000000000000, 0.8660254037844387100, 1.000000000000000000, 0.8660254037844387100, 1.000000000000000000 ) ) 
 REPRESENTATION_ITEM ( '' )  );
#442 = CARTESIAN_POINT ( 'NONE',  ( -0.8922005383792623900, -1.545336663013203300, 5.641666666666669300 ) ) ;
#444 = CARTESIAN_POINT ( 'NONE',  ( -1.732050807568891200, 0.9999999999999941200, -8.883333333333334600 ) ) ;
#443 = CARTESIAN_POINT ( 'NONE',  ( -1.784401076758523700, -1.604997234511527400E-014, 6.925000000000000700 ) ) ;
#445 = VERTEX_POINT ( 'NONE', #6251 ) ;
#446 = DIRECTION ( 'NONE',  ( -0.0000000000000000000, -1.224646799147353200E-016, 1.000000000000000000 ) ) ;
#447 = CARTESIAN_POINT ( 'NONE',  ( -0.007086461601581232400, -0.1248667708941976300, 9.449999999999994000 ) ) ;
#448 = ORIENTED_EDGE ( 'NONE', *, *, #3753, .T. ) ;
#449 = EDGE_CURVE ( 'NONE', #1688, #1938, #441, .T. ) ;
#450 = CARTESIAN_POINT ( 'NONE',  ( 0.8922005383792613900, -1.545336663013201900, -11.04166666666666600 ) ) ;
#451 = ORIENTED_EDGE ( 'NONE', *, *, #1633, .F. ) ;
#452 = CARTESIAN_POINT ( 'NONE',  ( -1.892491597964152600E-016, -1.545336663013203700, 6.487500000000003400 ) ) ;
#453 = CARTESIAN_POINT ( 'NONE',  ( 1.176575538379261800, 2.037888611415570300, -6.892708333333328800 ) ) ;
#454 = CARTESIAN_POINT ( 'NONE',  ( 0.8922005383792627200, 1.545336663013172000, 0.4791666666666694100 ) ) ;
#455 = CARTESIAN_POINT ( 'NONE',  ( -1.338300807568892900, -0.7726683315066094100, 4.270833333333334800 ) ) ;
#456 = ADVANCED_FACE ( 'NONE', ( #2622 ), #6379, .T. ) ;
#457 = DIRECTION ( 'NONE',  ( 0.0000000000000000000, 1.000000000000000000, 1.224646799147353200E-016 ) ) ;
#458 = CARTESIAN_POINT ( 'NONE',  ( 0.0000000000000000000, 2.037888611415570800, -4.778125000000001100 ) ) ;
#459 = EDGE_CURVE ( 'NONE', #2936, #3786, #2140, .T. ) ;
#460 = CARTESIAN_POINT ( 'NONE',  ( 1.784401076758523700, -1.627271136867397100E-014, 5.175000000000003400 ) ) ;
#461 = CARTESIAN_POINT ( 'NONE',  ( 1.154700538379266800, -2.000000000000019500, -2.991666666666666700 ) ) ;
#462 = CARTESIAN_POINT ( 'NONE',  ( -0.8584274553325373900, -0.9477623505580596900, 10.00000000000001400 ) ) ;
#463 = CARTESIAN_POINT ( 'NONE',  ( 1.338300807568892500, -0.7726683315066088500, -8.183333333333330000 ) ) ;
#464 = LINE ( 'NONE', #2513, #237 ) ;
#465 = CARTESIAN_POINT ( 'NONE',  ( 0.0000000000000000000, 2.000000000000000400, 1.587500000000004600 ) ) ;
#466 = LINE ( 'NONE', #4160, #2611 ) ;
#467 = CARTESIAN_POINT ( 'NONE',  ( -2.495693764988940900E-016, -2.037888611415600100, -8.584374999999994300 ) ) ;
#468 = CARTESIAN_POINT ( 'NONE',  ( 0.8922005383792627200, 1.545336663013171500, 3.979166666666668700 ) ) ;
#469 = CARTESIAN_POINT ( 'NONE',  ( 1.338300807568893600, 0.7726683315065768800, 5.320833333333337300 ) ) ;
#470 = VECTOR ( 'NONE', #2569, 1000.000000000000000 ) ;
#471 = CARTESIAN_POINT ( 'NONE',  ( 0.0000000000000000000, 2.037888611415570800, -4.078125000000000900 ) ) ;
#472 = ORIENTED_EDGE ( 'NONE', *, *, #6045, .T. ) ;
#473 = CARTESIAN_POINT ( 'NONE',  ( 0.8922005383792613900, -1.545336663013204400, 5.758333333333333700 ) ) ;
#474 = CARTESIAN_POINT ( 'NONE',  ( 1.154700538379261500, 1.999999999999999300, 5.641666666666663900 ) ) ;
#475 = ORIENTED_EDGE ( 'NONE', *, *, #2882, .F. ) ;
#476 = CARTESIAN_POINT ( 'NONE',  ( -1.338300807568892700, 0.7726683315065795400, -6.345833333333330600 ) ) ;
#477 = ORIENTED_EDGE ( 'NONE', *, *, #1732, .F. ) ;
#478 = CARTESIAN_POINT ( 'NONE',  ( 0.0000000000000000000, 2.000000000000000000, 7.100000000000000500 ) ) ;
#479 = CARTESIAN_POINT ( 'NONE',  ( -1.211360211680041000, 0.6993791442990712200, 9.999999999999998200 ) ) ;
#480 = CARTESIAN_POINT ( 'NONE',  ( -1.892491597964152600E-016, -1.545336663013201900, -8.999999999999998200 ) ) ;
#481 = ADVANCED_FACE ( 'NONE', ( #5163 ), #6191, .T. ) ;
#483 = CARTESIAN_POINT ( 'NONE',  ( -1.338300807568892700, 0.7726683315065793200, -4.333333333333331300 ) ) ;
#482 = CARTESIAN_POINT ( 'NONE',  ( 1.338300807568893600, 0.7726683315065786500, -8.766666666666665700 ) ) ;
#484 = CARTESIAN_POINT ( 'NONE',  ( 1.154700538379248400, 2.000000000000023100, 0.04166666666666629700 ) ) ;
#485 = ORIENTED_EDGE ( 'NONE', *, *, #5777, .T. ) ;
#486 =( BOUNDED_CURVE ( )  B_SPLINE_CURVE ( 2, ( #1567, #6134, #3092, #2765, #5732, #580, #2106 ),
 .UNSPECIFIED., .F., .T. ) 
 B_SPLINE_CURVE_WITH_KNOTS ( ( 3, 2, 2, 3 ),
 ( 0.3000000000000000400, 0.3055555555555556400, 0.3111111111111112300, 0.3166666666666667600 ),
 .UNSPECIFIED. ) 
 CURVE ( )  GEOMETRIC_REPRESENTATION_ITEM ( )  RATIONAL_B_SPLINE_CURVE ( ( 0.9999999999999986700, 0.8660254037844401500, 1.000000000000000000, 0.8660254037844388200, 1.000000000000000000, 0.8660254037844361500, 1.000000000000002700 ) ) 
 REPRESENTATION_ITEM ( '' )  );
#487 = CARTESIAN_POINT ( 'NONE',  ( 0.8922005383792627200, 1.545336663013171300, 6.779166666666669400 ) ) ;
#488 = CARTESIAN_POINT ( 'NONE',  ( 0.0000000000000000000, 2.037888611415571200, -7.534374999999995400 ) ) ;
#489 = EDGE_CURVE ( 'NONE', #6042, #6089, #3647, .T. ) ;
#490 = CARTESIAN_POINT ( 'NONE',  ( -1.338300807568892700, 0.7726683315065783200, 4.154166666666668600 ) ) ;
#491 = CARTESIAN_POINT ( 'NONE',  ( 0.8922005383792627200, 1.545336663013171500, 4.679166666666668900 ) ) ;
#492 = ORIENTED_EDGE ( 'NONE', *, *, #3853, .T. ) ;
#493 = CARTESIAN_POINT ( 'NONE',  ( 0.0000000000000000000, 2.000000000000000000, 4.999999999999998200 ) ) ;
#494 = ORIENTED_EDGE ( 'NONE', *, *, #986, .T. ) ;
#495 =( BOUNDED_CURVE ( )  B_SPLINE_CURVE ( 2, ( #765, #4392, #5311, #4308, #5371, #348, #4825 ),
 .UNSPECIFIED., .F., .F. ) 
 B_SPLINE_CURVE_WITH_KNOTS ( ( 3, 2, 2, 3 ),
 ( 0.06905664271755862500, 0.07461219827311416100, 0.08016775382866969700, 0.08572330938422523200 ),
 .UNSPECIFIED. ) 
 CURVE ( )  GEOMETRIC_REPRESENTATION_ITEM ( )  RATIONAL_B_SPLINE_CURVE ( ( 1.000000000000000000, 0.8660254037844387100, 1.000000000000000000, 0.8660254037844387100, 1.000000000000000000, 0.8660254037844387100, 1.000000000000000000 ) ) 
 REPRESENTATION_ITEM ( '' )  );
#496 = CARTESIAN_POINT ( 'NONE',  ( 1.764863307568892200, 1.018944305707776300, -2.094791666666668400 ) ) ;
#497 = CARTESIAN_POINT ( 'NONE',  ( 0.8922005383792627200, 1.545336663013171500, 5.291666666666667000 ) ) ;
#498 = DIRECTION ( 'NONE',  ( 1.000000000000000000, 0.0000000000000000000, -0.0000000000000000000 ) ) ;
#499 = CARTESIAN_POINT ( 'NONE',  ( 0.09954481797193361100, -1.554299448776258300, -11.09999999999999400 ) ) ;
#500 = CARTESIAN_POINT ( 'NONE',  ( -1.338300807568892700, 0.7726683315065796500, -7.045833333333330700 ) ) ;
#501 = DIRECTION ( 'NONE',  ( 0.0000000000000000000, -1.000000000000000000, 0.0000000000000000000 ) ) ;
#502 = CARTESIAN_POINT ( 'NONE',  ( -0.3915725446674623300, 1.217301158903033400, 10.00000000000001200 ) ) ;
#503 = ORIENTED_EDGE ( 'NONE', *, *, #1067, .T. ) ;
#504 = CARTESIAN_POINT ( 'NONE',  ( -1.784401076758523700, -1.416401627442835000E-014, -8.474999999999997900 ) ) ;
#506 = CARTESIAN_POINT ( 'NONE',  ( 0.0000000000000000000, 1.545336663013173500, -7.249999999999998200 ) ) ;
#505 = CARTESIAN_POINT ( 'NONE',  ( 0.8922005383792627200, 1.545336663013173100, -8.008333333333332900 ) ) ;
#507 = CARTESIAN_POINT ( 'NONE',  ( 1.732050807568892100, 0.9999999999999909000, 4.883333333333331100 ) ) ;
#508 = CARTESIAN_POINT ( 'NONE',  ( -2.449293598294726600E-016, -2.000000000000032400, 6.750000000000000900 ) ) ;
#509 = CARTESIAN_POINT ( 'NONE',  ( -2.353151076758521800, -1.435154031554778600E-014, -6.659374999999995400 ) ) ;
#510 = VERTEX_POINT ( 'NONE', #713 ) ;
#511 = CARTESIAN_POINT ( 'NONE',  ( -1.892491597964152600E-016, -1.545336663013203700, 5.787500000000001400 ) ) ;
#512 = CARTESIAN_POINT ( 'NONE',  ( -0.8922005383792617200, 1.545336663013172000, 4.095833333333335000 ) ) ;
#513 = ORIENTED_EDGE ( 'NONE', *, *, #3522, .T. ) ;
#514 = ADVANCED_FACE ( 'NONE', ( #2227 ), #260, .T. ) ;
#515 = CARTESIAN_POINT ( 'NONE',  ( 1.338300807568892500, -0.7726683315066085200, -10.89583333333333000 ) ) ;
#516 = CARTESIAN_POINT ( 'NONE',  ( 1.764863307568890900, -1.018944305707808700, -1.511458333333335100 ) ) ;
#517 = CARTESIAN_POINT ( 'NONE',  ( 0.0000000000000000000, 2.000000000000000000, 5.787500000000003200 ) ) ;
#518 = CARTESIAN_POINT ( 'NONE',  ( 1.732050807568890700, -1.000000000000023500, -7.833333333333334800 ) ) ;
#519 = CARTESIAN_POINT ( 'NONE',  ( -1.784401076758523700, -1.443190776174183200E-014, -6.287499999999997900 ) ) ;
#520 = CARTESIAN_POINT ( 'NONE',  ( -0.8922005383792617200, 1.545336663013172900, -0.1916666666666646500 ) ) ;
#521 = CARTESIAN_POINT ( 'NONE',  ( -0.09533598569769000100, -0.08128569018792243500, 9.450000000000001100 ) ) ;
#522 = CARTESIAN_POINT ( 'NONE',  ( -0.8922005383792623900, -1.545336663013201700, -8.358333333333330700 ) ) ;
#523 = CARTESIAN_POINT ( 'NONE',  ( 1.732050807568890500, -1.000000000000024200, -0.04583333333332768900 ) ) ;
#524 = EDGE_CURVE ( 'NONE', #6042, #4949, #3468, .T. ) ;
#526 = CARTESIAN_POINT ( 'NONE',  ( 1.338300807568892500, -0.7726683315066091900, -5.383333333333332000 ) ) ;
#525 = CARTESIAN_POINT ( 'NONE',  ( 1.338300807568892500, -0.7726683315066094100, -3.283333333333332300 ) ) ;
#527 = ORIENTED_EDGE ( 'NONE', *, *, #922, .F. ) ;
#528 = CARTESIAN_POINT ( 'NONE',  ( 1.154700538379261500, 1.999999999999999300, 7.041666666666666100 ) ) ;
#529 = CARTESIAN_POINT ( 'NONE',  ( -2.495693764988940900E-016, -2.037888611415600500, -3.684374999999994800 ) ) ;
#530 = CARTESIAN_POINT ( 'NONE',  ( 1.401258538444133000, -1.427050983124820600, -10.66249999999999600 ) ) ;
#531 = CARTESIAN_POINT ( 'NONE',  ( 1.784401076758523700, -1.645487758004714300E-014, 6.662500000000001400 ) ) ;
#532 = CARTESIAN_POINT ( 'NONE',  ( -1.338300807568892700, 0.7726683315065784300, 3.454166666666669700 ) ) ;
#533 = CARTESIAN_POINT ( 'NONE',  ( 0.0000000000000000000, 6.974052236006912100E-016, -11.09999999999999800 ) ) ;
#534 = CARTESIAN_POINT ( 'NONE',  ( -2.495693764988940900E-016, -2.037888611415600500, -2.328125000000002200 ) ) ;
#535 = DIRECTION ( 'NONE',  ( 0.0000000000000000000, -1.000000000000000000, -1.224646799147353200E-016 ) ) ;
#536 = CARTESIAN_POINT ( 'NONE',  ( 0.8922005383792627200, 1.545336663013173100, -8.620833333333331800 ) ) ;
#537 = CARTESIAN_POINT ( 'NONE',  ( -1.338300807568892900, -0.7726683315066085200, -2.816666666666665100 ) ) ;
#538 = CARTESIAN_POINT ( 'NONE',  ( 1.784401076758523700, -1.431174568153927200E-014, -10.83749999999999900 ) ) ;
#539 = CARTESIAN_POINT ( 'NONE',  ( -0.8922005383792617200, 1.545336663013173700, -9.991666666666665400 ) ) ;
#541 = CARTESIAN_POINT ( 'NONE',  ( -0.8922005383792617200, 1.545336663013173100, -3.691666666666665100 ) ) ;
#540 = CARTESIAN_POINT ( 'NONE',  ( 0.8922005383792613900, -1.545336663013202800, -5.441666666666664700 ) ) ;
#542 = ORIENTED_EDGE ( 'NONE', *, *, #5068, .T. ) ;
#543 = ORIENTED_EDGE ( 'NONE', *, *, #1420, .T. ) ;
#544 = EDGE_LOOP ( 'NONE', ( #48, #4341, #2458, #6122 ) ) ;
#545 = CYLINDRICAL_SURFACE ( 'NONE', #3396, 2.000000000000001800 ) ;
#546 = ORIENTED_EDGE ( 'NONE', *, *, #718, .F. ) ;
#547 = VECTOR ( 'NONE', #5783, 1000.000000000000000 ) ;
#548 = VERTEX_POINT ( 'NONE', #6308 ) ;
#549 = CARTESIAN_POINT ( 'NONE',  ( 1.764863307568890900, -1.018944305707808500, -4.967708333333328100 ) ) ;
#550 = CARTESIAN_POINT ( 'NONE',  ( 0.8560380113781326200, -1.716609126001859000, -10.74820970974006000 ) ) ;
#551 = CARTESIAN_POINT ( 'NONE',  ( 0.8922005383792627200, 1.545336663013171300, 6.779166666666669400 ) ) ;
#552 = CARTESIAN_POINT ( 'NONE',  ( 2.571758278209444400E-016, 2.100000000000000100, 11.10000000000000000 ) ) ;
#553 = CARTESIAN_POINT ( 'NONE',  ( -0.7519166948554320000, 1.853273127198926000, 7.842264973081039000 ) ) ;
#554 = CARTESIAN_POINT ( 'NONE',  ( 1.176575538379260000, -2.037888611415601000, -0.8697916666666680700 ) ) ;
#555 = CARTESIAN_POINT ( 'NONE',  ( -2.449293598294726100E-016, -2.000000000000031500, 1.937500000000005600 ) ) ;
#556 = CARTESIAN_POINT ( 'NONE',  ( 1.116727804415336100, -0.7986325744833339100, 10.00000000000000000 ) ) ;
#557 = CARTESIAN_POINT ( 'NONE',  ( 2.309401076758521100, -1.666919076989792300E-014, 7.624999999999995600 ) ) ;
#558 = CARTESIAN_POINT ( 'NONE',  ( 0.0000000000000000000, 2.000000000000001800, -7.600000000000002300 ) ) ;
#559 = DIRECTION ( 'NONE',  ( -1.224646799147353500E-016, 1.000000000000000000, 0.0000000000000000000 ) ) ;
#560 = CARTESIAN_POINT ( 'NONE',  ( -1.338300807568892700, 0.7726683315065789900, -1.533333333333331000 ) ) ;
#561 = CARTESIAN_POINT ( 'NONE',  ( -2.449293598294726100E-016, -2.000000000000029800, -9.962499999999995000 ) ) ;
#562 = EDGE_CURVE ( 'NONE', #1941, #5246, #6369, .T. ) ;
#563 = CARTESIAN_POINT ( 'NONE',  ( 1.338300807568893600, 0.7726683315065786500, -8.679166666666665400 ) ) ;
#564 = CARTESIAN_POINT ( 'NONE',  ( 0.0000000000000000000, 2.037888611415569400, 7.121874999999999300 ) ) ;
#565 = CARTESIAN_POINT ( 'NONE',  ( -0.8922005383792617200, 1.545336663013173500, -7.191666666666664700 ) ) ;
#566 = DIRECTION ( 'NONE',  ( 0.0000000000000000000, 1.000000000000000000, 1.224646799147353200E-016 ) ) ;
#568 = CARTESIAN_POINT ( 'NONE',  ( -1.338300807568892900, -0.7726683315066080700, -6.316666666666664700 ) ) ;
#567 = CARTESIAN_POINT ( 'NONE',  ( 1.338300807568892500, -0.7726683315066093000, -3.983333333333331600 ) ) ;
#569 = CARTESIAN_POINT ( 'NONE',  ( 0.0000000000000000000, -2.021310670506432500E-015, 11.10000000000000000 ) ) ;
#570 = ORIENTED_EDGE ( 'NONE', *, *, #3838, .T. ) ;
#571 = CARTESIAN_POINT ( 'NONE',  ( 0.0000000000000000000, -4.119968255444916800E-015, 11.10000000000000000 ) ) ;
#572 = CARTESIAN_POINT ( 'NONE',  ( 2.353151076758521800, -1.531365984409169600E-014, -3.509374999999995900 ) ) ;
#573 = EDGE_CURVE ( 'NONE', #166, #2254, #2939, .T. ) ;
#574 = CARTESIAN_POINT ( 'NONE',  ( 0.0000000000000000000, 1.545336663013174000, -10.75000000000000000 ) ) ;
#575 = CARTESIAN_POINT ( 'NONE',  ( 0.8922005383792613900, -1.545336663013204600, 7.945833333333335500 ) ) ;
#576 = CARTESIAN_POINT ( 'NONE',  ( -0.8922005383792623900, -1.545336663013201500, -10.37083333333333000 ) ) ;
#577 = CARTESIAN_POINT ( 'NONE',  ( -2.353151076758521800, -1.528916052114498100E-014, 0.9968749999999995100 ) ) ;
#578 = CARTESIAN_POINT ( 'NONE',  ( 1.211360211680041300, 0.6993791442990693300, 9.999999999999994700 ) ) ;
#579 = TOROIDAL_SURFACE ( 'NONE', #813, 1.323246407972651400, 2.947953918351686300 ) ;
#580 = CARTESIAN_POINT ( 'NONE',  ( -1.154700538379247900, -2.000000000000053300, -4.508333333333332900 ) ) ;
#581 = CARTESIAN_POINT ( 'NONE',  ( -1.338300807568892900, -0.7726683315066087400, -0.7166666666666657900 ) ) ;
#582 = CARTESIAN_POINT ( 'NONE',  ( 1.732050807568890500, -1.000000000000023300, -8.445833333333327500 ) ) ;
#583 = CARTESIAN_POINT ( 'NONE',  ( 0.0000000000000000000, 1.545336663013173500, -8.562499999999996400 ) ) ;
#584 = CARTESIAN_POINT ( 'NONE',  ( -1.176575538379261500, -2.037888611415601000, 5.313541666666663900 ) ) ;
#585 = ORIENTED_EDGE ( 'NONE', *, *, #4923, .F. ) ;
#586 = CARTESIAN_POINT ( 'NONE',  ( 0.8922005383792613900, -1.545336663013203300, -3.341666666666664600 ) ) ;
#587 = CARTESIAN_POINT ( 'NONE',  ( 0.0000000000000000000, 2.000000000000001800, -8.912499999999994300 ) ) ;
#589 = CARTESIAN_POINT ( 'NONE',  ( -1.784401076758523700, -1.476409320601055200E-014, -3.574999999999998800 ) ) ;
#588 = CARTESIAN_POINT ( 'NONE',  ( -0.8922005383792623900, -1.545336663013202600, -2.058333333333332200 ) ) ;
#590 = DIRECTION ( 'NONE',  ( -0.0000000000000000000, -0.0000000000000000000, 1.000000000000000000 ) ) ;
#591 = CARTESIAN_POINT ( 'NONE',  ( 1.764863307568892200, 1.018944305707775400, 4.248958333333336900 ) ) ;
#592 = ORIENTED_EDGE ( 'NONE', *, *, #5297, .T. ) ;
#593 = CARTESIAN_POINT ( 'NONE',  ( 1.176575538379260000, -2.037888611415601000, -2.926041666666662000 ) ) ;
#594 = CARTESIAN_POINT ( 'NONE',  ( 1.249999999999999800, 0.7216878364870287200, 10.00000000000000000 ) ) ;
#595 = CARTESIAN_POINT ( 'NONE',  ( -0.8922005383792623900, -1.545336663013201500, -10.45833333333333000 ) ) ;
#596 = CARTESIAN_POINT ( 'NONE',  ( 1.784401076758523700, -1.645487758004714300E-014, 6.662500000000001400 ) ) ;
#597 = CARTESIAN_POINT ( 'NONE',  ( 1.338300807568892500, -0.7726683315066086300, -9.495833333333331800 ) ) ;
#598 = EDGE_CURVE ( 'NONE', #1824, #3208, #949, .T. ) ;
#599 = CARTESIAN_POINT ( 'NONE',  ( 1.764863307568892200, 1.018944305707775800, 2.105208333333332200 ) ) ;
#600 = DIRECTION ( 'NONE',  ( 0.0000000000000000000, -0.7071067811865440200, 0.7071067811865511300 ) ) ;
#601 = ORIENTED_EDGE ( 'NONE', *, *, #6094, .T. ) ;
#602 = CARTESIAN_POINT ( 'NONE',  ( 0.1180634655157347700, 0.04192054041506671600, 9.450000000000001100 ) ) ;
#603 = CARTESIAN_POINT ( 'NONE',  ( -2.449293598294726600E-016, -2.000000000000032400, 6.049999999999997200 ) ) ;
#604 = CARTESIAN_POINT ( 'NONE',  ( 0.8922005383792627200, 1.545336663013172900, -4.420833333333331600 ) ) ;
#605 = DIRECTION ( 'NONE',  ( 0.0000000000000000000, -1.000000000000000000, 0.0000000000000000000 ) ) ;
#606 = CARTESIAN_POINT ( 'NONE',  ( 1.338300807568892500, -0.7726683315066096300, -1.883333333333332400 ) ) ;
#607 = CARTESIAN_POINT ( 'NONE',  ( 0.8922005383792613900, -1.545336663013202200, -8.854166666666664300 ) ) ;
#608 = CARTESIAN_POINT ( 'NONE',  ( -2.495693764988940900E-016, -2.037888611415601400, 6.771875000000000500 ) ) ;
#609 = ORIENTED_EDGE ( 'NONE', *, *, #1454, .T. ) ;
#610 = CARTESIAN_POINT ( 'NONE',  ( -0.8922005383792623900, -1.545336663013201900, -4.158333333333332300 ) ) ;
#611 = EDGE_CURVE ( 'NONE', #21, #1495, #2318, .T. ) ;
#613 = CARTESIAN_POINT ( 'NONE',  ( -1.154700538379261500, -2.000000000000031100, 3.891666666666665300 ) ) ;
#612 = CARTESIAN_POINT ( 'NONE',  ( 0.8922005383792627200, 1.545336663013172400, -3.108333333333331200 ) ) ;
#614 = CARTESIAN_POINT ( 'NONE',  ( -2.495693764988940900E-016, -2.037888611415601000, 2.615625000000005000 ) ) ;
#615 = COORDINATED_UNIVERSAL_TIME_OFFSET ( 6, 0, .BEHIND. ) ;
#616 = CARTESIAN_POINT ( 'NONE',  ( 2.353151076758521800, -1.514220929221106700E-014, -4.909374999999994500 ) ) ;
#617 = CARTESIAN_POINT ( 'NONE',  ( -0.8922005383792623900, -1.545336663013203500, 8.529166666666668600 ) ) ;
#618 = CARTESIAN_POINT ( 'NONE',  ( 0.0000000000000000000, 1.545336663013171700, 6.837500000000003000 ) ) ;
#619 = EDGE_LOOP ( 'NONE', ( #1249, #1140, #846, #4679 ) ) ;
#620 = CARTESIAN_POINT ( 'NONE',  ( 1.764863307568892200, 1.018944305707775800, 0.7052083333333319900 ) ) ;
#621 = LINE ( 'NONE', #2829, #5801 ) ;
#622 = DIRECTION ( 'NONE',  ( 0.8660254037844397100, 0.0000000000000000000, 0.4999999999999979500 ) ) ;
#623 = CARTESIAN_POINT ( 'NONE',  ( 0.1045945648821132600, 0.06857044121700664500, 9.449999999999988600 ) ) ;
#624 = DIRECTION ( 'NONE',  ( -0.5000000000000004400, 0.8660254037844384900, 0.0000000000000000000 ) ) ;
#625 = CARTESIAN_POINT ( 'NONE',  ( -0.8922005383792623900, -1.545336663013202600, -1.970833333333331400 ) ) ;
#626 = CARTESIAN_POINT ( 'NONE',  ( -1.154700538379261700, -2.000000000000030200, -4.420833333333328100 ) ) ;
#627 = VECTOR ( 'NONE', #3773, 1000.000000000000000 ) ;
#628 = CARTESIAN_POINT ( 'NONE',  ( 1.338300807568893600, 0.7726683315065772100, 2.433333333333334000 ) ) ;
#629 = CARTESIAN_POINT ( 'NONE',  ( -1.764863307568891500, -1.018944305707808500, 6.655208333333332500 ) ) ;
#630 =( BOUNDED_CURVE ( )  B_SPLINE_CURVE ( 2, ( #4286, #5822, #5312, #2783, #1762, #4827, #3266 ),
 .UNSPECIFIED., .F., .T. ) 
 B_SPLINE_CURVE_WITH_KNOTS ( ( 3, 2, 2, 3 ),
 ( 0.5000000000000001100, 0.5055555555555556500, 0.5111111111111111800, 0.5166666666666668300 ),
 .UNSPECIFIED. ) 
 CURVE ( )  GEOMETRIC_REPRESENTATION_ITEM ( )  RATIONAL_B_SPLINE_CURVE ( ( 0.9999999999999973400, 0.8660254037844414800, 1.000000000000000000, 0.8660254037844388200, 1.000000000000000000, 0.8660254037844361500, 1.000000000000002700 ) ) 
 REPRESENTATION_ITEM ( '' )  );
#631 = EDGE_LOOP ( 'NONE', ( #5799, #3325, #3181, #3958, #1389 ) ) ;
#632 = CARTESIAN_POINT ( 'NONE',  ( 1.338300807568893600, 0.7726683315065783200, -5.966666666666665000 ) ) ;
#633 = CARTESIAN_POINT ( 'NONE',  ( 0.0000000000000000000, 4.649999999999997700, 9.450000000000002800 ) ) ;
#635 = CARTESIAN_POINT ( 'NONE',  ( 0.0000000000000000000, -2.021310670506432500E-015, 11.10000000000000000 ) ) ;
#634 = CARTESIAN_POINT ( 'NONE',  ( -1.338300807568892700, 0.7726683315065787600, -0.1333333333333325300 ) ) ;
#636 = LINE ( 'NONE', #4478, #5881 ) ;
#637 = CARTESIAN_POINT ( 'NONE',  ( 0.0000000000000000000, 2.000000000000001300, -3.312499999999995600 ) ) ;
#638 = CARTESIAN_POINT ( 'NONE',  ( 1.764863307568890900, -1.018944305707809400, 4.132291666666673400 ) ) ;
#639 = CARTESIAN_POINT ( 'NONE',  ( 2.449293598294708900E-016, 1.999999999999999600, 11.10000000000000000 ) ) ;
#640 = ORIENTED_EDGE ( 'NONE', *, *, #4044, .T. ) ;
#641 = CARTESIAN_POINT ( 'NONE',  ( 0.0000000000000000000, 2.000000000000000400, 3.687500000000005300 ) ) ;
#642 = CARTESIAN_POINT ( 'NONE',  ( -2.353151076758521800, -1.520879307495093500E-014, 0.3406250000000059000 ) ) ;
#643 = CARTESIAN_POINT ( 'NONE',  ( 0.0000000000000000000, 2.000000000000000000, 6.487500000000006000 ) ) ;
#644 = CARTESIAN_POINT ( 'NONE',  ( 1.338300807568892500, -0.7726683315066109600, 8.704166666666669300 ) ) ;
#645 = CARTESIAN_POINT ( 'NONE',  ( -1.784401076758523700, -1.408900665798057300E-014, -9.087499999999998600 ) ) ;
#646 = CARTESIAN_POINT ( 'NONE',  ( -1.764863307568891500, -1.018944305707807600, 0.3552083333333323500 ) ) ;
#647 = CARTESIAN_POINT ( 'NONE',  ( -1.732050807568891400, -1.000000000000022600, -1.766666666666668800 ) ) ;
#648 = CARTESIAN_POINT ( 'NONE',  ( 1.154700538379261700, 1.999999999999999300, 6.429166666666672500 ) ) ;
#649 = CARTESIAN_POINT ( 'NONE',  ( -1.338300807568892900, -0.7726683315066085200, -2.729166666666664300 ) ) ;
#650 = CARTESIAN_POINT ( 'NONE',  ( -1.154700538379260800, 2.000000000000001300, -4.654166666666661500 ) ) ;
#651 = CARTESIAN_POINT ( 'NONE',  ( -1.892491597964152600E-016, -1.545336663013203300, 0.8000000000000020400 ) ) ;
#652 = DIRECTION ( 'NONE',  ( -0.0000000000000000000, -1.224646799147353200E-016, 1.000000000000000000 ) ) ;
#653 = EDGE_CURVE ( 'NONE', #5130, #309, #1117, .T. ) ;
#654 = CARTESIAN_POINT ( 'NONE',  ( -0.8922005383792617200, 1.545336663013173100, -5.004166666666664700 ) ) ;
#655 = ORIENTED_EDGE ( 'NONE', *, *, #2959, .F. ) ;
#656 = CARTESIAN_POINT ( 'NONE',  ( -1.176575538379261500, -2.037888611415601000, 7.413541666666666300 ) ) ;
#657 = CARTESIAN_POINT ( 'NONE',  ( 1.338300807568892500, -0.7726683315066091900, -5.383333333333332000 ) ) ;
#659 = CARTESIAN_POINT ( 'NONE',  ( -1.732050807568891400, -1.000000000000022400, -3.166666666666667400 ) ) ;
#658 = CARTESIAN_POINT ( 'NONE',  ( -1.338300807568892700, 0.7726683315065788800, -0.8333333333333317100 ) ) ;
#660 = CARTESIAN_POINT ( 'NONE',  ( 0.0000000000000000000, -4.650000000000001200, 8.900000000000002100 ) ) ;
#661 = VERTEX_POINT ( 'NONE', #2152 ) ;
#662 = CARTESIAN_POINT ( 'NONE',  ( -1.176575538379260700, 2.037888611415570300, 3.723958333333337500 ) ) ;
#663 = FACE_OUTER_BOUND ( 'NONE', #4891, .T. ) ;
#664 = CARTESIAN_POINT ( 'NONE',  ( -2.449293598294726600E-016, -2.000000000000032000, 3.949999999999998000 ) ) ;
#665 = CARTESIAN_POINT ( 'NONE',  ( -2.449293598294726100E-016, -2.000000000000030200, -6.462499999999994100 ) ) ;
#666 = CARTESIAN_POINT ( 'NONE',  ( -1.176575538379260700, 2.037888611415570300, -0.4760416666666610900 ) ) ;
#667 = CARTESIAN_POINT ( 'NONE',  ( 1.732050807568892100, 0.9999999999999902300, 7.770833333333337500 ) ) ;
#668 = EDGE_CURVE ( 'NONE', #1569, #5677, #205, .T. ) ;
#669 = CARTESIAN_POINT ( 'NONE',  ( -0.8922005383792617200, 1.545336663013171500, 8.295833333333336100 ) ) ;
#670 = CARTESIAN_POINT ( 'NONE',  ( 0.8922005383792613900, -1.545336663013202600, -8.154166666666663200 ) ) ;
#671 = TOROIDAL_SURFACE ( 'NONE', #426, 1.323246407972651400, 2.947953918351686300 ) ;
#672 = CARTESIAN_POINT ( 'NONE',  ( 0.0000000000000000000, 2.037888611415569900, 2.921874999999999100 ) ) ;
#673 = CARTESIAN_POINT ( 'NONE',  ( 0.0000000000000000000, -2.021310670506432500E-015, 11.10000000000000000 ) ) ;
#674 = CARTESIAN_POINT ( 'NONE',  ( -1.116727804415336600, 0.7986325744833267000, 10.00000000000000000 ) ) ;
#675 = CARTESIAN_POINT ( 'NONE',  ( -1.176575538379260700, 2.037888611415571600, -11.01979166666666800 ) ) ;
#676 = CARTESIAN_POINT ( 'NONE',  ( -1.784401076758523700, -1.460335831362246100E-014, -4.887499999999997500 ) ) ;
#677 = ORIENTED_EDGE ( 'NONE', *, *, #4886, .F. ) ;
#678 = CARTESIAN_POINT ( 'NONE',  ( -0.8922005383792623900, -1.545336663013202800, 0.7416666666666682500 ) ) ;
#679 = ORIENTED_EDGE ( 'NONE', *, *, #6264, .F. ) ;
#680 = PLANE ( 'NONE',  #5565 ) ;
#681 = CARTESIAN_POINT ( 'NONE',  ( 0.8922005383792627200, 1.545336663013172900, -6.520833333333331300 ) ) ;
#682 = CARTESIAN_POINT ( 'NONE',  ( 1.764863307568892200, 1.018944305707774900, 8.405208333333330700 ) ) ;
#683 = B_SPLINE_CURVE_WITH_KNOTS ( 'NONE', 3,
 ( #3207, #4393, #1355, #4911, #1248, #6360 ),
 .UNSPECIFIED., .F., .F.,
 ( 4, 2, 4 ),
 ( 2.380763768063317800E-007, 0.0007291065797294584300, 0.001457975083082110700 ),
 .UNSPECIFIED. ) ;
#684 = CARTESIAN_POINT ( 'NONE',  ( -0.8922005383792623900, -1.545336663013202200, -2.758333333333331500 ) ) ;
#685 = DIRECTION ( 'NONE',  ( 0.0000000000000000000, -1.000000000000000000, 0.0000000000000000000 ) ) ;
#687 = CARTESIAN_POINT ( 'NONE',  ( -2.449293598294726100E-016, -2.000000000000030600, -5.062499999999994700 ) ) ;
#686 = CARTESIAN_POINT ( 'NONE',  ( 1.338300807568893600, 0.7726683315065777700, -1.766666666666664600 ) ) ;
#688 = DIRECTION ( 'NONE',  ( 1.000000000000000000, 0.0000000000000000000, 0.0000000000000000000 ) ) ;
#689 = CC_DESIGN_PERSON_AND_ORGANIZATION_ASSIGNMENT ( #5616, #1170, ( #438 ) ) ;
#690 = CARTESIAN_POINT ( 'NONE',  ( 1.176575538379260000, -2.037888611415601800, 4.073958333333338900 ) ) ;
#691 = CARTESIAN_POINT ( 'NONE',  ( -2.449293598294726100E-016, -2.000000000000032000, 4.737500000000005200 ) ) ;
#692 = VERTEX_POINT ( 'NONE', #2647 ) ;
#693 = AXIS2_PLACEMENT_3D ( 'NONE', #3761, #2306, #3783 ) ;
#694 = CARTESIAN_POINT ( 'NONE',  ( -1.154700538379260600, 2.000000000000000000, 5.758333333333330200 ) ) ;
#695 = CARTESIAN_POINT ( 'NONE',  ( -2.495693764988940900E-016, -2.037888611415600500, -1.584374999999995400 ) ) ;
#696 = CARTESIAN_POINT ( 'NONE',  ( -0.9375000000000000000, -0.5412658773652772000, 10.00000000000000000 ) ) ;
#697 = CARTESIAN_POINT ( 'NONE',  ( 0.0000000000000000000, 1.545336663013173500, -8.562499999999996400 ) ) ;
#698 = FACE_OUTER_BOUND ( 'NONE', #2545, .T. ) ;
#699 = EDGE_CURVE ( 'NONE', #5073, #3446, #5003, .T. ) ;
#700 = CARTESIAN_POINT ( 'NONE',  ( -2.495693764988940900E-016, -2.037888611415601000, 3.971874999999998000 ) ) ;
#701 = CARTESIAN_POINT ( 'NONE',  ( 1.468375672974065800, -4.119968255444916800E-015, 11.10000000000000000 ) ) ;
#702 = CARTESIAN_POINT ( 'NONE',  ( -1.250000000000000200, -3.117081245895825200E-015, 9.999999999999991100 ) ) ;
#703 = ADVANCED_FACE ( 'NONE', ( #3476 ), #3585, .F. ) ;
#704 = CARTESIAN_POINT ( 'NONE',  ( 0.0000000000000000000, 1.545336663013173100, -4.362499999999997200 ) ) ;
#705 = DIRECTION ( 'NONE',  ( -0.0000000000000000000, -1.224646799147353200E-016, 1.000000000000000000 ) ) ;
#706 = CARTESIAN_POINT ( 'NONE',  ( -1.892491597964152600E-016, -1.545336663013203500, 3.600000000000001000 ) ) ;
#707 = CARTESIAN_POINT ( 'NONE',  ( 0.0000000000000000000, 2.000000000000000000, 4.387500000000005500 ) ) ;
#708 = CARTESIAN_POINT ( 'NONE',  ( -1.338300807568892900, -0.7726683315066079600, -6.929166666666664500 ) ) ;
#709 = FACE_OUTER_BOUND ( 'NONE', #352, .T. ) ;
#710 = CARTESIAN_POINT ( 'NONE',  ( 0.0000000000000000000, 1.545336663013174000, -11.36249999999999700 ) ) ;
#711 =( BOUNDED_CURVE ( )  B_SPLINE_CURVE ( 2, ( #4014, #6082, #6574, #3527, #507, #2021, #5034 ),
 .UNSPECIFIED., .F., .F. ) 
 B_SPLINE_CURVE_WITH_KNOTS ( ( 3, 2, 2, 3 ),
 ( 0.7500000000000000000, 0.7555555555555555400, 0.7611111111111109600, 0.7666666666666666100 ),
 .UNSPECIFIED. ) 
 CURVE ( )  GEOMETRIC_REPRESENTATION_ITEM ( )  RATIONAL_B_SPLINE_CURVE ( ( 1.000000000000000000, 0.8660254037844388200, 1.000000000000000000, 0.8660254037844388200, 1.000000000000000000, 0.8660254037844414800, 0.9999999999999973400 ) ) 
 REPRESENTATION_ITEM ( '' )  );
#712 = CARTESIAN_POINT ( 'NONE',  ( -0.8922005383792623900, -1.545336663013202600, -1.358333333333331200 ) ) ;
#713 = CARTESIAN_POINT ( 'NONE',  ( 0.0000000000000000000, 2.000000000000000900, -1.912499999999995200 ) ) ;
#714 = CARTESIAN_POINT ( 'NONE',  ( -0.8922005383792623900, -1.545336663013202800, 1.441666666666667500 ) ) ;
#715 = CARTESIAN_POINT ( 'NONE',  ( -0.1354290950592833800, -1.729239986553799100, 7.685941606432353800 ) ) ;
#716 = APPROVAL_PERSON_ORGANIZATION ( #4437, #5994, #261 ) ;
#717 = CARTESIAN_POINT ( 'NONE',  ( 1.764863307568890900, -1.018944305707809600, 6.232291666666670300 ) ) ;
#718 = EDGE_CURVE ( 'NONE', #5807, #5548, #4507, .T. ) ;
#719 = ORIENTED_EDGE ( 'NONE', *, *, #1253, .T. ) ;
#720 = VERTEX_POINT ( 'NONE', #5316 ) ;
#721 = ORIENTED_EDGE ( 'NONE', *, *, #2145, .F. ) ;
#722 = CARTESIAN_POINT ( 'NONE',  ( 1.176575538379261800, 2.037888611415569400, -0.5927083333333287300 ) ) ;
#723 = DIRECTION ( 'NONE',  ( 0.0000000000000000000, 0.0000000000000000000, 1.000000000000000000 ) ) ;
#724 = DIRECTION ( 'NONE',  ( 0.0000000000000000000, 0.0000000000000000000, 1.000000000000000000 ) ) ;
#725 = CARTESIAN_POINT ( 'NONE',  ( -1.338300807568892700, 0.7726683315065797600, -7.745833333333330900 ) ) ;
#726 = ORIENTED_EDGE ( 'NONE', *, *, #1962, .F. ) ;
#727 = VECTOR ( 'NONE', #2599, 1000.000000000000000 ) ;
#728 =( BOUNDED_CURVE ( )  B_SPLINE_CURVE ( 2, ( #4794, #5876, #1221, #6356, #5286, #2268, #2774 ),
 .UNSPECIFIED., .F., .T. ) 
 B_SPLINE_CURVE_WITH_KNOTS ( ( 3, 2, 2, 3 ),
 ( 0.8690566427175585600, 0.8746121982731140900, 0.8801677538286697400, 0.8857233093842252800 ),
 .UNSPECIFIED. ) 
 CURVE ( )  GEOMETRIC_REPRESENTATION_ITEM ( )  RATIONAL_B_SPLINE_CURVE ( ( 1.000000000000000000, 0.8660254037844387100, 1.000000000000000000, 0.8660254037844387100, 1.000000000000000000, 0.8660254037844387100, 1.000000000000000000 ) ) 
 REPRESENTATION_ITEM ( '' )  );
#729 = CARTESIAN_POINT ( 'NONE',  ( -1.249999999999999800, -0.4503166115752411100, 10.00000000000000000 ) ) ;
#730 = CARTESIAN_POINT ( 'NONE',  ( -6.440492870070588000E-014, 1.778108891324559700, -10.88439110867544500 ) ) ;
#731 = CARTESIAN_POINT ( 'NONE',  ( -1.784401076758523700, -1.528916052114498100E-014, 0.7125000000000030200 ) ) ;
#732 = CARTESIAN_POINT ( 'NONE',  ( 0.0000000000000000000, 4.149783978102253600, 9.450000000000002800 ) ) ;
#733 = CARTESIAN_POINT ( 'NONE',  ( -0.8922005383792623900, -1.545336663013203000, 2.141666666666668400 ) ) ;
#734 = CARTESIAN_POINT ( 'NONE',  ( -1.732050807568891200, 0.9999999999999924500, 6.516666666666664800 ) ) ;
#735 = CARTESIAN_POINT ( 'NONE',  ( 1.338300807568892500, -0.7726683315066091900, -5.295833333333331600 ) ) ;
#736 = CARTESIAN_POINT ( 'NONE',  ( -1.338300807568892700, 0.7726683315065802100, -11.24583333333333200 ) ) ;
#737 = CARTESIAN_POINT ( 'NONE',  ( 1.784401076758523700, -1.541545860927082500E-014, -1.824999999999998400 ) ) ;
#738 = CARTESIAN_POINT ( 'NONE',  ( -1.784401076758523700, -1.510699430977181200E-014, -0.7749999999999979100 ) ) ;
#739 = APPLICATION_PROTOCOL_DEFINITION ( 'international standard', 'config_control_design', 1994, #234 ) ;
#740 = CARTESIAN_POINT ( 'NONE',  ( 2.353151076758521800, -1.634236315537547400E-014, 4.890625000000006200 ) ) ;
#741 = ADVANCED_FACE ( 'NONE', ( #1968 ), #5328, .T. ) ;
#742 = CARTESIAN_POINT ( 'NONE',  ( -1.784401076758523700, -1.390684044660740800E-014, -10.57499999999999800 ) ) ;
#743 = CARTESIAN_POINT ( 'NONE',  ( 1.435251603792276200E-012, -1.792972777169004100, -10.86952722283099100 ) ) ;
#744 = VERTEX_POINT ( 'NONE', #5808 ) ;
#745 = CARTESIAN_POINT ( 'NONE',  ( -1.732050807568891200, -1.000000000000022200, -6.579166666666661300 ) ) ;
#746 = CARTESIAN_POINT ( 'NONE',  ( 0.0000000000000000000, 2.000000000000001800, -8.300000000000002500 ) ) ;
#747 = CARTESIAN_POINT ( 'NONE',  ( 1.784401076758523700, -1.482609733718116100E-014, -6.637499999999998400 ) ) ;
#748 = ORIENTED_EDGE ( 'NONE', *, *, #5620, .F. ) ;
#749 = CARTESIAN_POINT ( 'NONE',  ( -0.09533598569769002900, 0.08128569018791649600, 9.450000000000001100 ) ) ;
#750 = CARTESIAN_POINT ( 'NONE',  ( -2.449293598294726100E-016, -2.000000000000029800, -10.66249999999999400 ) ) ;
#751 = CARTESIAN_POINT ( 'NONE',  ( -0.8922005383792617200, 1.545336663013172400, 0.5958333333333354400 ) ) ;
#752 = CARTESIAN_POINT ( 'NONE',  ( 0.0000000000000000000, 2.000000000000002200, -9.700000000000002800 ) ) ;
#753 = CARTESIAN_POINT ( 'NONE',  ( 1.338300807568893600, 0.7726683315065766600, 7.333333333333333900 ) ) ;
#754 = EDGE_CURVE ( 'NONE', #1947, #2495, #5789, .T. ) ;
#755 = CARTESIAN_POINT ( 'NONE',  ( -1.784401076758523700, -1.434618248580151900E-014, -6.987499999999998000 ) ) ;
#756 = CARTESIAN_POINT ( 'NONE',  ( -0.8922005383792617200, 1.545336663013172900, -2.291666666666665600 ) ) ;
#757 = VECTOR ( 'NONE', #3674, 1000.000000000000000 ) ;
#759 = CARTESIAN_POINT ( 'NONE',  ( -2.449293598294726100E-016, -2.000000000000031500, 4.037500000000005900 ) ) ;
#758 = CARTESIAN_POINT ( 'NONE',  ( 1.338300807568893600, 0.7726683315065773200, 1.733333333333334900 ) ) ;
#760 = DIRECTION ( 'NONE',  ( 0.0000000000000000000, 1.224646799147364800E-016, -1.000000000000000000 ) ) ;
#761 = CARTESIAN_POINT ( 'NONE',  ( 2.353151076758521800, -1.659953898319641800E-014, 6.990625000000004100 ) ) ;
#762 = CARTESIAN_POINT ( 'NONE',  ( 0.0000000000000000000, 2.000000000000002200, -10.40000000000000200 ) ) ;
#763 = ORIENTED_EDGE ( 'NONE', *, *, #4435, .T. ) ;
#764 = FACE_OUTER_BOUND ( 'NONE', #330, .T. ) ;
#765 = CARTESIAN_POINT ( 'NONE',  ( -2.449293598294726100E-016, -2.000000000000032000, 7.537500000000005000 ) ) ;
#766 = CARTESIAN_POINT ( 'NONE',  ( -1.892491597964152600E-016, -1.545336663013202400, -5.412499999999997900 ) ) ;
#767 = ORIENTED_EDGE ( 'NONE', *, *, #1935, .T. ) ;
#768 = CARTESIAN_POINT ( 'NONE',  ( -1.014985625370285600, 0.8573734489429260000, 10.00000000000000000 ) ) ;
#769 = CARTESIAN_POINT ( 'NONE',  ( -0.9469308038729680200, -1.739169410510718500, -10.69757563413710600 ) ) ;
#770 = CARTESIAN_POINT ( 'NONE',  ( -1.338300807568892900, -0.7726683315066089600, 0.7708333333333351500 ) ) ;
#771 = CARTESIAN_POINT ( 'NONE',  ( -0.8922005383792623900, -1.545336663013203300, 5.641666666666669300 ) ) ;
#772 = CARTESIAN_POINT ( 'NONE',  ( 0.0000000000000000000, 2.000000000000000000, 6.399999999999996800 ) ) ;
#773 = CARTESIAN_POINT ( 'NONE',  ( -1.784401076758523700, -1.477480886550308900E-014, -3.487499999999997200 ) ) ;
#774 = ORIENTED_EDGE ( 'NONE', *, *, #2251, .F. ) ;
#775 = ORIENTED_EDGE ( 'NONE', *, *, #4397, .T. ) ;
#776 = CARTESIAN_POINT ( 'NONE',  ( 0.8922005383792627200, 1.545336663013172200, -1.708333333333332600 ) ) ;
#778 = DIRECTION ( 'NONE',  ( 0.0000000000000000000, -1.000000000000000000, 0.0000000000000000000 ) ) ;
#777 = CARTESIAN_POINT ( 'NONE',  ( -0.8922005383792623900, -1.545336663013203300, 4.241666666666668000 ) ) ;
#779 = CARTESIAN_POINT ( 'NONE',  ( -2.353151076758521800, -1.589459528247345600E-014, 5.940625000000005200 ) ) ;
#780 = CARTESIAN_POINT ( 'NONE',  ( -5.932812024120058800E-012, -1.736065791127861000, 7.689882486540357200 ) ) ;
#781 = ORIENTED_EDGE ( 'NONE', *, *, #1506, .T. ) ;
#782 =( BOUNDED_CURVE ( )  B_SPLINE_CURVE ( 2, ( #5889, #1465, #5635, #2009, #1546, #1568, #1528 ),
 .UNSPECIFIED., .F., .T. ) 
 B_SPLINE_CURVE_WITH_KNOTS ( ( 3, 2, 2, 3 ),
 ( 0.8023899760508919100, 0.8079455316064474400, 0.8135010871620029800, 0.8190566427175586300 ),
 .UNSPECIFIED. ) 
 CURVE ( )  GEOMETRIC_REPRESENTATION_ITEM ( )  RATIONAL_B_SPLINE_CURVE ( ( 1.000000000000000000, 0.8660254037844387100, 1.000000000000000000, 0.8660254037844387100, 1.000000000000000000, 0.8660254037844387100, 1.000000000000000000 ) ) 
 REPRESENTATION_ITEM ( '' )  );
#783 = LINE ( 'NONE', #4866, #1480 ) ;
#784 = AXIS2_PLACEMENT_3D ( 'NONE', #1958, #5047, #6017 ) ;
#785 = CARTESIAN_POINT ( 'NONE',  ( 1.045899675263967800, 0.8395252139150671800, 11.01753280168866000 ) ) ;
#786 = CARTESIAN_POINT ( 'NONE',  ( 2.309401076758521600, -1.522257673840511300E-014, -4.187499999999994700 ) ) ;
#787 = CARTESIAN_POINT ( 'NONE',  ( 0.8922005383792613900, -1.545336663013203000, -4.654166666666665000 ) ) ;
#788 = EDGE_CURVE ( 'NONE', #1079, #3978, #3555, .T. ) ;
#789 = LOCAL_TIME ( 10, 29, 13.00000000000000000, #2117 ) ;
#790 =( BOUNDED_CURVE ( )  B_SPLINE_CURVE ( 2, ( #762, #1244, #2341, #1779, #4821, #1303, #5330 ),
 .UNSPECIFIED., .F., .T. ) 
 B_SPLINE_CURVE_WITH_KNOTS ( ( 3, 2, 2, 3 ),
 ( 0.03333333333333329800, 0.03888888888888888300, 0.04444444444444446700, 0.05000000000000005100 ),
 .UNSPECIFIED. ) 
 CURVE ( )  GEOMETRIC_REPRESENTATION_ITEM ( )  RATIONAL_B_SPLINE_CURVE ( ( 1.000000000000000900, 0.8660254037844379300, 1.000000000000000000, 0.8660254037844388200, 1.000000000000000000, 0.8660254037844377100, 1.000000000000001100 ) ) 
 REPRESENTATION_ITEM ( '' )  );
#791 = CARTESIAN_POINT ( 'NONE',  ( -2.449293598294726600E-016, -2.000000000000030200, -6.550000000000000700 ) ) ;
#792 = CARTESIAN_POINT ( 'NONE',  ( 2.309401076758521100, -1.555476218267383000E-014, -1.475000000000001000 ) ) ;
#793 = CARTESIAN_POINT ( 'NONE',  ( 1.764863307568890900, -1.018944305707807600, -10.61145833333333300 ) ) ;
#794 = CARTESIAN_POINT ( 'NONE',  ( -1.892491597964152600E-016, -1.545336663013203000, -0.5124999999999972900 ) ) ;
#795 = CARTESIAN_POINT ( 'NONE',  ( 0.8922005383792627200, 1.545336663013171300, 6.691666666666669100 ) ) ;
#796 = CARTESIAN_POINT ( 'NONE',  ( -1.892491597964152600E-016, -1.545336663013202800, -3.312499999999997800 ) ) ;
#797 = ORIENTED_EDGE ( 'NONE', *, *, #3370, .F. ) ;
#798 = FACE_OUTER_BOUND ( 'NONE', #3069, .T. ) ;
#799 = CARTESIAN_POINT ( 'NONE',  ( -1.784401076758523700, -1.493554375789118100E-014, -2.174999999999998000 ) ) ;
#801 = CARTESIAN_POINT ( 'NONE',  ( -2.309401076758521600, -1.572850256033909100E-014, 4.562500000000006200 ) ) ;
#800 = CARTESIAN_POINT ( 'NONE',  ( 0.0000000000000000000, 1.545336663013172000, 4.650000000000001200 ) ) ;
#802 = FACE_OUTER_BOUND ( 'NONE', #6340, .T. ) ;
#803 = CARTESIAN_POINT ( 'NONE',  ( 1.176575538379260000, -2.037888611415602300, 7.573958333333338900 ) ) ;
#804 = DIRECTION ( 'NONE',  ( 1.000000000000000000, 0.0000000000000000000, 0.0000000000000000000 ) ) ;
#805 = VERTEX_POINT ( 'NONE', #4832 ) ;
#806 = EDGE_CURVE ( 'NONE', #3994, #6501, #5877, .T. ) ;
#807 = CARTESIAN_POINT ( 'NONE',  ( 1.784401076758523700, -1.447248057392736300E-014, -9.524999999999998600 ) ) ;
#808 = VERTEX_POINT ( 'NONE', #6268 ) ;
#809 = CARTESIAN_POINT ( 'NONE',  ( -1.154700538379261700, -2.000000000000031100, 3.979166666666671800 ) ) ;
#810 = CARTESIAN_POINT ( 'NONE',  ( 1.154700538379260100, -2.000000000000031100, -4.304166666666661800 ) ) ;
#811 = CARTESIAN_POINT ( 'NONE',  ( 1.154700538379258800, 2.000000000000006200, -6.958333333333332100 ) ) ;
#812 = CARTESIAN_POINT ( 'NONE',  ( 0.8922005383792613900, -1.545336663013202800, -5.354166666666665200 ) ) ;
#813 = AXIS2_PLACEMENT_3D ( 'NONE', #1112, #3709, #6272 ) ;
#814 = CARTESIAN_POINT ( 'NONE',  ( 1.732050807568892100, 0.9999999999999926700, -10.51666666666666900 ) ) ;
#815 = CARTESIAN_POINT ( 'NONE',  ( 1.732050807568890700, -1.000000000000024000, -1.533333333333335200 ) ) ;
#816 = CARTESIAN_POINT ( 'NONE',  ( 1.176575538379260000, -2.037888611415600500, -8.569791666666668900 ) ) ;
#817 = CARTESIAN_POINT ( 'NONE',  ( 0.0000000000000000000, 1.545336663013172200, 1.937500000000001800 ) ) ;
#818 = CARTESIAN_POINT ( 'NONE',  ( 0.0000000000000000000, 2.000000000000001300, -4.712499999999994100 ) ) ;
#819 = CARTESIAN_POINT ( 'NONE',  ( 0.8922005383792613900, -1.545336663013204600, 7.158333333333335900 ) ) ;
#820 = CARTESIAN_POINT ( 'NONE',  ( 1.338300807568893600, 0.7726683315065777700, -1.679166666666663800 ) ) ;
#821 = AXIS2_PLACEMENT_3D ( 'NONE', #6519, #5486, #5905 ) ;
#822 = CARTESIAN_POINT ( 'NONE',  ( -1.892491597964152600E-016, -1.545336663013203500, 4.300000000000001600 ) ) ;
#823 = CARTESIAN_POINT ( 'NONE',  ( -1.892491597964152600E-016, -1.545336663013203500, 5.000000000000000900 ) ) ;
#824 = APPROVAL_ROLE ( '' ) ;
#825 = ORIENTED_EDGE ( 'NONE', *, *, #2036, .F. ) ;
#826 = CARTESIAN_POINT ( 'NONE',  ( 0.0000000000000000000, -2.021310670506432500E-015, 11.10000000000000000 ) ) ;
#827 = CARTESIAN_POINT ( 'NONE',  ( 0.1562500000000005800, 1.353164693413182000, 10.00000000000000000 ) ) ;
#828 = EDGE_CURVE ( 'NONE', #1369, #6042, #3338, .T. ) ;
#829 = CARTESIAN_POINT ( 'NONE',  ( -0.3997960727332809900, -1.506045080623591400, -11.10000000000000300 ) ) ;
#830 = ORIENTED_EDGE ( 'NONE', *, *, #6132, .F. ) ;
#831 = DIRECTION ( 'NONE',  ( 0.0000000000000000000, -1.000000000000000000, 0.0000000000000000000 ) ) ;
#832 = CARTESIAN_POINT ( 'NONE',  ( 1.732050807568890700, -1.000000000000023500, -7.133333333333334600 ) ) ;
#833 = CARTESIAN_POINT ( 'NONE',  ( 0.8922005383792627200, 1.545336663013172900, -3.720833333333331400 ) ) ;
#834 = CARTESIAN_POINT ( 'NONE',  ( -1.093750000000000000, 0.8118988160479079200, 10.00000000000000000 ) ) ;
#835 = CARTESIAN_POINT ( 'NONE',  ( -0.02272747981804468200, 0.1232062306029862200, 9.450000000000001100 ) ) ;
#836 = CARTESIAN_POINT ( 'NONE',  ( 1.764863307568892200, 1.018944305707777200, -9.794791666666666800 ) ) ;
#837 = CARTESIAN_POINT ( 'NONE',  ( 1.338300807568893600, 0.7726683315065768800, 5.320833333333337300 ) ) ;
#838 = CARTESIAN_POINT ( 'NONE',  ( 1.338300807568893600, 0.7726683315065764300, 8.733333333333336100 ) ) ;
#839 = CYLINDRICAL_SURFACE ( 'NONE', #3081, 2.000000000000001800 ) ;
#840 = CARTESIAN_POINT ( 'NONE',  ( -0.8922005383792617200, 1.545336663013172900, -0.8041666666666648100 ) ) ;
#841 = CARTESIAN_POINT ( 'NONE',  ( -1.784401076758523700, -1.400328138204026100E-014, -9.787499999999996100 ) ) ;
#842 = EDGE_CURVE ( 'NONE', #2293, #1241, #1576, .T. ) ;
#843 = CARTESIAN_POINT ( 'NONE',  ( -0.8922005383792617200, 1.545336663013172000, 4.008333333333334600 ) ) ;
#845 = CARTESIAN_POINT ( 'NONE',  ( 0.0000000000000000000, 2.000000000000001800, -9.612499999999995400 ) ) ;
#844 = CARTESIAN_POINT ( 'NONE',  ( -1.338300807568892900, -0.7726683315066094100, 4.883333333333332900 ) ) ;
#846 = ORIENTED_EDGE ( 'NONE', *, *, #2882, .T. ) ;
#847 = CARTESIAN_POINT ( 'NONE',  ( 2.571758278209445400E-016, 2.100000000000001000, 7.900000000000000400 ) ) ;
#848 = CARTESIAN_POINT ( 'NONE',  ( -0.1332721955846634900, -1.366430934977769500, 10.00000000000000000 ) ) ;
#849 = CARTESIAN_POINT ( 'NONE',  ( 0.8922005383792627200, 1.545336663013173300, -9.408333333333327900 ) ) ;
#850 = CARTESIAN_POINT ( 'NONE',  ( 0.0000000000000000000, 2.000000000000001800, -5.500000000000001800 ) ) ;
#851 = DIRECTION ( 'NONE',  ( -0.0000000000000000000, -1.224646799147353200E-016, 1.000000000000000000 ) ) ;
#852 = CARTESIAN_POINT ( 'NONE',  ( -1.154700538379261700, -2.000000000000030600, 0.4791666666666717900 ) ) ;
#853 = CARTESIAN_POINT ( 'NONE',  ( 0.0000000000000000000, 1.545336663013173100, -5.062499999999997300 ) ) ;
#854 = ORIENTED_EDGE ( 'NONE', *, *, #5532, .F. ) ;
#855 = AXIS2_PLACEMENT_3D ( 'NONE', #4347, #3323, #3346 ) ;
#856 = CARTESIAN_POINT ( 'NONE',  ( -1.892491597964152600E-016, -1.545336663013203500, 2.287500000000003200 ) ) ;
#857 = CARTESIAN_POINT ( 'NONE',  ( 0.3527281774880697800, -1.545336663013204200, 9.223061867224210200 ) ) ;
#858 = ADVANCED_FACE ( 'NONE', ( #3639 ), #304, .T. ) ;
#859 = CARTESIAN_POINT ( 'NONE',  ( -1.784401076758523700, -1.511770996926434900E-014, -0.6874999999999971100 ) ) ;
#860 = CARTESIAN_POINT ( 'NONE',  ( 1.338300807568893600, 0.7726683315065772100, 2.520833333333334800 ) ) ;
#861 = LINE ( 'NONE', #3563, #5779 ) ;
#862 = CARTESIAN_POINT ( 'NONE',  ( -1.892491597964152600E-016, -1.545336663013201900, -9.612499999999997200 ) ) ;
#863 = CARTESIAN_POINT ( 'NONE',  ( -0.8922005383792617200, 1.545336663013172200, 1.908333333333334800 ) ) ;
#864 = CARTESIAN_POINT ( 'NONE',  ( 0.0000000000000000000, -2.000000000000004000, 11.10000000000000000 ) ) ;
#865 = CIRCLE ( 'NONE', #4209, 2.000000000000000400 ) ;
#866 = DIRECTION ( 'NONE',  ( -0.0000000000000000000, -1.224646799147353200E-016, 1.000000000000000000 ) ) ;
#867 = CARTESIAN_POINT ( 'NONE',  ( 0.1332721955846633800, -1.366430934977769500, 10.00000000000000000 ) ) ;
#868 = DIRECTION ( 'NONE',  ( 0.0000000000000000000, -1.000000000000000000, 0.0000000000000000000 ) ) ;
#869 = CARTESIAN_POINT ( 'NONE',  ( 1.784401076758523700, -1.464393112580799200E-014, -8.124999999999998200 ) ) ;
#870 = CARTESIAN_POINT ( 'NONE',  ( -2.449293598294726600E-016, -2.000000000000031100, -0.2500000000000008300 ) ) ;
#871 = COORDINATED_UNIVERSAL_TIME_OFFSET ( 6, 0, .BEHIND. ) ;
#872 = CARTESIAN_POINT ( 'NONE',  ( 0.0000000000000000000, 1.545336663013172600, -1.562499999999998000 ) ) ;
#873 = EDGE_CURVE ( 'NONE', #3483, #1015, #1828, .T. ) ;
#874 = ORIENTED_EDGE ( 'NONE', *, *, #653, .F. ) ;
#875 = ORIENTED_EDGE ( 'NONE', *, *, #3448, .F. ) ;
#876 = ORIENTED_EDGE ( 'NONE', *, *, #1113, .F. ) ;
#877 = CARTESIAN_POINT ( 'NONE',  ( -1.338300807568892900, -0.7726683315066090700, 2.170833333333335200 ) ) ;
#878 = CARTESIAN_POINT ( 'NONE',  ( -1.176575538379260700, 2.037888611415571600, -10.97604166666666200 ) ) ;
#879 = EDGE_LOOP ( 'NONE', ( #6313, #1054, #2122, #4327 ) ) ;
#880 = CARTESIAN_POINT ( 'NONE',  ( 0.8922005383792627200, 1.545336663013171700, 2.579166666666668800 ) ) ;
#881 = CARTESIAN_POINT ( 'NONE',  ( 0.0000000000000000000, 1.545336663013172400, 0.5375000000000015300 ) ) ;
#882 = VECTOR ( 'NONE', #6270, 1000.000000000000000 ) ;
#883 = CARTESIAN_POINT ( 'NONE',  ( -2.495693764988940900E-016, -2.037888611415600100, -5.828125000000000900 ) ) ;
#884 = CARTESIAN_POINT ( 'NONE',  ( -0.8922005383792623900, -1.545336663013203300, 4.241666666666668000 ) ) ;
#886 = CARTESIAN_POINT ( 'NONE',  ( -1.732050807568891000, 0.9999999999999922300, 5.204166666666671900 ) ) ;
#885 = CARTESIAN_POINT ( 'NONE',  ( -1.338300807568892900, -0.7726683315066097400, 6.983333333333334300 ) ) ;
#887 = CARTESIAN_POINT ( 'NONE',  ( 1.176575538379261800, 2.037888611415568100, 8.507291666666668900 ) ) ;
#888 = CARTESIAN_POINT ( 'NONE',  ( 0.1045945648821131900, -0.06857044121701265400, 9.450000000000015300 ) ) ;
#889 = CARTESIAN_POINT ( 'NONE',  ( -0.8922005383792623900, -1.545336663013201500, -9.058333333333331800 ) ) ;
#890 = ADVANCED_FACE ( 'NONE', ( #5711 ), #2786, .T. ) ;
#891 = CARTESIAN_POINT ( 'NONE',  ( 0.8922005383792627200, 1.545336663013173300, -10.10833333333333100 ) ) ;
#892 = CARTESIAN_POINT ( 'NONE',  ( 0.0000000000000000000, 2.000000000000000000, 7.799999999999999800 ) ) ;
#893 = CARTESIAN_POINT ( 'NONE',  ( 1.784401076758523700, -1.542617426876336200E-014, -1.737499999999997600 ) ) ;
#894 = ORIENTED_EDGE ( 'NONE', *, *, #5705, .F. ) ;
#895 = ORIENTED_EDGE ( 'NONE', *, *, #3016, .F. ) ;
#896 = CARTESIAN_POINT ( 'NONE',  ( 1.338300807568892500, -0.7726683315066101800, 2.404166666666669000 ) ) ;
#897 = CARTESIAN_POINT ( 'NONE',  ( 0.0000000000000000000, 2.037888611415571600, -11.03437499999999500 ) ) ;
#898 = CARTESIAN_POINT ( 'NONE',  ( 1.338300807568893600, 0.7726683315065772100, 2.520833333333334800 ) ) ;
#899 = CARTESIAN_POINT ( 'NONE',  ( -0.8922005383792617200, 1.545336663013172900, -0.8041666666666648100 ) ) ;
#900 = EDGE_LOOP ( 'NONE', ( #4796, #1148, #1723, #5065 ) ) ;
#901 = ORIENTED_EDGE ( 'NONE', *, *, #6534, .T. ) ;
#902 = CARTESIAN_POINT ( 'NONE',  ( -2.353151076758521800, -1.451763303768215100E-014, -5.303125000000001400 ) ) ;
#903 = CARTESIAN_POINT ( 'NONE',  ( -1.338300807568892700, 0.7726683315065783200, 4.766666666666669300 ) ) ;
#905 = CARTESIAN_POINT ( 'NONE',  ( 0.1491260568934049400, -1.555367374338113300, -11.09999999999999800 ) ) ;
#904 = PLANE ( 'NONE',  #6567 ) ;
#906 = DIRECTION ( 'NONE',  ( -0.0000000000000000000, -1.224646799147353200E-016, 1.000000000000000000 ) ) ;
#907 =( BOUNDED_CURVE ( )  B_SPLINE_CURVE ( 2, ( #4647, #3133, #2115, #158, #3669, #6129, #1587 ),
 .UNSPECIFIED., .F., .F. ) 
 B_SPLINE_CURVE_WITH_KNOTS ( ( 3, 2, 2, 3 ),
 ( 0.4857233093842252500, 0.4912788649397807900, 0.4968344204953363800, 0.5023899760508918600 ),
 .UNSPECIFIED. ) 
 CURVE ( )  GEOMETRIC_REPRESENTATION_ITEM ( )  RATIONAL_B_SPLINE_CURVE ( ( 1.000000000000000000, 0.8660254037844387100, 1.000000000000000000, 0.8660254037844387100, 1.000000000000000000, 0.8660254037844387100, 1.000000000000000000 ) ) 
 REPRESENTATION_ITEM ( '' )  );
#908 = CARTESIAN_POINT ( 'NONE',  ( 1.211360211680041300, 0.6993791442990693300, 9.999999999999994700 ) ) ;
#909 = CARTESIAN_POINT ( 'NONE',  ( -1.249999999999999800, -0.5412658773997722800, 10.00000000000000000 ) ) ;
#910 = EDGE_CURVE ( 'NONE', #4029, #6500, #486, .T. ) ;
#911 = CARTESIAN_POINT ( 'NONE',  ( 1.338300807568892500, -0.7726683315066088500, -7.483333333333331600 ) ) ;
#912 = CARTESIAN_POINT ( 'NONE',  ( 1.154700538379260100, -2.000000000000031500, -2.204166666666661300 ) ) ;
#913 = ORIENTED_EDGE ( 'NONE', *, *, #1172, .T. ) ;
#914 = DIRECTION ( 'NONE',  ( 1.000000000000000000, 0.0000000000000000000, 0.0000000000000000000 ) ) ;
#915 = CARTESIAN_POINT ( 'NONE',  ( -0.8922005383792623900, -1.545336663013203300, 4.329166666666668400 ) ) ;
#916 = CARTESIAN_POINT ( 'NONE',  ( 0.8922005383792613900, -1.545336663013204600, 8.558333333333333600 ) ) ;
#917 = ORIENTED_EDGE ( 'NONE', *, *, #6584, .F. ) ;
#918 = CARTESIAN_POINT ( 'NONE',  ( 1.338300807568893600, 0.7726683315065774300, 1.120833333333334900 ) ) ;
#919 = CARTESIAN_POINT ( 'NONE',  ( -1.338300807568892900, -0.7726683315066087400, -0.6291666666666649900 ) ) ;
#920 =( BOUNDED_CURVE ( )  B_SPLINE_CURVE ( 2, ( #4594, #2629, #444, #1434, #944, #1600, #1063 ),
 .UNSPECIFIED., .F., .T. ) 
 B_SPLINE_CURVE_WITH_KNOTS ( ( 3, 2, 2, 3 ),
 ( 0.09999999999999996400, 0.1055555555555555400, 0.1111111111111111300, 0.1166666666666667200 ),
 .UNSPECIFIED. ) 
 CURVE ( )  GEOMETRIC_REPRESENTATION_ITEM ( )  RATIONAL_B_SPLINE_CURVE ( ( 1.000000000000001100, 0.8660254037844378200, 1.000000000000000000, 0.8660254037844388200, 1.000000000000000000, 0.8660254037844374900, 1.000000000000001300 ) ) 
 REPRESENTATION_ITEM ( '' )  );
#921 = CARTESIAN_POINT ( 'NONE',  ( -2.353151076758521800, -1.434618248580151900E-014, -6.703125000000001800 ) ) ;
#922 = EDGE_CURVE ( 'NONE', #5763, #3553, #5627, .T. ) ;
#923 = CARTESIAN_POINT ( 'NONE',  ( 1.338300807568892500, -0.7726683315066105200, 5.116666666666668900 ) ) ;
#924 = CARTESIAN_POINT ( 'NONE',  ( 1.732050807568892100, 0.9999999999999922300, -8.329166666666662200 ) ) ;
#925 = CARTESIAN_POINT ( 'NONE',  ( -1.249999999999999800, -0.2436846748236620700, 10.97392074642395900 ) ) ;
#926 = ORIENTED_EDGE ( 'NONE', *, *, #6132, .T. ) ;
#927 = CARTESIAN_POINT ( 'NONE',  ( 1.014985625370285600, -0.8573734489429327700, 10.00000000000000000 ) ) ;
#928 = VERTEX_POINT ( 'NONE', #3638 ) ;
#929 = CARTESIAN_POINT ( 'NONE',  ( 0.0000000000000000000, -2.021310670506432500E-015, 11.10000000000000000 ) ) ;
#930 = LINE ( 'NONE', #3413, #1553 ) ;
#931 = CARTESIAN_POINT ( 'NONE',  ( -0.8922005383792623900, -1.545336663013201500, -9.758333333333332900 ) ) ;
#932 = CARTESIAN_POINT ( 'NONE',  ( -1.154700538379247900, -2.000000000000054200, 3.191666666666666000 ) ) ;
#933 = ORIENTED_EDGE ( 'NONE', *, *, #873, .T. ) ;
#934 = VECTOR ( 'NONE', #2873, 1000.000000000000000 ) ;
#935 = CARTESIAN_POINT ( 'NONE',  ( -2.449293598294726100E-016, -2.000000000000030600, -5.062499999999994700 ) ) ;
#936 = AXIS2_PLACEMENT_3D ( 'NONE', #2174, #219, #5727 ) ;
#937 = DIRECTION ( 'NONE',  ( -0.0000000000000000000, -1.224646799147353200E-016, 1.000000000000000000 ) ) ;
#938 = CARTESIAN_POINT ( 'NONE',  ( -1.764863307568891300, 1.018944305707778500, -6.017708333333327900 ) ) ;
#939 = CARTESIAN_POINT ( 'NONE',  ( -0.8922005383792617200, 1.545336663013172400, 1.295833333333336500 ) ) ;
#940 = CARTESIAN_POINT ( 'NONE',  ( 1.784401076758523700, -1.628342702816651100E-014, 5.262500000000003700 ) ) ;
#941 = CYLINDRICAL_SURFACE ( 'NONE', #1146, 2.000000000000001800 ) ;
#942 = CARTESIAN_POINT ( 'NONE',  ( 2.353151076758521800, -1.487967563464385600E-014, -7.053125000000000500 ) ) ;
#943 = CARTESIAN_POINT ( 'NONE',  ( 0.0000000000000000000, 1.545336663013171700, 6.750000000000002700 ) ) ;
#944 = CARTESIAN_POINT ( 'NONE',  ( -1.732050807568891400, -1.000000000000022000, -8.766666666666669300 ) ) ;
#945 = ORIENTED_EDGE ( 'NONE', *, *, #1267, .F. ) ;
#946 = EDGE_CURVE ( 'NONE', #1099, #4146, #2046, .T. ) ;
#947 = CARTESIAN_POINT ( 'NONE',  ( -0.1180634655157347700, 0.04192054041506668200, 9.450000000000001100 ) ) ;
#948 = ORIENTED_EDGE ( 'NONE', *, *, #5777, .F. ) ;
#949 = LINE ( 'NONE', #4114, #4773 ) ;
#950 = CARTESIAN_POINT ( 'NONE',  ( 1.338300807568892500, -0.7726683315066087400, -8.883333333333331100 ) ) ;
#951 = CARTESIAN_POINT ( 'NONE',  ( 1.732050807568890700, -1.000000000000023100, -9.233333333333336100 ) ) ;
#952 = ORIENTED_EDGE ( 'NONE', *, *, #1619, .F. ) ;
#953 = EDGE_CURVE ( 'NONE', #5292, #5368, #2858, .T. ) ;
#954 = VECTOR ( 'NONE', #3741, 1000.000000000000000 ) ;
#955 = CARTESIAN_POINT ( 'NONE',  ( 0.0000000000000000000, -2.021310670506432500E-015, 11.10000000000000000 ) ) ;
#956 = CARTESIAN_POINT ( 'NONE',  ( -1.764863307568891500, -1.018944305707806900, -6.601041666666660900 ) ) ;
#957 = EDGE_CURVE ( 'NONE', #140, #6152, #1670, .T. ) ;
#958 = CARTESIAN_POINT ( 'NONE',  ( -0.8922005383792623900, -1.545336663013202800, 0.8291666666666690500 ) ) ;
#959 = CARTESIAN_POINT ( 'NONE',  ( -0.8922005383792617200, 1.545336663013172200, 3.395833333333335700 ) ) ;
#960 = CARTESIAN_POINT ( 'NONE',  ( -1.764863307568891500, -1.018944305707807100, -4.544791666666667700 ) ) ;
#961 = CARTESIAN_POINT ( 'NONE',  ( -1.784401076758523700, -1.622142289699590600E-014, 8.325000000000002800 ) ) ;
#962 = CARTESIAN_POINT ( 'NONE',  ( 1.732050807568890700, -1.000000000000023500, -5.733333333333335200 ) ) ;
#963 = CARTESIAN_POINT ( 'NONE',  ( -1.338300807568892900, -0.7726683315066080700, -6.229166666666664300 ) ) ;
#964 = CARTESIAN_POINT ( 'NONE',  ( 2.449293598294708900E-016, 1.999999999999999600, 11.10000000000000000 ) ) ;
#965 = CARTESIAN_POINT ( 'NONE',  ( -1.249999999999999800, -0.4503166115752411100, 10.00000000000000000 ) ) ;
#966 = CARTESIAN_POINT ( 'NONE',  ( -1.784401076758523700, -1.390684044660740600E-014, -10.57499999999999800 ) ) ;
#967 = ORIENTED_EDGE ( 'NONE', *, *, #5820, .T. ) ;
#968 = CARTESIAN_POINT ( 'NONE',  ( 1.154700538379261700, 1.999999999999999600, 1.529166666666672300 ) ) ;
#969 =( BOUNDED_CURVE ( )  B_SPLINE_CURVE ( 2, ( #1789, #5340, #3842, #6418, #1360, #6561, #2330 ),
 .UNSPECIFIED., .F., .T. ) 
 B_SPLINE_CURVE_WITH_KNOTS ( ( 3, 2, 2, 3 ),
 ( 0.4523899760508919300, 0.4579455316064474600, 0.4635010871620030000, 0.4690566427175585400 ),
 .UNSPECIFIED. ) 
 CURVE ( )  GEOMETRIC_REPRESENTATION_ITEM ( )  RATIONAL_B_SPLINE_CURVE ( ( 1.000000000000000000, 0.8660254037844387100, 1.000000000000000000, 0.8660254037844387100, 1.000000000000000000, 0.8660254037844387100, 1.000000000000000000 ) ) 
 REPRESENTATION_ITEM ( '' )  );
#970 = ORIENTED_EDGE ( 'NONE', *, *, #3971, .F. ) ;
#971 = CARTESIAN_POINT ( 'NONE',  ( 1.154700538379286800, -1.999999999999986200, 6.808333333333331800 ) ) ;
#972 = CARTESIAN_POINT ( 'NONE',  ( 2.353151076758521800, -1.479930818844981000E-014, -7.709374999999996100 ) ) ;
#973 = CYLINDRICAL_SURFACE ( 'NONE', #6146, 2.000000000000001800 ) ;
#974 = CARTESIAN_POINT ( 'NONE',  ( 0.8922005383792613900, -1.545336663013203900, 5.145833333333335700 ) ) ;
#975 = CARTESIAN_POINT ( 'NONE',  ( 1.784401076758523700, -1.636915230410682400E-014, 5.962500000000002100 ) ) ;
#976 = ADVANCED_FACE ( 'NONE', ( #1098 ), #3330, .T. ) ;
#977 =( BOUNDED_CURVE ( )  B_SPLINE_CURVE ( 2, ( #6388, #3348, #5390, #2930, #4438, #932, #2444 ),
 .UNSPECIFIED., .F., .F. ) 
 B_SPLINE_CURVE_WITH_KNOTS ( ( 3, 2, 2, 3 ),
 ( 0.6666666666666667400, 0.6722222222222223900, 0.6777777777777779200, 0.6833333333333334600 ),
 .UNSPECIFIED. ) 
 CURVE ( )  GEOMETRIC_REPRESENTATION_ITEM ( )  RATIONAL_B_SPLINE_CURVE ( ( 0.9999999999999973400, 0.8660254037844414800, 1.000000000000000000, 0.8660254037844388200, 1.000000000000000000, 0.8660254037844361500, 1.000000000000002700 ) ) 
 REPRESENTATION_ITEM ( '' )  );
#978 = CARTESIAN_POINT ( 'NONE',  ( -1.176575538379260700, 2.037888611415570800, -3.319791666666667600 ) ) ;
#979 = CARTESIAN_POINT ( 'NONE',  ( 0.8922005383792627200, 1.545336663013171300, 6.691666666666669100 ) ) ;
#980 = FACE_OUTER_BOUND ( 'NONE', #6337, .T. ) ;
#981 = CARTESIAN_POINT ( 'NONE',  ( 0.0000000000000000000, 1.545336663013173500, -8.562499999999996400 ) ) ;
#982 = AXIS2_PLACEMENT_3D ( 'NONE', #1225, #5750, #3721 ) ;
#983 = CARTESIAN_POINT ( 'NONE',  ( -1.211360211680041500, -0.6993791442990763300, 9.999999999999996400 ) ) ;
#984 = VERTEX_POINT ( 'NONE', #2129 ) ;
#985 = CARTESIAN_POINT ( 'NONE',  ( 1.784401076758523700, -1.455820584986767900E-014, -8.824999999999997500 ) ) ;
#986 = EDGE_CURVE ( 'NONE', #5372, #1824, #5959, .T. ) ;
#988 = CARTESIAN_POINT ( 'NONE',  ( 0.8922005383792627200, 1.545336663013172900, -5.208333333333332100 ) ) ;
#987 = CARTESIAN_POINT ( 'NONE',  ( -1.784401076758523700, -1.424974155036866300E-014, -7.774999999999998600 ) ) ;
#989 = CARTESIAN_POINT ( 'NONE',  ( 1.784401076758523700, -1.645487758004714000E-014, 6.662500000000001400 ) ) ;
#990 = CARTESIAN_POINT ( 'NONE',  ( 1.176575538379260000, -2.037888611415600500, -8.526041666666660700 ) ) ;
#991 = CARTESIAN_POINT ( 'NONE',  ( -1.338300807568892700, 0.7726683315065783200, 4.854166666666669600 ) ) ;
#992 = CARTESIAN_POINT ( 'NONE',  ( 0.8922005383792627200, 1.545336663013171700, 3.279166666666668100 ) ) ;
#993 = CARTESIAN_POINT ( 'NONE',  ( 0.0000000000000000000, -2.979841928967876100E-015, 9.450000000000001100 ) ) ;
#994 = ORIENTED_EDGE ( 'NONE', *, *, #6002, .T. ) ;
#995 = CARTESIAN_POINT ( 'NONE',  ( 1.764863307568890900, -1.018944305707808700, -2.911458333333335300 ) ) ;
#996 = CARTESIAN_POINT ( 'NONE',  ( 0.0000000000000000000, 1.545336663013171700, 6.049999999999999800 ) ) ;
#997 = DIRECTION ( 'NONE',  ( 0.0000000000000000000, -1.000000000000000000, 0.0000000000000000000 ) ) ;
#998 = CARTESIAN_POINT ( 'NONE',  ( -1.338300807568892700, 0.7726683315065798800, -9.145833333333330400 ) ) ;
#999 = LINE ( 'NONE', #3047, #6431 ) ;
#1000 = CARTESIAN_POINT ( 'NONE',  ( -0.01433873541946291200, -0.1241770364978742200, 9.450000000000002800 ) ) ;
#1001 = CARTESIAN_POINT ( 'NONE',  ( -1.154700538379261700, -2.000000000000030200, -3.720833333333328800 ) ) ;
#1002 = CARTESIAN_POINT ( 'NONE',  ( -0.8922005383792617200, 1.545336663013173700, -9.291666666666666100 ) ) ;
#1003 = ADVANCED_FACE ( 'NONE', ( #802 ), #3076, .T. ) ;
#1005 = CARTESIAN_POINT ( 'NONE',  ( -0.8922005383792623900, -1.545336663013201700, -6.258333333333332000 ) ) ;
#1004 = CARTESIAN_POINT ( 'NONE',  ( 1.338300807568893600, 0.7726683315065785400, -8.066666666666664700 ) ) ;
#1006 = CARTESIAN_POINT ( 'NONE',  ( 0.0000000000000000000, 2.000000000000000000, 7.187500000000005300 ) ) ;
#1007 = CYLINDRICAL_SURFACE ( 'NONE', #4986, 2.000000000000001800 ) ;
#1008 = CARTESIAN_POINT ( 'NONE',  ( 1.176575538379260000, -2.037888611415600500, -6.426041666666661100 ) ) ;
#1009 = CARTESIAN_POINT ( 'NONE',  ( -1.892491597964152600E-016, -1.545336663013203500, 4.387500000000002800 ) ) ;
#1010 = CARTESIAN_POINT ( 'NONE',  ( 0.0000000000000000000, 1.545336663013172000, 5.437500000000001800 ) ) ;
#1011 = ORIENTED_EDGE ( 'NONE', *, *, #3532, .F. ) ;
#1012 = CARTESIAN_POINT ( 'NONE',  ( -2.449293598294726600E-016, -2.000000000000030600, -3.050000000000001600 ) ) ;
#1013 = ORIENTED_EDGE ( 'NONE', *, *, #4560, .T. ) ;
#1014 = AXIS2_PLACEMENT_3D ( 'NONE', #6377, #1235, #3274 ) ;
#1015 = VERTEX_POINT ( 'NONE', #6243 ) ;
#1016 = CARTESIAN_POINT ( 'NONE',  ( 1.176575538379261800, 2.037888611415569400, -1.336458333333335300 ) ) ;
#1017 = EDGE_LOOP ( 'NONE', ( #970, #901, #165, #4836, #967 ) ) ;
#1018 = ORIENTED_EDGE ( 'NONE', *, *, #371, .F. ) ;
#1019 = CARTESIAN_POINT ( 'NONE',  ( 1.338300807568892500, -0.7726683315066090700, -5.995833333333330900 ) ) ;
#1020 = LINE ( 'NONE', #3667, #4110 ) ;
#1021 = CARTESIAN_POINT ( 'NONE',  ( -1.338300807568892700, 0.7726683315065787600, -0.1333333333333325300 ) ) ;
#1022 = EDGE_CURVE ( 'NONE', #179, #5324, #3959, .T. ) ;
#1023 = CARTESIAN_POINT ( 'NONE',  ( -0.08382674316035239300, -0.09390477925815789200, 9.450000000000009900 ) ) ;
#1024 = CARTESIAN_POINT ( 'NONE',  ( -0.8922005383792623900, -1.545336663013201500, -9.758333333333332900 ) ) ;
#1025 = CARTESIAN_POINT ( 'NONE',  ( -2.449293598294726100E-016, -2.000000000000032000, 5.437500000000003600 ) ) ;
#1027 = CARTESIAN_POINT ( 'NONE',  ( 0.8922005383792613900, -1.545336663013202800, -6.841666666666665000 ) ) ;
#1026 = CARTESIAN_POINT ( 'NONE',  ( -0.8922005383792623900, -1.545336663013201900, -5.558333333333331800 ) ) ;
#1028 = CARTESIAN_POINT ( 'NONE',  ( 0.0000000000000000000, 2.037888611415570300, -2.634374999999994100 ) ) ;
#1029 = CARTESIAN_POINT ( 'NONE',  ( 1.435251603792276200E-012, -1.792972777169004100, -10.86952722283099100 ) ) ;
#1030 = EDGE_CURVE ( 'NONE', #2971, #3651, #1089, .T. ) ;
#1031 = CARTESIAN_POINT ( 'NONE',  ( -1.338300807568892900, -0.7726683315066094100, 4.970833333333334100 ) ) ;
#1032 = ORIENTED_EDGE ( 'NONE', *, *, #5546, .T. ) ;
#1033 = CARTESIAN_POINT ( 'NONE',  ( 1.249999999999999800, 0.7216878364870287200, 10.00000000000000000 ) ) ;
#1034 = ORIENTED_EDGE ( 'NONE', *, *, #1808, .T. ) ;
#1035 = CARTESIAN_POINT ( 'NONE',  ( 0.0000000000000000000, 2.037888611415570800, -2.678125000000001900 ) ) ;
#1036 = CARTESIAN_POINT ( 'NONE',  ( -2.309401076758521100, -1.443190776174182900E-014, -6.025000000000001200 ) ) ;
#1037 = CARTESIAN_POINT ( 'NONE',  ( -1.154700538379267400, 1.999999999999989300, -1.241666666666666300 ) ) ;
#1038 = CARTESIAN_POINT ( 'NONE',  ( -1.784401076758523700, -1.426045720986120300E-014, -7.687499999999998200 ) ) ;
#1039 = CARTESIAN_POINT ( 'NONE',  ( 1.784401076758523700, -1.541545860927082500E-014, -1.824999999999998400 ) ) ;
#1040 = CARTESIAN_POINT ( 'NONE',  ( 2.309401076758521600, -1.453677453088259500E-014, -9.787499999999997900 ) ) ;
#1041 = CARTESIAN_POINT ( 'NONE',  ( 0.8922005383792613900, -1.545336663013201900, -10.95416666666666400 ) ) ;
#1042 = VERTEX_POINT ( 'NONE', #1598 ) ;
#1043 = VERTEX_POINT ( 'NONE', #6218 ) ;
#1044 = B_SPLINE_CURVE_WITH_KNOTS ( 'NONE', 3,
 ( #5557, #4016, #6007, #4485, #2482, #2519 ),
 .UNSPECIFIED., .F., .F.,
 ( 4, 2, 4 ),
 ( 0.001973919617850674000, 0.002338912208333675200, 0.002703904798816676900 ),
 .UNSPECIFIED. ) ;
#1045 = CARTESIAN_POINT ( 'NONE',  ( -1.784401076758523700, -1.407829099848803500E-014, -9.174999999999998900 ) ) ;
#1047 = CARTESIAN_POINT ( 'NONE',  ( -1.338300807568892900, -0.7726683315066079600, -7.016666666666664800 ) ) ;
#1046 = CARTESIAN_POINT ( 'NONE',  ( -0.8922005383792617200, 1.545336663013172900, -2.991666666666665400 ) ) ;
#1048 = AXIS2_PLACEMENT_3D ( 'NONE', #3922, #393, #4442 ) ;
#1049 = LINE ( 'NONE', #5138, #289 ) ;
#1050 = DIRECTION ( 'NONE',  ( 1.000000000000000000, 0.0000000000000000000, -0.0000000000000000000 ) ) ;
#1051 = CARTESIAN_POINT ( 'NONE',  ( -1.176575538379260700, 2.037888611415570800, -5.376041666666662200 ) ) ;
#1052 = CARTESIAN_POINT ( 'NONE',  ( 1.338300807568892500, -0.7726683315066103000, 3.804166666666669400 ) ) ;
#1053 = DIRECTION ( 'NONE',  ( -0.0000000000000000000, -1.224646799147353200E-016, 1.000000000000000000 ) ) ;
#1054 = ORIENTED_EDGE ( 'NONE', *, *, #2557, .F. ) ;
#1055 = CARTESIAN_POINT ( 'NONE',  ( -0.5809822180458944500, 1.431965455018786400, 7.579764973081043200 ) ) ;
#1056 = CARTESIAN_POINT ( 'NONE',  ( 1.764863307568890900, -1.018944305707808700, -2.211458333333334200 ) ) ;
#1057 = CARTESIAN_POINT ( 'NONE',  ( 1.154700538379260100, -2.000000000000030600, -6.404166666666661500 ) ) ;
#1058 = CARTESIAN_POINT ( 'NONE',  ( 1.249999999999999600, -0.5677983604944398800, 10.00000000000000000 ) ) ;
#1059 = CARTESIAN_POINT ( 'NONE',  ( 0.0000000000000000000, 2.000000000000002200, -9.700000000000002800 ) ) ;
#1060 = EDGE_LOOP ( 'NONE', ( #1501, #1602, #5735 ) ) ;
#1061 = CARTESIAN_POINT ( 'NONE',  ( 5.082019665935896400E-016, -4.149783978102257200, 9.700000000000004600 ) ) ;
#1062 = CARTESIAN_POINT ( 'NONE',  ( -1.784401076758523700, -1.510699430977181200E-014, -0.7749999999999979100 ) ) ;
#1063 = CARTESIAN_POINT ( 'NONE',  ( -2.449293598294726600E-016, -2.000000000000030200, -8.650000000000002100 ) ) ;
#1064 = CARTESIAN_POINT ( 'NONE',  ( 1.338300807568893600, 0.7726683315065787600, -10.77916666666666500 ) ) ;
#1065 = CARTESIAN_POINT ( 'NONE',  ( 1.764863307568890900, -1.018944305707809800, 7.588541666666663400 ) ) ;
#1066 = CARTESIAN_POINT ( 'NONE',  ( 0.8922005383792613900, -1.545336663013202200, -9.641666666666663900 ) ) ;
#1067 = EDGE_CURVE ( 'NONE', #179, #5292, #6172, .T. ) ;
#1069 = CARTESIAN_POINT ( 'NONE',  ( -1.892491597964152600E-016, -1.545336663013202600, -4.099999999999998800 ) ) ;
#1068 = CARTESIAN_POINT ( 'NONE',  ( 1.338300807568893600, 0.7726683315065778800, -2.466666666666665500 ) ) ;
#1070 = CARTESIAN_POINT ( 'NONE',  ( 1.838947393781590100, 0.5505212411478503900, 7.794145856602654000 ) ) ;
#1071 = EDGE_LOOP ( 'NONE', ( #2885, #913, #4589, #4861, #894, #895, #5274 ) ) ;
#1072 = ORIENTED_EDGE ( 'NONE', *, *, #5851, .T. ) ;
#1073 = LINE ( 'NONE', #1132, #1252 ) ;
#1074 = CARTESIAN_POINT ( 'NONE',  ( 0.0000000000000000000, 2.000000000000000400, 2.987500000000004300 ) ) ;
#1075 = CARTESIAN_POINT ( 'NONE',  ( -1.764863307568891500, -1.018944305707807400, -3.101041666666661800 ) ) ;
#1076 = CARTESIAN_POINT ( 'NONE',  ( -1.154700538379247900, -2.000000000000054200, 1.791666666666665600 ) ) ;
#1077 = CARTESIAN_POINT ( 'NONE',  ( 0.8922005383792627200, 1.545336663013171100, 8.179166666666668900 ) ) ;
#1078 = CARTESIAN_POINT ( 'NONE',  ( 1.784401076758523700, -1.662632813192776900E-014, 8.062500000000003600 ) ) ;
#1079 = VERTEX_POINT ( 'NONE', #3781 ) ;
#1080 = CARTESIAN_POINT ( 'NONE',  ( 0.8922005383792627200, 1.545336663013173300, -9.320833333333329300 ) ) ;
#1081 = FACE_OUTER_BOUND ( 'NONE', #5624, .T. ) ;
#1082 = CARTESIAN_POINT ( 'NONE',  ( 1.764863307568890900, -1.018944305707809100, 0.5885416666666660700 ) ) ;
#1083 = CARTESIAN_POINT ( 'NONE',  ( 0.3527281774888695900, -1.545336663013205000, 9.223061867224261700 ) ) ;
#1084 = CARTESIAN_POINT ( 'NONE',  ( 1.249999999999999800, 0.4503166115752351200, 10.00000000000000000 ) ) ;
#1085 = CARTESIAN_POINT ( 'NONE',  ( 0.0000000000000000000, -1.751888374694017900E-015, 8.900000000000002100 ) ) ;
#1086 = CARTESIAN_POINT ( 'NONE',  ( 0.8922005383792627200, 1.545336663013172200, -0.3083333333333323500 ) ) ;
#1087 = CARTESIAN_POINT ( 'NONE',  ( -1.338300807568892700, 0.7726683315065798800, -9.145833333333330400 ) ) ;
#1088 = CARTESIAN_POINT ( 'NONE',  ( -1.176575538379260700, 2.037888611415569400, 7.880208333333332100 ) ) ;
#1089 = B_SPLINE_CURVE_WITH_KNOTS ( 'NONE', 1,
 ( #4639, #127 ),
 .UNSPECIFIED., .F., .F.,
 ( 2, 2 ),
 ( 0.0000000000000000000, 1.000000000000000000 ),
 .UNSPECIFIED. ) ;
#1090 = CARTESIAN_POINT ( 'NONE',  ( 1.338300807568893600, 0.7726683315065779900, -3.166666666666664700 ) ) ;
#1092 = CARTESIAN_POINT ( 'NONE',  ( -6.440492870070588000E-014, 1.778108891324559700, -10.88439110867544500 ) ) ;
#1091 = CARTESIAN_POINT ( 'NONE',  ( 0.0000000000000000000, 1.545336663013172900, -2.349999999999997900 ) ) ;
#1093 = EDGE_LOOP ( 'NONE', ( #2157, #4740, #719, #5300 ) ) ;
#1094 = LINE ( 'NONE', #1543, #1748 ) ;
#1095 = CARTESIAN_POINT ( 'NONE',  ( 1.176575538379260000, -2.037888611415601800, 3.373958333333338300 ) ) ;
#1096 = VERTEX_POINT ( 'NONE', #732 ) ;
#1097 = CARTESIAN_POINT ( 'NONE',  ( 0.0000000000000000000, 2.000000000000000000, 7.187500000000005300 ) ) ;
#1098 = FACE_OUTER_BOUND ( 'NONE', #3001, .T. ) ;
#1099 = VERTEX_POINT ( 'NONE', #1700 ) ;
#1100 = CARTESIAN_POINT ( 'NONE',  ( 1.176575538379261800, 2.037888611415570300, -4.792708333333329100 ) ) ;
#1101 = CARTESIAN_POINT ( 'NONE',  ( 0.6162390356384258600, -1.779168620891083500, -10.78363042560309100 ) ) ;
#1102 = CARTESIAN_POINT ( 'NONE',  ( -0.8922005383792617200, 1.545336663013171700, 6.895833333333336600 ) ) ;
#1103 = CARTESIAN_POINT ( 'NONE',  ( -0.8922005383792623900, -1.545336663013203500, 8.529166666666668600 ) ) ;
#1104 = CARTESIAN_POINT ( 'NONE',  ( 0.8922005383792613900, -1.545336663013202600, -10.25416666666666500 ) ) ;
#1105 = VECTOR ( 'NONE', #4995, 1000.000000000000000 ) ;
#1106 = CARTESIAN_POINT ( 'NONE',  ( -1.176575538379260700, 2.037888611415570300, 0.8802083333333318200 ) ) ;
#1107 = CARTESIAN_POINT ( 'NONE',  ( 0.1562500000000005800, 1.353164693413182000, 10.00000000000000000 ) ) ;
#1108 = CARTESIAN_POINT ( 'NONE',  ( 1.154700538379246600, -2.000000000000055500, 6.108333333333328100 ) ) ;
#1109 = CARTESIAN_POINT ( 'NONE',  ( -1.892491597964152600E-016, -1.545336663013202400, -5.412499999999997900 ) ) ;
#1110 = CARTESIAN_POINT ( 'NONE',  ( 0.0000000000000000000, 2.000000000000000400, 2.899999999999999500 ) ) ;
#1111 = CARTESIAN_POINT ( 'NONE',  ( -1.338300807568892700, 0.7726683315065786500, 1.266666666666667700 ) ) ;
#1112 = CARTESIAN_POINT ( 'NONE',  ( 0.0000000000000000000, -1.517883041479706200E-015, 8.204140839334554500 ) ) ;
#1113 = EDGE_CURVE ( 'NONE', #5548, #228, #2148, .T. ) ;
#1114 = CARTESIAN_POINT ( 'NONE',  ( -1.892491597964152600E-016, -1.545336663013202200, -8.212499999999996800 ) ) ;
#1115 = CARTESIAN_POINT ( 'NONE',  ( 2.353151076758521800, -1.650845587750983200E-014, 6.246874999999999300 ) ) ;
#1116 =( BOUNDED_CURVE ( )  B_SPLINE_CURVE ( 2, ( #94, #2070, #6233, #1150, #115, #6155, #2663 ),
 .UNSPECIFIED., .F., .T. ) 
 B_SPLINE_CURVE_WITH_KNOTS ( ( 3, 2, 2, 3 ),
 ( 0.1857233093842252100, 0.1912788649397808600, 0.1968344204953363900, 0.2023899760508919300 ),
 .UNSPECIFIED. ) 
 CURVE ( )  GEOMETRIC_REPRESENTATION_ITEM ( )  RATIONAL_B_SPLINE_CURVE ( ( 1.000000000000000000, 0.8660254037844387100, 1.000000000000000000, 0.8660254037844387100, 1.000000000000000000, 0.8660254037844387100, 1.000000000000000000 ) ) 
 REPRESENTATION_ITEM ( '' )  );
#1117 =( BOUNDED_CURVE ( )  B_SPLINE_CURVE ( 2, ( #1574, #648, #2626, #4190, #4663, #81, #3636 ),
 .UNSPECIFIED., .F., .T. ) 
 B_SPLINE_CURVE_WITH_KNOTS ( ( 3, 2, 2, 3 ),
 ( 0.1190566427175585600, 0.1246121982731140900, 0.1301677538286697400, 0.1357233093842252800 ),
 .UNSPECIFIED. ) 
 CURVE ( )  GEOMETRIC_REPRESENTATION_ITEM ( )  RATIONAL_B_SPLINE_CURVE ( ( 1.000000000000000000, 0.8660254037844387100, 1.000000000000000000, 0.8660254037844387100, 1.000000000000000000, 0.8660254037844387100, 1.000000000000000000 ) ) 
 REPRESENTATION_ITEM ( '' )  );
#1118 = CARTESIAN_POINT ( 'NONE',  ( -0.8922005383792623900, -1.545336663013202200, -3.458333333333332100 ) ) ;
#1120 = CARTESIAN_POINT ( 'NONE',  ( -2.309401076758521600, -1.452834869717468500E-014, -5.237499999999994500 ) ) ;
#1119 = CARTESIAN_POINT ( 'NONE',  ( 0.0000000000000000000, 1.545336663013172900, -3.049999999999998900 ) ) ;
#1121 = CARTESIAN_POINT ( 'NONE',  ( -2.495693764988940900E-016, -2.037888611415601000, 3.315625000000004300 ) ) ;
#1122 = CARTESIAN_POINT ( 'NONE',  ( -2.449293598294726100E-016, -2.000000000000030600, -3.662499999999994800 ) ) ;
#1123 = EDGE_LOOP ( 'NONE', ( #2361, #6111, #3155, #6300 ) ) ;
#1124 = CARTESIAN_POINT ( 'NONE',  ( 1.784401076758523700, -1.524400805739019300E-014, -3.224999999999998800 ) ) ;
#1125 = CARTESIAN_POINT ( 'NONE',  ( -2.353151076758521800, -1.486589197118967500E-014, -2.459374999999994300 ) ) ;
#1126 = CARTESIAN_POINT ( 'NONE',  ( 1.154700538379266800, -2.000000000000019500, -5.091666666666666800 ) ) ;
#1127 = EDGE_CURVE ( 'NONE', #1569, #309, #6021, .T. ) ;
#1128 = CARTESIAN_POINT ( 'NONE',  ( -1.784401076758523700, -1.382111517066709200E-014, -11.27499999999999900 ) ) ;
#1129 = CARTESIAN_POINT ( 'NONE',  ( -1.892491597964152600E-016, -1.545336663013204200, 9.287500000000001400 ) ) ;
#1130 = CARTESIAN_POINT ( 'NONE',  ( 1.176575538379261800, 2.037888611415569000, 1.463541666666665200 ) ) ;
#1131 = EDGE_LOOP ( 'NONE', ( #4683, #1747, #1912, #5803, #2758, #1871 ) ) ;
#1132 = CARTESIAN_POINT ( 'NONE',  ( 2.449293598294708900E-016, 1.999999999999999600, 11.10000000000000000 ) ) ;
#1133 = CARTESIAN_POINT ( 'NONE',  ( 0.0000000000000000000, 2.000000000000000400, 2.199999999999998400 ) ) ;
#1134 = FACE_OUTER_BOUND ( 'NONE', #5442, .T. ) ;
#1135 = CARTESIAN_POINT ( 'NONE',  ( -4.849368674376327700E-016, 1.443375672974061700, 10.00000000000000000 ) ) ;
#1136 = CARTESIAN_POINT ( 'NONE',  ( 1.784401076758523700, -1.542617426876336200E-014, -1.737499999999997800 ) ) ;
#1137 = CARTESIAN_POINT ( 'NONE',  ( 0.8922005383792627200, 1.545336663013172000, 1.791666666666668700 ) ) ;
#1138 = CARTESIAN_POINT ( 'NONE',  ( 1.338300807568893600, 0.7726683315065786500, -9.379166666666664700 ) ) ;
#1139 = CARTESIAN_POINT ( 'NONE',  ( 1.764863307568890900, -1.018944305707809400, 5.488541666666665500 ) ) ;
#1140 = ORIENTED_EDGE ( 'NONE', *, *, #2695, .T. ) ;
#1141 = CARTESIAN_POINT ( 'NONE',  ( -0.8922005383792623900, -1.545336663013201700, -5.558333333333332700 ) ) ;
#1142 = LINE ( 'NONE', #1033, #6555 ) ;
#1143 = CARTESIAN_POINT ( 'NONE',  ( 1.154700538379260100, -2.000000000000030600, -9.204166666666662200 ) ) ;
#1144 = CARTESIAN_POINT ( 'NONE',  ( 1.784401076758523700, -1.575835971303208200E-014, 0.9750000000000017500 ) ) ;
#1145 = CARTESIAN_POINT ( 'NONE',  ( 1.795154785458752800, -0.5000510822913915000, 7.761713203134477500 ) ) ;
#1146 = AXIS2_PLACEMENT_3D ( 'NONE', #5623, #2775, #5746 ) ;
#1147 = CARTESIAN_POINT ( 'NONE',  ( 1.176575538379261800, 2.037888611415569000, 4.307291666666670500 ) ) ;
#1148 = ORIENTED_EDGE ( 'NONE', *, *, #6538, .T. ) ;
#1149 = CARTESIAN_POINT ( 'NONE',  ( 1.620509478006940500E-016, 1.323246407972650000, 8.204140839334554500 ) ) ;
#1150 = CARTESIAN_POINT ( 'NONE',  ( 2.309401076758521600, -1.633700532562920300E-014, 4.912500000000005900 ) ) ;
#1151 = CARTESIAN_POINT ( 'NONE',  ( 1.176575538379260000, -2.037888611415601000, 0.5739583333333377900 ) ) ;
#1152 = CARTESIAN_POINT ( 'NONE',  ( 0.0000000000000000000, 0.0000000000000000000, 10.00000000000000000 ) ) ;
#1153 = CARTESIAN_POINT ( 'NONE',  ( -1.784401076758523700, -1.614641328054812700E-014, 7.712500000000000400 ) ) ;
#1154 = CARTESIAN_POINT ( 'NONE',  ( 0.8922005383792627200, 1.545336663013173100, -8.620833333333331800 ) ) ;
#1155 = EDGE_CURVE ( 'NONE', #5548, #661, #327, .T. ) ;
#1156 = CARTESIAN_POINT ( 'NONE',  ( -2.495693764988940900E-016, -2.037888611415601000, 2.571874999999999500 ) ) ;
#1157 = CARTESIAN_POINT ( 'NONE',  ( 0.1018377686598890100, 0.07252680918656086200, 9.450000000000001100 ) ) ;
#1158 = CARTESIAN_POINT ( 'NONE',  ( 0.0000000000000000000, 1.545336663013173100, -5.062499999999997300 ) ) ;
#1159 = DIRECTION ( 'NONE',  ( 1.000000000000000000, 1.224646799147353200E-016, 1.499759782661857600E-032 ) ) ;
#1160 = CARTESIAN_POINT ( 'NONE',  ( 0.0000000000000000000, 1.545336663013172200, 3.250000000000001300 ) ) ;
#1161 = CARTESIAN_POINT ( 'NONE',  ( -2.449293598294726100E-016, -2.000000000000031100, -0.1624999999999954000 ) ) ;
#1162 = CARTESIAN_POINT ( 'NONE',  ( -1.784401076758523700, -1.460335831362246400E-014, -4.887499999999997500 ) ) ;
#1163 = CARTESIAN_POINT ( 'NONE',  ( 1.176575538379260000, -2.037888611415602300, 7.530208333333333400 ) ) ;
#1164 = ORIENTED_EDGE ( 'NONE', *, *, #4800, .T. ) ;
#1165 = CARTESIAN_POINT ( 'NONE',  ( 1.784401076758523700, -1.524400805739019300E-014, -3.224999999999998800 ) ) ;
#1166 = CARTESIAN_POINT ( 'NONE',  ( 2.309401076758521100, -1.546903690673351700E-014, -2.174999999999999800 ) ) ;
#1168 = CARTESIAN_POINT ( 'NONE',  ( -1.154700538379254600, -2.000000000000041700, -3.108333333333333400 ) ) ;
#1167 = CARTESIAN_POINT ( 'NONE',  ( 1.338300807568892500, -0.7726683315066097400, -0.4833333333333321700 ) ) ;
#1169 = PERSON_AND_ORGANIZATION ( #5960, #3542 ) ;
#1170 = PERSON_AND_ORGANIZATION_ROLE ( 'creator' ) ;
#1171 = CARTESIAN_POINT ( 'NONE',  ( -2.353151076758521800, -1.529451835089124800E-014, 1.040625000000005200 ) ) ;
#1172 = EDGE_CURVE ( 'NONE', #3208, #5039, #2161, .T. ) ;
#1173 = CARTESIAN_POINT ( 'NONE',  ( -2.449293598294726100E-016, -2.000000000000032000, 6.837500000000005700 ) ) ;
#1174 = CARTESIAN_POINT ( 'NONE',  ( 1.154700538379273400, -2.000000000000008000, -4.391666666666665700 ) ) ;
#1175 = LINE ( 'NONE', #6195, #5462 ) ;
#1176 = CARTESIAN_POINT ( 'NONE',  ( -2.309401076758521600, -1.435689814529405600E-014, -6.637499999999994800 ) ) ;
#1177 = CARTESIAN_POINT ( 'NONE',  ( -1.176575538379261500, -2.037888611415600500, -1.642708333333327700 ) ) ;
#1178 = DIRECTION ( 'NONE',  ( -0.8660254037844383700, 0.5000000000000003300, 0.0000000000000000000 ) ) ;
#1179 = CARTESIAN_POINT ( 'NONE',  ( -1.892491597964152600E-016, -1.545336663013201700, -11.09999999999999800 ) ) ;
#1180 = CARTESIAN_POINT ( 'NONE',  ( 1.784401076758523700, -1.474037206124084800E-014, -7.337499999999997700 ) ) ;
#1181 = CARTESIAN_POINT ( 'NONE',  ( -2.495693764988940900E-016, -2.037888611415601000, 1.871874999999998600 ) ) ;
#1182 = CALENDAR_DATE ( 2025, 18, 8 ) ;
#1183 = AXIS2_PLACEMENT_3D ( 'NONE', #993, #1987, #1510 ) ;
#1184 = CARTESIAN_POINT ( 'NONE',  ( 1.154700538379261700, 2.000000000000000900, -5.470833333333328800 ) ) ;
#1185 = CARTESIAN_POINT ( 'NONE',  ( -1.250000000000000200, 0.5677983604944328900, 10.00000000000000000 ) ) ;
#1186 = CARTESIAN_POINT ( 'NONE',  ( -1.764863307568891300, 1.018944305707779200, -10.96145833333333500 ) ) ;
#1187 = CARTESIAN_POINT ( 'NONE',  ( -0.8922005383792617200, 1.545336663013173100, -5.004166666666664700 ) ) ;
#1188 = EDGE_LOOP ( 'NONE', ( #527, #1963, #4790, #875 ) ) ;
#1189 = CARTESIAN_POINT ( 'NONE',  ( 0.8922005383792627200, 1.545336663013171700, 3.191666666666667300 ) ) ;
#1190 = CARTESIAN_POINT ( 'NONE',  ( -1.338300807568892700, 0.7726683315065794300, -4.945833333333331100 ) ) ;
#1191 = CARTESIAN_POINT ( 'NONE',  ( -1.338300807568892700, 0.7726683315065801000, -10.54583333333333100 ) ) ;
#1192 = ORIENTED_EDGE ( 'NONE', *, *, #3419, .F. ) ;
#1193 = ORIENTED_EDGE ( 'NONE', *, *, #788, .T. ) ;
#1194 = VERTEX_POINT ( 'NONE', #4810 ) ;
#1195 = CARTESIAN_POINT ( 'NONE',  ( -1.892491597964152600E-016, -1.545336663013202800, -2.699999999999999300 ) ) ;
#1196 = CARTESIAN_POINT ( 'NONE',  ( -1.892491597964152600E-016, -1.545336663013203000, -1.299999999999999200 ) ) ;
#1197 = VECTOR ( 'NONE', #1725, 1000.000000000000000 ) ;
#1198 = PERSON_AND_ORGANIZATION_ROLE ( 'design_owner' ) ;
#1199 = CARTESIAN_POINT ( 'NONE',  ( 2.353151076758521800, -1.617091260349484500E-014, 3.490625000000005400 ) ) ;
#1200 = DIRECTION ( 'NONE',  ( -1.000000000000000000, 0.0000000000000000000, -0.0000000000000000000 ) ) ;
#1201 = CARTESIAN_POINT ( 'NONE',  ( -1.732050807568891400, -1.000000000000023800, 5.933333333333333600 ) ) ;
#1202 = CARTESIAN_POINT ( 'NONE',  ( -1.764863307568891500, -1.018944305707807600, -1.001041666666662200 ) ) ;
#1203 = DIRECTION ( 'NONE',  ( 0.5000000000000004400, 0.8660254037844384900, 0.0000000000000000000 ) ) ;
#1204 = CARTESIAN_POINT ( 'NONE',  ( 2.183009459905108800E-016, 1.562500000000005100, -11.09999999999999800 ) ) ;
#1205 = CARTESIAN_POINT ( 'NONE',  ( -0.8922005383792617200, 1.545336663013173500, -8.504166666666664700 ) ) ;
#1206 = AXIS2_PLACEMENT_3D ( 'NONE', #3305, #6405, #2271 ) ;
#1207 = CARTESIAN_POINT ( 'NONE',  ( -2.353151076758521800, -1.554633634896592600E-014, 3.096874999999998900 ) ) ;
#1208 =( BOUNDED_CURVE ( )  B_SPLINE_CURVE ( 2, ( #1753, #4344, #5816, #801, #3231, #5793, #5345 ),
 .UNSPECIFIED., .F., .T. ) 
 B_SPLINE_CURVE_WITH_KNOTS ( ( 3, 2, 2, 3 ),
 ( 0.2023899760508919300, 0.2079455316064474600, 0.2135010871620030000, 0.2190566427175585400 ),
 .UNSPECIFIED. ) 
 CURVE ( )  GEOMETRIC_REPRESENTATION_ITEM ( )  RATIONAL_B_SPLINE_CURVE ( ( 1.000000000000000000, 0.8660254037844387100, 1.000000000000000000, 0.8660254037844387100, 1.000000000000000000, 0.8660254037844387100, 1.000000000000000000 ) ) 
 REPRESENTATION_ITEM ( '' )  );
#1209 = CARTESIAN_POINT ( 'NONE',  ( 1.249999999999999800, -0.2436846748236624600, 10.97392074642395900 ) ) ;
#1210 = CARTESIAN_POINT ( 'NONE',  ( -1.160212644386605000, -0.7656433258989685500, 10.00000000000000400 ) ) ;
#1211 = CARTESIAN_POINT ( 'NONE',  ( 0.0000000000000000000, -2.021310670506432500E-015, 11.10000000000000000 ) ) ;
#1212 = CARTESIAN_POINT ( 'NONE',  ( 0.8922005383792613900, -1.545336663013202800, -5.354166666666663400 ) ) ;
#1213 = ORIENTED_EDGE ( 'NONE', *, *, #1962, .T. ) ;
#1214 = CARTESIAN_POINT ( 'NONE',  ( 0.8922005383792627200, 1.545336663013172000, 1.091666666666667900 ) ) ;
#1215 = EDGE_CURVE ( 'NONE', #6093, #295, #2997, .T. ) ;
#1216 = CARTESIAN_POINT ( 'NONE',  ( -1.338300807568892700, 0.7726683315065795400, -6.345833333333330600 ) ) ;
#1217 = ORIENTED_EDGE ( 'NONE', *, *, #3248, .F. ) ;
#1218 = CARTESIAN_POINT ( 'NONE',  ( 0.8922005383792613900, -1.545336663013202200, -10.25416666666666600 ) ) ;
#1219 = CARTESIAN_POINT ( 'NONE',  ( 0.0000000000000000000, 1.545336663013172900, -2.349999999999997900 ) ) ;
#1221 = CARTESIAN_POINT ( 'NONE',  ( -1.732050807568891200, -1.000000000000021800, -9.379166666666662900 ) ) ;
#1220 = CARTESIAN_POINT ( 'NONE',  ( 0.8922005383792613900, -1.545336663013203500, 1.558333333333334900 ) ) ;
#1222 = ORIENTED_EDGE ( 'NONE', *, *, #3626, .T. ) ;
#1223 = CARTESIAN_POINT ( 'NONE',  ( -1.764863307568891500, -1.018944305707808300, 4.598958333333336600 ) ) ;
#1224 = CARTESIAN_POINT ( 'NONE',  ( 1.154700538379261700, 1.999999999999999300, 7.129166666666670900 ) ) ;
#1225 = CARTESIAN_POINT ( 'NONE',  ( 0.0000000000000000000, -2.979841928967876100E-015, 9.450000000000001100 ) ) ;
#1226 = DIRECTION ( 'NONE',  ( 0.0000000000000000000, 1.224646799147352700E-016, -1.000000000000000000 ) ) ;
#1227 = CARTESIAN_POINT ( 'NONE',  ( 0.8922005383792627200, 1.545336663013173100, -7.920833333333331600 ) ) ;
#1228 = CYLINDRICAL_SURFACE ( 'NONE', #4805, 2.000000000000001800 ) ;
#1229 = CARTESIAN_POINT ( 'NONE',  ( 0.0000000000000000000, 2.000000000000000400, 2.287500000000005400 ) ) ;
#1230 = CARTESIAN_POINT ( 'NONE',  ( -0.1083108437662863400, 0.06253329480461784800, 9.449999999999995700 ) ) ;
#1231 = ADVANCED_FACE ( 'NONE', ( #1429 ), #5480, .T. ) ;
#1232 = CARTESIAN_POINT ( 'NONE',  ( 0.0000000000000000000, 1.545336663013172600, -0.8624999999999969400 ) ) ;
#1233 = CARTESIAN_POINT ( 'NONE',  ( -0.8922005383792623900, -1.545336663013203500, 7.741666666666667100 ) ) ;
#1234 = EDGE_LOOP ( 'NONE', ( #23, #472, #1523, #6495 ) ) ;
#1235 = DIRECTION ( 'NONE',  ( 0.0000000000000000000, -1.224646799147353200E-016, 1.000000000000000000 ) ) ;
#1236 = CARTESIAN_POINT ( 'NONE',  ( -0.8922005383792623900, -1.545336663013201700, -6.170833333333330700 ) ) ;
#1237 = CARTESIAN_POINT ( 'NONE',  ( 0.8922005383792627200, 1.545336663013173500, -10.72083333333333100 ) ) ;
#1238 = B_SPLINE_CURVE_WITH_KNOTS ( 'NONE', 3,
 ( #5224, #2687, #1209, #4164 ),
 .UNSPECIFIED., .F., .F.,
 ( 4, 4 ),
 ( 0.001244278422219828700, 0.001973919617850674000 ),
 .UNSPECIFIED. ) ;
#1239 = CARTESIAN_POINT ( 'NONE',  ( -1.338300807568892900, -0.7726683315066087400, -0.7166666666666657900 ) ) ;
#1240 = CARTESIAN_POINT ( 'NONE',  ( 0.8922005383792613900, -1.545336663013203300, -0.5416666666666659600 ) ) ;
#1241 = VERTEX_POINT ( 'NONE', #4269 ) ;
#1242 = APPLICATION_CONTEXT ( 'configuration controlled 3d designs of mechanical parts and assemblies' ) ;
#1243 = CARTESIAN_POINT ( 'NONE',  ( 1.176575538379261800, 2.037888611415569000, 5.707291666666672600 ) ) ;
#1244 = CARTESIAN_POINT ( 'NONE',  ( -1.154700538379256600, 2.000000000000009800, -10.34166666666666900 ) ) ;
#1245 = CARTESIAN_POINT ( 'NONE',  ( 0.8922005383792627200, 1.545336663013173500, -10.80833333333333200 ) ) ;
#1246 = ORIENTED_EDGE ( 'NONE', *, *, #2557, .T. ) ;
#1247 = CARTESIAN_POINT ( 'NONE',  ( -2.309401076758521600, -1.598567838816003900E-014, 6.662500000000004100 ) ) ;
#1248 = CARTESIAN_POINT ( 'NONE',  ( -0.2043544017300753200, -1.325391604125124100, 11.01744810935873400 ) ) ;
#1249 = ORIENTED_EDGE ( 'NONE', *, *, #415, .F. ) ;
#1250 = CARTESIAN_POINT ( 'NONE',  ( -2.449293598294726100E-016, -2.000000000000031500, 2.637500000000005100 ) ) ;
#1251 = CARTESIAN_POINT ( 'NONE',  ( -1.338300807568892900, -0.7726683315066077400, -9.029166666666665000 ) ) ;
#1252 = VECTOR ( 'NONE', #5356, 1000.000000000000000 ) ;
#1253 = EDGE_CURVE ( 'NONE', #3786, #6596, #1458, .T. ) ;
#1254 = CARTESIAN_POINT ( 'NONE',  ( -0.3915725446674620500, -1.217301158903040000, 10.00000000000000500 ) ) ;
#1255 = CARTESIAN_POINT ( 'NONE',  ( -2.309401076758521100, -1.486053414144340500E-014, -2.525000000000001700 ) ) ;
#1256 = CARTESIAN_POINT ( 'NONE',  ( 1.784401076758523700, -1.585480064846493800E-014, 1.762500000000002200 ) ) ;
#1257 = CARTESIAN_POINT ( 'NONE',  ( -1.249999999999999800, -3.966887408064485300E-015, 10.97392074642395900 ) ) ;
#1258 = CARTESIAN_POINT ( 'NONE',  ( -1.784401076758523700, -1.613569762105558700E-014, 7.625000000000000000 ) ) ;
#1259 = ORIENTED_EDGE ( 'NONE', *, *, #4232, .T. ) ;
#1260 = CARTESIAN_POINT ( 'NONE',  ( -2.309401076758521100, -1.597496272866749500E-014, 6.574999999999997500 ) ) ;
#1261 = CARTESIAN_POINT ( 'NONE',  ( 1.784401076758523700, -1.482609733718116100E-014, -6.637499999999998400 ) ) ;
#1262 = CIRCLE ( 'NONE', #6075, 2.947953918351686700 ) ;
#1263 = CARTESIAN_POINT ( 'NONE',  ( 0.8922005383792613900, -1.545336663013203500, 0.8583333333333342800 ) ) ;
#1264 = CARTESIAN_POINT ( 'NONE',  ( 0.8922005383792613900, -1.545336663013203700, 2.258333333333334600 ) ) ;
#1265 = DIRECTION ( 'NONE',  ( 0.0000000000000000000, -1.000000000000000000, 0.0000000000000000000 ) ) ;
#1266 = CARTESIAN_POINT ( 'NONE',  ( 0.0000000000000000000, 2.037888611415569400, 7.165625000000005700 ) ) ;
#1267 = EDGE_CURVE ( 'NONE', #744, #2893, #1273, .T. ) ;
#1268 = CARTESIAN_POINT ( 'NONE',  ( -1.338300807568892700, 0.7726683315065799900, -9.933333333333331800 ) ) ;
#1269 = ORIENTED_EDGE ( 'NONE', *, *, #6386, .T. ) ;
#1270 = DIRECTION ( 'NONE',  ( -0.0000000000000000000, -1.224646799147353200E-016, 1.000000000000000000 ) ) ;
#1271 = CARTESIAN_POINT ( 'NONE',  ( -1.784401076758523700, -1.460335831362246400E-014, -4.887499999999997500 ) ) ;
#1272 = ORIENTED_EDGE ( 'NONE', *, *, #3770, .F. ) ;
#1273 = LINE ( 'NONE', #5829, #3258 ) ;
#1274 = AXIS2_PLACEMENT_3D ( 'NONE', #5008, #59, #3588 ) ;
#1275 = CARTESIAN_POINT ( 'NONE',  ( -0.1232372959545086800, 0.02564369946429804300, 9.450000000000002800 ) ) ;
#1276 = ORIENTED_EDGE ( 'NONE', *, *, #3206, .F. ) ;
#1277 = DIRECTION ( 'NONE',  ( -0.0000000000000000000, -1.224646799147353200E-016, 1.000000000000000000 ) ) ;
#1278 = CARTESIAN_POINT ( 'NONE',  ( 1.338300807568892500, -0.7726683315066099600, 1.004166666666668900 ) ) ;
#1279 = CARTESIAN_POINT ( 'NONE',  ( 0.0000000000000000000, 2.000000000000000400, 2.987500000000004300 ) ) ;
#1280 = CARTESIAN_POINT ( 'NONE',  ( 1.338300807568892500, -0.7726683315066105200, 5.116666666666668900 ) ) ;
#1281 = CARTESIAN_POINT ( 'NONE',  ( 0.0000000000000000000, -2.000000000000004000, 11.10000000000000000 ) ) ;
#1282 = CARTESIAN_POINT ( 'NONE',  ( 0.8922005383792627200, 1.545336663013172400, -2.320833333333330600 ) ) ;
#1283 = CYLINDRICAL_SURFACE ( 'NONE', #4992, 2.000000000000001800 ) ;
#1284 = CARTESIAN_POINT ( 'NONE',  ( -1.784401076758523700, -1.510699430977181200E-014, -0.7749999999999979100 ) ) ;
#1285 = CARTESIAN_POINT ( 'NONE',  ( -1.338300807568892700, 0.7726683315065783200, 4.766666666666669300 ) ) ;
#1286 = CARTESIAN_POINT ( 'NONE',  ( -2.353151076758521800, -1.606604583435408100E-014, 7.340625000000003700 ) ) ;
#1287 = CARTESIAN_POINT ( 'NONE',  ( -2.449293598294726600E-016, -2.000000000000032400, 7.450000000000000200 ) ) ;
#1288 = DIRECTION ( 'NONE',  ( 0.0000000000000000000, -1.000000000000000000, 0.0000000000000000000 ) ) ;
#1289 = DIRECTION ( 'NONE',  ( -0.8660254037844397100, 1.060575238724908100E-016, 0.4999999999999979500 ) ) ;
#1290 = CARTESIAN_POINT ( 'NONE',  ( -1.892491597964152600E-016, -1.545336663013202800, -2.612499999999998500 ) ) ;
#1291 = EDGE_LOOP ( 'NONE', ( #5987, #3597, #4246, #6124 ) ) ;
#1292 = CARTESIAN_POINT ( 'NONE',  ( 1.154700538379255200, 2.000000000000011100, -1.358333333333334300 ) ) ;
#1293 = CARTESIAN_POINT ( 'NONE',  ( 1.764863307568892200, 1.018944305707777400, -10.49479166666666800 ) ) ;
#1294 = CARTESIAN_POINT ( 'NONE',  ( 0.8922005383792613900, -1.545336663013203500, 0.9458333333333349700 ) ) ;
#1295 = DIRECTION ( 'NONE',  ( 0.0000000000000000000, 0.8660254037844397100, 0.4999999999999981100 ) ) ;
#1296 = CARTESIAN_POINT ( 'NONE',  ( -1.892491597964152600E-016, -1.545336663013203700, 5.700000000000000200 ) ) ;
#1297 = EDGE_CURVE ( 'NONE', #5299, #1042, #4852, .T. ) ;
#1298 = CARTESIAN_POINT ( 'NONE',  ( -1.892491597964152600E-016, -1.545336663013202800, -2.612499999999998500 ) ) ;
#1299 = EDGE_CURVE ( 'NONE', #86, #282, #969, .T. ) ;
#1300 = CARTESIAN_POINT ( 'NONE',  ( -1.338300807568892900, -0.7726683315066086300, -1.416666666666665000 ) ) ;
#1301 = CARTESIAN_POINT ( 'NONE',  ( -0.8922005383792623900, -1.545336663013203300, 4.941666666666668200 ) ) ;
#1302 = CARTESIAN_POINT ( 'NONE',  ( 1.176575538379260000, -2.037888611415602300, 6.873958333333339600 ) ) ;
#1303 = CARTESIAN_POINT ( 'NONE',  ( -1.154700538379255200, -2.000000000000039500, -10.10833333333333300 ) ) ;
#1304 = CARTESIAN_POINT ( 'NONE',  ( -2.449293598294726100E-016, -2.000000000000030200, -9.262499999999994000 ) ) ;
#1305 = VERTEX_POINT ( 'NONE', #1279 ) ;
#1306 = FACE_OUTER_BOUND ( 'NONE', #5824, .T. ) ;
#1307 = CARTESIAN_POINT ( 'NONE',  ( -1.892491597964152600E-016, -1.545336663013201700, -11.09999999999999800 ) ) ;
#1308 = CARTESIAN_POINT ( 'NONE',  ( -2.449293598294726600E-016, -2.000000000000030200, -5.850000000000001400 ) ) ;
#1309 = AXIS2_PLACEMENT_3D ( 'NONE', #2075, #3067, #2029 ) ;
#1310 = DIRECTION ( 'NONE',  ( 0.0000000000000000000, 0.0000000000000000000, 1.000000000000000000 ) ) ;
#1311 = CARTESIAN_POINT ( 'NONE',  ( -0.8922005383792617200, 1.545336663013173300, -5.704166666666664800 ) ) ;
#1312 = ORIENTED_EDGE ( 'NONE', *, *, #2660, .T. ) ;
#1313 = DIRECTION ( 'NONE',  ( 0.0000000000000000000, 1.224646799147353200E-016, -1.000000000000000000 ) ) ;
#1314 = CARTESIAN_POINT ( 'NONE',  ( 1.249999999999999800, -0.7216878364870350500, 10.00000000000000000 ) ) ;
#1315 = CARTESIAN_POINT ( 'NONE',  ( 2.353151076758521800, -1.470822508276322700E-014, -8.453125000000001800 ) ) ;
#1316 = CARTESIAN_POINT ( 'NONE',  ( -0.8922005383792617200, 1.545336663013172200, 1.995833333333335600 ) ) ;
#1317 = CARTESIAN_POINT ( 'NONE',  ( 0.8922005383792627200, 1.545336663013171100, 7.391666666666668400 ) ) ;
#1318 = CARTESIAN_POINT ( 'NONE',  ( 1.338300807568893600, 0.7726683315065779900, -3.079166666666663900 ) ) ;
#1319 = ORIENTED_EDGE ( 'NONE', *, *, #573, .F. ) ;
#1320 = CARTESIAN_POINT ( 'NONE',  ( 1.784401076758523700, -1.618698609273365500E-014, 4.474999999999999600 ) ) ;
#1322 = CARTESIAN_POINT ( 'NONE',  ( 1.645011135425257000, 0.3736420523984134700, -10.97891002063534300 ) ) ;
#1321 = CARTESIAN_POINT ( 'NONE',  ( -1.338300807568892900, -0.7726683315066094100, 4.183333333333334500 ) ) ;
#1323 = ORIENTED_EDGE ( 'NONE', *, *, #6120, .F. ) ;
#1324 =( BOUNDED_CURVE ( )  B_SPLINE_CURVE ( 2, ( #4237, #2365, #832, #5903, #3879, #811, #5926 ),
 .UNSPECIFIED., .F., .T. ) 
 B_SPLINE_CURVE_WITH_KNOTS ( ( 3, 2, 2, 3 ),
 ( 0.1833333333333334000, 0.1888888888888889400, 0.1944444444444445000, 0.2000000000000000400 ),
 .UNSPECIFIED. ) 
 CURVE ( )  GEOMETRIC_REPRESENTATION_ITEM ( )  RATIONAL_B_SPLINE_CURVE ( ( 0.9999999999999980000, 0.8660254037844408200, 1.000000000000000000, 0.8660254037844388200, 1.000000000000000000, 0.8660254037844381500, 1.000000000000000700 ) ) 
 REPRESENTATION_ITEM ( '' )  );
#1325 = CARTESIAN_POINT ( 'NONE',  ( 0.0000000000000000000, 2.000000000000000900, 0.1875000000000042200 ) ) ;
#1326 = CARTESIAN_POINT ( 'NONE',  ( -2.309401076758521100, -1.606068800460781100E-014, 7.274999999999997700 ) ) ;
#1327 = CARTESIAN_POINT ( 'NONE',  ( -2.449293598294726100E-016, -2.000000000000031100, -0.8624999999999947200 ) ) ;
#1328 = DIRECTION ( 'NONE',  ( 0.0000000000000000000, -1.000000000000000000, 0.0000000000000000000 ) ) ;
#1329 = CARTESIAN_POINT ( 'NONE',  ( -0.8922005383792617200, 1.545336663013173100, -3.604166666666664700 ) ) ;
#1330 = EDGE_CURVE ( 'NONE', #5517, #445, #410, .T. ) ;
#1331 = CARTESIAN_POINT ( 'NONE',  ( -2.449293598294726100E-016, -2.000000000000031100, -0.1624999999999954000 ) ) ;
#1332 = CARTESIAN_POINT ( 'NONE',  ( -0.08296024827320888600, 1.387595286780201500, 10.00000000000000900 ) ) ;
#1333 = CARTESIAN_POINT ( 'NONE',  ( 0.0000000000000000000, 2.037888611415571200, -8.978125000000002100 ) ) ;
#1334 = CARTESIAN_POINT ( 'NONE',  ( 0.0000000000000000000, 1.545336663013172000, 5.437500000000001800 ) ) ;
#1335 = CARTESIAN_POINT ( 'NONE',  ( 0.0000000000000000000, -1.819243948647119400E-015, 9.450000000000001100 ) ) ;
#1336 = CARTESIAN_POINT ( 'NONE',  ( -2.495693764988940900E-016, -2.037888611415599600, -10.68437499999999400 ) ) ;
#1337 = CARTESIAN_POINT ( 'NONE',  ( 1.338300807568892500, -0.7726683315066095200, -2.495833333333330900 ) ) ;
#1338 = CARTESIAN_POINT ( 'NONE',  ( -1.892491597964152600E-016, -1.545336663013203300, 0.8875000000000028400 ) ) ;
#1339 = CONICAL_SURFACE ( 'NONE', #821, 1.562500000000004700, 0.7853981633974430600 ) ;
#1340 = CARTESIAN_POINT ( 'NONE',  ( -1.176575538379261500, -2.037888611415601000, 8.113541666666664700 ) ) ;
#1341 = CARTESIAN_POINT ( 'NONE',  ( -1.338300807568892900, -0.7726683315066091900, 2.783333333333335400 ) ) ;
#1343 = CARTESIAN_POINT ( 'NONE',  ( 0.5652704309576285200, -1.480774322862120400, -11.08101747933896200 ) ) ;
#1342 = CARTESIAN_POINT ( 'NONE',  ( -1.338300807568892700, 0.7726683315065783200, 4.066666666666668200 ) ) ;
#1344 = EDGE_LOOP ( 'NONE', ( #609, #3925 ) ) ;
#1345 = CARTESIAN_POINT ( 'NONE',  ( 0.4651547802060904700, -2.037888611415602300, 8.938686867224214800 ) ) ;
#1346 = ORIENTED_EDGE ( 'NONE', *, *, #4700, .T. ) ;
#1347 = CARTESIAN_POINT ( 'NONE',  ( -0.01189117488104639800, -0.1244574993174715300, 9.450000000000001100 ) ) ;
#1348 = ORIENTED_EDGE ( 'NONE', *, *, #6534, .F. ) ;
#1349 = CARTESIAN_POINT ( 'NONE',  ( -1.338300807568892900, -0.7726683315066080700, -6.316666666666664700 ) ) ;
#1350 = ORIENTED_EDGE ( 'NONE', *, *, #5681, .F. ) ;
#1351 = ADVANCED_FACE ( 'NONE', ( #6526 ), #4876, .F. ) ;
#1352 = FACE_OUTER_BOUND ( 'NONE', #619, .T. ) ;
#1353 = CARTESIAN_POINT ( 'NONE',  ( -1.154700538379260800, 2.000000000000000400, 3.745833333333338000 ) ) ;
#1354 = CARTESIAN_POINT ( 'NONE',  ( -2.449293598294726600E-016, -2.000000000000030600, -2.350000000000002300 ) ) ;
#1355 = CARTESIAN_POINT ( 'NONE',  ( -0.8387402682342424100, -0.9591287533288496100, 10.97407715322185400 ) ) ;
#1356 = DIRECTION ( 'NONE',  ( 0.0000000000000000000, 1.224646799147352700E-016, -1.000000000000000000 ) ) ;
#1357 = CARTESIAN_POINT ( 'NONE',  ( 0.0000000000000000000, 1.545336663013172900, -2.962499999999998100 ) ) ;
#1358 = CARTESIAN_POINT ( 'NONE',  ( 1.154700538379260100, -2.000000000000031500, 4.008333333333331100 ) ) ;
#1359 = CARTESIAN_POINT ( 'NONE',  ( -1.338300807568892900, -0.7726683315066095200, 5.670833333333336900 ) ) ;
#1360 = CARTESIAN_POINT ( 'NONE',  ( 1.732050807568890500, -1.000000000000024000, -0.7458333333333285700 ) ) ;
#1361 = CARTESIAN_POINT ( 'NONE',  ( 0.0000000000000000000, 1.545336663013171500, 8.849999999999999600 ) ) ;
#1362 = CARTESIAN_POINT ( 'NONE',  ( 0.0000000000000000000, 1.545336663013173100, -3.662499999999997400 ) ) ;
#1363 = CARTESIAN_POINT ( 'NONE',  ( 0.8922005383792627200, 1.545336663013171700, 2.579166666666668800 ) ) ;
#1364 = CARTESIAN_POINT ( 'NONE',  ( 1.338300807568892500, -0.7726683315066086300, -9.495833333333331800 ) ) ;
#1365 = CARTESIAN_POINT ( 'NONE',  ( 1.338300807568892500, -0.7726683315066101800, 2.316666666666668200 ) ) ;
#1367 = CARTESIAN_POINT ( 'NONE',  ( 1.194497015667435700, -1.092863344637057700, -11.04694463517411200 ) ) ;
#1366 = DIRECTION ( 'NONE',  ( -0.0000000000000000000, -1.224646799147353200E-016, 1.000000000000000000 ) ) ;
#1368 = ORIENTED_EDGE ( 'NONE', *, *, #4232, .F. ) ;
#1369 = VERTEX_POINT ( 'NONE', #3865 ) ;
#1370 = CARTESIAN_POINT ( 'NONE',  ( 2.309401076758521100, -1.564048745861414600E-014, -0.7750000000000018000 ) ) ;
#1371 = CARTESIAN_POINT ( 'NONE',  ( -0.02272747981804482800, -0.1232062306029921300, 9.450000000000001100 ) ) ;
#1372 = CARTESIAN_POINT ( 'NONE',  ( 1.732050807568892100, 0.9999999999999904500, 5.670833333333339600 ) ) ;
#1373 = CARTESIAN_POINT ( 'NONE',  ( 0.8922005383792613900, -1.545336663013202600, -7.541666666666666100 ) ) ;
#1374 = EDGE_CURVE ( 'NONE', #6152, #5561, #6407, .T. ) ;
#1375 = CARTESIAN_POINT ( 'NONE',  ( -1.732050807568891000, 0.9999999999999924500, 3.804166666666671600 ) ) ;
#1376 = ORIENTED_EDGE ( 'NONE', *, *, #3419, .T. ) ;
#1377 = CARTESIAN_POINT ( 'NONE',  ( -1.784401076758523700, -1.503198469332403700E-014, -1.387499999999998200 ) ) ;
#1378 = CARTESIAN_POINT ( 'NONE',  ( -1.338300807568892700, 0.7726683315065785400, 2.754166666666668700 ) ) ;
#1379 = CARTESIAN_POINT ( 'NONE',  ( 1.764863307568892200, 1.018944305707777200, -9.751041666666662200 ) ) ;
#1380 = FACE_OUTER_BOUND ( 'NONE', #162, .T. ) ;
#1381 = ADVANCED_FACE ( 'NONE', ( #1435 ), #5151, .F. ) ;
#1382 = CARTESIAN_POINT ( 'NONE',  ( -1.784401076758523700, -1.528916052114498100E-014, 0.7125000000000031300 ) ) ;
#1383 = CARTESIAN_POINT ( 'NONE',  ( -1.338300807568892700, 0.7726683315065786500, 0.6541666666666692300 ) ) ;
#1384 = ADVANCED_FACE ( 'NONE', ( #3031 ), #4328, .T. ) ;
#1385 = CARTESIAN_POINT ( 'NONE',  ( -1.176575538379260700, 2.037888611415571200, -6.819791666666668000 ) ) ;
#1386 = EDGE_CURVE ( 'NONE', #1638, #3483, #2492, .T. ) ;
#1387 = CARTESIAN_POINT ( 'NONE',  ( 0.8922005383792627200, 1.545336663013172000, 1.791666666666668700 ) ) ;
#1388 = CARTESIAN_POINT ( 'NONE',  ( 2.449293598294708900E-016, 1.999999999999999600, 11.10000000000000000 ) ) ;
#1389 = ORIENTED_EDGE ( 'NONE', *, *, #4838, .F. ) ;
#1390 = B_SPLINE_SURFACE_WITH_KNOTS ( 'NONE', 3, 1, ( 
 ( #4189, #5708 ),
 ( #2078, #3659 ),
 ( #2625, #1596 ),
 ( #124, #5198 ),
 ( #4662, #3634 ),
 ( #4138, #5638 ),
 ( #6116, #1157 ),
 ( #1622, #623 ),
 ( #578, #4166 ),
 ( #101, #147 ),
 ( #4113, #4709 ),
 ( #1084, #602 ),
 ( #4635, #4686 ),
 ( #2053, #2105 ),
 ( #5610, #1649 ),
 ( #5173, #2568 ),
 ( #1058, #3072 ),
 ( #53, #2597 ),
 ( #3583, #2126 ),
 ( #6139, #3096 ),
 ( #556, #4611 ),
 ( #5661, #1572 ),
 ( #1673, #4756 ),
 ( #6344, #2763 ),
 ( #200, #6321 ),
 ( #6295, #3290 ),
 ( #5731, #3756 ),
 ( #3778, #2203 ),
 ( #2231, #1766 ),
 ( #2277, #3801 ),
 ( #3218, #2688 ),
 ( #6240, #174 ),
 ( #1254, #5806 ),
 ( #4807, #5255 ),
 ( #6267, #5826 ),
 ( #5315, #271 ),
 ( #3733, #5757 ),
 ( #1210, #247 ),
 ( #2741, #4266 ),
 ( #2714, #3190 ),
 ( #2789, #222 ),
 ( #729, #3242 ),
 ( #4732, #1698 ),
 ( #702, #2257 ),
 ( #4241, #1275 ),
 ( #5782, #3269 ),
 ( #1185, #1717 ),
 ( #5276, #4216 ),
 ( #3704, #1230 ),
 ( #4783, #1739 ),
 ( #674, #5294 ),
 ( #768, #749 ),
 ( #4314, #4289 ),
 ( #5225, #2179 ),
 ( #6393, #3862 ),
 ( #4354, #835 ),
 ( #4374, #310 ),
 ( #1332, #3351 ),
 ( #3313, #5357 ),
 ( #1786, #4831 ),
 ( #4893, #2326 ),
 ( #2350, #6415 ) ),
 .UNSPECIFIED., .T., .F., .F.,
 ( 4, 1, 1, 1, 2, 1, 1, 1, 2, 1, 1, 1, 2, 1, 1, 1, 2, 1, 1, 1, 2, 1, 1, 1, 2, 1, 1, 1, 2, 1, 1, 1, 2, 1, 1, 1, 2, 1, 1, 1, 2, 1, 1, 1, 2, 1, 1, 1, 4 ),
 ( 2, 2 ),
 ( 0.0000000000000000000, 0.03225652298787770600, 0.06451304597575541200, 0.09676956896363311800, 0.1290260919515108200, 0.1384362356302997500, 0.1478463793090886700, 0.1572565229878776500, 0.1666666666666665700, 0.1989231896545443100, 0.2311797126424221000, 0.2634362356302998300, 0.2956927586181775600, 0.3051029022969665200, 0.3145130459757554700, 0.3239231896545444200, 0.3333333333333333700, 0.3655898563212111000, 0.3978463793090887800, 0.4301029022969664600, 0.4623594252848441900, 0.4717695689636331500, 0.4811797126424219900, 0.4905898563212109900, 0.4999999999999999400, 0.5322565229878777300, 0.5645130459757554700, 0.5967695689636332000, 0.6290260919515109400, 0.6384362356302999400, 0.6478463793090889500, 0.6572565229878777300, 0.6666666666666666300, 0.6989231896545443600, 0.7311797126424219900, 0.7634362356302997200, 0.7956927586181774500, 0.8051029022969664600, 0.8145130459757552500, 0.8239231896545442500, 0.8333333333333332600, 0.8655898563212109900, 0.8978463793090887300, 0.9301029022969664600, 0.9623594252848441900, 0.9717695689636332000, 0.9811797126424221000, 0.9905898563212108800, 1.000000000000000000 ),
 ( 0.0000000000000000000, 1.000000000000000000 ),
 .UNSPECIFIED. ) ;
#1391 = CARTESIAN_POINT ( 'NONE',  ( -1.764863307568891300, 1.018944305707776500, 8.682291666666671400 ) ) ;
#1392 =( BOUNDED_CURVE ( )  B_SPLINE_CURVE ( 2, ( #3111, #1126, #4084, #5504, #71, #117, #2968 ),
 .UNSPECIFIED., .F., .F. ) 
 B_SPLINE_CURVE_WITH_KNOTS ( ( 3, 2, 2, 3 ),
 ( 0.2833333333333333800, 0.2888888888888889200, 0.2944444444444445100, 0.3000000000000000400 ),
 .UNSPECIFIED. ) 
 CURVE ( )  GEOMETRIC_REPRESENTATION_ITEM ( )  RATIONAL_B_SPLINE_CURVE ( ( 0.9999999999999986700, 0.8660254037844401500, 1.000000000000000000, 0.8660254037844388200, 1.000000000000000000, 0.8660254037844374900, 1.000000000000001300 ) ) 
 REPRESENTATION_ITEM ( '' )  );
#1393 = CARTESIAN_POINT ( 'NONE',  ( 0.08382674316035221300, -0.09390477925815801700, 9.450000000000013500 ) ) ;
#1394 = DIRECTION ( 'NONE',  ( -0.0000000000000000000, -1.224646799147353200E-016, 1.000000000000000000 ) ) ;
#1395 = ORIENTED_EDGE ( 'NONE', *, *, #2950, .F. ) ;
#1396 = CARTESIAN_POINT ( 'NONE',  ( -1.784401076758523700, -1.424974155036866300E-014, -7.774999999999999500 ) ) ;
#1397 = CARTESIAN_POINT ( 'NONE',  ( 0.0000000000000000000, 2.000000000000000900, -1.912499999999995200 ) ) ;
#1398 = CARTESIAN_POINT ( 'NONE',  ( 1.338300807568892500, -0.7726683315066097400, -1.095833333333330600 ) ) ;
#1399 = ORIENTED_EDGE ( 'NONE', *, *, #5160, .T. ) ;
#1400 = ORIENTED_EDGE ( 'NONE', *, *, #3487, .F. ) ;
#1401 = CARTESIAN_POINT ( 'NONE',  ( -1.338300807568892700, 0.7726683315065786500, 2.054166666666669400 ) ) ;
#1402 = CARTESIAN_POINT ( 'NONE',  ( -2.353151076758521800, -1.392291393584621300E-014, -10.15937499999999400 ) ) ;
#1403 = CARTESIAN_POINT ( 'NONE',  ( -0.8922005383792623900, -1.545336663013202600, -0.5708333333333311900 ) ) ;
#1404 = CARTESIAN_POINT ( 'NONE',  ( 0.8922005383792627200, 1.545336663013172000, 1.179166666666668700 ) ) ;
#1405 = VECTOR ( 'NONE', #622, 1000.000000000000100 ) ;
#1406 =( BOUNDED_CURVE ( )  B_SPLINE_CURVE ( 2, ( #1412, #5551, #4509, #5028, #4008, #1924, #1976 ),
 .UNSPECIFIED., .F., .T. ) 
 B_SPLINE_CURVE_WITH_KNOTS ( ( 3, 2, 2, 3 ),
 ( 0.3023899760508919100, 0.3079455316064474400, 0.3135010871620029800, 0.3190566427175586300 ),
 .UNSPECIFIED. ) 
 CURVE ( )  GEOMETRIC_REPRESENTATION_ITEM ( )  RATIONAL_B_SPLINE_CURVE ( ( 1.000000000000000000, 0.8660254037844387100, 1.000000000000000000, 0.8660254037844387100, 1.000000000000000000, 0.8660254037844387100, 1.000000000000000000 ) ) 
 REPRESENTATION_ITEM ( '' )  );
#1407 = CARTESIAN_POINT ( 'NONE',  ( -1.764863307568891500, -1.018944305707806700, -8.044791666666668600 ) ) ;
#1408 = CARTESIAN_POINT ( 'NONE',  ( -1.784401076758523700, -1.562134596541370100E-014, 3.425000000000001200 ) ) ;
#1410 = CARTESIAN_POINT ( 'NONE',  ( -2.449293598294726100E-016, -2.000000000000032000, 5.437500000000003600 ) ) ;
#1409 = CARTESIAN_POINT ( 'NONE',  ( 0.8922005383792627200, 1.545336663013171300, 5.991666666666668900 ) ) ;
#1411 = FACE_OUTER_BOUND ( 'NONE', #5179, .T. ) ;
#1412 = CARTESIAN_POINT ( 'NONE',  ( -2.449293598294726100E-016, -2.000000000000031500, 2.637500000000005100 ) ) ;
#1413 = CARTESIAN_POINT ( 'NONE',  ( 1.116727804415335900, 0.7986325744833271400, 10.00000000000000000 ) ) ;
#1414 = CARTESIAN_POINT ( 'NONE',  ( 1.154700538379261700, 2.000000000000000000, 0.1291666666666721500 ) ) ;
#1415 = ADVANCED_FACE ( 'NONE', ( #5671 ), #5909, .T. ) ;
#1416 = AXIS2_PLACEMENT_3D ( 'NONE', #6428, #3363, #344 ) ;
#1417 = ADVANCED_FACE ( 'NONE', ( #296 ), #671, .T. ) ;
#1418 = CARTESIAN_POINT ( 'NONE',  ( 1.784401076758523700, -1.472965640174831100E-014, -7.424999999999998900 ) ) ;
#1419 = CARTESIAN_POINT ( 'NONE',  ( 2.309401076758521600, -1.445104925494228300E-014, -10.48749999999999700 ) ) ;
#1420 = EDGE_CURVE ( 'NONE', #2893, #3188, #5206, .T. ) ;
#1421 = ORIENTED_EDGE ( 'NONE', *, *, #2796, .T. ) ;
#1422 = CARTESIAN_POINT ( 'NONE',  ( -2.449293598294726600E-016, -2.000000000000032000, 3.949999999999998000 ) ) ;
#1423 = LINE ( 'NONE', #4888, #3632 ) ;
#1424 = CARTESIAN_POINT ( 'NONE',  ( 1.338300807568893600, 0.7726683315065769900, 4.620833333333334500 ) ) ;
#1425 = CARTESIAN_POINT ( 'NONE',  ( -1.764863307568891300, 1.018944305707779200, -10.91770833333332800 ) ) ;
#1426 = ORIENTED_EDGE ( 'NONE', *, *, #3161, .F. ) ;
#1427 = CARTESIAN_POINT ( 'NONE',  ( -1.784401076758523700, -1.554633634896592600E-014, 2.812500000000002700 ) ) ;
#1428 = CARTESIAN_POINT ( 'NONE',  ( 0.8922005383792627200, 1.545336663013172000, 1.879166666666669500 ) ) ;
#1429 = FACE_OUTER_BOUND ( 'NONE', #4440, .T. ) ;
#1430 = CARTESIAN_POINT ( 'NONE',  ( -1.764863307568891300, 1.018944305707778500, -6.061458333333334300 ) ) ;
#1431 = ORIENTED_EDGE ( 'NONE', *, *, #5532, .T. ) ;
#1432 = CARTESIAN_POINT ( 'NONE',  ( -0.8922005383792623900, -1.545336663013203300, 7.041666666666667900 ) ) ;
#1434 = CARTESIAN_POINT ( 'NONE',  ( -2.309401076758521100, -1.408900665798057300E-014, -8.825000000000001100 ) ) ;
#1433 = CARTESIAN_POINT ( 'NONE',  ( -0.8922005383792617200, 1.545336663013171700, 6.108333333333334300 ) ) ;
#1435 = FACE_OUTER_BOUND ( 'NONE', #2887, .T. ) ;
#1436 = DIRECTION ( 'NONE',  ( 0.0000000000000000000, -1.000000000000000000, 0.0000000000000000000 ) ) ;
#1437 = CARTESIAN_POINT ( 'NONE',  ( 1.249999999999999800, 0.4503166115752351200, 10.00000000000000000 ) ) ;
#1438 = AXIS2_PLACEMENT_3D ( 'NONE', #4524, #5056, #5563 ) ;
#1439 = CARTESIAN_POINT ( 'NONE',  ( 0.0000000000000000000, 2.000000000000001800, -7.512499999999994800 ) ) ;
#1440 = CARTESIAN_POINT ( 'NONE',  ( -1.338300807568892900, -0.7726683315066076300, -9.816666666666664700 ) ) ;
#1441 = CARTESIAN_POINT ( 'NONE',  ( -1.732050807568891200, 0.9999999999999928900, 0.9166666666666657400 ) ) ;
#1442 = CARTESIAN_POINT ( 'NONE',  ( -2.449293598294726100E-016, -2.000000000000031500, 1.937500000000005600 ) ) ;
#1443 = CARTESIAN_POINT ( 'NONE',  ( 1.338300807568893600, 0.7726683315065766600, 7.420833333333335200 ) ) ;
#1444 = CARTESIAN_POINT ( 'NONE',  ( 2.353151076758521800, -1.488503346439012300E-014, -7.009374999999994100 ) ) ;
#1445 = CARTESIAN_POINT ( 'NONE',  ( 0.8922005383792613900, -1.545336663013203500, 0.2458333333333357600 ) ) ;
#1446 = CARTESIAN_POINT ( 'NONE',  ( 0.8922005383792613900, -1.545336663013204400, 5.845833333333335000 ) ) ;
#1447 = EDGE_LOOP ( 'NONE', ( #4769, #3965, #2527, #797, #952, #1399, #1164 ) ) ;
#1448 = CARTESIAN_POINT ( 'NONE',  ( 2.353151076758521800, -1.513685146246480000E-014, -4.953125000000000000 ) ) ;
#1449 = CARTESIAN_POINT ( 'NONE',  ( 0.8922005383792613900, -1.545336663013203900, 5.058333333333335300 ) ) ;
#1451 = CARTESIAN_POINT ( 'NONE',  ( 0.0000000000000000000, -2.021310670506432500E-015, 11.10000000000000000 ) ) ;
#1450 = DIRECTION ( 'NONE',  ( -0.0000000000000000000, -1.224646799147353200E-016, 1.000000000000000000 ) ) ;
#1452 = CARTESIAN_POINT ( 'NONE',  ( -1.243172892659814500, -0.6219519608812410500, 9.999999999999996400 ) ) ;
#1453 = CYLINDRICAL_SURFACE ( 'NONE', #5243, 2.000000000000001800 ) ;
#1454 = EDGE_CURVE ( 'NONE', #4879, #3651, #4056, .T. ) ;
#1455 = CARTESIAN_POINT ( 'NONE',  ( -1.892491597964152600E-016, -1.545336663013201900, -9.699999999999999300 ) ) ;
#1456 = CARTESIAN_POINT ( 'NONE',  ( 1.732050807568890500, -1.000000000000024200, 1.354166666666672300 ) ) ;
#1457 = EDGE_LOOP ( 'NONE', ( #3964, #6383, #5245, #5010 ) ) ;
#1458 =( BOUNDED_CURVE ( )  B_SPLINE_CURVE ( 2, ( #274, #5318, #2260, #4244, #5810, #2767, #224 ),
 .UNSPECIFIED., .F., .T. ) 
 B_SPLINE_CURVE_WITH_KNOTS ( ( 3, 2, 2, 3 ),
 ( 0.7857233093842253000, 0.7912788649397808300, 0.7968344204953363700, 0.8023899760508919100 ),
 .UNSPECIFIED. ) 
 CURVE ( )  GEOMETRIC_REPRESENTATION_ITEM ( )  RATIONAL_B_SPLINE_CURVE ( ( 1.000000000000000000, 0.8660254037844387100, 1.000000000000000000, 0.8660254037844387100, 1.000000000000000000, 0.8660254037844387100, 1.000000000000000000 ) ) 
 REPRESENTATION_ITEM ( '' )  );
#1459 = VECTOR ( 'NONE', #2025, 1000.000000000000000 ) ;
#1460 = CARTESIAN_POINT ( 'NONE',  ( -1.338300807568892900, -0.7726683315066097400, 7.070833333333335500 ) ) ;
#1461 = CARTESIAN_POINT ( 'NONE',  ( 1.764863307568890900, -1.018944305707808300, -5.667708333333328200 ) ) ;
#1462 = ORIENTED_EDGE ( 'NONE', *, *, #459, .F. ) ;
#1463 = CARTESIAN_POINT ( 'NONE',  ( -0.8922005383792623900, -1.545336663013203000, 2.229166666666669200 ) ) ;
#1464 = CARTESIAN_POINT ( 'NONE',  ( -1.338300807568892700, 0.7726683315065783200, 4.854166666666669600 ) ) ;
#1465 = CARTESIAN_POINT ( 'NONE',  ( -1.154700538379261700, -2.000000000000030200, -7.920833333333326300 ) ) ;
#1466 = UNCERTAINTY_MEASURE_WITH_UNIT (LENGTH_MEASURE( 1.000000000000000100E-005 ), #1754, 'distance_accuracy_value', 'NONE');
#1467 = CARTESIAN_POINT ( 'NONE',  ( 1.176575538379261800, 2.037888611415570300, -5.536458333333333900 ) ) ;
#1468 = EDGE_CURVE ( 'NONE', #6596, #3407, #782, .T. ) ;
#1469 = CARTESIAN_POINT ( 'NONE',  ( -1.338300807568892900, -0.7726683315066096300, 6.283333333333335000 ) ) ;
#1470 = CARTESIAN_POINT ( 'NONE',  ( 0.0000000000000000000, 1.545336663013173300, -6.462499999999997700 ) ) ;
#1471 = CARTESIAN_POINT ( 'NONE',  ( -2.449293598294726100E-016, -2.000000000000031100, -2.262499999999994400 ) ) ;
#1472 = CARTESIAN_POINT ( 'NONE',  ( -0.06294101815055508400, 0.1090170413168734700, 9.449999999999994000 ) ) ;
#1473 = ORIENTED_EDGE ( 'NONE', *, *, #3921, .T. ) ;
#1474 = ADVANCED_FACE ( 'NONE', ( #3115 ), #4548, .T. ) ;
#1476 = CARTESIAN_POINT ( 'NONE',  ( 1.784401076758523700, -1.430103002204673200E-014, -10.92499999999999700 ) ) ;
#1475 = CARTESIAN_POINT ( 'NONE',  ( 1.338300807568892500, -0.7726683315066087400, -8.883333333333331100 ) ) ;
#1477 = CARTESIAN_POINT ( 'NONE',  ( 1.154700538379260100, -2.000000000000032000, 1.295833333333338900 ) ) ;
#1478 = AXIS2_PLACEMENT_3D ( 'NONE', #6063, #937, #3489 ) ;
#1479 = EDGE_LOOP ( 'NONE', ( #3605, #994, #6023, #4471 ) ) ;
#1480 = VECTOR ( 'NONE', #5348, 1000.000000000000000 ) ;
#1481 = CC_DESIGN_APPROVAL ( #2501, ( #438 ) ) ;
#1482 = CARTESIAN_POINT ( 'NONE',  ( -1.892491597964152600E-016, -1.545336663013203700, 5.787500000000001400 ) ) ;
#1483 = CARTESIAN_POINT ( 'NONE',  ( 1.764863307568890900, -1.018944305707807800, -9.167708333333328200 ) ) ;
#1484 = CARTESIAN_POINT ( 'NONE',  ( -0.8922005383792623900, -1.545336663013203300, 4.329166666666669300 ) ) ;
#1485 = CARTESIAN_POINT ( 'NONE',  ( 1.338300807568892500, -0.7726683315066101800, 3.104166666666668300 ) ) ;
#1486 = LINE ( 'NONE', #639, #6513 ) ;
#1487 = CARTESIAN_POINT ( 'NONE',  ( 1.176575538379261800, 2.037888611415570300, -2.736458333333333200 ) ) ;
#1488 = CARTESIAN_POINT ( 'NONE',  ( -1.892491597964152600E-016, -1.545336663013203700, 6.400000000000003000 ) ) ;
#1489 = PLANE ( 'NONE',  #5153 ) ;
#1490 = CARTESIAN_POINT ( 'NONE',  ( -0.8922005383792617200, 1.545336663013173300, -5.704166666666664800 ) ) ;
#1491 = CARTESIAN_POINT ( 'NONE',  ( 0.0000000000000000000, 2.000000000000000900, -2.612499999999994000 ) ) ;
#1492 = EDGE_CURVE ( 'NONE', #2584, #6024, #4005, .T. ) ;
#1493 = CARTESIAN_POINT ( 'NONE',  ( -0.1116810264836943400, -0.05629632967718798500, 9.449999999999997500 ) ) ;
#1494 = FACE_OUTER_BOUND ( 'NONE', #1234, .T. ) ;
#1495 = VERTEX_POINT ( 'NONE', #6067 ) ;
#1496 = CARTESIAN_POINT ( 'NONE',  ( -1.338300807568892900, -0.7726683315066076300, -9.816666666666664700 ) ) ;
#1498 = CARTESIAN_POINT ( 'NONE',  ( -0.8922005383792617200, 1.545336663013173300, -6.491666666666664500 ) ) ;
#1497 = CARTESIAN_POINT ( 'NONE',  ( 1.338300807568893600, 0.7726683315065784300, -6.666666666666665200 ) ) ;
#1499 = CARTESIAN_POINT ( 'NONE',  ( -2.449293598294726100E-016, -2.000000000000031500, 1.237500000000004900 ) ) ;
#1500 = ORIENTED_EDGE ( 'NONE', *, *, #2618, .F. ) ;
#1501 = ORIENTED_EDGE ( 'NONE', *, *, #1926, .F. ) ;
#1502 = VERTEX_POINT ( 'NONE', #6088 ) ;
#1503 = VECTOR ( 'NONE', #1394, 1000.000000000000000 ) ;
#1504 = CARTESIAN_POINT ( 'NONE',  ( 1.249999999999999800, -0.7216878364870350500, 10.00000000000000000 ) ) ;
#1505 = CARTESIAN_POINT ( 'NONE',  ( -1.176575538379260700, 2.037888611415571200, -6.776041666666661600 ) ) ;
#1506 = EDGE_CURVE ( 'NONE', #5825, #984, #1142, .T. ) ;
#1507 = CARTESIAN_POINT ( 'NONE',  ( 1.784401076758523700, -1.602625120034556700E-014, 3.162500000000001900 ) ) ;
#1508 = CARTESIAN_POINT ( 'NONE',  ( -0.8922005383792623900, -1.545336663013203000, 2.929166666666668500 ) ) ;
#1509 = ADVANCED_FACE ( 'NONE', ( #1793 ), #2967, .T. ) ;
#1510 = DIRECTION ( 'NONE',  ( 1.000000000000000000, 0.0000000000000000000, 0.0000000000000000000 ) ) ;
#1511 = CARTESIAN_POINT ( 'NONE',  ( -2.353151076758521800, -1.494625941738372100E-014, -1.803125000000000800 ) ) ;
#1512 = CARTESIAN_POINT ( 'NONE',  ( 1.338300807568892500, -0.7726683315066106300, 5.816666666666668200 ) ) ;
#1513 = CARTESIAN_POINT ( 'NONE',  ( 0.0000000000000000000, -2.021310670506432500E-015, 11.10000000000000000 ) ) ;
#1514 = DIRECTION ( 'NONE',  ( -0.0000000000000000000, -1.224646799147353200E-016, 1.000000000000000000 ) ) ;
#1515 = CARTESIAN_POINT ( 'NONE',  ( 0.8922005383792627200, 1.545336663013173100, -7.920833333333331600 ) ) ;
#1516 = CARTESIAN_POINT ( 'NONE',  ( 1.784401076758523700, -1.567263443709177300E-014, 0.2750000000000009700 ) ) ;
#1517 = ORIENTED_EDGE ( 'NONE', *, *, #1022, .T. ) ;
#1518 = CARTESIAN_POINT ( 'NONE',  ( 1.338300807568892500, -0.7726683315066088500, -8.183333333333330000 ) ) ;
#1520 = CARTESIAN_POINT ( 'NONE',  ( 1.338300807568892500, -0.7726683315066090700, -6.083333333333332100 ) ) ;
#1519 = CARTESIAN_POINT ( 'NONE',  ( -0.8922005383792617200, 1.545336663013173500, -7.191666666666666400 ) ) ;
#1521 = VERTEX_POINT ( 'NONE', #1012 ) ;
#1522 = CARTESIAN_POINT ( 'NONE',  ( 1.732050807568892100, 0.9999999999999913400, -0.01666666666666715600 ) ) ;
#1523 = ORIENTED_EDGE ( 'NONE', *, *, #2739, .T. ) ;
#1524 = CARTESIAN_POINT ( 'NONE',  ( -1.338300807568892900, -0.7726683315066096300, 6.370833333333336200 ) ) ;
#1525 = CARTESIAN_POINT ( 'NONE',  ( 2.353151076758521800, -1.497075874033044200E-014, -6.309374999999994000 ) ) ;
#1526 = CARTESIAN_POINT ( 'NONE',  ( -1.338300807568892900, -0.7726683315066096300, 6.370833333333336200 ) ) ;
#1527 = CARTESIAN_POINT ( 'NONE',  ( 1.338300807568892500, -0.7726683315066104100, 4.504166666666670000 ) ) ;
#1528 = CARTESIAN_POINT ( 'NONE',  ( 0.0000000000000000000, 2.000000000000001800, -8.212499999999993200 ) ) ;
#1529 = CARTESIAN_POINT ( 'NONE',  ( 1.764863307568892200, 1.018944305707776300, -1.394791666666667500 ) ) ;
#1530 = CARTESIAN_POINT ( 'NONE',  ( 0.0000000000000000000, 1.545336663013171500, 8.849999999999999600 ) ) ;
#1531 = CIRCLE ( 'NONE', #5234, 1.562500000000004400 ) ;
#1532 = CARTESIAN_POINT ( 'NONE',  ( 0.0000000000000000000, -2.021310670506432500E-015, 11.10000000000000000 ) ) ;
#1533 = CARTESIAN_POINT ( 'NONE',  ( -1.784401076758523700, -1.417473193392089100E-014, -8.387499999999997500 ) ) ;
#1534 = CARTESIAN_POINT ( 'NONE',  ( 0.8922005383792613900, -1.545336663013203500, 0.1583333333333349900 ) ) ;
#1535 = CARTESIAN_POINT ( 'NONE',  ( -0.08296024827320888600, 1.387595286780201500, 10.00000000000000900 ) ) ;
#1536 = ORIENTED_EDGE ( 'NONE', *, *, #6326, .T. ) ;
#1537 = CARTESIAN_POINT ( 'NONE',  ( 0.8922005383792627200, 1.545336663013172900, -6.608333333333331600 ) ) ;
#1538 = EDGE_CURVE ( 'NONE', #805, #5797, #5899, .T. ) ;
#1540 = CARTESIAN_POINT ( 'NONE',  ( -0.8922005383792617200, 1.545336663013173500, -7.191666666666664700 ) ) ;
#1539 = CARTESIAN_POINT ( 'NONE',  ( -1.338300807568892700, 0.7726683315065794300, -5.033333333333331400 ) ) ;
#1541 = CARTESIAN_POINT ( 'NONE',  ( -2.449293598294726600E-016, -2.000000000000031500, 1.849999999999998800 ) ) ;
#1542 = CARTESIAN_POINT ( 'NONE',  ( -2.495693764988940900E-016, -2.037888611415600500, -2.284374999999994900 ) ) ;
#1543 = CARTESIAN_POINT ( 'NONE',  ( -1.093749999999999800, -0.8118988160479141400, 10.00000000000000000 ) ) ;
#1544 = CARTESIAN_POINT ( 'NONE',  ( -0.8922005383792617200, 1.545336663013172000, 4.795833333333335200 ) ) ;
#1545 = CARTESIAN_POINT ( 'NONE',  ( -1.338300807568892900, -0.7726683315066098500, 7.770833333333334800 ) ) ;
#1546 = CARTESIAN_POINT ( 'NONE',  ( -1.732050807568891000, 0.9999999999999940000, -8.095833333333326100 ) ) ;
#1547 = ORIENTED_EDGE ( 'NONE', *, *, #4737, .T. ) ;
#1548 = CARTESIAN_POINT ( 'NONE',  ( 2.353151076758521800, -1.522257673840511300E-014, -4.253125000000000700 ) ) ;
#1549 = CARTESIAN_POINT ( 'NONE',  ( 0.0000000000000000000, 2.000000000000000400, 1.587500000000004600 ) ) ;
#1550 = CARTESIAN_POINT ( 'NONE',  ( 1.784401076758523700, -1.438675529798705100E-014, -10.22499999999999600 ) ) ;
#1551 = CARTESIAN_POINT ( 'NONE',  ( -1.892491597964152600E-016, -1.545336663013201700, -11.09999999999999800 ) ) ;
#1552 = CARTESIAN_POINT ( 'NONE',  ( -1.892491597964152600E-016, -1.545336663013202200, -7.512499999999997500 ) ) ;
#1553 = VECTOR ( 'NONE', #2369, 1000.000000000000100 ) ;
#1554 = CARTESIAN_POINT ( 'NONE',  ( 0.0000000000000000000, 1.545336663013172900, -2.349999999999997900 ) ) ;
#1555 = CARTESIAN_POINT ( 'NONE',  ( -1.892491597964152600E-016, -1.545336663013201900, -9.612499999999997200 ) ) ;
#1556 = PRODUCT ( '92137A315_Alloy Steel Flanged Button Head Screws', '92137A315_Alloy Steel Flanged Button Head Screws', '', ( #5305 ) ) ;
#1557 = CARTESIAN_POINT ( 'NONE',  ( 0.8922005383792613900, -1.545336663013202600, -8.241666666666663600 ) ) ;
#1558 = CARTESIAN_POINT ( 'NONE',  ( 0.0000000000000000000, -9.674709713264090100E-016, 7.900000000000000400 ) ) ;
#1560 = CARTESIAN_POINT ( 'NONE',  ( 0.0000000000000000000, 1.545336663013173100, -4.449999999999998400 ) ) ;
#1559 = CARTESIAN_POINT ( 'NONE',  ( -0.8922005383792617200, 1.545336663013172900, -2.291666666666665600 ) ) ;
#1561 = CARTESIAN_POINT ( 'NONE',  ( 1.732050807568890500, -1.000000000000024000, -3.545833333333329400 ) ) ;
#1562 = CALENDAR_DATE ( 2025, 18, 8 ) ;
#1563 = DIRECTION ( 'NONE',  ( -0.0000000000000000000, -1.224646799147353200E-016, 1.000000000000000000 ) ) ;
#1564 = CARTESIAN_POINT ( 'NONE',  ( 1.764863307568890900, -1.018944305707808700, -2.867708333333328000 ) ) ;
#1565 = PLANE ( 'NONE',  #3226 ) ;
#1566 = CARTESIAN_POINT ( 'NONE',  ( -1.784401076758523700, -1.580351217678687000E-014, 4.912500000000004100 ) ) ;
#1567 = CARTESIAN_POINT ( 'NONE',  ( 0.0000000000000000000, 2.000000000000001800, -4.800000000000001600 ) ) ;
#1568 = CARTESIAN_POINT ( 'NONE',  ( -1.154700538379260800, 2.000000000000002200, -8.154166666666659700 ) ) ;
#1569 = VERTEX_POINT ( 'NONE', #4000 ) ;
#1570 = CARTESIAN_POINT ( 'NONE',  ( -2.495693764988940900E-016, -2.037888611415600500, -0.2281250000000009100 ) ) ;
#1571 = CARTESIAN_POINT ( 'NONE',  ( -4.621694220588223200E-016, -1.443375672974067700, 11.08556624327025700 ) ) ;
#1572 = CARTESIAN_POINT ( 'NONE',  ( 0.09533598569768993200, -0.08128569018792253200, 9.450000000000001100 ) ) ;
#1573 = ORIENTED_EDGE ( 'NONE', *, *, #1714, .T. ) ;
#1574 = CARTESIAN_POINT ( 'NONE',  ( 0.0000000000000000000, 2.000000000000000000, 6.487500000000006000 ) ) ;
#1575 = CARTESIAN_POINT ( 'NONE',  ( 1.338300807568893600, 0.7726683315065779900, -3.166666666666664700 ) ) ;
#1576 = LINE ( 'NONE', #4291, #4193 ) ;
#1577 = CARTESIAN_POINT ( 'NONE',  ( 1.338300807568893600, 0.7726683315065777700, -1.766666666666664600 ) ) ;
#1578 = EDGE_CURVE ( 'NONE', #4564, #1664, #1866, .T. ) ;
#1579 = CARTESIAN_POINT ( 'NONE',  ( 1.338300807568893600, 0.7726683315065787600, -10.07916666666666400 ) ) ;
#1580 = CARTESIAN_POINT ( 'NONE',  ( 2.353151076758521800, -1.667990642939046400E-014, 7.646874999999997000 ) ) ;
#1581 = ORIENTED_EDGE ( 'NONE', *, *, #1771, .T. ) ;
#1582 = CARTESIAN_POINT ( 'NONE',  ( 1.338300807568892500, -0.7726683315066087400, -8.883333333333331100 ) ) ;
#1583 = DIRECTION ( 'NONE',  ( 0.0000000000000000000, 1.000000000000000000, 0.0000000000000000000 ) ) ;
#1585 = CARTESIAN_POINT ( 'NONE',  ( 0.8922005383792613900, -1.545336663013203000, -4.041666666666664300 ) ) ;
#1584 = CARTESIAN_POINT ( 'NONE',  ( 1.338300807568892500, -0.7726683315066091900, -5.383333333333332000 ) ) ;
#1586 = CIRCLE ( 'NONE', #4412, 3.928819445599979900 ) ;
#1587 = CARTESIAN_POINT ( 'NONE',  ( -2.449293598294726100E-016, -2.000000000000031100, -1.562499999999995600 ) ) ;
#1588 = CARTESIAN_POINT ( 'NONE',  ( 1.764863307568892200, 1.018944305707776300, -2.751041666666662200 ) ) ;
#1589 = CARTESIAN_POINT ( 'NONE',  ( -2.449293598294726600E-016, -2.000000000000031500, 1.849999999999998800 ) ) ;
#1590 = EDGE_CURVE ( 'NONE', #3747, #5797, #3519, .T. ) ;
#1591 = CARTESIAN_POINT ( 'NONE',  ( 0.0000000000000000000, 1.545336663013171500, 7.537500000000002300 ) ) ;
#1592 = CARTESIAN_POINT ( 'NONE',  ( 0.0000000000000000000, 1.545336663013171500, 7.537500000000002300 ) ) ;
#1593 = CARTESIAN_POINT ( 'NONE',  ( -1.892491597964152600E-016, -1.545336663013201900, -10.31249999999999600 ) ) ;
#1594 = CARTESIAN_POINT ( 'NONE',  ( 2.353151076758521800, -1.599410422186794600E-014, 2.046874999999998700 ) ) ;
#1595 = CARTESIAN_POINT ( 'NONE',  ( 1.338300807568892500, -0.7726683315066109600, 8.616666666666668900 ) ) ;
#1596 = CARTESIAN_POINT ( 'NONE',  ( 0.03941055279415608300, 0.1195484787224528700, 9.450000000000009900 ) ) ;
#1597 = CARTESIAN_POINT ( 'NONE',  ( 1.249999999999999300, -0.5412658773652776500, 10.00000000000000000 ) ) ;
#1598 = CARTESIAN_POINT ( 'NONE',  ( 0.0000000000000000000, 2.000000000000001300, -4.012499999999994000 ) ) ;
#1599 = CARTESIAN_POINT ( 'NONE',  ( -1.784401076758523700, -1.519271958571212500E-014, -0.07499999999999867900 ) ) ;
#1600 = CARTESIAN_POINT ( 'NONE',  ( -1.154700538379254600, -2.000000000000041700, -8.708333333333333900 ) ) ;
#1601 = CARTESIAN_POINT ( 'NONE',  ( -1.338300807568892700, 0.7726683315065801000, -10.54583333333333100 ) ) ;
#1602 = ORIENTED_EDGE ( 'NONE', *, *, #2446, .T. ) ;
#1603 = CARTESIAN_POINT ( 'NONE',  ( -1.764863307568891300, 1.018944305707777200, 5.138541666666665900 ) ) ;
#1604 =( BOUNDED_CURVE ( )  B_SPLINE_CURVE ( 2, ( #3261, #2755, #284, #5387, #1780, #3815, #2808 ),
 .UNSPECIFIED., .F., .T. ) 
 B_SPLINE_CURVE_WITH_KNOTS ( ( 3, 2, 2, 3 ),
 ( 0.2666666666666667200, 0.2722222222222222500, 0.2777777777777778500, 0.2833333333333333800 ),
 .UNSPECIFIED. ) 
 CURVE ( )  GEOMETRIC_REPRESENTATION_ITEM ( )  RATIONAL_B_SPLINE_CURVE ( ( 0.9999999999999986700, 0.8660254037844401500, 1.000000000000000000, 0.8660254037844388200, 1.000000000000000000, 0.8660254037844374900, 1.000000000000001300 ) ) 
 REPRESENTATION_ITEM ( '' )  );
#1605 =( BOUNDED_CURVE ( )  B_SPLINE_CURVE ( 2, ( #2163, #6102, #3056, #6204, #6126, #5619, #133 ),
 .UNSPECIFIED., .F., .T. ) 
 B_SPLINE_CURVE_WITH_KNOTS ( ( 3, 2, 2, 3 ),
 ( 0.5833333333333334800, 0.5888888888888890200, 0.5944444444444445500, 0.6000000000000000900 ),
 .UNSPECIFIED. ) 
 CURVE ( )  GEOMETRIC_REPRESENTATION_ITEM ( )  RATIONAL_B_SPLINE_CURVE ( ( 0.9999999999999973400, 0.8660254037844414800, 1.000000000000000000, 0.8660254037844388200, 1.000000000000000000, 0.8660254037844361500, 1.000000000000002700 ) ) 
 REPRESENTATION_ITEM ( '' )  );
#1606 = B_SPLINE_CURVE_WITH_KNOTS ( 'NONE', 3,
 ( #530, #3090, #4626, #96, #550, #1101, #5097, #5680, #2072, #1029 ),
 .UNSPECIFIED., .F., .F.,
 ( 4, 2, 2, 2, 4 ),
 ( 2.529914622808818300E-016, 0.0003731532341878556700, 0.0007463064683754582800, 0.001119459702563061100, 0.001492612936750663300 ),
 .UNSPECIFIED. ) ;
#1607 = CARTESIAN_POINT ( 'NONE',  ( -0.8922005383792617200, 1.545336663013172900, -2.991666666666664900 ) ) ;
#1609 = DIRECTION ( 'NONE',  ( -0.8660254037844383700, 0.5000000000000003300, 0.0000000000000000000 ) ) ;
#1608 = CARTESIAN_POINT ( 'NONE',  ( 0.0000000000000000000, 1.545336663013173100, -5.149999999999998600 ) ) ;
#1610 = CARTESIAN_POINT ( 'NONE',  ( -2.353151076758521800, -1.546596890277187700E-014, 2.440625000000005200 ) ) ;
#1611 = CIRCLE ( 'NONE', #4777, 2.226776695296637700 ) ;
#1612 = CARTESIAN_POINT ( 'NONE',  ( -2.449293598294726100E-016, -2.000000000000031500, 2.637500000000005100 ) ) ;
#1613 = CARTESIAN_POINT ( 'NONE',  ( -1.176575538379261500, -2.037888611415600100, -4.442708333333327700 ) ) ;
#1614 = DIRECTION ( 'NONE',  ( -0.8660254037844384900, 0.5000000000000003300, 0.0000000000000000000 ) ) ;
#1615 = CARTESIAN_POINT ( 'NONE',  ( -1.338300807568892900, -0.7726683315066098500, 7.770833333333334800 ) ) ;
#1616 = CARTESIAN_POINT ( 'NONE',  ( 1.338300807568892500, -0.7726683315066108500, 8.004166666666670000 ) ) ;
#1617 = EDGE_LOOP ( 'NONE', ( #3019, #4948, #1625, #2508, #5950, #1319, #3664 ) ) ;
#1618 = CARTESIAN_POINT ( 'NONE',  ( 0.0000000000000000000, 1.545336663013173700, -9.962499999999996800 ) ) ;
#1619 = EDGE_CURVE ( 'NONE', #190, #984, #1044, .T. ) ;
#1620 = CARTESIAN_POINT ( 'NONE',  ( 1.176575538379261800, 2.037888611415569400, 0.06354166666666487300 ) ) ;
#1621 = CARTESIAN_POINT ( 'NONE',  ( -1.154700538379260800, 2.000000000000000400, 1.645833333333338400 ) ) ;
#1622 = CARTESIAN_POINT ( 'NONE',  ( 1.160212644386604800, 0.7656433258989637800, 10.00000000000000900 ) ) ;
#1623 = CARTESIAN_POINT ( 'NONE',  ( 1.732050807568892100, 0.9999999999999904500, 7.683333333333330900 ) ) ;
#1624 = CARTESIAN_POINT ( 'NONE',  ( -1.784401076758523700, -1.477480886550309200E-014, -3.487499999999997600 ) ) ;
#1625 = ORIENTED_EDGE ( 'NONE', *, *, #1619, .T. ) ;
#1626 = CARTESIAN_POINT ( 'NONE',  ( 1.732050807568890700, -1.000000000000024600, 2.666666666666665600 ) ) ;
#1627 = CARTESIAN_POINT ( 'NONE',  ( 1.338300807568893600, 0.7726683315065772100, 3.133333333333335100 ) ) ;
#1628 = DIRECTION ( 'NONE',  ( -1.000000000000000000, -1.502314598737159000E-016, 0.0000000000000000000 ) ) ;
#1629 = CARTESIAN_POINT ( 'NONE',  ( 0.0000000000000000000, 1.545336663013173700, -9.962499999999996800 ) ) ;
#1630 = CARTESIAN_POINT ( 'NONE',  ( 0.0000000000000000000, 2.037888611415569400, 6.421874999999997300 ) ) ;
#1631 = CARTESIAN_POINT ( 'NONE',  ( 1.338300807568892500, -0.7726683315066093000, -4.683333333333331800 ) ) ;
#1632 = CARTESIAN_POINT ( 'NONE',  ( 2.449293598294708900E-016, 1.999999999999999600, 11.10000000000000000 ) ) ;
#1633 = EDGE_CURVE ( 'NONE', #38, #6512, #3200, .T. ) ;
#1634 = CARTESIAN_POINT ( 'NONE',  ( 1.784401076758523700, -1.524400805739019300E-014, -3.224999999999998800 ) ) ;
#1635 = CARTESIAN_POINT ( 'NONE',  ( 1.352728734770561000, -1.218956407948184700, 7.737093494913709800 ) ) ;
#1636 = CARTESIAN_POINT ( 'NONE',  ( 1.176575538379261800, 2.037888611415569000, 1.507291666666672500 ) ) ;
#1637 = ADVANCED_FACE ( 'NONE', ( #5438 ), #6408, .T. ) ;
#1638 = VERTEX_POINT ( 'NONE', #5018 ) ;
#1639 = EDGE_CURVE ( 'NONE', #3795, #166, #2901, .T. ) ;
#1640 = DIRECTION ( 'NONE',  ( -1.060575238724908100E-016, -0.8660254037844398200, 0.4999999999999978400 ) ) ;
#1641 = EDGE_LOOP ( 'NONE', ( #5088, #448, #4675, #6362 ) ) ;
#1642 = DIRECTION ( 'NONE',  ( 0.0000000000000000000, 0.0000000000000000000, 1.000000000000000000 ) ) ;
#1643 = CARTESIAN_POINT ( 'NONE',  ( -1.764863307568891300, 1.018944305707778300, -5.317708333333327700 ) ) ;
#1644 = CARTESIAN_POINT ( 'NONE',  ( 0.0000000000000000000, 1.545336663013171500, 8.937500000000001800 ) ) ;
#1645 = CARTESIAN_POINT ( 'NONE',  ( 0.3527217521787931500, -1.545336663013204600, 9.310561447128399900 ) ) ;
#1646 = FACE_OUTER_BOUND ( 'NONE', #5000, .T. ) ;
#1647 = CARTESIAN_POINT ( 'NONE',  ( 0.0000000000000000000, 2.037888611415569900, 2.221874999999998000 ) ) ;
#1648 = AXIS2_PLACEMENT_3D ( 'NONE', #1211, #5827, #3270 ) ;
#1649 = CARTESIAN_POINT ( 'NONE',  ( 0.1232372959545085400, -0.02564369946430407700, 9.450000000000008200 ) ) ;
#1650 = CARTESIAN_POINT ( 'NONE',  ( 1.784401076758523700, -1.499754788906178900E-014, -5.237499999999997200 ) ) ;
#1651 = DIRECTION ( 'NONE',  ( -0.8660254037844383700, -0.5000000000000003300, 0.0000000000000000000 ) ) ;
#1652 = CARTESIAN_POINT ( 'NONE',  ( -1.338300807568892900, -0.7726683315066089600, 1.383333333333335300 ) ) ;
#1653 = CARTESIAN_POINT ( 'NONE',  ( -1.338300807568892900, -0.7726683315066074100, -11.12916666666666500 ) ) ;
#1654 = CIRCLE ( 'NONE', #4729, 0.7812500000000042200 ) ;
#1655 = CARTESIAN_POINT ( 'NONE',  ( -1.176575538379261500, -2.037888611415601000, 6.713541666666666100 ) ) ;
#1656 = CARTESIAN_POINT ( 'NONE',  ( 0.0000000000000000000, 1.545336663013173100, -5.149999999999998600 ) ) ;
#1657 = CARTESIAN_POINT ( 'NONE',  ( -0.8922005383792617200, 1.545336663013172900, -1.591666666666664800 ) ) ;
#1658 = CARTESIAN_POINT ( 'NONE',  ( 1.884262497222359600, -0.08374871353017919500, 7.774798087518323800 ) ) ;
#1659 = VECTOR ( 'NONE', #4605, 1000.000000000000000 ) ;
#1660 = CARTESIAN_POINT ( 'NONE',  ( 1.176575538379261800, 2.037888611415569000, 3.607291666666672100 ) ) ;
#1661 = VECTOR ( 'NONE', #705, 1000.000000000000000 ) ;
#1662 = CARTESIAN_POINT ( 'NONE',  ( 0.0000000000000000000, -1.734723475976807100E-015, 9.175000000000002500 ) ) ;
#1663 = CARTESIAN_POINT ( 'NONE',  ( -1.732050807568891200, 0.9999999999999924500, 4.416666666666665200 ) ) ;
#1664 = VERTEX_POINT ( 'NONE', #3022 ) ;
#1665 = CARTESIAN_POINT ( 'NONE',  ( 1.764863307568890900, -1.018944305707808900, -1.467708333333327800 ) ) ;
#1666 = CARTESIAN_POINT ( 'NONE',  ( 1.732050807568890500, -1.000000000000025100, 7.654166666666673000 ) ) ;
#1667 = CARTESIAN_POINT ( 'NONE',  ( -1.892491597964152600E-016, -1.545336663013203700, 7.187500000000002700 ) ) ;
#1668 = CARTESIAN_POINT ( 'NONE',  ( 1.338300807568893600, 0.7726683315065784300, -7.279166666666665000 ) ) ;
#1669 = EDGE_LOOP ( 'NONE', ( #5514, #6597, #1193, #1847 ) ) ;
#1670 =( BOUNDED_CURVE ( )  B_SPLINE_CURVE ( 2, ( #5687, #626, #5228, #3194, #4613, #650, #3611 ),
 .UNSPECIFIED., .F., .T. ) 
 B_SPLINE_CURVE_WITH_KNOTS ( ( 3, 2, 2, 3 ),
 ( 0.6357233093842252800, 0.6412788649397808100, 0.6468344204953363500, 0.6523899760508920000 ),
 .UNSPECIFIED. ) 
 CURVE ( )  GEOMETRIC_REPRESENTATION_ITEM ( )  RATIONAL_B_SPLINE_CURVE ( ( 1.000000000000000000, 0.8660254037844387100, 1.000000000000000000, 0.8660254037844387100, 1.000000000000000000, 0.8660254037844387100, 1.000000000000000000 ) ) 
 REPRESENTATION_ITEM ( '' )  );
#1671 = CARTESIAN_POINT ( 'NONE',  ( 0.0000000000000000000, 2.037888611415569900, 1.521874999999999000 ) ) ;
#1672 = CARTESIAN_POINT ( 'NONE',  ( -1.154700538379254600, -2.000000000000041700, -3.808333333333332700 ) ) ;
#1673 = CARTESIAN_POINT ( 'NONE',  ( 0.8584274553325371700, -0.9477623505580624600, 9.999999999999984000 ) ) ;
#1674 = CARTESIAN_POINT ( 'NONE',  ( 0.8922005383792627200, 1.545336663013172900, -5.120833333333331800 ) ) ;
#1675 = CARTESIAN_POINT ( 'NONE',  ( 0.8922005383792613900, -1.545336663013203900, 3.658333333333334100 ) ) ;
#1676 = DIRECTION ( 'NONE',  ( 0.0000000000000000000, -1.000000000000000000, 0.0000000000000000000 ) ) ;
#1677 = EDGE_CURVE ( 'NONE', #3424, #3568, #5692, .T. ) ;
#1678 = CARTESIAN_POINT ( 'NONE',  ( 0.8922005383792613900, -1.545336663013202800, -6.754166666666664700 ) ) ;
#1679 = CARTESIAN_POINT ( 'NONE',  ( -1.176575538379261500, -2.037888611415601000, 4.613541666666664700 ) ) ;
#1680 =( BOUNDED_CURVE ( )  B_SPLINE_CURVE ( 2, ( #2849, #6410, #1441, #3411, #390, #5986, #5947 ),
 .UNSPECIFIED., .F., .F. ) 
 B_SPLINE_CURVE_WITH_KNOTS ( ( 3, 2, 2, 3 ),
 ( 0.5666666666666666500, 0.5722222222222221900, 0.5777777777777778300, 0.5833333333333334800 ),
 .UNSPECIFIED. ) 
 CURVE ( )  GEOMETRIC_REPRESENTATION_ITEM ( )  RATIONAL_B_SPLINE_CURVE ( ( 1.000000000000000000, 0.8660254037844388200, 1.000000000000000000, 0.8660254037844388200, 1.000000000000000000, 0.8660254037844361500, 1.000000000000002700 ) ) 
 REPRESENTATION_ITEM ( '' )  );
#1681 = CARTESIAN_POINT ( 'NONE',  ( -1.784401076758523700, -1.450691737818961100E-014, -5.674999999999998000 ) ) ;
#1682 = CARTESIAN_POINT ( 'NONE',  ( -1.732050807568891200, -1.000000000000022600, -3.079166666666661300 ) ) ;
#1683 = CARTESIAN_POINT ( 'NONE',  ( 0.0000000000000000000, 1.545336663013172600, -1.649999999999998600 ) ) ;
#1684 = CARTESIAN_POINT ( 'NONE',  ( 0.7992181838333344300, 1.833371292081925400, 7.842264973081035400 ) ) ;
#1685 = CARTESIAN_POINT ( 'NONE',  ( -2.495693764988940900E-016, -2.037888611415601000, 1.215625000000004800 ) ) ;
#1686 = ORIENTED_EDGE ( 'NONE', *, *, #4285, .T. ) ;
#1687 = CARTESIAN_POINT ( 'NONE',  ( -2.449293598294726100E-016, -2.000000000000030200, -6.462499999999994100 ) ) ;
#1688 = VERTEX_POINT ( 'NONE', #4057 ) ;
#1689 = CARTESIAN_POINT ( 'NONE',  ( 1.154700538379261700, 1.999999999999999600, 3.629166666666672200 ) ) ;
#1690 = CARTESIAN_POINT ( 'NONE',  ( -1.764863307568891500, -1.018944305707807600, -1.701041666666661500 ) ) ;
#1691 = DIRECTION ( 'NONE',  ( -1.000000000000000000, 0.0000000000000000000, 0.0000000000000000000 ) ) ;
#1692 = EDGE_CURVE ( 'NONE', #5807, #1043, #5035, .T. ) ;
#1693 = CARTESIAN_POINT ( 'NONE',  ( 0.0000000000000000000, 1.545336663013174000, -11.44999999999999800 ) ) ;
#1694 = CARTESIAN_POINT ( 'NONE',  ( 1.784401076758523700, -1.491182261312147700E-014, -5.937499999999997300 ) ) ;
#1695 = CARTESIAN_POINT ( 'NONE',  ( -1.764863307568891300, 1.018944305707777400, 3.038541666666664900 ) ) ;
#1696 = VERTEX_POINT ( 'NONE', #3062 ) ;
#1697 = DIRECTION ( 'NONE',  ( -0.0000000000000000000, -0.0000000000000000000, 1.000000000000000000 ) ) ;
#1698 = CARTESIAN_POINT ( 'NONE',  ( -0.1232372959545085700, -0.02564369946430407300, 9.449999999999999300 ) ) ;
#1699 = CARTESIAN_POINT ( 'NONE',  ( -0.8922005383792623900, -1.545336663013202200, -4.770833333333331300 ) ) ;
#1700 = CARTESIAN_POINT ( 'NONE',  ( 5.082019665935896400E-016, -4.149783978102257200, 9.450000000000002800 ) ) ;
#1701 = CARTESIAN_POINT ( 'NONE',  ( -1.338300807568892700, 0.7726683315065786500, 1.966666666666668600 ) ) ;
#1702 = CARTESIAN_POINT ( 'NONE',  ( 1.784401076758523700, -1.465464678530052900E-014, -8.037499999999997900 ) ) ;
#1703 = CARTESIAN_POINT ( 'NONE',  ( -0.8922005383792617200, 1.545336663013174000, -10.60416666666666400 ) ) ;
#1704 = CARTESIAN_POINT ( 'NONE',  ( 0.8922005383792613900, -1.545336663013203000, -4.041666666666664300 ) ) ;
#1705 = CARTESIAN_POINT ( 'NONE',  ( 2.449293598294708900E-016, 1.999999999999999600, 11.10000000000000000 ) ) ;
#1707 = DIRECTION ( 'NONE',  ( 1.000000000000000000, 0.0000000000000000000, -0.0000000000000000000 ) ) ;
#1706 = CARTESIAN_POINT ( 'NONE',  ( 0.8922005383792627200, 1.545336663013172200, -1.008333333333331500 ) ) ;
#1708 = CARTESIAN_POINT ( 'NONE',  ( 1.764863307568890900, -1.018944305707809600, 5.532291666666671000 ) ) ;
#1709 = DIRECTION ( 'NONE',  ( -0.0000000000000000000, -1.224646799147353200E-016, 1.000000000000000000 ) ) ;
#1710 = ORIENTED_EDGE ( 'NONE', *, *, #1127, .F. ) ;
#1711 = CARTESIAN_POINT ( 'NONE',  ( -2.449293598294726600E-016, -2.000000000000032400, 6.049999999999997200 ) ) ;
#1712 = CARTESIAN_POINT ( 'NONE',  ( -2.495693764988940900E-016, -2.037888611415600500, -0.8843749999999945800 ) ) ;
#1713 = CARTESIAN_POINT ( 'NONE',  ( -1.784401076758523700, -1.426045720986120300E-014, -7.687499999999998200 ) ) ;
#1714 = EDGE_CURVE ( 'NONE', #2584, #2246, #5988, .T. ) ;
#1715 = CARTESIAN_POINT ( 'NONE',  ( -2.353151076758521800, -1.563206162490623800E-014, 3.796874999999997800 ) ) ;
#1716 = CARTESIAN_POINT ( 'NONE',  ( 1.732050807568892100, 0.9999999999999920100, -6.929166666666661800 ) ) ;
#1717 = CARTESIAN_POINT ( 'NONE',  ( -0.1137289435409353800, 0.05193069013090175600, 9.450000000000001100 ) ) ;
#1718 = CARTESIAN_POINT ( 'NONE',  ( -1.876476906294004800, -0.3344257310645454300, -10.76042981828058300 ) ) ;
#1719 = CARTESIAN_POINT ( 'NONE',  ( -1.784401076758523700, -1.486053414144340800E-014, -2.787499999999998300 ) ) ;
#1720 = CARTESIAN_POINT ( 'NONE',  ( -0.8922005383792617200, 1.545336663013172200, 3.308333333333334900 ) ) ;
#1721 = CARTESIAN_POINT ( 'NONE',  ( 0.8922005383792613900, -1.545336663013203000, -4.654166666666665000 ) ) ;
#1722 = CARTESIAN_POINT ( 'NONE',  ( 0.0000000000000000000, 1.545336663013173700, -9.962499999999996800 ) ) ;
#1723 = ORIENTED_EDGE ( 'NONE', *, *, #2988, .T. ) ;
#1724 = CARTESIAN_POINT ( 'NONE',  ( 1.784401076758523700, -1.558690916115145400E-014, -0.4249999999999983200 ) ) ;
#1725 = DIRECTION ( 'NONE',  ( -0.0000000000000000000, -1.224646799147353200E-016, 1.000000000000000000 ) ) ;
#1727 = CARTESIAN_POINT ( 'NONE',  ( 0.0000000000000000000, 2.000000000000001300, -5.412499999999994300 ) ) ;
#1726 = CARTESIAN_POINT ( 'NONE',  ( -0.8922005383792623900, -1.545336663013202600, -0.6583333333333319900 ) ) ;
#1728 = FACE_OUTER_BOUND ( 'NONE', #2746, .T. ) ;
#1729 = DIRECTION ( 'NONE',  ( -0.0000000000000000000, -1.224646799147353200E-016, 1.000000000000000000 ) ) ;
#1730 = CARTESIAN_POINT ( 'NONE',  ( -2.495693764988940900E-016, -2.037888611415601400, 6.815625000000006000 ) ) ;
#1731 = ADVANCED_FACE ( 'NONE', ( #4401 ), #5363, .T. ) ;
#1732 = EDGE_CURVE ( 'NONE', #808, #2936, #4717, .T. ) ;
#1733 = CARTESIAN_POINT ( 'NONE',  ( 1.154700538379255200, 2.000000000000011500, -4.158333333333334100 ) ) ;
#1734 = FACE_OUTER_BOUND ( 'NONE', #1344, .T. ) ;
#1735 = CARTESIAN_POINT ( 'NONE',  ( -2.449293598294726600E-016, -2.000000000000029800, -10.05000000000000200 ) ) ;
#1736 = DIRECTION ( 'NONE',  ( 1.000000000000000000, -0.0000000000000000000, 0.0000000000000000000 ) ) ;
#1737 = CARTESIAN_POINT ( 'NONE',  ( 0.8922005383792627200, 1.545336663013173300, -9.320833333333329300 ) ) ;
#1738 = CARTESIAN_POINT ( 'NONE',  ( -2.449293598294726100E-016, -2.000000000000030200, -7.162499999999994300 ) ) ;
#1739 = CARTESIAN_POINT ( 'NONE',  ( -0.1045945648821133000, 0.06857044121700660300, 9.450000000000011700 ) ) ;
#1740 = CARTESIAN_POINT ( 'NONE',  ( -1.496193766100008000, -1.236624814944586200, -10.72533749624658800 ) ) ;
#1741 = CARTESIAN_POINT ( 'NONE',  ( -0.8922005383792623900, -1.545336663013202600, 0.1291666666666697900 ) ) ;
#1742 = CARTESIAN_POINT ( 'NONE',  ( 1.338300807568892500, -0.7726683315066107400, 7.216666666666666800 ) ) ;
#1743 = CARTESIAN_POINT ( 'NONE',  ( -2.449293598294726600E-016, -2.000000000000032400, 6.750000000000000900 ) ) ;
#1744 = CARTESIAN_POINT ( 'NONE',  ( 0.8922005383792627200, 1.545336663013173100, -7.220833333333330600 ) ) ;
#1745 = CARTESIAN_POINT ( 'NONE',  ( 1.338300807568892500, -0.7726683315066085200, -10.19583333333333100 ) ) ;
#1746 = VERTEX_POINT ( 'NONE', #1541 ) ;
#1747 = ORIENTED_EDGE ( 'NONE', *, *, #5582, .T. ) ;
#1748 = VECTOR ( 'NONE', #5654, 1000.000000000000000 ) ;
#1749 = B_SPLINE_CURVE_WITH_KNOTS ( 'NONE', 3,
 ( #4909, #785, #3833, #6409, #6477, #4329 ),
 .UNSPECIFIED., .F., .F.,
 ( 4, 2, 4 ),
 ( 2.380763768062781000E-007, 0.0007291065797294589700, 0.001457975083082111500 ),
 .UNSPECIFIED. ) ;
#1750 = ORIENTED_EDGE ( 'NONE', *, *, #5936, .F. ) ;
#1751 = CARTESIAN_POINT ( 'NONE',  ( 0.8922005383792627200, 1.545336663013172400, -2.408333333333331900 ) ) ;
#1753 = CARTESIAN_POINT ( 'NONE',  ( -2.449293598294726100E-016, -2.000000000000032000, 4.737500000000005200 ) ) ;
#1752 = CARTESIAN_POINT ( 'NONE',  ( -1.892491597964152600E-016, -1.545336663013203300, 0.1000000000000011300 ) ) ;
#1754 =( LENGTH_UNIT ( ) NAMED_UNIT ( * ) SI_UNIT ( .MILLI., .METRE. ) );
#1755 = CARTESIAN_POINT ( 'NONE',  ( -2.495693764988940900E-016, -2.037888611415601400, 5.415625000000003900 ) ) ;
#1756 = CARTESIAN_POINT ( 'NONE',  ( 1.732050807568890700, -1.000000000000023800, -3.633333333333334600 ) ) ;
#1757 = VERTEX_POINT ( 'NONE', #6140 ) ;
#1758 = CARTESIAN_POINT ( 'NONE',  ( 2.309401076758521600, -1.659418115345015100E-014, 7.012500000000003700 ) ) ;
#1759 = CARTESIAN_POINT ( 'NONE',  ( 1.784401076758523700, -1.438675529798704700E-014, -10.22499999999999600 ) ) ;
#1760 = CARTESIAN_POINT ( 'NONE',  ( 0.0000000000000000000, 2.000000000000000000, 5.699999999999997500 ) ) ;
#1761 = CARTESIAN_POINT ( 'NONE',  ( 0.0000000000000000000, 2.000000000000000900, 0.1875000000000042200 ) ) ;
#1762 = CARTESIAN_POINT ( 'NONE',  ( -1.732050807568891400, -1.000000000000023100, -0.3666666666666685300 ) ) ;
#1763 = CARTESIAN_POINT ( 'NONE',  ( -1.892491597964152600E-016, -1.545336663013201900, -8.912499999999996100 ) ) ;
#1764 = AXIS2_PLACEMENT_3D ( 'NONE', #826, #3852, #1843 ) ;
#1765 = CARTESIAN_POINT ( 'NONE',  ( 1.732050807568892100, 0.9999999999999911200, 0.6833333333333321300 ) ) ;
#1766 = CARTESIAN_POINT ( 'NONE',  ( -2.710505431213761100E-017, -0.1250665896092446600, 9.450000000000009900 ) ) ;
#1767 = CARTESIAN_POINT ( 'NONE',  ( -1.732050807568891400, -1.000000000000022600, -2.466666666666668100 ) ) ;
#1768 = CARTESIAN_POINT ( 'NONE',  ( 0.8922005383792627200, 1.545336663013172200, -0.2208333333333315500 ) ) ;
#1769 = CARTESIAN_POINT ( 'NONE',  ( 0.0000000000000000000, -2.000000000000004000, 11.10000000000000000 ) ) ;
#1770 = CARTESIAN_POINT ( 'NONE',  ( 1.338300807568893600, 0.7726683315065765400, 8.033333333333333200 ) ) ;
#1771 = EDGE_CURVE ( 'NONE', #6311, #3383, #4670, .T. ) ;
#1772 = CARTESIAN_POINT ( 'NONE',  ( 1.784401076758523700, -1.499754788906178900E-014, -5.237499999999997200 ) ) ;
#1773 = CARTESIAN_POINT ( 'NONE',  ( 1.338300807568892500, -0.7726683315066097400, -1.183333333333331300 ) ) ;
#1775 = CARTESIAN_POINT ( 'NONE',  ( 1.732050807568892100, 0.9999999999999906700, 4.270833333333337500 ) ) ;
#1774 = CARTESIAN_POINT ( 'NONE',  ( 1.338300807568893600, 0.7726683315065772100, 2.433333333333334000 ) ) ;
#1776 = CARTESIAN_POINT ( 'NONE',  ( -0.2677099893981383400, -1.706418561184706500, 7.681783694391889100 ) ) ;
#1777 = VERTEX_POINT ( 'NONE', #4115 ) ;
#1778 = CARTESIAN_POINT ( 'NONE',  ( -2.353151076758521800, -1.572314473059282400E-014, 4.540625000000006600 ) ) ;
#1779 = CARTESIAN_POINT ( 'NONE',  ( -2.309401076758521100, -1.391755610609994300E-014, -10.22500000000000000 ) ) ;
#1780 = CARTESIAN_POINT ( 'NONE',  ( -1.732050807568891400, -1.000000000000022200, -5.266666666666667500 ) ) ;
#1781 = DIRECTION ( 'NONE',  ( -0.0000000000000000000, -1.224646799147353200E-016, 1.000000000000000000 ) ) ;
#1782 = CARTESIAN_POINT ( 'NONE',  ( 0.0000000000000000000, -2.021310670506432500E-015, 11.10000000000000000 ) ) ;
#1783 = CARTESIAN_POINT ( 'NONE',  ( 1.784401076758523700, -1.525472371688273400E-014, -3.137499999999998000 ) ) ;
#1784 = CIRCLE ( 'NONE', #131, 2.100000000000001900 ) ;
#1785 = CARTESIAN_POINT ( 'NONE',  ( -1.732050807568891000, 0.9999999999999931200, -0.3958333333333289800 ) ) ;
#1786 = CARTESIAN_POINT ( 'NONE',  ( 0.08296024827321077400, 1.387595286780201700, 10.00000000000002000 ) ) ;
#1787 = CARTESIAN_POINT ( 'NONE',  ( -1.176575538379261500, -2.037888611415599200, -9.386458333333335300 ) ) ;
#1788 = CARTESIAN_POINT ( 'NONE',  ( -0.8922005383792617200, 1.545336663013172900, -1.504166666666664000 ) ) ;
#1789 = CARTESIAN_POINT ( 'NONE',  ( 0.0000000000000000000, 2.000000000000000900, -0.5124999999999950700 ) ) ;
#1790 = CARTESIAN_POINT ( 'NONE',  ( -1.338300807568892900, -0.7726683315066094100, 4.883333333333332900 ) ) ;
#1791 = VERTEX_POINT ( 'NONE', #6054 ) ;
#1792 = DIRECTION ( 'NONE',  ( 0.0000000000000000000, -1.000000000000000000, 0.0000000000000000000 ) ) ;
#1793 = FACE_OUTER_BOUND ( 'NONE', #3460, .T. ) ;
#1794 = CARTESIAN_POINT ( 'NONE',  ( 1.784401076758523700, -1.525472371688273400E-014, -3.137499999999998000 ) ) ;
#1795 = CARTESIAN_POINT ( 'NONE',  ( 1.338300807568893600, 0.7726683315065776500, -1.066666666666665300 ) ) ;
#1797 = CARTESIAN_POINT ( 'NONE',  ( 1.732050807568890500, -1.000000000000024600, 4.154166666666673000 ) ) ;
#1796 = CARTESIAN_POINT ( 'NONE',  ( -1.338300807568892700, 0.7726683315065784300, 3.366666666666668900 ) ) ;
#1798 = VERTEX_POINT ( 'NONE', #4092 ) ;
#1799 = PERSON_AND_ORGANIZATION_ROLE ( 'design_supplier' ) ;
#1800 = AXIS2_PLACEMENT_3D ( 'NONE', #2093, #5164, #3086 ) ;
#1801 = CARTESIAN_POINT ( 'NONE',  ( -1.764863307568891300, 1.018944305707776900, 5.182291666666671400 ) ) ;
#1802 = CARTESIAN_POINT ( 'NONE',  ( 2.309401076758521100, -1.529758635485288500E-014, -3.575000000000001100 ) ) ;
#1803 = CARTESIAN_POINT ( 'NONE',  ( -0.8922005383792623900, -1.545336663013201500, -9.758333333333332900 ) ) ;
#1804 = CARTESIAN_POINT ( 'NONE',  ( -1.784401076758523700, -1.382111517066709200E-014, -11.27499999999999900 ) ) ;
#1805 = CARTESIAN_POINT ( 'NONE',  ( -2.449293598294726600E-016, -2.000000000000032400, 5.349999999999997900 ) ) ;
#1806 = ORIENTED_EDGE ( 'NONE', *, *, #449, .T. ) ;
#1807 = CARTESIAN_POINT ( 'NONE',  ( -1.338300807568892700, 0.7726683315065791000, -2.845833333333330600 ) ) ;
#1808 = EDGE_CURVE ( 'NONE', #5872, #1798, #1945, .T. ) ;
#1809 = DIRECTION ( 'NONE',  ( 0.0000000000000000000, 1.000000000000000000, 1.224646799147353200E-016 ) ) ;
#1810 = CARTESIAN_POINT ( 'NONE',  ( 0.0000000000000000000, 2.000000000000001800, -7.512499999999994800 ) ) ;
#1811 = CARTESIAN_POINT ( 'NONE',  ( -1.764863307568891500, -1.018944305707806500, -8.744791666666667900 ) ) ;
#1812 = CARTESIAN_POINT ( 'NONE',  ( 1.338300807568892500, -0.7726683315066097400, -0.3958333333333313700 ) ) ;
#1813 = CARTESIAN_POINT ( 'NONE',  ( -0.8922005383792623900, -1.545336663013203300, 7.041666666666667900 ) ) ;
#1814 = CARTESIAN_POINT ( 'NONE',  ( -0.8922005383792617200, 1.545336663013173100, -4.304166666666664500 ) ) ;
#1815 = LINE ( 'NONE', #3498, #4424 ) ;
#1816 = CARTESIAN_POINT ( 'NONE',  ( 0.0000000000000000000, 1.545336663013172600, -1.649999999999998600 ) ) ;
#1818 = CARTESIAN_POINT ( 'NONE',  ( -0.8922005383792623900, -1.545336663013202200, -3.458333333333332100 ) ) ;
#1817 = CARTESIAN_POINT ( 'NONE',  ( 1.338300807568893600, 0.7726683315065771000, 3.833333333333334400 ) ) ;
#1819 = LINE ( 'NONE', #3136, #2771 ) ;
#1820 = DIRECTION ( 'NONE',  ( 0.0000000000000000000, 0.0000000000000000000, 1.000000000000000000 ) ) ;
#1821 =( BOUNDED_CURVE ( )  B_SPLINE_CURVE ( 2, ( #3985, #6015, #3484, #3444, #6588, #3798, #6366 ),
 .UNSPECIFIED., .F., .F. ) 
 B_SPLINE_CURVE_WITH_KNOTS ( ( 3, 2, 2, 3 ),
 ( 0.3857233093842252800, 0.3912788649397808100, 0.3968344204953363500, 0.4023899760508918800 ),
 .UNSPECIFIED. ) 
 CURVE ( )  GEOMETRIC_REPRESENTATION_ITEM ( )  RATIONAL_B_SPLINE_CURVE ( ( 1.000000000000000000, 0.8660254037844387100, 1.000000000000000000, 0.8660254037844387100, 1.000000000000000000, 0.8660254037844387100, 1.000000000000000000 ) ) 
 REPRESENTATION_ITEM ( '' )  );
#1822 = EDGE_CURVE ( 'NONE', #2104, #384, #5009, .T. ) ;
#1823 = CARTESIAN_POINT ( 'NONE',  ( 0.8922005383792613900, -1.545336663013202600, -10.34166666666666500 ) ) ;
#1824 = VERTEX_POINT ( 'NONE', #4637 ) ;
#1825 = VECTOR ( 'NONE', #5439, 1000.000000000000000 ) ;
#1826 = CARTESIAN_POINT ( 'NONE',  ( -1.154700538379251200, -2.000000000000047500, -7.308333333333331800 ) ) ;
#1827 = CARTESIAN_POINT ( 'NONE',  ( -0.8922005383792623900, -1.545336663013201700, -5.470833333333332300 ) ) ;
#1828 = LINE ( 'NONE', #552, #6098 ) ;
#1829 = AXIS2_PLACEMENT_3D ( 'NONE', #635, #3619, #4177 ) ;
#1830 = CARTESIAN_POINT ( 'NONE',  ( -2.449293598294726600E-016, -2.000000000000030600, -5.150000000000002100 ) ) ;
#1831 = CARTESIAN_POINT ( 'NONE',  ( 1.154700538379273400, -2.000000000000008400, -1.591666666666665500 ) ) ;
#1832 = ORIENTED_EDGE ( 'NONE', *, *, #4514, .F. ) ;
#1833 = CARTESIAN_POINT ( 'NONE',  ( 1.764863307568892200, 1.018944305707777200, -9.094791666666667500 ) ) ;
#1834 = CARTESIAN_POINT ( 'NONE',  ( 0.8922005383792627200, 1.545336663013172200, -0.9208333333333308400 ) ) ;
#1835 = CARTESIAN_POINT ( 'NONE',  ( -1.338300807568892700, 0.7726683315065779900, 7.566666666666669100 ) ) ;
#1836 = CARTESIAN_POINT ( 'NONE',  ( 1.338300807568892500, -0.7726683315066097400, -1.095833333333330600 ) ) ;
#1837 = FACE_OUTER_BOUND ( 'NONE', #631, .T. ) ;
#1838 = CARTESIAN_POINT ( 'NONE',  ( -1.338300807568892900, -0.7726683315066089600, 1.383333333333335300 ) ) ;
#1840 = CARTESIAN_POINT ( 'NONE',  ( 0.0000000000000000000, 2.000000000000000000, 5.087500000000003900 ) ) ;
#1839 = CARTESIAN_POINT ( 'NONE',  ( 1.338300807568892500, -0.7726683315066101800, 3.016666666666667500 ) ) ;
#1841 = SECURITY_CLASSIFICATION_LEVEL ( 'unclassified' ) ;
#1842 = CARTESIAN_POINT ( 'NONE',  ( 1.764863307568890900, -1.018944305707809800, 8.332291666666671800 ) ) ;
#1843 = DIRECTION ( 'NONE',  ( 0.0000000000000000000, -1.000000000000000000, 0.0000000000000000000 ) ) ;
#1844 = CARTESIAN_POINT ( 'NONE',  ( -1.732050807568891200, -1.000000000000023500, 3.920833333333337800 ) ) ;
#1845 = DIRECTION ( 'NONE',  ( -0.0000000000000000000, -1.224646799147353200E-016, 1.000000000000000000 ) ) ;
#1846 = CARTESIAN_POINT ( 'NONE',  ( -0.8922005383792617200, 1.545336663013172900, -2.904166666666664100 ) ) ;
#1847 = ORIENTED_EDGE ( 'NONE', *, *, #3052, .T. ) ;
#1848 = ORIENTED_EDGE ( 'NONE', *, *, #26, .F. ) ;
#1849 = DIRECTION ( 'NONE',  ( -0.0000000000000000000, -1.224646799147353200E-016, 1.000000000000000000 ) ) ;
#1850 = CARTESIAN_POINT ( 'NONE',  ( -1.176575538379260700, 2.037888611415571600, -9.619791666666667900 ) ) ;
#1851 = CARTESIAN_POINT ( 'NONE',  ( 1.338300807568892500, -0.7726683315066105200, 5.204166666666669300 ) ) ;
#1852 = CARTESIAN_POINT ( 'NONE',  ( 0.0000000000000000000, -2.021310670506432500E-015, 11.10000000000000000 ) ) ;
#1853 = CARTESIAN_POINT ( 'NONE',  ( -1.764863307568891500, -1.018944305707806500, -10.10104166666666200 ) ) ;
#1854 = ADVANCED_FACE ( 'NONE', ( #5515 ), #122, .T. ) ;
#1855 = CARTESIAN_POINT ( 'NONE',  ( -0.8922005383792623900, -1.545336663013202200, -2.670833333333330700 ) ) ;
#1856 = CARTESIAN_POINT ( 'NONE',  ( 1.338300807568892500, -0.7726683315066098500, 0.3041666666666695800 ) ) ;
#1857 = ORIENTED_EDGE ( 'NONE', *, *, #668, .F. ) ;
#1858 = CARTESIAN_POINT ( 'NONE',  ( -0.8922005383792623900, -1.545336663013201300, -11.07083333333333300 ) ) ;
#1859 = EDGE_CURVE ( 'NONE', #2432, #5372, #2828, .T. ) ;
#1860 = CARTESIAN_POINT ( 'NONE',  ( -0.8922005383792623900, -1.545336663013203000, 3.541666666666668700 ) ) ;
#1861 = VECTOR ( 'NONE', #2781, 1000.000000000000200 ) ;
#1862 = CARTESIAN_POINT ( 'NONE',  ( 1.784401076758523700, -1.627271136867397100E-014, 5.175000000000002500 ) ) ;
#1863 = DIRECTION ( 'NONE',  ( -0.0000000000000000000, -0.0000000000000000000, 1.000000000000000000 ) ) ;
#1864 = CARTESIAN_POINT ( 'NONE',  ( 0.1116810264836944200, -0.05629632967718803400, 9.450000000000011700 ) ) ;
#1865 = CARTESIAN_POINT ( 'NONE',  ( 0.8922005383792627200, 1.545336663013173100, -7.308333333333331800 ) ) ;
#1866 = CIRCLE ( 'NONE', #6339, 1.562500000000004400 ) ;
#1867 = CARTESIAN_POINT ( 'NONE',  ( -0.2001722030556401800, -1.545336663013184600, -11.10000000000001200 ) ) ;
#1868 = CARTESIAN_POINT ( 'NONE',  ( 0.0000000000000000000, -9.604004697349097000E-016, 7.842264973081039000 ) ) ;
#1869 = CARTESIAN_POINT ( 'NONE',  ( 0.8922005383792627200, 1.545336663013172400, -2.320833333333330600 ) ) ;
#1870 = ORIENTED_EDGE ( 'NONE', *, *, #380, .F. ) ;
#1871 = ORIENTED_EDGE ( 'NONE', *, *, #5459, .F. ) ;
#1872 = DIRECTION ( 'NONE',  ( 0.0000000000000000000, -1.000000000000000000, 0.0000000000000000000 ) ) ;
#1873 = CARTESIAN_POINT ( 'NONE',  ( -0.8922005383792623900, -1.545336663013203000, 2.929166666666668500 ) ) ;
#1874 = DIRECTION ( 'NONE',  ( -0.0000000000000000000, -1.224646799147353200E-016, 1.000000000000000000 ) ) ;
#1875 = CARTESIAN_POINT ( 'NONE',  ( 1.764863307568892200, 1.018944305707777200, -10.45104166666666100 ) ) ;
#1876 = CARTESIAN_POINT ( 'NONE',  ( 0.8922005383792613900, -1.545336663013203300, -2.554166666666664900 ) ) ;
#1877 = CARTESIAN_POINT ( 'NONE',  ( 0.0000000000000000000, 1.545336663013172200, 2.637500000000002800 ) ) ;
#1878 = CARTESIAN_POINT ( 'NONE',  ( 1.176575538379261800, 2.037888611415570300, -7.636458333333335300 ) ) ;
#1879 = CARTESIAN_POINT ( 'NONE',  ( 1.338300807568893600, 0.7726683315065772100, 2.433333333333334000 ) ) ;
#1881 = CARTESIAN_POINT ( 'NONE',  ( 0.0000000000000000000, -1.727395438711068400E-015, 8.700000000000004600 ) ) ;
#1880 = CARTESIAN_POINT ( 'NONE',  ( -1.338300807568892700, 0.7726683315065779900, 7.566666666666669100 ) ) ;
#1882 = EDGE_LOOP ( 'NONE', ( #3171, #601, #4259, #1 ) ) ;
#1883 =( BOUNDED_CURVE ( )  B_SPLINE_CURVE ( 2, ( #4752, #3238, #667, #4262, #1666, #2250, #5248 ),
 .UNSPECIFIED., .F., .F. ) 
 B_SPLINE_CURVE_WITH_KNOTS ( ( 3, 2, 2, 3 ),
 ( 0.05458396138012588900, 0.05794553160644744200, 0.06350108716200297800, 0.06905664271755862500 ),
 .UNSPECIFIED. ) 
 CURVE ( )  GEOMETRIC_REPRESENTATION_ITEM ( )  RATIONAL_B_SPLINE_CURVE ( ( 0.9359714937077146000, 0.9189342975300967000, 1.000000000000000000, 0.8660254037844387100, 1.000000000000000000, 0.8660254037844387100, 1.000000000000000000 ) ) 
 REPRESENTATION_ITEM ( '' )  );
#1884 = CARTESIAN_POINT ( 'NONE',  ( -0.03941055279415615900, -0.1195484787224590400, 9.450000000000013500 ) ) ;
#1885 = CARTESIAN_POINT ( 'NONE',  ( 0.0000000000000000000, 2.000000000000000400, 2.199999999999998400 ) ) ;
#1886 = CARTESIAN_POINT ( 'NONE',  ( -1.338300807568892700, 0.7726683315065795400, -6.433333333333331800 ) ) ;
#1887 = ADVANCED_FACE ( 'NONE', ( #1306 ), #839, .T. ) ;
#1888 = LINE ( 'NONE', #2323, #3868 ) ;
#1889 = AXIS2_PLACEMENT_3D ( 'NONE', #1782, #2297, #5840 ) ;
#1890 = ADVANCED_FACE ( 'NONE', ( #764 ), #3509, .T. ) ;
#1891 = CARTESIAN_POINT ( 'NONE',  ( -0.8922005383792617200, 1.545336663013174000, -11.39166666666666600 ) ) ;
#1892 = CARTESIAN_POINT ( 'NONE',  ( 1.732050807568890500, -1.000000000000023100, -10.54583333333332900 ) ) ;
#1893 = CARTESIAN_POINT ( 'NONE',  ( -0.8922005383792623900, -1.545336663013202600, -1.270833333333330400 ) ) ;
#1894 = EDGE_CURVE ( 'NONE', #4765, #1305, #3824, .T. ) ;
#1895 = FACE_OUTER_BOUND ( 'NONE', #2368, .T. ) ;
#1896 = CARTESIAN_POINT ( 'NONE',  ( -1.784401076758523700, -1.554633634896592200E-014, 2.812500000000002700 ) ) ;
#1897 = CARTESIAN_POINT ( 'NONE',  ( -1.176575538379260700, 2.037888611415571200, -9.576041666666661500 ) ) ;
#1898 = CARTESIAN_POINT ( 'NONE',  ( -1.338300807568892900, -0.7726683315066088500, 0.07083333333333594100 ) ) ;
#1899 = CARTESIAN_POINT ( 'NONE',  ( -1.338300807568892900, -0.7726683315066088500, 0.07083333333333594100 ) ) ;
#1900 = CYLINDRICAL_SURFACE ( 'NONE', #2823, 2.100000000000001900 ) ;
#1901 =( BOUNDED_CURVE ( )  B_SPLINE_CURVE ( 2, ( #423, #461, #5105, #2978, #3078, #4072, #4475 ),
 .UNSPECIFIED., .F., .F. ) 
 B_SPLINE_CURVE_WITH_KNOTS ( ( 3, 2, 2, 3 ),
 ( 0.3833333333333334100, 0.3888888888888889500, 0.3944444444444444900, 0.4000000000000000800 ),
 .UNSPECIFIED. ) 
 CURVE ( )  GEOMETRIC_REPRESENTATION_ITEM ( )  RATIONAL_B_SPLINE_CURVE ( ( 0.9999999999999986700, 0.8660254037844401500, 1.000000000000000000, 0.8660254037844388200, 1.000000000000000000, 0.8660254037844374900, 1.000000000000001300 ) ) 
 REPRESENTATION_ITEM ( '' )  );
#1902 = CARTESIAN_POINT ( 'NONE',  ( 1.176575538379260000, -2.037888611415601000, -5.069791666666667100 ) ) ;
#1903 = CARTESIAN_POINT ( 'NONE',  ( 0.0000000000000000000, 1.545336663013172400, 1.150000000000001700 ) ) ;
#1904 = CARTESIAN_POINT ( 'NONE',  ( 1.154700538379261700, 2.000000000000000900, -9.670833333333329000 ) ) ;
#1905 = ORIENTED_EDGE ( 'NONE', *, *, #5267, .F. ) ;
#1906 = ORIENTED_EDGE ( 'NONE', *, *, #4454, .F. ) ;
#1907 = CARTESIAN_POINT ( 'NONE',  ( 0.1258820363011099700, -3.008661028647274800E-015, 9.449999999999990400 ) ) ;
#1908 = ORIENTED_EDGE ( 'NONE', *, *, #828, .F. ) ;
#1909 = VECTOR ( 'NONE', #851, 1000.000000000000000 ) ;
#1910 = AXIS2_PLACEMENT_3D ( 'NONE', #5672, #63, #2112 ) ;
#1911 = CARTESIAN_POINT ( 'NONE',  ( 0.0000000000000000000, 2.000000000000000000, 5.787500000000003200 ) ) ;
#1912 = ORIENTED_EDGE ( 'NONE', *, *, #598, .F. ) ;
#1913 = CARTESIAN_POINT ( 'NONE',  ( -1.338300807568892900, -0.7726683315066075200, -10.51666666666666600 ) ) ;
#1914 = CARTESIAN_POINT ( 'NONE',  ( -0.8922005383792623900, -1.545336663013202200, -1.970833333333331400 ) ) ;
#1915 = CARTESIAN_POINT ( 'NONE',  ( 0.8922005383792627200, 1.545336663013171500, 3.979166666666669200 ) ) ;
#1916 = CARTESIAN_POINT ( 'NONE',  ( -1.764863307568891500, -1.018944305707806500, -9.401041666666662500 ) ) ;
#1917 = ADVANCED_FACE ( 'NONE', ( #3443 ), #6282, .T. ) ;
#1918 = CARTESIAN_POINT ( 'NONE',  ( 1.338300807568892500, -0.7726683315066098500, 0.3041666666666695800 ) ) ;
#1919 = CARTESIAN_POINT ( 'NONE',  ( -0.8922005383792617200, 1.545336663013172400, 0.5958333333333354400 ) ) ;
#1920 = CARTESIAN_POINT ( 'NONE',  ( -1.764863307568891500, -1.018944305707806700, -7.344791666666667500 ) ) ;
#1921 = CARTESIAN_POINT ( 'NONE',  ( 0.8922005383792627200, 1.545336663013171500, 3.891666666666668400 ) ) ;
#1922 = CARTESIAN_POINT ( 'NONE',  ( -1.784401076758523700, -1.596424706917496100E-014, 6.225000000000001400 ) ) ;
#1923 = ORIENTED_EDGE ( 'NONE', *, *, #2754, .T. ) ;
#1924 = CARTESIAN_POINT ( 'NONE',  ( -1.154700538379260800, 2.000000000000000400, 2.345833333333337700 ) ) ;
#1925 = CARTESIAN_POINT ( 'NONE',  ( 1.249999999999998700, -0.2695388083449835600, 10.00000000000000000 ) ) ;
#1926 = EDGE_CURVE ( 'NONE', #4998, #166, #5579, .T. ) ;
#1927 = CARTESIAN_POINT ( 'NONE',  ( -1.784401076758523700, -1.416401627442835000E-014, -8.474999999999997900 ) ) ;
#1928 = ORIENTED_EDGE ( 'NONE', *, *, #5496, .T. ) ;
#1929 = CARTESIAN_POINT ( 'NONE',  ( 2.449293598294708900E-016, 1.999999999999999600, 11.10000000000000000 ) ) ;
#1930 = CARTESIAN_POINT ( 'NONE',  ( 0.0000000000000000000, 1.545336663013171700, 6.837500000000003000 ) ) ;
#1931 = CARTESIAN_POINT ( 'NONE',  ( -0.8922005383792617200, 1.545336663013171500, 8.908333333333333200 ) ) ;
#1932 = CARTESIAN_POINT ( 'NONE',  ( -1.892491597964152600E-016, -1.545336663013203300, 0.8875000000000028400 ) ) ;
#1933 = CARTESIAN_POINT ( 'NONE',  ( 1.338300807568892500, -0.7726683315066100700, 1.704166666666669700 ) ) ;
#1934 = CARTESIAN_POINT ( 'NONE',  ( 1.764863307568892200, 1.018944305707776700, -5.594791666666668400 ) ) ;
#1935 = EDGE_CURVE ( 'NONE', #3807, #4024, #2089, .T. ) ;
#1936 = CARTESIAN_POINT ( 'NONE',  ( 1.338300807568893600, 0.7726683315065766600, 7.333333333333333900 ) ) ;
#1937 = CARTESIAN_POINT ( 'NONE',  ( 1.784401076758523700, -1.652988719649491300E-014, 7.275000000000001200 ) ) ;
#1938 = VERTEX_POINT ( 'NONE', #3153 ) ;
#1939 = CARTESIAN_POINT ( 'NONE',  ( 0.0000000000000000000, 1.562500000000005300, -11.09999999999999800 ) ) ;
#1940 = CARTESIAN_POINT ( 'NONE',  ( 1.014985625370285100, 0.8573734489429261100, 10.00000000000000000 ) ) ;
#1941 = VERTEX_POINT ( 'NONE', #135 ) ;
#1942 = ADVANCED_FACE ( 'NONE', ( #3987 ), #6053, .T. ) ;
#1943 = CARTESIAN_POINT ( 'NONE',  ( -1.338300807568892700, 0.7726683315065801000, -10.63333333333333100 ) ) ;
#1944 = AXIS2_PLACEMENT_3D ( 'NONE', #955, #2449, #2953 ) ;
#1945 =( BOUNDED_CURVE ( )  B_SPLINE_CURVE ( 2, ( #5639, #5149, #2550, #3049, #3564, #3011, #5611 ),
 .UNSPECIFIED., .F., .T. ) 
 B_SPLINE_CURVE_WITH_KNOTS ( ( 3, 2, 2, 3 ),
 ( 0.5333333333333334400, 0.5388888888888889700, 0.5444444444444445100, 0.5500000000000001600 ),
 .UNSPECIFIED. ) 
 CURVE ( )  GEOMETRIC_REPRESENTATION_ITEM ( )  RATIONAL_B_SPLINE_CURVE ( ( 0.9999999999999973400, 0.8660254037844414800, 1.000000000000000000, 0.8660254037844388200, 1.000000000000000000, 0.8660254037844361500, 1.000000000000002700 ) ) 
 REPRESENTATION_ITEM ( '' )  );
#1946 = CARTESIAN_POINT ( 'NONE',  ( -3.164463867944192400E-016, 1.443375672974061900, 11.08556624327025900 ) ) ;
#1947 = VERTEX_POINT ( 'NONE', #1092 ) ;
#1948 = CARTESIAN_POINT ( 'NONE',  ( -1.176575538379261500, -2.037888611415600100, -5.842708333333328100 ) ) ;
#1949 = CARTESIAN_POINT ( 'NONE',  ( 1.338300807568893600, 0.7726683315065775400, -0.2791666666666636800 ) ) ;
#1950 = CARTESIAN_POINT ( 'NONE',  ( 0.8922005383792627200, 1.545336663013171300, 6.079166666666671000 ) ) ;
#1951 = VECTOR ( 'NONE', #5805, 1000.000000000000000 ) ;
#1952 = CARTESIAN_POINT ( 'NONE',  ( -1.176575538379261500, -2.037888611415599600, -5.886458333333334500 ) ) ;
#1953 = CARTESIAN_POINT ( 'NONE',  ( -0.8922005383792617200, 1.545336663013171500, 7.508333333333337300 ) ) ;
#1955 = CARTESIAN_POINT ( 'NONE',  ( -1.892491597964152600E-016, -1.545336663013202800, -3.399999999999998600 ) ) ;
#1954 = DIRECTION ( 'NONE',  ( 0.0000000000000000000, -0.7071067811865499000, 0.7071067811865451300 ) ) ;
#1956 = ORIENTED_EDGE ( 'NONE', *, *, #910, .T. ) ;
#1957 = VECTOR ( 'NONE', #1289, 1000.000000000000100 ) ;
#1958 = CARTESIAN_POINT ( 'NONE',  ( 0.0000000000000000000, -2.021310670506432500E-015, 11.10000000000000000 ) ) ;
#1959 = CARTESIAN_POINT ( 'NONE',  ( -0.03941055279415598600, 0.1195484787224530000, 9.450000000000006400 ) ) ;
#1960 = CARTESIAN_POINT ( 'NONE',  ( -1.338300807568892900, -0.7726683315066077400, -9.116666666666665400 ) ) ;
#1961 = FACE_OUTER_BOUND ( 'NONE', #2699, .T. ) ;
#1962 = EDGE_CURVE ( 'NONE', #3383, #4564, #1531, .T. ) ;
#1963 = ORIENTED_EDGE ( 'NONE', *, *, #2521, .T. ) ;
#1964 = CARTESIAN_POINT ( 'NONE',  ( -1.176575538379261500, -2.037888611415599600, -7.242708333333328400 ) ) ;
#1965 = EDGE_CURVE ( 'NONE', #1777, #3994, #2643, .T. ) ;
#1966 = CARTESIAN_POINT ( 'NONE',  ( 0.0000000000000000000, 1.545336663013172200, 2.637500000000002800 ) ) ;
#1967 = CARTESIAN_POINT ( 'NONE',  ( 0.0000000000000000000, 1.545336663013172000, 4.037500000000003200 ) ) ;
#1968 = FACE_OUTER_BOUND ( 'NONE', #6412, .T. ) ;
#1969 = CARTESIAN_POINT ( 'NONE',  ( -1.732050807568891200, -1.000000000000023100, 1.120833333333338900 ) ) ;
#1970 = CARTESIAN_POINT ( 'NONE',  ( -1.764863307568891500, -1.018944305707807400, -1.744791666666668700 ) ) ;
#1971 = ORIENTED_EDGE ( 'NONE', *, *, #4641, .F. ) ;
#1972 = CARTESIAN_POINT ( 'NONE',  ( -1.784401076758523700, -1.587852179323464200E-014, 5.525000000000002100 ) ) ;
#1973 = CARTESIAN_POINT ( 'NONE',  ( 0.0000000000000000000, -1.721272204715333900E-015, 8.650000000000002100 ) ) ;
#1974 = CARTESIAN_POINT ( 'NONE',  ( -1.338300807568892900, -0.7726683315066077400, -9.029166666666665000 ) ) ;
#1975 = LINE ( 'NONE', #2731, #2871 ) ;
#1976 = CARTESIAN_POINT ( 'NONE',  ( 0.0000000000000000000, 2.000000000000000400, 2.287500000000005400 ) ) ;
#1977 = CARTESIAN_POINT ( 'NONE',  ( -0.2350143746297135300, 1.307690060518164100, 10.00000000000000000 ) ) ;
#1978 = AXIS2_PLACEMENT_3D ( 'NONE', #3683, #4711, #2054 ) ;
#1979 = VERTEX_POINT ( 'NONE', #4202 ) ;
#1981 = CARTESIAN_POINT ( 'NONE',  ( -1.338300807568892700, 0.7726683315065799900, -9.933333333333331800 ) ) ;
#1980 = CARTESIAN_POINT ( 'NONE',  ( 0.8922005383792627200, 1.545336663013173100, -8.708333333333332100 ) ) ;
#1982 = CARTESIAN_POINT ( 'NONE',  ( 0.0000000000000000000, -2.000000000000004000, 11.10000000000000000 ) ) ;
#1983 = CARTESIAN_POINT ( 'NONE',  ( -0.8922005383792623900, -1.545336663013203300, 7.129166666666669100 ) ) ;
#1984 = CARTESIAN_POINT ( 'NONE',  ( -1.176575538379260700, 2.037888611415571200, -8.176041666666661100 ) ) ;
#1985 = CARTESIAN_POINT ( 'NONE',  ( -0.8922005383792617200, 1.545336663013172200, 3.395833333333335700 ) ) ;
#1986 = CARTESIAN_POINT ( 'NONE',  ( -0.8922005383792623900, -1.545336663013203000, 3.629166666666669100 ) ) ;
#1987 = DIRECTION ( 'NONE',  ( 0.0000000000000000000, 0.0000000000000000000, 1.000000000000000000 ) ) ;
#1988 = ORIENTED_EDGE ( 'NONE', *, *, #6508, .F. ) ;
#1989 = CARTESIAN_POINT ( 'NONE',  ( 1.176575538379260000, -2.037888611415601000, -2.969791666666667500 ) ) ;
#1990 = CARTESIAN_POINT ( 'NONE',  ( 1.784401076758523700, -1.652988719649491600E-014, 7.275000000000001200 ) ) ;
#1991 = CARTESIAN_POINT ( 'NONE',  ( -2.449293598294726600E-016, -2.000000000000030200, -5.850000000000001400 ) ) ;
#1992 = CARTESIAN_POINT ( 'NONE',  ( -1.784401076758523700, -1.451763303768214800E-014, -5.587499999999997700 ) ) ;
#1993 = CARTESIAN_POINT ( 'NONE',  ( -1.249999999999999800, -0.4871928224781378900, 11.01787336353942100 ) ) ;
#1994 = CARTESIAN_POINT ( 'NONE',  ( -0.1116810264836944100, 0.05629632967718205300, 9.450000000000002800 ) ) ;
#1995 = EDGE_LOOP ( 'NONE', ( #6451, #2966, #5545 ) ) ;
#1996 = LINE ( 'NONE', #3263, #5749 ) ;
#1997 = CARTESIAN_POINT ( 'NONE',  ( -0.8922005383792617200, 1.545336663013173500, -7.891666666666664800 ) ) ;
#1998 = EDGE_CURVE ( 'NONE', #5573, #1521, #5440, .T. ) ;
#2000 = CARTESIAN_POINT ( 'NONE',  ( 1.784401076758523700, -1.481538167768862000E-014, -6.724999999999998800 ) ) ;
#1999 = CARTESIAN_POINT ( 'NONE',  ( 0.0000000000000000000, 1.545336663013173500, -7.949999999999998400 ) ) ;
#2001 = CARTESIAN_POINT ( 'NONE',  ( -0.9375000000000003300, 0.5412658773652706500, 10.00000000000000000 ) ) ;
#2002 = SHAPE_DEFINITION_REPRESENTATION ( #4059, #5216 ) ;
#2003 = CARTESIAN_POINT ( 'NONE',  ( -0.5809822180458944500, 1.431965455018786100, 7.579764973081043200 ) ) ;
#2004 = CARTESIAN_POINT ( 'NONE',  ( -1.176575538379260700, 2.037888611415571200, -8.876041666666660400 ) ) ;
#2005 = VERTEX_POINT ( 'NONE', #5721 ) ;
#2006 = CARTESIAN_POINT ( 'NONE',  ( -1.338300807568892900, -0.7726683315066094100, 4.270833333333334800 ) ) ;
#2007 = CARTESIAN_POINT ( 'NONE',  ( 1.338300807568892500, -0.7726683315066105200, 5.204166666666669300 ) ) ;
#2008 = ORIENTED_EDGE ( 'NONE', *, *, #4311, .T. ) ;
#2009 = CARTESIAN_POINT ( 'NONE',  ( -2.309401076758521600, -1.418544759341342800E-014, -8.037499999999996100 ) ) ;
#2010 = CARTESIAN_POINT ( 'NONE',  ( -1.764863307568891300, 1.018944305707778100, -2.561458333333333800 ) ) ;
#2011 = EDGE_CURVE ( 'NONE', #5825, #4288, #5195, .T. ) ;
#2012 = CARTESIAN_POINT ( 'NONE',  ( 1.338300807568892500, -0.7726683315066107400, 7.216666666666666800 ) ) ;
#2013 = CARTESIAN_POINT ( 'NONE',  ( 1.154700538379255200, 2.000000000000011500, -5.558333333333332700 ) ) ;
#2014 = CARTESIAN_POINT ( 'NONE',  ( 0.0000000000000000000, 1.545336663013172900, -3.049999999999998900 ) ) ;
#2015 = CARTESIAN_POINT ( 'NONE',  ( -1.784401076758523700, -1.434618248580151900E-014, -6.987499999999999800 ) ) ;
#2016 = CARTESIAN_POINT ( 'NONE',  ( 0.0000000000000000000, 1.545336663013172600, -0.2499999999999985000 ) ) ;
#2017 = CARTESIAN_POINT ( 'NONE',  ( -0.6250000000000001100, -1.082531754730553100, 9.999999999999984000 ) ) ;
#2018 = CARTESIAN_POINT ( 'NONE',  ( -1.784401076758523700, -1.399256572254771900E-014, -9.874999999999998200 ) ) ;
#2020 = CARTESIAN_POINT ( 'NONE',  ( 1.784401076758523700, -1.498683222956924900E-014, -5.324999999999997500 ) ) ;
#2019 = CARTESIAN_POINT ( 'NONE',  ( -0.8922005383792623900, -1.545336663013201900, -6.258333333333332000 ) ) ;
#2021 = CARTESIAN_POINT ( 'NONE',  ( 1.154700538379275200, 1.999999999999975800, 4.941666666666662900 ) ) ;
#2022 = ORIENTED_EDGE ( 'NONE', *, *, #1808, .F. ) ;
#2023 = VECTOR ( 'NONE', #5333, 1000.000000000000000 ) ;
#2024 = CC_DESIGN_DATE_AND_TIME_ASSIGNMENT ( #5232, #2886, ( #2860 ) ) ;
#2025 = DIRECTION ( 'NONE',  ( -0.0000000000000000000, -1.224646799147353200E-016, 1.000000000000000000 ) ) ;
#2026 = CARTESIAN_POINT ( 'NONE',  ( 2.353151076758521800, -1.471358291250949400E-014, -8.409374999999995400 ) ) ;
#2027 = CARTESIAN_POINT ( 'NONE',  ( -0.8922005383792617200, 1.545336663013171700, 5.495833333333334500 ) ) ;
#2028 = CARTESIAN_POINT ( 'NONE',  ( 1.338300807568892500, -0.7726683315066106300, 5.904166666666668600 ) ) ;
#2029 = DIRECTION ( 'NONE',  ( 0.0000000000000000000, -1.000000000000000000, 0.0000000000000000000 ) ) ;
#2030 = FACE_OUTER_BOUND ( 'NONE', #1447, .T. ) ;
#2031 = CARTESIAN_POINT ( 'NONE',  ( 1.764863307568892200, 1.018944305707776500, -4.194791666666668000 ) ) ;
#2032 = CARTESIAN_POINT ( 'NONE',  ( -1.154700538379247900, -2.000000000000052800, -5.908333333333332300 ) ) ;
#2033 = CARTESIAN_POINT ( 'NONE',  ( 0.1491260568934049400, -1.555367374338113300, -11.09999999999999800 ) ) ;
#2034 = CARTESIAN_POINT ( 'NONE',  ( -0.8922005383792623900, -1.545336663013201900, -6.170833333333330700 ) ) ;
#2035 = CARTESIAN_POINT ( 'NONE',  ( -1.338300807568892700, 0.7726683315065786500, 0.5666666666666684300 ) ) ;
#2036 = EDGE_CURVE ( 'NONE', #5561, #692, #6106, .T. ) ;
#2037 = CARTESIAN_POINT ( 'NONE',  ( 0.08296024827321077400, 1.387595286780201700, 10.00000000000002000 ) ) ;
#2038 = CIRCLE ( 'NONE', #4302, 2.100000000000001900 ) ;
#2039 = CARTESIAN_POINT ( 'NONE',  ( 0.0000000000000000000, 1.545336663013173500, -8.649999999999998600 ) ) ;
#2041 = CARTESIAN_POINT ( 'NONE',  ( 1.338300807568892500, -0.7726683315066093000, -4.683333333333331800 ) ) ;
#2040 = CARTESIAN_POINT ( 'NONE',  ( -0.8922005383792623900, -1.545336663013202200, -4.858333333333330700 ) ) ;
#2042 = ORIENTED_EDGE ( 'NONE', *, *, #6571, .T. ) ;
#2043 = ORIENTED_EDGE ( 'NONE', *, *, #49, .F. ) ;
#2044 = ORIENTED_EDGE ( 'NONE', *, *, #6036, .T. ) ;
#2045 = ORIENTED_EDGE ( 'NONE', *, *, #1998, .T. ) ;
#2046 = CIRCLE ( 'NONE', #3118, 0.2500000000000002200 ) ;
#2047 = CARTESIAN_POINT ( 'NONE',  ( -1.764863307568891500, -1.018944305707807400, -2.401041666666662500 ) ) ;
#2048 = CARTESIAN_POINT ( 'NONE',  ( 0.0000000000000000000, 2.000000000000000000, 6.399999999999996800 ) ) ;
#2049 = EDGE_CURVE ( 'NONE', #2674, #6501, #2399, .T. ) ;
#2050 = CARTESIAN_POINT ( 'NONE',  ( -1.784401076758523700, -1.588923745272718300E-014, 5.612500000000002500 ) ) ;
#2051 = CARTESIAN_POINT ( 'NONE',  ( 0.8922005383792627200, 1.545336663013171100, 7.479166666666668700 ) ) ;
#2052 = CARTESIAN_POINT ( 'NONE',  ( -1.176575538379260700, 2.037888611415570300, -1.219791666666667700 ) ) ;
#2053 = CARTESIAN_POINT ( 'NONE',  ( 1.250000000000000900, -3.306816626080788500E-015, 10.00000000000000400 ) ) ;
#2054 = DIRECTION ( 'NONE',  ( 0.0000000000000000000, -1.000000000000000000, 0.0000000000000000000 ) ) ;
#2055 = CARTESIAN_POINT ( 'NONE',  ( -0.1562499999999992200, 1.353164693413182000, 10.00000000000000000 ) ) ;
#2056 = CARTESIAN_POINT ( 'NONE',  ( 1.338300807568893600, 0.7726683315065784300, -7.279166666666665000 ) ) ;
#2057 = CARTESIAN_POINT ( 'NONE',  ( 1.338300807568892500, -0.7726683315066095200, -2.583333333333331700 ) ) ;
#2058 = CARTESIAN_POINT ( 'NONE',  ( 2.309401076758521600, -1.470822508276322700E-014, -8.387499999999995700 ) ) ;
#2059 = CARTESIAN_POINT ( 'NONE',  ( -0.8922005383792617200, 1.545336663013174000, -10.60416666666666400 ) ) ;
#2060 = CARTESIAN_POINT ( 'NONE',  ( 1.176575538379260000, -2.037888611415602300, 5.430208333333332000 ) ) ;
#2061 = ORIENTED_EDGE ( 'NONE', *, *, #653, .T. ) ;
#2062 = CARTESIAN_POINT ( 'NONE',  ( -1.338300807568892700, 0.7726683315065798800, -8.533333333333331400 ) ) ;
#2063 = DIRECTION ( 'NONE',  ( -0.0000000000000000000, -1.224646799147352700E-016, 1.000000000000000000 ) ) ;
#2065 = CARTESIAN_POINT ( 'NONE',  ( -0.8922005383792617200, 1.545336663013173100, -4.391666666666664800 ) ) ;
#2064 = CARTESIAN_POINT ( 'NONE',  ( 1.784401076758523700, -1.515828278144988100E-014, -3.924999999999998900 ) ) ;
#2066 = ORIENTED_EDGE ( 'NONE', *, *, #5885, .F. ) ;
#2067 = CARTESIAN_POINT ( 'NONE',  ( 0.8556569881177383800, -1.621309011591673300, 7.716948153545697400 ) ) ;
#2068 =( BOUNDED_CURVE ( )  B_SPLINE_CURVE ( 2, ( #4240, #2150, #6294, #4731, #647, #2645, #2713 ),
 .UNSPECIFIED., .F., .F. ) 
 B_SPLINE_CURVE_WITH_KNOTS ( ( 3, 2, 2, 3 ),
 ( 0.4333333333333334600, 0.4388888888888889900, 0.4444444444444445300, 0.4500000000000001200 ),
 .UNSPECIFIED. ) 
 CURVE ( )  GEOMETRIC_REPRESENTATION_ITEM ( )  RATIONAL_B_SPLINE_CURVE ( ( 0.9999999999999973400, 0.8660254037844414800, 1.000000000000000000, 0.8660254037844388200, 1.000000000000000000, 0.8660254037844361500, 1.000000000000002700 ) ) 
 REPRESENTATION_ITEM ( '' )  );
#2069 = ORIENTED_EDGE ( 'NONE', *, *, #6460, .F. ) ;
#2070 = CARTESIAN_POINT ( 'NONE',  ( 1.154700538379261700, 1.999999999999999300, 5.029166666666670300 ) ) ;
#2071 = CARTESIAN_POINT ( 'NONE',  ( 1.764863307568890900, -1.018944305707808500, -4.267708333333327900 ) ) ;
#2072 = CARTESIAN_POINT ( 'NONE',  ( 0.1223053655150757200, -1.809279573193138100, -10.85322042680680200 ) ) ;
#2073 = CARTESIAN_POINT ( 'NONE',  ( -0.8922005383792623900, -1.545336663013203300, 5.029166666666668600 ) ) ;
#2074 = CARTESIAN_POINT ( 'NONE',  ( 1.338300807568893600, 0.7726683315065764300, 8.820833333333336400 ) ) ;
#2075 = CARTESIAN_POINT ( 'NONE',  ( 0.0000000000000000000, -2.021310670506432500E-015, 11.10000000000000000 ) ) ;
#2076 = CARTESIAN_POINT ( 'NONE',  ( 1.764863307568892200, 1.018944305707775800, 1.405208333333331200 ) ) ;
#2077 = CARTESIAN_POINT ( 'NONE',  ( -1.732050807568891200, -1.000000000000023800, 6.020833333333339300 ) ) ;
#2078 = CARTESIAN_POINT ( 'NONE',  ( 0.2350143746297146400, 1.307690060518163800, 10.00000000000000000 ) ) ;
#2079 = FACE_OUTER_BOUND ( 'NONE', #1093, .T. ) ;
#2080 = DIRECTION ( 'NONE',  ( 0.0000000000000000000, -1.000000000000000000, 0.0000000000000000000 ) ) ;
#2081 = DIRECTION ( 'NONE',  ( -0.0000000000000000000, -1.224646799147353200E-016, 1.000000000000000000 ) ) ;
#2082 = CARTESIAN_POINT ( 'NONE',  ( 1.784401076758523700, -1.558690916115145400E-014, -0.4249999999999983200 ) ) ;
#2083 = AXIS2_PLACEMENT_3D ( 'NONE', #5819, #4844, #4324 ) ;
#2084 = CARTESIAN_POINT ( 'NONE',  ( 0.0000000000000000000, 1.545336663013173700, -9.262499999999997500 ) ) ;
#2085 = CARTESIAN_POINT ( 'NONE',  ( 1.176575538379260000, -2.037888611415602300, 6.130208333333330400 ) ) ;
#2086 =( BOUNDED_CURVE ( )  B_SPLINE_CURVE ( 2, ( #1410, #5433, #2403, #3401, #886, #2421, #1840 ),
 .UNSPECIFIED., .F., .T. ) 
 B_SPLINE_CURVE_WITH_KNOTS ( ( 3, 2, 2, 3 ),
 ( 0.1690566427175586000, 0.1746121982731141400, 0.1801677538286696700, 0.1857233093842252100 ),
 .UNSPECIFIED. ) 
 CURVE ( )  GEOMETRIC_REPRESENTATION_ITEM ( )  RATIONAL_B_SPLINE_CURVE ( ( 1.000000000000000000, 0.8660254037844387100, 1.000000000000000000, 0.8660254037844387100, 1.000000000000000000, 0.8660254037844387100, 1.000000000000000000 ) ) 
 REPRESENTATION_ITEM ( '' )  );
#2087 = VERTEX_POINT ( 'NONE', #3828 ) ;
#2088 = CARTESIAN_POINT ( 'NONE',  ( -1.338300807568892900, -0.7726683315066077400, -9.116666666666665400 ) ) ;
#2089 = LINE ( 'NONE', #5745, #3679 ) ;
#2090 = EDGE_CURVE ( 'NONE', #4001, #2674, #1208, .T. ) ;
#2092 = CARTESIAN_POINT ( 'NONE',  ( 1.338300807568893600, 0.7726683315065781000, -4.566666666666664700 ) ) ;
#2091 = CARTESIAN_POINT ( 'NONE',  ( -1.338300807568892900, -0.7726683315066083000, -4.216666666666665000 ) ) ;
#2093 = CARTESIAN_POINT ( 'NONE',  ( 0.0000000000000000000, -2.021310670506432500E-015, 11.10000000000000000 ) ) ;
#2094 = CARTESIAN_POINT ( 'NONE',  ( -1.764863307568891300, 1.018944305707777200, 3.782291666666671500 ) ) ;
#2095 = ORIENTED_EDGE ( 'NONE', *, *, #1492, .F. ) ;
#2096 = DIRECTION ( 'NONE',  ( -0.0000000000000000000, -1.224646799147353200E-016, 1.000000000000000000 ) ) ;
#2097 = CARTESIAN_POINT ( 'NONE',  ( 0.0000000000000000000, 2.037888611415570800, -4.034374999999994500 ) ) ;
#2098 = CARTESIAN_POINT ( 'NONE',  ( 1.784401076758523700, -1.662632813192776900E-014, 8.062500000000003600 ) ) ;
#2099 = CARTESIAN_POINT ( 'NONE',  ( -1.338300807568892700, 0.7726683315065778800, 8.354166666666669600 ) ) ;
#2100 = CARTESIAN_POINT ( 'NONE',  ( -1.338300807568892700, 0.7726683315065799900, -9.845833333333331400 ) ) ;
#2101 = ORIENTED_EDGE ( 'NONE', *, *, #4641, .T. ) ;
#2102 = CARTESIAN_POINT ( 'NONE',  ( -1.176575538379260700, 2.037888611415570300, -0.5197916666666684300 ) ) ;
#2103 = CARTESIAN_POINT ( 'NONE',  ( -2.309401076758521600, -1.538560145657783700E-014, 1.762500000000004400 ) ) ;
#2104 = VERTEX_POINT ( 'NONE', #2337 ) ;
#2105 = CARTESIAN_POINT ( 'NONE',  ( 0.1258820363011099700, -3.008661028647274800E-015, 9.449999999999990400 ) ) ;
#2106 = CARTESIAN_POINT ( 'NONE',  ( -2.449293598294726600E-016, -2.000000000000030600, -4.450000000000001100 ) ) ;
#2107 = CARTESIAN_POINT ( 'NONE',  ( -1.892491597964152600E-016, -1.545336663013203300, 0.1000000000000011300 ) ) ;
#2108 = CARTESIAN_POINT ( 'NONE',  ( -1.784401076758523700, -1.417473193392088800E-014, -8.387499999999997500 ) ) ;
#2109 = CARTESIAN_POINT ( 'NONE',  ( 0.0000000000000000000, 2.037888611415569400, 5.721874999999998000 ) ) ;
#2110 = ORIENTED_EDGE ( 'NONE', *, *, #2049, .T. ) ;
#2111 = CARTESIAN_POINT ( 'NONE',  ( 1.338300807568892500, -0.7726683315066090700, -6.083333333333332100 ) ) ;
#2112 = DIRECTION ( 'NONE',  ( 0.0000000000000000000, -1.000000000000000000, 0.0000000000000000000 ) ) ;
#2113 = CARTESIAN_POINT ( 'NONE',  ( -1.892491597964152600E-016, -1.545336663013202600, -4.099999999999998800 ) ) ;
#2114 = LINE ( 'NONE', #5416, #934 ) ;
#2115 = CARTESIAN_POINT ( 'NONE',  ( 1.732050807568892100, 0.9999999999999913400, -1.329166666666662200 ) ) ;
#2116 = CARTESIAN_POINT ( 'NONE',  ( 0.0000000000000000000, 2.037888611415569900, 0.8656250000000053100 ) ) ;
#2117 = COORDINATED_UNIVERSAL_TIME_OFFSET ( 6, 0, .BEHIND. ) ;
#2118 = CARTESIAN_POINT ( 'NONE',  ( 2.309401076758521600, -1.607982949780825900E-014, 2.812500000000004900 ) ) ;
#2119 = CARTESIAN_POINT ( 'NONE',  ( 2.353151076758521800, -1.548511039597232700E-014, -2.109374999999995100 ) ) ;
#2120 = CARTESIAN_POINT ( 'NONE',  ( -1.784401076758523700, -1.606068800460781100E-014, 7.012500000000001100 ) ) ;
#2121 = CARTESIAN_POINT ( 'NONE',  ( 1.338300807568892500, -0.7726683315066107400, 7.304166666666667100 ) ) ;
#2122 = ORIENTED_EDGE ( 'NONE', *, *, #3448, .T. ) ;
#2123 = CARTESIAN_POINT ( 'NONE',  ( -2.495693764988940900E-016, -2.037888611415600500, 0.4718749999999983200 ) ) ;
#2124 = ADVANCED_FACE ( 'NONE', ( #980 ), #2266, .T. ) ;
#2125 = CARTESIAN_POINT ( 'NONE',  ( 0.6705224285337977300, -1.392287712682231300, 9.249616993227554900 ) ) ;
#2126 = CARTESIAN_POINT ( 'NONE',  ( 0.1083108437662862700, -0.06253329480462391200, 9.449999999999983300 ) ) ;
#2127 = CARTESIAN_POINT ( 'NONE',  ( 1.732050807568890700, -1.000000000000024900, 6.166666666666665200 ) ) ;
#2128 = CARTESIAN_POINT ( 'NONE',  ( 0.8922005383792613900, -1.545336663013203300, -2.554166666666664500 ) ) ;
#2129 = CARTESIAN_POINT ( 'NONE',  ( 1.249999999999999800, 0.7216878364870288300, 11.08556624327025900 ) ) ;
#2130 = CARTESIAN_POINT ( 'NONE',  ( -0.8922005383792623900, -1.545336663013203000, 3.541666666666668700 ) ) ;
#2131 = DIRECTION ( 'NONE',  ( 0.0000000000000000000, -1.000000000000000000, 0.0000000000000000000 ) ) ;
#2132 = EDGE_CURVE ( 'NONE', #4031, #661, #728, .T. ) ;
#2133 = CARTESIAN_POINT ( 'NONE',  ( 1.784401076758523700, -1.439747095747958800E-014, -10.13749999999999900 ) ) ;
#2134 = CARTESIAN_POINT ( 'NONE',  ( -1.764863307568891300, 1.018944305707776900, 6.538541666666664500 ) ) ;
#2135 = VERTEX_POINT ( 'NONE', #259 ) ;
#2136 = CARTESIAN_POINT ( 'NONE',  ( 1.784401076758523700, -1.515828278144988100E-014, -3.924999999999998900 ) ) ;
#2137 = CARTESIAN_POINT ( 'NONE',  ( 2.309401076758521600, -1.462249980682291100E-014, -9.087499999999995000 ) ) ;
#2139 = CARTESIAN_POINT ( 'NONE',  ( 0.0000000000000000000, 0.0000000000000000000, 10.00000000000000000 ) ) ;
#2138 = CARTESIAN_POINT ( 'NONE',  ( -1.338300807568892700, 0.7726683315065791000, -2.933333333333331300 ) ) ;
#2140 = LINE ( 'NONE', #1705, #1197 ) ;
#2141 = DIRECTION ( 'NONE',  ( -0.0000000000000000000, -1.224646799147353200E-016, 1.000000000000000000 ) ) ;
#2142 = CARTESIAN_POINT ( 'NONE',  ( 1.764863307568890900, -1.018944305707809400, 2.732291666666671200 ) ) ;
#2143 = CARTESIAN_POINT ( 'NONE',  ( -1.764863307568891300, 1.018944305707778300, -3.917708333333328700 ) ) ;
#2144 = DIRECTION ( 'NONE',  ( 0.0000000000000000000, 0.0000000000000000000, 1.000000000000000000 ) ) ;
#2145 = EDGE_CURVE ( 'NONE', #5401, #3483, #3365, .T. ) ;
#2146 = CARTESIAN_POINT ( 'NONE',  ( -1.338300807568892700, 0.7726683315065777700, 9.054166666666668900 ) ) ;
#2147 = CARTESIAN_POINT ( 'NONE',  ( 0.8922005383792627200, 1.545336663013171100, 8.179166666666668900 ) ) ;
#2148 =( BOUNDED_CURVE ( )  B_SPLINE_CURVE ( 2, ( #752, #2744, #2793, #2235, #5258, #3272, #4834 ),
 .UNSPECIFIED., .F., .T. ) 
 B_SPLINE_CURVE_WITH_KNOTS ( ( 3, 2, 2, 3 ),
 ( 0.06666666666666668000, 0.07222222222222222900, 0.07777777777777779300, 0.08333333333333334300 ),
 .UNSPECIFIED. ) 
 CURVE ( )  GEOMETRIC_REPRESENTATION_ITEM ( )  RATIONAL_B_SPLINE_CURVE ( ( 0.9999999999999995600, 0.8660254037844391500, 1.000000000000000000, 0.8660254037844388200, 1.000000000000000000, 0.8660254037844384900, 1.000000000000000200 ) ) 
 REPRESENTATION_ITEM ( '' )  );
#2149 = CARTESIAN_POINT ( 'NONE',  ( 2.353151076758521800, -1.573692839404700200E-014, -0.05312500000000108800 ) ) ;
#2150 = CARTESIAN_POINT ( 'NONE',  ( -1.154700538379273700, 1.999999999999977800, -1.941666666666666900 ) ) ;
#2151 = CARTESIAN_POINT ( 'NONE',  ( -1.082708096908966000, -1.102637102105915400, -11.10000000000000100 ) ) ;
#2152 = CARTESIAN_POINT ( 'NONE',  ( 0.0000000000000000000, 2.000000000000001800, -9.612499999999995400 ) ) ;
#2153 = CARTESIAN_POINT ( 'NONE',  ( -0.8922005383792617200, 1.545336663013173100, -4.304166666666664500 ) ) ;
#2154 = CARTESIAN_POINT ( 'NONE',  ( 1.784401076758523700, -1.610126081679334300E-014, 3.775000000000002100 ) ) ;
#2155 = CARTESIAN_POINT ( 'NONE',  ( -0.1562499999999992200, 1.353164693413182000, 10.00000000000000000 ) ) ;
#2156 = CARTESIAN_POINT ( 'NONE',  ( 0.8922005383792627200, 1.545336663013173300, -10.02083333333333200 ) ) ;
#2157 = ORIENTED_EDGE ( 'NONE', *, *, #1732, .T. ) ;
#2158 = CARTESIAN_POINT ( 'NONE',  ( -2.353151076758521800, -1.606068800460781100E-014, 7.296874999999998200 ) ) ;
#2159 = AXIS2_PLACEMENT_3D ( 'NONE', #6331, #5327, #2287 ) ;
#2160 =( BOUNDED_CURVE ( )  B_SPLINE_CURVE ( 2, ( #2810, #3818, #325, #786, #4848, #810, #5352 ),
 .UNSPECIFIED., .F., .F. ) 
 B_SPLINE_CURVE_WITH_KNOTS ( ( 3, 2, 2, 3 ),
 ( 0.6190566427175585600, 0.6246121982731140900, 0.6301677538286696300, 0.6357233093842252800 ),
 .UNSPECIFIED. ) 
 CURVE ( )  GEOMETRIC_REPRESENTATION_ITEM ( )  RATIONAL_B_SPLINE_CURVE ( ( 1.000000000000000000, 0.8660254037844387100, 1.000000000000000000, 0.8660254037844387100, 1.000000000000000000, 0.8660254037844387100, 1.000000000000000000 ) ) 
 REPRESENTATION_ITEM ( '' )  );
#2161 = B_SPLINE_CURVE_WITH_KNOTS ( 'NONE', 3,
 ( #4219, #3293, #4293, #5761, #6299, #1257 ),
 .UNSPECIFIED., .F., .F.,
 ( 4, 2, 4 ),
 ( 0.003870491307541285600, 0.004235956721990717100, 0.004601422136440148200 ),
 .UNSPECIFIED. ) ;
#2162 = CARTESIAN_POINT ( 'NONE',  ( -1.338300807568892700, 0.7726683315065794300, -5.033333333333331400 ) ) ;
#2163 = CARTESIAN_POINT ( 'NONE',  ( -2.449293598294726600E-016, -2.000000000000031100, 1.149999999999999200 ) ) ;
#2165 = DIRECTION ( 'NONE',  ( -0.0000000000000000000, -1.224646799147353200E-016, 1.000000000000000000 ) ) ;
#2164 = CARTESIAN_POINT ( 'NONE',  ( -1.338300807568892900, -0.7726683315066088500, -0.01666666666666483100 ) ) ;
#2166 = CARTESIAN_POINT ( 'NONE',  ( -2.449293598294726100E-016, -2.000000000000031500, 4.037500000000005900 ) ) ;
#2167 = CC_DESIGN_PERSON_AND_ORGANIZATION_ASSIGNMENT ( #5064, #1799, ( #438 ) ) ;
#2168 = EDGE_LOOP ( 'NONE', ( #3040, #6368, #4020, #2638 ) ) ;
#2169 = CARTESIAN_POINT ( 'NONE',  ( 0.0000000000000000000, 2.037888611415569400, 4.365625000000005000 ) ) ;
#2170 = CYLINDRICAL_SURFACE ( 'NONE', #269, 2.000000000000001800 ) ;
#2171 = CARTESIAN_POINT ( 'NONE',  ( -1.732050807568891000, 0.9999999999999937800, -5.995833333333328200 ) ) ;
#2172 = DIRECTION ( 'NONE',  ( 0.0000000000000000000, 0.0000000000000000000, 1.000000000000000000 ) ) ;
#2173 = CARTESIAN_POINT ( 'NONE',  ( -1.176575538379261500, -2.037888611415600500, 0.4572916666666718100 ) ) ;
#2174 = CARTESIAN_POINT ( 'NONE',  ( 0.0000000000000000000, -1.686752086040050700E-015, 9.583061232364753900 ) ) ;
#2175 = CARTESIAN_POINT ( 'NONE',  ( -0.8922005383792623900, -1.545336663013203500, 7.829166666666667500 ) ) ;
#2176 = CARTESIAN_POINT ( 'NONE',  ( -1.338300807568892700, 0.7726683315065796500, -7.045833333333330700 ) ) ;
#2177 = CARTESIAN_POINT ( 'NONE',  ( -1.176575538379261500, -2.037888611415600500, -0.2864583333333347600 ) ) ;
#2178 = CARTESIAN_POINT ( 'NONE',  ( -2.449293598294726600E-016, -2.000000000000030600, -3.750000000000001800 ) ) ;
#2179 = CARTESIAN_POINT ( 'NONE',  ( -0.06294101815055508400, 0.1090170413168734700, 9.449999999999994000 ) ) ;
#2180 = CARTESIAN_POINT ( 'NONE',  ( -1.338300807568892700, 0.7726683315065792100, -3.545833333333331600 ) ) ;
#2181 = ORIENTED_EDGE ( 'NONE', *, *, #4073, .T. ) ;
#2182 = CARTESIAN_POINT ( 'NONE',  ( -4.849368674376327700E-016, 1.443375672974061700, 10.00000000000000000 ) ) ;
#2183 = CARTESIAN_POINT ( 'NONE',  ( 1.338300807568892500, -0.7726683315066103000, 3.716666666666668600 ) ) ;
#2184 = CARTESIAN_POINT ( 'NONE',  ( 1.338300807568892500, -0.7726683315066088500, -7.395833333333330400 ) ) ;
#2185 = CARTESIAN_POINT ( 'NONE',  ( -2.495693764988940900E-016, -2.037888611415601800, 8.871874999999997500 ) ) ;
#2186 = CARTESIAN_POINT ( 'NONE',  ( -1.338300807568892900, -0.7726683315066080700, -6.316666666666664700 ) ) ;
#2187 = CARTESIAN_POINT ( 'NONE',  ( 0.0000000000000000000, -2.000000000000004000, 11.10000000000000000 ) ) ;
#2189 = CARTESIAN_POINT ( 'NONE',  ( -2.309401076758521100, -1.563206162490623800E-014, 3.774999999999997700 ) ) ;
#2188 = CARTESIAN_POINT ( 'NONE',  ( 1.338300807568893600, 0.7726683315065775400, -0.3666666666666644800 ) ) ;
#2190 = CARTESIAN_POINT ( 'NONE',  ( -1.528161914205528900, 0.3498848088792481100, 7.589342453749120300 ) ) ;
#2191 = CARTESIAN_POINT ( 'NONE',  ( -1.764863307568891500, -1.018944305707808000, 1.798958333333338100 ) ) ;
#2192 = EDGE_CURVE ( 'NONE', #1194, #4787, #5354, .T. ) ;
#2193 = CARTESIAN_POINT ( 'NONE',  ( 0.8922005383792627200, 1.545336663013173300, -10.10833333333333100 ) ) ;
#2194 = ORIENTED_EDGE ( 'NONE', *, *, #1374, .F. ) ;
#2195 = CARTESIAN_POINT ( 'NONE',  ( 1.732050807568892100, 0.9999999999999906700, 3.570833333333337700 ) ) ;
#2196 = CARTESIAN_POINT ( 'NONE',  ( 2.353151076758521800, -1.565656094785295600E-014, -0.7093749999999947600 ) ) ;
#2197 = CARTESIAN_POINT ( 'NONE',  ( -1.338300807568892900, -0.7726683315066074100, -11.21666666666666500 ) ) ;
#2198 = CARTESIAN_POINT ( 'NONE',  ( 1.338300807568893600, 0.7726683315065783200, -5.879166666666664700 ) ) ;
#2199 = APPROVAL_PERSON_ORGANIZATION ( #1169, #2398, #824 ) ;
#2200 = CARTESIAN_POINT ( 'NONE',  ( 0.0000000000000000000, 2.037888611415569900, 3.621874999999998400 ) ) ;
#2201 = AXIS2_PLACEMENT_3D ( 'NONE', #2691, #2081, #6198 ) ;
#2202 = CARTESIAN_POINT ( 'NONE',  ( 0.0000000000000000000, 2.000000000000001300, -5.412499999999994300 ) ) ;
#2203 = CARTESIAN_POINT ( 'NONE',  ( 0.007086461601581177700, -0.1248667708941976300, 9.449999999999995700 ) ) ;
#2204 = CARTESIAN_POINT ( 'NONE',  ( -1.176575538379261500, -2.037888611415599200, -10.78645833333333400 ) ) ;
#2205 = CARTESIAN_POINT ( 'NONE',  ( 1.338300807568893600, 0.7726683315065782100, -5.179166666666664500 ) ) ;
#2206 = DIRECTION ( 'NONE',  ( -0.0000000000000000000, -1.224646799147353200E-016, 1.000000000000000000 ) ) ;
#2207 = CARTESIAN_POINT ( 'NONE',  ( 1.338300807568892500, -0.7726683315066101800, 2.316666666666668200 ) ) ;
#2208 = CARTESIAN_POINT ( 'NONE',  ( 0.0000000000000000000, 1.545336663013173500, -7.162499999999997900 ) ) ;
#2209 = LINE ( 'NONE', #3500, #2680 ) ;
#2210 = CARTESIAN_POINT ( 'NONE',  ( 0.4651463069297403500, -2.037888611415601800, 9.594936447128393600 ) ) ;
#2211 = AXIS2_PLACEMENT_3D ( 'NONE', #4236, #168, #2144 ) ;
#2212 = CARTESIAN_POINT ( 'NONE',  ( -1.784401076758523700, -1.476409320601055200E-014, -3.574999999999998800 ) ) ;
#2214 = CARTESIAN_POINT ( 'NONE',  ( 0.0000000000000000000, 2.000000000000001800, -3.400000000000001200 ) ) ;
#2213 = CARTESIAN_POINT ( 'NONE',  ( -1.784401076758523700, -1.502126903383149600E-014, -1.474999999999999000 ) ) ;
#2215 = DATE_TIME_ROLE ( 'creation_date' ) ;
#2216 = APPROVAL_DATE_TIME ( #5468, #5994 ) ;
#2217 = CARTESIAN_POINT ( 'NONE',  ( 1.176575538379260000, -2.037888611415602300, 5.473958333333337500 ) ) ;
#2218 = CARTESIAN_POINT ( 'NONE',  ( -2.449293598294726100E-016, -2.000000000000030200, -8.562499999999994700 ) ) ;
#2219 = ORIENTED_EDGE ( 'NONE', *, *, #5966, .T. ) ;
#2220 = CARTESIAN_POINT ( 'NONE',  ( -1.154700538379261500, -2.000000000000031100, 4.591666666666663200 ) ) ;
#2221 = EDGE_LOOP ( 'NONE', ( #3575, #5123, #4657, #3551, #1928, #4638, #1536, #4585, #1072 ) ) ;
#2222 = ORIENTED_EDGE ( 'NONE', *, *, #1113, .T. ) ;
#2223 = CARTESIAN_POINT ( 'NONE',  ( 1.764863307568890900, -1.018944305707809100, -0.06770833333332761100 ) ) ;
#2224 = CARTESIAN_POINT ( 'NONE',  ( -0.5809822180458944500, 1.431965455018786100, 7.579764973081043200 ) ) ;
#2225 = CARTESIAN_POINT ( 'NONE',  ( -1.892491597964152600E-016, -1.545336663013202200, -7.512499999999997500 ) ) ;
#2226 = ORIENTED_EDGE ( 'NONE', *, *, #105, .F. ) ;
#2227 = FACE_OUTER_BOUND ( 'NONE', #4767, .T. ) ;
#2228 = AXIS2_PLACEMENT_3D ( 'NONE', #2707, #1709, #4678 ) ;
#2229 = CARTESIAN_POINT ( 'NONE',  ( -1.764863307568891500, -1.018944305707808000, 3.155208333333332900 ) ) ;
#2230 = CARTESIAN_POINT ( 'NONE',  ( 0.0000000000000000000, 2.000000000000000000, 6.487500000000006000 ) ) ;
#2231 = CARTESIAN_POINT ( 'NONE',  ( 1.355252715606880500E-016, -1.398758288598148900, 10.00000000000000400 ) ) ;
#2232 = ADVANCED_FACE ( 'NONE', ( #1380 ), #3108, .T. ) ;
#2233 = CARTESIAN_POINT ( 'NONE',  ( -1.789582809013943200, -0.6952866414302595300, -10.74659419050278700 ) ) ;
#2234 = CARTESIAN_POINT ( 'NONE',  ( -1.338300807568892900, -0.7726683315066087400, -0.6291666666666649900 ) ) ;
#2235 = CARTESIAN_POINT ( 'NONE',  ( -2.309401076758521100, -1.400328138204025600E-014, -9.525000000000000400 ) ) ;
#2236 = CARTESIAN_POINT ( 'NONE',  ( -0.8922005383792623900, -1.545336663013202800, 1.441666666666667500 ) ) ;
#2237 = DIRECTION ( 'NONE',  ( -0.0000000000000000000, -1.224646799147353200E-016, 1.000000000000000000 ) ) ;
#2238 = EDGE_CURVE ( 'NONE', #4042, #5717, #2985, .T. ) ;
#2239 = CARTESIAN_POINT ( 'NONE',  ( 1.338300807568893600, 0.7726683315065784300, -6.579166666666664800 ) ) ;
#2240 = CARTESIAN_POINT ( 'NONE',  ( 1.176575538379260000, -2.037888611415602700, 8.930208333333331100 ) ) ;
#2241 = CARTESIAN_POINT ( 'NONE',  ( -1.338300807568892700, 0.7726683315065787600, -0.1333333333333325300 ) ) ;
#2242 = CARTESIAN_POINT ( 'NONE',  ( 1.154700538379266800, -2.000000000000019500, -2.291666666666667000 ) ) ;
#2243 = CARTESIAN_POINT ( 'NONE',  ( 1.338300807568892500, -0.7726683315066100700, 1.616666666666668900 ) ) ;
#2244 = CARTESIAN_POINT ( 'NONE',  ( 1.585897312663752800, 1.134149646170754300, 7.811562543020182900 ) ) ;
#2245 = CARTESIAN_POINT ( 'NONE',  ( -1.764863307568891300, 1.018944305707776700, 7.982291666666672100 ) ) ;
#2246 = VERTEX_POINT ( 'NONE', #6403 ) ;
#2247 = PLANE ( 'NONE',  #982 ) ;
#2248 = ORIENTED_EDGE ( 'NONE', *, *, #5106, .F. ) ;
#2249 = CARTESIAN_POINT ( 'NONE',  ( 1.732050807568890700, -1.000000000000024600, 3.366666666666664900 ) ) ;
#2250 = CARTESIAN_POINT ( 'NONE',  ( 1.154700538379260100, -2.000000000000032400, 7.595833333333338500 ) ) ;
#2251 = EDGE_CURVE ( 'NONE', #4366, #1015, #1784, .T. ) ;
#2252 = CARTESIAN_POINT ( 'NONE',  ( 0.0000000000000000000, -2.021310670506432500E-015, 11.10000000000000000 ) ) ;
#2253 = CARTESIAN_POINT ( 'NONE',  ( -1.338300807568892900, -0.7726683315066078500, -7.629166666666664700 ) ) ;
#2254 = VERTEX_POINT ( 'NONE', #2801 ) ;
#2255 = CARTESIAN_POINT ( 'NONE',  ( 1.154700538379273400, -2.000000000000008400, 0.5083333333333336400 ) ) ;
#2256 = ORIENTED_EDGE ( 'NONE', *, *, #4514, .T. ) ;
#2257 = CARTESIAN_POINT ( 'NONE',  ( -0.1258820363011098600, -3.018825424014326400E-015, 9.450000000000002800 ) ) ;
#2258 = CARTESIAN_POINT ( 'NONE',  ( -0.2470785409745843200, 1.774393204749801000, -10.87525681294362600 ) ) ;
#2259 = CARTESIAN_POINT ( 'NONE',  ( -1.338300807568892700, 0.7726683315065786500, 1.354166666666668500 ) ) ;
#2260 = CARTESIAN_POINT ( 'NONE',  ( 1.732050807568892100, 0.9999999999999922300, -7.629166666666662000 ) ) ;
#2261 = CARTESIAN_POINT ( 'NONE',  ( 0.8922005383792613900, -1.545336663013204600, 7.858333333333335200 ) ) ;
#2262 = CARTESIAN_POINT ( 'NONE',  ( 0.7992181838333344300, 1.833371292081925400, 7.842264973081035400 ) ) ;
#2263 = CARTESIAN_POINT ( 'NONE',  ( -1.338300807568892700, 0.7726683315065797600, -7.745833333333330900 ) ) ;
#2264 = B_SPLINE_CURVE_WITH_KNOTS ( 'NONE', 3,
 ( #905, #5964, #3381, #1343, #3362, #6469, #5895, #4407, #1367, #4883, #3894, #5408, #4926, #404, #1322, #4947, #3873, #364, #3422, #5916, #6447, #3931, #318, #2907, #3343, #342 ),
 .UNSPECIFIED., .F., .F.,
 ( 4, 2, 2, 2, 2, 2, 2, 2, 2, 2, 2, 2, 4 ),
 ( 0.0000000000000000000, 0.0003170952745048414800, 0.0006341905490096828500, 0.0009512858235145241100, 0.001268381098019365000, 0.001902571647029046700, 0.002536762196038728400, 0.002853857470543569800, 0.003170952745048410900, 0.003488048019553251900, 0.003805143294058093000, 0.004439333843067774600, 0.005073524392077455800 ),
 .UNSPECIFIED. ) ;
#2265 = CARTESIAN_POINT ( 'NONE',  ( -0.8922005383792623900, -1.545336663013202600, 0.04166666666666901700 ) ) ;
#2266 = CYLINDRICAL_SURFACE ( 'NONE', #5016, 2.000000000000001800 ) ;
#2268 = CARTESIAN_POINT ( 'NONE',  ( -1.154700538379260800, 2.000000000000002200, -9.554166666666661800 ) ) ;
#2267 = CARTESIAN_POINT ( 'NONE',  ( 0.8922005383792627200, 1.545336663013171500, 5.291666666666667000 ) ) ;
#2269 = CARTESIAN_POINT ( 'NONE',  ( -1.553557729687195600, -0.4542055315036810900, 7.618830492923273700 ) ) ;
#2270 = CARTESIAN_POINT ( 'NONE',  ( 1.764863307568892200, 1.018944305707775200, 6.348958333333338400 ) ) ;
#2271 = DIRECTION ( 'NONE',  ( 1.224646799147353700E-016, 1.000000000000000000, 0.0000000000000000000 ) ) ;
#2272 = ORIENTED_EDGE ( 'NONE', *, *, #5970, .F. ) ;
#2273 = CARTESIAN_POINT ( 'NONE',  ( 0.0000000000000000000, -2.000000000000004000, 11.10000000000000000 ) ) ;
#2274 = CARTESIAN_POINT ( 'NONE',  ( -0.8922005383792617200, 1.545336663013173500, -7.104166666666663400 ) ) ;
#2275 = EDGE_LOOP ( 'NONE', ( #2479, #933, #2042, #4418 ) ) ;
#2276 = EDGE_CURVE ( 'NONE', #3383, #1947, #2264, .T. ) ;
#2277 = CARTESIAN_POINT ( 'NONE',  ( -0.08296024827320955300, -1.387595286780208200, 9.999999999999996400 ) ) ;
#2278 = CARTESIAN_POINT ( 'NONE',  ( 0.0000000000000000000, -2.000000000000004000, 11.10000000000000000 ) ) ;
#2279 = CARTESIAN_POINT ( 'NONE',  ( 1.338300807568892500, -0.7726683315066098500, 0.3041666666666695800 ) ) ;
#2280 = CARTESIAN_POINT ( 'NONE',  ( -2.309401076758521100, -1.546061107302560700E-014, 2.374999999999997800 ) ) ;
#2281 = CARTESIAN_POINT ( 'NONE',  ( -1.338300807568892900, -0.7726683315066097400, 6.983333333333334300 ) ) ;
#2282 = CARTESIAN_POINT ( 'NONE',  ( -1.338300807568892900, -0.7726683315066081900, -4.829166666666663900 ) ) ;
#2283 = ORIENTED_EDGE ( 'NONE', *, *, #5724, .T. ) ;
#2284 = ORIENTED_EDGE ( 'NONE', *, *, #345, .T. ) ;
#2285 = CARTESIAN_POINT ( 'NONE',  ( 0.8922005383792613900, -1.545336663013203300, -1.941666666666664400 ) ) ;
#2287 = DIRECTION ( 'NONE',  ( 0.0000000000000000000, 1.000000000000000000, 0.0000000000000000000 ) ) ;
#2286 = CARTESIAN_POINT ( 'NONE',  ( -0.8922005383792617200, 1.545336663013172000, 4.008333333333334600 ) ) ;
#2288 = CYLINDRICAL_SURFACE ( 'NONE', #2636, 2.000000000000001800 ) ;
#2289 = APPROVAL_STATUS ( 'not_yet_approved' ) ;
#2290 = CARTESIAN_POINT ( 'NONE',  ( -1.764863307568891500, -1.018944305707808500, 6.698958333333338000 ) ) ;
#2291 = EDGE_CURVE ( 'NONE', #2692, #2246, #2086, .T. ) ;
#2292 = CARTESIAN_POINT ( 'NONE',  ( -0.8922005383792617200, 1.545336663013174000, -10.69166666666666500 ) ) ;
#2293 = VERTEX_POINT ( 'NONE', #6489 ) ;
#2294 = LINE ( 'NONE', #4331, #1957 ) ;
#2295 = ORIENTED_EDGE ( 'NONE', *, *, #2988, .F. ) ;
#2296 = CARTESIAN_POINT ( 'NONE',  ( 2.449293598294708900E-016, 1.999999999999999600, 11.10000000000000000 ) ) ;
#2297 = DIRECTION ( 'NONE',  ( -0.0000000000000000000, -1.224646799147353200E-016, 1.000000000000000000 ) ) ;
#2298 = CARTESIAN_POINT ( 'NONE',  ( 1.338300807568893600, 0.7726683315065779900, -3.779166666666664100 ) ) ;
#2299 = COORDINATED_UNIVERSAL_TIME_OFFSET ( 6, 0, .BEHIND. ) ;
#2300 = CARTESIAN_POINT ( 'NONE',  ( 2.309401076758521100, -1.581193801049477400E-014, 0.6249999999999980000 ) ) ;
#2301 = DIRECTION ( 'NONE',  ( 0.0000000000000000000, 0.0000000000000000000, 1.000000000000000000 ) ) ;
#2302 = CARTESIAN_POINT ( 'NONE',  ( 1.176575538379260000, -2.037888611415600100, -10.66979166666666700 ) ) ;
#2303 = CARTESIAN_POINT ( 'NONE',  ( 0.0000000000000000000, 1.545336663013172600, -0.1624999999999977000 ) ) ;
#2304 = CARTESIAN_POINT ( 'NONE',  ( 2.449293598294708900E-016, 1.999999999999999600, 11.10000000000000000 ) ) ;
#2305 = CARTESIAN_POINT ( 'NONE',  ( -1.338300807568892700, 0.7726683315065782100, 5.466666666666668600 ) ) ;
#2306 = DIRECTION ( 'NONE',  ( 0.0000000000000000000, 0.0000000000000000000, 1.000000000000000000 ) ) ;
#2307 = CARTESIAN_POINT ( 'NONE',  ( -0.8922005383792623900, -1.545336663013201900, -4.070833333333331100 ) ) ;
#2308 = ORIENTED_EDGE ( 'NONE', *, *, #2845, .T. ) ;
#2309 = LINE ( 'NONE', #2296, #1909 ) ;
#2310 = ORIENTED_EDGE ( 'NONE', *, *, #4085, .F. ) ;
#2311 = CARTESIAN_POINT ( 'NONE',  ( -0.8922005383792617200, 1.545336663013172900, -0.1916666666666646500 ) ) ;
#2313 = CARTESIAN_POINT ( 'NONE',  ( -1.732050807568891200, -1.000000000000022000, -8.679166666666663600 ) ) ;
#2312 = CARTESIAN_POINT ( 'NONE',  ( 0.8922005383792627200, 1.545336663013171500, 3.891666666666668400 ) ) ;
#2314 = CARTESIAN_POINT ( 'NONE',  ( 1.176575538379261800, 2.037888611415569000, 5.007291666666670700 ) ) ;
#2315 =( BOUNDED_CURVE ( )  B_SPLINE_CURVE ( 2, ( #3832, #4326, #5880, #4845, #4348, #1245, #2319, #2292, #4281, #742, #4801, #2342, #2846, #1823, #4306, #1759, #6361, #3324, #5821, #2779, #1268, #6336, #3347, #1803, #5350, #321, #2826, #807, #2406, #849, #3505, #6061, #5576, #5533, #4434, #889, #5032, #2891, #1475, #346, #482, #1980, #2496, #6038, #4533, #4413, #4011, #4932, #3915, #3525, #4034, #869, #1004, #505, #1999, #2911, #6572, #987, #5942, #2998, #4555, #1373, #4907, #4389, #3017, #1865, #5069, #1519, #2382, #5411, #5898, #5437, #6429, #6453, #6593, #3364, #1497, #2869, #3386, #369, #1886, #5050, #1349, #2019, #3898, #3876, #6476, #5922, #3406, #5554, #2516, #387, #4645, #5132, #3105, #1026, #4599, #540, #1584, #5111, #4150, #2634, #1608, #3057, #1539, #3084, #6176, #2040, #3131, #4673, #5647, #4077, #3547, #4053, #6127, #5621, #5183, #5161, #2091, #3037, #2113, #6103, #567, #2064, #5673, #89, #65, #111, #3594, #4125, #4571, #2607, #2580, #5091, #525, #1634, #3646, #612, #1119, #1046, #2138, #2538, #4098, #5596, #6080, #2558, #19, #40, #1068, #3571, #1091, #1559, #4620, #6149, #3618, #588, #5792, #5302, #5264, #4228, #686, #4696, #1683, #1657, #3715, #2213, #4743, #5769, #1196, #4253, #4201, #3742, #4719, #1706, #3257, #3766, #658, #738, #231, #1726, #2703, #1240, #1167, #5285, #2188, #4275, #5237, #5209, #634, #2751, #2164, #4793, #1752, #5720, #2677, #5695, #5744, #6205, #6227, #6309, #3152, #2657, #6252, #3202, #184, #213, #4771, #1144, #134, #3692, #3668, #2724, #4176, #6281, #3230, #714, #3176, #1220, #2243, #157, #758, #341, #3278, #6402, #6330, #4343, #2359, #4362, #2800, #1264, #2821, #5894, #1774, #2864, #4383, #5366, #3810, #258, #3789, #5855, #5344, #5326, #1839, #3342, #3361, #5385, #5835, #300, #1796, #4882, #317, #6381, #6424, #3321, #3848, #4299, #1817, #2312, #4817, #2286, #1342, #3872, #1321, #777, #4902, #3827, #2842, #6355, #3299, #279, #800, #4320, #1285, #4841, #844, #1301, #823, #4863, #2336, #1862, #5875, #2267, #5815, #2773, #403, #4456, #2402, #3930, #6446, #6510, #6468, #3913, #382, #1409, #4968, #1433, #4406, #1922, #5432, #2378, #5938, #3459, #6531, #4989, #2420, #5982, #3441, #5453, #3421, #443, #885, #5472, #3973, #4925, #3380, #1937, #5494, #2961, #2456, #3950, #1880, #5915, #2906 ),
 .UNSPECIFIED., .F., .T. ) 
 B_SPLINE_CURVE_WITH_KNOTS ( ( 3, 2, 2, 2, 2, 2, 2, 2, 2, 2, 2, 2, 2, 2, 2, 2, 2, 2, 2, 2, 2, 2, 2, 2, 2, 2, 2, 2, 2, 2, 2, 2, 2, 2, 2, 2, 2, 2, 2, 2, 2, 2, 2, 2, 2, 2, 2, 2, 2, 2, 2, 2, 2, 2, 2, 2, 2, 2, 2, 2, 2, 2, 2, 2, 2, 2, 2, 2, 2, 2, 2, 2, 2, 2, 2, 2, 2, 2, 2, 2, 2, 2, 2, 2, 2, 2, 2, 2, 2, 2, 2, 2, 2, 2, 2, 2, 2, 2, 2, 2, 2, 2, 2, 2, 2, 2, 2, 2, 2, 2, 2, 2, 2, 2, 2, 2, 2, 2, 2, 2, 2, 2, 2, 2, 2, 2, 2, 2, 2, 2, 2, 2, 2, 2, 2, 2, 2, 2, 2, 2, 2, 2, 2, 2, 2, 2, 2, 2, 2, 2, 2, 2, 2, 2, 2, 2, 2, 2, 2, 2, 2, 3 ),
 ( 0.01666666666666666600, 0.02222222222222222300, 0.02777777777777777600, 0.03333333333333333300, 0.03888888888888889000, 0.04444444444444444600, 0.05000000000000000300, 0.05555555555555555200, 0.06111111111111110200, 0.06666666666666666600, 0.07222222222222221500, 0.07777777777777777900, 0.08333333333333332900, 0.08888888888888889200, 0.09444444444444444200, 0.1000000000000000100, 0.1055555555555555600, 0.1111111111111111000, 0.1166666666666666700, 0.1222222222222222200, 0.1277777777777777700, 0.1333333333333333300, 0.1388888888888889000, 0.1444444444444444300, 0.1499999999999999900, 0.1555555555555555600, 0.1611111111111111200, 0.1666666666666666600, 0.1722222222222222200, 0.1777777777777777800, 0.1833333333333333200, 0.1888888888888889100, 0.1944444444444444500, 0.2000000000000000400, 0.2055555555555555500, 0.2111111111111111100, 0.2166666666666666700, 0.2222222222222222100, 0.2277777777777777700, 0.2333333333333333400, 0.2388888888888889000, 0.2444444444444444400, 0.2500000000000000000, 0.2555555555555555400, 0.2611111111111111300, 0.2666666666666666600, 0.2722222222222222000, 0.2777777777777777900, 0.2833333333333333300, 0.2888888888888888600, 0.2944444444444444500, 0.2999999999999999900, 0.3055555555555555800, 0.3111111111111111200, 0.3166666666666666500, 0.3222222222222222400, 0.3277777777777777800, 0.3333333333333333100, 0.3388888888888889100, 0.3444444444444444400, 0.3499999999999999800, 0.3555555555555555700, 0.3611111111111111600, 0.3666666666666666400, 0.3722222222222222300, 0.3777777777777777700, 0.3833333333333334100, 0.3888888888888889000, 0.3944444444444444300, 0.4000000000000000200, 0.4055555555555555600, 0.4111111111111110900, 0.4166666666666666900, 0.4222222222222221700, 0.4277777777777777600, 0.4333333333333333500, 0.4388888888888888800, 0.4444444444444444200, 0.4500000000000000100, 0.4555555555555555500, 0.4611111111111111400, 0.4666666666666666700, 0.4722222222222222100, 0.4777777777777778000, 0.4833333333333333400, 0.4888888888888888700, 0.4944444444444444600, 0.5000000000000000000, 0.5055555555555555400, 0.5111111111111110700, 0.5166666666666667200, 0.5222222222222222500, 0.5277777777777777900, 0.5333333333333333300, 0.5388888888888888600, 0.5444444444444444000, 0.5500000000000000400, 0.5555555555555555800, 0.5611111111111111200, 0.5666666666666666500, 0.5722222222222221900, 0.5777777777777777200, 0.5833333333333333700, 0.5888888888888889100, 0.5944444444444444400, 0.5999999999999999800, 0.6055555555555555100, 0.6111111111111111600, 0.6166666666666667000, 0.6222222222222222300, 0.6277777777777777700, 0.6333333333333333000, 0.6388888888888888400, 0.6444444444444444900, 0.6500000000000000200, 0.6555555555555555600, 0.6611111111111112000, 0.6666666666666666300, 0.6722222222222222800, 0.6777777777777778100, 0.6833333333333333500, 0.6888888888888888800, 0.6944444444444444200, 0.6999999999999999600, 0.7055555555555557100, 0.7111111111111111400, 0.7166666666666666700, 0.7222222222222221000, 0.7277777777777777500, 0.7333333333333332800, 0.7388888888888889300, 0.7444444444444444600, 0.7500000000000000000, 0.7555555555555555400, 0.7611111111111110700, 0.7666666666666666100, 0.7722222222222222500, 0.7777777777777777900, 0.7833333333333332100, 0.7888888888888888600, 0.7944444444444444000, 0.8000000000000000400, 0.8055555555555555800, 0.8111111111111111200, 0.8166666666666666500, 0.8222222222222221900, 0.8277777777777777200, 0.8333333333333333700, 0.8388888888888889100, 0.8444444444444444400, 0.8499999999999999800, 0.8555555555555555100, 0.8611111111111111600, 0.8666666666666667000, 0.8722222222222222300, 0.8777777777777777700, 0.8833333333333333000, 0.8888888888888889500, 0.8944444444444444900, 0.9000000000000000200, 0.9055555555555555600, 0.9062417705239481600 ),
 .UNSPECIFIED. ) 
 CURVE ( )  GEOMETRIC_REPRESENTATION_ITEM ( )  RATIONAL_B_SPLINE_CURVE ( ( 1.000000000000000000, 0.8660254037844387100, 1.000000000000000000, 0.8660254037844387100, 1.000000000000000000, 0.8660254037844387100, 1.000000000000000000, 0.8660254037844387100, 1.000000000000000000, 0.8660254037844387100, 1.000000000000000000, 0.8660254037844387100, 1.000000000000000000, 0.8660254037844387100, 1.000000000000000000, 0.8660254037844387100, 1.000000000000000000, 0.8660254037844387100, 1.000000000000000000, 0.8660254037844387100, 1.000000000000000000, 0.8660254037844387100, 1.000000000000000000, 0.8660254037844387100, 1.000000000000000000, 0.8660254037844387100, 1.000000000000000000, 0.8660254037844387100, 1.000000000000000000, 0.8660254037844387100, 1.000000000000000000, 0.8660254037844387100, 1.000000000000000000, 0.8660254037844387100, 1.000000000000000000, 0.8660254037844387100, 1.000000000000000000, 0.8660254037844387100, 1.000000000000000000, 0.8660254037844387100, 1.000000000000000000, 0.8660254037844387100, 1.000000000000000000, 0.8660254037844387100, 1.000000000000000000, 0.8660254037844387100, 1.000000000000000000, 0.8660254037844387100, 1.000000000000000000, 0.8660254037844387100, 1.000000000000000000, 0.8660254037844387100, 1.000000000000000000, 0.8660254037844387100, 1.000000000000000000, 0.8660254037844387100, 1.000000000000000000, 0.8660254037844387100, 1.000000000000000000, 0.8660254037844387100, 1.000000000000000000, 0.8660254037844387100, 1.000000000000000000, 0.8660254037844387100, 1.000000000000000000, 0.8660254037844387100, 1.000000000000000000, 0.8660254037844387100, 1.000000000000000000, 0.8660254037844387100, 1.000000000000000000, 0.8660254037844387100, 1.000000000000000000, 0.8660254037844387100, 1.000000000000000000, 0.8660254037844387100, 1.000000000000000000, 0.8660254037844387100, 1.000000000000000000, 0.8660254037844387100, 1.000000000000000000, 0.8660254037844387100, 1.000000000000000000, 0.8660254037844387100, 1.000000000000000000, 0.8660254037844387100, 1.000000000000000000, 0.8660254037844387100, 1.000000000000000000, 0.8660254037844387100, 1.000000000000000000, 0.8660254037844387100, 1.000000000000000000, 0.8660254037844387100, 1.000000000000000000, 0.8660254037844387100, 1.000000000000000000, 0.8660254037844387100, 1.000000000000000000, 0.8660254037844387100, 1.000000000000000000, 0.8660254037844387100, 1.000000000000000000, 0.8660254037844387100, 1.000000000000000000, 0.8660254037844387100, 1.000000000000000000, 0.8660254037844387100, 1.000000000000000000, 0.8660254037844387100, 1.000000000000000000, 0.8660254037844387100, 1.000000000000000000, 0.8660254037844387100, 1.000000000000000000, 0.8660254037844387100, 1.000000000000000000, 0.8660254037844387100, 1.000000000000000000, 0.8660254037844387100, 1.000000000000000000, 0.8660254037844387100, 1.000000000000000000, 0.8660254037844387100, 1.000000000000000000, 0.8660254037844387100, 1.000000000000000000, 0.8660254037844387100, 1.000000000000000000, 0.8660254037844387100, 1.000000000000000000, 0.8660254037844387100, 1.000000000000000000, 0.8660254037844387100, 1.000000000000000000, 0.8660254037844387100, 1.000000000000000000, 0.8660254037844387100, 1.000000000000000000, 0.8660254037844387100, 1.000000000000000000, 0.8660254037844387100, 1.000000000000000000, 0.8660254037844387100, 1.000000000000000000, 0.8660254037844387100, 1.000000000000000000, 0.8660254037844387100, 1.000000000000000000, 0.8660254037844387100, 1.000000000000000000, 0.8660254037844387100, 1.000000000000000000, 0.8660254037844387100, 1.000000000000000000, 0.8660254037844387100, 1.000000000000000000, 0.8660254037844387100, 1.000000000000000000, 0.8660254037844387100, 1.000000000000000000, 0.8660254037844387100, 1.000000000000000000, 0.8660254037844387100, 1.000000000000000000, 0.8660254037844387100, 1.000000000000000000, 0.8660254037844387100, 1.000000000000000000, 0.8660254037844387100, 1.000000000000000000, 0.8660254037844387100, 1.000000000000000000, 0.8660254037844387100, 1.000000000000000000, 0.8660254037844387100, 1.000000000000000000, 0.8660254037844387100, 1.000000000000000000, 0.8660254037844387100, 1.000000000000000000, 0.8660254037844387100, 1.000000000000000000, 0.8660254037844387100, 1.000000000000000000, 0.8660254037844387100, 1.000000000000000000, 0.8660254037844387100, 1.000000000000000000, 0.8660254037844387100, 1.000000000000000000, 0.8660254037844387100, 1.000000000000000000, 0.8660254037844387100, 1.000000000000000000, 0.8660254037844387100, 1.000000000000000000, 0.8660254037844387100, 1.000000000000000000, 0.8660254037844387100, 1.000000000000000000, 0.8660254037844387100, 1.000000000000000000, 0.8660254037844387100, 1.000000000000000000, 0.8660254037844387100, 1.000000000000000000, 0.8660254037844387100, 1.000000000000000000, 0.8660254037844387100, 1.000000000000000000, 0.8660254037844387100, 1.000000000000000000, 0.8660254037844387100, 1.000000000000000000, 0.8660254037844387100, 1.000000000000000000, 0.8660254037844387100, 1.000000000000000000, 0.8660254037844387100, 1.000000000000000000, 0.8660254037844387100, 1.000000000000000000, 0.8660254037844387100, 1.000000000000000000, 0.8660254037844387100, 1.000000000000000000, 0.8660254037844387100, 1.000000000000000000, 0.8660254037844387100, 1.000000000000000000, 0.8660254037844387100, 1.000000000000000000, 0.8660254037844387100, 1.000000000000000000, 0.8660254037844387100, 1.000000000000000000, 0.8660254037844387100, 1.000000000000000000, 0.8660254037844387100, 1.000000000000000000, 0.8660254037844387100, 1.000000000000000000, 0.8660254037844387100, 1.000000000000000000, 0.8660254037844387100, 1.000000000000000000, 0.8660254037844387100, 1.000000000000000000, 0.8660254037844387100, 1.000000000000000000, 0.8660254037844387100, 1.000000000000000000, 0.8660254037844387100, 1.000000000000000000, 0.8660254037844387100, 1.000000000000000000, 0.8660254037844387100, 1.000000000000000000, 0.8660254037844387100, 1.000000000000000000, 0.8660254037844387100, 1.000000000000000000, 0.8660254037844387100, 1.000000000000000000, 0.8660254037844387100, 1.000000000000000000, 0.8660254037844387100, 1.000000000000000000, 0.8660254037844387100, 1.000000000000000000, 0.8660254037844387100, 1.000000000000000000, 0.8660254037844387100, 1.000000000000000000, 0.8660254037844387100, 1.000000000000000000, 0.8660254037844387100, 1.000000000000000000, 0.8660254037844387100, 1.000000000000000000, 0.8660254037844387100, 1.000000000000000000, 0.8660254037844387100, 1.000000000000000000, 0.8660254037844387100, 1.000000000000000000, 0.8660254037844387100, 1.000000000000000000, 0.8660254037844387100, 1.000000000000000000, 0.8660254037844387100, 1.000000000000000000, 0.8660254037844387100, 1.000000000000000000, 0.8660254037844387100, 1.000000000000000000, 0.8660254037844387100, 1.000000000000000000, 0.8660254037844387100, 1.000000000000000000, 0.8660254037844387100, 1.000000000000000000, 0.8660254037844387100, 1.000000000000000000, 0.8660254037844387100, 1.000000000000000000, 0.8660254037844387100, 1.000000000000000000, 0.8660254037844387100, 1.000000000000000000, 0.8660254037844387100, 1.000000000000000000, 0.8660254037844387100, 1.000000000000000000, 0.8660254037844387100, 1.000000000000000000, 0.8660254037844387100, 1.000000000000000000, 0.8660254037844387100, 1.000000000000000000, 0.9834516328046546400, 0.9709913310271944800 ) ) 
 REPRESENTATION_ITEM ( '' )  );
#2316 = DIRECTION ( 'NONE',  ( -0.0000000000000000000, -1.224646799147353200E-016, 1.000000000000000000 ) ) ;
#2317 = ORIENTED_EDGE ( 'NONE', *, *, #1822, .T. ) ;
#2318 =( BOUNDED_CURVE ( )  B_SPLINE_CURVE ( 2, ( #3121, #3609, #6117, #557, #1623, #6165, #2598 ),
 .UNSPECIFIED., .F., .T. ) 
 B_SPLINE_CURVE_WITH_KNOTS ( ( 3, 2, 2, 3 ),
 ( 0.8833333333333335300, 0.8888888888888889500, 0.8944444444444446000, 0.9000000000000000200 ),
 .UNSPECIFIED. ) 
 CURVE ( )  GEOMETRIC_REPRESENTATION_ITEM ( )  RATIONAL_B_SPLINE_CURVE ( ( 0.9999999999999946700, 0.8660254037844441500, 1.000000000000000000, 0.8660254037844388200, 1.000000000000000000, 0.8660254037844388200, 1.000000000000000000 ) ) 
 REPRESENTATION_ITEM ( '' )  );
#2319 = CARTESIAN_POINT ( 'NONE',  ( 0.0000000000000000000, 1.545336663013174000, -10.75000000000000000 ) ) ;
#2320 = LINE ( 'NONE', #4080, #3730 ) ;
#2321 = EDGE_CURVE ( 'NONE', #1043, #1502, #3282, .T. ) ;
#2322 = CARTESIAN_POINT ( 'NONE',  ( 0.0000000000000000000, -2.000000000000004000, 11.10000000000000000 ) ) ;
#2323 = CARTESIAN_POINT ( 'NONE',  ( -1.250000000000000000, 0.7216878364870290600, 10.00000000000000000 ) ) ;
#2324 = CARTESIAN_POINT ( 'NONE',  ( 0.8922005383792627200, 1.545336663013172900, -4.420833333333330700 ) ) ;
#2325 = CARTESIAN_POINT ( 'NONE',  ( 1.732050807568890700, -1.000000000000022900, -10.63333333333333500 ) ) ;
#2326 = CARTESIAN_POINT ( 'NONE',  ( 0.01189117488104638400, 0.1244574993174655700, 9.450000000000001100 ) ) ;
#2327 = ORIENTED_EDGE ( 'NONE', *, *, #5705, .T. ) ;
#2328 = CARTESIAN_POINT ( 'NONE',  ( 0.0000000000000000000, 2.037888611415571600, -9.678125000000001400 ) ) ;
#2329 = CARTESIAN_POINT ( 'NONE',  ( -1.338300807568892700, 0.7726683315065788800, -0.7458333333333310200 ) ) ;
#2330 = CARTESIAN_POINT ( 'NONE',  ( -2.449293598294726100E-016, -2.000000000000031100, -0.8624999999999947200 ) ) ;
#2331 = CARTESIAN_POINT ( 'NONE',  ( 0.0000000000000000000, 1.545336663013172000, 5.350000000000000500 ) ) ;
#2332 = EDGE_CURVE ( 'NONE', #1495, #1638, #6046, .T. ) ;
#2333 = CARTESIAN_POINT ( 'NONE',  ( 1.338300807568892500, -0.7726683315066094100, -3.195833333333332000 ) ) ;
#2334 = EDGE_CURVE ( 'NONE', #661, #1043, #24, .T. ) ;
#2335 = CARTESIAN_POINT ( 'NONE',  ( 0.0000000000000000000, 1.545336663013172600, -0.2499999999999985000 ) ) ;
#2337 = CARTESIAN_POINT ( 'NONE',  ( 0.0000000000000000000, 2.000000000000001300, -1.300000000000001400 ) ) ;
#2336 = CARTESIAN_POINT ( 'NONE',  ( 1.338300807568892500, -0.7726683315066105200, 5.116666666666668900 ) ) ;
#2338 = APPROVAL_STATUS ( 'not_yet_approved' ) ;
#2339 = VERTEX_POINT ( 'NONE', #5513 ) ;
#2340 = CARTESIAN_POINT ( 'NONE',  ( 0.0000000000000000000, -2.403553390593275100, 8.650000000000002100 ) ) ;
#2341 = CARTESIAN_POINT ( 'NONE',  ( -1.732050807568891200, 0.9999999999999943400, -10.28333333333333500 ) ) ;
#2342 = CARTESIAN_POINT ( 'NONE',  ( -0.8922005383792623900, -1.545336663013201500, -10.45833333333333400 ) ) ;
#2343 = CARTESIAN_POINT ( 'NONE',  ( 0.0000000000000000000, 2.000000000000000900, -1.212499999999994100 ) ) ;
#2344 = ORIENTED_EDGE ( 'NONE', *, *, #806, .T. ) ;
#2345 = CARTESIAN_POINT ( 'NONE',  ( 2.449293598294708900E-016, 1.999999999999999600, 11.10000000000000000 ) ) ;
#2346 = AXIS2_PLACEMENT_3D ( 'NONE', #1085, #4192, #177 ) ;
#2347 = CARTESIAN_POINT ( 'NONE',  ( -1.732050807568891200, -1.000000000000023100, 0.4208333333333379400 ) ) ;
#2348 = CARTESIAN_POINT ( 'NONE',  ( 1.338300807568892500, -0.7726683315066093000, -4.595833333333331400 ) ) ;
#2349 = FACE_OUTER_BOUND ( 'NONE', #1457, .T. ) ;
#2350 = CARTESIAN_POINT ( 'NONE',  ( 0.1562500001368324600, 1.353164693334181700, 10.00000000000000000 ) ) ;
#2351 = CARTESIAN_POINT ( 'NONE',  ( 1.176575538379261800, 2.037888611415570300, -9.036458333333333900 ) ) ;
#2352 = CARTESIAN_POINT ( 'NONE',  ( 1.338300807568893600, 0.7726683315065772100, 3.220833333333335900 ) ) ;
#2353 = DIRECTION ( 'NONE',  ( 0.0000000000000000000, -1.000000000000000000, 0.0000000000000000000 ) ) ;
#2354 = CARTESIAN_POINT ( 'NONE',  ( 1.338300807568892500, -0.7726683315066106300, 5.816666666666668200 ) ) ;
#2355 = VECTOR ( 'NONE', #1609, 1000.000000000000100 ) ;
#2356 = CARTESIAN_POINT ( 'NONE',  ( -0.8922005383792623900, -1.545336663013202200, -1.970833333333331400 ) ) ;
#2357 = CARTESIAN_POINT ( 'NONE',  ( -2.353151076758521800, -1.614641328054812700E-014, 7.996874999999997500 ) ) ;
#2358 = CARTESIAN_POINT ( 'NONE',  ( 1.784401076758523700, -1.601553554085303000E-014, 3.075000000000001100 ) ) ;
#2359 = CARTESIAN_POINT ( 'NONE',  ( -1.338300807568892900, -0.7726683315066090700, 2.083333333333334800 ) ) ;
#2360 = VERTEX_POINT ( 'NONE', #5998 ) ;
#2361 = ORIENTED_EDGE ( 'NONE', *, *, #2477, .T. ) ;
#2362 = DIRECTION ( 'NONE',  ( -0.0000000000000000000, -1.224646799147353200E-016, 1.000000000000000000 ) ) ;
#2363 = CARTESIAN_POINT ( 'NONE',  ( 0.0000000000000000000, 2.000000000000000000, 5.787500000000003200 ) ) ;
#2364 = ADVANCED_FACE ( 'NONE', ( #2349 ), #1228, .T. ) ;
#2365 = CARTESIAN_POINT ( 'NONE',  ( 1.154700538379270100, -2.000000000000013300, -7.191666666666665500 ) ) ;
#2366 = CARTESIAN_POINT ( 'NONE',  ( 0.8922005383792627200, 1.545336663013172400, -3.020833333333330400 ) ) ;
#2367 = EDGE_CURVE ( 'NONE', #1521, #1369, #1901, .T. ) ;
#2368 = EDGE_LOOP ( 'NONE', ( #5626, #926, #5094, #543 ) ) ;
#2369 = DIRECTION ( 'NONE',  ( -0.8660254037844383700, -0.5000000000000003300, 0.0000000000000000000 ) ) ;
#2370 = CARTESIAN_POINT ( 'NONE',  ( 1.338300807568893600, 0.7726683315065772100, 2.520833333333334800 ) ) ;
#2371 = DIRECTION ( 'NONE',  ( 0.0000000000000000000, 1.224646799147353200E-016, -1.000000000000000000 ) ) ;
#2372 = CARTESIAN_POINT ( 'NONE',  ( -1.784401076758523700, -1.622142289699590600E-014, 8.325000000000002800 ) ) ;
#2373 = CARTESIAN_POINT ( 'NONE',  ( 0.8922005383792613900, -1.545336663013203300, -1.854166666666664100 ) ) ;
#2374 = CARTESIAN_POINT ( 'NONE',  ( -1.784401076758523700, -1.520343524520466500E-014, 0.01250000000000209300 ) ) ;
#2375 = LINE ( 'NONE', #3283, #5222 ) ;
#2376 = CARTESIAN_POINT ( 'NONE',  ( 0.0000000000000000000, 2.037888611415569000, 9.221874999999997200 ) ) ;
#2377 = CARTESIAN_POINT ( 'NONE',  ( 0.0000000000000000000, 1.545336663013172000, 3.950000000000002000 ) ) ;
#2378 = CARTESIAN_POINT ( 'NONE',  ( -0.8922005383792623900, -1.545336663013203300, 6.341666666666669400 ) ) ;
#2379 = LINE ( 'NONE', #3209, #392 ) ;
#2380 = CARTESIAN_POINT ( 'NONE',  ( -2.353151076758521800, -1.623749638623471000E-014, 8.740625000000005000 ) ) ;
#2381 = CARTESIAN_POINT ( 'NONE',  ( 0.06294101815055512500, -0.1090170413168791700, 9.449999999999985100 ) ) ;
#2382 = CARTESIAN_POINT ( 'NONE',  ( -1.338300807568892700, 0.7726683315065796500, -7.133333333333332000 ) ) ;
#2383 = FACE_OUTER_BOUND ( 'NONE', #3405, .T. ) ;
#2384 = CARTESIAN_POINT ( 'NONE',  ( 0.0000000000000000000, 2.000000000000001800, -9.000000000000003600 ) ) ;
#2385 = CARTESIAN_POINT ( 'NONE',  ( -0.8922005383792617200, 1.545336663013172900, -2.204166666666664800 ) ) ;
#2386 = EDGE_LOOP ( 'NONE', ( #2481, #2008, #2865 ) ) ;
#2387 = ORIENTED_EDGE ( 'NONE', *, *, #2914, .T. ) ;
#2388 = DIRECTION ( 'NONE',  ( -0.0000000000000000000, -1.224646799147353200E-016, 1.000000000000000000 ) ) ;
#2389 = ORIENTED_EDGE ( 'NONE', *, *, #957, .F. ) ;
#2390 = ORIENTED_EDGE ( 'NONE', *, *, #4781, .F. ) ;
#2391 = CARTESIAN_POINT ( 'NONE',  ( 0.8922005383792627200, 1.545336663013171700, 3.279166666666668100 ) ) ;
#2392 = CARTESIAN_POINT ( 'NONE',  ( 0.0000000000000000000, 2.037888611415571600, -11.73437499999999500 ) ) ;
#2393 = ORIENTED_EDGE ( 'NONE', *, *, #5470, .F. ) ;
#2394 = ADVANCED_FACE ( 'NONE', ( #2820 ), #5834, .T. ) ;
#2395 = CARTESIAN_POINT ( 'NONE',  ( 1.784401076758523700, -1.534044899282305000E-014, -2.437499999999996900 ) ) ;
#2396 = CARTESIAN_POINT ( 'NONE',  ( -1.784401076758523700, -1.537488579708529400E-014, 1.412500000000002300 ) ) ;
#2397 = ADVANCED_FACE ( 'NONE', ( #435 ), #973, .T. ) ;
#2398 = APPROVAL ( #2338, 'UNSPECIFIED' ) ;
#2399 =( BOUNDED_CURVE ( )  B_SPLINE_CURVE ( 2, ( #5367, #301, #1775, #232, #1797, #2843, #759 ),
 .UNSPECIFIED., .F., .T. ) 
 B_SPLINE_CURVE_WITH_KNOTS ( ( 3, 2, 2, 3 ),
 ( 0.2190566427175585400, 0.2246121982731141800, 0.2301677538286697200, 0.2357233093842252500 ),
 .UNSPECIFIED. ) 
 CURVE ( )  GEOMETRIC_REPRESENTATION_ITEM ( )  RATIONAL_B_SPLINE_CURVE ( ( 1.000000000000000000, 0.8660254037844387100, 1.000000000000000000, 0.8660254037844387100, 1.000000000000000000, 0.8660254037844387100, 1.000000000000000000 ) ) 
 REPRESENTATION_ITEM ( '' )  );
#2400 = CARTESIAN_POINT ( 'NONE',  ( -2.353151076758521800, -1.443190776174183200E-014, -6.003125000000001600 ) ) ;
#2401 = CARTESIAN_POINT ( 'NONE',  ( 0.8922005383792613900, -1.545336663013203700, 2.258333333333334600 ) ) ;
#2403 = CARTESIAN_POINT ( 'NONE',  ( -1.732050807568891200, -1.000000000000023800, 5.320833333333340000 ) ) ;
#2402 = CARTESIAN_POINT ( 'NONE',  ( -1.338300807568892900, -0.7726683315066095200, 5.583333333333335700 ) ) ;
#2404 = CARTESIAN_POINT ( 'NONE',  ( -1.176575538379261500, -2.037888611415601800, 8.157291666666671000 ) ) ;
#2405 = CARTESIAN_POINT ( 'NONE',  ( 0.08382674316035231000, 0.09390477925815189600, 9.450000000000008200 ) ) ;
#2406 = CARTESIAN_POINT ( 'NONE',  ( 1.338300807568893600, 0.7726683315065786500, -9.466666666666665000 ) ) ;
#2407 = EDGE_CURVE ( 'NONE', #2087, #4101, #920, .T. ) ;
#2408 = CARTESIAN_POINT ( 'NONE',  ( -1.892491597964152600E-016, -1.545336663013201700, -11.09999999999999800 ) ) ;
#2409 = CARTESIAN_POINT ( 'NONE',  ( 1.338300807568893600, 0.7726683315065777700, -1.679166666666663800 ) ) ;
#2410 = EDGE_LOOP ( 'NONE', ( #5564, #721, #6471, #6569 ) ) ;
#2411 = ORIENTED_EDGE ( 'NONE', *, *, #6175, .F. ) ;
#2412 = CARTESIAN_POINT ( 'NONE',  ( 0.0000000000000000000, 1.545336663013172000, 4.037500000000003200 ) ) ;
#2413 = CARTESIAN_POINT ( 'NONE',  ( -1.764863307568891500, -1.018944305707806300, -11.50104166666666000 ) ) ;
#2414 = CARTESIAN_POINT ( 'NONE',  ( -0.8922005383792617200, 1.545336663013172400, 0.5958333333333354400 ) ) ;
#2415 = CARTESIAN_POINT ( 'NONE',  ( 0.8922005383792613900, -1.545336663013203500, 0.9458333333333350800 ) ) ;
#2416 = ORIENTED_EDGE ( 'NONE', *, *, #2959, .T. ) ;
#2417 = CARTESIAN_POINT ( 'NONE',  ( -2.495693764988940900E-016, -2.037888611415600100, -7.928125000000001400 ) ) ;
#2418 = EDGE_CURVE ( 'NONE', #3407, #4042, #2500, .T. ) ;
#2419 = CARTESIAN_POINT ( 'NONE',  ( 1.784401076758523700, -1.610126081679334300E-014, 3.775000000000002100 ) ) ;
#2421 = CARTESIAN_POINT ( 'NONE',  ( -1.154700538379260800, 2.000000000000000000, 5.145833333333339300 ) ) ;
#2420 = CARTESIAN_POINT ( 'NONE',  ( 1.338300807568893600, 0.7726683315065767700, 6.633333333333334600 ) ) ;
#2422 = CARTESIAN_POINT ( 'NONE',  ( 2.727014952310948300E-016, 2.226776695296636400, 8.826776695296638700 ) ) ;
#2423 = CARTESIAN_POINT ( 'NONE',  ( 1.160212644386604800, 0.7656433258989637800, 10.00000000000000900 ) ) ;
#2424 = CARTESIAN_POINT ( 'NONE',  ( -4.849368674376327700E-016, 1.443375672974061700, 10.00000000000000000 ) ) ;
#2425 = ADVANCED_FACE ( 'NONE', ( #5283 ), #6551, .T. ) ;
#2426 = ADVANCED_FACE ( 'NONE', ( #2963 ), #579, .T. ) ;
#2427 = CARTESIAN_POINT ( 'NONE',  ( 1.338300807568892500, -0.7726683315066086300, -9.583333333333332100 ) ) ;
#2428 = ORIENTED_EDGE ( 'NONE', *, *, #6235, .F. ) ;
#2429 = CARTESIAN_POINT ( 'NONE',  ( 0.0000000000000000000, -4.650000000000001200, 9.450000000000001100 ) ) ;
#2430 = CARTESIAN_POINT ( 'NONE',  ( -1.338300807568892700, 0.7726683315065783200, 4.854166666666669600 ) ) ;
#2431 = CARTESIAN_POINT ( 'NONE',  ( -1.176575538379261500, -2.037888611415599600, -9.342708333333327200 ) ) ;
#2432 = VERTEX_POINT ( 'NONE', #2155 ) ;
#2433 = CARTESIAN_POINT ( 'NONE',  ( 0.8922005383792613900, -1.545336663013203300, -0.4541666666666651600 ) ) ;
#2434 = CARTESIAN_POINT ( 'NONE',  ( 0.0000000000000000000, 1.545336663013172600, -0.1624999999999977000 ) ) ;
#2435 = CARTESIAN_POINT ( 'NONE',  ( 1.176575538379261800, 2.037888611415570300, -6.936458333333333400 ) ) ;
#2436 = CARTESIAN_POINT ( 'NONE',  ( 0.0000000000000000000, 1.545336663013172200, 1.850000000000001000 ) ) ;
#2437 = CARTESIAN_POINT ( 'NONE',  ( -2.449293598294726100E-016, -2.000000000000029800, -9.962499999999995000 ) ) ;
#2438 = ORIENTED_EDGE ( 'NONE', *, *, #297, .T. ) ;
#2439 = CARTESIAN_POINT ( 'NONE',  ( 1.355252715606880500E-016, -1.398758288598148900, 10.00000000000000400 ) ) ;
#2440 = EDGE_LOOP ( 'NONE', ( #5108, #4391, #4934, #4063 ) ) ;
#2441 = CARTESIAN_POINT ( 'NONE',  ( 2.309401076758521600, -1.642273060156951900E-014, 5.612500000000004300 ) ) ;
#2442 = LINE ( 'NONE', #701, #1405 ) ;
#2443 = CARTESIAN_POINT ( 'NONE',  ( 1.338300807568893600, 0.7726683315065787600, -10.86666666666666500 ) ) ;
#2444 = CARTESIAN_POINT ( 'NONE',  ( -2.449293598294726600E-016, -2.000000000000032000, 3.249999999999999100 ) ) ;
#2445 = ORIENTED_EDGE ( 'NONE', *, *, #3726, .F. ) ;
#2446 = EDGE_CURVE ( 'NONE', #4998, #3795, #4881, .T. ) ;
#2447 = FACE_OUTER_BOUND ( 'NONE', #3608, .T. ) ;
#2448 = DIRECTION ( 'NONE',  ( 0.0000000000000000000, 0.0000000000000000000, 1.000000000000000000 ) ) ;
#2449 = DIRECTION ( 'NONE',  ( -0.0000000000000000000, -1.224646799147353200E-016, 1.000000000000000000 ) ) ;
#2450 = CARTESIAN_POINT ( 'NONE',  ( 1.784401076758523700, -1.670133774837554400E-014, 8.675000000000002500 ) ) ;
#2451 = CARTESIAN_POINT ( 'NONE',  ( 0.8922005383792613900, -1.545336663013203500, 1.645833333333336100 ) ) ;
#2452 = CARTESIAN_POINT ( 'NONE',  ( -1.338300807568892900, -0.7726683315066089600, 0.7708333333333351500 ) ) ;
#2453 = FACE_OUTER_BOUND ( 'NONE', #6276, .T. ) ;
#2454 = CARTESIAN_POINT ( 'NONE',  ( -1.764863307568891300, 1.018944305707778700, -7.461458333333334600 ) ) ;
#2455 = CARTESIAN_POINT ( 'NONE',  ( 0.0000000000000000000, 1.545336663013171500, 7.450000000000002000 ) ) ;
#2456 = CARTESIAN_POINT ( 'NONE',  ( 0.0000000000000000000, 1.545336663013171500, 7.450000000000002000 ) ) ;
#2457 = CARTESIAN_POINT ( 'NONE',  ( 1.732050807568892100, 0.9999999999999915600, -2.729166666666662100 ) ) ;
#2458 = ORIENTED_EDGE ( 'NONE', *, *, #4871, .T. ) ;
#2459 = CARTESIAN_POINT ( 'NONE',  ( 0.1045945648821132600, 0.06857044121700664500, 9.449999999999988600 ) ) ;
#2460 = ORIENTED_EDGE ( 'NONE', *, *, #5851, .F. ) ;
#2461 = CARTESIAN_POINT ( 'NONE',  ( 1.784401076758523700, -1.455820584986767900E-014, -8.824999999999997500 ) ) ;
#2462 = CARTESIAN_POINT ( 'NONE',  ( 0.0000000000000000000, -1.751888374694015100E-015, 8.900000000000002100 ) ) ;
#2463 = ORIENTED_EDGE ( 'NONE', *, *, #4483, .F. ) ;
#2464 = VECTOR ( 'NONE', #5719, 1000.000000000000000 ) ;
#2465 = CARTESIAN_POINT ( 'NONE',  ( 1.784401076758523700, -1.636915230410682400E-014, 5.962500000000002100 ) ) ;
#2466 = CARTESIAN_POINT ( 'NONE',  ( -1.764863307568891300, 1.018944305707778700, -7.417708333333328200 ) ) ;
#2467 = CARTESIAN_POINT ( 'NONE',  ( 1.784401076758523700, -1.568335009658431000E-014, 0.3625000000000016500 ) ) ;
#2468 = CARTESIAN_POINT ( 'NONE',  ( -1.892491597964152600E-016, -1.545336663013203500, 2.987500000000002500 ) ) ;
#2469 = DIRECTION ( 'NONE',  ( 0.0000000000000000000, -1.000000000000000000, 0.0000000000000000000 ) ) ;
#2470 = CARTESIAN_POINT ( 'NONE',  ( 1.764863307568892200, 1.018944305707776900, -7.694791666666667100 ) ) ;
#2471 = CARTESIAN_POINT ( 'NONE',  ( 0.8922005383792613900, -1.545336663013204600, 7.158333333333335900 ) ) ;
#2473 = CARTESIAN_POINT ( 'NONE',  ( 1.732050807568890500, -1.000000000000023100, -9.845833333333329700 ) ) ;
#2472 = CARTESIAN_POINT ( 'NONE',  ( 0.0000000000000000000, 2.000000000000000000, 5.699999999999997500 ) ) ;
#2474 = AXIS2_PLACEMENT_3D ( 'NONE', #3839, #2301, #5845 ) ;
#2475 = CARTESIAN_POINT ( 'NONE',  ( -0.08382674316035231000, 0.09390477925815185500, 9.450000000000008200 ) ) ;
#2476 = ADVANCED_FACE ( 'NONE', ( #4804 ), #2170, .T. ) ;
#2477 = EDGE_CURVE ( 'NONE', #1079, #4220, #6343, .T. ) ;
#2478 = CARTESIAN_POINT ( 'NONE',  ( -1.892491597964152600E-016, -1.545336663013201900, -8.999999999999998200 ) ) ;
#2479 = ORIENTED_EDGE ( 'NONE', *, *, #5820, .F. ) ;
#2480 = CARTESIAN_POINT ( 'NONE',  ( 0.0000000000000000000, 2.000000000000001300, 0.09999999999999881200 ) ) ;
#2481 = ORIENTED_EDGE ( 'NONE', *, *, #4610, .F. ) ;
#2482 = CARTESIAN_POINT ( 'NONE',  ( 1.249999999999999800, 0.6050126472353247700, 11.05188501730914800 ) ) ;
#2483 = CARTESIAN_POINT ( 'NONE',  ( 1.764863307568892200, 1.018944305707776700, -5.551041666666662000 ) ) ;
#2484 = CARTESIAN_POINT ( 'NONE',  ( -1.338300807568892900, -0.7726683315066091900, 2.870833333333336200 ) ) ;
#2485 = CARTESIAN_POINT ( 'NONE',  ( 0.8922005383792613900, -1.545336663013203700, 3.045833333333336100 ) ) ;
#2486 = CARTESIAN_POINT ( 'NONE',  ( -1.154700538379260800, 2.000000000000000900, 0.9458333333333389700 ) ) ;
#2487 = CARTESIAN_POINT ( 'NONE',  ( -1.764863307568891300, 1.018944305707778300, -3.261458333333334900 ) ) ;
#2488 = AXIS2_PLACEMENT_3D ( 'NONE', #929, #386, #868 ) ;
#2489 = CARTESIAN_POINT ( 'NONE',  ( -1.338300807568892700, 0.7726683315065779900, 6.866666666666667100 ) ) ;
#2490 = CARTESIAN_POINT ( 'NONE',  ( 0.0000000000000000000, 2.000000000000001800, -5.500000000000001800 ) ) ;
#2491 = ORIENTED_EDGE ( 'NONE', *, *, #6370, .F. ) ;
#2492 = LINE ( 'NONE', #3982, #3845 ) ;
#2493 = CARTESIAN_POINT ( 'NONE',  ( 0.0000000000000000000, 1.545336663013173700, -9.262499999999997500 ) ) ;
#2494 = CARTESIAN_POINT ( 'NONE',  ( -0.06294101815055507000, -0.1090170413168792300, 9.449999999999990400 ) ) ;
#2495 = VERTEX_POINT ( 'NONE', #4143 ) ;
#2497 = CARTESIAN_POINT ( 'NONE',  ( -1.338300807568892700, 0.7726683315065798800, -8.533333333333331400 ) ) ;
#2496 = CARTESIAN_POINT ( 'NONE',  ( 0.0000000000000000000, 1.545336663013173500, -8.649999999999998600 ) ) ;
#2498 = CARTESIAN_POINT ( 'NONE',  ( 0.0000000000000000000, -2.021310670506432500E-015, 11.10000000000000000 ) ) ;
#2499 = AXIS2_PLACEMENT_3D ( 'NONE', #3203, #2635, #3132 ) ;
#2500 =( BOUNDED_CURVE ( )  B_SPLINE_CURVE ( 2, ( #2944, #6143, #924, #2058, #582, #6511, #3974 ),
 .UNSPECIFIED., .F., .T. ) 
 B_SPLINE_CURVE_WITH_KNOTS ( ( 3, 2, 2, 3 ),
 ( 0.8190566427175586300, 0.8246121982731141600, 0.8301677538286697000, 0.8357233093842252300 ),
 .UNSPECIFIED. ) 
 CURVE ( )  GEOMETRIC_REPRESENTATION_ITEM ( )  RATIONAL_B_SPLINE_CURVE ( ( 1.000000000000000000, 0.8660254037844387100, 1.000000000000000000, 0.8660254037844387100, 1.000000000000000000, 0.8660254037844387100, 1.000000000000000000 ) ) 
 REPRESENTATION_ITEM ( '' )  );
#2501 = APPROVAL ( #6357, 'UNSPECIFIED' ) ;
#2502 = ORIENTED_EDGE ( 'NONE', *, *, #1468, .F. ) ;
#2503 = CARTESIAN_POINT ( 'NONE',  ( 0.8922005383792613900, -1.545336663013204400, 7.245833333333338900 ) ) ;
#2504 = CARTESIAN_POINT ( 'NONE',  ( -1.764863307568891500, -1.018944305707806900, -7.301041666666661100 ) ) ;
#2505 = CARTESIAN_POINT ( 'NONE',  ( -0.8922005383792623900, -1.545336663013203000, 3.629166666666669100 ) ) ;
#2506 = CARTESIAN_POINT ( 'NONE',  ( -1.338300807568892700, 0.7726683315065783200, 4.154166666666668600 ) ) ;
#2507 = ADVANCED_FACE ( 'NONE', ( #6215 ), #680, .F. ) ;
#2508 = ORIENTED_EDGE ( 'NONE', *, *, #1506, .F. ) ;
#2509 = CARTESIAN_POINT ( 'NONE',  ( 2.353151076758521800, -1.556547784216637000E-014, -1.453125000000001600 ) ) ;
#2510 = CARTESIAN_POINT ( 'NONE',  ( -1.338300807568892700, 0.7726683315065782100, 5.466666666666668600 ) ) ;
#2511 = CARTESIAN_POINT ( 'NONE',  ( -1.154700538379254600, -2.000000000000042200, -1.008333333333333100 ) ) ;
#2512 = CARTESIAN_POINT ( 'NONE',  ( 1.338300807568893600, 0.7726683315065785400, -7.979166666666664300 ) ) ;
#2513 = CARTESIAN_POINT ( 'NONE',  ( 0.0000000000000000000, -2.000000000000004000, 11.10000000000000000 ) ) ;
#2514 = CARTESIAN_POINT ( 'NONE',  ( 0.1332721955846642700, 1.366430934977762600, 10.00000000000000000 ) ) ;
#2515 = CARTESIAN_POINT ( 'NONE',  ( -1.892491597964152600E-016, -1.545336663013202200, -7.599999999999997900 ) ) ;
#2517 = CARTESIAN_POINT ( 'NONE',  ( -0.8922005383792623900, -1.545336663013201900, -4.858333333333330700 ) ) ;
#2516 = CARTESIAN_POINT ( 'NONE',  ( 0.0000000000000000000, 1.545336663013173300, -5.849999999999998800 ) ) ;
#2518 = DIRECTION ( 'NONE',  ( 1.000000000000000000, 0.0000000000000000000, 0.0000000000000000000 ) ) ;
#2519 = CARTESIAN_POINT ( 'NONE',  ( 1.249999999999999800, 0.7216878364870288300, 11.08556624327025900 ) ) ;
#2520 = CARTESIAN_POINT ( 'NONE',  ( -1.176575538379260700, 2.037888611415571200, -7.476041666666660900 ) ) ;
#2521 = EDGE_CURVE ( 'NONE', #5763, #3446, #5188, .T. ) ;
#2522 = CARTESIAN_POINT ( 'NONE',  ( 1.784401076758523700, -1.636915230410682400E-014, 5.962500000000002100 ) ) ;
#2523 = CARTESIAN_POINT ( 'NONE',  ( -0.8922005383792617200, 1.545336663013171700, 6.195833333333334600 ) ) ;
#2524 = EDGE_LOOP ( 'NONE', ( #5716, #3554, #2044, #6179 ) ) ;
#2525 = ORIENTED_EDGE ( 'NONE', *, *, #4033, .T. ) ;
#2526 = CARTESIAN_POINT ( 'NONE',  ( -2.495693764988940900E-016, -2.037888611415600500, -3.028125000000001500 ) ) ;
#2527 = ORIENTED_EDGE ( 'NONE', *, *, #5582, .F. ) ;
#2528 = CARTESIAN_POINT ( 'NONE',  ( 1.732050807568892100, 0.9999999999999920100, -6.229166666666661600 ) ) ;
#2529 = ORIENTED_EDGE ( 'NONE', *, *, #6120, .T. ) ;
#2530 = CARTESIAN_POINT ( 'NONE',  ( -1.732050807568891200, -1.000000000000023300, 3.220833333333338100 ) ) ;
#2531 = CARTESIAN_POINT ( 'NONE',  ( 1.784401076758523700, -1.482609733718116100E-014, -6.637499999999998400 ) ) ;
#2532 = ORIENTED_EDGE ( 'NONE', *, *, #415, .T. ) ;
#2533 = CARTESIAN_POINT ( 'NONE',  ( 0.8922005383792627200, 1.545336663013172000, 0.3916666666666686600 ) ) ;
#2534 = CARTESIAN_POINT ( 'NONE',  ( 9.994988777600744000E-017, 0.1250665896092388900, 9.450000000000002800 ) ) ;
#2535 = CARTESIAN_POINT ( 'NONE',  ( 1.784401076758523700, -1.472965640174831100E-014, -7.424999999999998900 ) ) ;
#2536 = ADVANCED_FACE ( 'NONE', ( #3584 ), #4623, .T. ) ;
#2537 = CARTESIAN_POINT ( 'NONE',  ( -2.449293598294726600E-016, -2.000000000000029800, -9.350000000000003200 ) ) ;
#2539 = CARTESIAN_POINT ( 'NONE',  ( -1.338300807568892700, 0.7726683315065794300, -5.033333333333331400 ) ) ;
#2538 = CARTESIAN_POINT ( 'NONE',  ( -1.784401076758523700, -1.484981848195086800E-014, -2.874999999999999100 ) ) ;
#2540 = CARTESIAN_POINT ( 'NONE',  ( 1.154700538379273400, -2.000000000000008400, -0.1916666666666672900 ) ) ;
#2541 = DIRECTION ( 'NONE',  ( -0.0000000000000000000, -1.224646799147353200E-016, 1.000000000000000000 ) ) ;
#2542 = CARTESIAN_POINT ( 'NONE',  ( -2.353151076758521800, -1.426581503960747400E-014, -7.359374999999994700 ) ) ;
#2543 = CARTESIAN_POINT ( 'NONE',  ( 0.0000000000000000000, 1.545336663013172000, 4.737500000000002500 ) ) ;
#2544 = CARTESIAN_POINT ( 'NONE',  ( -0.8922005383792623900, -1.545336663013203300, 6.429166666666669800 ) ) ;
#2545 = EDGE_LOOP ( 'NONE', ( #5362, #5396, #351, #3785, #4050, #5484, #6399, #2525, #4812 ) ) ;
#2546 = ORIENTED_EDGE ( 'NONE', *, *, #3532, .T. ) ;
#2547 = CARTESIAN_POINT ( 'NONE',  ( -1.176575538379261500, -2.037888611415600500, -0.9864583333333341000 ) ) ;
#2548 = CARTESIAN_POINT ( 'NONE',  ( 0.8363571605109289000, -0.9605046412144114800, 10.97376521399620600 ) ) ;
#2549 = DIRECTION ( 'NONE',  ( -0.0000000000000000000, -1.224646799147353200E-016, 1.000000000000000000 ) ) ;
#2550 = CARTESIAN_POINT ( 'NONE',  ( -1.732050807568891200, 0.9999999999999931200, 0.2166666666666647900 ) ) ;
#2551 = CARTESIAN_POINT ( 'NONE',  ( -1.892491597964152600E-016, -1.545336663013201900, -8.912499999999996100 ) ) ;
#2552 = CARTESIAN_POINT ( 'NONE',  ( 1.338300807568892500, -0.7726683315066097400, -0.4833333333333321700 ) ) ;
#2553 = CARTESIAN_POINT ( 'NONE',  ( -0.1137289435409353800, 0.05193069013090175600, 9.450000000000001100 ) ) ;
#2554 = ORIENTED_EDGE ( 'NONE', *, *, #6497, .T. ) ;
#2555 = CARTESIAN_POINT ( 'NONE',  ( 0.8922005383792627200, 1.545336663013173300, -9.408333333333331400 ) ) ;
#2556 = DIRECTION ( 'NONE',  ( -0.0000000000000000000, -1.224646799147353200E-016, 1.000000000000000000 ) ) ;
#2557 = EDGE_CURVE ( 'NONE', #3553, #5763, #3360, .T. ) ;
#2559 = CARTESIAN_POINT ( 'NONE',  ( 0.0000000000000000000, 1.545336663013173300, -5.849999999999998800 ) ) ;
#2558 = CARTESIAN_POINT ( 'NONE',  ( 0.8922005383792613900, -1.545336663013203300, -2.641666666666665300 ) ) ;
#2560 =( BOUNDED_CURVE ( )  B_SPLINE_CURVE ( 2, ( #3658, #4782, #1716, #5781, #5275, #4188, #1738 ),
 .UNSPECIFIED., .F., .F. ) 
 B_SPLINE_CURVE_WITH_KNOTS ( ( 3, 2, 2, 3 ),
 ( 0.7523899760508918600, 0.7579455316064475100, 0.7635010871620030400, 0.7690566427175585800 ),
 .UNSPECIFIED. ) 
 CURVE ( )  GEOMETRIC_REPRESENTATION_ITEM ( )  RATIONAL_B_SPLINE_CURVE ( ( 1.000000000000000000, 0.8660254037844387100, 1.000000000000000000, 0.8660254037844387100, 1.000000000000000000, 0.8660254037844387100, 1.000000000000000000 ) ) 
 REPRESENTATION_ITEM ( '' )  );
#2561 = CARTESIAN_POINT ( 'NONE',  ( 1.732050807568892100, 0.9999999999999906700, 6.983333333333331600 ) ) ;
#2562 = CARTESIAN_POINT ( 'NONE',  ( -1.764863307568891300, 1.018944305707777800, -1.817708333333327500 ) ) ;
#2563 = CARTESIAN_POINT ( 'NONE',  ( -1.892491597964152600E-016, -1.545336663013203700, 6.487500000000003400 ) ) ;
#2564 = CARTESIAN_POINT ( 'NONE',  ( -1.338300807568892700, 0.7726683315065777700, 9.054166666666668900 ) ) ;
#2565 = EDGE_LOOP ( 'NONE', ( #5031, #451 ) ) ;
#2566 = CARTESIAN_POINT ( 'NONE',  ( -1.176575538379261500, -2.037888611415600100, -2.386458333333334500 ) ) ;
#2567 = CARTESIAN_POINT ( 'NONE',  ( 0.8922005383792627200, 1.545336663013171100, 8.791666666666666100 ) ) ;
#2568 = CARTESIAN_POINT ( 'NONE',  ( 0.1180634655157347500, -0.04192054041507269100, 9.450000000000001100 ) ) ;
#2569 = DIRECTION ( 'NONE',  ( -0.0000000000000000000, -1.224646799147353200E-016, 1.000000000000000000 ) ) ;
#2570 = DIRECTION ( 'NONE',  ( -0.0000000000000000000, -1.224646799147353200E-016, 1.000000000000000000 ) ) ;
#2571 = ORIENTED_EDGE ( 'NONE', *, *, #6013, .F. ) ;
#2572 = CARTESIAN_POINT ( 'NONE',  ( -0.8922005383792617200, 1.545336663013173700, -9.204166666666663900 ) ) ;
#2573 = CARTESIAN_POINT ( 'NONE',  ( -1.892491597964152600E-016, -1.545336663013202800, -1.999999999999998200 ) ) ;
#2574 = DIRECTION ( 'NONE',  ( 0.0000000000000000000, -1.000000000000000000, 0.0000000000000000000 ) ) ;
#2575 = CARTESIAN_POINT ( 'NONE',  ( -1.892491597964152600E-016, -1.545336663013201900, -8.912499999999996100 ) ) ;
#2576 = CARTESIAN_POINT ( 'NONE',  ( -1.764863307568891300, 1.018944305707776900, 7.238541666666663800 ) ) ;
#2577 =( BOUNDED_CURVE ( )  B_SPLINE_CURVE ( 2, ( #3388, #809, #1844, #3855, #1375, #1353, #5388 ),
 .UNSPECIFIED., .F., .T. ) 
 B_SPLINE_CURVE_WITH_KNOTS ( ( 3, 2, 2, 3 ),
 ( 0.2357233093842252500, 0.2412788649397807900, 0.2468344204953363300, 0.2523899760508919700 ),
 .UNSPECIFIED. ) 
 CURVE ( )  GEOMETRIC_REPRESENTATION_ITEM ( )  RATIONAL_B_SPLINE_CURVE ( ( 1.000000000000000000, 0.8660254037844387100, 1.000000000000000000, 0.8660254037844387100, 1.000000000000000000, 0.8660254037844387100, 1.000000000000000000 ) ) 
 REPRESENTATION_ITEM ( '' )  );
#2578 = CARTESIAN_POINT ( 'NONE',  ( -0.8922005383792623900, -1.545336663013201700, -7.658333333333331400 ) ) ;
#2579 = CARTESIAN_POINT ( 'NONE',  ( 0.0000000000000000000, 2.000000000000001800, -8.300000000000002500 ) ) ;
#2581 = CARTESIAN_POINT ( 'NONE',  ( 0.8922005383792627200, 1.545336663013172900, -5.908333333333331400 ) ) ;
#2580 = CARTESIAN_POINT ( 'NONE',  ( -1.892491597964152600E-016, -1.545336663013202800, -3.399999999999998600 ) ) ;
#2582 = CARTESIAN_POINT ( 'NONE',  ( 1.861273641470373700, 0.4470797410485368200, 7.791036935834366500 ) ) ;
#2583 = ORIENTED_EDGE ( 'NONE', *, *, #3340, .T. ) ;
#2584 = VERTEX_POINT ( 'NONE', #6200 ) ;
#2585 = DIRECTION ( 'NONE',  ( 0.0000000000000000000, -1.000000000000000000, 0.0000000000000000000 ) ) ;
#2586 = FACE_OUTER_BOUND ( 'NONE', #544, .T. ) ;
#2587 = CARTESIAN_POINT ( 'NONE',  ( 1.154700538379260100, -2.000000000000032000, 2.695833333333338600 ) ) ;
#2588 = CARTESIAN_POINT ( 'NONE',  ( 1.764863307568892200, 1.018944305707776500, -4.851041666666661800 ) ) ;
#2589 = CARTESIAN_POINT ( 'NONE',  ( -2.309401076758521100, -1.537488579708529100E-014, 1.674999999999998500 ) ) ;
#2590 = CARTESIAN_POINT ( 'NONE',  ( 0.8922005383792627200, 1.545336663013171700, 3.279166666666668100 ) ) ;
#2591 = CARTESIAN_POINT ( 'NONE',  ( -0.8922005383792623900, -1.545336663013201900, -5.470833333333332300 ) ) ;
#2592 = CARTESIAN_POINT ( 'NONE',  ( 1.784401076758523700, -1.431174568153927200E-014, -10.83749999999999900 ) ) ;
#2593 = CIRCLE ( 'NONE', #2594, 1.875000000000001800 ) ;
#2594 = AXIS2_PLACEMENT_3D ( 'NONE', #6533, #3952, #501 ) ;
#2595 = CARTESIAN_POINT ( 'NONE',  ( -1.764863307568891300, 1.018944305707777800, -0.4614583333333345200 ) ) ;
#2596 = CARTESIAN_POINT ( 'NONE',  ( 0.0000000000000000000, -2.226776695296639000, 8.826776695296638700 ) ) ;
#2597 = CARTESIAN_POINT ( 'NONE',  ( 0.1116810264836944200, -0.05629632967718803400, 9.450000000000011700 ) ) ;
#2598 = CARTESIAN_POINT ( 'NONE',  ( 0.0000000000000000000, 2.000000000000000000, 7.799999999999999800 ) ) ;
#2599 = DIRECTION ( 'NONE',  ( -0.0000000000000000000, -1.224646799147353200E-016, 1.000000000000000000 ) ) ;
#2600 = CARTESIAN_POINT ( 'NONE',  ( -1.338300807568892900, -0.7726683315066086300, -2.116666666666665800 ) ) ;
#2601 = CARTESIAN_POINT ( 'NONE',  ( 1.154700538379260100, -2.000000000000030600, -9.904166666666659700 ) ) ;
#2602 = EDGE_CURVE ( 'NONE', #1241, #510, #4957, .T. ) ;
#2603 = CARTESIAN_POINT ( 'NONE',  ( -1.732050807568891000, 0.9999999999999935600, -3.895833333333329000 ) ) ;
#2604 = FACE_OUTER_BOUND ( 'NONE', #4518, .T. ) ;
#2605 = CARTESIAN_POINT ( 'NONE',  ( 1.764863307568892200, 1.018944305707775400, 4.205208333333331400 ) ) ;
#2606 = CARTESIAN_POINT ( 'NONE',  ( -1.338300807568892900, -0.7726683315066078500, -7.716666666666665000 ) ) ;
#2608 = CARTESIAN_POINT ( 'NONE',  ( -1.338300807568892700, 0.7726683315065795400, -6.433333333333331800 ) ) ;
#2607 = CARTESIAN_POINT ( 'NONE',  ( -0.8922005383792623900, -1.545336663013202600, -3.458333333333332100 ) ) ;
#2609 = CARTESIAN_POINT ( 'NONE',  ( 0.0000000000000000000, -2.000000000000004000, 11.10000000000000000 ) ) ;
#2610 = ORIENTED_EDGE ( 'NONE', *, *, #1330, .T. ) ;
#2611 = VECTOR ( 'NONE', #2617, 1000.000000000000000 ) ;
#2612 = CARTESIAN_POINT ( 'NONE',  ( 1.176575538379261800, 2.037888611415569000, 2.907291666666671000 ) ) ;
#2613 = VERTEX_POINT ( 'NONE', #1161 ) ;
#2614 = CARTESIAN_POINT ( 'NONE',  ( 0.0000000000000000000, 2.000000000000001800, -7.600000000000002300 ) ) ;
#2615 = ORIENTED_EDGE ( 'NONE', *, *, #524, .T. ) ;
#2616 = CARTESIAN_POINT ( 'NONE',  ( -1.764863307568891300, 1.018944305707778100, -2.517708333333328300 ) ) ;
#2617 = DIRECTION ( 'NONE',  ( -0.0000000000000000000, -1.224646799147353200E-016, 1.000000000000000000 ) ) ;
#2618 = EDGE_CURVE ( 'NONE', #5573, #1938, #3916, .T. ) ;
#2619 = CARTESIAN_POINT ( 'NONE',  ( -1.784401076758523700, -1.390684044660740600E-014, -10.57499999999999800 ) ) ;
#2620 = CARTESIAN_POINT ( 'NONE',  ( -1.784401076758523700, -1.614641328054812700E-014, 7.712500000000000400 ) ) ;
#2621 = CARTESIAN_POINT ( 'NONE',  ( -0.8922005383792623900, -1.545336663013201500, -9.670833333333332500 ) ) ;
#2622 = FACE_OUTER_BOUND ( 'NONE', #3512, .T. ) ;
#2623 = CARTESIAN_POINT ( 'NONE',  ( -1.176575538379261500, -2.037888611415601000, 2.513541666666665900 ) ) ;
#2624 = CARTESIAN_POINT ( 'NONE',  ( 1.093750000003819600, -0.8118988160457094600, 10.00000000000000000 ) ) ;
#2625 = CARTESIAN_POINT ( 'NONE',  ( 0.3915725446674628900, 1.217301158903033400, 10.00000000000000200 ) ) ;
#2626 = CARTESIAN_POINT ( 'NONE',  ( 1.732050807568892100, 0.9999999999999904500, 6.370833333333338900 ) ) ;
#2627 = CARTESIAN_POINT ( 'NONE',  ( -0.8922005383792623900, -1.545336663013202200, -4.070833333333331100 ) ) ;
#2628 = CARTESIAN_POINT ( 'NONE',  ( 0.0000000000000000000, 1.545336663013172600, -1.649999999999998600 ) ) ;
#2629 = CARTESIAN_POINT ( 'NONE',  ( -1.154700538379255500, 2.000000000000010200, -8.941666666666666400 ) ) ;
#2630 = CARTESIAN_POINT ( 'NONE',  ( 1.784401076758523700, -1.448319623341990000E-014, -9.437499999999998200 ) ) ;
#2631 = CARTESIAN_POINT ( 'NONE',  ( -1.176575538379260700, 2.037888611415569400, 5.780208333333331600 ) ) ;
#2632 = CARTESIAN_POINT ( 'NONE',  ( -0.8922005383792617200, 1.545336663013173100, -4.391666666666664800 ) ) ;
#2633 = PLANE ( 'NONE',  #3934 ) ;
#2635 = DIRECTION ( 'NONE',  ( 0.0000000000000000000, 0.0000000000000000000, 1.000000000000000000 ) ) ;
#2634 = CARTESIAN_POINT ( 'NONE',  ( 0.8922005383792627200, 1.545336663013172900, -5.208333333333333000 ) ) ;
#2636 = AXIS2_PLACEMENT_3D ( 'NONE', #4419, #4465, #1872 ) ;
#2637 = CARTESIAN_POINT ( 'NONE',  ( -1.176575538379261500, -2.037888611415601000, 1.857291666666672100 ) ) ;
#2638 = ORIENTED_EDGE ( 'NONE', *, *, #6474, .F. ) ;
#2639 = CARTESIAN_POINT ( 'NONE',  ( -0.5810418652584407000, -1.606133735257717900, -10.95873626894523600 ) ) ;
#2640 = CARTESIAN_POINT ( 'NONE',  ( 1.764863307568892200, 1.018944305707776300, -2.051041666666661100 ) ) ;
#2641 = CARTESIAN_POINT ( 'NONE',  ( 1.784401076758523700, -1.654060285598745600E-014, 7.362500000000001600 ) ) ;
#2642 = CARTESIAN_POINT ( 'NONE',  ( -1.338300807568892900, -0.7726683315066098500, 8.470833333333336800 ) ) ;
#2643 =( BOUNDED_CURVE ( )  B_SPLINE_CURVE ( 2, ( #112, #5696, #6228, #2189, #3177, #613, #4744 ),
 .UNSPECIFIED., .F., .T. ) 
 B_SPLINE_CURVE_WITH_KNOTS ( ( 3, 2, 2, 3 ),
 ( 0.7000000000000000700, 0.7055555555555557100, 0.7111111111111111400, 0.7166666666666666700 ),
 .UNSPECIFIED. ) 
 CURVE ( )  GEOMETRIC_REPRESENTATION_ITEM ( )  RATIONAL_B_SPLINE_CURVE ( ( 0.9999999999999973400, 0.8660254037844414800, 1.000000000000000000, 0.8660254037844388200, 1.000000000000000000, 0.8660254037844388200, 1.000000000000000000 ) ) 
 REPRESENTATION_ITEM ( '' )  );
#2644 = CARTESIAN_POINT ( 'NONE',  ( -2.353151076758521800, -1.520343524520466500E-014, 0.2968749999999985600 ) ) ;
#2645 = CARTESIAN_POINT ( 'NONE',  ( -1.154700538379247900, -2.000000000000053700, -1.708333333333333300 ) ) ;
#2646 = LINE ( 'NONE', #3157, #757 ) ;
#2647 = CARTESIAN_POINT ( 'NONE',  ( 0.0000000000000000000, 2.000000000000001300, -5.412499999999994300 ) ) ;
#2648 = CARTESIAN_POINT ( 'NONE',  ( -1.338300807568892700, 0.7726683315065791000, -2.145833333333331300 ) ) ;
#2649 = CARTESIAN_POINT ( 'NONE',  ( 0.8922005383792613900, -1.545336663013203500, 0.8583333333333342800 ) ) ;
#2650 = CARTESIAN_POINT ( 'NONE',  ( 0.8922005383792627200, 1.545336663013173300, -9.320833333333329300 ) ) ;
#2651 = CARTESIAN_POINT ( 'NONE',  ( 1.176575538379261800, 2.037888611415569000, 6.363541666666666400 ) ) ;
#2652 =( BOUNDED_CURVE ( )  B_SPLINE_CURVE ( 2, ( #555, #4661, #4587, #2103, #6115, #1621, #1549 ),
 .UNSPECIFIED., .F., .F. ) 
 B_SPLINE_CURVE_WITH_KNOTS ( ( 3, 2, 2, 3 ),
 ( 0.3357233093842252300, 0.3412788649397807700, 0.3468344204953364200, 0.3523899760508919500 ),
 .UNSPECIFIED. ) 
 CURVE ( )  GEOMETRIC_REPRESENTATION_ITEM ( )  RATIONAL_B_SPLINE_CURVE ( ( 1.000000000000000000, 0.8660254037844387100, 1.000000000000000000, 0.8660254037844387100, 1.000000000000000000, 0.8660254037844387100, 1.000000000000000000 ) ) 
 REPRESENTATION_ITEM ( '' )  );
#2653 = ORIENTED_EDGE ( 'NONE', *, *, #4124, .T. ) ;
#2654 = CARTESIAN_POINT ( 'NONE',  ( -1.338300807568892900, -0.7726683315066084100, -3.516666666666664400 ) ) ;
#2655 = CARTESIAN_POINT ( 'NONE',  ( 1.732050807568890500, -1.000000000000023100, -9.145833333333328600 ) ) ;
#2656 = EDGE_CURVE ( 'NONE', #3651, #4879, #3837, .T. ) ;
#2658 = DIRECTION ( 'NONE',  ( 0.0000000000000000000, 0.0000000000000000000, 1.000000000000000000 ) ) ;
#2657 = CARTESIAN_POINT ( 'NONE',  ( -1.784401076758523700, -1.527844486165244100E-014, 0.6250000000000023300 ) ) ;
#2659 = CARTESIAN_POINT ( 'NONE',  ( 1.176575538379260000, -2.037888611415601800, 1.273958333333338600 ) ) ;
#2660 = EDGE_CURVE ( 'NONE', #805, #1638, #3503, .T. ) ;
#2661 = ORIENTED_EDGE ( 'NONE', *, *, #64, .T. ) ;
#2662 = CARTESIAN_POINT ( 'NONE',  ( 1.732050807568892100, 0.9999999999999920100, -4.216666666666667700 ) ) ;
#2663 = CARTESIAN_POINT ( 'NONE',  ( -2.449293598294726100E-016, -2.000000000000032000, 4.737500000000005200 ) ) ;
#2664 = CARTESIAN_POINT ( 'NONE',  ( -1.764863307568891300, 1.018944305707778100, -3.217708333333327600 ) ) ;
#2665 = CARTESIAN_POINT ( 'NONE',  ( 0.8922005383792627200, 1.545336663013171100, 8.879166666666666400 ) ) ;
#2666 = CARTESIAN_POINT ( 'NONE',  ( -2.495693764988940900E-016, -2.037888611415600500, 1.171874999999999300 ) ) ;
#2667 = ORIENTED_EDGE ( 'NONE', *, *, #5936, .T. ) ;
#2668 = CARTESIAN_POINT ( 'NONE',  ( 1.154700538379273400, -2.000000000000008900, 1.908333333333333700 ) ) ;
#2669 = CARTESIAN_POINT ( 'NONE',  ( -1.892491597964152600E-016, -1.545336663013202600, -4.012499999999997500 ) ) ;
#2670 = CARTESIAN_POINT ( 'NONE',  ( -1.154700538379260600, 2.000000000000000400, 2.258333333333332000 ) ) ;
#2671 = CARTESIAN_POINT ( 'NONE',  ( 0.8922005383792627200, 1.545336663013171700, 2.491666666666667600 ) ) ;
#2672 = CARTESIAN_POINT ( 'NONE',  ( -0.8922005383792617200, 1.545336663013173700, -9.904166666666661500 ) ) ;
#2673 = CARTESIAN_POINT ( 'NONE',  ( -1.764863307568891500, -1.018944305707808300, 5.255208333333330400 ) ) ;
#2674 = VERTEX_POINT ( 'NONE', #707 ) ;
#2675 = CARTESIAN_POINT ( 'NONE',  ( 0.8922005383792627200, 1.545336663013172900, -5.208333333333332100 ) ) ;
#2676 = CARTESIAN_POINT ( 'NONE',  ( 1.732050807568892100, 0.9999999999999917800, -2.116666666666668500 ) ) ;
#2677 = CARTESIAN_POINT ( 'NONE',  ( 1.338300807568892500, -0.7726683315066098500, 0.2166666666666688400 ) ) ;
#2678 = CYLINDRICAL_SURFACE ( 'NONE', #5293, 2.000000000000001800 ) ;
#2679 = CARTESIAN_POINT ( 'NONE',  ( 2.353151076758521800, -1.582801149973358500E-014, 0.6906250000000053700 ) ) ;
#2680 = VECTOR ( 'NONE', #3989, 1000.000000000000000 ) ;
#2681 = CARTESIAN_POINT ( 'NONE',  ( -0.4699172335303339900, -1.662224000761634900, -10.93940321378596000 ) ) ;
#2682 = CARTESIAN_POINT ( 'NONE',  ( -2.495693764988940900E-016, -2.037888611415600500, 0.5156250000000056600 ) ) ;
#2683 = DIRECTION ( 'NONE',  ( 1.000000000000000000, 0.0000000000000000000, -0.0000000000000000000 ) ) ;
#2684 = CARTESIAN_POINT ( 'NONE',  ( 1.338300807568892500, -0.7726683315066107400, 7.304166666666667100 ) ) ;
#2685 = CARTESIAN_POINT ( 'NONE',  ( -1.338300807568892700, 0.7726683315065795400, -6.345833333333330600 ) ) ;
#2686 = CARTESIAN_POINT ( 'NONE',  ( -1.764863307568891300, 1.018944305707777600, 1.638541666666664800 ) ) ;
#2687 = CARTESIAN_POINT ( 'NONE',  ( 1.249999999999999800, -0.4871928224781378900, 11.01787336353942100 ) ) ;
#2688 = CARTESIAN_POINT ( 'NONE',  ( -0.01189117488104639800, -0.1244574993174715300, 9.450000000000001100 ) ) ;
#2689 = CARTESIAN_POINT ( 'NONE',  ( -0.9563676696403529100, 1.564466242521879400, -10.84548130863806000 ) ) ;
#2690 = CARTESIAN_POINT ( 'NONE',  ( 0.8922005383792613900, -1.545336663013203300, -1.854166666666664100 ) ) ;
#2691 = CARTESIAN_POINT ( 'NONE',  ( 0.0000000000000000000, 6.974052236006912100E-016, -11.09999999999999800 ) ) ;
#2692 = VERTEX_POINT ( 'NONE', #5850 ) ;
#2693 = CARTESIAN_POINT ( 'NONE',  ( -1.784401076758523700, -1.553562068947338200E-014, 2.725000000000001900 ) ) ;
#2694 = DIRECTION ( 'NONE',  ( -0.0000000000000000000, -1.224646799147353200E-016, 1.000000000000000000 ) ) ;
#2695 = EDGE_CURVE ( 'NONE', #5677, #3424, #245, .T. ) ;
#2696 = CARTESIAN_POINT ( 'NONE',  ( -0.8922005383792623900, -1.545336663013201700, -6.870833333333331800 ) ) ;
#2697 = CARTESIAN_POINT ( 'NONE',  ( -2.353151076758521800, -1.631786383242875600E-014, 9.396874999999997900 ) ) ;
#2698 = VERTEX_POINT ( 'NONE', #3196 ) ;
#2699 = EDGE_LOOP ( 'NONE', ( #2984, #2708, #1312 ) ) ;
#2700 = ORIENTED_EDGE ( 'NONE', *, *, #3146, .T. ) ;
#2701 = CARTESIAN_POINT ( 'NONE',  ( -0.8922005383792617200, 1.545336663013173100, -3.691666666666665100 ) ) ;
#2702 = CARTESIAN_POINT ( 'NONE',  ( -2.449293598294726600E-016, -2.000000000000030600, -2.350000000000002300 ) ) ;
#2703 = CARTESIAN_POINT ( 'NONE',  ( -1.892491597964152600E-016, -1.545336663013203000, -0.5999999999999980900 ) ) ;
#2704 = CYLINDRICAL_SURFACE ( 'NONE', #1910, 2.000000000000001800 ) ;
#2705 = CARTESIAN_POINT ( 'NONE',  ( 1.641047076777985400, 1.043724511018250900, 7.808741606691156400 ) ) ;
#2706 = CARTESIAN_POINT ( 'NONE',  ( -2.495693764988940900E-016, -2.037888611415601000, 4.015625000000005300 ) ) ;
#2707 = CARTESIAN_POINT ( 'NONE',  ( 0.0000000000000000000, -2.021310670506432500E-015, 11.10000000000000000 ) ) ;
#2708 = ORIENTED_EDGE ( 'NONE', *, *, #6264, .T. ) ;
#2709 = CARTESIAN_POINT ( 'NONE',  ( -1.176575538379261500, -2.037888611415600500, -0.2427083333333274200 ) ) ;
#2710 = CARTESIAN_POINT ( 'NONE',  ( -1.338300807568892900, -0.7726683315066098500, 8.470833333333336800 ) ) ;
#2711 = CARTESIAN_POINT ( 'NONE',  ( 0.8922005383792627200, 1.545336663013172900, -5.820833333333331100 ) ) ;
#2712 = CARTESIAN_POINT ( 'NONE',  ( 1.764863307568890900, -1.018944305707809400, 3.388541666666664600 ) ) ;
#2713 = CARTESIAN_POINT ( 'NONE',  ( -2.449293598294726600E-016, -2.000000000000031100, -1.650000000000001000 ) ) ;
#2714 = CARTESIAN_POINT ( 'NONE',  ( -1.243172892659814500, -0.6219519608812410500, 9.999999999999996400 ) ) ;
#2715 = CARTESIAN_POINT ( 'NONE',  ( 1.338300807568893600, 0.7726683315065779900, -3.079166666666663900 ) ) ;
#2716 = VERTEX_POINT ( 'NONE', #2262 ) ;
#2717 = CARTESIAN_POINT ( 'NONE',  ( -1.338300807568892700, 0.7726683315065783200, 4.066666666666668200 ) ) ;
#2718 = CARTESIAN_POINT ( 'NONE',  ( 0.0000000000000000000, 2.000000000000000900, -1.912499999999995200 ) ) ;
#2719 = CARTESIAN_POINT ( 'NONE',  ( 0.8922005383792627200, 1.545336663013173100, -7.920833333333331600 ) ) ;
#2720 = VERTEX_POINT ( 'NONE', #2747 ) ;
#2721 = CARTESIAN_POINT ( 'NONE',  ( 0.8922005383792627200, 1.545336663013173300, -10.02083333333333200 ) ) ;
#2722 = CARTESIAN_POINT ( 'NONE',  ( -1.338300807568892900, -0.7726683315066081900, -5.616666666666664500 ) ) ;
#2723 = CARTESIAN_POINT ( 'NONE',  ( -1.732050807568891000, 0.9999999999999933400, -3.195833333333327500 ) ) ;
#2725 = CARTESIAN_POINT ( 'NONE',  ( -1.154700538379261700, -2.000000000000030200, -5.120833333333329100 ) ) ;
#2724 = CARTESIAN_POINT ( 'NONE',  ( -0.8922005383792617200, 1.545336663013172400, 1.208333333333335500 ) ) ;
#2726 = CARTESIAN_POINT ( 'NONE',  ( 0.9913663020830756300, 1.737873128422823700, 7.836054034720983300 ) ) ;
#2727 = CC_DESIGN_PERSON_AND_ORGANIZATION_ASSIGNMENT ( #3623, #1198, ( #1556 ) ) ;
#2728 = ORIENTED_EDGE ( 'NONE', *, *, #161, .T. ) ;
#2729 = CARTESIAN_POINT ( 'NONE',  ( 1.176575538379261800, 2.037888611415568100, 7.807291666666670500 ) ) ;
#2730 = ADVANCED_FACE ( 'NONE', ( #1134 ), #4479, .T. ) ;
#2731 = CARTESIAN_POINT ( 'NONE',  ( 2.449293598294708900E-016, 1.999999999999999600, 11.10000000000000000 ) ) ;
#2732 = DIRECTION ( 'NONE',  ( -0.0000000000000000000, -0.0000000000000000000, 1.000000000000000000 ) ) ;
#2733 = CARTESIAN_POINT ( 'NONE',  ( -1.732050807568891200, 0.9999999999999924500, 5.816666666666665500 ) ) ;
#2734 = CARTESIAN_POINT ( 'NONE',  ( 0.0000000000000000000, 2.037888611415570300, 0.1656250000000043000 ) ) ;
#2735 = CARTESIAN_POINT ( 'NONE',  ( -1.154700538379261700, -2.000000000000031500, 6.779166666666671200 ) ) ;
#2736 = DIRECTION ( 'NONE',  ( 1.502314598737159000E-016, -1.000000000000000000, 0.0000000000000000000 ) ) ;
#2737 = CARTESIAN_POINT ( 'NONE',  ( -1.784401076758523700, -1.417473193392088800E-014, -8.387499999999997500 ) ) ;
#2738 = VECTOR ( 'NONE', #2795, 1000.000000000000000 ) ;
#2739 = EDGE_CURVE ( 'NONE', #3446, #5073, #1611, .T. ) ;
#2740 = CARTESIAN_POINT ( 'NONE',  ( -1.764863307568891500, -1.018944305707808000, 3.855208333333331800 ) ) ;
#2741 = CARTESIAN_POINT ( 'NONE',  ( -1.211360211680041500, -0.6993791442990763300, 9.999999999999996400 ) ) ;
#2742 = CARTESIAN_POINT ( 'NONE',  ( -1.510867170874028400, 1.068067675593183300, -10.81637266966663400 ) ) ;
#2743 = CARTESIAN_POINT ( 'NONE',  ( 1.338300807568893600, 0.7726683315065775400, -0.2791666666666636800 ) ) ;
#2744 = CARTESIAN_POINT ( 'NONE',  ( -1.154700538379261900, 1.999999999999999300, -9.641666666666663900 ) ) ;
#2745 = CARTESIAN_POINT ( 'NONE',  ( -0.8922005383792617200, 1.545336663013172400, 1.208333333333335500 ) ) ;
#2746 = EDGE_LOOP ( 'NONE', ( #2546, #1259 ) ) ;
#2747 = CARTESIAN_POINT ( 'NONE',  ( 3.553814453441591100E-016, 1.875000000000000000, 11.10000000000000000 ) ) ;
#2748 = CARTESIAN_POINT ( 'NONE',  ( 0.8922005383792627200, 1.545336663013172900, -5.820833333333331100 ) ) ;
#2749 = CARTESIAN_POINT ( 'NONE',  ( -1.176575538379260700, 2.037888611415569000, 8.580208333333333200 ) ) ;
#2750 = CARTESIAN_POINT ( 'NONE',  ( -1.338300807568892900, -0.7726683315066088500, -0.01666666666666483100 ) ) ;
#2751 = CARTESIAN_POINT ( 'NONE',  ( -1.784401076758523700, -1.519271958571212500E-014, -0.07499999999999865100 ) ) ;
#2752 = CARTESIAN_POINT ( 'NONE',  ( -1.592627008963468000, -0.05093825995695963600, 7.604279689152766000 ) ) ;
#2753 = CARTESIAN_POINT ( 'NONE',  ( -1.764863307568891500, -1.018944305707808700, 8.098958333333339300 ) ) ;
#2754 = EDGE_CURVE ( 'NONE', #808, #6596, #4710, .T. ) ;
#2755 = CARTESIAN_POINT ( 'NONE',  ( -1.154700538379267400, 1.999999999999989600, -5.441666666666667300 ) ) ;
#2756 = ORIENTED_EDGE ( 'NONE', *, *, #2796, .F. ) ;
#2757 = CARTESIAN_POINT ( 'NONE',  ( 2.309401076758521100, -1.615483911425603800E-014, 3.424999999999998500 ) ) ;
#2758 = ORIENTED_EDGE ( 'NONE', *, *, #1859, .F. ) ;
#2759 = DIRECTION ( 'NONE',  ( 0.0000000000000000000, -1.000000000000000000, 0.0000000000000000000 ) ) ;
#2760 = CARTESIAN_POINT ( 'NONE',  ( -0.8922005383792617200, 1.545336663013173700, -9.204166666666663900 ) ) ;
#2761 = VECTOR ( 'NONE', #1697, 1000.000000000000000 ) ;
#2762 = AXIS2_PLACEMENT_3D ( 'NONE', #5588, #4612, #997 ) ;
#2763 = CARTESIAN_POINT ( 'NONE',  ( 0.06294101815055512500, -0.1090170413168791700, 9.449999999999985100 ) ) ;
#2764 = ADVANCED_FACE ( 'NONE', ( #3765, #4139 ), #6302, .F. ) ;
#2765 = CARTESIAN_POINT ( 'NONE',  ( -2.309401076758521100, -1.460335831362246100E-014, -4.624999999999999100 ) ) ;
#2766 = CARTESIAN_POINT ( 'NONE',  ( -1.338300807568892900, -0.7726683315066086300, -1.329166666666664200 ) ) ;
#2767 = CARTESIAN_POINT ( 'NONE',  ( 1.154700538379260100, -2.000000000000030600, -7.804166666666661800 ) ) ;
#2768 = CARTESIAN_POINT ( 'NONE',  ( -0.8922005383792617200, 1.545336663013171700, 6.808333333333336200 ) ) ;
#2769 = CARTESIAN_POINT ( 'NONE',  ( 0.0000000000000000000, -2.021310670506432500E-015, 11.10000000000000000 ) ) ;
#2770 = CARTESIAN_POINT ( 'NONE',  ( -0.8922005383792617200, 1.545336663013173500, -7.104166666666663400 ) ) ;
#2771 = VECTOR ( 'NONE', #139, 1000.000000000000000 ) ;
#2772 = CARTESIAN_POINT ( 'NONE',  ( 0.8922005383792627200, 1.545336663013172200, -0.3083333333333323500 ) ) ;
#2774 = CARTESIAN_POINT ( 'NONE',  ( 0.0000000000000000000, 2.000000000000001800, -9.612499999999995400 ) ) ;
#2773 = CARTESIAN_POINT ( 'NONE',  ( -0.8922005383792617200, 1.545336663013171700, 5.408333333333334100 ) ) ;
#2775 = DIRECTION ( 'NONE',  ( -0.0000000000000000000, -1.224646799147353200E-016, 1.000000000000000000 ) ) ;
#2776 = VECTOR ( 'NONE', #2141, 1000.000000000000000 ) ;
#2777 = CARTESIAN_POINT ( 'NONE',  ( 0.0000000000000000000, 2.037888611415569400, 5.765625000000003600 ) ) ;
#2778 = DIRECTION ( 'NONE',  ( 0.0000000000000000000, 0.0000000000000000000, 1.000000000000000000 ) ) ;
#2779 = CARTESIAN_POINT ( 'NONE',  ( -0.8922005383792617200, 1.545336663013173700, -9.991666666666663600 ) ) ;
#2780 = ORIENTED_EDGE ( 'NONE', *, *, #220, .T. ) ;
#2781 = DIRECTION ( 'NONE',  ( 0.8660254037844384900, 0.5000000000000002200, 0.0000000000000000000 ) ) ;
#2782 = CARTESIAN_POINT ( 'NONE',  ( 0.0000000000000000000, 2.000000000000000400, 4.299999999999999800 ) ) ;
#2783 = CARTESIAN_POINT ( 'NONE',  ( -2.309401076758521100, -1.511770996926434900E-014, -0.4250000000000006000 ) ) ;
#2784 = CARTESIAN_POINT ( 'NONE',  ( 0.0000000000000000000, 1.545336663013173300, -6.462499999999997700 ) ) ;
#2785 = ORIENTED_EDGE ( 'NONE', *, *, #5349, .T. ) ;
#2786 = CYLINDRICAL_SURFACE ( 'NONE', #6058, 2.000000000000001800 ) ;
#2787 = AXIS2_PLACEMENT_3D ( 'NONE', #5373, #1310, #4889 ) ;
#2788 = DIRECTION ( 'NONE',  ( 0.0000000000000000000, -1.000000000000000000, 0.0000000000000000000 ) ) ;
#2789 = CARTESIAN_POINT ( 'NONE',  ( -1.249999999999999800, -0.5677983604944392100, 10.00000000000000000 ) ) ;
#2790 = ORIENTED_EDGE ( 'NONE', *, *, #5724, .F. ) ;
#2791 = CARTESIAN_POINT ( 'NONE',  ( -1.879908390063192800, 0.1607592265525209500, -10.77974876663636800 ) ) ;
#2792 = CARTESIAN_POINT ( 'NONE',  ( 0.8922005383792627200, 1.545336663013172200, -1.620833333333331800 ) ) ;
#2793 = CARTESIAN_POINT ( 'NONE',  ( -1.732050807568891200, 0.9999999999999941200, -9.583333333333335700 ) ) ;
#2794 = CARTESIAN_POINT ( 'NONE',  ( 0.0000000000000000000, 1.545336663013171500, 8.150000000000000400 ) ) ;
#2795 = DIRECTION ( 'NONE',  ( -0.0000000000000000000, -1.224646799147353200E-016, 1.000000000000000000 ) ) ;
#2796 = EDGE_CURVE ( 'NONE', #107, #1664, #4198, .T. ) ;
#2797 = CARTESIAN_POINT ( 'NONE',  ( 1.338300807568892500, -0.7726683315066093000, -4.595833333333331400 ) ) ;
#2798 = VECTOR ( 'NONE', #5182, 1000.000000000000000 ) ;
#2799 = CARTESIAN_POINT ( 'NONE',  ( -1.892491597964152600E-016, -1.545336663013203000, -0.5999999999999980900 ) ) ;
#2801 = CARTESIAN_POINT ( 'NONE',  ( 1.249999999999999800, 0.5412658773997653900, 10.00000000000000000 ) ) ;
#2800 = CARTESIAN_POINT ( 'NONE',  ( -1.892491597964152600E-016, -1.545336663013203500, 2.200000000000002400 ) ) ;
#2802 = PERSON_AND_ORGANIZATION_ROLE ( 'creator' ) ;
#2803 = CARTESIAN_POINT ( 'NONE',  ( -1.764863307568891300, 1.018944305707776900, 5.882291666666670700 ) ) ;
#2804 =( BOUNDED_CURVE ( )  B_SPLINE_CURVE ( 2, ( #3854, #4822, #5858, #1326, #3794, #4887, #1287 ),
 .UNSPECIFIED., .F., .T. ) 
 B_SPLINE_CURVE_WITH_KNOTS ( ( 3, 2, 2, 3 ),
 ( 0.8666666666666667000, 0.8722222222222223400, 0.8777777777777778800, 0.8833333333333335300 ),
 .UNSPECIFIED. ) 
 CURVE ( )  GEOMETRIC_REPRESENTATION_ITEM ( )  RATIONAL_B_SPLINE_CURVE ( ( 1.000000000000000000, 0.8660254037844388200, 1.000000000000000000, 0.8660254037844388200, 1.000000000000000000, 0.8660254037844334900, 1.000000000000005300 ) ) 
 REPRESENTATION_ITEM ( '' )  );
#2805 = CARTESIAN_POINT ( 'NONE',  ( -2.449293598294726600E-016, -2.000000000000030600, -3.750000000000001800 ) ) ;
#2806 =( BOUNDED_CURVE ( )  B_SPLINE_CURVE ( 2, ( #2579, #3151, #5159, #4097, #4076, #5646, #5110 ),
 .UNSPECIFIED., .F., .T. ) 
 B_SPLINE_CURVE_WITH_KNOTS ( ( 3, 2, 2, 3 ),
 ( 0.1333333333333333600, 0.1388888888888889200, 0.1444444444444444600, 0.1500000000000000200 ),
 .UNSPECIFIED. ) 
 CURVE ( )  GEOMETRIC_REPRESENTATION_ITEM ( )  RATIONAL_B_SPLINE_CURVE ( ( 0.9999999999999993300, 0.8660254037844394800, 1.000000000000000000, 0.8660254037844388200, 1.000000000000000000, 0.8660254037844381500, 1.000000000000000700 ) ) 
 REPRESENTATION_ITEM ( '' )  );
#2807 = CARTESIAN_POINT ( 'NONE',  ( 0.0000000000000000000, 2.000000000000000900, -0.5124999999999950700 ) ) ;
#2808 = CARTESIAN_POINT ( 'NONE',  ( -2.449293598294726600E-016, -2.000000000000030600, -5.150000000000002100 ) ) ;
#2809 = CARTESIAN_POINT ( 'NONE',  ( 4.811416158481894300E-016, 3.928819445599978100, 9.583061232364753900 ) ) ;
#2810 = CARTESIAN_POINT ( 'NONE',  ( 0.0000000000000000000, 2.000000000000001300, -4.012499999999994000 ) ) ;
#2811 = CARTESIAN_POINT ( 'NONE',  ( 1.338300807568893600, 0.7726683315065779900, -3.079166666666663900 ) ) ;
#2812 = ORIENTED_EDGE ( 'NONE', *, *, #3146, .F. ) ;
#2813 = CARTESIAN_POINT ( 'NONE',  ( 2.309401076758521100, -1.444033359544974200E-014, -10.57500000000000100 ) ) ;
#2814 = CARTESIAN_POINT ( 'NONE',  ( -2.449293598294726600E-016, -2.000000000000031100, -1.650000000000001000 ) ) ;
#2815 = CARTESIAN_POINT ( 'NONE',  ( 2.353151076758521800, -1.453677453088259500E-014, -9.853125000000000400 ) ) ;
#2816 = CARTESIAN_POINT ( 'NONE',  ( -1.338300807568892700, 0.7726683315065787600, -0.04583333333333175500 ) ) ;
#2817 = CARTESIAN_POINT ( 'NONE',  ( 0.8922005383792613900, -1.545336663013204400, 6.458333333333333900 ) ) ;
#2818 = CARTESIAN_POINT ( 'NONE',  ( 1.784401076758523700, -1.516899844094241800E-014, -3.837499999999997700 ) ) ;
#2819 = CARTESIAN_POINT ( 'NONE',  ( -1.892491597964152600E-016, -1.545336663013202800, -1.999999999999998200 ) ) ;
#2820 = FACE_OUTER_BOUND ( 'NONE', #5418, .T. ) ;
#2822 = CARTESIAN_POINT ( 'NONE',  ( -1.732050807568891000, 0.9999999999999940000, -8.795833333333329000 ) ) ;
#2821 = CARTESIAN_POINT ( 'NONE',  ( 1.338300807568892500, -0.7726683315066101800, 2.316666666666668200 ) ) ;
#2823 = AXIS2_PLACEMENT_3D ( 'NONE', #6178, #4126, #4179 ) ;
#2824 = CARTESIAN_POINT ( 'NONE',  ( -1.176575538379261500, -2.037888611415601000, 4.657291666666670200 ) ) ;
#2825 = DESIGN_CONTEXT ( 'detailed design', #1242, 'design' ) ;
#2826 = CARTESIAN_POINT ( 'NONE',  ( 1.338300807568892500, -0.7726683315066086300, -9.583333333333332100 ) ) ;
#2827 = ORIENTED_EDGE ( 'NONE', *, *, #842, .F. ) ;
#2828 = LINE ( 'NONE', #2055, #6225 ) ;
#2829 = CARTESIAN_POINT ( 'NONE',  ( 2.816687638038912500E-016, 2.299999999999998500, 8.900000000000002100 ) ) ;
#2830 = DIRECTION ( 'NONE',  ( 0.0000000000000000000, -1.000000000000000000, 0.0000000000000000000 ) ) ;
#2831 = CARTESIAN_POINT ( 'NONE',  ( -1.892491597964152600E-016, -1.545336663013202600, -4.712499999999997700 ) ) ;
#2832 = ORIENTED_EDGE ( 'NONE', *, *, #2367, .T. ) ;
#2833 = EDGE_CURVE ( 'NONE', #1305, #4510, #3054, .T. ) ;
#2834 = CARTESIAN_POINT ( 'NONE',  ( 0.0000000000000000000, -1.819243948647119400E-015, 9.450000000000001100 ) ) ;
#2835 = CARTESIAN_POINT ( 'NONE',  ( 1.176575538379260000, -2.037888611415600100, -9.969791666666667500 ) ) ;
#2836 = CARTESIAN_POINT ( 'NONE',  ( 1.338300807568893600, 0.7726683315065777700, -1.679166666666663800 ) ) ;
#2837 = DIRECTION ( 'NONE',  ( -0.0000000000000000000, -1.224646799147353200E-016, 1.000000000000000000 ) ) ;
#2838 = CARTESIAN_POINT ( 'NONE',  ( 1.338300807568893600, 0.7726683315065769900, 4.533333333333333200 ) ) ;
#2839 = CARTESIAN_POINT ( 'NONE',  ( -0.8922005383792617200, 1.545336663013172900, -1.504166666666664000 ) ) ;
#2840 = ORIENTED_EDGE ( 'NONE', *, *, #2833, .F. ) ;
#2841 = CARTESIAN_POINT ( 'NONE',  ( -1.892491597964152600E-016, -1.545336663013203500, 2.200000000000002400 ) ) ;
#2843 = CARTESIAN_POINT ( 'NONE',  ( 1.154700538379260100, -2.000000000000032000, 4.095833333333339400 ) ) ;
#2842 = CARTESIAN_POINT ( 'NONE',  ( 1.338300807568892500, -0.7726683315066104100, 4.416666666666669600 ) ) ;
#2844 = ORIENTED_EDGE ( 'NONE', *, *, #4654, .T. ) ;
#2845 = EDGE_CURVE ( 'NONE', #3881, #2005, #5102, .T. ) ;
#2846 = CARTESIAN_POINT ( 'NONE',  ( -1.892491597964152600E-016, -1.545336663013201900, -10.39999999999999900 ) ) ;
#2847 = FACE_OUTER_BOUND ( 'NONE', #1291, .T. ) ;
#2848 = CARTESIAN_POINT ( 'NONE',  ( -1.082708096908966000, -1.102637102105915400, -11.10000000000000100 ) ) ;
#2849 = CARTESIAN_POINT ( 'NONE',  ( 0.0000000000000000000, 2.000000000000000900, 0.7999999999999980500 ) ) ;
#2850 = CARTESIAN_POINT ( 'NONE',  ( 1.338300807568892500, -0.7726683315066085200, -10.28333333333333100 ) ) ;
#2851 = CARTESIAN_POINT ( 'NONE',  ( 1.338300807568892500, -0.7726683315066093000, -3.895833333333330800 ) ) ;
#2852 = CIRCLE ( 'NONE', #6536, 4.649999999999999500 ) ;
#2853 = AXIS2_PLACEMENT_3D ( 'NONE', #43, #2541, #5095 ) ;
#2854 = CARTESIAN_POINT ( 'NONE',  ( -2.449293598294726600E-016, -2.000000000000031100, 0.4499999999999984000 ) ) ;
#2855 = CARTESIAN_POINT ( 'NONE',  ( 1.176575538379261800, 2.037888611415570800, -9.736458333333335000 ) ) ;
#2856 = CARTESIAN_POINT ( 'NONE',  ( -1.338300807568892900, -0.7726683315066093000, 3.570833333333335500 ) ) ;
#2857 = CARTESIAN_POINT ( 'NONE',  ( -0.8922005383792623900, -1.545336663013203300, 6.341666666666669400 ) ) ;
#2858 =( BOUNDED_CURVE ( )  B_SPLINE_CURVE ( 2, ( #3124, #4116, #1626, #4689, #5640, #5664, #1110 ),
 .UNSPECIFIED., .F., .T. ) 
 B_SPLINE_CURVE_WITH_KNOTS ( ( 3, 2, 2, 3 ),
 ( 0.6500000000000001300, 0.6555555555555556700, 0.6611111111111112000, 0.6666666666666667400 ),
 .UNSPECIFIED. ) 
 CURVE ( )  GEOMETRIC_REPRESENTATION_ITEM ( )  RATIONAL_B_SPLINE_CURVE ( ( 0.9999999999999973400, 0.8660254037844414800, 1.000000000000000000, 0.8660254037844388200, 1.000000000000000000, 0.8660254037844361500, 1.000000000000002700 ) ) 
 REPRESENTATION_ITEM ( '' )  );
#2859 = CARTESIAN_POINT ( 'NONE',  ( -1.338300807568892900, -0.7726683315066085200, -2.729166666666664300 ) ) ;
#2860 = SECURITY_CLASSIFICATION ( '', '', #1841 ) ;
#2861 = CIRCLE ( 'NONE', #4205, 0.3124999999999998300 ) ;
#2862 = CARTESIAN_POINT ( 'NONE',  ( -0.8922005383792617200, 1.545336663013173700, -9.904166666666661500 ) ) ;
#2863 = CARTESIAN_POINT ( 'NONE',  ( 0.8922005383792627200, 1.545336663013171700, 3.191666666666667300 ) ) ;
#2864 = CARTESIAN_POINT ( 'NONE',  ( 0.8922005383792627200, 1.545336663013171700, 2.491666666666667600 ) ) ;
#2865 = ORIENTED_EDGE ( 'NONE', *, *, #2011, .T. ) ;
#2866 = CARTESIAN_POINT ( 'NONE',  ( 1.154700538379248400, 2.000000000000023100, -0.6583333333333325500 ) ) ;
#2867 =( BOUNDED_CURVE ( )  B_SPLINE_CURVE ( 2, ( #2932, #4979, #2952, #2898, #4484, #3371, #1442 ),
 .UNSPECIFIED., .F., .F. ) 
 B_SPLINE_CURVE_WITH_KNOTS ( ( 3, 2, 2, 3 ),
 ( 0.3190566427175586300, 0.3246121982731141600, 0.3301677538286697000, 0.3357233093842252300 ),
 .UNSPECIFIED. ) 
 CURVE ( )  GEOMETRIC_REPRESENTATION_ITEM ( )  RATIONAL_B_SPLINE_CURVE ( ( 1.000000000000000000, 0.8660254037844387100, 1.000000000000000000, 0.8660254037844387100, 1.000000000000000000, 0.8660254037844387100, 1.000000000000000000 ) ) 
 REPRESENTATION_ITEM ( '' )  );
#2868 = ORIENTED_EDGE ( 'NONE', *, *, #13, .T. ) ;
#2869 = CARTESIAN_POINT ( 'NONE',  ( 0.8922005383792627200, 1.545336663013172900, -6.608333333333331600 ) ) ;
#2870 = VERTEX_POINT ( 'NONE', #4624 ) ;
#2871 = VECTOR ( 'NONE', #4305, 1000.000000000000000 ) ;
#2872 = CARTESIAN_POINT ( 'NONE',  ( 0.0000000000000000000, 2.000000000000001800, -8.212499999999993200 ) ) ;
#2873 = DIRECTION ( 'NONE',  ( -0.0000000000000000000, -1.224646799147353200E-016, 1.000000000000000000 ) ) ;
#2874 = CARTESIAN_POINT ( 'NONE',  ( 0.8922005383792613900, -1.545336663013203300, -3.254166666666664200 ) ) ;
#2875 = ORIENTED_EDGE ( 'NONE', *, *, #3206, .T. ) ;
#2876 = CARTESIAN_POINT ( 'NONE',  ( 1.732050807568892100, 0.9999999999999909000, 4.183333333333331800 ) ) ;
#2877 = CARTESIAN_POINT ( 'NONE',  ( -0.8922005383792617200, 1.545336663013171700, 5.495833333333336200 ) ) ;
#2878 = CARTESIAN_POINT ( 'NONE',  ( 2.353151076758521800, -1.454213236062886600E-014, -9.809374999999995700 ) ) ;
#2879 = CARTESIAN_POINT ( 'NONE',  ( 1.338300807568893600, 0.7726683315065776500, -0.9791666666666646300 ) ) ;
#2880 = CARTESIAN_POINT ( 'NONE',  ( 0.8922005383792613900, -1.545336663013203500, 1.645833333333336100 ) ) ;
#2881 = CARTESIAN_POINT ( 'NONE',  ( -1.764863307568891500, -1.018944305707808900, 9.455208333333333200 ) ) ;
#2882 = EDGE_CURVE ( 'NONE', #3424, #1696, #1049, .T. ) ;
#2883 = CARTESIAN_POINT ( 'NONE',  ( -1.784401076758523700, -1.536417013759275700E-014, 1.325000000000001700 ) ) ;
#2884 = CARTESIAN_POINT ( 'NONE',  ( -1.154700538379261700, -2.000000000000029300, -10.02083333333333000 ) ) ;
#2885 = ORIENTED_EDGE ( 'NONE', *, *, #598, .T. ) ;
#2886 = DATE_TIME_ROLE ( 'classification_date' ) ;
#2887 = EDGE_LOOP ( 'NONE', ( #1350, #5455, #1750, #6278 ) ) ;
#2888 = CARTESIAN_POINT ( 'NONE',  ( 2.353151076758521800, -1.677098953507704700E-014, 8.390625000000005300 ) ) ;
#2889 = CARTESIAN_POINT ( 'NONE',  ( 0.1116810264836945500, 0.05629632967718214300, 9.449999999999994000 ) ) ;
#2890 = CARTESIAN_POINT ( 'NONE',  ( 1.732050807568892100, 0.9999999999999911200, 0.07083333333333828600 ) ) ;
#2891 = CARTESIAN_POINT ( 'NONE',  ( 0.8922005383792613900, -1.545336663013202600, -8.941666666666664700 ) ) ;
#2892 = ADVANCED_FACE ( 'NONE', ( #2079 ), #1453, .T. ) ;
#2893 = VERTEX_POINT ( 'NONE', #3088 ) ;
#2894 = DIRECTION ( 'NONE',  ( -0.0000000000000000000, -1.224646799147364800E-016, 1.000000000000000000 ) ) ;
#2895 = CARTESIAN_POINT ( 'NONE',  ( -2.449293598294726100E-016, -2.000000000000031100, 0.5375000000000056400 ) ) ;
#2896 = CARTESIAN_POINT ( 'NONE',  ( -1.784401076758523700, -1.494625941738372100E-014, -2.087499999999997200 ) ) ;
#2897 = VECTOR ( 'NONE', #3722, 1000.000000000000000 ) ;
#2898 = CARTESIAN_POINT ( 'NONE',  ( 2.309401076758521600, -1.599410422186794600E-014, 2.112500000000006000 ) ) ;
#2899 = CARTESIAN_POINT ( 'NONE',  ( 1.784401076758523700, -1.602625120034556700E-014, 3.162500000000002800 ) ) ;
#2900 = CARTESIAN_POINT ( 'NONE',  ( 2.353151076758521800, -1.445640708468855300E-014, -10.50937499999999500 ) ) ;
#2901 = LINE ( 'NONE', #1504, #4630 ) ;
#2902 = CARTESIAN_POINT ( 'NONE',  ( -1.784401076758523700, -1.468908358956277600E-014, -4.187499999999998200 ) ) ;
#2903 = CARTESIAN_POINT ( 'NONE',  ( -1.784401076758523700, -1.554633634896592600E-014, 2.812500000000002700 ) ) ;
#2904 = CARTESIAN_POINT ( 'NONE',  ( 1.176575538379260000, -2.037888611415600500, -7.869791666666667000 ) ) ;
#2905 = CARTESIAN_POINT ( 'NONE',  ( 1.338300807568893600, 0.7726683315065772100, 3.133333333333335100 ) ) ;
#2907 = CARTESIAN_POINT ( 'NONE',  ( 0.4214661669263938300, 1.724148484927979300, -10.90046287429152700 ) ) ;
#2906 = CARTESIAN_POINT ( 'NONE',  ( -1.424450376724367700, 0.5991715332878578800, 7.579764973081045900 ) ) ;
#2908 = ORIENTED_EDGE ( 'NONE', *, *, #2334, .F. ) ;
#2909 = DIRECTION ( 'NONE',  ( 0.0000000000000000000, -1.000000000000000000, 0.0000000000000000000 ) ) ;
#2910 = CARTESIAN_POINT ( 'NONE',  ( 1.249999999999999600, -0.5677983604944398800, 10.00000000000000000 ) ) ;
#2911 = CARTESIAN_POINT ( 'NONE',  ( -0.8922005383792617200, 1.545336663013173500, -7.891666666666664800 ) ) ;
#2912 = AXIS2_PLACEMENT_3D ( 'NONE', #1513, #4588, #4527 ) ;
#2913 = CARTESIAN_POINT ( 'NONE',  ( 1.784401076758523700, -1.551189954470368100E-014, -1.037499999999998500 ) ) ;
#2914 = EDGE_CURVE ( 'NONE', #2246, #4001, #1116, .T. ) ;
#2915 = ORIENTED_EDGE ( 'NONE', *, *, #2238, .F. ) ;
#2916 = DIRECTION ( 'NONE',  ( -0.0000000000000000000, -1.224646799147353200E-016, 1.000000000000000000 ) ) ;
#2917 = CARTESIAN_POINT ( 'NONE',  ( 0.8922005383792627200, 1.545336663013171500, 4.679166666666668900 ) ) ;
#2918 = CARTESIAN_POINT ( 'NONE',  ( -1.764863307568891300, 1.018944305707778900, -9.517708333333327900 ) ) ;
#2919 = CARTESIAN_POINT ( 'NONE',  ( 1.338300807568892500, -0.7726683315066101800, 3.104166666666668300 ) ) ;
#2920 = CARTESIAN_POINT ( 'NONE',  ( 0.8922005383792613900, -1.545336663013203500, 0.2458333333333357600 ) ) ;
#2921 = CARTESIAN_POINT ( 'NONE',  ( -1.764863307568891300, 1.018944305707778300, -4.661458333333333900 ) ) ;
#2922 = CARTESIAN_POINT ( 'NONE',  ( -0.8922005383792623900, -1.545336663013203000, 2.141666666666668400 ) ) ;
#2923 = CARTESIAN_POINT ( 'NONE',  ( 0.0000000000000000000, -2.021310670506432500E-015, 11.10000000000000000 ) ) ;
#2924 = FACE_OUTER_BOUND ( 'NONE', #5747, .T. ) ;
#2925 = CARTESIAN_POINT ( 'NONE',  ( 0.0000000000000000000, -2.021310670506432500E-015, 11.10000000000000000 ) ) ;
#2926 = CARTESIAN_POINT ( 'NONE',  ( 0.03941055279415599900, -0.1195484787224591200, 9.450000000000015300 ) ) ;
#2927 = AXIS2_PLACEMENT_3D ( 'NONE', #3593, #4619, #1583 ) ;
#2928 = CARTESIAN_POINT ( 'NONE',  ( -2.449293598294726100E-016, -2.000000000000030200, -7.162499999999994300 ) ) ;
#2929 = CARTESIAN_POINT ( 'NONE',  ( -0.8922005383792623900, -1.545336663013201700, -7.658333333333331400 ) ) ;
#2930 = CARTESIAN_POINT ( 'NONE',  ( -2.309401076758521100, -1.554633634896591900E-014, 3.074999999999998800 ) ) ;
#2931 = ORIENTED_EDGE ( 'NONE', *, *, #2036, .T. ) ;
#2932 = CARTESIAN_POINT ( 'NONE',  ( 0.0000000000000000000, 2.000000000000000400, 2.287500000000005400 ) ) ;
#2933 = CYLINDRICAL_SURFACE ( 'NONE', #5450, 2.000000000000001800 ) ;
#2934 = CARTESIAN_POINT ( 'NONE',  ( -1.892491597964152600E-016, -1.545336663013203500, 5.087500000000002100 ) ) ;
#2935 = CARTESIAN_POINT ( 'NONE',  ( -2.495693764988940900E-016, -2.037888611415600100, -9.284374999999993600 ) ) ;
#2936 = VERTEX_POINT ( 'NONE', #2614 ) ;
#2937 = CARTESIAN_POINT ( 'NONE',  ( -0.8922005383792617200, 1.545336663013172900, -0.1041666666666638700 ) ) ;
#2938 = CARTESIAN_POINT ( 'NONE',  ( 1.784401076758523700, -1.576907537252462300E-014, 1.062500000000002700 ) ) ;
#2939 = LINE ( 'NONE', #1597, #5541 ) ;
#2940 = CARTESIAN_POINT ( 'NONE',  ( 1.764863307568890900, -1.018944305707808000, -7.111458333333334100 ) ) ;
#2941 = ORIENTED_EDGE ( 'NONE', *, *, #6538, .F. ) ;
#2942 = CARTESIAN_POINT ( 'NONE',  ( -0.8922005383792617200, 1.545336663013171700, 5.408333333333334100 ) ) ;
#2944 = CARTESIAN_POINT ( 'NONE',  ( 0.0000000000000000000, 2.000000000000001800, -8.212499999999993200 ) ) ;
#2943 = DIRECTION ( 'NONE',  ( 0.8660254037844384900, -0.5000000000000001100, 0.0000000000000000000 ) ) ;
#2945 = CARTESIAN_POINT ( 'NONE',  ( -1.732050807568891000, 0.9999999999999933400, -2.495833333333328200 ) ) ;
#2946 = AXIS2_PLACEMENT_3D ( 'NONE', #6245, #652, #2131 ) ;
#2947 = CARTESIAN_POINT ( 'NONE',  ( 1.211360211680038400, -0.6993791442990762200, 9.999999999999994700 ) ) ;
#2948 = ADVANCED_FACE ( 'NONE', ( #33 ), #4651, .T. ) ;
#2949 = ADVANCED_FACE ( 'NONE', ( #114 ), #6319, .T. ) ;
#2950 = EDGE_CURVE ( 'NONE', #217, #4998, #2646, .T. ) ;
#2951 = CARTESIAN_POINT ( 'NONE',  ( 1.784401076758523700, -1.438675529798705100E-014, -10.22499999999999600 ) ) ;
#2952 = CARTESIAN_POINT ( 'NONE',  ( 1.732050807568892100, 0.9999999999999909000, 2.170833333333337400 ) ) ;
#2953 = DIRECTION ( 'NONE',  ( 0.0000000000000000000, -1.000000000000000000, 0.0000000000000000000 ) ) ;
#2954 = CARTESIAN_POINT ( 'NONE',  ( -1.176575538379261500, -2.037888611415599200, -10.74270833333332800 ) ) ;
#2955 = CARTESIAN_POINT ( 'NONE',  ( -1.338300807568892900, -0.7726683315066089600, 1.470833333333336100 ) ) ;
#2956 = CARTESIAN_POINT ( 'NONE',  ( -0.8922005383792617200, 1.545336663013172200, 1.995833333333335300 ) ) ;
#2957 = ORIENTED_EDGE ( 'NONE', *, *, #1253, .F. ) ;
#2958 = CARTESIAN_POINT ( 'NONE',  ( 1.176575538379261800, 2.037888611415570300, -6.236458333333335000 ) ) ;
#2959 = EDGE_CURVE ( 'NONE', #6113, #928, #4650, .T. ) ;
#2960 = CARTESIAN_POINT ( 'NONE',  ( -1.892491597964152600E-016, -1.545336663013203500, 5.000000000000000900 ) ) ;
#2961 = CARTESIAN_POINT ( 'NONE',  ( 0.8922005383792627200, 1.545336663013171100, 7.391666666666668400 ) ) ;
#2962 = CARTESIAN_POINT ( 'NONE',  ( -0.08296024827320955300, -1.387595286780208200, 9.999999999999996400 ) ) ;
#2963 = FACE_OUTER_BOUND ( 'NONE', #256, .T. ) ;
#2964 = CARTESIAN_POINT ( 'NONE',  ( 0.8922005383792613900, -1.545336663013202200, -8.941666666666666400 ) ) ;
#2965 = CARTESIAN_POINT ( 'NONE',  ( -0.3902742785337021700, 1.999999999999999600, 7.819715933979805000 ) ) ;
#2966 = ORIENTED_EDGE ( 'NONE', *, *, #5571, .F. ) ;
#2967 = CYLINDRICAL_SURFACE ( 'NONE', #1309, 2.000000000000001800 ) ;
#2968 = CARTESIAN_POINT ( 'NONE',  ( 0.0000000000000000000, 2.000000000000001800, -4.800000000000001600 ) ) ;
#2969 = AXIS2_PLACEMENT_3D ( 'NONE', #6188, #5117, #5167 ) ;
#2970 = CARTESIAN_POINT ( 'NONE',  ( -1.764863307568891500, -1.018944305707806700, -8.701041666666663200 ) ) ;
#2971 = VERTEX_POINT ( 'NONE', #5332 ) ;
#2972 = CARTESIAN_POINT ( 'NONE',  ( 0.0000000000000000000, 1.545336663013172600, -0.1624999999999977000 ) ) ;
#2973 = CARTESIAN_POINT ( 'NONE',  ( 0.8922005383792627200, 1.545336663013171500, 3.979166666666668700 ) ) ;
#2974 = DIRECTION ( 'NONE',  ( 0.0000000000000000000, -1.000000000000000000, 0.0000000000000000000 ) ) ;
#2975 = CARTESIAN_POINT ( 'NONE',  ( 1.176575538379260000, -2.037888611415600500, -5.769791666666667300 ) ) ;
#2976 = CARTESIAN_POINT ( 'NONE',  ( -1.892491597964152600E-016, -1.545336663013203700, 7.100000000000002300 ) ) ;
#2978 = CARTESIAN_POINT ( 'NONE',  ( 2.309401076758521100, -1.538331163079320100E-014, -2.875000000000001800 ) ) ;
#2977 = CARTESIAN_POINT ( 'NONE',  ( 1.338300807568893600, 0.7726683315065787600, -10.16666666666666400 ) ) ;
#2979 = CARTESIAN_POINT ( 'NONE',  ( -1.154700538379261700, -2.000000000000030600, -2.320833333333328900 ) ) ;
#2980 = CARTESIAN_POINT ( 'NONE',  ( -1.014985625370285800, -0.8573734489429322100, 10.00000000000000000 ) ) ;
#2981 = ORIENTED_EDGE ( 'NONE', *, *, #4654, .F. ) ;
#2982 = CARTESIAN_POINT ( 'NONE',  ( -0.8922005383792623900, -1.545336663013201700, -8.358333333333330700 ) ) ;
#2983 = CARTESIAN_POINT ( 'NONE',  ( 2.309401076758521100, -1.572621273455445800E-014, -0.07500000000000099600 ) ) ;
#2984 = ORIENTED_EDGE ( 'NONE', *, *, #2332, .F. ) ;
#2985 =( BOUNDED_CURVE ( )  B_SPLINE_CURVE ( 2, ( #3811, #4321, #2313, #5856, #2822, #4903, #5983 ),
 .UNSPECIFIED., .F., .T. ) 
 B_SPLINE_CURVE_WITH_KNOTS ( ( 3, 2, 2, 3 ),
 ( 0.8357233093842252300, 0.8412788649397808800, 0.8468344204953364200, 0.8523899760508919500 ),
 .UNSPECIFIED. ) 
 CURVE ( )  GEOMETRIC_REPRESENTATION_ITEM ( )  RATIONAL_B_SPLINE_CURVE ( ( 1.000000000000000000, 0.8660254037844387100, 1.000000000000000000, 0.8660254037844387100, 1.000000000000000000, 0.8660254037844387100, 1.000000000000000000 ) ) 
 REPRESENTATION_ITEM ( '' )  );
#2986 = CARTESIAN_POINT ( 'NONE',  ( 1.338300807568893600, 0.7726683315065767700, 6.720833333333335900 ) ) ;
#2987 = CARTESIAN_POINT ( 'NONE',  ( 1.176575538379261800, 2.037888611415570300, -5.492708333333327500 ) ) ;
#2988 = EDGE_CURVE ( 'NONE', #3210, #4765, #4256, .T. ) ;
#2989 = CARTESIAN_POINT ( 'NONE',  ( 1.784401076758523700, -1.576907537252462300E-014, 1.062500000000002700 ) ) ;
#2990 = CARTESIAN_POINT ( 'NONE',  ( -1.784401076758523700, -1.563206162490623800E-014, 3.512500000000001500 ) ) ;
#2991 = CARTESIAN_POINT ( 'NONE',  ( -2.495693764988940900E-016, -2.037888611415600500, -3.728125000000001200 ) ) ;
#2992 = CARTESIAN_POINT ( 'NONE',  ( 0.8922005383792613900, -1.545336663013204600, 8.558333333333333600 ) ) ;
#2993 = CARTESIAN_POINT ( 'NONE',  ( 0.0000000000000000000, -2.100000000000003600, 8.700000000000004600 ) ) ;
#2994 = CARTESIAN_POINT ( 'NONE',  ( -0.8922005383792623900, -1.545336663013201500, -8.970833333333331400 ) ) ;
#2995 = CARTESIAN_POINT ( 'NONE',  ( -2.309401076758521600, -1.487124980093594500E-014, -2.437499999999994200 ) ) ;
#2996 = CARTESIAN_POINT ( 'NONE',  ( -0.1083108437662864100, -0.06253329480462385700, 9.450000000000001100 ) ) ;
#2997 = LINE ( 'NONE', #1769, #882 ) ;
#2999 = CARTESIAN_POINT ( 'NONE',  ( -0.8922005383792617200, 1.545336663013173700, -9.291666666666666100 ) ) ;
#2998 = CARTESIAN_POINT ( 'NONE',  ( -0.8922005383792623900, -1.545336663013201900, -7.658333333333331400 ) ) ;
#3000 = ORIENTED_EDGE ( 'NONE', *, *, #3710, .T. ) ;
#3001 = EDGE_LOOP ( 'NONE', ( #2571, #414, #6018, #171 ) ) ;
#3002 = FACE_BOUND ( 'NONE', #4230, .T. ) ;
#3003 = CARTESIAN_POINT ( 'NONE',  ( -1.784401076758523700, -1.597496272866749500E-014, 6.312500000000001800 ) ) ;
#3004 = CARTESIAN_POINT ( 'NONE',  ( 1.764863307568890900, -1.018944305707808300, -7.067708333333328600 ) ) ;
#3005 = CARTESIAN_POINT ( 'NONE',  ( -1.338300807568892900, -0.7726683315066093000, 3.570833333333335500 ) ) ;
#3006 = CARTESIAN_POINT ( 'NONE',  ( -1.338300807568892700, 0.7726683315065781000, 6.254166666666668200 ) ) ;
#3007 = VERTEX_POINT ( 'NONE', #2809 ) ;
#3008 = CARTESIAN_POINT ( 'NONE',  ( 0.0000000000000000000, 1.545336663013174000, -10.66249999999999800 ) ) ;
#3009 = CARTESIAN_POINT ( 'NONE',  ( 1.176575538379261800, 2.037888611415570300, -3.436458333333335200 ) ) ;
#3010 = CARTESIAN_POINT ( 'NONE',  ( -0.8922005383792623900, -1.545336663013203300, 6.341666666666669400 ) ) ;
#3011 = CARTESIAN_POINT ( 'NONE',  ( -1.154700538379247900, -2.000000000000053700, 0.3916666666666676100 ) ) ;
#3012 = CARTESIAN_POINT ( 'NONE',  ( 0.8922005383792613900, -1.545336663013202800, -6.754166666666664700 ) ) ;
#3013 = CARTESIAN_POINT ( 'NONE',  ( -0.1258820363011098600, -3.018825424014326400E-015, 9.450000000000002800 ) ) ;
#3014 = ORIENTED_EDGE ( 'NONE', *, *, #6094, .F. ) ;
#3015 = CARTESIAN_POINT ( 'NONE',  ( 1.338300807568892500, -0.7726683315066088500, -7.483333333333331600 ) ) ;
#3016 = EDGE_CURVE ( 'NONE', #4130, #188, #3024, .T. ) ;
#3018 = CARTESIAN_POINT ( 'NONE',  ( -1.784401076758523700, -1.459264265412992000E-014, -4.974999999999997900 ) ) ;
#3017 = CARTESIAN_POINT ( 'NONE',  ( 1.338300807568893600, 0.7726683315065784300, -7.366666666666665400 ) ) ;
#3019 = ORIENTED_EDGE ( 'NONE', *, *, #5118, .T. ) ;
#3020 = DIRECTION ( 'NONE',  ( -0.0000000000000000000, -1.224646799147353200E-016, 1.000000000000000000 ) ) ;
#3021 = ORIENTED_EDGE ( 'NONE', *, *, #3805, .F. ) ;
#3022 = CARTESIAN_POINT ( 'NONE',  ( -1.189349784789432300, -1.013337722292695600, -11.09999999999999800 ) ) ;
#3023 = CARTESIAN_POINT ( 'NONE',  ( 1.176575538379261800, 2.037888611415570300, -8.992708333333327500 ) ) ;
#3024 = LINE ( 'NONE', #6364, #2897 ) ;
#3025 = CARTESIAN_POINT ( 'NONE',  ( 0.0000000000000000000, 1.545336663013171700, 6.137500000000000200 ) ) ;
#3026 = CARTESIAN_POINT ( 'NONE',  ( -0.8922005383792623900, -1.545336663013203300, 5.729166666666669600 ) ) ;
#3027 = ADVANCED_FACE ( 'NONE', ( #4396 ), #4233, .F. ) ;
#3028 = CARTESIAN_POINT ( 'NONE',  ( -1.154700538379247000, 2.000000000000023100, 5.058333333333330900 ) ) ;
#3029 = CARTESIAN_POINT ( 'NONE',  ( -2.353151076758521800, -1.468908358956277600E-014, -3.903125000000001500 ) ) ;
#3030 = CARTESIAN_POINT ( 'NONE',  ( 1.732050807568890500, -1.000000000000023500, -6.345833333333327900 ) ) ;
#3031 = FACE_OUTER_BOUND ( 'NONE', #5590, .T. ) ;
#3032 = CARTESIAN_POINT ( 'NONE',  ( 0.0000000000000000000, -2.021310670506432500E-015, 11.10000000000000000 ) ) ;
#3033 = CARTESIAN_POINT ( 'NONE',  ( 0.8922005383792627200, 1.545336663013173100, -7.220833333333330600 ) ) ;
#3034 = CARTESIAN_POINT ( 'NONE',  ( -0.8922005383792623900, -1.545336663013202600, -0.6583333333333319900 ) ) ;
#3035 = ORIENTED_EDGE ( 'NONE', *, *, #4824, .T. ) ;
#3036 = CARTESIAN_POINT ( 'NONE',  ( -1.784401076758523700, -1.424974155036866300E-014, -7.774999999999999500 ) ) ;
#3038 = CARTESIAN_POINT ( 'NONE',  ( -1.338300807568892700, 0.7726683315065796500, -7.133333333333332000 ) ) ;
#3037 = CARTESIAN_POINT ( 'NONE',  ( -0.8922005383792623900, -1.545336663013202200, -4.158333333333331400 ) ) ;
#3039 =( BOUNDED_CURVE ( )  B_SPLINE_CURVE ( 2, ( #1331, #4806, #4313, #290, #1785, #5376, #6392 ),
 .UNSPECIFIED., .F., .T. ) 
 B_SPLINE_CURVE_WITH_KNOTS ( ( 3, 2, 2, 3 ),
 ( 0.4357233093842252100, 0.4412788649397808600, 0.4468344204953363900, 0.4523899760508919300 ),
 .UNSPECIFIED. ) 
 CURVE ( )  GEOMETRIC_REPRESENTATION_ITEM ( )  RATIONAL_B_SPLINE_CURVE ( ( 1.000000000000000000, 0.8660254037844387100, 1.000000000000000000, 0.8660254037844387100, 1.000000000000000000, 0.8660254037844387100, 1.000000000000000000 ) ) 
 REPRESENTATION_ITEM ( '' )  );
#3040 = ORIENTED_EDGE ( 'NONE', *, *, #6370, .T. ) ;
#3041 = CARTESIAN_POINT ( 'NONE',  ( 1.154700538379263200, -2.000000000000024900, -7.891666666666666600 ) ) ;
#3042 = CARTESIAN_POINT ( 'NONE',  ( 1.176575538379261800, 2.037888611415570300, -6.192708333333328600 ) ) ;
#3043 = CARTESIAN_POINT ( 'NONE',  ( 0.0000000000000000000, 1.545336663013172000, 4.037500000000003200 ) ) ;
#3044 = CARTESIAN_POINT ( 'NONE',  ( 0.8922005383792613900, -1.545336663013204400, 6.545833333333334300 ) ) ;
#3045 = ORIENTED_EDGE ( 'NONE', *, *, #718, .T. ) ;
#3046 = CARTESIAN_POINT ( 'NONE',  ( -1.764863307568891300, 1.018944305707778100, -1.861458333333334800 ) ) ;
#3047 = CARTESIAN_POINT ( 'NONE',  ( 0.0000000000000000000, -1.562500000000004000, -11.09999999999999800 ) ) ;
#3048 = CARTESIAN_POINT ( 'NONE',  ( -1.732050807568891400, -1.000000000000022200, -5.966666666666667700 ) ) ;
#3049 = CARTESIAN_POINT ( 'NONE',  ( -2.309401076758521100, -1.520343524520466500E-014, 0.2749999999999985800 ) ) ;
#3050 = CARTESIAN_POINT ( 'NONE',  ( 1.784401076758523700, -1.456892150936021600E-014, -8.737499999999997200 ) ) ;
#3051 = CARTESIAN_POINT ( 'NONE',  ( -1.338300807568892900, -0.7726683315066089600, 0.6833333333333344600 ) ) ;
#3052 = EDGE_CURVE ( 'NONE', #3978, #2135, #3963, .T. ) ;
#3053 = CARTESIAN_POINT ( 'NONE',  ( -1.160212644386605400, 0.7656433258989615600, 10.00000000000000400 ) ) ;
#3054 =( BOUNDED_CURVE ( )  B_SPLINE_CURVE ( 2, ( #1074, #4158, #3599, #2118, #5678, #2587, #1612 ),
 .UNSPECIFIED., .F., .T. ) 
 B_SPLINE_CURVE_WITH_KNOTS ( ( 3, 2, 2, 3 ),
 ( 0.2857233093842253000, 0.2912788649397808300, 0.2968344204953363700, 0.3023899760508919100 ),
 .UNSPECIFIED. ) 
 CURVE ( )  GEOMETRIC_REPRESENTATION_ITEM ( )  RATIONAL_B_SPLINE_CURVE ( ( 1.000000000000000000, 0.8660254037844387100, 1.000000000000000000, 0.8660254037844387100, 1.000000000000000000, 0.8660254037844387100, 1.000000000000000000 ) ) 
 REPRESENTATION_ITEM ( '' )  );
#3055 = CARTESIAN_POINT ( 'NONE',  ( 1.338300807568893600, 0.7726683315065785400, -8.066666666666664700 ) ) ;
#3056 = CARTESIAN_POINT ( 'NONE',  ( 1.732050807568890700, -1.000000000000024200, 1.266666666666665500 ) ) ;
#3058 = CARTESIAN_POINT ( 'NONE',  ( 1.338300807568893600, 0.7726683315065784300, -6.666666666666665200 ) ) ;
#3057 = CARTESIAN_POINT ( 'NONE',  ( -0.8922005383792617200, 1.545336663013173100, -5.091666666666665000 ) ) ;
#3059 = CONICAL_SURFACE ( 'NONE', #6456, 1.468375672974065800, 1.047197551196600100 ) ;
#3060 = DIRECTION ( 'NONE',  ( 0.8660254037844386000, -0.5000000000000001100, 0.0000000000000000000 ) ) ;
#3061 = PERSON_AND_ORGANIZATION ( #5960, #3542 ) ;
#3062 = CARTESIAN_POINT ( 'NONE',  ( -2.449293598294726100E-016, -2.000000000000032000, 6.837500000000005700 ) ) ;
#3063 = CARTESIAN_POINT ( 'NONE',  ( 1.176575538379261800, 2.037888611415570300, -4.092708333333328100 ) ) ;
#3064 = CARTESIAN_POINT ( 'NONE',  ( -1.250000000000000000, 0.7216878364870291700, 11.08556624327025900 ) ) ;
#3065 = EDGE_CURVE ( 'NONE', #6304, #1777, #4748, .T. ) ;
#3066 = CARTESIAN_POINT ( 'NONE',  ( 0.8922005383792627200, 1.545336663013171500, 4.679166666666668900 ) ) ;
#3067 = DIRECTION ( 'NONE',  ( -0.0000000000000000000, -1.224646799147353200E-016, 1.000000000000000000 ) ) ;
#3068 = ORIENTED_EDGE ( 'NONE', *, *, #4454, .T. ) ;
#3069 = EDGE_LOOP ( 'NONE', ( #6523, #494, #3333 ) ) ;
#3070 = CARTESIAN_POINT ( 'NONE',  ( 1.176575538379261800, 2.037888611415569400, -2.036458333333334800 ) ) ;
#3071 = CARTESIAN_POINT ( 'NONE',  ( 2.309401076758521600, -1.496540091058417200E-014, -6.287499999999994300 ) ) ;
#3072 = CARTESIAN_POINT ( 'NONE',  ( 0.1137289435409353600, -0.05193069013090775800, 9.450000000000001100 ) ) ;
#3073 = ORIENTED_EDGE ( 'NONE', *, *, #5839, .F. ) ;
#3074 = DIRECTION ( 'NONE',  ( -0.8660254037844383700, -0.5000000000000003300, 0.0000000000000000000 ) ) ;
#3075 = CARTESIAN_POINT ( 'NONE',  ( -1.892491597964152600E-016, -1.545336663013202400, -6.812499999999997300 ) ) ;
#3076 = CONICAL_SURFACE ( 'NONE', #2201, 1.562500000000004700, 0.7853981633974430600 ) ;
#3077 = CARTESIAN_POINT ( 'NONE',  ( 0.8922005383792627200, 1.545336663013172200, -1.008333333333331500 ) ) ;
#3078 = CARTESIAN_POINT ( 'NONE',  ( 1.732050807568892100, 0.9999999999999917800, -2.816666666666667800 ) ) ;
#3079 = CARTESIAN_POINT ( 'NONE',  ( -0.8922005383792617200, 1.545336663013174000, -11.30416666666666400 ) ) ;
#3080 = CARTESIAN_POINT ( 'NONE',  ( 1.764863307568892200, 1.018944305707775200, 7.005208333333332100 ) ) ;
#3081 = AXIS2_PLACEMENT_3D ( 'NONE', #1532, #2570, #82 ) ;
#3082 = VERTEX_POINT ( 'NONE', #6316 ) ;
#3083 = CARTESIAN_POINT ( 'NONE',  ( 1.338300807568893600, 0.7726683315065786500, -9.466666666666665000 ) ) ;
#3085 = CARTESIAN_POINT ( 'NONE',  ( 0.8922005383792627200, 1.545336663013173100, -7.308333333333330900 ) ) ;
#3084 = CARTESIAN_POINT ( 'NONE',  ( -1.784401076758523700, -1.459264265412992300E-014, -4.974999999999999600 ) ) ;
#3086 = DIRECTION ( 'NONE',  ( 0.0000000000000000000, -1.000000000000000000, 0.0000000000000000000 ) ) ;
#3087 = AXIS2_PLACEMENT_3D ( 'NONE', #374, #2916, #6481 ) ;
#3088 = CARTESIAN_POINT ( 'NONE',  ( -2.449293598294726100E-016, -2.000000000000031500, 1.237500000000004900 ) ) ;
#3089 = CARTESIAN_POINT ( 'NONE',  ( 1.764863307568892200, 1.018944305707776500, -4.151041666666661600 ) ) ;
#3090 = CARTESIAN_POINT ( 'NONE',  ( 1.301231568671954400, -1.502060194787588000, -10.67906083811058200 ) ) ;
#3091 = CARTESIAN_POINT ( 'NONE',  ( 1.338300807568893600, 0.7726683315065764300, 8.820833333333336400 ) ) ;
#3092 = CARTESIAN_POINT ( 'NONE',  ( -1.732050807568891200, 0.9999999999999937800, -4.683333333333334500 ) ) ;
#3093 = CARTESIAN_POINT ( 'NONE',  ( -2.309401076758521100, -1.580351217678687000E-014, 5.174999999999998900 ) ) ;
#3094 = CARTESIAN_POINT ( 'NONE',  ( 1.764863307568892200, 1.018944305707776100, -0.6947916666666682500 ) ) ;
#3095 = CARTESIAN_POINT ( 'NONE',  ( 0.4112597317657574700, -1.205934756132254200, 10.97407715322185400 ) ) ;
#3096 = CARTESIAN_POINT ( 'NONE',  ( 0.1045945648821131900, -0.06857044121701265400, 9.450000000000015300 ) ) ;
#3097 = CARTESIAN_POINT ( 'NONE',  ( 1.732050807568890700, -1.000000000000023100, -9.933333333333335300 ) ) ;
#3098 = CARTESIAN_POINT ( 'NONE',  ( 0.0000000000000000000, -2.000000000000004000, 11.10000000000000000 ) ) ;
#3099 = CARTESIAN_POINT ( 'NONE',  ( -1.338300807568892700, 0.7726683315065791000, -2.933333333333331300 ) ) ;
#3100 = CARTESIAN_POINT ( 'NONE',  ( -0.8922005383792623900, -1.545336663013201500, -8.970833333333331400 ) ) ;
#3101 = ORIENTED_EDGE ( 'NONE', *, *, #6584, .T. ) ;
#3102 = CARTESIAN_POINT ( 'NONE',  ( 2.353151076758521800, -1.659418115345015100E-014, 6.946874999999997700 ) ) ;
#3103 = CARTESIAN_POINT ( 'NONE',  ( 1.338300807568893600, 0.7726683315065782100, -5.266666666666664800 ) ) ;
#3104 = EDGE_CURVE ( 'NONE', #3428, #217, #5574, .T. ) ;
#3106 = CARTESIAN_POINT ( 'NONE',  ( 1.338300807568893600, 0.7726683315065782100, -5.266666666666664800 ) ) ;
#3105 = CARTESIAN_POINT ( 'NONE',  ( -1.338300807568892900, -0.7726683315066081900, -5.616666666666664500 ) ) ;
#3107 = CARTESIAN_POINT ( 'NONE',  ( -1.176575538379260700, 2.037888611415570300, 1.623958333333338500 ) ) ;
#3108 = CYLINDRICAL_SURFACE ( 'NONE', #4669, 2.000000000000001800 ) ;
#3109 = CARTESIAN_POINT ( 'NONE',  ( -0.8869929932444193800, -1.406055741537937600, -11.01754047936022300 ) ) ;
#3110 = CARTESIAN_POINT ( 'NONE',  ( 1.764863307568890900, -1.018944305707808700, -2.167708333333328700 ) ) ;
#3111 = CARTESIAN_POINT ( 'NONE',  ( -2.449293598294726600E-016, -2.000000000000030600, -5.150000000000002100 ) ) ;
#3112 = CARTESIAN_POINT ( 'NONE',  ( -1.338300807568892900, -0.7726683315066075200, -10.51666666666666600 ) ) ;
#3113 = CARTESIAN_POINT ( 'NONE',  ( -1.338300807568892900, -0.7726683315066097400, 7.070833333333335500 ) ) ;
#3114 = ORIENTED_EDGE ( 'NONE', *, *, #1127, .T. ) ;
#3115 = FACE_OUTER_BOUND ( 'NONE', #4649, .T. ) ;
#3116 = CARTESIAN_POINT ( 'NONE',  ( -1.892491597964152600E-016, -1.545336663013201900, -9.612499999999997200 ) ) ;
#3117 = CARTESIAN_POINT ( 'NONE',  ( -2.353151076758521800, -1.537488579708529400E-014, 1.696874999999998800 ) ) ;
#3118 = AXIS2_PLACEMENT_3D ( 'NONE', #1061, #1159, #559 ) ;
#3119 = CARTESIAN_POINT ( 'NONE',  ( -1.732050807568891000, 0.9999999999999922300, 5.904166666666671200 ) ) ;
#3120 = CARTESIAN_POINT ( 'NONE',  ( -2.449293598294726600E-016, -2.000000000000031500, 1.849999999999998800 ) ) ;
#3121 = CARTESIAN_POINT ( 'NONE',  ( -2.449293598294726600E-016, -2.000000000000032400, 7.450000000000000200 ) ) ;
#3122 = CARTESIAN_POINT ( 'NONE',  ( 0.8922005383792627200, 1.545336663013172900, -3.720833333333330600 ) ) ;
#3123 = ORIENTED_EDGE ( 'NONE', *, *, #3726, .T. ) ;
#3124 = CARTESIAN_POINT ( 'NONE',  ( -2.449293598294726600E-016, -2.000000000000032000, 2.549999999999999800 ) ) ;
#3125 = CARTESIAN_POINT ( 'NONE',  ( 1.784401076758523700, -1.550118388521114100E-014, -1.124999999999999300 ) ) ;
#3126 = CARTESIAN_POINT ( 'NONE',  ( 1.154700538379261500, 2.000000000000000400, -6.258333333333333700 ) ) ;
#3127 = CARTESIAN_POINT ( 'NONE',  ( -1.764863307568891300, 1.018944305707776900, 5.838541666666665200 ) ) ;
#3128 =( BOUNDED_CURVE ( )  B_SPLINE_CURVE ( 2, ( #637, #3596, #3648, #4622, #1561, #5135, #4601 ),
 .UNSPECIFIED., .F., .F. ) 
 B_SPLINE_CURVE_WITH_KNOTS ( ( 3, 2, 2, 3 ),
 ( 0.5857233093842252300, 0.5912788649397808800, 0.5968344204953364200, 0.6023899760508919500 ),
 .UNSPECIFIED. ) 
 CURVE ( )  GEOMETRIC_REPRESENTATION_ITEM ( )  RATIONAL_B_SPLINE_CURVE ( ( 1.000000000000000000, 0.8660254037844387100, 1.000000000000000000, 0.8660254037844387100, 1.000000000000000000, 0.8660254037844387100, 1.000000000000000000 ) ) 
 REPRESENTATION_ITEM ( '' )  );
#3129 = CARTESIAN_POINT ( 'NONE',  ( -1.784401076758523700, -1.467836793007023900E-014, -4.274999999999998600 ) ) ;
#3130 = CARTESIAN_POINT ( 'NONE',  ( 1.401258538444133000, -1.427050983124820600, -10.66249999999999600 ) ) ;
#3132 = DIRECTION ( 'NONE',  ( 1.000000000000000000, 0.0000000000000000000, 0.0000000000000000000 ) ) ;
#3131 = CARTESIAN_POINT ( 'NONE',  ( -1.892491597964152600E-016, -1.545336663013202600, -4.799999999999998900 ) ) ;
#3133 = CARTESIAN_POINT ( 'NONE',  ( 1.154700538379261700, 2.000000000000000000, -1.270833333333327900 ) ) ;
#3134 = CARTESIAN_POINT ( 'NONE',  ( 1.764863307568890900, -1.018944305707809400, 2.032291666666671900 ) ) ;
#3135 = EDGE_LOOP ( 'NONE', ( #2554, #4552, #3251, #4408, #1395, #4581 ) ) ;
#3136 = CARTESIAN_POINT ( 'NONE',  ( 2.449293598294708900E-016, 1.999999999999999600, 11.10000000000000000 ) ) ;
#3137 = CARTESIAN_POINT ( 'NONE',  ( 1.435251603792276200E-012, -1.792972777169004100, -10.86952722283099100 ) ) ;
#3138 = CARTESIAN_POINT ( 'NONE',  ( -2.353151076758521800, -1.478016669524936200E-014, -3.159374999999994900 ) ) ;
#3139 = CARTESIAN_POINT ( 'NONE',  ( -0.4112597317657579700, 1.205934756132248000, 10.97407715322185600 ) ) ;
#3140 = CARTESIAN_POINT ( 'NONE',  ( 1.338300807568893600, 0.7726683315065766600, 7.420833333333335200 ) ) ;
#3141 = CARTESIAN_POINT ( 'NONE',  ( -1.784401076758523700, -1.623213855648844300E-014, 8.412500000000003200 ) ) ;
#3142 = FACE_OUTER_BOUND ( 'NONE', #2168, .T. ) ;
#3143 = CARTESIAN_POINT ( 'NONE',  ( -1.176575538379260700, 2.037888611415570300, 0.1802083333333325500 ) ) ;
#3144 = CARTESIAN_POINT ( 'NONE',  ( -1.784401076758523700, -1.494625941738372100E-014, -2.087499999999997200 ) ) ;
#3145 = CARTESIAN_POINT ( 'NONE',  ( -1.784401076758523700, -1.570707124135401400E-014, 4.125000000000001800 ) ) ;
#3146 = EDGE_CURVE ( 'NONE', #1194, #1569, #3769, .T. ) ;
#3147 = CARTESIAN_POINT ( 'NONE',  ( -1.338300807568892700, 0.7726683315065798800, -8.445833333333331100 ) ) ;
#3148 = CIRCLE ( 'NONE', #4632, 0.2500000000000002200 ) ;
#3149 = CARTESIAN_POINT ( 'NONE',  ( -1.764863307568891500, -1.018944305707808300, 4.555208333333331100 ) ) ;
#3150 = CARTESIAN_POINT ( 'NONE',  ( 0.8922005383792613900, -1.545336663013202800, -6.141666666666664800 ) ) ;
#3151 = CARTESIAN_POINT ( 'NONE',  ( -1.154700538379263900, 1.999999999999996000, -8.241666666666665400 ) ) ;
#3153 = CARTESIAN_POINT ( 'NONE',  ( 0.0000000000000000000, 2.000000000000001300, -3.312499999999995600 ) ) ;
#3152 = CARTESIAN_POINT ( 'NONE',  ( -1.338300807568892700, 0.7726683315065786500, 0.5666666666666684300 ) ) ;
#3154 = CARTESIAN_POINT ( 'NONE',  ( -2.449293598294726600E-016, -2.000000000000030600, -4.450000000000001100 ) ) ;
#3155 = ORIENTED_EDGE ( 'NONE', *, *, #5006, .T. ) ;
#3156 = CARTESIAN_POINT ( 'NONE',  ( -1.176575538379260700, 2.037888611415570300, 0.9239583333333391000 ) ) ;
#3157 = CARTESIAN_POINT ( 'NONE',  ( 0.1562499999999999700, -1.353164693413188500, 10.00000000000000000 ) ) ;
#3158 = ORIENTED_EDGE ( 'NONE', *, *, #3672, .F. ) ;
#3159 = CARTESIAN_POINT ( 'NONE',  ( -1.176575538379260700, 2.037888611415570800, -3.976041666666661400 ) ) ;
#3160 = PLANE ( 'NONE',  #4575 ) ;
#3161 = EDGE_CURVE ( 'NONE', #138, #1757, #1996, .T. ) ;
#3162 = CARTESIAN_POINT ( 'NONE',  ( 0.8922005383792613900, -1.545336663013201900, -11.04166666666666600 ) ) ;
#3163 = CARTESIAN_POINT ( 'NONE',  ( 0.0000000000000000000, -2.021310670506432500E-015, 11.10000000000000000 ) ) ;
#3164 = FACE_OUTER_BOUND ( 'NONE', #6096, .T. ) ;
#3165 = CARTESIAN_POINT ( 'NONE',  ( 1.176575538379260000, -2.037888611415601000, -0.1697916666666687800 ) ) ;
#3166 = CARTESIAN_POINT ( 'NONE',  ( 0.0000000000000000000, 2.000000000000001800, -4.100000000000001400 ) ) ;
#3167 = CARTESIAN_POINT ( 'NONE',  ( 1.732050807568890700, -1.000000000000024200, 1.966666666666666600 ) ) ;
#3168 = CARTESIAN_POINT ( 'NONE',  ( 1.732050807568892100, 0.9999999999999924500, -9.816666666666668200 ) ) ;
#3169 = CARTESIAN_POINT ( 'NONE',  ( 0.8922005383792613900, -1.545336663013203000, -3.954166666666663900 ) ) ;
#3170 = CARTESIAN_POINT ( 'NONE',  ( -0.8922005383792617200, 1.545336663013172200, 1.908333333333334800 ) ) ;
#3171 = ORIENTED_EDGE ( 'NONE', *, *, #3614, .F. ) ;
#3172 = CARTESIAN_POINT ( 'NONE',  ( -2.449293598294726600E-016, -2.000000000000030200, -6.550000000000000700 ) ) ;
#3173 = CARTESIAN_POINT ( 'NONE',  ( -0.8922005383792617200, 1.545336663013173500, -8.504166666666664700 ) ) ;
#3174 = CARTESIAN_POINT ( 'NONE',  ( -2.495693764988940900E-016, -2.037888611415601400, 5.371874999999998400 ) ) ;
#3175 = CARTESIAN_POINT ( 'NONE',  ( -1.338300807568892700, 0.7726683315065793200, -4.333333333333331300 ) ) ;
#3177 = CARTESIAN_POINT ( 'NONE',  ( -1.732050807568891400, -1.000000000000023500, 3.833333333333332100 ) ) ;
#3176 = CARTESIAN_POINT ( 'NONE',  ( -1.892491597964152600E-016, -1.545336663013203300, 1.500000000000001300 ) ) ;
#3178 = CARTESIAN_POINT ( 'NONE',  ( 1.888438919645594000, 0.2362590653033047300, 7.784644607729140000 ) ) ;
#3179 = CC_DESIGN_PERSON_AND_ORGANIZATION_ASSIGNMENT ( #3061, #2802, ( #5650 ) ) ;
#3180 = CARTESIAN_POINT ( 'NONE',  ( -1.176575538379260700, 2.037888611415570300, 3.023958333333339100 ) ) ;
#3181 = ORIENTED_EDGE ( 'NONE', *, *, #4598, .T. ) ;
#3182 = CARTESIAN_POINT ( 'NONE',  ( 0.0000000000000000000, 0.0000000000000000000, 10.00000000000000000 ) ) ;
#3183 = CARTESIAN_POINT ( 'NONE',  ( -1.176575538379260700, 2.037888611415570300, 0.2239583333333381400 ) ) ;
#3184 = CARTESIAN_POINT ( 'NONE',  ( -1.336587735351606000, 0.7821526953753373800, 7.579764973080850500 ) ) ;
#3185 = CARTESIAN_POINT ( 'NONE',  ( 1.338300807568893600, 0.7726683315065765400, 8.120833333333333600 ) ) ;
#3186 = CARTESIAN_POINT ( 'NONE',  ( -0.8922005383792623900, -1.545336663013201700, -6.170833333333330700 ) ) ;
#3187 = CARTESIAN_POINT ( 'NONE',  ( 1.764863307568890900, -1.018944305707809100, 1.988541666666666200 ) ) ;
#3188 = VERTEX_POINT ( 'NONE', #4350 ) ;
#3189 = CARTESIAN_POINT ( 'NONE',  ( 1.154700538379260100, -2.000000000000031100, -5.704166666666662200 ) ) ;
#3190 = CARTESIAN_POINT ( 'NONE',  ( -0.1116810264836943400, -0.05629632967718798500, 9.449999999999997500 ) ) ;
#3191 = APPROVAL_DATE_TIME ( #3327, #2398 ) ;
#3192 = CARTESIAN_POINT ( 'NONE',  ( -1.833506827864747300, 0.4026812628888927800, -10.78933353380193000 ) ) ;
#3193 = CARTESIAN_POINT ( 'NONE',  ( -1.892491597964152600E-016, -1.545336663013202800, -2.612499999999998500 ) ) ;
#3194 = CARTESIAN_POINT ( 'NONE',  ( -2.309401076758521600, -1.461407397311500100E-014, -4.537499999999995200 ) ) ;
#3195 = CARTESIAN_POINT ( 'NONE',  ( -0.8922005383792617200, 1.545336663013172000, 4.008333333333334600 ) ) ;
#3196 = CARTESIAN_POINT ( 'NONE',  ( 0.0000000000000000000, 2.000000000000000900, -1.212499999999994100 ) ) ;
#3197 = CARTESIAN_POINT ( 'NONE',  ( 0.0000000000000000000, 1.545336663013173100, -4.362499999999997200 ) ) ;
#3198 = CARTESIAN_POINT ( 'NONE',  ( 1.764863307568890900, -1.018944305707809800, 8.288541666666667100 ) ) ;
#3199 = CARTESIAN_POINT ( 'NONE',  ( 1.784401076758523700, -1.498683222956924900E-014, -5.324999999999997500 ) ) ;
#3200 = CIRCLE ( 'NONE', #1478, 4.649999999999999500 ) ;
#3201 = CARTESIAN_POINT ( 'NONE',  ( -1.154700538379261700, -2.000000000000030200, -3.020833333333328200 ) ) ;
#3203 = CARTESIAN_POINT ( 'NONE',  ( 0.9374999999999995600, -0.5412658773652777600, 10.00000000000000000 ) ) ;
#3202 = CARTESIAN_POINT ( 'NONE',  ( -0.8922005383792623900, -1.545336663013202800, 0.7416666666666682500 ) ) ;
#3204 = CARTESIAN_POINT ( 'NONE',  ( -1.471524492144752300, -0.7107492735640317200, 7.627861194616877500 ) ) ;
#3205 = CARTESIAN_POINT ( 'NONE',  ( 1.764863307568892200, 1.018944305707775600, 2.148958333333337700 ) ) ;
#3206 = EDGE_CURVE ( 'NONE', #3747, #6311, #3787, .T. ) ;
#3207 = CARTESIAN_POINT ( 'NONE',  ( -1.249999999999999800, -0.7216878364870356100, 11.08556624327025700 ) ) ;
#3208 = VERTEX_POINT ( 'NONE', #4868 ) ;
#3209 = CARTESIAN_POINT ( 'NONE',  ( -2.571758278209444400E-016, -2.100000000000002800, 7.900000000000000400 ) ) ;
#3210 = VERTEX_POINT ( 'NONE', #3817 ) ;
#3211 = CARTESIAN_POINT ( 'NONE',  ( -1.154700538379260800, 2.000000000000002200, -6.754166666666661100 ) ) ;
#3212 = CARTESIAN_POINT ( 'NONE',  ( -2.495693764988940900E-016, -2.037888611415600500, -0.1843749999999952900 ) ) ;
#3213 = CARTESIAN_POINT ( 'NONE',  ( -0.7704228772637038400, 1.355104903673301800, 7.579764973081041500 ) ) ;
#3214 = CARTESIAN_POINT ( 'NONE',  ( 1.732050807568892100, 0.9999999999999924500, -8.416666666666669600 ) ) ;
#3215 = CARTESIAN_POINT ( 'NONE',  ( -0.8922005383792617200, 1.545336663013173500, -7.804166666666664500 ) ) ;
#3216 = CARTESIAN_POINT ( 'NONE',  ( -1.764863307568891300, 1.018944305707777400, 3.738541666666666000 ) ) ;
#3217 = CARTESIAN_POINT ( 'NONE',  ( -1.732050807568891400, -1.000000000000022400, -3.866666666666668500 ) ) ;
#3218 = CARTESIAN_POINT ( 'NONE',  ( -0.1332721955846634900, -1.366430934977769500, 10.00000000000000000 ) ) ;
#3219 = CARTESIAN_POINT ( 'NONE',  ( -1.416459691756017300, -1.333807506909006700, -10.72079459522224600 ) ) ;
#3220 = CARTESIAN_POINT ( 'NONE',  ( 1.784401076758523700, -1.534044899282305000E-014, -2.437499999999996900 ) ) ;
#3221 = CARTESIAN_POINT ( 'NONE',  ( 0.8922005383792613900, -1.545336663013203900, 4.358333333333335200 ) ) ;
#3222 = DIRECTION ( 'NONE',  ( 0.8660254037844384900, 0.5000000000000002200, 0.0000000000000000000 ) ) ;
#3223 = CARTESIAN_POINT ( 'NONE',  ( -0.8922005383792623900, -1.545336663013201700, -7.570833333333330200 ) ) ;
#3224 = CARTESIAN_POINT ( 'NONE',  ( 1.176575538379260000, -2.037888611415602300, 8.230208333333331800 ) ) ;
#3225 = EDGE_LOOP ( 'NONE', ( #6325, #2222, #4535, #6544 ) ) ;
#3226 = AXIS2_PLACEMENT_3D ( 'NONE', #594, #1203, #1178 ) ;
#3227 = B_SPLINE_CURVE_WITH_KNOTS ( 'NONE', 3,
 ( #365, #925, #1993, #3521 ),
 .UNSPECIFIED., .F., .F.,
 ( 4, 4 ),
 ( 0.004601422136440148200, 0.005332008534393408900 ),
 .UNSPECIFIED. ) ;
#3228 = CARTESIAN_POINT ( 'NONE',  ( -0.8922005383792623900, -1.545336663013202200, -2.058333333333331800 ) ) ;
#3229 = DIRECTION ( 'NONE',  ( -0.0000000000000000000, -1.224646799147353200E-016, 1.000000000000000000 ) ) ;
#3231 = CARTESIAN_POINT ( 'NONE',  ( -1.732050807568891000, 0.9999999999999924500, 4.504166666666672600 ) ) ;
#3230 = CARTESIAN_POINT ( 'NONE',  ( -1.338300807568892900, -0.7726683315066089600, 1.383333333333335300 ) ) ;
#3232 = CYLINDRICAL_SURFACE ( 'NONE', #1889, 2.000000000000001800 ) ;
#3233 = CARTESIAN_POINT ( 'NONE',  ( 1.736668904502768300, 0.8537870919292545000, 7.803164373760027100 ) ) ;
#3234 = CARTESIAN_POINT ( 'NONE',  ( 0.0000000000000000000, 2.037888611415569400, 5.065625000000004300 ) ) ;
#3235 = LINE ( 'NONE', #6491, #6436 ) ;
#3236 = CARTESIAN_POINT ( 'NONE',  ( 0.0000000000000000000, -1.721272204715333900E-015, 8.650000000000002100 ) ) ;
#3237 = CARTESIAN_POINT ( 'NONE',  ( -1.764863307568891300, 1.018944305707777800, -0.4177083333333289600 ) ) ;
#3238 = CARTESIAN_POINT ( 'NONE',  ( 1.402820174669335600, 1.570244183590080400, 7.804097577376093200 ) ) ;
#3239 = CARTESIAN_POINT ( 'NONE',  ( -1.892491597964152600E-016, -1.545336663013202200, -8.212499999999996800 ) ) ;
#3240 = APPROVAL_DATE_TIME ( #6443, #2501 ) ;
#3241 = CARTESIAN_POINT ( 'NONE',  ( 1.732050807568892100, 0.9999999999999920100, -5.529166666666661500 ) ) ;
#3242 = CARTESIAN_POINT ( 'NONE',  ( -0.1180634655157347700, -0.04192054041507266300, 9.450000000000001100 ) ) ;
#3243 = CARTESIAN_POINT ( 'NONE',  ( -1.155875579493234300, -1.596312592856896900, -10.70711265480992000 ) ) ;
#3244 = CARTESIAN_POINT ( 'NONE',  ( 0.8922005383792627200, 1.545336663013172000, 0.4791666666666694100 ) ) ;
#3245 = DIRECTION ( 'NONE',  ( -0.0000000000000000000, -1.224646799147353200E-016, 1.000000000000000000 ) ) ;
#3246 = CARTESIAN_POINT ( 'NONE',  ( -1.338300807568892900, -0.7726683315066093000, 3.483333333333334700 ) ) ;
#3247 = CARTESIAN_POINT ( 'NONE',  ( 0.0000000000000000000, -1.742921106121220900E-015, 8.826776695296638700 ) ) ;
#3248 = EDGE_CURVE ( 'NONE', #5292, #4510, #201, .T. ) ;
#3249 = CARTESIAN_POINT ( 'NONE',  ( 1.338300807568892500, -0.7726683315066090700, -5.995833333333330900 ) ) ;
#3250 = CARTESIAN_POINT ( 'NONE',  ( -1.176575538379261500, -2.037888611415601800, 8.813541666666663900 ) ) ;
#3251 = ORIENTED_EDGE ( 'NONE', *, *, #5118, .F. ) ;
#3252 = ORIENTED_EDGE ( 'NONE', *, *, #4684, .T. ) ;
#3253 = ORIENTED_EDGE ( 'NONE', *, *, #5970, .T. ) ;
#3254 = FACE_OUTER_BOUND ( 'NONE', #3776, .T. ) ;
#3255 = ORIENTED_EDGE ( 'NONE', *, *, #2367, .F. ) ;
#3256 = CARTESIAN_POINT ( 'NONE',  ( 1.338300807568893600, 0.7726683315065778800, -2.466666666666665500 ) ) ;
#3257 = CARTESIAN_POINT ( 'NONE',  ( 0.0000000000000000000, 1.545336663013172600, -0.9499999999999977400 ) ) ;
#3258 = VECTOR ( 'NONE', #4316, 1000.000000000000000 ) ;
#3259 = CARTESIAN_POINT ( 'NONE',  ( 0.0000000000000000000, -1.727395438711068400E-015, 8.700000000000004600 ) ) ;
#3260 = CARTESIAN_POINT ( 'NONE',  ( -1.176575538379260700, 2.037888611415569400, 4.423958333333338500 ) ) ;
#3261 = CARTESIAN_POINT ( 'NONE',  ( 0.0000000000000000000, 2.000000000000001800, -5.500000000000001800 ) ) ;
#3262 =( BOUNDED_CURVE ( )  B_SPLINE_CURVE ( 2, ( #31, #3562, #2077, #4634, #3119, #4067, #517 ),
 .UNSPECIFIED., .F., .F. ) 
 B_SPLINE_CURVE_WITH_KNOTS ( ( 3, 2, 2, 3 ),
 ( 0.1357233093842252800, 0.1412788649397808100, 0.1468344204953363500, 0.1523899760508918800 ),
 .UNSPECIFIED. ) 
 CURVE ( )  GEOMETRIC_REPRESENTATION_ITEM ( )  RATIONAL_B_SPLINE_CURVE ( ( 1.000000000000000000, 0.8660254037844387100, 1.000000000000000000, 0.8660254037844387100, 1.000000000000000000, 0.8660254037844387100, 1.000000000000000000 ) ) 
 REPRESENTATION_ITEM ( '' )  );
#3263 = CARTESIAN_POINT ( 'NONE',  ( -4.849368674376327700E-016, 1.443375672974061700, 10.00000000000000000 ) ) ;
#3264 = CARTESIAN_POINT ( 'NONE',  ( -1.732050807568891200, -1.000000000000023800, 6.720833333333338500 ) ) ;
#3265 = EDGE_CURVE ( 'NONE', #1096, #1099, #4541, .T. ) ;
#3266 = CARTESIAN_POINT ( 'NONE',  ( -2.449293598294726600E-016, -2.000000000000031100, -0.2500000000000008300 ) ) ;
#3267 = CARTESIAN_POINT ( 'NONE',  ( -0.8922005383792623900, -1.545336663013201700, -7.570833333333330200 ) ) ;
#3268 = CARTESIAN_POINT ( 'NONE',  ( -1.154700538379263900, 1.999999999999996000, -6.841666666666665900 ) ) ;
#3269 = CARTESIAN_POINT ( 'NONE',  ( -0.1180634655157347700, 0.04192054041506668200, 9.450000000000001100 ) ) ;
#3270 = DIRECTION ( 'NONE',  ( 0.0000000000000000000, -1.000000000000000000, 0.0000000000000000000 ) ) ;
#3271 = CARTESIAN_POINT ( 'NONE',  ( 0.0000000000000000000, 1.545336663013172600, -1.562499999999998000 ) ) ;
#3272 = CARTESIAN_POINT ( 'NONE',  ( -1.154700538379259200, -2.000000000000032400, -9.408333333333335000 ) ) ;
#3273 = CARTESIAN_POINT ( 'NONE',  ( -1.784401076758523700, -1.587852179323464200E-014, 5.525000000000002100 ) ) ;
#3274 = DIRECTION ( 'NONE',  ( 0.0000000000000000000, -1.000000000000000000, -1.224646799147353200E-016 ) ) ;
#3275 = CARTESIAN_POINT ( 'NONE',  ( -1.338300807568892900, -0.7726683315066078500, -7.629166666666664700 ) ) ;
#3276 = ORIENTED_EDGE ( 'NONE', *, *, #562, .T. ) ;
#3277 = CARTESIAN_POINT ( 'NONE',  ( 1.338300807568893600, 0.7726683315065775400, -0.3666666666666644800 ) ) ;
#3278 = CARTESIAN_POINT ( 'NONE',  ( 0.0000000000000000000, 1.545336663013172200, 1.850000000000001000 ) ) ;
#3279 = CARTESIAN_POINT ( 'NONE',  ( 0.0000000000000000000, 2.000000000000000900, 1.499999999999999100 ) ) ;
#3280 = ORIENTED_EDGE ( 'NONE', *, *, #524, .F. ) ;
#3281 = CARTESIAN_POINT ( 'NONE',  ( 1.764863307568892200, 1.018944305707775400, 4.948958333333339800 ) ) ;
#3282 =( BOUNDED_CURVE ( )  B_SPLINE_CURVE ( 2, ( #2437, #2884, #4429, #4457, #4969, #3849, #4363 ),
 .UNSPECIFIED., .F., .T. ) 
 B_SPLINE_CURVE_WITH_KNOTS ( ( 3, 2, 2, 3 ),
 ( 0.9023899760508918800, 0.9079455316064475300, 0.9135010871620030700, 0.9190566427175586000 ),
 .UNSPECIFIED. ) 
 CURVE ( )  GEOMETRIC_REPRESENTATION_ITEM ( )  RATIONAL_B_SPLINE_CURVE ( ( 1.000000000000000000, 0.8660254037844387100, 1.000000000000000000, 0.8660254037844387100, 1.000000000000000000, 0.8660254037844387100, 1.000000000000000000 ) ) 
 REPRESENTATION_ITEM ( '' )  );
#3283 = CARTESIAN_POINT ( 'NONE',  ( 0.0000000000000000000, -2.000000000000004000, 11.10000000000000000 ) ) ;
#3284 = CARTESIAN_POINT ( 'NONE',  ( 0.01433873229029500100, 0.1241770368591934800, 9.450000000000001100 ) ) ;
#3285 = CARTESIAN_POINT ( 'NONE',  ( -2.449293598294726100E-016, -2.000000000000031500, 3.337500000000003900 ) ) ;
#3286 = CARTESIAN_POINT ( 'NONE',  ( 1.784401076758523700, -1.448319623341990000E-014, -9.437499999999998200 ) ) ;
#3287 = VECTOR ( 'NONE', #6425, 1000.000000000000000 ) ;
#3288 = EDGE_CURVE ( 'NONE', #282, #2698, #6545, .T. ) ;
#3289 = CARTESIAN_POINT ( 'NONE',  ( -1.154700538379251500, -2.000000000000047100, -6.608333333333334300 ) ) ;
#3290 = CARTESIAN_POINT ( 'NONE',  ( 0.02272747981804476900, -0.1232062306029921600, 9.450000000000001100 ) ) ;
#3291 = CARTESIAN_POINT ( 'NONE',  ( -1.634073794758493800, -1.031646488271576600, -10.73396338101284400 ) ) ;
#3292 = CARTESIAN_POINT ( 'NONE',  ( -0.8922005383792623900, -1.545336663013202600, -0.5708333333333311900 ) ) ;
#3293 = CARTESIAN_POINT ( 'NONE',  ( -1.249999999999999800, 0.6050126472353255500, 11.05188501730915000 ) ) ;
#3294 = CARTESIAN_POINT ( 'NONE',  ( -1.892491597964152600E-016, -1.545336663013203500, 5.000000000000000900 ) ) ;
#3295 = ORIENTED_EDGE ( 'NONE', *, *, #2192, .F. ) ;
#3296 = DIRECTION ( 'NONE',  ( 0.0000000000000000000, 1.224646799147352700E-016, -1.000000000000000000 ) ) ;
#3297 = CARTESIAN_POINT ( 'NONE',  ( -0.8922005383792617200, 1.545336663013173300, -6.404166666666664100 ) ) ;
#3298 = CARTESIAN_POINT ( 'NONE',  ( 0.8922005383792627200, 1.545336663013172000, 1.091666666666667900 ) ) ;
#3299 = CARTESIAN_POINT ( 'NONE',  ( 1.338300807568893600, 0.7726683315065769900, 4.533333333333333200 ) ) ;
#3300 = ORIENTED_EDGE ( 'NONE', *, *, #3753, .F. ) ;
#3301 = APPROVAL_ROLE ( '' ) ;
#3302 = CARTESIAN_POINT ( 'NONE',  ( 0.0000000000000000000, 2.037888611415569400, 6.465625000000006400 ) ) ;
#3303 = CARTESIAN_POINT ( 'NONE',  ( 1.154700538379255200, 2.000000000000011500, -3.458333333333333500 ) ) ;
#3304 = CARTESIAN_POINT ( 'NONE',  ( 0.0000000000000000000, -2.000000000000004000, 11.10000000000000000 ) ) ;
#3305 = CARTESIAN_POINT ( 'NONE',  ( 4.799084644158683400E-016, 3.918749999999992600, 9.175000000000002500 ) ) ;
#3306 = CARTESIAN_POINT ( 'NONE',  ( 1.154700538379260100, -2.000000000000032000, 3.395833333333337500 ) ) ;
#3307 = CARTESIAN_POINT ( 'NONE',  ( 0.0000000000000000000, -2.021310670506432500E-015, 11.10000000000000000 ) ) ;
#3308 = ORIENTED_EDGE ( 'NONE', *, *, #1578, .F. ) ;
#3309 = CARTESIAN_POINT ( 'NONE',  ( 1.249999999999999800, -0.7216878364870350500, 10.00000000000000000 ) ) ;
#3310 = CARTESIAN_POINT ( 'NONE',  ( 1.338300807568892500, -0.7726683315066094100, -3.195833333333332000 ) ) ;
#3311 = LOCAL_TIME ( 10, 29, 13.00000000000000000, #3456 ) ;
#3312 = CARTESIAN_POINT ( 'NONE',  ( -2.309401076758521100, -1.434618248580151600E-014, -6.724999999999999600 ) ) ;
#3313 = CARTESIAN_POINT ( 'NONE',  ( 5.556536133988210200E-016, 1.398758288598141300, 9.999999999999980500 ) ) ;
#3314 = CARTESIAN_POINT ( 'NONE',  ( -1.764863307568891500, -1.018944305707806500, -10.14479166666666800 ) ) ;
#3315 = CARTESIAN_POINT ( 'NONE',  ( 1.338300807568893600, 0.7726683315065776500, -0.9791666666666646300 ) ) ;
#3316 = CARTESIAN_POINT ( 'NONE',  ( 2.449293598294708900E-016, 1.999999999999999600, 11.10000000000000000 ) ) ;
#3317 = CARTESIAN_POINT ( 'NONE',  ( 1.338300807568893600, 0.7726683315065767700, 6.633333333333334600 ) ) ;
#3318 = EDGE_LOOP ( 'NONE', ( #4629, #774, #775, #4102 ) ) ;
#3319 = CARTESIAN_POINT ( 'NONE',  ( 1.338300807568892500, -0.7726683315066093000, -3.895833333333330800 ) ) ;
#3320 = CARTESIAN_POINT ( 'NONE',  ( 1.784401076758523700, -1.550118388521114100E-014, -1.124999999999999300 ) ) ;
#3321 = CARTESIAN_POINT ( 'NONE',  ( 0.8922005383792613900, -1.545336663013203900, 3.658333333333334500 ) ) ;
#3322 = CARTESIAN_POINT ( 'NONE',  ( 1.764863307568892200, 1.018944305707775200, 5.648958333333339100 ) ) ;
#3323 = DIRECTION ( 'NONE',  ( -0.0000000000000000000, -1.224646799147353200E-016, 1.000000000000000000 ) ) ;
#3324 = CARTESIAN_POINT ( 'NONE',  ( 0.8922005383792627200, 1.545336663013173300, -10.10833333333333100 ) ) ;
#3325 = ORIENTED_EDGE ( 'NONE', *, *, #2332, .T. ) ;
#3326 = CARTESIAN_POINT ( 'NONE',  ( -1.732050807568891200, -1.000000000000022900, -0.9791666666666623000 ) ) ;
#3327 = DATE_AND_TIME ( #3470, #3311 ) ;
#3328 = CARTESIAN_POINT ( 'NONE',  ( -2.449293598294726100E-016, -2.000000000000031100, -2.262499999999994400 ) ) ;
#3329 = CARTESIAN_POINT ( 'NONE',  ( 0.8922005383792613900, -1.545336663013203300, -2.554166666666664900 ) ) ;
#3330 = CYLINDRICAL_SURFACE ( 'NONE', #5948, 2.000000000000001800 ) ;
#3331 = CARTESIAN_POINT ( 'NONE',  ( 1.154700538379261500, 2.000000000000000000, 0.7416666666666659200 ) ) ;
#3332 = CARTESIAN_POINT ( 'NONE',  ( -1.119723028801866700, -1.074478408657590900, -11.09999999999999800 ) ) ;
#3333 = ORIENTED_EDGE ( 'NONE', *, *, #4582, .T. ) ;
#3334 = CARTESIAN_POINT ( 'NONE',  ( -1.176575538379261500, -2.037888611415599600, -8.686458333333334300 ) ) ;
#3335 = CARTESIAN_POINT ( 'NONE',  ( -1.338300807568892900, -0.7726683315066089600, 1.470833333333336100 ) ) ;
#3336 = CARTESIAN_POINT ( 'NONE',  ( 0.0000000000000000000, 2.000000000000000400, 0.8875000000000052800 ) ) ;
#3337 = CARTESIAN_POINT ( 'NONE',  ( 1.338300807568893600, 0.7726683315065768800, 5.233333333333336100 ) ) ;
#3338 =( BOUNDED_CURVE ( )  B_SPLINE_CURVE ( 2, ( #3779, #4808, #175, #1255, #1767, #6346, #272 ),
 .UNSPECIFIED., .F., .T. ) 
 B_SPLINE_CURVE_WITH_KNOTS ( ( 3, 2, 2, 3 ),
 ( 0.4000000000000000800, 0.4055555555555556100, 0.4111111111111111500, 0.4166666666666667400 ),
 .UNSPECIFIED. ) 
 CURVE ( )  GEOMETRIC_REPRESENTATION_ITEM ( )  RATIONAL_B_SPLINE_CURVE ( ( 0.9999999999999986700, 0.8660254037844401500, 1.000000000000000000, 0.8660254037844388200, 1.000000000000000000, 0.8660254037844374900, 1.000000000000001300 ) ) 
 REPRESENTATION_ITEM ( '' )  );
#3339 = CARTESIAN_POINT ( 'NONE',  ( -1.338300807568892900, -0.7726683315066086300, -1.329166666666664200 ) ) ;
#3340 = EDGE_CURVE ( 'NONE', #6501, #3210, #2577, .T. ) ;
#3341 = CARTESIAN_POINT ( 'NONE',  ( -1.338300807568892700, 0.7726683315065784300, 3.366666666666668900 ) ) ;
#3343 = CARTESIAN_POINT ( 'NONE',  ( 0.2127248899373854800, 1.770445707719788400, -10.89205429228022700 ) ) ;
#3342 = CARTESIAN_POINT ( 'NONE',  ( 1.784401076758523700, -1.601553554085303000E-014, 3.075000000000001500 ) ) ;
#3344 = CARTESIAN_POINT ( 'NONE',  ( -1.176575538379261500, -2.037888611415601800, 8.857291666666672100 ) ) ;
#3345 =( BOUNDED_CURVE ( )  B_SPLINE_CURVE ( 2, ( #4853, #5844, #2325, #2813, #814, #3777, #5865 ),
 .UNSPECIFIED., .F., .T. ) 
 B_SPLINE_CURVE_WITH_KNOTS ( ( 3, 2, 2, 3 ),
 ( 0.02076120168155936400, 0.02222222222222222000, 0.02777777777777775500, 0.03333333333333329800 ),
 .UNSPECIFIED. ) 
 CURVE ( )  GEOMETRIC_REPRESENTATION_ITEM ( )  RATIONAL_B_SPLINE_CURVE ( ( 0.9480652107226168500, 0.9647668653403694800, 1.000000000000000000, 0.8660254037844388200, 1.000000000000000000, 0.8660254037844397100, 0.9999999999999991100 ) ) 
 REPRESENTATION_ITEM ( '' )  );
#3346 = DIRECTION ( 'NONE',  ( 0.0000000000000000000, -1.000000000000000000, 0.0000000000000000000 ) ) ;
#3347 = CARTESIAN_POINT ( 'NONE',  ( -1.338300807568892900, -0.7726683315066076300, -9.816666666666664700 ) ) ;
#3348 = CARTESIAN_POINT ( 'NONE',  ( -1.154700538379273700, 1.999999999999977100, 2.958333333333332100 ) ) ;
#3349 = CARTESIAN_POINT ( 'NONE',  ( 1.784401076758523700, -1.516899844094241800E-014, -3.837499999999997700 ) ) ;
#3350 = ORIENTED_EDGE ( 'NONE', *, *, #1590, .F. ) ;
#3351 = CARTESIAN_POINT ( 'NONE',  ( -0.007086461601581074500, 0.1248667708941915800, 9.449999999999995700 ) ) ;
#3352 = CARTESIAN_POINT ( 'NONE',  ( -2.495693764988940900E-016, -2.037888611415599600, -9.328125000000001800 ) ) ;
#3353 = CARTESIAN_POINT ( 'NONE',  ( 1.338300807568892500, -0.7726683315066103000, 3.804166666666669400 ) ) ;
#3354 = DIRECTION ( 'NONE',  ( 0.5000000000000003300, -0.8660254037844386000, 0.0000000000000000000 ) ) ;
#3355 = CARTESIAN_POINT ( 'NONE',  ( -1.338300807568892900, -0.7726683315066098500, 7.683333333333333600 ) ) ;
#3356 = CARTESIAN_POINT ( 'NONE',  ( -1.338300807568892900, -0.7726683315066084100, -3.429166666666663600 ) ) ;
#3357 = ORIENTED_EDGE ( 'NONE', *, *, #5029, .T. ) ;
#3358 = CARTESIAN_POINT ( 'NONE',  ( -1.338300807568892700, 0.7726683315065799900, -9.845833333333331400 ) ) ;
#3359 = CARTESIAN_POINT ( 'NONE',  ( 0.8922005383792627200, 1.545336663013171700, 2.491666666666667600 ) ) ;
#3360 = CIRCLE ( 'NONE', #366, 2.403553390593273300 ) ;
#3362 = CARTESIAN_POINT ( 'NONE',  ( 0.6663499031230261100, -1.443642923529969300, -11.07603333189283000 ) ) ;
#3361 = CARTESIAN_POINT ( 'NONE',  ( 1.338300807568893600, 0.7726683315065772100, 3.133333333333335100 ) ) ;
#3363 = DIRECTION ( 'NONE',  ( -1.000000000000000000, 0.0000000000000000000, 0.0000000000000000000 ) ) ;
#3364 = CARTESIAN_POINT ( 'NONE',  ( 1.784401076758523700, -1.481538167768862000E-014, -6.724999999999998800 ) ) ;
#3365 = CIRCLE ( 'NONE', #2159, 2.100000000000001900 ) ;
#3366 = DIRECTION ( 'NONE',  ( 0.0000000000000000000, -1.000000000000000000, 0.0000000000000000000 ) ) ;
#3367 = CARTESIAN_POINT ( 'NONE',  ( -0.8922005383792623900, -1.545336663013202200, -3.370833333333332200 ) ) ;
#3368 = VERTEX_POINT ( 'NONE', #870 ) ;
#3369 = ORIENTED_EDGE ( 'NONE', *, *, #5459, .T. ) ;
#3370 = EDGE_CURVE ( 'NONE', #984, #1757, #1749, .T. ) ;
#3371 = CARTESIAN_POINT ( 'NONE',  ( 1.154700538379260100, -2.000000000000032000, 1.995833333333337800 ) ) ;
#3372 = CARTESIAN_POINT ( 'NONE',  ( -1.338300807568892700, 0.7726683315065783200, 4.154166666666668600 ) ) ;
#3373 = CARTESIAN_POINT ( 'NONE',  ( 1.154700538379260100, -2.000000000000031100, -5.004166666666662000 ) ) ;
#3374 = CARTESIAN_POINT ( 'NONE',  ( -2.353151076758521800, -1.375146338396558500E-014, -11.55937499999999400 ) ) ;
#3375 = ADVANCED_FACE ( 'NONE', ( #3434 ), #1283, .T. ) ;
#3376 = CARTESIAN_POINT ( 'NONE',  ( -1.784401076758523700, -1.486053414144340800E-014, -2.787499999999998300 ) ) ;
#3377 = CARTESIAN_POINT ( 'NONE',  ( -0.8922005383792623900, -1.545336663013203000, 2.229166666666669200 ) ) ;
#3378 = CARTESIAN_POINT ( 'NONE',  ( -0.8922005383792623900, -1.545336663013201500, -10.37083333333333000 ) ) ;
#3379 = CARTESIAN_POINT ( 'NONE',  ( 0.8922005383792613900, -1.545336663013203900, 4.358333333333335200 ) ) ;
#3381 = CARTESIAN_POINT ( 'NONE',  ( 0.3606839615661399100, -1.533525367673990800, -11.09066773120530100 ) ) ;
#3380 = CARTESIAN_POINT ( 'NONE',  ( 1.338300807568892500, -0.7726683315066107400, 7.216666666666666800 ) ) ;
#3382 = DIRECTION ( 'NONE',  ( 0.0000000000000000000, -1.000000000000000000, 0.0000000000000000000 ) ) ;
#3383 = VERTEX_POINT ( 'NONE', #5900 ) ;
#3384 = CARTESIAN_POINT ( 'NONE',  ( 0.1137289435409353600, 0.05193069013090178400, 9.450000000000001100 ) ) ;
#3385 = AXIS2_PLACEMENT_3D ( 'NONE', #1558, #2063, #4695 ) ;
#3386 = CARTESIAN_POINT ( 'NONE',  ( 0.0000000000000000000, 1.545336663013173300, -6.549999999999998900 ) ) ;
#3387 = VECTOR ( 'NONE', #1954, 1000.000000000000100 ) ;
#3388 = CARTESIAN_POINT ( 'NONE',  ( -2.449293598294726100E-016, -2.000000000000031500, 4.037500000000005900 ) ) ;
#3389 = CARTESIAN_POINT ( 'NONE',  ( 2.309401076758521600, -1.547975256622605700E-014, -2.087499999999995000 ) ) ;
#3390 = CARTESIAN_POINT ( 'NONE',  ( -1.338300807568892700, 0.7726683315065794300, -4.945833333333331100 ) ) ;
#3391 = CALENDAR_DATE ( 2025, 18, 8 ) ;
#3392 = CARTESIAN_POINT ( 'NONE',  ( -1.784401076758523700, -1.563206162490624100E-014, 3.512500000000002000 ) ) ;
#3393 = CARTESIAN_POINT ( 'NONE',  ( -1.764863307568891300, 1.018944305707779200, -11.61770833333332900 ) ) ;
#3394 = CARTESIAN_POINT ( 'NONE',  ( -1.784401076758523700, -1.537488579708529400E-014, 1.412500000000002300 ) ) ;
#3395 = CARTESIAN_POINT ( 'NONE',  ( -1.338300807568892700, 0.7726683315065785400, 2.754166666666668700 ) ) ;
#3396 = AXIS2_PLACEMENT_3D ( 'NONE', #266, #1781, #1328 ) ;
#3397 = LINE ( 'NONE', #3767, #400 ) ;
#3398 = CARTESIAN_POINT ( 'NONE',  ( -1.764863307568891300, 1.018944305707778700, -8.161458333333333900 ) ) ;
#3399 = CARTESIAN_POINT ( 'NONE',  ( -1.892491597964152600E-016, -1.545336663013203500, 3.600000000000001000 ) ) ;
#3401 = CARTESIAN_POINT ( 'NONE',  ( -2.309401076758521600, -1.581422783627941000E-014, 5.262500000000005500 ) ) ;
#3400 = CARTESIAN_POINT ( 'NONE',  ( 0.0000000000000000000, -1.751888374694015100E-015, 8.900000000000002100 ) ) ;
#3402 = ORIENTED_EDGE ( 'NONE', *, *, #5068, .F. ) ;
#3403 = VERTEX_POINT ( 'NONE', #850 ) ;
#3404 = CARTESIAN_POINT ( 'NONE',  ( 1.243172892659814500, 0.6219519608812367200, 10.00000000000000900 ) ) ;
#3405 = EDGE_LOOP ( 'NONE', ( #2941, #4079, #2344, #2583 ) ) ;
#3406 = CARTESIAN_POINT ( 'NONE',  ( 1.338300807568893600, 0.7726683315065783200, -5.966666666666665000 ) ) ;
#3407 = VERTEX_POINT ( 'NONE', #2872 ) ;
#3408 = ADVANCED_FACE ( 'NONE', ( #663 ), #5843, .T. ) ;
#3409 = ADVANCED_FACE ( 'NONE', ( #5309 ), #4573, .T. ) ;
#3410 = EDGE_CURVE ( 'NONE', #384, #282, #3235, .T. ) ;
#3411 = CARTESIAN_POINT ( 'NONE',  ( -2.309401076758521100, -1.528916052114498100E-014, 0.9749999999999995300 ) ) ;
#3412 = CARTESIAN_POINT ( 'NONE',  ( 0.8922005383792627200, 1.545336663013172200, -0.9208333333333308400 ) ) ;
#3413 = CARTESIAN_POINT ( 'NONE',  ( -4.849368674376327700E-016, 1.443375672974061700, 10.00000000000000000 ) ) ;
#3414 = CARTESIAN_POINT ( 'NONE',  ( -1.338300807568892900, -0.7726683315066091900, 2.870833333333336200 ) ) ;
#3415 = CARTESIAN_POINT ( 'NONE',  ( -2.353151076758521800, -1.400863921178652700E-014, -9.459374999999996100 ) ) ;
#3416 = CARTESIAN_POINT ( 'NONE',  ( 1.338300807568892500, -0.7726683315066101800, 2.404166666666669000 ) ) ;
#3417 = CARTESIAN_POINT ( 'NONE',  ( 1.338300807568892500, -0.7726683315066097400, -0.3958333333333313700 ) ) ;
#3418 = CARTESIAN_POINT ( 'NONE',  ( 1.764863307568890900, -1.018944305707808300, -5.711458333333334600 ) ) ;
#3419 = EDGE_CURVE ( 'NONE', #384, #409, #4873, .T. ) ;
#3420 = CARTESIAN_POINT ( 'NONE',  ( 0.0000000000000000000, 1.545336663013172000, 4.650000000000001200 ) ) ;
#3422 = CARTESIAN_POINT ( 'NONE',  ( 1.414861121218792300, 0.9643283830215262400, -10.95352536794970400 ) ) ;
#3421 = CARTESIAN_POINT ( 'NONE',  ( -1.338300807568892700, 0.7726683315065779900, 6.866666666666667100 ) ) ;
#3423 = ORIENTED_EDGE ( 'NONE', *, *, #2695, .F. ) ;
#3424 = VERTEX_POINT ( 'NONE', #343 ) ;
#3425 = CARTESIAN_POINT ( 'NONE',  ( 0.1180634655157347700, 0.04192054041506671600, 9.450000000000001100 ) ) ;
#3426 = CARTESIAN_POINT ( 'NONE',  ( -1.154700538379261700, -2.000000000000030200, -7.220833333333328800 ) ) ;
#3427 = CARTESIAN_POINT ( 'NONE',  ( -1.892491597964152600E-016, -1.545336663013202200, -7.599999999999997900 ) ) ;
#3428 = VERTEX_POINT ( 'NONE', #3895 ) ;
#3429 = ORIENTED_EDGE ( 'NONE', *, *, #1998, .F. ) ;
#3430 = CARTESIAN_POINT ( 'NONE',  ( 6.730369402342498300E-016, 1.082531754730544900, 10.00000000000000000 ) ) ;
#3431 = AXIS2_PLACEMENT_3D ( 'NONE', #673, #5197, #3755 ) ;
#3432 = CARTESIAN_POINT ( 'NONE',  ( 0.8922005383792627200, 1.545336663013171700, 2.579166666666668800 ) ) ;
#3433 = CARTESIAN_POINT ( 'NONE',  ( -1.892491597964152600E-016, -1.545336663013203900, 8.500000000000000000 ) ) ;
#3434 = FACE_OUTER_BOUND ( 'NONE', #1479, .T. ) ;
#3435 = ADVANCED_FACE ( 'NONE', ( #5607 ), #6257, .T. ) ;
#3436 = CARTESIAN_POINT ( 'NONE',  ( -1.338300807568892700, 0.7726683315065787600, -0.04583333333333175500 ) ) ;
#3437 = CARTESIAN_POINT ( 'NONE',  ( 1.338300807568892500, -0.7726683315066099600, 1.004166666666668900 ) ) ;
#3438 = ADVANCED_FACE ( 'NONE', ( #5700 ), #319, .T. ) ;
#3439 = CARTESIAN_POINT ( 'NONE',  ( -2.495693764988940900E-016, -2.037888611415600100, -7.228125000000001200 ) ) ;
#3440 = CARTESIAN_POINT ( 'NONE',  ( -1.784401076758523700, -1.596424706917496100E-014, 6.225000000000001400 ) ) ;
#3441 = CARTESIAN_POINT ( 'NONE',  ( 0.0000000000000000000, 1.545336663013171700, 6.750000000000002700 ) ) ;
#3442 = VERTEX_POINT ( 'NONE', #5434 ) ;
#3443 = FACE_OUTER_BOUND ( 'NONE', #52, .T. ) ;
#3444 = CARTESIAN_POINT ( 'NONE',  ( 2.309401076758521600, -1.582265366998731500E-014, 0.7125000000000053500 ) ) ;
#3445 = CARTESIAN_POINT ( 'NONE',  ( 0.09533598569768997300, 0.08128569018791652300, 9.450000000000001100 ) ) ;
#3446 = VERTEX_POINT ( 'NONE', #2422 ) ;
#3447 = CARTESIAN_POINT ( 'NONE',  ( 1.338300807568893600, 0.7726683315065786500, -9.466666666666665000 ) ) ;
#3448 = EDGE_CURVE ( 'NONE', #3553, #5073, #3148, .T. ) ;
#3449 = ORIENTED_EDGE ( 'NONE', *, *, #5297, .F. ) ;
#3450 = DIRECTION ( 'NONE',  ( 0.0000000000000000000, -1.000000000000000000, 0.0000000000000000000 ) ) ;
#3451 = ORIENTED_EDGE ( 'NONE', *, *, #2321, .T. ) ;
#3452 = CARTESIAN_POINT ( 'NONE',  ( 1.338300807568892500, -0.7726683315066106300, 6.604166666666667900 ) ) ;
#3453 = CARTESIAN_POINT ( 'NONE',  ( -1.176575538379261500, -2.037888611415599200, -11.44270833333332900 ) ) ;
#3454 = CARTESIAN_POINT ( 'NONE',  ( -1.784401076758523700, -1.546061107302561000E-014, 2.112500000000001600 ) ) ;
#3455 = CARTESIAN_POINT ( 'NONE',  ( -1.338300807568892900, -0.7726683315066090700, 2.170833333333335200 ) ) ;
#3456 = COORDINATED_UNIVERSAL_TIME_OFFSET ( 6, 0, .BEHIND. ) ;
#3457 = CARTESIAN_POINT ( 'NONE',  ( 0.0000000000000000000, 2.037888611415571200, -7.578125000000001800 ) ) ;
#3458 = CARTESIAN_POINT ( 'NONE',  ( 1.338300807568893600, 0.7726683315065765400, 8.033333333333333200 ) ) ;
#3459 = CARTESIAN_POINT ( 'NONE',  ( 0.8922005383792613900, -1.545336663013203900, 6.458333333333333000 ) ) ;
#3460 = EDGE_LOOP ( 'NONE', ( #42, #542, #4129, #5121 ) ) ;
#3461 = FACE_OUTER_BOUND ( 'NONE', #15, .T. ) ;
#3462 = CARTESIAN_POINT ( 'NONE',  ( 0.08296024827320952500, -1.387595286780208600, 10.00000000000000500 ) ) ;
#3463 = ADVANCED_FACE ( 'NONE', ( #4430 ), #3536, .F. ) ;
#3464 = CARTESIAN_POINT ( 'NONE',  ( 0.8922005383792627200, 1.545336663013173500, -10.80833333333333200 ) ) ;
#3465 = DATE_AND_TIME ( #4667, #4842 ) ;
#3466 = CARTESIAN_POINT ( 'NONE',  ( -2.449293598294726600E-016, -2.000000000000029800, -9.350000000000003200 ) ) ;
#3467 =( BOUNDED_CURVE ( )  B_SPLINE_CURVE ( 2, ( #1491, #6566, #2457, #3975, #5011, #5474, #4971 ),
 .UNSPECIFIED., .F., .F. ) 
 B_SPLINE_CURVE_WITH_KNOTS ( ( 3, 2, 2, 3 ),
 ( 0.5523899760508919100, 0.5579455316064474400, 0.5635010871620029800, 0.5690566427175585100 ),
 .UNSPECIFIED. ) 
 CURVE ( )  GEOMETRIC_REPRESENTATION_ITEM ( )  RATIONAL_B_SPLINE_CURVE ( ( 1.000000000000000000, 0.8660254037844387100, 1.000000000000000000, 0.8660254037844387100, 1.000000000000000000, 0.8660254037844387100, 1.000000000000000000 ) ) 
 REPRESENTATION_ITEM ( '' )  );
#3468 =( BOUNDED_CURVE ( )  B_SPLINE_CURVE ( 2, ( #2702, #2242, #4252, #1166, #2676, #6226, #156 ),
 .UNSPECIFIED., .F., .T. ) 
 B_SPLINE_CURVE_WITH_KNOTS ( ( 3, 2, 2, 3 ),
 ( 0.4166666666666667400, 0.4222222222222222800, 0.4277777777777778700, 0.4333333333333334600 ),
 .UNSPECIFIED. ) 
 CURVE ( )  GEOMETRIC_REPRESENTATION_ITEM ( )  RATIONAL_B_SPLINE_CURVE ( ( 0.9999999999999986700, 0.8660254037844401500, 1.000000000000000000, 0.8660254037844388200, 1.000000000000000000, 0.8660254037844361500, 1.000000000000002700 ) ) 
 REPRESENTATION_ITEM ( '' )  );
#3469 = ORIENTED_EDGE ( 'NONE', *, *, #3104, .T. ) ;
#3470 = CALENDAR_DATE ( 2025, 18, 8 ) ;
#3471 = CARTESIAN_POINT ( 'NONE',  ( -0.8922005383792623900, -1.545336663013203300, 6.429166666666669800 ) ) ;
#3472 = CARTESIAN_POINT ( 'NONE',  ( -1.176575538379260700, 2.037888611415570800, -6.076041666666662300 ) ) ;
#3473 = EDGE_LOOP ( 'NONE', ( #3101, #307, #4724, #6554, #6449, #3772, #5979 ) ) ;
#3474 = CARTESIAN_POINT ( 'NONE',  ( -1.338300807568892700, 0.7726683315065786500, 0.6541666666666692300 ) ) ;
#3475 = CARTESIAN_POINT ( 'NONE',  ( 1.784401076758523700, -1.602625120034556700E-014, 3.162500000000001900 ) ) ;
#3476 = FACE_OUTER_BOUND ( 'NONE', #1131, .T. ) ;
#3477 = CARTESIAN_POINT ( 'NONE',  ( -2.449293598294726100E-016, -2.000000000000031500, 1.237500000000004900 ) ) ;
#3478 = CARTESIAN_POINT ( 'NONE',  ( -1.176575538379260700, 2.037888611415570800, -5.419791666666668600 ) ) ;
#3479 = ORIENTED_EDGE ( 'NONE', *, *, #4959, .T. ) ;
#3480 = CARTESIAN_POINT ( 'NONE',  ( -0.8922005383792617200, 1.545336663013171500, 8.208333333333335700 ) ) ;
#3482 = DIRECTION ( 'NONE',  ( 0.0000000000000000000, -1.000000000000000000, 0.0000000000000000000 ) ) ;
#3481 = CARTESIAN_POINT ( 'NONE',  ( -1.154700538379260600, 2.000000000000001300, -6.141666666666665700 ) ) ;
#3483 = VERTEX_POINT ( 'NONE', #847 ) ;
#3484 = CARTESIAN_POINT ( 'NONE',  ( 1.732050807568892100, 0.9999999999999911200, 0.7708333333333374800 ) ) ;
#3485 = AXIS2_PLACEMENT_3D ( 'NONE', #4295, #3296, #4813 ) ;
#3486 = CARTESIAN_POINT ( 'NONE',  ( -0.1137289435409353800, -0.05193069013090770300, 9.450000000000001100 ) ) ;
#3487 = EDGE_CURVE ( 'NONE', #5039, #405, #3227, .T. ) ;
#3488 = CARTESIAN_POINT ( 'NONE',  ( 0.8922005383792613900, -1.545336663013202600, -8.241666666666663600 ) ) ;
#3489 = DIRECTION ( 'NONE',  ( 0.0000000000000000000, -1.000000000000000000, 0.0000000000000000000 ) ) ;
#3490 = CARTESIAN_POINT ( 'NONE',  ( -1.176575538379261500, -2.037888611415599600, -7.942708333333327700 ) ) ;
#3491 = CARTESIAN_POINT ( 'NONE',  ( 0.0000000000000000000, 1.545336663013172200, 3.337500000000002100 ) ) ;
#3492 = CARTESIAN_POINT ( 'NONE',  ( 0.8922005383792613900, -1.545336663013203900, 5.145833333333335700 ) ) ;
#3493 = ADVANCED_FACE ( 'NONE', ( #67 ), #4884, .F. ) ;
#3494 = ORIENTED_EDGE ( 'NONE', *, *, #2334, .T. ) ;
#3495 = CARTESIAN_POINT ( 'NONE',  ( -1.764863307568891500, -1.018944305707807100, -3.144791666666667300 ) ) ;
#3496 = EDGE_CURVE ( 'NONE', #2495, #432, #865, .T. ) ;
#3497 = CARTESIAN_POINT ( 'NONE',  ( -1.338300807568892700, 0.7726683315065781000, 6.166666666666667900 ) ) ;
#3498 = CARTESIAN_POINT ( 'NONE',  ( 2.449293598294708900E-016, 1.999999999999999600, 11.10000000000000000 ) ) ;
#3499 = CARTESIAN_POINT ( 'NONE',  ( -1.784401076758523700, -1.408900665798057300E-014, -9.087499999999998600 ) ) ;
#3500 = CARTESIAN_POINT ( 'NONE',  ( 2.449293598294708900E-016, 1.999999999999999600, 11.10000000000000000 ) ) ;
#3501 = CARTESIAN_POINT ( 'NONE',  ( -1.243172892659815300, 0.6219519608812341700, 9.999999999999994700 ) ) ;
#3502 = ORIENTED_EDGE ( 'NONE', *, *, #4886, .T. ) ;
#3503 = CIRCLE ( 'NONE', #3485, 2.000000000000001800 ) ;
#3504 = CARTESIAN_POINT ( 'NONE',  ( 1.784401076758523700, -1.447248057392736300E-014, -9.524999999999998600 ) ) ;
#3506 = CARTESIAN_POINT ( 'NONE',  ( 0.8922005383792613900, -1.545336663013202800, -6.141666666666664800 ) ) ;
#3505 = CARTESIAN_POINT ( 'NONE',  ( 0.0000000000000000000, 1.545336663013173700, -9.349999999999999600 ) ) ;
#3507 = CARTESIAN_POINT ( 'NONE',  ( 1.732050807568890700, -1.000000000000024000, -0.1333333333333348600 ) ) ;
#3508 = AXIS2_PLACEMENT_3D ( 'NONE', #3032, #1514, #2080 ) ;
#3509 = CYLINDRICAL_SURFACE ( 'NONE', #3508, 2.000000000000001800 ) ;
#3510 = CARTESIAN_POINT ( 'NONE',  ( -1.892491597964152600E-016, -1.545336663013203700, 7.187500000000002700 ) ) ;
#3511 = CARTESIAN_POINT ( 'NONE',  ( 1.764863307568892200, 1.018944305707776900, -7.651041666666661600 ) ) ;
#3512 = EDGE_LOOP ( 'NONE', ( #2832, #3910, #4482, #3953 ) ) ;
#3513 = CARTESIAN_POINT ( 'NONE',  ( -1.784401076758523700, -1.571778690084655100E-014, 4.212500000000002100 ) ) ;
#3514 = CARTESIAN_POINT ( 'NONE',  ( 1.338300807568893600, 0.7726683315065772100, 3.220833333333335900 ) ) ;
#3515 = CARTESIAN_POINT ( 'NONE',  ( -1.784401076758523700, -1.391755610609994800E-014, -10.48749999999999700 ) ) ;
#3516 = CARTESIAN_POINT ( 'NONE',  ( -1.176575538379261500, -2.037888611415600100, -3.086458333333335100 ) ) ;
#3517 = CARTESIAN_POINT ( 'NONE',  ( 0.8922005383792613900, -1.545336663013204600, 7.858333333333335200 ) ) ;
#3518 = DIRECTION ( 'NONE',  ( 0.0000000000000000000, 1.000000000000000000, 0.0000000000000000000 ) ) ;
#3519 =( BOUNDED_CURVE ( )  B_SPLINE_CURVE ( 2, ( #29, #5042, #4021, #6049, #515, #2592, #5080, #3560, #3008, #6581, #4064, #3515, #4631, #576, #1593, #1104, #99, #4658, #5143, #3629, #1618, #74, #2100, #5657, #3604, #2621, #3116, #6160, #597, #4135, #4109, #1080, #2493, #2572, #998, #3499, #1974, #2994, #2551, #4591, #4550, #3050, #4070, #536, #981, #4566, #6565, #1533, #11, #5528, #6097, #35, #5027, #5549, #2512, #1515, #6034, #3565, #5061, #1038, #3988, #6118, #1552, #6055, #5103, #56, #2056, #3033, #5612, #3539, #500, #2015, #5569, #6072, #3075, #3012, #5085, #2531, #6587, #3586, #1470, #3520, #476, #519, #963, #2034, #4047, #4508, #1019, #5589, #4028, #4006, #4528, #1490, #5046, #1992, #5634, #2591, #1109, #1212, #5759, #1650, #2205, #1674, #1158, #1187, #4141, #676, #5175, #1699, #4712, #3660, #3637, #5199, #4664, #604, #704, #2153, #5278, #4734, #4218, #2627, #2669, #3169, #4243, #4688, #149, #3122, #5663, #176, #2180, #1624, #6217, #102, #5257, #5733, #3684, #4759, #2715, #3734, #6269, #4167, #3706, #1719, #649, #6166, #3193, #2128, #5227, #3220, #203, #6197, #5686, #4191, #2648, #3144, #125, #625, #5710, #2690, #6242, #1136, #2836, #2792, #3271, #1788, #4268, #6298, #2766, #223, #250, #6347, #5809, #4809, #3315, #1834, #1232, #4857, #2329, #4875, #2234, #3292, #794, #5784, #1812, #5339, #2743, #1768, #2303, #3822, #2816, #5848, #6375, #1741, #293, #273, #2279, #6323, #4337, #3244, #3802, #751, #3759, #731, #770, #4315, #5317, #1294, #1278, #5359, #5868, #4833, #4785, #5295, #2259, #6395, #3335, #3780, #4292, #312, #3841, #1256, #5828, #4356, #817, #1316, #1401, #5424, #877, #4895, #856, #4420, #896, #4940, #2370, #3432, #4961, #3904, #1378, #1896, #3414, #1873, #4981, #4445, #395, #2899, #2352, #2391, #6461, #416, #4398, #3392, #2856, #5378, #6482, #5444, #3353, #5930, #6417, #1915, #2412, #3864, #3372, #3943, #3923, #915, #3884, #5464, #4466, #375, #1424, #2917, #332, #5954, #2430, #5972, #5906, #4376, #2934, #6502, #1851, #5888, #837, #5398, #1334, #2877, #6438, #353, #1359, #4915, #1482, #3966, #5989, #2465, #6521, #6539, #6025, #5505, #4498, #3003, #1524, #3471, #452, #5520, #3452, #989, #2986, #487, #1930, #4539, #5036, #5488, #1460, #1983, #3510, #2503, #5537, #6043, #1443, #6577, #6556, #3995, #2003 ),
 .UNSPECIFIED., .F., .T. ) 
 B_SPLINE_CURVE_WITH_KNOTS ( ( 3, 2, 2, 2, 2, 2, 2, 2, 2, 2, 2, 2, 2, 2, 2, 2, 2, 2, 2, 2, 2, 2, 2, 2, 2, 2, 2, 2, 2, 2, 2, 2, 2, 2, 2, 2, 2, 2, 2, 2, 2, 2, 2, 2, 2, 2, 2, 2, 2, 2, 2, 2, 2, 2, 2, 2, 2, 2, 2, 2, 2, 2, 2, 2, 2, 2, 2, 2, 2, 2, 2, 2, 2, 2, 2, 2, 2, 2, 2, 2, 2, 2, 2, 2, 2, 2, 2, 2, 2, 2, 2, 2, 2, 2, 2, 2, 2, 2, 2, 2, 2, 2, 2, 2, 2, 2, 2, 2, 2, 2, 2, 2, 2, 2, 2, 2, 2, 2, 2, 2, 2, 2, 2, 2, 2, 2, 2, 2, 2, 2, 2, 2, 2, 2, 2, 2, 2, 2, 2, 2, 2, 2, 2, 2, 2, 2, 2, 2, 2, 2, 2, 2, 2, 2, 2, 2, 2, 2, 2, 2, 2, 3 ),
 ( 0.01275422023132613500, 0.01690805848018378500, 0.02254407797357814100, 0.02818009746697249300, 0.03381611696036684900, 0.03945213645376120100, 0.04508815594715556000, 0.05072417544054991200, 0.05636019493394425800, 0.06199621442733861700, 0.06763223392073297600, 0.07326825341412732100, 0.07890427290752168000, 0.08454029240091603900, 0.09017631189431038500, 0.09581233138770473000, 0.1014483508810991000, 0.1070843703744934500, 0.1127203898678878100, 0.1183564093612821500, 0.1239924288546765000, 0.1296284483480708600, 0.1352644678414652300, 0.1409004873348595800, 0.1465365068282539200, 0.1521725263216482700, 0.1578085458150426400, 0.1634445653084369800, 0.1690805848018313300, 0.1747166042952256700, 0.1803526237886200800, 0.1859886432820143900, 0.1916246627754087400, 0.1972606822688031100, 0.2028967017621974800, 0.2085327212555918300, 0.2141687407489861700, 0.2198047602423805200, 0.2254407797357748700, 0.2310767992291692100, 0.2367128187225636100, 0.2423488382159579600, 0.2479848577093522700, 0.2536208772027466200, 0.2592568966961409400, 0.2648929161895353700, 0.2705289356829296800, 0.2761649551763240000, 0.2818009746697184300, 0.2874369941631127500, 0.2930730136565071800, 0.2987090331499014900, 0.3043450526432958100, 0.3099810721366902400, 0.3156170916300845600, 0.3212531111234788700, 0.3268891306168733000, 0.3325251501102676200, 0.3381611696036619400, 0.3437971890970563700, 0.3494332085904506800, 0.3550692280838451100, 0.3607052475772394300, 0.3663412670706337500, 0.3719772865640280600, 0.3776133060574224900, 0.3832493255508168100, 0.3888853450442111300, 0.3945213645376054500, 0.4001573840309997600, 0.4057934035243941900, 0.4114294230177885100, 0.4170654425111829400, 0.4227014620045772600, 0.4283374814979715700, 0.4339735009913658900, 0.4396095204847603200, 0.4452455399781547500, 0.4508815594715490600, 0.4565175789649433800, 0.4621535984583377000, 0.4677896179517321300, 0.4734256374451265600, 0.4790616569385208700, 0.4846976764319151900, 0.4903336959253095100, 0.4959697154187038300, 0.5016057349120982600, 0.5072417544054925700, 0.5128777738988868900, 0.5185137933922812100, 0.5241498128856756400, 0.5297858323790700700, 0.5354218518724643800, 0.5410578713658587000, 0.5466938908592530200, 0.5523299103526474500, 0.5579659298460418700, 0.5636019493394361900, 0.5692379688328305100, 0.5748739883262248300, 0.5805100078196191400, 0.5861460273130134600, 0.5917820468064078900, 0.5974180662998023200, 0.6030540857931965300, 0.6086901052865909500, 0.6143261247799851600, 0.6199621442733797000, 0.6255981637667741300, 0.6312341832601683400, 0.6368702027535627600, 0.6425062222469569700, 0.6481422417403514000, 0.6537782612337459400, 0.6594142807271401500, 0.6650503002205345700, 0.6706863197139287800, 0.6763223392073232100, 0.6819583587007175300, 0.6875943781941119500, 0.6932303976875062700, 0.6988664171809005900, 0.7045024366742949100, 0.7101384561676893400, 0.7157744756610837600, 0.7214104951544780800, 0.7270465146478724000, 0.7326825341412667200, 0.7383185536346611500, 0.7439545731280553500, 0.7495905926214498900, 0.7552266121148441000, 0.7608626316082385300, 0.7664986511016328400, 0.7721346705950271600, 0.7777706900884217000, 0.7834067095818159100, 0.7890427290752103400, 0.7946787485686046500, 0.8003147680619989700, 0.8059507875553932900, 0.8115868070487877200, 0.8172228265421820300, 0.8228588460355764600, 0.8284948655289706700, 0.8341308850223651000, 0.8397669045157593000, 0.8454029240091538400, 0.8510389435025482700, 0.8566749629959424800, 0.8623109824893369100, 0.8679470019827311100, 0.8735830214761256500, 0.8792190409695200800, 0.8848550604629142900, 0.8904910799563087200, 0.8961270994497029200, 0.9017631189430973500, 0.9073991384364917800, 0.9130351579298861000, 0.9151254562785585700 ),
 .UNSPECIFIED. ) 
 CURVE ( )  GEOMETRIC_REPRESENTATION_ITEM ( )  RATIONAL_B_SPLINE_CURVE ( ( 0.9480652107226139600, 0.9012585384440723300, 1.000000000000000000, 0.8660254037844387100, 1.000000000000000000, 0.8660254037844387100, 1.000000000000000000, 0.8660254037844387100, 1.000000000000000000, 0.8660254037844387100, 1.000000000000000000, 0.8660254037844387100, 1.000000000000000000, 0.8660254037844387100, 1.000000000000000000, 0.8660254037844387100, 1.000000000000000000, 0.8660254037844387100, 1.000000000000000000, 0.8660254037844387100, 1.000000000000000000, 0.8660254037844387100, 1.000000000000000000, 0.8660254037844387100, 1.000000000000000000, 0.8660254037844387100, 1.000000000000000000, 0.8660254037844387100, 1.000000000000000000, 0.8660254037844387100, 1.000000000000000000, 0.8660254037844387100, 1.000000000000000000, 0.8660254037844387100, 1.000000000000000000, 0.8660254037844387100, 1.000000000000000000, 0.8660254037844387100, 1.000000000000000000, 0.8660254037844387100, 1.000000000000000000, 0.8660254037844387100, 1.000000000000000000, 0.8660254037844387100, 1.000000000000000000, 0.8660254037844387100, 1.000000000000000000, 0.8660254037844387100, 1.000000000000000000, 0.8660254037844387100, 1.000000000000000000, 0.8660254037844387100, 1.000000000000000000, 0.8660254037844387100, 1.000000000000000000, 0.8660254037844387100, 1.000000000000000000, 0.8660254037844387100, 1.000000000000000000, 0.8660254037844387100, 1.000000000000000000, 0.8660254037844387100, 1.000000000000000000, 0.8660254037844387100, 1.000000000000000000, 0.8660254037844387100, 1.000000000000000000, 0.8660254037844387100, 1.000000000000000000, 0.8660254037844387100, 1.000000000000000000, 0.8660254037844387100, 1.000000000000000000, 0.8660254037844387100, 1.000000000000000000, 0.8660254037844387100, 1.000000000000000000, 0.8660254037844387100, 1.000000000000000000, 0.8660254037844387100, 1.000000000000000000, 0.8660254037844387100, 1.000000000000000000, 0.8660254037844387100, 1.000000000000000000, 0.8660254037844387100, 1.000000000000000000, 0.8660254037844387100, 1.000000000000000000, 0.8660254037844387100, 1.000000000000000000, 0.8660254037844387100, 1.000000000000000000, 0.8660254037844387100, 1.000000000000000000, 0.8660254037844387100, 1.000000000000000000, 0.8660254037844387100, 1.000000000000000000, 0.8660254037844387100, 1.000000000000000000, 0.8660254037844387100, 1.000000000000000000, 0.8660254037844387100, 1.000000000000000000, 0.8660254037844387100, 1.000000000000000000, 0.8660254037844387100, 1.000000000000000000, 0.8660254037844387100, 1.000000000000000000, 0.8660254037844387100, 1.000000000000000000, 0.8660254037844387100, 1.000000000000000000, 0.8660254037844387100, 1.000000000000000000, 0.8660254037844387100, 1.000000000000000000, 0.8660254037844387100, 1.000000000000000000, 0.8660254037844387100, 1.000000000000000000, 0.8660254037844387100, 1.000000000000000000, 0.8660254037844387100, 1.000000000000000000, 0.8660254037844387100, 1.000000000000000000, 0.8660254037844387100, 1.000000000000000000, 0.8660254037844387100, 1.000000000000000000, 0.8660254037844387100, 1.000000000000000000, 0.8660254037844387100, 1.000000000000000000, 0.8660254037844387100, 1.000000000000000000, 0.8660254037844387100, 1.000000000000000000, 0.8660254037844387100, 1.000000000000000000, 0.8660254037844387100, 1.000000000000000000, 0.8660254037844387100, 1.000000000000000000, 0.8660254037844387100, 1.000000000000000000, 0.8660254037844387100, 1.000000000000000000, 0.8660254037844387100, 1.000000000000000000, 0.8660254037844387100, 1.000000000000000000, 0.8660254037844387100, 1.000000000000000000, 0.8660254037844387100, 1.000000000000000000, 0.8660254037844387100, 1.000000000000000000, 0.8660254037844387100, 1.000000000000000000, 0.8660254037844387100, 1.000000000000000000, 0.8660254037844387100, 1.000000000000000000, 0.8660254037844387100, 1.000000000000000000, 0.8660254037844387100, 1.000000000000000000, 0.8660254037844387100, 1.000000000000000000, 0.8660254037844387100, 1.000000000000000000, 0.8660254037844387100, 1.000000000000000000, 0.8660254037844387100, 1.000000000000000000, 0.8660254037844387100, 1.000000000000000000, 0.8660254037844387100, 1.000000000000000000, 0.8660254037844387100, 1.000000000000000000, 0.8660254037844387100, 1.000000000000000000, 0.8660254037844387100, 1.000000000000000000, 0.8660254037844387100, 1.000000000000000000, 0.8660254037844387100, 1.000000000000000000, 0.8660254037844387100, 1.000000000000000000, 0.8660254037844387100, 1.000000000000000000, 0.8660254037844387100, 1.000000000000000000, 0.8660254037844387100, 1.000000000000000000, 0.8660254037844387100, 1.000000000000000000, 0.8660254037844387100, 1.000000000000000000, 0.8660254037844387100, 1.000000000000000000, 0.8660254037844387100, 1.000000000000000000, 0.8660254037844387100, 1.000000000000000000, 0.8660254037844387100, 1.000000000000000000, 0.8660254037844387100, 1.000000000000000000, 0.8660254037844387100, 1.000000000000000000, 0.8660254037844387100, 1.000000000000000000, 0.8660254037844387100, 1.000000000000000000, 0.8660254037844387100, 1.000000000000000000, 0.8660254037844387100, 1.000000000000000000, 0.8660254037844387100, 1.000000000000000000, 0.8660254037844387100, 1.000000000000000000, 0.8660254037844387100, 1.000000000000000000, 0.8660254037844387100, 1.000000000000000000, 0.8660254037844387100, 1.000000000000000000, 0.8660254037844387100, 1.000000000000000000, 0.8660254037844387100, 1.000000000000000000, 0.8660254037844387100, 1.000000000000000000, 0.8660254037844387100, 1.000000000000000000, 0.8660254037844387100, 1.000000000000000000, 0.8660254037844387100, 1.000000000000000000, 0.8660254037844387100, 1.000000000000000000, 0.8660254037844387100, 1.000000000000000000, 0.8660254037844387100, 1.000000000000000000, 0.8660254037844387100, 1.000000000000000000, 0.8660254037844387100, 1.000000000000000000, 0.8660254037844387100, 1.000000000000000000, 0.8660254037844387100, 1.000000000000000000, 0.8660254037844387100, 1.000000000000000000, 0.8660254037844387100, 1.000000000000000000, 0.8660254037844387100, 1.000000000000000000, 0.8660254037844387100, 1.000000000000000000, 0.8660254037844387100, 1.000000000000000000, 0.8660254037844387100, 1.000000000000000000, 0.8660254037844387100, 1.000000000000000000, 0.8660254037844387100, 1.000000000000000000, 0.8660254037844387100, 1.000000000000000000, 0.8660254037844387100, 1.000000000000000000, 0.8660254037844387100, 1.000000000000000000, 0.8660254037844387100, 1.000000000000000000, 0.8660254037844387100, 1.000000000000000000, 0.8660254037844387100, 1.000000000000000000, 0.8660254037844387100, 1.000000000000000000, 0.8660254037844387100, 1.000000000000000000, 0.8660254037844387100, 1.000000000000000000, 0.8660254037844387100, 1.000000000000000000, 0.8660254037844387100, 1.000000000000000000, 0.8660254037844387100, 1.000000000000000000, 0.8660254037844387100, 1.000000000000000000, 0.8660254037844387100, 1.000000000000000000, 0.8660254037844387100, 1.000000000000000000, 0.8660254037844387100, 1.000000000000000000, 0.8660254037844387100, 1.000000000000000000, 0.8660254037844387100, 1.000000000000000000, 0.8660254037844387100, 1.000000000000000000, 0.8660254037844387100, 1.000000000000000000, 0.8660254037844387100, 1.000000000000000000, 0.8660254037844387100, 1.000000000000000000, 0.9503112298384208700, 0.9374798035302649400 ) ) 
 REPRESENTATION_ITEM ( '' )  );
#3520 = CARTESIAN_POINT ( 'NONE',  ( -0.8922005383792617200, 1.545336663013173300, -6.404166666666664100 ) ) ;
#3521 = CARTESIAN_POINT ( 'NONE',  ( -1.249999999999999800, -0.7216878364870356100, 11.08556624327025700 ) ) ;
#3522 = EDGE_CURVE ( 'NONE', #3568, #6406, #152, .T. ) ;
#3523 = CARTESIAN_POINT ( 'NONE',  ( 0.1562500001368324600, 1.353164693334181700, 10.00000000000000000 ) ) ;
#3524 = CARTESIAN_POINT ( 'NONE',  ( -1.338300807568892700, 0.7726683315065799900, -9.933333333333331800 ) ) ;
#3526 = CARTESIAN_POINT ( 'NONE',  ( -1.338300807568892900, -0.7726683315066081900, -5.616666666666664500 ) ) ;
#3525 = CARTESIAN_POINT ( 'NONE',  ( 0.8922005383792613900, -1.545336663013202600, -8.241666666666665400 ) ) ;
#3527 = CARTESIAN_POINT ( 'NONE',  ( 2.309401076758521100, -1.632628966613666300E-014, 4.824999999999996600 ) ) ;
#3528 = EDGE_LOOP ( 'NONE', ( #6213, #679, #5331, #3850, #6275, #3423, #1857, #2812, #5251, #2095, #430, #655, #2393, #6000, #359, #3014, #5774, #3550, #2445, #2790, #1018, #830, #4165, #2022, #2491, #1906, #1192, #3616, #5599, #3402, #3280, #1908, #3255, #3429, #4553, #5842, #3630, #3886, #5978, #4826, #3932, #5550, #126, #4970, #1971, #2981, #477, #3992, #2463, #5918, #2428, #876, #546, #677, #1905, #4224, #1421, #6391, #5268 ) ) ;
#3529 =( BOUNDED_CURVE ( )  B_SPLINE_CURVE ( 2, ( #45, #3653, #6131, #2589, #4106, #1076, #1589 ),
 .UNSPECIFIED., .F., .F. ) 
 B_SPLINE_CURVE_WITH_KNOTS ( ( 3, 2, 2, 3 ),
 ( 0.6000000000000000900, 0.6055555555555556200, 0.6111111111111112700, 0.6166666666666668100 ),
 .UNSPECIFIED. ) 
 CURVE ( )  GEOMETRIC_REPRESENTATION_ITEM ( )  RATIONAL_B_SPLINE_CURVE ( ( 0.9999999999999973400, 0.8660254037844414800, 1.000000000000000000, 0.8660254037844388200, 1.000000000000000000, 0.8660254037844361500, 1.000000000000002700 ) ) 
 REPRESENTATION_ITEM ( '' )  );
#3530 = CARTESIAN_POINT ( 'NONE',  ( -1.732050807568891000, 0.9999999999999926700, 3.104166666666672300 ) ) ;
#3531 = CARTESIAN_POINT ( 'NONE',  ( 0.0000000000000000000, 2.037888611415571200, -6.834374999999995200 ) ) ;
#3532 = EDGE_CURVE ( 'NONE', #3082, #2720, #2593, .T. ) ;
#3533 = CARTESIAN_POINT ( 'NONE',  ( -1.338300807568892700, 0.7726683315065781000, 6.254166666666668200 ) ) ;
#3534 = CARTESIAN_POINT ( 'NONE',  ( 0.8922005383792627200, 1.545336663013171500, 5.379166666666668200 ) ) ;
#3535 = DIRECTION ( 'NONE',  ( -0.0000000000000000000, -1.224646799147353200E-016, 1.000000000000000000 ) ) ;
#3536 = CONICAL_SURFACE ( 'NONE', #3606, 1.468375672974065800, 1.047197551196600100 ) ;
#3537 = CARTESIAN_POINT ( 'NONE',  ( 1.176575538379260000, -2.037888611415601000, -1.569791666666667100 ) ) ;
#3538 = CARTESIAN_POINT ( 'NONE',  ( -2.309401076758521600, -1.555705200845846300E-014, 3.162500000000004100 ) ) ;
#3539 = CARTESIAN_POINT ( 'NONE',  ( -0.8922005383792617200, 1.545336663013173500, -7.104166666666664300 ) ) ;
#3540 = CARTESIAN_POINT ( 'NONE',  ( 0.8922005383792613900, -1.545336663013203300, -1.941666666666664400 ) ) ;
#3541 = CARTESIAN_POINT ( 'NONE',  ( -0.1083108437662863400, 0.06253329480461784800, 9.449999999999995700 ) ) ;
#3542 = ORGANIZATION ( 'UNSPECIFIED', 'UNSPECIFIED', '' ) ;
#3543 = AXIS2_PLACEMENT_3D ( 'NONE', #204, #3245, #3735 ) ;
#3544 =( BOUNDED_CURVE ( )  B_SPLINE_CURVE ( 2, ( #5773, #1174, #4776, #4701, #2662, #1733, #189 ),
 .UNSPECIFIED., .F., .T. ) 
 B_SPLINE_CURVE_WITH_KNOTS ( ( 3, 2, 2, 3 ),
 ( 0.3166666666666667600, 0.3222222222222223500, 0.3277777777777778300, 0.3333333333333333700 ),
 .UNSPECIFIED. ) 
 CURVE ( )  GEOMETRIC_REPRESENTATION_ITEM ( )  RATIONAL_B_SPLINE_CURVE ( ( 0.9999999999999973400, 0.8660254037844414800, 1.000000000000000000, 0.8660254037844388200, 1.000000000000000000, 0.8660254037844374900, 1.000000000000001300 ) ) 
 REPRESENTATION_ITEM ( '' )  );
#3545 = CARTESIAN_POINT ( 'NONE',  ( -1.338300807568892700, 0.7726683315065797600, -7.833333333333331300 ) ) ;
#3546 = CARTESIAN_POINT ( 'NONE',  ( 0.0000000000000000000, 2.000000000000000900, 0.1875000000000042200 ) ) ;
#3548 = CARTESIAN_POINT ( 'NONE',  ( -0.8922005383792623900, -1.545336663013201900, -4.158333333333332300 ) ) ;
#3547 = CARTESIAN_POINT ( 'NONE',  ( 1.338300807568893600, 0.7726683315065781000, -4.566666666666664700 ) ) ;
#3549 = CARTESIAN_POINT ( 'NONE',  ( -2.449293598294726600E-016, -2.000000000000031100, -0.2500000000000008300 ) ) ;
#3550 = ORIENTED_EDGE ( 'NONE', *, *, #1067, .F. ) ;
#3551 = ORIENTED_EDGE ( 'NONE', *, *, #4033, .F. ) ;
#3552 = AXIS2_PLACEMENT_3D ( 'NONE', #433, #3942, #3450 ) ;
#3553 = VERTEX_POINT ( 'NONE', #5495 ) ;
#3554 = ORIENTED_EDGE ( 'NONE', *, *, #1297, .T. ) ;
#3555 = LINE ( 'NONE', #148, #470 ) ;
#3556 = CARTESIAN_POINT ( 'NONE',  ( -2.353151076758521800, -1.418008976366715900E-014, -8.059374999999995700 ) ) ;
#3557 = CARTESIAN_POINT ( 'NONE',  ( 1.093749999999999300, 0.8118988160479080300, 10.00000000000000000 ) ) ;
#3558 = CARTESIAN_POINT ( 'NONE',  ( -1.338300807568892700, 0.7726683315065784300, 3.454166666666669700 ) ) ;
#3559 = CARTESIAN_POINT ( 'NONE',  ( -0.8922005383792617200, 1.545336663013171700, 5.495833333333334500 ) ) ;
#3560 = CARTESIAN_POINT ( 'NONE',  ( 0.8922005383792627200, 1.545336663013173500, -10.72083333333333100 ) ) ;
#3561 = CARTESIAN_POINT ( 'NONE',  ( 1.764863307568890900, -1.018944305707808500, -3.611458333333334500 ) ) ;
#3562 = CARTESIAN_POINT ( 'NONE',  ( -1.154700538379261700, -2.000000000000031500, 6.079166666666672800 ) ) ;
#3563 = CARTESIAN_POINT ( 'NONE',  ( 1.249999999999999800, -0.7216878364870350500, 10.00000000000000000 ) ) ;
#3564 = CARTESIAN_POINT ( 'NONE',  ( -1.732050807568891400, -1.000000000000023100, 0.3333333333333324800 ) ) ;
#3565 = CARTESIAN_POINT ( 'NONE',  ( -0.8922005383792617200, 1.545336663013173500, -7.804166666666665400 ) ) ;
#3566 = CARTESIAN_POINT ( 'NONE',  ( 1.338300807568893600, 0.7726683315065778800, -2.466666666666665500 ) ) ;
#3567 = CARTESIAN_POINT ( 'NONE',  ( -1.014985625370285600, 0.8573734489429260000, 10.00000000000000000 ) ) ;
#3568 = VERTEX_POINT ( 'NONE', #478 ) ;
#3569 = CARTESIAN_POINT ( 'NONE',  ( -1.784401076758523700, -1.442119210224929500E-014, -6.374999999999999100 ) ) ;
#3570 = EDGE_CURVE ( 'NONE', #2870, #1688, #3467, .T. ) ;
#3572 = CARTESIAN_POINT ( 'NONE',  ( -1.338300807568892900, -0.7726683315066083000, -4.216666666666665000 ) ) ;
#3571 = CARTESIAN_POINT ( 'NONE',  ( 0.8922005383792627200, 1.545336663013172400, -2.408333333333332300 ) ) ;
#3573 = ORIENTED_EDGE ( 'NONE', *, *, #2132, .F. ) ;
#3574 = DIRECTION ( 'NONE',  ( 1.000000000000000000, 0.0000000000000000000, -0.0000000000000000000 ) ) ;
#3575 = ORIENTED_EDGE ( 'NONE', *, *, #5804, .T. ) ;
#3576 = CARTESIAN_POINT ( 'NONE',  ( 1.176575538379260000, -2.037888611415601000, -5.026041666666661600 ) ) ;
#3577 = CARTESIAN_POINT ( 'NONE',  ( -1.338300807568892700, 0.7726683315065782100, 5.554166666666668900 ) ) ;
#3578 = CARTESIAN_POINT ( 'NONE',  ( 0.8922005383792613900, -1.545336663013204600, 8.645833333333335700 ) ) ;
#3579 = CARTESIAN_POINT ( 'NONE',  ( -2.449293598294726600E-016, -2.000000000000032400, 5.349999999999997900 ) ) ;
#3580 = CARTESIAN_POINT ( 'NONE',  ( -2.495693764988940900E-016, -2.037888611415600500, -0.9281250000000018700 ) ) ;
#3581 = AXIS2_PLACEMENT_3D ( 'NONE', #4128, #5600, #2585 ) ;
#3582 = CARTESIAN_POINT ( 'NONE',  ( -0.8922005383792623900, -1.545336663013203700, 9.141666666666669300 ) ) ;
#3583 = CARTESIAN_POINT ( 'NONE',  ( 1.211360211680038400, -0.6993791442990762200, 9.999999999999994700 ) ) ;
#3584 = FACE_OUTER_BOUND ( 'NONE', #1123, .T. ) ;
#3585 = PLANE ( 'NONE',  #6193 ) ;
#3586 = CARTESIAN_POINT ( 'NONE',  ( 0.8922005383792627200, 1.545336663013172900, -6.520833333333330400 ) ) ;
#3587 = CARTESIAN_POINT ( 'NONE',  ( -1.338300807568892700, 0.7726683315065788800, -0.8333333333333317100 ) ) ;
#3588 = DIRECTION ( 'NONE',  ( 0.0000000000000000000, -1.000000000000000000, -1.224646799147353200E-016 ) ) ;
#3589 = CARTESIAN_POINT ( 'NONE',  ( 0.0000000000000000000, 1.545336663013174000, -11.36249999999999700 ) ) ;
#3590 = CARTESIAN_POINT ( 'NONE',  ( 1.176575538379260000, -2.037888611415602300, 6.830208333333330600 ) ) ;
#3591 = ORIENTED_EDGE ( 'NONE', *, *, #5219, .T. ) ;
#3592 = CARTESIAN_POINT ( 'NONE',  ( -0.8922005383792617200, 1.545336663013173500, -8.591666666666665000 ) ) ;
#3593 = CARTESIAN_POINT ( 'NONE',  ( 0.0000000000000000000, -9.674709713264090100E-016, 7.900000000000000400 ) ) ;
#3595 = CARTESIAN_POINT ( 'NONE',  ( -1.784401076758523700, -1.442119210224929500E-014, -6.374999999999999100 ) ) ;
#3594 = CARTESIAN_POINT ( 'NONE',  ( -1.338300807568892700, 0.7726683315065792100, -3.633333333333332000 ) ) ;
#3596 = CARTESIAN_POINT ( 'NONE',  ( 1.154700538379261700, 2.000000000000000900, -3.370833333333327400 ) ) ;
#3597 = ORIENTED_EDGE ( 'NONE', *, *, #1492, .T. ) ;
#3598 = AXIS2_PLACEMENT_3D ( 'NONE', #2462, #2894, #6004 ) ;
#3599 = CARTESIAN_POINT ( 'NONE',  ( 1.732050807568892100, 0.9999999999999909000, 2.870833333333338500 ) ) ;
#3600 = CARTESIAN_POINT ( 'NONE',  ( -1.176575538379261500, -2.037888611415600100, -3.042708333333327800 ) ) ;
#3601 = CARTESIAN_POINT ( 'NONE',  ( 0.0000000000000000000, 2.000000000000001800, -8.912499999999994300 ) ) ;
#3602 = CARTESIAN_POINT ( 'NONE',  ( 0.8922005383792613900, -1.545336663013204600, 7.245833333333338900 ) ) ;
#3603 = CARTESIAN_POINT ( 'NONE',  ( 0.0000000000000000000, 1.545336663013171500, 8.937500000000001800 ) ) ;
#3604 = CARTESIAN_POINT ( 'NONE',  ( -1.338300807568892900, -0.7726683315066076300, -9.729166666666664300 ) ) ;
#3605 = ORIENTED_EDGE ( 'NONE', *, *, #5267, .T. ) ;
#3606 = AXIS2_PLACEMENT_3D ( 'NONE', #383, #1863, #3851 ) ;
#3607 = CARTESIAN_POINT ( 'NONE',  ( -1.764863307568891300, 1.018944305707777600, 0.9385416666666656100 ) ) ;
#3608 = EDGE_LOOP ( 'NONE', ( #5475, #5346, #2438, #748 ) ) ;
#3609 = CARTESIAN_POINT ( 'NONE',  ( 1.154700538379286800, -1.999999999999986200, 7.508333333333334600 ) ) ;
#3610 = CARTESIAN_POINT ( 'NONE',  ( -2.309401076758521100, -1.503198469332403400E-014, -1.125000000000001300 ) ) ;
#3611 = CARTESIAN_POINT ( 'NONE',  ( 0.0000000000000000000, 2.000000000000001300, -4.712499999999994100 ) ) ;
#3612 = CARTESIAN_POINT ( 'NONE',  ( -1.338300807568892700, 0.7726683315065791000, -2.233333333333332100 ) ) ;
#3613 = CARTESIAN_POINT ( 'NONE',  ( 0.0000000000000000000, -2.021310670506432500E-015, 11.10000000000000000 ) ) ;
#3614 = EDGE_CURVE ( 'NONE', #5368, #1305, #2209, .T. ) ;
#3615 = CARTESIAN_POINT ( 'NONE',  ( 1.176575538379261800, 2.037888611415569000, 7.763541666666665000 ) ) ;
#3616 = ORIENTED_EDGE ( 'NONE', *, *, #1822, .F. ) ;
#3617 = CARTESIAN_POINT ( 'NONE',  ( -1.892491597964152600E-016, -1.545336663013202600, -4.099999999999998800 ) ) ;
#3619 = DIRECTION ( 'NONE',  ( -0.0000000000000000000, -1.224646799147353200E-016, 1.000000000000000000 ) ) ;
#3618 = CARTESIAN_POINT ( 'NONE',  ( -1.338300807568892900, -0.7726683315066086300, -2.116666666666665800 ) ) ;
#3620 = VECTOR ( 'NONE', #5386, 1000.000000000000100 ) ;
#3621 = CARTESIAN_POINT ( 'NONE',  ( 2.353151076758521800, -1.591373677567390400E-014, 1.390625000000004700 ) ) ;
#3622 = DIRECTION ( 'NONE',  ( -0.0000000000000000000, -1.224646799147353200E-016, 1.000000000000000000 ) ) ;
#3623 = PERSON_AND_ORGANIZATION ( #5960, #3542 ) ;
#3624 = CARTESIAN_POINT ( 'NONE',  ( 1.764863307568890900, -1.018944305707808700, -3.567708333333329000 ) ) ;
#3625 = CARTESIAN_POINT ( 'NONE',  ( -0.8363571605109289000, 0.9605046412144053700, 10.97376521399620900 ) ) ;
#3626 = EDGE_CURVE ( 'NONE', #1521, #1688, #464, .T. ) ;
#3627 = CARTESIAN_POINT ( 'NONE',  ( -1.784401076758523700, -1.631786383242875600E-014, 9.112500000000002500 ) ) ;
#3628 = CARTESIAN_POINT ( 'NONE',  ( 0.0000000000000000000, 1.545336663013171500, 8.237500000000002500 ) ) ;
#3629 = CARTESIAN_POINT ( 'NONE',  ( 0.8922005383792627200, 1.545336663013173300, -10.02083333333333000 ) ) ;
#3630 = ORIENTED_EDGE ( 'NONE', *, *, #3960, .F. ) ;
#3631 = CARTESIAN_POINT ( 'NONE',  ( 2.353151076758521800, -1.607982949780826200E-014, 2.746874999999998800 ) ) ;
#3632 = VECTOR ( 'NONE', #3856, 1000.000000000000000 ) ;
#3633 = CARTESIAN_POINT ( 'NONE',  ( 0.2041003247360317100, -1.325538295546029500, 11.01753280168866100 ) ) ;
#3634 = CARTESIAN_POINT ( 'NONE',  ( 0.08382674316035231000, 0.09390477925815189600, 9.450000000000008200 ) ) ;
#3635 = ORIENTED_EDGE ( 'NONE', *, *, #2049, .F. ) ;
#3636 = CARTESIAN_POINT ( 'NONE',  ( -2.449293598294726100E-016, -2.000000000000032000, 6.137500000000006400 ) ) ;
#3637 = CARTESIAN_POINT ( 'NONE',  ( 1.338300807568892500, -0.7726683315066093000, -4.595833333333331400 ) ) ;
#3638 = CARTESIAN_POINT ( 'NONE',  ( -2.449293598294726600E-016, -2.000000000000032000, 4.649999999999998600 ) ) ;
#3639 = FACE_OUTER_BOUND ( 'NONE', #3528, .T. ) ;
#3640 = CARTESIAN_POINT ( 'NONE',  ( 1.338300807568892500, -0.7726683315066098500, 0.2166666666666688400 ) ) ;
#3641 = CARTESIAN_POINT ( 'NONE',  ( 1.732050807568892100, 0.9999999999999922300, -6.316666666666668200 ) ) ;
#3642 = CARTESIAN_POINT ( 'NONE',  ( 1.338300807568892500, -0.7726683315066085200, -10.89583333333333000 ) ) ;
#3643 = CARTESIAN_POINT ( 'NONE',  ( -2.353151076758521800, -1.597496272866749900E-014, 6.596874999999998900 ) ) ;
#3644 = VERTEX_POINT ( 'NONE', #4529 ) ;
#3645 = CARTESIAN_POINT ( 'NONE',  ( -1.784401076758523700, -1.459264265412992000E-014, -4.974999999999997900 ) ) ;
#3646 = CARTESIAN_POINT ( 'NONE',  ( 1.338300807568893600, 0.7726683315065779900, -3.166666666666664700 ) ) ;
#3647 = LINE ( 'NONE', #2187, #954 ) ;
#3648 = CARTESIAN_POINT ( 'NONE',  ( 1.732050807568892100, 0.9999999999999915600, -3.429166666666660900 ) ) ;
#3649 = CARTESIAN_POINT ( 'NONE',  ( 2.353151076758521800, -1.608518732755452900E-014, 2.790625000000004800 ) ) ;
#3650 = CARTESIAN_POINT ( 'NONE',  ( 0.0000000000000000000, 2.000000000000001300, -6.112499999999994500 ) ) ;
#3651 = VERTEX_POINT ( 'NONE', #1000 ) ;
#3652 = CARTESIAN_POINT ( 'NONE',  ( -2.353151076758521800, -1.495161724712998800E-014, -1.759374999999995200 ) ) ;
#3653 = CARTESIAN_POINT ( 'NONE',  ( -1.154700538379273700, 1.999999999999977100, 1.558333333333334000 ) ) ;
#3654 = CARTESIAN_POINT ( 'NONE',  ( -0.8922005383792623900, -1.545336663013201300, -11.15833333333333300 ) ) ;
#3655 = CARTESIAN_POINT ( 'NONE',  ( -1.338300807568892900, -0.7726683315066099600, 9.170833333333336100 ) ) ;
#3656 = CARTESIAN_POINT ( 'NONE',  ( 1.176575538379260000, -2.037888611415601000, 1.230208333333331300 ) ) ;
#3657 = ADVANCED_FACE ( 'NONE', ( #2924 ), #4013, .T. ) ;
#3658 = CARTESIAN_POINT ( 'NONE',  ( 0.0000000000000000000, 2.000000000000001800, -6.812499999999994700 ) ) ;
#3659 = CARTESIAN_POINT ( 'NONE',  ( 0.02272747981804480400, 0.1232062306029861900, 9.450000000000001100 ) ) ;
#3660 = CARTESIAN_POINT ( 'NONE',  ( 0.8922005383792613900, -1.545336663013203000, -4.654166666666665000 ) ) ;
#3661 = CARTESIAN_POINT ( 'NONE',  ( -1.338300807568892700, 0.7726683315065785400, 2.666666666666667900 ) ) ;
#3662 = CARTESIAN_POINT ( 'NONE',  ( -2.604521261461507400E-016, -1.443375672974067700, 10.00000000000000000 ) ) ;
#3663 = CARTESIAN_POINT ( 'NONE',  ( 0.8922005383792613900, -1.545336663013202200, -10.25416666666666600 ) ) ;
#3664 = ORIENTED_EDGE ( 'NONE', *, *, #1639, .F. ) ;
#3665 = CARTESIAN_POINT ( 'NONE',  ( 1.764863307568892200, 1.018944305707775400, 4.905208333333330700 ) ) ;
#3666 = CARTESIAN_POINT ( 'NONE',  ( 0.8922005383792627200, 1.545336663013172400, -3.108333333333331200 ) ) ;
#3667 = CARTESIAN_POINT ( 'NONE',  ( 2.449293598294708900E-016, 1.999999999999999600, 11.10000000000000000 ) ) ;
#3668 = CARTESIAN_POINT ( 'NONE',  ( 0.0000000000000000000, 1.545336663013172400, 1.150000000000001700 ) ) ;
#3669 = CARTESIAN_POINT ( 'NONE',  ( 1.732050807568890500, -1.000000000000024000, -1.445833333333327800 ) ) ;
#3670 = ORIENTED_EDGE ( 'NONE', *, *, #3522, .F. ) ;
#3671 = CARTESIAN_POINT ( 'NONE',  ( 1.764863307568890900, -1.018944305707809400, 3.432291666666671800 ) ) ;
#3672 = EDGE_CURVE ( 'NONE', #4510, #5324, #1406, .T. ) ;
#3673 =( BOUNDED_CURVE ( )  B_SPLINE_CURVE ( 2, ( #1991, #4045, #962, #4506, #6564, #2013, #2490 ),
 .UNSPECIFIED., .F., .T. ) 
 B_SPLINE_CURVE_WITH_KNOTS ( ( 3, 2, 2, 3 ),
 ( 0.2500000000000001100, 0.2555555555555556500, 0.2611111111111111800, 0.2666666666666667200 ),
 .UNSPECIFIED. ) 
 CURVE ( )  GEOMETRIC_REPRESENTATION_ITEM ( )  RATIONAL_B_SPLINE_CURVE ( ( 0.9999999999999973400, 0.8660254037844414800, 1.000000000000000000, 0.8660254037844388200, 1.000000000000000000, 0.8660254037844374900, 1.000000000000001300 ) ) 
 REPRESENTATION_ITEM ( '' )  );
#3674 = DIRECTION ( 'NONE',  ( 0.8660254037844389300, 0.4999999999999996100, 0.0000000000000000000 ) ) ;
#3675 = CARTESIAN_POINT ( 'NONE',  ( -1.764863307568891300, 1.018944305707777600, 0.2822916666666719900 ) ) ;
#3676 = CARTESIAN_POINT ( 'NONE',  ( -2.449293598294726100E-016, -2.000000000000032000, 6.837500000000005700 ) ) ;
#3677 = CARTESIAN_POINT ( 'NONE',  ( -1.892491597964152600E-016, -1.545336663013201900, -10.39999999999999900 ) ) ;
#3678 = DIRECTION ( 'NONE',  ( -0.0000000000000000000, -1.224646799147353200E-016, 1.000000000000000000 ) ) ;
#3679 = VECTOR ( 'NONE', #4720, 1000.000000000000000 ) ;
#3680 = CARTESIAN_POINT ( 'NONE',  ( 1.764863307568890900, -1.018944305707809100, 1.288541666666665400 ) ) ;
#3681 = CARTESIAN_POINT ( 'NONE',  ( -1.154700538379267400, 1.999999999999989600, -4.041666666666666100 ) ) ;
#3682 = CARTESIAN_POINT ( 'NONE',  ( 1.732050807568892100, 0.9999999999999911200, 2.083333333333332600 ) ) ;
#3683 = CARTESIAN_POINT ( 'NONE',  ( 0.0000000000000000000, -1.742921106121220900E-015, 8.826776695296638700 ) ) ;
#3684 = CARTESIAN_POINT ( 'NONE',  ( 1.338300807568892500, -0.7726683315066094100, -3.195833333333332000 ) ) ;
#3685 = ORIENTED_EDGE ( 'NONE', *, *, #5383, .T. ) ;
#3686 = CARTESIAN_POINT ( 'NONE',  ( -0.8922005383792617200, 1.545336663013172200, 2.608333333333333800 ) ) ;
#3687 = CARTESIAN_POINT ( 'NONE',  ( 0.0000000000000000000, 2.000000000000001800, -6.200000000000002000 ) ) ;
#3688 = CARTESIAN_POINT ( 'NONE',  ( 0.8922005383792613900, -1.545336663013202800, -6.054166666666664500 ) ) ;
#3689 = CARTESIAN_POINT ( 'NONE',  ( -1.176575538379260700, 2.037888611415569400, 7.180208333333332900 ) ) ;
#3690 = CARTESIAN_POINT ( 'NONE',  ( 1.338300807568893600, 0.7726683315065779900, -3.866666666666664900 ) ) ;
#3691 = CARTESIAN_POINT ( 'NONE',  ( -1.154700538379260800, 2.000000000000001300, -3.254166666666661500 ) ) ;
#3692 = CARTESIAN_POINT ( 'NONE',  ( 0.8922005383792627200, 1.545336663013172000, 1.091666666666667900 ) ) ;
#3693 = DIRECTION ( 'NONE',  ( -0.0000000000000000000, -1.224646799147353200E-016, 1.000000000000000000 ) ) ;
#3694 = CARTESIAN_POINT ( 'NONE',  ( 0.0000000000000000000, 2.037888611415569900, 3.665625000000005700 ) ) ;
#3695 = DIRECTION ( 'NONE',  ( 1.000000000000000000, 0.0000000000000000000, 0.0000000000000000000 ) ) ;
#3696 = ORIENTED_EDGE ( 'NONE', *, *, #118, .T. ) ;
#3697 = CARTESIAN_POINT ( 'NONE',  ( -0.1213011159941517200, -1.776799876268171600, -10.88570012373164000 ) ) ;
#3698 = CARTESIAN_POINT ( 'NONE',  ( 0.0000000000000000000, 2.037888611415570300, -0.5343749999999949400 ) ) ;
#3699 = CARTESIAN_POINT ( 'NONE',  ( -1.338300807568892700, 0.7726683315065779900, 6.954166666666667500 ) ) ;
#3700 = CARTESIAN_POINT ( 'NONE',  ( -1.892491597964152600E-016, -1.545336663013202400, -6.112499999999997200 ) ) ;
#3701 = FACE_OUTER_BOUND ( 'NONE', #4199, .T. ) ;
#3702 = CARTESIAN_POINT ( 'NONE',  ( 1.176575538379261800, 2.037888611415569000, 2.863541666666665500 ) ) ;
#3703 = CARTESIAN_POINT ( 'NONE',  ( 1.249999999999999600, -0.7216878364870351600, 11.08556624327025700 ) ) ;
#3704 = CARTESIAN_POINT ( 'NONE',  ( -1.211360211680041000, 0.6993791442990712200, 9.999999999999998200 ) ) ;
#3705 = CARTESIAN_POINT ( 'NONE',  ( -1.169063305290897600, 1.425763304931190400, -10.83523467204559600 ) ) ;
#3706 = CARTESIAN_POINT ( 'NONE',  ( -1.338300807568892700, 0.7726683315065791000, -2.845833333333330600 ) ) ;
#3707 = CARTESIAN_POINT ( 'NONE',  ( -1.732050807568891400, -1.000000000000023500, 2.433333333333332200 ) ) ;
#3708 = CARTESIAN_POINT ( 'NONE',  ( -1.338300807568892900, -0.7726683315066094100, 4.183333333333334500 ) ) ;
#3709 = DIRECTION ( 'NONE',  ( -0.0000000000000000000, -1.224646799147353200E-016, 1.000000000000000000 ) ) ;
#3710 = EDGE_CURVE ( 'NONE', #6089, #2870, #5137, .T. ) ;
#3711 = CARTESIAN_POINT ( 'NONE',  ( 0.0000000000000000000, 1.545336663013173100, -5.062499999999997300 ) ) ;
#3712 = CARTESIAN_POINT ( 'NONE',  ( -1.784401076758523700, -1.383183083015962900E-014, -11.18749999999999600 ) ) ;
#3713 = CARTESIAN_POINT ( 'NONE',  ( -1.338300807568892900, -0.7726683315066085200, -2.816666666666665100 ) ) ;
#3714 = DIRECTION ( 'NONE',  ( -0.0000000000000000000, -1.224646799147353200E-016, 1.000000000000000000 ) ) ;
#3716 = CARTESIAN_POINT ( 'NONE',  ( -2.309401076758521100, -1.477480886550309200E-014, -3.225000000000001000 ) ) ;
#3715 = CARTESIAN_POINT ( 'NONE',  ( -1.338300807568892700, 0.7726683315065789900, -1.533333333333331000 ) ) ;
#3717 = CARTESIAN_POINT ( 'NONE',  ( -0.6516463208256091400, -1.574602630230841300, 7.668393285431418100 ) ) ;
#3718 = PERSON_AND_ORGANIZATION ( #5960, #3542 ) ;
#3719 = CARTESIAN_POINT ( 'NONE',  ( 1.764863307568892200, 1.018944305707775400, 3.548958333333338100 ) ) ;
#3720 = ORIENTED_EDGE ( 'NONE', *, *, #1420, .F. ) ;
#3721 = DIRECTION ( 'NONE',  ( 1.000000000000000000, 0.0000000000000000000, -0.0000000000000000000 ) ) ;
#3722 = DIRECTION ( 'NONE',  ( 2.003086131649546400E-016, -1.000000000000000000, 0.0000000000000000000 ) ) ;
#3723 = EDGE_LOOP ( 'NONE', ( #1462, #2844, #3276, #5157 ) ) ;
#3724 = ORIENTED_EDGE ( 'NONE', *, *, #4781, .T. ) ;
#3725 = CARTESIAN_POINT ( 'NONE',  ( 1.764863307568890900, -1.018944305707808900, -0.7677083333333285500 ) ) ;
#3726 = EDGE_CURVE ( 'NONE', #1746, #179, #5628, .T. ) ;
#3727 = DIRECTION ( 'NONE',  ( 0.0000000000000000000, -1.000000000000000000, 0.0000000000000000000 ) ) ;
#3728 = CARTESIAN_POINT ( 'NONE',  ( 1.338300807568893600, 0.7726683315065786500, -8.679166666666665400 ) ) ;
#3729 = EDGE_LOOP ( 'NONE', ( #570, #3591, #4386, #2827 ) ) ;
#3730 = VECTOR ( 'NONE', #3622, 1000.000000000000000 ) ;
#3731 = CARTESIAN_POINT ( 'NONE',  ( 1.764863307568892200, 1.018944305707775600, 3.505208333333332600 ) ) ;
#3732 = CARTESIAN_POINT ( 'NONE',  ( 1.732050807568890500, -1.000000000000023500, -5.645833333333328600 ) ) ;
#3733 = CARTESIAN_POINT ( 'NONE',  ( -1.116727804415336400, -0.7986325744833329100, 10.00000000000000000 ) ) ;
#3734 = CARTESIAN_POINT ( 'NONE',  ( 0.8922005383792627200, 1.545336663013172400, -3.020833333333330400 ) ) ;
#3735 = DIRECTION ( 'NONE',  ( 0.0000000000000000000, -1.000000000000000000, 0.0000000000000000000 ) ) ;
#3736 = CARTESIAN_POINT ( 'NONE',  ( 1.338300807568893600, 0.7726683315065774300, 1.033333333333334100 ) ) ;
#3737 = CARTESIAN_POINT ( 'NONE',  ( -1.892491597964152600E-016, -1.545336663013202200, -7.512499999999997500 ) ) ;
#3738 = CARTESIAN_POINT ( 'NONE',  ( 0.8922005383792613900, -1.545336663013201900, -10.95416666666666400 ) ) ;
#3739 = B_SPLINE_CURVE_WITH_KNOTS ( 'NONE', 3,
 ( #3820, #5337, #3332, #6372 ),
 .UNSPECIFIED., .F., .F.,
 ( 4, 4 ),
 ( 0.0006923606631633143500, 0.0008296432924310430600 ),
 .UNSPECIFIED. ) ;
#3740 = CARTESIAN_POINT ( 'NONE',  ( 0.8922005383792613900, -1.545336663013203300, -1.241666666666665100 ) ) ;
#3741 = DIRECTION ( 'NONE',  ( -0.0000000000000000000, -1.224646799147353200E-016, 1.000000000000000000 ) ) ;
#3742 = CARTESIAN_POINT ( 'NONE',  ( 1.784401076758523700, -1.550118388521114100E-014, -1.124999999999999300 ) ) ;
#3743 = CARTESIAN_POINT ( 'NONE',  ( -0.9920474096592459800, -1.355891749176350900, 7.654426505428890700 ) ) ;
#3744 = CARTESIAN_POINT ( 'NONE',  ( -1.764863307568891500, -1.018944305707808500, 5.998958333333338700 ) ) ;
#3745 = CLOSED_SHELL ( 'NONE', ( #5481, #1003, #17, #3375, #3906, #4532, #1942, #2892, #3657, #2536, #481, #1415, #3438, #6527, #456, #741, #5562, #2394, #4378, #1384, #4917, #1474, #1637, #1731, #1887, #6296, #1231, #2397, #4757, #2730, #5977, #2364, #370, #5974, #890, #976, #2232, #4799, #6496, #514, #5067, #1509, #6001, #1890, #2124, #4257, #3435, #1854, #5446, #6463, #3409, #4563, #4451, #215, #2476, #336, #4415, #1381, #6194, #3757, #3463, #5531, #2425, #1417, #5943, #4480, #4414, #6430, #2948, #5449, #2426, #397, #3938, #2764, #6494, #3909, #1917, #2507, #4154, #1351, #4448, #5796, #703, #3937, #4920, #2949, #5412, #3027, #428, #6552, #4953, #3408, #858, #3493, #5944 ) ) ;
#3746 = CARTESIAN_POINT ( 'NONE',  ( -2.449293598294726100E-016, -2.000000000000030600, -5.762499999999994800 ) ) ;
#3747 = VERTEX_POINT ( 'NONE', #2151 ) ;
#3748 = CARTESIAN_POINT ( 'NONE',  ( 1.732050807568890500, -1.000000000000024600, 3.454166666666671900 ) ) ;
#3749 = CARTESIAN_POINT ( 'NONE',  ( -1.176575538379260700, 2.037888611415570300, -1.176041666666662000 ) ) ;
#3750 = CARTESIAN_POINT ( 'NONE',  ( 1.249999999999999800, 0.7216878364870287200, 10.00000000000000000 ) ) ;
#3751 = CARTESIAN_POINT ( 'NONE',  ( 0.0000000000000000000, 0.0000000000000000000, 10.00000000000000000 ) ) ;
#3752 = CARTESIAN_POINT ( 'NONE',  ( -0.8922005383792623900, -1.545336663013201700, -8.270833333333330400 ) ) ;
#3753 = EDGE_CURVE ( 'NONE', #6182, #3407, #1175, .T. ) ;
#3754 = ORIENTED_EDGE ( 'NONE', *, *, #3570, .F. ) ;
#3755 = DIRECTION ( 'NONE',  ( 0.0000000000000000000, -1.000000000000000000, 0.0000000000000000000 ) ) ;
#3756 = CARTESIAN_POINT ( 'NONE',  ( 0.01189117488104635300, -0.1244574993174715300, 9.450000000000001100 ) ) ;
#3757 = ADVANCED_FACE ( 'NONE', ( #4088 ), #1390, .F. ) ;
#3758 = CARTESIAN_POINT ( 'NONE',  ( -1.797929785053998400, 0.5230067468427621600, -10.79413867233163800 ) ) ;
#3759 = CARTESIAN_POINT ( 'NONE',  ( -1.338300807568892700, 0.7726683315065786500, 0.6541666666666692300 ) ) ;
#3760 = CARTESIAN_POINT ( 'NONE',  ( -1.338300807568892900, -0.7726683315066091900, 2.783333333333335400 ) ) ;
#3761 = CARTESIAN_POINT ( 'NONE',  ( 0.0000000000000000000, -2.979841928967876100E-015, 9.450000000000001100 ) ) ;
#3762 = CARTESIAN_POINT ( 'NONE',  ( 0.8922005383792613900, -1.545336663013202800, -5.354166666666665200 ) ) ;
#3763 = CARTESIAN_POINT ( 'NONE',  ( 0.8842264778666459900, -1.836064685237682500, 9.621491073676761400 ) ) ;
#3764 = CARTESIAN_POINT ( 'NONE',  ( -1.338300807568892700, 0.7726683315065786500, 0.5666666666666684300 ) ) ;
#3765 = FACE_BOUND ( 'NONE', #4443, .T. ) ;
#3766 = CARTESIAN_POINT ( 'NONE',  ( -0.8922005383792617200, 1.545336663013172900, -0.8916666666666656100 ) ) ;
#3767 = CARTESIAN_POINT ( 'NONE',  ( 2.449293598294708900E-016, 1.999999999999999600, 11.10000000000000000 ) ) ;
#3768 = CARTESIAN_POINT ( 'NONE',  ( -2.495693764988940900E-016, -2.037888611415601400, 4.715625000000004600 ) ) ;
#3769 =( BOUNDED_CURVE ( )  B_SPLINE_CURVE ( 2, ( #1760, #694, #2733, #3796, #1201, #5798, #1711 ),
 .UNSPECIFIED., .F., .T. ) 
 B_SPLINE_CURVE_WITH_KNOTS ( ( 3, 2, 2, 3 ),
 ( 0.8000000000000000400, 0.8055555555555555800, 0.8111111111111110100, 0.8166666666666665400 ),
 .UNSPECIFIED. ) 
 CURVE ( )  GEOMETRIC_REPRESENTATION_ITEM ( )  RATIONAL_B_SPLINE_CURVE ( ( 1.000000000000000000, 0.8660254037844388200, 1.000000000000000000, 0.8660254037844388200, 1.000000000000000000, 0.8660254037844414800, 0.9999999999999973400 ) ) 
 REPRESENTATION_ITEM ( '' )  );
#3770 = EDGE_CURVE ( 'NONE', #2971, #217, #3941, .T. ) ;
#3771 = CARTESIAN_POINT ( 'NONE',  ( -2.449293598294726600E-016, -2.000000000000030200, -8.650000000000002100 ) ) ;
#3772 = ORIENTED_EDGE ( 'NONE', *, *, #1538, .T. ) ;
#3773 = DIRECTION ( 'NONE',  ( -0.0000000000000000000, -1.224646799147353200E-016, 1.000000000000000000 ) ) ;
#3774 = CARTESIAN_POINT ( 'NONE',  ( 1.154700538379258800, 2.000000000000006200, -8.358333333333334300 ) ) ;
#3775 = CARTESIAN_POINT ( 'NONE',  ( 1.338300807568892500, -0.7726683315066088500, -8.095833333333329700 ) ) ;
#3776 = EDGE_LOOP ( 'NONE', ( #781, #198, #1426, #2390, #5917, #5685 ) ) ;
#3777 = CARTESIAN_POINT ( 'NONE',  ( 1.154700538379266100, 1.999999999999994000, -10.45833333333333600 ) ) ;
#3778 = CARTESIAN_POINT ( 'NONE',  ( 0.08296024827320952500, -1.387595286780208600, 10.00000000000000500 ) ) ;
#3779 = CARTESIAN_POINT ( 'NONE',  ( 0.0000000000000000000, 2.000000000000001800, -2.700000000000002000 ) ) ;
#3780 = CARTESIAN_POINT ( 'NONE',  ( -0.8922005383792623900, -1.545336663013202800, 1.529166666666668300 ) ) ;
#3781 = CARTESIAN_POINT ( 'NONE',  ( -2.449293598294726600E-016, -2.000000000000030200, -6.550000000000000700 ) ) ;
#3782 = CARTESIAN_POINT ( 'NONE',  ( 0.8922005383792627200, 1.545336663013171500, 4.591666666666666800 ) ) ;
#3783 = DIRECTION ( 'NONE',  ( 1.000000000000000000, 0.0000000000000000000, 0.0000000000000000000 ) ) ;
#3784 = CARTESIAN_POINT ( 'NONE',  ( -1.892491597964152600E-016, -1.545336663013202400, -6.812499999999997300 ) ) ;
#3785 = ORIENTED_EDGE ( 'NONE', *, *, #1926, .T. ) ;
#3786 = VERTEX_POINT ( 'NONE', #1810 ) ;
#3787 = B_SPLINE_CURVE_WITH_KNOTS ( 'NONE', 3,
 ( #2848, #5351, #6457, #829, #1867, #2408 ),
 .UNSPECIFIED., .F., .F.,
 ( 4, 2, 4 ),
 ( 0.0000000000000000000, 0.0005995500828858884900, 0.001199100165771777000 ),
 .UNSPECIFIED. ) ;
#3788 = CARTESIAN_POINT ( 'NONE',  ( -0.8922005383792623900, -1.545336663013202800, 0.7416666666666682500 ) ) ;
#3789 = CARTESIAN_POINT ( 'NONE',  ( -1.338300807568892900, -0.7726683315066091900, 2.783333333333335400 ) ) ;
#3790 = FACE_OUTER_BOUND ( 'NONE', #1882, .T. ) ;
#3791 = CARTESIAN_POINT ( 'NONE',  ( 1.391099734910176600, 1.388178770003473600, 7.820545043911095300 ) ) ;
#3792 = CARTESIAN_POINT ( 'NONE',  ( 1.764863307568890900, -1.018944305707809800, 6.932291666666669600 ) ) ;
#3793 = CARTESIAN_POINT ( 'NONE',  ( 0.0000000000000000000, 2.000000000000001800, -3.400000000000001200 ) ) ;
#3794 = CARTESIAN_POINT ( 'NONE',  ( -1.732050807568891400, -1.000000000000023800, 7.333333333333331300 ) ) ;
#3795 = VERTEX_POINT ( 'NONE', #1314 ) ;
#3796 = CARTESIAN_POINT ( 'NONE',  ( -2.309401076758521100, -1.588923745272718300E-014, 5.874999999999998200 ) ) ;
#3797 = DIRECTION ( 'NONE',  ( -0.0000000000000000000, -1.224646799147353200E-016, 1.000000000000000000 ) ) ;
#3798 = CARTESIAN_POINT ( 'NONE',  ( 1.154700538379260100, -2.000000000000031500, 0.5958333333333376600 ) ) ;
#3799 = CARTESIAN_POINT ( 'NONE',  ( -0.8922005383792623900, -1.545336663013201900, -4.770833333333330400 ) ) ;
#3800 = CYLINDRICAL_SURFACE ( 'NONE', #4425, 2.000000000000001800 ) ;
#3801 = CARTESIAN_POINT ( 'NONE',  ( -0.007086461601581232400, -0.1248667708941976300, 9.449999999999994000 ) ) ;
#3802 = CARTESIAN_POINT ( 'NONE',  ( 0.0000000000000000000, 1.545336663013172400, 0.5375000000000015300 ) ) ;
#3803 = CARTESIAN_POINT ( 'NONE',  ( -0.8922005383792617200, 1.545336663013171700, 5.408333333333334100 ) ) ;
#3804 = CARTESIAN_POINT ( 'NONE',  ( -1.154700538379234600, -2.000000000000077700, 6.691666666666668200 ) ) ;
#3805 = EDGE_CURVE ( 'NONE', #1664, #3747, #3739, .T. ) ;
#3806 = CARTESIAN_POINT ( 'NONE',  ( -1.338300807568892900, -0.7726683315066083000, -4.129166666666664700 ) ) ;
#3807 = VERTEX_POINT ( 'NONE', #4335 ) ;
#3808 = EDGE_LOOP ( 'NONE', ( #373, #5115 ) ) ;
#3809 = CARTESIAN_POINT ( 'NONE',  ( -1.892491597964152600E-016, -1.545336663013203000, -1.299999999999999200 ) ) ;
#3811 = CARTESIAN_POINT ( 'NONE',  ( -2.449293598294726100E-016, -2.000000000000030200, -8.562499999999994700 ) ) ;
#3810 = CARTESIAN_POINT ( 'NONE',  ( -1.338300807568892700, 0.7726683315065785400, 2.666666666666667900 ) ) ;
#3812 = CARTESIAN_POINT ( 'NONE',  ( -0.8831001583009895400, -1.438781715395910800, 7.659164154552891900 ) ) ;
#3813 = CARTESIAN_POINT ( 'NONE',  ( -1.764863307568891300, 1.018944305707776900, 6.582291666666670000 ) ) ;
#3814 = ORIENTED_EDGE ( 'NONE', *, *, #4325, .T. ) ;
#3815 = CARTESIAN_POINT ( 'NONE',  ( -1.154700538379254600, -2.000000000000041700, -5.208333333333333900 ) ) ;
#3816 = CONICAL_SURFACE ( 'NONE', #2927, 2.100000000000001900, 1.047197551196600100 ) ;
#3817 = CARTESIAN_POINT ( 'NONE',  ( 0.0000000000000000000, 2.000000000000000400, 3.687500000000005300 ) ) ;
#3818 = CARTESIAN_POINT ( 'NONE',  ( 1.154700538379261700, 2.000000000000000900, -4.070833333333329300 ) ) ;
#3819 = CARTESIAN_POINT ( 'NONE',  ( -0.8922005383792623900, -1.545336663013201900, -4.070833333333331100 ) ) ;
#3820 = CARTESIAN_POINT ( 'NONE',  ( -1.189349784789432300, -1.013337722292695600, -11.09999999999999800 ) ) ;
#3821 = CARTESIAN_POINT ( 'NONE',  ( 0.0000000000000000000, 2.037888611415571600, -10.37812500000000200 ) ) ;
#3822 = CARTESIAN_POINT ( 'NONE',  ( -0.8922005383792617200, 1.545336663013172900, -0.1041666666666638700 ) ) ;
#3823 = CARTESIAN_POINT ( 'NONE',  ( 1.784401076758523700, -1.644416192055460300E-014, 6.575000000000001100 ) ) ;
#3824 =( BOUNDED_CURVE ( )  B_SPLINE_CURVE ( 2, ( #5568, #55, #2530, #3538, #3530, #47, #6136 ),
 .UNSPECIFIED., .F., .T. ) 
 B_SPLINE_CURVE_WITH_KNOTS ( ( 3, 2, 2, 3 ),
 ( 0.2690566427175585800, 0.2746121982731141200, 0.2801677538286696500, 0.2857233093842253000 ),
 .UNSPECIFIED. ) 
 CURVE ( )  GEOMETRIC_REPRESENTATION_ITEM ( )  RATIONAL_B_SPLINE_CURVE ( ( 1.000000000000000000, 0.8660254037844387100, 1.000000000000000000, 0.8660254037844387100, 1.000000000000000000, 0.8660254037844387100, 1.000000000000000000 ) ) 
 REPRESENTATION_ITEM ( '' )  );
#3825 = CARTESIAN_POINT ( 'NONE',  ( 0.8922005383792613900, -1.545336663013203300, -3.254166666666664200 ) ) ;
#3826 = CARTESIAN_POINT ( 'NONE',  ( 0.8922005383792627200, 1.545336663013172000, 0.3916666666666686600 ) ) ;
#3828 = CARTESIAN_POINT ( 'NONE',  ( 0.0000000000000000000, 2.000000000000001800, -9.000000000000003600 ) ) ;
#3827 = CARTESIAN_POINT ( 'NONE',  ( 0.8922005383792613900, -1.545336663013203900, 4.358333333333335200 ) ) ;
#3829 = EDGE_LOOP ( 'NONE', ( #4447, #2532, #2061, #1710 ) ) ;
#3830 = CARTESIAN_POINT ( 'NONE',  ( 1.764863307568892200, 1.018944305707774900, 7.048958333333337700 ) ) ;
#3831 =( BOUNDED_CURVE ( )  B_SPLINE_CURVE ( 2, ( #1422, #1358, #5463, #5422, #2876, #5929, #5394 ),
 .UNSPECIFIED., .F., .T. ) 
 B_SPLINE_CURVE_WITH_KNOTS ( ( 3, 2, 2, 3 ),
 ( 0.7166666666666666700, 0.7222222222222222100, 0.7277777777777778600, 0.7333333333333333900 ),
 .UNSPECIFIED. ) 
 CURVE ( )  GEOMETRIC_REPRESENTATION_ITEM ( )  RATIONAL_B_SPLINE_CURVE ( ( 1.000000000000000000, 0.8660254037844388200, 1.000000000000000000, 0.8660254037844388200, 1.000000000000000000, 0.8660254037844361500, 1.000000000000002700 ) ) 
 REPRESENTATION_ITEM ( '' )  );
#3832 = CARTESIAN_POINT ( 'NONE',  ( -1.892491597964152600E-016, -1.545336663013201700, -11.09999999999999800 ) ) ;
#3833 = CARTESIAN_POINT ( 'NONE',  ( 0.8387402682342421900, 0.9591287533288427300, 10.97407715322185400 ) ) ;
#3834 = ORIENTED_EDGE ( 'NONE', *, *, #754, .F. ) ;
#3835 = CARTESIAN_POINT ( 'NONE',  ( -2.309401076758521100, -1.426045720986120000E-014, -7.425000000000001600 ) ) ;
#3836 = CARTESIAN_POINT ( 'NONE',  ( 1.338300807568893600, 0.7726683315065778800, -2.379166666666664700 ) ) ;
#3837 = CIRCLE ( 'NONE', #693, 0.1250000000000000000 ) ;
#3838 = EDGE_CURVE ( 'NONE', #2293, #2104, #439, .T. ) ;
#3839 = CARTESIAN_POINT ( 'NONE',  ( 9.872517909052019100E-018, -1.082531754730551300, 10.00000000000000000 ) ) ;
#3840 = CARTESIAN_POINT ( 'NONE',  ( -2.495693764988940900E-016, -2.037888611415600100, -8.628125000000000700 ) ) ;
#3841 = CARTESIAN_POINT ( 'NONE',  ( 1.338300807568892500, -0.7726683315066100700, 1.704166666666669700 ) ) ;
#3842 = CARTESIAN_POINT ( 'NONE',  ( 1.732050807568892100, 0.9999999999999913400, -0.6291666666666608800 ) ) ;
#3843 = CARTESIAN_POINT ( 'NONE',  ( -1.892491597964152600E-016, -1.545336663013203700, 7.100000000000002300 ) ) ;
#3844 = ORIENTED_EDGE ( 'NONE', *, *, #3891, .F. ) ;
#3845 = VECTOR ( 'NONE', #1295, 1000.000000000000000 ) ;
#3846 = CARTESIAN_POINT ( 'NONE',  ( -1.892491597964152600E-016, -1.545336663013203000, -1.212499999999998400 ) ) ;
#3847 = CARTESIAN_POINT ( 'NONE',  ( -0.8922005383792617200, 1.545336663013172200, 2.608333333333333800 ) ) ;
#3849 = CARTESIAN_POINT ( 'NONE',  ( -1.154700538379260800, 2.000000000000002200, -10.25416666666666100 ) ) ;
#3848 = CARTESIAN_POINT ( 'NONE',  ( 1.338300807568892500, -0.7726683315066103000, 3.716666666666668600 ) ) ;
#3850 = ORIENTED_EDGE ( 'NONE', *, *, #4044, .F. ) ;
#3851 = DIRECTION ( 'NONE',  ( 1.000000000000000000, 0.0000000000000000000, 0.0000000000000000000 ) ) ;
#3852 = DIRECTION ( 'NONE',  ( -0.0000000000000000000, -1.224646799147353200E-016, 1.000000000000000000 ) ) ;
#3853 = EDGE_CURVE ( 'NONE', #3007, #2720, #1262, .T. ) ;
#3854 = CARTESIAN_POINT ( 'NONE',  ( 0.0000000000000000000, 2.000000000000000000, 7.100000000000000500 ) ) ;
#3855 = CARTESIAN_POINT ( 'NONE',  ( -2.309401076758521600, -1.564277728439877900E-014, 3.862500000000005200 ) ) ;
#3856 = DIRECTION ( 'NONE',  ( -0.0000000000000000000, -1.224646799147353200E-016, 1.000000000000000000 ) ) ;
#3857 = VERTEX_POINT ( 'NONE', #291 ) ;
#3858 = CARTESIAN_POINT ( 'NONE',  ( 0.0000000000000000000, 2.000000000000001800, -7.600000000000002300 ) ) ;
#3859 = CARTESIAN_POINT ( 'NONE',  ( -1.784401076758523700, -1.468908358956277600E-014, -4.187499999999998200 ) ) ;
#3860 = ORIENTED_EDGE ( 'NONE', *, *, #489, .T. ) ;
#3861 = DIRECTION ( 'NONE',  ( -0.0000000000000000000, -1.224646799147353200E-016, 1.000000000000000000 ) ) ;
#3862 = CARTESIAN_POINT ( 'NONE',  ( -0.03941055279415598600, 0.1195484787224530000, 9.450000000000006400 ) ) ;
#3863 = CARTESIAN_POINT ( 'NONE',  ( -1.764863307568891300, 1.018944305707778900, -9.561458333333334300 ) ) ;
#3864 = CARTESIAN_POINT ( 'NONE',  ( -0.8922005383792617200, 1.545336663013172000, 4.095833333333335000 ) ) ;
#3865 = CARTESIAN_POINT ( 'NONE',  ( 0.0000000000000000000, 2.000000000000001800, -2.700000000000002000 ) ) ;
#3866 = CARTESIAN_POINT ( 'NONE',  ( -1.338300807568892700, 0.7726683315065781000, 6.166666666666667900 ) ) ;
#3867 = CARTESIAN_POINT ( 'NONE',  ( -1.892491597964152600E-016, -1.545336663013202600, -4.012499999999997500 ) ) ;
#3868 = VECTOR ( 'NONE', #2736, 1000.000000000000000 ) ;
#3869 = CC_DESIGN_PERSON_AND_ORGANIZATION_ASSIGNMENT ( #3718, #4864, ( #2860 ) ) ;
#3870 = CARTESIAN_POINT ( 'NONE',  ( -1.338300807568892900, -0.7726683315066075200, -10.42916666666666500 ) ) ;
#3871 = CARTESIAN_POINT ( 'NONE',  ( -1.784401076758523700, -1.553562068947338200E-014, 2.725000000000001900 ) ) ;
#3873 = CARTESIAN_POINT ( 'NONE',  ( 1.558710597210055700, 0.6787384014840341900, -10.96573973576365200 ) ) ;
#3872 = CARTESIAN_POINT ( 'NONE',  ( -1.784401076758523700, -1.570707124135401400E-014, 4.125000000000001800 ) ) ;
#3874 = CYLINDRICAL_SURFACE ( 'NONE', #4118, 2.000000000000001800 ) ;
#3875 = DIRECTION ( 'NONE',  ( -0.0000000000000000000, -1.224646799147353200E-016, 1.000000000000000000 ) ) ;
#3876 = CARTESIAN_POINT ( 'NONE',  ( 0.8922005383792613900, -1.545336663013202800, -6.141666666666664800 ) ) ;
#3877 = DIRECTION ( 'NONE',  ( -0.0000000000000000000, -1.224646799147353200E-016, 1.000000000000000000 ) ) ;
#3878 = DIRECTION ( 'NONE',  ( 8.659560562354887300E-017, 0.7071067811865436900, 0.7071067811865513500 ) ) ;
#3879 = CARTESIAN_POINT ( 'NONE',  ( 1.732050807568892100, 0.9999999999999924500, -7.016666666666669300 ) ) ;
#3880 = CARTESIAN_POINT ( 'NONE',  ( 1.338300807568892500, -0.7726683315066091900, -5.295833333333331600 ) ) ;
#3881 = VERTEX_POINT ( 'NONE', #5214 ) ;
#3882 = ORIENTED_EDGE ( 'NONE', *, *, #3340, .F. ) ;
#3883 = ORIENTED_EDGE ( 'NONE', *, *, #1578, .T. ) ;
#3884 = CARTESIAN_POINT ( 'NONE',  ( -1.892491597964152600E-016, -1.545336663013203500, 4.387500000000002800 ) ) ;
#3885 = CARTESIAN_POINT ( 'NONE',  ( -1.892491597964152600E-016, -1.545336663013204200, 9.199999999999999300 ) ) ;
#3886 = ORIENTED_EDGE ( 'NONE', *, *, #910, .F. ) ;
#3887 = CARTESIAN_POINT ( 'NONE',  ( -1.892491597964152600E-016, -1.545336663013202800, -1.912499999999997400 ) ) ;
#3888 = CARTESIAN_POINT ( 'NONE',  ( 0.0000000000000000000, 1.545336663013172400, 1.237500000000002500 ) ) ;
#3889 = FACE_OUTER_BOUND ( 'NONE', #1017, .T. ) ;
#3890 = CARTESIAN_POINT ( 'NONE',  ( -0.8922005383792623900, -1.545336663013201500, -9.670833333333330700 ) ) ;
#3891 = EDGE_CURVE ( 'NONE', #295, #720, #4463, .T. ) ;
#3892 = CARTESIAN_POINT ( 'NONE',  ( 1.784401076758523700, -1.584408498897239500E-014, 1.675000000000000900 ) ) ;
#3894 = CARTESIAN_POINT ( 'NONE',  ( 1.510837740241259200, -0.6650481188080344900, -11.02533148650925000 ) ) ;
#3893 = DIRECTION ( 'NONE',  ( 0.0000000000000000000, -1.000000000000000000, 0.0000000000000000000 ) ) ;
#3895 = CARTESIAN_POINT ( 'NONE',  ( -2.604521261461507400E-016, -1.443375672974067700, 10.00000000000000000 ) ) ;
#3896 = CARTESIAN_POINT ( 'NONE',  ( 1.249999999999999600, 0.5677983604944330000, 10.00000000000000000 ) ) ;
#3897 = CARTESIAN_POINT ( 'NONE',  ( 2.309401076758521600, -1.573692839404700500E-014, 0.01250000000000443500 ) ) ;
#3898 = CARTESIAN_POINT ( 'NONE',  ( -1.892491597964152600E-016, -1.545336663013202400, -6.199999999999998400 ) ) ;
#3899 = CARTESIAN_POINT ( 'NONE',  ( -1.154700538379261700, -2.000000000000030600, -0.9208333333333282900 ) ) ;
#3900 = CARTESIAN_POINT ( 'NONE',  ( 0.8922005383792627200, 1.545336663013172200, -1.620833333333331800 ) ) ;
#3901 = ORIENTED_EDGE ( 'NONE', *, *, #2833, .T. ) ;
#3902 = ORIENTED_EDGE ( 'NONE', *, *, #1935, .F. ) ;
#3903 = AXIS2_PLACEMENT_3D ( 'NONE', #4284, #1226, #5290 ) ;
#3904 = CARTESIAN_POINT ( 'NONE',  ( -0.8922005383792617200, 1.545336663013172200, 2.695833333333335100 ) ) ;
#3905 = CARTESIAN_POINT ( 'NONE',  ( -1.176575538379261500, -2.037888611415599200, -10.04270833333332800 ) ) ;
#3906 = ADVANCED_FACE ( 'NONE', ( #709 ), #4914, .T. ) ;
#3907 = CARTESIAN_POINT ( 'NONE',  ( 0.8922005383792627200, 1.545336663013172200, -0.2208333333333315500 ) ) ;
#3908 = CARTESIAN_POINT ( 'NONE',  ( -0.8922005383792623900, -1.545336663013202800, 1.529166666666668300 ) ) ;
#3909 = ADVANCED_FACE ( 'NONE', ( #2030 ), #3059, .F. ) ;
#3910 = ORIENTED_EDGE ( 'NONE', *, *, #380, .T. ) ;
#3911 = CARTESIAN_POINT ( 'NONE',  ( 1.176575538379260000, -2.037888611415600500, -6.469791666666668400 ) ) ;
#3912 = CARTESIAN_POINT ( 'NONE',  ( -1.338300807568892700, 0.7726683315065785400, 2.666666666666667900 ) ) ;
#3913 = CARTESIAN_POINT ( 'NONE',  ( 1.784401076758523700, -1.635843664461428400E-014, 5.875000000000001800 ) ) ;
#3914 = CARTESIAN_POINT ( 'NONE',  ( 0.1137289435409353600, -0.05193069013090775800, 9.450000000000001100 ) ) ;
#3915 = CARTESIAN_POINT ( 'NONE',  ( -1.892491597964152600E-016, -1.545336663013202200, -8.299999999999998900 ) ) ;
#3916 = LINE ( 'NONE', #4247, #4963 ) ;
#3917 = AXIS2_PLACEMENT_3D ( 'NONE', #3751, #724, #6317 ) ;
#3918 = CARTESIAN_POINT ( 'NONE',  ( 0.0000000000000000000, 1.545336663013173500, -7.949999999999998400 ) ) ;
#3919 = CARTESIAN_POINT ( 'NONE',  ( 0.8922005383792613900, -1.545336663013203300, -1.854166666666664100 ) ) ;
#3920 = EDGE_LOOP ( 'NONE', ( #5971, #2283, #3035, #3479 ) ) ;
#3921 = EDGE_CURVE ( 'NONE', #3403, #692, #1819, .T. ) ;
#3922 = CARTESIAN_POINT ( 'NONE',  ( 0.0000000000000000000, -2.021310670506432500E-015, 11.10000000000000000 ) ) ;
#3923 = CARTESIAN_POINT ( 'NONE',  ( -1.338300807568892900, -0.7726683315066094100, 4.270833333333334800 ) ) ;
#3924 = CARTESIAN_POINT ( 'NONE',  ( 1.176575538379260000, -2.037888611415600100, -11.32604166666666100 ) ) ;
#3925 = ORIENTED_EDGE ( 'NONE', *, *, #2656, .T. ) ;
#3926 = CARTESIAN_POINT ( 'NONE',  ( 1.338300807568892500, -0.7726683315066100700, 1.704166666666669700 ) ) ;
#3927 = CARTESIAN_POINT ( 'NONE',  ( -0.8922005383792623900, -1.545336663013202800, 0.8291666666666690500 ) ) ;
#3928 = CARTESIAN_POINT ( 'NONE',  ( -2.353151076758521800, -1.417473193392088800E-014, -8.103125000000000400 ) ) ;
#3929 = CARTESIAN_POINT ( 'NONE',  ( 0.8922005383792627200, 1.545336663013171500, 4.591666666666666800 ) ) ;
#3931 = CARTESIAN_POINT ( 'NONE',  ( 0.9922554730138250000, 1.439459354517723700, -10.92727660793914900 ) ) ;
#3930 = CARTESIAN_POINT ( 'NONE',  ( -0.8922005383792623900, -1.545336663013203300, 5.641666666666670200 ) ) ;
#3932 = ORIENTED_EDGE ( 'NONE', *, *, #4360, .F. ) ;
#3933 = CARTESIAN_POINT ( 'NONE',  ( 0.02272747981804480400, 0.1232062306029861900, 9.450000000000001100 ) ) ;
#3934 = AXIS2_PLACEMENT_3D ( 'NONE', #633, #4149, #566 ) ;
#3935 = EDGE_LOOP ( 'NONE', ( #1400, #1013, #2308, #5901, #5194, #4766, #2226 ) ) ;
#3936 = CARTESIAN_POINT ( 'NONE',  ( 2.449293598294708900E-016, 1.999999999999999600, 11.10000000000000000 ) ) ;
#3937 = ADVANCED_FACE ( 'NONE', ( #1734 ), #2247, .T. ) ;
#3938 = ADVANCED_FACE ( 'NONE', ( #1411 ), #5134, .T. ) ;
#3939 = CARTESIAN_POINT ( 'NONE',  ( 0.8922005383792613900, -1.545336663013202600, -7.541666666666666100 ) ) ;
#3940 = CARTESIAN_POINT ( 'NONE',  ( 0.0000000000000000000, 2.000000000000001300, -4.712499999999994100 ) ) ;
#3941 = CIRCLE ( 'NONE', #2474, 0.3125000000000000000 ) ;
#3942 = DIRECTION ( 'NONE',  ( -0.0000000000000000000, -1.224646799147353200E-016, 1.000000000000000000 ) ) ;
#3943 = CARTESIAN_POINT ( 'NONE',  ( -1.784401076758523700, -1.571778690084655400E-014, 4.212500000000003000 ) ) ;
#3944 = CARTESIAN_POINT ( 'NONE',  ( 1.176575538379260000, -2.037888611415600500, -9.226041666666661800 ) ) ;
#3945 = CARTESIAN_POINT ( 'NONE',  ( -0.8922005383792623900, -1.545336663013203000, 2.929166666666668500 ) ) ;
#3946 = CARTESIAN_POINT ( 'NONE',  ( 1.784401076758523700, -1.585480064846493800E-014, 1.762500000000002200 ) ) ;
#3947 = FACE_OUTER_BOUND ( 'NONE', #2410, .T. ) ;
#3948 = CARTESIAN_POINT ( 'NONE',  ( 1.764863307568892200, 1.018944305707776700, -6.294791666666668600 ) ) ;
#3949 = CARTESIAN_POINT ( 'NONE',  ( -0.8922005383792617200, 1.545336663013171700, 6.808333333333336200 ) ) ;
#3951 = CARTESIAN_POINT ( 'NONE',  ( 0.8922005383792613900, -1.545336663013203300, -3.341666666666664600 ) ) ;
#3950 = CARTESIAN_POINT ( 'NONE',  ( -0.8922005383792617200, 1.545336663013171500, 7.508333333333337300 ) ) ;
#3952 = DIRECTION ( 'NONE',  ( -0.0000000000000000000, -1.224646799147353200E-016, 1.000000000000000000 ) ) ;
#3953 = ORIENTED_EDGE ( 'NONE', *, *, #3626, .F. ) ;
#3954 = AXIS2_PLACEMENT_3D ( 'NONE', #571, #2172, #5190 ) ;
#3955 = CARTESIAN_POINT ( 'NONE',  ( 0.6250000000000001100, -1.082531754730551100, 10.00000000000001400 ) ) ;
#3956 = FACE_OUTER_BOUND ( 'NONE', #3729, .T. ) ;
#3957 = CARTESIAN_POINT ( 'NONE',  ( 1.249999999999999800, -4.119968257958030500E-015, 10.97392074642395900 ) ) ;
#3958 = ORIENTED_EDGE ( 'NONE', *, *, #5839, .T. ) ;
#3959 = LINE ( 'NONE', #5734, #727 ) ;
#3960 = EDGE_CURVE ( 'NONE', #6500, #5299, #3544, .T. ) ;
#3961 = CARTESIAN_POINT ( 'NONE',  ( 0.8922005383792613900, -1.545336663013202200, -10.34166666666666500 ) ) ;
#3962 = CARTESIAN_POINT ( 'NONE',  ( -2.449293598294726100E-016, -2.000000000000031100, -2.262499999999994400 ) ) ;
#3963 =( BOUNDED_CURVE ( )  B_SPLINE_CURVE ( 2, ( #665, #286, #745, #1176, #4307, #3211, #191 ),
 .UNSPECIFIED., .F., .T. ) 
 B_SPLINE_CURVE_WITH_KNOTS ( ( 3, 2, 2, 3 ),
 ( 0.7357233093842252500, 0.7412788649397807900, 0.7468344204953363300, 0.7523899760508918600 ),
 .UNSPECIFIED. ) 
 CURVE ( )  GEOMETRIC_REPRESENTATION_ITEM ( )  RATIONAL_B_SPLINE_CURVE ( ( 1.000000000000000000, 0.8660254037844387100, 1.000000000000000000, 0.8660254037844387100, 1.000000000000000000, 0.8660254037844387100, 1.000000000000000000 ) ) 
 REPRESENTATION_ITEM ( '' )  );
#3964 = ORIENTED_EDGE ( 'NONE', *, *, #6221, .F. ) ;
#3965 = ORIENTED_EDGE ( 'NONE', *, *, #1172, .F. ) ;
#3966 = CARTESIAN_POINT ( 'NONE',  ( 0.8922005383792613900, -1.545336663013203900, 5.845833333333335900 ) ) ;
#3967 = CARTESIAN_POINT ( 'NONE',  ( 0.0000000000000000000, 2.037888611415570800, -6.134374999999995000 ) ) ;
#3968 = CARTESIAN_POINT ( 'NONE',  ( 0.8922005383792613900, -1.545336663013203700, 2.345833333333335400 ) ) ;
#3969 = CARTESIAN_POINT ( 'NONE',  ( 1.338300807568892500, -0.7726683315066101800, 2.404166666666669000 ) ) ;
#3970 = CARTESIAN_POINT ( 'NONE',  ( -1.176575538379260700, 2.037888611415571200, -6.119791666666667000 ) ) ;
#3971 = EDGE_CURVE ( 'NONE', #4208, #5401, #2379, .T. ) ;
#3972 = CARTESIAN_POINT ( 'NONE',  ( -1.338300807568892900, -0.7726683315066098500, 7.683333333333333600 ) ) ;
#3974 = CARTESIAN_POINT ( 'NONE',  ( -2.449293598294726100E-016, -2.000000000000030200, -8.562499999999994700 ) ) ;
#3973 = CARTESIAN_POINT ( 'NONE',  ( -1.892491597964152600E-016, -1.545336663013203700, 7.100000000000002300 ) ) ;
#3975 = CARTESIAN_POINT ( 'NONE',  ( 2.309401076758521600, -1.539402729028574500E-014, -2.787499999999994300 ) ) ;
#3976 = CARTESIAN_POINT ( 'NONE',  ( -1.250000000000000200, 0.5677983604944328900, 10.00000000000000000 ) ) ;
#3977 = CARTESIAN_POINT ( 'NONE',  ( -1.784401076758523700, -1.407829099848803500E-014, -9.174999999999998900 ) ) ;
#3978 = VERTEX_POINT ( 'NONE', #1687 ) ;
#3979 = CARTESIAN_POINT ( 'NONE',  ( -1.764863307568891300, 1.018944305707778700, -8.117708333333327500 ) ) ;
#3980 = CARTESIAN_POINT ( 'NONE',  ( -1.892491597964152600E-016, -1.545336663013203000, -0.5124999999999972900 ) ) ;
#3981 = CARTESIAN_POINT ( 'NONE',  ( 0.0000000000000000000, 1.545336663013172000, 4.737500000000002500 ) ) ;
#3982 = CARTESIAN_POINT ( 'NONE',  ( 0.0000000000000000000, 2.100000000000001000, 7.900000000000000400 ) ) ;
#3983 = CARTESIAN_POINT ( 'NONE',  ( -1.176575538379260700, 2.037888611415570800, -4.719791666666668400 ) ) ;
#3984 = CARTESIAN_POINT ( 'NONE',  ( 0.8922005383792627200, 1.545336663013171300, 5.991666666666668900 ) ) ;
#3985 = CARTESIAN_POINT ( 'NONE',  ( 0.0000000000000000000, 2.000000000000000400, 0.8875000000000052800 ) ) ;
#3986 = ORIENTED_EDGE ( 'NONE', *, *, #5503, .T. ) ;
#3987 = FACE_OUTER_BOUND ( 'NONE', #1641, .T. ) ;
#3988 = CARTESIAN_POINT ( 'NONE',  ( -1.338300807568892900, -0.7726683315066078500, -7.629166666666664700 ) ) ;
#3989 = DIRECTION ( 'NONE',  ( -0.0000000000000000000, -1.224646799147353200E-016, 1.000000000000000000 ) ) ;
#3990 = EDGE_CURVE ( 'NONE', #4385, #2135, #1486, .T. ) ;
#3991 = CARTESIAN_POINT ( 'NONE',  ( -1.250000000000000000, 0.4503166115752345600, 10.00000000000000000 ) ) ;
#3992 = ORIENTED_EDGE ( 'NONE', *, *, #345, .F. ) ;
#3993 = CARTESIAN_POINT ( 'NONE',  ( 1.338300807568892500, -0.7726683315066085200, -10.28333333333333100 ) ) ;
#3994 = VERTEX_POINT ( 'NONE', #664 ) ;
#3995 = CARTESIAN_POINT ( 'NONE',  ( -0.3015525756323695900, 1.545336663013171700, 7.557215933980320900 ) ) ;
#3996 = CARTESIAN_POINT ( 'NONE',  ( 2.353151076758521800, -1.462785763656918100E-014, -9.109374999999994700 ) ) ;
#3997 = EDGE_CURVE ( 'NONE', #6512, #5517, #1654, .T. ) ;
#3998 = CARTESIAN_POINT ( 'NONE',  ( 1.338300807568893600, 0.7726683315065769900, 4.620833333333334500 ) ) ;
#3999 = CARTESIAN_POINT ( 'NONE',  ( -1.892491597964152600E-016, -1.545336663013203700, 5.787500000000001400 ) ) ;
#4000 = CARTESIAN_POINT ( 'NONE',  ( -2.449293598294726600E-016, -2.000000000000032400, 6.049999999999997200 ) ) ;
#4001 = VERTEX_POINT ( 'NONE', #691 ) ;
#4002 = CARTESIAN_POINT ( 'NONE',  ( 1.176575538379260000, -2.037888611415601000, -3.669791666666667700 ) ) ;
#4003 = CARTESIAN_POINT ( 'NONE',  ( -1.338300807568892900, -0.7726683315066095200, 5.583333333333335700 ) ) ;
#4004 = CARTESIAN_POINT ( 'NONE',  ( 0.0000000000000000000, 2.000000000000001800, -6.200000000000002000 ) ) ;
#4005 =( BOUNDED_CURVE ( )  B_SPLINE_CURVE ( 2, ( #493, #3028, #4580, #3093, #5542, #6112, #3579 ),
 .UNSPECIFIED., .F., .T. ) 
 B_SPLINE_CURVE_WITH_KNOTS ( ( 3, 2, 2, 3 ),
 ( 0.7666666666666666100, 0.7722222222222221400, 0.7777777777777777900, 0.7833333333333333300 ),
 .UNSPECIFIED. ) 
 CURVE ( )  GEOMETRIC_REPRESENTATION_ITEM ( )  RATIONAL_B_SPLINE_CURVE ( ( 1.000000000000002700, 0.8660254037844361500, 1.000000000000000000, 0.8660254037844388200, 1.000000000000000000, 0.8660254037844388200, 1.000000000000000000 ) ) 
 REPRESENTATION_ITEM ( '' )  );
#4006 = CARTESIAN_POINT ( 'NONE',  ( 0.8922005383792627200, 1.545336663013172900, -5.820833333333331100 ) ) ;
#4007 = CIRCLE ( 'NONE', #411, 1.468375672974065800 ) ;
#4008 = CARTESIAN_POINT ( 'NONE',  ( -1.732050807568891000, 0.9999999999999926700, 2.404166666666671200 ) ) ;
#4009 = CARTESIAN_POINT ( 'NONE',  ( -0.1045945648821133000, 0.06857044121700660300, 9.450000000000011700 ) ) ;
#4010 = CARTESIAN_POINT ( 'NONE',  ( 0.8922005383792627200, 1.545336663013173100, -8.708333333333332100 ) ) ;
#4012 = CARTESIAN_POINT ( 'NONE',  ( -1.784401076758523700, -1.467836793007023900E-014, -4.274999999999998600 ) ) ;
#4011 = CARTESIAN_POINT ( 'NONE',  ( -1.338300807568892900, -0.7726683315066077400, -8.416666666666666100 ) ) ;
#4013 = CYLINDRICAL_SURFACE ( 'NONE', #784, 2.000000000000001800 ) ;
#4014 = CARTESIAN_POINT ( 'NONE',  ( -2.449293598294726600E-016, -2.000000000000032000, 4.649999999999998600 ) ) ;
#4015 = LINE ( 'NONE', #6433, #5707 ) ;
#4016 = CARTESIAN_POINT ( 'NONE',  ( 1.249999999999999800, 0.1218997793127509100, 10.97392074642395900 ) ) ;
#4017 = CARTESIAN_POINT ( 'NONE',  ( -1.176575538379261500, -2.037888611415599600, -6.542708333333328200 ) ) ;
#4018 = CARTESIAN_POINT ( 'NONE',  ( 1.338300807568893600, 0.7726683315065771000, 3.920833333333335200 ) ) ;
#4019 = CARTESIAN_POINT ( 'NONE',  ( -1.338300807568892900, -0.7726683315066096300, 6.370833333333336200 ) ) ;
#4020 = ORIENTED_EDGE ( 'NONE', *, *, #264, .T. ) ;
#4021 = CARTESIAN_POINT ( 'NONE',  ( -1.892491597964152600E-016, -1.545336663013201700, -11.01249999999999800 ) ) ;
#4022 = ORIENTED_EDGE ( 'NONE', *, *, #3853, .F. ) ;
#4023 = CARTESIAN_POINT ( 'NONE',  ( 0.0000000000000000000, 2.037888611415570300, -1.278125000000001500 ) ) ;
#4024 = VERTEX_POINT ( 'NONE', #1122 ) ;
#4025 = CARTESIAN_POINT ( 'NONE',  ( -1.892491597964152600E-016, -1.545336663013203700, 5.700000000000000200 ) ) ;
#4026 = ORIENTED_EDGE ( 'NONE', *, *, #285, .F. ) ;
#4027 = CARTESIAN_POINT ( 'NONE',  ( -1.732050807568891200, 0.9999999999999931200, -1.183333333333333800 ) ) ;
#4028 = CARTESIAN_POINT ( 'NONE',  ( 1.338300807568893600, 0.7726683315065783200, -5.879166666666664700 ) ) ;
#4029 = VERTEX_POINT ( 'NONE', #4725 ) ;
#4030 = CARTESIAN_POINT ( 'NONE',  ( 0.01433848335475022500, 0.1241749084762489900, 9.450000000000001100 ) ) ;
#4031 = VERTEX_POINT ( 'NONE', #1304 ) ;
#4032 = CARTESIAN_POINT ( 'NONE',  ( -1.892491597964152600E-016, -1.545336663013202400, -6.899999999999998600 ) ) ;
#4033 = EDGE_CURVE ( 'NONE', #4955, #4879, #6306, .T. ) ;
#4035 = CARTESIAN_POINT ( 'NONE',  ( 1.784401076758523700, -1.490110695362893600E-014, -6.024999999999998600 ) ) ;
#4034 = CARTESIAN_POINT ( 'NONE',  ( 1.338300807568892500, -0.7726683315066088500, -8.183333333333330000 ) ) ;
#4036 = CARTESIAN_POINT ( 'NONE',  ( 1.732050807568890700, -1.000000000000024900, 6.866666666666664500 ) ) ;
#4037 = CARTESIAN_POINT ( 'NONE',  ( -2.495693764988940900E-016, -2.037888611415600100, -6.484374999999994700 ) ) ;
#4038 = CARTESIAN_POINT ( 'NONE',  ( -1.784401076758523700, -1.597496272866749900E-014, 6.312500000000001800 ) ) ;
#4039 = CARTESIAN_POINT ( 'NONE',  ( 1.338300807568892500, -0.7726683315066103000, 3.804166666666669400 ) ) ;
#4040 = EDGE_LOOP ( 'NONE', ( #3670, #640, #5896, #2219 ) ) ;
#4041 = DIRECTION ( 'NONE',  ( 0.0000000000000000000, -1.000000000000000000, 0.0000000000000000000 ) ) ;
#4042 = VERTEX_POINT ( 'NONE', #2218 ) ;
#4043 = CARTESIAN_POINT ( 'NONE',  ( -1.764863307568891300, 1.018944305707777800, -1.161458333333333700 ) ) ;
#4044 = EDGE_CURVE ( 'NONE', #3568, #21, #2804, .T. ) ;
#4045 = CARTESIAN_POINT ( 'NONE',  ( 1.154700538379273400, -2.000000000000007500, -5.791666666666666100 ) ) ;
#4046 = CARTESIAN_POINT ( 'NONE',  ( 0.04983750894381055300, -1.550980458487620600, -11.09999999999999800 ) ) ;
#4047 = CARTESIAN_POINT ( 'NONE',  ( -1.892491597964152600E-016, -1.545336663013202400, -6.112499999999997200 ) ) ;
#4048 = CARTESIAN_POINT ( 'NONE',  ( -1.784401076758523700, -1.484981848195086800E-014, -2.874999999999999100 ) ) ;
#4049 = CARTESIAN_POINT ( 'NONE',  ( -1.160212644386605000, -0.7656433258989685500, 10.00000000000000400 ) ) ;
#4050 = ORIENTED_EDGE ( 'NONE', *, *, #573, .T. ) ;
#4051 = CARTESIAN_POINT ( 'NONE',  ( 1.784401076758523700, -1.481538167768862000E-014, -6.724999999999998800 ) ) ;
#4052 = CARTESIAN_POINT ( 'NONE',  ( 0.0000000000000000000, -1.686752086040050700E-015, 9.583061232364753900 ) ) ;
#4054 = CARTESIAN_POINT ( 'NONE',  ( -0.8922005383792623900, -1.545336663013201700, -6.958333333333332100 ) ) ;
#4053 = CARTESIAN_POINT ( 'NONE',  ( 0.8922005383792627200, 1.545336663013172900, -4.508333333333332000 ) ) ;
#4055 = CARTESIAN_POINT ( 'NONE',  ( -0.7519166948554320000, 1.853273127198926200, 7.842264973081039000 ) ) ;
#4056 = CIRCLE ( 'NONE', #1183, 0.1250000000000000000 ) ;
#4057 = CARTESIAN_POINT ( 'NONE',  ( -2.449293598294726100E-016, -2.000000000000030600, -2.962499999999995900 ) ) ;
#4058 = CARTESIAN_POINT ( 'NONE',  ( 1.176575538379260000, -2.037888611415601000, -3.626041666666660800 ) ) ;
#4059 = PRODUCT_DEFINITION_SHAPE ( 'NONE', 'NONE',  #5650 ) ;
#4060 = CARTESIAN_POINT ( 'NONE',  ( -0.2041003247360323200, 1.325538295546024000, 11.01753280168866000 ) ) ;
#4061 = CARTESIAN_POINT ( 'NONE',  ( 0.8922005383792627200, 1.545336663013171500, 5.379166666666668200 ) ) ;
#4062 = CARTESIAN_POINT ( 'NONE',  ( -0.8922005383792617200, 1.545336663013171500, 8.295833333333336100 ) ) ;
#4063 = ORIENTED_EDGE ( 'NONE', *, *, #3997, .F. ) ;
#4064 = CARTESIAN_POINT ( 'NONE',  ( -1.338300807568892700, 0.7726683315065801000, -10.54583333333333100 ) ) ;
#4065 = AXIS2_PLACEMENT_3D ( 'NONE', #2925, #3875, #3382 ) ;
#4066 = CARTESIAN_POINT ( 'NONE',  ( -1.764863307568891500, -1.018944305707807100, -3.844791666666668400 ) ) ;
#4067 = CARTESIAN_POINT ( 'NONE',  ( -1.154700538379260800, 2.000000000000000000, 5.845833333333337700 ) ) ;
#4068 = CARTESIAN_POINT ( 'NONE',  ( 1.732050807568892100, 0.9999999999999909000, 5.583333333333333900 ) ) ;
#4069 = CARTESIAN_POINT ( 'NONE',  ( 0.0000000000000000000, 2.000000000000001300, -1.300000000000001400 ) ) ;
#4070 = CARTESIAN_POINT ( 'NONE',  ( 1.338300807568893600, 0.7726683315065786500, -8.679166666666665400 ) ) ;
#4071 = CARTESIAN_POINT ( 'NONE',  ( -0.8922005383792623900, -1.545336663013202200, -2.058333333333331800 ) ) ;
#4072 = CARTESIAN_POINT ( 'NONE',  ( 1.154700538379255200, 2.000000000000011500, -2.758333333333332400 ) ) ;
#4073 = EDGE_CURVE ( 'NONE', #3403, #5289, #1604, .T. ) ;
#4074 = CARTESIAN_POINT ( 'NONE',  ( -1.892491597964152600E-016, -1.545336663013201900, -10.31249999999999600 ) ) ;
#4075 = CARTESIAN_POINT ( 'NONE',  ( 1.338300807568893600, 0.7726683315065786500, -8.766666666666665700 ) ) ;
#4076 = CARTESIAN_POINT ( 'NONE',  ( -1.732050807568891400, -1.000000000000022200, -8.066666666666670000 ) ) ;
#4078 = CARTESIAN_POINT ( 'NONE',  ( 0.8922005383792613900, -1.545336663013202800, -5.441666666666665500 ) ) ;
#4077 = CARTESIAN_POINT ( 'NONE',  ( 1.784401076758523700, -1.507255750550956500E-014, -4.624999999999998200 ) ) ;
#4079 = ORIENTED_EDGE ( 'NONE', *, *, #1965, .T. ) ;
#4080 = CARTESIAN_POINT ( 'NONE',  ( 0.0000000000000000000, -2.000000000000004000, 11.10000000000000000 ) ) ;
#4081 = CIRCLE ( 'NONE', #5741, 0.3124999999999998900 ) ;
#4082 = CARTESIAN_POINT ( 'NONE',  ( -0.2395742729043105200, -1.747502087153959700, -10.90283779479429600 ) ) ;
#4083 = CARTESIAN_POINT ( 'NONE',  ( -2.495693764988940900E-016, -2.037888611415600500, -5.084374999999995200 ) ) ;
#4084 = CARTESIAN_POINT ( 'NONE',  ( 1.732050807568890700, -1.000000000000023500, -5.033333333333335900 ) ) ;
#4085 = EDGE_CURVE ( 'NONE', #38, #445, #4182, .T. ) ;
#4086 = CARTESIAN_POINT ( 'NONE',  ( 0.0000000000000000000, 1.545336663013171700, 6.837500000000003000 ) ) ;
#4087 = CARTESIAN_POINT ( 'NONE',  ( 0.8922005383792627200, 1.545336663013171300, 6.779166666666669400 ) ) ;
#4088 = FACE_OUTER_BOUND ( 'NONE', #2221, .T. ) ;
#4089 = CARTESIAN_POINT ( 'NONE',  ( 1.764863307568890900, -1.018944305707808900, -0.8114583333333341700 ) ) ;
#4090 = CARTESIAN_POINT ( 'NONE',  ( -2.449293598294726100E-016, -2.000000000000031100, 0.5375000000000056400 ) ) ;
#4091 = CARTESIAN_POINT ( 'NONE',  ( 0.0000000000000000000, 2.000000000000000000, 6.399999999999996800 ) ) ;
#4092 = CARTESIAN_POINT ( 'NONE',  ( -2.449293598294726600E-016, -2.000000000000031100, 0.4499999999999984000 ) ) ;
#4093 = CARTESIAN_POINT ( 'NONE',  ( -0.8922005383792617200, 1.545336663013172900, -0.8916666666666656100 ) ) ;
#4094 = CARTESIAN_POINT ( 'NONE',  ( 0.8922005383792627200, 1.545336663013173500, -10.72083333333333100 ) ) ;
#4095 = CARTESIAN_POINT ( 'NONE',  ( -2.495693764988940900E-016, -2.037888611415601000, 4.671874999999999100 ) ) ;
#4096 = CARTESIAN_POINT ( 'NONE',  ( -1.784401076758523700, -1.433546682630897900E-014, -7.074999999999999300 ) ) ;
#4097 = CARTESIAN_POINT ( 'NONE',  ( -2.309401076758521100, -1.417473193392089100E-014, -8.125000000000000000 ) ) ;
#4099 = CARTESIAN_POINT ( 'NONE',  ( -0.8922005383792623900, -1.545336663013201700, -5.558333333333332700 ) ) ;
#4098 = CARTESIAN_POINT ( 'NONE',  ( -1.338300807568892900, -0.7726683315066085200, -2.816666666666665100 ) ) ;
#4100 = CARTESIAN_POINT ( 'NONE',  ( 1.668899202166270500, -0.7920483221215919300, 7.752338262019447900 ) ) ;
#4101 = VERTEX_POINT ( 'NONE', #3771 ) ;
#4102 = ORIENTED_EDGE ( 'NONE', *, *, #699, .T. ) ;
#4103 = VECTOR ( 'NONE', #4760, 1000.000000000000000 ) ;
#4104 = ORIENTED_EDGE ( 'NONE', *, *, #6079, .T. ) ;
#4105 = CARTESIAN_POINT ( 'NONE',  ( 0.0000000000000000000, 2.037888611415570800, -4.734374999999994700 ) ) ;
#4106 = CARTESIAN_POINT ( 'NONE',  ( -1.732050807568891400, -1.000000000000023300, 1.733333333333332700 ) ) ;
#4107 = CARTESIAN_POINT ( 'NONE',  ( -0.8922005383792623900, -1.545336663013203700, 9.229166666666669600 ) ) ;
#4108 = CARTESIAN_POINT ( 'NONE',  ( 1.338300807568893600, 0.7726683315065765400, 8.120833333333333600 ) ) ;
#4109 = CARTESIAN_POINT ( 'NONE',  ( 1.338300807568893600, 0.7726683315065786500, -9.379166666666664700 ) ) ;
#4110 = VECTOR ( 'NONE', #4644, 1000.000000000000000 ) ;
#4111 = CARTESIAN_POINT ( 'NONE',  ( -1.176575538379260700, 2.037888611415570300, 1.580208333333332800 ) ) ;
#4112 = CARTESIAN_POINT ( 'NONE',  ( 1.154700538379261700, 2.000000000000000900, -6.170833333333329000 ) ) ;
#4113 = CARTESIAN_POINT ( 'NONE',  ( 1.249999999999999600, 0.5677983604944330000, 10.00000000000000000 ) ) ;
#4114 = CARTESIAN_POINT ( 'NONE',  ( -1.250000000000000000, 0.7216878364870290600, 10.00000000000000000 ) ) ;
#4115 = CARTESIAN_POINT ( 'NONE',  ( 0.0000000000000000000, 2.000000000000000400, 3.599999999999998800 ) ) ;
#4116 = CARTESIAN_POINT ( 'NONE',  ( 1.154700538379273400, -2.000000000000008900, 2.608333333333332900 ) ) ;
#4117 = CARTESIAN_POINT ( 'NONE',  ( 1.338300807568893600, 0.7726683315065775400, -0.3666666666666644800 ) ) ;
#4118 = AXIS2_PLACEMENT_3D ( 'NONE', #2923, #1366, #6488 ) ;
#4119 = DIRECTION ( 'NONE',  ( -0.0000000000000000000, -1.224646799147353200E-016, 1.000000000000000000 ) ) ;
#4120 = CARTESIAN_POINT ( 'NONE',  ( 0.8922005383792627200, 1.545336663013173100, -8.620833333333331800 ) ) ;
#4121 = CARTESIAN_POINT ( 'NONE',  ( 0.0000000000000000000, 2.037888611415569400, 7.821874999999998600 ) ) ;
#4122 = CARTESIAN_POINT ( 'NONE',  ( -0.8922005383792623900, -1.545336663013201900, -4.858333333333330700 ) ) ;
#4123 = CARTESIAN_POINT ( 'NONE',  ( 1.154700538379261700, 2.000000000000000900, -8.970833333333329700 ) ) ;
#4124 = EDGE_CURVE ( 'NONE', #6311, #4905, #2315, .T. ) ;
#4125 = CARTESIAN_POINT ( 'NONE',  ( -1.784401076758523700, -1.476409320601055200E-014, -3.574999999999998400 ) ) ;
#4126 = DIRECTION ( 'NONE',  ( -0.0000000000000000000, -1.224646799147353200E-016, 1.000000000000000000 ) ) ;
#4127 = CARTESIAN_POINT ( 'NONE',  ( -1.176575538379261500, -2.037888611415601000, 3.257291666666672000 ) ) ;
#4128 = CARTESIAN_POINT ( 'NONE',  ( 0.0000000000000000000, -2.021310670506432500E-015, 11.10000000000000000 ) ) ;
#4129 = ORIENTED_EDGE ( 'NONE', *, *, #842, .T. ) ;
#4130 = VERTEX_POINT ( 'NONE', #4492 ) ;
#4131 = DIRECTION ( 'NONE',  ( 0.0000000000000000000, -1.000000000000000000, 0.0000000000000000000 ) ) ;
#4132 = CARTESIAN_POINT ( 'NONE',  ( 1.176575538379261800, 2.037888611415569400, -2.692708333333328600 ) ) ;
#4133 = CARTESIAN_POINT ( 'NONE',  ( 0.3527281774888695900, -1.545336663013205000, 9.310561867224263800 ) ) ;
#4134 = CARTESIAN_POINT ( 'NONE',  ( -1.892491597964152600E-016, -1.545336663013203700, 7.187500000000002700 ) ) ;
#4135 = CARTESIAN_POINT ( 'NONE',  ( 1.784401076758523700, -1.448319623341990000E-014, -9.437499999999998200 ) ) ;
#4136 = CARTESIAN_POINT ( 'NONE',  ( 1.764863307568892200, 1.018944305707775600, 2.805208333333331500 ) ) ;
#4137 = CARTESIAN_POINT ( 'NONE',  ( 0.0000000000000000000, 2.000000000000001300, -6.112499999999994500 ) ) ;
#4138 = CARTESIAN_POINT ( 'NONE',  ( 1.014985625370285100, 0.8573734489429261100, 10.00000000000000000 ) ) ;
#4139 = FACE_OUTER_BOUND ( 'NONE', #2565, .T. ) ;
#4140 = CARTESIAN_POINT ( 'NONE',  ( 1.154700538379288500, 1.999999999999953100, 6.341666666666663200 ) ) ;
#4141 = CARTESIAN_POINT ( 'NONE',  ( -1.338300807568892700, 0.7726683315065794300, -4.945833333333331100 ) ) ;
#4142 = CARTESIAN_POINT ( 'NONE',  ( -1.892491597964152600E-016, -1.545336663013203000, -1.299999999999999200 ) ) ;
#4143 = CARTESIAN_POINT ( 'NONE',  ( -2.449293598294726100E-016, -2.000000000000029800, -10.66249999999999400 ) ) ;
#4144 = CARTESIAN_POINT ( 'NONE',  ( -0.8922005383792623900, -1.545336663013201700, -8.270833333333330400 ) ) ;
#4145 = CARTESIAN_POINT ( 'NONE',  ( -2.353151076758521800, -1.588923745272718300E-014, 5.896874999999999600 ) ) ;
#4146 = VERTEX_POINT ( 'NONE', #4428 ) ;
#4147 = CARTESIAN_POINT ( 'NONE',  ( 0.8922005383792613900, -1.545336663013203000, -4.741666666666665400 ) ) ;
#4148 = VECTOR ( 'NONE', #5580, 1000.000000000000000 ) ;
#4149 = DIRECTION ( 'NONE',  ( 0.0000000000000000000, 1.224646799147353200E-016, -1.000000000000000000 ) ) ;
#4151 = CARTESIAN_POINT ( 'NONE',  ( 1.249999999999999800, 0.7216878364870287200, 10.00000000000000000 ) ) ;
#4150 = CARTESIAN_POINT ( 'NONE',  ( 1.338300807568893600, 0.7726683315065782100, -5.266666666666664800 ) ) ;
#4152 = CARTESIAN_POINT ( 'NONE',  ( 1.493545623884116900, -1.060608686973987500, 7.743401118386682200 ) ) ;
#4153 = CARTESIAN_POINT ( 'NONE',  ( -1.764863307568891300, 1.018944305707777400, 3.082291666666672200 ) ) ;
#4154 = ADVANCED_FACE ( 'NONE', ( #4353 ), #904, .F. ) ;
#4155 = ORIENTED_EDGE ( 'NONE', *, *, #5546, .F. ) ;
#4156 = DIRECTION ( 'NONE',  ( -0.0000000000000000000, -1.224646799147353200E-016, 1.000000000000000000 ) ) ;
#4157 =( BOUNDED_CURVE ( )  B_SPLINE_CURVE ( 2, ( #5045, #6070, #32, #9, #4068, #474, #2472 ),
 .UNSPECIFIED., .F., .T. ) 
 B_SPLINE_CURVE_WITH_KNOTS ( ( 3, 2, 2, 3 ),
 ( 0.7833333333333333300, 0.7888888888888888600, 0.7944444444444444000, 0.8000000000000000400 ),
 .UNSPECIFIED. ) 
 CURVE ( )  GEOMETRIC_REPRESENTATION_ITEM ( )  RATIONAL_B_SPLINE_CURVE ( ( 1.000000000000000000, 0.8660254037844388200, 1.000000000000000000, 0.8660254037844388200, 1.000000000000000000, 0.8660254037844388200, 1.000000000000000000 ) ) 
 REPRESENTATION_ITEM ( '' )  );
#4158 = CARTESIAN_POINT ( 'NONE',  ( 1.154700538379261700, 1.999999999999999600, 2.929166666666671100 ) ) ;
#4159 = CARTESIAN_POINT ( 'NONE',  ( 1.764863307568892200, 1.018944305707776300, -3.451041666666661500 ) ) ;
#4160 = CARTESIAN_POINT ( 'NONE',  ( 0.0000000000000000000, -2.000000000000004000, 11.10000000000000000 ) ) ;
#4161 = CARTESIAN_POINT ( 'NONE',  ( -0.8922005383792617200, 1.545336663013171500, 7.595833333333336800 ) ) ;
#4162 = CARTESIAN_POINT ( 'NONE',  ( -0.8922005383792623900, -1.545336663013203700, 9.229166666666669600 ) ) ;
#4163 = CARTESIAN_POINT ( 'NONE',  ( 2.353151076758521800, -1.590837894592763000E-014, 1.346874999999998900 ) ) ;
#4164 = CARTESIAN_POINT ( 'NONE',  ( 1.249999999999999800, -4.119968257958030500E-015, 10.97392074642395900 ) ) ;
#4165 = ORIENTED_EDGE ( 'NONE', *, *, #5349, .F. ) ;
#4166 = CARTESIAN_POINT ( 'NONE',  ( 0.1083108437662862100, 0.06253329480461784800, 9.450000000000013500 ) ) ;
#4167 = CARTESIAN_POINT ( 'NONE',  ( -0.8922005383792617200, 1.545336663013172900, -2.904166666666664100 ) ) ;
#4168 = CARTESIAN_POINT ( 'NONE',  ( 0.0000000000000000000, -2.021310670506432500E-015, 11.10000000000000000 ) ) ;
#4169 = CARTESIAN_POINT ( 'NONE',  ( 1.338300807568893600, 0.7726683315065773200, 1.733333333333334900 ) ) ;
#4170 = DIRECTION ( 'NONE',  ( 1.224646799147353500E-016, 1.000000000000000000, 0.0000000000000000000 ) ) ;
#4171 = EDGE_CURVE ( 'NONE', #6512, #38, #2852, .T. ) ;
#4172 = CARTESIAN_POINT ( 'NONE',  ( -0.8922005383792623900, -1.545336663013201500, -10.37083333333333000 ) ) ;
#4173 = CARTESIAN_POINT ( 'NONE',  ( -1.176575538379260700, 2.037888611415569400, 5.080208333333332300 ) ) ;
#4174 = ORIENTED_EDGE ( 'NONE', *, *, #5681, .T. ) ;
#4175 = CARTESIAN_POINT ( 'NONE',  ( -0.8922005383792617200, 1.545336663013173300, -5.791666666666665200 ) ) ;
#4177 = DIRECTION ( 'NONE',  ( 0.0000000000000000000, -1.000000000000000000, 0.0000000000000000000 ) ) ;
#4176 = CARTESIAN_POINT ( 'NONE',  ( -1.338300807568892700, 0.7726683315065786500, 1.266666666666667700 ) ) ;
#4178 = LINE ( 'NONE', #2273, #2023 ) ;
#4179 = DIRECTION ( 'NONE',  ( 0.0000000000000000000, -1.000000000000000000, 0.0000000000000000000 ) ) ;
#4180 = CARTESIAN_POINT ( 'NONE',  ( 0.0000000000000000000, 2.037888611415569900, 2.265625000000005300 ) ) ;
#4181 = CARTESIAN_POINT ( 'NONE',  ( 0.0000000000000000000, -3.918749999999996200, 9.175000000000002500 ) ) ;
#4182 = CIRCLE ( 'NONE', #1206, 0.7812500000000050000 ) ;
#4183 = CARTESIAN_POINT ( 'NONE',  ( -1.764863307568891500, -1.018944305707807800, 0.3989583333333379700 ) ) ;
#4184 = CARTESIAN_POINT ( 'NONE',  ( -1.892491597964152600E-016, -1.545336663013204200, 9.287500000000001400 ) ) ;
#4185 = CARTESIAN_POINT ( 'NONE',  ( 0.8922005383792613900, -1.545336663013202200, -8.854166666666664300 ) ) ;
#4186 = CARTESIAN_POINT ( 'NONE',  ( 2.353151076758521800, -1.582265366998731800E-014, 0.6468749999999980900 ) ) ;
#4187 = CIRCLE ( 'NONE', #2211, 2.947953918351685900 ) ;
#4188 = CARTESIAN_POINT ( 'NONE',  ( 1.154700538379260100, -2.000000000000030600, -7.104166666666661600 ) ) ;
#4189 = CARTESIAN_POINT ( 'NONE',  ( 0.1562500001368324600, 1.353164693334181700, 10.00000000000000000 ) ) ;
#4190 = CARTESIAN_POINT ( 'NONE',  ( 2.309401076758521600, -1.650845587750983500E-014, 6.312500000000004400 ) ) ;
#4191 = CARTESIAN_POINT ( 'NONE',  ( -0.8922005383792617200, 1.545336663013172900, -2.204166666666664800 ) ) ;
#4192 = DIRECTION ( 'NONE',  ( -0.0000000000000000000, -1.224646799147353200E-016, 1.000000000000000000 ) ) ;
#4193 = VECTOR ( 'NONE', #1277, 1000.000000000000000 ) ;
#4194 = CARTESIAN_POINT ( 'NONE',  ( -1.784401076758523700, -1.562134596541370100E-014, 3.425000000000001200 ) ) ;
#4195 = CARTESIAN_POINT ( 'NONE',  ( -1.784401076758523700, -1.426045720986120300E-014, -7.687499999999998200 ) ) ;
#4196 = CARTESIAN_POINT ( 'NONE',  ( -2.495693764988940900E-016, -2.037888611415601400, 7.471874999999998900 ) ) ;
#4197 = ORIENTED_EDGE ( 'NONE', *, *, #1299, .F. ) ;
#4198 = B_SPLINE_CURVE_WITH_KNOTS ( 'NONE', 3,
 ( #3137, #3697, #4082, #2681, #2639, #3109, #5629, #141 ),
 .UNSPECIFIED., .F., .F.,
 ( 4, 2, 2, 4 ),
 ( 0.001492612936750663300, 0.001862702209224115800, 0.002232791481697568100, 0.002972970026644473600 ),
 .UNSPECIFIED. ) ;
#4199 = EDGE_LOOP ( 'NONE', ( #3295, #2700, #3114, #3357 ) ) ;
#4200 = CARTESIAN_POINT ( 'NONE',  ( -1.892491597964152600E-016, -1.545336663013202600, -4.799999999999998900 ) ) ;
#4202 = CARTESIAN_POINT ( 'NONE',  ( -2.449293598294726100E-016, -2.000000000000032000, 7.537500000000005000 ) ) ;
#4201 = CARTESIAN_POINT ( 'NONE',  ( 1.338300807568892500, -0.7726683315066097400, -1.183333333333331300 ) ) ;
#4203 = LINE ( 'NONE', #5114, #5252 ) ;
#4204 = CARTESIAN_POINT ( 'NONE',  ( -2.604521261461507400E-016, -1.443375672974067700, 10.00000000000000000 ) ) ;
#4205 = AXIS2_PLACEMENT_3D ( 'NONE', #2001, #4557, #2518 ) ;
#4206 = CARTESIAN_POINT ( 'NONE',  ( 1.176575538379261800, 2.037888611415569000, 2.207291666666671800 ) ) ;
#4207 = CARTESIAN_POINT ( 'NONE',  ( 1.732050807568892100, 0.9999999999999902300, 7.070833333333338200 ) ) ;
#4208 = VERTEX_POINT ( 'NONE', #780 ) ;
#4209 = AXIS2_PLACEMENT_3D ( 'NONE', #4991, #4476, #1436 ) ;
#4210 = CARTESIAN_POINT ( 'NONE',  ( 1.154700538379248400, 2.000000000000022600, 3.541666666666665600 ) ) ;
#4211 = CARTESIAN_POINT ( 'NONE',  ( 1.764863307568892200, 1.018944305707776100, -1.351041666666661800 ) ) ;
#4212 = DIRECTION ( 'NONE',  ( 0.0000000000000000000, 0.0000000000000000000, 1.000000000000000000 ) ) ;
#4213 = CARTESIAN_POINT ( 'NONE',  ( 1.784401076758523700, -1.671205340786808100E-014, 8.762500000000002800 ) ) ;
#4214 = CARTESIAN_POINT ( 'NONE',  ( 1.338300807568892500, -0.7726683315066090700, -5.995833333333330900 ) ) ;
#4215 = CARTESIAN_POINT ( 'NONE',  ( -1.176575538379260700, 2.037888611415570300, 2.980208333333331300 ) ) ;
#4216 = CARTESIAN_POINT ( 'NONE',  ( -0.1116810264836944100, 0.05629632967718205300, 9.450000000000002800 ) ) ;
#4217 = CARTESIAN_POINT ( 'NONE',  ( 0.0000000000000000000, 2.037888611415571600, -11.07812500000000200 ) ) ;
#4218 = CARTESIAN_POINT ( 'NONE',  ( -1.338300807568892900, -0.7726683315066083000, -4.129166666666664700 ) ) ;
#4219 = CARTESIAN_POINT ( 'NONE',  ( -1.250000000000000000, 0.7216878364870291700, 11.08556624327025900 ) ) ;
#4220 = VERTEX_POINT ( 'NONE', #422 ) ;
#4221 = CARTESIAN_POINT ( 'NONE',  ( -1.892491597964152600E-016, -1.545336663013203500, 2.900000000000001700 ) ) ;
#4222 = DIRECTION ( 'NONE',  ( 1.000000000000000000, -1.224646799147353200E-016, -1.499759782661857600E-032 ) ) ;
#4223 = CARTESIAN_POINT ( 'NONE',  ( 0.0000000000000000000, 1.545336663013173300, -5.762499999999997500 ) ) ;
#4224 = ORIENTED_EDGE ( 'NONE', *, *, #5571, .T. ) ;
#4225 = CARTESIAN_POINT ( 'NONE',  ( 1.338300807568892500, -0.7726683315066085200, -10.89583333333333000 ) ) ;
#4226 = CARTESIAN_POINT ( 'NONE',  ( -1.784401076758523700, -1.484981848195086800E-014, -2.874999999999999100 ) ) ;
#4227 = CARTESIAN_POINT ( 'NONE',  ( -2.309401076758521600, -1.478552452499563300E-014, -3.137499999999995700 ) ) ;
#4228 = CARTESIAN_POINT ( 'NONE',  ( 1.784401076758523700, -1.541545860927082200E-014, -1.824999999999998400 ) ) ;
#4229 =( NAMED_UNIT ( * ) PLANE_ANGLE_UNIT ( ) SI_UNIT ( $, .RADIAN. ) );
#4230 = EDGE_LOOP ( 'NONE', ( #5879, #4174 ) ) ;
#4231 = CARTESIAN_POINT ( 'NONE',  ( -1.764863307568891300, 1.018944305707777400, 1.682291666666672300 ) ) ;
#4232 = EDGE_CURVE ( 'NONE', #2720, #3082, #5939, .T. ) ;
#4233 = TOROIDAL_SURFACE ( 'NONE', #4867, 2.403553390593273300, 0.2500000000000000000 ) ;
#4234 =( BOUNDED_CURVE ( )  B_SPLINE_CURVE ( 2, ( #3466, #5415, #951, #4497, #4910, #6479, #2384 ),
 .UNSPECIFIED., .F., .F. ) 
 B_SPLINE_CURVE_WITH_KNOTS ( ( 3, 2, 2, 3 ),
 ( 0.08333333333333334300, 0.08888888888888889200, 0.09444444444444441400, 0.09999999999999996400 ),
 .UNSPECIFIED. ) 
 CURVE ( )  GEOMETRIC_REPRESENTATION_ITEM ( )  RATIONAL_B_SPLINE_CURVE ( ( 0.9999999999999996700, 0.8660254037844391500, 1.000000000000000000, 0.8660254037844388200, 1.000000000000000000, 0.8660254037844398200, 0.9999999999999990000 ) ) 
 REPRESENTATION_ITEM ( '' )  );
#4235 = CARTESIAN_POINT ( 'NONE',  ( 2.353151076758521800, -1.557083567191264300E-014, -1.409374999999995800 ) ) ;
#4236 = CARTESIAN_POINT ( 'NONE',  ( 0.0000000000000000000, -1.323246407972652900, 8.204140839334554500 ) ) ;
#4237 = CARTESIAN_POINT ( 'NONE',  ( -2.449293598294726600E-016, -2.000000000000030200, -7.250000000000000900 ) ) ;
#4238 = CARTESIAN_POINT ( 'NONE',  ( -1.338300807568892900, -0.7726683315066079600, -6.929166666666664500 ) ) ;
#4239 = CARTESIAN_POINT ( 'NONE',  ( 1.176575538379260000, -2.037888611415601800, 4.030208333333331600 ) ) ;
#4240 = CARTESIAN_POINT ( 'NONE',  ( 0.0000000000000000000, 2.000000000000001300, -2.000000000000000400 ) ) ;
#4241 = CARTESIAN_POINT ( 'NONE',  ( -1.250000000000000200, 0.2695388083449762900, 10.00000000000000500 ) ) ;
#4242 = CARTESIAN_POINT ( 'NONE',  ( -0.2494773786586025300, -1.992009932402330600, -10.67049006759760800 ) ) ;
#4243 = CARTESIAN_POINT ( 'NONE',  ( 1.338300807568892500, -0.7726683315066093000, -3.895833333333330800 ) ) ;
#4244 = CARTESIAN_POINT ( 'NONE',  ( 2.309401076758521600, -1.479395035870354300E-014, -7.687499999999994700 ) ) ;
#4245 = CARTESIAN_POINT ( 'NONE',  ( 1.338300807568892500, -0.7726683315066104100, 4.416666666666669600 ) ) ;
#4246 = ORIENTED_EDGE ( 'NONE', *, *, #5335, .T. ) ;
#4247 = CARTESIAN_POINT ( 'NONE',  ( 2.449293598294708900E-016, 1.999999999999999600, 11.10000000000000000 ) ) ;
#4248 = CARTESIAN_POINT ( 'NONE',  ( 1.784401076758523700, -1.508327316500210200E-014, -4.537499999999997000 ) ) ;
#4249 = CARTESIAN_POINT ( 'NONE',  ( -2.495693764988940900E-016, -2.037888611415601800, 9.571874999999996800 ) ) ;
#4250 = B_SPLINE_CURVE_WITH_KNOTS ( 'NONE', 3,
 ( #1946, #4060, #3139, #3625, #6108, #3064 ),
 .UNSPECIFIED., .F., .F.,
 ( 4, 2, 4 ),
 ( 2.380763768057921400E-007, 0.0007291065797294584300, 0.001457975083082110900 ),
 .UNSPECIFIED. ) ;
#4251 = CARTESIAN_POINT ( 'NONE',  ( -0.8922005383792623900, -1.545336663013202600, -0.6583333333333319900 ) ) ;
#4252 = CARTESIAN_POINT ( 'NONE',  ( 1.732050807568890700, -1.000000000000024000, -2.233333333333334700 ) ) ;
#4253 = CARTESIAN_POINT ( 'NONE',  ( 0.8922005383792613900, -1.545336663013203300, -1.241666666666665100 ) ) ;
#4254 = CARTESIAN_POINT ( 'NONE',  ( -2.449293598294726100E-016, -2.000000000000030200, -7.862499999999994500 ) ) ;
#4255 = CARTESIAN_POINT ( 'NONE',  ( -1.176575538379260700, 2.037888611415569000, 7.923958333333338500 ) ) ;
#4256 =( BOUNDED_CURVE ( )  B_SPLINE_CURVE ( 2, ( #641, #1689, #2195, #4261, #3748, #3306, #3285 ),
 .UNSPECIFIED., .F., .T. ) 
 B_SPLINE_CURVE_WITH_KNOTS ( ( 3, 2, 2, 3 ),
 ( 0.2523899760508919700, 0.2579455316064475100, 0.2635010871620030400, 0.2690566427175585800 ),
 .UNSPECIFIED. ) 
 CURVE ( )  GEOMETRIC_REPRESENTATION_ITEM ( )  RATIONAL_B_SPLINE_CURVE ( ( 1.000000000000000000, 0.8660254037844387100, 1.000000000000000000, 0.8660254037844387100, 1.000000000000000000, 0.8660254037844387100, 1.000000000000000000 ) ) 
 REPRESENTATION_ITEM ( '' )  );
#4257 = ADVANCED_FACE ( 'NONE', ( #1895 ), #3874, .T. ) ;
#4258 = DIRECTION ( 'NONE',  ( 0.0000000000000000000, -1.000000000000000000, -1.224646799147353200E-016 ) ) ;
#4259 = ORIENTED_EDGE ( 'NONE', *, *, #6286, .T. ) ;
#4260 = EDGE_CURVE ( 'NONE', #5289, #5561, #5535, .T. ) ;
#4261 = CARTESIAN_POINT ( 'NONE',  ( 2.309401076758521600, -1.616555477374857500E-014, 3.512500000000005100 ) ) ;
#4262 = CARTESIAN_POINT ( 'NONE',  ( 2.309401076758521600, -1.667990642939046400E-014, 7.712500000000006600 ) ) ;
#4263 = CARTESIAN_POINT ( 'NONE',  ( -1.892491597964152600E-016, -1.545336663013202400, -6.812499999999997300 ) ) ;
#4264 = VECTOR ( 'NONE', #1849, 1000.000000000000000 ) ;
#4265 = CARTESIAN_POINT ( 'NONE',  ( 0.0000000000000000000, 2.000000000000001800, -4.100000000000001400 ) ) ;
#4266 = CARTESIAN_POINT ( 'NONE',  ( -0.1083108437662864100, -0.06253329480462385700, 9.450000000000001100 ) ) ;
#4267 = CARTESIAN_POINT ( 'NONE',  ( -0.4958275613545543000, -1.935840548666610800, -10.67935523013506800 ) ) ;
#4268 = CARTESIAN_POINT ( 'NONE',  ( -1.338300807568892700, 0.7726683315065789900, -1.445833333333330200 ) ) ;
#4269 = CARTESIAN_POINT ( 'NONE',  ( -2.449293598294726100E-016, -2.000000000000031100, -1.562499999999995600 ) ) ;
#4270 = CARTESIAN_POINT ( 'NONE',  ( -1.784401076758523700, -1.579279651729433000E-014, 4.825000000000002000 ) ) ;
#4271 = EDGE_CURVE ( 'NONE', #4220, #6093, #5355, .T. ) ;
#4272 = CARTESIAN_POINT ( 'NONE',  ( 0.8922005383792627200, 1.545336663013172900, -5.120833333333330900 ) ) ;
#4273 = CARTESIAN_POINT ( 'NONE',  ( -2.495693764988940900E-016, -2.037888611415601400, 8.171874999999998200 ) ) ;
#4274 = CARTESIAN_POINT ( 'NONE',  ( 1.338300807568892500, -0.7726683315066098500, 0.2166666666666688400 ) ) ;
#4276 = CARTESIAN_POINT ( 'NONE',  ( 0.0000000000000000000, -2.021310670506432500E-015, 11.10000000000000000 ) ) ;
#4275 = CARTESIAN_POINT ( 'NONE',  ( 0.8922005383792627200, 1.545336663013172200, -0.3083333333333323500 ) ) ;
#4277 = CARTESIAN_POINT ( 'NONE',  ( -1.424450376724367700, 0.5991715332878578800, 7.579764973081045900 ) ) ;
#4278 = LINE ( 'NONE', #4204, #69 ) ;
#4279 = CARTESIAN_POINT ( 'NONE',  ( -1.176575538379261500, -2.037888611415601000, 5.357291666666673900 ) ) ;
#4280 = CARTESIAN_POINT ( 'NONE',  ( 1.154700538379266800, -2.000000000000019500, -3.691666666666666400 ) ) ;
#4281 = CARTESIAN_POINT ( 'NONE',  ( -1.338300807568892700, 0.7726683315065801000, -10.63333333333333100 ) ) ;
#4282 = EDGE_LOOP ( 'NONE', ( #2066, #3350, #2875, #2653 ) ) ;
#4283 = LINE ( 'NONE', #2345, #255 ) ;
#4284 = CARTESIAN_POINT ( 'NONE',  ( 0.0000000000000000000, -9.674709713264090100E-016, 7.900000000000000400 ) ) ;
#4285 = EDGE_CURVE ( 'NONE', #6024, #1194, #4157, .T. ) ;
#4286 = CARTESIAN_POINT ( 'NONE',  ( 0.0000000000000000000, 2.000000000000001300, -0.6000000000000005300 ) ) ;
#4287 = CARTESIAN_POINT ( 'NONE',  ( 0.8922005383792627200, 1.545336663013172900, -6.520833333333331300 ) ) ;
#4288 = VERTEX_POINT ( 'NONE', #4547 ) ;
#4289 = CARTESIAN_POINT ( 'NONE',  ( -0.08382674316035231000, 0.09390477925815185500, 9.450000000000008200 ) ) ;
#4290 = ORIENTED_EDGE ( 'NONE', *, *, #922, .T. ) ;
#4291 = CARTESIAN_POINT ( 'NONE',  ( 0.0000000000000000000, -2.000000000000004000, 11.10000000000000000 ) ) ;
#4292 = CARTESIAN_POINT ( 'NONE',  ( -1.892491597964152600E-016, -1.545336663013203300, 1.587500000000002100 ) ) ;
#4293 = CARTESIAN_POINT ( 'NONE',  ( -1.250000000000000200, 0.4867558050287086900, 11.02381678809935500 ) ) ;
#4294 = CARTESIAN_POINT ( 'NONE',  ( -0.8922005383792617200, 1.545336663013171700, 6.108333333333334300 ) ) ;
#4295 = CARTESIAN_POINT ( 'NONE',  ( 0.0000000000000000000, -9.604004697349097000E-016, 7.842264973081039000 ) ) ;
#4296 = CARTESIAN_POINT ( 'NONE',  ( 1.338300807568893600, 0.7726683315065785400, -7.979166666666664300 ) ) ;
#4297 = B_SPLINE_CURVE_WITH_KNOTS ( 'NONE', 3,
 ( #2224, #3213, #4779, #143, #5776, #3184, #193, #6289 ),
 .UNSPECIFIED., .F., .F.,
 ( 4, 2, 2, 4 ),
 ( 0.0000000000000000000, 0.0006123298935554139000, 0.0009184948403331208600, 0.001224659787110827800 ),
 .UNSPECIFIED. ) ;
#4298 = CARTESIAN_POINT ( 'NONE',  ( -1.784401076758523700, -1.502126903383149600E-014, -1.474999999999998800 ) ) ;
#4300 = CARTESIAN_POINT ( 'NONE',  ( 2.449293598294708900E-016, 1.999999999999999600, 11.10000000000000000 ) ) ;
#4299 = CARTESIAN_POINT ( 'NONE',  ( 1.784401076758523700, -1.610126081679334300E-014, 3.775000000000001700 ) ) ;
#4301 = CARTESIAN_POINT ( 'NONE',  ( -5.932812024120058800E-012, -1.736065791127861000, 7.689882486540357200 ) ) ;
#4302 = AXIS2_PLACEMENT_3D ( 'NONE', #3259, #760, #1265 ) ;
#4303 = CARTESIAN_POINT ( 'NONE',  ( -2.353151076758521800, -1.598032055841376900E-014, 6.640625000000004400 ) ) ;
#4304 = CARTESIAN_POINT ( 'NONE',  ( 0.01433873229029500100, 0.1241770368591934800, 9.450000000000001100 ) ) ;
#4305 = DIRECTION ( 'NONE',  ( -0.0000000000000000000, -1.224646799147353200E-016, 1.000000000000000000 ) ) ;
#4306 = CARTESIAN_POINT ( 'NONE',  ( 1.338300807568892500, -0.7726683315066085200, -10.28333333333333100 ) ) ;
#4307 = CARTESIAN_POINT ( 'NONE',  ( -1.732050807568891000, 0.9999999999999937800, -6.695833333333327500 ) ) ;
#4308 = CARTESIAN_POINT ( 'NONE',  ( -2.309401076758521600, -1.607140366410035200E-014, 7.362500000000003400 ) ) ;
#4309 = DIRECTION ( 'NONE',  ( -0.0000000000000000000, -1.224646799147353200E-016, 1.000000000000000000 ) ) ;
#4310 = CARTESIAN_POINT ( 'NONE',  ( 1.784401076758523700, -1.499754788906178900E-014, -5.237499999999997200 ) ) ;
#4311 = EDGE_CURVE ( 'NONE', #2254, #5825, #861, .T. ) ;
#4312 = ORIENTED_EDGE ( 'NONE', *, *, #26, .T. ) ;
#4313 = CARTESIAN_POINT ( 'NONE',  ( -1.732050807568891200, -1.000000000000022900, -0.2791666666666613400 ) ) ;
#4314 = CARTESIAN_POINT ( 'NONE',  ( -0.8584274553325370600, 0.9477623505580546900, 10.00000000000000500 ) ) ;
#4315 = CARTESIAN_POINT ( 'NONE',  ( -0.8922005383792623900, -1.545336663013202800, 0.8291666666666690500 ) ) ;
#4316 = DIRECTION ( 'NONE',  ( -0.0000000000000000000, -1.224646799147353200E-016, 1.000000000000000000 ) ) ;
#4317 = CARTESIAN_POINT ( 'NONE',  ( -0.8922005383792617200, 1.545336663013172000, 4.708333333333334800 ) ) ;
#4318 = CARTESIAN_POINT ( 'NONE',  ( -1.338300807568892700, 0.7726683315065791000, -2.845833333333330600 ) ) ;
#4319 = CARTESIAN_POINT ( 'NONE',  ( 1.338300807568892500, -0.7726683315066096300, -1.883333333333332400 ) ) ;
#4321 = CARTESIAN_POINT ( 'NONE',  ( -1.154700538379261700, -2.000000000000030200, -8.620833333333330000 ) ) ;
#4320 = CARTESIAN_POINT ( 'NONE',  ( -0.8922005383792617200, 1.545336663013172000, 4.708333333333334800 ) ) ;
#4322 = CARTESIAN_POINT ( 'NONE',  ( -1.764863307568891300, 1.018944305707776700, 7.282291666666672800 ) ) ;
#4323 =( BOUNDED_CURVE ( )  B_SPLINE_CURVE ( 2, ( #3549, #2540, #3507, #2983, #1522, #484, #2480 ),
 .UNSPECIFIED., .F., .F. ) 
 B_SPLINE_CURVE_WITH_KNOTS ( ( 3, 2, 2, 3 ),
 ( 0.5166666666666668300, 0.5222222222222223700, 0.5277777777777779000, 0.5333333333333334400 ),
 .UNSPECIFIED. ) 
 CURVE ( )  GEOMETRIC_REPRESENTATION_ITEM ( )  RATIONAL_B_SPLINE_CURVE ( ( 0.9999999999999973400, 0.8660254037844414800, 1.000000000000000000, 0.8660254037844388200, 1.000000000000000000, 0.8660254037844361500, 1.000000000000002700 ) ) 
 REPRESENTATION_ITEM ( '' )  );
#4324 = DIRECTION ( 'NONE',  ( 0.0000000000000000000, -1.000000000000000000, 0.0000000000000000000 ) ) ;
#4325 = EDGE_CURVE ( 'NONE', #1791, #3188, #1815, .T. ) ;
#4326 = CARTESIAN_POINT ( 'NONE',  ( 0.8922005383792613900, -1.545336663013202200, -11.04166666666666600 ) ) ;
#4327 = ORIENTED_EDGE ( 'NONE', *, *, #2739, .F. ) ;
#4328 = CYLINDRICAL_SURFACE ( 'NONE', #5172, 2.000000000000001800 ) ;
#4329 = CARTESIAN_POINT ( 'NONE',  ( -3.164463867944192400E-016, 1.443375672974061900, 11.08556624327025900 ) ) ;
#4330 = CARTESIAN_POINT ( 'NONE',  ( 0.0000000000000000000, 6.974052236006912100E-016, -11.09999999999999800 ) ) ;
#4331 = CARTESIAN_POINT ( 'NONE',  ( -1.468375672974065800, -3.940144098659563800E-015, 11.10000000000000000 ) ) ;
#4332 = CARTESIAN_POINT ( 'NONE',  ( -0.8922005383792623900, -1.545336663013202200, -2.670833333333330700 ) ) ;
#4333 = ORIENTED_EDGE ( 'NONE', *, *, #6386, .F. ) ;
#4334 = CARTESIAN_POINT ( 'NONE',  ( -2.449293598294726600E-016, -2.000000000000032000, 2.549999999999999800 ) ) ;
#4335 = CARTESIAN_POINT ( 'NONE',  ( -2.449293598294726600E-016, -2.000000000000030600, -3.750000000000001800 ) ) ;
#4336 = CARTESIAN_POINT ( 'NONE',  ( -2.353151076758521800, -1.408900665798057300E-014, -8.803125000000001400 ) ) ;
#4337 = CARTESIAN_POINT ( 'NONE',  ( 1.338300807568893600, 0.7726683315065775400, 0.4208333333333355600 ) ) ;
#4338 = CARTESIAN_POINT ( 'NONE',  ( 0.0000000000000000000, -1.701072954788124900E-015, 9.700000000000004600 ) ) ;
#4339 = CARTESIAN_POINT ( 'NONE',  ( -1.784401076758523700, -1.604997234511527400E-014, 6.924999999999999800 ) ) ;
#4340 = CARTESIAN_POINT ( 'NONE',  ( -1.338300807568892700, 0.7726683315065792100, -3.545833333333331600 ) ) ;
#4341 = ORIENTED_EDGE ( 'NONE', *, *, #3265, .F. ) ;
#4342 = CARTESIAN_POINT ( 'NONE',  ( 1.338300807568893600, 0.7726683315065777700, -1.766666666666664600 ) ) ;
#4344 = CARTESIAN_POINT ( 'NONE',  ( -1.154700538379261700, -2.000000000000031500, 4.679166666666670700 ) ) ;
#4343 = CARTESIAN_POINT ( 'NONE',  ( -1.784401076758523700, -1.544989541353307300E-014, 2.025000000000000800 ) ) ;
#4345 = CARTESIAN_POINT ( 'NONE',  ( 2.353151076758521800, -1.651381370725610500E-014, 6.290625000000004800 ) ) ;
#4346 = ORIENTED_EDGE ( 'NONE', *, *, #2618, .T. ) ;
#4347 = CARTESIAN_POINT ( 'NONE',  ( 0.0000000000000000000, -2.021310670506432500E-015, 11.10000000000000000 ) ) ;
#4348 = CARTESIAN_POINT ( 'NONE',  ( 1.338300807568893600, 0.7726683315065787600, -10.86666666666666500 ) ) ;
#4349 = FACE_OUTER_BOUND ( 'NONE', #1617, .T. ) ;
#4350 = CARTESIAN_POINT ( 'NONE',  ( 0.0000000000000000000, 2.000000000000000400, 0.8875000000000052800 ) ) ;
#4351 = CARTESIAN_POINT ( 'NONE',  ( -1.732050807568891400, -1.000000000000022200, -7.366666666666668000 ) ) ;
#4352 = CARTESIAN_POINT ( 'NONE',  ( 0.0000000000000000000, 1.545336663013173100, -4.362499999999997200 ) ) ;
#4353 = FACE_OUTER_BOUND ( 'NONE', #5322, .T. ) ;
#4354 = CARTESIAN_POINT ( 'NONE',  ( -0.2350143746297135300, 1.307690060518164100, 10.00000000000000000 ) ) ;
#4355 = CARTESIAN_POINT ( 'NONE',  ( 1.764863307568890900, -1.018944305707807800, -8.511458333333333600 ) ) ;
#4356 = CARTESIAN_POINT ( 'NONE',  ( 0.8922005383792627200, 1.545336663013172000, 1.879166666666669500 ) ) ;
#4357 = CARTESIAN_POINT ( 'NONE',  ( 1.784401076758523700, -1.618698609273365500E-014, 4.474999999999999600 ) ) ;
#4358 = CARTESIAN_POINT ( 'NONE',  ( 0.8922005383792613900, -1.545336663013203300, -1.154166666666664300 ) ) ;
#4359 = VECTOR ( 'NONE', #6105, 1000.000000000000000 ) ;
#4360 = EDGE_CURVE ( 'NONE', #6093, #3403, #3673, .T. ) ;
#4361 = CARTESIAN_POINT ( 'NONE',  ( -1.784401076758523700, -1.544989541353307300E-014, 2.025000000000000800 ) ) ;
#4363 = CARTESIAN_POINT ( 'NONE',  ( 0.0000000000000000000, 2.000000000000002200, -10.31249999999999500 ) ) ;
#4362 = CARTESIAN_POINT ( 'NONE',  ( -0.8922005383792623900, -1.545336663013203000, 2.141666666666668400 ) ) ;
#4364 = CARTESIAN_POINT ( 'NONE',  ( -1.154700538379260800, 2.000000000000000900, -2.554166666666662300 ) ) ;
#4365 = CARTESIAN_POINT ( 'NONE',  ( -2.449293598294726100E-016, -2.000000000000030600, -3.662499999999994800 ) ) ;
#4366 = VERTEX_POINT ( 'NONE', #2993 ) ;
#4367 = ORIENTED_EDGE ( 'NONE', *, *, #1299, .T. ) ;
#4368 = CONICAL_SURFACE ( 'NONE', #3385, 2.100000000000001900, 1.047197551196600100 ) ;
#4369 = DIRECTION ( 'NONE',  ( 0.0000000000000000000, 1.000000000000000000, 0.0000000000000000000 ) ) ;
#4370 = CARTESIAN_POINT ( 'NONE',  ( 0.0000000000000000000, -2.021310670506432500E-015, 11.10000000000000000 ) ) ;
#4371 = AXIS2_PLACEMENT_3D ( 'NONE', #4742, #5263, #5284 ) ;
#4372 = CARTESIAN_POINT ( 'NONE',  ( 1.784401076758523700, -1.508327316500210200E-014, -4.537499999999997000 ) ) ;
#4373 =( BOUNDED_CURVE ( )  B_SPLINE_CURVE ( 2, ( #2805, #4280, #1756, #1802, #5370, #3303, #3793 ),
 .UNSPECIFIED., .F., .T. ) 
 B_SPLINE_CURVE_WITH_KNOTS ( ( 3, 2, 2, 3 ),
 ( 0.3500000000000000300, 0.3555555555555556200, 0.3611111111111111600, 0.3666666666666667000 ),
 .UNSPECIFIED. ) 
 CURVE ( )  GEOMETRIC_REPRESENTATION_ITEM ( )  RATIONAL_B_SPLINE_CURVE ( ( 0.9999999999999986700, 0.8660254037844401500, 1.000000000000000000, 0.8660254037844388200, 1.000000000000000000, 0.8660254037844374900, 1.000000000000001300 ) ) 
 REPRESENTATION_ITEM ( '' )  );
#4374 = CARTESIAN_POINT ( 'NONE',  ( -0.1332721955846626900, 1.366430934977762800, 10.00000000000000000 ) ) ;
#4375 = CARTESIAN_POINT ( 'NONE',  ( -1.764863307568891500, -1.018944305707806500, -9.444791666666667100 ) ) ;
#4376 = CARTESIAN_POINT ( 'NONE',  ( -0.8922005383792623900, -1.545336663013203300, 5.029166666666667700 ) ) ;
#4377 = CARTESIAN_POINT ( 'NONE',  ( 1.764863307568892200, 1.018944305707777400, -11.15104166666666100 ) ) ;
#4378 = ADVANCED_FACE ( 'NONE', ( #3142 ), #5697, .T. ) ;
#4379 = CARTESIAN_POINT ( 'NONE',  ( -1.784401076758523700, -1.494625941738372100E-014, -2.087499999999997200 ) ) ;
#4380 = CARTESIAN_POINT ( 'NONE',  ( 1.338300807568893600, 0.7726683315065775400, 0.4208333333333355600 ) ) ;
#4381 = CARTESIAN_POINT ( 'NONE',  ( 0.0000000000000000000, 1.545336663013174000, -10.66249999999999800 ) ) ;
#4382 = CARTESIAN_POINT ( 'NONE',  ( -0.8922005383792623900, -1.545336663013203000, 2.841666666666668100 ) ) ;
#4384 = DIRECTION ( 'NONE',  ( 0.0000000000000000000, 1.224646799147364800E-016, -1.000000000000000000 ) ) ;
#4383 = CARTESIAN_POINT ( 'NONE',  ( 0.0000000000000000000, 1.545336663013172200, 2.550000000000002000 ) ) ;
#4385 = VERTEX_POINT ( 'NONE', #6548 ) ;
#4386 = ORIENTED_EDGE ( 'NONE', *, *, #6508, .T. ) ;
#4387 = CARTESIAN_POINT ( 'NONE',  ( 1.764863307568892200, 1.018944305707774900, 8.448958333333338900 ) ) ;
#4388 = CARTESIAN_POINT ( 'NONE',  ( 1.249999999999998400, 0.2695388083449761800, 9.999999999999991100 ) ) ;
#4389 = CARTESIAN_POINT ( 'NONE',  ( 1.784401076758523700, -1.472965640174830800E-014, -7.424999999999998000 ) ) ;
#4390 = DIRECTION ( 'NONE',  ( 0.0000000000000000000, -1.000000000000000000, 0.0000000000000000000 ) ) ;
#4391 = ORIENTED_EDGE ( 'NONE', *, *, #4085, .T. ) ;
#4392 = CARTESIAN_POINT ( 'NONE',  ( -1.154700538379261700, -2.000000000000031500, 7.479166666666671400 ) ) ;
#4393 = CARTESIAN_POINT ( 'NONE',  ( -1.045899675263967800, -0.8395252139150737300, 11.01753280168866000 ) ) ;
#4394 = CARTESIAN_POINT ( 'NONE',  ( -1.732050807568891000, 0.9999999999999928900, 0.3041666666666719700 ) ) ;
#4395 = CARTESIAN_POINT ( 'NONE',  ( -1.338300807568892900, -0.7726683315066081900, -4.829166666666663900 ) ) ;
#4396 = FACE_OUTER_BOUND ( 'NONE', #879, .T. ) ;
#4397 = EDGE_CURVE ( 'NONE', #4366, #5073, #315, .T. ) ;
#4398 = CARTESIAN_POINT ( 'NONE',  ( -1.338300807568892700, 0.7726683315065784300, 3.454166666666669700 ) ) ;
#4399 = CARTESIAN_POINT ( 'NONE',  ( 0.0000000000000000000, -2.021310670506432500E-015, 11.10000000000000000 ) ) ;
#4400 = CARTESIAN_POINT ( 'NONE',  ( -0.8922005383792623900, -1.545336663013203700, 9.141666666666669300 ) ) ;
#4401 = FACE_OUTER_BOUND ( 'NONE', #900, .T. ) ;
#4402 = CARTESIAN_POINT ( 'NONE',  ( -1.338300807568892900, -0.7726683315066087400, -0.6291666666666649900 ) ) ;
#4403 = CARTESIAN_POINT ( 'NONE',  ( -1.784401076758523700, -1.511770996926434900E-014, -0.6874999999999971100 ) ) ;
#4404 = CARTESIAN_POINT ( 'NONE',  ( 0.8922005383792613900, -1.545336663013202200, -9.554166666666663600 ) ) ;
#4405 = CARTESIAN_POINT ( 'NONE',  ( 1.784401076758523700, -1.592981026491271100E-014, 2.375000000000002200 ) ) ;
#4407 = CARTESIAN_POINT ( 'NONE',  ( 1.115765045044867500, -1.166604439246724500, -11.05170064960854700 ) ) ;
#4406 = CARTESIAN_POINT ( 'NONE',  ( -1.338300807568892700, 0.7726683315065781000, 6.166666666666667900 ) ) ;
#4408 = ORIENTED_EDGE ( 'NONE', *, *, #2446, .F. ) ;
#4409 = ORIENTED_EDGE ( 'NONE', *, *, #2914, .F. ) ;
#4410 = CARTESIAN_POINT ( 'NONE',  ( -2.495693764988940900E-016, -2.037888611415601800, 8.915625000000003900 ) ) ;
#4411 = CARTESIAN_POINT ( 'NONE',  ( 1.243172892659816900, -0.6219519608812423800, 10.00000000000001100 ) ) ;
#4412 = AXIS2_PLACEMENT_3D ( 'NONE', #4052, #4433, #18 ) ;
#4413 = CARTESIAN_POINT ( 'NONE',  ( -1.784401076758523700, -1.416401627442835000E-014, -8.474999999999997900 ) ) ;
#4414 = ADVANCED_FACE ( 'NONE', ( #1081 ), #1489, .T. ) ;
#4415 = ADVANCED_FACE ( 'NONE', ( #5529 ), #6161, .F. ) ;
#4416 = CARTESIAN_POINT ( 'NONE',  ( -2.309401076758521600, -1.504270035281657700E-014, -1.037499999999994300 ) ) ;
#4417 = CARTESIAN_POINT ( 'NONE',  ( -1.338300807568892700, 0.7726683315065789900, -1.445833333333330200 ) ) ;
#4418 = ORIENTED_EDGE ( 'NONE', *, *, #243, .F. ) ;
#4419 = CARTESIAN_POINT ( 'NONE',  ( 0.0000000000000000000, -2.021310670506432500E-015, 11.10000000000000000 ) ) ;
#4420 = CARTESIAN_POINT ( 'NONE',  ( 0.8922005383792613900, -1.545336663013203700, 2.345833333333334500 ) ) ;
#4421 = CARTESIAN_POINT ( 'NONE',  ( 1.764863307568890900, -1.018944305707807800, -10.56770833333332900 ) ) ;
#4422 = CARTESIAN_POINT ( 'NONE',  ( 1.338300807568893600, 0.7726683315065773200, 1.820833333333335700 ) ) ;
#4423 = CARTESIAN_POINT ( 'NONE',  ( -1.784401076758523700, -1.528916052114498100E-014, 0.7125000000000031300 ) ) ;
#4424 = VECTOR ( 'NONE', #5026, 1000.000000000000000 ) ;
#4425 = AXIS2_PLACEMENT_3D ( 'NONE', #2498, #3020, #6595 ) ;
#4426 = CARTESIAN_POINT ( 'NONE',  ( 0.0000000000000000000, 2.037888611415570800, -5.478125000000001200 ) ) ;
#4427 = CARTESIAN_POINT ( 'NONE',  ( 1.338300807568892500, -0.7726683315066104100, 4.416666666666669600 ) ) ;
#4429 = CARTESIAN_POINT ( 'NONE',  ( -1.732050807568891200, -1.000000000000021800, -10.07916666666666200 ) ) ;
#4428 = CARTESIAN_POINT ( 'NONE',  ( 0.0000000000000000000, -3.928819445599981600, 9.583061232364753900 ) ) ;
#4430 = FACE_OUTER_BOUND ( 'NONE', #3935, .T. ) ;
#4431 = CARTESIAN_POINT ( 'NONE',  ( 1.176575538379260000, -2.037888611415602700, 8.273958333333338200 ) ) ;
#4432 = CARTESIAN_POINT ( 'NONE',  ( 0.1018377686598890000, -0.07252680918656684300, 9.450000000000001100 ) ) ;
#4433 = DIRECTION ( 'NONE',  ( -0.0000000000000000000, -1.224646799147353200E-016, 1.000000000000000000 ) ) ;
#4434 = CARTESIAN_POINT ( 'NONE',  ( -1.338300807568892900, -0.7726683315066077400, -9.116666666666665400 ) ) ;
#4435 = EDGE_CURVE ( 'NONE', #3188, #5005, #1821, .T. ) ;
#4436 = CARTESIAN_POINT ( 'NONE',  ( -1.338300807568892700, 0.7726683315065797600, -7.833333333333331300 ) ) ;
#4437 = PERSON_AND_ORGANIZATION ( #5960, #3542 ) ;
#4438 = CARTESIAN_POINT ( 'NONE',  ( -1.732050807568891400, -1.000000000000023500, 3.133333333333332900 ) ) ;
#4439 = CARTESIAN_POINT ( 'NONE',  ( -1.892491597964152600E-016, -1.545336663013203000, -1.212499999999998400 ) ) ;
#4440 = EDGE_LOOP ( 'NONE', ( #1686, #5760, #2780, #6249 ) ) ;
#4441 =( BOUNDED_CURVE ( )  B_SPLINE_CURVE ( 2, ( #4137, #4112, #2528, #3071, #3030, #1057, #8 ),
 .UNSPECIFIED., .F., .F. ) 
 B_SPLINE_CURVE_WITH_KNOTS ( ( 3, 2, 2, 3 ),
 ( 0.7190566427175586500, 0.7246121982731141800, 0.7301677538286697200, 0.7357233093842252500 ),
 .UNSPECIFIED. ) 
 CURVE ( )  GEOMETRIC_REPRESENTATION_ITEM ( )  RATIONAL_B_SPLINE_CURVE ( ( 1.000000000000000000, 0.8660254037844387100, 1.000000000000000000, 0.8660254037844387100, 1.000000000000000000, 0.8660254037844387100, 1.000000000000000000 ) ) 
 REPRESENTATION_ITEM ( '' )  );
#4442 = DIRECTION ( 'NONE',  ( 0.0000000000000000000, 1.000000000000000000, 1.224646799147353200E-016 ) ) ;
#4443 = EDGE_LOOP ( 'NONE', ( #1246, #4290 ) ) ;
#4444 = CIRCLE ( 'NONE', #3903, 2.100000000000001900 ) ;
#4445 = CARTESIAN_POINT ( 'NONE',  ( 0.8922005383792613900, -1.545336663013203700, 3.045833333333336100 ) ) ;
#4446 = CARTESIAN_POINT ( 'NONE',  ( 1.176575538379261800, 2.037888611415570800, -10.39270833333333000 ) ) ;
#4447 = ORIENTED_EDGE ( 'NONE', *, *, #668, .T. ) ;
#4448 = ADVANCED_FACE ( 'NONE', ( #4349 ), #6290, .F. ) ;
#4449 = CARTESIAN_POINT ( 'NONE',  ( 0.0000000000000000000, 1.545336663013172200, 1.937500000000001800 ) ) ;
#4450 = CARTESIAN_POINT ( 'NONE',  ( 1.338300807568893600, 0.7726683315065775400, -0.2791666666666636800 ) ) ;
#4451 = ADVANCED_FACE ( 'NONE', ( #3701 ), #6253, .T. ) ;
#4452 = CARTESIAN_POINT ( 'NONE',  ( -2.353151076758521800, -1.460335831362246400E-014, -4.603125000000001200 ) ) ;
#4453 = ORIENTED_EDGE ( 'NONE', *, *, #6474, .T. ) ;
#4454 = EDGE_CURVE ( 'NONE', #409, #3368, #630, .T. ) ;
#4455 = CARTESIAN_POINT ( 'NONE',  ( -1.784401076758523700, -1.579279651729433000E-014, 4.825000000000002000 ) ) ;
#4457 = CARTESIAN_POINT ( 'NONE',  ( -2.309401076758521600, -1.392827176559248300E-014, -10.13749999999999400 ) ) ;
#4456 = CARTESIAN_POINT ( 'NONE',  ( -1.784401076758523700, -1.587852179323464200E-014, 5.525000000000002100 ) ) ;
#4458 = DIRECTION ( 'NONE',  ( -1.000000000000000000, 0.0000000000000000000, -0.0000000000000000000 ) ) ;
#4459 = CARTESIAN_POINT ( 'NONE',  ( 1.116727804415336100, -0.7986325744833339100, 10.00000000000000000 ) ) ;
#4460 = CARTESIAN_POINT ( 'NONE',  ( -1.249999999999999800, -0.7216878364870356100, 10.00000000000000000 ) ) ;
#4461 = CARTESIAN_POINT ( 'NONE',  ( -1.892491597964152600E-016, -1.545336663013201900, -10.39999999999999900 ) ) ;
#4462 = CARTESIAN_POINT ( 'NONE',  ( 0.0000000000000000000, 2.000000000000002200, -10.31249999999999500 ) ) ;
#4463 =( BOUNDED_CURVE ( )  B_SPLINE_CURVE ( 2, ( #3746, #6287, #4749, #5699, #2171, #6232, #3650 ),
 .UNSPECIFIED., .F., .T. ) 
 B_SPLINE_CURVE_WITH_KNOTS ( ( 3, 2, 2, 3 ),
 ( 0.7023899760508919300, 0.7079455316064474600, 0.7135010871620031100, 0.7190566427175586500 ),
 .UNSPECIFIED. ) 
 CURVE ( )  GEOMETRIC_REPRESENTATION_ITEM ( )  RATIONAL_B_SPLINE_CURVE ( ( 1.000000000000000000, 0.8660254037844387100, 1.000000000000000000, 0.8660254037844387100, 1.000000000000000000, 0.8660254037844387100, 1.000000000000000000 ) ) 
 REPRESENTATION_ITEM ( '' )  );
#4464 =( BOUNDED_CURVE ( )  B_SPLINE_CURVE ( 2, ( #587, #4123, #5694, #2137, #2655, #1143, #4672 ),
 .UNSPECIFIED., .F., .T. ) 
 B_SPLINE_CURVE_WITH_KNOTS ( ( 3, 2, 2, 3 ),
 ( 0.8523899760508919500, 0.8579455316064474900, 0.8635010871620030200, 0.8690566427175585600 ),
 .UNSPECIFIED. ) 
 CURVE ( )  GEOMETRIC_REPRESENTATION_ITEM ( )  RATIONAL_B_SPLINE_CURVE ( ( 1.000000000000000000, 0.8660254037844387100, 1.000000000000000000, 0.8660254037844387100, 1.000000000000000000, 0.8660254037844387100, 1.000000000000000000 ) ) 
 REPRESENTATION_ITEM ( '' )  );
#4465 = DIRECTION ( 'NONE',  ( -0.0000000000000000000, -1.224646799147353200E-016, 1.000000000000000000 ) ) ;
#4466 = CARTESIAN_POINT ( 'NONE',  ( 1.338300807568892500, -0.7726683315066104100, 4.504166666666670000 ) ) ;
#4467 = CARTESIAN_POINT ( 'NONE',  ( 0.6705224285324278300, -1.392287712682891000, 9.249616993227439500 ) ) ;
#4468 = CARTESIAN_POINT ( 'NONE',  ( -0.8922005383792623900, -1.545336663013202600, 0.1291666666666697900 ) ) ;
#4469 = CARTESIAN_POINT ( 'NONE',  ( 1.338300807568893600, 0.7726683315065773200, 1.820833333333335700 ) ) ;
#4470 = ORIENTED_EDGE ( 'NONE', *, *, #3921, .F. ) ;
#4471 = ORIENTED_EDGE ( 'NONE', *, *, #3496, .T. ) ;
#4472 = CARTESIAN_POINT ( 'NONE',  ( 0.0000000000000000000, 2.037888611415571200, -6.178125000000001400 ) ) ;
#4473 = CARTESIAN_POINT ( 'NONE',  ( -1.338300807568892900, -0.7726683315066097400, 6.983333333333334300 ) ) ;
#4475 = CARTESIAN_POINT ( 'NONE',  ( 0.0000000000000000000, 2.000000000000001800, -2.700000000000002000 ) ) ;
#4474 = DIRECTION ( 'NONE',  ( -0.0000000000000000000, -1.224646799147353200E-016, 1.000000000000000000 ) ) ;
#4476 = DIRECTION ( 'NONE',  ( -0.0000000000000000000, -1.224646799147353200E-016, 1.000000000000000000 ) ) ;
#4477 = CARTESIAN_POINT ( 'NONE',  ( 0.01189117488104635300, -0.1244574993174715300, 9.450000000000001100 ) ) ;
#4478 = CARTESIAN_POINT ( 'NONE',  ( 0.0000000000000000000, -2.100000000000004100, 11.10000000000000000 ) ) ;
#4479 = CYLINDRICAL_SURFACE ( 'NONE', #5920, 2.000000000000001800 ) ;
#4480 = ADVANCED_FACE ( 'NONE', ( #6073 ), #6262, .T. ) ;
#4481 = CARTESIAN_POINT ( 'NONE',  ( -0.8922005383792617200, 1.545336663013173700, -9.991666666666665400 ) ) ;
#4482 = ORIENTED_EDGE ( 'NONE', *, *, #3570, .T. ) ;
#4483 = EDGE_CURVE ( 'NONE', #4101, #6182, #6030, .T. ) ;
#4484 = CARTESIAN_POINT ( 'NONE',  ( 1.732050807568890500, -1.000000000000024400, 2.054166666666672000 ) ) ;
#4485 = CARTESIAN_POINT ( 'NONE',  ( 1.249999999999999300, 0.4867558050287075200, 11.02381678809935500 ) ) ;
#4486 = CARTESIAN_POINT ( 'NONE',  ( -2.353151076758521800, -1.443726559148810500E-014, -5.959374999999995200 ) ) ;
#4487 = ORIENTED_EDGE ( 'NONE', *, *, #3410, .T. ) ;
#4488 = CARTESIAN_POINT ( 'NONE',  ( 0.8922005383792627200, 1.545336663013172000, 1.879166666666669500 ) ) ;
#4489 = CARTESIAN_POINT ( 'NONE',  ( -1.338300807568892700, 0.7726683315065782100, 5.554166666666668900 ) ) ;
#4490 = CARTESIAN_POINT ( 'NONE',  ( -1.764863307568891300, 1.018944305707778700, -6.761458333333334500 ) ) ;
#4491 = CARTESIAN_POINT ( 'NONE',  ( 1.784401076758523700, -1.635843664461428700E-014, 5.875000000000001800 ) ) ;
#4492 = CARTESIAN_POINT ( 'NONE',  ( -1.250000000000000200, 0.5412658773753876700, 10.00000000000000000 ) ) ;
#4493 = DIRECTION ( 'NONE',  ( 0.0000000000000000000, -1.000000000000000000, -1.224646799147353200E-016 ) ) ;
#4494 = CARTESIAN_POINT ( 'NONE',  ( -0.1018377686598890700, 0.07252680918656077800, 9.450000000000001100 ) ) ;
#4495 = ORIENTED_EDGE ( 'NONE', *, *, #4360, .T. ) ;
#4496 = CARTESIAN_POINT ( 'NONE',  ( -1.338300807568892900, -0.7726683315066077400, -8.416666666666666100 ) ) ;
#4497 = CARTESIAN_POINT ( 'NONE',  ( 2.309401076758521100, -1.461178414733036800E-014, -9.175000000000000700 ) ) ;
#4498 = CARTESIAN_POINT ( 'NONE',  ( -1.338300807568892700, 0.7726683315065781000, 6.254166666666668200 ) ) ;
#4499 = CARTESIAN_POINT ( 'NONE',  ( 1.176575538379260000, -2.037888611415601000, -5.726041666666661800 ) ) ;
#4500 = CARTESIAN_POINT ( 'NONE',  ( -1.338300807568892700, 0.7726683315065786500, 1.354166666666668500 ) ) ;
#4501 = CARTESIAN_POINT ( 'NONE',  ( -1.784401076758523700, -1.580351217678687000E-014, 4.912500000000004100 ) ) ;
#4502 = DIRECTION ( 'NONE',  ( -0.0000000000000000000, -1.224646799147353200E-016, 1.000000000000000000 ) ) ;
#4503 = VECTOR ( 'NONE', #5578, 1000.000000000000000 ) ;
#4504 = CARTESIAN_POINT ( 'NONE',  ( -1.176575538379261500, -2.037888611415600100, -4.486458333333334100 ) ) ;
#4505 = CARTESIAN_POINT ( 'NONE',  ( -1.338300807568892900, -0.7726683315066094100, 4.883333333333332900 ) ) ;
#4506 = CARTESIAN_POINT ( 'NONE',  ( 2.309401076758521100, -1.504041052703194700E-014, -5.675000000000001600 ) ) ;
#4507 =( BOUNDED_CURVE ( )  B_SPLINE_CURVE ( 2, ( #5662, #6196, #3097, #4687, #3168, #54, #1059 ),
 .UNSPECIFIED., .F., .T. ) 
 B_SPLINE_CURVE_WITH_KNOTS ( ( 3, 2, 2, 3 ),
 ( 0.05000000000000005100, 0.05555555555555558700, 0.06111111111111113700, 0.06666666666666668000 ),
 .UNSPECIFIED. ) 
 CURVE ( )  GEOMETRIC_REPRESENTATION_ITEM ( )  RATIONAL_B_SPLINE_CURVE ( ( 0.9999999999999987800, 0.8660254037844400400, 1.000000000000000000, 0.8660254037844388200, 1.000000000000000000, 0.8660254037844384900, 1.000000000000000200 ) ) 
 REPRESENTATION_ITEM ( '' )  );
#4508 = CARTESIAN_POINT ( 'NONE',  ( 0.8922005383792613900, -1.545336663013202800, -6.054166666666664500 ) ) ;
#4509 = CARTESIAN_POINT ( 'NONE',  ( -1.732050807568891200, -1.000000000000023300, 2.520833333333338800 ) ) ;
#4510 = VERTEX_POINT ( 'NONE', #1250 ) ;
#4511 = AXIS2_PLACEMENT_3D ( 'NONE', #5919, #866, #2909 ) ;
#4512 = CARTESIAN_POINT ( 'NONE',  ( -0.09533598569769002900, 0.08128569018791649600, 9.450000000000001100 ) ) ;
#4513 = CYLINDRICAL_SURFACE ( 'NONE', #3087, 2.000000000000001800 ) ;
#4514 = EDGE_CURVE ( 'NONE', #1798, #5005, #4178, .T. ) ;
#4515 = CARTESIAN_POINT ( 'NONE',  ( 1.784401076758523700, -1.464393112580799200E-014, -8.124999999999998200 ) ) ;
#4516 = CARTESIAN_POINT ( 'NONE',  ( 1.732050807568892100, 0.9999999999999911200, 1.470833333333338500 ) ) ;
#4517 =( BOUNDED_CURVE ( )  B_SPLINE_CURVE ( 2, ( #2202, #1184, #3241, #6239, #3732, #3189, #5254 ),
 .UNSPECIFIED., .F., .F. ) 
 B_SPLINE_CURVE_WITH_KNOTS ( ( 3, 2, 2, 3 ),
 ( 0.6857233093842252100, 0.6912788649397807500, 0.6968344204953363900, 0.7023899760508919300 ),
 .UNSPECIFIED. ) 
 CURVE ( )  GEOMETRIC_REPRESENTATION_ITEM ( )  RATIONAL_B_SPLINE_CURVE ( ( 1.000000000000000000, 0.8660254037844387100, 1.000000000000000000, 0.8660254037844387100, 1.000000000000000000, 0.8660254037844387100, 1.000000000000000000 ) ) 
 REPRESENTATION_ITEM ( '' )  );
#4518 = EDGE_LOOP ( 'NONE', ( #1547, #4346, #5395, #3902 ) ) ;
#4519 = CYLINDRICAL_SURFACE ( 'NONE', #2488, 2.000000000000001800 ) ;
#4520 = CARTESIAN_POINT ( 'NONE',  ( 0.0000000000000000000, -2.000000000000004000, 11.10000000000000000 ) ) ;
#4521 = CARTESIAN_POINT ( 'NONE',  ( 1.176575538379261800, 2.037888611415570300, -7.592708333333329000 ) ) ;
#4522 = CARTESIAN_POINT ( 'NONE',  ( 1.784401076758523700, -1.628342702816651100E-014, 5.262500000000003700 ) ) ;
#4523 = CARTESIAN_POINT ( 'NONE',  ( -1.338300807568892900, -0.7726683315066093000, 3.570833333333335500 ) ) ;
#4524 = CARTESIAN_POINT ( 'NONE',  ( 0.0000000000000000000, -2.021310670506432500E-015, 11.10000000000000000 ) ) ;
#4525 = CARTESIAN_POINT ( 'NONE',  ( -1.176575538379261500, -2.037888611415600100, -3.786458333333334400 ) ) ;
#4526 = CARTESIAN_POINT ( 'NONE',  ( 1.784401076758523700, -1.661561247243523200E-014, 7.975000000000002300 ) ) ;
#4527 = DIRECTION ( 'NONE',  ( 0.0000000000000000000, -1.000000000000000000, 0.0000000000000000000 ) ) ;
#4528 = CARTESIAN_POINT ( 'NONE',  ( 0.0000000000000000000, 1.545336663013173300, -5.762499999999997500 ) ) ;
#4529 = CARTESIAN_POINT ( 'NONE',  ( 1.249999999999999600, -0.7216878364870351600, 11.08556624327025700 ) ) ;
#4530 = CARTESIAN_POINT ( 'NONE',  ( -0.02272747981804468200, 0.1232062306029862200, 9.450000000000001100 ) ) ;
#4531 = CARTESIAN_POINT ( 'NONE',  ( 1.784401076758523700, -1.464393112580799200E-014, -8.124999999999998200 ) ) ;
#4532 = ADVANCED_FACE ( 'NONE', ( #2447 ), #3232, .T. ) ;
#4534 = CARTESIAN_POINT ( 'NONE',  ( 1.338300807568893600, 0.7726683315065779900, -3.866666666666664900 ) ) ;
#4533 = CARTESIAN_POINT ( 'NONE',  ( -1.338300807568892700, 0.7726683315065798800, -8.533333333333331400 ) ) ;
#4535 = ORIENTED_EDGE ( 'NONE', *, *, #5620, .T. ) ;
#4536 = CARTESIAN_POINT ( 'NONE',  ( 2.309401076758521600, -1.590837894592763400E-014, 1.412500000000004500 ) ) ;
#4537 = AXIS2_PLACEMENT_3D ( 'NONE', #569, #6151, #91 ) ;
#4538 = ORIENTED_EDGE ( 'NONE', *, *, #4959, .F. ) ;
#4539 = CARTESIAN_POINT ( 'NONE',  ( -0.8922005383792617200, 1.545336663013171700, 6.895833333333336600 ) ) ;
#4540 = CARTESIAN_POINT ( 'NONE',  ( 0.0000000000000000000, 2.037888611415571200, -8.234374999999994700 ) ) ;
#4541 = CIRCLE ( 'NONE', #6363, 4.149783978102255400 ) ;
#4542 = CARTESIAN_POINT ( 'NONE',  ( -1.338300807568892900, -0.7726683315066095200, 5.670833333333336900 ) ) ;
#4543 = CARTESIAN_POINT ( 'NONE',  ( 0.8922005383792613900, -1.545336663013203900, 3.745833333333335800 ) ) ;
#4544 = AXIS2_PLACEMENT_3D ( 'NONE', #4904, #906, #4950 ) ;
#4545 = CARTESIAN_POINT ( 'NONE',  ( 1.176575538379260000, -2.037888611415601000, -2.269791666666668700 ) ) ;
#4546 = CARTESIAN_POINT ( 'NONE',  ( 1.338300807568892500, -0.7726683315066108500, 7.916666666666668700 ) ) ;
#4547 = CARTESIAN_POINT ( 'NONE',  ( 1.093749999999612100, 0.8118988160481319700, 10.00000000000000000 ) ) ;
#4548 = CYLINDRICAL_SURFACE ( 'NONE', #1438, 2.000000000000001800 ) ;
#4549 = DIRECTION ( 'NONE',  ( -0.8660254037844388200, -0.4999999999999995600, 0.0000000000000000000 ) ) ;
#4550 = CARTESIAN_POINT ( 'NONE',  ( 1.338300807568892500, -0.7726683315066087400, -8.795833333333330700 ) ) ;
#4551 = CARTESIAN_POINT ( 'NONE',  ( 0.8922005383792613900, -1.545336663013203300, -2.641666666666665300 ) ) ;
#4552 = ORIENTED_EDGE ( 'NONE', *, *, #5038, .T. ) ;
#4553 = ORIENTED_EDGE ( 'NONE', *, *, #4737, .F. ) ;
#4554 = CARTESIAN_POINT ( 'NONE',  ( 0.0000000000000000000, 1.545336663013173500, -7.249999999999998200 ) ) ;
#4556 = CARTESIAN_POINT ( 'NONE',  ( -1.338300807568892700, 0.7726683315065795400, -5.733333333333331600 ) ) ;
#4555 = CARTESIAN_POINT ( 'NONE',  ( -1.892491597964152600E-016, -1.545336663013202200, -7.599999999999997900 ) ) ;
#4557 = DIRECTION ( 'NONE',  ( 0.0000000000000000000, 0.0000000000000000000, 1.000000000000000000 ) ) ;
#4558 = CARTESIAN_POINT ( 'NONE',  ( 2.309401076758521100, -1.658346549395760800E-014, 6.924999999999998000 ) ) ;
#4559 = CARTESIAN_POINT ( 'NONE',  ( 1.764863307568890900, -1.018944305707808300, -6.367708333333328400 ) ) ;
#4560 = EDGE_CURVE ( 'NONE', #5039, #3881, #2294, .T. ) ;
#4561 = CARTESIAN_POINT ( 'NONE',  ( 1.338300807568892500, -0.7726683315066105200, 5.204166666666669300 ) ) ;
#4562 = CARTESIAN_POINT ( 'NONE',  ( 0.0000000000000000000, 1.545336663013171700, 6.137500000000000200 ) ) ;
#4563 = ADVANCED_FACE ( 'NONE', ( #2847 ), #2678, .T. ) ;
#4564 = VERTEX_POINT ( 'NONE', #1204 ) ;
#4565 = CARTESIAN_POINT ( 'NONE',  ( 0.0000000000000000000, 2.037888611415570800, -3.378125000000000700 ) ) ;
#4566 = CARTESIAN_POINT ( 'NONE',  ( -0.8922005383792617200, 1.545336663013173500, -8.504166666666662900 ) ) ;
#4567 = CARTESIAN_POINT ( 'NONE',  ( -0.8922005383792623900, -1.545336663013202600, -1.358333333333331200 ) ) ;
#4568 = CARTESIAN_POINT ( 'NONE',  ( -0.1018377686598890800, -0.07252680918656676000, 9.450000000000001100 ) ) ;
#4569 = CARTESIAN_POINT ( 'NONE',  ( 0.8922005383792613900, -1.545336663013202200, -8.941666666666666400 ) ) ;
#4570 = CARTESIAN_POINT ( 'NONE',  ( 1.249999999999999600, -0.5412658773753947800, 10.00000000000000000 ) ) ;
#4572 = CARTESIAN_POINT ( 'NONE',  ( 0.0000000000000000000, 1.545336663013173100, -5.149999999999998600 ) ) ;
#4571 = CARTESIAN_POINT ( 'NONE',  ( -1.338300807568892900, -0.7726683315066084100, -3.516666666666664400 ) ) ;
#4573 = CYLINDRICAL_SURFACE ( 'NONE', #4065, 2.000000000000001800 ) ;
#4574 = CARTESIAN_POINT ( 'NONE',  ( 0.0000000000000000000, 0.0000000000000000000, 10.00000000000000000 ) ) ;
#4575 = AXIS2_PLACEMENT_3D ( 'NONE', #1152, #4212, #2683 ) ;
#4576 = CARTESIAN_POINT ( 'NONE',  ( -2.353151076758521800, -1.460871614336873400E-014, -4.559374999999994800 ) ) ;
#4577 = CARTESIAN_POINT ( 'NONE',  ( -1.250000000000000000, 0.7216878364870290600, 10.00000000000000000 ) ) ;
#4578 = CARTESIAN_POINT ( 'NONE',  ( 1.784401076758523700, -1.611197647628588000E-014, 3.862500000000003400 ) ) ;
#4579 = DIRECTION ( 'NONE',  ( 0.0000000000000000000, -1.000000000000000000, 0.0000000000000000000 ) ) ;
#4580 = CARTESIAN_POINT ( 'NONE',  ( -1.732050807568891200, 0.9999999999999924500, 5.116666666666667100 ) ) ;
#4581 = ORIENTED_EDGE ( 'NONE', *, *, #3104, .F. ) ;
#4582 = EDGE_CURVE ( 'NONE', #1824, #4130, #1888, .T. ) ;
#4583 = ORIENTED_EDGE ( 'NONE', *, *, #449, .F. ) ;
#4584 = CARTESIAN_POINT ( 'NONE',  ( -1.764863307568891300, 1.018944305707778300, -3.961458333333334200 ) ) ;
#4585 = ORIENTED_EDGE ( 'NONE', *, *, #3016, .T. ) ;
#4586 = FACE_OUTER_BOUND ( 'NONE', #6575, .T. ) ;
#4587 = CARTESIAN_POINT ( 'NONE',  ( -1.732050807568891200, -1.000000000000023300, 1.820833333333338200 ) ) ;
#4588 = DIRECTION ( 'NONE',  ( -0.0000000000000000000, -1.224646799147353200E-016, 1.000000000000000000 ) ) ;
#4589 = ORIENTED_EDGE ( 'NONE', *, *, #3487, .T. ) ;
#4590 = CARTESIAN_POINT ( 'NONE',  ( -1.732050807568891400, -1.000000000000022900, -1.066666666666667800 ) ) ;
#4591 = CARTESIAN_POINT ( 'NONE',  ( 0.8922005383792613900, -1.545336663013202600, -8.854166666666664300 ) ) ;
#4592 = VECTOR ( 'NONE', #2206, 1000.000000000000000 ) ;
#4593 = CARTESIAN_POINT ( 'NONE',  ( -0.8922005383792623900, -1.545336663013202200, -2.758333333333331500 ) ) ;
#4594 = CARTESIAN_POINT ( 'NONE',  ( 0.0000000000000000000, 2.000000000000001800, -9.000000000000003600 ) ) ;
#4595 = CARTESIAN_POINT ( 'NONE',  ( -1.784401076758523700, -1.400328138204026100E-014, -9.787499999999996100 ) ) ;
#4596 = CARTESIAN_POINT ( 'NONE',  ( 0.0000000000000000000, 1.545336663013173700, -9.349999999999999600 ) ) ;
#4597 = CARTESIAN_POINT ( 'NONE',  ( -2.449293598294726100E-016, -2.000000000000032000, 6.137500000000006400 ) ) ;
#4598 = EDGE_CURVE ( 'NONE', #1638, #2716, #6353, .T. ) ;
#4600 = CARTESIAN_POINT ( 'NONE',  ( -0.8922005383792617200, 1.545336663013173100, -5.091666666666665000 ) ) ;
#4599 = CARTESIAN_POINT ( 'NONE',  ( -1.892491597964152600E-016, -1.545336663013202400, -5.499999999999999100 ) ) ;
#4601 = CARTESIAN_POINT ( 'NONE',  ( -2.449293598294726100E-016, -2.000000000000030600, -3.662499999999994800 ) ) ;
#4602 = CARTESIAN_POINT ( 'NONE',  ( -2.449293598294726600E-016, -2.000000000000032400, 7.450000000000000200 ) ) ;
#4603 = CARTESIAN_POINT ( 'NONE',  ( 0.0000000000000000000, -1.751888374694015100E-015, 8.900000000000002100 ) ) ;
#4604 = CARTESIAN_POINT ( 'NONE',  ( -2.495693764988940900E-016, -2.037888611415600500, -2.984374999999995600 ) ) ;
#4605 = DIRECTION ( 'NONE',  ( 1.502314598737159000E-016, -1.000000000000000000, 0.0000000000000000000 ) ) ;
#4606 = CARTESIAN_POINT ( 'NONE',  ( 1.338300807568892500, -0.7726683315066104100, 4.504166666666670000 ) ) ;
#4607 = CARTESIAN_POINT ( 'NONE',  ( -0.8922005383792617200, 1.545336663013171500, 7.595833333333336800 ) ) ;
#4608 = EDGE_LOOP ( 'NONE', ( #6231, #1276, #3021, #3308, #726 ) ) ;
#4609 = CARTESIAN_POINT ( 'NONE',  ( 1.764863307568892200, 1.018944305707776300, -2.794791666666667700 ) ) ;
#4610 = EDGE_CURVE ( 'NONE', #2254, #4288, #4908, .T. ) ;
#4611 = CARTESIAN_POINT ( 'NONE',  ( 0.1018377686598890000, -0.07252680918656684300, 9.450000000000001100 ) ) ;
#4612 = DIRECTION ( 'NONE',  ( -0.0000000000000000000, -1.224646799147353200E-016, 1.000000000000000000 ) ) ;
#4613 = CARTESIAN_POINT ( 'NONE',  ( -1.732050807568891000, 0.9999999999999935600, -4.595833333333328800 ) ) ;
#4614 = CARTESIAN_POINT ( 'NONE',  ( 0.8922005383792613900, -1.545336663013203300, -0.5416666666666659600 ) ) ;
#4615 = CARTESIAN_POINT ( 'NONE',  ( -1.892491597964152600E-016, -1.545336663013201700, -11.01249999999999800 ) ) ;
#4616 = EDGE_LOOP ( 'NONE', ( #3696, #492, #1011, #948 ) ) ;
#4617 = CARTESIAN_POINT ( 'NONE',  ( 1.764863307568890900, -1.018944305707809400, 4.788541666666666300 ) ) ;
#4618 = CARTESIAN_POINT ( 'NONE',  ( -1.338300807568892700, 0.7726683315065798800, -9.233333333333330700 ) ) ;
#4619 = DIRECTION ( 'NONE',  ( -0.0000000000000000000, -1.224646799147352700E-016, 1.000000000000000000 ) ) ;
#4621 = CARTESIAN_POINT ( 'NONE',  ( 1.338300807568893600, 0.7726683315065783200, -5.966666666666665000 ) ) ;
#4620 = CARTESIAN_POINT ( 'NONE',  ( -1.338300807568892700, 0.7726683315065791000, -2.233333333333332100 ) ) ;
#4622 = CARTESIAN_POINT ( 'NONE',  ( 2.309401076758521600, -1.530830201434542600E-014, -3.487499999999994900 ) ) ;
#4623 = CYLINDRICAL_SURFACE ( 'NONE', #2946, 2.000000000000001800 ) ;
#4624 = CARTESIAN_POINT ( 'NONE',  ( 0.0000000000000000000, 2.000000000000000900, -2.612499999999994000 ) ) ;
#4625 = CARTESIAN_POINT ( 'NONE',  ( -1.764863307568891500, -1.018944305707807100, -4.501041666666662200 ) ) ;
#4626 = CARTESIAN_POINT ( 'NONE',  ( 1.195615427793123700, -1.566132521548079900, -10.69593452296276400 ) ) ;
#4627 = CARTESIAN_POINT ( 'NONE',  ( 0.8922005383792613900, -1.545336663013204600, 8.645833333333335700 ) ) ;
#4628 = CARTESIAN_POINT ( 'NONE',  ( -1.892491597964152600E-016, -1.545336663013203900, 7.887500000000002000 ) ) ;
#4629 = ORIENTED_EDGE ( 'NONE', *, *, #6045, .F. ) ;
#4630 = VECTOR ( 'NONE', #3, 1000.000000000000000 ) ;
#4631 = CARTESIAN_POINT ( 'NONE',  ( -1.338300807568892900, -0.7726683315066075200, -10.42916666666666500 ) ) ;
#4632 = AXIS2_PLACEMENT_3D ( 'NONE', #2340, #4458, #1820 ) ;
#4633 = CARTESIAN_POINT ( 'NONE',  ( 1.176575538379260000, -2.037888611415601800, 1.930208333333332200 ) ) ;
#4634 = CARTESIAN_POINT ( 'NONE',  ( -2.309401076758521600, -1.589995311221972600E-014, 5.962500000000003900 ) ) ;
#4635 = CARTESIAN_POINT ( 'NONE',  ( 1.249999999999998400, 0.2695388083449761800, 9.999999999999991100 ) ) ;
#4636 = DIRECTION ( 'NONE',  ( -0.0000000000000000000, -0.0000000000000000000, 1.000000000000000000 ) ) ;
#4637 = CARTESIAN_POINT ( 'NONE',  ( -1.250000000000000000, 0.7216878364870290600, 10.00000000000000000 ) ) ;
#4638 = ORIENTED_EDGE ( 'NONE', *, *, #1859, .T. ) ;
#4639 = CARTESIAN_POINT ( 'NONE',  ( -0.1562500000139287200, -1.353164693405146400, 10.00000000000000000 ) ) ;
#4640 = CARTESIAN_POINT ( 'NONE',  ( -0.8922005383792617200, 1.545336663013172900, -2.991666666666664900 ) ) ;
#4641 = EDGE_CURVE ( 'NONE', #1941, #4385, #1324, .T. ) ;
#4642 = CARTESIAN_POINT ( 'NONE',  ( -2.353151076758521800, -1.571778690084655100E-014, 4.496874999999999300 ) ) ;
#4643 = CARTESIAN_POINT ( 'NONE',  ( 0.8922005383792613900, -1.545336663013202800, -5.441666666666665500 ) ) ;
#4644 = DIRECTION ( 'NONE',  ( -0.0000000000000000000, -1.224646799147353200E-016, 1.000000000000000000 ) ) ;
#4646 = CARTESIAN_POINT ( 'NONE',  ( -1.338300807568892900, -0.7726683315066084100, -3.516666666666664400 ) ) ;
#4645 = CARTESIAN_POINT ( 'NONE',  ( -1.338300807568892700, 0.7726683315065795400, -5.733333333333331600 ) ) ;
#4647 = CARTESIAN_POINT ( 'NONE',  ( 0.0000000000000000000, 2.000000000000000900, -1.212499999999994100 ) ) ;
#4648 = CARTESIAN_POINT ( 'NONE',  ( -2.353151076758521800, -1.555169417871219600E-014, 3.140625000000004400 ) ) ;
#4649 = EDGE_LOOP ( 'NONE', ( #3123, #1517, #1032, #90 ) ) ;
#4650 =( BOUNDED_CURVE ( )  B_SPLINE_CURVE ( 2, ( #5701, #4703, #1663, #5725, #164, #2220, #4778 ),
 .UNSPECIFIED., .F., .T. ) 
 B_SPLINE_CURVE_WITH_KNOTS ( ( 3, 2, 2, 3 ),
 ( 0.7333333333333333900, 0.7388888888888890400, 0.7444444444444444600, 0.7500000000000000000 ),
 .UNSPECIFIED. ) 
 CURVE ( )  GEOMETRIC_REPRESENTATION_ITEM ( )  RATIONAL_B_SPLINE_CURVE ( ( 0.9999999999999973400, 0.8660254037844414800, 1.000000000000000000, 0.8660254037844388200, 1.000000000000000000, 0.8660254037844388200, 1.000000000000000000 ) ) 
 REPRESENTATION_ITEM ( '' )  );
#4651 = PLANE ( 'NONE',  #238 ) ;
#4652 = CARTESIAN_POINT ( 'NONE',  ( -1.764863307568891500, -1.018944305707807100, -3.801041666666661100 ) ) ;
#4653 = CARTESIAN_POINT ( 'NONE',  ( 2.943503966369820500E-016, 2.403553390593272000, 8.900000000000002100 ) ) ;
#4654 = EDGE_CURVE ( 'NONE', #2936, #1941, #154, .T. ) ;
#4655 = CARTESIAN_POINT ( 'NONE',  ( 1.784401076758523700, -1.430103002204673200E-014, -10.92499999999999700 ) ) ;
#4656 = CARTESIAN_POINT ( 'NONE',  ( -1.784401076758523700, -1.606068800460781100E-014, 7.012500000000001100 ) ) ;
#4657 = ORIENTED_EDGE ( 'NONE', *, *, #1454, .F. ) ;
#4658 = CARTESIAN_POINT ( 'NONE',  ( 1.784401076758523700, -1.439747095747958800E-014, -10.13749999999999900 ) ) ;
#4659 = CYLINDRICAL_SURFACE ( 'NONE', #2083, 2.000000000000001800 ) ;
#4660 = CARTESIAN_POINT ( 'NONE',  ( 1.764863307568890900, -1.018944305707808900, -0.1114583333333349400 ) ) ;
#4661 = CARTESIAN_POINT ( 'NONE',  ( -1.154700538379261700, -2.000000000000031100, 1.879166666666672200 ) ) ;
#4662 = CARTESIAN_POINT ( 'NONE',  ( 0.8584274553325373900, 0.9477623505580540200, 10.00000000000000400 ) ) ;
#4663 = CARTESIAN_POINT ( 'NONE',  ( 1.732050807568890500, -1.000000000000024900, 6.254166666666670900 ) ) ;
#4664 = CARTESIAN_POINT ( 'NONE',  ( 1.338300807568893600, 0.7726683315065781000, -4.479166666666664300 ) ) ;
#4665 = CARTESIAN_POINT ( 'NONE',  ( 1.784401076758523700, -1.601553554085303000E-014, 3.075000000000001100 ) ) ;
#4666 = CARTESIAN_POINT ( 'NONE',  ( 0.8922005383792613900, -1.545336663013202200, -9.554166666666663600 ) ) ;
#4667 = CALENDAR_DATE ( 2025, 18, 8 ) ;
#4668 = CARTESIAN_POINT ( 'NONE',  ( -2.495693764988940900E-016, -2.037888611415601400, 6.071874999999997700 ) ) ;
#4669 = AXIS2_PLACEMENT_3D ( 'NONE', #5836, #280, #778 ) ;
#4670 = B_SPLINE_CURVE_WITH_KNOTS ( 'NONE', 3,
 ( #1551, #4046, #499, #2033 ),
 .UNSPECIFIED., .F., .F.,
 ( 4, 4 ),
 ( 0.0000000000000000000, 0.0001483318494525826600 ),
 .UNSPECIFIED. ) ;
#4671 = CARTESIAN_POINT ( 'NONE',  ( 1.784401076758523700, -1.507255750550956500E-014, -4.624999999999998200 ) ) ;
#4672 = CARTESIAN_POINT ( 'NONE',  ( -2.449293598294726100E-016, -2.000000000000030200, -9.262499999999994000 ) ) ;
#4673 = CARTESIAN_POINT ( 'NONE',  ( 0.8922005383792613900, -1.545336663013203000, -4.741666666666664500 ) ) ;
#4674 = CARTESIAN_POINT ( 'NONE',  ( 1.557665771250641900, -0.9739085730597224500, 7.746413712937415300 ) ) ;
#4675 = ORIENTED_EDGE ( 'NONE', *, *, #2418, .T. ) ;
#4676 = LINE ( 'NONE', #5501, #1825 ) ;
#4677 = CARTESIAN_POINT ( 'NONE',  ( -1.764863307568891300, 1.018944305707777600, 0.9822916666666712300 ) ) ;
#4678 = DIRECTION ( 'NONE',  ( 0.0000000000000000000, -1.000000000000000000, 0.0000000000000000000 ) ) ;
#4679 = ORIENTED_EDGE ( 'NONE', *, *, #5923, .T. ) ;
#4680 = CARTESIAN_POINT ( 'NONE',  ( -1.176575538379261500, -2.037888611415600500, -2.342708333333329000 ) ) ;
#4681 = CARTESIAN_POINT ( 'NONE',  ( -0.8922005383792617200, 1.545336663013171500, 8.995833333333333600 ) ) ;
#4682 = CARTESIAN_POINT ( 'NONE',  ( -1.784401076758523700, -1.631786383242875600E-014, 9.112500000000002500 ) ) ;
#4683 = ORIENTED_EDGE ( 'NONE', *, *, #3161, .T. ) ;
#4684 = EDGE_CURVE ( 'NONE', #4949, #510, #2114, .T. ) ;
#4685 = CARTESIAN_POINT ( 'NONE',  ( -1.176575538379261500, -2.037888611415601000, 1.813541666666664600 ) ) ;
#4686 = CARTESIAN_POINT ( 'NONE',  ( 0.1232372959545085400, 0.02564369946429811600, 9.450000000000009900 ) ) ;
#4687 = CARTESIAN_POINT ( 'NONE',  ( 2.309401076758521100, -1.452605887139005500E-014, -9.874999999999998200 ) ) ;
#4688 = CARTESIAN_POINT ( 'NONE',  ( 1.784401076758523700, -1.516899844094242100E-014, -3.837499999999998100 ) ) ;
#4689 = CARTESIAN_POINT ( 'NONE',  ( 2.309401076758521100, -1.606911383831572200E-014, 2.724999999999999200 ) ) ;
#4690 = CARTESIAN_POINT ( 'NONE',  ( 1.784401076758523700, -1.584408498897239500E-014, 1.675000000000000900 ) ) ;
#4691 = CARTESIAN_POINT ( 'NONE',  ( 0.0000000000000000000, -1.751888374694017900E-015, 8.900000000000002100 ) ) ;
#4692 = CARTESIAN_POINT ( 'NONE',  ( 1.338300807568892500, -0.7726683315066088500, -8.095833333333329700 ) ) ;
#4693 = CARTESIAN_POINT ( 'NONE',  ( 1.176575538379260000, -2.037888611415601800, 4.730208333333333600 ) ) ;
#4694 = CARTESIAN_POINT ( 'NONE',  ( -0.8922005383792617200, 1.545336663013173100, -5.091666666666665000 ) ) ;
#4695 = DIRECTION ( 'NONE',  ( 0.0000000000000000000, 1.000000000000000000, 0.0000000000000000000 ) ) ;
#4697 = CARTESIAN_POINT ( 'NONE',  ( 0.0000000000000000000, 6.974052236006912100E-016, -11.09999999999999800 ) ) ;
#4696 = CARTESIAN_POINT ( 'NONE',  ( 0.8922005383792627200, 1.545336663013172200, -1.708333333333332600 ) ) ;
#4698 = CARTESIAN_POINT ( 'NONE',  ( 1.870982432805412100, -0.1887481385156499800, 7.771527929468886600 ) ) ;
#4699 = CARTESIAN_POINT ( 'NONE',  ( 1.764863307568892200, 1.018944305707775800, 1.448958333333338500 ) ) ;
#4700 = EDGE_CURVE ( 'NONE', #5005, #6005, #5543, .T. ) ;
#4701 = CARTESIAN_POINT ( 'NONE',  ( 2.309401076758521100, -1.521186107891256900E-014, -4.275000000000001200 ) ) ;
#4702 = ORIENTED_EDGE ( 'NONE', *, *, #1633, .T. ) ;
#4703 = CARTESIAN_POINT ( 'NONE',  ( -1.154700538379273700, 1.999999999999977100, 4.358333333333332500 ) ) ;
#4704 = CARTESIAN_POINT ( 'NONE',  ( 1.764863307568892200, 1.018944305707775800, 0.04895833333333835000 ) ) ;
#4705 = CARTESIAN_POINT ( 'NONE',  ( 0.8922005383792613900, -1.545336663013202200, -10.34166666666666500 ) ) ;
#4706 = CARTESIAN_POINT ( 'NONE',  ( 0.0000000000000000000, 1.545336663013173500, -7.162499999999997900 ) ) ;
#4707 = CARTESIAN_POINT ( 'NONE',  ( 1.176575538379260000, -2.037888611415601800, 2.630208333333331300 ) ) ;
#4708 = ORIENTED_EDGE ( 'NONE', *, *, #5383, .F. ) ;
#4709 = CARTESIAN_POINT ( 'NONE',  ( 0.1137289435409353600, 0.05193069013090178400, 9.450000000000001100 ) ) ;
#4710 = LINE ( 'NONE', #1281, #2738 ) ;
#4711 = DIRECTION ( 'NONE',  ( 0.0000000000000000000, 1.224646799147364800E-016, -1.000000000000000000 ) ) ;
#4712 = CARTESIAN_POINT ( 'NONE',  ( -1.892491597964152600E-016, -1.545336663013202600, -4.712499999999997700 ) ) ;
#4713 = CARTESIAN_POINT ( 'NONE',  ( -1.784401076758523700, -1.544989541353307300E-014, 2.025000000000000800 ) ) ;
#4714 = CARTESIAN_POINT ( 'NONE',  ( 2.943503966369820500E-016, 2.403553390593272000, 8.650000000000002100 ) ) ;
#4715 = CARTESIAN_POINT ( 'NONE',  ( -1.338300807568892700, 0.7726683315065795400, -5.645833333333331300 ) ) ;
#4716 = CARTESIAN_POINT ( 'NONE',  ( -2.353151076758521800, -1.580351217678687000E-014, 5.196874999999999500 ) ) ;
#4717 =( BOUNDED_CURVE ( )  B_SPLINE_CURVE ( 2, ( #6084, #3041, #518, #34, #6071, #5084, #558 ),
 .UNSPECIFIED., .F., .T. ) 
 B_SPLINE_CURVE_WITH_KNOTS ( ( 3, 2, 2, 3 ),
 ( 0.1500000000000000200, 0.1555555555555555600, 0.1611111111111111200, 0.1666666666666666300 ),
 .UNSPECIFIED. ) 
 CURVE ( )  GEOMETRIC_REPRESENTATION_ITEM ( )  RATIONAL_B_SPLINE_CURVE ( ( 0.9999999999999993300, 0.8660254037844394800, 1.000000000000000000, 0.8660254037844388200, 1.000000000000000000, 0.8660254037844394800, 0.9999999999999993300 ) ) 
 REPRESENTATION_ITEM ( '' )  );
#4718 = CARTESIAN_POINT ( 'NONE',  ( 0.0000000000000000000, 1.545336663013172900, -3.049999999999998900 ) ) ;
#4720 = DIRECTION ( 'NONE',  ( -0.0000000000000000000, -1.224646799147353200E-016, 1.000000000000000000 ) ) ;
#4719 = CARTESIAN_POINT ( 'NONE',  ( 1.338300807568893600, 0.7726683315065776500, -1.066666666666665300 ) ) ;
#4721 = CARTESIAN_POINT ( 'NONE',  ( -1.414231426948834700, -0.8328991047363165600, 7.631908767373537300 ) ) ;
#4722 = CARTESIAN_POINT ( 'NONE',  ( 1.176575538379261800, 2.037888611415569000, 0.8072916666666714000 ) ) ;
#4723 = CARTESIAN_POINT ( 'NONE',  ( 1.732050807568890500, -1.000000000000025100, 6.954166666666670200 ) ) ;
#4724 = ORIENTED_EDGE ( 'NONE', *, *, #2145, .T. ) ;
#4725 = CARTESIAN_POINT ( 'NONE',  ( 0.0000000000000000000, 2.000000000000001800, -4.800000000000001600 ) ) ;
#4726 = CARTESIAN_POINT ( 'NONE',  ( -1.764863307568891300, 1.018944305707777800, -1.117708333333328200 ) ) ;
#4727 = CARTESIAN_POINT ( 'NONE',  ( -0.8922005383792623900, -1.545336663013203300, 7.129166666666669100 ) ) ;
#4728 = CARTESIAN_POINT ( 'NONE',  ( -1.338300807568892900, -0.7726683315066077400, -8.329166666666665700 ) ) ;
#4729 = AXIS2_PLACEMENT_3D ( 'NONE', #4181, #1200, #216 ) ;
#4730 = CARTESIAN_POINT ( 'NONE',  ( 2.353151076758521800, -1.625128004968888800E-014, 4.146874999999999600 ) ) ;
#4731 = CARTESIAN_POINT ( 'NONE',  ( -2.309401076758521100, -1.494625941738371800E-014, -1.825000000000000600 ) ) ;
#4732 = CARTESIAN_POINT ( 'NONE',  ( -1.249999999999999100, -0.2695388083449824500, 10.00000000000000900 ) ) ;
#4733 = CARTESIAN_POINT ( 'NONE',  ( -2.353151076758521800, -1.383183083015962900E-014, -10.90312500000000300 ) ) ;
#4734 = CARTESIAN_POINT ( 'NONE',  ( -1.784401076758523700, -1.468908358956278000E-014, -4.187499999999997300 ) ) ;
#4735 = CARTESIAN_POINT ( 'NONE',  ( 1.338300807568893600, 0.7726683315065771000, 3.833333333333334400 ) ) ;
#4736 = CARTESIAN_POINT ( 'NONE',  ( -1.154700538379260800, 2.000000000000000900, -1.854166666666661400 ) ) ;
#4737 = EDGE_CURVE ( 'NONE', #3807, #5573, #4373, .T. ) ;
#4738 = CARTESIAN_POINT ( 'NONE',  ( -1.338300807568892900, -0.7726683315066081900, -5.529166666666664100 ) ) ;
#4739 = CARTESIAN_POINT ( 'NONE',  ( -1.764863307568891500, -1.018944305707808700, 8.055208333333331100 ) ) ;
#4740 = ORIENTED_EDGE ( 'NONE', *, *, #459, .T. ) ;
#4741 = CARTESIAN_POINT ( 'NONE',  ( 0.8922005383792613900, -1.545336663013203300, -2.641666666666665300 ) ) ;
#4742 = CARTESIAN_POINT ( 'NONE',  ( 0.0000000000000000000, -2.021310670506432500E-015, 11.10000000000000000 ) ) ;
#4744 = CARTESIAN_POINT ( 'NONE',  ( -2.449293598294726600E-016, -2.000000000000032000, 3.949999999999998000 ) ) ;
#4743 = CARTESIAN_POINT ( 'NONE',  ( -1.338300807568892900, -0.7726683315066086300, -1.416666666666665000 ) ) ;
#4745 = CIRCLE ( 'NONE', #1416, 0.2500000000000002200 ) ;
#4746 = CARTESIAN_POINT ( 'NONE',  ( 1.776894779100708800, 0.7534859313584986200, 7.800198288909585100 ) ) ;
#4747 = CARTESIAN_POINT ( 'NONE',  ( 1.764863307568892200, 1.018944305707775600, 2.848958333333338800 ) ) ;
#4748 =( BOUNDED_CURVE ( )  B_SPLINE_CURVE ( 2, ( #5310, #6338, #2249, #2757, #5270, #4210, #4802 ),
 .UNSPECIFIED., .F., .T. ) 
 B_SPLINE_CURVE_WITH_KNOTS ( ( 3, 2, 2, 3 ),
 ( 0.6833333333333334600, 0.6888888888888889900, 0.6944444444444445300, 0.7000000000000000700 ),
 .UNSPECIFIED. ) 
 CURVE ( )  GEOMETRIC_REPRESENTATION_ITEM ( )  RATIONAL_B_SPLINE_CURVE ( ( 0.9999999999999973400, 0.8660254037844414800, 1.000000000000000000, 0.8660254037844388200, 1.000000000000000000, 0.8660254037844361500, 1.000000000000002700 ) ) 
 REPRESENTATION_ITEM ( '' )  );
#4749 = CARTESIAN_POINT ( 'NONE',  ( -1.732050807568891200, -1.000000000000022200, -5.879166666666661100 ) ) ;
#4750 = DIRECTION ( 'NONE',  ( -0.0000000000000000000, -1.224646799147353200E-016, 1.000000000000000000 ) ) ;
#4751 = CARTESIAN_POINT ( 'NONE',  ( 1.176575538379260000, -2.037888611415601000, -1.526041666666661900 ) ) ;
#4752 = CARTESIAN_POINT ( 'NONE',  ( 0.7992181838333344300, 1.833371292081925400, 7.842264973081035400 ) ) ;
#4753 = CARTESIAN_POINT ( 'NONE',  ( -1.338300807568892700, 0.7726683315065798800, -8.445833333333331100 ) ) ;
#4754 = CARTESIAN_POINT ( 'NONE',  ( -1.176575538379261500, -2.037888611415601000, 3.213541666666664700 ) ) ;
#4755 = FACE_OUTER_BOUND ( 'NONE', #1060, .T. ) ;
#4756 = CARTESIAN_POINT ( 'NONE',  ( 0.08382674316035221300, -0.09390477925815801700, 9.450000000000013500 ) ) ;
#4757 = ADVANCED_FACE ( 'NONE', ( #5934 ), #6006, .T. ) ;
#4758 = CARTESIAN_POINT ( 'NONE',  ( -0.1240677997122049700, 1.782578299342184100, -10.87992170065781700 ) ) ;
#4759 = CARTESIAN_POINT ( 'NONE',  ( 1.784401076758523700, -1.525472371688273400E-014, -3.137499999999998000 ) ) ;
#4760 = DIRECTION ( 'NONE',  ( -0.0000000000000000000, -1.224646799147353200E-016, 1.000000000000000000 ) ) ;
#4761 = CARTESIAN_POINT ( 'NONE',  ( 0.0000000000000000000, 1.545336663013172200, 1.850000000000001000 ) ) ;
#4762 = DIRECTION ( 'NONE',  ( -0.0000000000000000000, -1.224646799147353200E-016, 1.000000000000000000 ) ) ;
#4763 = CARTESIAN_POINT ( 'NONE',  ( 1.784401076758523700, -1.474037206124084800E-014, -7.337499999999997700 ) ) ;
#4764 = CARTESIAN_POINT ( 'NONE',  ( 2.353151076758521800, -1.676563170533078000E-014, 8.346875000000000700 ) ) ;
#4765 = VERTEX_POINT ( 'NONE', #4885 ) ;
#4766 = ORIENTED_EDGE ( 'NONE', *, *, #5038, .F. ) ;
#4767 = EDGE_LOOP ( 'NONE', ( #1500, #2045, #1222, #1806 ) ) ;
#4768 = B_SPLINE_CURVE_WITH_KNOTS ( 'NONE', 3,
 ( #5185, #5113, #2067, #68, #1635, #4152, #4674, #4100, #6206, #1145, #6229, #4698, #1658, #5211, #3178, #2582, #1070, #4746, #3233, #2705, #2244, #4819, #3791, #6333, #2726, #1684 ),
 .UNSPECIFIED., .F., .F.,
 ( 4, 2, 2, 2, 2, 2, 2, 2, 2, 2, 2, 2, 4 ),
 ( 0.003224312899684548200, 0.004496099029273547900, 0.004814045561670797800, 0.005131992094068046900, 0.005449938626465296800, 0.005767885158862546800, 0.006085831691259796700, 0.006403778223657046600, 0.006721724756054295700, 0.007039671288451546500, 0.007357617820848796400, 0.007675564353246046300, 0.008311457418040546100 ),
 .UNSPECIFIED. ) ;
#4769 = ORIENTED_EDGE ( 'NONE', *, *, #4560, .F. ) ;
#4770 = CARTESIAN_POINT ( 'NONE',  ( 1.338300807568892500, -0.7726683315066097400, -0.4833333333333321700 ) ) ;
#4772 = DIRECTION ( 'NONE',  ( 0.0000000000000000000, -1.000000000000000000, 0.0000000000000000000 ) ) ;
#4771 = CARTESIAN_POINT ( 'NONE',  ( 1.338300807568892500, -0.7726683315066099600, 0.9166666666666680700 ) ) ;
#4773 = VECTOR ( 'NONE', #4636, 1000.000000000000000 ) ;
#4774 = AXIS2_PLACEMENT_3D ( 'NONE', #4370, #1845, #831 ) ;
#4775 = CARTESIAN_POINT ( 'NONE',  ( -1.764863307568891500, -1.018944305707808500, 5.298958333333339400 ) ) ;
#4776 = CARTESIAN_POINT ( 'NONE',  ( 1.732050807568890700, -1.000000000000023800, -4.333333333333334800 ) ) ;
#4777 = AXIS2_PLACEMENT_3D ( 'NONE', #3247, #6351, #1792 ) ;
#4778 = CARTESIAN_POINT ( 'NONE',  ( -2.449293598294726600E-016, -2.000000000000032000, 4.649999999999998600 ) ) ;
#4779 = CARTESIAN_POINT ( 'NONE',  ( -0.9416389589062291700, 1.241977793503756600, 7.579764973081039700 ) ) ;
#4780 = CARTESIAN_POINT ( 'NONE',  ( -0.8922005383792623900, -1.545336663013201700, -6.870833333333331800 ) ) ;
#4781 = EDGE_CURVE ( 'NONE', #4955, #138, #145, .T. ) ;
#4782 = CARTESIAN_POINT ( 'NONE',  ( 1.154700538379261700, 2.000000000000000900, -6.870833333333328200 ) ) ;
#4783 = CARTESIAN_POINT ( 'NONE',  ( -1.160212644386605400, 0.7656433258989615600, 10.00000000000000400 ) ) ;
#4784 = CARTESIAN_POINT ( 'NONE',  ( -1.431210696522019900, 1.165270189351990300, -10.82101532361764000 ) ) ;
#4785 = CARTESIAN_POINT ( 'NONE',  ( 0.0000000000000000000, 1.545336663013172400, 1.237500000000002500 ) ) ;
#4786 = CARTESIAN_POINT ( 'NONE',  ( -1.732050807568891200, 0.9999999999999926700, 2.316666666666666000 ) ) ;
#4787 = VERTEX_POINT ( 'NONE', #2363 ) ;
#4788 = CARTESIAN_POINT ( 'NONE',  ( -1.338300807568892700, 0.7726683315065783200, 4.766666666666669300 ) ) ;
#4789 = CARTESIAN_POINT ( 'NONE',  ( -1.784401076758523700, -1.451763303768215100E-014, -5.587499999999997700 ) ) ;
#4790 = ORIENTED_EDGE ( 'NONE', *, *, #699, .F. ) ;
#4791 = CARTESIAN_POINT ( 'NONE',  ( -1.892491597964152600E-016, -1.545336663013201900, -10.31249999999999600 ) ) ;
#4792 = CARTESIAN_POINT ( 'NONE',  ( -0.8922005383792617200, 1.545336663013172900, -1.591666666666664800 ) ) ;
#4794 = CARTESIAN_POINT ( 'NONE',  ( -2.449293598294726100E-016, -2.000000000000030200, -9.262499999999994000 ) ) ;
#4793 = CARTESIAN_POINT ( 'NONE',  ( -0.8922005383792623900, -1.545336663013202600, 0.04166666666666901700 ) ) ;
#4795 = CARTESIAN_POINT ( 'NONE',  ( 0.0000000000000000000, 0.0000000000000000000, 0.0000000000000000000 ) ) ;
#4796 = ORIENTED_EDGE ( 'NONE', *, *, #3065, .T. ) ;
#4797 = CARTESIAN_POINT ( 'NONE',  ( -2.495693764988940900E-016, -2.037888611415601400, 6.115625000000006800 ) ) ;
#4798 = CARTESIAN_POINT ( 'NONE',  ( 0.0000000000000000000, 2.000000000000001300, -2.000000000000000400 ) ) ;
#4799 = ADVANCED_FACE ( 'NONE', ( #3461 ), #4659, .T. ) ;
#4800 = EDGE_CURVE ( 'NONE', #2005, #3881, #4007, .T. ) ;
#4801 = CARTESIAN_POINT ( 'NONE',  ( -1.338300807568892900, -0.7726683315066075200, -10.51666666666666600 ) ) ;
#4802 = CARTESIAN_POINT ( 'NONE',  ( 0.0000000000000000000, 2.000000000000000400, 3.599999999999998800 ) ) ;
#4803 = CARTESIAN_POINT ( 'NONE',  ( 0.0000000000000000000, 1.545336663013173700, -9.262499999999997500 ) ) ;
#4804 = FACE_OUTER_BOUND ( 'NONE', #4040, .T. ) ;
#4805 = AXIS2_PLACEMENT_3D ( 'NONE', #1451, #4119, #6016 ) ;
#4806 = CARTESIAN_POINT ( 'NONE',  ( -1.154700538379261700, -2.000000000000030600, -0.2208333333333274700 ) ) ;
#4807 = CARTESIAN_POINT ( 'NONE',  ( -0.6250000000000001100, -1.082531754730553100, 9.999999999999984000 ) ) ;
#4808 = CARTESIAN_POINT ( 'NONE',  ( -1.154700538379267400, 1.999999999999989600, -2.641666666666666600 ) ) ;
#4809 = CARTESIAN_POINT ( 'NONE',  ( 1.784401076758523700, -1.551189954470367800E-014, -1.037499999999998500 ) ) ;
#4810 = CARTESIAN_POINT ( 'NONE',  ( 0.0000000000000000000, 2.000000000000000000, 5.699999999999997500 ) ) ;
#4811 = CARTESIAN_POINT ( 'NONE',  ( 1.784401076758523700, -1.661561247243523200E-014, 7.975000000000002300 ) ) ;
#4812 = ORIENTED_EDGE ( 'NONE', *, *, #2656, .F. ) ;
#4813 = DIRECTION ( 'NONE',  ( 3.552713678800500900E-015, -1.000000000000000000, 0.0000000000000000000 ) ) ;
#4814 = CARTESIAN_POINT ( 'NONE',  ( -1.892491597964152600E-016, -1.545336663013202400, -6.112499999999997200 ) ) ;
#4815 = B_SPLINE_CURVE_WITH_KNOTS ( 'NONE', 3,
 ( #4277, #6284, #2190, #6254, #2752, #281, #2269, #3204, #4721, #5238, #186, #3743, #3812, #3717, #5771, #1776, #715, #4301 ),
 .UNSPECIFIED., .F., .F.,
 ( 4, 2, 2, 2, 2, 2, 2, 2, 4 ),
 ( 1.084202172485504400E-019, 0.0004030391124605685300, 0.0008060782249211371700, 0.001209117337381705500, 0.001612156449842274100, 0.002015195562302842800, 0.002418234674763411000, 0.002821273787223979200, 0.003224312899684548200 ),
 .UNSPECIFIED. ) ;
#4816 = CARTESIAN_POINT ( 'NONE',  ( 1.338300807568892500, -0.7726683315066095200, -2.583333333333331700 ) ) ;
#4817 = CARTESIAN_POINT ( 'NONE',  ( 0.0000000000000000000, 1.545336663013172000, 3.950000000000002000 ) ) ;
#4818 = ORIENTED_EDGE ( 'NONE', *, *, #4996, .T. ) ;
#4819 = CARTESIAN_POINT ( 'NONE',  ( 1.461277561423552700, 1.306127612017477400, 7.817468705968614100 ) ) ;
#4820 = CARTESIAN_POINT ( 'NONE',  ( 1.176575538379260000, -2.037888611415602300, 4.773958333333337300 ) ) ;
#4821 = CARTESIAN_POINT ( 'NONE',  ( -1.732050807568891400, -1.000000000000022000, -10.16666666666667000 ) ) ;
#4822 = CARTESIAN_POINT ( 'NONE',  ( -1.154700538379260600, 2.000000000000000000, 7.158333333333333200 ) ) ;
#4823 = ORIENTED_EDGE ( 'NONE', *, *, #1677, .T. ) ;
#4824 = EDGE_CURVE ( 'NONE', #1746, #2339, #783, .T. ) ;
#4825 = CARTESIAN_POINT ( 'NONE',  ( 0.0000000000000000000, 2.000000000000000000, 7.187500000000005300 ) ) ;
#4826 = ORIENTED_EDGE ( 'NONE', *, *, #4073, .F. ) ;
#4827 = CARTESIAN_POINT ( 'NONE',  ( -1.154700538379247900, -2.000000000000053700, -0.3083333333333332400 ) ) ;
#4828 = CARTESIAN_POINT ( 'NONE',  ( -1.892491597964152600E-016, -1.545336663013202600, -4.012499999999997500 ) ) ;
#4829 = FACE_OUTER_BOUND ( 'NONE', #6454, .T. ) ;
#4830 = CARTESIAN_POINT ( 'NONE',  ( -1.732050807568891200, 0.9999999999999940000, -6.783333333333335900 ) ) ;
#4831 = CARTESIAN_POINT ( 'NONE',  ( 0.007086461601581231500, 0.1248667708941915000, 9.450000000000004600 ) ) ;
#4832 = CARTESIAN_POINT ( 'NONE',  ( -0.7519166948554320000, 1.853273127198926200, 7.842264973081039000 ) ) ;
#4833 = CARTESIAN_POINT ( 'NONE',  ( 0.8922005383792627200, 1.545336663013172000, 1.179166666666668700 ) ) ;
#4834 = CARTESIAN_POINT ( 'NONE',  ( -2.449293598294726600E-016, -2.000000000000029800, -9.350000000000003200 ) ) ;
#4835 = CARTESIAN_POINT ( 'NONE',  ( -1.338300807568892900, -0.7726683315066096300, 6.283333333333335000 ) ) ;
#4836 = ORIENTED_EDGE ( 'NONE', *, *, #1386, .T. ) ;
#4837 = CARTESIAN_POINT ( 'NONE',  ( 1.338300807568892500, -0.7726683315066094100, -3.283333333333332300 ) ) ;
#4838 = EDGE_CURVE ( 'NONE', #21, #1979, #2375, .T. ) ;
#4839 = CARTESIAN_POINT ( 'NONE',  ( -0.8922005383792617200, 1.545336663013172900, -2.204166666666664800 ) ) ;
#4840 = CARTESIAN_POINT ( 'NONE',  ( -0.8922005383792617200, 1.545336663013172400, 0.5083333333333346400 ) ) ;
#4841 = CARTESIAN_POINT ( 'NONE',  ( -1.784401076758523700, -1.579279651729433000E-014, 4.825000000000002000 ) ) ;
#4842 = LOCAL_TIME ( 10, 29, 13.00000000000000000, #615 ) ;
#4843 = CARTESIAN_POINT ( 'NONE',  ( -1.764863307568891500, -1.018944305707808700, 7.398958333333337300 ) ) ;
#4844 = DIRECTION ( 'NONE',  ( -0.0000000000000000000, -1.224646799147353200E-016, 1.000000000000000000 ) ) ;
#4845 = CARTESIAN_POINT ( 'NONE',  ( 1.784401076758523700, -1.430103002204673200E-014, -10.92499999999999900 ) ) ;
#4846 = EDGE_LOOP ( 'NONE', ( #6350, #5393, #3901, #1217 ) ) ;
#4847 = CYLINDRICAL_SURFACE ( 'NONE', #3552, 2.100000000000001900 ) ;
#4848 = CARTESIAN_POINT ( 'NONE',  ( 1.732050807568890500, -1.000000000000023800, -4.245833333333329100 ) ) ;
#4849 = CARTESIAN_POINT ( 'NONE',  ( 0.0000000000000000000, -2.021310670506432500E-015, 11.10000000000000000 ) ) ;
#4850 = CARTESIAN_POINT ( 'NONE',  ( -1.338300807568892900, -0.7726683315066084100, -3.429166666666663600 ) ) ;
#4851 = EDGE_LOOP ( 'NONE', ( #5072, #2416, #4312, #75 ) ) ;
#4852 = LINE ( 'NONE', #2304, #4103 ) ;
#4853 = CARTESIAN_POINT ( 'NONE',  ( 1.401258538444133000, -1.427050983124820600, -10.66249999999999400 ) ) ;
#4854 = CARTESIAN_POINT ( 'NONE',  ( 1.732050807568892100, 0.9999999999999917800, -1.416666666666667400 ) ) ;
#4855 = ORIENTED_EDGE ( 'NONE', *, *, #2418, .F. ) ;
#4856 = CARTESIAN_POINT ( 'NONE',  ( -2.353151076758521800, -1.400328138204026100E-014, -9.503125000000002500 ) ) ;
#4857 = CARTESIAN_POINT ( 'NONE',  ( -0.8922005383792617200, 1.545336663013172900, -0.8041666666666647000 ) ) ;
#4858 = CARTESIAN_POINT ( 'NONE',  ( -2.604521261461507400E-016, -1.443375672974067700, 10.00000000000000000 ) ) ;
#4859 = CARTESIAN_POINT ( 'NONE',  ( 0.8922005383792627200, 1.545336663013171300, 5.991666666666668900 ) ) ;
#4860 = CARTESIAN_POINT ( 'NONE',  ( 1.338300807568892500, -0.7726683315066096300, -1.795833333333331600 ) ) ;
#4861 = ORIENTED_EDGE ( 'NONE', *, *, #328, .F. ) ;
#4862 = CARTESIAN_POINT ( 'NONE',  ( 0.0000000000000000000, 1.545336663013172400, 0.4500000000000007300 ) ) ;
#4863 = CARTESIAN_POINT ( 'NONE',  ( 0.8922005383792613900, -1.545336663013203900, 5.058333333333334500 ) ) ;
#4864 = PERSON_AND_ORGANIZATION_ROLE ( 'classification_officer' ) ;
#4865 = CARTESIAN_POINT ( 'NONE',  ( 1.732050807568892100, 0.9999999999999913400, -0.7166666666666682300 ) ) ;
#4866 = CARTESIAN_POINT ( 'NONE',  ( 0.0000000000000000000, -2.000000000000004000, 11.10000000000000000 ) ) ;
#4867 = AXIS2_PLACEMENT_3D ( 'NONE', #3236, #4750, #239 ) ;
#4868 = CARTESIAN_POINT ( 'NONE',  ( -1.250000000000000000, 0.7216878364870291700, 11.08556624327025900 ) ) ;
#4869 = DIRECTION ( 'NONE',  ( 8.659560562354961200E-017, 0.7071067811865496800, 0.7071067811865453500 ) ) ;
#4870 = CARTESIAN_POINT ( 'NONE',  ( -1.784401076758523700, -1.451763303768215100E-014, -5.587499999999997700 ) ) ;
#4871 = EDGE_CURVE ( 'NONE', #1096, #3007, #4745, .T. ) ;
#4872 = ORIENTED_EDGE ( 'NONE', *, *, #6315, .T. ) ;
#4873 =( BOUNDED_CURVE ( )  B_SPLINE_CURVE ( 2, ( #5897, #5454, #5369, #1370, #4865, #2866, #6426 ),
 .UNSPECIFIED., .F., .T. ) 
 B_SPLINE_CURVE_WITH_KNOTS ( ( 3, 2, 2, 3 ),
 ( 0.4833333333333333900, 0.4888888888888889300, 0.4944444444444445800, 0.5000000000000001100 ),
 .UNSPECIFIED. ) 
 CURVE ( )  GEOMETRIC_REPRESENTATION_ITEM ( )  RATIONAL_B_SPLINE_CURVE ( ( 0.9999999999999986700, 0.8660254037844401500, 1.000000000000000000, 0.8660254037844388200, 1.000000000000000000, 0.8660254037844361500, 1.000000000000002700 ) ) 
 REPRESENTATION_ITEM ( '' )  );
#4874 = CARTESIAN_POINT ( 'NONE',  ( 1.764863307568892200, 1.018944305707776900, -8.394791666666668200 ) ) ;
#4875 = CARTESIAN_POINT ( 'NONE',  ( -1.784401076758523700, -1.511770996926435300E-014, -0.6874999999999971100 ) ) ;
#4876 = PLANE ( 'NONE',  #5637 ) ;
#4877 = CARTESIAN_POINT ( 'NONE',  ( 0.0000000000000000000, 1.545336663013171500, 7.450000000000002000 ) ) ;
#4878 = CARTESIAN_POINT ( 'NONE',  ( 0.0000000000000000000, 1.545336663013172900, -2.262499999999997100 ) ) ;
#4879 = VERTEX_POINT ( 'NONE', #4304 ) ;
#4880 = CARTESIAN_POINT ( 'NONE',  ( -1.338300807568892900, -0.7726683315066094100, 4.183333333333334500 ) ) ;
#4881 = LINE ( 'NONE', #3662, #5507 ) ;
#4883 = CARTESIAN_POINT ( 'NONE',  ( 1.403183985161835500, -0.8540749668509060000, -11.03346585347988900 ) ) ;
#4882 = CARTESIAN_POINT ( 'NONE',  ( -1.784401076758523700, -1.562134596541370100E-014, 3.425000000000001200 ) ) ;
#4884 = PLANE ( 'NONE',  #5456 ) ;
#4885 = CARTESIAN_POINT ( 'NONE',  ( -2.449293598294726100E-016, -2.000000000000031500, 3.337500000000003900 ) ) ;
#4886 = EDGE_CURVE ( 'NONE', #2360, #5807, #790, .T. ) ;
#4887 = CARTESIAN_POINT ( 'NONE',  ( -1.154700538379234600, -2.000000000000077700, 7.391666666666667500 ) ) ;
#4888 = CARTESIAN_POINT ( 'NONE',  ( 0.0000000000000000000, -2.000000000000004000, 11.10000000000000000 ) ) ;
#4889 = DIRECTION ( 'NONE',  ( 1.000000000000000000, 0.0000000000000000000, 0.0000000000000000000 ) ) ;
#4890 = CARTESIAN_POINT ( 'NONE',  ( -1.338300807568892700, 0.7726683315065795400, -5.645833333333331300 ) ) ;
#4891 = EDGE_LOOP ( 'NONE', ( #917, #4928, #1581, #254, #6029, #2411, #5148, #2908, #3573, #5144, #2915, #4855, #2502, #2957, #4026, #2248, #5956, #6141, #3844, #6059, #825, #2194, #2389, #6518, #585, #2069, #4583, #3754, #5074, #1323, #5853, #1988, #4975, #4197, #3449, #5168, #6529, #5269, #3720, #4333, #4538, #4155, #3158, #2840, #6448, #2295, #3882, #3635, #5928, #4409, #5052, #5651, #5479, #874, #5500, #2043, #5669, #3073, #1348 ) ) ;
#4892 = CARTESIAN_POINT ( 'NONE',  ( 0.0000000000000000000, -2.100000000000002800, 7.900000000000000400 ) ) ;
#4893 = CARTESIAN_POINT ( 'NONE',  ( 0.1332721955846642700, 1.366430934977762600, 10.00000000000000000 ) ) ;
#4894 = CARTESIAN_POINT ( 'NONE',  ( -1.176575538379260700, 2.037888611415571200, -8.919791666666666800 ) ) ;
#4895 = CARTESIAN_POINT ( 'NONE',  ( -0.8922005383792623900, -1.545336663013203000, 2.229166666666669200 ) ) ;
#4896 = CARTESIAN_POINT ( 'NONE',  ( -1.176575538379260700, 2.037888611415571600, -10.27604166666666100 ) ) ;
#4897 = CARTESIAN_POINT ( 'NONE',  ( -0.8922005383792617200, 1.545336663013173100, -3.604166666666664700 ) ) ;
#4898 = CARTESIAN_POINT ( 'NONE',  ( -1.338300807568892700, 0.7726683315065786500, 2.054166666666669400 ) ) ;
#4899 = CC_DESIGN_APPROVAL ( #2398, ( #2860 ) ) ;
#4900 = CARTESIAN_POINT ( 'NONE',  ( 1.338300807568893600, 0.7726683315065787600, -10.77916666666666500 ) ) ;
#4901 = CARTESIAN_POINT ( 'NONE',  ( 1.338300807568892500, -0.7726683315066103000, 3.716666666666668600 ) ) ;
#4903 = CARTESIAN_POINT ( 'NONE',  ( -1.154700538379260800, 2.000000000000002200, -8.854166666666660700 ) ) ;
#4902 = CARTESIAN_POINT ( 'NONE',  ( -1.892491597964152600E-016, -1.545336663013203500, 4.300000000000001600 ) ) ;
#4904 = CARTESIAN_POINT ( 'NONE',  ( 0.0000000000000000000, -2.021310670506432500E-015, 11.10000000000000000 ) ) ;
#4905 = VERTEX_POINT ( 'NONE', #6385 ) ;
#4906 = CARTESIAN_POINT ( 'NONE',  ( 0.02272747981804476900, -0.1232062306029921600, 9.450000000000001100 ) ) ;
#4907 = CARTESIAN_POINT ( 'NONE',  ( 1.338300807568892500, -0.7726683315066088500, -7.483333333333331600 ) ) ;
#4908 = CIRCLE ( 'NONE', #2787, 0.3125000000000000600 ) ;
#4909 = CARTESIAN_POINT ( 'NONE',  ( 1.249999999999999800, 0.7216878364870288300, 11.08556624327025900 ) ) ;
#4910 = CARTESIAN_POINT ( 'NONE',  ( 1.732050807568892100, 0.9999999999999924500, -9.116666666666668900 ) ) ;
#4911 = CARTESIAN_POINT ( 'NONE',  ( -0.4136428394890712100, -1.204558868246691400, 10.97376521399620800 ) ) ;
#4912 = CARTESIAN_POINT ( 'NONE',  ( -2.449293598294726600E-016, -2.000000000000030200, -7.250000000000000900 ) ) ;
#4913 = CARTESIAN_POINT ( 'NONE',  ( 1.338300807568893600, 0.7726683315065782100, -5.179166666666664500 ) ) ;
#4914 = CYLINDRICAL_SURFACE ( 'NONE', #2228, 2.000000000000001800 ) ;
#4915 = CARTESIAN_POINT ( 'NONE',  ( -0.8922005383792623900, -1.545336663013203300, 5.729166666666669600 ) ) ;
#4916 = CARTESIAN_POINT ( 'NONE',  ( 1.338300807568892500, -0.7726683315066109600, 8.616666666666668900 ) ) ;
#4917 = ADVANCED_FACE ( 'NONE', ( #1646 ), #5860, .T. ) ;
#4918 = CARTESIAN_POINT ( 'NONE',  ( 0.0000000000000000000, 1.545336663013172900, -2.962499999999998100 ) ) ;
#4919 = CARTESIAN_POINT ( 'NONE',  ( -0.8922005383792623900, -1.545336663013202600, 0.1291666666666697900 ) ) ;
#4920 = ADVANCED_FACE ( 'NONE', ( #698 ), #5423, .F. ) ;
#4921 = CYLINDRICAL_SURFACE ( 'NONE', #4537, 2.000000000000001800 ) ;
#4922 = CARTESIAN_POINT ( 'NONE',  ( -1.764863307568891300, 1.018944305707776500, 9.338541666666664300 ) ) ;
#4923 = EDGE_CURVE ( 'NONE', #4024, #1042, #5608, .T. ) ;
#4924 = CARTESIAN_POINT ( 'NONE',  ( 0.0000000000000000000, 1.545336663013172200, 2.550000000000002000 ) ) ;
#4926 = CARTESIAN_POINT ( 'NONE',  ( 1.677611085159009400, -0.05003798056933152900, -10.99750760532538000 ) ) ;
#4925 = CARTESIAN_POINT ( 'NONE',  ( 0.8922005383792613900, -1.545336663013204400, 7.158333333333335000 ) ) ;
#4927 = ORIENTED_EDGE ( 'NONE', *, *, #49, .T. ) ;
#4928 = ORIENTED_EDGE ( 'NONE', *, *, #4124, .F. ) ;
#4929 = CARTESIAN_POINT ( 'NONE',  ( -0.3915725446674620500, -1.217301158903040000, 10.00000000000000500 ) ) ;
#4930 = ORIENTED_EDGE ( 'NONE', *, *, #2276, .F. ) ;
#4931 = CARTESIAN_POINT ( 'NONE',  ( -2.309401076758521600, -1.427117286935374400E-014, -7.337499999999995000 ) ) ;
#4932 = CARTESIAN_POINT ( 'NONE',  ( -0.8922005383792623900, -1.545336663013201900, -8.358333333333332500 ) ) ;
#4933 = ORIENTED_EDGE ( 'NONE', *, *, #1215, .F. ) ;
#4934 = ORIENTED_EDGE ( 'NONE', *, *, #1330, .F. ) ;
#4935 = CARTESIAN_POINT ( 'NONE',  ( -1.338300807568892700, 0.7726683315065802100, -11.33333333333333200 ) ) ;
#4936 = CARTESIAN_POINT ( 'NONE',  ( -1.338300807568892900, -0.7726683315066086300, -1.329166666666664200 ) ) ;
#4937 =( BOUNDED_CURVE ( )  B_SPLINE_CURVE ( 2, ( #892, #2965, #4055 ),
 .UNSPECIFIED., .F., .F. ) 
 B_SPLINE_CURVE_WITH_KNOTS ( ( 3, 3 ),
 ( 0.9000000000000000200, 0.9020604557200452300 ),
 .UNSPECIFIED. ) 
 CURVE ( )  GEOMETRIC_REPRESENTATION_ITEM ( )  RATIONAL_B_SPLINE_CURVE ( ( 1.000000000000000000, 0.9503112298396418900, 0.9374798035308955500 ) ) 
 REPRESENTATION_ITEM ( '' )  );
#4938 = DIRECTION ( 'NONE',  ( -0.0000000000000000000, -1.224646799147353200E-016, 1.000000000000000000 ) ) ;
#4939 = AXIS2_PLACEMENT_3D ( 'NONE', #4330, #3797, #3366 ) ;
#4940 = CARTESIAN_POINT ( 'NONE',  ( 1.784401076758523700, -1.594052592440525100E-014, 2.462500000000003000 ) ) ;
#4941 = CARTESIAN_POINT ( 'NONE',  ( 0.0000000000000000000, 2.037888611415571200, -9.634374999999995000 ) ) ;
#4942 = CARTESIAN_POINT ( 'NONE',  ( 0.0000000000000000000, 1.545336663013172400, 1.237500000000002500 ) ) ;
#4943 = CARTESIAN_POINT ( 'NONE',  ( 1.338300807568893600, 0.7726683315065774300, 1.120833333333334900 ) ) ;
#4944 = CARTESIAN_POINT ( 'NONE',  ( -1.764863307568891300, 1.018944305707778500, -5.361458333333334100 ) ) ;
#4945 = CARTESIAN_POINT ( 'NONE',  ( 1.338300807568893600, 0.7726683315065769900, 4.533333333333333200 ) ) ;
#4947 = CARTESIAN_POINT ( 'NONE',  ( 1.593823342152018000, 0.5791612347815398000, -10.97001490952333600 ) ) ;
#4946 = CARTESIAN_POINT ( 'NONE',  ( -1.249999999999999800, -0.7216878364870356100, 10.00000000000000000 ) ) ;
#4948 = ORIENTED_EDGE ( 'NONE', *, *, #5082, .T. ) ;
#4949 = VERTEX_POINT ( 'NONE', #4798 ) ;
#4950 = DIRECTION ( 'NONE',  ( 0.0000000000000000000, -1.000000000000000000, 0.0000000000000000000 ) ) ;
#4951 = CARTESIAN_POINT ( 'NONE',  ( 0.1232372959545085400, 0.02564369946429811600, 9.450000000000009900 ) ) ;
#4952 = CARTESIAN_POINT ( 'NONE',  ( 0.1562500000256757700, -1.353164693398364500, 10.00000000000000000 ) ) ;
#4953 = ADVANCED_FACE ( 'NONE', ( #5381 ), #5502, .T. ) ;
#4954 = CARTESIAN_POINT ( 'NONE',  ( -1.338300807568892900, -0.7726683315066078500, -7.716666666666665000 ) ) ;
#4955 = VERTEX_POINT ( 'NONE', #1107 ) ;
#4956 = CARTESIAN_POINT ( 'NONE',  ( 1.154700538379261700, 2.000000000000000000, -1.970833333333329200 ) ) ;
#4957 =( BOUNDED_CURVE ( )  B_SPLINE_CURVE ( 2, ( #5737, #5202, #5689, #5764, #180, #4736, #2718 ),
 .UNSPECIFIED., .F., .T. ) 
 B_SPLINE_CURVE_WITH_KNOTS ( ( 3, 2, 2, 3 ),
 ( 0.5023899760508918600, 0.5079455316064474000, 0.5135010871620030400, 0.5190566427175585800 ),
 .UNSPECIFIED. ) 
 CURVE ( )  GEOMETRIC_REPRESENTATION_ITEM ( )  RATIONAL_B_SPLINE_CURVE ( ( 1.000000000000000000, 0.8660254037844387100, 1.000000000000000000, 0.8660254037844387100, 1.000000000000000000, 0.8660254037844387100, 1.000000000000000000 ) ) 
 REPRESENTATION_ITEM ( '' )  );
#4958 = CARTESIAN_POINT ( 'NONE',  ( 1.338300807568892500, -0.7726683315066096300, -1.795833333333331600 ) ) ;
#4959 = EDGE_CURVE ( 'NONE', #2339, #6558, #2652, .T. ) ;
#4960 = PLANE ( 'NONE',  #1048 ) ;
#4961 = CARTESIAN_POINT ( 'NONE',  ( 0.0000000000000000000, 1.545336663013172200, 2.637500000000002800 ) ) ;
#4962 = CARTESIAN_POINT ( 'NONE',  ( 1.764863307568890900, -1.018944305707807600, -11.26770833333332800 ) ) ;
#4963 = VECTOR ( 'NONE', #2237, 1000.000000000000000 ) ;
#4964 = CARTESIAN_POINT ( 'NONE',  ( -1.338300807568892700, 0.7726683315065786500, 2.054166666666669400 ) ) ;
#4965 = CARTESIAN_POINT ( 'NONE',  ( 0.8922005383792613900, -1.545336663013203300, -0.4541666666666651600 ) ) ;
#4966 = CARTESIAN_POINT ( 'NONE',  ( -1.176575538379260700, 2.037888611415571200, -7.519791666666668200 ) ) ;
#4967 = CARTESIAN_POINT ( 'NONE',  ( 0.8922005383792613900, -1.545336663013203900, 3.658333333333334100 ) ) ;
#4969 = CARTESIAN_POINT ( 'NONE',  ( -1.732050807568891000, 0.9999999999999941200, -10.19583333333332900 ) ) ;
#4968 = CARTESIAN_POINT ( 'NONE',  ( 0.0000000000000000000, 1.545336663013171700, 6.049999999999999800 ) ) ;
#4970 = ORIENTED_EDGE ( 'NONE', *, *, #5419, .F. ) ;
#4971 = CARTESIAN_POINT ( 'NONE',  ( -2.449293598294726100E-016, -2.000000000000030600, -2.962499999999995900 ) ) ;
#4972 = CARTESIAN_POINT ( 'NONE',  ( 0.2350143746297140800, -1.307690060518170500, 10.00000000000000000 ) ) ;
#4973 = AXIS2_PLACEMENT_3D ( 'NONE', #1852, #5360, #2353 ) ;
#4974 = CARTESIAN_POINT ( 'NONE',  ( -2.449293598294726100E-016, -2.000000000000031100, -0.8624999999999947200 ) ) ;
#4975 = ORIENTED_EDGE ( 'NONE', *, *, #3288, .F. ) ;
#4976 = CARTESIAN_POINT ( 'NONE',  ( -0.8922005383792617200, 1.545336663013173500, -7.891666666666664800 ) ) ;
#4977 = CARTESIAN_POINT ( 'NONE',  ( 1.154700538379260100, -2.000000000000030200, -10.60416666666666100 ) ) ;
#4978 = ORIENTED_EDGE ( 'NONE', *, *, #208, .T. ) ;
#4979 = CARTESIAN_POINT ( 'NONE',  ( 1.154700538379261700, 1.999999999999999600, 2.229166666666671400 ) ) ;
#4980 = ORIENTED_EDGE ( 'NONE', *, *, #957, .T. ) ;
#4981 = CARTESIAN_POINT ( 'NONE',  ( -1.892491597964152600E-016, -1.545336663013203500, 2.987500000000002500 ) ) ;
#4982 = CARTESIAN_POINT ( 'NONE',  ( 1.176575538379260000, -2.037888611415600500, -9.926041666666659300 ) ) ;
#4983 = CARTESIAN_POINT ( 'NONE',  ( -1.892491597964152600E-016, -1.545336663013203300, 1.587500000000002100 ) ) ;
#4984 = CARTESIAN_POINT ( 'NONE',  ( 1.784401076758523700, -1.568335009658431000E-014, 0.3625000000000016500 ) ) ;
#4985 = CYLINDRICAL_SURFACE ( 'NONE', #3431, 2.000000000000001800 ) ;
#4986 = AXIS2_PLACEMENT_3D ( 'NONE', #5675, #3693, #5722 ) ;
#4987 = CARTESIAN_POINT ( 'NONE',  ( -1.764863307568891500, -1.018944305707806900, -5.944791666666668000 ) ) ;
#4988 = CARTESIAN_POINT ( 'NONE',  ( 1.338300807568892500, -0.7726683315066106300, 6.516666666666667500 ) ) ;
#4989 = CARTESIAN_POINT ( 'NONE',  ( 1.784401076758523700, -1.644416192055460600E-014, 6.575000000000001100 ) ) ;
#4990 = ORIENTED_EDGE ( 'NONE', *, *, #3288, .T. ) ;
#4991 = CARTESIAN_POINT ( 'NONE',  ( 0.0000000000000000000, 6.438269261379945800E-016, -10.66249999999999600 ) ) ;
#4992 = AXIS2_PLACEMENT_3D ( 'NONE', #5924, #3877, #4390 ) ;
#4993 = CARTESIAN_POINT ( 'NONE',  ( -2.710505431213761100E-017, -0.1250665896092446600, 9.450000000000009900 ) ) ;
#4994 = CARTESIAN_POINT ( 'NONE',  ( -1.176575538379260700, 2.037888611415571200, -8.219791666666665700 ) ) ;
#4995 = DIRECTION ( 'NONE',  ( 0.8660254037844386000, -0.5000000000000001100, 0.0000000000000000000 ) ) ;
#4996 = EDGE_CURVE ( 'NONE', #107, #2495, #999, .T. ) ;
#4997 = CARTESIAN_POINT ( 'NONE',  ( 0.8922005383792627200, 1.545336663013173300, -9.408333333333331400 ) ) ;
#4998 = VERTEX_POINT ( 'NONE', #2624 ) ;
#4999 = CARTESIAN_POINT ( 'NONE',  ( -2.495693764988940900E-016, -2.037888611415600500, -5.784374999999995400 ) ) ;
#5000 = EDGE_LOOP ( 'NONE', ( #6470, #2728, #1269, #945 ) ) ;
#5001 = CARTESIAN_POINT ( 'NONE',  ( -0.8922005383792617200, 1.545336663013172200, 2.695833333333335100 ) ) ;
#5002 = CARTESIAN_POINT ( 'NONE',  ( -0.8922005383792617200, 1.545336663013172000, 4.795833333333335200 ) ) ;
#5003 = CIRCLE ( 'NONE', #1978, 2.226776695296637700 ) ;
#5004 = CARTESIAN_POINT ( 'NONE',  ( 1.176575538379261800, 2.037888611415570300, -4.836458333333335500 ) ) ;
#5005 = VERTEX_POINT ( 'NONE', #4090 ) ;
#5006 = EDGE_CURVE ( 'NONE', #720, #3978, #4441, .T. ) ;
#5007 = CARTESIAN_POINT ( 'NONE',  ( -1.784401076758523700, -1.604997234511527400E-014, 6.924999999999999800 ) ) ;
#5008 = CARTESIAN_POINT ( 'NONE',  ( 0.0000000000000000000, -1.734723475976807100E-015, 9.175000000000002500 ) ) ;
#5009 =( BOUNDED_CURVE ( )  B_SPLINE_CURVE ( 2, ( #4069, #1037, #4027, #3610, #4590, #2511, #10 ),
 .UNSPECIFIED., .F., .T. ) 
 B_SPLINE_CURVE_WITH_KNOTS ( ( 3, 2, 2, 3 ),
 ( 0.4666666666666667300, 0.4722222222222222700, 0.4777777777777778600, 0.4833333333333333900 ),
 .UNSPECIFIED. ) 
 CURVE ( )  GEOMETRIC_REPRESENTATION_ITEM ( )  RATIONAL_B_SPLINE_CURVE ( ( 0.9999999999999986700, 0.8660254037844401500, 1.000000000000000000, 0.8660254037844388200, 1.000000000000000000, 0.8660254037844374900, 1.000000000000001300 ) ) 
 REPRESENTATION_ITEM ( '' )  );
#5010 = ORIENTED_EDGE ( 'NONE', *, *, #2238, .T. ) ;
#5011 = CARTESIAN_POINT ( 'NONE',  ( 1.732050807568890500, -1.000000000000024000, -2.845833333333327900 ) ) ;
#5012 = CARTESIAN_POINT ( 'NONE',  ( -0.8584274553325370600, 0.9477623505580546900, 10.00000000000000500 ) ) ;
#5013 = ORIENTED_EDGE ( 'NONE', *, *, #4260, .T. ) ;
#5014 = CARTESIAN_POINT ( 'NONE',  ( 1.784401076758523700, -1.447248057392736300E-014, -9.524999999999998600 ) ) ;
#5015 = CARTESIAN_POINT ( 'NONE',  ( -1.892491597964152600E-016, -1.545336663013201700, -11.09999999999999800 ) ) ;
#5016 = AXIS2_PLACEMENT_3D ( 'NONE', #4276, #5303, #4772 ) ;
#5017 =( BOUNDED_CURVE ( )  B_SPLINE_CURVE ( 2, ( #270, #3268, #4830, #3312, #246, #3289, #791 ),
 .UNSPECIFIED., .F., .F. ) 
 B_SPLINE_CURVE_WITH_KNOTS ( ( 3, 2, 2, 3 ),
 ( 0.2000000000000000400, 0.2055555555555556000, 0.2111111111111111700, 0.2166666666666667600 ),
 .UNSPECIFIED. ) 
 CURVE ( )  GEOMETRIC_REPRESENTATION_ITEM ( )  RATIONAL_B_SPLINE_CURVE ( ( 0.9999999999999993300, 0.8660254037844394800, 1.000000000000000000, 0.8660254037844388200, 1.000000000000000000, 0.8660254037844368200, 1.000000000000002000 ) ) 
 REPRESENTATION_ITEM ( '' )  );
#5018 = CARTESIAN_POINT ( 'NONE',  ( 0.0000000000000000000, 2.000000000000002700, 7.842264973081039000 ) ) ;
#5019 = CARTESIAN_POINT ( 'NONE',  ( 2.353151076758521800, -1.505648401627075400E-014, -5.609374999999994700 ) ) ;
#5020 = CARTESIAN_POINT ( 'NONE',  ( 1.784401076758523700, -1.559762482064399100E-014, -0.3374999999999975800 ) ) ;
#5021 = CARTESIAN_POINT ( 'NONE',  ( -1.892491597964152600E-016, -1.545336663013203500, 5.087500000000002100 ) ) ;
#5022 = CARTESIAN_POINT ( 'NONE',  ( 1.154700538379261700, 2.000000000000000900, -4.770833333333328600 ) ) ;
#5023 = ORIENTED_EDGE ( 'NONE', *, *, #105, .T. ) ;
#5024 = CARTESIAN_POINT ( 'NONE',  ( 0.0000000000000000000, 2.037888611415570300, -1.978125000000000800 ) ) ;
#5025 = CARTESIAN_POINT ( 'NONE',  ( -1.338300807568892900, -0.7726683315066098500, 8.383333333333336400 ) ) ;
#5026 = DIRECTION ( 'NONE',  ( -0.0000000000000000000, -1.224646799147353200E-016, 1.000000000000000000 ) ) ;
#5027 = CARTESIAN_POINT ( 'NONE',  ( 1.338300807568892500, -0.7726683315066088500, -8.095833333333329700 ) ) ;
#5028 = CARTESIAN_POINT ( 'NONE',  ( -2.309401076758521600, -1.547132673251814700E-014, 2.462500000000006100 ) ) ;
#5029 = EDGE_CURVE ( 'NONE', #309, #4787, #3262, .T. ) ;
#5030 = CARTESIAN_POINT ( 'NONE',  ( -0.1232372959545085700, -0.02564369946430407300, 9.449999999999999300 ) ) ;
#5031 = ORIENTED_EDGE ( 'NONE', *, *, #4171, .F. ) ;
#5033 = CARTESIAN_POINT ( 'NONE',  ( 0.0000000000000000000, 1.545336663013174000, -10.75000000000000000 ) ) ;
#5032 = CARTESIAN_POINT ( 'NONE',  ( -1.892491597964152600E-016, -1.545336663013201900, -8.999999999999998200 ) ) ;
#5034 = CARTESIAN_POINT ( 'NONE',  ( 0.0000000000000000000, 2.000000000000000000, 4.999999999999998200 ) ) ;
#5035 = LINE ( 'NONE', #4520, #1459 ) ;
#5036 = CARTESIAN_POINT ( 'NONE',  ( -1.338300807568892700, 0.7726683315065779900, 6.954166666666667500 ) ) ;
#5037 = CARTESIAN_POINT ( 'NONE',  ( -2.353151076758521800, -1.409436448772684300E-014, -8.759374999999995000 ) ) ;
#5038 = EDGE_CURVE ( 'NONE', #548, #3644, #5644, .T. ) ;
#5039 = VERTEX_POINT ( 'NONE', #6138 ) ;
#5040 = CARTESIAN_POINT ( 'NONE',  ( 0.8922005383792613900, -1.545336663013203900, 3.745833333333335800 ) ) ;
#5041 = CARTESIAN_POINT ( 'NONE',  ( 1.784401076758523700, -1.619770175222619600E-014, 4.562500000000000900 ) ) ;
#5042 = CARTESIAN_POINT ( 'NONE',  ( -0.6318599298582573400, -1.545336663013201300, -11.05381189606246300 ) ) ;
#5043 = CARTESIAN_POINT ( 'NONE',  ( -1.176575538379260700, 2.037888611415570800, -2.619791666666667900 ) ) ;
#5044 = CARTESIAN_POINT ( 'NONE',  ( 1.338300807568893600, 0.7726683315065767700, 6.633333333333334600 ) ) ;
#5045 = CARTESIAN_POINT ( 'NONE',  ( -2.449293598294726600E-016, -2.000000000000032400, 5.349999999999997900 ) ) ;
#5046 = CARTESIAN_POINT ( 'NONE',  ( -1.338300807568892700, 0.7726683315065795400, -5.645833333333331300 ) ) ;
#5047 = DIRECTION ( 'NONE',  ( -0.0000000000000000000, -1.224646799147353200E-016, 1.000000000000000000 ) ) ;
#5048 = CARTESIAN_POINT ( 'NONE',  ( -0.1332721955846626900, 1.366430934977762800, 10.00000000000000000 ) ) ;
#5049 = CARTESIAN_POINT ( 'NONE',  ( 0.0000000000000000000, 1.545336663013173500, -7.949999999999998400 ) ) ;
#5051 = CARTESIAN_POINT ( 'NONE',  ( 0.0000000000000000000, 1.545336663013173300, -6.549999999999998900 ) ) ;
#5050 = CARTESIAN_POINT ( 'NONE',  ( -1.784401076758523700, -1.442119210224929200E-014, -6.375000000000000000 ) ) ;
#5052 = ORIENTED_EDGE ( 'NONE', *, *, #2291, .F. ) ;
#5053 = CARTESIAN_POINT ( 'NONE',  ( 1.764863307568892200, 1.018944305707776900, -9.051041666666662900 ) ) ;
#5054 = CARTESIAN_POINT ( 'NONE',  ( -1.892491597964152600E-016, -1.545336663013203500, 5.087500000000002100 ) ) ;
#5055 = CARTESIAN_POINT ( 'NONE',  ( 1.784401076758523700, -1.611197647628588000E-014, 3.862500000000003400 ) ) ;
#5056 = DIRECTION ( 'NONE',  ( -0.0000000000000000000, -1.224646799147353200E-016, 1.000000000000000000 ) ) ;
#5057 = CARTESIAN_POINT ( 'NONE',  ( -1.176575538379261500, -2.037888611415600500, -1.686458333333335200 ) ) ;
#5058 = CARTESIAN_POINT ( 'NONE',  ( 1.338300807568893600, 0.7726683315065768800, 5.233333333333336100 ) ) ;
#5059 = DIRECTION ( 'NONE',  ( 0.0000000000000000000, 0.0000000000000000000, 1.000000000000000000 ) ) ;
#5060 = CARTESIAN_POINT ( 'NONE',  ( 0.8922005383792627200, 1.545336663013172400, -3.108333333333331200 ) ) ;
#5061 = CARTESIAN_POINT ( 'NONE',  ( -1.338300807568892700, 0.7726683315065797600, -7.745833333333330900 ) ) ;
#5062 = CARTESIAN_POINT ( 'NONE',  ( -1.892491597964152600E-016, -1.545336663013202800, -2.699999999999999300 ) ) ;
#5063 = CARTESIAN_POINT ( 'NONE',  ( -1.249999999999999100, -0.2695388083449824500, 10.00000000000000900 ) ) ;
#5064 = PERSON_AND_ORGANIZATION ( #5960, #3542 ) ;
#5065 = ORIENTED_EDGE ( 'NONE', *, *, #6286, .F. ) ;
#5066 = CARTESIAN_POINT ( 'NONE',  ( -0.8922005383792623900, -1.545336663013201500, -9.058333333333331800 ) ) ;
#5067 = ADVANCED_FACE ( 'NONE', ( #6576 ), #4985, .T. ) ;
#5068 = EDGE_CURVE ( 'NONE', #4949, #2293, #2068, .T. ) ;
#5070 = CARTESIAN_POINT ( 'NONE',  ( -1.338300807568892900, -0.7726683315066081900, -4.916666666666664300 ) ) ;
#5069 = CARTESIAN_POINT ( 'NONE',  ( 0.0000000000000000000, 1.545336663013173500, -7.249999999999998200 ) ) ;
#5071 = PLANE ( 'NONE',  #235 ) ;
#5072 = ORIENTED_EDGE ( 'NONE', *, *, #64, .F. ) ;
#5073 = VERTEX_POINT ( 'NONE', #2596 ) ;
#5074 = ORIENTED_EDGE ( 'NONE', *, *, #3710, .F. ) ;
#5075 = LINE ( 'NONE', #1632, #2798 ) ;
#5076 = CARTESIAN_POINT ( 'NONE',  ( 2.449293598294708900E-016, 1.999999999999999600, 11.10000000000000000 ) ) ;
#5077 = CARTESIAN_POINT ( 'NONE',  ( -1.764863307568891300, 1.018944305707778500, -6.717708333333328100 ) ) ;
#5078 = CARTESIAN_POINT ( 'NONE',  ( -0.8922005383792623900, -1.545336663013203300, 6.429166666666669800 ) ) ;
#5079 = CARTESIAN_POINT ( 'NONE',  ( -1.338300807568892900, -0.7726683315066095200, 5.670833333333336900 ) ) ;
#5080 = CARTESIAN_POINT ( 'NONE',  ( 1.338300807568893600, 0.7726683315065787600, -10.77916666666666500 ) ) ;
#5081 = CARTESIAN_POINT ( 'NONE',  ( 1.764863307568890900, -1.018944305707808500, -4.311458333333334300 ) ) ;
#5082 = EDGE_CURVE ( 'NONE', #3644, #190, #1238, .T. ) ;
#5083 = CARTESIAN_POINT ( 'NONE',  ( -1.338300807568892900, -0.7726683315066099600, 9.083333333333335700 ) ) ;
#5084 = CARTESIAN_POINT ( 'NONE',  ( 1.154700538379265200, 1.999999999999994900, -7.658333333333334100 ) ) ;
#5085 = CARTESIAN_POINT ( 'NONE',  ( 1.338300807568892500, -0.7726683315066089600, -6.695833333333331100 ) ) ;
#5086 = CARTESIAN_POINT ( 'NONE',  ( -0.8922005383792617200, 1.545336663013172400, 0.5083333333333346400 ) ) ;
#5087 = CARTESIAN_POINT ( 'NONE',  ( -1.732050807568891200, -1.000000000000022400, -3.779166666666660600 ) ) ;
#5088 = ORIENTED_EDGE ( 'NONE', *, *, #4483, .T. ) ;
#5089 = CARTESIAN_POINT ( 'NONE',  ( 0.0000000000000000000, 1.545336663013173700, -10.04999999999999900 ) ) ;
#5090 = CARTESIAN_POINT ( 'NONE',  ( -2.449293598294726100E-016, -2.000000000000030600, -5.762499999999994800 ) ) ;
#5092 = CARTESIAN_POINT ( 'NONE',  ( -0.8922005383792617200, 1.545336663013173300, -5.791666666666665200 ) ) ;
#5091 = CARTESIAN_POINT ( 'NONE',  ( 0.8922005383792613900, -1.545336663013203300, -3.341666666666664600 ) ) ;
#5093 = ORIENTED_EDGE ( 'NONE', *, *, #5106, .T. ) ;
#5094 = ORIENTED_EDGE ( 'NONE', *, *, #1267, .T. ) ;
#5095 = DIRECTION ( 'NONE',  ( 0.0000000000000000000, -1.000000000000000000, 0.0000000000000000000 ) ) ;
#5096 = CARTESIAN_POINT ( 'NONE',  ( 1.176575538379261800, 2.037888611415569400, -1.992708333333329100 ) ) ;
#5097 = CARTESIAN_POINT ( 'NONE',  ( 0.4946642279491943500, -1.798545250574014500, -10.80117929833445000 ) ) ;
#5098 = CARTESIAN_POINT ( 'NONE',  ( 1.338300807568892500, -0.7726683315066106300, 5.904166666666668600 ) ) ;
#5099 = CARTESIAN_POINT ( 'NONE',  ( -1.338300807568892700, 0.7726683315065779900, 7.654166666666670300 ) ) ;
#5100 = CARTESIAN_POINT ( 'NONE',  ( -1.176575538379260700, 2.037888611415570300, -1.919791666666668300 ) ) ;
#5101 = CARTESIAN_POINT ( 'NONE',  ( -1.784401076758523700, -1.630714817293621500E-014, 9.025000000000002100 ) ) ;
#5102 = CIRCLE ( 'NONE', #3954, 1.468375672974065800 ) ;
#5103 = CARTESIAN_POINT ( 'NONE',  ( 1.338300807568892500, -0.7726683315066088500, -7.395833333333330400 ) ) ;
#5104 = CARTESIAN_POINT ( 'NONE',  ( 1.338300807568892500, -0.7726683315066097400, -1.183333333333331300 ) ) ;
#5105 = CARTESIAN_POINT ( 'NONE',  ( 1.732050807568890700, -1.000000000000024000, -2.933333333333335300 ) ) ;
#5106 = EDGE_CURVE ( 'NONE', #2135, #5246, #2560, .T. ) ;
#5107 = CARTESIAN_POINT ( 'NONE',  ( 1.338300807568892500, -0.7726683315066086300, -9.495833333333331800 ) ) ;
#5108 = ORIENTED_EDGE ( 'NONE', *, *, #4171, .T. ) ;
#5109 = CARTESIAN_POINT ( 'NONE',  ( -0.8922005383792623900, -1.545336663013201700, -6.958333333333332100 ) ) ;
#5110 = CARTESIAN_POINT ( 'NONE',  ( -2.449293598294726600E-016, -2.000000000000030200, -7.950000000000002000 ) ) ;
#5112 = CARTESIAN_POINT ( 'NONE',  ( 1.338300807568892500, -0.7726683315066089600, -6.783333333333332300 ) ) ;
#5111 = CARTESIAN_POINT ( 'NONE',  ( 1.784401076758523700, -1.498683222956925200E-014, -5.324999999999998400 ) ) ;
#5113 = CARTESIAN_POINT ( 'NONE',  ( 0.4273452359939409800, -1.757604553278207400, 7.702317896665030100 ) ) ;
#5114 = CARTESIAN_POINT ( 'NONE',  ( -1.249999999999999800, -0.7216878364870356100, 10.00000000000000000 ) ) ;
#5115 = ORIENTED_EDGE ( 'NONE', *, *, #2845, .F. ) ;
#5116 = CARTESIAN_POINT ( 'NONE',  ( 0.0000000000000000000, 2.037888611415570800, -5.434374999999994800 ) ) ;
#5117 = DIRECTION ( 'NONE',  ( 0.0000000000000000000, 1.224646799147353200E-016, -1.000000000000000000 ) ) ;
#5118 = EDGE_CURVE ( 'NONE', #3795, #3644, #6506, .T. ) ;
#5119 = CARTESIAN_POINT ( 'NONE',  ( -1.784401076758523700, -1.563206162490623800E-014, 3.512500000000001500 ) ) ;
#5120 = CARTESIAN_POINT ( 'NONE',  ( -0.8922005383792623900, -1.545336663013203500, 7.829166666666667500 ) ) ;
#5121 = ORIENTED_EDGE ( 'NONE', *, *, #2602, .T. ) ;
#5122 = CARTESIAN_POINT ( 'NONE',  ( -1.764863307568891300, 1.018944305707777800, 0.2385416666666646800 ) ) ;
#5123 = ORIENTED_EDGE ( 'NONE', *, *, #1030, .T. ) ;
#5124 = DIRECTION ( 'NONE',  ( -0.0000000000000000000, -1.224646799147353200E-016, 1.000000000000000000 ) ) ;
#5125 = LINE ( 'NONE', #5336, #4264 ) ;
#5126 = CARTESIAN_POINT ( 'NONE',  ( -1.784401076758523700, -1.502126903383149600E-014, -1.474999999999998800 ) ) ;
#5127 = DIRECTION ( 'NONE',  ( -0.0000000000000000000, -1.224646799147353200E-016, 1.000000000000000000 ) ) ;
#5128 = CARTESIAN_POINT ( 'NONE',  ( -1.154700538379260800, 2.000000000000001300, -3.954166666666661300 ) ) ;
#5129 = CARTESIAN_POINT ( 'NONE',  ( 1.764863307568892200, 1.018944305707774900, 7.705208333333331400 ) ) ;
#5130 = VERTEX_POINT ( 'NONE', #2230 ) ;
#5131 = CARTESIAN_POINT ( 'NONE',  ( -1.338300807568892900, -0.7726683315066079600, -7.016666666666664800 ) ) ;
#5133 = CARTESIAN_POINT ( 'NONE',  ( -1.892491597964152600E-016, -1.545336663013202400, -6.199999999999998400 ) ) ;
#5132 = CARTESIAN_POINT ( 'NONE',  ( -1.784401076758523700, -1.450691737818961100E-014, -5.674999999999998000 ) ) ;
#5134 = TOROIDAL_SURFACE ( 'NONE', #5498, 3.918749999999994400, 0.7812500000000050000 ) ;
#5135 = CARTESIAN_POINT ( 'NONE',  ( 1.154700538379260100, -2.000000000000031100, -3.604166666666660700 ) ) ;
#5136 = CARTESIAN_POINT ( 'NONE',  ( 1.176575538379260000, -2.037888611415601800, 1.973958333333337900 ) ) ;
#5137 =( BOUNDED_CURVE ( )  B_SPLINE_CURVE ( 2, ( #1471, #2979, #6035, #2995, #2945, #4364, #5414 ),
 .UNSPECIFIED., .F., .T. ) 
 B_SPLINE_CURVE_WITH_KNOTS ( ( 3, 2, 2, 3 ),
 ( 0.5357233093842253000, 0.5412788649397808300, 0.5468344204953363700, 0.5523899760508919100 ),
 .UNSPECIFIED. ) 
 CURVE ( )  GEOMETRIC_REPRESENTATION_ITEM ( )  RATIONAL_B_SPLINE_CURVE ( ( 1.000000000000000000, 0.8660254037844387100, 1.000000000000000000, 0.8660254037844387100, 1.000000000000000000, 0.8660254037844387100, 1.000000000000000000 ) ) 
 REPRESENTATION_ITEM ( '' )  );
#5138 = CARTESIAN_POINT ( 'NONE',  ( 0.0000000000000000000, -2.000000000000004000, 11.10000000000000000 ) ) ;
#5139 = CARTESIAN_POINT ( 'NONE',  ( -1.176575538379261500, -2.037888611415600100, -5.142708333333327900 ) ) ;
#5140 =( BOUNDED_CURVE ( )  B_SPLINE_CURVE ( 2, ( #2928, #3426, #6515, #4931, #427, #5478, #1439 ),
 .UNSPECIFIED., .F., .T. ) 
 B_SPLINE_CURVE_WITH_KNOTS ( ( 3, 2, 2, 3 ),
 ( 0.7690566427175585800, 0.7746121982731141200, 0.7801677538286697600, 0.7857233093842253000 ),
 .UNSPECIFIED. ) 
 CURVE ( )  GEOMETRIC_REPRESENTATION_ITEM ( )  RATIONAL_B_SPLINE_CURVE ( ( 1.000000000000000000, 0.8660254037844387100, 1.000000000000000000, 0.8660254037844387100, 1.000000000000000000, 0.8660254037844387100, 1.000000000000000000 ) ) 
 REPRESENTATION_ITEM ( '' )  );
#5141 = CARTESIAN_POINT ( 'NONE',  ( -0.8922005383792617200, 1.545336663013174000, -10.69166666666666500 ) ) ;
#5142 = CARTESIAN_POINT ( 'NONE',  ( 0.8922005383792613900, -1.545336663013204600, 7.245833333333338900 ) ) ;
#5143 = CARTESIAN_POINT ( 'NONE',  ( 1.338300807568893600, 0.7726683315065787600, -10.07916666666666400 ) ) ;
#5144 = ORIENTED_EDGE ( 'NONE', *, *, #297, .F. ) ;
#5145 = EDGE_CURVE ( 'NONE', #692, #295, #4517, .T. ) ;
#5146 = CARTESIAN_POINT ( 'NONE',  ( 1.176575538379261800, 2.037888611415569000, 2.163541666666665800 ) ) ;
#5147 = FACE_OUTER_BOUND ( 'NONE', #3723, .T. ) ;
#5148 = ORIENTED_EDGE ( 'NONE', *, *, #2321, .F. ) ;
#5149 = CARTESIAN_POINT ( 'NONE',  ( -1.154700538379273700, 1.999999999999977800, 0.1583333333333339900 ) ) ;
#5150 = CARTESIAN_POINT ( 'NONE',  ( 0.0000000000000000000, 2.000000000000000400, 2.199999999999998400 ) ) ;
#5151 = TOROIDAL_SURFACE ( 'NONE', #306, 4.149783978102255400, 0.2500000000000000000 ) ;
#5152 = CARTESIAN_POINT ( 'NONE',  ( -1.338300807568892900, -0.7726683315066088500, -0.01666666666666483100 ) ) ;
#5153 = AXIS2_PLACEMENT_3D ( 'NONE', #6052, #5059, #498 ) ;
#5154 = CARTESIAN_POINT ( 'NONE',  ( 0.0000000000000000000, -2.021310670506432500E-015, 11.10000000000000000 ) ) ;
#5155 = CARTESIAN_POINT ( 'NONE',  ( -1.338300807568892900, -0.7726683315066076300, -9.729166666666664300 ) ) ;
#5156 = CARTESIAN_POINT ( 'NONE',  ( 1.764863307568892200, 1.018944305707775400, 5.605208333333333600 ) ) ;
#5157 = ORIENTED_EDGE ( 'NONE', *, *, #285, .T. ) ;
#5158 = CARTESIAN_POINT ( 'NONE',  ( 1.338300807568892500, -0.7726683315066094100, -3.283333333333332300 ) ) ;
#5159 = CARTESIAN_POINT ( 'NONE',  ( -1.732050807568891200, 0.9999999999999940000, -8.183333333333335300 ) ) ;
#5160 = EDGE_CURVE ( 'NONE', #190, #2005, #2442, .T. ) ;
#5162 = CARTESIAN_POINT ( 'NONE',  ( -1.732050807568891200, -1.000000000000022400, -5.179166666666660900 ) ) ;
#5161 = CARTESIAN_POINT ( 'NONE',  ( -1.784401076758523700, -1.467836793007023900E-014, -4.274999999999998600 ) ) ;
#5163 = FACE_OUTER_BOUND ( 'NONE', #5952, .T. ) ;
#5164 = DIRECTION ( 'NONE',  ( -0.0000000000000000000, -1.224646799147353200E-016, 1.000000000000000000 ) ) ;
#5165 = CARTESIAN_POINT ( 'NONE',  ( -1.764863307568891500, -1.018944305707808000, 2.498958333333339200 ) ) ;
#5166 = CARTESIAN_POINT ( 'NONE',  ( -1.176575538379261500, -2.037888611415600100, -3.742708333333328900 ) ) ;
#5167 = DIRECTION ( 'NONE',  ( 0.0000000000000000000, 1.000000000000000000, 0.0000000000000000000 ) ) ;
#5168 = ORIENTED_EDGE ( 'NONE', *, *, #264, .F. ) ;
#5169 = CARTESIAN_POINT ( 'NONE',  ( 0.6705224285337977300, -1.392287712682231300, 9.337116993227551700 ) ) ;
#5170 = CARTESIAN_POINT ( 'NONE',  ( -1.892491597964152600E-016, -1.545336663013203900, 8.587500000000002100 ) ) ;
#5171 = CARTESIAN_POINT ( 'NONE',  ( 1.764863307568892200, 1.018944305707776100, 0.005208333333332759700 ) ) ;
#5172 = AXIS2_PLACEMENT_3D ( 'NONE', #4399, #2837, #2974 ) ;
#5173 = CARTESIAN_POINT ( 'NONE',  ( 1.249999999999999300, -0.4503166115752416100, 10.00000000000000000 ) ) ;
#5174 = DIRECTION ( 'NONE',  ( 4.006172263299089900E-016, 1.000000000000000000, 0.0000000000000000000 ) ) ;
#5175 = CARTESIAN_POINT ( 'NONE',  ( -1.338300807568892900, -0.7726683315066081900, -4.829166666666663900 ) ) ;
#5176 = CARTESIAN_POINT ( 'NONE',  ( -1.892491597964152600E-016, -1.545336663013203500, 2.200000000000002400 ) ) ;
#5177 = DIRECTION ( 'NONE',  ( 1.502314598737159000E-016, -1.000000000000000000, 0.0000000000000000000 ) ) ;
#5178 = CARTESIAN_POINT ( 'NONE',  ( -0.8922005383792623900, -1.545336663013201300, -11.07083333333333300 ) ) ;
#5179 = EDGE_LOOP ( 'NONE', ( #2310, #4702, #5585, #4708 ) ) ;
#5180 = CARTESIAN_POINT ( 'NONE',  ( -1.176575538379261500, -2.037888611415601000, 6.013541666666666800 ) ) ;
#5181 = CARTESIAN_POINT ( 'NONE',  ( 0.0000000000000000000, 1.545336663013173100, -3.749999999999998200 ) ) ;
#5182 = DIRECTION ( 'NONE',  ( -0.0000000000000000000, -1.224646799147353200E-016, 1.000000000000000000 ) ) ;
#5184 = CARTESIAN_POINT ( 'NONE',  ( -1.154700538379260800, 2.000000000000001300, -5.354166666666662500 ) ) ;
#5183 = CARTESIAN_POINT ( 'NONE',  ( -1.338300807568892700, 0.7726683315065793200, -4.333333333333331300 ) ) ;
#5185 = CARTESIAN_POINT ( 'NONE',  ( -5.932812024120058800E-012, -1.736065791127861000, 7.689882486540357200 ) ) ;
#5186 = ORIENTED_EDGE ( 'NONE', *, *, #1692, .T. ) ;
#5187 = CARTESIAN_POINT ( 'NONE',  ( -1.176575538379261500, -2.037888611415601000, 3.957291666666671300 ) ) ;
#5188 = CIRCLE ( 'NONE', #5658, 0.2499999999999997800 ) ;
#5189 = DIRECTION ( 'NONE',  ( 1.000000000000000000, -1.224646799147353200E-016, -1.499759782661857600E-032 ) ) ;
#5190 = DIRECTION ( 'NONE',  ( 1.000000000000000000, 0.0000000000000000000, 0.0000000000000000000 ) ) ;
#5191 = CARTESIAN_POINT ( 'NONE',  ( 1.176575538379261800, 2.037888611415570300, -3.392708333333327900 ) ) ;
#5192 = CARTESIAN_POINT ( 'NONE',  ( -1.338300807568892900, -0.7726683315066099600, 9.170833333333336100 ) ) ;
#5193 = CARTESIAN_POINT ( 'NONE',  ( -1.338300807568892700, 0.7726683315065779900, 6.954166666666667500 ) ) ;
#5194 = ORIENTED_EDGE ( 'NONE', *, *, #5082, .F. ) ;
#5195 = LINE ( 'NONE', #4151, #2355 ) ;
#5196 = CARTESIAN_POINT ( 'NONE',  ( 1.176575538379260000, -2.037888611415601000, 0.5302083333333321700 ) ) ;
#5197 = DIRECTION ( 'NONE',  ( -0.0000000000000000000, -1.224646799147353200E-016, 1.000000000000000000 ) ) ;
#5198 = CARTESIAN_POINT ( 'NONE',  ( 0.06294101815055508400, 0.1090170413168734700, 9.449999999999988600 ) ) ;
#5199 = CARTESIAN_POINT ( 'NONE',  ( 1.784401076758523700, -1.508327316500210200E-014, -4.537499999999997000 ) ) ;
#5200 = ORIENTED_EDGE ( 'NONE', *, *, #489, .F. ) ;
#5201 = CARTESIAN_POINT ( 'NONE',  ( 0.0000000000000000000, 1.545336663013172400, 1.150000000000001700 ) ) ;
#5202 = CARTESIAN_POINT ( 'NONE',  ( -1.154700538379261700, -2.000000000000030600, -1.620833333333327600 ) ) ;
#5203 = EDGE_CURVE ( 'NONE', #5299, #3807, #5421, .T. ) ;
#5204 = CARTESIAN_POINT ( 'NONE',  ( -1.338300807568892900, -0.7726683315066075200, -10.42916666666666500 ) ) ;
#5205 = CARTESIAN_POINT ( 'NONE',  ( 1.764863307568890900, -1.018944305707809600, 6.188541666666664800 ) ) ;
#5206 =( BOUNDED_CURVE ( )  B_SPLINE_CURVE ( 2, ( #3477, #6439, #1969, #5524, #354, #2486, #3336 ),
 .UNSPECIFIED., .F., .T. ) 
 B_SPLINE_CURVE_WITH_KNOTS ( ( 3, 2, 2, 3 ),
 ( 0.3690566427175585600, 0.3746121982731140900, 0.3801677538286697400, 0.3857233093842252800 ),
 .UNSPECIFIED. ) 
 CURVE ( )  GEOMETRIC_REPRESENTATION_ITEM ( )  RATIONAL_B_SPLINE_CURVE ( ( 1.000000000000000000, 0.8660254037844387100, 1.000000000000000000, 0.8660254037844387100, 1.000000000000000000, 0.8660254037844387100, 1.000000000000000000 ) ) 
 REPRESENTATION_ITEM ( '' )  );
#5207 = CARTESIAN_POINT ( 'NONE',  ( -1.338300807568892900, -0.7726683315066081900, -4.916666666666664300 ) ) ;
#5208 = CARTESIAN_POINT ( 'NONE',  ( 0.0000000000000000000, 2.000000000000001300, -0.6000000000000005300 ) ) ;
#5210 = CARTESIAN_POINT ( 'NONE',  ( -2.449293598294726600E-016, -2.000000000000030600, -3.050000000000001600 ) ) ;
#5209 = CARTESIAN_POINT ( 'NONE',  ( -0.8922005383792617200, 1.545336663013172900, -0.1916666666666646500 ) ) ;
#5211 = CARTESIAN_POINT ( 'NONE',  ( 1.893098161032481700, 0.1282943377817250500, 7.781342615505247200 ) ) ;
#5212 = CARTESIAN_POINT ( 'NONE',  ( -1.764863307568891500, -1.018944305707808300, 3.898958333333337700 ) ) ;
#5213 = ORIENTED_EDGE ( 'NONE', *, *, #1374, .T. ) ;
#5214 = CARTESIAN_POINT ( 'NONE',  ( -1.468375672974065800, -3.940144098659563800E-015, 11.10000000000000000 ) ) ;
#5215 = EDGE_LOOP ( 'NONE', ( #2610, #3685 ) ) ;
#5216 = ADVANCED_BREP_SHAPE_REPRESENTATION ( '92137A315_Alloy Steel Flanged Button Head Screws', ( #248, #358 ), #5912 ) ;
#5217 = DIRECTION ( 'NONE',  ( -0.0000000000000000000, -1.224646799147364800E-016, 1.000000000000000000 ) ) ;
#5218 = CARTESIAN_POINT ( 'NONE',  ( 0.0000000000000000000, 2.037888611415570300, -1.234374999999994200 ) ) ;
#5219 = EDGE_CURVE ( 'NONE', #2104, #2698, #1073, .T. ) ;
#5220 = CARTESIAN_POINT ( 'NONE',  ( 0.8922005383792627200, 1.545336663013171100, 7.479166666666668700 ) ) ;
#5221 = CARTESIAN_POINT ( 'NONE',  ( 0.8922005383792613900, -1.545336663013202600, -7.454166666666664800 ) ) ;
#5222 = VECTOR ( 'NONE', #2316, 1000.000000000000000 ) ;
#5223 = CARTESIAN_POINT ( 'NONE',  ( -1.764863307568891500, -1.018944305707807800, 1.755208333333332600 ) ) ;
#5224 = CARTESIAN_POINT ( 'NONE',  ( 1.249999999999999600, -0.7216878364870351600, 11.08556624327025700 ) ) ;
#5225 = CARTESIAN_POINT ( 'NONE',  ( -0.6249999999999994400, 1.082531754730545300, 9.999999999999984000 ) ) ;
#5226 = CARTESIAN_POINT ( 'NONE',  ( -1.891316354340869300, 0.03791656441576003700, -10.77491873235952200 ) ) ;
#5227 = CARTESIAN_POINT ( 'NONE',  ( 1.338300807568892500, -0.7726683315066095200, -2.495833333333330900 ) ) ;
#5228 = CARTESIAN_POINT ( 'NONE',  ( -1.732050807568891200, -1.000000000000022400, -4.479166666666661600 ) ) ;
#5229 = CARTESIAN_POINT ( 'NONE',  ( 0.8922005383792613900, -1.545336663013203700, 2.258333333333334600 ) ) ;
#5230 = CARTESIAN_POINT ( 'NONE',  ( -1.250000000000000000, 0.7216878364870290600, 10.00000000000000000 ) ) ;
#5231 = CARTESIAN_POINT ( 'NONE',  ( -1.338300807568892900, -0.7726683315066080700, -6.229166666666664300 ) ) ;
#5232 = DATE_AND_TIME ( #3391, #6083 ) ;
#5233 = CARTESIAN_POINT ( 'NONE',  ( -1.176575538379261500, -2.037888611415601800, 9.513541666666666800 ) ) ;
#5234 = AXIS2_PLACEMENT_3D ( 'NONE', #4697, #2165, #6177 ) ;
#5235 = CARTESIAN_POINT ( 'NONE',  ( -1.338300807568892700, 0.7726683315065791000, -2.933333333333331300 ) ) ;
#5236 = CARTESIAN_POINT ( 'NONE',  ( 0.0000000000000000000, -2.021310670506432500E-015, 11.10000000000000000 ) ) ;
#5237 = CARTESIAN_POINT ( 'NONE',  ( 0.0000000000000000000, 1.545336663013172600, -0.2499999999999985000 ) ) ;
#5238 = CARTESIAN_POINT ( 'NONE',  ( -1.270023856846321400, -1.063300795001211000, 7.640657012561963900 ) ) ;
#5239 = CC_DESIGN_SECURITY_CLASSIFICATION ( #2860, ( #438 ) ) ;
#5240 = CYLINDRICAL_SURFACE ( 'NONE', #4774, 2.000000000000001800 ) ;
#5241 = CARTESIAN_POINT ( 'NONE',  ( -2.353151076758521800, -1.538024362683156400E-014, 1.740625000000004300 ) ) ;
#5242 = EDGE_LOOP ( 'NONE', ( #4823, #513, #4927, #475 ) ) ;
#5243 = AXIS2_PLACEMENT_3D ( 'NONE', #6185, #2096, #5652 ) ;
#5244 = DIRECTION ( 'NONE',  ( -0.0000000000000000000, -0.0000000000000000000, 1.000000000000000000 ) ) ;
#5245 = ORIENTED_EDGE ( 'NONE', *, *, #6422, .T. ) ;
#5246 = VERTEX_POINT ( 'NONE', #5314 ) ;
#5247 = CARTESIAN_POINT ( 'NONE',  ( 1.176575538379261800, 2.037888611415569400, -1.292708333333328000 ) ) ;
#5248 = CARTESIAN_POINT ( 'NONE',  ( -2.449293598294726100E-016, -2.000000000000032000, 7.537500000000005000 ) ) ;
#5249 = CARTESIAN_POINT ( 'NONE',  ( 0.0000000000000000000, 1.545336663013171500, 8.237500000000002500 ) ) ;
#5250 = CARTESIAN_POINT ( 'NONE',  ( 0.8922005383792613900, -1.545336663013202800, -6.054166666666664500 ) ) ;
#5251 = ORIENTED_EDGE ( 'NONE', *, *, #4285, .F. ) ;
#5252 = VECTOR ( 'NONE', #3060, 1000.000000000000000 ) ;
#5253 = CARTESIAN_POINT ( 'NONE',  ( 1.176575538379260000, -2.037888611415601800, 3.330208333333332300 ) ) ;
#5254 = CARTESIAN_POINT ( 'NONE',  ( -2.449293598294726100E-016, -2.000000000000030600, -5.762499999999994800 ) ) ;
#5255 = CARTESIAN_POINT ( 'NONE',  ( -0.06294101815055507000, -0.1090170413168792300, 9.449999999999990400 ) ) ;
#5256 = CARTESIAN_POINT ( 'NONE',  ( -1.764863307568891500, -1.018944305707806300, -10.84479166666666700 ) ) ;
#5257 = CARTESIAN_POINT ( 'NONE',  ( -1.892491597964152600E-016, -1.545336663013202800, -3.312499999999997800 ) ) ;
#5258 = CARTESIAN_POINT ( 'NONE',  ( -1.732050807568891400, -1.000000000000022000, -9.466666666666668600 ) ) ;
#5259 = CARTESIAN_POINT ( 'NONE',  ( 0.8922005383792613900, -1.545336663013203700, 2.958333333333335700 ) ) ;
#5260 = CARTESIAN_POINT ( 'NONE',  ( -1.892491597964152600E-016, -1.545336663013202400, -5.412499999999997900 ) ) ;
#5261 = CARTESIAN_POINT ( 'NONE',  ( -1.784401076758523700, -1.391755610609994800E-014, -10.48749999999999700 ) ) ;
#5262 = CARTESIAN_POINT ( 'NONE',  ( 0.8922005383792627200, 1.545336663013172900, -3.808333333333331800 ) ) ;
#5263 = DIRECTION ( 'NONE',  ( -0.0000000000000000000, -1.224646799147353200E-016, 1.000000000000000000 ) ) ;
#5264 = CARTESIAN_POINT ( 'NONE',  ( 1.338300807568892500, -0.7726683315066096300, -1.883333333333332400 ) ) ;
#5265 = APPLICATION_PROTOCOL_DEFINITION ( 'international standard', 'config_control_design', 1994, #1242 ) ;
#5266 = CARTESIAN_POINT ( 'NONE',  ( 1.764863307568890900, -1.018944305707809800, 7.632291666666672500 ) ) ;
#5267 = EDGE_CURVE ( 'NONE', #432, #2360, #3345, .T. ) ;
#5268 = ORIENTED_EDGE ( 'NONE', *, *, #1590, .T. ) ;
#5269 = ORIENTED_EDGE ( 'NONE', *, *, #4435, .F. ) ;
#5270 = CARTESIAN_POINT ( 'NONE',  ( 1.732050807568892100, 0.9999999999999911200, 3.483333333333332500 ) ) ;
#5271 = CARTESIAN_POINT ( 'NONE',  ( 1.176575538379260000, -2.037888611415601000, -0.1260416666666614400 ) ) ;
#5272 = CARTESIAN_POINT ( 'NONE',  ( 1.338300807568892500, -0.7726683315066088500, -7.395833333333330400 ) ) ;
#5273 = CARTESIAN_POINT ( 'NONE',  ( 2.353151076758521800, -1.616555477374857800E-014, 3.446874999999998600 ) ) ;
#5274 = ORIENTED_EDGE ( 'NONE', *, *, #4582, .F. ) ;
#5275 = CARTESIAN_POINT ( 'NONE',  ( 1.732050807568890500, -1.000000000000023500, -7.045833333333328100 ) ) ;
#5276 = CARTESIAN_POINT ( 'NONE',  ( -1.243172892659815300, 0.6219519608812341700, 9.999999999999994700 ) ) ;
#5277 = CARTESIAN_POINT ( 'NONE',  ( -1.693031136916938400, -0.9235253432415847500, -10.73794331936539200 ) ) ;
#5278 = CARTESIAN_POINT ( 'NONE',  ( -1.338300807568892700, 0.7726683315065793200, -4.245833333333330900 ) ) ;
#5279 = CARTESIAN_POINT ( 'NONE',  ( -1.892491597964152600E-016, -1.545336663013203500, 4.300000000000001600 ) ) ;
#5280 = CARTESIAN_POINT ( 'NONE',  ( 1.338300807568893600, 0.7726683315065783200, -5.879166666666664700 ) ) ;
#5281 = CARTESIAN_POINT ( 'NONE',  ( -1.764863307568891300, 1.018944305707776700, 7.938541666666666600 ) ) ;
#5282 = CARTESIAN_POINT ( 'NONE',  ( 0.0000000000000000000, 1.545336663013172600, -0.9499999999999977400 ) ) ;
#5283 = FACE_OUTER_BOUND ( 'NONE', #2440, .T. ) ;
#5284 = DIRECTION ( 'NONE',  ( 0.0000000000000000000, -1.000000000000000000, 0.0000000000000000000 ) ) ;
#5286 = CARTESIAN_POINT ( 'NONE',  ( -1.732050807568891000, 0.9999999999999941200, -9.495833333333328200 ) ) ;
#5285 = CARTESIAN_POINT ( 'NONE',  ( 1.784401076758523700, -1.558690916115145400E-014, -0.4249999999999983200 ) ) ;
#5287 = CARTESIAN_POINT ( 'NONE',  ( -1.764863307568891300, 1.018944305707777200, 4.482291666666673000 ) ) ;
#5288 = DIRECTION ( 'NONE',  ( 1.224646799147353000E-016, 1.000000000000000000, 0.0000000000000000000 ) ) ;
#5289 = VERTEX_POINT ( 'NONE', #1830 ) ;
#5290 = DIRECTION ( 'NONE',  ( 0.0000000000000000000, 1.000000000000000000, 0.0000000000000000000 ) ) ;
#5291 = CARTESIAN_POINT ( 'NONE',  ( 1.784401076758523700, -1.456892150936021900E-014, -8.737499999999997200 ) ) ;
#5292 = VERTEX_POINT ( 'NONE', #4334 ) ;
#5293 = AXIS2_PLACEMENT_3D ( 'NONE', #4849, #5862, #3727 ) ;
#5294 = CARTESIAN_POINT ( 'NONE',  ( -0.1018377686598890700, 0.07252680918656077800, 9.450000000000001100 ) ) ;
#5295 = CARTESIAN_POINT ( 'NONE',  ( -0.8922005383792617200, 1.545336663013172400, 1.295833333333336300 ) ) ;
#5296 = CARTESIAN_POINT ( 'NONE',  ( -1.892491597964152600E-016, -1.545336663013203900, 7.800000000000001600 ) ) ;
#5297 = EDGE_CURVE ( 'NONE', #2613, #86, #3039, .T. ) ;
#5298 = CARTESIAN_POINT ( 'NONE',  ( -0.8922005383792623900, -1.545336663013201900, -4.770833333333330400 ) ) ;
#5299 = VERTEX_POINT ( 'NONE', #4265 ) ;
#5300 = ORIENTED_EDGE ( 'NONE', *, *, #2754, .F. ) ;
#5301 = CARTESIAN_POINT ( 'NONE',  ( 0.8922005383792613900, -1.545336663013203300, -0.5416666666666659600 ) ) ;
#5303 = DIRECTION ( 'NONE',  ( -0.0000000000000000000, -1.224646799147353200E-016, 1.000000000000000000 ) ) ;
#5302 = CARTESIAN_POINT ( 'NONE',  ( 0.8922005383792613900, -1.545336663013203300, -1.941666666666664400 ) ) ;
#5304 = FACE_BOUND ( 'NONE', #3808, .T. ) ;
#5305 = MECHANICAL_CONTEXT ( 'NONE', #234, 'mechanical' ) ;
#5306 = CARTESIAN_POINT ( 'NONE',  ( -1.176575538379260700, 2.037888611415569400, 5.823958333333338000 ) ) ;
#5307 = CARTESIAN_POINT ( 'NONE',  ( 0.01433848335475022500, 0.1241749084762489900, 9.450000000000001100 ) ) ;
#5308 = CARTESIAN_POINT ( 'NONE',  ( 1.154700538379260100, -2.000000000000032400, 6.895833333333340100 ) ) ;
#5309 = FACE_OUTER_BOUND ( 'NONE', #4851, .T. ) ;
#5310 = CARTESIAN_POINT ( 'NONE',  ( -2.449293598294726600E-016, -2.000000000000032000, 3.249999999999999100 ) ) ;
#5311 = CARTESIAN_POINT ( 'NONE',  ( -1.732050807568891200, -1.000000000000024000, 7.420833333333337800 ) ) ;
#5312 = CARTESIAN_POINT ( 'NONE',  ( -1.732050807568891200, 0.9999999999999931200, -0.4833333333333344500 ) ) ;
#5313 = CARTESIAN_POINT ( 'NONE',  ( 1.338300807568893600, 0.7726683315065785400, -7.979166666666664300 ) ) ;
#5314 = CARTESIAN_POINT ( 'NONE',  ( -2.449293598294726100E-016, -2.000000000000030200, -7.162499999999994300 ) ) ;
#5315 = CARTESIAN_POINT ( 'NONE',  ( -1.014985625370285800, -0.8573734489429322100, 10.00000000000000000 ) ) ;
#5316 = CARTESIAN_POINT ( 'NONE',  ( 0.0000000000000000000, 2.000000000000001300, -6.112499999999994500 ) ) ;
#5317 = CARTESIAN_POINT ( 'NONE',  ( -1.892491597964152600E-016, -1.545336663013203300, 0.8875000000000028400 ) ) ;
#5318 = CARTESIAN_POINT ( 'NONE',  ( 1.154700538379261700, 2.000000000000000900, -7.570833333333326600 ) ) ;
#5319 = CARTESIAN_POINT ( 'NONE',  ( 0.8922005383792627200, 1.545336663013171100, 8.091666666666666800 ) ) ;
#5320 = CARTESIAN_POINT ( 'NONE',  ( -1.732050807568891400, -1.000000000000023800, 6.633333333333332900 ) ) ;
#5321 = CARTESIAN_POINT ( 'NONE',  ( -0.8922005383792617200, 1.545336663013173500, -7.804166666666664500 ) ) ;
#5322 = EDGE_LOOP ( 'NONE', ( #6186, #5023, #6277, #6373, #2, #302 ) ) ;
#5323 = LINE ( 'NONE', #1929, #5477 ) ;
#5324 = VERTEX_POINT ( 'NONE', #1229 ) ;
#5325 = CARTESIAN_POINT ( 'NONE',  ( 1.338300807568892500, -0.7726683315066099600, 0.9166666666666680700 ) ) ;
#5327 = DIRECTION ( 'NONE',  ( 0.0000000000000000000, 1.224646799147352700E-016, -1.000000000000000000 ) ) ;
#5326 = CARTESIAN_POINT ( 'NONE',  ( 0.8922005383792613900, -1.545336663013203700, 2.958333333333335700 ) ) ;
#5328 = CYLINDRICAL_SURFACE ( 'NONE', #1648, 2.000000000000001800 ) ;
#5329 = CARTESIAN_POINT ( 'NONE',  ( 1.176575538379261800, 2.037888611415569000, 6.407291666666671900 ) ) ;
#5330 = CARTESIAN_POINT ( 'NONE',  ( -2.449293598294726600E-016, -2.000000000000029800, -10.05000000000000200 ) ) ;
#5331 = ORIENTED_EDGE ( 'NONE', *, *, #611, .F. ) ;
#5332 = CARTESIAN_POINT ( 'NONE',  ( -0.1562500000139287200, -1.353164693405146400, 10.00000000000000000 ) ) ;
#5333 = DIRECTION ( 'NONE',  ( -0.0000000000000000000, -1.224646799147353200E-016, 1.000000000000000000 ) ) ;
#5334 = CARTESIAN_POINT ( 'NONE',  ( 1.338300807568893600, 0.7726683315065781000, -4.479166666666664300 ) ) ;
#5335 = EDGE_CURVE ( 'NONE', #6024, #2692, #5125, .T. ) ;
#5336 = CARTESIAN_POINT ( 'NONE',  ( 0.0000000000000000000, -2.000000000000004000, 11.10000000000000000 ) ) ;
#5337 = CARTESIAN_POINT ( 'NONE',  ( -1.155263624115358400, -1.044704681654467400, -11.10000000000000300 ) ) ;
#5338 = CARTESIAN_POINT ( 'NONE',  ( 2.353151076758521800, -1.462249980682290800E-014, -9.153125000000001100 ) ) ;
#5339 = CARTESIAN_POINT ( 'NONE',  ( 1.784401076758523700, -1.559762482064399100E-014, -0.3374999999999975200 ) ) ;
#5340 = CARTESIAN_POINT ( 'NONE',  ( 1.154700538379261700, 2.000000000000000000, -0.5708333333333287500 ) ) ;
#5341 = CARTESIAN_POINT ( 'NONE',  ( 0.8922005383792613900, -1.545336663013203900, 5.058333333333335300 ) ) ;
#5342 = CARTESIAN_POINT ( 'NONE',  ( 0.8922005383792627200, 1.545336663013172900, -3.720833333333331400 ) ) ;
#5343 = CARTESIAN_POINT ( 'NONE',  ( -1.338300807568892700, 0.7726683315065788800, -0.8333333333333317100 ) ) ;
#5345 = CARTESIAN_POINT ( 'NONE',  ( 0.0000000000000000000, 2.000000000000000000, 4.387500000000005500 ) ) ;
#5344 = CARTESIAN_POINT ( 'NONE',  ( -1.892491597964152600E-016, -1.545336663013203500, 2.900000000000001700 ) ) ;
#5346 = ORIENTED_EDGE ( 'NONE', *, *, #6221, .T. ) ;
#5347 = CARTESIAN_POINT ( 'NONE',  ( -1.176575538379261500, -2.037888611415601000, 7.457291666666671800 ) ) ;
#5348 = DIRECTION ( 'NONE',  ( -0.0000000000000000000, -1.224646799147353200E-016, 1.000000000000000000 ) ) ;
#5349 = EDGE_CURVE ( 'NONE', #1798, #1791, #6184, .T. ) ;
#5350 = CARTESIAN_POINT ( 'NONE',  ( -1.892491597964152600E-016, -1.545336663013201900, -9.699999999999999300 ) ) ;
#5351 = CARTESIAN_POINT ( 'NONE',  ( -0.9398801273266336200, -1.242883606451278300, -11.09999999999999800 ) ) ;
#5352 = CARTESIAN_POINT ( 'NONE',  ( -2.449293598294726100E-016, -2.000000000000030600, -4.362499999999994500 ) ) ;
#5353 = CARTESIAN_POINT ( 'NONE',  ( 0.8922005383792627200, 1.545336663013172900, -5.120833333333330900 ) ) ;
#5354 = LINE ( 'NONE', #4300, #6401 ) ;
#5355 =( BOUNDED_CURVE ( )  B_SPLINE_CURVE ( 2, ( #4004, #3481, #6586, #1036, #3048, #2032, #5512 ),
 .UNSPECIFIED., .F., .T. ) 
 B_SPLINE_CURVE_WITH_KNOTS ( ( 3, 2, 2, 3 ),
 ( 0.2333333333333333400, 0.2388888888888889300, 0.2444444444444445200, 0.2500000000000001100 ),
 .UNSPECIFIED. ) 
 CURVE ( )  GEOMETRIC_REPRESENTATION_ITEM ( )  RATIONAL_B_SPLINE_CURVE ( ( 1.000000000000000000, 0.8660254037844388200, 1.000000000000000000, 0.8660254037844388200, 1.000000000000000000, 0.8660254037844361500, 1.000000000000002700 ) ) 
 REPRESENTATION_ITEM ( '' )  );
#5356 = DIRECTION ( 'NONE',  ( -0.0000000000000000000, -1.224646799147353200E-016, 1.000000000000000000 ) ) ;
#5357 = CARTESIAN_POINT ( 'NONE',  ( 9.994988777600744000E-017, 0.1250665896092388900, 9.450000000000002800 ) ) ;
#5358 = CARTESIAN_POINT ( 'NONE',  ( -1.176575538379260700, 2.037888611415571600, -10.31979166666666700 ) ) ;
#5359 = CARTESIAN_POINT ( 'NONE',  ( 1.784401076758523700, -1.576907537252462300E-014, 1.062500000000002700 ) ) ;
#5360 = DIRECTION ( 'NONE',  ( -0.0000000000000000000, -1.224646799147353200E-016, 1.000000000000000000 ) ) ;
#5361 = CARTESIAN_POINT ( 'NONE',  ( 1.784401076758523700, -1.627271136867397100E-014, 5.175000000000003400 ) ) ;
#5362 = ORIENTED_EDGE ( 'NONE', *, *, #1030, .F. ) ;
#5363 = CYLINDRICAL_SURFACE ( 'NONE', #2853, 2.000000000000001800 ) ;
#5364 = CARTESIAN_POINT ( 'NONE',  ( 1.338300807568893600, 0.7726683315065778800, -2.379166666666664700 ) ) ;
#5365 = CARTESIAN_POINT ( 'NONE',  ( -1.338300807568892700, 0.7726683315065791000, -2.233333333333332100 ) ) ;
#5367 = CARTESIAN_POINT ( 'NONE',  ( 0.0000000000000000000, 2.000000000000000000, 4.387500000000005500 ) ) ;
#5366 = CARTESIAN_POINT ( 'NONE',  ( -0.8922005383792617200, 1.545336663013172200, 2.608333333333333800 ) ) ;
#5368 = VERTEX_POINT ( 'NONE', #329 ) ;
#5369 = CARTESIAN_POINT ( 'NONE',  ( 1.732050807568890700, -1.000000000000024000, -0.8333333333333341500 ) ) ;
#5370 = CARTESIAN_POINT ( 'NONE',  ( 1.732050807568892100, 0.9999999999999920100, -3.516666666666667900 ) ) ;
#5371 = CARTESIAN_POINT ( 'NONE',  ( -1.732050807568891000, 0.9999999999999920100, 7.304166666666673400 ) ) ;
#5372 = VERTEX_POINT ( 'NONE', #834 ) ;
#5373 = CARTESIAN_POINT ( 'NONE',  ( 0.9374999999999995600, 0.5412658773652709900, 10.00000000000000000 ) ) ;
#5374 = CARTESIAN_POINT ( 'NONE',  ( -0.8922005383792617200, 1.545336663013173100, -5.004166666666664700 ) ) ;
#5375 = ORIENTED_EDGE ( 'NONE', *, *, #5503, .F. ) ;
#5376 = CARTESIAN_POINT ( 'NONE',  ( -1.154700538379260800, 2.000000000000000900, -0.4541666666666611700 ) ) ;
#5377 = CARTESIAN_POINT ( 'NONE',  ( -1.764863307568891300, 1.018944305707779200, -10.26145833333333400 ) ) ;
#5378 = CARTESIAN_POINT ( 'NONE',  ( -0.8922005383792623900, -1.545336663013203000, 3.629166666666669500 ) ) ;
#5379 = CARTESIAN_POINT ( 'NONE',  ( -0.8922005383792617200, 1.545336663013171500, 7.508333333333337300 ) ) ;
#5380 = CARTESIAN_POINT ( 'NONE',  ( 1.784401076758523700, -1.551189954470368100E-014, -1.037499999999998500 ) ) ;
#5381 = FACE_OUTER_BOUND ( 'NONE', #4282, .T. ) ;
#5382 = CARTESIAN_POINT ( 'NONE',  ( -1.338300807568892900, -0.7726683315066074100, -11.12916666666666500 ) ) ;
#5383 = EDGE_CURVE ( 'NONE', #445, #5517, #57, .T. ) ;
#5384 = CARTESIAN_POINT ( 'NONE',  ( 1.338300807568892500, -0.7726683315066100700, 1.616666666666668900 ) ) ;
#5385 = CARTESIAN_POINT ( 'NONE',  ( 0.8922005383792627200, 1.545336663013171700, 3.191666666666667300 ) ) ;
#5386 = DIRECTION ( 'NONE',  ( -0.8660254037844383700, 0.5000000000000003300, 0.0000000000000000000 ) ) ;
#5387 = CARTESIAN_POINT ( 'NONE',  ( -2.309401076758521100, -1.451763303768214500E-014, -5.325000000000001100 ) ) ;
#5388 = CARTESIAN_POINT ( 'NONE',  ( 0.0000000000000000000, 2.000000000000000400, 3.687500000000005300 ) ) ;
#5389 = FACE_OUTER_BOUND ( 'NONE', #1995, .T. ) ;
#5390 = CARTESIAN_POINT ( 'NONE',  ( -1.732050807568891200, 0.9999999999999926700, 3.016666666666665300 ) ) ;
#5391 = CARTESIAN_POINT ( 'NONE',  ( -1.732050807568891200, 0.9999999999999940000, -7.483333333333335200 ) ) ;
#5392 = CARTESIAN_POINT ( 'NONE',  ( -1.338300807568892900, -0.7726683315066081900, -5.529166666666664100 ) ) ;
#5393 = ORIENTED_EDGE ( 'NONE', *, *, #3614, .T. ) ;
#5394 = CARTESIAN_POINT ( 'NONE',  ( 0.0000000000000000000, 2.000000000000000400, 4.299999999999999800 ) ) ;
#5395 = ORIENTED_EDGE ( 'NONE', *, *, #6460, .T. ) ;
#5396 = ORIENTED_EDGE ( 'NONE', *, *, #3770, .T. ) ;
#5397 = CARTESIAN_POINT ( 'NONE',  ( -2.353151076758521800, -1.391755610609994800E-014, -10.20312500000000000 ) ) ;
#5398 = CARTESIAN_POINT ( 'NONE',  ( 0.8922005383792627200, 1.545336663013171500, 5.379166666666668200 ) ) ;
#5399 = CARTESIAN_POINT ( 'NONE',  ( 2.309401076758521600, -1.513685146246480000E-014, -4.887499999999994800 ) ) ;
#5400 = CARTESIAN_POINT ( 'NONE',  ( -1.338300807568892900, -0.7726683315066098500, 8.383333333333336400 ) ) ;
#5401 = VERTEX_POINT ( 'NONE', #4892 ) ;
#5402 = CARTESIAN_POINT ( 'NONE',  ( 0.0000000000000000000, 1.545336663013172600, -1.562499999999998000 ) ) ;
#5403 = CARTESIAN_POINT ( 'NONE',  ( -1.892491597964152600E-016, -1.545336663013203300, 0.1875000000000018900 ) ) ;
#5404 = FACE_OUTER_BOUND ( 'NONE', #5215, .T. ) ;
#5405 = CARTESIAN_POINT ( 'NONE',  ( 1.764863307568890900, -1.018944305707809800, 8.988541666666664700 ) ) ;
#5406 = CARTESIAN_POINT ( 'NONE',  ( 0.8922005383792613900, -1.545336663013203500, 1.558333333333335300 ) ) ;
#5408 = CARTESIAN_POINT ( 'NONE',  ( 1.647609832938207600, -0.2650224914310685400, -11.00712809421656300 ) ) ;
#5407 = CARTESIAN_POINT ( 'NONE',  ( 0.0000000000000000000, -2.021310670506432500E-015, 11.10000000000000000 ) ) ;
#5409 = CARTESIAN_POINT ( 'NONE',  ( -1.176575538379260700, 2.037888611415569000, 8.623958333333337800 ) ) ;
#5410 = CARTESIAN_POINT ( 'NONE',  ( -0.2350143746297142200, -1.307690060518170300, 10.00000000000000000 ) ) ;
#5411 = CARTESIAN_POINT ( 'NONE',  ( -1.784401076758523700, -1.433546682630897900E-014, -7.074999999999997500 ) ) ;
#5412 = ADVANCED_FACE ( 'NONE', ( #2586 ), #5601, .F. ) ;
#5413 = AXIS2_PLACEMENT_3D ( 'NONE', #3309, #1736, #267 ) ;
#5414 = CARTESIAN_POINT ( 'NONE',  ( 0.0000000000000000000, 2.000000000000000900, -2.612499999999994000 ) ) ;
#5415 = CARTESIAN_POINT ( 'NONE',  ( 1.154700538379261900, -2.000000000000028000, -9.291666666666666100 ) ) ;
#5416 = CARTESIAN_POINT ( 'NONE',  ( 2.449293598294708900E-016, 1.999999999999999600, 11.10000000000000000 ) ) ;
#5417 = CARTESIAN_POINT ( 'NONE',  ( 0.0000000000000000000, 1.545336663013172900, -2.262499999999997100 ) ) ;
#5418 = EDGE_LOOP ( 'NONE', ( #1376, #3986, #4367, #5953 ) ) ;
#5419 = EDGE_CURVE ( 'NONE', #4385, #1079, #5017, .T. ) ;
#5420 = ORIENTED_EDGE ( 'NONE', *, *, #3672, .T. ) ;
#5421 =( BOUNDED_CURVE ( )  B_SPLINE_CURVE ( 2, ( #3166, #3681, #5756, #6266, #3217, #1672, #2178 ),
 .UNSPECIFIED., .F., .F. ) 
 B_SPLINE_CURVE_WITH_KNOTS ( ( 3, 2, 2, 3 ),
 ( 0.3333333333333333700, 0.3388888888888889600, 0.3444444444444445000, 0.3500000000000000300 ),
 .UNSPECIFIED. ) 
 CURVE ( )  GEOMETRIC_REPRESENTATION_ITEM ( )  RATIONAL_B_SPLINE_CURVE ( ( 0.9999999999999986700, 0.8660254037844401500, 1.000000000000000000, 0.8660254037844388200, 1.000000000000000000, 0.8660254037844374900, 1.000000000000001300 ) ) 
 REPRESENTATION_ITEM ( '' )  );
#5422 = CARTESIAN_POINT ( 'NONE',  ( 2.309401076758521100, -1.624056439019634700E-014, 4.124999999999998200 ) ) ;
#5423 = B_SPLINE_SURFACE_WITH_KNOTS ( 'NONE', 3, 1, ( 
 ( #320, #5307 ),
 ( #6492, #3933 ),
 ( #5984, #5941 ),
 ( #6473, #5457 ),
 ( #5497, #2405 ),
 ( #1940, #3445 ),
 ( #1413, #5476 ),
 ( #2423, #2459 ),
 ( #908, #5999 ),
 ( #3404, #2889 ),
 ( #3896, #3384 ),
 ( #1437, #3425 ),
 ( #4388, #4951 ),
 ( #385, #1907 ),
 ( #1925, #6514 ),
 ( #6535, #5435 ),
 ( #2910, #3914 ),
 ( #4411, #1864 ),
 ( #2947, #406 ),
 ( #5921, #888 ),
 ( #4459, #4432 ),
 ( #927, #425 ),
 ( #6450, #1393 ),
 ( #3955, #2381 ),
 ( #5967, #2926 ),
 ( #4972, #4906 ),
 ( #867, #4477 ),
 ( #3462, #367 ),
 ( #2439, #4993 ),
 ( #2962, #447 ),
 ( #848, #1347 ),
 ( #5410, #1371 ),
 ( #4929, #1884 ),
 ( #2017, #2494 ),
 ( #462, #1023 ),
 ( #2980, #521 ),
 ( #6100, #4568 ),
 ( #4049, #6037 ),
 ( #983, #2996 ),
 ( #1452, #1493 ),
 ( #6568, #3486 ),
 ( #965, #5552 ),
 ( #5063, #5030 ),
 ( #5530, #3013 ),
 ( #14, #6550 ),
 ( #3991, #947 ),
 ( #3976, #2553 ),
 ( #3501, #1994 ),
 ( #479, #3541 ),
 ( #3053, #4009 ),
 ( #37, #4494 ),
 ( #3567, #4512 ),
 ( #5012, #2475 ),
 ( #5572, #1472 ),
 ( #502, #1959 ),
 ( #1977, #4530 ),
 ( #5048, #5516 ),
 ( #1535, #6019 ),
 ( #6589, #2534 ),
 ( #2037, #6076 ),
 ( #2514, #6057 ),
 ( #3523, #4030 ) ),
 .UNSPECIFIED., .T., .F., .F.,
 ( 4, 1, 1, 1, 2, 1, 1, 1, 2, 1, 1, 1, 2, 1, 1, 1, 2, 1, 1, 1, 2, 1, 1, 1, 2, 1, 1, 1, 2, 1, 1, 1, 2, 1, 1, 1, 2, 1, 1, 1, 2, 1, 1, 1, 2, 1, 1, 1, 4 ),
 ( 2, 2 ),
 ( 0.0000000000000000000, 0.03225652298787770600, 0.06451304597575541200, 0.09676956896363311800, 0.1290260919515108200, 0.1384362356302997500, 0.1478463793090886700, 0.1572565229878776500, 0.1666666666666665700, 0.1989231896545443100, 0.2311797126424221000, 0.2634362356302998300, 0.2956927586181775600, 0.3051029022969665200, 0.3145130459757554700, 0.3239231896545444200, 0.3333333333333333700, 0.3655898563212111000, 0.3978463793090887800, 0.4301029022969664600, 0.4623594252848441900, 0.4717695689636331500, 0.4811797126424219900, 0.4905898563212109900, 0.4999999999999999400, 0.5322565229878777300, 0.5645130459757554700, 0.5967695689636332000, 0.6290260919515109400, 0.6384362356302999400, 0.6478463793090889500, 0.6572565229878777300, 0.6666666666666666300, 0.6989231896545443600, 0.7311797126424219900, 0.7634362356302997200, 0.7956927586181774500, 0.8051029022969664600, 0.8145130459757552500, 0.8239231896545442500, 0.8333333333333332600, 0.8655898563212109900, 0.8978463793090887300, 0.9301029022969664600, 0.9623594252848441900, 0.9717695689636332000, 0.9811797126424221000, 0.9905898563212108800, 1.000000000000000000 ),
 ( 0.0000000000000000000, 1.000000000000000000 ),
 .UNSPECIFIED. ) ;
#5424 = CARTESIAN_POINT ( 'NONE',  ( -1.784401076758523700, -1.546061107302561000E-014, 2.112500000000001600 ) ) ;
#5425 = CARTESIAN_POINT ( 'NONE',  ( -2.449293598294726100E-016, -2.000000000000030600, -5.062499999999994700 ) ) ;
#5426 = CARTESIAN_POINT ( 'NONE',  ( 0.8922005383792627200, 1.545336663013171100, 8.791666666666666100 ) ) ;
#5427 = CARTESIAN_POINT ( 'NONE',  ( 0.8922005383792613900, -1.545336663013203000, -3.954166666666663900 ) ) ;
#5428 = CARTESIAN_POINT ( 'NONE',  ( -0.8922005383792617200, 1.545336663013172200, 2.695833333333335100 ) ) ;
#5429 = ORIENTED_EDGE ( 'NONE', *, *, #4923, .T. ) ;
#5430 = CARTESIAN_POINT ( 'NONE',  ( 1.176575538379260000, -2.037888611415600500, -7.169791666666667700 ) ) ;
#5431 = CARTESIAN_POINT ( 'NONE',  ( -1.892491597964152600E-016, -1.545336663013203500, 2.900000000000001700 ) ) ;
#5433 = CARTESIAN_POINT ( 'NONE',  ( -1.154700538379261700, -2.000000000000031500, 5.379166666666673500 ) ) ;
#5432 = CARTESIAN_POINT ( 'NONE',  ( -1.338300807568892900, -0.7726683315066096300, 6.283333333333335000 ) ) ;
#5434 = CARTESIAN_POINT ( 'NONE',  ( -1.093749999999612500, -0.8118988160481376300, 10.00000000000000000 ) ) ;
#5435 = CARTESIAN_POINT ( 'NONE',  ( 0.1180634655157347500, -0.04192054041507269100, 9.450000000000001100 ) ) ;
#5436 = EDGE_CURVE ( 'NONE', #5872, #6005, #388, .T. ) ;
#5437 = CARTESIAN_POINT ( 'NONE',  ( -0.8922005383792623900, -1.545336663013201900, -6.958333333333332100 ) ) ;
#5438 = FACE_OUTER_BOUND ( 'NONE', #4846, .T. ) ;
#5439 = DIRECTION ( 'NONE',  ( -0.0000000000000000000, -1.224646799147353200E-016, 1.000000000000000000 ) ) ;
#5440 =( BOUNDED_CURVE ( )  B_SPLINE_CURVE ( 2, ( #2214, #185, #5770, #3716, #659, #1168, #5210 ),
 .UNSPECIFIED., .F., .T. ) 
 B_SPLINE_CURVE_WITH_KNOTS ( ( 3, 2, 2, 3 ),
 ( 0.3666666666666667000, 0.3722222222222222900, 0.3777777777777778200, 0.3833333333333334100 ),
 .UNSPECIFIED. ) 
 CURVE ( )  GEOMETRIC_REPRESENTATION_ITEM ( )  RATIONAL_B_SPLINE_CURVE ( ( 0.9999999999999986700, 0.8660254037844401500, 1.000000000000000000, 0.8660254037844388200, 1.000000000000000000, 0.8660254037844374900, 1.000000000000001300 ) ) 
 REPRESENTATION_ITEM ( '' )  );
#5441 = CARTESIAN_POINT ( 'NONE',  ( 0.8922005383792613900, -1.545336663013203300, -1.154166666666664300 ) ) ;
#5442 = EDGE_LOOP ( 'NONE', ( #6283, #3502, #5186, #3451 ) ) ;
#5443 = CARTESIAN_POINT ( 'NONE',  ( 0.0000000000000000000, 2.000000000000001800, -3.400000000000001200 ) ) ;
#5444 = CARTESIAN_POINT ( 'NONE',  ( 0.8922005383792613900, -1.545336663013203900, 3.745833333333335300 ) ) ;
#5445 = CARTESIAN_POINT ( 'NONE',  ( -1.338300807568892900, -0.7726683315066099600, 9.083333333333335700 ) ) ;
#5446 = ADVANCED_FACE ( 'NONE', ( #3790 ), #2288, .T. ) ;
#5447 = CARTESIAN_POINT ( 'NONE',  ( 0.8922005383792613900, -1.545336663013203700, 3.045833333333336100 ) ) ;
#5448 = CARTESIAN_POINT ( 'NONE',  ( 0.8922005383792627200, 1.545336663013172200, -0.2208333333333315500 ) ) ;
#5449 = ADVANCED_FACE ( 'NONE', ( #5304, #1728 ), #4960, .F. ) ;
#5450 = AXIS2_PLACEMENT_3D ( 'NONE', #3307, #1270, #1288 ) ;
#5451 = CARTESIAN_POINT ( 'NONE',  ( -1.764863307568891500, -1.018944305707806900, -5.244791666666667900 ) ) ;
#5452 = CARTESIAN_POINT ( 'NONE',  ( 1.338300807568892500, -0.7726683315066101800, 3.016666666666667500 ) ) ;
#5453 = CARTESIAN_POINT ( 'NONE',  ( -0.8922005383792617200, 1.545336663013171700, 6.808333333333336200 ) ) ;
#5454 = CARTESIAN_POINT ( 'NONE',  ( 1.154700538379266800, -2.000000000000020000, -0.8916666666666671600 ) ) ;
#5455 = ORIENTED_EDGE ( 'NONE', *, *, #946, .T. ) ;
#5456 = AXIS2_PLACEMENT_3D ( 'NONE', #1939, #424, #4493 ) ;
#5457 = CARTESIAN_POINT ( 'NONE',  ( 0.06294101815055508400, 0.1090170413168734700, 9.449999999999988600 ) ) ;
#5458 = VECTOR ( 'NONE', #2388, 1000.000000000000000 ) ;
#5459 = EDGE_CURVE ( 'NONE', #138, #2432, #930, .T. ) ;
#5460 = CARTESIAN_POINT ( 'NONE',  ( 1.338300807568893600, 0.7726683315065785400, -8.066666666666664700 ) ) ;
#5461 = CARTESIAN_POINT ( 'NONE',  ( 0.0000000000000000000, 2.000000000000001800, -8.300000000000002500 ) ) ;
#5462 = VECTOR ( 'NONE', #6164, 1000.000000000000000 ) ;
#5463 = CARTESIAN_POINT ( 'NONE',  ( 1.732050807568890700, -1.000000000000024900, 4.066666666666666400 ) ) ;
#5464 = CARTESIAN_POINT ( 'NONE',  ( 0.8922005383792613900, -1.545336663013203900, 4.445833333333336400 ) ) ;
#5465 = CARTESIAN_POINT ( 'NONE',  ( 2.353151076758521800, -1.437068180874823400E-014, -11.20937499999999600 ) ) ;
#5466 = CARTESIAN_POINT ( 'NONE',  ( -0.8922005383792617200, 1.545336663013172200, 1.995833333333335300 ) ) ;
#5467 = CARTESIAN_POINT ( 'NONE',  ( -1.338300807568892700, 0.7726683315065786500, 1.354166666666668500 ) ) ;
#5468 = DATE_AND_TIME ( #1562, #244 ) ;
#5469 = CARTESIAN_POINT ( 'NONE',  ( -2.353151076758521800, -1.426045720986120300E-014, -7.403125000000002000 ) ) ;
#5470 = EDGE_CURVE ( 'NONE', #3994, #6113, #3831, .T. ) ;
#5471 = CARTESIAN_POINT ( 'NONE',  ( -1.338300807568892700, 0.7726683315065783200, 4.066666666666668200 ) ) ;
#5473 = DIRECTION ( 'NONE',  ( 0.0000000000000000000, -1.000000000000000000, 0.0000000000000000000 ) ) ;
#5472 = CARTESIAN_POINT ( 'NONE',  ( -0.8922005383792623900, -1.545336663013203300, 7.041666666666667900 ) ) ;
#5474 = CARTESIAN_POINT ( 'NONE',  ( 1.154700538379260100, -2.000000000000031100, -2.904166666666661900 ) ) ;
#5475 = ORIENTED_EDGE ( 'NONE', *, *, #6235, .T. ) ;
#5476 = CARTESIAN_POINT ( 'NONE',  ( 0.1018377686598890100, 0.07252680918656086200, 9.450000000000001100 ) ) ;
#5477 = VECTOR ( 'NONE', #4938, 1000.000000000000000 ) ;
#5478 = CARTESIAN_POINT ( 'NONE',  ( -1.154700538379260800, 2.000000000000002200, -7.454166666666661300 ) ) ;
#5479 = ORIENTED_EDGE ( 'NONE', *, *, #5029, .F. ) ;
#5480 = CYLINDRICAL_SURFACE ( 'NONE', #3543, 2.000000000000001800 ) ;
#5481 = ADVANCED_FACE ( 'NONE', ( #4829 ), #1339, .T. ) ;
#5482 = CARTESIAN_POINT ( 'NONE',  ( 1.338300807568893600, 0.7726683315065784300, -7.366666666666665400 ) ) ;
#5483 = AXIS2_PLACEMENT_3D ( 'NONE', #3613, #6549, #3482 ) ;
#5484 = ORIENTED_EDGE ( 'NONE', *, *, #4610, .T. ) ;
#5485 = LINE ( 'NONE', #6078, #2464 ) ;
#5486 = DIRECTION ( 'NONE',  ( -0.0000000000000000000, -1.224646799147353200E-016, 1.000000000000000000 ) ) ;
#5487 = AXIS2_PLACEMENT_3D ( 'NONE', #696, #723, #1691 ) ;
#5488 = CARTESIAN_POINT ( 'NONE',  ( -1.784401076758523700, -1.606068800460781100E-014, 7.012500000000002000 ) ) ;
#5489 = CARTESIAN_POINT ( 'NONE',  ( -2.353151076758521800, -1.383718865990590100E-014, -10.85937499999999300 ) ) ;
#5490 = CARTESIAN_POINT ( 'NONE',  ( -0.8922005383792623900, -1.545336663013202800, 1.529166666666668300 ) ) ;
#5491 = CARTESIAN_POINT ( 'NONE',  ( -1.892491597964152600E-016, -1.545336663013203000, -0.5124999999999972900 ) ) ;
#5492 = CARTESIAN_POINT ( 'NONE',  ( 0.0000000000000000000, 2.037888611415571200, -6.878125000000001600 ) ) ;
#5493 = CARTESIAN_POINT ( 'NONE',  ( 0.8922005383792627200, 1.545336663013171100, 7.391666666666668400 ) ) ;
#5494 = CARTESIAN_POINT ( 'NONE',  ( 1.338300807568893600, 0.7726683315065766600, 7.333333333333333900 ) ) ;
#5495 = CARTESIAN_POINT ( 'NONE',  ( 0.0000000000000000000, -2.403553390593275100, 8.900000000000002100 ) ) ;
#5496 = EDGE_CURVE ( 'NONE', #4955, #2432, #4081, .T. ) ;
#5497 = CARTESIAN_POINT ( 'NONE',  ( 0.8584274553325373900, 0.9477623505580540200, 10.00000000000000400 ) ) ;
#5498 = AXIS2_PLACEMENT_3D ( 'NONE', #1662, #6256, #4258 ) ;
#5499 = CARTESIAN_POINT ( 'NONE',  ( -1.338300807568892700, 0.7726683315065798800, -9.233333333333330700 ) ) ;
#5500 = ORIENTED_EDGE ( 'NONE', *, *, #5923, .F. ) ;
#5501 = CARTESIAN_POINT ( 'NONE',  ( 2.449293598294708900E-016, 1.999999999999999600, 11.10000000000000000 ) ) ;
#5502 =( BOUNDED_SURFACE ( )  B_SPLINE_SURFACE ( 1, 2, ( 
 ( #3589, #3079, #151, #5615, #1653, #5178, #4615, #1041, #3642, #538, #1064, #4094, #6144, #2059, #1601, #6222, #5204, #4172, #4074, #3663, #106, #2133, #1579, #2156, #1629, #2672, #5642, #4595, #5155, #5714, #1555, #4666, #5107, #2630, #1138, #2650, #2084, #6121, #1087, #6201, #5690, #3100, #2575, #607, #84, #60, #563, #4120, #583, #3173, #3147, #2108, #5667, #4144, #1114, #129, #4692, #1702, #4296, #2719, #253, #5321, #2263, #4195, #3275, #3223, #3737, #5813, #2184, #4763, #6303, #1744, #2208, #2770, #181, #755, #708, #2696, #3784, #1678, #5832, #1261, #2239, #681, #6327, #3297, #1216, #209, #5231, #1236, #4814, #3688, #3249, #5786, #5280, #2748, #4223, #226, #4715, #4789, #4738, #5766, #5260, #3762, #735, #1772, #6246, #4272, #3711, #654, #1190, #1162, #2282, #5298, #6273, #1721, #2797, #4248, #6352, #5738, #3197, #1814, #5852, #2902, #3806, #2307, #3867, #5427, #3319, #2818, #6464, #5342, #1362, #4897, #4340, #773, #3356, #277, #796, #3825, #2333, #1794, #1318, #5932, #4918, #356, #4318, #3376, #2859, #1855, #1298, #1876, #1337, #2395, #5364, #1282, #4878, #4839, #6378, #4379, #298, #2356, #3887, #2373, #4860, #5871, #820, #5910, #5402, #2839, #6398, #337, #3339, #314, #3846, #4358, #1836, #5380, #2879, #5891, #6420, #840, #6441, #859, #4402, #1403, #3980, #2433, #6541, #5020, #1949, #3907, #2972, #2937, #3436, #5508, #1898, #4468, #5992, #1445, #1918, #2467, #6484, #454, #418, #2414, #3474, #1382, #5522, #958, #1932, #398, #6009, #2989, #918, #6504, #4942, #939, #4500, #3394, #2955, #5490, #4983, #2451, #3926, #6524, #4422, #4488, #4449, #5466, #4964, #3454, #436, #1463, #5957, #3968, #3416, #377, #898, #880, #1966, #5001, #5975, #1427, #2484, #3945, #6027, #5447, #2919, #1507, #5539, #2590, #3491, #1985, #3558, #5119, #3005, #2505, #6133, #5040, #1052, #4578, #4018, #468, #3043, #6559, #490, #3513, #2006, #1484, #1009, #5633, #4606, #46, #3998, #3066, #2543, #1544, #991, #1566, #1031, #2073, #5054, #974, #4561, #4522, #6047, #4061, #6579, #2027, #3577, #2050, #4542, #5559, #511, #5604, #5098, #2522, #6065, #27, #3025, #5, #3533, #4038, #1526, #5078, #2563, #5583, #6086, #531, #6109, #551, #4086, #1102, #3699, #2120, #6236, #4727, #1667, #3602, #2684, #2641, #3140, #5220, #1591, #4161, #5703, #1153, #1615, #2175, #6157, #169, #119, #2098, #3185, #1077, #5249, #669, #97, #5728, #2710, #617, #6189, #4627, #644, #4213, #3091, #2665, #1644, #4681, #2146, #3627, #5192, #4107, #4184, #4133, #5169 ),
 ( #1693, #6211, #5682, #1128, #2197, #3654, #1179, #3162, #5753, #4655, #5655, #72, #574, #5141, #144, #2619, #3112, #595, #3677, #4705, #2850, #1550, #2977, #2193, #5089, #539, #3524, #2018, #1496, #1024, #5645, #1066, #62, #3504, #3083, #2555, #4596, #1002, #4618, #1045, #2088, #5066, #480, #4569, #1582, #985, #4075, #4010, #2039, #3592, #2062, #504, #5553, #522, #5618, #1557, #1518, #4531, #3055, #5575, #5049, #1997, #3545, #3036, #2606, #2578, #2515, #6060, #3015, #2535, #6147, #6592, #4554, #565, #6077, #4096, #5131, #5109, #4032, #6125, #16, #4051, #6570, #1537, #5594, #6101, #39, #3569, #2186, #6173, #183, #3150, #2111, #6250, #632, #5693, #5670, #4175, #109, #1681, #2722, #1141, #6203, #4643, #657, #3199, #3103, #2675, #1656, #4694, #2162, #3645, #5207, #4122, #4200, #4147, #1631, #4671, #5718, #6224, #5742, #2632, #3175, #3129, #87, #610, #3617, #1704, #155, #2136, #3690, #5262, #5181, #2701, #132, #2212, #2654, #1118, #5768, #586, #5158, #1165, #1090, #3666, #4718, #1607, #5235, #4226, #3713, #684, #1195, #4741, #4816, #278, #3256, #1751, #1219, #756, #5365, #799, #6380, #3228, #2819, #2285, #4319, #737, #4342, #776, #1816, #4792, #211, #4298, #1300, #712, #3809, #3740, #1773, #3320, #1795, #230, #5282, #257, #5343, #1284, #1239, #4251, #2799, #5301, #4770, #1724, #3277, #2772, #2335, #2311, #2241, #5790, #2750, #2265, #5874, #6307, #4274, #299, #5814, #3826, #4862, #4840, #3764, #5854, #6329, #3788, #6279, #1263, #5325, #5833, #6354, #3298, #1903, #5893, #6487, #2883, #1838, #5962, #361, #5406, #5384, #3892, #6423, #1387, #2436, #863, #5914, #4361, #381, #2922, #2841, #2401, #1365, #4405, #1879, #3359, #4924, #3847, #3912, #3871, #1341, #4382, #5431, #5937, #5452, #2358, #2905, #2863, #6400, #340, #3341, #1408, #6467, #1860, #3399, #4967, #4901, #2419, #6445, #1921, #2377, #843, #5471, #316, #4880, #884, #822, #3379, #4427, #1320, #4945, #3929, #3420, #402, #903, #4455, #4505, #6563, #2960, #1449, #923, #460, #5058, #497, #6051, #2942, #2510, #1972, #4003, #442, #4025, #473, #1512, #4491, #6509, #3984, #996, #421, #3497, #3440, #1469, #3010, #1488, #6530, #4988, #6547, #5044, #979, #943, #3949, #2489, #5007, #4473, #1432, #2976, #2471, #2012, #1990, #1936, #5493, #2455, #1953, #5567, #5996, #3972, #6585, #5511, #3517, #4546, #4526, #3458, #5547, #6014, #3480, #5981, #961, #5025, #5527, #6032, #2992, #1595, #5587, #6163, #2567, #1530, #5660, #51, #5101, #5083, #3582, #6095, #1083, #2125 ) ),
 .UNSPECIFIED., .F., .F., .F. ) 
 B_SPLINE_SURFACE_WITH_KNOTS ( ( 2, 2 ),
 ( 3, 2, 2, 2, 2, 2, 2, 2, 2, 2, 2, 2, 2, 2, 2, 2, 2, 2, 2, 2, 2, 2, 2, 2, 2, 2, 2, 2, 2, 2, 2, 2, 2, 2, 2, 2, 2, 2, 2, 2, 2, 2, 2, 2, 2, 2, 2, 2, 2, 2, 2, 2, 2, 2, 2, 2, 2, 2, 2, 2, 2, 2, 2, 2, 2, 2, 2, 2, 2, 2, 2, 2, 2, 2, 2, 2, 2, 2, 2, 2, 2, 2, 2, 2, 2, 2, 2, 2, 2, 2, 2, 2, 2, 2, 2, 2, 2, 2, 2, 2, 2, 2, 2, 2, 2, 2, 2, 2, 2, 2, 2, 2, 2, 2, 2, 2, 2, 2, 2, 2, 2, 2, 2, 2, 2, 2, 2, 2, 2, 2, 2, 2, 2, 2, 2, 2, 2, 2, 2, 2, 2, 2, 2, 2, 2, 2, 2, 2, 2, 2, 2, 2, 2, 2, 2, 2, 2, 2, 2, 2, 2, 2, 2, 2, 2, 2, 2, 2, 2, 2, 2, 2, 2, 2, 2, 2, 2, 2, 3 ),
 ( 0.0000000000000000000, 1.000000000000000000 ),
 ( 0.0000000000000000000, 0.005555555555555555800, 0.01111111111111111200, 0.01666666666666666600, 0.02222222222222222300, 0.02777777777777777600, 0.03333333333333333300, 0.03888888888888889000, 0.04444444444444444600, 0.05000000000000000300, 0.05555555555555555200, 0.06111111111111110900, 0.06666666666666666600, 0.07222222222222221500, 0.07777777777777777900, 0.08333333333333332900, 0.08888888888888889200, 0.09444444444444444200, 0.1000000000000000100, 0.1055555555555555600, 0.1111111111111111000, 0.1166666666666666700, 0.1222222222222222200, 0.1277777777777777700, 0.1333333333333333300, 0.1388888888888889000, 0.1444444444444444300, 0.1499999999999999900, 0.1555555555555555600, 0.1611111111111111200, 0.1666666666666666600, 0.1722222222222222200, 0.1777777777777777800, 0.1833333333333333200, 0.1888888888888888800, 0.1944444444444444500, 0.2000000000000000100, 0.2055555555555555500, 0.2111111111111111100, 0.2166666666666666700, 0.2222222222222222100, 0.2277777777777777700, 0.2333333333333333400, 0.2388888888888889000, 0.2444444444444444400, 0.2500000000000000000, 0.2555555555555555400, 0.2611111111111111300, 0.2666666666666666600, 0.2722222222222222000, 0.2777777777777777900, 0.2833333333333333300, 0.2888888888888888600, 0.2944444444444444500, 0.2999999999999999900, 0.3055555555555555800, 0.3111111111111111200, 0.3166666666666666500, 0.3222222222222222400, 0.3277777777777777800, 0.3333333333333333100, 0.3388888888888889100, 0.3444444444444444400, 0.3499999999999999800, 0.3555555555555555700, 0.3611111111111111000, 0.3666666666666666400, 0.3722222222222222300, 0.3777777777777777700, 0.3833333333333333600, 0.3888888888888889000, 0.3944444444444444300, 0.4000000000000000200, 0.4055555555555555600, 0.4111111111111110900, 0.4166666666666666900, 0.4222222222222222200, 0.4277777777777777600, 0.4333333333333333500, 0.4388888888888888800, 0.4444444444444444200, 0.4500000000000000100, 0.4555555555555555500, 0.4611111111111111400, 0.4666666666666666700, 0.4722222222222222100, 0.4777777777777778000, 0.4833333333333333400, 0.4888888888888888700, 0.4944444444444444600, 0.5000000000000000000, 0.5055555555555555400, 0.5111111111111110700, 0.5166666666666667200, 0.5222222222222222500, 0.5277777777777777900, 0.5333333333333333300, 0.5388888888888888600, 0.5444444444444444000, 0.5500000000000000400, 0.5555555555555555800, 0.5611111111111111200, 0.5666666666666666500, 0.5722222222222221900, 0.5777777777777777200, 0.5833333333333333700, 0.5888888888888889100, 0.5944444444444444400, 0.5999999999999999800, 0.6055555555555555100, 0.6111111111111111600, 0.6166666666666667000, 0.6222222222222222300, 0.6277777777777777700, 0.6333333333333333000, 0.6388888888888888400, 0.6444444444444444900, 0.6500000000000000200, 0.6555555555555555600, 0.6611111111111110900, 0.6666666666666666300, 0.6722222222222222800, 0.6777777777777778100, 0.6833333333333333500, 0.6888888888888888800, 0.6944444444444444200, 0.6999999999999999600, 0.7055555555555556000, 0.7111111111111111400, 0.7166666666666666700, 0.7222222222222222100, 0.7277777777777777500, 0.7333333333333332800, 0.7388888888888889300, 0.7444444444444444600, 0.7500000000000000000, 0.7555555555555555400, 0.7611111111111110700, 0.7666666666666667200, 0.7722222222222222500, 0.7777777777777777900, 0.7833333333333333300, 0.7888888888888888600, 0.7944444444444444000, 0.8000000000000000400, 0.8055555555555555800, 0.8111111111111111200, 0.8166666666666666500, 0.8222222222222221900, 0.8277777777777777200, 0.8333333333333333700, 0.8388888888888889100, 0.8444444444444444400, 0.8499999999999999800, 0.8555555555555555100, 0.8611111111111111600, 0.8666666666666667000, 0.8722222222222222300, 0.8777777777777777700, 0.8833333333333333000, 0.8888888888888888400, 0.8944444444444444900, 0.9000000000000000200, 0.9055555555555555600, 0.9111111111111110900, 0.9166666666666666300, 0.9222222222222222800, 0.9277777777777778100, 0.9333333333333333500, 0.9388888888888888800, 0.9444444444444444200, 0.9499999999999999600, 0.9555555555555556000, 0.9611111111111111400, 0.9666666666666666700, 0.9722222222222222100, 0.9777777777777777500, 0.9833333333333332800, 0.9857233093842303600 ),
 .UNSPECIFIED. ) 
 GEOMETRIC_REPRESENTATION_ITEM ( )  RATIONAL_B_SPLINE_SURFACE ( (
 ( 1.000000000000000000, 0.8660254037844387100, 1.000000000000000000, 0.8660254037844387100, 1.000000000000000000, 0.8660254037844387100, 1.000000000000000000, 0.8660254037844387100, 1.000000000000000000, 0.8660254037844387100, 1.000000000000000000, 0.8660254037844387100, 1.000000000000000000, 0.8660254037844387100, 1.000000000000000000, 0.8660254037844387100, 1.000000000000000000, 0.8660254037844387100, 1.000000000000000000, 0.8660254037844387100, 1.000000000000000000, 0.8660254037844387100, 1.000000000000000000, 0.8660254037844387100, 1.000000000000000000, 0.8660254037844387100, 1.000000000000000000, 0.8660254037844387100, 1.000000000000000000, 0.8660254037844387100, 1.000000000000000000, 0.8660254037844387100, 1.000000000000000000, 0.8660254037844387100, 1.000000000000000000, 0.8660254037844387100, 1.000000000000000000, 0.8660254037844387100, 1.000000000000000000, 0.8660254037844387100, 1.000000000000000000, 0.8660254037844387100, 1.000000000000000000, 0.8660254037844387100, 1.000000000000000000, 0.8660254037844387100, 1.000000000000000000, 0.8660254037844387100, 1.000000000000000000, 0.8660254037844387100, 1.000000000000000000, 0.8660254037844387100, 1.000000000000000000, 0.8660254037844387100, 1.000000000000000000, 0.8660254037844387100, 1.000000000000000000, 0.8660254037844387100, 1.000000000000000000, 0.8660254037844387100, 1.000000000000000000, 0.8660254037844387100, 1.000000000000000000, 0.8660254037844387100, 1.000000000000000000, 0.8660254037844387100, 1.000000000000000000, 0.8660254037844387100, 1.000000000000000000, 0.8660254037844387100, 1.000000000000000000, 0.8660254037844387100, 1.000000000000000000, 0.8660254037844387100, 1.000000000000000000, 0.8660254037844387100, 1.000000000000000000, 0.8660254037844387100, 1.000000000000000000, 0.8660254037844387100, 1.000000000000000000, 0.8660254037844387100, 1.000000000000000000, 0.8660254037844387100, 1.000000000000000000, 0.8660254037844387100, 1.000000000000000000, 0.8660254037844387100, 1.000000000000000000, 0.8660254037844387100, 1.000000000000000000, 0.8660254037844387100, 1.000000000000000000, 0.8660254037844387100, 1.000000000000000000, 0.8660254037844387100, 1.000000000000000000, 0.8660254037844387100, 1.000000000000000000, 0.8660254037844387100, 1.000000000000000000, 0.8660254037844387100, 1.000000000000000000, 0.8660254037844387100, 1.000000000000000000, 0.8660254037844387100, 1.000000000000000000, 0.8660254037844387100, 1.000000000000000000, 0.8660254037844387100, 1.000000000000000000, 0.8660254037844387100, 1.000000000000000000, 0.8660254037844387100, 1.000000000000000000, 0.8660254037844387100, 1.000000000000000000, 0.8660254037844387100, 1.000000000000000000, 0.8660254037844387100, 1.000000000000000000, 0.8660254037844387100, 1.000000000000000000, 0.8660254037844387100, 1.000000000000000000, 0.8660254037844387100, 1.000000000000000000, 0.8660254037844387100, 1.000000000000000000, 0.8660254037844387100, 1.000000000000000000, 0.8660254037844387100, 1.000000000000000000, 0.8660254037844387100, 1.000000000000000000, 0.8660254037844387100, 1.000000000000000000, 0.8660254037844387100, 1.000000000000000000, 0.8660254037844387100, 1.000000000000000000, 0.8660254037844387100, 1.000000000000000000, 0.8660254037844387100, 1.000000000000000000, 0.8660254037844387100, 1.000000000000000000, 0.8660254037844387100, 1.000000000000000000, 0.8660254037844387100, 1.000000000000000000, 0.8660254037844387100, 1.000000000000000000, 0.8660254037844387100, 1.000000000000000000, 0.8660254037844387100, 1.000000000000000000, 0.8660254037844387100, 1.000000000000000000, 0.8660254037844387100, 1.000000000000000000, 0.8660254037844387100, 1.000000000000000000, 0.8660254037844387100, 1.000000000000000000, 0.8660254037844387100, 1.000000000000000000, 0.8660254037844387100, 1.000000000000000000, 0.8660254037844387100, 1.000000000000000000, 0.8660254037844387100, 1.000000000000000000, 0.8660254037844387100, 1.000000000000000000, 0.8660254037844387100, 1.000000000000000000, 0.8660254037844387100, 1.000000000000000000, 0.8660254037844387100, 1.000000000000000000, 0.8660254037844387100, 1.000000000000000000, 0.8660254037844387100, 1.000000000000000000, 0.8660254037844387100, 1.000000000000000000, 0.8660254037844387100, 1.000000000000000000, 0.8660254037844387100, 1.000000000000000000, 0.8660254037844387100, 1.000000000000000000, 0.8660254037844387100, 1.000000000000000000, 0.8660254037844387100, 1.000000000000000000, 0.8660254037844387100, 1.000000000000000000, 0.8660254037844387100, 1.000000000000000000, 0.8660254037844387100, 1.000000000000000000, 0.8660254037844387100, 1.000000000000000000, 0.8660254037844387100, 1.000000000000000000, 0.8660254037844387100, 1.000000000000000000, 0.8660254037844387100, 1.000000000000000000, 0.8660254037844387100, 1.000000000000000000, 0.8660254037844387100, 1.000000000000000000, 0.8660254037844387100, 1.000000000000000000, 0.8660254037844387100, 1.000000000000000000, 0.8660254037844387100, 1.000000000000000000, 0.8660254037844387100, 1.000000000000000000, 0.8660254037844387100, 1.000000000000000000, 0.8660254037844387100, 1.000000000000000000, 0.8660254037844387100, 1.000000000000000000, 0.8660254037844387100, 1.000000000000000000, 0.8660254037844387100, 1.000000000000000000, 0.8660254037844387100, 1.000000000000000000, 0.8660254037844387100, 1.000000000000000000, 0.8660254037844387100, 1.000000000000000000, 0.8660254037844387100, 1.000000000000000000, 0.8660254037844387100, 1.000000000000000000, 0.8660254037844387100, 1.000000000000000000, 0.8660254037844387100, 1.000000000000000000, 0.8660254037844387100, 1.000000000000000000, 0.8660254037844387100, 1.000000000000000000, 0.8660254037844387100, 1.000000000000000000, 0.8660254037844387100, 1.000000000000000000, 0.8660254037844387100, 1.000000000000000000, 0.8660254037844387100, 1.000000000000000000, 0.8660254037844387100, 1.000000000000000000, 0.8660254037844387100, 1.000000000000000000, 0.8660254037844387100, 1.000000000000000000, 0.8660254037844387100, 1.000000000000000000, 0.8660254037844387100, 1.000000000000000000, 0.8660254037844387100, 1.000000000000000000, 0.8660254037844387100, 1.000000000000000000, 0.8660254037844387100, 1.000000000000000000, 0.8660254037844387100, 1.000000000000000000, 0.8660254037844387100, 1.000000000000000000, 0.8660254037844387100, 1.000000000000000000, 0.8660254037844387100, 1.000000000000000000, 0.8660254037844387100, 1.000000000000000000, 0.8660254037844387100, 1.000000000000000000, 0.8660254037844387100, 1.000000000000000000, 0.8660254037844387100, 1.000000000000000000, 0.8660254037844387100, 1.000000000000000000, 0.8660254037844387100, 1.000000000000000000, 0.8660254037844387100, 1.000000000000000000, 0.8660254037844387100, 1.000000000000000000, 0.8660254037844387100, 1.000000000000000000, 0.8660254037844387100, 1.000000000000000000, 0.8660254037844387100, 1.000000000000000000, 0.8660254037844387100, 1.000000000000000000, 0.8660254037844387100, 1.000000000000000000, 0.8660254037844387100, 1.000000000000000000, 0.8660254037844387100, 1.000000000000000000, 0.8660254037844387100, 1.000000000000000000, 0.8660254037844387100, 1.000000000000000000, 0.8660254037844387100, 1.000000000000000000, 0.8660254037844387100, 1.000000000000000000, 0.8660254037844387100, 1.000000000000000000, 0.8660254037844387100, 1.000000000000000000, 0.8660254037844387100, 1.000000000000000000, 0.8660254037844387100, 1.000000000000000000, 0.8660254037844387100, 1.000000000000000000, 0.8660254037844387100, 1.000000000000000000, 0.8660254037844387100, 1.000000000000000000, 0.8660254037844387100, 1.000000000000000000, 0.8660254037844387100, 1.000000000000000000, 0.8660254037844387100, 1.000000000000000000, 0.8660254037844387100, 1.000000000000000000, 0.8660254037844387100, 1.000000000000000000, 0.8660254037844387100, 1.000000000000000000, 0.8660254037844387100, 1.000000000000000000, 0.8660254037844387100, 1.000000000000000000, 0.8660254037844387100, 1.000000000000000000, 0.8660254037844387100, 1.000000000000000000, 0.9423647062509172800, 0.9343183223306551500),
 ( 1.000000000000000000, 0.8660254037844387100, 1.000000000000000000, 0.8660254037844387100, 1.000000000000000000, 0.8660254037844387100, 1.000000000000000000, 0.8660254037844387100, 1.000000000000000000, 0.8660254037844387100, 1.000000000000000000, 0.8660254037844387100, 1.000000000000000000, 0.8660254037844387100, 1.000000000000000000, 0.8660254037844387100, 1.000000000000000000, 0.8660254037844387100, 1.000000000000000000, 0.8660254037844387100, 1.000000000000000000, 0.8660254037844387100, 1.000000000000000000, 0.8660254037844387100, 1.000000000000000000, 0.8660254037844387100, 1.000000000000000000, 0.8660254037844387100, 1.000000000000000000, 0.8660254037844387100, 1.000000000000000000, 0.8660254037844387100, 1.000000000000000000, 0.8660254037844387100, 1.000000000000000000, 0.8660254037844387100, 1.000000000000000000, 0.8660254037844387100, 1.000000000000000000, 0.8660254037844387100, 1.000000000000000000, 0.8660254037844387100, 1.000000000000000000, 0.8660254037844387100, 1.000000000000000000, 0.8660254037844387100, 1.000000000000000000, 0.8660254037844387100, 1.000000000000000000, 0.8660254037844387100, 1.000000000000000000, 0.8660254037844387100, 1.000000000000000000, 0.8660254037844387100, 1.000000000000000000, 0.8660254037844387100, 1.000000000000000000, 0.8660254037844387100, 1.000000000000000000, 0.8660254037844387100, 1.000000000000000000, 0.8660254037844387100, 1.000000000000000000, 0.8660254037844387100, 1.000000000000000000, 0.8660254037844387100, 1.000000000000000000, 0.8660254037844387100, 1.000000000000000000, 0.8660254037844387100, 1.000000000000000000, 0.8660254037844387100, 1.000000000000000000, 0.8660254037844387100, 1.000000000000000000, 0.8660254037844387100, 1.000000000000000000, 0.8660254037844387100, 1.000000000000000000, 0.8660254037844387100, 1.000000000000000000, 0.8660254037844387100, 1.000000000000000000, 0.8660254037844387100, 1.000000000000000000, 0.8660254037844387100, 1.000000000000000000, 0.8660254037844387100, 1.000000000000000000, 0.8660254037844387100, 1.000000000000000000, 0.8660254037844387100, 1.000000000000000000, 0.8660254037844387100, 1.000000000000000000, 0.8660254037844387100, 1.000000000000000000, 0.8660254037844387100, 1.000000000000000000, 0.8660254037844387100, 1.000000000000000000, 0.8660254037844387100, 1.000000000000000000, 0.8660254037844387100, 1.000000000000000000, 0.8660254037844387100, 1.000000000000000000, 0.8660254037844387100, 1.000000000000000000, 0.8660254037844387100, 1.000000000000000000, 0.8660254037844387100, 1.000000000000000000, 0.8660254037844387100, 1.000000000000000000, 0.8660254037844387100, 1.000000000000000000, 0.8660254037844387100, 1.000000000000000000, 0.8660254037844387100, 1.000000000000000000, 0.8660254037844387100, 1.000000000000000000, 0.8660254037844387100, 1.000000000000000000, 0.8660254037844387100, 1.000000000000000000, 0.8660254037844387100, 1.000000000000000000, 0.8660254037844387100, 1.000000000000000000, 0.8660254037844387100, 1.000000000000000000, 0.8660254037844387100, 1.000000000000000000, 0.8660254037844387100, 1.000000000000000000, 0.8660254037844387100, 1.000000000000000000, 0.8660254037844387100, 1.000000000000000000, 0.8660254037844387100, 1.000000000000000000, 0.8660254037844387100, 1.000000000000000000, 0.8660254037844387100, 1.000000000000000000, 0.8660254037844387100, 1.000000000000000000, 0.8660254037844387100, 1.000000000000000000, 0.8660254037844387100, 1.000000000000000000, 0.8660254037844387100, 1.000000000000000000, 0.8660254037844387100, 1.000000000000000000, 0.8660254037844387100, 1.000000000000000000, 0.8660254037844387100, 1.000000000000000000, 0.8660254037844387100, 1.000000000000000000, 0.8660254037844387100, 1.000000000000000000, 0.8660254037844387100, 1.000000000000000000, 0.8660254037844387100, 1.000000000000000000, 0.8660254037844387100, 1.000000000000000000, 0.8660254037844387100, 1.000000000000000000, 0.8660254037844387100, 1.000000000000000000, 0.8660254037844387100, 1.000000000000000000, 0.8660254037844387100, 1.000000000000000000, 0.8660254037844387100, 1.000000000000000000, 0.8660254037844387100, 1.000000000000000000, 0.8660254037844387100, 1.000000000000000000, 0.8660254037844387100, 1.000000000000000000, 0.8660254037844387100, 1.000000000000000000, 0.8660254037844387100, 1.000000000000000000, 0.8660254037844387100, 1.000000000000000000, 0.8660254037844387100, 1.000000000000000000, 0.8660254037844387100, 1.000000000000000000, 0.8660254037844387100, 1.000000000000000000, 0.8660254037844387100, 1.000000000000000000, 0.8660254037844387100, 1.000000000000000000, 0.8660254037844387100, 1.000000000000000000, 0.8660254037844387100, 1.000000000000000000, 0.8660254037844387100, 1.000000000000000000, 0.8660254037844387100, 1.000000000000000000, 0.8660254037844387100, 1.000000000000000000, 0.8660254037844387100, 1.000000000000000000, 0.8660254037844387100, 1.000000000000000000, 0.8660254037844387100, 1.000000000000000000, 0.8660254037844387100, 1.000000000000000000, 0.8660254037844387100, 1.000000000000000000, 0.8660254037844387100, 1.000000000000000000, 0.8660254037844387100, 1.000000000000000000, 0.8660254037844387100, 1.000000000000000000, 0.8660254037844387100, 1.000000000000000000, 0.8660254037844387100, 1.000000000000000000, 0.8660254037844387100, 1.000000000000000000, 0.8660254037844387100, 1.000000000000000000, 0.8660254037844387100, 1.000000000000000000, 0.8660254037844387100, 1.000000000000000000, 0.8660254037844387100, 1.000000000000000000, 0.8660254037844387100, 1.000000000000000000, 0.8660254037844387100, 1.000000000000000000, 0.8660254037844387100, 1.000000000000000000, 0.8660254037844387100, 1.000000000000000000, 0.8660254037844387100, 1.000000000000000000, 0.8660254037844387100, 1.000000000000000000, 0.8660254037844387100, 1.000000000000000000, 0.8660254037844387100, 1.000000000000000000, 0.8660254037844387100, 1.000000000000000000, 0.8660254037844387100, 1.000000000000000000, 0.8660254037844387100, 1.000000000000000000, 0.8660254037844387100, 1.000000000000000000, 0.8660254037844387100, 1.000000000000000000, 0.8660254037844387100, 1.000000000000000000, 0.8660254037844387100, 1.000000000000000000, 0.8660254037844387100, 1.000000000000000000, 0.8660254037844387100, 1.000000000000000000, 0.8660254037844387100, 1.000000000000000000, 0.8660254037844387100, 1.000000000000000000, 0.8660254037844387100, 1.000000000000000000, 0.8660254037844387100, 1.000000000000000000, 0.8660254037844387100, 1.000000000000000000, 0.8660254037844387100, 1.000000000000000000, 0.8660254037844387100, 1.000000000000000000, 0.8660254037844387100, 1.000000000000000000, 0.8660254037844387100, 1.000000000000000000, 0.8660254037844387100, 1.000000000000000000, 0.8660254037844387100, 1.000000000000000000, 0.8660254037844387100, 1.000000000000000000, 0.8660254037844387100, 1.000000000000000000, 0.8660254037844387100, 1.000000000000000000, 0.8660254037844387100, 1.000000000000000000, 0.8660254037844387100, 1.000000000000000000, 0.8660254037844387100, 1.000000000000000000, 0.8660254037844387100, 1.000000000000000000, 0.8660254037844387100, 1.000000000000000000, 0.8660254037844387100, 1.000000000000000000, 0.8660254037844387100, 1.000000000000000000, 0.8660254037844387100, 1.000000000000000000, 0.8660254037844387100, 1.000000000000000000, 0.8660254037844387100, 1.000000000000000000, 0.8660254037844387100, 1.000000000000000000, 0.8660254037844387100, 1.000000000000000000, 0.8660254037844387100, 1.000000000000000000, 0.8660254037844387100, 1.000000000000000000, 0.8660254037844387100, 1.000000000000000000, 0.8660254037844387100, 1.000000000000000000, 0.8660254037844387100, 1.000000000000000000, 0.8660254037844387100, 1.000000000000000000, 0.8660254037844387100, 1.000000000000000000, 0.8660254037844387100, 1.000000000000000000, 0.8660254037844387100, 1.000000000000000000, 0.8660254037844387100, 1.000000000000000000, 0.8660254037844387100, 1.000000000000000000, 0.8660254037844387100, 1.000000000000000000, 0.8660254037844387100, 1.000000000000000000, 0.9423647062509172800, 0.9343183223306551500) ) ) 
 REPRESENTATION_ITEM ( '' )  SURFACE ( )  );
#5503 = EDGE_CURVE ( 'NONE', #409, #86, #233, .T. ) ;
#5504 = CARTESIAN_POINT ( 'NONE',  ( 2.309401076758521100, -1.512613580297226000E-014, -4.974999999999999600 ) ) ;
#5505 = CARTESIAN_POINT ( 'NONE',  ( -0.8922005383792617200, 1.545336663013171700, 6.195833333333334600 ) ) ;
#5506 = CARTESIAN_POINT ( 'NONE',  ( -1.764863307568891500, -1.018944305707806900, -5.901041666666661600 ) ) ;
#5507 = VECTOR ( 'NONE', #3222, 1000.000000000000200 ) ;
#5508 = CARTESIAN_POINT ( 'NONE',  ( -1.784401076758523700, -1.520343524520466500E-014, 0.01250000000000209300 ) ) ;
#5509 = CARTESIAN_POINT ( 'NONE',  ( -0.8922005383792623900, -1.545336663013203300, 4.329166666666669300 ) ) ;
#5510 = CARTESIAN_POINT ( 'NONE',  ( 2.353151076758521800, -1.505112618652448700E-014, -5.653125000000001100 ) ) ;
#5511 = CARTESIAN_POINT ( 'NONE',  ( -1.892491597964152600E-016, -1.545336663013203900, 7.800000000000001600 ) ) ;
#5513 = CARTESIAN_POINT ( 'NONE',  ( -2.449293598294726100E-016, -2.000000000000031500, 1.937500000000005600 ) ) ;
#5512 = CARTESIAN_POINT ( 'NONE',  ( -2.449293598294726600E-016, -2.000000000000030200, -5.850000000000001400 ) ) ;
#5514 = ORIENTED_EDGE ( 'NONE', *, *, #3990, .F. ) ;
#5515 = FACE_OUTER_BOUND ( 'NONE', #5991, .T. ) ;
#5516 = CARTESIAN_POINT ( 'NONE',  ( -0.01189117488104622800, 0.1244574993174655900, 9.450000000000001100 ) ) ;
#5517 = VERTEX_POINT ( 'NONE', #2429 ) ;
#5518 = CARTESIAN_POINT ( 'NONE',  ( -0.8922005383792623900, -1.545336663013201500, -10.45833333333333000 ) ) ;
#5519 = ORIENTED_EDGE ( 'NONE', *, *, #1022, .F. ) ;
#5520 = CARTESIAN_POINT ( 'NONE',  ( 0.8922005383792613900, -1.545336663013203900, 6.545833333333334300 ) ) ;
#5521 = CARTESIAN_POINT ( 'NONE',  ( 1.176575538379260000, -2.037888611415600500, -7.826041666666661500 ) ) ;
#5522 = CARTESIAN_POINT ( 'NONE',  ( -1.338300807568892900, -0.7726683315066089600, 0.7708333333333351500 ) ) ;
#5523 = CARTESIAN_POINT ( 'NONE',  ( 1.338300807568893600, 0.7726683315065769900, 4.620833333333334500 ) ) ;
#5524 = CARTESIAN_POINT ( 'NONE',  ( -2.309401076758521600, -1.529987618063752100E-014, 1.062500000000005100 ) ) ;
#5525 = ORIENTED_EDGE ( 'NONE', *, *, #5666, .T. ) ;
#5526 = CARTESIAN_POINT ( 'NONE',  ( 2.353151076758521800, -1.565120311810668900E-014, -0.7531250000000021500 ) ) ;
#5527 = CARTESIAN_POINT ( 'NONE',  ( -0.8922005383792623900, -1.545336663013203500, 8.441666666666666400 ) ) ;
#5528 = CARTESIAN_POINT ( 'NONE',  ( -0.8922005383792623900, -1.545336663013201900, -8.270833333333332100 ) ) ;
#5529 = FACE_OUTER_BOUND ( 'NONE', #1188, .T. ) ;
#5530 = CARTESIAN_POINT ( 'NONE',  ( -1.250000000000000200, -3.117081245895825200E-015, 9.999999999999991100 ) ) ;
#5531 = ADVANCED_FACE ( 'NONE', ( #6590 ), #4847, .T. ) ;
#5532 = EDGE_CURVE ( 'NONE', #4029, #6152, #5323, .T. ) ;
#5534 = CARTESIAN_POINT ( 'NONE',  ( -0.8922005383792623900, -1.545336663013201500, -9.058333333333331800 ) ) ;
#5533 = CARTESIAN_POINT ( 'NONE',  ( -1.784401076758523700, -1.407829099848803500E-014, -9.174999999999998900 ) ) ;
#5535 = LINE ( 'NONE', #864, #6582 ) ;
#5536 = CONICAL_SURFACE ( 'NONE', #3598, 2.300000000000000300, 0.7853981633974515000 ) ;
#5537 = CARTESIAN_POINT ( 'NONE',  ( 1.338300807568892500, -0.7726683315066107400, 7.304166666666667100 ) ) ;
#5538 = CARTESIAN_POINT ( 'NONE',  ( 1.764863307568890900, -1.018944305707808000, -7.767708333333327900 ) ) ;
#5539 = CARTESIAN_POINT ( 'NONE',  ( 1.338300807568893600, 0.7726683315065772100, 3.220833333333335900 ) ) ;
#5540 = CARTESIAN_POINT ( 'NONE',  ( 0.0000000000000000000, 1.545336663013172200, 3.337500000000002100 ) ) ;
#5541 = VECTOR ( 'NONE', #5174, 1000.000000000000000 ) ;
#5542 = CARTESIAN_POINT ( 'NONE',  ( -1.732050807568891400, -1.000000000000023500, 5.233333333333330700 ) ) ;
#5543 =( BOUNDED_CURVE ( )  B_SPLINE_CURVE ( 2, ( #2895, #852, #2347, #6458, #4394, #6389, #1325 ),
 .UNSPECIFIED., .F., .F. ) 
 B_SPLINE_CURVE_WITH_KNOTS ( ( 3, 2, 2, 3 ),
 ( 0.4023899760508918800, 0.4079455316064475300, 0.4135010871620030700, 0.4190566427175586000 ),
 .UNSPECIFIED. ) 
 CURVE ( )  GEOMETRIC_REPRESENTATION_ITEM ( )  RATIONAL_B_SPLINE_CURVE ( ( 1.000000000000000000, 0.8660254037844387100, 1.000000000000000000, 0.8660254037844387100, 1.000000000000000000, 0.8660254037844387100, 1.000000000000000000 ) ) 
 REPRESENTATION_ITEM ( '' )  );
#5544 = CARTESIAN_POINT ( 'NONE',  ( -2.353151076758521800, -1.477480886550308900E-014, -3.203125000000000900 ) ) ;
#5545 = ORIENTED_EDGE ( 'NONE', *, *, #3496, .F. ) ;
#5546 = EDGE_CURVE ( 'NONE', #5324, #2339, #2867, .T. ) ;
#5547 = CARTESIAN_POINT ( 'NONE',  ( 0.8922005383792627200, 1.545336663013171100, 8.091666666666666800 ) ) ;
#5548 = VERTEX_POINT ( 'NONE', #5951 ) ;
#5549 = CARTESIAN_POINT ( 'NONE',  ( 1.784401076758523700, -1.465464678530053200E-014, -8.037499999999997900 ) ) ;
#5550 = ORIENTED_EDGE ( 'NONE', *, *, #4271, .F. ) ;
#5551 = CARTESIAN_POINT ( 'NONE',  ( -1.154700538379261700, -2.000000000000031100, 2.579166666666671000 ) ) ;
#5552 = CARTESIAN_POINT ( 'NONE',  ( -0.1180634655157347700, -0.04192054041507266300, 9.450000000000001100 ) ) ;
#5553 = CARTESIAN_POINT ( 'NONE',  ( -1.338300807568892900, -0.7726683315066077400, -8.416666666666666100 ) ) ;
#5555 = CARTESIAN_POINT ( 'NONE',  ( 0.8922005383792627200, 1.545336663013172900, -3.808333333333331800 ) ) ;
#5554 = CARTESIAN_POINT ( 'NONE',  ( 0.8922005383792627200, 1.545336663013172900, -5.908333333333331400 ) ) ;
#5556 = PRODUCT_RELATED_PRODUCT_CATEGORY ( 'detail', '', ( #1556 ) ) ;
#5557 = CARTESIAN_POINT ( 'NONE',  ( 1.249999999999999800, -4.119968257958030500E-015, 10.97392074642395900 ) ) ;
#5558 = CARTESIAN_POINT ( 'NONE',  ( 1.764863307568890900, -1.018944305707808000, -8.467708333333327200 ) ) ;
#5559 = CARTESIAN_POINT ( 'NONE',  ( -0.8922005383792623900, -1.545336663013203300, 5.729166666666669600 ) ) ;
#5560 = CARTESIAN_POINT ( 'NONE',  ( -1.784401076758523700, -1.588923745272718300E-014, 5.612500000000002500 ) ) ;
#5561 = VERTEX_POINT ( 'NONE', #935 ) ;
#5562 = ADVANCED_FACE ( 'NONE', ( #3956 ), #4513, .T. ) ;
#5563 = DIRECTION ( 'NONE',  ( 0.0000000000000000000, -1.000000000000000000, 0.0000000000000000000 ) ) ;
#5564 = ORIENTED_EDGE ( 'NONE', *, *, #873, .F. ) ;
#5565 = AXIS2_PLACEMENT_3D ( 'NONE', #5230, #1628, #5177 ) ;
#5566 = CARTESIAN_POINT ( 'NONE',  ( 1.764863307568892200, 1.018944305707776500, -3.494791666666667900 ) ) ;
#5567 = CARTESIAN_POINT ( 'NONE',  ( -1.338300807568892700, 0.7726683315065779900, 7.566666666666669100 ) ) ;
#5568 = CARTESIAN_POINT ( 'NONE',  ( -2.449293598294726100E-016, -2.000000000000031500, 3.337500000000003900 ) ) ;
#5569 = CARTESIAN_POINT ( 'NONE',  ( -1.338300807568892900, -0.7726683315066079600, -6.929166666666664500 ) ) ;
#5570 = CARTESIAN_POINT ( 'NONE',  ( 1.338300807568893600, 0.7726683315065775400, 0.3333333333333348100 ) ) ;
#5571 = EDGE_CURVE ( 'NONE', #432, #107, #1606, .T. ) ;
#5572 = CARTESIAN_POINT ( 'NONE',  ( -0.6249999999999994400, 1.082531754730545300, 9.999999999999984000 ) ) ;
#5573 = VERTEX_POINT ( 'NONE', #5443 ) ;
#5574 = LINE ( 'NONE', #6259, #1861 ) ;
#5575 = CARTESIAN_POINT ( 'NONE',  ( 0.8922005383792627200, 1.545336663013173100, -8.008333333333332900 ) ) ;
#5577 = CARTESIAN_POINT ( 'NONE',  ( -1.892491597964152600E-016, -1.545336663013202400, -5.499999999999999100 ) ) ;
#5576 = CARTESIAN_POINT ( 'NONE',  ( -1.338300807568892700, 0.7726683315065798800, -9.233333333333330700 ) ) ;
#5578 = DIRECTION ( 'NONE',  ( -0.0000000000000000000, -1.224646799147353200E-016, 1.000000000000000000 ) ) ;
#5579 = CIRCLE ( 'NONE', #2499, 0.3125000000000000600 ) ;
#5580 = DIRECTION ( 'NONE',  ( -0.0000000000000000000, -1.224646799147353200E-016, 1.000000000000000000 ) ) ;
#5581 = CARTESIAN_POINT ( 'NONE',  ( -2.495693764988940900E-016, -2.037888611415600100, -7.884374999999995900 ) ) ;
#5582 = EDGE_CURVE ( 'NONE', #1757, #3208, #4250, .T. ) ;
#5583 = CARTESIAN_POINT ( 'NONE',  ( 0.8922005383792613900, -1.545336663013204400, 6.545833333333334300 ) ) ;
#5584 = CARTESIAN_POINT ( 'NONE',  ( 1.338300807568893600, 0.7726683315065767700, 6.020833333333336600 ) ) ;
#5585 = ORIENTED_EDGE ( 'NONE', *, *, #3997, .T. ) ;
#5586 = CARTESIAN_POINT ( 'NONE',  ( -1.764863307568891500, -1.018944305707807600, -1.044791666666667900 ) ) ;
#5587 = CARTESIAN_POINT ( 'NONE',  ( 1.784401076758523700, -1.670133774837554400E-014, 8.675000000000002500 ) ) ;
#5588 = CARTESIAN_POINT ( 'NONE',  ( 0.0000000000000000000, -2.021310670506432500E-015, 11.10000000000000000 ) ) ;
#5589 = CARTESIAN_POINT ( 'NONE',  ( 1.784401076758523700, -1.491182261312147700E-014, -5.937499999999997300 ) ) ;
#5590 = EDGE_LOOP ( 'NONE', ( #2785, #3814, #763, #1832 ) ) ;
#5591 = CARTESIAN_POINT ( 'NONE',  ( -1.784401076758523700, -1.527844486165244100E-014, 0.6250000000000023300 ) ) ;
#5592 = CARTESIAN_POINT ( 'NONE',  ( -2.309401076758521600, -1.469979924905531700E-014, -3.837499999999995500 ) ) ;
#5593 = AXIS2_PLACEMENT_3D ( 'NONE', #6280, #3714, #685 ) ;
#5594 = CARTESIAN_POINT ( 'NONE',  ( 0.0000000000000000000, 1.545336663013173300, -6.549999999999998900 ) ) ;
#5595 = CARTESIAN_POINT ( 'NONE',  ( 1.732050807568890500, -1.000000000000024900, 5.554166666666671600 ) ) ;
#5597 = CARTESIAN_POINT ( 'NONE',  ( 1.338300807568892500, -0.7726683315066093000, -3.983333333333331600 ) ) ;
#5596 = CARTESIAN_POINT ( 'NONE',  ( -0.8922005383792623900, -1.545336663013202600, -2.758333333333331500 ) ) ;
#5598 = DIRECTION ( 'NONE',  ( 0.0000000000000000000, 0.0000000000000000000, 1.000000000000000000 ) ) ;
#5599 = ORIENTED_EDGE ( 'NONE', *, *, #3838, .F. ) ;
#5600 = DIRECTION ( 'NONE',  ( -0.0000000000000000000, -1.224646799147353200E-016, 1.000000000000000000 ) ) ;
#5601 = TOROIDAL_SURFACE ( 'NONE', #136, 4.149783978102255400, 0.2500000000000000000 ) ;
#5602 = CARTESIAN_POINT ( 'NONE',  ( 0.0000000000000000000, 2.000000000000000000, 7.100000000000000500 ) ) ;
#5603 = CARTESIAN_POINT ( 'NONE',  ( 0.0000000000000000000, 2.037888611415570300, -1.934374999999995100 ) ) ;
#5604 = CARTESIAN_POINT ( 'NONE',  ( 0.8922005383792613900, -1.545336663013204400, 5.845833333333335000 ) ) ;
#5605 = CARTESIAN_POINT ( 'NONE',  ( 0.8922005383792627200, 1.545336663013171100, 8.879166666666666400 ) ) ;
#5606 = DIRECTION ( 'NONE',  ( -0.0000000000000000000, -0.0000000000000000000, 1.000000000000000000 ) ) ;
#5607 = FACE_OUTER_BOUND ( 'NONE', #3920, .T. ) ;
#5608 =( BOUNDED_CURVE ( )  B_SPLINE_CURVE ( 2, ( #4365, #1001, #5087, #5592, #2603, #5128, #6169 ),
 .UNSPECIFIED., .F., .T. ) 
 B_SPLINE_CURVE_WITH_KNOTS ( ( 3, 2, 2, 3 ),
 ( 0.6023899760508919500, 0.6079455316064474900, 0.6135010871620030200, 0.6190566427175585600 ),
 .UNSPECIFIED. ) 
 CURVE ( )  GEOMETRIC_REPRESENTATION_ITEM ( )  RATIONAL_B_SPLINE_CURVE ( ( 1.000000000000000000, 0.8660254037844387100, 1.000000000000000000, 0.8660254037844387100, 1.000000000000000000, 0.8660254037844387100, 1.000000000000000000 ) ) 
 REPRESENTATION_ITEM ( '' )  );
#5609 = CARTESIAN_POINT ( 'NONE',  ( 2.353151076758521800, -1.530830201434542900E-014, -3.553125000000001900 ) ) ;
#5610 = CARTESIAN_POINT ( 'NONE',  ( 1.249999999999998700, -0.2695388083449835600, 10.00000000000000000 ) ) ;
#5611 = CARTESIAN_POINT ( 'NONE',  ( -2.449293598294726600E-016, -2.000000000000031100, 0.4499999999999984000 ) ) ;
#5612 = CARTESIAN_POINT ( 'NONE',  ( 0.0000000000000000000, 1.545336663013173500, -7.162499999999997900 ) ) ;
#5613 = CARTESIAN_POINT ( 'NONE',  ( 0.8922005383792627200, 1.545336663013172400, -2.408333333333331900 ) ) ;
#5614 = AXIS2_PLACEMENT_3D ( 'NONE', #2252, #4309, #2759 ) ;
#5615 = CARTESIAN_POINT ( 'NONE',  ( -1.784401076758523700, -1.383183083015962900E-014, -11.18749999999999600 ) ) ;
#5616 = PERSON_AND_ORGANIZATION ( #5960, #3542 ) ;
#5617 = CARTESIAN_POINT ( 'NONE',  ( 1.176575538379261800, 2.037888611415569000, 5.663541666666664500 ) ) ;
#5618 = CARTESIAN_POINT ( 'NONE',  ( -1.892491597964152600E-016, -1.545336663013202200, -8.299999999999998900 ) ) ;
#5619 = CARTESIAN_POINT ( 'NONE',  ( 1.154700538379248400, 2.000000000000022600, 1.441666666666666700 ) ) ;
#5620 = EDGE_CURVE ( 'NONE', #228, #4031, #466, .T. ) ;
#5622 = CARTESIAN_POINT ( 'NONE',  ( -1.338300807568892700, 0.7726683315065792100, -3.633333333333332000 ) ) ;
#5621 = CARTESIAN_POINT ( 'NONE',  ( -0.8922005383792617200, 1.545336663013173100, -4.391666666666664800 ) ) ;
#5623 = CARTESIAN_POINT ( 'NONE',  ( 0.0000000000000000000, -2.021310670506432500E-015, 11.10000000000000000 ) ) ;
#5624 = EDGE_LOOP ( 'NONE', ( #1272, #4978, #3469 ) ) ;
#5625 = LINE ( 'NONE', #4577, #1659 ) ;
#5626 = ORIENTED_EDGE ( 'NONE', *, *, #4325, .F. ) ;
#5627 = CIRCLE ( 'NONE', #2346, 2.403553390593273300 ) ;
#5628 =( BOUNDED_CURVE ( )  B_SPLINE_CURVE ( 2, ( #3120, #2668, #3167, #79, #3682, #6214, #1133 ),
 .UNSPECIFIED., .F., .F. ) 
 B_SPLINE_CURVE_WITH_KNOTS ( ( 3, 2, 2, 3 ),
 ( 0.6166666666666668100, 0.6222222222222223400, 0.6277777777777777700, 0.6333333333333333000 ),
 .UNSPECIFIED. ) 
 CURVE ( )  GEOMETRIC_REPRESENTATION_ITEM ( )  RATIONAL_B_SPLINE_CURVE ( ( 0.9999999999999973400, 0.8660254037844414800, 1.000000000000000000, 0.8660254037844388200, 1.000000000000000000, 0.8660254037844388200, 1.000000000000000000 ) ) 
 REPRESENTATION_ITEM ( '' )  );
#5629 = CARTESIAN_POINT ( 'NONE',  ( -1.061992328513115000, -1.225459089649698000, -11.05937406717849600 ) ) ;
#5630 = ORIENTED_EDGE ( 'NONE', *, *, #3990, .T. ) ;
#5631 = CARTESIAN_POINT ( 'NONE',  ( -1.176575538379260700, 2.037888611415570800, -4.676041666666662000 ) ) ;
#5632 =( BOUNDED_CURVE ( )  B_SPLINE_CURVE ( 2, ( #1097, #1224, #4207, #1758, #4723, #5308, #1173 ),
 .UNSPECIFIED., .F., .T. ) 
 B_SPLINE_CURVE_WITH_KNOTS ( ( 3, 2, 2, 3 ),
 ( 0.08572330938422523200, 0.09127886493978076800, 0.09683442049533641500, 0.1023899760508919500 ),
 .UNSPECIFIED. ) 
 CURVE ( )  GEOMETRIC_REPRESENTATION_ITEM ( )  RATIONAL_B_SPLINE_CURVE ( ( 1.000000000000000000, 0.8660254037844387100, 1.000000000000000000, 0.8660254037844387100, 1.000000000000000000, 0.8660254037844387100, 1.000000000000000000 ) ) 
 REPRESENTATION_ITEM ( '' )  );
#5633 = CARTESIAN_POINT ( 'NONE',  ( 0.8922005383792613900, -1.545336663013203900, 4.445833333333336400 ) ) ;
#5634 = CARTESIAN_POINT ( 'NONE',  ( -1.338300807568892900, -0.7726683315066081900, -5.529166666666664100 ) ) ;
#5635 = CARTESIAN_POINT ( 'NONE',  ( -1.732050807568891200, -1.000000000000022000, -7.979166666666662500 ) ) ;
#5636 = CARTESIAN_POINT ( 'NONE',  ( -1.764863307568891500, -1.018944305707807600, -0.3447916666666686100 ) ) ;
#5637 = AXIS2_PLACEMENT_3D ( 'NONE', #4858, #3354, #5869 ) ;
#5638 = CARTESIAN_POINT ( 'NONE',  ( 0.09533598569768997300, 0.08128569018791652300, 9.450000000000001100 ) ) ;
#5639 = CARTESIAN_POINT ( 'NONE',  ( 0.0000000000000000000, 2.000000000000001300, 0.09999999999999881200 ) ) ;
#5640 = CARTESIAN_POINT ( 'NONE',  ( 1.732050807568892100, 0.9999999999999911200, 2.783333333333331900 ) ) ;
#5641 = CARTESIAN_POINT ( 'NONE',  ( -0.8922005383792617200, 1.545336663013172900, -2.291666666666665600 ) ) ;
#5642 = CARTESIAN_POINT ( 'NONE',  ( -1.338300807568892700, 0.7726683315065799900, -9.845833333333331400 ) ) ;
#5643 = CARTESIAN_POINT ( 'NONE',  ( -1.764863307568891300, 1.018944305707777200, 4.438541666666665700 ) ) ;
#5644 = B_SPLINE_CURVE_WITH_KNOTS ( 'NONE', 3,
 ( #1571, #3633, #3095, #2548, #78, #3703 ),
 .UNSPECIFIED., .F., .F.,
 ( 4, 2, 4 ),
 ( 2.380763768065070100E-007, 0.0007291065797294590800, 0.001457975083082111500 ),
 .UNSPECIFIED. ) ;
#5645 = CARTESIAN_POINT ( 'NONE',  ( -1.892491597964152600E-016, -1.545336663013201900, -9.699999999999999300 ) ) ;
#5646 = CARTESIAN_POINT ( 'NONE',  ( -1.154700538379258300, -2.000000000000035500, -8.008333333333334600 ) ) ;
#5648 = CARTESIAN_POINT ( 'NONE',  ( 1.784401076758523700, -1.515828278144988100E-014, -3.924999999999998900 ) ) ;
#5647 = CARTESIAN_POINT ( 'NONE',  ( 1.338300807568892500, -0.7726683315066093000, -4.683333333333331800 ) ) ;
#5649 = CARTESIAN_POINT ( 'NONE',  ( -2.353151076758521800, -1.563741945465250800E-014, 3.840625000000005100 ) ) ;
#5650 = PRODUCT_DEFINITION ( 'UNKNOWN', '', #438, #2825 ) ;
#5651 = ORIENTED_EDGE ( 'NONE', *, *, #220, .F. ) ;
#5652 = DIRECTION ( 'NONE',  ( 0.0000000000000000000, -1.000000000000000000, 0.0000000000000000000 ) ) ;
#5653 = CARTESIAN_POINT ( 'NONE',  ( -1.176575538379260700, 2.037888611415570300, -2.576041666666661900 ) ) ;
#5654 = DIRECTION ( 'NONE',  ( 0.8660254037844386000, -0.5000000000000001100, 0.0000000000000000000 ) ) ;
#5655 = CARTESIAN_POINT ( 'NONE',  ( 1.338300807568893600, 0.7726683315065787600, -10.86666666666666500 ) ) ;
#5656 = CARTESIAN_POINT ( 'NONE',  ( 1.338300807568893600, 0.7726683315065766600, 7.420833333333335200 ) ) ;
#5657 = CARTESIAN_POINT ( 'NONE',  ( -1.784401076758523700, -1.400328138204025900E-014, -9.787499999999997900 ) ) ;
#5658 = AXIS2_PLACEMENT_3D ( 'NONE', #4714, #4222, #4170 ) ;
#5659 = CARTESIAN_POINT ( 'NONE',  ( -1.764863307568891300, 1.018944305707777400, 2.338541666666666100 ) ) ;
#5660 = CARTESIAN_POINT ( 'NONE',  ( -0.8922005383792617200, 1.545336663013171500, 8.908333333333333200 ) ) ;
#5661 = CARTESIAN_POINT ( 'NONE',  ( 1.014985625370285600, -0.8573734489429327700, 10.00000000000000000 ) ) ;
#5662 = CARTESIAN_POINT ( 'NONE',  ( -2.449293598294726600E-016, -2.000000000000029800, -10.05000000000000200 ) ) ;
#5663 = CARTESIAN_POINT ( 'NONE',  ( 0.0000000000000000000, 1.545336663013173100, -3.662499999999997400 ) ) ;
#5664 = CARTESIAN_POINT ( 'NONE',  ( 1.154700538379248400, 2.000000000000022600, 2.841666666666665500 ) ) ;
#5665 = CARTESIAN_POINT ( 'NONE',  ( -0.8922005383792623900, -1.545336663013202600, 0.04166666666666901700 ) ) ;
#5666 = EDGE_CURVE ( 'NONE', #5289, #4029, #1392, .T. ) ;
#5667 = CARTESIAN_POINT ( 'NONE',  ( -1.338300807568892900, -0.7726683315066077400, -8.329166666666665700 ) ) ;
#5668 = CARTESIAN_POINT ( 'NONE',  ( 2.353151076758521800, -1.633700532562920300E-014, 4.846874999999997200 ) ) ;
#5669 = ORIENTED_EDGE ( 'NONE', *, *, #5966, .F. ) ;
#5670 = CARTESIAN_POINT ( 'NONE',  ( 0.0000000000000000000, 1.545336663013173300, -5.849999999999998800 ) ) ;
#5671 = FACE_OUTER_BOUND ( 'NONE', #5838, .T. ) ;
#5672 = CARTESIAN_POINT ( 'NONE',  ( 0.0000000000000000000, -2.021310670506432500E-015, 11.10000000000000000 ) ) ;
#5674 = CARTESIAN_POINT ( 'NONE',  ( -1.732050807568891000, 0.9999999999999935600, -5.295833333333328100 ) ) ;
#5673 = CARTESIAN_POINT ( 'NONE',  ( 1.338300807568893600, 0.7726683315065779900, -3.866666666666664900 ) ) ;
#5675 = CARTESIAN_POINT ( 'NONE',  ( 0.0000000000000000000, -2.021310670506432500E-015, 11.10000000000000000 ) ) ;
#5676 = CARTESIAN_POINT ( 'NONE',  ( 2.353151076758521800, -1.599946205161421600E-014, 2.090625000000005500 ) ) ;
#5677 = VERTEX_POINT ( 'NONE', #2048 ) ;
#5678 = CARTESIAN_POINT ( 'NONE',  ( 1.732050807568890500, -1.000000000000024400, 2.754166666666670900 ) ) ;
#5679 = CARTESIAN_POINT ( 'NONE',  ( 1.176575538379260000, -2.037888611415601000, -2.226041666666660900 ) ) ;
#5680 = CARTESIAN_POINT ( 'NONE',  ( 0.2481966127154048900, -1.813771994470544800, -10.83591098104612300 ) ) ;
#5681 = EDGE_CURVE ( 'NONE', #1099, #1096, #77, .T. ) ;
#5682 = CARTESIAN_POINT ( 'NONE',  ( -1.338300807568892700, 0.7726683315065802100, -11.33333333333333200 ) ) ;
#5683 = CARTESIAN_POINT ( 'NONE',  ( 1.784401076758523700, -1.671205340786808100E-014, 8.762500000000002800 ) ) ;
#5684 = CARTESIAN_POINT ( 'NONE',  ( 0.0000000000000000000, 2.037888611415570300, -0.5781250000000005600 ) ) ;
#5685 = ORIENTED_EDGE ( 'NONE', *, *, #2011, .F. ) ;
#5686 = CARTESIAN_POINT ( 'NONE',  ( 0.0000000000000000000, 1.545336663013172900, -2.262499999999997100 ) ) ;
#5687 = CARTESIAN_POINT ( 'NONE',  ( -2.449293598294726100E-016, -2.000000000000030600, -4.362499999999994500 ) ) ;
#5688 = CARTESIAN_POINT ( 'NONE',  ( 1.338300807568892500, -0.7726683315066099600, 0.9166666666666680700 ) ) ;
#5689 = CARTESIAN_POINT ( 'NONE',  ( -1.732050807568891200, -1.000000000000022900, -1.679166666666661800 ) ) ;
#5690 = CARTESIAN_POINT ( 'NONE',  ( -1.338300807568892900, -0.7726683315066077400, -9.029166666666665000 ) ) ;
#5691 = CARTESIAN_POINT ( 'NONE',  ( 1.764863307568890900, -1.018944305707809600, 6.888541666666664100 ) ) ;
#5692 =( BOUNDED_CURVE ( )  B_SPLINE_CURVE ( 2, ( #508, #971, #4036, #4558, #2561, #528, #5602 ),
 .UNSPECIFIED., .F., .T. ) 
 B_SPLINE_CURVE_WITH_KNOTS ( ( 3, 2, 2, 3 ),
 ( 0.8500000000000002000, 0.8555555555555556200, 0.8611111111111112700, 0.8666666666666667000 ),
 .UNSPECIFIED. ) 
 CURVE ( )  GEOMETRIC_REPRESENTATION_ITEM ( )  RATIONAL_B_SPLINE_CURVE ( ( 0.9999999999999946700, 0.8660254037844441500, 1.000000000000000000, 0.8660254037844388200, 1.000000000000000000, 0.8660254037844388200, 1.000000000000000000 ) ) 
 REPRESENTATION_ITEM ( '' )  );
#5693 = CARTESIAN_POINT ( 'NONE',  ( 0.8922005383792627200, 1.545336663013172900, -5.908333333333331400 ) ) ;
#5694 = CARTESIAN_POINT ( 'NONE',  ( 1.732050807568892100, 0.9999999999999922300, -9.029166666666663200 ) ) ;
#5696 = CARTESIAN_POINT ( 'NONE',  ( -1.154700538379273700, 1.999999999999977100, 3.658333333333332800 ) ) ;
#5695 = CARTESIAN_POINT ( 'NONE',  ( 1.784401076758523700, -1.567263443709177000E-014, 0.2750000000000009100 ) ) ;
#5697 = CYLINDRICAL_SURFACE ( 'NONE', #2912, 2.000000000000001800 ) ;
#5698 = CARTESIAN_POINT ( 'NONE',  ( -1.176575538379261500, -2.037888611415601000, 1.157291666666671000 ) ) ;
#5699 = CARTESIAN_POINT ( 'NONE',  ( -2.309401076758521600, -1.444262342123437500E-014, -5.937499999999994700 ) ) ;
#5700 = FACE_OUTER_BOUND ( 'NONE', #2524, .T. ) ;
#5701 = CARTESIAN_POINT ( 'NONE',  ( 0.0000000000000000000, 2.000000000000000400, 4.299999999999999800 ) ) ;
#5702 = CARTESIAN_POINT ( 'NONE',  ( -1.176575538379260700, 2.037888611415570800, -3.276041666666661600 ) ) ;
#5703 = CARTESIAN_POINT ( 'NONE',  ( -1.338300807568892700, 0.7726683315065779900, 7.654166666666670300 ) ) ;
#5704 = CARTESIAN_POINT ( 'NONE',  ( 0.6705114239316450900, -1.392293012418699800, 9.337116073676766000 ) ) ;
#5705 = EDGE_CURVE ( 'NONE', #188, #3857, #5625, .T. ) ;
#5706 = CARTESIAN_POINT ( 'NONE',  ( -1.176575538379260700, 2.037888611415570300, 2.280208333333332100 ) ) ;
#5707 = VECTOR ( 'NONE', #3878, 1000.000000000000000 ) ;
#5708 = CARTESIAN_POINT ( 'NONE',  ( 0.01433848335475022500, 0.1241749084762489900, 9.450000000000001100 ) ) ;
#5709 = CARTESIAN_POINT ( 'NONE',  ( 2.309401076758521100, -1.649774021801729500E-014, 6.224999999999997900 ) ) ;
#5710 = CARTESIAN_POINT ( 'NONE',  ( -1.892491597964152600E-016, -1.545336663013202800, -1.912499999999997400 ) ) ;
#5711 = FACE_OUTER_BOUND ( 'NONE', #1669, .T. ) ;
#5712 = CARTESIAN_POINT ( 'NONE',  ( -1.784401076758523700, -1.536417013759275700E-014, 1.325000000000001700 ) ) ;
#5713 = CARTESIAN_POINT ( 'NONE',  ( 1.732050807568890700, -1.000000000000023500, -6.433333333333336200 ) ) ;
#5714 = CARTESIAN_POINT ( 'NONE',  ( -0.8922005383792623900, -1.545336663013201500, -9.670833333333330700 ) ) ;
#5715 = CARTESIAN_POINT ( 'NONE',  ( -1.764863307568891500, -1.018944305707808500, 7.355208333333331800 ) ) ;
#5716 = ORIENTED_EDGE ( 'NONE', *, *, #3960, .T. ) ;
#5717 = VERTEX_POINT ( 'NONE', #3601 ) ;
#5718 = CARTESIAN_POINT ( 'NONE',  ( 1.338300807568893600, 0.7726683315065781000, -4.566666666666664700 ) ) ;
#5719 = DIRECTION ( 'NONE',  ( -0.0000000000000000000, -0.0000000000000000000, 1.000000000000000000 ) ) ;
#5721 = CARTESIAN_POINT ( 'NONE',  ( 1.468375672974065800, -4.119968255444916800E-015, 11.10000000000000000 ) ) ;
#5720 = CARTESIAN_POINT ( 'NONE',  ( 0.8922005383792613900, -1.545336663013203500, 0.1583333333333349900 ) ) ;
#5722 = DIRECTION ( 'NONE',  ( 0.0000000000000000000, -1.000000000000000000, 0.0000000000000000000 ) ) ;
#5723 = CARTESIAN_POINT ( 'NONE',  ( 1.176575538379260000, -2.037888611415601800, 2.673958333333339000 ) ) ;
#5724 = EDGE_CURVE ( 'NONE', #6591, #1746, #3529, .T. ) ;
#5725 = CARTESIAN_POINT ( 'NONE',  ( -2.309401076758521100, -1.571778690084655400E-014, 4.474999999999998800 ) ) ;
#5726 = CARTESIAN_POINT ( 'NONE',  ( 1.764863307568892200, 1.018944305707776100, -0.6510416666666608600 ) ) ;
#5727 = DIRECTION ( 'NONE',  ( 0.0000000000000000000, 1.000000000000000000, 0.0000000000000000000 ) ) ;
#5728 = CARTESIAN_POINT ( 'NONE',  ( -1.784401076758523700, -1.623213855648844300E-014, 8.412500000000003200 ) ) ;
#5729 = CARTESIAN_POINT ( 'NONE',  ( 1.338300807568893600, 0.7726683315065784300, -6.579166666666664800 ) ) ;
#5730 = CARTESIAN_POINT ( 'NONE',  ( -1.764863307568891500, -1.018944305707807800, 1.055208333333331500 ) ) ;
#5731 = CARTESIAN_POINT ( 'NONE',  ( 0.1332721955846633800, -1.366430934977769500, 10.00000000000000000 ) ) ;
#5732 = CARTESIAN_POINT ( 'NONE',  ( -1.732050807568891400, -1.000000000000022400, -4.566666666666667300 ) ) ;
#5733 = CARTESIAN_POINT ( 'NONE',  ( 0.8922005383792613900, -1.545336663013203300, -3.254166666666664200 ) ) ;
#5734 = CARTESIAN_POINT ( 'NONE',  ( 2.449293598294708900E-016, 1.999999999999999600, 11.10000000000000000 ) ) ;
#5735 = ORIENTED_EDGE ( 'NONE', *, *, #1639, .T. ) ;
#5736 = CARTESIAN_POINT ( 'NONE',  ( 1.338300807568892500, -0.7726683315066100700, 1.616666666666668900 ) ) ;
#5737 = CARTESIAN_POINT ( 'NONE',  ( -2.449293598294726100E-016, -2.000000000000031100, -1.562499999999995600 ) ) ;
#5738 = CARTESIAN_POINT ( 'NONE',  ( 0.8922005383792627200, 1.545336663013172900, -4.420833333333330700 ) ) ;
#5739 = ORIENTED_EDGE ( 'NONE', *, *, #1297, .F. ) ;
#5740 = CARTESIAN_POINT ( 'NONE',  ( 2.353151076758521800, -1.685135698127109500E-014, 9.046874999999998200 ) ) ;
#5741 = AXIS2_PLACEMENT_3D ( 'NONE', #3430, #2448, #914 ) ;
#5742 = CARTESIAN_POINT ( 'NONE',  ( 0.0000000000000000000, 1.545336663013173100, -4.449999999999998400 ) ) ;
#5743 = CARTESIAN_POINT ( 'NONE',  ( 0.0000000000000000000, 2.000000000000001300, -3.312499999999995600 ) ) ;
#5745 = CARTESIAN_POINT ( 'NONE',  ( 0.0000000000000000000, -2.000000000000004000, 11.10000000000000000 ) ) ;
#5744 = CARTESIAN_POINT ( 'NONE',  ( 1.338300807568893600, 0.7726683315065775400, 0.3333333333333348100 ) ) ;
#5746 = DIRECTION ( 'NONE',  ( 0.0000000000000000000, -1.000000000000000000, 0.0000000000000000000 ) ) ;
#5747 = EDGE_LOOP ( 'NONE', ( #2101, #5630, #5093, #6490 ) ) ;
#5748 = CARTESIAN_POINT ( 'NONE',  ( -1.176575538379261500, -2.037888611415601000, 2.557291666666671400 ) ) ;
#5749 = VECTOR ( 'NONE', #5244, 1000.000000000000000 ) ;
#5750 = DIRECTION ( 'NONE',  ( 0.0000000000000000000, 0.0000000000000000000, 1.000000000000000000 ) ) ;
#5751 = CARTESIAN_POINT ( 'NONE',  ( -1.764863307568891500, -1.018944305707807600, -0.3010416666666612700 ) ) ;
#5752 = CARTESIAN_POINT ( 'NONE',  ( -0.5809822180458944500, 1.431965455018786100, 7.579764973081043200 ) ) ;
#5753 = CARTESIAN_POINT ( 'NONE',  ( 1.338300807568892500, -0.7726683315066085200, -10.98333333333333100 ) ) ;
#5754 = CARTESIAN_POINT ( 'NONE',  ( -0.8922005383792623900, -1.545336663013201500, -8.970833333333331400 ) ) ;
#5755 = CARTESIAN_POINT ( 'NONE',  ( -1.176575538379260700, 2.037888611415570300, 3.680208333333332400 ) ) ;
#5756 = CARTESIAN_POINT ( 'NONE',  ( -1.732050807568891200, 0.9999999999999937800, -3.983333333333334300 ) ) ;
#5757 = CARTESIAN_POINT ( 'NONE',  ( -0.1018377686598890800, -0.07252680918656676000, 9.450000000000001100 ) ) ;
#5758 = CARTESIAN_POINT ( 'NONE',  ( -1.647265239996094500, 0.8614782943899731400, -10.80768853391069800 ) ) ;
#5759 = CARTESIAN_POINT ( 'NONE',  ( 1.338300807568892500, -0.7726683315066091900, -5.295833333333331600 ) ) ;
#5760 = ORIENTED_EDGE ( 'NONE', *, *, #2192, .T. ) ;
#5761 = CARTESIAN_POINT ( 'NONE',  ( -1.250000000000000000, 0.2454578375817814700, 10.98465887420947200 ) ) ;
#5762 = CARTESIAN_POINT ( 'NONE',  ( 1.338300807568892500, -0.7726683315066101800, 3.016666666666667500 ) ) ;
#5763 = VERTEX_POINT ( 'NONE', #4653 ) ;
#5764 = CARTESIAN_POINT ( 'NONE',  ( -2.309401076758521600, -1.495697507687625800E-014, -1.737499999999995400 ) ) ;
#5765 = EDGE_CURVE ( 'NONE', #4288, #4955, #159, .T. ) ;
#5766 = CARTESIAN_POINT ( 'NONE',  ( -0.8922005383792623900, -1.545336663013201700, -5.470833333333332300 ) ) ;
#5767 = CARTESIAN_POINT ( 'NONE',  ( 1.784401076758523700, -1.439747095747958800E-014, -10.13749999999999900 ) ) ;
#5768 = CARTESIAN_POINT ( 'NONE',  ( -1.892491597964152600E-016, -1.545336663013202800, -3.399999999999998600 ) ) ;
#5770 = CARTESIAN_POINT ( 'NONE',  ( -1.732050807568891200, 0.9999999999999937800, -3.283333333333335000 ) ) ;
#5769 = CARTESIAN_POINT ( 'NONE',  ( -0.8922005383792623900, -1.545336663013202600, -1.358333333333331200 ) ) ;
#5771 = CARTESIAN_POINT ( 'NONE',  ( -0.5260775605823341200, -1.629309225155119300, 7.673006639257827100 ) ) ;
#5772 = CARTESIAN_POINT ( 'NONE',  ( 1.764863307568892200, 1.018944305707774900, 7.748958333333336900 ) ) ;
#5773 = CARTESIAN_POINT ( 'NONE',  ( -2.449293598294726600E-016, -2.000000000000030600, -4.450000000000001100 ) ) ;
#5774 = ORIENTED_EDGE ( 'NONE', *, *, #953, .F. ) ;
#5775 = CARTESIAN_POINT ( 'NONE',  ( 2.353151076758521800, -1.574228622379327200E-014, -0.009374999999995498000 ) ) ;
#5776 = CARTESIAN_POINT ( 'NONE',  ( -1.223635545190178100, 0.9491815767925388900, 7.579764973080850500 ) ) ;
#5777 = EDGE_CURVE ( 'NONE', #4146, #3082, #4187, .T. ) ;
#5778 = CARTESIAN_POINT ( 'NONE',  ( 0.8922005383792627200, 1.545336663013173100, -7.220833333333330600 ) ) ;
#5779 = VECTOR ( 'NONE', #3518, 1000.000000000000000 ) ;
#5780 = CARTESIAN_POINT ( 'NONE',  ( 1.176575538379261800, 2.037888611415569000, 3.563541666666664800 ) ) ;
#5781 = CARTESIAN_POINT ( 'NONE',  ( 2.309401076758521600, -1.487967563464385600E-014, -6.987499999999994500 ) ) ;
#5782 = CARTESIAN_POINT ( 'NONE',  ( -1.250000000000000000, 0.4503166115752345600, 10.00000000000000000 ) ) ;
#5783 = DIRECTION ( 'NONE',  ( -0.0000000000000000000, -1.224646799147353200E-016, 1.000000000000000000 ) ) ;
#5784 = CARTESIAN_POINT ( 'NONE',  ( 0.8922005383792613900, -1.545336663013203300, -0.4541666666666651600 ) ) ;
#5785 = CARTESIAN_POINT ( 'NONE',  ( -1.338300807568892700, 0.7726683315065784300, 3.366666666666668900 ) ) ;
#5786 = CARTESIAN_POINT ( 'NONE',  ( 1.784401076758523700, -1.491182261312147700E-014, -5.937499999999997300 ) ) ;
#5787 = VECTOR ( 'NONE', #446, 1000.000000000000000 ) ;
#5788 = CARTESIAN_POINT ( 'NONE',  ( -0.8922005383792617200, 1.545336663013174000, -11.30416666666666400 ) ) ;
#5789 = B_SPLINE_CURVE_WITH_KNOTS ( 'NONE', 3,
 ( #730, #4758, #2258, #6297, #202, #2689, #3705, #4784, #2742, #5758, #6241, #3758, #3192, #2791, #5226, #249, #1718, #6322, #2233, #5277, #3291, #1740, #3219, #3243, #769, #4267, #4242, #750 ),
 .UNSPECIFIED., .F., .F.,
 ( 4, 2, 2, 2, 2, 2, 2, 2, 2, 2, 2, 2, 2, 4 ),
 ( 0.005073524392077455800, 0.005443404127528292400, 0.005813283862979128100, 0.006553043333880801200, 0.006922923069331636900, 0.007292802804782474300, 0.007662682540233311700, 0.008032562275684149200, 0.008402442011134984800, 0.008772321746585822300, 0.009142201482036659700, 0.009512081217487495400, 0.01025184068838917000, 0.01099160015929084500 ),
 .UNSPECIFIED. ) ;
#5790 = CARTESIAN_POINT ( 'NONE',  ( -1.784401076758523700, -1.519271958571212500E-014, -0.07499999999999867900 ) ) ;
#5791 = CARTESIAN_POINT ( 'NONE',  ( 0.0000000000000000000, 2.037888611415571200, -8.278125000000001100 ) ) ;
#5793 = CARTESIAN_POINT ( 'NONE',  ( -1.154700538379260800, 2.000000000000000000, 4.445833333333338200 ) ) ;
#5792 = CARTESIAN_POINT ( 'NONE',  ( -1.892491597964152600E-016, -1.545336663013202800, -1.999999999999998200 ) ) ;
#5794 = DIRECTION ( 'NONE',  ( 0.0000000000000000000, 0.0000000000000000000, 1.000000000000000000 ) ) ;
#5795 = CARTESIAN_POINT ( 'NONE',  ( -2.353151076758521800, -1.615177111029439700E-014, 8.040625000000007500 ) ) ;
#5796 = ADVANCED_FACE ( 'NONE', ( #3254 ), #1565, .F. ) ;
#5797 = VERTEX_POINT ( 'NONE', #5752 ) ;
#5798 = CARTESIAN_POINT ( 'NONE',  ( -1.154700538379274800, -2.000000000000008400, 5.991666666666663600 ) ) ;
#5799 = ORIENTED_EDGE ( 'NONE', *, *, #611, .T. ) ;
#5800 = ORIENTED_EDGE ( 'NONE', *, *, #5470, .T. ) ;
#5801 = VECTOR ( 'NONE', #4869, 1000.000000000000000 ) ;
#5802 = CARTESIAN_POINT ( 'NONE',  ( -1.784401076758523700, -1.434618248580151900E-014, -6.987499999999998000 ) ) ;
#5803 = ORIENTED_EDGE ( 'NONE', *, *, #986, .F. ) ;
#5804 = EDGE_CURVE ( 'NONE', #3442, #2971, #1094, .T. ) ;
#5805 = DIRECTION ( 'NONE',  ( -0.0000000000000000000, -1.224646799147353200E-016, 1.000000000000000000 ) ) ;
#5806 = CARTESIAN_POINT ( 'NONE',  ( -0.03941055279415615900, -0.1195484787224590400, 9.450000000000013500 ) ) ;
#5807 = VERTEX_POINT ( 'NONE', #1735 ) ;
#5808 = CARTESIAN_POINT ( 'NONE',  ( -2.449293598294726600E-016, -2.000000000000031100, 1.149999999999999200 ) ) ;
#5809 = CARTESIAN_POINT ( 'NONE',  ( 1.338300807568892500, -0.7726683315066097400, -1.095833333333330600 ) ) ;
#5810 = CARTESIAN_POINT ( 'NONE',  ( 1.732050807568890500, -1.000000000000023300, -7.745833333333327400 ) ) ;
#5811 = CARTESIAN_POINT ( 'NONE',  ( 1.338300807568892500, -0.7726683315066108500, 7.916666666666668700 ) ) ;
#5812 = DIRECTION ( 'NONE',  ( -0.0000000000000000000, -1.224646799147353200E-016, 1.000000000000000000 ) ) ;
#5813 = CARTESIAN_POINT ( 'NONE',  ( 0.8922005383792613900, -1.545336663013202600, -7.454166666666664800 ) ) ;
#5814 = CARTESIAN_POINT ( 'NONE',  ( 1.338300807568893600, 0.7726683315065775400, 0.3333333333333348100 ) ) ;
#5816 = CARTESIAN_POINT ( 'NONE',  ( -1.732050807568891200, -1.000000000000023500, 4.620833333333337100 ) ) ;
#5815 = CARTESIAN_POINT ( 'NONE',  ( 0.0000000000000000000, 1.545336663013172000, 5.350000000000000500 ) ) ;
#5817 = CARTESIAN_POINT ( 'NONE',  ( 0.0000000000000000000, 2.000000000000000400, 1.587500000000004600 ) ) ;
#5818 = CARTESIAN_POINT ( 'NONE',  ( 2.353151076758521800, -1.642808843131578900E-014, 5.590625000000004600 ) ) ;
#5819 = CARTESIAN_POINT ( 'NONE',  ( 0.0000000000000000000, -2.021310670506432500E-015, 11.10000000000000000 ) ) ;
#5820 = EDGE_CURVE ( 'NONE', #3483, #5401, #4444, .T. ) ;
#5821 = CARTESIAN_POINT ( 'NONE',  ( 0.0000000000000000000, 1.545336663013173700, -10.04999999999999900 ) ) ;
#5822 = CARTESIAN_POINT ( 'NONE',  ( -1.154700538379273700, 1.999999999999977800, -0.5416666666666668500 ) ) ;
#5823 = CARTESIAN_POINT ( 'NONE',  ( 1.338300807568892500, -0.7726683315066089600, -6.695833333333331100 ) ) ;
#5824 = EDGE_LOOP ( 'NONE', ( #5800, #2661, #2110, #6159 ) ) ;
#5825 = VERTEX_POINT ( 'NONE', #3750 ) ;
#5826 = CARTESIAN_POINT ( 'NONE',  ( -0.08382674316035239300, -0.09390477925815789200, 9.450000000000009900 ) ) ;
#5827 = DIRECTION ( 'NONE',  ( -0.0000000000000000000, -1.224646799147353200E-016, 1.000000000000000000 ) ) ;
#5828 = CARTESIAN_POINT ( 'NONE',  ( 1.338300807568893600, 0.7726683315065773200, 1.820833333333335700 ) ) ;
#5829 = CARTESIAN_POINT ( 'NONE',  ( 0.0000000000000000000, -2.000000000000004000, 11.10000000000000000 ) ) ;
#5830 = CARTESIAN_POINT ( 'NONE',  ( -1.892491597964152600E-016, -1.545336663013203700, 6.400000000000003000 ) ) ;
#5831 = DIRECTION ( 'NONE',  ( 0.0000000000000000000, -1.000000000000000000, 0.0000000000000000000 ) ) ;
#5832 = CARTESIAN_POINT ( 'NONE',  ( 1.338300807568892500, -0.7726683315066089600, -6.695833333333331100 ) ) ;
#5833 = CARTESIAN_POINT ( 'NONE',  ( 1.784401076758523700, -1.575835971303208200E-014, 0.9750000000000019800 ) ) ;
#5834 = CYLINDRICAL_SURFACE ( 'NONE', #5483, 2.000000000000001800 ) ;
#5836 = CARTESIAN_POINT ( 'NONE',  ( 0.0000000000000000000, -2.021310670506432500E-015, 11.10000000000000000 ) ) ;
#5835 = CARTESIAN_POINT ( 'NONE',  ( 0.0000000000000000000, 1.545336663013172200, 3.250000000000001300 ) ) ;
#5837 = CARTESIAN_POINT ( 'NONE',  ( -1.176575538379260700, 2.037888611415569400, 7.223958333333339300 ) ) ;
#5838 = EDGE_LOOP ( 'NONE', ( #5525, #1431, #5213, #6427 ) ) ;
#5839 = EDGE_CURVE ( 'NONE', #2716, #1979, #1883, .T. ) ;
#5840 = DIRECTION ( 'NONE',  ( 0.0000000000000000000, -1.000000000000000000, 0.0000000000000000000 ) ) ;
#5841 = CARTESIAN_POINT ( 'NONE',  ( -1.784401076758523700, -1.477480886550308900E-014, -3.487499999999997200 ) ) ;
#5842 = ORIENTED_EDGE ( 'NONE', *, *, #5203, .F. ) ;
#5843 =( BOUNDED_SURFACE ( )  B_SPLINE_SURFACE ( 1, 2, ( 
 ( #5883, #1891, #4935, #1804, #6387, #305, #1307, #450, #6498, #1476, #2443, #3464, #5033, #5985, #1943, #966, #1913, #5518, #4461, #3961, #3993, #2951, #429, #891, #389, #4481, #1981, #6516, #1440, #931, #1455, #6022, #2427, #5014, #3447, #4997, #5968, #2999, #5499, #3977, #1960, #5534, #2478, #2964, #950, #2461, #412, #6573, #6003, #6537, #2497, #1927, #4496, #2982, #6553, #3488, #463, #4515, #5460, #6039, #3918, #4976, #4436, #1396, #4954, #2929, #3427, #3939, #911, #1418, #5482, #3085, #506, #1540, #3038, #6128, #1047, #4054, #66, #1027, #5112, #2000, #3058, #20, #5051, #1498, #2608, #3595, #568, #1005, #5133, #3506, #1520, #4035, #4621, #2581, #2559, #5092, #4556, #6594, #3526, #4099, #5577, #4078, #526, #2020, #3106, #988, #4572, #4600, #2539, #3018, #5070, #2517, #6081, #6062, #2041, #6150, #2092, #41, #1560, #2065, #483, #4012, #3572, #3548, #1069, #1585, #5597, #5648, #4534, #5555, #6104, #541, #5622, #589, #4646, #1818, #1955, #3951, #4837, #1124, #1575, #5060, #2014, #4640, #3099, #4048, #537, #4593, #5062, #4551, #2057, #6167, #3566, #5613, #1554, #5641, #3612, #12, #2600, #4071, #2573, #3540, #606, #1039, #1577, #6142, #2628, #83, #560, #5126, #6119, #4567, #4142, #36, #5104, #3125, #6099, #3077, #58, #4093, #3587, #1062, #581, #3034, #103, #4614, #2552, #2082, #4117, #1086, #2016, #520, #1021, #1599, #5152, #5665, #2107, #1534, #3640, #1516, #5570, #2533, #6074, #5086, #2035, #5591, #3051, #678, #651, #2649, #5688, #225, #3736, #1214, #5201, #2745, #1111, #5712, #1652, #2236, #206, #178, #5736, #4690, #4169, #1137, #4761, #3170, #1701, #4713, #6219, #733, #5176, #5229, #2207, #150, #628, #2671, #128, #3686, #3661, #2693, #3760, #6301, #4221, #5259, #5762, #4665, #1627, #1189, #1160, #1720, #5785, #4194, #3246, #2130, #706, #1675, #2183, #2154, #4735, #6244, #6199, #3195, #2717, #3145, #3708, #6271, #5279, #3221, #4245, #4357, #2838, #3782, #275, #4317, #4788, #4270, #1790, #5890, #3294, #5341, #1280, #5361, #3337, #6324, #2331, #3803, #2305, #3273, #334, #771, #1296, #5870, #2354, #6397, #294, #4859, #5849, #4294, #3866, #6349, #4835, #2857, #5830, #2817, #6376, #3823, #3317, #795, #313, #2768, #6419, #4339, #2281, #1813, #3843, #819, #1742, #252, #753, #1317, #4877, #5379, #1835, #1258, #3355, #1233, #5296, #2261, #5811, #4811, #1770, #5319, #2794, #396, #376, #2372, #5400, #6522, #3433, #916, #4916, #2450, #838, #5426, #1361, #1931, #6503, #6483, #5445, #4400, #3885, #857, #4467 ),
 ( #2392, #6440, #3393, #3374, #2413, #3453, #5990, #3924, #4962, #5465, #4377, #434, #897, #878, #1425, #5489, #5931, #2954, #1336, #417, #4421, #2900, #1875, #4446, #355, #4896, #6462, #1402, #1853, #3905, #5955, #4982, #5908, #2878, #1379, #5973, #4941, #1897, #2918, #3415, #1916, #2431, #2935, #3944, #1483, #3996, #5053, #3023, #6008, #2004, #6557, #5037, #2970, #25, #467, #990, #5558, #2026, #6064, #6578, #4540, #1984, #3979, #3556, #6026, #3490, #5581, #5521, #5538, #972, #3511, #4521, #488, #2520, #2466, #2542, #2504, #1964, #6044, #4, #3004, #1444, #6540, #453, #3531, #1505, #5077, #509, #956, #4017, #4037, #1008, #4559, #1525, #6085, #3042, #3967, #3472, #938, #4486, #5506, #1948, #4999, #4499, #1461, #5019, #2483, #2987, #5116, #1051, #1643, #6187, #6156, #5139, #4083, #3576, #549, #616, #2588, #1100, #4105, #5631, #142, #4576, #4625, #1613, #6130, #44, #2071, #6107, #3089, #3063, #2097, #3159, #2143, #95, #4652, #5166, #529, #4058, #3624, #572, #4159, #5191, #70, #5702, #2664, #3138, #1075, #3600, #4604, #593, #1564, #6209, #1588, #4132, #1028, #5653, #2616, #1125, #2047, #4680, #1542, #5679, #3110, #2119, #2640, #5096, #5603, #116, #2562, #3652, #1690, #1177, #695, #4751, #1665, #4235, #4211, #5247, #5218, #3749, #4726, #192, #1202, #6288, #1712, #6260, #3725, #2196, #5726, #722, #3698, #666, #3237, #167, #5751, #2709, #3212, #5271, #2223, #5775, #4704, #218, #2734, #3183, #3675, #642, #4183, #2173, #2682, #1151, #6234, #2679, #6255, #4722, #2116, #3156, #4677, #1171, #6230, #5698, #1685, #2659, #160, #3621, #4699, #1636, #92, #3107, #4231, #5241, #2191, #2637, #187, #5136, #3134, #5676, #3205, #4206, #4180, #137, #6181, #1610, #5165, #5748, #614, #5723, #2142, #3649, #4747, #2612, #6207, #3180, #4153, #4648, #113, #4127, #1121, #1095, #3671, #1199, #3719, #1660, #3694, #662, #2094, #5649, #5212, #5187, #2706, #690, #638, #6153, #591, #1147, #2169, #3260, #5287, #1778, #1223, #2824, #3768, #4820, #6384, #740, #3281, #2314, #3234, #5857, #1801, #283, #4775, #4279, #1755, #2217, #1708, #5818, #3322, #1243, #2777, #5306, #2803, #779, #3744, #6359, #4797, #6334, #717, #4345, #2270, #5329, #3302, #303, #3813, #4303, #2290, #262, #1730, #1302, #3792, #761, #3830, #236, #1266, #5837, #4322, #1286, #4843, #5347, #214, #803, #5266, #6312, #5772, #2729, #6285, #4255, #2245, #5795, #2753, #2404, #5965, #4431, #1842, #2888, #4387, #887, #5940, #5409, #1391, #2380, #6472, #3344, #4410, #1345, #6404 ) ),
 .UNSPECIFIED., .F., .F., .T. ) 
 B_SPLINE_SURFACE_WITH_KNOTS ( ( 2, 2 ),
 ( 3, 2, 2, 2, 2, 2, 2, 2, 2, 2, 2, 2, 2, 2, 2, 2, 2, 2, 2, 2, 2, 2, 2, 2, 2, 2, 2, 2, 2, 2, 2, 2, 2, 2, 2, 2, 2, 2, 2, 2, 2, 2, 2, 2, 2, 2, 2, 2, 2, 2, 2, 2, 2, 2, 2, 2, 2, 2, 2, 2, 2, 2, 2, 2, 2, 2, 2, 2, 2, 2, 2, 2, 2, 2, 2, 2, 2, 2, 2, 2, 2, 2, 2, 2, 2, 2, 2, 2, 2, 2, 2, 2, 2, 2, 2, 2, 2, 2, 2, 2, 2, 2, 2, 2, 2, 2, 2, 2, 2, 2, 2, 2, 2, 2, 2, 2, 2, 2, 2, 2, 2, 2, 2, 2, 2, 2, 2, 2, 2, 2, 2, 2, 2, 2, 2, 2, 2, 2, 2, 2, 2, 2, 2, 2, 2, 2, 2, 2, 2, 2, 2, 2, 2, 2, 2, 2, 2, 2, 2, 2, 2, 2, 2, 2, 2, 2, 2, 2, 2, 2, 2, 2, 2, 2, 2, 2, 2, 2, 3 ),
 ( 0.0000000000000000000, 1.000000000000000000 ),
 ( 0.0000000000000000000, 0.005555555555555555800, 0.01111111111111111200, 0.01666666666666666600, 0.02222222222222222300, 0.02777777777777777600, 0.03333333333333333300, 0.03888888888888889000, 0.04444444444444444600, 0.05000000000000000300, 0.05555555555555555200, 0.06111111111111110900, 0.06666666666666666600, 0.07222222222222221500, 0.07777777777777777900, 0.08333333333333332900, 0.08888888888888889200, 0.09444444444444444200, 0.1000000000000000100, 0.1055555555555555600, 0.1111111111111111000, 0.1166666666666666700, 0.1222222222222222200, 0.1277777777777777700, 0.1333333333333333300, 0.1388888888888889000, 0.1444444444444444300, 0.1499999999999999900, 0.1555555555555555600, 0.1611111111111111200, 0.1666666666666666600, 0.1722222222222222200, 0.1777777777777777800, 0.1833333333333333200, 0.1888888888888888800, 0.1944444444444444500, 0.2000000000000000100, 0.2055555555555555500, 0.2111111111111111100, 0.2166666666666666700, 0.2222222222222222100, 0.2277777777777777700, 0.2333333333333333400, 0.2388888888888889000, 0.2444444444444444400, 0.2500000000000000000, 0.2555555555555555400, 0.2611111111111111300, 0.2666666666666666600, 0.2722222222222222000, 0.2777777777777777900, 0.2833333333333333300, 0.2888888888888888600, 0.2944444444444444500, 0.2999999999999999900, 0.3055555555555555800, 0.3111111111111111200, 0.3166666666666666500, 0.3222222222222222400, 0.3277777777777777800, 0.3333333333333333100, 0.3388888888888889100, 0.3444444444444444400, 0.3499999999999999800, 0.3555555555555555700, 0.3611111111111111000, 0.3666666666666666400, 0.3722222222222222300, 0.3777777777777777700, 0.3833333333333333600, 0.3888888888888889000, 0.3944444444444444300, 0.4000000000000000200, 0.4055555555555555600, 0.4111111111111110900, 0.4166666666666666900, 0.4222222222222222200, 0.4277777777777777600, 0.4333333333333333500, 0.4388888888888888800, 0.4444444444444444200, 0.4500000000000000100, 0.4555555555555555500, 0.4611111111111111400, 0.4666666666666666700, 0.4722222222222222100, 0.4777777777777778000, 0.4833333333333333400, 0.4888888888888888700, 0.4944444444444444600, 0.5000000000000000000, 0.5055555555555555400, 0.5111111111111110700, 0.5166666666666667200, 0.5222222222222222500, 0.5277777777777777900, 0.5333333333333333300, 0.5388888888888888600, 0.5444444444444444000, 0.5500000000000000400, 0.5555555555555555800, 0.5611111111111111200, 0.5666666666666666500, 0.5722222222222221900, 0.5777777777777777200, 0.5833333333333333700, 0.5888888888888889100, 0.5944444444444444400, 0.5999999999999999800, 0.6055555555555555100, 0.6111111111111111600, 0.6166666666666667000, 0.6222222222222222300, 0.6277777777777777700, 0.6333333333333333000, 0.6388888888888888400, 0.6444444444444444900, 0.6500000000000000200, 0.6555555555555555600, 0.6611111111111110900, 0.6666666666666666300, 0.6722222222222222800, 0.6777777777777778100, 0.6833333333333333500, 0.6888888888888888800, 0.6944444444444444200, 0.6999999999999999600, 0.7055555555555556000, 0.7111111111111111400, 0.7166666666666666700, 0.7222222222222222100, 0.7277777777777777500, 0.7333333333333332800, 0.7388888888888889300, 0.7444444444444444600, 0.7500000000000000000, 0.7555555555555555400, 0.7611111111111110700, 0.7666666666666667200, 0.7722222222222222500, 0.7777777777777777900, 0.7833333333333333300, 0.7888888888888888600, 0.7944444444444444000, 0.8000000000000000400, 0.8055555555555555800, 0.8111111111111111200, 0.8166666666666666500, 0.8222222222222221900, 0.8277777777777777200, 0.8333333333333333700, 0.8388888888888889100, 0.8444444444444444400, 0.8499999999999999800, 0.8555555555555555100, 0.8611111111111111600, 0.8666666666666667000, 0.8722222222222222300, 0.8777777777777777700, 0.8833333333333333000, 0.8888888888888888400, 0.8944444444444444900, 0.9000000000000000200, 0.9055555555555555600, 0.9111111111111110900, 0.9166666666666666300, 0.9222222222222222800, 0.9277777777777778100, 0.9333333333333333500, 0.9388888888888888800, 0.9444444444444444200, 0.9499999999999999600, 0.9555555555555556000, 0.9611111111111111400, 0.9666666666666666700, 0.9722222222222222100, 0.9777777777777777500, 0.9833333333333332800, 0.9857233093842252500 ),
 .UNSPECIFIED. ) 
 GEOMETRIC_REPRESENTATION_ITEM ( )  RATIONAL_B_SPLINE_SURFACE ( (
 ( 1.000000000000000000, 0.8660254037844387100, 1.000000000000000000, 0.8660254037844387100, 1.000000000000000000, 0.8660254037844387100, 1.000000000000000000, 0.8660254037844387100, 1.000000000000000000, 0.8660254037844387100, 1.000000000000000000, 0.8660254037844387100, 1.000000000000000000, 0.8660254037844387100, 1.000000000000000000, 0.8660254037844387100, 1.000000000000000000, 0.8660254037844387100, 1.000000000000000000, 0.8660254037844387100, 1.000000000000000000, 0.8660254037844387100, 1.000000000000000000, 0.8660254037844387100, 1.000000000000000000, 0.8660254037844387100, 1.000000000000000000, 0.8660254037844387100, 1.000000000000000000, 0.8660254037844387100, 1.000000000000000000, 0.8660254037844387100, 1.000000000000000000, 0.8660254037844387100, 1.000000000000000000, 0.8660254037844387100, 1.000000000000000000, 0.8660254037844387100, 1.000000000000000000, 0.8660254037844387100, 1.000000000000000000, 0.8660254037844387100, 1.000000000000000000, 0.8660254037844387100, 1.000000000000000000, 0.8660254037844387100, 1.000000000000000000, 0.8660254037844387100, 1.000000000000000000, 0.8660254037844387100, 1.000000000000000000, 0.8660254037844387100, 1.000000000000000000, 0.8660254037844387100, 1.000000000000000000, 0.8660254037844387100, 1.000000000000000000, 0.8660254037844387100, 1.000000000000000000, 0.8660254037844387100, 1.000000000000000000, 0.8660254037844387100, 1.000000000000000000, 0.8660254037844387100, 1.000000000000000000, 0.8660254037844387100, 1.000000000000000000, 0.8660254037844387100, 1.000000000000000000, 0.8660254037844387100, 1.000000000000000000, 0.8660254037844387100, 1.000000000000000000, 0.8660254037844387100, 1.000000000000000000, 0.8660254037844387100, 1.000000000000000000, 0.8660254037844387100, 1.000000000000000000, 0.8660254037844387100, 1.000000000000000000, 0.8660254037844387100, 1.000000000000000000, 0.8660254037844387100, 1.000000000000000000, 0.8660254037844387100, 1.000000000000000000, 0.8660254037844387100, 1.000000000000000000, 0.8660254037844387100, 1.000000000000000000, 0.8660254037844387100, 1.000000000000000000, 0.8660254037844387100, 1.000000000000000000, 0.8660254037844387100, 1.000000000000000000, 0.8660254037844387100, 1.000000000000000000, 0.8660254037844387100, 1.000000000000000000, 0.8660254037844387100, 1.000000000000000000, 0.8660254037844387100, 1.000000000000000000, 0.8660254037844387100, 1.000000000000000000, 0.8660254037844387100, 1.000000000000000000, 0.8660254037844387100, 1.000000000000000000, 0.8660254037844387100, 1.000000000000000000, 0.8660254037844387100, 1.000000000000000000, 0.8660254037844387100, 1.000000000000000000, 0.8660254037844387100, 1.000000000000000000, 0.8660254037844387100, 1.000000000000000000, 0.8660254037844387100, 1.000000000000000000, 0.8660254037844387100, 1.000000000000000000, 0.8660254037844387100, 1.000000000000000000, 0.8660254037844387100, 1.000000000000000000, 0.8660254037844387100, 1.000000000000000000, 0.8660254037844387100, 1.000000000000000000, 0.8660254037844387100, 1.000000000000000000, 0.8660254037844387100, 1.000000000000000000, 0.8660254037844387100, 1.000000000000000000, 0.8660254037844387100, 1.000000000000000000, 0.8660254037844387100, 1.000000000000000000, 0.8660254037844387100, 1.000000000000000000, 0.8660254037844387100, 1.000000000000000000, 0.8660254037844387100, 1.000000000000000000, 0.8660254037844387100, 1.000000000000000000, 0.8660254037844387100, 1.000000000000000000, 0.8660254037844387100, 1.000000000000000000, 0.8660254037844387100, 1.000000000000000000, 0.8660254037844387100, 1.000000000000000000, 0.8660254037844387100, 1.000000000000000000, 0.8660254037844387100, 1.000000000000000000, 0.8660254037844387100, 1.000000000000000000, 0.8660254037844387100, 1.000000000000000000, 0.8660254037844387100, 1.000000000000000000, 0.8660254037844387100, 1.000000000000000000, 0.8660254037844387100, 1.000000000000000000, 0.8660254037844387100, 1.000000000000000000, 0.8660254037844387100, 1.000000000000000000, 0.8660254037844387100, 1.000000000000000000, 0.8660254037844387100, 1.000000000000000000, 0.8660254037844387100, 1.000000000000000000, 0.8660254037844387100, 1.000000000000000000, 0.8660254037844387100, 1.000000000000000000, 0.8660254037844387100, 1.000000000000000000, 0.8660254037844387100, 1.000000000000000000, 0.8660254037844387100, 1.000000000000000000, 0.8660254037844387100, 1.000000000000000000, 0.8660254037844387100, 1.000000000000000000, 0.8660254037844387100, 1.000000000000000000, 0.8660254037844387100, 1.000000000000000000, 0.8660254037844387100, 1.000000000000000000, 0.8660254037844387100, 1.000000000000000000, 0.8660254037844387100, 1.000000000000000000, 0.8660254037844387100, 1.000000000000000000, 0.8660254037844387100, 1.000000000000000000, 0.8660254037844387100, 1.000000000000000000, 0.8660254037844387100, 1.000000000000000000, 0.8660254037844387100, 1.000000000000000000, 0.8660254037844387100, 1.000000000000000000, 0.8660254037844387100, 1.000000000000000000, 0.8660254037844387100, 1.000000000000000000, 0.8660254037844387100, 1.000000000000000000, 0.8660254037844387100, 1.000000000000000000, 0.8660254037844387100, 1.000000000000000000, 0.8660254037844387100, 1.000000000000000000, 0.8660254037844387100, 1.000000000000000000, 0.8660254037844387100, 1.000000000000000000, 0.8660254037844387100, 1.000000000000000000, 0.8660254037844387100, 1.000000000000000000, 0.8660254037844387100, 1.000000000000000000, 0.8660254037844387100, 1.000000000000000000, 0.8660254037844387100, 1.000000000000000000, 0.8660254037844387100, 1.000000000000000000, 0.8660254037844387100, 1.000000000000000000, 0.8660254037844387100, 1.000000000000000000, 0.8660254037844387100, 1.000000000000000000, 0.8660254037844387100, 1.000000000000000000, 0.8660254037844387100, 1.000000000000000000, 0.8660254037844387100, 1.000000000000000000, 0.8660254037844387100, 1.000000000000000000, 0.8660254037844387100, 1.000000000000000000, 0.8660254037844387100, 1.000000000000000000, 0.8660254037844387100, 1.000000000000000000, 0.8660254037844387100, 1.000000000000000000, 0.8660254037844387100, 1.000000000000000000, 0.8660254037844387100, 1.000000000000000000, 0.8660254037844387100, 1.000000000000000000, 0.8660254037844387100, 1.000000000000000000, 0.8660254037844387100, 1.000000000000000000, 0.8660254037844387100, 1.000000000000000000, 0.8660254037844387100, 1.000000000000000000, 0.8660254037844387100, 1.000000000000000000, 0.8660254037844387100, 1.000000000000000000, 0.8660254037844387100, 1.000000000000000000, 0.8660254037844387100, 1.000000000000000000, 0.8660254037844387100, 1.000000000000000000, 0.8660254037844387100, 1.000000000000000000, 0.8660254037844387100, 1.000000000000000000, 0.8660254037844387100, 1.000000000000000000, 0.8660254037844387100, 1.000000000000000000, 0.8660254037844387100, 1.000000000000000000, 0.8660254037844387100, 1.000000000000000000, 0.8660254037844387100, 1.000000000000000000, 0.8660254037844387100, 1.000000000000000000, 0.8660254037844387100, 1.000000000000000000, 0.8660254037844387100, 1.000000000000000000, 0.8660254037844387100, 1.000000000000000000, 0.8660254037844387100, 1.000000000000000000, 0.8660254037844387100, 1.000000000000000000, 0.8660254037844387100, 1.000000000000000000, 0.8660254037844387100, 1.000000000000000000, 0.8660254037844387100, 1.000000000000000000, 0.8660254037844387100, 1.000000000000000000, 0.8660254037844387100, 1.000000000000000000, 0.8660254037844387100, 1.000000000000000000, 0.8660254037844387100, 1.000000000000000000, 0.8660254037844387100, 1.000000000000000000, 0.8660254037844387100, 1.000000000000000000, 0.8660254037844387100, 1.000000000000000000, 0.8660254037844387100, 1.000000000000000000, 0.8660254037844387100, 1.000000000000000000, 0.8660254037844387100, 1.000000000000000000, 0.8660254037844387100, 1.000000000000000000, 0.8660254037844387100, 1.000000000000000000, 0.8660254037844387100, 1.000000000000000000, 0.8660254037844387100, 1.000000000000000000, 0.8660254037844387100, 1.000000000000000000, 0.9423647062510405200, 0.9343183223306894500),
 ( 1.000000000000000000, 0.8660254037844387100, 1.000000000000000000, 0.8660254037844387100, 1.000000000000000000, 0.8660254037844387100, 1.000000000000000000, 0.8660254037844387100, 1.000000000000000000, 0.8660254037844387100, 1.000000000000000000, 0.8660254037844387100, 1.000000000000000000, 0.8660254037844387100, 1.000000000000000000, 0.8660254037844387100, 1.000000000000000000, 0.8660254037844387100, 1.000000000000000000, 0.8660254037844387100, 1.000000000000000000, 0.8660254037844387100, 1.000000000000000000, 0.8660254037844387100, 1.000000000000000000, 0.8660254037844387100, 1.000000000000000000, 0.8660254037844387100, 1.000000000000000000, 0.8660254037844387100, 1.000000000000000000, 0.8660254037844387100, 1.000000000000000000, 0.8660254037844387100, 1.000000000000000000, 0.8660254037844387100, 1.000000000000000000, 0.8660254037844387100, 1.000000000000000000, 0.8660254037844387100, 1.000000000000000000, 0.8660254037844387100, 1.000000000000000000, 0.8660254037844387100, 1.000000000000000000, 0.8660254037844387100, 1.000000000000000000, 0.8660254037844387100, 1.000000000000000000, 0.8660254037844387100, 1.000000000000000000, 0.8660254037844387100, 1.000000000000000000, 0.8660254037844387100, 1.000000000000000000, 0.8660254037844387100, 1.000000000000000000, 0.8660254037844387100, 1.000000000000000000, 0.8660254037844387100, 1.000000000000000000, 0.8660254037844387100, 1.000000000000000000, 0.8660254037844387100, 1.000000000000000000, 0.8660254037844387100, 1.000000000000000000, 0.8660254037844387100, 1.000000000000000000, 0.8660254037844387100, 1.000000000000000000, 0.8660254037844387100, 1.000000000000000000, 0.8660254037844387100, 1.000000000000000000, 0.8660254037844387100, 1.000000000000000000, 0.8660254037844387100, 1.000000000000000000, 0.8660254037844387100, 1.000000000000000000, 0.8660254037844387100, 1.000000000000000000, 0.8660254037844387100, 1.000000000000000000, 0.8660254037844387100, 1.000000000000000000, 0.8660254037844387100, 1.000000000000000000, 0.8660254037844387100, 1.000000000000000000, 0.8660254037844387100, 1.000000000000000000, 0.8660254037844387100, 1.000000000000000000, 0.8660254037844387100, 1.000000000000000000, 0.8660254037844387100, 1.000000000000000000, 0.8660254037844387100, 1.000000000000000000, 0.8660254037844387100, 1.000000000000000000, 0.8660254037844387100, 1.000000000000000000, 0.8660254037844387100, 1.000000000000000000, 0.8660254037844387100, 1.000000000000000000, 0.8660254037844387100, 1.000000000000000000, 0.8660254037844387100, 1.000000000000000000, 0.8660254037844387100, 1.000000000000000000, 0.8660254037844387100, 1.000000000000000000, 0.8660254037844387100, 1.000000000000000000, 0.8660254037844387100, 1.000000000000000000, 0.8660254037844387100, 1.000000000000000000, 0.8660254037844387100, 1.000000000000000000, 0.8660254037844387100, 1.000000000000000000, 0.8660254037844387100, 1.000000000000000000, 0.8660254037844387100, 1.000000000000000000, 0.8660254037844387100, 1.000000000000000000, 0.8660254037844387100, 1.000000000000000000, 0.8660254037844387100, 1.000000000000000000, 0.8660254037844387100, 1.000000000000000000, 0.8660254037844387100, 1.000000000000000000, 0.8660254037844387100, 1.000000000000000000, 0.8660254037844387100, 1.000000000000000000, 0.8660254037844387100, 1.000000000000000000, 0.8660254037844387100, 1.000000000000000000, 0.8660254037844387100, 1.000000000000000000, 0.8660254037844387100, 1.000000000000000000, 0.8660254037844387100, 1.000000000000000000, 0.8660254037844387100, 1.000000000000000000, 0.8660254037844387100, 1.000000000000000000, 0.8660254037844387100, 1.000000000000000000, 0.8660254037844387100, 1.000000000000000000, 0.8660254037844387100, 1.000000000000000000, 0.8660254037844387100, 1.000000000000000000, 0.8660254037844387100, 1.000000000000000000, 0.8660254037844387100, 1.000000000000000000, 0.8660254037844387100, 1.000000000000000000, 0.8660254037844387100, 1.000000000000000000, 0.8660254037844387100, 1.000000000000000000, 0.8660254037844387100, 1.000000000000000000, 0.8660254037844387100, 1.000000000000000000, 0.8660254037844387100, 1.000000000000000000, 0.8660254037844387100, 1.000000000000000000, 0.8660254037844387100, 1.000000000000000000, 0.8660254037844387100, 1.000000000000000000, 0.8660254037844387100, 1.000000000000000000, 0.8660254037844387100, 1.000000000000000000, 0.8660254037844387100, 1.000000000000000000, 0.8660254037844387100, 1.000000000000000000, 0.8660254037844387100, 1.000000000000000000, 0.8660254037844387100, 1.000000000000000000, 0.8660254037844387100, 1.000000000000000000, 0.8660254037844387100, 1.000000000000000000, 0.8660254037844387100, 1.000000000000000000, 0.8660254037844387100, 1.000000000000000000, 0.8660254037844387100, 1.000000000000000000, 0.8660254037844387100, 1.000000000000000000, 0.8660254037844387100, 1.000000000000000000, 0.8660254037844387100, 1.000000000000000000, 0.8660254037844387100, 1.000000000000000000, 0.8660254037844387100, 1.000000000000000000, 0.8660254037844387100, 1.000000000000000000, 0.8660254037844387100, 1.000000000000000000, 0.8660254037844387100, 1.000000000000000000, 0.8660254037844387100, 1.000000000000000000, 0.8660254037844387100, 1.000000000000000000, 0.8660254037844387100, 1.000000000000000000, 0.8660254037844387100, 1.000000000000000000, 0.8660254037844387100, 1.000000000000000000, 0.8660254037844387100, 1.000000000000000000, 0.8660254037844387100, 1.000000000000000000, 0.8660254037844387100, 1.000000000000000000, 0.8660254037844387100, 1.000000000000000000, 0.8660254037844387100, 1.000000000000000000, 0.8660254037844387100, 1.000000000000000000, 0.8660254037844387100, 1.000000000000000000, 0.8660254037844387100, 1.000000000000000000, 0.8660254037844387100, 1.000000000000000000, 0.8660254037844387100, 1.000000000000000000, 0.8660254037844387100, 1.000000000000000000, 0.8660254037844387100, 1.000000000000000000, 0.8660254037844387100, 1.000000000000000000, 0.8660254037844387100, 1.000000000000000000, 0.8660254037844387100, 1.000000000000000000, 0.8660254037844387100, 1.000000000000000000, 0.8660254037844387100, 1.000000000000000000, 0.8660254037844387100, 1.000000000000000000, 0.8660254037844387100, 1.000000000000000000, 0.8660254037844387100, 1.000000000000000000, 0.8660254037844387100, 1.000000000000000000, 0.8660254037844387100, 1.000000000000000000, 0.8660254037844387100, 1.000000000000000000, 0.8660254037844387100, 1.000000000000000000, 0.8660254037844387100, 1.000000000000000000, 0.8660254037844387100, 1.000000000000000000, 0.8660254037844387100, 1.000000000000000000, 0.8660254037844387100, 1.000000000000000000, 0.8660254037844387100, 1.000000000000000000, 0.8660254037844387100, 1.000000000000000000, 0.8660254037844387100, 1.000000000000000000, 0.8660254037844387100, 1.000000000000000000, 0.8660254037844387100, 1.000000000000000000, 0.8660254037844387100, 1.000000000000000000, 0.8660254037844387100, 1.000000000000000000, 0.8660254037844387100, 1.000000000000000000, 0.8660254037844387100, 1.000000000000000000, 0.8660254037844387100, 1.000000000000000000, 0.8660254037844387100, 1.000000000000000000, 0.8660254037844387100, 1.000000000000000000, 0.8660254037844387100, 1.000000000000000000, 0.8660254037844387100, 1.000000000000000000, 0.8660254037844387100, 1.000000000000000000, 0.8660254037844387100, 1.000000000000000000, 0.8660254037844387100, 1.000000000000000000, 0.8660254037844387100, 1.000000000000000000, 0.8660254037844387100, 1.000000000000000000, 0.8660254037844387100, 1.000000000000000000, 0.8660254037844387100, 1.000000000000000000, 0.8660254037844387100, 1.000000000000000000, 0.8660254037844387100, 1.000000000000000000, 0.8660254037844387100, 1.000000000000000000, 0.8660254037844387100, 1.000000000000000000, 0.8660254037844387100, 1.000000000000000000, 0.8660254037844387100, 1.000000000000000000, 0.8660254037844387100, 1.000000000000000000, 0.8660254037844387100, 1.000000000000000000, 0.8660254037844387100, 1.000000000000000000, 0.8660254037844387100, 1.000000000000000000, 0.9423647062510405200, 0.9343183223306894500) ) ) 
 REPRESENTATION_ITEM ( '' )  SURFACE ( )  );
#5844 = CARTESIAN_POINT ( 'NONE',  ( 1.595756897212352800, -1.236067977499784300, -10.64710396535415300 ) ) ;
#5845 = DIRECTION ( 'NONE',  ( 1.000000000000000000, 0.0000000000000000000, 0.0000000000000000000 ) ) ;
#5846 =( BOUNDED_CURVE ( )  B_SPLINE_CURVE ( 2, ( #3546, #1414, #2890, #3897, #523, #6452, #6493 ),
 .UNSPECIFIED., .F., .T. ) 
 B_SPLINE_CURVE_WITH_KNOTS ( ( 3, 2, 2, 3 ),
 ( 0.4190566427175586000, 0.4246121982731141400, 0.4301677538286696700, 0.4357233093842252100 ),
 .UNSPECIFIED. ) 
 CURVE ( )  GEOMETRIC_REPRESENTATION_ITEM ( )  RATIONAL_B_SPLINE_CURVE ( ( 1.000000000000000000, 0.8660254037844387100, 1.000000000000000000, 0.8660254037844387100, 1.000000000000000000, 0.8660254037844387100, 1.000000000000000000 ) ) 
 REPRESENTATION_ITEM ( '' )  );
#5847 = CARTESIAN_POINT ( 'NONE',  ( 2.353151076758521800, -1.445104925494228000E-014, -10.55312500000000000 ) ) ;
#5848 = CARTESIAN_POINT ( 'NONE',  ( -1.784401076758523700, -1.520343524520466500E-014, 0.01250000000000209300 ) ) ;
#5849 = CARTESIAN_POINT ( 'NONE',  ( 0.0000000000000000000, 1.545336663013171700, 6.049999999999999800 ) ) ;
#5850 = CARTESIAN_POINT ( 'NONE',  ( -2.449293598294726100E-016, -2.000000000000032000, 5.437500000000003600 ) ) ;
#5851 = EDGE_CURVE ( 'NONE', #188, #3442, #6020, .T. ) ;
#5852 = CARTESIAN_POINT ( 'NONE',  ( -1.338300807568892700, 0.7726683315065793200, -4.245833333333330900 ) ) ;
#5853 = ORIENTED_EDGE ( 'NONE', *, *, #2602, .F. ) ;
#5854 = CARTESIAN_POINT ( 'NONE',  ( -1.784401076758523700, -1.527844486165244100E-014, 0.6250000000000023300 ) ) ;
#5856 = CARTESIAN_POINT ( 'NONE',  ( -2.309401076758521600, -1.409972231747311400E-014, -8.737499999999995400 ) ) ;
#5855 = CARTESIAN_POINT ( 'NONE',  ( -0.8922005383792623900, -1.545336663013203000, 2.841666666666668100 ) ) ;
#5857 = CARTESIAN_POINT ( 'NONE',  ( -1.176575538379260700, 2.037888611415569400, 5.123958333333338700 ) ) ;
#5858 = CARTESIAN_POINT ( 'NONE',  ( -1.732050807568891200, 0.9999999999999924500, 7.216666666666664100 ) ) ;
#5859 = ORIENTED_EDGE ( 'NONE', *, *, #5145, .T. ) ;
#5860 = CYLINDRICAL_SURFACE ( 'NONE', #855, 2.000000000000001800 ) ;
#5861 = DIRECTION ( 'NONE',  ( -0.0000000000000000000, -1.224646799147353200E-016, 1.000000000000000000 ) ) ;
#5862 = DIRECTION ( 'NONE',  ( -0.0000000000000000000, -1.224646799147353200E-016, 1.000000000000000000 ) ) ;
#5863 = CARTESIAN_POINT ( 'NONE',  ( 0.8922005383792613900, -1.545336663013203000, -3.954166666666663900 ) ) ;
#5864 = APPROVAL_PERSON_ORGANIZATION ( #5946, #2501, #3301 ) ;
#5865 = CARTESIAN_POINT ( 'NONE',  ( 0.0000000000000000000, 2.000000000000002200, -10.40000000000000200 ) ) ;
#5866 = CARTESIAN_POINT ( 'NONE',  ( 0.0000000000000000000, 2.000000000000001300, -1.300000000000001400 ) ) ;
#5867 = CARTESIAN_POINT ( 'NONE',  ( 1.764863307568890900, -1.018944305707807800, -9.211458333333334600 ) ) ;
#5868 = CARTESIAN_POINT ( 'NONE',  ( 1.338300807568893600, 0.7726683315065774300, 1.120833333333334900 ) ) ;
#5869 = DIRECTION ( 'NONE',  ( 0.8660254037844384900, 0.5000000000000002200, 0.0000000000000000000 ) ) ;
#5870 = CARTESIAN_POINT ( 'NONE',  ( 0.8922005383792613900, -1.545336663013204400, 5.758333333333333700 ) ) ;
#5871 = CARTESIAN_POINT ( 'NONE',  ( 1.784401076758523700, -1.542617426876336200E-014, -1.737499999999997600 ) ) ;
#5872 = VERTEX_POINT ( 'NONE', #6261 ) ;
#5873 = LINE ( 'NONE', #1982, #4359 ) ;
#5874 = CARTESIAN_POINT ( 'NONE',  ( -1.892491597964152600E-016, -1.545336663013203300, 0.1000000000000011300 ) ) ;
#5876 = CARTESIAN_POINT ( 'NONE',  ( -1.154700538379261700, -2.000000000000029800, -9.320833333333329300 ) ) ;
#5875 = CARTESIAN_POINT ( 'NONE',  ( 1.338300807568893600, 0.7726683315065768800, 5.233333333333336100 ) ) ;
#5877 = LINE ( 'NONE', #2278, #547 ) ;
#5878 = CARTESIAN_POINT ( 'NONE',  ( 0.0000000000000000000, -4.119968255444916800E-015, 11.10000000000000000 ) ) ;
#5879 = ORIENTED_EDGE ( 'NONE', *, *, #3265, .T. ) ;
#5880 = CARTESIAN_POINT ( 'NONE',  ( 1.338300807568892500, -0.7726683315066085200, -10.98333333333333100 ) ) ;
#5881 = VECTOR ( 'NONE', #2556, 1000.000000000000000 ) ;
#5882 = AXIS2_PLACEMENT_3D ( 'NONE', #1973, #2549, #535 ) ;
#5883 = CARTESIAN_POINT ( 'NONE',  ( 0.0000000000000000000, 1.545336663013174000, -11.44999999999999800 ) ) ;
#5884 = CARTESIAN_POINT ( 'NONE',  ( -1.338300807568892900, -0.7726683315066083000, -4.129166666666664700 ) ) ;
#5885 = EDGE_CURVE ( 'NONE', #5797, #4905, #4297, .T. ) ;
#5886 = CARTESIAN_POINT ( 'NONE',  ( 2.449293598294708900E-016, 1.999999999999999600, 11.10000000000000000 ) ) ;
#5887 = CARTESIAN_POINT ( 'NONE',  ( 1.764863307568890900, -1.018944305707807800, -9.911458333333333900 ) ) ;
#5888 = CARTESIAN_POINT ( 'NONE',  ( 1.784401076758523700, -1.628342702816651100E-014, 5.262500000000002800 ) ) ;
#5889 = CARTESIAN_POINT ( 'NONE',  ( -2.449293598294726100E-016, -2.000000000000030200, -7.862499999999994500 ) ) ;
#5890 = CARTESIAN_POINT ( 'NONE',  ( -0.8922005383792623900, -1.545336663013203300, 4.941666666666667300 ) ) ;
#5891 = CARTESIAN_POINT ( 'NONE',  ( 0.8922005383792627200, 1.545336663013172200, -0.9208333333333308400 ) ) ;
#5892 = CARTESIAN_POINT ( 'NONE',  ( -1.892491597964152600E-016, -1.545336663013201700, -11.01249999999999800 ) ) ;
#5893 = CARTESIAN_POINT ( 'NONE',  ( -0.8922005383792617200, 1.545336663013172400, 1.208333333333335500 ) ) ;
#5895 = CARTESIAN_POINT ( 'NONE',  ( 0.9471925147175762600, -1.295319999974837500, -11.06131151762848000 ) ) ;
#5894 = CARTESIAN_POINT ( 'NONE',  ( 1.784401076758523700, -1.592981026491271400E-014, 2.375000000000002200 ) ) ;
#5896 = ORIENTED_EDGE ( 'NONE', *, *, #4838, .T. ) ;
#5897 = CARTESIAN_POINT ( 'NONE',  ( -2.449293598294726600E-016, -2.000000000000031100, -0.9500000000000018400 ) ) ;
#5898 = CARTESIAN_POINT ( 'NONE',  ( -1.338300807568892900, -0.7726683315066079600, -7.016666666666664800 ) ) ;
#5899 =( BOUNDED_CURVE ( )  B_SPLINE_CURVE ( 1, ( #553, #1055 ),
 .UNSPECIFIED., .F., .T. ) 
 B_SPLINE_CURVE_WITH_KNOTS ( ( 2, 2 ),
 ( 0.0000000000000000000, 0.0005250000000014613600 ),
 .UNSPECIFIED. ) 
 CURVE ( )  GEOMETRIC_REPRESENTATION_ITEM ( )  RATIONAL_B_SPLINE_CURVE ( ( 0.9374798035308969900, 0.9374798035308968800 ) ) 
 REPRESENTATION_ITEM ( '' )  );
#5900 = CARTESIAN_POINT ( 'NONE',  ( 0.1491260568934049400, -1.555367374338113300, -11.09999999999999800 ) ) ;
#5901 = ORIENTED_EDGE ( 'NONE', *, *, #5160, .F. ) ;
#5902 = DIRECTION ( 'NONE',  ( -0.0000000000000000000, -1.224646799147353200E-016, 1.000000000000000000 ) ) ;
#5903 = CARTESIAN_POINT ( 'NONE',  ( 2.309401076758521100, -1.486895997515131500E-014, -7.074999999999998400 ) ) ;
#5904 = CARTESIAN_POINT ( 'NONE',  ( -1.784401076758523700, -1.486053414144340800E-014, -2.787499999999998300 ) ) ;
#5905 = DIRECTION ( 'NONE',  ( 0.0000000000000000000, -1.000000000000000000, 0.0000000000000000000 ) ) ;
#5906 = CARTESIAN_POINT ( 'NONE',  ( -1.338300807568892900, -0.7726683315066094100, 4.970833333333334100 ) ) ;
#5907 = CARTESIAN_POINT ( 'NONE',  ( 1.732050807568890500, -1.000000000000023800, -4.945833333333328400 ) ) ;
#5908 = CARTESIAN_POINT ( 'NONE',  ( 1.764863307568890900, -1.018944305707807800, -9.867708333333329300 ) ) ;
#5909 = CYLINDRICAL_SURFACE ( 'NONE', #4973, 2.000000000000001800 ) ;
#5910 = CARTESIAN_POINT ( 'NONE',  ( 0.8922005383792627200, 1.545336663013172200, -1.620833333333331800 ) ) ;
#5911 = CARTESIAN_POINT ( 'NONE',  ( -1.338300807568892900, -0.7726683315066089600, 1.470833333333336100 ) ) ;
#5912 =( GEOMETRIC_REPRESENTATION_CONTEXT ( 3 ) GLOBAL_UNCERTAINTY_ASSIGNED_CONTEXT ( ( #1466 ) ) GLOBAL_UNIT_ASSIGNED_CONTEXT ( ( #1754, #4229, #6310 ) ) REPRESENTATION_CONTEXT ( 'NONE', 'WORKASPACE' ) );
#5913 = CARTESIAN_POINT ( 'NONE',  ( 0.0000000000000000000, 2.037888611415569000, 8.521874999999997900 ) ) ;
#5914 = CARTESIAN_POINT ( 'NONE',  ( -1.338300807568892700, 0.7726683315065786500, 1.966666666666668600 ) ) ;
#5916 = CARTESIAN_POINT ( 'NONE',  ( 1.291954081730462400, 1.136470661638005800, -10.94507635266717700 ) ) ;
#5915 = CARTESIAN_POINT ( 'NONE',  ( -1.386823266762295500, 0.6886249668754170800, 7.573011600713500400 ) ) ;
#5917 = ORIENTED_EDGE ( 'NONE', *, *, #5765, .F. ) ;
#5918 = ORIENTED_EDGE ( 'NONE', *, *, #2407, .F. ) ;
#5919 = CARTESIAN_POINT ( 'NONE',  ( 0.0000000000000000000, -2.021310670506432500E-015, 11.10000000000000000 ) ) ;
#5920 = AXIS2_PLACEMENT_3D ( 'NONE', #2769, #5812, #5831 ) ;
#5921 = CARTESIAN_POINT ( 'NONE',  ( 1.160212644386607200, -0.7656433258989704400, 10.00000000000000700 ) ) ;
#5922 = CARTESIAN_POINT ( 'NONE',  ( 1.784401076758523700, -1.490110695362893600E-014, -6.024999999999999500 ) ) ;
#5923 = EDGE_CURVE ( 'NONE', #1696, #5130, #6090, .T. ) ;
#5924 = CARTESIAN_POINT ( 'NONE',  ( 0.0000000000000000000, -2.021310670506432500E-015, 11.10000000000000000 ) ) ;
#5925 = CARTESIAN_POINT ( 'NONE',  ( -2.449293598294726100E-016, -2.000000000000029800, -10.66249999999999400 ) ) ;
#5926 = CARTESIAN_POINT ( 'NONE',  ( 0.0000000000000000000, 2.000000000000001800, -6.900000000000001200 ) ) ;
#5927 = CARTESIAN_POINT ( 'NONE',  ( -1.338300807568892700, 0.7726683315065791000, -2.145833333333331300 ) ) ;
#5928 = ORIENTED_EDGE ( 'NONE', *, *, #2090, .F. ) ;
#5929 = CARTESIAN_POINT ( 'NONE',  ( 1.154700538379248400, 2.000000000000022600, 4.241666666666666300 ) ) ;
#5930 = CARTESIAN_POINT ( 'NONE',  ( 1.784401076758523700, -1.611197647628588300E-014, 3.862500000000002900 ) ) ;
#5931 = CARTESIAN_POINT ( 'NONE',  ( -1.764863307568891500, -1.018944305707806500, -10.80104166666666100 ) ) ;
#5932 = CARTESIAN_POINT ( 'NONE',  ( 0.8922005383792627200, 1.545336663013172400, -3.020833333333330400 ) ) ;
#5933 = CARTESIAN_POINT ( 'NONE',  ( 0.8922005383792613900, -1.545336663013203700, 2.345833333333335400 ) ) ;
#5934 = FACE_OUTER_BOUND ( 'NONE', #5242, .T. ) ;
#5935 = CARTESIAN_POINT ( 'NONE',  ( 2.353151076758521800, -1.479395035870354000E-014, -7.753125000000000700 ) ) ;
#5936 = EDGE_CURVE ( 'NONE', #3007, #4146, #6520, .T. ) ;
#5937 = CARTESIAN_POINT ( 'NONE',  ( 0.8922005383792613900, -1.545336663013203700, 2.958333333333335700 ) ) ;
#5938 = CARTESIAN_POINT ( 'NONE',  ( -1.892491597964152600E-016, -1.545336663013203700, 6.400000000000003000 ) ) ;
#5939 = CIRCLE ( 'NONE', #196, 1.875000000000001800 ) ;
#5940 = CARTESIAN_POINT ( 'NONE',  ( 0.0000000000000000000, 2.037888611415569000, 8.565625000000004300 ) ) ;
#5941 = CARTESIAN_POINT ( 'NONE',  ( 0.03941055279415608300, 0.1195484787224528700, 9.450000000000009900 ) ) ;
#5942 = CARTESIAN_POINT ( 'NONE',  ( -1.338300807568892900, -0.7726683315066078500, -7.716666666666665000 ) ) ;
#5943 = ADVANCED_FACE ( 'NONE', ( #798 ), #3160, .T. ) ;
#5944 = ADVANCED_FACE ( 'NONE', ( #5389 ), #407, .T. ) ;
#5945 = CARTESIAN_POINT ( 'NONE',  ( -1.732050807568891000, 0.9999999999999931200, -1.095833333333328300 ) ) ;
#5946 = PERSON_AND_ORGANIZATION ( #5960, #3542 ) ;
#5947 = CARTESIAN_POINT ( 'NONE',  ( -2.449293598294726600E-016, -2.000000000000031100, 1.149999999999999200 ) ) ;
#5948 = AXIS2_PLACEMENT_3D ( 'NONE', #4168, #5124, #605 ) ;
#5949 = CARTESIAN_POINT ( 'NONE',  ( -0.8922005383792617200, 1.545336663013172900, -1.504166666666664000 ) ) ;
#5950 = ORIENTED_EDGE ( 'NONE', *, *, #4311, .F. ) ;
#5951 = CARTESIAN_POINT ( 'NONE',  ( 0.0000000000000000000, 2.000000000000002200, -9.700000000000002800 ) ) ;
#5952 = EDGE_LOOP ( 'NONE', ( #4495, #1473, #5859, #4933 ) ) ;
#5953 = ORIENTED_EDGE ( 'NONE', *, *, #3410, .F. ) ;
#5954 = CARTESIAN_POINT ( 'NONE',  ( -0.8922005383792617200, 1.545336663013172000, 4.795833333333335200 ) ) ;
#5955 = CARTESIAN_POINT ( 'NONE',  ( -2.495693764988940900E-016, -2.037888611415599600, -9.984374999999994700 ) ) ;
#5956 = ORIENTED_EDGE ( 'NONE', *, *, #3052, .F. ) ;
#5957 = CARTESIAN_POINT ( 'NONE',  ( -1.892491597964152600E-016, -1.545336663013203500, 2.287500000000003200 ) ) ;
#5958 = CARTESIAN_POINT ( 'NONE',  ( -1.338300807568892700, 0.7726683315065787600, -0.04583333333333175500 ) ) ;
#5959 = LINE ( 'NONE', #2182, #6183 ) ;
#5960 = PERSON ( 'UNSPECIFIED', 'UNSPECIFIED', 'UNSPECIFIED', ('UNSPECIFIED'), ('UNSPECIFIED'), ('UNSPECIFIED') ) ;
#5961 = CARTESIAN_POINT ( 'NONE',  ( 1.764863307568892200, 1.018944305707776700, -4.894791666666668200 ) ) ;
#5962 = CARTESIAN_POINT ( 'NONE',  ( -0.8922005383792623900, -1.545336663013202800, 1.441666666666667500 ) ) ;
#5964 = CARTESIAN_POINT ( 'NONE',  ( 0.2560993530406378600, -1.549741162701784100, -11.09539092491068000 ) ) ;
#5963 = DIRECTION ( 'NONE',  ( 0.0000000000000000000, -1.000000000000000000, 0.0000000000000000000 ) ) ;
#5965 = CARTESIAN_POINT ( 'NONE',  ( -2.495693764988940900E-016, -2.037888611415601800, 8.215625000000004600 ) ) ;
#5966 = EDGE_CURVE ( 'NONE', #1979, #6406, #495, .T. ) ;
#5967 = CARTESIAN_POINT ( 'NONE',  ( 0.3915725446674623900, -1.217301158903041100, 9.999999999999987600 ) ) ;
#5968 = CARTESIAN_POINT ( 'NONE',  ( 0.0000000000000000000, 1.545336663013173700, -9.349999999999999600 ) ) ;
#5969 = CARTESIAN_POINT ( 'NONE',  ( 1.732050807568890500, -1.000000000000024000, -2.145833333333328600 ) ) ;
#5970 = EDGE_CURVE ( 'NONE', #4564, #1947, #4015, .T. ) ;
#5971 = ORIENTED_EDGE ( 'NONE', *, *, #161, .F. ) ;
#5972 = CARTESIAN_POINT ( 'NONE',  ( -1.784401076758523700, -1.580351217678687000E-014, 4.912500000000004100 ) ) ;
#5973 = CARTESIAN_POINT ( 'NONE',  ( 1.176575538379261800, 2.037888611415570300, -9.692708333333326800 ) ) ;
#5974 = ADVANCED_FACE ( 'NONE', ( #5147 ), #545, .T. ) ;
#5975 = CARTESIAN_POINT ( 'NONE',  ( -1.338300807568892700, 0.7726683315065785400, 2.754166666666668700 ) ) ;
#5976 = CARTESIAN_POINT ( 'NONE',  ( 0.8922005383792627200, 1.545336663013172000, 0.4791666666666694100 ) ) ;
#5977 = ADVANCED_FACE ( 'NONE', ( #6365 ), #5240, .T. ) ;
#5978 = ORIENTED_EDGE ( 'NONE', *, *, #5666, .F. ) ;
#5979 = ORIENTED_EDGE ( 'NONE', *, *, #5885, .T. ) ;
#5980 = CARTESIAN_POINT ( 'NONE',  ( -1.176575538379261500, -2.037888611415599600, -7.986458333333335000 ) ) ;
#5981 = CARTESIAN_POINT ( 'NONE',  ( -1.338300807568892700, 0.7726683315065778800, 8.266666666666669300 ) ) ;
#5983 = CARTESIAN_POINT ( 'NONE',  ( 0.0000000000000000000, 2.000000000000001800, -8.912499999999994300 ) ) ;
#5982 = CARTESIAN_POINT ( 'NONE',  ( 0.8922005383792627200, 1.545336663013171300, 6.691666666666669100 ) ) ;
#5984 = CARTESIAN_POINT ( 'NONE',  ( 0.3915725446674628900, 1.217301158903033400, 10.00000000000000200 ) ) ;
#5985 = CARTESIAN_POINT ( 'NONE',  ( -0.8922005383792617200, 1.545336663013174000, -10.69166666666666500 ) ) ;
#5986 = CARTESIAN_POINT ( 'NONE',  ( -1.154700538379247900, -2.000000000000053700, 1.091666666666666800 ) ) ;
#5987 = ORIENTED_EDGE ( 'NONE', *, *, #1714, .F. ) ;
#5988 = LINE ( 'NONE', #5076, #4148 ) ;
#5989 = CARTESIAN_POINT ( 'NONE',  ( 1.338300807568892500, -0.7726683315066106300, 5.904166666666668600 ) ) ;
#5990 = CARTESIAN_POINT ( 'NONE',  ( -2.495693764988940900E-016, -2.037888611415599600, -11.38437499999999500 ) ) ;
#5991 = EDGE_LOOP ( 'NONE', ( #5519, #503, #6478, #5420 ) ) ;
#5992 = CARTESIAN_POINT ( 'NONE',  ( -1.892491597964152600E-016, -1.545336663013203300, 0.1875000000000018900 ) ) ;
#5993 = CARTESIAN_POINT ( 'NONE',  ( 0.0000000000000000000, 1.545336663013172200, 1.937500000000001800 ) ) ;
#5994 = APPROVAL ( #2289, 'UNSPECIFIED' ) ;
#5995 = CARTESIAN_POINT ( 'NONE',  ( -1.176575538379261500, -2.037888611415600100, -5.186458333333335200 ) ) ;
#5996 = CARTESIAN_POINT ( 'NONE',  ( -1.784401076758523700, -1.613569762105558700E-014, 7.625000000000000000 ) ) ;
#5998 = CARTESIAN_POINT ( 'NONE',  ( 0.0000000000000000000, 2.000000000000002200, -10.40000000000000200 ) ) ;
#5997 = DIRECTION ( 'NONE',  ( -0.5000000000000002200, -0.8660254037844386000, 0.0000000000000000000 ) ) ;
#5999 = CARTESIAN_POINT ( 'NONE',  ( 0.1083108437662862100, 0.06253329480461784800, 9.450000000000013500 ) ) ;
#6000 = ORIENTED_EDGE ( 'NONE', *, *, #1965, .F. ) ;
#6001 = ADVANCED_FACE ( 'NONE', ( #4586 ), #2933, .T. ) ;
#6002 = EDGE_CURVE ( 'NONE', #2360, #1502, #2309, .T. ) ;
#6003 = CARTESIAN_POINT ( 'NONE',  ( 0.0000000000000000000, 1.545336663013173500, -8.649999999999998600 ) ) ;
#6004 = DIRECTION ( 'NONE',  ( 0.0000000000000000000, -1.000000000000000000, 0.0000000000000000000 ) ) ;
#6005 = VERTEX_POINT ( 'NONE', #1761 ) ;
#6006 = CYLINDRICAL_SURFACE ( 'NONE', #1764, 2.000000000000001800 ) ;
#6007 = CARTESIAN_POINT ( 'NONE',  ( 1.249999999999999800, 0.2454578375817803300, 10.98465887420947400 ) ) ;
#6008 = CARTESIAN_POINT ( 'NONE',  ( 0.0000000000000000000, 2.037888611415571200, -8.934374999999994000 ) ) ;
#6009 = CARTESIAN_POINT ( 'NONE',  ( 1.338300807568892500, -0.7726683315066099600, 1.004166666666668900 ) ) ;
#6010 = CARTESIAN_POINT ( 'NONE',  ( -1.892491597964152600E-016, -1.545336663013203500, 3.687500000000001300 ) ) ;
#6011 = LINE ( 'NONE', #2609, #2776 ) ;
#6012 = CARTESIAN_POINT ( 'NONE',  ( 2.353151076758521800, -1.496540091058416800E-014, -6.353125000000001200 ) ) ;
#6013 = EDGE_CURVE ( 'NONE', #4220, #720, #4283, .T. ) ;
#6014 = CARTESIAN_POINT ( 'NONE',  ( 0.0000000000000000000, 1.545336663013171500, 8.150000000000000400 ) ) ;
#6016 = DIRECTION ( 'NONE',  ( 0.0000000000000000000, -1.000000000000000000, 0.0000000000000000000 ) ) ;
#6015 = CARTESIAN_POINT ( 'NONE',  ( 1.154700538379261700, 1.999999999999999600, 0.8291666666666713800 ) ) ;
#6017 = DIRECTION ( 'NONE',  ( 0.0000000000000000000, -1.000000000000000000, 0.0000000000000000000 ) ) ;
#6018 = ORIENTED_EDGE ( 'NONE', *, *, #1215, .T. ) ;
#6019 = CARTESIAN_POINT ( 'NONE',  ( -0.007086461601581074500, 0.1248667708941915800, 9.449999999999995700 ) ) ;
#6020 = CIRCLE ( 'NONE', #5487, 0.3124999999999998300 ) ;
#6021 = LINE ( 'NONE', #3098, #1661 ) ;
#6022 = CARTESIAN_POINT ( 'NONE',  ( 0.8922005383792613900, -1.545336663013202200, -9.641666666666663900 ) ) ;
#6023 = ORIENTED_EDGE ( 'NONE', *, *, #6175, .T. ) ;
#6024 = VERTEX_POINT ( 'NONE', #1805 ) ;
#6025 = CARTESIAN_POINT ( 'NONE',  ( 0.0000000000000000000, 1.545336663013171700, 6.137500000000000200 ) ) ;
#6026 = CARTESIAN_POINT ( 'NONE',  ( -1.764863307568891500, -1.018944305707806700, -8.001041666666662200 ) ) ;
#6027 = CARTESIAN_POINT ( 'NONE',  ( -1.892491597964152600E-016, -1.545336663013203500, 2.987500000000002500 ) ) ;
#6028 = CARTESIAN_POINT ( 'NONE',  ( 1.338300807568893600, 0.7726683315065771000, 3.920833333333335200 ) ) ;
#6029 = ORIENTED_EDGE ( 'NONE', *, *, #754, .T. ) ;
#6030 =( BOUNDED_CURVE ( )  B_SPLINE_CURVE ( 2, ( #241, #287, #194, #6341, #3214, #3774, #746 ),
 .UNSPECIFIED., .F., .T. ) 
 B_SPLINE_CURVE_WITH_KNOTS ( ( 3, 2, 2, 3 ),
 ( 0.1166666666666667200, 0.1222222222222222600, 0.1277777777777778000, 0.1333333333333333600 ),
 .UNSPECIFIED. ) 
 CURVE ( )  GEOMETRIC_REPRESENTATION_ITEM ( )  RATIONAL_B_SPLINE_CURVE ( ( 0.9999999999999986700, 0.8660254037844401500, 1.000000000000000000, 0.8660254037844388200, 1.000000000000000000, 0.8660254037844381500, 1.000000000000000700 ) ) 
 REPRESENTATION_ITEM ( '' )  );
#6031 = CARTESIAN_POINT ( 'NONE',  ( -1.764863307568891500, -1.018944305707807400, -2.444791666666668000 ) ) ;
#6032 = CARTESIAN_POINT ( 'NONE',  ( -1.892491597964152600E-016, -1.545336663013203900, 8.500000000000000000 ) ) ;
#6033 = CARTESIAN_POINT ( 'NONE',  ( 0.0000000000000000000, -2.300000000000002000, 8.900000000000002100 ) ) ;
#6034 = CARTESIAN_POINT ( 'NONE',  ( 0.0000000000000000000, 1.545336663013173500, -7.862499999999998000 ) ) ;
#6035 = CARTESIAN_POINT ( 'NONE',  ( -1.732050807568891200, -1.000000000000022600, -2.379166666666662900 ) ) ;
#6036 = EDGE_CURVE ( 'NONE', #1042, #140, #2160, .T. ) ;
#6037 = CARTESIAN_POINT ( 'NONE',  ( -0.1045945648821132200, -0.06857044121701244600, 9.449999999999995700 ) ) ;
#6039 = CARTESIAN_POINT ( 'NONE',  ( 0.8922005383792627200, 1.545336663013173100, -8.008333333333332900 ) ) ;
#6038 = CARTESIAN_POINT ( 'NONE',  ( -0.8922005383792617200, 1.545336663013173500, -8.591666666666665000 ) ) ;
#6040 = ORIENTED_EDGE ( 'NONE', *, *, #5219, .F. ) ;
#6041 = CARTESIAN_POINT ( 'NONE',  ( -2.449293598294726600E-016, -2.000000000000032000, 3.249999999999999100 ) ) ;
#6042 = VERTEX_POINT ( 'NONE', #1354 ) ;
#6043 = CARTESIAN_POINT ( 'NONE',  ( 1.784401076758523700, -1.654060285598745300E-014, 7.362500000000000700 ) ) ;
#6044 = CARTESIAN_POINT ( 'NONE',  ( -2.495693764988940900E-016, -2.037888611415600100, -7.184374999999994800 ) ) ;
#6045 = EDGE_CURVE ( 'NONE', #1015, #3446, #621, .T. ) ;
#6046 = LINE ( 'NONE', #1388, #3287 ) ;
#6047 = CARTESIAN_POINT ( 'NONE',  ( 1.338300807568893600, 0.7726683315065768800, 5.320833333333337300 ) ) ;
#6048 = CARTESIAN_POINT ( 'NONE',  ( -0.8922005383792623900, -1.545336663013203300, 5.029166666666668600 ) ) ;
#6049 = CARTESIAN_POINT ( 'NONE',  ( 0.8922005383792613900, -1.545336663013202200, -10.95416666666666400 ) ) ;
#6050 = CARTESIAN_POINT ( 'NONE',  ( -1.176575538379260700, 2.037888611415570800, -4.019791666666668200 ) ) ;
#6051 = CARTESIAN_POINT ( 'NONE',  ( 0.0000000000000000000, 1.545336663013172000, 5.350000000000000500 ) ) ;
#6052 = CARTESIAN_POINT ( 'NONE',  ( 0.0000000000000000000, 0.0000000000000000000, 10.00000000000000000 ) ) ;
#6053 = CYLINDRICAL_SURFACE ( 'NONE', #1829, 2.000000000000001800 ) ;
#6054 = CARTESIAN_POINT ( 'NONE',  ( 0.0000000000000000000, 2.000000000000000900, 0.7999999999999980500 ) ) ;
#6055 = CARTESIAN_POINT ( 'NONE',  ( 0.8922005383792613900, -1.545336663013202600, -7.454166666666664800 ) ) ;
#6056 = DIRECTION ( 'NONE',  ( -0.0000000000000000000, -1.224646799147353200E-016, 1.000000000000000000 ) ) ;
#6057 = CARTESIAN_POINT ( 'NONE',  ( 0.01189117488104638400, 0.1244574993174655700, 9.450000000000001100 ) ) ;
#6058 = AXIS2_PLACEMENT_3D ( 'NONE', #3163, #3678, #4579 ) ;
#6059 = ORIENTED_EDGE ( 'NONE', *, *, #5145, .F. ) ;
#6060 = CARTESIAN_POINT ( 'NONE',  ( 0.8922005383792613900, -1.545336663013202600, -7.541666666666666100 ) ) ;
#6062 = CARTESIAN_POINT ( 'NONE',  ( 0.8922005383792613900, -1.545336663013203000, -4.741666666666665400 ) ) ;
#6061 = CARTESIAN_POINT ( 'NONE',  ( -0.8922005383792617200, 1.545336663013173700, -9.291666666666666100 ) ) ;
#6063 = CARTESIAN_POINT ( 'NONE',  ( 0.0000000000000000000, -1.751888374694015100E-015, 8.900000000000002100 ) ) ;
#6064 = CARTESIAN_POINT ( 'NONE',  ( 1.764863307568892200, 1.018944305707776900, -8.351041666666661800 ) ) ;
#6065 = CARTESIAN_POINT ( 'NONE',  ( 1.338300807568893600, 0.7726683315065767700, 6.020833333333336600 ) ) ;
#6066 = CARTESIAN_POINT ( 'NONE',  ( 0.8922005383792613900, -1.545336663013203900, 4.445833333333336400 ) ) ;
#6067 = CARTESIAN_POINT ( 'NONE',  ( 0.0000000000000000000, 2.000000000000000000, 7.799999999999999800 ) ) ;
#6068 = ORIENTED_EDGE ( 'NONE', *, *, #1155, .T. ) ;
#6069 = CARTESIAN_POINT ( 'NONE',  ( -2.495693764988940900E-016, -2.037888611415600500, -4.428125000000001400 ) ) ;
#6070 = CARTESIAN_POINT ( 'NONE',  ( 1.154700538379260100, -2.000000000000032400, 5.408333333333329700 ) ) ;
#6071 = CARTESIAN_POINT ( 'NONE',  ( 1.732050807568892100, 0.9999999999999924500, -7.716666666666667700 ) ) ;
#6072 = CARTESIAN_POINT ( 'NONE',  ( -0.8922005383792623900, -1.545336663013201900, -6.870833333333331800 ) ) ;
#6073 = FACE_OUTER_BOUND ( 'NONE', #6091, .T. ) ;
#6074 = CARTESIAN_POINT ( 'NONE',  ( 0.0000000000000000000, 1.545336663013172400, 0.4500000000000007300 ) ) ;
#6075 = AXIS2_PLACEMENT_3D ( 'NONE', #1149, #5189, #5288 ) ;
#6076 = CARTESIAN_POINT ( 'NONE',  ( 0.007086461601581231500, 0.1248667708941915000, 9.450000000000004600 ) ) ;
#6077 = CARTESIAN_POINT ( 'NONE',  ( -1.338300807568892700, 0.7726683315065796500, -7.133333333333332000 ) ) ;
#6078 = CARTESIAN_POINT ( 'NONE',  ( -1.249999999999999800, -0.7216878364870356100, 10.00000000000000000 ) ) ;
#6079 = EDGE_CURVE ( 'NONE', #6500, #140, #1423, .T. ) ;
#6081 = CARTESIAN_POINT ( 'NONE',  ( -1.892491597964152600E-016, -1.545336663013202600, -4.799999999999998900 ) ) ;
#6080 = CARTESIAN_POINT ( 'NONE',  ( -1.892491597964152600E-016, -1.545336663013202800, -2.699999999999999300 ) ) ;
#6082 = CARTESIAN_POINT ( 'NONE',  ( 1.154700538379260100, -2.000000000000031500, 4.708333333333333000 ) ) ;
#6083 = LOCAL_TIME ( 10, 29, 13.00000000000000000, #871 ) ;
#6084 = CARTESIAN_POINT ( 'NONE',  ( -2.449293598294726600E-016, -2.000000000000030200, -7.950000000000002000 ) ) ;
#6085 = CARTESIAN_POINT ( 'NONE',  ( 1.764863307568892200, 1.018944305707776700, -6.251041666666661300 ) ) ;
#6086 = CARTESIAN_POINT ( 'NONE',  ( 1.338300807568892500, -0.7726683315066106300, 6.604166666666667900 ) ) ;
#6087 = CARTESIAN_POINT ( 'NONE',  ( -1.892491597964152600E-016, -1.545336663013203700, 6.487500000000003400 ) ) ;
#6088 = CARTESIAN_POINT ( 'NONE',  ( 0.0000000000000000000, 2.000000000000002200, -10.31249999999999500 ) ) ;
#6089 = VERTEX_POINT ( 'NONE', #3328 ) ;
#6090 =( BOUNDED_CURVE ( )  B_SPLINE_CURVE ( 2, ( #3676, #2735, #3264, #1247, #240, #6210, #643 ),
 .UNSPECIFIED., .F., .T. ) 
 B_SPLINE_CURVE_WITH_KNOTS ( ( 3, 2, 2, 3 ),
 ( 0.1023899760508919500, 0.1079455316064474900, 0.1135010871620030200, 0.1190566427175585600 ),
 .UNSPECIFIED. ) 
 CURVE ( )  GEOMETRIC_REPRESENTATION_ITEM ( )  RATIONAL_B_SPLINE_CURVE ( ( 1.000000000000000000, 0.8660254037844387100, 1.000000000000000000, 0.8660254037844387100, 1.000000000000000000, 0.8660254037844387100, 1.000000000000000000 ) ) 
 REPRESENTATION_ITEM ( '' )  );
#6091 = EDGE_LOOP ( 'NONE', ( #2460, #2327, #2868 ) ) ;
#6092 = CARTESIAN_POINT ( 'NONE',  ( 2.353151076758521800, -1.539402729028574100E-014, -2.853125000000002100 ) ) ;
#6093 = VERTEX_POINT ( 'NONE', #1308 ) ;
#6094 = EDGE_CURVE ( 'NONE', #5368, #6304, #977, .T. ) ;
#6095 = CARTESIAN_POINT ( 'NONE',  ( -1.892491597964152600E-016, -1.545336663013204200, 9.199999999999999300 ) ) ;
#6096 = EDGE_LOOP ( 'NONE', ( #3300, #2284, #1923, #6154 ) ) ;
#6097 = CARTESIAN_POINT ( 'NONE',  ( -1.892491597964152600E-016, -1.545336663013202200, -8.212499999999996800 ) ) ;
#6098 = VECTOR ( 'NONE', #1053, 1000.000000000000000 ) ;
#6099 = CARTESIAN_POINT ( 'NONE',  ( 1.338300807568893600, 0.7726683315065776500, -1.066666666666665300 ) ) ;
#6100 = CARTESIAN_POINT ( 'NONE',  ( -1.116727804415336400, -0.7986325744833329100, 10.00000000000000000 ) ) ;
#6101 = CARTESIAN_POINT ( 'NONE',  ( -0.8922005383792617200, 1.545336663013173300, -6.491666666666664500 ) ) ;
#6102 = CARTESIAN_POINT ( 'NONE',  ( 1.154700538379273400, -2.000000000000008400, 1.208333333333333000 ) ) ;
#6104 = CARTESIAN_POINT ( 'NONE',  ( 0.0000000000000000000, 1.545336663013173100, -3.749999999999998200 ) ) ;
#6103 = CARTESIAN_POINT ( 'NONE',  ( 0.8922005383792613900, -1.545336663013203000, -4.041666666666665200 ) ) ;
#6105 = DIRECTION ( 'NONE',  ( -0.0000000000000000000, -1.224646799147353200E-016, 1.000000000000000000 ) ) ;
#6106 =( BOUNDED_CURVE ( )  B_SPLINE_CURVE ( 2, ( #687, #2725, #5162, #1120, #5674, #5184, #1727 ),
 .UNSPECIFIED., .F., .T. ) 
 B_SPLINE_CURVE_WITH_KNOTS ( ( 3, 2, 2, 3 ),
 ( 0.6690566427175586000, 0.6746121982731141400, 0.6801677538286696700, 0.6857233093842252100 ),
 .UNSPECIFIED. ) 
 CURVE ( )  GEOMETRIC_REPRESENTATION_ITEM ( )  RATIONAL_B_SPLINE_CURVE ( ( 1.000000000000000000, 0.8660254037844387100, 1.000000000000000000, 0.8660254037844387100, 1.000000000000000000, 0.8660254037844387100, 1.000000000000000000 ) ) 
 REPRESENTATION_ITEM ( '' )  );
#6107 = CARTESIAN_POINT ( 'NONE',  ( 2.353151076758521800, -1.522793456815138300E-014, -4.209374999999995200 ) ) ;
#6108 = CARTESIAN_POINT ( 'NONE',  ( -1.045645598269924600, 0.8396719053359729100, 11.01744810935873400 ) ) ;
#6109 = CARTESIAN_POINT ( 'NONE',  ( 1.338300807568893600, 0.7726683315065767700, 6.720833333333335900 ) ) ;
#6110 = CARTESIAN_POINT ( 'NONE',  ( -0.8922005383792617200, 1.545336663013171500, 8.995833333333333600 ) ) ;
#6111 = ORIENTED_EDGE ( 'NONE', *, *, #6013, .T. ) ;
#6112 = CARTESIAN_POINT ( 'NONE',  ( -1.154700538379261500, -2.000000000000031100, 5.291666666666663400 ) ) ;
#6113 = VERTEX_POINT ( 'NONE', #2782 ) ;
#6114 = CARTESIAN_POINT ( 'NONE',  ( 2.353151076758521800, -1.547975256622605700E-014, -2.153125000000000600 ) ) ;
#6115 = CARTESIAN_POINT ( 'NONE',  ( -1.732050807568891000, 0.9999999999999926700, 1.704166666666672200 ) ) ;
#6116 = CARTESIAN_POINT ( 'NONE',  ( 1.116727804415335900, 0.7986325744833271400, 10.00000000000000000 ) ) ;
#6117 = CARTESIAN_POINT ( 'NONE',  ( 1.732050807568890700, -1.000000000000025100, 7.566666666666664700 ) ) ;
#6118 = CARTESIAN_POINT ( 'NONE',  ( -0.8922005383792623900, -1.545336663013201900, -7.570833333333330200 ) ) ;
#6119 = CARTESIAN_POINT ( 'NONE',  ( -1.338300807568892900, -0.7726683315066086300, -1.416666666666665000 ) ) ;
#6120 = EDGE_CURVE ( 'NONE', #510, #6089, #229, .T. ) ;
#6121 = CARTESIAN_POINT ( 'NONE',  ( -0.8922005383792617200, 1.545336663013173700, -9.204166666666663900 ) ) ;
#6122 = ORIENTED_EDGE ( 'NONE', *, *, #118, .F. ) ;
#6123 = CARTESIAN_POINT ( 'NONE',  ( 1.176575538379261800, 2.037888611415569000, 4.963541666666664300 ) ) ;
#6124 = ORIENTED_EDGE ( 'NONE', *, *, #2291, .T. ) ;
#6125 = CARTESIAN_POINT ( 'NONE',  ( 0.8922005383792613900, -1.545336663013202800, -6.841666666666665000 ) ) ;
#6126 = CARTESIAN_POINT ( 'NONE',  ( 1.732050807568892100, 0.9999999999999911200, 1.383333333333331500 ) ) ;
#6128 = CARTESIAN_POINT ( 'NONE',  ( -1.784401076758523700, -1.433546682630897900E-014, -7.074999999999999300 ) ) ;
#6127 = CARTESIAN_POINT ( 'NONE',  ( 0.0000000000000000000, 1.545336663013173100, -4.449999999999998400 ) ) ;
#6129 = CARTESIAN_POINT ( 'NONE',  ( 1.154700538379260100, -2.000000000000031500, -1.504166666666662000 ) ) ;
#6130 = CARTESIAN_POINT ( 'NONE',  ( -2.495693764988940900E-016, -2.037888611415600500, -4.384374999999995000 ) ) ;
#6131 = CARTESIAN_POINT ( 'NONE',  ( -1.732050807568891200, 0.9999999999999928900, 1.616666666666665100 ) ) ;
#6132 = EDGE_CURVE ( 'NONE', #1791, #744, #1680, .T. ) ;
#6133 = CARTESIAN_POINT ( 'NONE',  ( -1.892491597964152600E-016, -1.545336663013203500, 3.687500000000001300 ) ) ;
#6134 = CARTESIAN_POINT ( 'NONE',  ( -1.154700538379267400, 1.999999999999989600, -4.741666666666666300 ) ) ;
#6135 = ORIENTED_EDGE ( 'NONE', *, *, #5203, .T. ) ;
#6136 = CARTESIAN_POINT ( 'NONE',  ( 0.0000000000000000000, 2.000000000000000400, 2.987500000000004300 ) ) ;
#6137 = CARTESIAN_POINT ( 'NONE',  ( 1.176575538379261800, 2.037888611415569400, -0.6364583333333343500 ) ) ;
#6138 = CARTESIAN_POINT ( 'NONE',  ( -1.249999999999999800, -3.966887408064485300E-015, 10.97392074642395900 ) ) ;
#6139 = CARTESIAN_POINT ( 'NONE',  ( 1.160212644386607200, -0.7656433258989704400, 10.00000000000000700 ) ) ;
#6140 = CARTESIAN_POINT ( 'NONE',  ( -3.164463867944192400E-016, 1.443375672974061900, 11.08556624327025900 ) ) ;
#6141 = ORIENTED_EDGE ( 'NONE', *, *, #5006, .F. ) ;
#6142 = CARTESIAN_POINT ( 'NONE',  ( 0.8922005383792627200, 1.545336663013172200, -1.708333333333332600 ) ) ;
#6143 = CARTESIAN_POINT ( 'NONE',  ( 1.154700538379261700, 2.000000000000000900, -8.270833333333330400 ) ) ;
#6144 = CARTESIAN_POINT ( 'NONE',  ( 0.0000000000000000000, 1.545336663013174000, -10.66249999999999800 ) ) ;
#6145 = CARTESIAN_POINT ( 'NONE',  ( -1.764863307568891500, -1.018944305707808500, 5.955208333333333200 ) ) ;
#6146 = AXIS2_PLACEMENT_3D ( 'NONE', #5154, #5127, #2574 ) ;
#6147 = CARTESIAN_POINT ( 'NONE',  ( 1.338300807568893600, 0.7726683315065784300, -7.366666666666665400 ) ) ;
#6148 = CARTESIAN_POINT ( 'NONE',  ( -2.449293598294726100E-016, -2.000000000000030600, -2.962499999999995900 ) ) ;
#6150 = CARTESIAN_POINT ( 'NONE',  ( 1.784401076758523700, -1.507255750550956500E-014, -4.624999999999998200 ) ) ;
#6149 = CARTESIAN_POINT ( 'NONE',  ( -1.784401076758523700, -1.493554375789118400E-014, -2.174999999999998000 ) ) ;
#6151 = DIRECTION ( 'NONE',  ( -0.0000000000000000000, -1.224646799147353200E-016, 1.000000000000000000 ) ) ;
#6152 = VERTEX_POINT ( 'NONE', #3940 ) ;
#6153 = CARTESIAN_POINT ( 'NONE',  ( 2.353151076758521800, -1.625663787943516100E-014, 4.190625000000003400 ) ) ;
#6154 = ORIENTED_EDGE ( 'NONE', *, *, #1468, .T. ) ;
#6155 = CARTESIAN_POINT ( 'NONE',  ( 1.154700538379260100, -2.000000000000032400, 4.795833333333337800 ) ) ;
#6156 = CARTESIAN_POINT ( 'NONE',  ( -1.764863307568891500, -1.018944305707807100, -5.201041666666661500 ) ) ;
#6157 = CARTESIAN_POINT ( 'NONE',  ( -1.892491597964152600E-016, -1.545336663013203900, 7.887500000000002000 ) ) ;
#6158 = CARTESIAN_POINT ( 'NONE',  ( -0.8922005383792617200, 1.545336663013171700, 6.895833333333336600 ) ) ;
#6159 = ORIENTED_EDGE ( 'NONE', *, *, #806, .F. ) ;
#6160 = CARTESIAN_POINT ( 'NONE',  ( 0.8922005383792613900, -1.545336663013202600, -9.554166666666667100 ) ) ;
#6161 = TOROIDAL_SURFACE ( 'NONE', #5882, 2.403553390593273300, 0.2500000000000000000 ) ;
#6162 = CARTESIAN_POINT ( 'NONE',  ( 1.176575538379261800, 2.037888611415569400, 0.7635416666666659000 ) ) ;
#6163 = CARTESIAN_POINT ( 'NONE',  ( 1.338300807568893600, 0.7726683315065764300, 8.733333333333336100 ) ) ;
#6164 = DIRECTION ( 'NONE',  ( -0.0000000000000000000, -1.224646799147353200E-016, 1.000000000000000000 ) ) ;
#6165 = CARTESIAN_POINT ( 'NONE',  ( 1.154700538379261500, 1.999999999999999300, 7.741666666666665400 ) ) ;
#6166 = CARTESIAN_POINT ( 'NONE',  ( -0.8922005383792623900, -1.545336663013202600, -2.670833333333330700 ) ) ;
#6167 = CARTESIAN_POINT ( 'NONE',  ( 1.784401076758523700, -1.532973333333050900E-014, -2.524999999999997700 ) ) ;
#6168 = DIRECTION ( 'NONE',  ( 0.0000000000000000000, -1.000000000000000000, 0.0000000000000000000 ) ) ;
#6169 = CARTESIAN_POINT ( 'NONE',  ( 0.0000000000000000000, 2.000000000000001300, -4.012499999999994000 ) ) ;
#6170 = LINE ( 'NONE', #22, #4503 ) ;
#6171 = CARTESIAN_POINT ( 'NONE',  ( -1.176575538379260700, 2.037888611415570300, 4.380208333333331300 ) ) ;
#6172 =( BOUNDED_CURVE ( )  B_SPLINE_CURVE ( 2, ( #5150, #2670, #4786, #2280, #3707, #6348, #251 ),
 .UNSPECIFIED., .F., .T. ) 
 B_SPLINE_CURVE_WITH_KNOTS ( ( 3, 2, 2, 3 ),
 ( 0.6333333333333333000, 0.6388888888888888400, 0.6444444444444446000, 0.6500000000000001300 ),
 .UNSPECIFIED. ) 
 CURVE ( )  GEOMETRIC_REPRESENTATION_ITEM ( )  RATIONAL_B_SPLINE_CURVE ( ( 1.000000000000000000, 0.8660254037844388200, 1.000000000000000000, 0.8660254037844388200, 1.000000000000000000, 0.8660254037844361500, 1.000000000000002700 ) ) 
 REPRESENTATION_ITEM ( '' )  );
#6173 = CARTESIAN_POINT ( 'NONE',  ( -0.8922005383792623900, -1.545336663013201700, -6.258333333333332000 ) ) ;
#6174 = CARTESIAN_POINT ( 'NONE',  ( -1.249999999999999800, -0.7216878364870356100, 11.08556624327025700 ) ) ;
#6175 = EDGE_CURVE ( 'NONE', #1502, #2495, #6328, .T. ) ;
#6177 = DIRECTION ( 'NONE',  ( 0.0000000000000000000, -1.000000000000000000, 0.0000000000000000000 ) ) ;
#6176 = CARTESIAN_POINT ( 'NONE',  ( -1.338300807568892900, -0.7726683315066081900, -4.916666666666664300 ) ) ;
#6178 = CARTESIAN_POINT ( 'NONE',  ( 0.0000000000000000000, -2.021310670506432500E-015, 11.10000000000000000 ) ) ;
#6179 = ORIENTED_EDGE ( 'NONE', *, *, #6079, .F. ) ;
#6180 = VECTOR ( 'NONE', #1614, 1000.000000000000100 ) ;
#6181 = CARTESIAN_POINT ( 'NONE',  ( -1.764863307568891300, 1.018944305707777400, 2.382291666666671600 ) ) ;
#6182 = VERTEX_POINT ( 'NONE', #5461 ) ;
#6183 = VECTOR ( 'NONE', #1651, 1000.000000000000100 ) ;
#6184 =( BOUNDED_CURVE ( )  B_SPLINE_CURVE ( 2, ( #2854, #2255, #6371, #2300, #1765, #3331, #6414 ),
 .UNSPECIFIED., .F., .T. ) 
 B_SPLINE_CURVE_WITH_KNOTS ( ( 3, 2, 2, 3 ),
 ( 0.5500000000000001600, 0.5555555555555556900, 0.5611111111111111200, 0.5666666666666666500 ),
 .UNSPECIFIED. ) 
 CURVE ( )  GEOMETRIC_REPRESENTATION_ITEM ( )  RATIONAL_B_SPLINE_CURVE ( ( 0.9999999999999973400, 0.8660254037844414800, 1.000000000000000000, 0.8660254037844388200, 1.000000000000000000, 0.8660254037844388200, 1.000000000000000000 ) ) 
 REPRESENTATION_ITEM ( '' )  );
#6185 = CARTESIAN_POINT ( 'NONE',  ( 0.0000000000000000000, -2.021310670506432500E-015, 11.10000000000000000 ) ) ;
#6186 = ORIENTED_EDGE ( 'NONE', *, *, #328, .T. ) ;
#6187 = CARTESIAN_POINT ( 'NONE',  ( -2.353151076758521800, -1.452299086742841500E-014, -5.259374999999995000 ) ) ;
#6188 = CARTESIAN_POINT ( 'NONE',  ( 0.0000000000000000000, -1.670456784809440900E-015, 9.450000000000002800 ) ) ;
#6189 = CARTESIAN_POINT ( 'NONE',  ( -1.892491597964152600E-016, -1.545336663013203900, 8.587500000000002100 ) ) ;
#6190 = CARTESIAN_POINT ( 'NONE',  ( 1.784401076758523700, -1.654060285598745600E-014, 7.362500000000001600 ) ) ;
#6191 = CYLINDRICAL_SURFACE ( 'NONE', #4371, 2.000000000000001800 ) ;
#6192 = CARTESIAN_POINT ( 'NONE',  ( -1.176575538379261500, -2.037888611415600500, 1.113541666666665500 ) ) ;
#6193 = AXIS2_PLACEMENT_3D ( 'NONE', #1135, #624, #3074 ) ;
#6194 = ADVANCED_FACE ( 'NONE', ( #1494 ), #5536, .T. ) ;
#6195 = CARTESIAN_POINT ( 'NONE',  ( 2.449293598294708900E-016, 1.999999999999999600, 11.10000000000000000 ) ) ;
#6196 = CARTESIAN_POINT ( 'NONE',  ( 1.154700538379265900, -2.000000000000020000, -9.991666666666665400 ) ) ;
#6197 = CARTESIAN_POINT ( 'NONE',  ( 0.8922005383792627200, 1.545336663013172400, -2.320833333333331500 ) ) ;
#6198 = DIRECTION ( 'NONE',  ( 0.0000000000000000000, -1.000000000000000000, 0.0000000000000000000 ) ) ;
#6199 = CARTESIAN_POINT ( 'NONE',  ( 0.0000000000000000000, 1.545336663013172000, 3.950000000000002000 ) ) ;
#6200 = CARTESIAN_POINT ( 'NONE',  ( 0.0000000000000000000, 2.000000000000000000, 4.999999999999998200 ) ) ;
#6201 = CARTESIAN_POINT ( 'NONE',  ( -1.784401076758523700, -1.408900665798057300E-014, -9.087499999999998600 ) ) ;
#6202 = CARTESIAN_POINT ( 'NONE',  ( 1.176575538379261800, 2.037888611415569000, 7.063541666666666600 ) ) ;
#6203 = CARTESIAN_POINT ( 'NONE',  ( -1.892491597964152600E-016, -1.545336663013202400, -5.499999999999999100 ) ) ;
#6204 = CARTESIAN_POINT ( 'NONE',  ( 2.309401076758521100, -1.589766328643509000E-014, 1.324999999999999300 ) ) ;
#6205 = CARTESIAN_POINT ( 'NONE',  ( 0.8922005383792627200, 1.545336663013172000, 0.3916666666666686100 ) ) ;
#6206 = CARTESIAN_POINT ( 'NONE',  ( 1.716361452792865000, -0.6972600725824267300, 7.755400749713129600 ) ) ;
#6207 = CARTESIAN_POINT ( 'NONE',  ( 0.0000000000000000000, 2.037888611415569900, 2.965625000000004600 ) ) ;
#6208 = EDGE_LOOP ( 'NONE', ( #4872, #1573, #2387, #1848 ) ) ;
#6209 = CARTESIAN_POINT ( 'NONE',  ( 2.353151076758521800, -1.539938512003201500E-014, -2.809374999999994400 ) ) ;
#6210 = CARTESIAN_POINT ( 'NONE',  ( -1.154700538379260800, 2.000000000000000000, 6.545833333333340500 ) ) ;
#6211 = CARTESIAN_POINT ( 'NONE',  ( -0.8922005383792617200, 1.545336663013174000, -11.39166666666666600 ) ) ;
#6212 = CARTESIAN_POINT ( 'NONE',  ( -1.764863307568891500, -1.018944305707808000, 2.455208333333331900 ) ) ;
#6213 = ORIENTED_EDGE ( 'NONE', *, *, #1538, .F. ) ;
#6214 = CARTESIAN_POINT ( 'NONE',  ( 1.154700538379261500, 1.999999999999999300, 2.141666666666665700 ) ) ;
#6215 = FACE_OUTER_BOUND ( 'NONE', #1071, .T. ) ;
#6216 = CARTESIAN_POINT ( 'NONE',  ( 1.732050807568892100, 0.9999999999999906700, 6.283333333333333200 ) ) ;
#6217 = CARTESIAN_POINT ( 'NONE',  ( -1.338300807568892900, -0.7726683315066084100, -3.429166666666663600 ) ) ;
#6218 = CARTESIAN_POINT ( 'NONE',  ( -2.449293598294726100E-016, -2.000000000000029800, -9.962499999999995000 ) ) ;
#6219 = CARTESIAN_POINT ( 'NONE',  ( -1.338300807568892900, -0.7726683315066090700, 2.083333333333334800 ) ) ;
#6220 = CARTESIAN_POINT ( 'NONE',  ( 2.309401076758521100, -1.495468525109162800E-014, -6.375000000000000900 ) ) ;
#6221 = EDGE_CURVE ( 'NONE', #2087, #5717, #4676, .T. ) ;
#6222 = CARTESIAN_POINT ( 'NONE',  ( -1.784401076758523700, -1.391755610609994800E-014, -10.48749999999999700 ) ) ;
#6223 = CARTESIAN_POINT ( 'NONE',  ( 0.0000000000000000000, 2.037888611415569400, 5.021874999999998800 ) ) ;
#6224 = CARTESIAN_POINT ( 'NONE',  ( 0.8922005383792627200, 1.545336663013172900, -4.508333333333332000 ) ) ;
#6225 = VECTOR ( 'NONE', #4549, 1000.000000000000200 ) ;
#6226 = CARTESIAN_POINT ( 'NONE',  ( 1.154700538379248400, 2.000000000000023100, -2.058333333333332700 ) ) ;
#6228 = CARTESIAN_POINT ( 'NONE',  ( -1.732050807568891200, 0.9999999999999926700, 3.716666666666666300 ) ) ;
#6227 = CARTESIAN_POINT ( 'NONE',  ( 0.0000000000000000000, 1.545336663013172400, 0.4500000000000007300 ) ) ;
#6229 = CARTESIAN_POINT ( 'NONE',  ( 1.826597884511730800, -0.3966912772365742100, 7.764992429425310800 ) ) ;
#6230 = CARTESIAN_POINT ( 'NONE',  ( -1.764863307568891500, -1.018944305707807800, 1.098958333333339000 ) ) ;
#6231 = ORIENTED_EDGE ( 'NONE', *, *, #1771, .F. ) ;
#6232 = CARTESIAN_POINT ( 'NONE',  ( -1.154700538379260800, 2.000000000000001300, -6.054166666666662700 ) ) ;
#6233 = CARTESIAN_POINT ( 'NONE',  ( 1.732050807568892100, 0.9999999999999906700, 4.970833333333340300 ) ) ;
#6234 = CARTESIAN_POINT ( 'NONE',  ( 1.764863307568890900, -1.018944305707809100, 0.6322916666666715800 ) ) ;
#6235 = EDGE_CURVE ( 'NONE', #228, #2087, #4234, .T. ) ;
#6236 = CARTESIAN_POINT ( 'NONE',  ( -1.338300807568892900, -0.7726683315066097400, 7.070833333333335500 ) ) ;
#6237 = CARTESIAN_POINT ( 'NONE',  ( -1.784401076758523700, -1.443190776174183200E-014, -6.287499999999997000 ) ) ;
#6238 = CARTESIAN_POINT ( 'NONE',  ( 0.0000000000000000000, 2.037888611415570300, 0.1218749999999987200 ) ) ;
#6239 = CARTESIAN_POINT ( 'NONE',  ( 2.309401076758521600, -1.505112618652448400E-014, -5.587499999999994100 ) ) ;
#6240 = CARTESIAN_POINT ( 'NONE',  ( -0.2350143746297142200, -1.307690060518170300, 10.00000000000000000 ) ) ;
#6241 = CARTESIAN_POINT ( 'NONE',  ( -1.704573739144650700, 0.7524057433436056600, -10.80336780558849300 ) ) ;
#6242 = CARTESIAN_POINT ( 'NONE',  ( 1.338300807568892500, -0.7726683315066096300, -1.795833333333331600 ) ) ;
#6243 = CARTESIAN_POINT ( 'NONE',  ( 2.571758278209444400E-016, 2.100000000000000100, 8.700000000000004600 ) ) ;
#6244 = CARTESIAN_POINT ( 'NONE',  ( 0.8922005383792627200, 1.545336663013171500, 3.891666666666668400 ) ) ;
#6245 = CARTESIAN_POINT ( 'NONE',  ( 0.0000000000000000000, -2.021310670506432500E-015, 11.10000000000000000 ) ) ;
#6246 = CARTESIAN_POINT ( 'NONE',  ( 1.338300807568893600, 0.7726683315065782100, -5.179166666666664500 ) ) ;
#6247 = CARTESIAN_POINT ( 'NONE',  ( 1.338300807568893600, 0.7726683315065787600, -10.07916666666666400 ) ) ;
#6248 = AXIS2_PLACEMENT_3D ( 'NONE', #2139, #2658, #1707 ) ;
#6249 = ORIENTED_EDGE ( 'NONE', *, *, #5335, .F. ) ;
#6250 = CARTESIAN_POINT ( 'NONE',  ( 1.784401076758523700, -1.490110695362893600E-014, -6.024999999999998600 ) ) ;
#6251 = CARTESIAN_POINT ( 'NONE',  ( 5.694607616035191900E-016, 4.649999999999997700, 9.450000000000001100 ) ) ;
#6252 = CARTESIAN_POINT ( 'NONE',  ( -1.338300807568892900, -0.7726683315066089600, 0.6833333333333344600 ) ) ;
#6253 = CYLINDRICAL_SURFACE ( 'NONE', #5614, 2.000000000000001800 ) ;
#6254 = CARTESIAN_POINT ( 'NONE',  ( -1.582450542111151400, 0.08588453987375600800, 7.599236606010314300 ) ) ;
#6255 = CARTESIAN_POINT ( 'NONE',  ( 1.764863307568892200, 1.018944305707775800, 0.7489583333333376100 ) ) ;
#6256 = DIRECTION ( 'NONE',  ( -0.0000000000000000000, -1.224646799147353200E-016, 1.000000000000000000 ) ) ;
#6257 = CYLINDRICAL_SURFACE ( 'NONE', #4544, 2.000000000000001800 ) ;
#6258 = AXIS2_PLACEMENT_3D ( 'NONE', #4603, #5217, #4131 ) ;
#6259 = CARTESIAN_POINT ( 'NONE',  ( -2.604521261461507400E-016, -1.443375672974067700, 10.00000000000000000 ) ) ;
#6260 = CARTESIAN_POINT ( 'NONE',  ( 1.176575538379260000, -2.037888611415601000, -0.8260416666666623400 ) ) ;
#6261 = CARTESIAN_POINT ( 'NONE',  ( 0.0000000000000000000, 2.000000000000001300, 0.09999999999999881200 ) ) ;
#6262 = PLANE ( 'NONE',  #3917 ) ;
#6263 = CARTESIAN_POINT ( 'NONE',  ( 0.0000000000000000000, 1.545336663013173300, -5.762499999999997500 ) ) ;
#6264 = EDGE_CURVE ( 'NONE', #1495, #805, #4937, .T. ) ;
#6265 = CARTESIAN_POINT ( 'NONE',  ( -2.495693764988940900E-016, -2.037888611415601000, 3.271874999999998800 ) ) ;
#6266 = CARTESIAN_POINT ( 'NONE',  ( -2.309401076758521100, -1.468908358956277600E-014, -3.925000000000001200 ) ) ;
#6267 = CARTESIAN_POINT ( 'NONE',  ( -0.8584274553325373900, -0.9477623505580596900, 10.00000000000001400 ) ) ;
#6268 = CARTESIAN_POINT ( 'NONE',  ( -2.449293598294726600E-016, -2.000000000000030200, -7.950000000000002000 ) ) ;
#6269 = CARTESIAN_POINT ( 'NONE',  ( 0.0000000000000000000, 1.545336663013172900, -2.962499999999998100 ) ) ;
#6270 = DIRECTION ( 'NONE',  ( -0.0000000000000000000, -1.224646799147353200E-016, 1.000000000000000000 ) ) ;
#6271 = CARTESIAN_POINT ( 'NONE',  ( -0.8922005383792623900, -1.545336663013203300, 4.241666666666668000 ) ) ;
#6272 = DIRECTION ( 'NONE',  ( 0.0000000000000000000, -1.000000000000000000, -1.224646799147353200E-016 ) ) ;
#6273 = CARTESIAN_POINT ( 'NONE',  ( -1.892491597964152600E-016, -1.545336663013202600, -4.712499999999997700 ) ) ;
#6274 = CARTESIAN_POINT ( 'NONE',  ( 1.784401076758523700, -1.431174568153927200E-014, -10.83749999999999900 ) ) ;
#6275 = ORIENTED_EDGE ( 'NONE', *, *, #1677, .F. ) ;
#6276 = EDGE_LOOP ( 'NONE', ( #5739, #6135, #767, #5429 ) ) ;
#6277 = ORIENTED_EDGE ( 'NONE', *, *, #6497, .F. ) ;
#6278 = ORIENTED_EDGE ( 'NONE', *, *, #4871, .F. ) ;
#6279 = CARTESIAN_POINT ( 'NONE',  ( -1.892491597964152600E-016, -1.545336663013203300, 0.8000000000000020400 ) ) ;
#6280 = CARTESIAN_POINT ( 'NONE',  ( 0.0000000000000000000, -2.021310670506432500E-015, 11.10000000000000000 ) ) ;
#6282 = PLANE ( 'NONE',  #6248 ) ;
#6281 = CARTESIAN_POINT ( 'NONE',  ( -1.784401076758523700, -1.536417013759275400E-014, 1.325000000000001500 ) ) ;
#6283 = ORIENTED_EDGE ( 'NONE', *, *, #6002, .F. ) ;
#6284 = CARTESIAN_POINT ( 'NONE',  ( -1.484715306690133700, 0.4770314702351886600, 7.584495431759039600 ) ) ;
#6285 = CARTESIAN_POINT ( 'NONE',  ( 0.0000000000000000000, 2.037888611415569000, 7.865625000000005000 ) ) ;
#6286 = EDGE_CURVE ( 'NONE', #6304, #4765, #5873, .T. ) ;
#6287 = CARTESIAN_POINT ( 'NONE',  ( -1.154700538379261700, -2.000000000000030200, -5.820833333333327500 ) ) ;
#6288 = CARTESIAN_POINT ( 'NONE',  ( -1.176575538379261500, -2.037888611415600500, -0.9427083333333283700 ) ) ;
#6289 = CARTESIAN_POINT ( 'NONE',  ( -1.424450376724367700, 0.5991715332878578800, 7.579764973081045900 ) ) ;
#6290 = PLANE ( 'NONE',  #5413 ) ;
#6291 = CARTESIAN_POINT ( 'NONE',  ( 1.784401076758523700, -1.465464678530052900E-014, -8.037499999999997900 ) ) ;
#6292 = CARTESIAN_POINT ( 'NONE',  ( 1.764863307568890900, -1.018944305707809400, 4.088541666666666100 ) ) ;
#6293 = AXIS2_PLACEMENT_3D ( 'NONE', #1335, #1874, #2469 ) ;
#6294 = CARTESIAN_POINT ( 'NONE',  ( -1.732050807568891200, 0.9999999999999935600, -1.883333333333334600 ) ) ;
#6295 = CARTESIAN_POINT ( 'NONE',  ( 0.2350143746297140800, -1.307690060518170500, 10.00000000000000000 ) ) ;
#6296 = ADVANCED_FACE ( 'NONE', ( #324 ), #3800, .T. ) ;
#6297 = CARTESIAN_POINT ( 'NONE',  ( -0.4910081156545207900, 1.732971271264869100, -10.86555883349649000 ) ) ;
#6298 = CARTESIAN_POINT ( 'NONE',  ( -1.784401076758523700, -1.503198469332403700E-014, -1.387499999999998200 ) ) ;
#6299 = CARTESIAN_POINT ( 'NONE',  ( -1.250000000000000000, 0.1218997793127515900, 10.97392074642395900 ) ) ;
#6300 = ORIENTED_EDGE ( 'NONE', *, *, #788, .F. ) ;
#6301 = CARTESIAN_POINT ( 'NONE',  ( -0.8922005383792623900, -1.545336663013203000, 2.841666666666668100 ) ) ;
#6302 = PLANE ( 'NONE',  #1014 ) ;
#6303 = CARTESIAN_POINT ( 'NONE',  ( 1.338300807568893600, 0.7726683315065784300, -7.279166666666665000 ) ) ;
#6304 = VERTEX_POINT ( 'NONE', #6041 ) ;
#6305 = CARTESIAN_POINT ( 'NONE',  ( -2.353151076758521800, -1.623213855648844300E-014, 8.696875000000000400 ) ) ;
#6306 = B_SPLINE_CURVE_WITH_KNOTS ( 'NONE', 1,
 ( #827, #3284 ),
 .UNSPECIFIED., .F., .F.,
 ( 2, 2 ),
 ( 0.0000000000000000000, 1.000000000000000000 ),
 .UNSPECIFIED. ) ;
#6307 = CARTESIAN_POINT ( 'NONE',  ( 0.8922005383792613900, -1.545336663013203500, 0.1583333333333349900 ) ) ;
#6308 = CARTESIAN_POINT ( 'NONE',  ( -4.621694220588223200E-016, -1.443375672974067700, 11.08556624327025700 ) ) ;
#6309 = CARTESIAN_POINT ( 'NONE',  ( -0.8922005383792617200, 1.545336663013172400, 0.5083333333333346400 ) ) ;
#6310 =( NAMED_UNIT ( * ) SI_UNIT ( $, .STERADIAN. ) SOLID_ANGLE_UNIT ( ) );
#6311 = VERTEX_POINT ( 'NONE', #5015 ) ;
#6312 = CARTESIAN_POINT ( 'NONE',  ( 2.353151076758521800, -1.668526425913673400E-014, 7.690625000000007800 ) ) ;
#6313 = ORIENTED_EDGE ( 'NONE', *, *, #2521, .F. ) ;
#6314 = CARTESIAN_POINT ( 'NONE',  ( 5.694607616035191900E-016, 4.649999999999997700, 8.900000000000002100 ) ) ;
#6315 = EDGE_CURVE ( 'NONE', #928, #2584, #711, .T. ) ;
#6316 = CARTESIAN_POINT ( 'NONE',  ( 0.0000000000000000000, -1.875000000000003800, 11.10000000000000000 ) ) ;
#6317 = DIRECTION ( 'NONE',  ( 1.000000000000000000, 0.0000000000000000000, -0.0000000000000000000 ) ) ;
#6318 = CARTESIAN_POINT ( 'NONE',  ( 1.338300807568892500, -0.7726683315066087400, -8.795833333333330700 ) ) ;
#6319 = CONICAL_SURFACE ( 'NONE', #6258, 2.300000000000000300, 0.7853981633974515000 ) ;
#6320 = CARTESIAN_POINT ( 'NONE',  ( 0.0000000000000000000, -1.701072954788124900E-015, 9.700000000000004600 ) ) ;
#6321 = CARTESIAN_POINT ( 'NONE',  ( 0.03941055279415599900, -0.1195484787224591200, 9.450000000000015300 ) ) ;
#6322 = CARTESIAN_POINT ( 'NONE',  ( -1.826762327221284100, -0.5755793456682639600, -10.75116093796831000 ) ) ;
#6323 = CARTESIAN_POINT ( 'NONE',  ( 1.784401076758523700, -1.568335009658431000E-014, 0.3625000000000016500 ) ) ;
#6324 = CARTESIAN_POINT ( 'NONE',  ( 0.8922005383792627200, 1.545336663013171500, 5.291666666666667000 ) ) ;
#6325 = ORIENTED_EDGE ( 'NONE', *, *, #1155, .F. ) ;
#6326 = EDGE_CURVE ( 'NONE', #5372, #4130, #2861, .T. ) ;
#6327 = CARTESIAN_POINT ( 'NONE',  ( 0.0000000000000000000, 1.545336663013173300, -6.462499999999997700 ) ) ;
#6328 =( BOUNDED_CURVE ( )  B_SPLINE_CURVE ( 2, ( #4462, #413, #6499, #1419, #1892, #4977, #5925 ),
 .UNSPECIFIED., .F., .F. ) 
 B_SPLINE_CURVE_WITH_KNOTS ( ( 3, 2, 2, 3 ),
 ( 0.9190566427175586000, 0.9246121982731141400, 0.9301677538286696700, 0.9357233093842252100 ),
 .UNSPECIFIED. ) 
 CURVE ( )  GEOMETRIC_REPRESENTATION_ITEM ( )  RATIONAL_B_SPLINE_CURVE ( ( 1.000000000000000000, 0.8660254037844387100, 1.000000000000000000, 0.8660254037844387100, 1.000000000000000000, 0.8660254037844387100, 1.000000000000000000 ) ) 
 REPRESENTATION_ITEM ( '' )  );
#6329 = CARTESIAN_POINT ( 'NONE',  ( -1.338300807568892900, -0.7726683315066089600, 0.6833333333333344600 ) ) ;
#6331 = CARTESIAN_POINT ( 'NONE',  ( 0.0000000000000000000, -9.674709713264090100E-016, 7.900000000000000400 ) ) ;
#6330 = CARTESIAN_POINT ( 'NONE',  ( -1.338300807568892700, 0.7726683315065786500, 1.966666666666668600 ) ) ;
#6332 = ORIENTED_EDGE ( 'NONE', *, *, #5496, .F. ) ;
#6333 = CARTESIAN_POINT ( 'NONE',  ( 1.165052178775842100, 1.612968835866725100, 7.829778760044875200 ) ) ;
#6334 = CARTESIAN_POINT ( 'NONE',  ( 1.176575538379260000, -2.037888611415602300, 6.173958333333336800 ) ) ;
#6335 = CARTESIAN_POINT ( 'NONE',  ( 1.249999999999999800, 0.7216878364870287200, 10.00000000000000000 ) ) ;
#6336 = CARTESIAN_POINT ( 'NONE',  ( -1.784401076758523700, -1.399256572254772200E-014, -9.874999999999998200 ) ) ;
#6337 = EDGE_LOOP ( 'NONE', ( #263, #1034, #2256, #1346 ) ) ;
#6338 = CARTESIAN_POINT ( 'NONE',  ( 1.154700538379273400, -2.000000000000008900, 3.308333333333333600 ) ) ;
#6339 = AXIS2_PLACEMENT_3D ( 'NONE', #533, #3535, #4041 ) ;
#6340 = EDGE_LOOP ( 'NONE', ( #2272, #3883, #2756, #4818, #3834 ) ) ;
#6341 = CARTESIAN_POINT ( 'NONE',  ( 2.309401076758521100, -1.469750942327068400E-014, -8.474999999999999600 ) ) ;
#6342 = CARTESIAN_POINT ( 'NONE',  ( -0.8922005383792617200, 1.545336663013173300, -6.404166666666664100 ) ) ;
#6343 =( BOUNDED_CURVE ( )  B_SPLINE_CURVE ( 2, ( #3172, #207, #5713, #6220, #3641, #3126, #3687 ),
 .UNSPECIFIED., .F., .T. ) 
 B_SPLINE_CURVE_WITH_KNOTS ( ( 3, 2, 2, 3 ),
 ( 0.2166666666666667600, 0.2222222222222222700, 0.2277777777777778000, 0.2333333333333333400 ),
 .UNSPECIFIED. ) 
 CURVE ( )  GEOMETRIC_REPRESENTATION_ITEM ( )  RATIONAL_B_SPLINE_CURVE ( ( 0.9999999999999980000, 0.8660254037844408200, 1.000000000000000000, 0.8660254037844388200, 1.000000000000000000, 0.8660254037844388200, 1.000000000000000000 ) ) 
 REPRESENTATION_ITEM ( '' )  );
#6344 = CARTESIAN_POINT ( 'NONE',  ( 0.6250000000000001100, -1.082531754730551100, 10.00000000000001400 ) ) ;
#6345 =( BOUNDED_CURVE ( )  B_SPLINE_CURVE ( 2, ( #1911, #368, #1372, #2441, #5595, #6475, #1025 ),
 .UNSPECIFIED., .F., .T. ) 
 B_SPLINE_CURVE_WITH_KNOTS ( ( 3, 2, 2, 3 ),
 ( 0.1523899760508918800, 0.1579455316064475300, 0.1635010871620030700, 0.1690566427175586000 ),
 .UNSPECIFIED. ) 
 CURVE ( )  GEOMETRIC_REPRESENTATION_ITEM ( )  RATIONAL_B_SPLINE_CURVE ( ( 1.000000000000000000, 0.8660254037844387100, 1.000000000000000000, 0.8660254037844387100, 1.000000000000000000, 0.8660254037844387100, 1.000000000000000000 ) ) 
 REPRESENTATION_ITEM ( '' )  );
#6346 = CARTESIAN_POINT ( 'NONE',  ( -1.154700538379254600, -2.000000000000041700, -2.408333333333332300 ) ) ;
#6347 = CARTESIAN_POINT ( 'NONE',  ( 0.8922005383792613900, -1.545336663013203300, -1.154166666666664600 ) ) ;
#6348 = CARTESIAN_POINT ( 'NONE',  ( -1.154700538379247900, -2.000000000000054200, 2.491666666666667100 ) ) ;
#6349 = CARTESIAN_POINT ( 'NONE',  ( -1.784401076758523700, -1.596424706917496100E-014, 6.225000000000001400 ) ) ;
#6350 = ORIENTED_EDGE ( 'NONE', *, *, #953, .T. ) ;
#6351 = DIRECTION ( 'NONE',  ( 0.0000000000000000000, 1.224646799147364800E-016, -1.000000000000000000 ) ) ;
#6352 = CARTESIAN_POINT ( 'NONE',  ( 1.338300807568893600, 0.7726683315065781000, -4.479166666666664300 ) ) ;
#6353 = CIRCLE ( 'NONE', #322, 2.000000000000001800 ) ;
#6354 = CARTESIAN_POINT ( 'NONE',  ( 1.338300807568893600, 0.7726683315065774300, 1.033333333333334100 ) ) ;
#6356 = CARTESIAN_POINT ( 'NONE',  ( -2.309401076758521600, -1.401399704153279900E-014, -9.437499999999996400 ) ) ;
#6355 = CARTESIAN_POINT ( 'NONE',  ( 1.784401076758523700, -1.618698609273365500E-014, 4.474999999999999600 ) ) ;
#6357 = APPROVAL_STATUS ( 'not_yet_approved' ) ;
#6358 = CC_DESIGN_APPROVAL ( #5994, ( #5650 ) ) ;
#6359 = CARTESIAN_POINT ( 'NONE',  ( -1.176575538379261500, -2.037888611415601000, 6.057291666666673200 ) ) ;
#6360 = CARTESIAN_POINT ( 'NONE',  ( -4.621694220588223200E-016, -1.443375672974067700, 11.08556624327025700 ) ) ;
#6361 = CARTESIAN_POINT ( 'NONE',  ( 1.338300807568893600, 0.7726683315065787600, -10.16666666666666400 ) ) ;
#6362 = ORIENTED_EDGE ( 'NONE', *, *, #6422, .F. ) ;
#6363 = AXIS2_PLACEMENT_3D ( 'NONE', #323, #6432, #4369 ) ;
#6364 = CARTESIAN_POINT ( 'NONE',  ( -1.250000000000000000, 0.5412658773652706500, 10.00000000000000000 ) ) ;
#6365 = FACE_OUTER_BOUND ( 'NONE', #3225, .T. ) ;
#6366 = CARTESIAN_POINT ( 'NONE',  ( -2.449293598294726100E-016, -2.000000000000031100, 0.5375000000000056400 ) ) ;
#6367 = CARTESIAN_POINT ( 'NONE',  ( -0.8922005383792617200, 1.545336663013173100, -4.304166666666664500 ) ) ;
#6368 = ORIENTED_EDGE ( 'NONE', *, *, #5436, .T. ) ;
#6369 = LINE ( 'NONE', #3304, #627 ) ;
#6370 = EDGE_CURVE ( 'NONE', #3368, #5872, #4323, .T. ) ;
#6371 = CARTESIAN_POINT ( 'NONE',  ( 1.732050807568890700, -1.000000000000024200, 0.5666666666666662100 ) ) ;
#6372 = CARTESIAN_POINT ( 'NONE',  ( -1.082708096908966000, -1.102637102105915400, -11.10000000000000100 ) ) ;
#6373 = ORIENTED_EDGE ( 'NONE', *, *, #208, .F. ) ;
#6374 = CARTESIAN_POINT ( 'NONE',  ( -2.495693764988940900E-016, -2.037888611415599600, -10.72812500000000200 ) ) ;
#6375 = CARTESIAN_POINT ( 'NONE',  ( -1.338300807568892900, -0.7726683315066088500, 0.07083333333333594100 ) ) ;
#6376 = CARTESIAN_POINT ( 'NONE',  ( 1.338300807568892500, -0.7726683315066106300, 6.516666666666667500 ) ) ;
#6377 = CARTESIAN_POINT ( 'NONE',  ( 0.0000000000000000000, 2.100000000000000500, 8.900000000000002100 ) ) ;
#6378 = CARTESIAN_POINT ( 'NONE',  ( -1.338300807568892700, 0.7726683315065791000, -2.145833333333331300 ) ) ;
#6379 = CYLINDRICAL_SURFACE ( 'NONE', #5593, 2.000000000000001800 ) ;
#6380 = CARTESIAN_POINT ( 'NONE',  ( -1.338300807568892900, -0.7726683315066086300, -2.116666666666665800 ) ) ;
#6382 = DIRECTION ( 'NONE',  ( -0.0000000000000000000, -1.224646799147353200E-016, 1.000000000000000000 ) ) ;
#6381 = CARTESIAN_POINT ( 'NONE',  ( -0.8922005383792623900, -1.545336663013203000, 3.541666666666668700 ) ) ;
#6383 = ORIENTED_EDGE ( 'NONE', *, *, #2407, .T. ) ;
#6384 = CARTESIAN_POINT ( 'NONE',  ( 1.764863307568890900, -1.018944305707809400, 4.832291666666672600 ) ) ;
#6385 = CARTESIAN_POINT ( 'NONE',  ( -1.424450376724367700, 0.5991715332878578800, 7.579764973081045900 ) ) ;
#6386 = EDGE_CURVE ( 'NONE', #6558, #2893, #6413, .T. ) ;
#6387 = CARTESIAN_POINT ( 'NONE',  ( -1.338300807568892900, -0.7726683315066074100, -11.21666666666666500 ) ) ;
#6388 = CARTESIAN_POINT ( 'NONE',  ( 0.0000000000000000000, 2.000000000000000400, 2.899999999999999500 ) ) ;
#6389 = CARTESIAN_POINT ( 'NONE',  ( -1.154700538379260800, 2.000000000000000900, 0.2458333333333380700 ) ) ;
#6390 = CARTESIAN_POINT ( 'NONE',  ( -1.338300807568892700, 0.7726683315065792100, -3.545833333333331600 ) ) ;
#6391 = ORIENTED_EDGE ( 'NONE', *, *, #3805, .T. ) ;
#6392 = CARTESIAN_POINT ( 'NONE',  ( 0.0000000000000000000, 2.000000000000000900, -0.5124999999999950700 ) ) ;
#6393 = CARTESIAN_POINT ( 'NONE',  ( -0.3915725446674623300, 1.217301158903033400, 10.00000000000001200 ) ) ;
#6394 = CARTESIAN_POINT ( 'NONE',  ( 1.176575538379261800, 2.037888611415570800, -10.43645833333333400 ) ) ;
#6395 = CARTESIAN_POINT ( 'NONE',  ( -1.784401076758523700, -1.537488579708529400E-014, 1.412500000000002300 ) ) ;
#6396 = DIRECTION ( 'NONE',  ( 0.0000000000000000000, -1.000000000000000000, -1.224646799147353200E-016 ) ) ;
#6397 = CARTESIAN_POINT ( 'NONE',  ( 1.784401076758523700, -1.635843664461428700E-014, 5.875000000000001800 ) ) ;
#6398 = CARTESIAN_POINT ( 'NONE',  ( -1.338300807568892700, 0.7726683315065789900, -1.445833333333330200 ) ) ;
#6399 = ORIENTED_EDGE ( 'NONE', *, *, #5765, .T. ) ;
#6400 = CARTESIAN_POINT ( 'NONE',  ( 0.0000000000000000000, 1.545336663013172200, 3.250000000000001300 ) ) ;
#6401 = VECTOR ( 'NONE', #6382, 1000.000000000000000 ) ;
#6403 = CARTESIAN_POINT ( 'NONE',  ( 0.0000000000000000000, 2.000000000000000000, 5.087500000000003900 ) ) ;
#6402 = CARTESIAN_POINT ( 'NONE',  ( -0.8922005383792617200, 1.545336663013172200, 1.908333333333334800 ) ) ;
#6404 = CARTESIAN_POINT ( 'NONE',  ( 0.8842409900122162300, -1.836057696293779400, 8.965241993227442300 ) ) ;
#6405 = DIRECTION ( 'NONE',  ( 1.000000000000000000, -1.224646799147353200E-016, -1.499759782661857600E-032 ) ) ;
#6406 = VERTEX_POINT ( 'NONE', #1006 ) ;
#6407 =( BOUNDED_CURVE ( )  B_SPLINE_CURVE ( 2, ( #818, #5022, #6543, #5399, #5907, #3373, #5425 ),
 .UNSPECIFIED., .F., .T. ) 
 B_SPLINE_CURVE_WITH_KNOTS ( ( 3, 2, 2, 3 ),
 ( 0.6523899760508920000, 0.6579455316064475300, 0.6635010871620030700, 0.6690566427175586000 ),
 .UNSPECIFIED. ) 
 CURVE ( )  GEOMETRIC_REPRESENTATION_ITEM ( )  RATIONAL_B_SPLINE_CURVE ( ( 1.000000000000000000, 0.8660254037844387100, 1.000000000000000000, 0.8660254037844387100, 1.000000000000000000, 0.8660254037844387100, 1.000000000000000000 ) ) 
 REPRESENTATION_ITEM ( '' )  );
#6408 = CYLINDRICAL_SURFACE ( 'NONE', #1944, 2.000000000000001800 ) ;
#6409 = CARTESIAN_POINT ( 'NONE',  ( 0.4136428394890706600, 1.204558868246685000, 10.97376521399620600 ) ) ;
#6410 = CARTESIAN_POINT ( 'NONE',  ( -1.154700538379260600, 2.000000000000000400, 0.8583333333333318400 ) ) ;
#6411 = CARTESIAN_POINT ( 'NONE',  ( -1.338300807568892700, 0.7726683315065793200, -4.245833333333330900 ) ) ;
#6412 = EDGE_LOOP ( 'NONE', ( #2615, #3252, #2529, #5200 ) ) ;
#6413 =( BOUNDED_CURVE ( )  B_SPLINE_CURVE ( 2, ( #465, #968, #4516, #4536, #1456, #1477, #1499 ),
 .UNSPECIFIED., .F., .F. ) 
 B_SPLINE_CURVE_WITH_KNOTS ( ( 3, 2, 2, 3 ),
 ( 0.3523899760508919500, 0.3579455316064474900, 0.3635010871620030200, 0.3690566427175585600 ),
 .UNSPECIFIED. ) 
 CURVE ( )  GEOMETRIC_REPRESENTATION_ITEM ( )  RATIONAL_B_SPLINE_CURVE ( ( 1.000000000000000000, 0.8660254037844387100, 1.000000000000000000, 0.8660254037844387100, 1.000000000000000000, 0.8660254037844387100, 1.000000000000000000 ) ) 
 REPRESENTATION_ITEM ( '' )  );
#6414 = CARTESIAN_POINT ( 'NONE',  ( 0.0000000000000000000, 2.000000000000000900, 0.7999999999999980500 ) ) ;
#6415 = CARTESIAN_POINT ( 'NONE',  ( 0.01433848335475022500, 0.1241749084762489900, 9.450000000000001100 ) ) ;
#6416 = CARTESIAN_POINT ( 'NONE',  ( -1.176575538379261500, -2.037888611415599200, -10.08645833333333500 ) ) ;
#6417 = CARTESIAN_POINT ( 'NONE',  ( 1.338300807568893600, 0.7726683315065771000, 3.920833333333335200 ) ) ;
#6418 = CARTESIAN_POINT ( 'NONE',  ( 2.309401076758521600, -1.565120311810668900E-014, -0.6874999999999947800 ) ) ;
#6419 = CARTESIAN_POINT ( 'NONE',  ( -1.338300807568892700, 0.7726683315065779900, 6.866666666666667100 ) ) ;
#6420 = CARTESIAN_POINT ( 'NONE',  ( 0.0000000000000000000, 1.545336663013172600, -0.8624999999999969400 ) ) ;
#6421 = CARTESIAN_POINT ( 'NONE',  ( -1.764863307568891300, 1.018944305707776700, 8.638541666666665000 ) ) ;
#6422 = EDGE_CURVE ( 'NONE', #4101, #4042, #6170, .T. ) ;
#6423 = CARTESIAN_POINT ( 'NONE',  ( 1.338300807568893600, 0.7726683315065773200, 1.733333333333334900 ) ) ;
#6425 = DIRECTION ( 'NONE',  ( -0.0000000000000000000, -1.224646799147353200E-016, 1.000000000000000000 ) ) ;
#6424 = CARTESIAN_POINT ( 'NONE',  ( -1.892491597964152600E-016, -1.545336663013203500, 3.600000000000001000 ) ) ;
#6426 = CARTESIAN_POINT ( 'NONE',  ( 0.0000000000000000000, 2.000000000000001300, -0.6000000000000005300 ) ) ;
#6427 = ORIENTED_EDGE ( 'NONE', *, *, #4260, .F. ) ;
#6428 = CARTESIAN_POINT ( 'NONE',  ( 0.0000000000000000000, 4.149783978102253600, 9.700000000000004600 ) ) ;
#6429 = CARTESIAN_POINT ( 'NONE',  ( -1.892491597964152600E-016, -1.545336663013202400, -6.899999999999998600 ) ) ;
#6430 = ADVANCED_FACE ( 'NONE', ( #4755 ), #5071, .T. ) ;
#6431 = VECTOR ( 'NONE', #600, 999.9999999999998900 ) ;
#6432 = DIRECTION ( 'NONE',  ( 0.0000000000000000000, 1.224646799147353200E-016, -1.000000000000000000 ) ) ;
#6433 = CARTESIAN_POINT ( 'NONE',  ( 1.913510623667745100E-016, 1.562500000000005300, -11.09999999999999800 ) ) ;
#6434 = AXIS2_PLACEMENT_3D ( 'NONE', #5236, #3229, #212 ) ;
#6435 = CARTESIAN_POINT ( 'NONE',  ( 1.784401076758523700, -1.534044899282305000E-014, -2.437499999999996900 ) ) ;
#6436 = VECTOR ( 'NONE', #2362, 1000.000000000000000 ) ;
#6437 = CARTESIAN_POINT ( 'NONE',  ( 2.449293598294708900E-016, 1.999999999999999600, 11.10000000000000000 ) ) ;
#6438 = CARTESIAN_POINT ( 'NONE',  ( -1.338300807568892700, 0.7726683315065782100, 5.554166666666668900 ) ) ;
#6439 = CARTESIAN_POINT ( 'NONE',  ( -1.154700538379261700, -2.000000000000031100, 1.179166666666670900 ) ) ;
#6440 = CARTESIAN_POINT ( 'NONE',  ( -1.176575538379260700, 2.037888611415571600, -11.67604166666665900 ) ) ;
#6441 = CARTESIAN_POINT ( 'NONE',  ( -1.338300807568892700, 0.7726683315065788800, -0.7458333333333310200 ) ) ;
#6442 = CARTESIAN_POINT ( 'NONE',  ( -1.892491597964152600E-016, -1.545336663013203300, 1.587500000000002100 ) ) ;
#6443 = DATE_AND_TIME ( #1182, #789 ) ;
#6444 = CARTESIAN_POINT ( 'NONE',  ( 1.764863307568892200, 1.018944305707774900, 9.105208333333333600 ) ) ;
#6445 = CARTESIAN_POINT ( 'NONE',  ( 1.338300807568893600, 0.7726683315065771000, 3.833333333333334400 ) ) ;
#6447 = CARTESIAN_POINT ( 'NONE',  ( 1.222908433297879000, 1.216723261771367500, -10.94072270667870400 ) ) ;
#6446 = CARTESIAN_POINT ( 'NONE',  ( -1.892491597964152600E-016, -1.545336663013203700, 5.700000000000000200 ) ) ;
#6448 = ORIENTED_EDGE ( 'NONE', *, *, #1894, .F. ) ;
#6449 = ORIENTED_EDGE ( 'NONE', *, *, #2660, .F. ) ;
#6450 = CARTESIAN_POINT ( 'NONE',  ( 0.8584274553325371700, -0.9477623505580624600, 9.999999999999984000 ) ) ;
#6451 = ORIENTED_EDGE ( 'NONE', *, *, #4996, .F. ) ;
#6452 = CARTESIAN_POINT ( 'NONE',  ( 1.154700538379260100, -2.000000000000031500, -0.1041666666666615200 ) ) ;
#6453 = CARTESIAN_POINT ( 'NONE',  ( 0.8922005383792613900, -1.545336663013202800, -6.841666666666665000 ) ) ;
#6454 = EDGE_LOOP ( 'NONE', ( #1213, #3253, #4930 ) ) ;
#6455 = LINE ( 'NONE', #3936, #1503 ) ;
#6456 = AXIS2_PLACEMENT_3D ( 'NONE', #163, #2732, #3695 ) ;
#6457 = CARTESIAN_POINT ( 'NONE',  ( -0.7697865521146833900, -1.354783137194606200, -11.10000000000000500 ) ) ;
#6458 = CARTESIAN_POINT ( 'NONE',  ( -2.309401076758521600, -1.521415090469720200E-014, 0.3625000000000058200 ) ) ;
#6459 = CARTESIAN_POINT ( 'NONE',  ( -1.338300807568892900, -0.7726683315066086300, -2.029166666666665000 ) ) ;
#6460 = EDGE_CURVE ( 'NONE', #1938, #4024, #3128, .T. ) ;
#6461 = CARTESIAN_POINT ( 'NONE',  ( 0.0000000000000000000, 1.545336663013172200, 3.337500000000002100 ) ) ;
#6462 = CARTESIAN_POINT ( 'NONE',  ( -1.764863307568891300, 1.018944305707778900, -10.21770833333332900 ) ) ;
#6463 = ADVANCED_FACE ( 'NONE', ( #2383 ), #1007, .T. ) ;
#6464 = CARTESIAN_POINT ( 'NONE',  ( 1.338300807568893600, 0.7726683315065779900, -3.779166666666664100 ) ) ;
#6465 = CARTESIAN_POINT ( 'NONE',  ( -1.338300807568892900, -0.7726683315066091900, 2.870833333333336200 ) ) ;
#6466 = CARTESIAN_POINT ( 'NONE',  ( -1.176575538379261500, -2.037888611415599600, -6.586458333333334600 ) ) ;
#6467 = CARTESIAN_POINT ( 'NONE',  ( -1.338300807568892900, -0.7726683315066093000, 3.483333333333334700 ) ) ;
#6469 = CARTESIAN_POINT ( 'NONE',  ( 0.8573183598784176500, -1.350741997241743800, -11.06617668742760500 ) ) ;
#6468 = CARTESIAN_POINT ( 'NONE',  ( 1.338300807568892500, -0.7726683315066106300, 5.816666666666668200 ) ) ;
#6470 = ORIENTED_EDGE ( 'NONE', *, *, #371, .T. ) ;
#6471 = ORIENTED_EDGE ( 'NONE', *, *, #243, .T. ) ;
#6472 = CARTESIAN_POINT ( 'NONE',  ( -1.764863307568891500, -1.018944305707808900, 8.798958333333338500 ) ) ;
#6473 = CARTESIAN_POINT ( 'NONE',  ( 0.6249999999999992200, 1.082531754730546400, 9.999999999999991100 ) ) ;
#6474 = EDGE_CURVE ( 'NONE', #3368, #2613, #6011, .T. ) ;
#6475 = CARTESIAN_POINT ( 'NONE',  ( 1.154700538379260100, -2.000000000000032400, 5.495833333333338000 ) ) ;
#6476 = CARTESIAN_POINT ( 'NONE',  ( 1.338300807568892500, -0.7726683315066090700, -6.083333333333332100 ) ) ;
#6477 = CARTESIAN_POINT ( 'NONE',  ( 0.2043544017300747100, 1.325391604125117900, 11.01744810935873500 ) ) ;
#6478 = ORIENTED_EDGE ( 'NONE', *, *, #3248, .T. ) ;
#6479 = CARTESIAN_POINT ( 'NONE',  ( 1.154700538379266800, 1.999999999999992200, -9.058333333333335300 ) ) ;
#6480 = CARTESIAN_POINT ( 'NONE',  ( 1.338300807568893600, 0.7726683315065776500, -0.9791666666666646300 ) ) ;
#6481 = DIRECTION ( 'NONE',  ( 0.0000000000000000000, -1.000000000000000000, 0.0000000000000000000 ) ) ;
#6482 = CARTESIAN_POINT ( 'NONE',  ( -1.892491597964152600E-016, -1.545336663013203500, 3.687500000000001300 ) ) ;
#6483 = CARTESIAN_POINT ( 'NONE',  ( -1.784401076758523700, -1.630714817293621500E-014, 9.025000000000002100 ) ) ;
#6484 = CARTESIAN_POINT ( 'NONE',  ( 1.338300807568893600, 0.7726683315065775400, 0.4208333333333355600 ) ) ;
#6485 = CARTESIAN_POINT ( 'NONE',  ( -0.8922005383792623900, -1.545336663013202600, -0.5708333333333311900 ) ) ;
#6486 = CARTESIAN_POINT ( 'NONE',  ( -1.764863307568891500, -1.018944305707806900, -6.644791666666668200 ) ) ;
#6487 = CARTESIAN_POINT ( 'NONE',  ( -1.338300807568892700, 0.7726683315065786500, 1.266666666666667700 ) ) ;
#6489 = CARTESIAN_POINT ( 'NONE',  ( -2.449293598294726600E-016, -2.000000000000031100, -1.650000000000001000 ) ) ;
#6488 = DIRECTION ( 'NONE',  ( 0.0000000000000000000, -1.000000000000000000, 0.0000000000000000000 ) ) ;
#6490 = ORIENTED_EDGE ( 'NONE', *, *, #562, .F. ) ;
#6491 = CARTESIAN_POINT ( 'NONE',  ( 0.0000000000000000000, -2.000000000000004000, 11.10000000000000000 ) ) ;
#6492 = CARTESIAN_POINT ( 'NONE',  ( 0.2350143746297146400, 1.307690060518163800, 10.00000000000000000 ) ) ;
#6493 = CARTESIAN_POINT ( 'NONE',  ( -2.449293598294726100E-016, -2.000000000000031100, -0.1624999999999954000 ) ) ;
#6494 = ADVANCED_FACE ( 'NONE', ( #3947 ), #1900, .T. ) ;
#6495 = ORIENTED_EDGE ( 'NONE', *, *, #4397, .F. ) ;
#6496 = ADVANCED_FACE ( 'NONE', ( #2453 ), #4921, .T. ) ;
#6497 = EDGE_CURVE ( 'NONE', #3428, #548, #4278, .T. ) ;
#6498 = CARTESIAN_POINT ( 'NONE',  ( 1.338300807568892500, -0.7726683315066085200, -10.98333333333333100 ) ) ;
#6499 = CARTESIAN_POINT ( 'NONE',  ( 1.732050807568892100, 0.9999999999999924500, -10.42916666666666200 ) ) ;
#6500 = VERTEX_POINT ( 'NONE', #3154 ) ;
#6501 = VERTEX_POINT ( 'NONE', #2166 ) ;
#6502 = CARTESIAN_POINT ( 'NONE',  ( 0.8922005383792613900, -1.545336663013203900, 5.145833333333335700 ) ) ;
#6503 = CARTESIAN_POINT ( 'NONE',  ( -1.338300807568892700, 0.7726683315065777700, 8.966666666666668600 ) ) ;
#6504 = CARTESIAN_POINT ( 'NONE',  ( 0.8922005383792627200, 1.545336663013172000, 1.179166666666668700 ) ) ;
#6505 = CARTESIAN_POINT ( 'NONE',  ( -0.8922005383792617200, 1.545336663013172900, -0.1041666666666638700 ) ) ;
#6506 = LINE ( 'NONE', #199, #2761 ) ;
#6507 = CARTESIAN_POINT ( 'NONE',  ( -2.495693764988940900E-016, -2.037888611415600100, -6.528125000000001100 ) ) ;
#6508 = EDGE_CURVE ( 'NONE', #2698, #1241, #907, .T. ) ;
#6509 = CARTESIAN_POINT ( 'NONE',  ( 1.338300807568893600, 0.7726683315065767700, 5.933333333333335300 ) ) ;
#6511 = CARTESIAN_POINT ( 'NONE',  ( 1.154700538379260100, -2.000000000000030600, -8.504166666666661100 ) ) ;
#6510 = CARTESIAN_POINT ( 'NONE',  ( 0.8922005383792613900, -1.545336663013203900, 5.758333333333333700 ) ) ;
#6512 = VERTEX_POINT ( 'NONE', #660 ) ;
#6513 = VECTOR ( 'NONE', #4156, 1000.000000000000000 ) ;
#6514 = CARTESIAN_POINT ( 'NONE',  ( 0.1232372959545085400, -0.02564369946430407700, 9.450000000000008200 ) ) ;
#6515 = CARTESIAN_POINT ( 'NONE',  ( -1.732050807568891200, -1.000000000000022200, -7.279166666666661500 ) ) ;
#6516 = CARTESIAN_POINT ( 'NONE',  ( -1.784401076758523700, -1.399256572254771900E-014, -9.874999999999998200 ) ) ;
#6517 = CYLINDRICAL_SURFACE ( 'NONE', #1800, 2.000000000000001800 ) ;
#6518 = ORIENTED_EDGE ( 'NONE', *, *, #6036, .F. ) ;
#6519 = CARTESIAN_POINT ( 'NONE',  ( 0.0000000000000000000, 6.974052236006912100E-016, -11.09999999999999800 ) ) ;
#6520 = CIRCLE ( 'NONE', #936, 3.928819445599979900 ) ;
#6521 = CARTESIAN_POINT ( 'NONE',  ( 1.338300807568893600, 0.7726683315065767700, 6.020833333333336600 ) ) ;
#6522 = CARTESIAN_POINT ( 'NONE',  ( -0.8922005383792623900, -1.545336663013203500, 8.441666666666666400 ) ) ;
#6523 = ORIENTED_EDGE ( 'NONE', *, *, #6326, .F. ) ;
#6524 = CARTESIAN_POINT ( 'NONE',  ( 1.784401076758523700, -1.585480064846493800E-014, 1.762500000000002200 ) ) ;
#6525 = CARTESIAN_POINT ( 'NONE',  ( -1.784401076758523700, -1.546061107302561000E-014, 2.112500000000001600 ) ) ;
#6526 = FACE_OUTER_BOUND ( 'NONE', #3135, .T. ) ;
#6527 = ADVANCED_FACE ( 'NONE', ( #2604 ), #6517, .T. ) ;
#6528 = CARTESIAN_POINT ( 'NONE',  ( -2.495693764988940900E-016, -2.037888611415600500, -5.128125000000001600 ) ) ;
#6529 = ORIENTED_EDGE ( 'NONE', *, *, #4700, .F. ) ;
#6530 = CARTESIAN_POINT ( 'NONE',  ( 0.8922005383792613900, -1.545336663013204400, 6.458333333333333900 ) ) ;
#6532 = CARTESIAN_POINT ( 'NONE',  ( 1.732050807568892100, 0.9999999999999924500, -9.729166666666662500 ) ) ;
#6531 = CARTESIAN_POINT ( 'NONE',  ( 1.338300807568892500, -0.7726683315066106300, 6.516666666666667500 ) ) ;
#6533 = CARTESIAN_POINT ( 'NONE',  ( 0.0000000000000000000, -2.021310670506432500E-015, 11.10000000000000000 ) ) ;
#6534 = EDGE_CURVE ( 'NONE', #4208, #2716, #4768, .T. ) ;
#6535 = CARTESIAN_POINT ( 'NONE',  ( 1.249999999999999300, -0.4503166115752416100, 10.00000000000000000 ) ) ;
#6536 = AXIS2_PLACEMENT_3D ( 'NONE', #3400, #1450, #5963 ) ;
#6537 = CARTESIAN_POINT ( 'NONE',  ( -0.8922005383792617200, 1.545336663013173500, -8.591666666666665000 ) ) ;
#6538 = EDGE_CURVE ( 'NONE', #1777, #3210, #3397, .T. ) ;
#6539 = CARTESIAN_POINT ( 'NONE',  ( 0.8922005383792627200, 1.545336663013171300, 6.079166666666670200 ) ) ;
#6540 = CARTESIAN_POINT ( 'NONE',  ( 1.764863307568892200, 1.018944305707776700, -6.951041666666661500 ) ) ;
#6541 = CARTESIAN_POINT ( 'NONE',  ( 1.338300807568892500, -0.7726683315066097400, -0.3958333333333313700 ) ) ;
#6542 = CARTESIAN_POINT ( 'NONE',  ( -1.892491597964152600E-016, -1.545336663013203500, 4.387500000000002800 ) ) ;
#6543 = CARTESIAN_POINT ( 'NONE',  ( 1.732050807568892100, 0.9999999999999917800, -4.829166666666661300 ) ) ;
#6544 = ORIENTED_EDGE ( 'NONE', *, *, #2132, .T. ) ;
#6545 =( BOUNDED_CURVE ( )  B_SPLINE_CURVE ( 2, ( #1327, #3899, #3326, #4416, #5945, #347, #2343 ),
 .UNSPECIFIED., .F., .T. ) 
 B_SPLINE_CURVE_WITH_KNOTS ( ( 3, 2, 2, 3 ),
 ( 0.4690566427175585400, 0.4746121982731141800, 0.4801677538286697200, 0.4857233093842252500 ),
 .UNSPECIFIED. ) 
 CURVE ( )  GEOMETRIC_REPRESENTATION_ITEM ( )  RATIONAL_B_SPLINE_CURVE ( ( 1.000000000000000000, 0.8660254037844387100, 1.000000000000000000, 0.8660254037844387100, 1.000000000000000000, 0.8660254037844387100, 1.000000000000000000 ) ) 
 REPRESENTATION_ITEM ( '' )  );
#6546 = CARTESIAN_POINT ( 'NONE',  ( -1.176575538379261500, -2.037888611415599600, -7.286458333333334800 ) ) ;
#6547 = CARTESIAN_POINT ( 'NONE',  ( 1.784401076758523700, -1.644416192055460300E-014, 6.575000000000001100 ) ) ;
#6549 = DIRECTION ( 'NONE',  ( -0.0000000000000000000, -1.224646799147353200E-016, 1.000000000000000000 ) ) ;
#6548 = CARTESIAN_POINT ( 'NONE',  ( 0.0000000000000000000, 2.000000000000001800, -6.900000000000001200 ) ) ;
#6550 = CARTESIAN_POINT ( 'NONE',  ( -0.1232372959545086800, 0.02564369946429804300, 9.450000000000002800 ) ) ;
#6551 = TOROIDAL_SURFACE ( 'NONE', #1274, 3.918749999999994400, 0.7812500000000050000 ) ;
#6552 = ADVANCED_FACE ( 'NONE', ( #1961 ), #941, .T. ) ;
#6553 = CARTESIAN_POINT ( 'NONE',  ( -1.892491597964152600E-016, -1.545336663013202200, -8.299999999999998900 ) ) ;
#6554 = ORIENTED_EDGE ( 'NONE', *, *, #1386, .F. ) ;
#6555 = VECTOR ( 'NONE', #5606, 1000.000000000000000 ) ;
#6556 = CARTESIAN_POINT ( 'NONE',  ( 0.0000000000000000000, 1.545336663013171500, 7.537500000000002300 ) ) ;
#6557 = CARTESIAN_POINT ( 'NONE',  ( -1.764863307568891300, 1.018944305707778700, -8.817708333333328600 ) ) ;
#6558 = VERTEX_POINT ( 'NONE', #5817 ) ;
#6559 = CARTESIAN_POINT ( 'NONE',  ( -0.8922005383792617200, 1.545336663013172000, 4.095833333333335000 ) ) ;
#6560 = CARTESIAN_POINT ( 'NONE',  ( -1.338300807568892900, -0.7726683315066094100, 4.970833333333334100 ) ) ;
#6561 = CARTESIAN_POINT ( 'NONE',  ( 1.154700538379260100, -2.000000000000031500, -0.8041666666666624800 ) ) ;
#6562 = CARTESIAN_POINT ( 'NONE',  ( 1.176575538379260000, -2.037888611415601000, -4.369791666666667900 ) ) ;
#6563 = CARTESIAN_POINT ( 'NONE',  ( -0.8922005383792623900, -1.545336663013203300, 4.941666666666667300 ) ) ;
#6564 = CARTESIAN_POINT ( 'NONE',  ( 1.732050807568892100, 0.9999999999999922300, -5.616666666666668000 ) ) ;
#6565 = CARTESIAN_POINT ( 'NONE',  ( -1.338300807568892700, 0.7726683315065798800, -8.445833333333331100 ) ) ;
#6566 = CARTESIAN_POINT ( 'NONE',  ( 1.154700538379261700, 2.000000000000000000, -2.670833333333328500 ) ) ;
#6567 = AXIS2_PLACEMENT_3D ( 'NONE', #4946, #5997, #2943 ) ;
#6568 = CARTESIAN_POINT ( 'NONE',  ( -1.249999999999999800, -0.5677983604944392100, 10.00000000000000000 ) ) ;
#6569 = ORIENTED_EDGE ( 'NONE', *, *, #2251, .T. ) ;
#6570 = CARTESIAN_POINT ( 'NONE',  ( 1.338300807568893600, 0.7726683315065784300, -6.666666666666665200 ) ) ;
#6571 = EDGE_CURVE ( 'NONE', #1015, #4366, #2038, .T. ) ;
#6573 = CARTESIAN_POINT ( 'NONE',  ( 0.8922005383792627200, 1.545336663013173100, -8.708333333333332100 ) ) ;
#6572 = CARTESIAN_POINT ( 'NONE',  ( -1.338300807568892700, 0.7726683315065797600, -7.833333333333331300 ) ) ;
#6574 = CARTESIAN_POINT ( 'NONE',  ( 1.732050807568890700, -1.000000000000024900, 4.766666666666667500 ) ) ;
#6575 = EDGE_LOOP ( 'NONE', ( #6040, #2317, #4487, #4990 ) ) ;
#6576 = FACE_OUTER_BOUND ( 'NONE', #121, .T. ) ;
#6577 = CARTESIAN_POINT ( 'NONE',  ( 0.8922005383792627200, 1.545336663013171100, 7.479166666666668700 ) ) ;
#6578 = CARTESIAN_POINT ( 'NONE',  ( 1.176575538379261800, 2.037888611415570300, -8.292708333333328200 ) ) ;
#6579 = CARTESIAN_POINT ( 'NONE',  ( 0.0000000000000000000, 1.545336663013172000, 5.437500000000001800 ) ) ;
#6580 = CARTESIAN_POINT ( 'NONE',  ( -1.784401076758523700, -1.597496272866749900E-014, 6.312500000000001800 ) ) ;
#6581 = CARTESIAN_POINT ( 'NONE',  ( -0.8922005383792617200, 1.545336663013174000, -10.60416666666666400 ) ) ;
#6582 = VECTOR ( 'NONE', #4474, 1000.000000000000000 ) ;
#6583 = CARTESIAN_POINT ( 'NONE',  ( 1.176575538379261800, 2.037888611415570300, -4.136458333333334500 ) ) ;
#6584 = EDGE_CURVE ( 'NONE', #4905, #4208, #4815, .T. ) ;
#6585 = CARTESIAN_POINT ( 'NONE',  ( -0.8922005383792623900, -1.545336663013203500, 7.741666666666667100 ) ) ;
#6586 = CARTESIAN_POINT ( 'NONE',  ( -1.732050807568891200, 0.9999999999999940000, -6.083333333333334800 ) ) ;
#6587 = CARTESIAN_POINT ( 'NONE',  ( 1.338300807568893600, 0.7726683315065784300, -6.579166666666664800 ) ) ;
#6588 = CARTESIAN_POINT ( 'NONE',  ( 1.732050807568890500, -1.000000000000024200, 0.6541666666666715600 ) ) ;
#6589 = CARTESIAN_POINT ( 'NONE',  ( 5.556536133988210200E-016, 1.398758288598141300, 9.999999999999980500 ) ) ;
#6590 = FACE_OUTER_BOUND ( 'NONE', #2275, .T. ) ;
#6591 = VERTEX_POINT ( 'NONE', #3279 ) ;
#6592 = CARTESIAN_POINT ( 'NONE',  ( 0.8922005383792627200, 1.545336663013173100, -7.308333333333330900 ) ) ;
#6594 = CARTESIAN_POINT ( 'NONE',  ( -1.784401076758523700, -1.450691737818961100E-014, -5.674999999999998000 ) ) ;
#6593 = CARTESIAN_POINT ( 'NONE',  ( 1.338300807568892500, -0.7726683315066089600, -6.783333333333332300 ) ) ;
#6595 = DIRECTION ( 'NONE',  ( 0.0000000000000000000, -1.000000000000000000, 0.0000000000000000000 ) ) ;
#6596 = VERTEX_POINT ( 'NONE', #4254 ) ;
#6597 = ORIENTED_EDGE ( 'NONE', *, *, #5419, .T. ) ;
ENDSEC;
END-ISO-10303-21;
