ISO-10303-21;
HEADER;
FILE_DESCRIPTION (( 'STEP AP214' ),
    '1' );
FILE_NAME ('Amplifier Mount.STEP',
    '2026-05-17T05:41:20',
    ( '' ),
    ( '' ),
    'SwSTEP 2.0',
    'SolidWorks 2025',
    '' );
FILE_SCHEMA (( 'AUTOMOTIVE_DESIGN' ));
ENDSEC;

DATA;
#1 = CARTESIAN_POINT ( 'NONE',  ( -12.75000000000000000, 8.939999999999999503, 4.000000000000000000 ) ) ;
#2 = CARTESIAN_POINT ( 'NONE',  ( 35.24000000000000199, 20.00000000000000000, 4.000000000000000000 ) ) ;
#3 = ORIENTED_EDGE ( 'NONE', *, *, #1896, .T. ) ;
#4 = CIRCLE ( 'NONE', #417, 2.099999999999987210 ) ;
#5 = CIRCLE ( 'NONE', #665, 0.7937499999999888534 ) ;
#6 = LINE ( 'NONE', #2917, #368 ) ;
#7 = CARTESIAN_POINT ( 'NONE',  ( 44.94253230950597100, -13.99256416898035127, 4.000000000000000000 ) ) ;
#8 = VERTEX_POINT ( 'NONE', #2550 ) ;
#9 = CARTESIAN_POINT ( 'NONE',  ( 10.24999999999999822, 8.939999999999999503, 4.000000000000000000 ) ) ;
#10 = VECTOR ( 'NONE', #2980, 1000.000000000000000 ) ;
#11 = LINE ( 'NONE', #2477, #2893 ) ;
#12 = DIRECTION ( 'NONE',  ( 1.000000000000000000, 0.000000000000000000, -0.000000000000000000 ) ) ;
#13 = SHAPE_DEFINITION_REPRESENTATION ( #2790, #2554 ) ;
#14 = VERTEX_POINT ( 'NONE', #387 ) ;
#15 = CARTESIAN_POINT ( 'NONE',  ( -19.23999999999999488, 12.50000000000000000, -4.000000000000000000 ) ) ;
#16 = CARTESIAN_POINT ( 'NONE',  ( 44.06046448002074101, -16.56518160026914188, 12.00000000000000178 ) ) ;
#17 = ORIENTED_EDGE ( 'NONE', *, *, #2413, .T. ) ;
#18 = DIRECTION ( 'NONE',  ( -1.000000000000000000, 0.000000000000000000, 0.000000000000000000 ) ) ;
#19 = AXIS2_PLACEMENT_3D ( 'NONE', #64, #790, #1749 ) ;
#20 = LINE ( 'NONE', #1413, #1355 ) ;
#21 = ADVANCED_FACE ( 'NONE', ( #1915 ), #1391, .F. ) ;
#22 = ORIENTED_EDGE ( 'NONE', *, *, #1531, .T. ) ;
#23 = AXIS2_PLACEMENT_3D ( 'NONE', #254, #578, #1507 ) ;
#24 = DIRECTION ( 'NONE',  ( 0.000000000000000000, 0.000000000000000000, 1.000000000000000000 ) ) ;
#25 = CARTESIAN_POINT ( 'NONE',  ( -24.23999999999999844, -12.50000000000000000, 12.00000000000000000 ) ) ;
#26 = CARTESIAN_POINT ( 'NONE',  ( 44.92783223522884128, -14.06138901333265068, 4.000000000000001776 ) ) ;
#27 = EDGE_CURVE ( 'NONE', #44, #495, #857, .T. ) ;
#28 = CARTESIAN_POINT ( 'NONE',  ( -44.90690799139886735, -14.15624141636936351, 3.999999999999998224 ) ) ;
#29 = ORIENTED_EDGE ( 'NONE', *, *, #2562, .T. ) ;
#30 = DIRECTION ( 'NONE',  ( -0.000000000000000000, -0.000000000000000000, -1.000000000000000000 ) ) ;
#31 = ORIENTED_EDGE ( 'NONE', *, *, #2399, .T. ) ;
#32 = CARTESIAN_POINT ( 'NONE',  ( -42.31106781186548460, -19.28308080163916216, 12.40000000000000036 ) ) ;
#33 = PLANE ( 'NONE',  #700 ) ;
#34 = ORIENTED_EDGE ( 'NONE', *, *, #2142, .T. ) ;
#35 = CYLINDRICAL_SURFACE ( 'NONE', #315, 6.120000000000000107 ) ;
#36 = VERTEX_POINT ( 'NONE', #2121 ) ;
#37 = CARTESIAN_POINT ( 'NONE',  ( 12.75000000000000000, -8.939999999999999503, 7.000000000000000000 ) ) ;
#38 = DIRECTION ( 'NONE',  ( -1.734723475976807094E-16, 1.000000000000000000, -0.000000000000000000 ) ) ;
#39 = CARTESIAN_POINT ( 'NONE',  ( 44.97100495659123709, -13.85365903176888303, 4.000000000000000000 ) ) ;
#40 = EDGE_CURVE ( 'NONE', #241, #753, #1659, .T. ) ;
#41 = DIRECTION ( 'NONE',  ( -1.000000000000000000, 0.000000000000000000, 0.000000000000000000 ) ) ;
#42 = CARTESIAN_POINT ( 'NONE',  ( -37.30801050586872236, -19.95355278941949351, 3.999999999999998224 ) ) ;
#43 = EDGE_LOOP ( 'NONE', ( #2084, #998, #2960, #1874 ) ) ;
#44 = VERTEX_POINT ( 'NONE', #1185 ) ;
#45 = FACE_OUTER_BOUND ( 'NONE', #1858, .T. ) ;
#46 = EDGE_CURVE ( 'NONE', #1343, #1928, #2139, .T. ) ;
#47 = ORIENTED_EDGE ( 'NONE', *, *, #1417, .F. ) ;
#48 = VERTEX_POINT ( 'NONE', #1690 ) ;
#49 = DIRECTION ( 'NONE',  ( -0.000000000000000000, -0.000000000000000000, -1.000000000000000000 ) ) ;
#50 = VERTEX_POINT ( 'NONE', #456 ) ;
#51 = DIRECTION ( 'NONE',  ( -0.000000000000000000, -0.000000000000000000, -1.000000000000000000 ) ) ;
#52 = CARTESIAN_POINT ( 'NONE',  ( 45.24000000000000199, 10.00000000000000178, 12.40000000000000036 ) ) ;
#53 = EDGE_LOOP ( 'NONE', ( #1699, #2249, #689, #2289 ) ) ;
#54 = LINE ( 'NONE', #1312, #1475 ) ;
#55 = CIRCLE ( 'NONE', #957, 6.799999999999993605 ) ;
#56 = VECTOR ( 'NONE', #1438, 1000.000000000000000 ) ;
#57 = CARTESIAN_POINT ( 'NONE',  ( 12.75000000000000000, -8.939999999999999503, 0.000000000000000000 ) ) ;
#58 = CARTESIAN_POINT ( 'NONE',  ( 37.49106673972917747, -19.94092098748629738, 4.000000000000000888 ) ) ;
#59 = AXIS2_PLACEMENT_3D ( 'NONE', #2802, #2235, #2255 ) ;
#60 = CARTESIAN_POINT ( 'NONE',  ( 12.75000000000000000, 8.939999999999999503, 4.000000000000000000 ) ) ;
#61 = CARTESIAN_POINT ( 'NONE',  ( -37.30039140696221267, -19.95403787778065308, 3.999999999999999112 ) ) ;
#62 = EDGE_CURVE ( 'NONE', #753, #241, #247, .T. ) ;
#63 = ORIENTED_EDGE ( 'NONE', *, *, #1400, .T. ) ;
#64 = CARTESIAN_POINT ( 'NONE',  ( -37.73999999999999488, 12.50000000000000000, 4.000000000000000000 ) ) ;
#65 = ORIENTED_EDGE ( 'NONE', *, *, #714, .F. ) ;
#66 = CARTESIAN_POINT ( 'NONE',  ( -42.31106781186548460, -19.28308080163916216, 6.533333333333333215 ) ) ;
#67 = EDGE_CURVE ( 'NONE', #1725, #1287, #2016, .T. ) ;
#68 = ORIENTED_EDGE ( 'NONE', *, *, #1295, .T. ) ;
#69 = DIRECTION ( 'NONE',  ( -0.000000000000000000, -0.000000000000000000, -1.000000000000000000 ) ) ;
#70 = AXIS2_PLACEMENT_3D ( 'NONE', #2736, #102, #1742 ) ;
#71 = CARTESIAN_POINT ( 'NONE',  ( -45.24000000000000199, -9.999999999999996447, 9.333333333333209580 ) ) ;
#72 = AXIS2_PLACEMENT_3D ( 'NONE', #2263, #1380, #1603 ) ;
#73 = CARTESIAN_POINT ( 'NONE',  ( -12.75000000000000178, 8.939999999999999503, 7.476933116353126074 ) ) ;
#74 = ORIENTED_EDGE ( 'NONE', *, *, #1857, .F. ) ;
#75 = VECTOR ( 'NONE', #1264, 1000.000000000000000 ) ;
#76 = CARTESIAN_POINT ( 'NONE',  ( -44.54604019390240666, -15.42519340112211523, 4.000000000000000000 ) ) ;
#77 = VERTEX_POINT ( 'NONE', #1201 ) ;
#78 = FACE_OUTER_BOUND ( 'NONE', #2001, .T. ) ;
#79 = ORIENTED_EDGE ( 'NONE', *, *, #3023, .T. ) ;
#80 = CARTESIAN_POINT ( 'NONE',  ( -45.24000000000000199, -10.00000000000000000, 12.40000000000000036 ) ) ;
#81 = CARTESIAN_POINT ( 'NONE',  ( 11.95625000000000426, -8.939999999999999503, 0.000000000000000000 ) ) ;
#82 = EDGE_CURVE ( 'NONE', #1092, #3065, #3121, .T. ) ;
#83 = ORIENTED_EDGE ( 'NONE', *, *, #1637, .F. ) ;
#84 = ADVANCED_FACE ( 'NONE', ( #2666 ), #1962, .T. ) ;
#85 = CARTESIAN_POINT ( 'NONE',  ( -35.23999999999999488, 20.00000000000000000, 12.00000000000000000 ) ) ;
#86 = CARTESIAN_POINT ( 'NONE',  ( 44.52308080163917481, 17.07106781186546840, 3.599999999999999201 ) ) ;
#87 = CARTESIAN_POINT ( 'NONE',  ( 36.92198051533947023, -20.00000000000000355, 12.40000000000000036 ) ) ;
#88 = PLANE ( 'NONE',  #2905 ) ;
#89 = EDGE_CURVE ( 'NONE', #826, #36, #1901, .T. ) ;
#90 = CARTESIAN_POINT ( 'NONE',  ( -10.24999999999999822, 8.939999999999999503, 0.8823085463760174108 ) ) ;
#91 = ORIENTED_EDGE ( 'NONE', *, *, #1716, .F. ) ;
#92 = CARTESIAN_POINT ( 'NONE',  ( 31.62000000000000810, 12.50000000000000000, 7.649999999999999467 ) ) ;
#93 = VERTEX_POINT ( 'NONE', #1678 ) ;
#94 = CARTESIAN_POINT ( 'NONE',  ( 13.54374999999999751, 8.939999999999999503, 7.000000000000000000 ) ) ;
#95 = CARTESIAN_POINT ( 'NONE',  ( 11.95625000000000071, -8.939999999999999503, 7.000000000000000000 ) ) ;
#96 = VERTEX_POINT ( 'NONE', #485 ) ;
#97 = DIRECTION ( 'NONE',  ( -1.000000000000000000, 0.000000000000000000, 0.000000000000000000 ) ) ;
#98 = VERTEX_POINT ( 'NONE', #2408 ) ;
#99 = CARTESIAN_POINT ( 'NONE',  ( -35.23999999999998778, 20.00000000000000000, 9.333333333333209580 ) ) ;
#100 = DIRECTION ( 'NONE',  ( 0.000000000000000000, -0.000000000000000000, -1.000000000000000000 ) ) ;
#101 = EDGE_CURVE ( 'NONE', #50, #1207, #2579, .T. ) ;
#102 = DIRECTION ( 'NONE',  ( -0.000000000000000000, -0.000000000000000000, -1.000000000000000000 ) ) ;
#103 = AXIS2_PLACEMENT_3D ( 'NONE', #426, #2801, #628 ) ;
#104 = DIRECTION ( 'NONE',  ( -1.000000000000000000, 0.000000000000000000, 0.000000000000000000 ) ) ;
#105 = CARTESIAN_POINT ( 'NONE',  ( -34.98999999999999488, 12.50000000000000000, 7.649999999999999467 ) ) ;
#106 = ORIENTED_EDGE ( 'NONE', *, *, #157, .T. ) ;
#107 = VECTOR ( 'NONE', #130, 1000.000000000000000 ) ;
#108 = VECTOR ( 'NONE', #2339, 1000.000000000000000 ) ;
#109 = CARTESIAN_POINT ( 'NONE',  ( -45.24000000000000199, -10.90523192552648268, 4.000000000000000000 ) ) ;
#110 = VERTEX_POINT ( 'NONE', #2424 ) ;
#111 = VECTOR ( 'NONE', #1797, 1000.000000000000000 ) ;
#112 = CYLINDRICAL_SURFACE ( 'NONE', #2806, 2.500000000000000444 ) ;
#113 = AXIS2_PLACEMENT_3D ( 'NONE', #828, #2009, #1296 ) ;
#114 = DIRECTION ( 'NONE',  ( -0.4999999999999946154, 0.000000000000000000, -0.8660254037844418162 ) ) ;
#115 = EDGE_LOOP ( 'NONE', ( #1687, #1925, #622, #678 ) ) ;
#116 = ORIENTED_EDGE ( 'NONE', *, *, #232, .F. ) ;
#117 = ORIENTED_EDGE ( 'NONE', *, *, #1927, .F. ) ;
#118 = DIRECTION ( 'NONE',  ( -1.000000000000000000, 0.000000000000000000, 0.000000000000000000 ) ) ;
#119 = CARTESIAN_POINT ( 'NONE',  ( -45.06705614454120479, 13.34175283896112063, 12.00000000000000000 ) ) ;
#120 = CARTESIAN_POINT ( 'NONE',  ( 37.74000000000000909, 12.50000000000000000, 4.000000000000000000 ) ) ;
#121 = ADVANCED_FACE ( 'NONE', ( #2575, #3028 ), #1124, .F. ) ;
#122 = DIRECTION ( 'NONE',  ( 0.000000000000000000, 0.000000000000000000, 1.000000000000000000 ) ) ;
#123 = PRESENTATION_LAYER_ASSIGNMENT (  '', '', ( #1831 ) ) ;
#124 = DIRECTION ( 'NONE',  ( -1.000000000000000000, 0.000000000000000000, 0.000000000000000000 ) ) ;
#125 = AXIS2_PLACEMENT_3D ( 'NONE', #1717, #2730, #18 ) ;
#126 = EDGE_CURVE ( 'NONE', #2366, #3071, #1640, .T. ) ;
#127 = ORIENTED_EDGE ( 'NONE', *, *, #1737, .F. ) ;
#128 = CARTESIAN_POINT ( 'NONE',  ( 35.24000000000000909, -20.00000000000000000, 12.00000000000000000 ) ) ;
#129 = CIRCLE ( 'NONE', #927, 4.299999999999975842 ) ;
#130 = DIRECTION ( 'NONE',  ( -0.000000000000000000, -0.000000000000000000, -1.000000000000000000 ) ) ;
#131 = ORIENTED_EDGE ( 'NONE', *, *, #486, .F. ) ;
#132 = EDGE_LOOP ( 'NONE', ( #17, #1196 ) ) ;
#133 = ORIENTED_EDGE ( 'NONE', *, *, #2395, .F. ) ;
#134 = B_SPLINE_SURFACE_WITH_KNOTS ( 'NONE', 5, 3, ( 
 ( #2761, #1088, #847, #3018 ),
 ( #2306, #1617, #2596, #1419 ),
 ( #897, #3078, #170, #1856 ),
 ( #2832, #1127, #2336, #3104 ),
 ( #2821, #1632, #441, #2136 ),
 ( #186, #2609, #2077, #645 ),
 ( #1402, #196, #429, #1602 ),
 ( #936, #412, #2106, #2392 ) ),
 .UNSPECIFIED., .F., .F., .F.,
 ( 6, 2, 6 ),
 ( 4, 4 ),
 ( 0.000000000000000000, 0.5000000000000000000, 1.000000000000000000 ),
 ( -0.0004000000000000000192, 0.008399999999999999481 ),
 .UNSPECIFIED. ) ;
#135 = CARTESIAN_POINT ( 'NONE',  ( -37.74000000000000199, -12.50000000000000000, 4.000000000000000000 ) ) ;
#136 = CARTESIAN_POINT ( 'NONE',  ( 38.22507565045389555, 19.87587079794956679, 4.000000000000000000 ) ) ;
#137 = DIRECTION ( 'NONE',  ( 0.000000000000000000, 0.000000000000000000, -1.000000000000000000 ) ) ;
#138 = CARTESIAN_POINT ( 'NONE',  ( -40.66519340114512460, 19.30604019390844428, 4.000000000000000000 ) ) ;
#139 = CARTESIAN_POINT ( 'NONE',  ( -13.54374999999999751, -8.939999999999999503, 7.000000000000000000 ) ) ;
#140 = ORIENTED_EDGE ( 'NONE', *, *, #2523, .T. ) ;
#141 = CARTESIAN_POINT ( 'NONE',  ( -22.14000000000000767, 12.50000000000000000, 12.00000000000000000 ) ) ;
#142 = EDGE_CURVE ( 'NONE', #1573, #2975, #749, .T. ) ;
#143 = CARTESIAN_POINT ( 'NONE',  ( -11.95625000000000959, -8.939999999999999503, -1.458095095234814963E-15 ) ) ;
#144 = ORIENTED_EDGE ( 'NONE', *, *, #641, .F. ) ;
#145 = CARTESIAN_POINT ( 'NONE',  ( 35.24000000000000909, -20.00000000000000000, 12.00000000000000000 ) ) ;
#146 = EDGE_LOOP ( 'NONE', ( #604, #2648 ) ) ;
#147 = CARTESIAN_POINT ( 'NONE',  ( -37.30976385835589326, 19.95344129893555518, 12.00000000000000178 ) ) ;
#148 = CARTESIAN_POINT ( 'NONE',  ( -37.34015981297798703, 19.95146049946919220, 3.999999999999999112 ) ) ;
#149 = FACE_OUTER_BOUND ( 'NONE', #3024, .T. ) ;
#150 = CARTESIAN_POINT ( 'NONE',  ( 15.25000000000000000, -8.939999999999999503, 0.8823085463760178548 ) ) ;
#151 = VECTOR ( 'NONE', #713, 1000.000000000000000 ) ;
#152 = CARTESIAN_POINT ( 'NONE',  ( -45.06705614452199882, -13.34175283904608911, 4.000000000000000000 ) ) ;
#153 = ORIENTED_EDGE ( 'NONE', *, *, #2067, .F. ) ;
#154 = VECTOR ( 'NONE', #2626, 1000.000000000000000 ) ;
#155 = CARTESIAN_POINT ( 'NONE',  ( -13.54374999999999396, 8.939999999999999503, 0.000000000000000000 ) ) ;
#156 = DIRECTION ( 'NONE',  ( -1.000000000000000000, 0.000000000000000000, 0.000000000000000000 ) ) ;
#157 = EDGE_CURVE ( 'NONE', #2366, #2205, #2415, .T. ) ;
#158 = AXIS2_PLACEMENT_3D ( 'NONE', #2273, #1335, #1054 ) ;
#159 = EDGE_LOOP ( 'NONE', ( #2500, #2428, #623, #2116 ) ) ;
#160 = CIRCLE ( 'NONE', #1616, 4.299999999999975842 ) ;
#161 = ORIENTED_EDGE ( 'NONE', *, *, #232, .T. ) ;
#162 = EDGE_LOOP ( 'NONE', ( #1657, #1956 ) ) ;
#163 = AXIS2_PLACEMENT_3D ( 'NONE', #2756, #2715, #1080 ) ;
#164 = EDGE_CURVE ( 'NONE', #8, #1940, #1200, .T. ) ;
#165 = CARTESIAN_POINT ( 'NONE',  ( -39.36377238429765413, 19.67416222299811324, 11.99999999999999822 ) ) ;
#166 = CARTESIAN_POINT ( 'NONE',  ( -44.91714171312143122, 14.11029180112792325, 4.000000000000000888 ) ) ;
#167 = CARTESIAN_POINT ( 'NONE',  ( -12.75000000000000000, -8.939999999999999503, 0.000000000000000000 ) ) ;
#168 = CYLINDRICAL_SURFACE ( 'NONE', #2376, 0.7937499999999940714 ) ;
#169 = VERTEX_POINT ( 'NONE', #3063 ) ;
#170 = CARTESIAN_POINT ( 'NONE',  ( -45.24000000000000199, 13.36396103067893115, 6.533333333333333215 ) ) ;
#171 = AXIS2_PLACEMENT_3D ( 'NONE', #233, #2382, #1173 ) ;
#172 = DIRECTION ( 'NONE',  ( 0.000000000000000000, -1.000000000000000000, 0.000000000000000000 ) ) ;
#173 = CARTESIAN_POINT ( 'NONE',  ( 38.58175283897659824, 19.82705614453343657, 11.99999999999999645 ) ) ;
#174 = CARTESIAN_POINT ( 'NONE',  ( 44.87083907881552136, 14.31201827459961784, 4.000000000000000888 ) ) ;
#175 = AXIS2_PLACEMENT_3D ( 'NONE', #2978, #2754, #2507 ) ;
#176 = VERTEX_POINT ( 'NONE', #1598 ) ;
#177 = AXIS2_PLACEMENT_3D ( 'NONE', #1625, #2034, #2841 ) ;
#178 = LINE ( 'NONE', #853, #1117 ) ;
#179 = VERTEX_POINT ( 'NONE', #2371 ) ;
#180 = CARTESIAN_POINT ( 'NONE',  ( -45.13956309201012118, 12.72864937534140850, 11.99999999999999822 ) ) ;
#181 = EDGE_CURVE ( 'NONE', #48, #1159, #2674, .T. ) ;
#182 = ADVANCED_FACE ( 'NONE', ( #1357 ), #2845, .F. ) ;
#183 = CARTESIAN_POINT ( 'NONE',  ( 24.23999999999999844, -12.50000000000000000, 4.000000000000000000 ) ) ;
#184 = CARTESIAN_POINT ( 'NONE',  ( 35.24000000000000909, -20.00000000000000000, 6.666666666666664298 ) ) ;
#185 = ORIENTED_EDGE ( 'NONE', *, *, #948, .F. ) ;
#186 = CARTESIAN_POINT ( 'NONE',  ( -38.60396103067893137, 20.00000000000000000, 12.40000000000000036 ) ) ;
#187 = ORIENTED_EDGE ( 'NONE', *, *, #1229, .T. ) ;
#188 = CARTESIAN_POINT ( 'NONE',  ( -40.48999999999999488, 12.50000000000000000, 4.000000000000000000 ) ) ;
#189 = CARTESIAN_POINT ( 'NONE',  ( 37.40999004729965804, 19.94672877713986026, 12.00000000000000178 ) ) ;
#190 = CARTESIAN_POINT ( 'NONE',  ( -12.75000000000000000, -8.939999999999999503, 4.000000000000000000 ) ) ;
#191 = ORIENTED_EDGE ( 'NONE', *, *, #3095, .T. ) ;
#192 = CARTESIAN_POINT ( 'NONE',  ( -45.19403787778065151, -12.06039140696701573, 12.00000000000000000 ) ) ;
#193 = CARTESIAN_POINT ( 'NONE',  ( -37.74000000000000199, -12.50000000000000000, 4.000000000000000000 ) ) ;
#194 = CARTESIAN_POINT ( 'NONE',  ( -12.75000000000000000, 8.939999999999999503, 0.000000000000000000 ) ) ;
#195 = ADVANCED_FACE ( 'NONE', ( #3087, #149 ), #1822, .F. ) ;
#196 = CARTESIAN_POINT ( 'NONE',  ( -36.92198051533946312, 20.00000000000000000, 9.466666666668894337 ) ) ;
#197 = ADVANCED_FACE ( 'NONE', ( #1146 ), #2331, .F. ) ;
#198 = AXIS2_PLACEMENT_3D ( 'NONE', #1397, #448, #1869 ) ;
#199 = CARTESIAN_POINT ( 'NONE',  ( 40.04231452336249220, 19.50307725554428373, 12.00000000000000178 ) ) ;
#200 = VECTOR ( 'NONE', #2553, 1000.000000000000000 ) ;
#201 = FILL_AREA_STYLE ('',( #1904 ) ) ;
#202 = B_SPLINE_CURVE_WITH_KNOTS ( 'NONE', 3,
 ( #541, #1471, #1488, #1267 ),
 .UNSPECIFIED., .F., .F.,
 ( 4, 4 ),
 ( 0.000000000000000000, 1.000000000000000000 ),
 .UNSPECIFIED. ) ;
#203 = AXIS2_PLACEMENT_3D ( 'NONE', #2120, #2092, #3090 ) ;
#204 = DIRECTION ( 'NONE',  ( -1.000000000000000000, 0.000000000000000000, 0.000000000000000000 ) ) ;
#205 = ORIENTED_EDGE ( 'NONE', *, *, #469, .T. ) ;
#206 = CARTESIAN_POINT ( 'NONE',  ( -39.40828895011422617, -19.66418943054394575, 12.00000000000000355 ) ) ;
#207 = VECTOR ( 'NONE', #449, 1000.000000000000000 ) ;
#208 = CARTESIAN_POINT ( 'NONE',  ( 12.75000000000000000, 8.939999999999999503, 4.000000000000000000 ) ) ;
#209 = ORIENTED_EDGE ( 'NONE', *, *, #366, .F. ) ;
#210 = AXIS2_PLACEMENT_3D ( 'NONE', #1514, #69, #2771 ) ;
#211 = FACE_OUTER_BOUND ( 'NONE', #1230, .T. ) ;
#212 = EDGE_LOOP ( 'NONE', ( #1238, #2461, #1290, #2662 ) ) ;
#213 = EDGE_CURVE ( 'NONE', #347, #2412, #2272, .T. ) ;
#214 = CARTESIAN_POINT ( 'NONE',  ( -45.24000000000000199, 10.00000000000000000, 12.00000000000000000 ) ) ;
#215 = CARTESIAN_POINT ( 'NONE',  ( 44.91416222299793048, -14.12377238429799142, 4.000000000000000000 ) ) ;
#216 = DIRECTION ( 'NONE',  ( -0.000000000000000000, -0.000000000000000000, -1.000000000000000000 ) ) ;
#217 = CARTESIAN_POINT ( 'NONE',  ( -40.48999999999999488, 12.50000000000000000, 7.649999999999999467 ) ) ;
#218 = B_SPLINE_CURVE_WITH_KNOTS ( 'NONE', 3,
 ( #2719, #2233, #71, #1776 ),
 .UNSPECIFIED., .F., .F.,
 ( 4, 4 ),
 ( 0.000000000000000000, 1.000000000000000000 ),
 .UNSPECIFIED. ) ;
#219 = EDGE_CURVE ( 'NONE', #1768, #2147, #55, .T. ) ;
#220 = CARTESIAN_POINT ( 'NONE',  ( 44.94253230949988165, 13.99256416902461275, 12.00000000000000178 ) ) ;
#221 = VECTOR ( 'NONE', #543, 1000.000000000000000 ) ;
#222 = CARTESIAN_POINT ( 'NONE',  ( 0.000000000000000000, 0.000000000000000000, 0.000000000000000000 ) ) ;
#223 = CYLINDRICAL_SURFACE ( 'NONE', #171, 2.750000000000002665 ) ;
#224 = CARTESIAN_POINT ( 'NONE',  ( 37.30976385835543851, -19.95344129893560847, 12.00000000000000000 ) ) ;
#225 = ORIENTED_EDGE ( 'NONE', *, *, #1027, .F. ) ;
#226 = CARTESIAN_POINT ( 'NONE',  ( 37.74000000000000909, -12.50000000000000000, 4.000000000000000000 ) ) ;
#227 = DIRECTION ( 'NONE',  ( 0.4999999999999947820, 0.000000000000000000, 0.8660254037844415942 ) ) ;
#228 = CARTESIAN_POINT ( 'NONE',  ( 11.95625000000000071, 8.939999999999999503, 7.000000000000000000 ) ) ;
#229 = CARTESIAN_POINT ( 'NONE',  ( 15.25000000000000000, 8.939999999999999503, 4.000000000000000000 ) ) ;
#230 = CARTESIAN_POINT ( 'NONE',  ( 37.74000000000000909, -12.50000000000000000, 12.00000000000000000 ) ) ;
#231 = CARTESIAN_POINT ( 'NONE',  ( 34.99000000000001620, 12.50000000000000000, 12.00000000000000000 ) ) ;
#232 = EDGE_CURVE ( 'NONE', #1177, #1011, #1868, .T. ) ;
#233 = CARTESIAN_POINT ( 'NONE',  ( 37.74000000000000909, -12.50000000000000000, 4.000000000000000000 ) ) ;
#234 = CARTESIAN_POINT ( 'NONE',  ( 44.83015808753433618, -14.47765388993867042, 11.99999999999999822 ) ) ;
#235 = ORIENTED_EDGE ( 'NONE', *, *, #2377, .F. ) ;
#236 = CARTESIAN_POINT ( 'NONE',  ( -44.94253230949620814, -13.99256416904875699, 11.99999999999999645 ) ) ;
#237 = EDGE_CURVE ( 'NONE', #760, #2769, #2219, .T. ) ;
#238 = DIRECTION ( 'NONE',  ( 1.000000000000000000, 0.000000000000000000, 0.000000000000000000 ) ) ;
#239 = FACE_BOUND ( 'NONE', #162, .T. ) ;
#240 = ORIENTED_EDGE ( 'NONE', *, *, #1295, .F. ) ;
#241 = VERTEX_POINT ( 'NONE', #1840 ) ;
#242 = LINE ( 'NONE', #985, #911 ) ;
#243 = CARTESIAN_POINT ( 'NONE',  ( 17.44000000000000483, 12.50000000000000000, 4.000000000000000000 ) ) ;
#244 = CARTESIAN_POINT ( 'NONE',  ( -12.75000000000000000, 8.939999999999999503, 0.8823085463760174108 ) ) ;
#245 = CARTESIAN_POINT ( 'NONE',  ( -37.28892476724433891, -19.95476264562734059, 4.000000000000000000 ) ) ;
#246 = CARTESIAN_POINT ( 'NONE',  ( 45.13956309200070649, 12.72864937538208707, 4.000000000000000000 ) ) ;
#247 = CIRCLE ( 'NONE', #304, 2.749999999999995559 ) ;
#248 = CARTESIAN_POINT ( 'NONE',  ( 24.23999999999999844, 12.50000000000000000, -4.000000000000000000 ) ) ;
#249 = ADVANCED_FACE ( 'NONE', ( #1110 ), #2072, .F. ) ;
#250 = AXIS2_PLACEMENT_3D ( 'NONE', #2914, #1179, #1908 ) ;
#251 = EDGE_LOOP ( 'NONE', ( #1249, #595, #2943, #2447 ) ) ;
#252 = CARTESIAN_POINT ( 'NONE',  ( -43.95086312245815918, -16.89211511380653263, 11.99999999999999822 ) ) ;
#253 = CONICAL_SURFACE ( 'NONE', #414, 4.299999999999975842, 0.5235987755982924874 ) ;
#254 = CARTESIAN_POINT ( 'NONE',  ( 12.75000000000000000, 8.939999999999999503, 0.000000000000000000 ) ) ;
#255 = DIRECTION ( 'NONE',  ( -0.000000000000000000, -0.000000000000000000, -1.000000000000000000 ) ) ;
#256 = EDGE_CURVE ( 'NONE', #2018, #1352, #2325, .T. ) ;
#257 = ORIENTED_EDGE ( 'NONE', *, *, #967, .F. ) ;
#258 = AXIS2_PLACEMENT_3D ( 'NONE', #2270, #122, #1069 ) ;
#259 = AXIS2_PLACEMENT_3D ( 'NONE', #2936, #520, #1964 ) ;
#260 = CARTESIAN_POINT ( 'NONE',  ( 12.75000000000000000, -8.939999999999999503, 7.000000000000000000 ) ) ;
#261 = DIRECTION ( 'NONE',  ( -1.000000000000000000, 0.000000000000000000, 0.000000000000000000 ) ) ;
#262 = ORIENTED_EDGE ( 'NONE', *, *, #1187, .F. ) ;
#263 = CARTESIAN_POINT ( 'NONE',  ( -44.90009882397210106, -14.18634549493426356, 4.000000000000001776 ) ) ;
#264 = CARTESIAN_POINT ( 'NONE',  ( 45.24000000000000199, 10.90523192547333053, 4.000000000000000000 ) ) ;
#265 = FACE_OUTER_BOUND ( 'NONE', #549, .T. ) ;
#266 = CARTESIAN_POINT ( 'NONE',  ( 42.13211511379466856, -18.71086312247584260, 11.99999999999999822 ) ) ;
#267 = ORIENTED_EDGE ( 'NONE', *, *, #1002, .T. ) ;
#268 = CARTESIAN_POINT ( 'NONE',  ( 37.74000000000000909, 12.50000000000000000, 7.649999999999999467 ) ) ;
#269 = COLOUR_RGB ( '',0.7921568627450980005, 0.8196078431372548767, 0.9333333333333333481 ) ;
#270 = CARTESIAN_POINT ( 'NONE',  ( 12.75000000000000000, -8.939999999999999503, 0.000000000000000000 ) ) ;
#271 = ORIENTED_EDGE ( 'NONE', *, *, #2317, .T. ) ;
#272 = CIRCLE ( 'NONE', #2444, 2.750000000000002665 ) ;
#273 = EDGE_LOOP ( 'NONE', ( #1763, #465, #2145, #1715 ) ) ;
#274 = ADVANCED_FACE ( 'NONE', ( #2818 ), #2856, .T. ) ;
#275 = DIRECTION ( 'NONE',  ( -1.000000000000000000, 0.000000000000000000, 0.000000000000000000 ) ) ;
#276 = VECTOR ( 'NONE', #1945, 1000.000000000000000 ) ;
#277 = EDGE_CURVE ( 'NONE', #1951, #294, #991, .T. ) ;
#278 = CARTESIAN_POINT ( 'NONE',  ( -31.61999999999999389, 12.50000000000000000, 7.649999999999999467 ) ) ;
#279 = DIRECTION ( 'NONE',  ( 0.000000000000000000, 0.000000000000000000, -1.000000000000000000 ) ) ;
#280 = CARTESIAN_POINT ( 'NONE',  ( 41.80518160032794128, -18.82046447999796968, 4.000000000000000888 ) ) ;
#281 = DIRECTION ( 'NONE',  ( -0.000000000000000000, -0.000000000000000000, -1.000000000000000000 ) ) ;
#282 = CARTESIAN_POINT ( 'NONE',  ( -36.28637787547627624, -19.99413310454541559, 4.000000000000001776 ) ) ;
#283 = CARTESIAN_POINT ( 'NONE',  ( 31.03999999999999204, -12.50000000000000000, 4.000000000000000000 ) ) ;
#284 = CARTESIAN_POINT ( 'NONE',  ( 45.22407550389050357, -11.60139546404355215, 12.00000000000000355 ) ) ;
#285 = ORIENTED_EDGE ( 'NONE', *, *, #907, .F. ) ;
#286 = CARTESIAN_POINT ( 'NONE',  ( -35.24000000000000199, -20.00000000000000000, 9.466666666668894337 ) ) ;
#287 = EDGE_LOOP ( 'NONE', ( #1102, #1305, #2107, #391 ) ) ;
#288 = VERTEX_POINT ( 'NONE', #2434 ) ;
#289 = DIRECTION ( 'NONE',  ( -1.000000000000000000, 0.000000000000000000, 0.000000000000000000 ) ) ;
#290 = FACE_OUTER_BOUND ( 'NONE', #332, .T. ) ;
#291 = ADVANCED_FACE ( 'NONE', ( #805 ), #2741, .T. ) ;
#292 = CARTESIAN_POINT ( 'NONE',  ( -37.73999999999999488, 12.50000000000000000, 4.000000000000000000 ) ) ;
#293 = CARTESIAN_POINT ( 'NONE',  ( 37.33229604674584579, -19.95197769141978483, 3.999999999999999112 ) ) ;
#294 = VERTEX_POINT ( 'NONE', #1686 ) ;
#295 = CARTESIAN_POINT ( 'NONE',  ( 26.33999999999998565, 12.50000000000000000, -4.000000000000000888 ) ) ;
#296 = CARTESIAN_POINT ( 'NONE',  ( -37.20679671267249233, -19.95969565049688654, 4.000000000000000888 ) ) ;
#297 = ORIENTED_EDGE ( 'NONE', *, *, #312, .T. ) ;
#298 = ADVANCED_FACE ( 'NONE', ( #239, #738 ), #2749, .F. ) ;
#299 = ORIENTED_EDGE ( 'NONE', *, *, #816, .T. ) ;
#300 = DIRECTION ( 'NONE',  ( 1.000000000000000000, 0.000000000000000000, 0.000000000000000000 ) ) ;
#301 = VERTEX_POINT ( 'NONE', #512 ) ;
#302 = EDGE_LOOP ( 'NONE', ( #1570, #2245 ) ) ;
#303 = CARTESIAN_POINT ( 'NONE',  ( -45.24000000000000199, -13.36396103067893115, 12.40000000000000036 ) ) ;
#304 = AXIS2_PLACEMENT_3D ( 'NONE', #2151, #216, #2892 ) ;
#305 = EDGE_LOOP ( 'NONE', ( #1107, #1987 ) ) ;
#306 = CARTESIAN_POINT ( 'NONE',  ( -35.23999999999998778, 20.00000000000000000, 6.666666666666664298 ) ) ;
#307 = ORIENTED_EDGE ( 'NONE', *, *, #1500, .F. ) ;
#308 = DIRECTION ( 'NONE',  ( -0.000000000000000000, -0.000000000000000000, 1.000000000000000000 ) ) ;
#309 = VECTOR ( 'NONE', #1161, 1000.000000000000000 ) ;
#310 = AXIS2_PLACEMENT_3D ( 'NONE', #697, #1662, #3050 ) ;
#311 = CARTESIAN_POINT ( 'NONE',  ( -26.33999999999998565, -12.50000000000000000, -4.000000000000000888 ) ) ;
#312 = EDGE_CURVE ( 'NONE', #1377, #1079, #2901, .T. ) ;
#313 = CIRCLE ( 'NONE', #706, 2.500000000000000444 ) ;
#314 = CARTESIAN_POINT ( 'NONE',  ( -39.09365903182646917, -19.73100495658349374, 4.000000000000000000 ) ) ;
#315 = AXIS2_PLACEMENT_3D ( 'NONE', #996, #2627, #467 ) ;
#316 = VERTEX_POINT ( 'NONE', #1227 ) ;
#317 = DIRECTION ( 'NONE',  ( -0.000000000000000000, -0.000000000000000000, -1.000000000000000000 ) ) ;
#318 = EDGE_CURVE ( 'NONE', #2650, #1735, #692, .T. ) ;
#319 = CARTESIAN_POINT ( 'NONE',  ( 39.36004919266963498, 19.67498649408987887, 3.999999999999999112 ) ) ;
#320 = EDGE_LOOP ( 'NONE', ( #1114, #2658, #2726, #361 ) ) ;
#321 = EDGE_LOOP ( 'NONE', ( #1936, #2805, #1554, #1164 ) ) ;
#322 = DIRECTION ( 'NONE',  ( -1.000000000000000000, 0.000000000000000000, 0.000000000000000000 ) ) ;
#323 = CARTESIAN_POINT ( 'NONE',  ( 37.74000000000000909, 12.50000000000000000, 7.649999999999999467 ) ) ;
#324 = ORIENTED_EDGE ( 'NONE', *, *, #1713, .T. ) ;
#325 = PRODUCT_DEFINITION_CONTEXT ( 'detailed design', #1003, 'design' ) ;
#326 = LINE ( 'NONE', #547, #2335 ) ;
#327 = CARTESIAN_POINT ( 'NONE',  ( 45.24000000000000199, 11.68198051533946469, 9.466666666668894337 ) ) ;
#328 = AXIS2_PLACEMENT_3D ( 'NONE', #1076, #804, #2940 ) ;
#329 = CARTESIAN_POINT ( 'NONE',  ( 24.23999999999999844, 12.50000000000000000, -4.000000000000000888 ) ) ;
#330 = VECTOR ( 'NONE', #1941, 1000.000000000000000 ) ;
#331 = CARTESIAN_POINT ( 'NONE',  ( 12.75000000000000000, -8.939999999999999503, 7.000000000000000000 ) ) ;
#332 = EDGE_LOOP ( 'NONE', ( #1533, #2717, #225, #1626 ) ) ;
#333 = VECTOR ( 'NONE', #2078, 1000.000000000000000 ) ;
#334 = CARTESIAN_POINT ( 'NONE',  ( -45.22407550389051778, -11.60139546415062384, 4.000000000000000000 ) ) ;
#335 = EDGE_LOOP ( 'NONE', ( #2156, #1722, #978 ) ) ;
#336 = DIRECTION ( 'NONE',  ( -1.000000000000000000, 0.000000000000000000, 0.000000000000000000 ) ) ;
#337 = B_SPLINE_SURFACE_WITH_KNOTS ( 'NONE', 5, 3, ( 
 ( #1944, #921, #740, #683 ),
 ( #451, #2375, #1165, #2135 ),
 ( #2872, #696, #1658, #1416 ),
 ( #1996, #813, #1484, #2999 ),
 ( #1018, #565, #2511, #2966 ),
 ( #2252, #1537, #1700, #1498 ),
 ( #87, #1957, #1049, #2758 ),
 ( #2438, #784, #2950, #2677 ) ),
 .UNSPECIFIED., .F., .F., .F.,
 ( 6, 2, 6 ),
 ( 4, 4 ),
 ( 0.000000000000000000, 0.5000000000000000000, 1.000000000000000000 ),
 ( -0.0004000000000000000192, 0.008399999999999999481 ),
 .UNSPECIFIED. ) ;
#338 = CARTESIAN_POINT ( 'NONE',  ( 12.75000000000000000, -8.939999999999999503, 0.8823085463760178548 ) ) ;
#339 = ADVANCED_FACE ( 'NONE', ( #722 ), #33, .F. ) ;
#340 = ORIENTED_EDGE ( 'NONE', *, *, #729, .F. ) ;
#341 = VERTEX_POINT ( 'NONE', #574 ) ;
#342 = CARTESIAN_POINT ( 'NONE',  ( 13.54374999999999751, -8.939999999999999503, 7.000000000000000000 ) ) ;
#343 = LINE ( 'NONE', #1292, #389 ) ;
#344 = VERTEX_POINT ( 'NONE', #2159 ) ;
#345 = FACE_OUTER_BOUND ( 'NONE', #1494, .T. ) ;
#346 = CARTESIAN_POINT ( 'NONE',  ( 38.60396103067893137, 20.00000000000000000, 6.533333333333333215 ) ) ;
#347 = VERTEX_POINT ( 'NONE', #2403 ) ;
#348 = DIRECTION ( 'NONE',  ( -1.000000000000000000, 0.000000000000000000, 0.000000000000000000 ) ) ;
#349 = CARTESIAN_POINT ( 'NONE',  ( -44.91498649408993771, 14.12004919266946601, 3.999999999999999112 ) ) ;
#350 = DIRECTION ( 'NONE',  ( 0.000000000000000000, 1.000000000000000000, 0.000000000000000000 ) ) ;
#351 = CARTESIAN_POINT ( 'NONE',  ( 37.65195190759488497, -19.92837524281335249, 4.000000000000000000 ) ) ;
#352 = DIRECTION ( 'NONE',  ( -1.000000000000000000, 0.000000000000000000, 0.000000000000000000 ) ) ;
#353 = ORIENTED_EDGE ( 'NONE', *, *, #553, .F. ) ;
#354 = DIRECTION ( 'NONE',  ( -0.000000000000000000, -0.000000000000000000, -1.000000000000000000 ) ) ;
#355 = ORIENTED_EDGE ( 'NONE', *, *, #2399, .F. ) ;
#356 = FACE_OUTER_BOUND ( 'NONE', #1031, .T. ) ;
#357 = CARTESIAN_POINT ( 'NONE',  ( -19.23999999999999488, -12.50000000000000000, 0.8823085463759948732 ) ) ;
#358 = VERTEX_POINT ( 'NONE', #3115 ) ;
#359 = EDGE_LOOP ( 'NONE', ( #2098, #2948, #1600, #478 ) ) ;
#360 = EDGE_CURVE ( 'NONE', #723, #3116, #2884, .T. ) ;
#361 = ORIENTED_EDGE ( 'NONE', *, *, #2462, .T. ) ;
#362 = UNCERTAINTY_MEASURE_WITH_UNIT (LENGTH_MEASURE( 1.000000000000000082E-05 ), #2155, 'distance_accuracy_value', 'NONE');
#363 = FACE_BOUND ( 'NONE', #2384, .T. ) ;
#364 = CARTESIAN_POINT ( 'NONE',  ( -38.81082696343220562, 19.78424024487025790, 12.00000000000000355 ) ) ;
#365 = CARTESIAN_POINT ( 'NONE',  ( -45.11587079795264543, 12.98507565044490164, 4.000000000000000000 ) ) ;
#366 = EDGE_CURVE ( 'NONE', #2205, #723, #1527, .T. ) ;
#367 = DIRECTION ( 'NONE',  ( -1.000000000000000000, 0.000000000000000000, 0.000000000000000000 ) ) ;
#368 = VECTOR ( 'NONE', #2163, 1000.000000000000000 ) ;
#369 = CARTESIAN_POINT ( 'NONE',  ( -15.25000000000000000, -8.939999999999999503, 0.8823085463760174108 ) ) ;
#370 = CARTESIAN_POINT ( 'NONE',  ( 24.23999999999999844, -12.50000000000000000, -4.000000000000000888 ) ) ;
#371 = ORIENTED_EDGE ( 'NONE', *, *, #1601, .T. ) ;
#372 = VECTOR ( 'NONE', #2891, 1000.000000000000000 ) ;
#373 = VECTOR ( 'NONE', #1281, 1000.000000000000000 ) ;
#374 = LINE ( 'NONE', #2051, #200 ) ;
#375 = ORIENTED_EDGE ( 'NONE', *, *, #1691, .F. ) ;
#376 = ORIENTED_EDGE ( 'NONE', *, *, #2764, .T. ) ;
#377 = DIRECTION ( 'NONE',  ( -1.000000000000000000, 0.000000000000000000, 0.000000000000000000 ) ) ;
#378 = CARTESIAN_POINT ( 'NONE',  ( 37.26190333506573182, 19.95643371773761743, 4.000000000000000888 ) ) ;
#379 = CARTESIAN_POINT ( 'NONE',  ( -44.90009882397190921, 14.18634549493489239, 11.99999999999999822 ) ) ;
#380 = CARTESIAN_POINT ( 'NONE',  ( -45.19344129893553230, 12.06976385835602272, 4.000000000000000000 ) ) ;
#381 = DIRECTION ( 'NONE',  ( -0.000000000000000000, -0.000000000000000000, -1.000000000000000000 ) ) ;
#382 = EDGE_CURVE ( 'NONE', #241, #1753, #1210, .T. ) ;
#383 = ORIENTED_EDGE ( 'NONE', *, *, #1622, .F. ) ;
#384 = CIRCLE ( 'NONE', #2947, 0.7937499999999888534 ) ;
#385 = FACE_OUTER_BOUND ( 'NONE', #965, .T. ) ;
#386 = AXIS2_PLACEMENT_3D ( 'NONE', #1430, #917, #1671 ) ;
#387 = CARTESIAN_POINT ( 'NONE',  ( 40.49000000000000199, 12.50000000000000000, 12.00000000000000000 ) ) ;
#388 = PRODUCT_RELATED_PRODUCT_CATEGORY ( 'part', '', ( #1540 ) ) ;
#389 = VECTOR ( 'NONE', #1364, 1000.000000000000000 ) ;
#390 = DIRECTION ( 'NONE',  ( -0.4999999999999947820, 6.123233995736701941E-17, 0.8660254037844415942 ) ) ;
#391 = ORIENTED_EDGE ( 'NONE', *, *, #1268, .T. ) ;
#392 = CYLINDRICAL_SURFACE ( 'NONE', #1777, 6.120000000000000107 ) ;
#393 = CARTESIAN_POINT ( 'NONE',  ( -39.30138901335102020, 19.68783223522629910, 11.99999999999999822 ) ) ;
#394 = CARTESIAN_POINT ( 'NONE',  ( -45.02424024487217480, 13.57082696342153127, 4.000000000000000000 ) ) ;
#395 = DIRECTION ( 'NONE',  ( 0.000000000000000000, 0.000000000000000000, 1.000000000000000000 ) ) ;
#396 = FACE_OUTER_BOUND ( 'NONE', #572, .T. ) ;
#397 = EDGE_CURVE ( 'NONE', #2945, #890, #1112, .T. ) ;
#398 = CARTESIAN_POINT ( 'NONE',  ( -45.18092098748361707, -12.25106673974544158, 4.000000000000000888 ) ) ;
#399 = B_SPLINE_CURVE_WITH_KNOTS ( 'NONE', 3,
 ( #2381, #1129, #1406, #1664, #2850, #1635, #1425, #3069, #1891, #1142, #913, #2836, #2611, #1902, #686, #220, #900, #443, #2621, #2365, #1860, #2109, #3081, #956, #1366, #433, #199, #663, #1381, #1171, #2356, #1620, #2598, #2396, #3120, #173, #1153, #2861, #1186, #189, #1646, #457, #1877, #2140, #1917, #2876, #699 ),
 .UNSPECIFIED., .F., .F.,
 ( 4, 1, 1, 1, 1, 1, 1, 2, 2, 1, 1, 1, 1, 1, 1, 2, 2, 2, 1, 1, 1, 1, 1, 1, 1, 2, 2, 1, 1, 1, 1, 1, 1, 2, 2, 4 ),
 ( 0.000000000000000000, 0.06249999999998176459, 0.09374999999997264688, 0.1093749999999680672, 0.1171874999999655137, 0.1210937499999642925, 0.1230468749999636263, 0.1240234374999631406, 0.1249999999999626410, 0.1874999999999334421, 0.2187499999999190925, 0.2343749999999118483, 0.2421874999999081013, 0.2460937499999063804, 0.2480468749999055200, 0.2490234374999052425, 0.2499999999999049927, 0.4999999999998394618, 0.6249999999998072653, 0.6874999999997916111, 0.7187499999997832845, 0.7343749999997786215, 0.7421874999997768452, 0.7460937499997752909, 0.7480468749997746247, 0.7490234374997748468, 0.7499999999997749578, 0.8124999999997906119, 0.8437499999997990496, 0.8593749999998026023, 0.8671874999998043787, 0.8710937499998047118, 0.8730468749998048228, 0.8740234374998048228, 0.8749999999998048228, 1.000000000000000000 ),
 .UNSPECIFIED. ) ;
#400 = LINE ( 'NONE', #1128, #3099 ) ;
#401 = EDGE_CURVE ( 'NONE', #2711, #1192, #2370, .T. ) ;
#402 = DIRECTION ( 'NONE',  ( 0.000000000000000000, 0.000000000000000000, -1.000000000000000000 ) ) ;
#403 = ORIENTED_EDGE ( 'NONE', *, *, #594, .F. ) ;
#404 = ORIENTED_EDGE ( 'NONE', *, *, #569, .T. ) ;
#405 = CARTESIAN_POINT ( 'NONE',  ( -45.24000000000000199, 10.00000000000000000, 12.00000000000000000 ) ) ;
#406 = DIRECTION ( 'NONE',  ( -1.000000000000000000, 0.000000000000000000, 0.000000000000000000 ) ) ;
#407 = DIRECTION ( 'NONE',  ( -0.000000000000000000, -0.000000000000000000, -1.000000000000000000 ) ) ;
#408 = DIRECTION ( 'NONE',  ( -0.000000000000000000, -0.000000000000000000, -1.000000000000000000 ) ) ;
#409 = B_SPLINE_CURVE_WITH_KNOTS ( 'NONE', 3,
 ( #533, #564, #1481, #1977 ),
 .UNSPECIFIED., .F., .F.,
 ( 4, 4 ),
 ( 0.000000000000000000, 1.000000000000000000 ),
 .UNSPECIFIED. ) ;
#410 = AXIS2_PLACEMENT_3D ( 'NONE', #2593, #407, #3075 ) ;
#411 = AXIS2_PLACEMENT_3D ( 'NONE', #840, #1351, #156 ) ;
#412 = CARTESIAN_POINT ( 'NONE',  ( -35.24000000000000199, 20.00000000000000000, 9.466666666668894337 ) ) ;
#413 = EDGE_LOOP ( 'NONE', ( #2796, #3084 ) ) ;
#414 = AXIS2_PLACEMENT_3D ( 'NONE', #1390, #2351, #1139 ) ;
#415 = DIRECTION ( 'NONE',  ( 0.000000000000000000, 1.000000000000000000, 0.000000000000000000 ) ) ;
#416 = DIRECTION ( 'NONE',  ( -0.000000000000000000, -0.000000000000000000, -1.000000000000000000 ) ) ;
#417 = AXIS2_PLACEMENT_3D ( 'NONE', #2409, #2667, #2686 ) ;
#418 = EDGE_CURVE ( 'NONE', #2995, #1011, #932, .T. ) ;
#419 = EDGE_CURVE ( 'NONE', #1863, #1079, #2064, .T. ) ;
#420 = VERTEX_POINT ( 'NONE', #2646 ) ;
#421 = ORIENTED_EDGE ( 'NONE', *, *, #312, .F. ) ;
#422 = AXIS2_PLACEMENT_3D ( 'NONE', #669, #1958, #3106 ) ;
#423 = CARTESIAN_POINT ( 'NONE',  ( -39.36004919266971314, 19.67498649408988243, 11.99999999999999645 ) ) ;
#424 = EDGE_CURVE ( 'NONE', #176, #890, #20, .T. ) ;
#425 = DIRECTION ( 'NONE',  ( 0.000000000000000000, 0.000000000000000000, -1.000000000000000000 ) ) ;
#426 = CARTESIAN_POINT ( 'NONE',  ( 40.49000000000000909, -12.50000000000000000, 7.649999999999999467 ) ) ;
#427 = DIRECTION ( 'NONE',  ( -0.000000000000000000, -0.000000000000000000, -1.000000000000000000 ) ) ;
#428 = ORIENTED_EDGE ( 'NONE', *, *, #2918, .F. ) ;
#429 = CARTESIAN_POINT ( 'NONE',  ( -36.92198051533946312, 20.00000000000000000, 6.533333333333333215 ) ) ;
#430 = ORIENTED_EDGE ( 'NONE', *, *, #2433, .T. ) ;
#431 = AXIS2_PLACEMENT_3D ( 'NONE', #248, #1893, #3109 ) ;
#432 = DIRECTION ( 'NONE',  ( -1.000000000000000000, 0.000000000000000000, 0.000000000000000000 ) ) ;
#433 = CARTESIAN_POINT ( 'NONE',  ( 40.66519340111732106, 19.30604019391106263, 12.00000000000000000 ) ) ;
#434 = AXIS2_PLACEMENT_3D ( 'NONE', #3025, #1578, #2815 ) ;
#435 = ADVANCED_FACE ( 'NONE', ( #1942 ), #2789, .T. ) ;
#436 = ORIENTED_EDGE ( 'NONE', *, *, #3095, .F. ) ;
#437 = CARTESIAN_POINT ( 'NONE',  ( -45.11587079792918331, -12.98507565059934343, 11.99999999999999645 ) ) ;
#438 = DIRECTION ( 'NONE',  ( -1.000000000000000000, 0.000000000000000000, 0.000000000000000000 ) ) ;
#439 = EDGE_CURVE ( 'NONE', #14, #1459, #374, .T. ) ;
#440 = CARTESIAN_POINT ( 'NONE',  ( -29.24000000000000199, 12.50000000000000000, 0.8823085463759948732 ) ) ;
#441 = CARTESIAN_POINT ( 'NONE',  ( -42.31106781186548460, 19.28308080163916216, 6.533333333333333215 ) ) ;
#442 = ORIENTED_EDGE ( 'NONE', *, *, #608, .T. ) ;
#443 = CARTESIAN_POINT ( 'NONE',  ( 44.92036626040503222, 14.09564450445705930, 12.00000000000000000 ) ) ;
#444 = LINE ( 'NONE', #1158, #2953 ) ;
#445 = VERTEX_POINT ( 'NONE', #2569 ) ;
#446 = EDGE_CURVE ( 'NONE', #1609, #1863, #3036, .T. ) ;
#447 = CARTESIAN_POINT ( 'NONE',  ( -37.49106673972934090, -19.94092098748599895, 12.00000000000000000 ) ) ;
#448 = DIRECTION ( 'NONE',  ( -0.000000000000000000, -0.000000000000000000, -1.000000000000000000 ) ) ;
#449 = DIRECTION ( 'NONE',  ( 0.000000000000000000, 1.000000000000000000, 0.000000000000000000 ) ) ;
#450 = ORIENTED_EDGE ( 'NONE', *, *, #1044, .T. ) ;
#451 = CARTESIAN_POINT ( 'NONE',  ( 45.24000000000000909, -11.68198051533946291, 12.40000000000000036 ) ) ;
#452 = EDGE_CURVE ( 'NONE', #732, #1967, #1104, .T. ) ;
#453 = CARTESIAN_POINT ( 'NONE',  ( 43.86000000000001364, 12.50000000000000000, 4.000000000000000000 ) ) ;
#454 = FACE_OUTER_BOUND ( 'NONE', #2572, .T. ) ;
#455 = DIRECTION ( 'NONE',  ( -1.000000000000000000, 0.000000000000000000, 0.000000000000000000 ) ) ;
#456 = CARTESIAN_POINT ( 'NONE',  ( -15.25000000000000000, 8.939999999999999503, 0.8823085463760174108 ) ) ;
#457 = CARTESIAN_POINT ( 'NONE',  ( 37.35181768671748870, 19.95068618221906931, 11.99999999999999822 ) ) ;
#458 = ORIENTED_EDGE ( 'NONE', *, *, #3077, .T. ) ;
#459 = AXIS2_PLACEMENT_3D ( 'NONE', #1802, #2768, #1091 ) ;
#460 = DIRECTION ( 'NONE',  ( -0.000000000000000000, -0.000000000000000000, -1.000000000000000000 ) ) ;
#461 = ORIENTED_EDGE ( 'NONE', *, *, #2986, .F. ) ;
#462 = LINE ( 'NONE', #2385, #2762 ) ;
#463 = CIRCLE ( 'NONE', #1261, 2.099999999999990763 ) ;
#464 = DIRECTION ( 'NONE',  ( 0.000000000000000000, 0.000000000000000000, 1.000000000000000000 ) ) ;
#465 = ORIENTED_EDGE ( 'NONE', *, *, #277, .T. ) ;
#466 = VECTOR ( 'NONE', #460, 1000.000000000000000 ) ;
#467 = DIRECTION ( 'NONE',  ( -1.000000000000000000, 0.000000000000000000, 0.000000000000000000 ) ) ;
#468 = ORIENTED_EDGE ( 'NONE', *, *, #641, .T. ) ;
#469 = EDGE_CURVE ( 'NONE', #1768, #3116, #634, .T. ) ;
#470 = LINE ( 'NONE', #229, #2329 ) ;
#471 = CARTESIAN_POINT ( 'NONE',  ( 40.66519340114978576, -19.30604019390381509, 4.000000000000000000 ) ) ;
#472 = LINE ( 'NONE', #2152, #2117 ) ;
#473 = CIRCLE ( 'NONE', #1083, 6.120000000000000107 ) ;
#474 = CARTESIAN_POINT ( 'NONE',  ( -12.75000000000000000, -8.939999999999999503, 7.000000000000000000 ) ) ;
#475 = CIRCLE ( 'NONE', #2647, 2.749999999999995559 ) ;
#476 = CARTESIAN_POINT ( 'NONE',  ( -29.24000000000000199, 12.50000000000000000, -4.000000000000000000 ) ) ;
#477 = AXIS2_PLACEMENT_3D ( 'NONE', #799, #764, #2738 ) ;
#478 = ORIENTED_EDGE ( 'NONE', *, *, #1601, .F. ) ;
#479 = CARTESIAN_POINT ( 'NONE',  ( -35.24000000000000199, -20.00000000000000000, 12.00000000000000000 ) ) ;
#480 = DIRECTION ( 'NONE',  ( -1.000000000000000000, 0.000000000000000000, 0.000000000000000000 ) ) ;
#481 = EDGE_LOOP ( 'NONE', ( #257, #1606, #2390, #2779 ) ) ;
#482 = ORIENTED_EDGE ( 'NONE', *, *, #3040, .F. ) ;
#483 = CARTESIAN_POINT ( 'NONE',  ( -12.75000000000000000, -8.939999999999999503, -1.458095095234814963E-15 ) ) ;
#484 = ORIENTED_EDGE ( 'NONE', *, *, #1855, .T. ) ;
#485 = CARTESIAN_POINT ( 'NONE',  ( 43.86000000000001364, -12.50000000000000000, 4.000000000000000000 ) ) ;
#486 = EDGE_CURVE ( 'NONE', #1207, #2770, #620, .T. ) ;
#487 = CARTESIAN_POINT ( 'NONE',  ( 29.24000000000000199, -12.50000000000000000, 0.8823085463759948732 ) ) ;
#488 = DIRECTION ( 'NONE',  ( -0.000000000000000000, -0.000000000000000000, -1.000000000000000000 ) ) ;
#489 = EDGE_CURVE ( 'NONE', #2975, #1573, #2420, .T. ) ;
#490 = CARTESIAN_POINT ( 'NONE',  ( 44.90418943054414314, -14.16828895011392575, 12.00000000000000355 ) ) ;
#491 = ORIENTED_EDGE ( 'NONE', *, *, #2322, .F. ) ;
#492 = CARTESIAN_POINT ( 'NONE',  ( -44.97100495657304009, -13.85365903189658354, 12.00000000000000000 ) ) ;
#493 = CARTESIAN_POINT ( 'NONE',  ( 17.04999999999997584, -8.939999999999999503, 4.000000000000000000 ) ) ;
#494 = ORIENTED_EDGE ( 'NONE', *, *, #1187, .T. ) ;
#495 = VERTEX_POINT ( 'NONE', #592 ) ;
#496 = LINE ( 'NONE', #1485, #276 ) ;
#497 = DIRECTION ( 'NONE',  ( -0.000000000000000000, 0.000000000000000000, 1.000000000000000000 ) ) ;
#498 = LINE ( 'NONE', #539, #1734 ) ;
#499 = DIRECTION ( 'NONE',  ( -1.000000000000000000, 0.000000000000000000, 0.000000000000000000 ) ) ;
#500 = CARTESIAN_POINT ( 'NONE',  ( -44.87083907881594058, -14.31201827459729259, 3.999999999999999112 ) ) ;
#501 = CARTESIAN_POINT ( 'NONE',  ( 45.16837524281125127, 12.41195190761179568, 4.000000000000000000 ) ) ;
#502 = DIRECTION ( 'NONE',  ( 0.000000000000000000, 0.000000000000000000, 1.000000000000000000 ) ) ;
#503 = CARTESIAN_POINT ( 'NONE',  ( 24.23999999999999844, 12.50000000000000000, -4.000000000000000000 ) ) ;
#504 = ADVANCED_FACE ( 'NONE', ( #2277 ), #3055, .T. ) ;
#505 = VECTOR ( 'NONE', #1589, 1000.000000000000000 ) ;
#506 = CARTESIAN_POINT ( 'NONE',  ( 44.54604019392088077, -15.42519340110566617, 12.00000000000000000 ) ) ;
#507 = DIRECTION ( 'NONE',  ( -1.000000000000000000, 0.000000000000000000, 0.000000000000000000 ) ) ;
#508 = ORIENTED_EDGE ( 'NONE', *, *, #1994, .F. ) ;
#509 = EDGE_CURVE ( 'NONE', #2995, #1177, #1339, .T. ) ;
#510 = CARTESIAN_POINT ( 'NONE',  ( -38.60396103067893137, -20.00000000000000000, 3.599999999999999201 ) ) ;
#511 = AXIS2_PLACEMENT_3D ( 'NONE', #1744, #725, #2721 ) ;
#512 = CARTESIAN_POINT ( 'NONE',  ( -10.24999999999999822, 8.939999999999999503, 0.000000000000000000 ) ) ;
#513 = VERTEX_POINT ( 'NONE', #2319 ) ;
#514 = AXIS2_PLACEMENT_3D ( 'NONE', #1841, #2830, #2617 ) ;
#515 = DIRECTION ( 'NONE',  ( -0.000000000000000000, -0.000000000000000000, -1.000000000000000000 ) ) ;
#516 = CARTESIAN_POINT ( 'NONE',  ( 24.23999999999999844, 12.50000000000000000, 4.000000000000000000 ) ) ;
#517 = DIRECTION ( 'NONE',  ( -1.000000000000000000, 0.000000000000000000, 0.000000000000000000 ) ) ;
#518 = CARTESIAN_POINT ( 'NONE',  ( 45.19355278941949905, -12.06801050586709856, 4.000000000000001776 ) ) ;
#519 = ORIENTED_EDGE ( 'NONE', *, *, #2615, .F. ) ;
#520 = DIRECTION ( 'NONE',  ( -0.000000000000000000, -0.000000000000000000, -1.000000000000000000 ) ) ;
#521 = DIRECTION ( 'NONE',  ( 0.000000000000000000, 0.000000000000000000, 1.000000000000000000 ) ) ;
#522 = VERTEX_POINT ( 'NONE', #1574 ) ;
#523 = CARTESIAN_POINT ( 'NONE',  ( 37.74000000000000909, 12.50000000000000000, 12.00000000000000000 ) ) ;
#524 = CARTESIAN_POINT ( 'NONE',  ( 44.89046471828434903, -14.22837414226374264, 12.00000000000000533 ) ) ;
#525 = ORIENTED_EDGE ( 'NONE', *, *, #2673, .F. ) ;
#526 = CYLINDRICAL_SURFACE ( 'NONE', #3054, 2.099999999999990763 ) ;
#527 = AXIS2_PLACEMENT_3D ( 'NONE', #2973, #1969, #2276 ) ;
#528 = ADVANCED_FACE ( 'NONE', ( #649 ), #1764, .F. ) ;
#529 = DIRECTION ( 'NONE',  ( -0.000000000000000000, -0.000000000000000000, -1.000000000000000000 ) ) ;
#530 = ORIENTED_EDGE ( 'NONE', *, *, #1119, .F. ) ;
#531 = CIRCLE ( 'NONE', #3096, 6.120000000000000107 ) ;
#532 = DIRECTION ( 'NONE',  ( 0.000000000000000000, -1.000000000000000000, 0.000000000000000000 ) ) ;
#533 = CARTESIAN_POINT ( 'NONE',  ( 45.24000000000000199, 9.999999999999998224, 4.000000000000000000 ) ) ;
#534 = ORIENTED_EDGE ( 'NONE', *, *, #3023, .F. ) ;
#535 = LINE ( 'NONE', #1247, #2041 ) ;
#536 = VECTOR ( 'NONE', #2123, 1000.000000000000000 ) ;
#537 = EDGE_CURVE ( 'NONE', #522, #2714, #3022, .T. ) ;
#538 = DIRECTION ( 'NONE',  ( -1.000000000000000000, 0.000000000000000000, 0.000000000000000000 ) ) ;
#539 = CARTESIAN_POINT ( 'NONE',  ( -29.24000000000000199, 12.50000000000000000, -4.000000000000000000 ) ) ;
#540 = DIRECTION ( 'NONE',  ( -0.000000000000000000, -0.000000000000000000, -1.000000000000000000 ) ) ;
#541 = CARTESIAN_POINT ( 'NONE',  ( -45.24000000000000199, 10.00000000000000000, 12.00000000000000000 ) ) ;
#542 = EDGE_LOOP ( 'NONE', ( #727, #2558 ) ) ;
#543 = DIRECTION ( 'NONE',  ( -0.000000000000000000, -0.000000000000000000, 1.000000000000000000 ) ) ;
#544 = ORIENTED_EDGE ( 'NONE', *, *, #2308, .F. ) ;
#545 = CARTESIAN_POINT ( 'NONE',  ( -35.24000000000000199, -20.00000000000000000, 6.533333333333333215 ) ) ;
#546 = VERTEX_POINT ( 'NONE', #603 ) ;
#547 = CARTESIAN_POINT ( 'NONE',  ( 45.24000000000000199, 20.00000000000000000, 12.00000000000000000 ) ) ;
#548 = ADVANCED_FACE ( 'NONE', ( #849 ), #1061, .T. ) ;
#549 = EDGE_LOOP ( 'NONE', ( #2886, #1760, #3097, #3 ) ) ;
#550 = CARTESIAN_POINT ( 'NONE',  ( -37.73999999999999488, 12.50000000000000000, 7.649999999999999467 ) ) ;
#551 = CARTESIAN_POINT ( 'NONE',  ( 45.24000000000000199, 20.00000000000000000, 12.00000000000000000 ) ) ;
#552 = CARTESIAN_POINT ( 'NONE',  ( -43.85999999999999943, 12.50000000000000000, 4.000000000000000000 ) ) ;
#553 = EDGE_CURVE ( 'NONE', #1928, #420, #1706, .T. ) ;
#554 = CARTESIAN_POINT ( 'NONE',  ( -40.48999999999999488, -12.50000000000000000, 12.00000000000000000 ) ) ;
#555 = EDGE_LOOP ( 'NONE', ( #1291, #494, #1804 ) ) ;
#556 = CYLINDRICAL_SURFACE ( 'NONE', #2179, 6.120000000000000107 ) ;
#557 = VERTEX_POINT ( 'NONE', #143 ) ;
#558 = ORIENTED_EDGE ( 'NONE', *, *, #2651, .T. ) ;
#559 = LINE ( 'NONE', #1510, #1030 ) ;
#560 = DIRECTION ( 'NONE',  ( -1.000000000000000000, 0.000000000000000000, 0.000000000000000000 ) ) ;
#561 = AXIS2_PLACEMENT_3D ( 'NONE', #244, #728, #499 ) ;
#562 = ORIENTED_EDGE ( 'NONE', *, *, #608, .F. ) ;
#563 = DIRECTION ( 'NONE',  ( -0.000000000000000000, 0.000000000000000000, -1.000000000000000000 ) ) ;
#564 = CARTESIAN_POINT ( 'NONE',  ( 45.24000000000000199, 10.00000000000000178, 6.666666666666664298 ) ) ;
#565 = CARTESIAN_POINT ( 'NONE',  ( 42.31106781186548460, -19.28308080163917282, 9.466666666668894337 ) ) ;
#566 = VECTOR ( 'NONE', #2803, 1000.000000000000000 ) ;
#567 = CARTESIAN_POINT ( 'NONE',  ( 12.75000000000000000, 8.939999999999999503, 4.000000000000000000 ) ) ;
#568 = AXIS2_PLACEMENT_3D ( 'NONE', #1085, #629, #2047 ) ;
#569 = EDGE_CURVE ( 'NONE', #1011, #557, #2294, .T. ) ;
#570 = FACE_OUTER_BOUND ( 'NONE', #159, .T. ) ;
#571 = VECTOR ( 'NONE', #540, 1000.000000000000000 ) ;
#572 = EDGE_LOOP ( 'NONE', ( #770, #1130, #2556, #1429 ) ) ;
#573 = DIRECTION ( 'NONE',  ( -0.000000000000000000, -0.000000000000000000, -1.000000000000000000 ) ) ;
#574 = CARTESIAN_POINT ( 'NONE',  ( -17.04999999999997584, 8.939999999999999503, 4.000000000000000000 ) ) ;
#575 = ORIENTED_EDGE ( 'NONE', *, *, #2651, .F. ) ;
#576 = CARTESIAN_POINT ( 'NONE',  ( -42.31106781186548460, -19.28308080163916216, 3.599999999999999201 ) ) ;
#577 = FACE_BOUND ( 'NONE', #836, .T. ) ;
#578 = DIRECTION ( 'NONE',  ( -0.000000000000000000, -0.000000000000000000, -1.000000000000000000 ) ) ;
#579 = EDGE_LOOP ( 'NONE', ( #1978, #1651, #601, #1258 ) ) ;
#580 = LINE ( 'NONE', #1047, #373 ) ;
#581 = FACE_OUTER_BOUND ( 'NONE', #251, .T. ) ;
#582 = CARTESIAN_POINT ( 'NONE',  ( -34.99000000000000909, -12.50000000000000000, 12.00000000000000000 ) ) ;
#583 = CIRCLE ( 'NONE', #2344, 6.120000000000000107 ) ;
#584 = CARTESIAN_POINT ( 'NONE',  ( -40.04231452337873520, 19.50307725554275251, 4.000000000000000000 ) ) ;
#585 = FACE_OUTER_BOUND ( 'NONE', #1695, .T. ) ;
#586 = CARTESIAN_POINT ( 'NONE',  ( -12.75000000000000000, -8.939999999999999503, 0.000000000000000000 ) ) ;
#587 = FACE_OUTER_BOUND ( 'NONE', #555, .T. ) ;
#588 = EDGE_CURVE ( 'NONE', #1609, #1377, #2534, .T. ) ;
#589 = B_SPLINE_CURVE_WITH_KNOTS ( 'NONE', 3,
 ( #2446, #2464, #282, #1935, #1217, #296, #1005, #245, #61, #42, #1984, #1503, #2910, #2480, #314, #1203, #1965, #2937, #768, #1251, #2165, #2238, #731, #1023, #2956, #76, #1692, #1038, #500, #1452, #263, #2186, #28, #987, #616, #152, #1572, #1553, #398, #2514, #1348, #1541, #864, #2316, #334, #109, #2060 ),
 .UNSPECIFIED., .F., .F.,
 ( 4, 1, 1, 1, 1, 1, 1, 2, 2, 1, 1, 1, 1, 1, 1, 2, 2, 2, 1, 1, 1, 1, 1, 1, 1, 2, 2, 1, 1, 1, 1, 1, 1, 2, 2, 4 ),
 ( 0.000000000000000000, 0.06249999999995652089, 0.09374999999993477440, 0.1093749999999246436, 0.1171874999999204109, 0.1210937499999174410, 0.1230468749999159284, 0.1240234374999160255, 0.1249999999999161227, 0.1874999999999211742, 0.2187499999999237554, 0.2343749999999250599, 0.2421874999999256428, 0.2460937499999265865, 0.2480468749999277245, 0.2490234374999282796, 0.2499999999999288347, 0.4999999999999665823, 0.6249999999999854561, 0.6874999999999951150, 0.7187500000000000000, 0.7343750000000021094, 0.7421875000000032196, 0.7460937500000036637, 0.7480468750000038858, 0.7490234375000038858, 0.7500000000000037748, 0.8125000000000032196, 0.8437500000000026645, 0.8593750000000024425, 0.8671875000000021094, 0.8710937500000021094, 0.8730468750000019984, 0.8740234375000018874, 0.8750000000000017764, 1.000000000000000000 ),
 .UNSPECIFIED. ) ;
#590 = ORIENTED_EDGE ( 'NONE', *, *, #2782, .T. ) ;
#591 = DIRECTION ( 'NONE',  ( -0.000000000000000000, -0.000000000000000000, -1.000000000000000000 ) ) ;
#592 = CARTESIAN_POINT ( 'NONE',  ( 26.33999999999998565, -12.50000000000000000, -4.000000000000000888 ) ) ;
#593 = ORIENTED_EDGE ( 'NONE', *, *, #1780, .T. ) ;
#594 = EDGE_CURVE ( 'NONE', #2304, #1745, #1847, .T. ) ;
#595 = ORIENTED_EDGE ( 'NONE', *, *, #2656, .F. ) ;
#596 = DIRECTION ( 'NONE',  ( -1.000000000000000000, 0.000000000000000000, 0.000000000000000000 ) ) ;
#597 = CARTESIAN_POINT ( 'NONE',  ( -44.06046447999091242, 16.56518160031166076, 11.99999999999999645 ) ) ;
#598 = CARTESIAN_POINT ( 'NONE',  ( -37.40999004729991384, 19.94672877713956538, 4.000000000000000000 ) ) ;
#599 = CARTESIAN_POINT ( 'NONE',  ( 24.23999999999999844, -12.50000000000000000, -4.000000000000000000 ) ) ;
#600 = DIRECTION ( 'NONE',  ( -0.000000000000000000, -0.000000000000000000, -1.000000000000000000 ) ) ;
#601 = ORIENTED_EDGE ( 'NONE', *, *, #89, .T. ) ;
#602 = CARTESIAN_POINT ( 'NONE',  ( 37.74000000000000909, -12.50000000000000000, 4.000000000000000000 ) ) ;
#603 = CARTESIAN_POINT ( 'NONE',  ( -45.24000000000000199, -9.999999999999998224, 12.00000000000000000 ) ) ;
#604 = ORIENTED_EDGE ( 'NONE', *, *, #3060, .T. ) ;
#605 = VERTEX_POINT ( 'NONE', #357 ) ;
#606 = EDGE_CURVE ( 'NONE', #2147, #723, #1304, .T. ) ;
#607 = EDGE_LOOP ( 'NONE', ( #2222, #106, #3111, #2342 ) ) ;
#608 = EDGE_CURVE ( 'NONE', #1188, #882, #1307, .T. ) ;
#609 = CARTESIAN_POINT ( 'NONE',  ( -35.23999999999998067, 20.00000000000000000, 4.000000000000000000 ) ) ;
#610 = CARTESIAN_POINT ( 'NONE',  ( -43.48739685556026302, 17.36099510299964166, 11.99999999999999822 ) ) ;
#611 = DIRECTION ( 'NONE',  ( 0.000000000000000000, 0.000000000000000000, 1.000000000000000000 ) ) ;
#612 = DIRECTION ( 'NONE',  ( -0.000000000000000000, -0.000000000000000000, -1.000000000000000000 ) ) ;
#613 = AXIS2_PLACEMENT_3D ( 'NONE', #208, #1654, #480 ) ;
#614 = B_SPLINE_SURFACE_WITH_KNOTS ( 'NONE', 5, 3, ( 
 ( #1245, #1536, #2998, #2010 ),
 ( #2965, #796, #2283, #2491 ),
 ( #1955, #1755, #346, #997 ),
 ( #2454, #2981, #2757, #1064 ),
 ( #759, #829, #2212, #86 ),
 ( #2929, #1048, #1015, #2527 ),
 ( #1310, #327, #2735, #1721 ),
 ( #52, #1740, #812, #1496 ) ),
 .UNSPECIFIED., .F., .F., .F.,
 ( 6, 2, 6 ),
 ( 4, 4 ),
 ( 0.000000000000000000, 0.5000000000000000000, 1.000000000000000000 ),
 ( -0.0004000000000000000192, 0.008399999999999999481 ),
 .UNSPECIFIED. ) ;
#615 = AXIS2_PLACEMENT_3D ( 'NONE', #2848, #2364, #1900 ) ;
#616 = CARTESIAN_POINT ( 'NONE',  ( -44.97939422523291597, -13.83248471316319872, 4.000000000000000888 ) ) ;
#617 = VERTEX_POINT ( 'NONE', #1787 ) ;
#618 = VECTOR ( 'NONE', #1137, 1000.000000000000000 ) ;
#619 = CIRCLE ( 'NONE', #2380, 2.500000000000000444 ) ;
#620 = LINE ( 'NONE', #2021, #1963 ) ;
#621 = CARTESIAN_POINT ( 'NONE',  ( 44.74307725553759951, 14.80231452337369191, 4.000000000000000000 ) ) ;
#622 = ORIENTED_EDGE ( 'NONE', *, *, #1559, .F. ) ;
#623 = ORIENTED_EDGE ( 'NONE', *, *, #3091, .F. ) ;
#624 = CARTESIAN_POINT ( 'NONE',  ( 39.23256416901469379, 19.70253230950098100, 4.000000000000000000 ) ) ;
#625 = EDGE_CURVE ( 'NONE', #1521, #2097, #862, .T. ) ;
#626 = CARTESIAN_POINT ( 'NONE',  ( -37.30039140696282374, 19.95403787778065663, 12.00000000000000355 ) ) ;
#627 = CARTESIAN_POINT ( 'NONE',  ( 12.75000000000000000, 8.939999999999999503, -1.458095095234814963E-15 ) ) ;
#628 = DIRECTION ( 'NONE',  ( 1.000000000000000000, 0.000000000000000000, -0.000000000000000000 ) ) ;
#629 = DIRECTION ( 'NONE',  ( -0.000000000000000000, -0.000000000000000000, -1.000000000000000000 ) ) ;
#630 = AXIS2_PLACEMENT_3D ( 'NONE', #2931, #762, #1723 ) ;
#631 = ADVANCED_FACE ( 'NONE', ( #675 ), #3092, .F. ) ;
#632 = LINE ( 'NONE', #2566, #2162 ) ;
#633 = CARTESIAN_POINT ( 'NONE',  ( -12.75000000000000000, 8.939999999999999503, 7.000000000000000000 ) ) ;
#634 = LINE ( 'NONE', #3010, #2987 ) ;
#635 = ORIENTED_EDGE ( 'NONE', *, *, #1234, .T. ) ;
#636 = DIRECTION ( 'NONE',  ( -1.000000000000000000, 0.000000000000000000, 0.000000000000000000 ) ) ;
#637 = VERTEX_POINT ( 'NONE', #231 ) ;
#638 = CARTESIAN_POINT ( 'NONE',  ( 37.68856793733586841, 19.92897123173888119, 4.000000000000000000 ) ) ;
#639 = CARTESIAN_POINT ( 'NONE',  ( -44.90852346761704439, 14.14904935204117642, 11.99999999999999822 ) ) ;
#640 = DIRECTION ( 'NONE',  ( -1.000000000000000000, 0.000000000000000000, 0.000000000000000000 ) ) ;
#641 = EDGE_CURVE ( 'NONE', #358, #2869, #2894, .T. ) ;
#642 = CARTESIAN_POINT ( 'NONE',  ( -12.75000000000000000, -8.939999999999999503, 4.000000000000000000 ) ) ;
#643 = LINE ( 'NONE', #2847, #1017 ) ;
#644 = EDGE_CURVE ( 'NONE', #1940, #1188, #2637, .T. ) ;
#645 = CARTESIAN_POINT ( 'NONE',  ( -38.60396103067893137, 20.00000000000000000, 3.599999999999999201 ) ) ;
#646 = EDGE_CURVE ( 'NONE', #637, #885, #472, .T. ) ;
#647 = DIRECTION ( 'NONE',  ( 0.000000000000000000, 0.000000000000000000, 1.000000000000000000 ) ) ;
#648 = CARTESIAN_POINT ( 'NONE',  ( -26.33999999999998920, 12.50000000000000000, 12.00000000000000000 ) ) ;
#649 = FACE_OUTER_BOUND ( 'NONE', #335, .T. ) ;
#650 = ORIENTED_EDGE ( 'NONE', *, *, #1440, .F. ) ;
#651 = ORIENTED_EDGE ( 'NONE', *, *, #2269, .T. ) ;
#652 = CARTESIAN_POINT ( 'NONE',  ( -37.09232843579292194, 19.96589867017020836, 12.00000000000000000 ) ) ;
#653 = LINE ( 'NONE', #1612, #1328 ) ;
#654 = DIRECTION ( 'NONE',  ( -0.4999999999999946154, 0.000000000000000000, 0.8660254037844418162 ) ) ;
#655 = DIRECTION ( 'NONE',  ( -1.000000000000000000, 0.000000000000000000, 0.000000000000000000 ) ) ;
#656 = ORIENTED_EDGE ( 'NONE', *, *, #2782, .F. ) ;
#657 = VECTOR ( 'NONE', #2974, 1000.000000000000000 ) ;
#658 = PLANE ( 'NONE',  #203 ) ;
#659 = B_SPLINE_CURVE_WITH_KNOTS ( 'NONE', 3,
 ( #2773, #1581, #1123, #3016, #2784, #1566, #2545, #2087, #1538, #2529, #380, #832, #365, #394, #1314, #1796, #3000, #2574, #166, #349, #2302, #2759, #1299, #2799, #1329, #138, #584, #2268, #1356, #2071, #1821, #1096, #2056, #3046, #2031, #1067, #1345, #3062, #877, #598, #2330, #2313, #148, #1109, #1839, #892, #2592 ),
 .UNSPECIFIED., .F., .F.,
 ( 4, 1, 1, 1, 1, 1, 1, 2, 2, 1, 1, 1, 1, 1, 1, 2, 2, 2, 1, 1, 1, 1, 1, 1, 1, 2, 2, 1, 1, 1, 1, 1, 1, 2, 2, 4 ),
 ( 0.000000000000000000, 0.06250000000001126876, 0.09375000000001688927, 0.1093750000000198591, 0.1171875000000213857, 0.1210937500000221906, 0.1230468750000226624, 0.1240234375000228290, 0.1250000000000230094, 0.1875000000000388023, 0.2187500000000469347, 0.2343750000000510147, 0.2421875000000530409, 0.2460937500000543732, 0.2480468750000548450, 0.2490234375000549560, 0.2500000000000550116, 0.5000000000000843769, 0.6250000000000990319, 0.6875000000001058043, 0.7187500000001092459, 0.7343750000001103562, 0.7421875000001109113, 0.7460937500001112443, 0.7480468750001113554, 0.7490234375001113554, 0.7500000000001114664, 0.8125000000000703881, 0.8437500000000492939, 0.8593750000000388578, 0.8671875000000335287, 0.8710937500000315303, 0.8730468750000304201, 0.8740234375000304201, 0.8750000000000305311, 1.000000000000000000 ),
 .UNSPECIFIED. ) ;
#660 = EDGE_CURVE ( 'NONE', #2297, #2671, #399, .T. ) ;
#661 = CIRCLE ( 'NONE', #2838, 2.099999999999990763 ) ;
#662 = CARTESIAN_POINT ( 'NONE',  ( 37.74000000000000909, 12.50000000000000000, 12.00000000000000000 ) ) ;
#663 = CARTESIAN_POINT ( 'NONE',  ( 39.71765388994229085, 19.59015808753126819, 12.00000000000000178 ) ) ;
#664 = CARTESIAN_POINT ( 'NONE',  ( 44.89046471828260110, 14.22837414226627750, 3.999999999999999112 ) ) ;
#665 = AXIS2_PLACEMENT_3D ( 'NONE', #483, #1946, #951 ) ;
#666 = CONICAL_SURFACE ( 'NONE', #113, 0.7937499999999976241, 1.029744258676652535 ) ;
#667 = ORIENTED_EDGE ( 'NONE', *, *, #1105, .F. ) ;
#668 = CARTESIAN_POINT ( 'NONE',  ( -45.20589867017019259, -11.85232843584499562, 12.00000000000000000 ) ) ;
#669 = CARTESIAN_POINT ( 'NONE',  ( -24.23999999999999844, -12.50000000000000000, 4.000000000000000000 ) ) ;
#670 = DIRECTION ( 'NONE',  ( -0.000000000000000000, -0.000000000000000000, -1.000000000000000000 ) ) ;
#671 = FACE_OUTER_BOUND ( 'NONE', #2854, .T. ) ;
#672 = CARTESIAN_POINT ( 'NONE',  ( 45.24000000000000909, -9.999999999999996447, 9.333333333333209580 ) ) ;
#673 = CIRCLE ( 'NONE', #830, 2.749999999999995559 ) ;
#674 = CIRCLE ( 'NONE', #3005, 5.000000000000004441 ) ;
#675 = FACE_OUTER_BOUND ( 'NONE', #273, .T. ) ;
#676 = ADVANCED_FACE ( 'NONE', ( #1746 ), #2000, .F. ) ;
#677 = AXIS2_PLACEMENT_3D ( 'NONE', #1237, #747, #2687 ) ;
#678 = ORIENTED_EDGE ( 'NONE', *, *, #1525, .F. ) ;
#679 = EDGE_CURVE ( 'NONE', #861, #316, #1727, .T. ) ;
#680 = CARTESIAN_POINT ( 'NONE',  ( 35.24000000000000909, -20.00000000000000000, 4.000000000000000000 ) ) ;
#681 = DIRECTION ( 'NONE',  ( -0.000000000000000000, -0.000000000000000000, -1.000000000000000000 ) ) ;
#682 = CARTESIAN_POINT ( 'NONE',  ( 10.24999999999999822, 8.939999999999999503, 0.8823085463760178548 ) ) ;
#683 = CARTESIAN_POINT ( 'NONE',  ( 45.24000000000000909, -10.00000000000000000, 3.599999999999999201 ) ) ;
#684 = DIRECTION ( 'NONE',  ( -0.8660254037844418162, 0.000000000000000000, -0.4999999999999946154 ) ) ;
#685 = DIRECTION ( 'NONE',  ( -0.000000000000000000, -0.000000000000000000, -1.000000000000000000 ) ) ;
#686 = CARTESIAN_POINT ( 'NONE',  ( 44.97100495657990393, 13.85365903185148362, 12.00000000000000355 ) ) ;
#687 = ORIENTED_EDGE ( 'NONE', *, *, #1101, .F. ) ;
#688 = DIRECTION ( 'NONE',  ( -1.000000000000000000, 0.000000000000000000, 0.000000000000000000 ) ) ;
#689 = ORIENTED_EDGE ( 'NONE', *, *, #912, .T. ) ;
#690 = FACE_OUTER_BOUND ( 'NONE', #2274, .T. ) ;
#691 = EDGE_CURVE ( 'NONE', #344, #2320, #863, .T. ) ;
#692 = LINE ( 'NONE', #1462, #309 ) ;
#693 = EDGE_LOOP ( 'NONE', ( #491, #1133, #1411, #2004 ) ) ;
#694 = DIRECTION ( 'NONE',  ( 1.000000000000000000, 0.000000000000000000, 0.000000000000000000 ) ) ;
#695 = ORIENTED_EDGE ( 'NONE', *, *, #439, .T. ) ;
#696 = CARTESIAN_POINT ( 'NONE',  ( 45.24000000000000909, -13.36396103067892760, 9.466666666668894337 ) ) ;
#697 = CARTESIAN_POINT ( 'NONE',  ( -24.23999999999999844, 12.50000000000000000, 12.00000000000000000 ) ) ;
#698 = AXIS2_PLACEMENT_3D ( 'NONE', #1889, #685, #3105 ) ;
#699 = CARTESIAN_POINT ( 'NONE',  ( 35.24000000000000199, 20.00000000000000000, 12.00000000000000000 ) ) ;
#700 = AXIS2_PLACEMENT_3D ( 'NONE', #2885, #1697, #2130 ) ;
#701 = CARTESIAN_POINT ( 'NONE',  ( -19.23999999999999488, 12.50000000000000000, 0.8823085463759948732 ) ) ;
#702 = AXIS2_PLACEMENT_3D ( 'NONE', #2017, #1301, #2990 ) ;
#703 = CARTESIAN_POINT ( 'NONE',  ( 37.68856793736904365, -19.92897123173577256, 11.99999999999999822 ) ) ;
#704 = VERTEX_POINT ( 'NONE', #2221 ) ;
#705 = CARTESIAN_POINT ( 'NONE',  ( -37.34015981297797282, -19.95146049946921707, 12.00000000000000178 ) ) ;
#706 = AXIS2_PLACEMENT_3D ( 'NONE', #2175, #2194, #1698 ) ;
#707 = CARTESIAN_POINT ( 'NONE',  ( -35.24000000000000199, -20.00000000000000000, 4.000000000000000000 ) ) ;
#708 = AXIS2_PLACEMENT_3D ( 'NONE', #843, #1562, #377 ) ;
#709 = ADVANCED_FACE ( 'NONE', ( #2653, #2425 ), #746, .F. ) ;
#710 = ORIENTED_EDGE ( 'NONE', *, *, #837, .F. ) ;
#711 = DIRECTION ( 'NONE',  ( 0.8571673007021113344, 1.049727191138617463E-16, -0.5150380749100558209 ) ) ;
#712 = CARTESIAN_POINT ( 'NONE',  ( 39.39624141636969767, -19.66690799139888668, 4.000000000000000888 ) ) ;
#713 = DIRECTION ( 'NONE',  ( -0.000000000000000000, -0.000000000000000000, -1.000000000000000000 ) ) ;
#714 = EDGE_CURVE ( 'NONE', #963, #1505, #202, .T. ) ;
#715 = DIRECTION ( 'NONE',  ( -0.000000000000000000, -0.000000000000000000, -1.000000000000000000 ) ) ;
#716 = AXIS2_PLACEMENT_3D ( 'NONE', #941, #733, #1693 ) ;
#717 = DIRECTION ( 'NONE',  ( -0.000000000000000000, -0.000000000000000000, -1.000000000000000000 ) ) ;
#718 = AXIS2_PLACEMENT_3D ( 'NONE', #329, #1283, #289 ) ;
#719 = CARTESIAN_POINT ( 'NONE',  ( 45.18092098748748953, -12.25106673971976612, 12.00000000000000178 ) ) ;
#720 = ORIENTED_EDGE ( 'NONE', *, *, #1440, .T. ) ;
#721 = CARTESIAN_POINT ( 'NONE',  ( -37.33229604674576052, -19.95197769141978483, 11.99999999999999822 ) ) ;
#722 = FACE_OUTER_BOUND ( 'NONE', #2227, .T. ) ;
#723 = VERTEX_POINT ( 'NONE', #487 ) ;
#724 = B_SPLINE_CURVE_WITH_KNOTS ( 'NONE', 3,
 ( #1595, #1326, #1819, #1835, #2054, #2542, #378, #855, #2068, #3044, #2300, #638, #136, #2559, #2797, #624, #3083, #2022, #2728, #319, #1788, #1803, #1556, #2082, #888, #2582, #621, #2825, #174, #664, #1621, #1636, #2638, #2862, #2668, #1647, #246, #501, #2655, #1393, #1426, #2397, #1439, #2410, #2426, #264, #988 ),
 .UNSPECIFIED., .F., .F.,
 ( 4, 1, 1, 1, 1, 1, 1, 2, 2, 1, 1, 1, 1, 1, 1, 2, 2, 2, 1, 1, 1, 1, 1, 1, 1, 2, 2, 1, 1, 1, 1, 1, 1, 2, 2, 4 ),
 ( 0.000000000000000000, 0.06249999999999869549, 0.09374999999999868161, 0.1093749999999994033, 0.1171874999999997918, 0.1210937499999991396, 0.1230468749999987788, 0.1240234374999976824, 0.1249999999999965999, 0.1874999999999341915, 0.2187499999999036604, 0.2343749999998884226, 0.2421874999998808731, 0.2460937499998765154, 0.2480468749998749889, 0.2490234374998749056, 0.2499999999998747946, 0.4999999999999270583, 0.6249999999999528155, 0.6874999999999650280, 0.7187499999999709122, 0.7343749999999736877, 0.7421874999999751310, 0.7460937499999761302, 0.7480468749999762412, 0.7490234374999764633, 0.7499999999999766853, 0.8124999999999872324, 0.8437499999999925615, 0.8593749999999954481, 0.8671874999999971134, 0.8710937499999978906, 0.8730468749999984457, 0.8740234374999987788, 0.8749999999999990008, 1.000000000000000000 ),
 .UNSPECIFIED. ) ;
#725 = DIRECTION ( 'NONE',  ( -0.000000000000000000, -0.000000000000000000, -1.000000000000000000 ) ) ;
#726 = CARTESIAN_POINT ( 'NONE',  ( 45.23413310454541403, -11.04637787538351112, 4.000000000000000000 ) ) ;
#727 = ORIENTED_EDGE ( 'NONE', *, *, #730, .F. ) ;
#728 = DIRECTION ( 'NONE',  ( 0.000000000000000000, 0.000000000000000000, -1.000000000000000000 ) ) ;
#729 = EDGE_CURVE ( 'NONE', #513, #605, #2724, .T. ) ;
#730 = EDGE_CURVE ( 'NONE', #1287, #1725, #4, .T. ) ;
#731 = CARTESIAN_POINT ( 'NONE',  ( -42.13211511382282026, -18.71086312245078176, 4.000000000000001776 ) ) ;
#732 = VERTEX_POINT ( 'NONE', #554 ) ;
#733 = DIRECTION ( 'NONE',  ( -0.000000000000000000, -0.000000000000000000, -1.000000000000000000 ) ) ;
#734 = EDGE_CURVE ( 'NONE', #294, #3049, #589, .T. ) ;
#735 = CARTESIAN_POINT ( 'NONE',  ( 43.48739685557728052, -17.36099510297533755, 12.00000000000000000 ) ) ;
#736 = VERTEX_POINT ( 'NONE', #2035 ) ;
#737 = DIRECTION ( 'NONE',  ( -0.000000000000000000, -0.000000000000000000, 1.000000000000000000 ) ) ;
#738 = FACE_OUTER_BOUND ( 'NONE', #1180, .T. ) ;
#739 = ORIENTED_EDGE ( 'NONE', *, *, #2992, .F. ) ;
#740 = CARTESIAN_POINT ( 'NONE',  ( 45.24000000000000909, -10.00000000000000000, 6.533333333333333215 ) ) ;
#741 = CYLINDRICAL_SURFACE ( 'NONE', #477, 6.120000000000000107 ) ;
#742 = CARTESIAN_POINT ( 'NONE',  ( 43.86000000000001364, 12.50000000000000000, 4.000000000000000000 ) ) ;
#743 = CARTESIAN_POINT ( 'NONE',  ( -12.75000000000000000, -8.939999999999999503, -1.458095095234814963E-15 ) ) ;
#744 = ORIENTED_EDGE ( 'NONE', *, *, #2800, .T. ) ;
#745 = CARTESIAN_POINT ( 'NONE',  ( -37.74000000000000199, -12.50000000000000000, 7.649999999999999467 ) ) ;
#746 = PLANE ( 'NONE',  #2223 ) ;
#747 = DIRECTION ( 'NONE',  ( -0.000000000000000000, -0.000000000000000000, -1.000000000000000000 ) ) ;
#748 = EDGE_CURVE ( 'NONE', #93, #1509, #1767, .T. ) ;
#749 = CIRCLE ( 'NONE', #410, 2.750000000000002665 ) ;
#750 = CARTESIAN_POINT ( 'NONE',  ( -43.86000000000000654, -12.50000000000000000, 4.000000000000000000 ) ) ;
#751 = CARTESIAN_POINT ( 'NONE',  ( 38.81082696347181127, -19.78424024486578858, 12.00000000000000000 ) ) ;
#752 = FACE_OUTER_BOUND ( 'NONE', #212, .T. ) ;
#753 = VERTEX_POINT ( 'NONE', #1113 ) ;
#754 = DIRECTION ( 'NONE',  ( -0.000000000000000000, -0.000000000000000000, -1.000000000000000000 ) ) ;
#755 = EDGE_CURVE ( 'NONE', #1609, #2334, #2496, .T. ) ;
#756 = AXIS2_PLACEMENT_3D ( 'NONE', #586, #1286, #1812 ) ;
#757 = ORIENTED_EDGE ( 'NONE', *, *, #101, .F. ) ;
#758 = LINE ( 'NONE', #949, #869 ) ;
#759 = CARTESIAN_POINT ( 'NONE',  ( 44.52308080163917481, 17.07106781186546840, 12.40000000000000036 ) ) ;
#760 = VERTEX_POINT ( 'NONE', #141 ) ;
#761 = AXIS2_PLACEMENT_3D ( 'NONE', #2442, #279, #968 ) ;
#762 = DIRECTION ( 'NONE',  ( -0.000000000000000000, -0.000000000000000000, -1.000000000000000000 ) ) ;
#763 = CIRCLE ( 'NONE', #1718, 2.749999999999995559 ) ;
#764 = DIRECTION ( 'NONE',  ( -0.000000000000000000, -0.000000000000000000, -1.000000000000000000 ) ) ;
#765 = DIRECTION ( 'NONE',  ( -0.000000000000000000, -0.000000000000000000, 1.000000000000000000 ) ) ;
#766 = ORIENTED_EDGE ( 'NONE', *, *, #256, .F. ) ;
#767 = FACE_OUTER_BOUND ( 'NONE', #1666, .T. ) ;
#768 = CARTESIAN_POINT ( 'NONE',  ( -39.35029180112773162, -19.67714171312142568, 4.000000000000000000 ) ) ;
#769 = CARTESIAN_POINT ( 'NONE',  ( -12.75000000000000178, -8.939999999999999503, 7.476933116353126074 ) ) ;
#770 = ORIENTED_EDGE ( 'NONE', *, *, #1087, .F. ) ;
#771 = DIRECTION ( 'NONE',  ( -0.4999999999999947820, 6.123233995736701941E-17, 0.8660254037844415942 ) ) ;
#772 = EDGE_CURVE ( 'NONE', #933, #1735, #2746, .T. ) ;
#773 = CIRCLE ( 'NONE', #2386, 2.749999999999995559 ) ;
#774 = EDGE_LOOP ( 'NONE', ( #778, #2161, #2750, #1673 ) ) ;
#775 = ORIENTED_EDGE ( 'NONE', *, *, #1637, .T. ) ;
#776 = CARTESIAN_POINT ( 'NONE',  ( -44.52308080163917481, -17.07106781186547195, 12.40000000000000036 ) ) ;
#777 = AXIS2_PLACEMENT_3D ( 'NONE', #1065, #2196, #1517 ) ;
#778 = ORIENTED_EDGE ( 'NONE', *, *, #318, .F. ) ;
#779 = CIRCLE ( 'NONE', #718, 2.099999999999987210 ) ;
#780 = EDGE_CURVE ( 'NONE', #1735, #933, #2483, .T. ) ;
#781 = CYLINDRICAL_SURFACE ( 'NONE', #210, 2.099999999999990763 ) ;
#782 = DIRECTION ( 'NONE',  ( -0.000000000000000000, -0.000000000000000000, -1.000000000000000000 ) ) ;
#783 = ORIENTED_EDGE ( 'NONE', *, *, #2317, .F. ) ;
#784 = CARTESIAN_POINT ( 'NONE',  ( 35.24000000000000909, -20.00000000000000355, 9.466666666668894337 ) ) ;
#785 = LINE ( 'NONE', #552, #1313 ) ;
#786 = ORIENTED_EDGE ( 'NONE', *, *, #1150, .F. ) ;
#787 = CARTESIAN_POINT ( 'NONE',  ( -37.73999999999999488, 12.50000000000000000, 4.000000000000000000 ) ) ;
#788 = CARTESIAN_POINT ( 'NONE',  ( 37.74000000000000909, -12.50000000000000000, 7.649999999999999467 ) ) ;
#789 = ORIENTED_EDGE ( 'NONE', *, *, #2968, .T. ) ;
#790 = DIRECTION ( 'NONE',  ( -0.000000000000000000, -0.000000000000000000, -1.000000000000000000 ) ) ;
#791 = DIRECTION ( 'NONE',  ( 0.8571673007021113344, 1.049727191138617463E-16, -0.5150380749100558209 ) ) ;
#792 = ORIENTED_EDGE ( 'NONE', *, *, #2691, .F. ) ;
#793 = CARTESIAN_POINT ( 'NONE',  ( -45.24000000000000199, -11.68198051533946469, 6.533333333333333215 ) ) ;
#794 = EDGE_LOOP ( 'NONE', ( #1993, #2228 ) ) ;
#795 = CARTESIAN_POINT ( 'NONE',  ( 11.95625000000000426, 8.939999999999999503, 0.000000000000000000 ) ) ;
#796 = CARTESIAN_POINT ( 'NONE',  ( 36.92198051533946312, 20.00000000000000000, 9.466666666668894337 ) ) ;
#797 = EDGE_CURVE ( 'NONE', #2533, #2714, #1615, .T. ) ;
#798 = CARTESIAN_POINT ( 'NONE',  ( 31.62000000000000810, -12.50000000000000000, 7.649999999999999467 ) ) ;
#799 = CARTESIAN_POINT ( 'NONE',  ( 37.74000000000000909, 12.50000000000000000, 4.000000000000000000 ) ) ;
#800 = DIRECTION ( 'NONE',  ( -0.000000000000000000, -0.000000000000000000, -1.000000000000000000 ) ) ;
#801 = EDGE_LOOP ( 'NONE', ( #1643, #68, #1981, #117 ) ) ;
#802 = DIRECTION ( 'NONE',  ( -0.000000000000000000, -0.000000000000000000, -1.000000000000000000 ) ) ;
#803 = ORIENTED_EDGE ( 'NONE', *, *, #1896, .F. ) ;
#804 = DIRECTION ( 'NONE',  ( -0.000000000000000000, -0.000000000000000000, -1.000000000000000000 ) ) ;
#805 = FACE_OUTER_BOUND ( 'NONE', #810, .T. ) ;
#806 = ORIENTED_EDGE ( 'NONE', *, *, #971, .F. ) ;
#807 = ORIENTED_EDGE ( 'NONE', *, *, #1713, .F. ) ;
#808 = CARTESIAN_POINT ( 'NONE',  ( -45.24000000000000199, -10.00000000000000000, 6.533333333333333215 ) ) ;
#809 = DIRECTION ( 'NONE',  ( 0.000000000000000000, -1.000000000000000000, 0.000000000000000000 ) ) ;
#810 = EDGE_LOOP ( 'NONE', ( #757, #140, #1449, #131 ) ) ;
#811 = CARTESIAN_POINT ( 'NONE',  ( 26.33999999999998920, 12.50000000000000000, -4.000000000000000000 ) ) ;
#812 = CARTESIAN_POINT ( 'NONE',  ( 45.24000000000000199, 10.00000000000000178, 6.533333333333333215 ) ) ;
#813 = CARTESIAN_POINT ( 'NONE',  ( 44.52308080163917481, -17.07106781186547551, 9.466666666668894337 ) ) ;
#814 = AXIS2_PLACEMENT_3D ( 'NONE', #1248, #2422, #261 ) ;
#815 = DIRECTION ( 'NONE',  ( -1.000000000000000000, -1.734723475976807094E-16, 0.000000000000000000 ) ) ;
#816 = EDGE_CURVE ( 'NONE', #50, #2780, #1073, .T. ) ;
#817 = AXIS2_PLACEMENT_3D ( 'NONE', #1824, #800, #367 ) ;
#818 = PLANE ( 'NONE',  #2890 ) ;
#819 = CIRCLE ( 'NONE', #817, 0.7937499999999888534 ) ;
#820 = DIRECTION ( 'NONE',  ( 0.000000000000000000, 0.000000000000000000, -1.000000000000000000 ) ) ;
#821 = CIRCLE ( 'NONE', #2688, 2.750000000000002665 ) ;
#822 = EDGE_CURVE ( 'NONE', #736, #44, #632, .T. ) ;
#823 = EDGE_LOOP ( 'NONE', ( #240, #2450, #1240, #1849 ) ) ;
#824 = LINE ( 'NONE', #1288, #221 ) ;
#825 = DIRECTION ( 'NONE',  ( -1.000000000000000000, 0.000000000000000000, 0.000000000000000000 ) ) ;
#826 = VERTEX_POINT ( 'NONE', #1762 ) ;
#827 = ORIENTED_EDGE ( 'NONE', *, *, #2462, .F. ) ;
#828 = CARTESIAN_POINT ( 'NONE',  ( -12.75000000000000000, 8.939999999999999503, 7.000000000000000000 ) ) ;
#829 = CARTESIAN_POINT ( 'NONE',  ( 44.52308080163917481, 17.07106781186546840, 9.466666666668894337 ) ) ;
#830 = AXIS2_PLACEMENT_3D ( 'NONE', #523, #591, #1765 ) ;
#831 = CARTESIAN_POINT ( 'NONE',  ( -38.22507565045912514, 19.87587079795010325, 11.99999999999999645 ) ) ;
#832 = CARTESIAN_POINT ( 'NONE',  ( -45.16897123174064177, 12.44856793733072564, 4.000000000000000000 ) ) ;
#833 = DIRECTION ( 'NONE',  ( -0.000000000000000000, -0.000000000000000000, -1.000000000000000000 ) ) ;
#834 = AXIS2_PLACEMENT_3D ( 'NONE', #2481, #1728, #2920 ) ;
#835 = CARTESIAN_POINT ( 'NONE',  ( 10.24999999999999822, -8.939999999999999503, 4.000000000000000000 ) ) ;
#836 = EDGE_LOOP ( 'NONE', ( #2037, #953 ) ) ;
#837 = EDGE_CURVE ( 'NONE', #841, #3065, #2742, .T. ) ;
#838 = LINE ( 'NONE', #1239, #924 ) ;
#839 = ADVANCED_FACE ( 'NONE', ( #570 ), #1522, .T. ) ;
#840 = CARTESIAN_POINT ( 'NONE',  ( -12.75000000000000000, -8.939999999999999503, 7.000000000000000000 ) ) ;
#841 = VERTEX_POINT ( 'NONE', #92 ) ;
#842 = ORIENTED_EDGE ( 'NONE', *, *, #3079, .T. ) ;
#843 = CARTESIAN_POINT ( 'NONE',  ( -37.74000000000000199, -12.50000000000000000, 12.00000000000000000 ) ) ;
#844 = DIRECTION ( 'NONE',  ( -0.000000000000000000, -0.000000000000000000, -1.000000000000000000 ) ) ;
#845 = DIRECTION ( 'NONE',  ( 1.000000000000000000, 0.000000000000000000, 0.000000000000000000 ) ) ;
#846 = CARTESIAN_POINT ( 'NONE',  ( -24.23999999999999844, 12.50000000000000000, -4.000000000000000888 ) ) ;
#847 = CARTESIAN_POINT ( 'NONE',  ( -45.24000000000000199, 10.00000000000000000, 6.533333333333333215 ) ) ;
#848 = ORIENTED_EDGE ( 'NONE', *, *, #2923, .T. ) ;
#849 = FACE_OUTER_BOUND ( 'NONE', #1623, .T. ) ;
#850 = ADVANCED_FACE ( 'NONE', ( #385 ), #2792, .F. ) ;
#851 = ORIENTED_EDGE ( 'NONE', *, *, #1455, .T. ) ;
#852 = ORIENTED_EDGE ( 'NONE', *, *, #2091, .F. ) ;
#853 = CARTESIAN_POINT ( 'NONE',  ( -8.450000000000024158, -8.939999999999999503, 4.000000000000000000 ) ) ;
#854 = EDGE_CURVE ( 'NONE', #1377, #1609, #2070, .T. ) ;
#855 = CARTESIAN_POINT ( 'NONE',  ( 37.28892476724590921, 19.95476264562733704, 3.999999999999999112 ) ) ;
#856 = CARTESIAN_POINT ( 'NONE',  ( -45.24000000000000909, -10.44967367082003840, 12.00000000000000355 ) ) ;
#857 = CIRCLE ( 'NONE', #3031, 2.099999999999987210 ) ;
#858 = CARTESIAN_POINT ( 'NONE',  ( -12.75000000000000000, -8.939999999999999503, 4.000000000000000000 ) ) ;
#859 = CARTESIAN_POINT ( 'NONE',  ( 12.75000000000000000, -8.939999999999999503, 0.000000000000000000 ) ) ;
#860 = FACE_BOUND ( 'NONE', #794, .T. ) ;
#861 = VERTEX_POINT ( 'NONE', #369 ) ;
#862 = CIRCLE ( 'NONE', #2625, 0.7937499999999976241 ) ;
#863 = CIRCLE ( 'NONE', #2374, 6.120000000000000107 ) ;
#864 = CARTESIAN_POINT ( 'NONE',  ( -45.19146049946903787, -12.10015981297918053, 4.000000000000000000 ) ) ;
#865 = EDGE_LOOP ( 'NONE', ( #2083, #2075, #2880 ) ) ;
#866 = AXIS2_PLACEMENT_3D ( 'NONE', #2664, #1001, #497 ) ;
#867 = DIRECTION ( 'NONE',  ( 1.000000000000000000, 0.000000000000000000, 0.000000000000000000 ) ) ;
#868 = FACE_BOUND ( 'NONE', #2131, .T. ) ;
#869 = VECTOR ( 'NONE', #532, 1000.000000000000000 ) ;
#870 = DIRECTION ( 'NONE',  ( 0.4999999999999943934, 0.000000000000000000, 0.8660254037844418162 ) ) ;
#871 = EDGE_CURVE ( 'NONE', #1343, #176, #2630, .T. ) ;
#872 = EDGE_LOOP ( 'NONE', ( #744, #430, #1733, #2111, #1513, #1436, #2187, #31 ) ) ;
#873 = FACE_OUTER_BOUND ( 'NONE', #823, .T. ) ;
#874 = ORIENTED_EDGE ( 'NONE', *, *, #101, .T. ) ;
#875 = LINE ( 'NONE', #1094, #2242 ) ;
#876 = CARTESIAN_POINT ( 'NONE',  ( -39.09365903183527280, 19.73100495658217923, 12.00000000000000178 ) ) ;
#877 = CARTESIAN_POINT ( 'NONE',  ( -37.49106673972961801, 19.94092098748572894, 4.000000000000000000 ) ) ;
#878 = ADVANCED_FACE ( 'NONE', ( #1781 ), #134, .T. ) ;
#879 = DIRECTION ( 'NONE',  ( 1.000000000000000000, 0.000000000000000000, 0.000000000000000000 ) ) ;
#880 = AXIS2_PLACEMENT_3D ( 'NONE', #1408, #2690, #2922 ) ;
#881 = CARTESIAN_POINT ( 'NONE',  ( -24.23999999999999844, -12.50000000000000000, -4.000000000000000000 ) ) ;
#882 = VERTEX_POINT ( 'NONE', #1379 ) ;
#883 = AXIS2_PLACEMENT_3D ( 'NONE', #633, #2823, #1588 ) ;
#884 = DIRECTION ( 'NONE',  ( -0.000000000000000000, -0.000000000000000000, -1.000000000000000000 ) ) ;
#885 = VERTEX_POINT ( 'NONE', #2577 ) ;
#886 = LINE ( 'NONE', #81, #3057 ) ;
#887 = DIRECTION ( 'NONE',  ( 0.000000000000000000, 0.000000000000000000, -1.000000000000000000 ) ) ;
#888 = CARTESIAN_POINT ( 'NONE',  ( 44.06046447999232640, 16.56518160031025388, 4.000000000000000888 ) ) ;
#889 = ORIENTED_EDGE ( 'NONE', *, *, #871, .T. ) ;
#890 = VERTEX_POINT ( 'NONE', #909 ) ;
#891 = CARTESIAN_POINT ( 'NONE',  ( -45.16837524281675087, 12.41195190758807421, 12.00000000000000000 ) ) ;
#892 = CARTESIAN_POINT ( 'NONE',  ( -36.14523192547336805, 19.99999999999998934, 3.999999999999999112 ) ) ;
#893 = DIRECTION ( 'NONE',  ( -0.000000000000000000, -0.000000000000000000, -1.000000000000000000 ) ) ;
#894 = CARTESIAN_POINT ( 'NONE',  ( 12.75000000000000000, 8.939999999999999503, 7.000000000000000000 ) ) ;
#895 = ADVANCED_FACE ( 'NONE', ( #1886 ), #253, .T. ) ;
#896 = VERTEX_POINT ( 'NONE', #1873 ) ;
#897 = CARTESIAN_POINT ( 'NONE',  ( -45.24000000000000199, 13.36396103067893115, 12.40000000000000036 ) ) ;
#898 = DIRECTION ( 'NONE',  ( -1.000000000000000000, 0.000000000000000000, 0.000000000000000000 ) ) ;
#899 = DIRECTION ( 'NONE',  ( 0.4999999999999946154, 0.000000000000000000, 0.8660254037844418162 ) ) ;
#900 = CARTESIAN_POINT ( 'NONE',  ( 44.92783223522565805, 14.06138901335551239, 11.99999999999999822 ) ) ;
#901 = ORIENTED_EDGE ( 'NONE', *, *, #164, .F. ) ;
#902 = ORIENTED_EDGE ( 'NONE', *, *, #1759, .F. ) ;
#903 = CARTESIAN_POINT ( 'NONE',  ( -44.91498649408951138, -14.12004919267219982, 12.00000000000000178 ) ) ;
#904 = DIRECTION ( 'NONE',  ( -1.000000000000000000, 0.000000000000000000, 0.000000000000000000 ) ) ;
#905 = DIRECTION ( 'NONE',  ( -1.000000000000000000, 0.000000000000000000, 0.000000000000000000 ) ) ;
#906 = AXIS2_PLACEMENT_3D ( 'NONE', #167, #1852, #904 ) ;
#907 = EDGE_CURVE ( 'NONE', #1792, #1016, #2654, .T. ) ;
#908 = VECTOR ( 'NONE', #114, 1000.000000000000000 ) ;
#909 = CARTESIAN_POINT ( 'NONE',  ( 17.04999999999997584, 8.939999999999999503, 4.000000000000000000 ) ) ;
#910 = DIRECTION ( 'NONE',  ( 0.000000000000000000, 0.000000000000000000, 1.000000000000000000 ) ) ;
#911 = VECTOR ( 'NONE', #1980, 1000.000000000000000 ) ;
#912 = EDGE_CURVE ( 'NONE', #1745, #1967, #2933, .T. ) ;
#913 = CARTESIAN_POINT ( 'NONE',  ( 45.19344129893558915, 12.06976385835556798, 12.00000000000000000 ) ) ;
#914 = VECTOR ( 'NONE', #2400, 1000.000000000000000 ) ;
#915 = CARTESIAN_POINT ( 'NONE',  ( 37.74000000000000909, 12.50000000000000000, 7.649999999999999467 ) ) ;
#916 = ORIENTED_EDGE ( 'NONE', *, *, #2852, .T. ) ;
#917 = DIRECTION ( 'NONE',  ( 0.000000000000000000, 0.000000000000000000, 1.000000000000000000 ) ) ;
#918 = DIRECTION ( 'NONE',  ( -1.000000000000000000, 0.000000000000000000, 0.000000000000000000 ) ) ;
#919 = CARTESIAN_POINT ( 'NONE',  ( 35.24000000000000909, -20.00000000000000000, 12.00000000000000000 ) ) ;
#920 = ORIENTED_EDGE ( 'NONE', *, *, #1525, .T. ) ;
#921 = CARTESIAN_POINT ( 'NONE',  ( 45.24000000000000909, -10.00000000000000000, 9.466666666668894337 ) ) ;
#922 = CARTESIAN_POINT ( 'NONE',  ( -13.54374999999998863, 8.939999999999999503, -1.458095095234814963E-15 ) ) ;
#923 = DIRECTION ( 'NONE',  ( -0.000000000000000000, -0.000000000000000000, -1.000000000000000000 ) ) ;
#924 = VECTOR ( 'NONE', #1490, 1000.000000000000000 ) ;
#925 = DIRECTION ( 'NONE',  ( 0.000000000000000000, 0.000000000000000000, 1.000000000000000000 ) ) ;
#926 = ADVANCED_FACE ( 'NONE', ( #2873 ), #658, .F. ) ;
#927 = AXIS2_PLACEMENT_3D ( 'NONE', #2307, #910, #455 ) ;
#928 = FACE_OUTER_BOUND ( 'NONE', #607, .T. ) ;
#929 = CARTESIAN_POINT ( 'NONE',  ( 37.30039140696373323, -19.95403787778065663, 11.99999999999999822 ) ) ;
#930 = ORIENTED_EDGE ( 'NONE', *, *, #625, .F. ) ;
#931 = CARTESIAN_POINT ( 'NONE',  ( -45.16897123172722672, -12.44856793741897505, 12.00000000000000178 ) ) ;
#932 = LINE ( 'NONE', #1898, #154 ) ;
#933 = VERTEX_POINT ( 'NONE', #922 ) ;
#934 = PLANE ( 'NONE',  #2280 ) ;
#935 = ORIENTED_EDGE ( 'NONE', *, *, #1087, .T. ) ;
#936 = CARTESIAN_POINT ( 'NONE',  ( -35.24000000000000199, 20.00000000000000000, 12.40000000000000036 ) ) ;
#937 = CARTESIAN_POINT ( 'NONE',  ( 44.56998031793912673, -15.67168095598914945, 4.000000000000000000 ) ) ;
#938 = DIRECTION ( 'NONE',  ( -0.000000000000000000, -0.000000000000000000, 1.000000000000000000 ) ) ;
#939 = CARTESIAN_POINT ( 'NONE',  ( -19.23999999999999488, 12.50000000000000000, 0.8823085463759948732 ) ) ;
#940 = ORIENTED_EDGE ( 'NONE', *, *, #419, .F. ) ;
#941 = CARTESIAN_POINT ( 'NONE',  ( 12.75000000000000000, 8.939999999999999503, 4.000000000000000000 ) ) ;
#942 = ADVANCED_FACE ( 'NONE', ( #3067 ), #2858, .T. ) ;
#943 = DIRECTION ( 'NONE',  ( 1.000000000000000000, 0.000000000000000000, -0.000000000000000000 ) ) ;
#944 = DIRECTION ( 'NONE',  ( 0.000000000000000000, 0.000000000000000000, 1.000000000000000000 ) ) ;
#945 = EDGE_LOOP ( 'NONE', ( #1274, #3011, #1197, #1655 ) ) ;
#946 = CARTESIAN_POINT ( 'NONE',  ( -44.92036626040405878, -14.09564450446338135, 11.99999999999999822 ) ) ;
#947 = DIRECTION ( 'NONE',  ( -0.000000000000000000, -0.000000000000000000, -1.000000000000000000 ) ) ;
#948 = EDGE_CURVE ( 'NONE', #1546, #1092, #2619, .T. ) ;
#949 = CARTESIAN_POINT ( 'NONE',  ( 29.24000000000000199, 12.50000000000000000, -4.000000000000000000 ) ) ;
#950 = ORIENTED_EDGE ( 'NONE', *, *, #62, .T. ) ;
#951 = DIRECTION ( 'NONE',  ( -1.000000000000000000, 0.000000000000000000, 0.000000000000000000 ) ) ;
#952 = CARTESIAN_POINT ( 'NONE',  ( 42.60099510300894110, -18.24739685556429336, 4.000000000000000000 ) ) ;
#953 = ORIENTED_EDGE ( 'NONE', *, *, #1008, .T. ) ;
#954 = DIRECTION ( 'NONE',  ( -0.000000000000000000, -0.000000000000000000, -1.000000000000000000 ) ) ;
#955 = AXIS2_PLACEMENT_3D ( 'NONE', #2057, #1388, #1346 ) ;
#956 = CARTESIAN_POINT ( 'NONE',  ( 42.60099510298422132, 18.24739685556982138, 12.00000000000000000 ) ) ;
#957 = AXIS2_PLACEMENT_3D ( 'NONE', #183, #395, #2102 ) ;
#958 = AXIS2_PLACEMENT_3D ( 'NONE', #57, #2649, #1214 ) ;
#959 = ORIENTED_EDGE ( 'NONE', *, *, #2820, .F. ) ;
#960 = CARTESIAN_POINT ( 'NONE',  ( -42.60099510298420000, -18.24739685557133839, 12.00000000000000000 ) ) ;
#961 = CIRCLE ( 'NONE', #258, 4.299999999999975842 ) ;
#962 = DIRECTION ( 'NONE',  ( 0.4999999999999947820, 0.000000000000000000, 0.8660254037844415942 ) ) ;
#963 = VERTEX_POINT ( 'NONE', #214 ) ;
#964 = CIRCLE ( 'NONE', #259, 6.120000000000000107 ) ;
#965 = EDGE_LOOP ( 'NONE', ( #262, #1866, #2486 ) ) ;
#966 = EDGE_CURVE ( 'NONE', #2769, #760, #2421, .T. ) ;
#967 = EDGE_CURVE ( 'NONE', #176, #420, #470, .T. ) ;
#968 = DIRECTION ( 'NONE',  ( -1.000000000000000000, 0.000000000000000000, 0.000000000000000000 ) ) ;
#969 = ORIENTED_EDGE ( 'NONE', *, *, #1786, .F. ) ;
#970 = CARTESIAN_POINT ( 'NONE',  ( 45.24000000000000909, -9.999999999999998224, 12.00000000000000000 ) ) ;
#971 = EDGE_CURVE ( 'NONE', #1192, #2711, #1565, .T. ) ;
#972 = CARTESIAN_POINT ( 'NONE',  ( -17.44000000000000483, -12.50000000000000000, 4.000000000000000000 ) ) ;
#973 =( GEOMETRIC_REPRESENTATION_CONTEXT ( 3 ) GLOBAL_UNCERTAINTY_ASSIGNED_CONTEXT ( ( #1833 ) ) GLOBAL_UNIT_ASSIGNED_CONTEXT ( ( #2895, #1441, #1681 ) ) REPRESENTATION_CONTEXT ( 'NONE', 'WORKASPACE' ) );
#974 = FACE_OUTER_BOUND ( 'NONE', #481, .T. ) ;
#975 = CIRCLE ( 'NONE', #2184, 6.120000000000000107 ) ;
#976 = CARTESIAN_POINT ( 'NONE',  ( 39.36004919267067237, -19.67498649408978650, 12.00000000000000533 ) ) ;
#977 = CIRCLE ( 'NONE', #175, 2.500000000000000444 ) ;
#978 = ORIENTED_EDGE ( 'NONE', *, *, #3019, .T. ) ;
#979 = DIRECTION ( 'NONE',  ( 1.000000000000000000, 0.000000000000000000, 0.000000000000000000 ) ) ;
#980 = CARTESIAN_POINT ( 'NONE',  ( 29.24000000000000199, 12.50000000000000000, 0.8823085463759948732 ) ) ;
#981 = CARTESIAN_POINT ( 'NONE',  ( 35.23999999999998778, 20.00000000000000000, 6.666666666666664298 ) ) ;
#982 = ORIENTED_EDGE ( 'NONE', *, *, #588, .F. ) ;
#983 = DIRECTION ( 'NONE',  ( 1.000000000000000000, 0.000000000000000000, 0.000000000000000000 ) ) ;
#984 = EDGE_CURVE ( 'NONE', #2334, #2468, #1152, .T. ) ;
#985 = CARTESIAN_POINT ( 'NONE',  ( 31.62000000000000810, -12.50000000000000000, 4.000000000000000000 ) ) ;
#986 = CARTESIAN_POINT ( 'NONE',  ( 44.91714171312207071, -14.11029180112305426, 3.999999999999999112 ) ) ;
#987 = CARTESIAN_POINT ( 'NONE',  ( -44.90852346761725045, -14.14904935204042680, 4.000000000000000000 ) ) ;
#988 = CARTESIAN_POINT ( 'NONE',  ( 45.24000000000000199, 9.999999999999998224, 4.000000000000000000 ) ) ;
#989 = EDGE_CURVE ( 'NONE', #2240, #1323, #1771, .T. ) ;
#990 = DIRECTION ( 'NONE',  ( -0.000000000000000000, -0.000000000000000000, -1.000000000000000000 ) ) ;
#991 = B_SPLINE_CURVE_WITH_KNOTS ( 'NONE', 3,
 ( #2192, #2675, #1445, #707 ),
 .UNSPECIFIED., .F., .F.,
 ( 4, 4 ),
 ( 0.000000000000000000, 1.000000000000000000 ),
 .UNSPECIFIED. ) ;
#992 = CARTESIAN_POINT ( 'NONE',  ( 38.22507565051195400, -19.87587079794414180, 11.99999999999999822 ) ) ;
#993 = ORIENTED_EDGE ( 'NONE', *, *, #3077, .F. ) ;
#994 = CARTESIAN_POINT ( 'NONE',  ( -36.92198051533946312, -20.00000000000000000, 12.40000000000000036 ) ) ;
#995 = EDGE_LOOP ( 'NONE', ( #803, #1398 ) ) ;
#996 = CARTESIAN_POINT ( 'NONE',  ( 37.74000000000000909, -12.50000000000000000, 4.000000000000000000 ) ) ;
#997 = CARTESIAN_POINT ( 'NONE',  ( 38.60396103067893137, 20.00000000000000000, 3.599999999999999201 ) ) ;
#998 = ORIENTED_EDGE ( 'NONE', *, *, #2153, .T. ) ;
#999 = CYLINDRICAL_SURFACE ( 'NONE', #630, 2.099999999999990763 ) ;
#1000 = CARTESIAN_POINT ( 'NONE',  ( -12.75000000000000000, 8.939999999999999503, 4.000000000000000000 ) ) ;
#1001 = DIRECTION ( 'NONE',  ( -1.000000000000000000, 0.000000000000000000, -0.000000000000000000 ) ) ;
#1002 = EDGE_CURVE ( 'NONE', #1909, #861, #1204, .T. ) ;
#1003 = APPLICATION_CONTEXT ( 'automotive_design' ) ;
#1004 = LINE ( 'NONE', #2685, #571 ) ;
#1005 = CARTESIAN_POINT ( 'NONE',  ( -37.26190333506260544, -19.95643371773760677, 4.000000000000000000 ) ) ;
#1006 = ORIENTED_EDGE ( 'NONE', *, *, #126, .F. ) ;
#1007 = CYLINDRICAL_SURFACE ( 'NONE', #328, 2.749999999999995559 ) ;
#1008 = EDGE_CURVE ( 'NONE', #2839, #896, #661, .T. ) ;
#1009 = AXIS2_PLACEMENT_3D ( 'NONE', #2868, #464, #2388 ) ;
#1010 = ORIENTED_EDGE ( 'NONE', *, *, #126, .T. ) ;
#1011 = VERTEX_POINT ( 'NONE', #1198 ) ;
#1012 = CARTESIAN_POINT ( 'NONE',  ( -36.92198051533946312, -20.00000000000000000, 9.466666666668894337 ) ) ;
#1013 = VECTOR ( 'NONE', #3032, 1000.000000000000000 ) ;
#1014 = ORIENTED_EDGE ( 'NONE', *, *, #1907, .T. ) ;
#1015 = CARTESIAN_POINT ( 'NONE',  ( 45.24000000000000199, 13.36396103067893115, 6.533333333333333215 ) ) ;
#1016 = VERTEX_POINT ( 'NONE', #2198 ) ;
#1017 = VECTOR ( 'NONE', #408, 1000.000000000000000 ) ;
#1018 = CARTESIAN_POINT ( 'NONE',  ( 42.31106781186548460, -19.28308080163917282, 12.40000000000000036 ) ) ;
#1019 = CARTESIAN_POINT ( 'NONE',  ( 45.24000000000000909, -20.00000000000000000, 12.00000000000000000 ) ) ;
#1020 = DIRECTION ( 'NONE',  ( -1.000000000000000000, 0.000000000000000000, 0.000000000000000000 ) ) ;
#1021 = CARTESIAN_POINT ( 'NONE',  ( 36.14523192544768193, -20.00000000000000000, 3.999999999999999112 ) ) ;
#1022 = DIRECTION ( 'NONE',  ( -0.000000000000000000, -0.000000000000000000, 1.000000000000000000 ) ) ;
#1023 = CARTESIAN_POINT ( 'NONE',  ( -43.48739685556323309, -17.36099510298787507, 4.000000000000001776 ) ) ;
#1024 = ORIENTED_EDGE ( 'NONE', *, *, #46, .F. ) ;
#1025 = FACE_BOUND ( 'NONE', #2689, .T. ) ;
#1026 = VECTOR ( 'NONE', #2457, 1000.000000000000000 ) ;
#1027 = EDGE_CURVE ( 'NONE', #1792, #2297, #2406, .T. ) ;
#1028 = EDGE_LOOP ( 'NONE', ( #2008, #2826, #450, #1769 ) ) ;
#1029 = CARTESIAN_POINT ( 'NONE',  ( -45.24000000000000199, -13.36396103067893115, 6.533333333333333215 ) ) ;
#1030 = VECTOR ( 'NONE', #1242, 1000.000000000000227 ) ;
#1031 = EDGE_LOOP ( 'NONE', ( #205, #1491, #1058, #2350 ) ) ;
#1032 = LINE ( 'NONE', #795, #1668 ) ;
#1033 = CARTESIAN_POINT ( 'NONE',  ( 45.24000000000000199, 10.00000000000000178, 12.00000000000000000 ) ) ;
#1034 = FACE_OUTER_BOUND ( 'NONE', #1446, .T. ) ;
#1035 = CARTESIAN_POINT ( 'NONE',  ( -12.75000000000000000, 8.939999999999999503, 4.000000000000000000 ) ) ;
#1036 = FACE_OUTER_BOUND ( 'NONE', #1028, .T. ) ;
#1037 = FACE_OUTER_BOUND ( 'NONE', #1228, .T. ) ;
#1038 = CARTESIAN_POINT ( 'NONE',  ( -44.83015808752855946, -14.47765388994380764, 3.999999999999999112 ) ) ;
#1039 = ORIENTED_EDGE ( 'NONE', *, *, #2744, .T. ) ;
#1040 = PLANE ( 'NONE',  #1325 ) ;
#1041 = CARTESIAN_POINT ( 'NONE',  ( 24.23999999999999844, -12.50000000000000000, 0.8823085463759948732 ) ) ;
#1042 = ORIENTED_EDGE ( 'NONE', *, *, #2988, .T. ) ;
#1043 = FACE_OUTER_BOUND ( 'NONE', #1371, .T. ) ;
#1044 = EDGE_CURVE ( 'NONE', #96, #1806, #1871, .T. ) ;
#1045 = DIRECTION ( 'NONE',  ( -0.000000000000000000, -0.000000000000000000, -1.000000000000000000 ) ) ;
#1046 = ORIENTED_EDGE ( 'NONE', *, *, #871, .F. ) ;
#1047 = CARTESIAN_POINT ( 'NONE',  ( 29.24000000000000199, -12.50000000000000000, -4.000000000000000000 ) ) ;
#1048 = CARTESIAN_POINT ( 'NONE',  ( 45.24000000000000199, 13.36396103067893115, 9.466666666668894337 ) ) ;
#1049 = CARTESIAN_POINT ( 'NONE',  ( 36.92198051533947023, -20.00000000000000355, 6.533333333333333215 ) ) ;
#1050 = ADVANCED_FACE ( 'NONE', ( #1702 ), #2952, .F. ) ;
#1051 = CARTESIAN_POINT ( 'NONE',  ( -26.33999999999998565, 12.50000000000000000, -4.000000000000000888 ) ) ;
#1052 = DIRECTION ( 'NONE',  ( -0.000000000000000000, -0.000000000000000000, 1.000000000000000000 ) ) ;
#1053 = ORIENTED_EDGE ( 'NONE', *, *, #3091, .T. ) ;
#1054 = DIRECTION ( 'NONE',  ( -1.000000000000000000, 0.000000000000000000, 0.000000000000000000 ) ) ;
#1055 = ORIENTED_EDGE ( 'NONE', *, *, #2739, .T. ) ;
#1056 = DIRECTION ( 'NONE',  ( -1.000000000000000000, 0.000000000000000000, 0.000000000000000000 ) ) ;
#1057 = DIRECTION ( 'NONE',  ( -0.8571673007021113344, 0.000000000000000000, -0.5150380749100558209 ) ) ;
#1058 = ORIENTED_EDGE ( 'NONE', *, *, #606, .F. ) ;
#1059 = VECTOR ( 'NONE', #1450, 1000.000000000000000 ) ;
#1060 = PLANE ( 'NONE',  #72 ) ;
#1061 = CONICAL_SURFACE ( 'NONE', #459, 4.299999999999975842, 0.5235987755982924874 ) ;
#1062 = ORIENTED_EDGE ( 'NONE', *, *, #2290, .T. ) ;
#1063 = FACE_BOUND ( 'NONE', #146, .T. ) ;
#1064 = CARTESIAN_POINT ( 'NONE',  ( 42.31106781186547749, 19.28308080163916571, 3.599999999999999201 ) ) ;
#1065 = CARTESIAN_POINT ( 'NONE',  ( 40.49000000000000909, 12.50000000000000000, 7.649999999999999467 ) ) ;
#1066 = AXIS2_PLACEMENT_3D ( 'NONE', #2256, #1318, #2532 ) ;
#1067 = CARTESIAN_POINT ( 'NONE',  ( -38.58175283897863750, 19.82705614453105269, 3.999999999999999112 ) ) ;
#1068 = AXIS2_PLACEMENT_3D ( 'NONE', #846, #2033, #3001 ) ;
#1069 = DIRECTION ( 'NONE',  ( -1.000000000000000000, 0.000000000000000000, 0.000000000000000000 ) ) ;
#1070 = EDGE_CURVE ( 'NONE', #2320, #1806, #242, .T. ) ;
#1071 = ORIENTED_EDGE ( 'NONE', *, *, #2395, .T. ) ;
#1072 = EDGE_CURVE ( 'NONE', #1384, #1192, #785, .T. ) ;
#1073 = LINE ( 'NONE', #2787, #566 ) ;
#1074 = EDGE_LOOP ( 'NONE', ( #2437, #29, #2610, #3073 ) ) ;
#1075 = ADVANCED_FACE ( 'NONE', ( #1448 ), #1501, .F. ) ;
#1076 = CARTESIAN_POINT ( 'NONE',  ( -37.74000000000000199, -12.50000000000000000, 4.000000000000000000 ) ) ;
#1077 = DIRECTION ( 'NONE',  ( 1.000000000000000000, -0.000000000000000000, 0.000000000000000000 ) ) ;
#1078 = ORIENTED_EDGE ( 'NONE', *, *, #1652, .F. ) ;
#1079 = VERTEX_POINT ( 'NONE', #2148 ) ;
#1080 = DIRECTION ( 'NONE',  ( -1.000000000000000000, 0.000000000000000000, 0.000000000000000000 ) ) ;
#1081 = CIRCLE ( 'NONE', #880, 0.7937499999999976241 ) ;
#1082 = CARTESIAN_POINT ( 'NONE',  ( -45.18951640129638747, 12.12929317395980533, 11.99999999999999822 ) ) ;
#1083 = AXIS2_PLACEMENT_3D ( 'NONE', #550, #515, #348 ) ;
#1084 = DIRECTION ( 'NONE',  ( -0.000000000000000000, -0.000000000000000000, -1.000000000000000000 ) ) ;
#1085 = CARTESIAN_POINT ( 'NONE',  ( -24.23999999999999844, -12.50000000000000000, 12.00000000000000000 ) ) ;
#1086 = CARTESIAN_POINT ( 'NONE',  ( 38.58175283897666219, -19.82705614453345078, 4.000000000000000000 ) ) ;
#1087 = EDGE_CURVE ( 'NONE', #2839, #1725, #6, .T. ) ;
#1088 = CARTESIAN_POINT ( 'NONE',  ( -45.24000000000000199, 10.00000000000000000, 9.466666666668894337 ) ) ;
#1089 = VERTEX_POINT ( 'NONE', #3118 ) ;
#1090 = EDGE_CURVE ( 'NONE', #77, #557, #5, .T. ) ;
#1091 = DIRECTION ( 'NONE',  ( 1.000000000000000000, 0.000000000000000000, 0.000000000000000000 ) ) ;
#1092 = VERTEX_POINT ( 'NONE', #742 ) ;
#1093 = DIRECTION ( 'NONE',  ( -1.000000000000000000, 0.000000000000000000, 0.000000000000000000 ) ) ;
#1094 = CARTESIAN_POINT ( 'NONE',  ( -29.24000000000000199, 12.50000000000000000, 0.8823085463759948732 ) ) ;
#1095 = CARTESIAN_POINT ( 'NONE',  ( -45.24000000000000199, -9.999999999999998224, 12.00000000000000000 ) ) ;
#1096 = CARTESIAN_POINT ( 'NONE',  ( -39.40828895011484434, 19.66418943054383917, 4.000000000000000888 ) ) ;
#1097 = DIRECTION ( 'NONE',  ( 0.000000000000000000, 0.000000000000000000, -1.000000000000000000 ) ) ;
#1098 = DIRECTION ( 'NONE',  ( 1.000000000000000000, 0.000000000000000000, -0.000000000000000000 ) ) ;
#1099 = ORIENTED_EDGE ( 'NONE', *, *, #2723, .T. ) ;
#1100 = DIRECTION ( 'NONE',  ( -1.000000000000000000, 0.000000000000000000, 0.000000000000000000 ) ) ;
#1101 = EDGE_CURVE ( 'NONE', #344, #96, #2680, .T. ) ;
#1102 = ORIENTED_EDGE ( 'NONE', *, *, #2153, .F. ) ;
#1103 = DIRECTION ( 'NONE',  ( -0.000000000000000000, -0.000000000000000000, -1.000000000000000000 ) ) ;
#1104 = LINE ( 'NONE', #1555, #107 ) ;
#1105 = EDGE_CURVE ( 'NONE', #1246, #2650, #1232, .T. ) ;
#1106 = ORIENTED_EDGE ( 'NONE', *, *, #1105, .T. ) ;
#1107 = ORIENTED_EDGE ( 'NONE', *, *, #1836, .F. ) ;
#1108 = CARTESIAN_POINT ( 'NONE',  ( -44.87083907881530109, 14.31201827459979015, 12.00000000000000000 ) ) ;
#1109 = CARTESIAN_POINT ( 'NONE',  ( -37.33229604674565394, 19.95197769141978483, 4.000000000000000888 ) ) ;
#1110 = FACE_OUTER_BOUND ( 'NONE', #801, .T. ) ;
#1111 = CARTESIAN_POINT ( 'NONE',  ( -12.75000000000000000, 8.939999999999999503, 0.000000000000000000 ) ) ;
#1112 = CIRCLE ( 'NONE', #613, 4.299999999999975842 ) ;
#1113 = CARTESIAN_POINT ( 'NONE',  ( 40.49000000000000199, -12.50000000000000000, 12.00000000000000000 ) ) ;
#1114 = ORIENTED_EDGE ( 'NONE', *, *, #2305, .T. ) ;
#1115 = VECTOR ( 'NONE', #3029, 1000.000000000000000 ) ;
#1116 = B_SPLINE_CURVE_WITH_KNOTS ( 'NONE', 3,
 ( #2315, #184, #2819, #919 ),
 .UNSPECIFIED., .F., .F.,
 ( 4, 4 ),
 ( 0.000000000000000000, 1.000000000000000000 ),
 .UNSPECIFIED. ) ;
#1117 = VECTOR ( 'NONE', #1143, 1000.000000000000227 ) ;
#1118 = DIRECTION ( 'NONE',  ( 0.4999999999999946154, 0.000000000000000000, -0.8660254037844418162 ) ) ;
#1119 = EDGE_CURVE ( 'NONE', #605, #1269, #2226, .T. ) ;
#1120 = ORIENTED_EDGE ( 'NONE', *, *, #40, .T. ) ;
#1121 = ORIENTED_EDGE ( 'NONE', *, *, #213, .F. ) ;
#1122 = CARTESIAN_POINT ( 'NONE',  ( -37.74000000000000199, -12.50000000000000000, 7.649999999999999467 ) ) ;
#1123 = CARTESIAN_POINT ( 'NONE',  ( -45.23413310454539982, 11.04637787547699368, 4.000000000000000888 ) ) ;
#1124 = PLANE ( 'NONE',  #955 ) ;
#1125 = DIRECTION ( 'NONE',  ( -0.000000000000000000, -0.000000000000000000, -1.000000000000000000 ) ) ;
#1126 = CIRCLE ( 'NONE', #2902, 4.299999999999975842 ) ;
#1127 = CARTESIAN_POINT ( 'NONE',  ( -44.52308080163917481, 17.07106781186547195, 9.466666666668894337 ) ) ;
#1128 = CARTESIAN_POINT ( 'NONE',  ( 17.44000000000000483, 0.000000000000000000, 4.000000000000000000 ) ) ;
#1129 = CARTESIAN_POINT ( 'NONE',  ( 45.23999999999999488, 10.44967367076837306, 12.00000000000000000 ) ) ;
#1130 = ORIENTED_EDGE ( 'NONE', *, *, #1174, .F. ) ;
#1131 = CARTESIAN_POINT ( 'NONE',  ( -22.14000000000001123, -12.50000000000000000, -4.000000000000000888 ) ) ;
#1132 = CARTESIAN_POINT ( 'NONE',  ( -12.75000000000000000, 8.939999999999999503, 0.8823085463760174108 ) ) ;
#1133 = ORIENTED_EDGE ( 'NONE', *, *, #1417, .T. ) ;
#1134 = ADVANCED_FACE ( 'NONE', ( #2907 ), #2459, .T. ) ;
#1135 = CARTESIAN_POINT ( 'NONE',  ( -44.74307725553696713, 14.80231452337431008, 11.99999999999999645 ) ) ;
#1136 = DIRECTION ( 'NONE',  ( -1.000000000000000000, 0.000000000000000000, 0.000000000000000000 ) ) ;
#1137 = DIRECTION ( 'NONE',  ( -0.000000000000000000, -0.000000000000000000, -1.000000000000000000 ) ) ;
#1138 = ADVANCED_FACE ( 'NONE', ( #1960 ), #3086, .T. ) ;
#1139 = DIRECTION ( 'NONE',  ( 1.000000000000000000, 0.000000000000000000, 0.000000000000000000 ) ) ;
#1140 = ORIENTED_EDGE ( 'NONE', *, *, #1455, .F. ) ;
#1141 = CARTESIAN_POINT ( 'NONE',  ( 37.74000000000000909, -12.50000000000000000, 7.649999999999999467 ) ) ;
#1142 = CARTESIAN_POINT ( 'NONE',  ( 45.19355278941949905, 12.06801050586955526, 11.99999999999999467 ) ) ;
#1143 = DIRECTION ( 'NONE',  ( 0.4999999999999943934, 0.000000000000000000, 0.8660254037844418162 ) ) ;
#1144 = EDGE_LOOP ( 'NONE', ( #2040, #695, #2311, #1971 ) ) ;
#1145 = CYLINDRICAL_SURFACE ( 'NONE', #1221, 2.750000000000002665 ) ;
#1146 = FACE_OUTER_BOUND ( 'NONE', #2207, .T. ) ;
#1147 = DIRECTION ( 'NONE',  ( -1.000000000000000000, 0.000000000000000000, 0.000000000000000000 ) ) ;
#1148 = EDGE_CURVE ( 'NONE', #890, #2945, #160, .T. ) ;
#1149 = CARTESIAN_POINT ( 'NONE',  ( 45.24000000000000909, -9.999999999999998224, 12.00000000000000000 ) ) ;
#1150 = EDGE_CURVE ( 'NONE', #341, #2770, #961, .T. ) ;
#1151 = DIRECTION ( 'NONE',  ( -1.000000000000000000, 0.000000000000000000, 0.000000000000000000 ) ) ;
#1152 = CIRCLE ( 'NONE', #958, 2.500000000000000444 ) ;
#1153 = CARTESIAN_POINT ( 'NONE',  ( 37.96864937535304563, 19.89956309200429629, 12.00000000000000000 ) ) ;
#1154 = CIRCLE ( 'NONE', #2073, 0.7937499999999888534 ) ;
#1155 = PRESENTATION_STYLE_ASSIGNMENT (( #2168 ) ) ;
#1156 = VECTOR ( 'NONE', #1103, 1000.000000000000000 ) ;
#1157 = CARTESIAN_POINT ( 'NONE',  ( 37.20679671268248967, -19.95969565049687588, 12.00000000000000178 ) ) ;
#1158 = CARTESIAN_POINT ( 'NONE',  ( -29.24000000000000199, -12.50000000000000000, -4.000000000000000000 ) ) ;
#1159 = VERTEX_POINT ( 'NONE', #1051 ) ;
#1160 = CARTESIAN_POINT ( 'NONE',  ( -45.19355278941950615, -12.06801050587115220, 11.99999999999999822 ) ) ;
#1161 = DIRECTION ( 'NONE',  ( -0.000000000000000000, -0.000000000000000000, -1.000000000000000000 ) ) ;
#1162 = VERTEX_POINT ( 'NONE', #1300 ) ;
#1163 = FACE_OUTER_BOUND ( 'NONE', #2503, .T. ) ;
#1164 = ORIENTED_EDGE ( 'NONE', *, *, #382, .F. ) ;
#1165 = CARTESIAN_POINT ( 'NONE',  ( 45.24000000000000909, -11.68198051533946291, 6.533333333333333215 ) ) ;
#1166 = CONICAL_SURFACE ( 'NONE', #1785, 0.7937499999999976241, 1.029744258676652535 ) ;
#1167 = CARTESIAN_POINT ( 'NONE',  ( 45.24000000000000909, -9.999999999999998224, 4.000000000000000000 ) ) ;
#1168 = AXIS2_PLACEMENT_3D ( 'NONE', #120, #1597, #406 ) ;
#1169 = EDGE_CURVE ( 'NONE', #1382, #2915, #1154, .T. ) ;
#1170 = AXIS2_PLACEMENT_3D ( 'NONE', #2900, #529, #1243 ) ;
#1171 = CARTESIAN_POINT ( 'NONE',  ( 39.46837414226465057, 19.65046471828353702, 11.99999999999999645 ) ) ;
#1172 = CIRCLE ( 'NONE', #1170, 0.7937499999999976241 ) ;
#1173 = DIRECTION ( 'NONE',  ( -1.000000000000000000, 0.000000000000000000, 0.000000000000000000 ) ) ;
#1174 = EDGE_CURVE ( 'NONE', #896, #2839, #1568, .T. ) ;
#1175 = CARTESIAN_POINT ( 'NONE',  ( 44.97939422524233777, -13.83248471310059635, 11.99999999999999822 ) ) ;
#1176 = CARTESIAN_POINT ( 'NONE',  ( -12.75000000000000000, 8.939999999999999503, 0.000000000000000000 ) ) ;
#1177 = VERTEX_POINT ( 'NONE', #139 ) ;
#1178 = CARTESIAN_POINT ( 'NONE',  ( -45.19344129893573125, -12.06976385835463894, 12.00000000000000000 ) ) ;
#1179 = DIRECTION ( 'NONE',  ( -0.000000000000000000, -0.000000000000000000, 1.000000000000000000 ) ) ;
#1180 = EDGE_LOOP ( 'NONE', ( #2260, #428 ) ) ;
#1181 = DIRECTION ( 'NONE',  ( -0.000000000000000000, -0.000000000000000000, -1.000000000000000000 ) ) ;
#1182 = CARTESIAN_POINT ( 'NONE',  ( 39.42634549493540419, -19.66009882397213104, 4.000000000000000000 ) ) ;
#1183 = CARTESIAN_POINT ( 'NONE',  ( 31.03999999999999204, 0.000000000000000000, 4.000000000000000000 ) ) ;
#1184 = ORIENTED_EDGE ( 'NONE', *, *, #1544, .T. ) ;
#1185 = CARTESIAN_POINT ( 'NONE',  ( 22.14000000000001123, -12.50000000000000000, -4.000000000000000888 ) ) ;
#1186 = CARTESIAN_POINT ( 'NONE',  ( 37.49106673972916326, 19.94092098748628672, 12.00000000000000355 ) ) ;
#1187 = EDGE_CURVE ( 'NONE', #179, #1521, #2287, .T. ) ;
#1188 = VERTEX_POINT ( 'NONE', #1583 ) ;
#1189 = DIRECTION ( 'NONE',  ( -1.000000000000000000, 0.000000000000000000, 0.000000000000000000 ) ) ;
#1190 = EDGE_CURVE ( 'NONE', #704, #2522, #1712, .T. ) ;
#1191 = CARTESIAN_POINT ( 'NONE',  ( 44.87083907881893907, -14.31201827459463871, 12.00000000000000178 ) ) ;
#1192 = VERTEX_POINT ( 'NONE', #1569 ) ;
#1193 = ADVANCED_FACE ( 'NONE', ( #860, #1758 ), #818, .F. ) ;
#1194 = CARTESIAN_POINT ( 'NONE',  ( -44.92783223522378933, -14.06138901336799130, 12.00000000000000178 ) ) ;
#1195 = DIRECTION ( 'NONE',  ( 1.000000000000000000, 0.000000000000000000, -0.000000000000000000 ) ) ;
#1196 = ORIENTED_EDGE ( 'NONE', *, *, #1190, .T. ) ;
#1197 = ORIENTED_EDGE ( 'NONE', *, *, #646, .T. ) ;
#1198 = CARTESIAN_POINT ( 'NONE',  ( -11.95625000000000071, -8.939999999999999503, 7.000000000000000000 ) ) ;
#1199 = CARTESIAN_POINT ( 'NONE',  ( 45.19476264562734968, -12.04892476723862949, 3.999999999999999112 ) ) ;
#1200 = CIRCLE ( 'NONE', #2983, 5.000000000000004441 ) ;
#1201 = CARTESIAN_POINT ( 'NONE',  ( -13.54374999999998863, -8.939999999999999503, -1.458095095234814963E-15 ) ) ;
#1202 = VECTOR ( 'NONE', #1924, 1000.000000000000000 ) ;
#1203 = CARTESIAN_POINT ( 'NONE',  ( -39.23256416901121213, -19.70253230950181589, 4.000000000000000888 ) ) ;
#1204 = CIRCLE ( 'NONE', #2023, 2.500000000000000444 ) ;
#1205 = AXIS2_PLACEMENT_3D ( 'NONE', #894, #427, #655 ) ;
#1206 = CARTESIAN_POINT ( 'NONE',  ( 45.16837524281557847, -12.41195190757730948, 11.99999999999999822 ) ) ;
#1207 = VERTEX_POINT ( 'NONE', #90 ) ;
#1208 = CARTESIAN_POINT ( 'NONE',  ( -39.07248471312392724, -19.73939422523873688, 12.00000000000000000 ) ) ;
#1209 = EDGE_CURVE ( 'NONE', #2097, #1903, #1810, .T. ) ;
#1210 = LINE ( 'NONE', #2003, #657 ) ;
#1211 = EDGE_LOOP ( 'NONE', ( #806, #1800 ) ) ;
#1212 = ORIENTED_EDGE ( 'NONE', *, *, #1277, .T. ) ;
#1213 = DIRECTION ( 'NONE',  ( -1.000000000000000000, 0.000000000000000000, 0.000000000000000000 ) ) ;
#1214 = DIRECTION ( 'NONE',  ( 1.000000000000000000, 0.000000000000000000, 0.000000000000000000 ) ) ;
#1215 = DIRECTION ( 'NONE',  ( -1.000000000000000000, 0.000000000000000000, 0.000000000000000000 ) ) ;
#1216 = ORIENTED_EDGE ( 'NONE', *, *, #164, .T. ) ;
#1217 = CARTESIAN_POINT ( 'NONE',  ( -37.09232843578553229, -19.96589867017021547, 4.000000000000001776 ) ) ;
#1218 = AXIS2_PLACEMENT_3D ( 'NONE', #1542, #573, #336 ) ;
#1219 = ORIENTED_EDGE ( 'NONE', *, *, #1234, .F. ) ;
#1220 = CYLINDRICAL_SURFACE ( 'NONE', #1473, 2.750000000000002665 ) ;
#1221 = AXIS2_PLACEMENT_3D ( 'NONE', #226, #2128, #2402 ) ;
#1222 = CARTESIAN_POINT ( 'NONE',  ( 45.19197769141980103, -12.09229604674606406, 12.00000000000000178 ) ) ;
#1223 = CIRCLE ( 'NONE', #434, 2.099999999999990763 ) ;
#1224 = ORIENTED_EDGE ( 'NONE', *, *, #971, .T. ) ;
#1225 = DIRECTION ( 'NONE',  ( -0.000000000000000000, -0.000000000000000000, -1.000000000000000000 ) ) ;
#1226 = AXIS2_PLACEMENT_3D ( 'NONE', #222, #502, #2921 ) ;
#1227 = CARTESIAN_POINT ( 'NONE',  ( -17.04999999999997584, -8.939999999999999503, 4.000000000000000000 ) ) ;
#1228 = EDGE_LOOP ( 'NONE', ( #1369, #1477, #2452, #285 ) ) ;
#1229 = EDGE_CURVE ( 'NONE', #2915, #1382, #819, .T. ) ;
#1230 = EDGE_LOOP ( 'NONE', ( #47, #2134, #2279, #1224 ) ) ;
#1231 = FACE_OUTER_BOUND ( 'NONE', #287, .T. ) ;
#1232 = LINE ( 'NONE', #1486, #1456 ) ;
#1233 = CARTESIAN_POINT ( 'NONE',  ( 39.55201827460174258, -19.63083907881618018, 3.999999999999999112 ) ) ;
#1234 = EDGE_CURVE ( 'NONE', #3116, #2366, #1315, .T. ) ;
#1235 = DIRECTION ( 'NONE',  ( -1.000000000000000000, 0.000000000000000000, 0.000000000000000000 ) ) ;
#1236 = DIRECTION ( 'NONE',  ( -0.4999999999999943934, 6.123233995736697011E-17, 0.8660254037844418162 ) ) ;
#1237 = CARTESIAN_POINT ( 'NONE',  ( -12.75000000000000000, -8.939999999999999503, 7.000000000000000000 ) ) ;
#1238 = ORIENTED_EDGE ( 'NONE', *, *, #2923, .F. ) ;
#1239 = CARTESIAN_POINT ( 'NONE',  ( -22.14000000000000767, 12.50000000000000000, -4.000000000000000000 ) ) ;
#1240 = ORIENTED_EDGE ( 'NONE', *, *, #1927, .T. ) ;
#1241 = ORIENTED_EDGE ( 'NONE', *, *, #1008, .F. ) ;
#1242 = DIRECTION ( 'NONE',  ( -0.4999999999999943934, 6.123233995736697011E-17, 0.8660254037844418162 ) ) ;
#1243 = DIRECTION ( 'NONE',  ( -1.000000000000000000, 0.000000000000000000, 0.000000000000000000 ) ) ;
#1244 = ORIENTED_EDGE ( 'NONE', *, *, #2218, .T. ) ;
#1245 = CARTESIAN_POINT ( 'NONE',  ( 35.24000000000000199, 20.00000000000000000, 12.40000000000000036 ) ) ;
#1246 = VERTEX_POINT ( 'NONE', #73 ) ;
#1247 = CARTESIAN_POINT ( 'NONE',  ( 19.23999999999999488, -12.50000000000000000, -4.000000000000000000 ) ) ;
#1248 = CARTESIAN_POINT ( 'NONE',  ( 24.23999999999999844, 12.50000000000000000, -4.000000000000000000 ) ) ;
#1249 = ORIENTED_EDGE ( 'NONE', *, *, #729, .T. ) ;
#1250 = DIRECTION ( 'NONE',  ( 1.000000000000000000, 0.000000000000000000, 0.000000000000000000 ) ) ;
#1251 = CARTESIAN_POINT ( 'NONE',  ( -39.36004919266937208, -19.67498649408993927, 4.000000000000000000 ) ) ;
#1252 = ORIENTED_EDGE ( 'NONE', *, *, #1907, .F. ) ;
#1253 = FACE_OUTER_BOUND ( 'NONE', #1811, .T. ) ;
#1254 = AXIS2_PLACEMENT_3D ( 'NONE', #270, #2661, #1195 ) ;
#1255 = ORIENTED_EDGE ( 'NONE', *, *, #1933, .T. ) ;
#1256 = CARTESIAN_POINT ( 'NONE',  ( 24.23999999999999844, -12.50000000000000000, -4.000000000000000000 ) ) ;
#1257 = AXIS2_PLACEMENT_3D ( 'NONE', #3004, #354, #2548 ) ;
#1258 = ORIENTED_EDGE ( 'NONE', *, *, #2341, .T. ) ;
#1259 = DIRECTION ( 'NONE',  ( 0.000000000000000000, 1.000000000000000000, 0.000000000000000000 ) ) ;
#1260 = ORIENTED_EDGE ( 'NONE', *, *, #1805, .F. ) ;
#1261 = AXIS2_PLACEMENT_3D ( 'NONE', #2115, #3076, #905 ) ;
#1262 = FACE_BOUND ( 'NONE', #2912, .T. ) ;
#1263 = AXIS2_PLACEMENT_3D ( 'NONE', #2211, #51, #596 ) ;
#1264 = DIRECTION ( 'NONE',  ( -0.000000000000000000, -0.000000000000000000, -1.000000000000000000 ) ) ;
#1265 = CARTESIAN_POINT ( 'NONE',  ( 12.75000000000000000, -8.939999999999999503, -1.458095095234814963E-15 ) ) ;
#1266 = CARTESIAN_POINT ( 'NONE',  ( 37.40999004729967226, -19.94672877713985670, 4.000000000000000000 ) ) ;
#1267 = CARTESIAN_POINT ( 'NONE',  ( -45.24000000000000199, 10.00000000000000000, 4.000000000000000000 ) ) ;
#1268 = EDGE_CURVE ( 'NONE', #1159, #48, #2025, .T. ) ;
#1269 = VERTEX_POINT ( 'NONE', #2058 ) ;
#1270 = FACE_BOUND ( 'NONE', #542, .T. ) ;
#1271 = CARTESIAN_POINT ( 'NONE',  ( -40.48999999999998778, 12.50000000000000000, 12.00000000000000000 ) ) ;
#1272 = CIRCLE ( 'NONE', #2237, 2.099999999999987210 ) ;
#1273 = ORIENTED_EDGE ( 'NONE', *, *, #748, .T. ) ;
#1274 = ORIENTED_EDGE ( 'NONE', *, *, #439, .F. ) ;
#1275 = CARTESIAN_POINT ( 'NONE',  ( 15.25000000000000000, -8.939999999999999503, 4.000000000000000000 ) ) ;
#1276 = VECTOR ( 'NONE', #1225, 1000.000000000000000 ) ;
#1277 = EDGE_CURVE ( 'NONE', #2972, #1573, #1778, .T. ) ;
#1278 = CARTESIAN_POINT ( 'NONE',  ( 11.95625000000000071, -8.939999999999999503, 7.000000000000000000 ) ) ;
#1279 = ORIENTED_EDGE ( 'NONE', *, *, #2673, .T. ) ;
#1280 = CONICAL_SURFACE ( 'NONE', #3008, 6.799999999999993605, 0.5235987755982925984 ) ;
#1281 = DIRECTION ( 'NONE',  ( -0.000000000000000000, -0.000000000000000000, 1.000000000000000000 ) ) ;
#1282 = PLANE ( 'NONE',  #1729 ) ;
#1283 = DIRECTION ( 'NONE',  ( -0.000000000000000000, -0.000000000000000000, -1.000000000000000000 ) ) ;
#1284 = CARTESIAN_POINT ( 'NONE',  ( -26.33999999999998920, -12.50000000000000000, -4.000000000000000000 ) ) ;
#1285 = DIRECTION ( 'NONE',  ( -1.000000000000000000, 0.000000000000000000, 0.000000000000000000 ) ) ;
#1286 = DIRECTION ( 'NONE',  ( 0.000000000000000000, 0.000000000000000000, 1.000000000000000000 ) ) ;
#1287 = VERTEX_POINT ( 'NONE', #311 ) ;
#1288 = CARTESIAN_POINT ( 'NONE',  ( 19.23999999999999488, 12.50000000000000000, -4.000000000000000000 ) ) ;
#1289 = DIRECTION ( 'NONE',  ( -0.000000000000000000, -0.000000000000000000, -1.000000000000000000 ) ) ;
#1290 = ORIENTED_EDGE ( 'NONE', *, *, #780, .T. ) ;
#1291 = ORIENTED_EDGE ( 'NONE', *, *, #2567, .F. ) ;
#1292 = CARTESIAN_POINT ( 'NONE',  ( -15.25000000000000000, -8.939999999999999503, 4.000000000000000000 ) ) ;
#1293 = ADVANCED_FACE ( 'NONE', ( #1998 ), #2785, .T. ) ;
#1294 = ORIENTED_EDGE ( 'NONE', *, *, #2088, .T. ) ;
#1295 = EDGE_CURVE ( 'NONE', #704, #2127, #2969, .T. ) ;
#1296 = DIRECTION ( 'NONE',  ( -1.000000000000000000, 0.000000000000000000, 0.000000000000000000 ) ) ;
#1297 = CARTESIAN_POINT ( 'NONE',  ( -17.44000000000000483, 0.000000000000000000, 4.000000000000000000 ) ) ;
#1298 = CARTESIAN_POINT ( 'NONE',  ( 31.03999999999999204, 12.50000000000000000, 4.000000000000000000 ) ) ;
#1299 = CARTESIAN_POINT ( 'NONE',  ( -43.95086312241572557, 16.89211511381361674, 4.000000000000000000 ) ) ;
#1300 = CARTESIAN_POINT ( 'NONE',  ( 26.33999999999998920, 12.50000000000000000, 12.00000000000000000 ) ) ;
#1301 = DIRECTION ( 'NONE',  ( 0.000000000000000000, 0.000000000000000000, -1.000000000000000000 ) ) ;
#1302 = EDGE_LOOP ( 'NONE', ( #1120, #950 ) ) ;
#1303 = CARTESIAN_POINT ( 'NONE',  ( 12.75000000000000000, -8.939999999999999503, 4.000000000000000000 ) ) ;
#1304 = LINE ( 'NONE', #2259, #908 ) ;
#1305 = ORIENTED_EDGE ( 'NONE', *, *, #966, .F. ) ;
#1306 = AXIS2_PLACEMENT_3D ( 'NONE', #2348, #893, #1582 ) ;
#1307 = CIRCLE ( 'NONE', #3082, 6.799999999999993605 ) ;
#1308 = EDGE_LOOP ( 'NONE', ( #1140, #2264, #2401, #2755 ) ) ;
#1309 = CARTESIAN_POINT ( 'NONE',  ( 43.86000000000001364, 12.50000000000000000, 7.649999999999999467 ) ) ;
#1310 = CARTESIAN_POINT ( 'NONE',  ( 45.24000000000000199, 11.68198051533946469, 12.40000000000000036 ) ) ;
#1311 = ADVANCED_FACE ( 'NONE', ( #2494 ), #1362, .F. ) ;
#1312 = CARTESIAN_POINT ( 'NONE',  ( -13.54374999999999396, -8.939999999999999503, 0.000000000000000000 ) ) ;
#1313 = VECTOR ( 'NONE', #1929, 1000.000000000000000 ) ;
#1314 = CARTESIAN_POINT ( 'NONE',  ( -44.97100495658330743, 13.85365903182903402, 4.000000000000000888 ) ) ;
#1315 = LINE ( 'NONE', #2014, #2631 ) ;
#1316 = CONICAL_SURFACE ( 'NONE', #3088, 0.7937499999999976241, 1.029744258676652535 ) ;
#1317 = ADVANCED_FACE ( 'NONE', ( #585 ), #2774, .T. ) ;
#1318 = DIRECTION ( 'NONE',  ( -0.000000000000000000, -0.000000000000000000, 1.000000000000000000 ) ) ;
#1319 = ORIENTED_EDGE ( 'NONE', *, *, #854, .T. ) ;
#1320 = DIRECTION ( 'NONE',  ( -1.000000000000000000, 0.000000000000000000, 0.000000000000000000 ) ) ;
#1321 = DIRECTION ( 'NONE',  ( -0.8571673007021113344, 0.000000000000000000, -0.5150380749100558209 ) ) ;
#1322 = ORIENTED_EDGE ( 'NONE', *, *, #397, .T. ) ;
#1323 = VERTEX_POINT ( 'NONE', #1899 ) ;
#1324 = DIRECTION ( 'NONE',  ( 0.8660254037844418162, -0.000000000000000000, 0.4999999999999946154 ) ) ;
#1325 = AXIS2_PLACEMENT_3D ( 'NONE', #2002, #1548, #100 ) ;
#1326 = CARTESIAN_POINT ( 'NONE',  ( 35.68967367075706676, 20.00000000000000355, 4.000000000000000888 ) ) ;
#1327 = CARTESIAN_POINT ( 'NONE',  ( -45.18092098748810059, 12.25106673972553040, 12.00000000000000000 ) ) ;
#1328 = VECTOR ( 'NONE', #809, 1000.000000000000000 ) ;
#1329 = CARTESIAN_POINT ( 'NONE',  ( -41.80518160032176667, 18.82046448000414429, 4.000000000000000888 ) ) ;
#1330 = ADVANCED_FACE ( 'NONE', ( #1642 ), #2372, .F. ) ;
#1331 = DIRECTION ( 'NONE',  ( 0.000000000000000000, 0.000000000000000000, 1.000000000000000000 ) ) ;
#1332 = ORIENTED_EDGE ( 'NONE', *, *, #1483, .F. ) ;
#1333 = CIRCLE ( 'NONE', #2138, 6.120000000000000107 ) ;
#1334 = CIRCLE ( 'NONE', #177, 2.750000000000002665 ) ;
#1335 = DIRECTION ( 'NONE',  ( -0.000000000000000000, -0.000000000000000000, -1.000000000000000000 ) ) ;
#1336 = CARTESIAN_POINT ( 'NONE',  ( -45.24000000000000199, -9.999999999999998224, 4.000000000000000000 ) ) ;
#1337 = ADVANCED_FACE ( 'NONE', ( #396 ), #2576, .F. ) ;
#1338 = ORIENTED_EDGE ( 'NONE', *, *, #1372, .T. ) ;
#1339 = LINE ( 'NONE', #2309, #1611 ) ;
#1340 = APPLICATION_PROTOCOL_DEFINITION ( 'draft international standard', 'automotive_design', 1998, #1363 ) ;
#1341 = LINE ( 'NONE', #750, #466 ) ;
#1342 = EDGE_LOOP ( 'NONE', ( #1414, #1322 ) ) ;
#1343 = VERTEX_POINT ( 'NONE', #682 ) ;
#1344 = CARTESIAN_POINT ( 'NONE',  ( -37.30801050586905632, 19.95355278941950417, 12.00000000000000178 ) ) ;
#1345 = CARTESIAN_POINT ( 'NONE',  ( -37.96864937535453777, 19.89956309200250573, 4.000000000000000000 ) ) ;
#1346 = DIRECTION ( 'NONE',  ( 1.000000000000000000, 0.000000000000000000, -0.000000000000000000 ) ) ;
#1347 = DIRECTION ( 'NONE',  ( -1.000000000000000000, 0.000000000000000000, 0.000000000000000000 ) ) ;
#1348 = CARTESIAN_POINT ( 'NONE',  ( -45.18951640129520797, -12.12929317396502960, 3.999999999999999112 ) ) ;
#1349 = ADVANCED_FACE ( 'NONE', ( #211 ), #3102, .F. ) ;
#1350 = FACE_BOUND ( 'NONE', #1302, .T. ) ;
#1351 = DIRECTION ( 'NONE',  ( -0.000000000000000000, -0.000000000000000000, -1.000000000000000000 ) ) ;
#1352 = VERTEX_POINT ( 'NONE', #2333 ) ;
#1353 = ORIENTED_EDGE ( 'NONE', *, *, #2870, .F. ) ;
#1354 = CARTESIAN_POINT ( 'NONE',  ( -45.18672877714081437, 12.16999004729779621, 12.00000000000000178 ) ) ;
#1355 = VECTOR ( 'NONE', #227, 1000.000000000000227 ) ;
#1356 = CARTESIAN_POINT ( 'NONE',  ( -39.55201827460102493, 19.63083907881692269, 4.000000000000000888 ) ) ;
#1357 = FACE_OUTER_BOUND ( 'NONE', #2508, .T. ) ;
#1358 = DIRECTION ( 'NONE',  ( 0.000000000000000000, 0.000000000000000000, 1.000000000000000000 ) ) ;
#1359 = AXIS2_PLACEMENT_3D ( 'NONE', #1041, #255, #1672 ) ;
#1360 = AXIS2_PLACEMENT_3D ( 'NONE', #2291, #820, #124 ) ;
#1361 = CARTESIAN_POINT ( 'NONE',  ( 45.24000000000000909, -9.999999999999996447, 6.666666666666664298 ) ) ;
#1362 = CONICAL_SURFACE ( 'NONE', #2119, 0.7937499999999976241, 1.029744258676652535 ) ;
#1363 = APPLICATION_CONTEXT ( 'automotive_design' ) ;
#1364 = DIRECTION ( 'NONE',  ( -0.000000000000000000, -0.000000000000000000, -1.000000000000000000 ) ) ;
#1365 = VECTOR ( 'NONE', #2589, 1000.000000000000000 ) ;
#1366 = CARTESIAN_POINT ( 'NONE',  ( 41.80518160028469055, 18.82046448000762595, 11.99999999999999822 ) ) ;
#1367 = EDGE_CURVE ( 'NONE', #2489, #1895, #1116, .T. ) ;
#1368 = ORIENTED_EDGE ( 'NONE', *, *, #1559, .T. ) ;
#1369 = ORIENTED_EDGE ( 'NONE', *, *, #1743, .F. ) ;
#1370 = DIRECTION ( 'NONE',  ( -1.000000000000000000, 0.000000000000000000, 0.000000000000000000 ) ) ;
#1371 = EDGE_LOOP ( 'NONE', ( #1260, #461, #3058, #2842 ) ) ;
#1372 = EDGE_CURVE ( 'NONE', #1269, #8, #1870, .T. ) ;
#1373 = CARTESIAN_POINT ( 'NONE',  ( -44.89046471828250162, 14.22837414226635744, 12.00000000000000000 ) ) ;
#1374 = DIRECTION ( 'NONE',  ( 1.000000000000000000, 0.000000000000000000, 0.000000000000000000 ) ) ;
#1375 = VECTOR ( 'NONE', #771, 1000.000000000000227 ) ;
#1376 = DIRECTION ( 'NONE',  ( 1.000000000000000000, 0.000000000000000000, 0.000000000000000000 ) ) ;
#1377 = VERTEX_POINT ( 'NONE', #150 ) ;
#1378 = CONICAL_SURFACE ( 'NONE', #2951, 4.299999999999975842, 0.5235987755982929315 ) ;
#1379 = CARTESIAN_POINT ( 'NONE',  ( -31.03999999999999204, 12.50000000000000000, 4.000000000000000000 ) ) ;
#1380 = DIRECTION ( 'NONE',  ( -0.000000000000000000, 0.000000000000000000, -1.000000000000000000 ) ) ;
#1381 = CARTESIAN_POINT ( 'NONE',  ( 39.55201827459652719, 19.63083907881734902, 12.00000000000000178 ) ) ;
#1382 = VERTEX_POINT ( 'NONE', #2857 ) ;
#1383 = CARTESIAN_POINT ( 'NONE',  ( -45.24000000000000199, 20.00000000000000000, 4.000000000000000000 ) ) ;
#1384 = VERTEX_POINT ( 'NONE', #1399 ) ;
#1385 = CARTESIAN_POINT ( 'NONE',  ( -39.42634549493405416, -19.66009882397249342, 11.99999999999999645 ) ) ;
#1386 = ADVANCED_FACE ( 'NONE', ( #1389, #1853 ), #934, .F. ) ;
#1387 = ADVANCED_FACE ( 'NONE', ( #1163 ), #1516, .T. ) ;
#1388 = DIRECTION ( 'NONE',  ( 0.000000000000000000, 0.000000000000000000, 1.000000000000000000 ) ) ;
#1389 = FACE_BOUND ( 'NONE', #2193, .T. ) ;
#1390 = CARTESIAN_POINT ( 'NONE',  ( -12.75000000000000000, 8.939999999999999503, 4.000000000000000000 ) ) ;
#1391 = CYLINDRICAL_SURFACE ( 'NONE', #1607, 2.099999999999990763 ) ;
#1392 = CARTESIAN_POINT ( 'NONE',  ( 45.24000000000000909, -20.00000000000000000, 12.00000000000000000 ) ) ;
#1393 = CARTESIAN_POINT ( 'NONE',  ( 45.18672877713927960, 12.16999004730435630, 4.000000000000000888 ) ) ;
#1394 = DIRECTION ( 'NONE',  ( -1.000000000000000000, 0.000000000000000000, 0.000000000000000000 ) ) ;
#1395 = DIRECTION ( 'NONE',  ( -1.000000000000000000, 0.000000000000000000, 0.000000000000000000 ) ) ;
#1396 = CARTESIAN_POINT ( 'NONE',  ( -37.65195190759516919, -19.92837524281280537, 11.99999999999999822 ) ) ;
#1397 = CARTESIAN_POINT ( 'NONE',  ( 24.23999999999999844, 12.50000000000000000, 0.8823085463759948732 ) ) ;
#1398 = ORIENTED_EDGE ( 'NONE', *, *, #3108, .F. ) ;
#1399 = CARTESIAN_POINT ( 'NONE',  ( -43.85999999999999943, 12.50000000000000000, 7.649999999999999467 ) ) ;
#1400 = EDGE_CURVE ( 'NONE', #1909, #93, #2608, .T. ) ;
#1401 = AXIS2_PLACEMENT_3D ( 'NONE', #2114, #2616, #2314 ) ;
#1402 = CARTESIAN_POINT ( 'NONE',  ( -36.92198051533946312, 20.00000000000000000, 12.40000000000000036 ) ) ;
#1403 = CARTESIAN_POINT ( 'NONE',  ( 45.02424024488580301, -13.57082696331842442, 4.000000000000000000 ) ) ;
#1404 = CARTESIAN_POINT ( 'NONE',  ( 24.23999999999999844, -12.50000000000000000, -4.000000000000000888 ) ) ;
#1405 = ADVANCED_FACE ( 'NONE', ( #2074 ), #168, .F. ) ;
#1406 = CARTESIAN_POINT ( 'NONE',  ( 45.23413310454540692, 11.04637787552180406, 12.00000000000000000 ) ) ;
#1407 = CIRCLE ( 'NONE', #1823, 2.749999999999995559 ) ;
#1408 = CARTESIAN_POINT ( 'NONE',  ( -12.75000000000000000, 8.939999999999999503, 7.000000000000000000 ) ) ;
#1409 = CIRCLE ( 'NONE', #1919, 6.120000000000000107 ) ;
#1410 = PLANE ( 'NONE',  #1826 ) ;
#1411 = ORIENTED_EDGE ( 'NONE', *, *, #401, .T. ) ;
#1412 = CARTESIAN_POINT ( 'NONE',  ( -45.19643371773759810, -12.02190333507906317, 12.00000000000000000 ) ) ;
#1413 = CARTESIAN_POINT ( 'NONE',  ( 17.04999999999997584, 8.939999999999999503, 4.000000000000000000 ) ) ;
#1414 = ORIENTED_EDGE ( 'NONE', *, *, #1148, .T. ) ;
#1415 = VERTEX_POINT ( 'NONE', #3064 ) ;
#1416 = CARTESIAN_POINT ( 'NONE',  ( 45.24000000000000909, -13.36396103067892760, 3.599999999999999201 ) ) ;
#1417 = EDGE_CURVE ( 'NONE', #2904, #2711, #643, .T. ) ;
#1418 = CIRCLE ( 'NONE', #70, 6.120000000000000107 ) ;
#1419 = CARTESIAN_POINT ( 'NONE',  ( -45.24000000000000199, 11.68198051533946469, 3.599999999999999201 ) ) ;
#1420 = CARTESIAN_POINT ( 'NONE',  ( 40.04231452338142105, -19.50307725554006311, 4.000000000000000000 ) ) ;
#1421 = CARTESIAN_POINT ( 'NONE',  ( 31.62000000000000810, 12.50000000000000000, 4.000000000000000000 ) ) ;
#1422 = AXIS2_PLACEMENT_3D ( 'NONE', #2080, #3035, #97 ) ;
#1423 = CIRCLE ( 'NONE', #2391, 6.799999999999993605 ) ;
#1424 = EDGE_CURVE ( 'NONE', #2097, #1521, #2794, .T. ) ;
#1425 = CARTESIAN_POINT ( 'NONE',  ( 45.19643371773760521, 12.02190333506812436, 11.99999999999999822 ) ) ;
#1426 = CARTESIAN_POINT ( 'NONE',  ( 45.18951640129562008, 12.12929317396314310, 4.000000000000000888 ) ) ;
#1427 = CYLINDRICAL_SURFACE ( 'NONE', #431, 5.000000000000004441 ) ;
#1428 = CARTESIAN_POINT ( 'NONE',  ( 44.90852346761707992, -14.14904935204140202, 12.00000000000000178 ) ) ;
#1429 = ORIENTED_EDGE ( 'NONE', *, *, #730, .T. ) ;
#1430 = CARTESIAN_POINT ( 'NONE',  ( -12.75000000000000000, -8.939999999999999503, 0.000000000000000000 ) ) ;
#1431 = DIRECTION ( 'NONE',  ( -1.000000000000000000, 0.000000000000000000, 0.000000000000000000 ) ) ;
#1432 = CARTESIAN_POINT ( 'NONE',  ( 12.75000000000000000, -8.939999999999999503, 4.000000000000000000 ) ) ;
#1433 = ORIENTED_EDGE ( 'NONE', *, *, #2142, .F. ) ;
#1434 = DIRECTION ( 'NONE',  ( -1.000000000000000000, 0.000000000000000000, 0.000000000000000000 ) ) ;
#1435 = DIRECTION ( 'NONE',  ( 0.000000000000000000, -1.000000000000000000, 0.000000000000000000 ) ) ;
#1436 = ORIENTED_EDGE ( 'NONE', *, *, #660, .T. ) ;
#1437 = DIRECTION ( 'NONE',  ( -1.000000000000000000, 0.000000000000000000, 0.000000000000000000 ) ) ;
#1438 = DIRECTION ( 'NONE',  ( -0.4999999999999946154, 0.000000000000000000, -0.8660254037844418162 ) ) ;
#1439 = CARTESIAN_POINT ( 'NONE',  ( 45.19146049946913735, 12.10015981297864052, 3.999999999999999112 ) ) ;
#1440 = EDGE_CURVE ( 'NONE', #2942, #2972, #1407, .T. ) ;
#1441 =( NAMED_UNIT ( * ) PLANE_ANGLE_UNIT ( ) SI_UNIT ( $, .RADIAN. ) );
#1442 = CYLINDRICAL_SURFACE ( 'NONE', #2955, 0.7937499999999940714 ) ;
#1443 = ORIENTED_EDGE ( 'NONE', *, *, #89, .F. ) ;
#1444 = CARTESIAN_POINT ( 'NONE',  ( -39.46837414226473584, -19.65046471828370755, 12.00000000000000000 ) ) ;
#1445 = CARTESIAN_POINT ( 'NONE',  ( -35.23999999999999488, -20.00000000000000000, 6.666666666666664298 ) ) ;
#1446 = EDGE_LOOP ( 'NONE', ( #185, #2345, #2465, #3030 ) ) ;
#1447 = ORIENTED_EDGE ( 'NONE', *, *, #1604, .F. ) ;
#1448 = FACE_OUTER_BOUND ( 'NONE', #359, .T. ) ;
#1449 = ORIENTED_EDGE ( 'NONE', *, *, #3060, .F. ) ;
#1450 = DIRECTION ( 'NONE',  ( -0.000000000000000000, -0.000000000000000000, -1.000000000000000000 ) ) ;
#1451 = AXIS2_PLACEMENT_3D ( 'NONE', #1, #2416, #1766 ) ;
#1452 = CARTESIAN_POINT ( 'NONE',  ( -44.89046471828282137, -14.22837414226509090, 4.000000000000000000 ) ) ;
#1453 = VECTOR ( 'NONE', #38, 1000.000000000000000 ) ;
#1454 = LINE ( 'NONE', #1950, #2644 ) ;
#1455 = EDGE_CURVE ( 'NONE', #1594, #736, #463, .T. ) ;
#1456 = VECTOR ( 'NONE', #711, 1000.000000000000000 ) ;
#1457 = CARTESIAN_POINT ( 'NONE',  ( 45.13956309200813877, -12.72864937532297347, 12.00000000000000178 ) ) ;
#1458 =( NAMED_UNIT ( * ) PLANE_ANGLE_UNIT ( ) SI_UNIT ( $, .RADIAN. ) );
#1459 = VERTEX_POINT ( 'NONE', #3089 ) ;
#1460 = CARTESIAN_POINT ( 'NONE',  ( -45.24000000000000199, -11.68198051533946469, 9.466666666668894337 ) ) ;
#1461 = CIRCLE ( 'NONE', #422, 6.799999999999993605 ) ;
#1462 = CARTESIAN_POINT ( 'NONE',  ( -11.95625000000000426, 8.939999999999999503, 0.000000000000000000 ) ) ;
#1463 = ADVANCED_FACE ( 'NONE', ( #671 ), #1630, .F. ) ;
#1464 = EDGE_LOOP ( 'NONE', ( #1433, #307, #2482, #2358 ) ) ;
#1465 = PLANE ( 'NONE',  #777 ) ;
#1466 = FACE_OUTER_BOUND ( 'NONE', #1469, .T. ) ;
#1467 = DIRECTION ( 'NONE',  ( -0.000000000000000000, -0.000000000000000000, -1.000000000000000000 ) ) ;
#1468 = CARTESIAN_POINT ( 'NONE',  ( 45.21702132613621217, -11.60637175351526196, 4.000000000000000888 ) ) ;
#1469 = EDGE_LOOP ( 'NONE', ( #1010, #2404, #525, #2642 ) ) ;
#1470 = DIRECTION ( 'NONE',  ( -0.000000000000000000, -0.000000000000000000, -1.000000000000000000 ) ) ;
#1471 = CARTESIAN_POINT ( 'NONE',  ( -45.24000000000000199, 9.999999999999998224, 9.333333333333209580 ) ) ;
#1472 = LINE ( 'NONE', #2203, #333 ) ;
#1473 = AXIS2_PLACEMENT_3D ( 'NONE', #1649, #488, #1189 ) ;
#1474 = DIRECTION ( 'NONE',  ( -1.000000000000000000, 0.000000000000000000, 0.000000000000000000 ) ) ;
#1475 = VECTOR ( 'NONE', #2827, 1000.000000000000000 ) ;
#1476 = CARTESIAN_POINT ( 'NONE',  ( 45.24000000000001620, -10.90523192541943054, 12.00000000000000178 ) ) ;
#1477 = ORIENTED_EDGE ( 'NONE', *, *, #1367, .F. ) ;
#1478 = FACE_OUTER_BOUND ( 'NONE', #2555, .T. ) ;
#1479 = ORIENTED_EDGE ( 'NONE', *, *, #679, .T. ) ;
#1480 = DIRECTION ( 'NONE',  ( 0.000000000000000000, 0.000000000000000000, 1.000000000000000000 ) ) ;
#1481 = CARTESIAN_POINT ( 'NONE',  ( 45.24000000000000199, 10.00000000000000178, 9.333333333333209580 ) ) ;
#1482 = ORIENTED_EDGE ( 'NONE', *, *, #3019, .F. ) ;
#1483 = EDGE_CURVE ( 'NONE', #2671, #358, #2565, .T. ) ;
#1484 = CARTESIAN_POINT ( 'NONE',  ( 44.52308080163917481, -17.07106781186547551, 6.533333333333333215 ) ) ;
#1485 = CARTESIAN_POINT ( 'NONE',  ( -19.23999999999999488, -12.50000000000000000, -4.000000000000000000 ) ) ;
#1486 = CARTESIAN_POINT ( 'NONE',  ( -11.95625000000000071, 8.939999999999999503, 7.000000000000000000 ) ) ;
#1487 = ORIENTED_EDGE ( 'NONE', *, *, #948, .T. ) ;
#1488 = CARTESIAN_POINT ( 'NONE',  ( -45.24000000000000199, 9.999999999999996447, 6.666666666666664298 ) ) ;
#1489 = ORIENTED_EDGE ( 'NONE', *, *, #2831, .F. ) ;
#1490 = DIRECTION ( 'NONE',  ( -0.000000000000000000, -0.000000000000000000, -1.000000000000000000 ) ) ;
#1491 = ORIENTED_EDGE ( 'NONE', *, *, #360, .F. ) ;
#1492 = ORIENTED_EDGE ( 'NONE', *, *, #2615, .T. ) ;
#1493 = CARTESIAN_POINT ( 'NONE',  ( -44.52308080163917481, -17.07106781186547195, 6.533333333333333215 ) ) ;
#1494 = EDGE_LOOP ( 'NONE', ( #1854, #959, #1006, #1219 ) ) ;
#1495 = FACE_BOUND ( 'NONE', #1342, .T. ) ;
#1496 = CARTESIAN_POINT ( 'NONE',  ( 45.24000000000000199, 10.00000000000000178, 3.599999999999999201 ) ) ;
#1497 = EDGE_LOOP ( 'NONE', ( #2709, #508 ) ) ;
#1498 = CARTESIAN_POINT ( 'NONE',  ( 38.60396103067893847, -20.00000000000000355, 3.599999999999999201 ) ) ;
#1499 = DIRECTION ( 'NONE',  ( 0.000000000000000000, 0.000000000000000000, 1.000000000000000000 ) ) ;
#1500 = EDGE_CURVE ( 'NONE', #176, #1343, #313, .T. ) ;
#1501 = CYLINDRICAL_SURFACE ( 'NONE', #2748, 0.7937499999999940714 ) ;
#1502 = EDGE_LOOP ( 'NONE', ( #2729, #3006, #3056, #2042 ) ) ;
#1503 = CARTESIAN_POINT ( 'NONE',  ( -37.68856793732735611, -19.92897123174088847, 4.000000000000000000 ) ) ;
#1504 = ADVANCED_FACE ( 'NONE', ( #2698 ), #35, .F. ) ;
#1505 = VERTEX_POINT ( 'NONE', #1954 ) ;
#1506 = LINE ( 'NONE', #2038, #1375 ) ;
#1507 = DIRECTION ( 'NONE',  ( -1.000000000000000000, 0.000000000000000000, 0.000000000000000000 ) ) ;
#1508 = AXIS2_PLACEMENT_3D ( 'NONE', #3100, #947, #2174 ) ;
#1509 = VERTEX_POINT ( 'NONE', #2928 ) ;
#1510 = CARTESIAN_POINT ( 'NONE',  ( -17.04999999999997584, 8.939999999999999503, 4.000000000000000000 ) ) ;
#1511 = AXIS2_PLACEMENT_3D ( 'NONE', #1392, #2125, #925 ) ;
#1512 = DIRECTION ( 'NONE',  ( -1.000000000000000000, 0.000000000000000000, 0.000000000000000000 ) ) ;
#1513 = ORIENTED_EDGE ( 'NONE', *, *, #1027, .T. ) ;
#1514 = CARTESIAN_POINT ( 'NONE',  ( -24.23999999999999844, 12.50000000000000000, -4.000000000000000000 ) ) ;
#1515 = CARTESIAN_POINT ( 'NONE',  ( -37.74000000000000199, -12.50000000000000000, 12.00000000000000000 ) ) ;
#1516 = CONICAL_SURFACE ( 'NONE', #1970, 4.299999999999975842, 0.5235987755982924874 ) ;
#1517 = DIRECTION ( 'NONE',  ( 1.000000000000000000, 0.000000000000000000, -0.000000000000000000 ) ) ;
#1518 = AXIS2_PLACEMENT_3D ( 'NONE', #915, #1879, #204 ) ;
#1519 = CARTESIAN_POINT ( 'NONE',  ( 11.95625000000000959, -8.939999999999999503, -1.458095095234814963E-15 ) ) ;
#1520 = DIRECTION ( 'NONE',  ( -1.000000000000000000, 0.000000000000000000, 0.000000000000000000 ) ) ;
#1521 = VERTEX_POINT ( 'NONE', #228 ) ;
#1522 = CYLINDRICAL_SURFACE ( 'NONE', #1066, 5.000000000000004441 ) ;
#1523 = ORIENTED_EDGE ( 'NONE', *, *, #2767, .F. ) ;
#1524 = CARTESIAN_POINT ( 'NONE',  ( 37.74000000000000909, 12.50000000000000000, 4.000000000000000000 ) ) ;
#1525 = EDGE_CURVE ( 'NONE', #1323, #98, #758, .T. ) ;
#1526 = AXIS2_PLACEMENT_3D ( 'NONE', #2699, #782, #2716 ) ;
#1527 = LINE ( 'NONE', #980, #1202 ) ;
#1528 = EDGE_LOOP ( 'NONE', ( #593, #1055, #442, #2257 ) ) ;
#1529 = CARTESIAN_POINT ( 'NONE',  ( -44.52308080163917481, -17.07106781186547195, 3.599999999999999201 ) ) ;
#1530 = VECTOR ( 'NONE', #415, 1000.000000000000000 ) ;
#1531 = EDGE_CURVE ( 'NONE', #1079, #1863, #2122, .T. ) ;
#1532 = CARTESIAN_POINT ( 'NONE',  ( 35.24000000000000199, 20.00000000000000000, 12.00000000000000000 ) ) ;
#1533 = ORIENTED_EDGE ( 'NONE', *, *, #2455, .T. ) ;
#1534 = AXIS2_PLACEMENT_3D ( 'NONE', #1000, #2440, #1959 ) ;
#1535 = FACE_OUTER_BOUND ( 'NONE', #43, .T. ) ;
#1536 = CARTESIAN_POINT ( 'NONE',  ( 35.24000000000000199, 20.00000000000000000, 9.466666666668894337 ) ) ;
#1537 = CARTESIAN_POINT ( 'NONE',  ( 38.60396103067893847, -20.00000000000000355, 9.466666666668894337 ) ) ;
#1538 = CARTESIAN_POINT ( 'NONE',  ( -45.19403787778065862, 12.06039140696224266, 4.000000000000000000 ) ) ;
#1539 = DIRECTION ( 'NONE',  ( 0.000000000000000000, 0.000000000000000000, 1.000000000000000000 ) ) ;
#1540 = PRODUCT ( 'Amplifier Mount', 'Amplifier Mount', '', ( #1709 ) ) ;
#1541 = CARTESIAN_POINT ( 'NONE',  ( -45.19068618221867695, -12.11181768671992565, 3.999999999999999112 ) ) ;
#1542 = CARTESIAN_POINT ( 'NONE',  ( 24.23999999999999844, 12.50000000000000000, 12.00000000000000000 ) ) ;
#1543 = DIRECTION ( 'NONE',  ( -1.000000000000000000, 0.000000000000000000, 0.000000000000000000 ) ) ;
#1544 = EDGE_CURVE ( 'NONE', #1546, #841, #2635, .T. ) ;
#1545 = EDGE_LOOP ( 'NONE', ( #2639, #1319, #2200, #2278 ) ) ;
#1546 = VERTEX_POINT ( 'NONE', #1309 ) ;
#1547 = CARTESIAN_POINT ( 'NONE',  ( -34.98999999999999488, 12.50000000000000000, 7.649999999999999467 ) ) ;
#1548 = DIRECTION ( 'NONE',  ( 0.000000000000000000, -1.000000000000000000, 0.000000000000000000 ) ) ;
#1549 = EDGE_CURVE ( 'NONE', #1162, #1828, #2053, .T. ) ;
#1550 = CARTESIAN_POINT ( 'NONE',  ( -39.35029180112842084, 19.67714171312131555, 12.00000000000000000 ) ) ;
#1551 = LINE ( 'NONE', #3027, #1885 ) ;
#1552 = DIRECTION ( 'NONE',  ( -1.000000000000000000, 0.000000000000000000, 0.000000000000000000 ) ) ;
#1553 = CARTESIAN_POINT ( 'NONE',  ( -45.16837524280833804, -12.41195190762524092, 4.000000000000000000 ) ) ;
#1554 = ORIENTED_EDGE ( 'NONE', *, *, #3108, .T. ) ;
#1555 = CARTESIAN_POINT ( 'NONE',  ( -40.48999999999999488, -12.50000000000000000, 4.000000000000000000 ) ) ;
#1556 = CARTESIAN_POINT ( 'NONE',  ( 42.13211511382711194, 18.71086312242886862, 4.000000000000001776 ) ) ;
#1557 = ORIENTED_EDGE ( 'NONE', *, *, #691, .T. ) ;
#1558 = VECTOR ( 'NONE', #654, 1000.000000000000000 ) ;
#1559 = EDGE_CURVE ( 'NONE', #98, #723, #580, .T. ) ;
#1560 = VECTOR ( 'NONE', #1057, 1000.000000000000000 ) ;
#1561 = EDGE_LOOP ( 'NONE', ( #3103, #2979, #969, #544 ) ) ;
#1562 = DIRECTION ( 'NONE',  ( -0.000000000000000000, -0.000000000000000000, -1.000000000000000000 ) ) ;
#1563 = DIRECTION ( 'NONE',  ( -0.4999999999999946154, 0.000000000000000000, 0.8660254037844418162 ) ) ;
#1564 = CARTESIAN_POINT ( 'NONE',  ( 24.23999999999999844, 12.50000000000000000, -4.000000000000000000 ) ) ;
#1565 = CIRCLE ( 'NONE', #2537, 6.120000000000000107 ) ;
#1566 = CARTESIAN_POINT ( 'NONE',  ( -45.19969565049685656, 11.96679671267264844, 3.999999999999999112 ) ) ;
#1567 = ADVANCED_FACE ( 'NONE', ( #345 ), #2490, .F. ) ;
#1568 = CIRCLE ( 'NONE', #568, 2.099999999999990763 ) ;
#1569 = CARTESIAN_POINT ( 'NONE',  ( -43.85999999999999943, 12.50000000000000000, 4.000000000000000000 ) ) ;
#1570 = ORIENTED_EDGE ( 'NONE', *, *, #2225, .F. ) ;
#1571 = CIRCLE ( 'NONE', #1974, 2.750000000000002665 ) ;
#1572 = CARTESIAN_POINT ( 'NONE',  ( -45.13956309199571848, -12.72864937540513353, 4.000000000000000888 ) ) ;
#1573 = VERTEX_POINT ( 'NONE', #1547 ) ;
#1574 = CARTESIAN_POINT ( 'NONE',  ( 12.74999999999999822, -8.939999999999999503, 7.476933116353126074 ) ) ;
#1575 = EDGE_LOOP ( 'NONE', ( #1078, #2590 ) ) ;
#1576 = CARTESIAN_POINT ( 'NONE',  ( 37.28892476724697502, -19.95476264562735125, 12.00000000000000355 ) ) ;
#1577 = AXIS2_PLACEMENT_3D ( 'NONE', #627, #2512, #640 ) ;
#1578 = DIRECTION ( 'NONE',  ( -0.000000000000000000, -0.000000000000000000, -1.000000000000000000 ) ) ;
#1579 = FACE_BOUND ( 'NONE', #1818, .T. ) ;
#1580 = CIRCLE ( 'NONE', #1585, 2.500000000000000444 ) ;
#1581 = CARTESIAN_POINT ( 'NONE',  ( -45.24000000000000909, 10.44967367074277043, 4.000000000000000888 ) ) ;
#1582 = DIRECTION ( 'NONE',  ( -1.000000000000000000, 0.000000000000000000, 0.000000000000000000 ) ) ;
#1583 = CARTESIAN_POINT ( 'NONE',  ( -17.44000000000000483, 12.50000000000000000, 4.000000000000000000 ) ) ;
#1584 = ADVANCED_FACE ( 'NONE', ( #1535 ), #781, .F. ) ;
#1585 = AXIS2_PLACEMENT_3D ( 'NONE', #1132, #2865, #352 ) ;
#1586 = CIRCLE ( 'NONE', #1937, 4.299999999999975842 ) ;
#1587 = DIRECTION ( 'NONE',  ( -0.000000000000000000, -0.000000000000000000, -1.000000000000000000 ) ) ;
#1588 = DIRECTION ( 'NONE',  ( -1.000000000000000000, 0.000000000000000000, 0.000000000000000000 ) ) ;
#1589 = DIRECTION ( 'NONE',  ( -0.000000000000000000, -0.000000000000000000, -1.000000000000000000 ) ) ;
#1590 = EDGE_LOOP ( 'NONE', ( #353, #74 ) ) ;
#1591 = ORIENTED_EDGE ( 'NONE', *, *, #2962, .T. ) ;
#1592 = ORIENTED_EDGE ( 'NONE', *, *, #486, .T. ) ;
#1593 = CARTESIAN_POINT ( 'NONE',  ( -11.95625000000000959, 8.939999999999999503, -1.458095095234814963E-15 ) ) ;
#1594 = VERTEX_POINT ( 'NONE', #1774 ) ;
#1595 = CARTESIAN_POINT ( 'NONE',  ( 35.24000000000000199, 20.00000000000000000, 4.000000000000000000 ) ) ;
#1596 = CARTESIAN_POINT ( 'NONE',  ( -45.19197769141979393, 12.09229604674645486, 11.99999999999999822 ) ) ;
#1597 = DIRECTION ( 'NONE',  ( -0.000000000000000000, -0.000000000000000000, -1.000000000000000000 ) ) ;
#1598 = CARTESIAN_POINT ( 'NONE',  ( 15.25000000000000000, 8.939999999999999503, 0.8823085463760178548 ) ) ;
#1599 = DIRECTION ( 'NONE',  ( -1.000000000000000000, 0.000000000000000000, 0.000000000000000000 ) ) ;
#1600 = ORIENTED_EDGE ( 'NONE', *, *, #2636, .T. ) ;
#1601 = EDGE_CURVE ( 'NONE', #1521, #1089, #1032, .T. ) ;
#1602 = CARTESIAN_POINT ( 'NONE',  ( -36.92198051533946312, 20.00000000000000000, 3.599999999999999201 ) ) ;
#1603 = DIRECTION ( 'NONE',  ( -1.000000000000000000, 0.000000000000000000, 0.000000000000000000 ) ) ;
#1604 = EDGE_CURVE ( 'NONE', #1207, #301, #2250, .T. ) ;
#1605 = DIRECTION ( 'NONE',  ( -1.000000000000000000, 0.000000000000000000, 0.000000000000000000 ) ) ;
#1606 = ORIENTED_EDGE ( 'NONE', *, *, #1500, .T. ) ;
#1607 = AXIS2_PLACEMENT_3D ( 'NONE', #2394, #2859, #2164 ) ;
#1608 = CARTESIAN_POINT ( 'NONE',  ( -37.74000000000000199, -12.50000000000000000, 4.000000000000000000 ) ) ;
#1609 = VERTEX_POINT ( 'NONE', #2265 ) ;
#1610 = CARTESIAN_POINT ( 'NONE',  ( -36.28637787549318006, 19.99413310454541914, 12.00000000000000000 ) ) ;
#1611 = VECTOR ( 'NONE', #1321, 1000.000000000000000 ) ;
#1612 = CARTESIAN_POINT ( 'NONE',  ( -19.23999999999999488, -12.50000000000000000, 0.8823085463759948732 ) ) ;
#1613 = CARTESIAN_POINT ( 'NONE',  ( 19.23999999999999488, 12.50000000000000000, 0.8823085463759948732 ) ) ;
#1614 = CARTESIAN_POINT ( 'NONE',  ( -37.73999999999999488, 12.50000000000000000, 12.00000000000000000 ) ) ;
#1615 = CIRCLE ( 'NONE', #2587, 0.7937499999999976241 ) ;
#1616 = AXIS2_PLACEMENT_3D ( 'NONE', #567, #1539, #1552 ) ;
#1617 = CARTESIAN_POINT ( 'NONE',  ( -45.24000000000000199, 11.68198051533946469, 9.466666666668894337 ) ) ;
#1618 = AXIS2_PLACEMENT_3D ( 'NONE', #2645, #238, #2844 ) ;
#1619 = DIRECTION ( 'NONE',  ( -0.000000000000000000, -0.000000000000000000, -1.000000000000000000 ) ) ;
#1620 = CARTESIAN_POINT ( 'NONE',  ( 39.40828895011416932, 19.66418943054389956, 12.00000000000000178 ) ) ;
#1621 = CARTESIAN_POINT ( 'NONE',  ( 44.90009882397196606, 14.18634549493485331, 3.999999999999999112 ) ) ;
#1622 = EDGE_CURVE ( 'NONE', #2671, #1415, #326, .T. ) ;
#1623 = EDGE_LOOP ( 'NONE', ( #2005, #2079, #2467, #2939 ) ) ;
#1624 = ADVANCED_FACE ( 'NONE', ( #2526 ), #666, .F. ) ;
#1625 = CARTESIAN_POINT ( 'NONE',  ( 37.74000000000000909, -12.50000000000000000, 7.649999999999999467 ) ) ;
#1626 = ORIENTED_EDGE ( 'NONE', *, *, #907, .T. ) ;
#1627 = CARTESIAN_POINT ( 'NONE',  ( -19.23999999999999488, 12.50000000000000000, -4.000000000000000000 ) ) ;
#1628 = CARTESIAN_POINT ( 'NONE',  ( -24.23999999999999844, 12.50000000000000000, 12.00000000000000000 ) ) ;
#1629 = AXIS2_PLACEMENT_3D ( 'NONE', #503, #717, #2398 ) ;
#1630 = PLANE ( 'NONE',  #3039 ) ;
#1631 = CIRCLE ( 'NONE', #1422, 2.500000000000000444 ) ;
#1632 = CARTESIAN_POINT ( 'NONE',  ( -42.31106781186548460, 19.28308080163916216, 9.466666666668894337 ) ) ;
#1633 = AXIS2_PLACEMENT_3D ( 'NONE', #370, #2352, #2549 ) ;
#1634 = ORIENTED_EDGE ( 'NONE', *, *, #27, .F. ) ;
#1635 = CARTESIAN_POINT ( 'NONE',  ( 45.19969565049683524, 11.96679671268315026, 12.00000000000000000 ) ) ;
#1636 = CARTESIAN_POINT ( 'NONE',  ( 44.90418943054363154, 14.16828895011465050, 3.999999999999999112 ) ) ;
#1637 = EDGE_CURVE ( 'NONE', #2869, #1415, #1676, .T. ) ;
#1638 = EDGE_LOOP ( 'NONE', ( #2065, #851 ) ) ;
#1639 = CARTESIAN_POINT ( 'NONE',  ( -39.71765388994234058, -19.59015808753188992, 11.99999999999999822 ) ) ;
#1640 = LINE ( 'NONE', #1613, #1558 ) ;
#1641 = ADVANCED_FACE ( 'NONE', ( #1739 ), #1995, .F. ) ;
#1642 = FACE_OUTER_BOUND ( 'NONE', #1502, .T. ) ;
#1643 = ORIENTED_EDGE ( 'NONE', *, *, #1190, .F. ) ;
#1644 = DIRECTION ( 'NONE',  ( 0.000000000000000000, 1.000000000000000000, 0.000000000000000000 ) ) ;
#1645 = DIRECTION ( 'NONE',  ( -1.000000000000000000, 0.000000000000000000, 0.000000000000000000 ) ) ;
#1646 = CARTESIAN_POINT ( 'NONE',  ( 37.36929317396075589, 19.94951640129592008, 12.00000000000000355 ) ) ;
#1647 = CARTESIAN_POINT ( 'NONE',  ( 45.06705614452867081, 13.34175283901535636, 4.000000000000000000 ) ) ;
#1648 = ORIENTED_EDGE ( 'NONE', *, *, #1544, .F. ) ;
#1649 = CARTESIAN_POINT ( 'NONE',  ( 37.74000000000000909, 12.50000000000000000, 4.000000000000000000 ) ) ;
#1650 = CARTESIAN_POINT ( 'NONE',  ( 44.90009882397284002, -14.18634549493357433, 12.00000000000000000 ) ) ;
#1651 = ORIENTED_EDGE ( 'NONE', *, *, #2088, .F. ) ;
#1652 = EDGE_CURVE ( 'NONE', #2049, #2127, #1409, .T. ) ;
#1653 = CYLINDRICAL_SURFACE ( 'NONE', #125, 2.500000000000000444 ) ;
#1654 = DIRECTION ( 'NONE',  ( 0.000000000000000000, 0.000000000000000000, 1.000000000000000000 ) ) ;
#1655 = ORIENTED_EDGE ( 'NONE', *, *, #1737, .T. ) ;
#1656 = CARTESIAN_POINT ( 'NONE',  ( 35.24000000000000199, 20.00000000000000000, 12.00000000000000000 ) ) ;
#1657 = ORIENTED_EDGE ( 'NONE', *, *, #1229, .F. ) ;
#1658 = CARTESIAN_POINT ( 'NONE',  ( 45.24000000000000909, -13.36396103067892760, 6.533333333333333215 ) ) ;
#1659 = CIRCLE ( 'NONE', #2737, 2.749999999999995559 ) ;
#1660 = ADVANCED_FACE ( 'NONE', ( #2964, #1754, #1063, #2734, #1495, #2044, #2027, #363, #2540, #2997, #3014 ), #2471, .T. ) ;
#1661 = AXIS2_PLACEMENT_3D ( 'NONE', #2634, #1882, #879 ) ;
#1662 = DIRECTION ( 'NONE',  ( -0.000000000000000000, -0.000000000000000000, -1.000000000000000000 ) ) ;
#1663 = VECTOR ( 'NONE', #2378, 1000.000000000000000 ) ;
#1664 = CARTESIAN_POINT ( 'NONE',  ( 45.21702132613619796, 11.60637175361898343, 12.00000000000000000 ) ) ;
#1665 = VECTOR ( 'NONE', #381, 1000.000000000000000 ) ;
#1666 = EDGE_LOOP ( 'NONE', ( #1046, #34, #2866, #2733 ) ) ;
#1667 = SURFACE_SIDE_STYLE ('',( #2877 ) ) ;
#1668 = VECTOR ( 'NONE', #1794, 1000.000000000000000 ) ;
#1669 = CARTESIAN_POINT ( 'NONE',  ( 44.90690799139909473, -14.15624141636916455, 12.00000000000000178 ) ) ;
#1670 = EDGE_LOOP ( 'NONE', ( #1294, #3002 ) ) ;
#1671 = DIRECTION ( 'NONE',  ( 1.000000000000000000, 0.000000000000000000, 0.000000000000000000 ) ) ;
#1672 = DIRECTION ( 'NONE',  ( -1.000000000000000000, 0.000000000000000000, 0.000000000000000000 ) ) ;
#1673 = ORIENTED_EDGE ( 'NONE', *, *, #772, .T. ) ;
#1674 = CONICAL_SURFACE ( 'NONE', #2702, 5.000000000000004441, 0.5235987755982925984 ) ;
#1675 = CARTESIAN_POINT ( 'NONE',  ( 45.24000000000000199, 20.00000000000000000, 12.00000000000000000 ) ) ;
#1676 = B_SPLINE_CURVE_WITH_KNOTS ( 'NONE', 3,
 ( #609, #306, #99, #85 ),
 .UNSPECIFIED., .F., .F.,
 ( 4, 4 ),
 ( 0.000000000000000000, 1.000000000000000000 ),
 .UNSPECIFIED. ) ;
#1677 = CARTESIAN_POINT ( 'NONE',  ( 39.71765388995246582, -19.59015808752900867, 4.000000000000000000 ) ) ;
#1678 = CARTESIAN_POINT ( 'NONE',  ( -10.24999999999999822, -8.939999999999999503, 0.000000000000000000 ) ) ;
#1679 = CIRCLE ( 'NONE', #677, 0.7937499999999976241 ) ;
#1680 = DIRECTION ( 'NONE',  ( -1.000000000000000000, 0.000000000000000000, 0.000000000000000000 ) ) ;
#1681 =( NAMED_UNIT ( * ) SI_UNIT ( $, .STERADIAN. ) SOLID_ANGLE_UNIT ( ) );
#1682 = CARTESIAN_POINT ( 'NONE',  ( -13.54374999999999751, 8.939999999999999503, 7.000000000000000000 ) ) ;
#1683 = CARTESIAN_POINT ( 'NONE',  ( 45.19146049946935051, -12.10015981297722831, 12.00000000000000355 ) ) ;
#1684 = ORIENTED_EDGE ( 'NONE', *, *, #1549, .T. ) ;
#1685 = CARTESIAN_POINT ( 'NONE',  ( -40.66519340111727843, -19.30604019391307702, 12.00000000000000000 ) ) ;
#1686 = CARTESIAN_POINT ( 'NONE',  ( -35.24000000000000199, -20.00000000000000000, 4.000000000000000000 ) ) ;
#1687 = ORIENTED_EDGE ( 'NONE', *, *, #2063, .T. ) ;
#1688 = DIRECTION ( 'NONE',  ( -0.000000000000000000, -0.000000000000000000, -1.000000000000000000 ) ) ;
#1689 = CARTESIAN_POINT ( 'NONE',  ( 44.91498649409027877, -14.12004919266701641, 4.000000000000000000 ) ) ;
#1690 = CARTESIAN_POINT ( 'NONE',  ( -22.14000000000001123, 12.50000000000000000, -4.000000000000000888 ) ) ;
#1691 = EDGE_CURVE ( 'NONE', #732, #2304, #2230, .T. ) ;
#1692 = CARTESIAN_POINT ( 'NONE',  ( -44.74307725553923376, -14.80231452336530573, 4.000000000000000000 ) ) ;
#1693 = DIRECTION ( 'NONE',  ( -1.000000000000000000, 0.000000000000000000, 0.000000000000000000 ) ) ;
#1694 = ADVANCED_FACE ( 'NONE', ( #873 ), #392, .F. ) ;
#1695 = EDGE_LOOP ( 'NONE', ( #1368, #1905, #235, #2603 ) ) ;
#1696 = CARTESIAN_POINT ( 'NONE',  ( -36.92198051533946312, -20.00000000000000000, 6.533333333333333215 ) ) ;
#1697 = DIRECTION ( 'NONE',  ( -0.8660254037844418162, 0.000000000000000000, 0.4999999999999946154 ) ) ;
#1698 = DIRECTION ( 'NONE',  ( -1.000000000000000000, 0.000000000000000000, 0.000000000000000000 ) ) ;
#1699 = ORIENTED_EDGE ( 'NONE', *, *, #2218, .F. ) ;
#1700 = CARTESIAN_POINT ( 'NONE',  ( 38.60396103067893847, -20.00000000000000355, 6.533333333333333215 ) ) ;
#1701 = LINE ( 'NONE', #1284, #75 ) ;
#1702 = FACE_OUTER_BOUND ( 'NONE', #2208, .T. ) ;
#1703 = CARTESIAN_POINT ( 'NONE',  ( 45.16897123175104412, -12.44856793725216981, 4.000000000000000888 ) ) ;
#1704 = ORIENTED_EDGE ( 'NONE', *, *, #256, .T. ) ;
#1705 = DIRECTION ( 'NONE',  ( 0.4999999999999946154, 0.000000000000000000, -0.8660254037844418162 ) ) ;
#1706 = CIRCLE ( 'NONE', #2019, 2.500000000000000444 ) ;
#1707 = CARTESIAN_POINT ( 'NONE',  ( 31.62000000000000810, -12.50000000000000000, 4.000000000000000000 ) ) ;
#1708 = CARTESIAN_POINT ( 'NONE',  ( -17.04999999999997584, -8.939999999999999503, 4.000000000000000000 ) ) ;
#1709 = PRODUCT_CONTEXT ( 'NONE', #1363, 'mechanical' ) ;
#1710 = AXIS2_PLACEMENT_3D ( 'NONE', #292, #1688, #1724 ) ;
#1711 = CYLINDRICAL_SURFACE ( 'NONE', #1629, 2.099999999999990763 ) ;
#1712 = CIRCLE ( 'NONE', #59, 6.120000000000000107 ) ;
#1713 = EDGE_CURVE ( 'NONE', #1505, #3049, #2343, .T. ) ;
#1714 = CARTESIAN_POINT ( 'NONE',  ( 39.23256416902828647, -19.70253230949970202, 12.00000000000000000 ) ) ;
#1715 = ORIENTED_EDGE ( 'NONE', *, *, #1367, .T. ) ;
#1716 = EDGE_CURVE ( 'NONE', #1909, #1999, #178, .T. ) ;
#1717 = CARTESIAN_POINT ( 'NONE',  ( 12.75000000000000000, 8.939999999999999503, 4.000000000000000000 ) ) ;
#1718 = AXIS2_PLACEMENT_3D ( 'NONE', #2463, #2201, #41 ) ;
#1719 = ORIENTED_EDGE ( 'NONE', *, *, #2499, .F. ) ;
#1720 = DIRECTION ( 'NONE',  ( 1.000000000000000000, 0.000000000000000000, -0.000000000000000000 ) ) ;
#1721 = CARTESIAN_POINT ( 'NONE',  ( 45.24000000000000199, 11.68198051533946469, 3.599999999999999201 ) ) ;
#1722 = ORIENTED_EDGE ( 'NONE', *, *, #418, .T. ) ;
#1723 = DIRECTION ( 'NONE',  ( -1.000000000000000000, 0.000000000000000000, 0.000000000000000000 ) ) ;
#1724 = DIRECTION ( 'NONE',  ( -1.000000000000000000, 0.000000000000000000, 0.000000000000000000 ) ) ;
#1725 = VERTEX_POINT ( 'NONE', #1131 ) ;
#1726 = CARTESIAN_POINT ( 'NONE',  ( 12.75000000000000000, 8.939999999999999503, 0.000000000000000000 ) ) ;
#1727 = LINE ( 'NONE', #1708, #2887 ) ;
#1728 = DIRECTION ( 'NONE',  ( -0.000000000000000000, -0.000000000000000000, -1.000000000000000000 ) ) ;
#1729 = AXIS2_PLACEMENT_3D ( 'NONE', #1297, #2266, #1435 ) ;
#1730 = ORIENTED_EDGE ( 'NONE', *, *, #2050, .T. ) ;
#1731 = PLANE ( 'NONE',  #2899 ) ;
#1732 = CONICAL_SURFACE ( 'NONE', #2296, 0.7937499999999976241, 1.029744258676652535 ) ;
#1733 = ORIENTED_EDGE ( 'NONE', *, *, #2888, .T. ) ;
#1734 = VECTOR ( 'NONE', #1052, 1000.000000000000000 ) ;
#1735 = VERTEX_POINT ( 'NONE', #1593 ) ;
#1736 = CARTESIAN_POINT ( 'NONE',  ( -44.52308080163917481, -17.07106781186547195, 9.466666666668894337 ) ) ;
#1737 = EDGE_CURVE ( 'NONE', #885, #1459, #2169, .T. ) ;
#1738 = ORIENTED_EDGE ( 'NONE', *, *, #912, .F. ) ;
#1739 = FACE_OUTER_BOUND ( 'NONE', #1848, .T. ) ;
#1740 = CARTESIAN_POINT ( 'NONE',  ( 45.24000000000000199, 10.00000000000000178, 9.466666666668894337 ) ) ;
#1741 = ORIENTED_EDGE ( 'NONE', *, *, #2800, .F. ) ;
#1742 = DIRECTION ( 'NONE',  ( -1.000000000000000000, 0.000000000000000000, 0.000000000000000000 ) ) ;
#1743 = EDGE_CURVE ( 'NONE', #1895, #1792, #2094, .T. ) ;
#1744 = CARTESIAN_POINT ( 'NONE',  ( 37.74000000000000909, -12.50000000000000000, 4.000000000000000000 ) ) ;
#1745 = VERTEX_POINT ( 'NONE', #2144 ) ;
#1746 = FACE_OUTER_BOUND ( 'NONE', #2504, .T. ) ;
#1747 = CARTESIAN_POINT ( 'NONE',  ( -24.23999999999999844, 12.50000000000000000, 4.000000000000000000 ) ) ;
#1748 = ORIENTED_EDGE ( 'NONE', *, *, #2455, .F. ) ;
#1749 = DIRECTION ( 'NONE',  ( -1.000000000000000000, 0.000000000000000000, 0.000000000000000000 ) ) ;
#1750 = ORIENTED_EDGE ( 'NONE', *, *, #181, .F. ) ;
#1751 = CARTESIAN_POINT ( 'NONE',  ( -45.24000000000000199, -11.68198051533946469, 3.599999999999999201 ) ) ;
#1752 = CARTESIAN_POINT ( 'NONE',  ( 29.24000000000000199, 12.50000000000000000, 0.8823085463759948732 ) ) ;
#1753 = VERTEX_POINT ( 'NONE', #2641 ) ;
#1754 = FACE_BOUND ( 'NONE', #2814, .T. ) ;
#1755 = CARTESIAN_POINT ( 'NONE',  ( 38.60396103067893137, 20.00000000000000000, 9.466666666668894337 ) ) ;
#1756 = ADVANCED_FACE ( 'NONE', ( #2449, #1894 ), #1410, .F. ) ;
#1757 = FACE_OUTER_BOUND ( 'NONE', #2024, .T. ) ;
#1758 = FACE_OUTER_BOUND ( 'NONE', #3059, .T. ) ;
#1759 = EDGE_CURVE ( 'NONE', #1352, #347, #2879, .T. ) ;
#1760 = ORIENTED_EDGE ( 'NONE', *, *, #40, .F. ) ;
#1761 = ADVANCED_FACE ( 'NONE', ( #3114 ), #2883, .F. ) ;
#1762 = CARTESIAN_POINT ( 'NONE',  ( 22.14000000000000767, 12.50000000000000000, 12.00000000000000000 ) ) ;
#1763 = ORIENTED_EDGE ( 'NONE', *, *, #2888, .F. ) ;
#1764 = CONICAL_SURFACE ( 'NONE', #411, 0.7937499999999976241, 1.029744258676652535 ) ;
#1765 = DIRECTION ( 'NONE',  ( -1.000000000000000000, 0.000000000000000000, 0.000000000000000000 ) ) ;
#1766 = DIRECTION ( 'NONE',  ( 1.000000000000000000, 0.000000000000000000, 0.000000000000000000 ) ) ;
#1767 = CIRCLE ( 'NONE', #756, 2.500000000000000444 ) ;
#1768 = VERTEX_POINT ( 'NONE', #2387 ) ;
#1769 = ORIENTED_EDGE ( 'NONE', *, *, #1070, .F. ) ;
#1770 = CARTESIAN_POINT ( 'NONE',  ( -43.86000000000000654, -12.50000000000000000, 7.649999999999999467 ) ) ;
#1771 = CIRCLE ( 'NONE', #814, 5.000000000000004441 ) ;
#1772 = FACE_BOUND ( 'NONE', #1638, .T. ) ;
#1773 = ORIENTED_EDGE ( 'NONE', *, *, #2225, .T. ) ;
#1774 = CARTESIAN_POINT ( 'NONE',  ( 26.33999999999998920, -12.50000000000000000, 12.00000000000000000 ) ) ;
#1775 = CARTESIAN_POINT ( 'NONE',  ( 19.23999999999999488, 12.50000000000000000, -4.000000000000000000 ) ) ;
#1776 = CARTESIAN_POINT ( 'NONE',  ( -45.24000000000000199, -9.999999999999998224, 12.00000000000000000 ) ) ;
#1777 = AXIS2_PLACEMENT_3D ( 'NONE', #1608, #2110, #636 ) ;
#1778 = LINE ( 'NONE', #2985, #1115 ) ;
#1779 = CARTESIAN_POINT ( 'NONE',  ( 37.96864937535305273, -19.89956309200428564, 3.999999999999999112 ) ) ;
#1780 = EDGE_CURVE ( 'NONE', #617, #513, #1461, .T. ) ;
#1781 = FACE_OUTER_BOUND ( 'NONE', #2930, .T. ) ;
#1782 = CYLINDRICAL_SURFACE ( 'NONE', #834, 2.500000000000000444 ) ;
#1783 = ORIENTED_EDGE ( 'NONE', *, *, #2322, .T. ) ;
#1784 = DIRECTION ( 'NONE',  ( -0.000000000000000000, -0.000000000000000000, -1.000000000000000000 ) ) ;
#1785 = AXIS2_PLACEMENT_3D ( 'NONE', #474, #2640, #1394 ) ;
#1786 = EDGE_CURVE ( 'NONE', #617, #1269, #11, .T. ) ;
#1787 = CARTESIAN_POINT ( 'NONE',  ( -31.03999999999999204, -12.50000000000000000, 4.000000000000000000 ) ) ;
#1788 = CARTESIAN_POINT ( 'NONE',  ( 39.36377238429770387, 19.67416222299809192, 3.999999999999999112 ) ) ;
#1789 = EDGE_LOOP ( 'NONE', ( #2052, #3101 ) ) ;
#1790 = EDGE_LOOP ( 'NONE', ( #874, #2183, #1014, #2849 ) ) ;
#1791 = VECTOR ( 'NONE', #2867, 1000.000000000000000 ) ;
#1792 = VERTEX_POINT ( 'NONE', #970 ) ;
#1793 = VECTOR ( 'NONE', #791, 1000.000000000000000 ) ;
#1794 = DIRECTION ( 'NONE',  ( -0.000000000000000000, -0.000000000000000000, -1.000000000000000000 ) ) ;
#1795 = CARTESIAN_POINT ( 'NONE',  ( -37.26190333506466601, 19.95643371773761388, 12.00000000000000355 ) ) ;
#1796 = CARTESIAN_POINT ( 'NONE',  ( -44.94253230950170064, 13.99256416901257793, 4.000000000000000000 ) ) ;
#1797 = DIRECTION ( 'NONE',  ( -0.000000000000000000, -0.000000000000000000, -1.000000000000000000 ) ) ;
#1798 = DIRECTION ( 'NONE',  ( -1.000000000000000000, 0.000000000000000000, 0.000000000000000000 ) ) ;
#1799 = EDGE_CURVE ( 'NONE', #2972, #2942, #763, .T. ) ;
#1800 = ORIENTED_EDGE ( 'NONE', *, *, #401, .F. ) ;
#1801 = CARTESIAN_POINT ( 'NONE',  ( 29.24000000000000199, 12.50000000000000000, -4.000000000000000000 ) ) ;
#1802 = CARTESIAN_POINT ( 'NONE',  ( -12.75000000000000000, -8.939999999999999503, 4.000000000000000000 ) ) ;
#1803 = CARTESIAN_POINT ( 'NONE',  ( 40.91168095606484911, 19.32998031789028914, 4.000000000000002665 ) ) ;
#1804 = ORIENTED_EDGE ( 'NONE', *, *, #625, .T. ) ;
#1805 = EDGE_CURVE ( 'NONE', #1594, #495, #1004, .T. ) ;
#1806 = VERTEX_POINT ( 'NONE', #1707 ) ;
#1807 = CARTESIAN_POINT ( 'NONE',  ( 19.23999999999999488, 12.50000000000000000, 0.8823085463759948732 ) ) ;
#1808 = DIRECTION ( 'NONE',  ( -1.000000000000000000, 0.000000000000000000, 0.000000000000000000 ) ) ;
#1809 = FACE_OUTER_BOUND ( 'NONE', #1144, .T. ) ;
#1810 = LINE ( 'NONE', #3017, #1665 ) ;
#1811 = EDGE_LOOP ( 'NONE', ( #2571, #267, #2520, #2176 ) ) ;
#1812 = DIRECTION ( 'NONE',  ( 1.000000000000000000, 0.000000000000000000, 0.000000000000000000 ) ) ;
#1813 = EDGE_LOOP ( 'NONE', ( #1241, #935, #2327, #1489 ) ) ;
#1814 = CARTESIAN_POINT ( 'NONE',  ( -10.24999999999999822, -8.939999999999999503, 0.8823085463760174108 ) ) ;
#1815 = DIRECTION ( 'NONE',  ( 1.000000000000000000, 0.000000000000000000, 0.000000000000000000 ) ) ;
#1816 = AXIS2_PLACEMENT_3D ( 'NONE', #338, #887, #2519 ) ;
#1817 = ORIENTED_EDGE ( 'NONE', *, *, #2652, .T. ) ;
#1818 = EDGE_LOOP ( 'NONE', ( #1634, #482 ) ) ;
#1819 = CARTESIAN_POINT ( 'NONE',  ( 36.28637787550201210, 19.99413310454541204, 3.999999999999999112 ) ) ;
#1820 = CARTESIAN_POINT ( 'NONE',  ( -45.23413310454540692, -11.04637787561220463, 11.99999999999999822 ) ) ;
#1821 = CARTESIAN_POINT ( 'NONE',  ( -39.42634549493519103, 19.66009882397231934, 4.000000000000000000 ) ) ;
#1822 = PLANE ( 'NONE',  #103 ) ;
#1823 = AXIS2_PLACEMENT_3D ( 'NONE', #1614, #2103, #1147 ) ;
#1824 = CARTESIAN_POINT ( 'NONE',  ( 12.75000000000000000, -8.939999999999999503, -1.458095095234814963E-15 ) ) ;
#1825 = EDGE_LOOP ( 'NONE', ( #1447, #191, #299, #590 ) ) ;
#1826 = AXIS2_PLACEMENT_3D ( 'NONE', #2383, #3110, #943 ) ;
#1827 = CARTESIAN_POINT ( 'NONE',  ( 12.75000000000000000, -8.939999999999999503, 7.000000000000000000 ) ) ;
#1828 = VERTEX_POINT ( 'NONE', #295 ) ;
#1829 = CARTESIAN_POINT ( 'NONE',  ( -37.74000000000000199, -12.50000000000000000, 4.000000000000000000 ) ) ;
#1830 = DIRECTION ( 'NONE',  ( -0.000000000000000000, -0.000000000000000000, -1.000000000000000000 ) ) ;
#1831 = STYLED_ITEM ( 'NONE', ( #1155 ), #2015 ) ;
#1832 = ORIENTED_EDGE ( 'NONE', *, *, #2525, .T. ) ;
#1833 = UNCERTAINTY_MEASURE_WITH_UNIT (LENGTH_MEASURE( 1.000000000000000082E-05 ), #2895, 'distance_accuracy_value', 'NONE');
#1834 = ORIENTED_EDGE ( 'NONE', *, *, #1786, .T. ) ;
#1835 = CARTESIAN_POINT ( 'NONE',  ( 36.84637175360413863, 19.97702132613619597, 4.000000000000000000 ) ) ;
#1836 = EDGE_CURVE ( 'NONE', #3065, #1092, #964, .T. ) ;
#1837 = CARTESIAN_POINT ( 'NONE',  ( -42.13211511382870356, 18.71086312242723793, 11.99999999999999822 ) ) ;
#1838 = CONICAL_SURFACE ( 'NONE', #2043, 5.000000000000004441, 0.5235987755982925984 ) ;
#1839 = CARTESIAN_POINT ( 'NONE',  ( -36.84139546409749499, 19.98407550389049803, 4.000000000000000000 ) ) ;
#1840 = CARTESIAN_POINT ( 'NONE',  ( 34.99000000000001620, -12.50000000000000000, 12.00000000000000000 ) ) ;
#1841 = CARTESIAN_POINT ( 'NONE',  ( -37.73999999999999488, 12.50000000000000000, 4.000000000000000000 ) ) ;
#1842 = EDGE_LOOP ( 'NONE', ( #2431, #63, #1273, #2281 ) ) ;
#1843 = ADVANCED_FACE ( 'NONE', ( #767 ), #2541, .T. ) ;
#1844 = CARTESIAN_POINT ( 'NONE',  ( -37.73999999999999488, 12.50000000000000000, 4.000000000000000000 ) ) ;
#1845 = CARTESIAN_POINT ( 'NONE',  ( 37.74000000000000909, -12.50000000000000000, 7.649999999999999467 ) ) ;
#1846 = DIRECTION ( 'NONE',  ( -0.000000000000000000, -0.000000000000000000, -1.000000000000000000 ) ) ;
#1847 = LINE ( 'NONE', #2824, #2275 ) ;
#1848 = EDGE_LOOP ( 'NONE', ( #153, #1684, #1991, #1443 ) ) ;
#1849 = ORIENTED_EDGE ( 'NONE', *, *, #1652, .T. ) ;
#1850 = FACE_OUTER_BOUND ( 'NONE', #1862, .T. ) ;
#1851 = CARTESIAN_POINT ( 'NONE',  ( 24.23999999999999844, -12.50000000000000000, -4.000000000000000000 ) ) ;
#1852 = DIRECTION ( 'NONE',  ( -0.000000000000000000, -0.000000000000000000, -1.000000000000000000 ) ) ;
#1853 = FACE_OUTER_BOUND ( 'NONE', #2786, .T. ) ;
#1854 = ORIENTED_EDGE ( 'NONE', *, *, #469, .F. ) ;
#1855 = EDGE_CURVE ( 'NONE', #1967, #1745, #821, .T. ) ;
#1856 = CARTESIAN_POINT ( 'NONE',  ( -45.24000000000000199, 13.36396103067893115, 3.599999999999999201 ) ) ;
#1857 = EDGE_CURVE ( 'NONE', #420, #1928, #2846, .T. ) ;
#1858 = EDGE_LOOP ( 'NONE', ( #403, #375, #1953, #484 ) ) ;
#1859 = FACE_BOUND ( 'NONE', #2588, .T. ) ;
#1860 = CARTESIAN_POINT ( 'NONE',  ( 44.91416222299818628, 14.12377238429757220, 12.00000000000000178 ) ) ;
#1861 = ADVANCED_FACE ( 'NONE', ( #2445 ), #2954, .F. ) ;
#1862 = EDGE_LOOP ( 'NONE', ( #3117, #920, #1817, #79 ) ) ;
#1863 = VERTEX_POINT ( 'NONE', #2743 ) ;
#1864 = AXIS2_PLACEMENT_3D ( 'NONE', #859, #670, #2829 ) ;
#1865 = CARTESIAN_POINT ( 'NONE',  ( 36.84637175361682182, -19.97702132613619241, 11.99999999999999645 ) ) ;
#1866 = ORIENTED_EDGE ( 'NONE', *, *, #2567, .T. ) ;
#1867 = CARTESIAN_POINT ( 'NONE',  ( -36.14523192546113961, -20.00000000000000355, 12.00000000000000355 ) ) ;
#1868 = CIRCLE ( 'NONE', #1401, 0.7937499999999976241 ) ;
#1869 = DIRECTION ( 'NONE',  ( -1.000000000000000000, 0.000000000000000000, 0.000000000000000000 ) ) ;
#1870 = LINE ( 'NONE', #440, #207 ) ;
#1871 = CIRCLE ( 'NONE', #511, 6.120000000000000107 ) ;
#1872 = AXIS2_PLACEMENT_3D ( 'NONE', #599, #1883, #694 ) ;
#1873 = CARTESIAN_POINT ( 'NONE',  ( -26.33999999999998920, -12.50000000000000000, 12.00000000000000000 ) ) ;
#1874 = ORIENTED_EDGE ( 'NONE', *, *, #2628, .F. ) ;
#1875 = AXIS2_PLACEMENT_3D ( 'NONE', #787, #281, #1235 ) ;
#1876 = ADVANCED_FACE ( 'NONE', ( #587 ), #1316, .F. ) ;
#1877 = CARTESIAN_POINT ( 'NONE',  ( 37.34015981297795861, 19.95146049946923839, 12.00000000000000355 ) ) ;
#1878 = ADVANCED_FACE ( 'NONE', ( #1036 ), #1920, .F. ) ;
#1879 = DIRECTION ( 'NONE',  ( -0.000000000000000000, -0.000000000000000000, -1.000000000000000000 ) ) ;
#1880 = EDGE_LOOP ( 'NONE', ( #2696, #3042, #739, #1332 ) ) ;
#1881 = CARTESIAN_POINT ( 'NONE',  ( -37.96864937535357853, -19.89956309200337969, 12.00000000000000178 ) ) ;
#1882 = DIRECTION ( 'NONE',  ( -0.000000000000000000, -0.000000000000000000, 1.000000000000000000 ) ) ;
#1883 = DIRECTION ( 'NONE',  ( -0.000000000000000000, -0.000000000000000000, 1.000000000000000000 ) ) ;
#1884 = ORIENTED_EDGE ( 'NONE', *, *, #967, .T. ) ;
#1885 = VECTOR ( 'NONE', #1084, 1000.000000000000000 ) ;
#1886 = FACE_OUTER_BOUND ( 'NONE', #2776, .T. ) ;
#1887 = LINE ( 'NONE', #1183, #2707 ) ;
#1888 = AXIS2_PLACEMENT_3D ( 'NONE', #2518, #2354, #2684 ) ;
#1889 = CARTESIAN_POINT ( 'NONE',  ( -24.23999999999999844, -12.50000000000000000, -4.000000000000000888 ) ) ;
#1890 =( GEOMETRIC_REPRESENTATION_CONTEXT ( 3 ) GLOBAL_UNCERTAINTY_ASSIGNED_CONTEXT ( ( #362 ) ) GLOBAL_UNIT_ASSIGNED_CONTEXT ( ( #2155, #1458, #2751 ) ) REPRESENTATION_CONTEXT ( 'NONE', 'WORKASPACE' ) );
#1891 = CARTESIAN_POINT ( 'NONE',  ( 45.19403787778065151, 12.06039140696382894, 12.00000000000000178 ) ) ;
#1892 = EDGE_CURVE ( 'NONE', #288, #933, #2293, .T. ) ;
#1893 = DIRECTION ( 'NONE',  ( -0.000000000000000000, -0.000000000000000000, 1.000000000000000000 ) ) ;
#1894 = FACE_OUTER_BOUND ( 'NONE', #132, .T. ) ;
#1895 = VERTEX_POINT ( 'NONE', #128 ) ;
#1896 = EDGE_CURVE ( 'NONE', #1753, #445, #1571, .T. ) ;
#1897 = CARTESIAN_POINT ( 'NONE',  ( 13.54374999999999396, -8.939999999999999503, 0.000000000000000000 ) ) ;
#1898 = CARTESIAN_POINT ( 'NONE',  ( -11.95625000000000071, -8.939999999999999503, 7.000000000000000000 ) ) ;
#1899 = CARTESIAN_POINT ( 'NONE',  ( 29.24000000000000199, 12.50000000000000000, -4.000000000000000000 ) ) ;
#1900 = DIRECTION ( 'NONE',  ( -1.000000000000000000, 0.000000000000000000, 0.000000000000000000 ) ) ;
#1901 = LINE ( 'NONE', #2875, #151 ) ;
#1902 = CARTESIAN_POINT ( 'NONE',  ( 45.02424024486631993, 13.57082696346002315, 12.00000000000000178 ) ) ;
#1903 = VERTEX_POINT ( 'NONE', #3034 ) ;
#1904 = FILL_AREA_STYLE_COLOUR ( '', #269 ) ;
#1905 = ORIENTED_EDGE ( 'NONE', *, *, #360, .T. ) ;
#1906 = CARTESIAN_POINT ( 'NONE',  ( -44.91416222299829286, -14.12377238429747095, 12.00000000000000355 ) ) ;
#1907 = EDGE_CURVE ( 'NONE', #301, #2780, #619, .T. ) ;
#1908 = DIRECTION ( 'NONE',  ( 1.000000000000000000, 0.000000000000000000, 0.000000000000000000 ) ) ;
#1909 = VERTEX_POINT ( 'NONE', #1814 ) ;
#1910 = ADVANCED_FACE ( 'NONE', ( #2807 ), #3052, .F. ) ;
#1911 = AXIS2_PLACEMENT_3D ( 'NONE', #2081, #1830, #1543 ) ;
#1912 = CARTESIAN_POINT ( 'NONE',  ( 43.86000000000001364, -12.50000000000000000, 4.000000000000000000 ) ) ;
#1913 = CARTESIAN_POINT ( 'NONE',  ( 39.40828895011496513, -19.66418943054373969, 4.000000000000000000 ) ) ;
#1914 = CYLINDRICAL_SURFACE ( 'NONE', #2132, 5.000000000000004441 ) ;
#1915 = FACE_OUTER_BOUND ( 'NONE', #1813, .T. ) ;
#1916 = VECTOR ( 'NONE', #2096, 1000.000000000000000 ) ;
#1917 = CARTESIAN_POINT ( 'NONE',  ( 36.84139546407177335, 19.98407550389049092, 12.00000000000000000 ) ) ;
#1918 = VECTOR ( 'NONE', #2530, 1000.000000000000000 ) ;
#1919 = AXIS2_PLACEMENT_3D ( 'NONE', #135, #2509, #1093 ) ;
#1920 = CYLINDRICAL_SURFACE ( 'NONE', #2938, 6.120000000000000107 ) ;
#1921 = CARTESIAN_POINT ( 'NONE',  ( 39.30138901335741508, -19.68783223522559211, 12.00000000000000178 ) ) ;
#1922 = EDGE_LOOP ( 'NONE', ( #2368, #1591, #2745 ) ) ;
#1923 = CARTESIAN_POINT ( 'NONE',  ( -39.55201827459652719, -19.63083907881766876, 12.00000000000000178 ) ) ;
#1924 = DIRECTION ( 'NONE',  ( 0.000000000000000000, -1.000000000000000000, 0.000000000000000000 ) ) ;
#1925 = ORIENTED_EDGE ( 'NONE', *, *, #366, .T. ) ;
#1926 = CARTESIAN_POINT ( 'NONE',  ( 35.23999999999999488, 20.00000000000000000, 9.333333333333209580 ) ) ;
#1927 = EDGE_CURVE ( 'NONE', #2522, #2049, #1341, .T. ) ;
#1928 = VERTEX_POINT ( 'NONE', #2670 ) ;
#1929 = DIRECTION ( 'NONE',  ( -0.000000000000000000, -0.000000000000000000, -1.000000000000000000 ) ) ;
#1930 = EDGE_LOOP ( 'NONE', ( #2195, #3041, #807, #558, #144, #2927, #1748, #651 ) ) ;
#1931 = DIRECTION ( 'NONE',  ( 1.000000000000000000, 0.000000000000000000, 0.000000000000000000 ) ) ;
#1932 = VECTOR ( 'NONE', #2248, 1000.000000000000000 ) ;
#1933 = EDGE_CURVE ( 'NONE', #288, #2650, #1081, .T. ) ;
#1934 = CIRCLE ( 'NONE', #2347, 0.7937499999999976241 ) ;
#1935 = CARTESIAN_POINT ( 'NONE',  ( -36.84637175358482608, -19.97702132613619597, 4.000000000000000000 ) ) ;
#1936 = ORIENTED_EDGE ( 'NONE', *, *, #62, .F. ) ;
#1937 = AXIS2_PLACEMENT_3D ( 'NONE', #190, #944, #507 ) ;
#1938 = FACE_OUTER_BOUND ( 'NONE', #2150, .T. ) ;
#1939 = CARTESIAN_POINT ( 'NONE',  ( 39.33564450445800276, -19.68036626040499470, 12.00000000000000000 ) ) ;
#1940 = VERTEX_POINT ( 'NONE', #701 ) ;
#1941 = DIRECTION ( 'NONE',  ( 0.8571673007021113344, 1.049727191138617463E-16, -0.5150380749100558209 ) ) ;
#1942 = FACE_OUTER_BOUND ( 'NONE', #2026, .T. ) ;
#1943 = EDGE_LOOP ( 'NONE', ( #2584, #1244 ) ) ;
#1944 = CARTESIAN_POINT ( 'NONE',  ( 45.24000000000000909, -10.00000000000000000, 12.40000000000000036 ) ) ;
#1945 = DIRECTION ( 'NONE',  ( -0.000000000000000000, -0.000000000000000000, 1.000000000000000000 ) ) ;
#1946 = DIRECTION ( 'NONE',  ( -0.000000000000000000, -0.000000000000000000, -1.000000000000000000 ) ) ;
#1947 = ADVANCED_FACE ( 'NONE', ( #2622 ), #1711, .F. ) ;
#1948 = ADVANCED_FACE ( 'NONE', ( #265 ), #223, .F. ) ;
#1949 = DIRECTION ( 'NONE',  ( -0.000000000000000000, -0.000000000000000000, -1.000000000000000000 ) ) ;
#1950 = CARTESIAN_POINT ( 'NONE',  ( 40.49000000000000909, -12.50000000000000000, 4.000000000000000000 ) ) ;
#1951 = VERTEX_POINT ( 'NONE', #3093 ) ;
#1952 = CARTESIAN_POINT ( 'NONE',  ( -42.31106781186548460, -19.28308080163916216, 9.466666666668894337 ) ) ;
#1953 = ORIENTED_EDGE ( 'NONE', *, *, #452, .T. ) ;
#1954 = CARTESIAN_POINT ( 'NONE',  ( -45.24000000000000199, 10.00000000000000000, 4.000000000000000000 ) ) ;
#1955 = CARTESIAN_POINT ( 'NONE',  ( 38.60396103067893137, 20.00000000000000000, 12.40000000000000036 ) ) ;
#1956 = ORIENTED_EDGE ( 'NONE', *, *, #1169, .F. ) ;
#1957 = CARTESIAN_POINT ( 'NONE',  ( 36.92198051533947023, -20.00000000000000355, 9.466666666668894337 ) ) ;
#1958 = DIRECTION ( 'NONE',  ( 0.000000000000000000, 0.000000000000000000, 1.000000000000000000 ) ) ;
#1959 = DIRECTION ( 'NONE',  ( -1.000000000000000000, 0.000000000000000000, 0.000000000000000000 ) ) ;
#1960 = FACE_OUTER_BOUND ( 'NONE', #2822, .T. ) ;
#1961 = CARTESIAN_POINT ( 'NONE',  ( 45.19344129893537598, -12.06976385835725196, 4.000000000000000000 ) ) ;
#1962 = CONICAL_SURFACE ( 'NONE', #2323, 4.299999999999975842, 0.5235987755982929315 ) ;
#1963 = VECTOR ( 'NONE', #870, 1000.000000000000227 ) ;
#1964 = DIRECTION ( 'NONE',  ( -1.000000000000000000, 0.000000000000000000, 0.000000000000000000 ) ) ;
#1965 = CARTESIAN_POINT ( 'NONE',  ( -39.30138901334859014, -19.68783223522666859, 3.999999999999999112 ) ) ;
#1966 = EDGE_CURVE ( 'NONE', #753, #445, #1454, .T. ) ;
#1967 = VERTEX_POINT ( 'NONE', #3122 ) ;
#1968 = AXIS2_PLACEMENT_3D ( 'NONE', #2202, #715, #1680 ) ;
#1969 = DIRECTION ( 'NONE',  ( -0.000000000000000000, -0.000000000000000000, -1.000000000000000000 ) ) ;
#1970 = AXIS2_PLACEMENT_3D ( 'NONE', #2871, #2133, #1376 ) ;
#1971 = ORIENTED_EDGE ( 'NONE', *, *, #646, .F. ) ;
#1972 = ORIENTED_EDGE ( 'NONE', *, *, #1759, .T. ) ;
#1973 = CARTESIAN_POINT ( 'NONE',  ( -36.92198051533946312, -20.00000000000000000, 3.599999999999999201 ) ) ;
#1974 = AXIS2_PLACEMENT_3D ( 'NONE', #1845, #3021, #898 ) ;
#1975 = ADVANCED_FACE ( 'NONE', ( #2429 ), #1220, .F. ) ;
#1976 = ORIENTED_EDGE ( 'NONE', *, *, #1799, .T. ) ;
#1977 = CARTESIAN_POINT ( 'NONE',  ( 45.24000000000000199, 10.00000000000000178, 12.00000000000000000 ) ) ;
#1978 = ORIENTED_EDGE ( 'NONE', *, *, #1549, .F. ) ;
#1979 = LINE ( 'NONE', #2473, #1982 ) ;
#1980 = DIRECTION ( 'NONE',  ( -0.000000000000000000, -0.000000000000000000, -1.000000000000000000 ) ) ;
#1981 = ORIENTED_EDGE ( 'NONE', *, *, #2669, .T. ) ;
#1982 = VECTOR ( 'NONE', #308, 1000.000000000000000 ) ;
#1983 = DIRECTION ( 'NONE',  ( 0.000000000000000000, 0.000000000000000000, 1.000000000000000000 ) ) ;
#1984 = CARTESIAN_POINT ( 'NONE',  ( -37.30976385835607800, -19.95344129893552676, 4.000000000000000000 ) ) ;
#1985 = FACE_OUTER_BOUND ( 'NONE', #2100, .T. ) ;
#1986 = CIRCLE ( 'NONE', #2389, 6.120000000000000107 ) ;
#1987 = ORIENTED_EDGE ( 'NONE', *, *, #82, .F. ) ;
#1988 = CYLINDRICAL_SURFACE ( 'NONE', #19, 6.120000000000000107 ) ;
#1989 = ADVANCED_FACE ( 'NONE', ( #1938 ), #1166, .F. ) ;
#1990 = ORIENTED_EDGE ( 'NONE', *, *, #772, .F. ) ;
#1991 = ORIENTED_EDGE ( 'NONE', *, *, #1994, .T. ) ;
#1992 = DIRECTION ( 'NONE',  ( -1.000000000000000000, 0.000000000000000000, 0.000000000000000000 ) ) ;
#1993 = ORIENTED_EDGE ( 'NONE', *, *, #489, .F. ) ;
#1994 = EDGE_CURVE ( 'NONE', #1828, #36, #1272, .T. ) ;
#1995 = CYLINDRICAL_SURFACE ( 'NONE', #163, 2.099999999999990763 ) ;
#1996 = CARTESIAN_POINT ( 'NONE',  ( 44.52308080163917481, -17.07106781186547551, 12.40000000000000036 ) ) ;
#1997 = DIRECTION ( 'NONE',  ( 1.000000000000000000, -0.000000000000000000, -0.000000000000000000 ) ) ;
#1998 = FACE_OUTER_BOUND ( 'NONE', #1825, .T. ) ;
#1999 = VERTEX_POINT ( 'NONE', #2143 ) ;
#2000 = CYLINDRICAL_SURFACE ( 'NONE', #1968, 0.7937499999999940714 ) ;
#2001 = EDGE_LOOP ( 'NONE', ( #468, #775, #383, #2712 ) ) ;
#2002 = CARTESIAN_POINT ( 'NONE',  ( 45.24000000000000199, 20.00000000000000000, 12.00000000000000000 ) ) ;
#2003 = CARTESIAN_POINT ( 'NONE',  ( 34.99000000000000909, -12.50000000000000000, 4.000000000000000000 ) ) ;
#2004 = ORIENTED_EDGE ( 'NONE', *, *, #1072, .F. ) ;
#2005 = ORIENTED_EDGE ( 'NONE', *, *, #679, .F. ) ;
#2006 = CARTESIAN_POINT ( 'NONE',  ( -45.24000000000000199, -11.68198051533946469, 12.40000000000000036 ) ) ;
#2007 = CARTESIAN_POINT ( 'NONE',  ( -15.25000000000000000, 8.939999999999999503, 0.000000000000000000 ) ) ;
#2008 = ORIENTED_EDGE ( 'NONE', *, *, #691, .F. ) ;
#2009 = DIRECTION ( 'NONE',  ( -0.000000000000000000, -0.000000000000000000, -1.000000000000000000 ) ) ;
#2010 = CARTESIAN_POINT ( 'NONE',  ( 35.24000000000000199, 20.00000000000000000, 3.599999999999999201 ) ) ;
#2011 = ADVANCED_FACE ( 'NONE', ( #928 ), #1427, .T. ) ;
#2012 = LINE ( 'NONE', #2982, #1026 ) ;
#2013 = DIRECTION ( 'NONE',  ( -1.000000000000000000, 0.000000000000000000, 0.000000000000000000 ) ) ;
#2014 = CARTESIAN_POINT ( 'NONE',  ( 19.23999999999999488, 12.50000000000000000, 0.8823085463759948732 ) ) ;
#2015 = MANIFOLD_SOLID_BREP ( 'Chamfer1', #2158 ) ;
#2016 = CIRCLE ( 'NONE', #698, 2.099999999999987210 ) ;
#2017 = CARTESIAN_POINT ( 'NONE',  ( 12.75000000000000000, -8.939999999999999503, 0.8823085463760178548 ) ) ;
#2018 = VERTEX_POINT ( 'NONE', #15 ) ;
#2019 = AXIS2_PLACEMENT_3D ( 'NONE', #2536, #2502, #1815 ) ;
#2020 = FACE_OUTER_BOUND ( 'NONE', #2470, .T. ) ;
#2021 = CARTESIAN_POINT ( 'NONE',  ( -8.450000000000024158, 8.939999999999999503, 4.000000000000000000 ) ) ;
#2022 = CARTESIAN_POINT ( 'NONE',  ( 39.33564450445445715, 19.68036626040531445, 4.000000000000000000 ) ) ;
#2023 = AXIS2_PLACEMENT_3D ( 'NONE', #2181, #2216, #1020 ) ;
#2024 = EDGE_LOOP ( 'NONE', ( #1832, #1184 ) ) ;
#2025 = CIRCLE ( 'NONE', #1068, 2.099999999999987210 ) ;
#2026 = EDGE_LOOP ( 'NONE', ( #1834, #530, #340, #2613 ) ) ;
#2027 = FACE_BOUND ( 'NONE', #305, .T. ) ;
#2028 = FACE_OUTER_BOUND ( 'NONE', #1880, .T. ) ;
#2029 = AXIS2_PLACEMENT_3D ( 'NONE', #60, #1022, #1250 ) ;
#2030 = DIRECTION ( 'NONE',  ( -0.000000000000000000, -0.000000000000000000, -1.000000000000000000 ) ) ;
#2031 = CARTESIAN_POINT ( 'NONE',  ( -39.07248471312465909, 19.73939422523806897, 3.999999999999999112 ) ) ;
#2032 = ADVANCED_FACE ( 'NONE', ( #974 ), #2911, .T. ) ;
#2033 = DIRECTION ( 'NONE',  ( -0.000000000000000000, -0.000000000000000000, -1.000000000000000000 ) ) ;
#2034 = DIRECTION ( 'NONE',  ( -0.000000000000000000, -0.000000000000000000, -1.000000000000000000 ) ) ;
#2035 = CARTESIAN_POINT ( 'NONE',  ( 22.14000000000000767, -12.50000000000000000, 12.00000000000000000 ) ) ;
#2036 = ADVANCED_FACE ( 'NONE', ( #2020 ), #556, .F. ) ;
#2037 = ORIENTED_EDGE ( 'NONE', *, *, #1174, .T. ) ;
#2038 = CARTESIAN_POINT ( 'NONE',  ( 8.450000000000022382, 8.939999999999999503, 4.000000000000000000 ) ) ;
#2039 = DIRECTION ( 'NONE',  ( 0.000000000000000000, 0.000000000000000000, 1.000000000000000000 ) ) ;
#2040 = ORIENTED_EDGE ( 'NONE', *, *, #2723, .F. ) ;
#2041 = VECTOR ( 'NONE', #2214, 1000.000000000000000 ) ;
#2042 = ORIENTED_EDGE ( 'NONE', *, *, #2778, .F. ) ;
#2043 = AXIS2_PLACEMENT_3D ( 'NONE', #2180, #24, #983 ) ;
#2044 = FACE_BOUND ( 'NONE', #2373, .T. ) ;
#2045 = CARTESIAN_POINT ( 'NONE',  ( -36.84637175359750927, 19.97702132613619952, 12.00000000000000000 ) ) ;
#2046 = CARTESIAN_POINT ( 'NONE',  ( -11.95625000000000071, 8.939999999999999503, 7.000000000000000000 ) ) ;
#2047 = DIRECTION ( 'NONE',  ( -1.000000000000000000, 0.000000000000000000, 0.000000000000000000 ) ) ;
#2048 = DIRECTION ( 'NONE',  ( -0.000000000000000000, -0.000000000000000000, -1.000000000000000000 ) ) ;
#2049 = VERTEX_POINT ( 'NONE', #2993 ) ;
#2050 = EDGE_CURVE ( 'NONE', #637, #14, #673, .T. ) ;
#2051 = CARTESIAN_POINT ( 'NONE',  ( 40.49000000000000909, 12.50000000000000000, 4.000000000000000000 ) ) ;
#2052 = ORIENTED_EDGE ( 'NONE', *, *, #966, .T. ) ;
#2053 = LINE ( 'NONE', #811, #2076 ) ;
#2054 = CARTESIAN_POINT ( 'NONE',  ( 37.09232843579678729, 19.96589867017021191, 4.000000000000001776 ) ) ;
#2055 = CARTESIAN_POINT ( 'NONE',  ( -39.23256416901590171, 19.70253230950110535, 12.00000000000000000 ) ) ;
#2056 = CARTESIAN_POINT ( 'NONE',  ( -39.39624141636964794, 19.66690799139893286, 4.000000000000001776 ) ) ;
#2057 = CARTESIAN_POINT ( 'NONE',  ( 12.75000000000000000, 8.939999999999999503, 0.000000000000000000 ) ) ;
#2058 = CARTESIAN_POINT ( 'NONE',  ( -29.24000000000000199, -12.50000000000000000, 0.8823085463759948732 ) ) ;
#2059 = ORIENTED_EDGE ( 'NONE', *, *, #3112, .T. ) ;
#2060 = CARTESIAN_POINT ( 'NONE',  ( -45.24000000000000199, -9.999999999999998224, 4.000000000000000000 ) ) ;
#2061 = CARTESIAN_POINT ( 'NONE',  ( -8.450000000000024158, 8.939999999999999503, 4.000000000000000000 ) ) ;
#2062 = CARTESIAN_POINT ( 'NONE',  ( -19.23999999999999488, 12.50000000000000000, -4.000000000000000000 ) ) ;
#2063 = EDGE_CURVE ( 'NONE', #1323, #2205, #3007, .T. ) ;
#2064 = CIRCLE ( 'NONE', #1009, 4.299999999999975842 ) ;
#2065 = ORIENTED_EDGE ( 'NONE', *, *, #2986, .T. ) ;
#2066 = EDGE_LOOP ( 'NONE', ( #766, #827, #1121, #902 ) ) ;
#2067 = EDGE_CURVE ( 'NONE', #1162, #826, #2600, .T. ) ;
#2068 = CARTESIAN_POINT ( 'NONE',  ( 37.30039140696312927, 19.95403787778065308, 4.000000000000000000 ) ) ;
#2069 = CARTESIAN_POINT ( 'NONE',  ( -44.97939422524387254, 13.83248471311464201, 11.99999999999999645 ) ) ;
#2070 = CIRCLE ( 'NONE', #702, 2.500000000000000444 ) ;
#2071 = CARTESIAN_POINT ( 'NONE',  ( -39.46837414226698826, 19.65046471828332386, 4.000000000000000888 ) ) ;
#2072 = CYLINDRICAL_SURFACE ( 'NONE', #2113, 6.120000000000000107 ) ;
#2073 = AXIS2_PLACEMENT_3D ( 'NONE', #1265, #612, #1520 ) ;
#2074 = FACE_OUTER_BOUND ( 'NONE', #774, .T. ) ;
#2075 = ORIENTED_EDGE ( 'NONE', *, *, #537, .T. ) ;
#2076 = VECTOR ( 'NONE', #2232, 1000.000000000000000 ) ;
#2077 = CARTESIAN_POINT ( 'NONE',  ( -38.60396103067893137, 20.00000000000000000, 6.533333333333333215 ) ) ;
#2078 = DIRECTION ( 'NONE',  ( -0.000000000000000000, 1.000000000000000000, -0.000000000000000000 ) ) ;
#2079 = ORIENTED_EDGE ( 'NONE', *, *, #1002, .F. ) ;
#2080 = CARTESIAN_POINT ( 'NONE',  ( -12.75000000000000000, -8.939999999999999503, 0.8823085463760174108 ) ) ;
#2081 = CARTESIAN_POINT ( 'NONE',  ( -37.73999999999999488, 12.50000000000000000, 7.649999999999999467 ) ) ;
#2082 = CARTESIAN_POINT ( 'NONE',  ( 43.48739685556106593, 17.36099510299883164, 4.000000000000000888 ) ) ;
#2083 = ORIENTED_EDGE ( 'NONE', *, *, #2962, .F. ) ;
#2084 = ORIENTED_EDGE ( 'NONE', *, *, #237, .F. ) ;
#2085 = CARTESIAN_POINT ( 'NONE',  ( -35.68967367075202901, 20.00000000000000711, 12.00000000000000178 ) ) ;
#2086 = ADVANCED_FACE ( 'NONE', ( #2258 ), #2501, .T. ) ;
#2087 = CARTESIAN_POINT ( 'NONE',  ( -45.19476264562734968, 12.04892476724437778, 3.999999999999999112 ) ) ;
#2088 = EDGE_CURVE ( 'NONE', #826, #1162, #2129, .T. ) ;
#2089 = CARTESIAN_POINT ( 'NONE',  ( -24.23999999999999844, 12.50000000000000000, 0.8823085463759948732 ) ) ;
#2090 = DIRECTION ( 'NONE',  ( 1.000000000000000000, 0.000000000000000000, -0.000000000000000000 ) ) ;
#2091 = EDGE_CURVE ( 'NONE', #2240, #2366, #824, .T. ) ;
#2092 = DIRECTION ( 'NONE',  ( -1.000000000000000000, 0.000000000000000000, -0.000000000000000000 ) ) ;
#2093 = ORIENTED_EDGE ( 'NONE', *, *, #446, .T. ) ;
#2094 = B_SPLINE_CURVE_WITH_KNOTS ( 'NONE', 3,
 ( #145, #3072, #2099, #1865, #2612, #1157, #2601, #1576, #929, #2924, #224, #703, #992, #751, #2170, #1714, #1921, #1939, #2896, #976, #2692, #2657, #266, #735, #16, #506, #2189, #234, #1191, #524, #1650, #490, #1669, #1428, #1175, #2154, #1457, #1206, #719, #2411, #2430, #2864, #1683, #1222, #284, #1476, #2126 ),
 .UNSPECIFIED., .F., .F.,
 ( 4, 1, 1, 1, 1, 1, 1, 2, 2, 1, 1, 1, 1, 1, 1, 2, 2, 2, 1, 1, 1, 1, 1, 1, 1, 2, 2, 1, 1, 1, 1, 1, 1, 2, 2, 4 ),
 ( 0.000000000000000000, 0.06249999999987917998, 0.09374999999981938059, 0.1093749999997902095, 0.1171874999997764427, 0.1210937499997704059, 0.1230468749997674083, 0.1240234374997668254, 0.1249999999997662425, 0.1874999999997888633, 0.2187499999998002154, 0.2343749999998058497, 0.2421874999998085976, 0.2460937499998100408, 0.2480468749998114286, 0.2490234374998113731, 0.2499999999998113176, 0.4999999999999047429, 0.6249999999999517053, 0.6874999999999752420, 0.7187499999999870104, 0.7343749999999930056, 0.7421874999999960032, 0.7460937499999976685, 0.7480468749999982236, 0.7490234374999983347, 0.7499999999999984457, 0.8124999999999907851, 0.8437499999999867883, 0.8593749999999849010, 0.8671874999999841238, 0.8710937499999836797, 0.8730468749999833467, 0.8740234374999832356, 0.8749999999999830136, 1.000000000000000000 ),
 .UNSPECIFIED. ) ;
#2095 = DIRECTION ( 'NONE',  ( -1.000000000000000000, 0.000000000000000000, 0.000000000000000000 ) ) ;
#2096 = DIRECTION ( 'NONE',  ( -1.000000000000000000, 0.000000000000000000, 0.000000000000000000 ) ) ;
#2097 = VERTEX_POINT ( 'NONE', #94 ) ;
#2098 = ORIENTED_EDGE ( 'NONE', *, *, #1424, .F. ) ;
#2099 = CARTESIAN_POINT ( 'NONE',  ( 36.28637787551893723, -19.99413310454541559, 12.00000000000000000 ) ) ;
#2100 = EDGE_LOOP ( 'NONE', ( #1042, #562, #3013, #901 ) ) ;
#2101 = CARTESIAN_POINT ( 'NONE',  ( -45.22407550389049646, 11.60139546399469523, 12.00000000000000000 ) ) ;
#2102 = DIRECTION ( 'NONE',  ( -1.000000000000000000, 0.000000000000000000, 0.000000000000000000 ) ) ;
#2103 = DIRECTION ( 'NONE',  ( -0.000000000000000000, -0.000000000000000000, -1.000000000000000000 ) ) ;
#2104 = ADVANCED_FACE ( 'NONE', ( #1253 ), #112, .T. ) ;
#2105 = EDGE_LOOP ( 'NONE', ( #2623, #2190, #297, #940 ) ) ;
#2106 = CARTESIAN_POINT ( 'NONE',  ( -35.24000000000000199, 20.00000000000000000, 6.533333333333333215 ) ) ;
#2107 = ORIENTED_EDGE ( 'NONE', *, *, #2628, .T. ) ;
#2108 = FACE_OUTER_BOUND ( 'NONE', #872, .T. ) ;
#2109 = CARTESIAN_POINT ( 'NONE',  ( 44.56998031786979197, 15.67168095609718748, 11.99999999999999645 ) ) ;
#2110 = DIRECTION ( 'NONE',  ( -0.000000000000000000, -0.000000000000000000, -1.000000000000000000 ) ) ;
#2111 = ORIENTED_EDGE ( 'NONE', *, *, #1743, .T. ) ;
#2112 = CARTESIAN_POINT ( 'NONE',  ( -39.38904935204107005, -19.66852346761713832, 12.00000000000000533 ) ) ;
#2113 = AXIS2_PLACEMENT_3D ( 'NONE', #193, #3047, #918 ) ;
#2114 = CARTESIAN_POINT ( 'NONE',  ( -12.75000000000000000, -8.939999999999999503, 7.000000000000000000 ) ) ;
#2115 = CARTESIAN_POINT ( 'NONE',  ( 24.23999999999999844, -12.50000000000000000, 12.00000000000000000 ) ) ;
#2116 = ORIENTED_EDGE ( 'NONE', *, *, #213, .T. ) ;
#2117 = VECTOR ( 'NONE', #416, 1000.000000000000000 ) ;
#2118 = ADVANCED_FACE ( 'NONE', ( #356 ), #1674, .T. ) ;
#2119 = AXIS2_PLACEMENT_3D ( 'NONE', #331, #2760, #1285 ) ;
#2120 = CARTESIAN_POINT ( 'NONE',  ( 29.24000000000000199, 12.50000000000000000, -4.000000000000000000 ) ) ;
#2121 = CARTESIAN_POINT ( 'NONE',  ( 22.14000000000001123, 12.50000000000000000, -4.000000000000000888 ) ) ;
#2122 = CIRCLE ( 'NONE', #2594, 4.299999999999975842 ) ;
#2123 = DIRECTION ( 'NONE',  ( -0.8571673007021113344, 0.000000000000000000, -0.5150380749100558209 ) ) ;
#2124 = ADVANCED_FACE ( 'NONE', ( #45 ), #1007, .F. ) ;
#2125 = DIRECTION ( 'NONE',  ( 0.000000000000000000, 1.000000000000000000, -0.000000000000000000 ) ) ;
#2126 = CARTESIAN_POINT ( 'NONE',  ( 45.24000000000000909, -9.999999999999998224, 12.00000000000000000 ) ) ;
#2127 = VERTEX_POINT ( 'NONE', #2727 ) ;
#2128 = DIRECTION ( 'NONE',  ( -0.000000000000000000, -0.000000000000000000, -1.000000000000000000 ) ) ;
#2129 = CIRCLE ( 'NONE', #1218, 2.099999999999990763 ) ;
#2130 = DIRECTION ( 'NONE',  ( 0.000000000000000000, -1.000000000000000000, 0.000000000000000000 ) ) ;
#2131 = EDGE_LOOP ( 'NONE', ( #720, #1976 ) ) ;
#2132 = AXIS2_PLACEMENT_3D ( 'NONE', #2561, #2817, #845 ) ;
#2133 = DIRECTION ( 'NONE',  ( -0.000000000000000000, -0.000000000000000000, 1.000000000000000000 ) ) ;
#2134 = ORIENTED_EDGE ( 'NONE', *, *, #3079, .F. ) ;
#2135 = CARTESIAN_POINT ( 'NONE',  ( 45.24000000000000909, -11.68198051533946291, 3.599999999999999201 ) ) ;
#2136 = CARTESIAN_POINT ( 'NONE',  ( -42.31106781186548460, 19.28308080163916216, 3.599999999999999201 ) ) ;
#2137 = CARTESIAN_POINT ( 'NONE',  ( 45.24000000000000909, -9.999999999999998224, 4.000000000000000000 ) ) ;
#2138 = AXIS2_PLACEMENT_3D ( 'NONE', #2182, #2682, #1370 ) ;
#2139 = LINE ( 'NONE', #9, #1059 ) ;
#2140 = CARTESIAN_POINT ( 'NONE',  ( 37.33229604674586000, 19.95197769141978128, 12.00000000000000178 ) ) ;
#2141 = APPLICATION_PROTOCOL_DEFINITION ( 'draft international standard', 'automotive_design', 1998, #1003 ) ;
#2142 = EDGE_CURVE ( 'NONE', #1343, #2945, #1506, .T. ) ;
#2143 = CARTESIAN_POINT ( 'NONE',  ( -8.450000000000024158, -8.939999999999999503, 4.000000000000000000 ) ) ;
#2144 = CARTESIAN_POINT ( 'NONE',  ( -34.99000000000000199, -12.50000000000000000, 7.649999999999999467 ) ) ;
#2145 = ORIENTED_EDGE ( 'NONE', *, *, #2889, .T. ) ;
#2146 = CARTESIAN_POINT ( 'NONE',  ( -36.84139546408525234, -19.98407550389049803, 12.00000000000000178 ) ) ;
#2147 = VERTEX_POINT ( 'NONE', #283 ) ;
#2148 = CARTESIAN_POINT ( 'NONE',  ( 17.04999999999997584, -8.939999999999999503, 4.000000000000000000 ) ) ;
#2149 = DIRECTION ( 'NONE',  ( 0.000000000000000000, 1.000000000000000000, 0.000000000000000000 ) ) ;
#2150 = EDGE_LOOP ( 'NONE', ( #2295, #2813, #161 ) ) ;
#2151 = CARTESIAN_POINT ( 'NONE',  ( 37.74000000000000909, -12.50000000000000000, 12.00000000000000000 ) ) ;
#2152 = CARTESIAN_POINT ( 'NONE',  ( 34.99000000000000909, 12.50000000000000000, 4.000000000000000000 ) ) ;
#2153 = EDGE_CURVE ( 'NONE', #760, #48, #838, .T. ) ;
#2154 = CARTESIAN_POINT ( 'NONE',  ( 45.06705614453853315, -13.34175283893654118, 12.00000000000000000 ) ) ;
#2155 =( LENGTH_UNIT ( ) NAMED_UNIT ( * ) SI_UNIT ( .MILLI., .METRE. ) );
#2156 = ORIENTED_EDGE ( 'NONE', *, *, #509, .F. ) ;
#2157 = CARTESIAN_POINT ( 'NONE',  ( -45.02424024485456755, -13.57082696353735685, 12.00000000000000355 ) ) ;
#2158 = CLOSED_SHELL ( 'NONE', ( #1138, #1843, #1387, #291, #21, #1584, #2578, #1641, #1330, #1311, #1075, #850, #197, #528, #3126, #1624, #2036, #2604, #1878, #2478, #249, #1910, #2177, #1050, #2835, #274, #2086, #2506, #1660, #2032, #121, #2863, #2178, #1463, #631, #2697, #3009, #298, #2104, #709, #1293, #1386, #1861, #1193, #1349, #2124, #1756, #1694, #1948, #195, #1504, #1975, #2324, #2906, #2718, #1405, #1989, #676, #1876, #2941, #2359, #182, #2586, #878, #2197, #2288, #2011, #926, #1317, #1761, #2419, #1947, #2543, #2599, #504, #839, #1134, #2160, #2363, #1337, #942, #435, #3003, #2244, #1567, #2881, #2118, #339, #895, #548, #2547, #84 ) ) ;
#2159 = CARTESIAN_POINT ( 'NONE',  ( 43.86000000000001364, -12.50000000000000000, 7.649999999999999467 ) ) ;
#2160 = ADVANCED_FACE ( 'NONE', ( #1270, #1025, #2241 ), #1731, .T. ) ;
#2161 = ORIENTED_EDGE ( 'NONE', *, *, #1933, .F. ) ;
#2162 = VECTOR ( 'NONE', #2048, 1000.000000000000000 ) ;
#2163 = DIRECTION ( 'NONE',  ( -0.000000000000000000, -0.000000000000000000, -1.000000000000000000 ) ) ;
#2164 = DIRECTION ( 'NONE',  ( -1.000000000000000000, 0.000000000000000000, 0.000000000000000000 ) ) ;
#2165 = CARTESIAN_POINT ( 'NONE',  ( -39.36377238429760439, -19.67416222299811324, 3.999999999999999112 ) ) ;
#2166 = AXIS2_PLACEMENT_3D ( 'NONE', #881, #2595, #1347 ) ;
#2167 = ORIENTED_EDGE ( 'NONE', *, *, #1268, .F. ) ;
#2168 = SURFACE_STYLE_USAGE ( .BOTH. , #1667 ) ;
#2169 = CIRCLE ( 'NONE', #1518, 2.750000000000002665 ) ;
#2170 = CARTESIAN_POINT ( 'NONE',  ( 39.09365903185837254, -19.73100495657957154, 12.00000000000000178 ) ) ;
#2171 = CARTESIAN_POINT ( 'NONE',  ( 19.23999999999999488, -12.50000000000000000, 0.8823085463759948732 ) ) ;
#2172 = ORIENTED_EDGE ( 'NONE', *, *, #2290, .F. ) ;
#2173 = DIRECTION ( 'NONE',  ( -1.000000000000000000, 0.000000000000000000, 0.000000000000000000 ) ) ;
#2174 = DIRECTION ( 'NONE',  ( -1.000000000000000000, 0.000000000000000000, 0.000000000000000000 ) ) ;
#2175 = CARTESIAN_POINT ( 'NONE',  ( 12.75000000000000000, 8.939999999999999503, 0.8823085463760178548 ) ) ;
#2176 = ORIENTED_EDGE ( 'NONE', *, *, #2441, .T. ) ;
#2177 = ADVANCED_FACE ( 'NONE', ( #2224 ), #1988, .F. ) ;
#2178 = ADVANCED_FACE ( 'NONE', ( #78 ), #1040, .F. ) ;
#2179 = AXIS2_PLACEMENT_3D ( 'NONE', #1524, #317, #2958 ) ;
#2180 = CARTESIAN_POINT ( 'NONE',  ( 24.23999999999999844, 12.50000000000000000, 0.8823085463759948732 ) ) ;
#2181 = CARTESIAN_POINT ( 'NONE',  ( -12.75000000000000000, -8.939999999999999503, 0.8823085463760174108 ) ) ;
#2182 = CARTESIAN_POINT ( 'NONE',  ( -37.73999999999999488, 12.50000000000000000, 7.649999999999999467 ) ) ;
#2183 = ORIENTED_EDGE ( 'NONE', *, *, #1604, .T. ) ;
#2184 = AXIS2_PLACEMENT_3D ( 'NONE', #1122, #844, #1808 ) ;
#2185 = CIRCLE ( 'NONE', #1633, 2.099999999999987210 ) ;
#2186 = CARTESIAN_POINT ( 'NONE',  ( -44.90418943054372392, -14.16828895011431655, 4.000000000000000888 ) ) ;
#2187 = ORIENTED_EDGE ( 'NONE', *, *, #1622, .T. ) ;
#2188 = CARTESIAN_POINT ( 'NONE',  ( 24.23999999999999844, 12.50000000000000000, -4.000000000000000888 ) ) ;
#2189 = CARTESIAN_POINT ( 'NONE',  ( 44.74307725554999848, -14.80231452335570275, 12.00000000000000178 ) ) ;
#2190 = ORIENTED_EDGE ( 'NONE', *, *, #854, .F. ) ;
#2191 = CARTESIAN_POINT ( 'NONE',  ( -38.60396103067893137, -20.00000000000000000, 12.40000000000000036 ) ) ;
#2192 = CARTESIAN_POINT ( 'NONE',  ( -35.24000000000000199, -20.00000000000000000, 12.00000000000000000 ) ) ;
#2193 = EDGE_LOOP ( 'NONE', ( #1990, #2326 ) ) ;
#2194 = DIRECTION ( 'NONE',  ( 0.000000000000000000, 0.000000000000000000, -1.000000000000000000 ) ) ;
#2195 = ORIENTED_EDGE ( 'NONE', *, *, #2889, .F. ) ;
#2196 = DIRECTION ( 'NONE',  ( 0.000000000000000000, 0.000000000000000000, 1.000000000000000000 ) ) ;
#2197 = ADVANCED_FACE ( 'NONE', ( #2028 ), #614, .T. ) ;
#2198 = CARTESIAN_POINT ( 'NONE',  ( 45.24000000000000909, -9.999999999999998224, 4.000000000000000000 ) ) ;
#2199 = CARTESIAN_POINT ( 'NONE',  ( 39.07248471312353644, -19.73939422523944032, 4.000000000000000000 ) ) ;
#2200 = ORIENTED_EDGE ( 'NONE', *, *, #755, .T. ) ;
#2201 = DIRECTION ( 'NONE',  ( -0.000000000000000000, -0.000000000000000000, -1.000000000000000000 ) ) ;
#2202 = CARTESIAN_POINT ( 'NONE',  ( -12.75000000000000000, -8.939999999999999503, 0.000000000000000000 ) ) ;
#2203 = CARTESIAN_POINT ( 'NONE',  ( 19.23999999999999488, 12.50000000000000000, -4.000000000000000000 ) ) ;
#2204 = EDGE_CURVE ( 'NONE', #110, #2297, #409, .T. ) ;
#2205 = VERTEX_POINT ( 'NONE', #2251 ) ;
#2206 = DIRECTION ( 'NONE',  ( 0.000000000000000000, 0.000000000000000000, -1.000000000000000000 ) ) ;
#2207 = EDGE_LOOP ( 'NONE', ( #1482, #404, #2570, #133 ) ) ;
#2208 = EDGE_LOOP ( 'NONE', ( #2957, #1212, #2897, #2925 ) ) ;
#2209 = FACE_OUTER_BOUND ( 'NONE', #1308, .T. ) ;
#2210 = ORIENTED_EDGE ( 'NONE', *, *, #2305, .F. ) ;
#2211 = CARTESIAN_POINT ( 'NONE',  ( 37.74000000000000909, 12.50000000000000000, 7.649999999999999467 ) ) ;
#2212 = CARTESIAN_POINT ( 'NONE',  ( 44.52308080163917481, 17.07106781186546840, 6.533333333333333215 ) ) ;
#2213 = ORIENTED_EDGE ( 'NONE', *, *, #2778, .T. ) ;
#2214 = DIRECTION ( 'NONE',  ( -0.000000000000000000, -0.000000000000000000, 1.000000000000000000 ) ) ;
#2215 = CARTESIAN_POINT ( 'NONE',  ( -35.23999999999998067, 20.00000000000000000, 4.000000000000000000 ) ) ;
#2216 = DIRECTION ( 'NONE',  ( 0.000000000000000000, 0.000000000000000000, -1.000000000000000000 ) ) ;
#2217 = CARTESIAN_POINT ( 'NONE',  ( 36.84139546407181598, -19.98407550389050158, 3.999999999999999112 ) ) ;
#2218 = EDGE_CURVE ( 'NONE', #2304, #732, #773, .T. ) ;
#2219 = CIRCLE ( 'NONE', #2585, 2.099999999999990763 ) ;
#2220 = DIRECTION ( 'NONE',  ( -1.000000000000000000, 0.000000000000000000, 0.000000000000000000 ) ) ;
#2221 = CARTESIAN_POINT ( 'NONE',  ( -31.62000000000000099, -12.50000000000000000, 7.649999999999999467 ) ) ;
#2222 = ORIENTED_EDGE ( 'NONE', *, *, #2091, .T. ) ;
#2223 = AXIS2_PLACEMENT_3D ( 'NONE', #2708, #521, #12 ) ;
#2224 = FACE_OUTER_BOUND ( 'NONE', #693, .T. ) ;
#2225 = EDGE_CURVE ( 'NONE', #1089, #1903, #3094, .T. ) ;
#2226 = CIRCLE ( 'NONE', #761, 5.000000000000004441 ) ;
#2227 = EDGE_LOOP ( 'NONE', ( #1279, #2456, #2763, #209 ) ) ;
#2228 = ORIENTED_EDGE ( 'NONE', *, *, #142, .F. ) ;
#2229 = CARTESIAN_POINT ( 'NONE',  ( -45.24000000000000199, -13.36396103067893115, 9.466666666668894337 ) ) ;
#2230 = CIRCLE ( 'NONE', #708, 2.749999999999995559 ) ;
#2231 = ORIENTED_EDGE ( 'NONE', *, *, #2968, .F. ) ;
#2232 = DIRECTION ( 'NONE',  ( -0.000000000000000000, -0.000000000000000000, -1.000000000000000000 ) ) ;
#2233 = CARTESIAN_POINT ( 'NONE',  ( -45.24000000000000199, -9.999999999999996447, 6.666666666666664298 ) ) ;
#2234 = LINE ( 'NONE', #2916, #2606 ) ;
#2235 = DIRECTION ( 'NONE',  ( -0.000000000000000000, -0.000000000000000000, -1.000000000000000000 ) ) ;
#2236 = CARTESIAN_POINT ( 'NONE',  ( 35.24000000000000909, -20.00000000000000000, 4.000000000000000000 ) ) ;
#2237 = AXIS2_PLACEMENT_3D ( 'NONE', #2188, #990, #2367 ) ;
#2238 = CARTESIAN_POINT ( 'NONE',  ( -40.91168095608838939, -19.32998031788444493, 4.000000000000000000 ) ) ;
#2239 = CONICAL_SURFACE ( 'NONE', #883, 0.7937499999999976241, 1.029744258676652535 ) ;
#2240 = VERTEX_POINT ( 'NONE', #1775 ) ;
#2241 = FACE_OUTER_BOUND ( 'NONE', #2066, .T. ) ;
#2242 = VECTOR ( 'NONE', #1563, 1000.000000000000000 ) ;
#2243 = LINE ( 'NONE', #2959, #1793 ) ;
#2244 = ADVANCED_FACE ( 'NONE', ( #581 ), #1282, .T. ) ;
#2245 = ORIENTED_EDGE ( 'NONE', *, *, #2636, .F. ) ;
#2246 = EDGE_LOOP ( 'NONE', ( #2629, #635, #852, #534 ) ) ;
#2247 = FACE_OUTER_BOUND ( 'NONE', #1464, .T. ) ;
#2248 = DIRECTION ( 'NONE',  ( -0.000000000000000000, -0.000000000000000000, -1.000000000000000000 ) ) ;
#2249 = ORIENTED_EDGE ( 'NONE', *, *, #594, .T. ) ;
#2250 = LINE ( 'NONE', #2299, #10 ) ;
#2251 = CARTESIAN_POINT ( 'NONE',  ( 29.24000000000000199, 12.50000000000000000, 0.8823085463759948732 ) ) ;
#2252 = CARTESIAN_POINT ( 'NONE',  ( 38.60396103067893847, -20.00000000000000355, 12.40000000000000036 ) ) ;
#2253 = B_SPLINE_CURVE_WITH_KNOTS ( 'NONE', 3,
 ( #2137, #2908, #726, #1468, #2633, #2407, #2665, #1199, #2874, #518, #1961, #1703, #2681, #1403, #39, #7, #26, #2379, #986, #1689, #215, #937, #2443, #952, #280, #471, #1420, #1677, #1233, #2393, #1182, #1913, #712, #2423, #2199, #1086, #1779, #351, #58, #1266, #2970, #2531, #2460, #293, #2217, #1021, #2236 ),
 .UNSPECIFIED., .F., .F.,
 ( 4, 1, 1, 1, 1, 1, 1, 2, 2, 1, 1, 1, 1, 1, 1, 2, 2, 2, 1, 1, 1, 1, 1, 1, 1, 2, 2, 1, 1, 1, 1, 1, 1, 2, 2, 4 ),
 ( 0.000000000000000000, 0.06249999999998108458, 0.09374999999997163380, 0.1093749999999669015, 0.1171874999999645700, 0.1210937499999633626, 0.1230468749999625994, 0.1240234374999621553, 0.1249999999999617251, 0.1874999999999448219, 0.2187499999999363010, 0.2343749999999321376, 0.2421874999999300559, 0.2460937499999291678, 0.2480468749999288347, 0.2490234374999288347, 0.2499999999999288347, 0.4999999999999784617, 0.6250000000000032196, 0.6875000000000164313, 0.7187500000000224265, 0.7343750000000254241, 0.7421875000000269784, 0.7460937500000272005, 0.7480468750000273115, 0.7490234375000273115, 0.7500000000000273115, 0.8125000000000329736, 0.8437500000000351941, 0.8593750000000356382, 0.8671875000000353051, 0.8710937500000356382, 0.8730468750000358602, 0.8740234375000359712, 0.8750000000000361933, 1.000000000000000000 ),
 .UNSPECIFIED. ) ;
#2254 = CARTESIAN_POINT ( 'NONE',  ( -22.14000000000000767, -12.50000000000000000, 12.00000000000000000 ) ) ;
#2255 = DIRECTION ( 'NONE',  ( -1.000000000000000000, 0.000000000000000000, 0.000000000000000000 ) ) ;
#2256 = CARTESIAN_POINT ( 'NONE',  ( -24.23999999999999844, -12.50000000000000000, -4.000000000000000000 ) ) ;
#2257 = ORIENTED_EDGE ( 'NONE', *, *, #2308, .T. ) ;
#2258 = FACE_OUTER_BOUND ( 'NONE', #1074, .T. ) ;
#2259 = CARTESIAN_POINT ( 'NONE',  ( 31.03999999999999204, -12.50000000000000000, 4.000000000000000000 ) ) ;
#2260 = ORIENTED_EDGE ( 'NONE', *, *, #984, .F. ) ;
#2261 = ORIENTED_EDGE ( 'NONE', *, *, #1531, .F. ) ;
#2262 = EDGE_CURVE ( 'NONE', #557, #77, #384, .T. ) ;
#2263 = CARTESIAN_POINT ( 'NONE',  ( 0.000000000000000000, 0.000000000000000000, 12.00000000000000000 ) ) ;
#2264 = ORIENTED_EDGE ( 'NONE', *, *, #1805, .T. ) ;
#2265 = CARTESIAN_POINT ( 'NONE',  ( 10.24999999999999822, -8.939999999999999503, 0.8823085463760178548 ) ) ;
#2266 = DIRECTION ( 'NONE',  ( 0.8660254037844418162, 0.000000000000000000, -0.4999999999999946154 ) ) ;
#2267 = FACE_OUTER_BOUND ( 'NONE', #865, .T. ) ;
#2268 = CARTESIAN_POINT ( 'NONE',  ( -39.71765388995099499, 19.59015808753044396, 4.000000000000000000 ) ) ;
#2269 = EDGE_CURVE ( 'NONE', #1016, #2489, #2253, .T. ) ;
#2270 = CARTESIAN_POINT ( 'NONE',  ( -12.75000000000000000, 8.939999999999999503, 4.000000000000000000 ) ) ;
#2271 = EDGE_LOOP ( 'NONE', ( #3020, #1738 ) ) ;
#2272 = CIRCLE ( 'NONE', #2932, 5.000000000000004441 ) ;
#2273 = CARTESIAN_POINT ( 'NONE',  ( 12.75000000000000000, 8.939999999999999503, 7.000000000000000000 ) ) ;
#2274 = EDGE_LOOP ( 'NONE', ( #889, #1884, #3124, #1024 ) ) ;
#2275 = VECTOR ( 'NONE', #1289, 1000.000000000000000 ) ;
#2276 = DIRECTION ( 'NONE',  ( -1.000000000000000000, 0.000000000000000000, 0.000000000000000000 ) ) ;
#2277 = FACE_OUTER_BOUND ( 'NONE', #320, .T. ) ;
#2278 = ORIENTED_EDGE ( 'NONE', *, *, #984, .T. ) ;
#2279 = ORIENTED_EDGE ( 'NONE', *, *, #1072, .T. ) ;
#2280 = AXIS2_PLACEMENT_3D ( 'NONE', #1111, #1358, #2090 ) ;
#2281 = ORIENTED_EDGE ( 'NONE', *, *, #2793, .F. ) ;
#2282 = CARTESIAN_POINT ( 'NONE',  ( 0.000000000000000000, 0.000000000000000000, 4.000000000000000000 ) ) ;
#2283 = CARTESIAN_POINT ( 'NONE',  ( 36.92198051533946312, 20.00000000000000000, 6.533333333333333215 ) ) ;
#2284 = AXIS2_PLACEMENT_3D ( 'NONE', #2282, #563, #118 ) ;
#2285 = CARTESIAN_POINT ( 'NONE',  ( -44.90690799139880340, 14.15624141636954292, 12.00000000000000000 ) ) ;
#2286 = CYLINDRICAL_SURFACE ( 'NONE', #1168, 2.750000000000002665 ) ;
#2287 = LINE ( 'NONE', #2513, #1918 ) ;
#2288 = ADVANCED_FACE ( 'NONE', ( #1037 ), #337, .T. ) ;
#2289 = ORIENTED_EDGE ( 'NONE', *, *, #452, .F. ) ;
#2290 = EDGE_CURVE ( 'NONE', #3049, #546, #218, .T. ) ;
#2291 = CARTESIAN_POINT ( 'NONE',  ( 12.75000000000000000, 8.939999999999999503, 0.8823085463760178548 ) ) ;
#2292 = ORIENTED_EDGE ( 'NONE', *, *, #1044, .F. ) ;
#2293 = LINE ( 'NONE', #155, #1156 ) ;
#2294 = LINE ( 'NONE', #2810, #505 ) ;
#2295 = ORIENTED_EDGE ( 'NONE', *, *, #418, .F. ) ;
#2296 = AXIS2_PLACEMENT_3D ( 'NONE', #37, #2030, #275 ) ;
#2297 = VERTEX_POINT ( 'NONE', #1033 ) ;
#2298 = VECTOR ( 'NONE', #172, 1000.000000000000000 ) ;
#2299 = CARTESIAN_POINT ( 'NONE',  ( -10.24999999999999822, 8.939999999999999503, 4.000000000000000000 ) ) ;
#2300 = CARTESIAN_POINT ( 'NONE',  ( 37.30976385835595011, 19.95344129893556229, 4.000000000000000000 ) ) ;
#2301 = FACE_BOUND ( 'NONE', #1497, .T. ) ;
#2302 = CARTESIAN_POINT ( 'NONE',  ( -44.91416222299807259, 14.12377238429781379, 3.999999999999999112 ) ) ;
#2303 = DIRECTION ( 'NONE',  ( 1.000000000000000000, 0.000000000000000000, 0.000000000000000000 ) ) ;
#2304 = VERTEX_POINT ( 'NONE', #582 ) ;
#2305 = EDGE_CURVE ( 'NONE', #2018, #1940, #1979, .T. ) ;
#2306 = CARTESIAN_POINT ( 'NONE',  ( -45.24000000000000199, 11.68198051533946469, 12.40000000000000036 ) ) ;
#2307 = CARTESIAN_POINT ( 'NONE',  ( -12.75000000000000000, 8.939999999999999503, 4.000000000000000000 ) ) ;
#2308 = EDGE_CURVE ( 'NONE', #882, #617, #2012, .T. ) ;
#2309 = CARTESIAN_POINT ( 'NONE',  ( -13.54374999999999751, -8.939999999999999503, 7.000000000000000000 ) ) ;
#2310 = EDGE_LOOP ( 'NONE', ( #1492, #2059 ) ) ;
#2311 = ORIENTED_EDGE ( 'NONE', *, *, #2767, .T. ) ;
#2312 = CARTESIAN_POINT ( 'NONE',  ( -37.28892476724537630, 19.95476264562734414, 12.00000000000000355 ) ) ;
#2313 = CARTESIAN_POINT ( 'NONE',  ( -37.35181768671754554, 19.95068618221898404, 4.000000000000000000 ) ) ;
#2314 = DIRECTION ( 'NONE',  ( -1.000000000000000000, 0.000000000000000000, 0.000000000000000000 ) ) ;
#2315 = CARTESIAN_POINT ( 'NONE',  ( 35.24000000000000909, -20.00000000000000000, 4.000000000000000000 ) ) ;
#2316 = CARTESIAN_POINT ( 'NONE',  ( -45.19197769141978682, -12.09229604674523095, 4.000000000000000000 ) ) ;
#2317 = EDGE_CURVE ( 'NONE', #1806, #96, #1418, .T. ) ;
#2318 = FACE_BOUND ( 'NONE', #1670, .T. ) ;
#2319 = CARTESIAN_POINT ( 'NONE',  ( -17.44000000000000483, -12.50000000000000000, 4.000000000000000000 ) ) ;
#2320 = VERTEX_POINT ( 'NONE', #798 ) ;
#2321 = B_SPLINE_CURVE_WITH_KNOTS ( 'NONE', 3,
 ( #2560, #2085, #1610, #2045, #652, #2591, #1795, #2312, #626, #1344, #147, #2528, #831, #364, #876, #2055, #393, #2772, #1550, #423, #165, #3061, #1837, #610, #597, #2816, #1135, #2573, #1108, #1373, #379, #2346, #2285, #639, #2069, #119, #180, #891, #1327, #1354, #1082, #3015, #3045, #1596, #2101, #3026, #405 ),
 .UNSPECIFIED., .F., .F.,
 ( 4, 1, 1, 1, 1, 1, 1, 2, 2, 1, 1, 1, 1, 1, 1, 2, 2, 2, 1, 1, 1, 1, 1, 1, 1, 2, 2, 1, 1, 1, 1, 1, 1, 2, 2, 4 ),
 ( 0.000000000000000000, 0.06250000000012904955, 0.09375000000019294288, 0.1093750000002241679, 0.1171875000002398082, 0.1210937500002467748, 0.1230468750002493561, 0.1240234375002497585, 0.1250000000002501332, 0.1875000000002636502, 0.2187500000002703671, 0.2343750000002736977, 0.2421875000002747524, 0.2460937500002751965, 0.2480468750002747247, 0.2490234375002745304, 0.2500000000002743361, 0.5000000000001736389, 0.6250000000001235678, 0.6875000000000990319, 0.7187500000000869305, 0.7343750000000810463, 0.7421875000000779377, 0.7460937500000763833, 0.7480468750000756062, 0.7490234375000751621, 0.7500000000000747180, 0.8125000000000512923, 0.8437500000000395239, 0.8593750000000338618, 0.8671875000000309752, 0.8710937500000296430, 0.8730468750000288658, 0.8740234375000285327, 0.8750000000000281997, 1.000000000000000000 ),
 .UNSPECIFIED. ) ;
#2322 = EDGE_CURVE ( 'NONE', #2904, #1384, #473, .T. ) ;
#2323 = AXIS2_PLACEMENT_3D ( 'NONE', #2620, #938, #1931 ) ;
#2324 = ADVANCED_FACE ( 'NONE', ( #1262, #1757 ), #1465, .F. ) ;
#2325 = CIRCLE ( 'NONE', #1661, 5.000000000000004441 ) ;
#2326 = ORIENTED_EDGE ( 'NONE', *, *, #780, .F. ) ;
#2327 = ORIENTED_EDGE ( 'NONE', *, *, #67, .T. ) ;
#2328 = CARTESIAN_POINT ( 'NONE',  ( -19.23999999999999488, -12.50000000000000000, -4.000000000000000000 ) ) ;
#2329 = VECTOR ( 'NONE', #884, 1000.000000000000000 ) ;
#2330 = CARTESIAN_POINT ( 'NONE',  ( -37.36929317396086958, 19.94951640129577441, 3.999999999999999112 ) ) ;
#2331 = CYLINDRICAL_SURFACE ( 'NONE', #906, 0.7937499999999940714 ) ;
#2332 = AXIS2_PLACEMENT_3D ( 'NONE', #1035, #833, #2546 ) ;
#2333 = CARTESIAN_POINT ( 'NONE',  ( -29.24000000000000199, 12.50000000000000000, -4.000000000000000000 ) ) ;
#2334 = VERTEX_POINT ( 'NONE', #2492 ) ;
#2335 = VECTOR ( 'NONE', #2781, 1000.000000000000000 ) ;
#2336 = CARTESIAN_POINT ( 'NONE',  ( -44.52308080163917481, 17.07106781186547195, 6.533333333333333215 ) ) ;
#2337 = CARTESIAN_POINT ( 'NONE',  ( -37.74000000000000199, -12.50000000000000000, 4.000000000000000000 ) ) ;
#2338 = LINE ( 'NONE', #2568, #2298 ) ;
#2339 = DIRECTION ( 'NONE',  ( 0.4999999999999946154, 0.000000000000000000, 0.8660254037844418162 ) ) ;
#2340 = MECHANICAL_DESIGN_GEOMETRIC_PRESENTATION_REPRESENTATION (  '', ( #1831 ), #973 ) ;
#2341 = EDGE_CURVE ( 'NONE', #36, #1828, #779, .T. ) ;
#2342 = ORIENTED_EDGE ( 'NONE', *, *, #989, .F. ) ;
#2343 = LINE ( 'NONE', #1383, #1365 ) ;
#2344 = AXIS2_PLACEMENT_3D ( 'NONE', #1141, #1619, #560 ) ;
#2345 = ORIENTED_EDGE ( 'NONE', *, *, #2525, .F. ) ;
#2346 = CARTESIAN_POINT ( 'NONE',  ( -44.90418943054359602, 14.16828895011467360, 12.00000000000000178 ) ) ;
#2347 = AXIS2_PLACEMENT_3D ( 'NONE', #260, #2474, #1213 ) ;
#2348 = CARTESIAN_POINT ( 'NONE',  ( -24.23999999999999844, 12.50000000000000000, -4.000000000000000888 ) ) ;
#2349 = DIRECTION ( 'NONE',  ( -0.000000000000000000, -0.000000000000000000, -1.000000000000000000 ) ) ;
#2350 = ORIENTED_EDGE ( 'NONE', *, *, #219, .F. ) ;
#2351 = DIRECTION ( 'NONE',  ( -0.000000000000000000, -0.000000000000000000, 1.000000000000000000 ) ) ;
#2352 = DIRECTION ( 'NONE',  ( -0.000000000000000000, -0.000000000000000000, -1.000000000000000000 ) ) ;
#2353 = VERTEX_POINT ( 'NONE', #1298 ) ;
#2354 = DIRECTION ( 'NONE',  ( 0.000000000000000000, 0.000000000000000000, 1.000000000000000000 ) ) ;
#2355 = FACE_BOUND ( 'NONE', #1943, .T. ) ;
#2356 = CARTESIAN_POINT ( 'NONE',  ( 39.42634549493401153, 19.66009882397241881, 12.00000000000000178 ) ) ;
#2357 = DIRECTION ( 'NONE',  ( -0.000000000000000000, -0.000000000000000000, 1.000000000000000000 ) ) ;
#2358 = ORIENTED_EDGE ( 'NONE', *, *, #397, .F. ) ;
#2359 = ADVANCED_FACE ( 'NONE', ( #2267 ), #1732, .F. ) ;
#2360 = FACE_OUTER_BOUND ( 'NONE', #321, .T. ) ;
#2361 = DIRECTION ( 'NONE',  ( -0.000000000000000000, -0.000000000000000000, 1.000000000000000000 ) ) ;
#2362 = CARTESIAN_POINT ( 'NONE',  ( -10.24999999999999822, -8.939999999999999503, 4.000000000000000000 ) ) ;
#2363 = ADVANCED_FACE ( 'NONE', ( #1231 ), #999, .F. ) ;
#2364 = DIRECTION ( 'NONE',  ( -0.000000000000000000, -0.000000000000000000, -1.000000000000000000 ) ) ;
#2365 = CARTESIAN_POINT ( 'NONE',  ( 44.91498649408979560, 14.12004919267038439, 12.00000000000000000 ) ) ;
#2366 = VERTEX_POINT ( 'NONE', #2701 ) ;
#2367 = DIRECTION ( 'NONE',  ( -1.000000000000000000, 0.000000000000000000, 0.000000000000000000 ) ) ;
#2368 = ORIENTED_EDGE ( 'NONE', *, *, #537, .F. ) ;
#2369 = CARTESIAN_POINT ( 'NONE',  ( -37.35181768671751712, -19.95068618221903378, 12.00000000000000178 ) ) ;
#2370 = CIRCLE ( 'NONE', #1508, 6.120000000000000107 ) ;
#2371 = CARTESIAN_POINT ( 'NONE',  ( 12.74999999999999822, 8.939999999999999503, 7.476933116353126074 ) ) ;
#2372 = CYLINDRICAL_SURFACE ( 'NONE', #2935, 0.7937499999999940714 ) ;
#2373 = EDGE_LOOP ( 'NONE', ( #22, #2405 ) ) ;
#2374 = AXIS2_PLACEMENT_3D ( 'NONE', #788, #1949, #2919 ) ;
#2375 = CARTESIAN_POINT ( 'NONE',  ( 45.24000000000000909, -11.68198051533946291, 9.466666666668894337 ) ) ;
#2376 = AXIS2_PLACEMENT_3D ( 'NONE', #194, #1125, #1599 ) ;
#2377 = EDGE_CURVE ( 'NONE', #169, #3116, #535, .T. ) ;
#2378 = DIRECTION ( 'NONE',  ( -0.000000000000000000, -0.000000000000000000, -1.000000000000000000 ) ) ;
#2379 = CARTESIAN_POINT ( 'NONE',  ( 44.92036626040661673, -14.09564450444543837, 4.000000000000000888 ) ) ;
#2380 = AXIS2_PLACEMENT_3D ( 'NONE', #2833, #647, #867 ) ;
#2381 = CARTESIAN_POINT ( 'NONE',  ( 45.24000000000000199, 10.00000000000000178, 12.00000000000000000 ) ) ;
#2382 = DIRECTION ( 'NONE',  ( -0.000000000000000000, -0.000000000000000000, -1.000000000000000000 ) ) ;
#2383 = CARTESIAN_POINT ( 'NONE',  ( -34.99000000000000199, -12.50000000000000000, 7.649999999999999467 ) ) ;
#2384 = EDGE_LOOP ( 'NONE', ( #783, #2292 ) ) ;
#2385 = CARTESIAN_POINT ( 'NONE',  ( 45.24000000000000199, 20.00000000000000000, 4.000000000000000000 ) ) ;
#2386 = AXIS2_PLACEMENT_3D ( 'NONE', #1515, #2946, #2510 ) ;
#2387 = CARTESIAN_POINT ( 'NONE',  ( 17.44000000000000483, -12.50000000000000000, 4.000000000000000000 ) ) ;
#2388 = DIRECTION ( 'NONE',  ( -1.000000000000000000, 0.000000000000000000, 0.000000000000000000 ) ) ;
#2389 = AXIS2_PLACEMENT_3D ( 'NONE', #1829, #2731, #2095 ) ;
#2390 = ORIENTED_EDGE ( 'NONE', *, *, #46, .T. ) ;
#2391 = AXIS2_PLACEMENT_3D ( 'NONE', #516, #1499, #2013 ) ;
#2392 = CARTESIAN_POINT ( 'NONE',  ( -35.24000000000000199, 20.00000000000000000, 3.599999999999999201 ) ) ;
#2393 = CARTESIAN_POINT ( 'NONE',  ( 39.46837414226739327, -19.65046471828295083, 4.000000000000000000 ) ) ;
#2394 = CARTESIAN_POINT ( 'NONE',  ( -24.23999999999999844, -12.50000000000000000, -4.000000000000000000 ) ) ;
#2395 = EDGE_CURVE ( 'NONE', #1177, #77, #54, .T. ) ;
#2396 = CARTESIAN_POINT ( 'NONE',  ( 39.38904935204102031, 19.66852346761712411, 12.00000000000000178 ) ) ;
#2397 = CARTESIAN_POINT ( 'NONE',  ( 45.19068618221890432, 12.11181768671885273, 4.000000000000000888 ) ) ;
#2398 = DIRECTION ( 'NONE',  ( -1.000000000000000000, 0.000000000000000000, 0.000000000000000000 ) ) ;
#2399 = EDGE_CURVE ( 'NONE', #1415, #963, #2321, .T. ) ;
#2400 = DIRECTION ( 'NONE',  ( 0.000000000000000000, -1.000000000000000000, 0.000000000000000000 ) ) ;
#2401 = ORIENTED_EDGE ( 'NONE', *, *, #3040, .T. ) ;
#2402 = DIRECTION ( 'NONE',  ( -1.000000000000000000, 0.000000000000000000, 0.000000000000000000 ) ) ;
#2403 = CARTESIAN_POINT ( 'NONE',  ( -29.24000000000000199, -12.50000000000000000, -4.000000000000000000 ) ) ;
#2404 = ORIENTED_EDGE ( 'NONE', *, *, #2852, .F. ) ;
#2405 = ORIENTED_EDGE ( 'NONE', *, *, #419, .T. ) ;
#2406 = LINE ( 'NONE', #1675, #1453 ) ;
#2407 = CARTESIAN_POINT ( 'NONE',  ( 45.19969565049689209, -11.96679671265074418, 4.000000000000000888 ) ) ;
#2408 = CARTESIAN_POINT ( 'NONE',  ( 29.24000000000000199, -12.50000000000000000, -4.000000000000000000 ) ) ;
#2409 = CARTESIAN_POINT ( 'NONE',  ( -24.23999999999999844, -12.50000000000000000, -4.000000000000000888 ) ) ;
#2410 = CARTESIAN_POINT ( 'NONE',  ( 45.19197769141977972, 12.09229604674565195, 4.000000000000000000 ) ) ;
#2411 = CARTESIAN_POINT ( 'NONE',  ( 45.18672877714048752, -12.16999004729480660, 12.00000000000000178 ) ) ;
#2412 = VERTEX_POINT ( 'NONE', #2328 ) ;
#2413 = EDGE_CURVE ( 'NONE', #2522, #704, #975, .T. ) ;
#2414 = CARTESIAN_POINT ( 'NONE',  ( -38.58175283897733010, -19.82705614453220733, 12.00000000000000000 ) ) ;
#2415 = CIRCLE ( 'NONE', #198, 5.000000000000004441 ) ;
#2416 = DIRECTION ( 'NONE',  ( -0.000000000000000000, -0.000000000000000000, 1.000000000000000000 ) ) ;
#2417 = ORIENTED_EDGE ( 'NONE', *, *, #2820, .T. ) ;
#2418 = ORIENTED_EDGE ( 'NONE', *, *, #1090, .T. ) ;
#2419 = ADVANCED_FACE ( 'NONE', ( #1579, #2301, #1850 ), #2783, .T. ) ;
#2420 = CIRCLE ( 'NONE', #1911, 2.750000000000002665 ) ;
#2421 = CIRCLE ( 'NONE', #310, 2.099999999999990763 ) ;
#2422 = DIRECTION ( 'NONE',  ( 0.000000000000000000, 0.000000000000000000, -1.000000000000000000 ) ) ;
#2423 = CARTESIAN_POINT ( 'NONE',  ( 39.38904935204106295, -19.66852346761713122, 4.000000000000000000 ) ) ;
#2424 = CARTESIAN_POINT ( 'NONE',  ( 45.24000000000000199, 9.999999999999998224, 4.000000000000000000 ) ) ;
#2425 = FACE_OUTER_BOUND ( 'NONE', #413, .T. ) ;
#2426 = CARTESIAN_POINT ( 'NONE',  ( 45.22407550389051067, 11.60139546409747702, 4.000000000000000000 ) ) ;
#2427 = AXIS2_PLACEMENT_3D ( 'NONE', #1726, #1983, #2706 ) ;
#2428 = ORIENTED_EDGE ( 'NONE', *, *, #1119, .T. ) ;
#2429 = FACE_OUTER_BOUND ( 'NONE', #945, .T. ) ;
#2430 = CARTESIAN_POINT ( 'NONE',  ( 45.18951640129623115, -12.12929317395829187, 11.99999999999999822 ) ) ;
#2431 = ORIENTED_EDGE ( 'NONE', *, *, #2691, .T. ) ;
#2432 = CYLINDRICAL_SURFACE ( 'NONE', #2552, 2.099999999999990763 ) ;
#2433 = EDGE_CURVE ( 'NONE', #546, #1951, #2521, .T. ) ;
#2434 = CARTESIAN_POINT ( 'NONE',  ( -13.54374999999999751, 8.939999999999999503, 7.000000000000000000 ) ) ;
#2435 = EDGE_LOOP ( 'NONE', ( #2231, #1106, #848 ) ) ;
#2436 = CARTESIAN_POINT ( 'NONE',  ( -45.24000000000000199, 20.00000000000000000, 12.00000000000000000 ) ) ;
#2437 = ORIENTED_EDGE ( 'NONE', *, *, #588, .T. ) ;
#2438 = CARTESIAN_POINT ( 'NONE',  ( 35.24000000000000909, -20.00000000000000355, 12.40000000000000036 ) ) ;
#2439 = VECTOR ( 'NONE', #2466, 1000.000000000000000 ) ;
#2440 = DIRECTION ( 'NONE',  ( -0.000000000000000000, -0.000000000000000000, -1.000000000000000000 ) ) ;
#2441 = EDGE_CURVE ( 'NONE', #1509, #93, #2705, .T. ) ;
#2442 = CARTESIAN_POINT ( 'NONE',  ( -24.23999999999999844, -12.50000000000000000, 0.8823085463759948732 ) ) ;
#2443 = CARTESIAN_POINT ( 'NONE',  ( 43.95086312240871251, -16.89211511382065822, 4.000000000000000000 ) ) ;
#2444 = AXIS2_PLACEMENT_3D ( 'NONE', #323, #3053, #1512 ) ;
#2445 = FACE_OUTER_BOUND ( 'NONE', #2676, .T. ) ;
#2446 = CARTESIAN_POINT ( 'NONE',  ( -35.24000000000000199, -20.00000000000000000, 4.000000000000000000 ) ) ;
#2447 = ORIENTED_EDGE ( 'NONE', *, *, #2739, .F. ) ;
#2448 = DIRECTION ( 'NONE',  ( 1.000000000000000000, 0.000000000000000000, 0.000000000000000000 ) ) ;
#2449 = FACE_BOUND ( 'NONE', #2271, .T. ) ;
#2450 = ORIENTED_EDGE ( 'NONE', *, *, #2413, .F. ) ;
#2451 = LINE ( 'NONE', #1275, #1276 ) ;
#2452 = ORIENTED_EDGE ( 'NONE', *, *, #2269, .F. ) ;
#2453 = DIRECTION ( 'NONE',  ( -1.000000000000000000, 0.000000000000000000, 0.000000000000000000 ) ) ;
#2454 = CARTESIAN_POINT ( 'NONE',  ( 42.31106781186547749, 19.28308080163916571, 12.40000000000000036 ) ) ;
#2455 = EDGE_CURVE ( 'NONE', #1016, #110, #462, .T. ) ;
#2456 = ORIENTED_EDGE ( 'NONE', *, *, #3066, .F. ) ;
#2457 = DIRECTION ( 'NONE',  ( 0.000000000000000000, -1.000000000000000000, 0.000000000000000000 ) ) ;
#2458 = DIRECTION ( 'NONE',  ( 1.734723475976807094E-16, -1.000000000000000000, 0.000000000000000000 ) ) ;
#2459 = PLANE ( 'NONE',  #866 ) ;
#2460 = CARTESIAN_POINT ( 'NONE',  ( 37.34015981297795861, -19.95146049946924549, 3.999999999999999112 ) ) ;
#2461 = ORIENTED_EDGE ( 'NONE', *, *, #318, .T. ) ;
#2462 = EDGE_CURVE ( 'NONE', #2412, #2018, #2843, .T. ) ;
#2463 = CARTESIAN_POINT ( 'NONE',  ( -37.73999999999999488, 12.50000000000000000, 12.00000000000000000 ) ) ;
#2464 = CARTESIAN_POINT ( 'NONE',  ( -35.68967367074236563, -20.00000000000000711, 4.000000000000000000 ) ) ;
#2465 = ORIENTED_EDGE ( 'NONE', *, *, #837, .T. ) ;
#2466 = DIRECTION ( 'NONE',  ( -0.000000000000000000, -0.000000000000000000, 1.000000000000000000 ) ) ;
#2467 = ORIENTED_EDGE ( 'NONE', *, *, #1716, .T. ) ;
#2468 = VERTEX_POINT ( 'NONE', #2605 ) ;
#2469 = CARTESIAN_POINT ( 'NONE',  ( -35.24000000000000199, -20.00000000000000000, 12.40000000000000036 ) ) ;
#2470 = EDGE_LOOP ( 'NONE', ( #1648, #1487, #2539, #710 ) ) ;
#2471 = PLANE ( 'NONE',  #2284 ) ;
#2472 = ORIENTED_EDGE ( 'NONE', *, *, #277, .F. ) ;
#2473 = CARTESIAN_POINT ( 'NONE',  ( -19.23999999999999488, 12.50000000000000000, -4.000000000000000000 ) ) ;
#2474 = DIRECTION ( 'NONE',  ( -0.000000000000000000, -0.000000000000000000, -1.000000000000000000 ) ) ;
#2475 = CARTESIAN_POINT ( 'NONE',  ( 12.75000000000000000, 8.939999999999999503, 0.000000000000000000 ) ) ;
#2476 = DIRECTION ( 'NONE',  ( -1.000000000000000000, 0.000000000000000000, 0.000000000000000000 ) ) ;
#2477 = CARTESIAN_POINT ( 'NONE',  ( -31.03999999999999204, -12.50000000000000000, 4.000000000000000000 ) ) ;
#2478 = ADVANCED_FACE ( 'NONE', ( #2360 ), #1145, .F. ) ;
#2479 = VECTOR ( 'NONE', #390, 1000.000000000000227 ) ;
#2480 = CARTESIAN_POINT ( 'NONE',  ( -38.81082696341710658, -19.78424024487250321, 4.000000000000000000 ) ) ;
#2481 = CARTESIAN_POINT ( 'NONE',  ( 12.75000000000000000, -8.939999999999999503, 4.000000000000000000 ) ) ;
#2482 = ORIENTED_EDGE ( 'NONE', *, *, #424, .T. ) ;
#2483 = CIRCLE ( 'NONE', #2679, 0.7937499999999888534 ) ;
#2484 = CARTESIAN_POINT ( 'NONE',  ( -24.23999999999999844, 12.50000000000000000, -4.000000000000000000 ) ) ;
#2485 = CARTESIAN_POINT ( 'NONE',  ( 8.450000000000022382, 8.939999999999999503, 4.000000000000000000 ) ) ;
#2486 = ORIENTED_EDGE ( 'NONE', *, *, #1424, .T. ) ;
#2487 = LINE ( 'NONE', #2695, #330 ) ;
#2488 = CARTESIAN_POINT ( 'NONE',  ( -31.61999999999999389, 12.50000000000000000, 4.000000000000000000 ) ) ;
#2489 = VERTEX_POINT ( 'NONE', #680 ) ;
#2490 = PLANE ( 'NONE',  #3043 ) ;
#2491 = CARTESIAN_POINT ( 'NONE',  ( 36.92198051533946312, 20.00000000000000000, 3.599999999999999201 ) ) ;
#2492 = CARTESIAN_POINT ( 'NONE',  ( 10.24999999999999822, -8.939999999999999503, 0.000000000000000000 ) ) ;
#2493 = FACE_OUTER_BOUND ( 'NONE', #1790, .T. ) ;
#2494 = FACE_OUTER_BOUND ( 'NONE', #1922, .T. ) ;
#2495 = AXIS2_PLACEMENT_3D ( 'NONE', #1303, #2747, #1474 ) ;
#2496 = LINE ( 'NONE', #835, #1013 ) ;
#2497 = DIRECTION ( 'NONE',  ( -0.000000000000000000, -0.000000000000000000, 1.000000000000000000 ) ) ;
#2498 = VECTOR ( 'NONE', #3113, 1000.000000000000000 ) ;
#2499 = EDGE_CURVE ( 'NONE', #2533, #1382, #2614, .T. ) ;
#2500 = ORIENTED_EDGE ( 'NONE', *, *, #2851, .T. ) ;
#2501 = CYLINDRICAL_SURFACE ( 'NONE', #2495, 2.500000000000000444 ) ;
#2502 = DIRECTION ( 'NONE',  ( 0.000000000000000000, 0.000000000000000000, 1.000000000000000000 ) ) ;
#2503 = EDGE_LOOP ( 'NONE', ( #792, #1479, #519, #91 ) ) ;
#2504 = EDGE_LOOP ( 'NONE', ( #2996, #116, #1071, #2418 ) ) ;
#2505 = CARTESIAN_POINT ( 'NONE',  ( -45.24000000000000199, -10.00000000000000000, 3.599999999999999201 ) ) ;
#2506 = ADVANCED_FACE ( 'NONE', ( #690 ), #1653, .T. ) ;
#2507 = DIRECTION ( 'NONE',  ( 1.000000000000000000, 0.000000000000000000, 0.000000000000000000 ) ) ;
#2508 = EDGE_LOOP ( 'NONE', ( #1719, #1353, #2213, #187 ) ) ;
#2509 = DIRECTION ( 'NONE',  ( -0.000000000000000000, -0.000000000000000000, -1.000000000000000000 ) ) ;
#2510 = DIRECTION ( 'NONE',  ( -1.000000000000000000, 0.000000000000000000, 0.000000000000000000 ) ) ;
#2511 = CARTESIAN_POINT ( 'NONE',  ( 42.31106781186548460, -19.28308080163917282, 6.533333333333333215 ) ) ;
#2512 = DIRECTION ( 'NONE',  ( -0.000000000000000000, -0.000000000000000000, -1.000000000000000000 ) ) ;
#2513 = CARTESIAN_POINT ( 'NONE',  ( 11.95625000000000071, 8.939999999999999503, 7.000000000000000000 ) ) ;
#2514 = CARTESIAN_POINT ( 'NONE',  ( -45.18672877713846958, -12.16999004730807954, 4.000000000000000000 ) ) ;
#2515 = DIRECTION ( 'NONE',  ( -0.000000000000000000, -0.000000000000000000, -1.000000000000000000 ) ) ;
#2516 = ORIENTED_EDGE ( 'NONE', *, *, #734, .F. ) ;
#2517 = CARTESIAN_POINT ( 'NONE',  ( -12.75000000000000000, -8.939999999999999503, 4.000000000000000000 ) ) ;
#2518 = CARTESIAN_POINT ( 'NONE',  ( 12.75000000000000000, -8.939999999999999503, 0.000000000000000000 ) ) ;
#2519 = DIRECTION ( 'NONE',  ( -1.000000000000000000, 0.000000000000000000, 0.000000000000000000 ) ) ;
#2520 = ORIENTED_EDGE ( 'NONE', *, *, #2793, .T. ) ;
#2521 = B_SPLINE_CURVE_WITH_KNOTS ( 'NONE', 3,
 ( #1095, #856, #1820, #2798, #668, #2624, #1412, #3125, #192, #1160, #1178, #931, #437, #2157, #492, #236, #1194, #946, #2855, #903, #1906, #3098, #252, #960, #3085, #1685, #2643, #1639, #1923, #1444, #1385, #206, #2898, #2112, #1208, #2414, #1881, #1396, #447, #2659, #2882, #2369, #705, #721, #2146, #1867, #479 ),
 .UNSPECIFIED., .F., .F.,
 ( 4, 1, 1, 1, 1, 1, 1, 2, 2, 1, 1, 1, 1, 1, 1, 2, 2, 2, 1, 1, 1, 1, 1, 1, 1, 2, 2, 1, 1, 1, 1, 1, 1, 2, 2, 4 ),
 ( 0.000000000000000000, 0.06249999999999357458, 0.09374999999999021616, 0.1093749999999885231, 0.1171874999999877182, 0.1210937499999873712, 0.1230468749999874545, 0.1240234374999876626, 0.1249999999999878708, 0.1875000000000061340, 0.2187500000000153766, 0.2343750000000198730, 0.2421875000000221212, 0.2460937500000232314, 0.2480468750000238143, 0.2490234375000241474, 0.2500000000000244249, 0.5000000000000893730, 0.6250000000001217915, 0.6875000000001380007, 0.7187500000001466605, 0.7343750000001511014, 0.7421875000001533218, 0.7460937500001544320, 0.7480468750001549871, 0.7490234375001547651, 0.7500000000001545430, 0.8125000000001577627, 0.8437500000001598721, 0.8593750000001603162, 0.8671875000001612044, 0.8710937500001609823, 0.8730468750001609823, 0.8740234375001603162, 0.8750000000001596501, 1.000000000000000000 ),
 .UNSPECIFIED. ) ;
#2522 = VERTEX_POINT ( 'NONE', #1770 ) ;
#2523 = EDGE_CURVE ( 'NONE', #50, #341, #559, .T. ) ;
#2524 = EDGE_LOOP ( 'NONE', ( #687, #2752, #2538, #271 ) ) ;
#2525 = EDGE_CURVE ( 'NONE', #841, #1546, #531, .T. ) ;
#2526 = FACE_OUTER_BOUND ( 'NONE', #2435, .T. ) ;
#2527 = CARTESIAN_POINT ( 'NONE',  ( 45.24000000000000199, 13.36396103067893115, 3.599999999999999201 ) ) ;
#2528 = CARTESIAN_POINT ( 'NONE',  ( -37.68856793733885269, 19.92897123173919383, 12.00000000000000355 ) ) ;
#2529 = CARTESIAN_POINT ( 'NONE',  ( -45.19355278941948484, 12.06801050586875412, 3.999999999999999112 ) ) ;
#2530 = DIRECTION ( 'NONE',  ( -0.8571673007021113344, 0.000000000000000000, -0.5150380749100558209 ) ) ;
#2531 = CARTESIAN_POINT ( 'NONE',  ( 37.35181768671748870, -19.95068618221907286, 4.000000000000000000 ) ) ;
#2532 = DIRECTION ( 'NONE',  ( 1.000000000000000000, 0.000000000000000000, 0.000000000000000000 ) ) ;
#2533 = VERTEX_POINT ( 'NONE', #342 ) ;
#2534 = CIRCLE ( 'NONE', #1816, 2.500000000000000444 ) ;
#2535 = DIRECTION ( 'NONE',  ( -0.000000000000000000, -0.000000000000000000, -1.000000000000000000 ) ) ;
#2536 = CARTESIAN_POINT ( 'NONE',  ( 12.75000000000000000, 8.939999999999999503, 0.000000000000000000 ) ) ;
#2537 = AXIS2_PLACEMENT_3D ( 'NONE', #1844, #2703, #1434 ) ;
#2538 = ORIENTED_EDGE ( 'NONE', *, *, #1070, .T. ) ;
#2539 = ORIENTED_EDGE ( 'NONE', *, *, #82, .T. ) ;
#2540 = FACE_BOUND ( 'NONE', #1575, .T. ) ;
#2541 = CONICAL_SURFACE ( 'NONE', #2029, 4.299999999999975842, 0.5235987755982929315 ) ;
#2542 = CARTESIAN_POINT ( 'NONE',  ( 37.20679671267852484, 19.95969565049688299, 4.000000000000000000 ) ) ;
#2543 = ADVANCED_FACE ( 'NONE', ( #1043 ), #2432, .F. ) ;
#2544 = DIRECTION ( 'NONE',  ( -1.000000000000000000, 0.000000000000000000, -0.000000000000000000 ) ) ;
#2545 = CARTESIAN_POINT ( 'NONE',  ( -45.19643371773762652, 12.02190333506269937, 4.000000000000001776 ) ) ;
#2546 = DIRECTION ( 'NONE',  ( -1.000000000000000000, 0.000000000000000000, 0.000000000000000000 ) ) ;
#2547 = ADVANCED_FACE ( 'NONE', ( #2247 ), #1378, .T. ) ;
#2548 = DIRECTION ( 'NONE',  ( -1.000000000000000000, 0.000000000000000000, 0.000000000000000000 ) ) ;
#2549 = DIRECTION ( 'NONE',  ( -1.000000000000000000, 0.000000000000000000, 0.000000000000000000 ) ) ;
#2550 = CARTESIAN_POINT ( 'NONE',  ( -29.24000000000000199, 12.50000000000000000, 0.8823085463759948732 ) ) ;
#2551 = AXIS2_PLACEMENT_3D ( 'NONE', #2337, #2557, #1395 ) ;
#2552 = AXIS2_PLACEMENT_3D ( 'NONE', #1256, #49, #2173 ) ;
#2553 = DIRECTION ( 'NONE',  ( -0.000000000000000000, -0.000000000000000000, -1.000000000000000000 ) ) ;
#2554 = ADVANCED_BREP_SHAPE_REPRESENTATION ( 'Amplifier Mount', ( #2015, #1226 ), #1890 ) ;
#2555 = EDGE_LOOP ( 'NONE', ( #3033, #2172, #2516, #2472 ) ) ;
#2556 = ORIENTED_EDGE ( 'NONE', *, *, #2831, .T. ) ;
#2557 = DIRECTION ( 'NONE',  ( -0.000000000000000000, -0.000000000000000000, -1.000000000000000000 ) ) ;
#2558 = ORIENTED_EDGE ( 'NONE', *, *, #67, .F. ) ;
#2559 = CARTESIAN_POINT ( 'NONE',  ( 38.81082696342829053, 19.78424024486985644, 4.000000000000000888 ) ) ;
#2560 = CARTESIAN_POINT ( 'NONE',  ( -35.23999999999999488, 20.00000000000000000, 12.00000000000000000 ) ) ;
#2561 = CARTESIAN_POINT ( 'NONE',  ( -24.23999999999999844, 12.50000000000000000, -4.000000000000000000 ) ) ;
#2562 = EDGE_CURVE ( 'NONE', #1377, #2468, #2451, .T. ) ;
#2563 = CARTESIAN_POINT ( 'NONE',  ( -24.23999999999999844, -12.50000000000000000, -4.000000000000000000 ) ) ;
#2564 = CARTESIAN_POINT ( 'NONE',  ( 12.75000000000000000, -8.939999999999999503, 0.000000000000000000 ) ) ;
#2565 = B_SPLINE_CURVE_WITH_KNOTS ( 'NONE', 3,
 ( #1656, #1926, #981, #2 ),
 .UNSPECIFIED., .F., .F.,
 ( 4, 4 ),
 ( 0.000000000000000000, 1.000000000000000000 ),
 .UNSPECIFIED. ) ;
#2566 = CARTESIAN_POINT ( 'NONE',  ( 22.14000000000000767, -12.50000000000000000, -4.000000000000000000 ) ) ;
#2567 = EDGE_CURVE ( 'NONE', #179, #2097, #2487, .T. ) ;
#2568 = CARTESIAN_POINT ( 'NONE',  ( -45.24000000000000199, 20.00000000000000000, 12.00000000000000000 ) ) ;
#2569 = CARTESIAN_POINT ( 'NONE',  ( 40.49000000000000909, -12.50000000000000000, 7.649999999999999467 ) ) ;
#2570 = ORIENTED_EDGE ( 'NONE', *, *, #2262, .T. ) ;
#2571 = ORIENTED_EDGE ( 'NONE', *, *, #1400, .F. ) ;
#2572 = EDGE_LOOP ( 'NONE', ( #458, #1216, #2210, #1704 ) ) ;
#2573 = CARTESIAN_POINT ( 'NONE',  ( -44.83015808752735865, 14.47765388994864288, 12.00000000000000533 ) ) ;
#2574 = CARTESIAN_POINT ( 'NONE',  ( -44.92036626040550829, 14.09564450445389738, 4.000000000000000000 ) ) ;
#2575 = FACE_BOUND ( 'NONE', #302, .T. ) ;
#2576 = CYLINDRICAL_SURFACE ( 'NONE', #2166, 2.099999999999990763 ) ;
#2577 = CARTESIAN_POINT ( 'NONE',  ( 34.99000000000000909, 12.50000000000000000, 7.649999999999999467 ) ) ;
#2578 = ADVANCED_FACE ( 'NONE', ( #2209 ), #526, .F. ) ;
#2579 = CIRCLE ( 'NONE', #561, 2.500000000000000444 ) ;
#2580 = FACE_OUTER_BOUND ( 'NONE', #2663, .T. ) ;
#2581 = CARTESIAN_POINT ( 'NONE',  ( 45.24000000000000199, 20.00000000000000000, 4.000000000000000000 ) ) ;
#2582 = CARTESIAN_POINT ( 'NONE',  ( 44.54604019389960712, 15.42519340113650195, 4.000000000000000000 ) ) ;
#2583 = EDGE_LOOP ( 'NONE', ( #1053, #1338, #993, #1972 ) ) ;
#2584 = ORIENTED_EDGE ( 'NONE', *, *, #1691, .T. ) ;
#2585 = AXIS2_PLACEMENT_3D ( 'NONE', #1628, #2607, #438 ) ;
#2586 = ADVANCED_FACE ( 'NONE', ( #1478 ), #2840, .T. ) ;
#2587 = AXIS2_PLACEMENT_3D ( 'NONE', #1827, #802, #1100 ) ;
#2588 = EDGE_LOOP ( 'NONE', ( #1730, #1099 ) ) ;
#2589 = DIRECTION ( 'NONE',  ( 0.000000000000000000, -1.000000000000000000, 0.000000000000000000 ) ) ;
#2590 = ORIENTED_EDGE ( 'NONE', *, *, #2669, .F. ) ;
#2591 = CARTESIAN_POINT ( 'NONE',  ( -37.20679671267644295, 19.95969565049688654, 12.00000000000000178 ) ) ;
#2592 = CARTESIAN_POINT ( 'NONE',  ( -35.23999999999998067, 20.00000000000000000, 4.000000000000000000 ) ) ;
#2593 = CARTESIAN_POINT ( 'NONE',  ( -37.73999999999999488, 12.50000000000000000, 7.649999999999999467 ) ) ;
#2594 = AXIS2_PLACEMENT_3D ( 'NONE', #1432, #1480, #2453 ) ;
#2595 = DIRECTION ( 'NONE',  ( -0.000000000000000000, -0.000000000000000000, -1.000000000000000000 ) ) ;
#2596 = CARTESIAN_POINT ( 'NONE',  ( -45.24000000000000199, 11.68198051533946469, 6.533333333333333215 ) ) ;
#2597 = FACE_BOUND ( 'NONE', #1789, .T. ) ;
#2598 = CARTESIAN_POINT ( 'NONE',  ( 39.39624141636927135, 19.66690799139897550, 12.00000000000000178 ) ) ;
#2599 = ADVANCED_FACE ( 'NONE', ( #454 ), #1914, .T. ) ;
#2600 = CIRCLE ( 'NONE', #527, 2.099999999999990763 ) ;
#2601 = CARTESIAN_POINT ( 'NONE',  ( 37.26190333506779950, -19.95643371773761743, 12.00000000000000355 ) ) ;
#2602 = CIRCLE ( 'NONE', #1577, 0.7937499999999888534 ) ;
#2603 = ORIENTED_EDGE ( 'NONE', *, *, #2652, .F. ) ;
#2604 = ADVANCED_FACE ( 'NONE', ( #1809 ), #2286, .F. ) ;
#2605 = CARTESIAN_POINT ( 'NONE',  ( 15.25000000000000000, -8.939999999999999503, 0.000000000000000000 ) ) ;
#2606 = VECTOR ( 'NONE', #2967, 1000.000000000000000 ) ;
#2607 = DIRECTION ( 'NONE',  ( -0.000000000000000000, -0.000000000000000000, -1.000000000000000000 ) ) ;
#2608 = LINE ( 'NONE', #2362, #618 ) ;
#2609 = CARTESIAN_POINT ( 'NONE',  ( -38.60396103067893137, 20.00000000000000000, 9.466666666668894337 ) ) ;
#2610 = ORIENTED_EDGE ( 'NONE', *, *, #2918, .T. ) ;
#2611 = CARTESIAN_POINT ( 'NONE',  ( 45.11587079794485788, 12.98507565049622947, 12.00000000000000000 ) ) ;
#2612 = CARTESIAN_POINT ( 'NONE',  ( 37.09232843580421246, -19.96589867017021547, 12.00000000000000533 ) ) ;
#2613 = ORIENTED_EDGE ( 'NONE', *, *, #1780, .F. ) ;
#2614 = LINE ( 'NONE', #1897, #1791 ) ;
#2615 = EDGE_CURVE ( 'NONE', #1999, #316, #1126, .T. ) ;
#2616 = DIRECTION ( 'NONE',  ( -0.000000000000000000, -0.000000000000000000, -1.000000000000000000 ) ) ;
#2617 = DIRECTION ( 'NONE',  ( -1.000000000000000000, 0.000000000000000000, 0.000000000000000000 ) ) ;
#2618 = ORIENTED_EDGE ( 'NONE', *, *, #489, .T. ) ;
#2619 = LINE ( 'NONE', #453, #1663 ) ;
#2620 = CARTESIAN_POINT ( 'NONE',  ( 12.75000000000000000, -8.939999999999999503, 4.000000000000000000 ) ) ;
#2621 = CARTESIAN_POINT ( 'NONE',  ( 44.91714171312112569, 14.11029180112973513, 12.00000000000000000 ) ) ;
#2622 = FACE_OUTER_BOUND ( 'NONE', #579, .T. ) ;
#2623 = ORIENTED_EDGE ( 'NONE', *, *, #446, .F. ) ;
#2624 = CARTESIAN_POINT ( 'NONE',  ( -45.19969565049684945, -11.96679671270433687, 11.99999999999999822 ) ) ;
#2625 = AXIS2_PLACEMENT_3D ( 'NONE', #2777, #3107, #1605 ) ;
#2626 = DIRECTION ( 'NONE',  ( 0.8571673007021113344, 1.049727191138617463E-16, -0.5150380749100558209 ) ) ;
#2627 = DIRECTION ( 'NONE',  ( -0.000000000000000000, -0.000000000000000000, -1.000000000000000000 ) ) ;
#2628 = EDGE_CURVE ( 'NONE', #2769, #1159, #1551, .T. ) ;
#2629 = ORIENTED_EDGE ( 'NONE', *, *, #2377, .T. ) ;
#2630 = CIRCLE ( 'NONE', #1360, 2.500000000000000444 ) ;
#2631 = VECTOR ( 'NONE', #350, 1000.000000000000000 ) ;
#2632 = CARTESIAN_POINT ( 'NONE',  ( -31.03999999999999204, 0.000000000000000000, 4.000000000000000000 ) ) ;
#2633 = CARTESIAN_POINT ( 'NONE',  ( 45.20589867017021390, -11.85232843574494765, 4.000000000000000000 ) ) ;
#2634 = CARTESIAN_POINT ( 'NONE',  ( -24.23999999999999844, 12.50000000000000000, -4.000000000000000000 ) ) ;
#2635 = CIRCLE ( 'NONE', #1263, 6.120000000000000107 ) ;
#2636 = EDGE_CURVE ( 'NONE', #1903, #1089, #2602, .T. ) ;
#2637 = LINE ( 'NONE', #939, #108 ) ;
#2638 = CARTESIAN_POINT ( 'NONE',  ( 44.90690799139883183, 14.15624141636953048, 3.999999999999999112 ) ) ;
#2639 = ORIENTED_EDGE ( 'NONE', *, *, #2562, .F. ) ;
#2640 = DIRECTION ( 'NONE',  ( -0.000000000000000000, -0.000000000000000000, -1.000000000000000000 ) ) ;
#2641 = CARTESIAN_POINT ( 'NONE',  ( 34.99000000000000909, -12.50000000000000000, 7.649999999999999467 ) ) ;
#2642 = ORIENTED_EDGE ( 'NONE', *, *, #157, .F. ) ;
#2643 = CARTESIAN_POINT ( 'NONE',  ( -40.04231452336249930, -19.50307725554544191, 12.00000000000000178 ) ) ;
#2644 = VECTOR ( 'NONE', #30, 1000.000000000000000 ) ;
#2645 = CARTESIAN_POINT ( 'NONE',  ( 19.23999999999999488, 12.50000000000000000, -4.000000000000000000 ) ) ;
#2646 = CARTESIAN_POINT ( 'NONE',  ( 15.25000000000000000, 8.939999999999999503, 0.000000000000000000 ) ) ;
#2647 = AXIS2_PLACEMENT_3D ( 'NONE', #662, #1846, #432 ) ;
#2648 = ORIENTED_EDGE ( 'NONE', *, *, #1150, .T. ) ;
#2649 = DIRECTION ( 'NONE',  ( 0.000000000000000000, 0.000000000000000000, 1.000000000000000000 ) ) ;
#2650 = VERTEX_POINT ( 'NONE', #2046 ) ;
#2651 = EDGE_CURVE ( 'NONE', #1505, #2869, #659, .T. ) ;
#2652 = EDGE_CURVE ( 'NONE', #98, #169, #674, .T. ) ;
#2653 = FACE_BOUND ( 'NONE', #3070, .T. ) ;
#2654 = B_SPLINE_CURVE_WITH_KNOTS ( 'NONE', 3,
 ( #1149, #672, #1361, #1167 ),
 .UNSPECIFIED., .F., .F.,
 ( 4, 4 ),
 ( 0.000000000000000000, 1.000000000000000000 ),
 .UNSPECIFIED. ) ;
#2655 = CARTESIAN_POINT ( 'NONE',  ( 45.18092098748516605, 12.25106673973824911, 4.000000000000000888 ) ) ;
#2656 = EDGE_CURVE ( 'NONE', #1940, #605, #653, .T. ) ;
#2657 = CARTESIAN_POINT ( 'NONE',  ( 40.91168095611109123, -19.32998031785884763, 12.00000000000000000 ) ) ;
#2658 = ORIENTED_EDGE ( 'NONE', *, *, #2656, .T. ) ;
#2659 = CARTESIAN_POINT ( 'NONE',  ( -37.40999004729975752, -19.94672877713970749, 12.00000000000000000 ) ) ;
#2660 = FACE_OUTER_BOUND ( 'NONE', #3051, .T. ) ;
#2661 = DIRECTION ( 'NONE',  ( 0.000000000000000000, 0.000000000000000000, 1.000000000000000000 ) ) ;
#2662 = ORIENTED_EDGE ( 'NONE', *, *, #1892, .F. ) ;
#2663 = EDGE_LOOP ( 'NONE', ( #667, #789, #1255 ) ) ;
#2664 = CARTESIAN_POINT ( 'NONE',  ( -29.24000000000000199, 12.50000000000000000, -4.000000000000000000 ) ) ;
#2665 = CARTESIAN_POINT ( 'NONE',  ( 45.19643371773760521, -12.02190333505137687, 4.000000000000000000 ) ) ;
#2666 = FACE_OUTER_BOUND ( 'NONE', #2105, .T. ) ;
#2667 = DIRECTION ( 'NONE',  ( -0.000000000000000000, -0.000000000000000000, -1.000000000000000000 ) ) ;
#2668 = CARTESIAN_POINT ( 'NONE',  ( 44.97939422523671027, 13.83248471314563943, 4.000000000000000000 ) ) ;
#2669 = EDGE_CURVE ( 'NONE', #2127, #2049, #1986, .T. ) ;
#2670 = CARTESIAN_POINT ( 'NONE',  ( 10.24999999999999822, 8.939999999999999503, 0.000000000000000000 ) ) ;
#2671 = VERTEX_POINT ( 'NONE', #1532 ) ;
#2672 = CARTESIAN_POINT ( 'NONE',  ( -38.60396103067893137, -20.00000000000000000, 9.466666666668894337 ) ) ;
#2673 = EDGE_CURVE ( 'NONE', #2205, #2353, #2808, .T. ) ;
#2674 = CIRCLE ( 'NONE', #1306, 2.099999999999987210 ) ;
#2675 = CARTESIAN_POINT ( 'NONE',  ( -35.23999999999999488, -20.00000000000000000, 9.333333333333209580 ) ) ;
#2676 = EDGE_LOOP ( 'NONE', ( #2976, #650, #1039, #2618 ) ) ;
#2677 = CARTESIAN_POINT ( 'NONE',  ( 35.24000000000000909, -20.00000000000000355, 3.599999999999999201 ) ) ;
#2678 = LINE ( 'NONE', #1019, #2812 ) ;
#2679 = AXIS2_PLACEMENT_3D ( 'NONE', #2971, #1587, #1798 ) ;
#2680 = LINE ( 'NONE', #1912, #372 ) ;
#2681 = CARTESIAN_POINT ( 'NONE',  ( 45.11587079797081401, -12.98507565030743649, 4.000000000000000000 ) ) ;
#2682 = DIRECTION ( 'NONE',  ( -0.000000000000000000, -0.000000000000000000, -1.000000000000000000 ) ) ;
#2683 = AXIS2_PLACEMENT_3D ( 'NONE', #2934, #765, #2303 ) ;
#2684 = DIRECTION ( 'NONE',  ( 1.000000000000000000, 0.000000000000000000, 0.000000000000000000 ) ) ;
#2685 = CARTESIAN_POINT ( 'NONE',  ( 26.33999999999998920, -12.50000000000000000, -4.000000000000000000 ) ) ;
#2686 = DIRECTION ( 'NONE',  ( -1.000000000000000000, 0.000000000000000000, 0.000000000000000000 ) ) ;
#2687 = DIRECTION ( 'NONE',  ( -1.000000000000000000, 0.000000000000000000, 0.000000000000000000 ) ) ;
#2688 = AXIS2_PLACEMENT_3D ( 'NONE', #745, #1470, #2220 ) ;
#2689 = EDGE_LOOP ( 'NONE', ( #2167, #1750 ) ) ;
#2690 = DIRECTION ( 'NONE',  ( -0.000000000000000000, -0.000000000000000000, -1.000000000000000000 ) ) ;
#2691 = EDGE_CURVE ( 'NONE', #861, #1909, #1631, .T. ) ;
#2692 = CARTESIAN_POINT ( 'NONE',  ( 39.36377238429751912, -19.67416222299822692, 12.00000000000000178 ) ) ;
#2693 = DIRECTION ( 'NONE',  ( -0.000000000000000000, -0.000000000000000000, -1.000000000000000000 ) ) ;
#2694 = ORIENTED_EDGE ( 'NONE', *, *, #219, .T. ) ;
#2695 = CARTESIAN_POINT ( 'NONE',  ( 13.54374999999999751, 8.939999999999999503, 7.000000000000000000 ) ) ;
#2696 = ORIENTED_EDGE ( 'NONE', *, *, #660, .F. ) ;
#2697 = ADVANCED_FACE ( 'NONE', ( #577, #2597, #1772, #2318, #1859, #1350, #2355, #868, #2108 ), #1060, .F. ) ;
#2698 = FACE_OUTER_BOUND ( 'NONE', #2524, .T. ) ;
#2699 = CARTESIAN_POINT ( 'NONE',  ( 12.75000000000000000, 8.939999999999999503, -1.458095095234814963E-15 ) ) ;
#2700 = ORIENTED_EDGE ( 'NONE', *, *, #2523, .F. ) ;
#2701 = CARTESIAN_POINT ( 'NONE',  ( 19.23999999999999488, 12.50000000000000000, 0.8823085463759948732 ) ) ;
#2702 = AXIS2_PLACEMENT_3D ( 'NONE', #2765, #2710, #2448 ) ;
#2703 = DIRECTION ( 'NONE',  ( -0.000000000000000000, -0.000000000000000000, -1.000000000000000000 ) ) ;
#2704 = DIRECTION ( 'NONE',  ( -0.000000000000000000, -0.000000000000000000, -1.000000000000000000 ) ) ;
#2705 = CIRCLE ( 'NONE', #386, 2.500000000000000444 ) ;
#2706 = DIRECTION ( 'NONE',  ( 1.000000000000000000, 0.000000000000000000, 0.000000000000000000 ) ) ;
#2707 = VECTOR ( 'NONE', #2149, 1000.000000000000000 ) ;
#2708 = CARTESIAN_POINT ( 'NONE',  ( -12.75000000000000000, -8.939999999999999503, 0.000000000000000000 ) ) ;
#2709 = ORIENTED_EDGE ( 'NONE', *, *, #2341, .F. ) ;
#2710 = DIRECTION ( 'NONE',  ( 0.000000000000000000, 0.000000000000000000, 1.000000000000000000 ) ) ;
#2711 = VERTEX_POINT ( 'NONE', #2488 ) ;
#2712 = ORIENTED_EDGE ( 'NONE', *, *, #1483, .T. ) ;
#2713 = CARTESIAN_POINT ( 'NONE',  ( 12.75000000000000000, 8.939999999999999503, 4.000000000000000000 ) ) ;
#2714 = VERTEX_POINT ( 'NONE', #1278 ) ;
#2715 = DIRECTION ( 'NONE',  ( -0.000000000000000000, -0.000000000000000000, -1.000000000000000000 ) ) ;
#2716 = DIRECTION ( 'NONE',  ( -1.000000000000000000, 0.000000000000000000, 0.000000000000000000 ) ) ;
#2717 = ORIENTED_EDGE ( 'NONE', *, *, #2204, .T. ) ;
#2718 = ADVANCED_FACE ( 'NONE', ( #2580 ), #2239, .F. ) ;
#2719 = CARTESIAN_POINT ( 'NONE',  ( -45.24000000000000199, -9.999999999999998224, 4.000000000000000000 ) ) ;
#2720 = CYLINDRICAL_SURFACE ( 'NONE', #1534, 2.500000000000000444 ) ;
#2721 = DIRECTION ( 'NONE',  ( -1.000000000000000000, 0.000000000000000000, 0.000000000000000000 ) ) ;
#2722 = ORIENTED_EDGE ( 'NONE', *, *, #1090, .F. ) ;
#2723 = EDGE_CURVE ( 'NONE', #14, #637, #475, .T. ) ;
#2724 = LINE ( 'NONE', #972, #56 ) ;
#2725 = DIRECTION ( 'NONE',  ( 1.000000000000000000, 0.000000000000000000, 0.000000000000000000 ) ) ;
#2726 = ORIENTED_EDGE ( 'NONE', *, *, #2851, .F. ) ;
#2727 = CARTESIAN_POINT ( 'NONE',  ( -31.62000000000000099, -12.50000000000000000, 4.000000000000000000 ) ) ;
#2728 = CARTESIAN_POINT ( 'NONE',  ( 39.35029180112825031, 19.67714171312130134, 4.000000000000000000 ) ) ;
#2729 = ORIENTED_EDGE ( 'NONE', *, *, #797, .F. ) ;
#2730 = DIRECTION ( 'NONE',  ( -0.000000000000000000, -0.000000000000000000, -1.000000000000000000 ) ) ;
#2731 = DIRECTION ( 'NONE',  ( -0.000000000000000000, -0.000000000000000000, -1.000000000000000000 ) ) ;
#2732 = CYLINDRICAL_SURFACE ( 'NONE', #23, 0.7937499999999940714 ) ;
#2733 = ORIENTED_EDGE ( 'NONE', *, *, #424, .F. ) ;
#2734 = FACE_BOUND ( 'NONE', #2310, .T. ) ;
#2735 = CARTESIAN_POINT ( 'NONE',  ( 45.24000000000000199, 11.68198051533946469, 6.533333333333333215 ) ) ;
#2736 = CARTESIAN_POINT ( 'NONE',  ( 37.74000000000000909, -12.50000000000000000, 4.000000000000000000 ) ) ;
#2737 = AXIS2_PLACEMENT_3D ( 'NONE', #230, #923, #1437 ) ;
#2738 = DIRECTION ( 'NONE',  ( -1.000000000000000000, 0.000000000000000000, 0.000000000000000000 ) ) ;
#2739 = EDGE_CURVE ( 'NONE', #513, #1188, #3068, .T. ) ;
#2740 = CARTESIAN_POINT ( 'NONE',  ( -31.62000000000000099, -12.50000000000000000, 4.000000000000000000 ) ) ;
#2741 = CONICAL_SURFACE ( 'NONE', #1451, 4.299999999999975842, 0.5235987755982924874 ) ;
#2742 = LINE ( 'NONE', #2775, #2989 ) ;
#2743 = CARTESIAN_POINT ( 'NONE',  ( 8.450000000000022382, -8.939999999999999503, 4.000000000000000000 ) ) ;
#2744 = EDGE_CURVE ( 'NONE', #2942, #2975, #2834, .T. ) ;
#2745 = ORIENTED_EDGE ( 'NONE', *, *, #797, .T. ) ;
#2746 = CIRCLE ( 'NONE', #1257, 0.7937499999999888534 ) ;
#2747 = DIRECTION ( 'NONE',  ( -0.000000000000000000, -0.000000000000000000, -1.000000000000000000 ) ) ;
#2748 = AXIS2_PLACEMENT_3D ( 'NONE', #2475, #1181, #517 ) ;
#2749 = PLANE ( 'NONE',  #1254 ) ;
#2750 = ORIENTED_EDGE ( 'NONE', *, *, #1892, .T. ) ;
#2751 =( NAMED_UNIT ( * ) SI_UNIT ( $, .STERADIAN. ) SOLID_ANGLE_UNIT ( ) );
#2752 = ORIENTED_EDGE ( 'NONE', *, *, #2764, .F. ) ;
#2753 = CARTESIAN_POINT ( 'NONE',  ( -35.24000000000000199, -20.00000000000000000, 3.599999999999999201 ) ) ;
#2754 = DIRECTION ( 'NONE',  ( 0.000000000000000000, 0.000000000000000000, 1.000000000000000000 ) ) ;
#2755 = ORIENTED_EDGE ( 'NONE', *, *, #822, .F. ) ;
#2756 = CARTESIAN_POINT ( 'NONE',  ( 24.23999999999999844, 12.50000000000000000, -4.000000000000000000 ) ) ;
#2757 = CARTESIAN_POINT ( 'NONE',  ( 42.31106781186547749, 19.28308080163916571, 6.533333333333333215 ) ) ;
#2758 = CARTESIAN_POINT ( 'NONE',  ( 36.92198051533947023, -20.00000000000000355, 3.599999999999999201 ) ) ;
#2759 = CARTESIAN_POINT ( 'NONE',  ( -44.56998031789402859, 15.67168095603446076, 4.000000000000000888 ) ) ;
#2760 = DIRECTION ( 'NONE',  ( -0.000000000000000000, -0.000000000000000000, -1.000000000000000000 ) ) ;
#2761 = CARTESIAN_POINT ( 'NONE',  ( -45.24000000000000199, 10.00000000000000000, 12.40000000000000036 ) ) ;
#2762 = VECTOR ( 'NONE', #3074, 1000.000000000000000 ) ;
#2763 = ORIENTED_EDGE ( 'NONE', *, *, #606, .T. ) ;
#2764 = EDGE_CURVE ( 'NONE', #2320, #344, #583, .T. ) ;
#2765 = CARTESIAN_POINT ( 'NONE',  ( 24.23999999999999844, -12.50000000000000000, 0.8823085463759948732 ) ) ;
#2766 = CIRCLE ( 'NONE', #1888, 2.500000000000000444 ) ;
#2767 = EDGE_CURVE ( 'NONE', #1459, #885, #272, .T. ) ;
#2768 = DIRECTION ( 'NONE',  ( -0.000000000000000000, -0.000000000000000000, 1.000000000000000000 ) ) ;
#2769 = VERTEX_POINT ( 'NONE', #648 ) ;
#2770 = VERTEX_POINT ( 'NONE', #2061 ) ;
#2771 = DIRECTION ( 'NONE',  ( -1.000000000000000000, 0.000000000000000000, 0.000000000000000000 ) ) ;
#2772 = CARTESIAN_POINT ( 'NONE',  ( -39.33564450445477689, 19.68036626040534287, 12.00000000000000178 ) ) ;
#2773 = CARTESIAN_POINT ( 'NONE',  ( -45.24000000000000199, 10.00000000000000000, 4.000000000000000000 ) ) ;
#2774 = CYLINDRICAL_SURFACE ( 'NONE', #1872, 5.000000000000004441 ) ;
#2775 = CARTESIAN_POINT ( 'NONE',  ( 31.62000000000000810, 12.50000000000000000, 4.000000000000000000 ) ) ;
#2776 = EDGE_LOOP ( 'NONE', ( #2700, #436, #1592, #786 ) ) ;
#2777 = CARTESIAN_POINT ( 'NONE',  ( 12.75000000000000000, 8.939999999999999503, 7.000000000000000000 ) ) ;
#2778 = EDGE_CURVE ( 'NONE', #2714, #2915, #886, .T. ) ;
#2779 = ORIENTED_EDGE ( 'NONE', *, *, #553, .T. ) ;
#2780 = VERTEX_POINT ( 'NONE', #2007 ) ;
#2781 = DIRECTION ( 'NONE',  ( -1.000000000000000000, 0.000000000000000000, 0.000000000000000000 ) ) ;
#2782 = EDGE_CURVE ( 'NONE', #2780, #301, #977, .T. ) ;
#2783 = PLANE ( 'NONE',  #2853 ) ;
#2784 = CARTESIAN_POINT ( 'NONE',  ( -45.20589867017021390, 11.85232843578584649, 4.000000000000000888 ) ) ;
#2785 = CYLINDRICAL_SURFACE ( 'NONE', #2332, 2.500000000000000444 ) ;
#2786 = EDGE_LOOP ( 'NONE', ( #656, #1252 ) ) ;
#2787 = CARTESIAN_POINT ( 'NONE',  ( -15.25000000000000000, 8.939999999999999503, 4.000000000000000000 ) ) ;
#2788 = ORIENTED_EDGE ( 'NONE', *, *, #2262, .F. ) ;
#2789 = CONICAL_SURFACE ( 'NONE', #250, 6.799999999999993605, 0.5235987755982925984 ) ;
#2790 = PRODUCT_DEFINITION_SHAPE ( 'NONE', 'NONE',  #2949 ) ;
#2791 = CARTESIAN_POINT ( 'NONE',  ( 8.450000000000022382, -8.939999999999999503, 4.000000000000000000 ) ) ;
#2792 = CONICAL_SURFACE ( 'NONE', #158, 0.7937499999999976241, 1.029744258676652535 ) ;
#2793 = EDGE_CURVE ( 'NONE', #861, #1509, #343, .T. ) ;
#2794 = CIRCLE ( 'NONE', #1205, 0.7937499999999976241 ) ;
#2795 = LINE ( 'NONE', #1682, #536 ) ;
#2796 = ORIENTED_EDGE ( 'NONE', *, *, #2441, .F. ) ;
#2797 = CARTESIAN_POINT ( 'NONE',  ( 39.09365903183298485, 19.73100495658195541, 4.000000000000000888 ) ) ;
#2798 = CARTESIAN_POINT ( 'NONE',  ( -45.21702132613619796, -11.60637175368678342, 12.00000000000000000 ) ) ;
#2799 = CARTESIAN_POINT ( 'NONE',  ( -42.60099510300540260, 18.24739685556782476, 4.000000000000000888 ) ) ;
#2800 = EDGE_CURVE ( 'NONE', #963, #546, #2338, .T. ) ;
#2801 = DIRECTION ( 'NONE',  ( 0.000000000000000000, 0.000000000000000000, 1.000000000000000000 ) ) ;
#2802 = CARTESIAN_POINT ( 'NONE',  ( -37.74000000000000199, -12.50000000000000000, 7.649999999999999467 ) ) ;
#2803 = DIRECTION ( 'NONE',  ( -0.000000000000000000, -0.000000000000000000, -1.000000000000000000 ) ) ;
#2804 = CARTESIAN_POINT ( 'NONE',  ( 12.75000000000000000, 8.939999999999999503, 7.000000000000000000 ) ) ;
#2805 = ORIENTED_EDGE ( 'NONE', *, *, #1966, .T. ) ;
#2806 = AXIS2_PLACEMENT_3D ( 'NONE', #2517, #1784, #1056 ) ;
#2807 = FACE_OUTER_BOUND ( 'NONE', #53, .T. ) ;
#2808 = LINE ( 'NONE', #1752, #2809 ) ;
#2809 = VECTOR ( 'NONE', #899, 1000.000000000000000 ) ;
#2810 = CARTESIAN_POINT ( 'NONE',  ( -11.95625000000000426, -8.939999999999999503, 0.000000000000000000 ) ) ;
#2811 = ORIENTED_EDGE ( 'NONE', *, *, #3066, .T. ) ;
#2812 = VECTOR ( 'NONE', #1997, 1000.000000000000000 ) ;
#2813 = ORIENTED_EDGE ( 'NONE', *, *, #509, .T. ) ;
#2814 = EDGE_LOOP ( 'NONE', ( #2694, #2811, #916, #2417 ) ) ;
#2815 = DIRECTION ( 'NONE',  ( -1.000000000000000000, 0.000000000000000000, 0.000000000000000000 ) ) ;
#2816 = CARTESIAN_POINT ( 'NONE',  ( -44.54604019389852709, 15.42519340113756066, 12.00000000000000000 ) ) ;
#2817 = DIRECTION ( 'NONE',  ( -0.000000000000000000, -0.000000000000000000, 1.000000000000000000 ) ) ;
#2818 = FACE_OUTER_BOUND ( 'NONE', #1842, .T. ) ;
#2819 = CARTESIAN_POINT ( 'NONE',  ( 35.24000000000000909, -20.00000000000000000, 9.333333333333209580 ) ) ;
#2820 = EDGE_CURVE ( 'NONE', #3071, #1768, #400, .T. ) ;
#2821 = CARTESIAN_POINT ( 'NONE',  ( -42.31106781186548460, 19.28308080163916216, 12.40000000000000036 ) ) ;
#2822 = EDGE_LOOP ( 'NONE', ( #982, #2093, #2261, #421 ) ) ;
#2823 = DIRECTION ( 'NONE',  ( -0.000000000000000000, -0.000000000000000000, -1.000000000000000000 ) ) ;
#2824 = CARTESIAN_POINT ( 'NONE',  ( -34.99000000000000909, -12.50000000000000000, 4.000000000000000000 ) ) ;
#2825 = CARTESIAN_POINT ( 'NONE',  ( 44.83015808752767128, 14.47765388994830538, 3.999999999999999112 ) ) ;
#2826 = ORIENTED_EDGE ( 'NONE', *, *, #1101, .T. ) ;
#2827 = DIRECTION ( 'NONE',  ( -0.000000000000000000, -0.000000000000000000, -1.000000000000000000 ) ) ;
#2828 = DIRECTION ( 'NONE',  ( -1.000000000000000000, 0.000000000000000000, 0.000000000000000000 ) ) ;
#2829 = DIRECTION ( 'NONE',  ( -1.000000000000000000, 0.000000000000000000, 0.000000000000000000 ) ) ;
#2830 = DIRECTION ( 'NONE',  ( -0.000000000000000000, -0.000000000000000000, -1.000000000000000000 ) ) ;
#2831 = EDGE_CURVE ( 'NONE', #896, #1287, #1701, .T. ) ;
#2832 = CARTESIAN_POINT ( 'NONE',  ( -44.52308080163917481, 17.07106781186547195, 12.40000000000000036 ) ) ;
#2833 = CARTESIAN_POINT ( 'NONE',  ( -12.75000000000000000, 8.939999999999999503, 0.000000000000000000 ) ) ;
#2834 = LINE ( 'NONE', #188, #1932 ) ;
#2835 = ADVANCED_FACE ( 'NONE', ( #2493 ), #2720, .T. ) ;
#2836 = CARTESIAN_POINT ( 'NONE',  ( 45.16897123173619377, 12.44856793736005152, 12.00000000000000000 ) ) ;
#2837 = AXIS2_PLACEMENT_3D ( 'NONE', #642, #681, #1431 ) ;
#2838 = AXIS2_PLACEMENT_3D ( 'NONE', #25, #1467, #538 ) ;
#2839 = VERTEX_POINT ( 'NONE', #2254 ) ;
#2840 = B_SPLINE_SURFACE_WITH_KNOTS ( 'NONE', 5, 3, ( 
 ( #2469, #286, #545, #2753 ),
 ( #994, #1012, #1696, #1973 ),
 ( #2191, #2672, #2944, #510 ),
 ( #32, #1952, #66, #576 ),
 ( #776, #1736, #1493, #1529 ),
 ( #303, #2229, #1029, #2961 ),
 ( #2006, #1460, #793, #1751 ),
 ( #80, #2977, #808, #2505 ) ),
 .UNSPECIFIED., .F., .F., .F.,
 ( 6, 2, 6 ),
 ( 4, 4 ),
 ( 0.000000000000000000, 0.5000000000000000000, 1.000000000000000000 ),
 ( -0.0004000000000000000192, 0.008399999999999999481 ),
 .UNSPECIFIED. ) ;
#2841 = DIRECTION ( 'NONE',  ( -1.000000000000000000, 0.000000000000000000, 0.000000000000000000 ) ) ;
#2842 = ORIENTED_EDGE ( 'NONE', *, *, #27, .T. ) ;
#2843 = LINE ( 'NONE', #1627, #2498 ) ;
#2844 = DIRECTION ( 'NONE',  ( 0.000000000000000000, 0.000000000000000000, -1.000000000000000000 ) ) ;
#2845 = CYLINDRICAL_SURFACE ( 'NONE', #1864, 0.7937499999999940714 ) ;
#2846 = CIRCLE ( 'NONE', #2427, 2.500000000000000444 ) ;
#2847 = CARTESIAN_POINT ( 'NONE',  ( -31.61999999999999389, 12.50000000000000000, 4.000000000000000000 ) ) ;
#2848 = CARTESIAN_POINT ( 'NONE',  ( -37.74000000000000199, -12.50000000000000000, 7.649999999999999467 ) ) ;
#2849 = ORIENTED_EDGE ( 'NONE', *, *, #816, .F. ) ;
#2850 = CARTESIAN_POINT ( 'NONE',  ( 45.20589867017019969, 11.85232843580544859, 12.00000000000000000 ) ) ;
#2851 = EDGE_CURVE ( 'NONE', #2412, #605, #496, .T. ) ;
#2852 = EDGE_CURVE ( 'NONE', #2353, #3071, #1423, .T. ) ;
#2853 = AXIS2_PLACEMENT_3D ( 'NONE', #1564, #137, #2544 ) ;
#2854 = EDGE_LOOP ( 'NONE', ( #324, #1062, #1741, #2963 ) ) ;
#2855 = CARTESIAN_POINT ( 'NONE',  ( -44.91714171312059278, -14.11029180113337134, 12.00000000000000355 ) ) ;
#2856 = CYLINDRICAL_SURFACE ( 'NONE', #2837, 2.500000000000000444 ) ;
#2857 = CARTESIAN_POINT ( 'NONE',  ( 13.54374999999998863, -8.939999999999999503, -1.458095095234814963E-15 ) ) ;
#2858 = PLANE ( 'NONE',  #3037 ) ;
#2859 = DIRECTION ( 'NONE',  ( -0.000000000000000000, -0.000000000000000000, -1.000000000000000000 ) ) ;
#2860 = CARTESIAN_POINT ( 'NONE',  ( -34.99000000000000199, 12.50000000000000000, 12.00000000000000000 ) ) ;
#2861 = CARTESIAN_POINT ( 'NONE',  ( 37.65195190759484944, 19.92837524281334538, 12.00000000000000000 ) ) ;
#2862 = CARTESIAN_POINT ( 'NONE',  ( 44.90852346761717229, 14.14904935204069858, 3.999999999999999112 ) ) ;
#2863 = ADVANCED_FACE ( 'NONE', ( #290 ), #88, .F. ) ;
#2864 = CARTESIAN_POINT ( 'NONE',  ( 45.19068618221925959, -12.11181768671605674, 12.00000000000000000 ) ) ;
#2865 = DIRECTION ( 'NONE',  ( 0.000000000000000000, 0.000000000000000000, -1.000000000000000000 ) ) ;
#2866 = ORIENTED_EDGE ( 'NONE', *, *, #1148, .F. ) ;
#2867 = DIRECTION ( 'NONE',  ( -0.000000000000000000, -0.000000000000000000, -1.000000000000000000 ) ) ;
#2868 = CARTESIAN_POINT ( 'NONE',  ( 12.75000000000000000, -8.939999999999999503, 4.000000000000000000 ) ) ;
#2869 = VERTEX_POINT ( 'NONE', #2215 ) ;
#2870 = EDGE_CURVE ( 'NONE', #2714, #2533, #1934, .T. ) ;
#2871 = CARTESIAN_POINT ( 'NONE',  ( -12.75000000000000000, -8.939999999999999503, 4.000000000000000000 ) ) ;
#2872 = CARTESIAN_POINT ( 'NONE',  ( 45.24000000000000909, -13.36396103067892760, 12.40000000000000036 ) ) ;
#2873 = FACE_OUTER_BOUND ( 'NONE', #115, .T. ) ;
#2874 = CARTESIAN_POINT ( 'NONE',  ( 45.19403787778066572, -12.06039140695893863, 3.999999999999999112 ) ) ;
#2875 = CARTESIAN_POINT ( 'NONE',  ( 22.14000000000000767, 12.50000000000000000, -4.000000000000000000 ) ) ;
#2876 = CARTESIAN_POINT ( 'NONE',  ( 36.14523192544761798, 19.99999999999999645, 12.00000000000000000 ) ) ;
#2877 = SURFACE_STYLE_FILL_AREA ( #201 ) ;
#2878 = AXIS2_PLACEMENT_3D ( 'NONE', #3119, #954, #1645 ) ;
#2879 = LINE ( 'NONE', #476, #914 ) ;
#2880 = ORIENTED_EDGE ( 'NONE', *, *, #2870, .T. ) ;
#2881 = ADVANCED_FACE ( 'NONE', ( #1466 ), #1838, .T. ) ;
#2882 = CARTESIAN_POINT ( 'NONE',  ( -37.36929317396081274, -19.94951640129583481, 12.00000000000000000 ) ) ;
#2883 = PLANE ( 'NONE',  #1618 ) ;
#2884 = CIRCLE ( 'NONE', #1359, 5.000000000000004441 ) ;
#2885 = CARTESIAN_POINT ( 'NONE',  ( 29.24000000000000199, 12.50000000000000000, 0.8823085463759948732 ) ) ;
#2886 = ORIENTED_EDGE ( 'NONE', *, *, #1966, .F. ) ;
#2887 = VECTOR ( 'NONE', #1236, 1000.000000000000227 ) ;
#2888 = EDGE_CURVE ( 'NONE', #1951, #1895, #2678, .T. ) ;
#2889 = EDGE_CURVE ( 'NONE', #294, #2489, #2234, .T. ) ;
#2890 = AXIS2_PLACEMENT_3D ( 'NONE', #105, #1331, #1098 ) ;
#2891 = DIRECTION ( 'NONE',  ( -0.000000000000000000, -0.000000000000000000, -1.000000000000000000 ) ) ;
#2892 = DIRECTION ( 'NONE',  ( -1.000000000000000000, 0.000000000000000000, 0.000000000000000000 ) ) ;
#2893 = VECTOR ( 'NONE', #1705, 1000.000000000000000 ) ;
#2894 = LINE ( 'NONE', #2581, #1916 ) ;
#2895 =( LENGTH_UNIT ( ) NAMED_UNIT ( * ) SI_UNIT ( .MILLI., .METRE. ) );
#2896 = CARTESIAN_POINT ( 'NONE',  ( 39.35029180113029668, -19.67714171312110238, 12.00000000000000178 ) ) ;
#2897 = ORIENTED_EDGE ( 'NONE', *, *, #142, .T. ) ;
#2898 = CARTESIAN_POINT ( 'NONE',  ( -39.39624141636934240, -19.66690799139898971, 12.00000000000000355 ) ) ;
#2899 = AXIS2_PLACEMENT_3D ( 'NONE', #2484, #2206, #300 ) ;
#2900 = CARTESIAN_POINT ( 'NONE',  ( -12.75000000000000000, 8.939999999999999503, 7.000000000000000000 ) ) ;
#2901 = LINE ( 'NONE', #493, #3127 ) ;
#2902 = AXIS2_PLACEMENT_3D ( 'NONE', #858, #611, #104 ) ;
#2903 = DIRECTION ( 'NONE',  ( -0.000000000000000000, 0.000000000000000000, -1.000000000000000000 ) ) ;
#2904 = VERTEX_POINT ( 'NONE', #278 ) ;
#2905 = AXIS2_PLACEMENT_3D ( 'NONE', #551, #815, #2458 ) ;
#2906 = ADVANCED_FACE ( 'NONE', ( #1034 ), #741, .F. ) ;
#2907 = FACE_OUTER_BOUND ( 'NONE', #2583, .T. ) ;
#2908 = CARTESIAN_POINT ( 'NONE',  ( 45.24000000000002331, -10.44967367068935360, 4.000000000000000888 ) ) ;
#2909 = DIRECTION ( 'NONE',  ( -0.000000000000000000, -0.000000000000000000, -1.000000000000000000 ) ) ;
#2910 = CARTESIAN_POINT ( 'NONE',  ( -38.22507565043902389, -19.87587079795309464, 4.000000000000000888 ) ) ;
#2911 = CYLINDRICAL_SURFACE ( 'NONE', #716, 2.500000000000000444 ) ;
#2912 = EDGE_LOOP ( 'NONE', ( #127, #1523 ) ) ;
#2913 = CARTESIAN_POINT ( 'NONE',  ( 24.23999999999999844, -12.50000000000000000, -4.000000000000000000 ) ) ;
#2914 = CARTESIAN_POINT ( 'NONE',  ( -24.23999999999999844, -12.50000000000000000, 4.000000000000000000 ) ) ;
#2915 = VERTEX_POINT ( 'NONE', #1519 ) ;
#2916 = CARTESIAN_POINT ( 'NONE',  ( 45.24000000000000909, -20.00000000000000000, 4.000000000000000000 ) ) ;
#2917 = CARTESIAN_POINT ( 'NONE',  ( -22.14000000000000767, -12.50000000000000000, -4.000000000000000000 ) ) ;
#2918 = EDGE_CURVE ( 'NONE', #2468, #2334, #2766, .T. ) ;
#2919 = DIRECTION ( 'NONE',  ( -1.000000000000000000, 0.000000000000000000, 0.000000000000000000 ) ) ;
#2920 = DIRECTION ( 'NONE',  ( -1.000000000000000000, 0.000000000000000000, 0.000000000000000000 ) ) ;
#2921 = DIRECTION ( 'NONE',  ( 1.000000000000000000, 0.000000000000000000, 0.000000000000000000 ) ) ;
#2922 = DIRECTION ( 'NONE',  ( -1.000000000000000000, 0.000000000000000000, 0.000000000000000000 ) ) ;
#2923 = EDGE_CURVE ( 'NONE', #2650, #288, #1172, .T. ) ;
#2924 = CARTESIAN_POINT ( 'NONE',  ( 37.30801050586950396, -19.95355278941949706, 12.00000000000000000 ) ) ;
#2925 = ORIENTED_EDGE ( 'NONE', *, *, #2744, .F. ) ;
#2926 = DIRECTION ( 'NONE',  ( -0.000000000000000000, -0.000000000000000000, -1.000000000000000000 ) ) ;
#2927 = ORIENTED_EDGE ( 'NONE', *, *, #2992, .T. ) ;
#2928 = CARTESIAN_POINT ( 'NONE',  ( -15.25000000000000000, -8.939999999999999503, 0.000000000000000000 ) ) ;
#2929 = CARTESIAN_POINT ( 'NONE',  ( 45.24000000000000199, 13.36396103067893115, 12.40000000000000036 ) ) ;
#2930 = EDGE_LOOP ( 'NONE', ( #355, #83, #575, #65 ) ) ;
#2931 = CARTESIAN_POINT ( 'NONE',  ( -24.23999999999999844, 12.50000000000000000, -4.000000000000000000 ) ) ;
#2932 = AXIS2_PLACEMENT_3D ( 'NONE', #2563, #2361, #1374 ) ;
#2933 = CIRCLE ( 'NONE', #615, 2.750000000000002665 ) ;
#2934 = CARTESIAN_POINT ( 'NONE',  ( 12.75000000000000000, -8.939999999999999503, 4.000000000000000000 ) ) ;
#2935 = AXIS2_PLACEMENT_3D ( 'NONE', #2564, #2349, #3048 ) ;
#2936 = CARTESIAN_POINT ( 'NONE',  ( 37.74000000000000909, 12.50000000000000000, 4.000000000000000000 ) ) ;
#2937 = CARTESIAN_POINT ( 'NONE',  ( -39.33564450445355476, -19.68036626040554538, 4.000000000000000000 ) ) ;
#2938 = AXIS2_PLACEMENT_3D ( 'NONE', #602, #2535, #1320 ) ;
#2939 = ORIENTED_EDGE ( 'NONE', *, *, #3112, .F. ) ;
#2940 = DIRECTION ( 'NONE',  ( -1.000000000000000000, 0.000000000000000000, 0.000000000000000000 ) ) ;
#2941 = ADVANCED_FACE ( 'NONE', ( #2660 ), #2732, .F. ) ;
#2942 = VERTEX_POINT ( 'NONE', #1271 ) ;
#2943 = ORIENTED_EDGE ( 'NONE', *, *, #644, .T. ) ;
#2944 = CARTESIAN_POINT ( 'NONE',  ( -38.60396103067893137, -20.00000000000000000, 6.533333333333333215 ) ) ;
#2945 = VERTEX_POINT ( 'NONE', #2485 ) ;
#2946 = DIRECTION ( 'NONE',  ( -0.000000000000000000, -0.000000000000000000, -1.000000000000000000 ) ) ;
#2947 = AXIS2_PLACEMENT_3D ( 'NONE', #743, #2704, #1215 ) ;
#2948 = ORIENTED_EDGE ( 'NONE', *, *, #1209, .T. ) ;
#2949 = PRODUCT_DEFINITION ( 'UNKNOWN', '', #3012, #325 ) ;
#2950 = CARTESIAN_POINT ( 'NONE',  ( 35.24000000000000909, -20.00000000000000355, 6.533333333333333215 ) ) ;
#2951 = AXIS2_PLACEMENT_3D ( 'NONE', #2713, #737, #979 ) ;
#2952 = CYLINDRICAL_SURFACE ( 'NONE', #1710, 2.750000000000002665 ) ;
#2953 = VECTOR ( 'NONE', #2357, 1000.000000000000000 ) ;
#2954 = CYLINDRICAL_SURFACE ( 'NONE', #1875, 2.750000000000002665 ) ;
#2955 = AXIS2_PLACEMENT_3D ( 'NONE', #1176, #2693, #688 ) ;
#2956 = CARTESIAN_POINT ( 'NONE',  ( -44.06046447999609939, -16.56518160029106213, 4.000000000000000888 ) ) ;
#2957 = ORIENTED_EDGE ( 'NONE', *, *, #1799, .F. ) ;
#2958 = DIRECTION ( 'NONE',  ( -1.000000000000000000, 0.000000000000000000, 0.000000000000000000 ) ) ;
#2959 = CARTESIAN_POINT ( 'NONE',  ( 13.54374999999999751, -8.939999999999999503, 7.000000000000000000 ) ) ;
#2960 = ORIENTED_EDGE ( 'NONE', *, *, #181, .T. ) ;
#2961 = CARTESIAN_POINT ( 'NONE',  ( -45.24000000000000199, -13.36396103067893115, 3.599999999999999201 ) ) ;
#2962 = EDGE_CURVE ( 'NONE', #522, #2533, #2243, .T. ) ;
#2963 = ORIENTED_EDGE ( 'NONE', *, *, #714, .T. ) ;
#2964 = FACE_BOUND ( 'NONE', #1528, .T. ) ;
#2965 = CARTESIAN_POINT ( 'NONE',  ( 36.92198051533946312, 20.00000000000000000, 12.40000000000000036 ) ) ;
#2966 = CARTESIAN_POINT ( 'NONE',  ( 42.31106781186548460, -19.28308080163917282, 3.599999999999999201 ) ) ;
#2967 = DIRECTION ( 'NONE',  ( 1.000000000000000000, -0.000000000000000000, -0.000000000000000000 ) ) ;
#2968 = EDGE_CURVE ( 'NONE', #1246, #288, #2795, .T. ) ;
#2969 = LINE ( 'NONE', #2740, #111 ) ;
#2970 = CARTESIAN_POINT ( 'NONE',  ( 37.36929317396076300, -19.94951640129592363, 4.000000000000000000 ) ) ;
#2971 = CARTESIAN_POINT ( 'NONE',  ( -12.75000000000000000, 8.939999999999999503, -1.458095095234814963E-15 ) ) ;
#2972 = VERTEX_POINT ( 'NONE', #2860 ) ;
#2973 = CARTESIAN_POINT ( 'NONE',  ( 24.23999999999999844, 12.50000000000000000, 12.00000000000000000 ) ) ;
#2974 = DIRECTION ( 'NONE',  ( -0.000000000000000000, -0.000000000000000000, -1.000000000000000000 ) ) ;
#2975 = VERTEX_POINT ( 'NONE', #217 ) ;
#2976 = ORIENTED_EDGE ( 'NONE', *, *, #1277, .F. ) ;
#2977 = CARTESIAN_POINT ( 'NONE',  ( -45.24000000000000199, -10.00000000000000000, 9.466666666668894337 ) ) ;
#2978 = CARTESIAN_POINT ( 'NONE',  ( -12.75000000000000000, 8.939999999999999503, 0.000000000000000000 ) ) ;
#2979 = ORIENTED_EDGE ( 'NONE', *, *, #1372, .F. ) ;
#2980 = DIRECTION ( 'NONE',  ( -0.000000000000000000, -0.000000000000000000, -1.000000000000000000 ) ) ;
#2981 = CARTESIAN_POINT ( 'NONE',  ( 42.31106781186547749, 19.28308080163916571, 9.466666666668894337 ) ) ;
#2982 = CARTESIAN_POINT ( 'NONE',  ( -31.03999999999999204, -12.50000000000000000, 4.000000000000000000 ) ) ;
#2983 = AXIS2_PLACEMENT_3D ( 'NONE', #2089, #1097, #1136 ) ;
#2984 = DIRECTION ( 'NONE',  ( 0.000000000000000000, -1.000000000000000000, 0.000000000000000000 ) ) ;
#2985 = CARTESIAN_POINT ( 'NONE',  ( -34.98999999999999488, 12.50000000000000000, 4.000000000000000000 ) ) ;
#2986 = EDGE_CURVE ( 'NONE', #736, #1594, #1223, .T. ) ;
#2987 = VECTOR ( 'NONE', #1118, 1000.000000000000000 ) ;
#2988 = EDGE_CURVE ( 'NONE', #8, #882, #875, .T. ) ;
#2989 = VECTOR ( 'NONE', #600, 1000.000000000000000 ) ;
#2990 = DIRECTION ( 'NONE',  ( -1.000000000000000000, 0.000000000000000000, 0.000000000000000000 ) ) ;
#2991 = FACE_OUTER_BOUND ( 'NONE', #1545, .T. ) ;
#2992 = EDGE_CURVE ( 'NONE', #358, #110, #724, .T. ) ;
#2993 = CARTESIAN_POINT ( 'NONE',  ( -43.86000000000000654, -12.50000000000000000, 4.000000000000000000 ) ) ;
#2994 = CARTESIAN_POINT ( 'NONE',  ( -24.23999999999999844, 12.50000000000000000, 4.000000000000000000 ) ) ;
#2995 = VERTEX_POINT ( 'NONE', #769 ) ;
#2996 = ORIENTED_EDGE ( 'NONE', *, *, #569, .F. ) ;
#2997 = FACE_BOUND ( 'NONE', #1211, .T. ) ;
#2998 = CARTESIAN_POINT ( 'NONE',  ( 35.24000000000000199, 20.00000000000000000, 6.533333333333333215 ) ) ;
#2999 = CARTESIAN_POINT ( 'NONE',  ( 44.52308080163917481, -17.07106781186547551, 3.599999999999999201 ) ) ;
#3000 = CARTESIAN_POINT ( 'NONE',  ( -44.92783223522664571, 14.06138901334930047, 4.000000000000000000 ) ) ;
#3001 = DIRECTION ( 'NONE',  ( -1.000000000000000000, 0.000000000000000000, 0.000000000000000000 ) ) ;
#3002 = ORIENTED_EDGE ( 'NONE', *, *, #2067, .T. ) ;
#3003 = ADVANCED_FACE ( 'NONE', ( #1985 ), #1280, .T. ) ;
#3004 = CARTESIAN_POINT ( 'NONE',  ( -12.75000000000000000, 8.939999999999999503, -1.458095095234814963E-15 ) ) ;
#3005 = AXIS2_PLACEMENT_3D ( 'NONE', #1851, #425, #2828 ) ;
#3006 = ORIENTED_EDGE ( 'NONE', *, *, #2499, .T. ) ;
#3007 = LINE ( 'NONE', #1801, #2439 ) ;
#3008 = AXIS2_PLACEMENT_3D ( 'NONE', #1747, #2497, #2725 ) ;
#3009 = ADVANCED_FACE ( 'NONE', ( #2991 ), #1782, .T. ) ;
#3010 = CARTESIAN_POINT ( 'NONE',  ( 17.44000000000000483, -12.50000000000000000, 4.000000000000000000 ) ) ;
#3011 = ORIENTED_EDGE ( 'NONE', *, *, #2050, .F. ) ;
#3012 = PRODUCT_DEFINITION_FORMATION_WITH_SPECIFIED_SOURCE ( 'ANY', '', #1540, .NOT_KNOWN. ) ;
#3013 = ORIENTED_EDGE ( 'NONE', *, *, #644, .F. ) ;
#3014 = FACE_OUTER_BOUND ( 'NONE', #1930, .T. ) ;
#3015 = CARTESIAN_POINT ( 'NONE',  ( -45.19068618221934486, 12.11181768671693071, 11.99999999999999822 ) ) ;
#3016 = CARTESIAN_POINT ( 'NONE',  ( -45.21702132613619796, 11.60637175358537654, 4.000000000000000888 ) ) ;
#3017 = CARTESIAN_POINT ( 'NONE',  ( 13.54374999999999396, 8.939999999999999503, 0.000000000000000000 ) ) ;
#3018 = CARTESIAN_POINT ( 'NONE',  ( -45.24000000000000199, 10.00000000000000000, 3.599999999999999201 ) ) ;
#3019 = EDGE_CURVE ( 'NONE', #1011, #1177, #1679, .T. ) ;
#3020 = ORIENTED_EDGE ( 'NONE', *, *, #1855, .F. ) ;
#3021 = DIRECTION ( 'NONE',  ( -0.000000000000000000, -0.000000000000000000, -1.000000000000000000 ) ) ;
#3022 = LINE ( 'NONE', #95, #1560 ) ;
#3023 = EDGE_CURVE ( 'NONE', #169, #2240, #1472, .T. ) ;
#3024 = EDGE_LOOP ( 'NONE', ( #376, #1557 ) ) ;
#3025 = CARTESIAN_POINT ( 'NONE',  ( 24.23999999999999844, -12.50000000000000000, 12.00000000000000000 ) ) ;
#3026 = CARTESIAN_POINT ( 'NONE',  ( -45.24000000000000199, 10.90523192537055408, 12.00000000000000000 ) ) ;
#3027 = CARTESIAN_POINT ( 'NONE',  ( -26.33999999999998920, 12.50000000000000000, -4.000000000000000000 ) ) ;
#3028 = FACE_OUTER_BOUND ( 'NONE', #1590, .T. ) ;
#3029 = DIRECTION ( 'NONE',  ( -0.000000000000000000, -0.000000000000000000, -1.000000000000000000 ) ) ;
#3030 = ORIENTED_EDGE ( 'NONE', *, *, #1836, .T. ) ;
#3031 = AXIS2_PLACEMENT_3D ( 'NONE', #1404, #2909, #1151 ) ;
#3032 = DIRECTION ( 'NONE',  ( -0.000000000000000000, -0.000000000000000000, -1.000000000000000000 ) ) ;
#3033 = ORIENTED_EDGE ( 'NONE', *, *, #2433, .F. ) ;
#3034 = CARTESIAN_POINT ( 'NONE',  ( 13.54374999999998863, 8.939999999999999503, -1.458095095234814963E-15 ) ) ;
#3035 = DIRECTION ( 'NONE',  ( 0.000000000000000000, 0.000000000000000000, -1.000000000000000000 ) ) ;
#3036 = LINE ( 'NONE', #2791, #2479 ) ;
#3037 = AXIS2_PLACEMENT_3D ( 'NONE', #2632, #684, #1644 ) ;
#3038 = ORIENTED_EDGE ( 'NONE', *, *, #1209, .F. ) ;
#3039 = AXIS2_PLACEMENT_3D ( 'NONE', #2436, #1720, #2903 ) ;
#3040 = EDGE_CURVE ( 'NONE', #495, #44, #2185, .T. ) ;
#3041 = ORIENTED_EDGE ( 'NONE', *, *, #734, .T. ) ;
#3042 = ORIENTED_EDGE ( 'NONE', *, *, #2204, .F. ) ;
#3043 = AXIS2_PLACEMENT_3D ( 'NONE', #1807, #1324, #1259 ) ;
#3044 = CARTESIAN_POINT ( 'NONE',  ( 37.30801050586919132, 19.95355278941949706, 4.000000000000000000 ) ) ;
#3045 = CARTESIAN_POINT ( 'NONE',  ( -45.19146049946937183, 12.10015981297767595, 12.00000000000000178 ) ) ;
#3046 = CARTESIAN_POINT ( 'NONE',  ( -39.38904935204102742, 19.66852346761714898, 4.000000000000000000 ) ) ;
#3047 = DIRECTION ( 'NONE',  ( -0.000000000000000000, -0.000000000000000000, -1.000000000000000000 ) ) ;
#3048 = DIRECTION ( 'NONE',  ( -1.000000000000000000, 0.000000000000000000, 0.000000000000000000 ) ) ;
#3049 = VERTEX_POINT ( 'NONE', #1336 ) ;
#3050 = DIRECTION ( 'NONE',  ( -1.000000000000000000, 0.000000000000000000, 0.000000000000000000 ) ) ;
#3051 = EDGE_LOOP ( 'NONE', ( #3038, #930, #371, #1773 ) ) ;
#3052 = CYLINDRICAL_SURFACE ( 'NONE', #2551, 2.749999999999995559 ) ;
#3053 = DIRECTION ( 'NONE',  ( -0.000000000000000000, -0.000000000000000000, -1.000000000000000000 ) ) ;
#3054 = AXIS2_PLACEMENT_3D ( 'NONE', #2913, #754, #322 ) ;
#3055 = PLANE ( 'NONE',  #3123 ) ;
#3056 = ORIENTED_EDGE ( 'NONE', *, *, #1169, .T. ) ;
#3057 = VECTOR ( 'NONE', #1045, 1000.000000000000000 ) ;
#3058 = ORIENTED_EDGE ( 'NONE', *, *, #822, .T. ) ;
#3059 = EDGE_LOOP ( 'NONE', ( #842, #1783 ) ) ;
#3060 = EDGE_CURVE ( 'NONE', #2770, #341, #129, .T. ) ;
#3061 = CARTESIAN_POINT ( 'NONE',  ( -40.91168095607104505, 19.32998031788405413, 11.99999999999999822 ) ) ;
#3062 = CARTESIAN_POINT ( 'NONE',  ( -37.65195190759573052, 19.92837524281230799, 4.000000000000000888 ) ) ;
#3063 = CARTESIAN_POINT ( 'NONE',  ( 19.23999999999999488, -12.50000000000000000, -4.000000000000000000 ) ) ;
#3064 = CARTESIAN_POINT ( 'NONE',  ( -35.23999999999999488, 20.00000000000000000, 12.00000000000000000 ) ) ;
#3065 = VERTEX_POINT ( 'NONE', #1421 ) ;
#3066 = EDGE_CURVE ( 'NONE', #2147, #2353, #1887, .T. ) ;
#3067 = FACE_OUTER_BOUND ( 'NONE', #1561, .T. ) ;
#3068 = LINE ( 'NONE', #3080, #1530 ) ;
#3069 = CARTESIAN_POINT ( 'NONE',  ( 45.19476264562734258, 12.04892476724714001, 12.00000000000000000 ) ) ;
#3070 = EDGE_LOOP ( 'NONE', ( #2722, #2788 ) ) ;
#3071 = VERTEX_POINT ( 'NONE', #243 ) ;
#3072 = CARTESIAN_POINT ( 'NONE',  ( 35.68967367076672303, -20.00000000000000355, 12.00000000000000000 ) ) ;
#3073 = ORIENTED_EDGE ( 'NONE', *, *, #755, .F. ) ;
#3074 = DIRECTION ( 'NONE',  ( -1.734723475976807094E-16, 1.000000000000000000, -0.000000000000000000 ) ) ;
#3075 = DIRECTION ( 'NONE',  ( -1.000000000000000000, 0.000000000000000000, 0.000000000000000000 ) ) ;
#3076 = DIRECTION ( 'NONE',  ( -0.000000000000000000, -0.000000000000000000, -1.000000000000000000 ) ) ;
#3077 = EDGE_CURVE ( 'NONE', #1352, #8, #498, .T. ) ;
#3078 = CARTESIAN_POINT ( 'NONE',  ( -45.24000000000000199, 13.36396103067893115, 9.466666666668894337 ) ) ;
#3079 = EDGE_CURVE ( 'NONE', #1384, #2904, #1333, .T. ) ;
#3080 = CARTESIAN_POINT ( 'NONE',  ( -17.44000000000000483, 12.50000000000000000, 4.000000000000000000 ) ) ;
#3081 = CARTESIAN_POINT ( 'NONE',  ( 43.95086312245802418, 16.89211511380960928, 11.99999999999999645 ) ) ;
#3082 = AXIS2_PLACEMENT_3D ( 'NONE', #2994, #2039, #825 ) ;
#3083 = CARTESIAN_POINT ( 'NONE',  ( 39.30138901335040913, 19.68783223522625292, 4.000000000000000888 ) ) ;
#3084 = ORIENTED_EDGE ( 'NONE', *, *, #748, .F. ) ;
#3085 = CARTESIAN_POINT ( 'NONE',  ( -41.80518160028463370, -18.82046448001029404, 12.00000000000000000 ) ) ;
#3086 = CONICAL_SURFACE ( 'NONE', #2683, 4.299999999999975842, 0.5235987755982929315 ) ;
#3087 = FACE_BOUND ( 'NONE', #995, .T. ) ;
#3088 = AXIS2_PLACEMENT_3D ( 'NONE', #2804, #2515, #2476 ) ;
#3089 = CARTESIAN_POINT ( 'NONE',  ( 40.49000000000000909, 12.50000000000000000, 7.649999999999999467 ) ) ;
#3090 = DIRECTION ( 'NONE',  ( -0.000000000000000000, 0.000000000000000000, 1.000000000000000000 ) ) ;
#3091 = EDGE_CURVE ( 'NONE', #347, #1269, #444, .T. ) ;
#3092 = PLANE ( 'NONE',  #1511 ) ;
#3093 = CARTESIAN_POINT ( 'NONE',  ( -35.24000000000000199, -20.00000000000000000, 12.00000000000000000 ) ) ;
#3094 = CIRCLE ( 'NONE', #1526, 0.7937499999999888534 ) ;
#3095 = EDGE_CURVE ( 'NONE', #1207, #50, #1580, .T. ) ;
#3096 = AXIS2_PLACEMENT_3D ( 'NONE', #268, #2926, #1992 ) ;
#3097 = ORIENTED_EDGE ( 'NONE', *, *, #382, .T. ) ;
#3098 = CARTESIAN_POINT ( 'NONE',  ( -44.56998031784418401, -15.67168095611994083, 12.00000000000000000 ) ) ;
#3099 = VECTOR ( 'NONE', #2984, 1000.000000000000000 ) ;
#3100 = CARTESIAN_POINT ( 'NONE',  ( -37.73999999999999488, 12.50000000000000000, 4.000000000000000000 ) ) ;
#3101 = ORIENTED_EDGE ( 'NONE', *, *, #237, .T. ) ;
#3102 = CYLINDRICAL_SURFACE ( 'NONE', #514, 6.120000000000000107 ) ;
#3103 = ORIENTED_EDGE ( 'NONE', *, *, #2988, .F. ) ;
#3104 = CARTESIAN_POINT ( 'NONE',  ( -44.52308080163917481, 17.07106781186547195, 3.599999999999999201 ) ) ;
#3105 = DIRECTION ( 'NONE',  ( -1.000000000000000000, 0.000000000000000000, 0.000000000000000000 ) ) ;
#3106 = DIRECTION ( 'NONE',  ( -1.000000000000000000, 0.000000000000000000, 0.000000000000000000 ) ) ;
#3107 = DIRECTION ( 'NONE',  ( -0.000000000000000000, -0.000000000000000000, -1.000000000000000000 ) ) ;
#3108 = EDGE_CURVE ( 'NONE', #445, #1753, #1334, .T. ) ;
#3109 = DIRECTION ( 'NONE',  ( 1.000000000000000000, 0.000000000000000000, 0.000000000000000000 ) ) ;
#3110 = DIRECTION ( 'NONE',  ( 0.000000000000000000, 0.000000000000000000, 1.000000000000000000 ) ) ;
#3111 = ORIENTED_EDGE ( 'NONE', *, *, #2063, .F. ) ;
#3112 = EDGE_CURVE ( 'NONE', #316, #1999, #1586, .T. ) ;
#3113 = DIRECTION ( 'NONE',  ( 0.000000000000000000, 1.000000000000000000, 0.000000000000000000 ) ) ;
#3114 = FACE_OUTER_BOUND ( 'NONE', #2246, .T. ) ;
#3115 = CARTESIAN_POINT ( 'NONE',  ( 35.24000000000000199, 20.00000000000000000, 4.000000000000000000 ) ) ;
#3116 = VERTEX_POINT ( 'NONE', #2171 ) ;
#3117 = ORIENTED_EDGE ( 'NONE', *, *, #989, .T. ) ;
#3118 = CARTESIAN_POINT ( 'NONE',  ( 11.95625000000000959, 8.939999999999999503, -1.458095095234814963E-15 ) ) ;
#3119 = CARTESIAN_POINT ( 'NONE',  ( 37.74000000000000909, 12.50000000000000000, 4.000000000000000000 ) ) ;
#3120 = CARTESIAN_POINT ( 'NONE',  ( 39.07248471312349380, 19.73939422523944032, 12.00000000000000178 ) ) ;
#3121 = CIRCLE ( 'NONE', #2878, 6.120000000000000107 ) ;
#3122 = CARTESIAN_POINT ( 'NONE',  ( -40.49000000000000199, -12.50000000000000000, 7.649999999999999467 ) ) ;
#3123 = AXIS2_PLACEMENT_3D ( 'NONE', #2062, #1077, #402 ) ;
#3124 = ORIENTED_EDGE ( 'NONE', *, *, #1857, .T. ) ;
#3125 = CARTESIAN_POINT ( 'NONE',  ( -45.19476264562734968, -12.04892476725269290, 12.00000000000000000 ) ) ;
#3126 = ADVANCED_FACE ( 'NONE', ( #752 ), #1442, .F. ) ;
#3127 = VECTOR ( 'NONE', #962, 1000.000000000000227 ) ;
ENDSEC;
END-ISO-10303-21;
