ISO-10303-21;
HEADER;
FILE_DESCRIPTION (( 'STEP AP214' ),
    '1' );
FILE_NAME ('Arduino Platform.STEP',
    '2026-01-29T07:01:04',
    ( '' ),
    ( '' ),
    'SwSTEP 2.0',
    'SolidWorks 2025',
    '' );
FILE_SCHEMA (( 'AUTOMOTIVE_DESIGN' ));
ENDSEC;

DATA;
#1 = CYLINDRICAL_SURFACE ( 'NONE', #1725, 5.000000000000000888 ) ;
#2 = AXIS2_PLACEMENT_3D ( 'NONE', #5565, #3456, #59 ) ;
#3 = VERTEX_POINT ( 'NONE', #2814 ) ;
#4 = DIRECTION ( 'NONE',  ( 0.000000000000000000, 0.4999999999999948930, -0.8660254037844415942 ) ) ;
#5 = EDGE_CURVE ( 'NONE', #4732, #3964, #792, .T. ) ;
#6 = AXIS2_PLACEMENT_3D ( 'NONE', #4572, #2467, #1561 ) ;
#7 = CARTESIAN_POINT ( 'NONE',  ( -32.00000000000002132, -28.59999999999999076, 29.99999999999996447 ) ) ;
#8 = ADVANCED_FACE ( 'NONE', ( #3909 ), #5366, .T. ) ;
#9 = LINE ( 'NONE', #381, #2964 ) ;
#10 = EDGE_CURVE ( 'NONE', #5313, #2883, #429, .T. ) ;
#11 = CONICAL_SURFACE ( 'NONE', #915, 5.409401076758545202, 0.5235987755983051439 ) ;
#12 = LINE ( 'NONE', #1345, #1351 ) ;
#13 = VERTEX_POINT ( 'NONE', #1002 ) ;
#14 = CARTESIAN_POINT ( 'NONE',  ( 9.434188527763561538, -22.10826585277393974, 21.24973419186115819 ) ) ;
#15 = CARTESIAN_POINT ( 'NONE',  ( -1.930000000000008153, -28.59999999999999076, 29.99999999999996447 ) ) ;
#16 = EDGE_LOOP ( 'NONE', ( #2874, #1213, #4767, #3594 ) ) ;
#17 = CARTESIAN_POINT ( 'NONE',  ( 7.452921962420703927, -25.76188490628020133, 21.08324307674619291 ) ) ;
#18 = ORIENTED_EDGE ( 'NONE', *, *, #2637, .T. ) ;
#19 = DIRECTION ( 'NONE',  ( 0.000000000000000000, 0.4999999999999957256, -0.8660254037844411501 ) ) ;
#20 = CARTESIAN_POINT ( 'NONE',  ( -42.10000000000002274, 24.50000000000001066, 11.99000000000000021 ) ) ;
#21 = DIRECTION ( 'NONE',  ( 1.000000000000000000, 0.000000000000000000, -0.000000000000000000 ) ) ;
#22 = DIRECTION ( 'NONE',  ( -0.000000000000000000, -0.000000000000000000, -1.000000000000000000 ) ) ;
#23 = VERTEX_POINT ( 'NONE', #5341 ) ;
#24 = CARTESIAN_POINT ( 'NONE',  ( 12.91910604948889763, -27.02499059873532872, 21.28026372056572768 ) ) ;
#25 = ORIENTED_EDGE ( 'NONE', *, *, #2710, .F. ) ;
#26 = CARTESIAN_POINT ( 'NONE',  ( -37.91250000000002274, 19.05000000000000071, 26.99999999999999645 ) ) ;
#27 = DIRECTION ( 'NONE',  ( 0.000000000000000000, 0.000000000000000000, -1.000000000000000000 ) ) ;
#28 = DIRECTION ( 'NONE',  ( 0.000000000000000000, 0.000000000000000000, 1.000000000000000000 ) ) ;
#29 = EDGE_LOOP ( 'NONE', ( #2211, #3729, #4891 ) ) ;
#30 = DIRECTION ( 'NONE',  ( 1.000000000000000000, 0.000000000000000000, 0.000000000000000000 ) ) ;
#31 = LINE ( 'NONE', #4355, #167 ) ;
#32 = FACE_OUTER_BOUND ( 'NONE', #409, .T. ) ;
#33 = CARTESIAN_POINT ( 'NONE',  ( 13.29251175857375422, -26.84705882352939810, 22.99999999999996447 ) ) ;
#34 = EDGE_CURVE ( 'NONE', #4924, #3103, #3590, .T. ) ;
#35 = VERTEX_POINT ( 'NONE', #1543 ) ;
#36 = CYLINDRICAL_SURFACE ( 'NONE', #3700, 1.587500000000000355 ) ;
#37 = PLANE ( 'NONE',  #3584 ) ;
#38 = EDGE_CURVE ( 'NONE', #4147, #1838, #4127, .T. ) ;
#39 = LINE ( 'NONE', #1768, #3593 ) ;
#40 = DIRECTION ( 'NONE',  ( -1.000000000000000000, 0.000000000000000000, 0.000000000000000000 ) ) ;
#41 = CARTESIAN_POINT ( 'NONE',  ( -35.90978362017577297, 19.29609495294688415, 22.99999999999996447 ) ) ;
#42 = ORIENTED_EDGE ( 'NONE', *, *, #412, .F. ) ;
#43 = CARTESIAN_POINT ( 'NONE',  ( -42.08072428426552136, -8.488671877641214891, 21.57199390526429994 ) ) ;
#44 = DIRECTION ( 'NONE',  ( -0.000000000000000000, -0.000000000000000000, -1.000000000000000000 ) ) ;
#45 = DIRECTION ( 'NONE',  ( 1.000000000000000000, 0.000000000000000000, 0.000000000000000000 ) ) ;
#46 = ADVANCED_FACE ( 'NONE', ( #181 ), #5197, .F. ) ;
#47 = DIRECTION ( 'NONE',  ( -0.000000000000000000, -0.000000000000000000, -1.000000000000000000 ) ) ;
#48 = ORIENTED_EDGE ( 'NONE', *, *, #1466, .T. ) ;
#49 = FACE_OUTER_BOUND ( 'NONE', #778, .T. ) ;
#50 = ORIENTED_EDGE ( 'NONE', *, *, #1466, .F. ) ;
#51 = LINE ( 'NONE', #1328, #2077 ) ;
#52 = DIRECTION ( 'NONE',  ( -1.000000000000000000, 0.000000000000000000, 0.000000000000000000 ) ) ;
#53 = FACE_OUTER_BOUND ( 'NONE', #5031, .T. ) ;
#54 = ORIENTED_EDGE ( 'NONE', *, *, #1358, .F. ) ;
#55 = CARTESIAN_POINT ( 'NONE',  ( 7.369999999999985008, 28.60000000000000853, 22.29999999999996518 ) ) ;
#56 = CARTESIAN_POINT ( 'NONE',  ( -39.00000000000002132, 19.05000000000000071, 22.99999999999996447 ) ) ;
#57 = LINE ( 'NONE', #4382, #3241 ) ;
#58 = AXIS2_PLACEMENT_3D ( 'NONE', #7, #5034, #942 ) ;
#59 = DIRECTION ( 'NONE',  ( 1.000000000000000000, 0.000000000000000000, 0.000000000000000000 ) ) ;
#60 = CARTESIAN_POINT ( 'NONE',  ( 13.29251175857375422, -26.84705882352939810, 22.99999999999996447 ) ) ;
#61 = ORIENTED_EDGE ( 'NONE', *, *, #1167, .T. ) ;
#62 = AXIS2_PLACEMENT_3D ( 'NONE', #1521, #3300, #4963 ) ;
#63 = VECTOR ( 'NONE', #2948, 1000.000000000000000 ) ;
#64 = FACE_OUTER_BOUND ( 'NONE', #3893, .T. ) ;
#65 = DIRECTION ( 'NONE',  ( -0.000000000000000000, -0.000000000000000000, 1.000000000000000000 ) ) ;
#66 = CARTESIAN_POINT ( 'NONE',  ( -43.09999999999985931, 17.19801802500475318, 21.00000000000002842 ) ) ;
#67 = CIRCLE ( 'NONE', #2334, 5.000000000000000888 ) ;
#68 = AXIS2_PLACEMENT_3D ( 'NONE', #3025, #3055, #4720 ) ;
#69 = ORIENTED_EDGE ( 'NONE', *, *, #1186, .F. ) ;
#70 = EDGE_CURVE ( 'NONE', #948, #1277, #3944, .T. ) ;
#71 = CARTESIAN_POINT ( 'NONE',  ( 9.983118960624624449, -26.16999999999999460, 27.36243556529820253 ) ) ;
#72 = ORIENTED_EDGE ( 'NONE', *, *, #2471, .T. ) ;
#73 = TOROIDAL_SURFACE ( 'NONE', #2790, -3.525000000000000355, 5.000000000000000888 ) ;
#74 = DIRECTION ( 'NONE',  ( -0.000000000000000000, -0.000000000000000000, -1.000000000000000000 ) ) ;
#75 = DIRECTION ( 'NONE',  ( 0.000000000000000000, 0.000000000000000000, 1.000000000000000000 ) ) ;
#76 = FACE_OUTER_BOUND ( 'NONE', #2119, .T. ) ;
#77 = EDGE_CURVE ( 'NONE', #3409, #4276, #1239, .T. ) ;
#78 = CYLINDRICAL_SURFACE ( 'NONE', #2628, 3.099999999999998757 ) ;
#79 = VECTOR ( 'NONE', #3615, 1000.000000000000000 ) ;
#80 = ORIENTED_EDGE ( 'NONE', *, *, #4116, .T. ) ;
#81 = EDGE_CURVE ( 'NONE', #694, #4281, #635, .T. ) ;
#82 = CARTESIAN_POINT ( 'NONE',  ( -41.99494076977738644, 19.86655498439057510, 22.82316991476960766 ) ) ;
#83 = VERTEX_POINT ( 'NONE', #578 ) ;
#84 = DIRECTION ( 'NONE',  ( -0.000000000000000000, -0.000000000000000000, 1.000000000000000000 ) ) ;
#85 = EDGE_CURVE ( 'NONE', #4628, #903, #147, .T. ) ;
#86 = CARTESIAN_POINT ( 'NONE',  ( -32.00000000000002842, 27.86998864849433133, 28.69999999999996376 ) ) ;
#87 = DIRECTION ( 'NONE',  ( 0.000000000000000000, 0.000000000000000000, 1.000000000000000000 ) ) ;
#88 = EDGE_LOOP ( 'NONE', ( #5546, #389, #2627 ) ) ;
#89 = FACE_OUTER_BOUND ( 'NONE', #2035, .T. ) ;
#90 = VECTOR ( 'NONE', #3398, 1000.000000000000000 ) ;
#91 = DIRECTION ( 'NONE',  ( 0.000000000000000000, 0.000000000000000000, 1.000000000000000000 ) ) ;
#92 = CARTESIAN_POINT ( 'NONE',  ( 11.37068603938946332, -28.59999999999999076, 20.99999999999996447 ) ) ;
#93 = CIRCLE ( 'NONE', #4876, 4.100000000000034284 ) ;
#94 = DIRECTION ( 'NONE',  ( 1.000000000000000000, 0.000000000000000000, 0.000000000000000000 ) ) ;
#95 = CARTESIAN_POINT ( 'NONE',  ( 15.33833649107484298, 28.60000000000000853, 20.99999999999996447 ) ) ;
#96 = ORIENTED_EDGE ( 'NONE', *, *, #946, .F. ) ;
#97 = VECTOR ( 'NONE', #2917, 1000.000000000000000 ) ;
#98 = FACE_OUTER_BOUND ( 'NONE', #4793, .T. ) ;
#99 = CARTESIAN_POINT ( 'NONE',  ( 13.06999999999998607, 24.13000000000000966, 22.99999999999996447 ) ) ;
#100 = CARTESIAN_POINT ( 'NONE',  ( -41.53188638055177506, 17.26002402117662626, 21.12567980886427677 ) ) ;
#101 = VECTOR ( 'NONE', #1495, 1000.000000000000000 ) ;
#102 = ORIENTED_EDGE ( 'NONE', *, *, #4603, .F. ) ;
#103 = CARTESIAN_POINT ( 'NONE',  ( -35.36590431817993618, 16.50481128323929525, 20.99999999830520991 ) ) ;
#104 = VERTEX_POINT ( 'NONE', #2331 ) ;
#105 = AXIS2_PLACEMENT_3D ( 'NONE', #2593, #3443, #4431 ) ;
#106 = FACE_OUTER_BOUND ( 'NONE', #4459, .T. ) ;
#107 = FACE_OUTER_BOUND ( 'NONE', #326, .T. ) ;
#108 = DIRECTION ( 'NONE',  ( 0.000000000000000000, 0.000000000000000000, 1.000000000000000000 ) ) ;
#109 = DIRECTION ( 'NONE',  ( 1.000000000000000000, -4.336808689942017736E-16, 0.000000000000000000 ) ) ;
#110 = PRODUCT_DEFINITION ( 'UNKNOWN', '', #3634, #3599 ) ;
#111 = ORIENTED_EDGE ( 'NONE', *, *, #1186, .T. ) ;
#112 = LINE ( 'NONE', #3080, #708 ) ;
#113 = ORIENTED_EDGE ( 'NONE', *, *, #953, .T. ) ;
#114 = EDGE_CURVE ( 'NONE', #3128, #2333, #2592, .T. ) ;
#115 = FACE_OUTER_BOUND ( 'NONE', #3567, .T. ) ;
#116 = CARTESIAN_POINT ( 'NONE',  ( 0.000000000000000000, 27.86998864849433133, 29.99999999999996447 ) ) ;
#117 = DIRECTION ( 'NONE',  ( -1.000000000000000000, -0.000000000000000000, -0.000000000000000000 ) ) ;
#118 = EDGE_CURVE ( 'NONE', #3715, #5353, #5312, .T. ) ;
#119 = VERTEX_POINT ( 'NONE', #4103 ) ;
#120 = CARTESIAN_POINT ( 'NONE',  ( -24.00000000000002132, -27.86998864849432067, 28.69999999999996376 ) ) ;
#121 = DIRECTION ( 'NONE',  ( -0.000000000000000000, -0.000000000000000000, -1.000000000000000000 ) ) ;
#122 = DIRECTION ( 'NONE',  ( 1.000000000000000000, 0.000000000000000000, 0.000000000000000000 ) ) ;
#123 = CARTESIAN_POINT ( 'NONE',  ( 14.06480586917912845, 27.07108243103725798, 21.32639849972651191 ) ) ;
#124 = ORIENTED_EDGE ( 'NONE', *, *, #3347, .F. ) ;
#125 = FACE_OUTER_BOUND ( 'NONE', #5446, .T. ) ;
#126 = CARTESIAN_POINT ( 'NONE',  ( 11.79999999999999538, -24.12999999999998124, 24.99999999999998934 ) ) ;
#127 = CARTESIAN_POINT ( 'NONE',  ( -35.40000000000001990, -11.43906272075598984, 20.99999999999996447 ) ) ;
#128 = VERTEX_POINT ( 'NONE', #1029 ) ;
#129 = DIRECTION ( 'NONE',  ( 0.000000000000000000, 0.000000000000000000, -1.000000000000000000 ) ) ;
#130 = ORIENTED_EDGE ( 'NONE', *, *, #2305, .T. ) ;
#131 = CARTESIAN_POINT ( 'NONE',  ( -36.66502723746391723, -10.93958958616943633, 22.99999998027529458 ) ) ;
#132 = FACE_BOUND ( 'NONE', #4849, .T. ) ;
#133 = CARTESIAN_POINT ( 'NONE',  ( 0.000000000000000000, 0.000000000000000000, 0.000000000000000000 ) ) ;
#134 = CARTESIAN_POINT ( 'NONE',  ( -37.41250000000002274, 19.05000000000000071, 26.49999999999999645 ) ) ;
#135 = EDGE_LOOP ( 'NONE', ( #3213, #3329, #4920, #4987 ) ) ;
#136 = DIRECTION ( 'NONE',  ( -0.000000000000000000, -0.000000000000000000, -1.000000000000000000 ) ) ;
#137 = ORIENTED_EDGE ( 'NONE', *, *, #2398, .T. ) ;
#138 = DIRECTION ( 'NONE',  ( 1.000000000000000000, 0.000000000000000000, 0.000000000000000000 ) ) ;
#139 = CYLINDRICAL_SURFACE ( 'NONE', #199, 3.099999999999998757 ) ;
#140 = DIRECTION ( 'NONE',  ( -1.000000000000000000, -4.336808689942017736E-16, 0.000000000000000000 ) ) ;
#141 = VERTEX_POINT ( 'NONE', #2756 ) ;
#142 = CARTESIAN_POINT ( 'NONE',  ( 23.09999999999999432, -24.31770153782584387, 9.722050807568900055 ) ) ;
#143 = EDGE_CURVE ( 'NONE', #1034, #4628, #4046, .T. ) ;
#144 = FACE_OUTER_BOUND ( 'NONE', #5570, .T. ) ;
#145 = CARTESIAN_POINT ( 'NONE',  ( 16.16999999999998749, 24.13000000000000966, 24.99999999999999289 ) ) ;
#146 = CARTESIAN_POINT ( 'NONE',  ( 10.80046407184485169, 28.60000000000000853, 20.99999999999996447 ) ) ;
#147 = LINE ( 'NONE', #2307, #1876 ) ;
#148 = EDGE_CURVE ( 'NONE', #3072, #3190, #1085, .T. ) ;
#149 = ORIENTED_EDGE ( 'NONE', *, *, #318, .T. ) ;
#150 = AXIS2_PLACEMENT_3D ( 'NONE', #1248, #832, #2579 ) ;
#151 = CARTESIAN_POINT ( 'NONE',  ( 11.79999999999999538, -24.12999999999998124, 24.99999999999998934 ) ) ;
#152 = ADVANCED_FACE ( 'NONE', ( #2783 ), #1486, .T. ) ;
#153 = CARTESIAN_POINT ( 'NONE',  ( -41.58987712539254034, 17.33841188801169508, 22.99999998718951488 ) ) ;
#154 = EDGE_CURVE ( 'NONE', #5107, #3302, #156, .T. ) ;
#155 = VECTOR ( 'NONE', #5270, 1000.000000000000000 ) ;
#156 = CIRCLE ( 'NONE', #1603, 1.087499999999999911 ) ;
#157 = ORIENTED_EDGE ( 'NONE', *, *, #1298, .F. ) ;
#158 = CARTESIAN_POINT ( 'NONE',  ( -34.79166080521270743, 18.29688288010832764, 20.99999999813418938 ) ) ;
#159 = EDGE_LOOP ( 'NONE', ( #591, #1196, #4751, #2857 ) ) ;
#160 = CARTESIAN_POINT ( 'NONE',  ( -36.81176470588237493, -11.08582018789742918, 20.99999999999996092 ) ) ;
#161 = CARTESIAN_POINT ( 'NONE',  ( -39.00000000000002132, 24.50000000000001066, 1.650254037844406829 ) ) ;
#162 = TOROIDAL_SURFACE ( 'NONE', #5111, 1.087500000000000133, 0.5000000000000000000 ) ;
#163 = AXIS2_PLACEMENT_3D ( 'NONE', #5515, #4676, #4225 ) ;
#164 = DIRECTION ( 'NONE',  ( -1.000000000000000000, 0.000000000000000000, 0.000000000000000000 ) ) ;
#165 = ORIENTED_EDGE ( 'NONE', *, *, #3822, .T. ) ;
#166 = AXIS2_PLACEMENT_3D ( 'NONE', #934, #3587, #3533 ) ;
#167 = VECTOR ( 'NONE', #1398, 1000.000000000000000 ) ;
#168 = CARTESIAN_POINT ( 'NONE',  ( -39.00000000000000711, -8.890000000000005898, 22.99999999999996447 ) ) ;
#169 = ORIENTED_EDGE ( 'NONE', *, *, #3094, .T. ) ;
#170 = CARTESIAN_POINT ( 'NONE',  ( -24.00000000000002132, -26.86999999999999389, 22.29999999999996518 ) ) ;
#171 = CIRCLE ( 'NONE', #267, 1.999999999999999778 ) ;
#172 = FACE_BOUND ( 'NONE', #4070, .T. ) ;
#173 = ORIENTED_EDGE ( 'NONE', *, *, #1115, .F. ) ;
#174 = CARTESIAN_POINT ( 'NONE',  ( -33.30000000000002558, -25.57000000000000028, 20.99999999999996803 ) ) ;
#175 = TOROIDAL_SURFACE ( 'NONE', #5574, 1.087499999999998579, 0.5000000000000000000 ) ;
#176 = CARTESIAN_POINT ( 'NONE',  ( 12.05136787252778419, 27.06920556576442038, 22.96930390385000109 ) ) ;
#177 = PLANE ( 'NONE',  #1267 ) ;
#178 = CIRCLE ( 'NONE', #998, 3.099999999999998757 ) ;
#179 = EDGE_CURVE ( 'NONE', #4490, #5392, #881, .T. ) ;
#180 = CARTESIAN_POINT ( 'NONE',  ( 10.61457742944314120, 28.60000000000000853, 20.99999999999996447 ) ) ;
#181 = FACE_OUTER_BOUND ( 'NONE', #4859, .T. ) ;
#182 = ORIENTED_EDGE ( 'NONE', *, *, #4058, .F. ) ;
#183 = ADVANCED_FACE ( 'NONE', ( #4187 ), #4752, .F. ) ;
#184 = AXIS2_PLACEMENT_3D ( 'NONE', #2245, #3547, #3513 ) ;
#185 = CARTESIAN_POINT ( 'NONE',  ( 12.98796517921101312, -20.18119938043601636, 21.00000000290169666 ) ) ;
#186 = CARTESIAN_POINT ( 'NONE',  ( -41.82981210450819276, 17.77352350067047837, 22.92554117870871977 ) ) ;
#187 = EDGE_CURVE ( 'NONE', #3858, #2455, #1972, .T. ) ;
#188 = CARTESIAN_POINT ( 'NONE',  ( -35.89994526692394317, -9.021453818579779238, 21.56693473922891613 ) ) ;
#189 = AXIS2_PLACEMENT_3D ( 'NONE', #1702, #1368, #2236 ) ;
#190 = EDGE_CURVE ( 'NONE', #3831, #1190, #4160, .T. ) ;
#191 = ORIENTED_EDGE ( 'NONE', *, *, #1593, .F. ) ;
#192 = DIRECTION ( 'NONE',  ( -0.000000000000000000, -0.000000000000000000, -1.000000000000000000 ) ) ;
#193 = VERTEX_POINT ( 'NONE', #1113 ) ;
#194 = CARTESIAN_POINT ( 'NONE',  ( 11.79999999999999538, -24.12999999999998124, 26.49999999999999645 ) ) ;
#195 = FACE_OUTER_BOUND ( 'NONE', #88, .T. ) ;
#196 = AXIS2_PLACEMENT_3D ( 'NONE', #2742, #4458, #164 ) ;
#197 = CARTESIAN_POINT ( 'NONE',  ( 10.91396279211971709, 21.89578161816597301, 22.95963293685454332 ) ) ;
#198 = ORIENTED_EDGE ( 'NONE', *, *, #1198, .F. ) ;
#199 = AXIS2_PLACEMENT_3D ( 'NONE', #1330, #4439, #1393 ) ;
#200 = DIRECTION ( 'NONE',  ( 1.000000000000000000, 0.000000000000000000, 0.000000000000000000 ) ) ;
#201 = ORIENTED_EDGE ( 'NONE', *, *, #746, .T. ) ;
#202 = EDGE_CURVE ( 'NONE', #3323, #4568, #4486, .T. ) ;
#203 = CARTESIAN_POINT ( 'NONE',  ( -20.08688103937538827, -26.16999999999999815, 27.36243556529819543 ) ) ;
#204 = CARTESIAN_POINT ( 'NONE',  ( 10.90588866291541770, 21.90361468018435431, 22.96254170906314584 ) ) ;
#205 = CARTESIAN_POINT ( 'NONE',  ( -33.59059892324147256, 24.50000000000001066, 11.99000000000000021 ) ) ;
#206 = DIRECTION ( 'NONE',  ( -1.000000000000000000, 0.000000000000000000, 0.000000000000000000 ) ) ;
#207 = CARTESIAN_POINT ( 'NONE',  ( -24.00000000000002132, -28.59999999999999076, 22.29999999999996518 ) ) ;
#208 = CARTESIAN_POINT ( 'NONE',  ( -39.00000000000001421, -28.59999999999999787, 20.99999999999996447 ) ) ;
#209 = CARTESIAN_POINT ( 'NONE',  ( 6.069999999999985185, 28.60000000000000853, 29.99999999999996447 ) ) ;
#210 = CARTESIAN_POINT ( 'NONE',  ( 13.06999999999998607, 24.13000000000000966, 26.99999999999999645 ) ) ;
#211 = EDGE_LOOP ( 'NONE', ( #4018, #2375, #649, #4980 ) ) ;
#212 = CARTESIAN_POINT ( 'NONE',  ( 12.54876188222154099, -20.41878490178689276, 21.00000000399564826 ) ) ;
#213 = DIRECTION ( 'NONE',  ( 0.000000000000000000, 0.000000000000000000, 1.000000000000000000 ) ) ;
#214 = CARTESIAN_POINT ( 'NONE',  ( -35.40000000000001990, -7.086624775103415708, 20.99999999999996447 ) ) ;
#215 = VERTEX_POINT ( 'NONE', #1675 ) ;
#216 = EDGE_CURVE ( 'NONE', #141, #2868, #1293, .T. ) ;
#217 = LINE ( 'NONE', #4168, #4586 ) ;
#218 = ORIENTED_EDGE ( 'NONE', *, *, #2300, .T. ) ;
#219 = CARTESIAN_POINT ( 'NONE',  ( 11.03276397626326677, -21.12518161106683579, 22.03411337086894051 ) ) ;
#220 = APPLICATION_PROTOCOL_DEFINITION ( 'draft international standard', 'automotive_design', 1998, #2278 ) ;
#221 = ADVANCED_FACE ( 'NONE', ( #2522 ), #4981, .F. ) ;
#222 = CARTESIAN_POINT ( 'NONE',  ( 15.47131469110148849, 28.60000000000001208, 11.99000000000000021 ) ) ;
#223 = ORIENTED_EDGE ( 'NONE', *, *, #2837, .T. ) ;
#224 = CARTESIAN_POINT ( 'NONE',  ( 18.28815827391349202, -28.59999999999998721, 9.822041453417478252 ) ) ;
#225 = ORIENTED_EDGE ( 'NONE', *, *, #3679, .F. ) ;
#226 = EDGE_CURVE ( 'NONE', #2899, #809, #3989, .T. ) ;
#227 = CARTESIAN_POINT ( 'NONE',  ( -1.930000000000015037, 28.60000000000000853, 29.99999999999996447 ) ) ;
#228 = ORIENTED_EDGE ( 'NONE', *, *, #5008, .T. ) ;
#229 = CARTESIAN_POINT ( 'NONE',  ( 12.51455779672078883, 20.43682747753730311, 21.00000000199579375 ) ) ;
#230 = CARTESIAN_POINT ( 'NONE',  ( -41.49215686274511938, 20.89367951973018123, 22.99999999999996447 ) ) ;
#231 = EDGE_CURVE ( 'NONE', #3078, #4522, #747, .T. ) ;
#232 = CARTESIAN_POINT ( 'NONE',  ( 9.983118960624617344, 26.17000000000001236, 27.36243556529819543 ) ) ;
#233 = EDGE_LOOP ( 'NONE', ( #656, #2486, #4237, #5396 ) ) ;
#234 = CARTESIAN_POINT ( 'NONE',  ( 12.76586518592271879, 27.22986354539554554, 21.45460579731927098 ) ) ;
#235 = DIRECTION ( 'NONE',  ( 0.000000000000000000, 0.000000000000000000, -1.000000000000000000 ) ) ;
#236 = EDGE_LOOP ( 'NONE', ( #1860, #3487, #4885, #2229, #553 ) ) ;
#237 = CARTESIAN_POINT ( 'NONE',  ( 13.79903681524998227, -19.56789491946694071, 21.00000000060899907 ) ) ;
#238 = CARTESIAN_POINT ( 'NONE',  ( -35.90821489410011935, -9.155039353682074221, 21.56886905076469318 ) ) ;
#239 = ORIENTED_EDGE ( 'NONE', *, *, #4675, .F. ) ;
#240 = DIRECTION ( 'NONE',  ( -0.000000000000000000, -0.000000000000000000, -1.000000000000000000 ) ) ;
#241 = ORIENTED_EDGE ( 'NONE', *, *, #2047, .F. ) ;
#242 = DIRECTION ( 'NONE',  ( 1.000000000000000000, 0.000000000000000000, 0.000000000000000000 ) ) ;
#243 = FACE_OUTER_BOUND ( 'NONE', #1542, .T. ) ;
#244 = EDGE_CURVE ( 'NONE', #4887, #539, #2418, .T. ) ;
#245 = VECTOR ( 'NONE', #2894, 1000.000000000000000 ) ;
#246 = CARTESIAN_POINT ( 'NONE',  ( 16.16999999999998749, 24.13000000000000966, 24.99999999999999289 ) ) ;
#247 = EDGE_CURVE ( 'NONE', #3, #2413, #3229, .T. ) ;
#248 = ORIENTED_EDGE ( 'NONE', *, *, #2916, .T. ) ;
#249 = DIRECTION ( 'NONE',  ( 0.000000000000000000, -1.000000000000000000, 0.000000000000000000 ) ) ;
#250 = VERTEX_POINT ( 'NONE', #1619 ) ;
#251 = VECTOR ( 'NONE', #840, 1000.000000000000000 ) ;
#252 = DIRECTION ( 'NONE',  ( 0.000000000000000000, 1.000000000000000000, -0.000000000000000000 ) ) ;
#253 = AXIS2_PLACEMENT_3D ( 'NONE', #4500, #2365, #3234 ) ;
#254 = EDGE_CURVE ( 'NONE', #3554, #3159, #4666, .T. ) ;
#255 = EDGE_CURVE ( 'NONE', #1024, #2342, #2239, .T. ) ;
#256 = ADVANCED_FACE ( 'NONE', ( #1197, #2925 ), #3374, .T. ) ;
#257 = CARTESIAN_POINT ( 'NONE',  ( 7.335868442488465035, -26.06003924827104257, 21.13037270254745792 ) ) ;
#258 = CIRCLE ( 'NONE', #5566, 0.8051270189222102802 ) ;
#259 = ORIENTED_EDGE ( 'NONE', *, *, #1530, .T. ) ;
#260 = AXIS2_PLACEMENT_3D ( 'NONE', #3247, #4962, #3697 ) ;
#261 = EDGE_CURVE ( 'NONE', #2455, #3858, #5563, .T. ) ;
#262 = CARTESIAN_POINT ( 'NONE',  ( -24.00000000000002132, -26.86999999999999389, 22.29999999999996518 ) ) ;
#263 = AXIS2_PLACEMENT_3D ( 'NONE', #1128, #2913, #4932 ) ;
#264 = CARTESIAN_POINT ( 'NONE',  ( -1.930000000000008153, -27.86998864849432422, 29.99999999999996447 ) ) ;
#265 = DIRECTION ( 'NONE',  ( -0.000000000000000000, -0.000000000000000000, -1.000000000000000000 ) ) ;
#266 = CARTESIAN_POINT ( 'NONE',  ( -38.99999999999997868, -24.49999999999995737, 20.99999999999996447 ) ) ;
#267 = AXIS2_PLACEMENT_3D ( 'NONE', #2343, #4589, #5453 ) ;
#268 = VERTEX_POINT ( 'NONE', #5560 ) ;
#269 = CARTESIAN_POINT ( 'NONE',  ( -39.00000000000002842, 28.60000000000000142, 108.4887421329166983 ) ) ;
#270 = CYLINDRICAL_SURFACE ( 'NONE', #3140, 1.299999999999999156 ) ;
#271 = VECTOR ( 'NONE', #1827, 1000.000000000000000 ) ;
#272 = ADVANCED_BREP_SHAPE_REPRESENTATION ( 'Arduino Platform', ( #2890, #3450 ), #3090 ) ;
#273 = CARTESIAN_POINT ( 'NONE',  ( -42.10000000000002274, 19.05000000000000071, 24.99999999999996803 ) ) ;
#274 = ORIENTED_EDGE ( 'NONE', *, *, #4635, .F. ) ;
#275 = CIRCLE ( 'NONE', #3518, 1.300000000000002487 ) ;
#276 = CARTESIAN_POINT ( 'NONE',  ( -24.00000000000002132, -26.86999999999999389, 29.99999999999996447 ) ) ;
#277 = VERTEX_POINT ( 'NONE', #855 ) ;
#278 = DIRECTION ( 'NONE',  ( -0.000000000000000000, -0.000000000000000000, -1.000000000000000000 ) ) ;
#279 = CARTESIAN_POINT ( 'NONE',  ( -41.99471764883601566, 18.23268973229853174, 22.82332957824198161 ) ) ;
#280 = CIRCLE ( 'NONE', #2, 5.100000000000000533 ) ;
#281 = CARTESIAN_POINT ( 'NONE',  ( 20.96214168703486180, -26.89999999999997726, 4.651666049839564998 ) ) ;
#282 = ORIENTED_EDGE ( 'NONE', *, *, #1923, .F. ) ;
#283 = CARTESIAN_POINT ( 'NONE',  ( 15.70985824304512946, -28.59999999999998010, 11.72047934387236268 ) ) ;
#284 = ORIENTED_EDGE ( 'NONE', *, *, #4941, .T. ) ;
#285 = AXIS2_PLACEMENT_3D ( 'NONE', #2386, #87, #1106 ) ;
#286 = DIRECTION ( 'NONE',  ( 0.000000000000000000, -0.000000000000000000, 1.000000000000000000 ) ) ;
#287 = DIRECTION ( 'NONE',  ( 1.000000000000000000, 0.000000000000000000, 0.000000000000000000 ) ) ;
#288 = CIRCLE ( 'NONE', #3270, 5.100000000000000533 ) ;
#289 = ORIENTED_EDGE ( 'NONE', *, *, #247, .T. ) ;
#290 = EDGE_CURVE ( 'NONE', #297, #1360, #3142, .T. ) ;
#291 = CARTESIAN_POINT ( 'NONE',  ( 11.85406596748936892, 20.68975821787281433, 20.99999999620245816 ) ) ;
#292 = ADVANCED_FACE ( 'NONE', ( #89 ), #617, .F. ) ;
#293 = CIRCLE ( 'NONE', #3445, 3.099999999999998757 ) ;
#294 = DIRECTION ( 'NONE',  ( 0.5000000000000031086, 0.000000000000000000, 0.8660254037844368202 ) ) ;
#295 = EDGE_CURVE ( 'NONE', #474, #1588, #3847, .T. ) ;
#296 = CARTESIAN_POINT ( 'NONE',  ( 18.99999999999998224, 28.60000000000001208, 108.4887421329166983 ) ) ;
#297 = VERTEX_POINT ( 'NONE', #1704 ) ;
#298 = CARTESIAN_POINT ( 'NONE',  ( 15.47499999999998899, -24.49999999999998934, 1.650254037844406829 ) ) ;
#299 = VERTEX_POINT ( 'NONE', #4353 ) ;
#300 = CARTESIAN_POINT ( 'NONE',  ( 11.20082141398001951, -20.83691833818242145, 20.99999999874049195 ) ) ;
#301 = LINE ( 'NONE', #664, #2873 ) ;
#302 = EDGE_CURVE ( 'NONE', #579, #1277, #2597, .T. ) ;
#303 = DIRECTION ( 'NONE',  ( -0.000000000000000000, -0.000000000000000000, -1.000000000000000000 ) ) ;
#304 = ORIENTED_EDGE ( 'NONE', *, *, #3488, .T. ) ;
#305 = CARTESIAN_POINT ( 'NONE',  ( 13.06999999999998607, 24.13000000000000966, 20.99999999999996803 ) ) ;
#306 = ORIENTED_EDGE ( 'NONE', *, *, #2847, .T. ) ;
#307 = CARTESIAN_POINT ( 'NONE',  ( 13.06999999999998607, 24.13000000000000966, 26.99999999999999645 ) ) ;
#308 = CARTESIAN_POINT ( 'NONE',  ( 23.10000000000002984, -26.89999999999997726, 4.651666049839564998 ) ) ;
#309 = LINE ( 'NONE', #4515, #2725 ) ;
#310 = ORIENTED_EDGE ( 'NONE', *, *, #3013, .T. ) ;
#311 = CARTESIAN_POINT ( 'NONE',  ( -33.30000000000003268, 25.57000000000001450, 20.99999999999996803 ) ) ;
#312 = ORIENTED_EDGE ( 'NONE', *, *, #2594, .F. ) ;
#313 = DIRECTION ( 'NONE',  ( -1.000000000000000000, 0.000000000000000000, 0.000000000000000000 ) ) ;
#314 = DIRECTION ( 'NONE',  ( 0.000000000000000000, 0.000000000000000000, 1.000000000000000000 ) ) ;
#315 = ORIENTED_EDGE ( 'NONE', *, *, #3571, .T. ) ;
#316 = CARTESIAN_POINT ( 'NONE',  ( 13.75374707591482171, 21.10634493763295794, 22.99999999999996447 ) ) ;
#317 = DIRECTION ( 'NONE',  ( 0.000000000000000000, 0.000000000000000000, 1.000000000000000000 ) ) ;
#318 = EDGE_CURVE ( 'NONE', #5011, #1209, #4294, .T. ) ;
#319 = FACE_OUTER_BOUND ( 'NONE', #2667, .T. ) ;
#320 = EDGE_LOOP ( 'NONE', ( #1518, #1661, #1018, #2841, #1475, #880 ) ) ;
#321 = ADVANCED_FACE ( 'NONE', ( #4273 ), #2661, .T. ) ;
#322 = CARTESIAN_POINT ( 'NONE',  ( -24.00000000000002842, 26.17000000000001236, 27.36243556529819543 ) ) ;
#323 = CARTESIAN_POINT ( 'NONE',  ( -24.00000000000002842, 27.86998864849433133, 29.99999999999996447 ) ) ;
#324 = DIRECTION ( 'NONE',  ( 0.000000000000000000, 0.000000000000000000, 1.000000000000000000 ) ) ;
#325 = EDGE_CURVE ( 'NONE', #5514, #539, #1067, .T. ) ;
#326 = EDGE_LOOP ( 'NONE', ( #2829, #2850, #248, #492 ) ) ;
#327 =( NAMED_UNIT ( * ) SI_UNIT ( $, .STERADIAN. ) SOLID_ANGLE_UNIT ( ) );
#328 = ORIENTED_EDGE ( 'NONE', *, *, #5250, .F. ) ;
#329 = ADVANCED_FACE ( 'NONE', ( #5223 ), #4695, .T. ) ;
#330 = CARTESIAN_POINT ( 'NONE',  ( 9.901180111659085625, -21.64292139633030843, 21.55367840192581141 ) ) ;
#331 = DIRECTION ( 'NONE',  ( -0.000000000000000000, -0.000000000000000000, -1.000000000000000000 ) ) ;
#332 = ORIENTED_EDGE ( 'NONE', *, *, #3713, .T. ) ;
#333 = CARTESIAN_POINT ( 'NONE',  ( 7.013922113188745477, -26.04234084267262261, 21.08636492967178455 ) ) ;
#334 = EDGE_LOOP ( 'NONE', ( #2564, #5066, #1697, #3703 ) ) ;
#335 = CARTESIAN_POINT ( 'NONE',  ( 23.10000000000001563, 26.90000000000001990, 4.651666049839564998 ) ) ;
#336 = CIRCLE ( 'NONE', #3485, 4.100000000000034284 ) ;
#337 = CARTESIAN_POINT ( 'NONE',  ( 7.956749433970034424, -25.96807407149449531, 21.34467709246262501 ) ) ;
#338 = ORIENTED_EDGE ( 'NONE', *, *, #154, .T. ) ;
#339 = VECTOR ( 'NONE', #44, 1000.000000000000000 ) ;
#340 = AXIS2_PLACEMENT_3D ( 'NONE', #1938, #1510, #662 ) ;
#341 = CARTESIAN_POINT ( 'NONE',  ( 11.57055017196311475, 21.38885727731832276, 21.58111779101789196 ) ) ;
#342 = CARTESIAN_POINT ( 'NONE',  ( 15.71008536206960216, 28.60000000000000142, 11.72022273132508907 ) ) ;
#343 = AXIS2_PLACEMENT_3D ( 'NONE', #3293, #3317, #5369 ) ;
#344 = DIRECTION ( 'NONE',  ( -0.000000000000000000, -0.000000000000000000, -1.000000000000000000 ) ) ;
#345 = VERTEX_POINT ( 'NONE', #462 ) ;
#346 = DIRECTION ( 'NONE',  ( 1.000000000000000000, 0.000000000000000000, 0.000000000000000000 ) ) ;
#347 = AXIS2_PLACEMENT_3D ( 'NONE', #904, #5551, #2099 ) ;
#348 = CARTESIAN_POINT ( 'NONE',  ( -1.930000000000015037, 28.60000000000000853, 22.29999999999996518 ) ) ;
#349 = CARTESIAN_POINT ( 'NONE',  ( -35.90000000000001279, -24.49999999999998934, 7.989999999999985114 ) ) ;
#350 = EDGE_CURVE ( 'NONE', #4276, #2175, #2636, .T. ) ;
#351 = CARTESIAN_POINT ( 'NONE',  ( -20.08688103937539537, 26.61348673097529982, 29.03347103513043947 ) ) ;
#352 = AXIS2_PLACEMENT_3D ( 'NONE', #5047, #3754, #1606 ) ;
#353 = ADVANCED_FACE ( 'NONE', ( #2184 ), #1307, .T. ) ;
#354 = EDGE_LOOP ( 'NONE', ( #4029, #3156 ) ) ;
#355 = CARTESIAN_POINT ( 'NONE',  ( 6.907515968344744905, -26.11281830692582062, 21.11875138702038512 ) ) ;
#356 = ORIENTED_EDGE ( 'NONE', *, *, #458, .T. ) ;
#357 = AXIS2_PLACEMENT_3D ( 'NONE', #4291, #2575, #1670 ) ;
#358 = CARTESIAN_POINT ( 'NONE',  ( 10.16084020496432494, -20.89999999999985647, 20.99999999999974420 ) ) ;
#359 = EDGE_CURVE ( 'NONE', #2395, #3578, #5138, .T. ) ;
#360 = EDGE_CURVE ( 'NONE', #584, #702, #2608, .T. ) ;
#361 = CARTESIAN_POINT ( 'NONE',  ( 10.78075758012803043, -27.06908128648129974, 22.96936210326459360 ) ) ;
#362 = CIRCLE ( 'NONE', #5224, 3.099999999999998757 ) ;
#363 = ORIENTED_EDGE ( 'NONE', *, *, #3934, .T. ) ;
#364 = ADVANCED_FACE ( 'NONE', ( #3394 ), #2126, .T. ) ;
#365 = CARTESIAN_POINT ( 'NONE',  ( -36.56198823134732123, 17.13529411764863397, 22.95733048496655471 ) ) ;
#366 = ORIENTED_EDGE ( 'NONE', *, *, #1665, .T. ) ;
#367 = CARTESIAN_POINT ( 'NONE',  ( -43.10000000000001563, -9.430261412352461292, 20.99999999999996447 ) ) ;
#368 = VECTOR ( 'NONE', #1083, 1000.000000000000000 ) ;
#369 = DIRECTION ( 'NONE',  ( 0.000000000000000000, 0.000000000000000000, -1.000000000000000000 ) ) ;
#370 = CARTESIAN_POINT ( 'NONE',  ( 6.757570510300967115, -26.37664738842695655, 20.91687241554337007 ) ) ;
#371 = ORIENTED_EDGE ( 'NONE', *, *, #1766, .T. ) ;
#372 = AXIS2_PLACEMENT_3D ( 'NONE', #770, #2922, #2492 ) ;
#373 = CARTESIAN_POINT ( 'NONE',  ( 14.06953592815455956, -28.59999999999999076, 20.99999999999996447 ) ) ;
#374 = DIRECTION ( 'NONE',  ( 0.000000000000000000, -0.4275913391174968048, -0.9039721493009094111 ) ) ;
#375 = VECTOR ( 'NONE', #4179, 1000.000000000000000 ) ;
#376 = CARTESIAN_POINT ( 'NONE',  ( -43.10000000000002274, 21.97078389379362306, 10.95639735873631437 ) ) ;
#377 = ORIENTED_EDGE ( 'NONE', *, *, #774, .F. ) ;
#378 = CARTESIAN_POINT ( 'NONE',  ( 18.99999999999998224, 24.50000000000001066, 1.650254037844406829 ) ) ;
#379 = AXIS2_PLACEMENT_3D ( 'NONE', #877, #2298, #1418 ) ;
#380 = LINE ( 'NONE', #2078, #621 ) ;
#381 = CARTESIAN_POINT ( 'NONE',  ( -1.930000000000007709, -27.86998864849432422, 29.99999999999996447 ) ) ;
#382 = CARTESIAN_POINT ( 'NONE',  ( 22.09999999999998010, 24.50000000000001066, 11.99000000000000021 ) ) ;
#383 = VERTEX_POINT ( 'NONE', #3924 ) ;
#384 = ORIENTED_EDGE ( 'NONE', *, *, #4701, .F. ) ;
#385 = ADVANCED_FACE ( 'NONE', ( #1372 ), #5190, .F. ) ;
#386 = DIRECTION ( 'NONE',  ( 0.4999999999999950595, 6.123233995736705639E-17, -0.8660254037844414832 ) ) ;
#387 = DIRECTION ( 'NONE',  ( 1.000000000000000000, 0.000000000000000000, 0.000000000000000000 ) ) ;
#388 = FACE_BOUND ( 'NONE', #1858, .T. ) ;
#389 = ORIENTED_EDGE ( 'NONE', *, *, #4087, .T. ) ;
#390 = EDGE_CURVE ( 'NONE', #128, #2489, #4534, .T. ) ;
#391 = DIRECTION ( 'NONE',  ( -1.000000000000000000, 0.000000000000000000, 0.000000000000000000 ) ) ;
#392 = EDGE_LOOP ( 'NONE', ( #4672, #5091 ) ) ;
#393 = CARTESIAN_POINT ( 'NONE',  ( -43.10000000000001563, -8.348913867399893718, 20.99999999999996447 ) ) ;
#394 = EDGE_CURVE ( 'NONE', #4509, #1686, #4121, .T. ) ;
#395 = DIRECTION ( 'NONE',  ( -0.000000000000000000, -0.000000000000000000, -1.000000000000000000 ) ) ;
#396 = FACE_OUTER_BOUND ( 'NONE', #3431, .T. ) ;
#397 = EDGE_LOOP ( 'NONE', ( #5184, #1748, #2503, #5278 ) ) ;
#398 = DIRECTION ( 'NONE',  ( -0.000000000000000000, -0.000000000000000000, -1.000000000000000000 ) ) ;
#399 = VERTEX_POINT ( 'NONE', #4443 ) ;
#400 = CARTESIAN_POINT ( 'NONE',  ( -32.00000000000002132, -28.59999999999999076, 22.29999999999996518 ) ) ;
#401 =( BOUNDED_CURVE ( )  B_SPLINE_CURVE ( 3, ( #1758, #2659, #3476, #910 ),
 .UNSPECIFIED., .F., .F. ) 
 B_SPLINE_CURVE_WITH_KNOTS ( ( 4, 4 ),
 ( 4.712388980384689674, 6.283185307179586232 ),
 .UNSPECIFIED. ) 
 CURVE ( )  GEOMETRIC_REPRESENTATION_ITEM ( )  RATIONAL_B_SPLINE_CURVE ( ( 1.000000000000000000, 0.8047378541243649375, 0.8047378541243649375, 1.000000000000000000 ) ) 
 REPRESENTATION_ITEM ( '' )  );
#402 = CARTESIAN_POINT ( 'NONE',  ( 13.38749999999999574, -24.12999999999998124, 26.99999999999999645 ) ) ;
#403 = ORIENTED_EDGE ( 'NONE', *, *, #1733, .T. ) ;
#404 = DIRECTION ( 'NONE',  ( 0.000000000000000000, -0.000000000000000000, -1.000000000000000000 ) ) ;
#405 = CARTESIAN_POINT ( 'NONE',  ( 6.283124458941446555, -26.65687554105854318, 21.58676682757407761 ) ) ;
#406 = DIRECTION ( 'NONE',  ( -0.000000000000000000, -0.000000000000000000, -1.000000000000000000 ) ) ;
#407 = DIRECTION ( 'NONE',  ( 0.000000000000000000, 0.8660254037844415942, -0.4999999999999948930 ) ) ;
#408 = ORIENTED_EDGE ( 'NONE', *, *, #5205, .F. ) ;
#409 = EDGE_LOOP ( 'NONE', ( #1371, #3353, #3887, #3707 ) ) ;
#410 = CARTESIAN_POINT ( 'NONE',  ( 8.025858777222309115, -20.89999999999999147, 20.99999999999996447 ) ) ;
#411 = DIRECTION ( 'NONE',  ( -1.000000000000000000, 0.000000000000000000, 0.000000000000000000 ) ) ;
#412 = EDGE_CURVE ( 'NONE', #35, #3385, #895, .T. ) ;
#413 = EDGE_LOOP ( 'NONE', ( #2409, #718, #3740, #815 ) ) ;
#414 = CARTESIAN_POINT ( 'NONE',  ( -36.59023663465830367, 17.08089070633815254, 21.38792633574889379 ) ) ;
#415 = VERTEX_POINT ( 'NONE', #2806 ) ;
#416 = CARTESIAN_POINT ( 'NONE',  ( -43.09999999999985221, -7.550186080117160969, 21.00000000000002842 ) ) ;
#417 = LINE ( 'NONE', #763, #650 ) ;
#418 = EDGE_CURVE ( 'NONE', #481, #2584, #4308, .T. ) ;
#419 = CYLINDRICAL_SURFACE ( 'NONE', #2993, 4.100000000000006750 ) ;
#420 = ORIENTED_EDGE ( 'NONE', *, *, #5259, .T. ) ;
#421 = DIRECTION ( 'NONE',  ( -1.000000000000000000, 0.000000000000000000, 0.000000000000000000 ) ) ;
#422 = ORIENTED_EDGE ( 'NONE', *, *, #3424, .T. ) ;
#423 = EDGE_CURVE ( 'NONE', #1838, #4147, #5386, .T. ) ;
#424 = CIRCLE ( 'NONE', #4497, 3.099999999999998757 ) ;
#425 = PLANE ( 'NONE',  #4322 ) ;
#426 = EDGE_CURVE ( 'NONE', #1292, #3388, #1504, .T. ) ;
#427 = DIRECTION ( 'NONE',  ( 1.000000000000000000, 0.000000000000000000, 0.000000000000000000 ) ) ;
#428 = ORIENTED_EDGE ( 'NONE', *, *, #1211, .T. ) ;
#429 = CIRCLE ( 'NONE', #3494, 5.000000000000000000 ) ;
#430 = DIRECTION ( 'NONE',  ( -1.000000000000000000, 0.000000000000000000, 0.000000000000000000 ) ) ;
#431 = TOROIDAL_SURFACE ( 'NONE', #5561, -3.525000000000000355, 5.000000000000000888 ) ;
#432 = CARTESIAN_POINT ( 'NONE',  ( -1.930000000000015037, 26.87000000000001165, 22.29999999999996518 ) ) ;
#433 = AXIS2_PLACEMENT_3D ( 'NONE', #1933, #574, #4414 ) ;
#434 = CARTESIAN_POINT ( 'NONE',  ( 13.38749999999999574, -24.12999999999998124, 26.49999999999999645 ) ) ;
#435 =( BOUNDED_SURFACE ( )  B_SPLINE_SURFACE ( 3, 2, ( 
 ( #4025, #160, #4850 ),
 ( #131, #3581, #4986 ),
 ( #3186, #4052, #4453 ),
 ( #4082, #2845, #127 ),
 ( #3640, #1118, #3663 ),
 ( #2761, #607, #640 ),
 ( #1092, #3577, #5370 ),
 ( #2339, #4508, #4474 ),
 ( #4957, #1918, #3154 ),
 ( #1857, #238, #1033 ),
 ( #2311, #188, #5345 ),
 ( #5289, #2735, #4900 ),
 ( #4874, #1434, #2822 ),
 ( #5400, #4559, #4537 ),
 ( #1008, #3274, #1970 ),
 ( #1942, #4923, #691 ),
 ( #2789, #2373, #214 ),
 ( #582, #4021, #1515 ),
 ( #1886, #3240, #3612 ),
 ( #1490, #5318, #3995 ),
 ( #1463, #3211, #666 ),
 ( #1059, #2399, #4107 ) ),
 .UNSPECIFIED., .F., .F., .T. ) 
 B_SPLINE_SURFACE_WITH_KNOTS ( ( 4, 2, 2, 2, 2, 2, 2, 2, 2, 2, 4 ),
 ( 3, 3 ),
 ( 0.003453949382055420715, 0.004476249824189195911, 0.005498550266322970240, 0.006520850708456744568, 0.007032000929523631733, 0.007543151150590518897, 0.008565451592724293226, 0.009076601813791180390, 0.009587752034858067554, 0.01061005247699184188, 0.01163235291912561621 ),
 ( 0.000000000000000000, 1.000000000000000000 ),
 .UNSPECIFIED. ) 
 GEOMETRIC_REPRESENTATION_ITEM ( )  RATIONAL_B_SPLINE_SURFACE ( (
 ( 1.000000000000000000, 0.7071067811865476838, 1.000000000000000000),
 ( 1.000000000000000000, 0.7372955014116668870, 1.000000000000000000),
 ( 1.000000000000000000, 0.7680024959360228776, 1.000000000000000000),
 ( 1.000000000000000000, 0.8242225869046192477, 1.000000000000000000),
 ( 1.000000000000000000, 0.8490238321473042582, 1.000000000000000000),
 ( 1.000000000000000000, 0.8903112909390504814, 1.000000000000000000),
 ( 1.000000000000000000, 0.9069475501198956957, 1.000000000000000000),
 ( 1.000000000000000000, 0.9238123352267683108, 1.000000000000000000),
 ( 1.000000000000000000, 0.9281137918989307289, 1.000000000000000000),
 ( 1.000000000000000000, 0.9339214544756729852, 1.000000000000000000),
 ( 1.000000000000000000, 0.9354243737312069040, 1.000000000000000000),
 ( 1.000000000000000000, 0.9353941392392298715, 1.000000000000000000),
 ( 1.000000000000000000, 0.9294600638691876693, 1.000000000000000000),
 ( 1.000000000000000000, 0.9125271713799413265, 1.000000000000000000),
 ( 1.000000000000000000, 0.9055178107638105489, 1.000000000000000000),
 ( 1.000000000000000000, 0.8892859203943451751, 1.000000000000000000),
 ( 1.000000000000000000, 0.8800318186991209490, 1.000000000000000000),
 ( 1.000000000000000000, 0.8491410702398805022, 1.000000000000000000),
 ( 1.000000000000000000, 0.8242185326855862026, 1.000000000000000000),
 ( 1.000000000000000000, 0.7680662888554046219, 1.000000000000000000),
 ( 1.000000000000000000, 0.7375420000728818426, 1.000000000000000000),
 ( 1.000000000000000000, 0.7071067811865473507, 1.000000000000000000) ) ) 
 REPRESENTATION_ITEM ( '' )  SURFACE ( )  );
#436 = LINE ( 'NONE', #489, #1364 ) ;
#437 = VECTOR ( 'NONE', #1899, 1000.000000000000000 ) ;
#438 = CIRCLE ( 'NONE', #514, 1.475000000000000533 ) ;
#439 = EDGE_LOOP ( 'NONE', ( #5017, #1207, #1786, #3017 ) ) ;
#440 = CARTESIAN_POINT ( 'NONE',  ( -37.61965835994308094, -28.59999999999999076, 10.09295229853783482 ) ) ;
#441 = EDGE_LOOP ( 'NONE', ( #956, #2146, #5526, #1996 ) ) ;
#442 = FACE_OUTER_BOUND ( 'NONE', #211, .T. ) ;
#443 = CARTESIAN_POINT ( 'NONE',  ( 18.99999999999998224, 24.50000000000001066, -0.01000000000000002623 ) ) ;
#444 = CIRCLE ( 'NONE', #1799, 3.099999999999998757 ) ;
#445 = ORIENTED_EDGE ( 'NONE', *, *, #3982, .T. ) ;
#446 = CIRCLE ( 'NONE', #3870, 1.587499999999998579 ) ;
#447 = PLANE ( 'NONE',  #4501 ) ;
#448 = EDGE_LOOP ( 'NONE', ( #866, #1343, #729, #5005 ) ) ;
#449 = CARTESIAN_POINT ( 'NONE',  ( -43.10000000000001563, -6.076111089999810311, 20.99999999999996447 ) ) ;
#450 = DIRECTION ( 'NONE',  ( 0.000000000000000000, 0.000000000000000000, 1.000000000000000000 ) ) ;
#451 = DIRECTION ( 'NONE',  ( 1.000000000000000000, 0.000000000000000000, 0.000000000000000000 ) ) ;
#452 = CARTESIAN_POINT ( 'NONE',  ( 23.10000000000002984, -27.99999999999997868, 2.746410161513770376 ) ) ;
#453 = ORIENTED_EDGE ( 'NONE', *, *, #2710, .T. ) ;
#454 = CYLINDRICAL_SURFACE ( 'NONE', #978, 1.475000000000000533 ) ;
#455 = ORIENTED_EDGE ( 'NONE', *, *, #908, .F. ) ;
#456 = PLANE ( 'NONE',  #5484 ) ;
#457 = FACE_OUTER_BOUND ( 'NONE', #1175, .T. ) ;
#458 = EDGE_CURVE ( 'NONE', #3563, #948, #997, .T. ) ;
#459 = CARTESIAN_POINT ( 'NONE',  ( 10.39999999999998614, -15.89999999999998970, 108.4887421329166983 ) ) ;
#460 = AXIS2_PLACEMENT_3D ( 'NONE', #4035, #5277, #3592 ) ;
#461 = ORIENTED_EDGE ( 'NONE', *, *, #3002, .T. ) ;
#462 = CARTESIAN_POINT ( 'NONE',  ( -36.81176470588236782, -6.694179812102577287, 22.99999999999996447 ) ) ;
#463 = EDGE_CURVE ( 'NONE', #5360, #1360, #3046, .T. ) ;
#464 = CARTESIAN_POINT ( 'NONE',  ( 18.99999999999998934, -24.49999999999998934, 7.990000000000032188 ) ) ;
#465 = CARTESIAN_POINT ( 'NONE',  ( 15.89999999999998970, -24.49999999999998934, -0.01000000000000002623 ) ) ;
#466 = CIRCLE ( 'NONE', #1641, 3.099999999999998757 ) ;
#467 = ORIENTED_EDGE ( 'NONE', *, *, #2437, .T. ) ;
#468 = CARTESIAN_POINT ( 'NONE',  ( 9.983118960624617344, 26.17000000000001236, 27.36243556529819543 ) ) ;
#469 = CARTESIAN_POINT ( 'NONE',  ( 13.06999999999998607, 24.13000000000000966, 24.99999999999999289 ) ) ;
#470 = CARTESIAN_POINT ( 'NONE',  ( 8.150358959551269322, -25.31633929982983133, 21.44874843929642694 ) ) ;
#471 = CIRCLE ( 'NONE', #654, 1.087499999999999911 ) ;
#472 = DIRECTION ( 'NONE',  ( -1.224646799147353207E-16, 1.000000000000000000, 0.000000000000000000 ) ) ;
#473 = CARTESIAN_POINT ( 'NONE',  ( -34.07141106669440944, 19.29670174599041488, 21.00000000071093353 ) ) ;
#474 = VERTEX_POINT ( 'NONE', #1025 ) ;
#475 = CARTESIAN_POINT ( 'NONE',  ( -41.89304469011983656, -7.764324481301813741, 22.89031361160084899 ) ) ;
#476 = DIRECTION ( 'NONE',  ( -1.000000000000000000, 0.000000000000000000, 0.000000000000000000 ) ) ;
#477 = CARTESIAN_POINT ( 'NONE',  ( -35.91433099094983561, 18.70743811133639767, 22.89977413983267596 ) ) ;
#478 = DIRECTION ( 'NONE',  ( 1.000000000000000000, -0.000000000000000000, -0.000000000000000000 ) ) ;
#479 = ORIENTED_EDGE ( 'NONE', *, *, #5447, .F. ) ;
#480 = DIRECTION ( 'NONE',  ( 1.000000000000000000, 0.000000000000000000, 0.000000000000000000 ) ) ;
#481 = VERTEX_POINT ( 'NONE', #2751 ) ;
#482 = CARTESIAN_POINT ( 'NONE',  ( 18.99999999999998224, 24.50000000000001066, 11.99000000000000021 ) ) ;
#483 = DIRECTION ( 'NONE',  ( 0.000000000000000000, 0.2565161808695954893, 0.9665399365531033293 ) ) ;
#484 = CARTESIAN_POINT ( 'NONE',  ( -32.00000000000002132, -26.86999999999999744, 29.99999999999996447 ) ) ;
#485 = VERTEX_POINT ( 'NONE', #4467 ) ;
#486 = CARTESIAN_POINT ( 'NONE',  ( -20.08688103937539537, 26.87000000000001165, 26.14999999999996660 ) ) ;
#487 = DIRECTION ( 'NONE',  ( 0.000000000000000000, 0.000000000000000000, -1.000000000000000000 ) ) ;
#488 = DIRECTION ( 'NONE',  ( -1.000000000000000000, -0.000000000000000000, -0.000000000000000000 ) ) ;
#489 = CARTESIAN_POINT ( 'NONE',  ( 18.99999999999998224, 28.60000000000001208, 20.99999999999996447 ) ) ;
#490 = EDGE_CURVE ( 'NONE', #2750, #5392, #4942, .T. ) ;
#491 = CARTESIAN_POINT ( 'NONE',  ( 14.18840724243416673, 27.02525783568567519, 21.28054311741574978 ) ) ;
#492 = ORIENTED_EDGE ( 'NONE', *, *, #3822, .F. ) ;
#493 = DIRECTION ( 'NONE',  ( 0.000000000000000000, 0.000000000000000000, 1.000000000000000000 ) ) ;
#494 = CARTESIAN_POINT ( 'NONE',  ( -43.10000000000002274, 20.38981391988285097, 20.99999999999996447 ) ) ;
#495 = EDGE_CURVE ( 'NONE', #1888, #4180, #2694, .T. ) ;
#496 = ORIENTED_EDGE ( 'NONE', *, *, #2916, .F. ) ;
#497 = EDGE_CURVE ( 'NONE', #780, #671, #2324, .T. ) ;
#498 = PLANE ( 'NONE',  #5303 ) ;
#499 = EDGE_LOOP ( 'NONE', ( #4820, #2589, #3126, #315, #2940, #4846, #4650, #4078, #4065, #2956 ) ) ;
#500 = CARTESIAN_POINT ( 'NONE',  ( -33.30000000000003268, 28.60000000000000142, 22.29999999999996518 ) ) ;
#501 = DIRECTION ( 'NONE',  ( 6.672013369141570147E-16, 1.000000000000000000, 0.000000000000000000 ) ) ;
#502 = CARTESIAN_POINT ( 'NONE',  ( 13.06999999999998607, 24.13000000000000966, 20.99999999999996803 ) ) ;
#503 = CARTESIAN_POINT ( 'NONE',  ( 18.99999999999998224, 24.50000000000001066, 11.99000000000000021 ) ) ;
#504 = ORIENTED_EDGE ( 'NONE', *, *, #1593, .T. ) ;
#505 = CARTESIAN_POINT ( 'NONE',  ( 15.39999999999998259, 15.90000000000001101, 11.99000000000000021 ) ) ;
#506 = VERTEX_POINT ( 'NONE', #205 ) ;
#507 = CARTESIAN_POINT ( 'NONE',  ( 14.15749999999998643, 24.13000000000000966, 26.99999999999999645 ) ) ;
#508 = DIRECTION ( 'NONE',  ( 0.000000000000000000, 0.000000000000000000, 1.000000000000000000 ) ) ;
#509 = DIRECTION ( 'NONE',  ( 0.000000000000000000, 0.000000000000000000, 1.000000000000000000 ) ) ;
#510 = ORIENTED_EDGE ( 'NONE', *, *, #3397, .F. ) ;
#511 = DIRECTION ( 'NONE',  ( -1.000000000000000000, 0.000000000000000000, 0.000000000000000000 ) ) ;
#512 = DIRECTION ( 'NONE',  ( 0.000000000000000000, 0.000000000000000000, -1.000000000000000000 ) ) ;
#513 = CARTESIAN_POINT ( 'NONE',  ( 11.49872638547843628, -27.23013580627377195, 21.45478958668806513 ) ) ;
#514 = AXIS2_PLACEMENT_3D ( 'NONE', #4215, #5086, #4640 ) ;
#515 = DIRECTION ( 'NONE',  ( 0.000000000000000000, 0.000000000000000000, 1.000000000000000000 ) ) ;
#516 = PLANE ( 'NONE',  #2463 ) ;
#517 = ORIENTED_EDGE ( 'NONE', *, *, #5142, .F. ) ;
#518 = AXIS2_PLACEMENT_3D ( 'NONE', #2519, #5443, #4608 ) ;
#519 = AXIS2_PLACEMENT_3D ( 'NONE', #4639, #2554, #829 ) ;
#520 = CARTESIAN_POINT ( 'NONE',  ( -36.81176470588236782, -6.694179812102577287, 22.99999999999996447 ) ) ;
#521 = EDGE_CURVE ( 'NONE', #5454, #5107, #525, .T. ) ;
#522 = CARTESIAN_POINT ( 'NONE',  ( -42.10000000000001563, -8.724651255973375541, 22.73205080756884655 ) ) ;
#523 = CARTESIAN_POINT ( 'NONE',  ( -43.10000000000002274, 20.90191778875300699, 20.99999999999996447 ) ) ;
#524 = AXIS2_PLACEMENT_3D ( 'NONE', #2760, #4843, #2337 ) ;
#525 = CIRCLE ( 'NONE', #5567, 0.5000000000000004441 ) ;
#526 = ADVANCED_FACE ( 'NONE', ( #4914 ), #5361, .T. ) ;
#527 = ORIENTED_EDGE ( 'NONE', *, *, #4081, .F. ) ;
#528 = LINE ( 'NONE', #3489, #1892 ) ;
#529 = EDGE_LOOP ( 'NONE', ( #765, #2566, #2549, #3208, #366, #5349, #3011 ) ) ;
#530 = EDGE_CURVE ( 'NONE', #1596, #4661, #625, .T. ) ;
#531 = CIRCLE ( 'NONE', #3861, 3.100000000000000533 ) ;
#532 = PLANE ( 'NONE',  #3875 ) ;
#533 = DIRECTION ( 'NONE',  ( 1.000000000000000000, 0.000000000000000000, 0.000000000000000000 ) ) ;
#534 = EDGE_CURVE ( 'NONE', #692, #1963, #1436, .T. ) ;
#535 = DIRECTION ( 'NONE',  ( -1.000000000000000000, 0.000000000000000000, 0.000000000000000000 ) ) ;
#536 =( BOUNDED_SURFACE ( )  B_SPLINE_SURFACE ( 3, 2, ( 
 ( #1638, #4935, #1956 ),
 ( #3834, #5547, #449 ),
 ( #2621, #2590, #1689 ),
 ( #787, #3813, #5098 ),
 ( #475, #4233, #2094 ),
 ( #5127, #4264, #416 ),
 ( #1266, #4653, #2200 ),
 ( #3913, #43, #393 ),
 ( #5522, #4684, #3411 ),
 ( #2514, #3362, #2116 ),
 ( #2545, #3386, #367 ),
 ( #3014, #3036, #2965 ),
 ( #1664, #819, #5577 ),
 ( #4733, #847, #2994 ),
 ( #4712, #5073, #1210 ),
 ( #2567, #4284, #2138 ),
 ( #2938, #3862, #899 ),
 ( #1720, #867, #3442 ) ),
 .UNSPECIFIED., .F., .F., .T. ) 
 B_SPLINE_SURFACE_WITH_KNOTS ( ( 4, 2, 2, 2, 2, 2, 2, 2, 4 ),
 ( 3, 3 ),
 ( 0.003661736566590440001, 0.004479368338210604553, 0.005297000109830769105, 0.006114631881450933656, 0.006932263653071099076, 0.007749895424691264495, 0.008567527196311429047, 0.009385158967931593599, 0.01020279073955175815 ),
 ( 0.000000000000000000, 1.000000000000000000 ),
 .UNSPECIFIED. ) 
 GEOMETRIC_REPRESENTATION_ITEM ( )  RATIONAL_B_SPLINE_SURFACE ( (
 ( 1.000000000000000000, 0.7071067811865505703, 1.000000000000000000),
 ( 1.000000000000000000, 0.7301725417599904677, 1.000000000000000000),
 ( 1.000000000000000000, 0.7519933119364180518, 1.000000000000000000),
 ( 1.000000000000000000, 0.7911595334671929214, 1.000000000000000000),
 ( 1.000000000000000000, 0.8085309359233842086, 1.000000000000000000),
 ( 1.000000000000000000, 0.8366216458257110800, 1.000000000000000000),
 ( 1.000000000000000000, 0.8475205073532562361, 1.000000000000000000),
 ( 1.000000000000000000, 0.8622975613206217416, 1.000000000000000000),
 ( 1.000000000000000000, 0.8660443913888609124, 1.000000000000000000),
 ( 1.000000000000000000, 0.8660062686399017107, 1.000000000000000000),
 ( 1.000000000000000000, 0.8623013734435595046, 1.000000000000000000),
 ( 1.000000000000000000, 0.8476295943279529288, 1.000000000000000000),
 ( 1.000000000000000000, 0.8365803995877564292, 1.000000000000000000),
 ( 1.000000000000000000, 0.8085233999067537036, 1.000000000000000000),
 ( 1.000000000000000000, 0.7914510044085589779, 1.000000000000000000),
 ( 1.000000000000000000, 0.7521792511091855982, 1.000000000000000000),
 ( 1.000000000000000000, 0.7299851019160688015, 1.000000000000000000),
 ( 1.000000000000000000, 0.7071067811865466846, 1.000000000000000000) ) ) 
 REPRESENTATION_ITEM ( '' )  SURFACE ( )  );
#537 = DIRECTION ( 'NONE',  ( 0.000000000000000000, -1.000000000000000000, 0.000000000000000000 ) ) ;
#538 = VECTOR ( 'NONE', #3433, 1000.000000000000000 ) ;
#539 = VERTEX_POINT ( 'NONE', #4592 ) ;
#540 = DIRECTION ( 'NONE',  ( 0.000000000000000000, 0.000000000000000000, -1.000000000000000000 ) ) ;
#541 = VERTEX_POINT ( 'NONE', #4990 ) ;
#542 = LINE ( 'NONE', #4438, #2705 ) ;
#543 = CIRCLE ( 'NONE', #4235, 1.087499999999999911 ) ;
#544 = DIRECTION ( 'NONE',  ( -0.4814554059915384654, 0.8764705882352943345, 0.000000000000000000 ) ) ;
#545 = CARTESIAN_POINT ( 'NONE',  ( 11.30650437925107354, 21.57514231072177679, 22.75563997434161934 ) ) ;
#546 = ORIENTED_EDGE ( 'NONE', *, *, #2817, .F. ) ;
#547 = CARTESIAN_POINT ( 'NONE',  ( 23.09999999999998010, -23.79031520715377113, 9.821407705753134820 ) ) ;
#548 = VECTOR ( 'NONE', #5451, 1000.000000000000000 ) ;
#549 = DIRECTION ( 'NONE',  ( 0.000000000000000000, 0.000000000000000000, 1.000000000000000000 ) ) ;
#550 = TOROIDAL_SURFACE ( 'NONE', #4602, 5.099999999999999645, 2.000000000000000000 ) ;
#551 = DIRECTION ( 'NONE',  ( 0.4101582200580524695, 0.9120143828464605251, 0.000000000000000000 ) ) ;
#552 = DIRECTION ( 'NONE',  ( 1.000000000000000000, 0.000000000000000000, -0.000000000000000000 ) ) ;
#553 = ORIENTED_EDGE ( 'NONE', *, *, #5524, .T. ) ;
#554 = AXIS2_PLACEMENT_3D ( 'NONE', #2074, #2865, #5057 ) ;
#555 = CARTESIAN_POINT ( 'NONE',  ( -41.82945356339411092, -7.612869191694558779, 22.92565406578695786 ) ) ;
#556 = CARTESIAN_POINT ( 'NONE',  ( -42.00832796999764440, 18.26560851481933767, 21.54482643839521216 ) ) ;
#557 = VECTOR ( 'NONE', #478, 1000.000000000000000 ) ;
#558 = ORIENTED_EDGE ( 'NONE', *, *, #4811, .T. ) ;
#559 = DIRECTION ( 'NONE',  ( 0.000000000000000000, 0.9665399365531028852, 0.2565161808695973211 ) ) ;
#560 = VERTEX_POINT ( 'NONE', #2458 ) ;
#561 = TOROIDAL_SURFACE ( 'NONE', #3085, 5.099999999999999645, 2.000000000000000000 ) ;
#562 = LINE ( 'NONE', #1893, #720 ) ;
#563 = FACE_OUTER_BOUND ( 'NONE', #4877, .T. ) ;
#564 = DIRECTION ( 'NONE',  ( -1.000000000000000000, 0.000000000000000000, 0.000000000000000000 ) ) ;
#565 = AXIS2_PLACEMENT_3D ( 'NONE', #2140, #1777, #451 ) ;
#566 = VERTEX_POINT ( 'NONE', #1123 ) ;
#567 = EDGE_CURVE ( 'NONE', #3578, #996, #4141, .T. ) ;
#568 = DIRECTION ( 'NONE',  ( -0.000000000000000000, -0.000000000000000000, -1.000000000000000000 ) ) ;
#569 = VERTEX_POINT ( 'NONE', #4563 ) ;
#570 = DIRECTION ( 'NONE',  ( -0.6333333333333328596, 0.7738791177495937257, 0.000000000000000000 ) ) ;
#571 = DIRECTION ( 'NONE',  ( 1.000000000000000000, 0.000000000000000000, 0.000000000000000000 ) ) ;
#572 = PLANE ( 'NONE',  #460 ) ;
#573 = ORIENTED_EDGE ( 'NONE', *, *, #5281, .F. ) ;
#574 = DIRECTION ( 'NONE',  ( 0.000000000000000000, 0.000000000000000000, 1.000000000000000000 ) ) ;
#575 = CARTESIAN_POINT ( 'NONE',  ( -1.930000000000015037, 28.60000000000000853, 22.29999999999996518 ) ) ;
#576 = DIRECTION ( 'NONE',  ( 1.000000000000000000, -6.802837160693360652E-16, 0.000000000000000000 ) ) ;
#577 = CARTESIAN_POINT ( 'NONE',  ( -42.10000000000000853, -9.054933607392118944, 22.73205080756884655 ) ) ;
#578 = CARTESIAN_POINT ( 'NONE',  ( -32.00000000000002132, -28.59999999999999076, 29.99999999999996447 ) ) ;
#579 = VERTEX_POINT ( 'NONE', #4623 ) ;
#580 = CARTESIAN_POINT ( 'NONE',  ( -24.00000000000002842, 28.60000000000001208, 29.99999999999996447 ) ) ;
#581 = CARTESIAN_POINT ( 'NONE',  ( -43.10000000000002274, 20.12802650458813503, 20.99999999999996447 ) ) ;
#582 = CARTESIAN_POINT ( 'NONE',  ( -36.21302714850075688, -7.517985710421993595, 22.74714665866803998 ) ) ;
#583 = LINE ( 'NONE', #2313, #79 ) ;
#584 = VERTEX_POINT ( 'NONE', #4086 ) ;
#585 = DIRECTION ( 'NONE',  ( -1.000000000000000000, 0.000000000000000000, 0.000000000000000000 ) ) ;
#586 = DIRECTION ( 'NONE',  ( -0.000000000000000000, -0.000000000000000000, -1.000000000000000000 ) ) ;
#587 = EDGE_CURVE ( 'NONE', #3072, #3747, #979, .T. ) ;
#588 = DIRECTION ( 'NONE',  ( -1.000000000000000000, -4.336808689942017736E-16, 0.000000000000000000 ) ) ;
#589 = EDGE_LOOP ( 'NONE', ( #905, #2238, #4638, #3235 ) ) ;
#590 = CYLINDRICAL_SURFACE ( 'NONE', #5032, 1.299999999999999156 ) ;
#591 = ORIENTED_EDGE ( 'NONE', *, *, #2332, .T. ) ;
#592 = DIRECTION ( 'NONE',  ( -0.7738791177495936147, -0.6333333333333328596, 0.000000000000000000 ) ) ;
#593 = ADVANCED_FACE ( 'NONE', ( #1575 ), #2427, .T. ) ;
#594 = DIRECTION ( 'NONE',  ( -1.000000000000000000, -0.000000000000000000, -0.000000000000000000 ) ) ;
#595 = ORIENTED_EDGE ( 'NONE', *, *, #3457, .T. ) ;
#596 = EDGE_CURVE ( 'NONE', #1378, #3923, #2430, .T. ) ;
#597 = DIRECTION ( 'NONE',  ( 2.832201593431521726E-16, -1.000000000000000000, 0.000000000000000000 ) ) ;
#598 = EDGE_CURVE ( 'NONE', #2750, #4396, #710, .T. ) ;
#599 = CARTESIAN_POINT ( 'NONE',  ( 7.134723689857480622, -25.52781119335008242, 20.99999999999996803 ) ) ;
#600 = EDGE_CURVE ( 'NONE', #3446, #2635, #3882, .T. ) ;
#601 = CARTESIAN_POINT ( 'NONE',  ( 13.59059892324147789, 24.50000000000001066, 11.99000000000000021 ) ) ;
#602 = CARTESIAN_POINT ( 'NONE',  ( -42.10000000000000853, -8.890000000000009450, 22.73205080756884655 ) ) ;
#603 = DIRECTION ( 'NONE',  ( 1.000000000000000000, 0.000000000000000000, 0.000000000000000000 ) ) ;
#604 = ORIENTED_EDGE ( 'NONE', *, *, #148, .F. ) ;
#605 = CARTESIAN_POINT ( 'NONE',  ( 12.19053348423221550, -21.05347816433738828, 22.58028619497638445 ) ) ;
#606 = CARTESIAN_POINT ( 'NONE',  ( -20.08688103937538827, -26.86999999999999744, 26.14999999999996660 ) ) ;
#607 = CARTESIAN_POINT ( 'NONE',  ( -36.14442822228210872, -10.14281918579868602, 21.58700412569471183 ) ) ;
#608 = AXIS2_PLACEMENT_3D ( 'NONE', #615, #1411, #501 ) ;
#609 = ADVANCED_FACE ( 'NONE', ( #2562, #3381 ), #2505, .T. ) ;
#610 = AXIS2_PLACEMENT_3D ( 'NONE', #378, #5085, #2448 ) ;
#611 = EDGE_LOOP ( 'NONE', ( #663, #218, #5490, #4269 ) ) ;
#612 = CARTESIAN_POINT ( 'NONE',  ( -41.49215686274510517, -10.73367951973018108, 22.99999999999996447 ) ) ;
#613 = ORIENTED_EDGE ( 'NONE', *, *, #2332, .F. ) ;
#614 = DIRECTION ( 'NONE',  ( -0.000000000000000000, -0.000000000000000000, -1.000000000000000000 ) ) ;
#615 = CARTESIAN_POINT ( 'NONE',  ( 6.907515968344915436, -25.57000000000000028, 22.29999999999996518 ) ) ;
#616 = AXIS2_PLACEMENT_3D ( 'NONE', #3767, #5477, #1281 ) ;
#617 = CONICAL_SURFACE ( 'NONE', #3949, 577.3502691896181886, 0.5235987755982931535 ) ;
#618 = CARTESIAN_POINT ( 'NONE',  ( 11.31101816858542364, 21.57236874219067602, 22.75257478304798298 ) ) ;
#619 = ORIENTED_EDGE ( 'NONE', *, *, #231, .T. ) ;
#620 = AXIS2_PLACEMENT_3D ( 'NONE', #4174, #3702, #3730 ) ;
#621 = VECTOR ( 'NONE', #1199, 1000.000000000000000 ) ;
#622 = CARTESIAN_POINT ( 'NONE',  ( 18.99999999999998934, -24.49999999999998934, 4.150254037844377741 ) ) ;
#623 = ORIENTED_EDGE ( 'NONE', *, *, #4565, .T. ) ;
#624 = DIRECTION ( 'NONE',  ( 1.794541526872558613E-16, -1.000000000000000000, 0.000000000000000000 ) ) ;
#625 = B_SPLINE_CURVE_WITH_KNOTS ( 'NONE', 3,
 ( #2403, #2032, #2851, #5040, #4170, #5455, #4111, #5404, #2877, #1552, #4927, #2795, #646, #3749 ),
 .UNSPECIFIED., .F., .F.,
 ( 4, 2, 2, 2, 2, 2, 4 ),
 ( 0.000000000000000000, 0.0003246959546720773471, 0.0006493919093441546941, 0.0009740878640162320412, 0.001298783818688309388, 0.001948175728032464082, 0.002597567637376618777 ),
 .UNSPECIFIED. ) ;
#626 = CIRCLE ( 'NONE', #2345, 0.8051270189222068385 ) ;
#627 = ORIENTED_EDGE ( 'NONE', *, *, #1370, .T. ) ;
#628 = CARTESIAN_POINT ( 'NONE',  ( -35.70985824304509748, 28.60000000000000142, 11.72047934387235379 ) ) ;
#629 = CYLINDRICAL_SURFACE ( 'NONE', #2523, 3.100000000000000533 ) ;
#630 = CARTESIAN_POINT ( 'NONE',  ( 12.80691822492454968, 27.22993288398241774, 22.89821998891367372 ) ) ;
#631 = FACE_OUTER_BOUND ( 'NONE', #16, .T. ) ;
#632 = AXIS2_PLACEMENT_3D ( 'NONE', #3334, #5439, #313 ) ;
#633 = EDGE_CURVE ( 'NONE', #3563, #3110, #3854, .T. ) ;
#634 = CARTESIAN_POINT ( 'NONE',  ( 13.92169488781417286, 28.60000000000000853, 20.99999999999996447 ) ) ;
#635 = LINE ( 'NONE', #4077, #4400 ) ;
#636 = ORIENTED_EDGE ( 'NONE', *, *, #261, .T. ) ;
#637 = CIRCLE ( 'NONE', #1453, 5.000000000000000888 ) ;
#638 = CARTESIAN_POINT ( 'NONE',  ( 12.71450748000368591, -21.16645144311222282, 22.92401720845615642 ) ) ;
#639 = DIRECTION ( 'NONE',  ( -1.000000000000000000, 0.000000000000000000, 0.000000000000000000 ) ) ;
#640 = CARTESIAN_POINT ( 'NONE',  ( -35.40000000000001990, -10.54252187648684291, 20.99999999999996447 ) ) ;
#641 = AXIS2_PLACEMENT_3D ( 'NONE', #4378, #1331, #878 ) ;
#642 = EDGE_LOOP ( 'NONE', ( #5411, #3321, #228, #2731 ) ) ;
#643 = CARTESIAN_POINT ( 'NONE',  ( 15.47499999999998188, 24.50000000000001066, 1.650254037844406829 ) ) ;
#644 = ORIENTED_EDGE ( 'NONE', *, *, #2568, .T. ) ;
#645 = ADVANCED_FACE ( 'NONE', ( #442 ), #5486, .T. ) ;
#646 = CARTESIAN_POINT ( 'NONE',  ( 13.54037709320105698, 21.05809502196488836, 22.99999999999996447 ) ) ;
#647 = CYLINDRICAL_SURFACE ( 'NONE', #3136, 5.000000000000000888 ) ;
#648 = CARTESIAN_POINT ( 'NONE',  ( -35.40000000000001990, -20.89999999999999147, 108.4887421329166983 ) ) ;
#649 = ORIENTED_EDGE ( 'NONE', *, *, #1746, .F. ) ;
#650 = VECTOR ( 'NONE', #1235, 1000.000000000000000 ) ;
#651 = EDGE_CURVE ( 'NONE', #1898, #5550, #5299, .T. ) ;
#652 = CARTESIAN_POINT ( 'NONE',  ( 18.16999999999998394, 24.13000000000000966, 22.99999999999996447 ) ) ;
#653 = EDGE_LOOP ( 'NONE', ( #4201, #4758, #5320, #2574, #3195, #2997, #3641, #4203, #5215, #2704, #1929, #2825, #854, #872, #3951 ) ) ;
#654 = AXIS2_PLACEMENT_3D ( 'NONE', #1895, #674, #4001 ) ;
#655 = CARTESIAN_POINT ( 'NONE',  ( 20.47499999999999076, -24.49999999999998934, 1.650254037844403054 ) ) ;
#656 = ORIENTED_EDGE ( 'NONE', *, *, #600, .F. ) ;
#657 = CARTESIAN_POINT ( 'NONE',  ( 23.09999999999998366, -22.24086769813404629, 10.71625969786944133 ) ) ;
#658 = DIRECTION ( 'NONE',  ( -0.000000000000000000, -0.000000000000000000, -1.000000000000000000 ) ) ;
#659 = CARTESIAN_POINT ( 'NONE',  ( 17.31673218789800472, 28.60000000000001208, 10.28407209302209857 ) ) ;
#660 = CARTESIAN_POINT ( 'NONE',  ( 17.52499999999998792, -24.49999999999998934, 1.650254037844403054 ) ) ;
#661 = DIRECTION ( 'NONE',  ( -1.000000000000000000, 0.000000000000000000, 0.000000000000000000 ) ) ;
#662 = DIRECTION ( 'NONE',  ( -0.8039215686274504558, -0.5947353289452204095, 0.000000000000000000 ) ) ;
#663 = ORIENTED_EDGE ( 'NONE', *, *, #4630, .F. ) ;
#664 = CARTESIAN_POINT ( 'NONE',  ( -32.00000000000002132, -26.86999999999999744, 29.99999999999996447 ) ) ;
#665 = ADVANCED_FACE ( 'NONE', ( #2056 ), #1842, .F. ) ;
#666 = CARTESIAN_POINT ( 'NONE',  ( -35.40000000000001990, -5.520169178254882958, 20.99999999999996447 ) ) ;
#667 = EDGE_CURVE ( 'NONE', #141, #2868, #3435, .T. ) ;
#668 = EDGE_CURVE ( 'NONE', #5356, #5342, #4479, .T. ) ;
#669 = ORIENTED_EDGE ( 'NONE', *, *, #3883, .T. ) ;
#670 = CARTESIAN_POINT ( 'NONE',  ( -39.80512701892223504, 24.50000000000001066, 4.150254037844377741 ) ) ;
#671 = VERTEX_POINT ( 'NONE', #4423 ) ;
#672 = ADVANCED_FACE ( 'NONE', ( #5287, #4842 ), #37, .T. ) ;
#673 = DIRECTION ( 'NONE',  ( 0.000000000000000000, 0.000000000000000000, 1.000000000000000000 ) ) ;
#674 = DIRECTION ( 'NONE',  ( 0.000000000000000000, 0.000000000000000000, 1.000000000000000000 ) ) ;
#675 = EDGE_CURVE ( 'NONE', #4396, #1043, #4388, .T. ) ;
#676 = CARTESIAN_POINT ( 'NONE',  ( 18.23004566711288632, -27.87468354430379947, 2.963464629804021033 ) ) ;
#677 = EDGE_LOOP ( 'NONE', ( #4450, #2069, #4570, #2707, #3821, #2935, #3588 ) ) ;
#678 = CARTESIAN_POINT ( 'NONE',  ( 18.99999999999998934, -28.59999999999999076, 108.4887421329166983 ) ) ;
#679 = EDGE_LOOP ( 'NONE', ( #332, #18, #2274, #4224, #1673, #1395, #5077 ) ) ;
#680 = CARTESIAN_POINT ( 'NONE',  ( -32.00000000000002842, 26.87000000000001521, 21.53847763108499436 ) ) ;
#681 = CARTESIAN_POINT ( 'NONE',  ( 6.069999999999985185, 28.60000000000000853, 22.29999999999996518 ) ) ;
#682 = EDGE_LOOP ( 'NONE', ( #1890, #864, #4110, #4998 ) ) ;
#683 = CARTESIAN_POINT ( 'NONE',  ( 13.49084277880765725, 21.02659101447198964, 21.46349959120426476 ) ) ;
#684 = CARTESIAN_POINT ( 'NONE',  ( 11.80723579282977376, 26.97326180412147067, 22.99999999999996803 ) ) ;
#685 = DIRECTION ( 'NONE',  ( 0.000000000000000000, -1.000000000000000000, 0.000000000000000000 ) ) ;
#686 = EDGE_LOOP ( 'NONE', ( #377, #4326, #5123, #4104, #962, #1549, #1111, #2758, #198, #1965, #5155, #4287, #3695, #973, #2738, #2447, #3012, #5445, #4091, #1533 ) ) ;
#687 = CARTESIAN_POINT ( 'NONE',  ( 19.76995433288707105, 27.87468354430379947, 6.712247492510946323 ) ) ;
#688 = VERTEX_POINT ( 'NONE', #3099 ) ;
#689 = CARTESIAN_POINT ( 'NONE',  ( 12.89345838221053064, -21.22770905207836734, 22.98345825262189734 ) ) ;
#690 = LINE ( 'NONE', #4191, #795 ) ;
#691 = CARTESIAN_POINT ( 'NONE',  ( -35.40000000000001990, -7.240904180674900381, 20.99999999999996447 ) ) ;
#692 = VERTEX_POINT ( 'NONE', #3993 ) ;
#693 = DIRECTION ( 'NONE',  ( 0.000000000000000000, 0.4999999999999957256, -0.8660254037844411501 ) ) ;
#694 = VERTEX_POINT ( 'NONE', #580 ) ;
#695 = CARTESIAN_POINT ( 'NONE',  ( -34.98907741286075890, 15.90000000000204494, 22.95733048496801132 ) ) ;
#696 = DIRECTION ( 'NONE',  ( -0.000000000000000000, -0.000000000000000000, -1.000000000000000000 ) ) ;
#697 = EDGE_CURVE ( 'NONE', #3549, #1838, #5264, .T. ) ;
#698 = AXIS2_PLACEMENT_3D ( 'NONE', #2327, #1992, #4074 ) ;
#699 = DIRECTION ( 'NONE',  ( 0.000000000000000000, -1.000000000000000000, 0.000000000000000000 ) ) ;
#700 = ORIENTED_EDGE ( 'NONE', *, *, #675, .F. ) ;
#701 = LINE ( 'NONE', #4546, #1341 ) ;
#702 = VERTEX_POINT ( 'NONE', #1405 ) ;
#703 = EDGE_CURVE ( 'NONE', #4137, #4568, #2325, .T. ) ;
#704 = CONICAL_SURFACE ( 'NONE', #1789, 577.3502691896181886, 0.5235987755982931535 ) ;
#705 = LINE ( 'NONE', #2487, #4778 ) ;
#706 = AXIS2_PLACEMENT_3D ( 'NONE', #2475, #3765, #5473 ) ;
#707 = CARTESIAN_POINT ( 'NONE',  ( 7.784371061436710981, -25.39686925990139343, 21.19381510163583471 ) ) ;
#708 = VECTOR ( 'NONE', #1042, 1000.000000000000000 ) ;
#709 = ORIENTED_EDGE ( 'NONE', *, *, #2120, .T. ) ;
#710 = CIRCLE ( 'NONE', #3863, 2.000000000000001332 ) ;
#711 = CARTESIAN_POINT ( 'NONE',  ( 11.10982421081146754, 21.69599551973727714, 21.53471180557476217 ) ) ;
#712 = ADVANCED_FACE ( 'NONE', ( #4898 ), #3678, .T. ) ;
#713 = VECTOR ( 'NONE', #4627, 1000.000000000000000 ) ;
#714 = CARTESIAN_POINT ( 'NONE',  ( -35.92716621346372108, -9.312824033351622788, 22.37214122441122299 ) ) ;
#715 = FACE_OUTER_BOUND ( 'NONE', #4093, .T. ) ;
#716 = ORIENTED_EDGE ( 'NONE', *, *, #497, .F. ) ;
#717 = CIRCLE ( 'NONE', #1897, 2.000000000000001332 ) ;
#718 = ORIENTED_EDGE ( 'NONE', *, *, #4421, .F. ) ;
#719 = CARTESIAN_POINT ( 'NONE',  ( 11.31346576647985636, -21.06804314002713596, 21.96368052717050290 ) ) ;
#720 = VECTOR ( 'NONE', #3617, 1000.000000000000114 ) ;
#721 = DIRECTION ( 'NONE',  ( 1.000000000000000000, 0.000000000000000000, 0.000000000000000000 ) ) ;
#722 = EDGE_LOOP ( 'NONE', ( #4483, #3114, #771, #1421 ) ) ;
#723 = CIRCLE ( 'NONE', #2082, 1.999999999999999556 ) ;
#724 = CARTESIAN_POINT ( 'NONE',  ( -40.96214168703485825, -26.89999999999998792, 4.651666049839564998 ) ) ;
#725 = ORIENTED_EDGE ( 'NONE', *, *, #2411, .F. ) ;
#726 = FACE_OUTER_BOUND ( 'NONE', #1811, .T. ) ;
#727 = TOROIDAL_SURFACE ( 'NONE', #1007, 1.087499999999998579, 0.5000000000000000000 ) ;
#728 = LINE ( 'NONE', #246, #1460 ) ;
#729 = ORIENTED_EDGE ( 'NONE', *, *, #4633, .T. ) ;
#730 = CARTESIAN_POINT ( 'NONE',  ( 23.10000000000002984, -27.99999999999997868, 2.746410161513770376 ) ) ;
#731 = ORIENTED_EDGE ( 'NONE', *, *, #1669, .F. ) ;
#732 = AXIS2_PLACEMENT_3D ( 'NONE', #3391, #2151, #2999 ) ;
#733 = DIRECTION ( 'NONE',  ( 2.832201593431521726E-16, -1.000000000000000000, 0.000000000000000000 ) ) ;
#734 = EDGE_CURVE ( 'NONE', #5454, #3549, #875, .T. ) ;
#735 = CARTESIAN_POINT ( 'NONE',  ( 7.980744463840318659, -25.35445547467568872, 21.30666847852753065 ) ) ;
#736 = AXIS2_PLACEMENT_3D ( 'NONE', #2228, #3620, #5352 ) ;
#737 = ORIENTED_EDGE ( 'NONE', *, *, #1985, .T. ) ;
#738 = CARTESIAN_POINT ( 'NONE',  ( 10.39999999999996838, 20.90000000000001279, 20.99999999999996803 ) ) ;
#739 = B_SPLINE_CURVE_WITH_KNOTS ( 'NONE', 3,
 ( #3528, #2624, #4344, #4823, #869, #3131, #1387, #477, #1722, #5153 ),
 .UNSPECIFIED., .F., .F.,
 ( 4, 2, 2, 2, 4 ),
 ( 0.000000000000000000, 0.0005273466088707526875, 0.001054693217741505375, 0.001582039826612258171, 0.002109386435483010750 ),
 .UNSPECIFIED. ) ;
#740 = AXIS2_PLACEMENT_3D ( 'NONE', #972, #3062, #552 ) ;
#741 = DIRECTION ( 'NONE',  ( -0.000000000000000000, -0.000000000000000000, -1.000000000000000000 ) ) ;
#742 = ADVANCED_FACE ( 'NONE', ( #125 ), #2232, .F. ) ;
#743 = CARTESIAN_POINT ( 'NONE',  ( -40.58750000000000568, -8.890000000000005898, 26.99999999999999645 ) ) ;
#744 = ORIENTED_EDGE ( 'NONE', *, *, #2495, .F. ) ;
#745 = ADVANCED_FACE ( 'NONE', ( #2219, #1855 ), #1346, .T. ) ;
#746 = EDGE_CURVE ( 'NONE', #1963, #692, #2053, .T. ) ;
#747 = LINE ( 'NONE', #2046, #1787 ) ;
#748 = AXIS2_PLACEMENT_3D ( 'NONE', #3076, #4799, #5180 ) ;
#749 =( BOUNDED_CURVE ( )  B_SPLINE_CURVE ( 3, ( #5517, #2666, #783, #4385 ),
 .UNSPECIFIED., .F., .F. ) 
 B_SPLINE_CURVE_WITH_KNOTS ( ( 4, 4 ),
 ( 5.597828962690247323, 6.968541651668925141 ),
 .UNSPECIFIED. ) 
 CURVE ( )  GEOMETRIC_REPRESENTATION_ITEM ( )  RATIONAL_B_SPLINE_CURVE ( ( 1.000000000000000000, 0.8494623655913985383, 0.8494623655913985383, 1.000000000000000000 ) ) 
 REPRESENTATION_ITEM ( '' )  );
#750 = VERTEX_POINT ( 'NONE', #4389 ) ;
#751 = DIRECTION ( 'NONE',  ( -1.000000000000000000, 0.000000000000000000, 0.000000000000000000 ) ) ;
#752 = DIRECTION ( 'NONE',  ( 1.000000000000000000, -0.000000000000000000, -0.000000000000000000 ) ) ;
#753 = CARTESIAN_POINT ( 'NONE',  ( -24.00000000000002842, 28.60000000000001208, 22.29999999999996518 ) ) ;
#754 = ORIENTED_EDGE ( 'NONE', *, *, #5317, .F. ) ;
#755 = SURFACE_SIDE_STYLE ('',( #3379 ) ) ;
#756 = ORIENTED_EDGE ( 'NONE', *, *, #4708, .T. ) ;
#757 = CARTESIAN_POINT ( 'NONE',  ( 12.68230416797746862, -21.15283545314165892, 22.91890816397514641 ) ) ;
#758 = FACE_OUTER_BOUND ( 'NONE', #3605, .T. ) ;
#759 = ORIENTED_EDGE ( 'NONE', *, *, #5375, .F. ) ;
#760 = LINE ( 'NONE', #2511, #1531 ) ;
#761 = ORIENTED_EDGE ( 'NONE', *, *, #1878, .T. ) ;
#762 = PLANE ( 'NONE',  #2526 ) ;
#763 = CARTESIAN_POINT ( 'NONE',  ( -33.30000000000002558, 19.05000000000000071, 20.99999999999996803 ) ) ;
#764 = PLANE ( 'NONE',  #3262 ) ;
#765 = ORIENTED_EDGE ( 'NONE', *, *, #4113, .T. ) ;
#766 = EDGE_CURVE ( 'NONE', #2646, #299, #5463, .T. ) ;
#767 = DIRECTION ( 'NONE',  ( 1.000000000000000000, 0.000000000000000000, 0.000000000000000000 ) ) ;
#768 = CARTESIAN_POINT ( 'NONE',  ( -1.930000000000015037, 26.87000000000001165, 26.14999999999996660 ) ) ;
#769 = EDGE_CURVE ( 'NONE', #1686, #671, #1160, .T. ) ;
#770 = CARTESIAN_POINT ( 'NONE',  ( 0.000000000000000000, 0.000000000000000000, 29.99999999999996447 ) ) ;
#771 = ORIENTED_EDGE ( 'NONE', *, *, #5225, .T. ) ;
#772 = CARTESIAN_POINT ( 'NONE',  ( 6.452747553681629888, -26.48842047699491076, 21.37173893017367732 ) ) ;
#773 = EDGE_CURVE ( 'NONE', #1164, #1528, #3519, .T. ) ;
#774 = EDGE_CURVE ( 'NONE', #1864, #5360, #3967, .T. ) ;
#775 = CARTESIAN_POINT ( 'NONE',  ( 18.99999999999998224, 24.50000000000001066, 4.150254037844377741 ) ) ;
#776 = CARTESIAN_POINT ( 'NONE',  ( 18.99999999999998224, 28.60000000000001208, 20.99999999999996447 ) ) ;
#777 = CARTESIAN_POINT ( 'NONE',  ( 10.39999999999997904, 20.90000000000001279, 20.99999999999996447 ) ) ;
#778 = EDGE_LOOP ( 'NONE', ( #1973, #4085, #3471, #4283, #3534, #510 ) ) ;
#779 = SURFACE_STYLE_USAGE ( .BOTH. , #755 ) ;
#780 = VERTEX_POINT ( 'NONE', #2700 ) ;
#781 = CARTESIAN_POINT ( 'NONE',  ( 10.52226298474291966, -21.28398493409796899, 21.52016111671002818 ) ) ;
#782 = CARTESIAN_POINT ( 'NONE',  ( 11.79999999999999538, -24.12999999999998124, 26.49999999999999645 ) ) ;
#783 = CARTESIAN_POINT ( 'NONE',  ( -38.23004566711291119, 27.87468354430379947, 2.963464629804061889 ) ) ;
#784 = ORIENTED_EDGE ( 'NONE', *, *, #2300, .F. ) ;
#785 = CARTESIAN_POINT ( 'NONE',  ( -35.90000000000001990, 19.05000000000006466, 22.97868243150786327 ) ) ;
#786 = EDGE_LOOP ( 'NONE', ( #3826, #5373, #2510, #2784 ) ) ;
#787 = CARTESIAN_POINT ( 'NONE',  ( -41.82871034394553789, -7.611161039274303874, 22.92604157025868616 ) ) ;
#788 = VECTOR ( 'NONE', #976, 1000.000000000000000 ) ;
#789 = CARTESIAN_POINT ( 'NONE',  ( -39.00000000000001421, -24.49999999999998934, -0.01000000000000002623 ) ) ;
#790 = ORIENTED_EDGE ( 'NONE', *, *, #3263, .F. ) ;
#791 = VECTOR ( 'NONE', #2827, 1000.000000000000000 ) ;
#792 = CIRCLE ( 'NONE', #340, 1.999999999999998224 ) ;
#793 = DIRECTION ( 'NONE',  ( -1.000000000000000000, 0.000000000000000000, 0.000000000000000000 ) ) ;
#794 = CARTESIAN_POINT ( 'NONE',  ( -32.00000000000002842, 28.60000000000000853, 29.99999999999996447 ) ) ;
#795 = VECTOR ( 'NONE', #4985, 1000.000000000000000 ) ;
#796 = VECTOR ( 'NONE', #3001, 1000.000000000000000 ) ;
#797 = DIRECTION ( 'NONE',  ( -0.000000000000000000, 1.000000000000000000, -0.000000000000000000 ) ) ;
#798 = ORIENTED_EDGE ( 'NONE', *, *, #231, .F. ) ;
#799 = EDGE_CURVE ( 'NONE', #4010, #1686, #4984, .T. ) ;
#800 = VECTOR ( 'NONE', #5273, 1000.000000000000000 ) ;
#801 = DIRECTION ( 'NONE',  ( -0.000000000000000000, -0.000000000000000000, -1.000000000000000000 ) ) ;
#802 = CARTESIAN_POINT ( 'NONE',  ( -40.96214168703485825, -26.89999999999998792, 4.651666049839564998 ) ) ;
#803 = EDGE_CURVE ( 'NONE', #2178, #1378, #1998, .T. ) ;
#804 = CARTESIAN_POINT ( 'NONE',  ( 23.09999999999997655, 23.61780837998439253, 9.879208963509492847 ) ) ;
#805 = AXIS2_PLACEMENT_3D ( 'NONE', #1519, #1550, #1121 ) ;
#806 = VERTEX_POINT ( 'NONE', #1488 ) ;
#807 = ADVANCED_FACE ( 'NONE', ( #5343 ), #4607, .F. ) ;
#808 = DIRECTION ( 'NONE',  ( -0.000000000000000000, 1.000000000000000000, -0.000000000000000000 ) ) ;
#809 = VERTEX_POINT ( 'NONE', #405 ) ;
#810 = AXIS2_PLACEMENT_3D ( 'NONE', #4725, #2532, #2161 ) ;
#811 = CARTESIAN_POINT ( 'NONE',  ( 10.35266841306338748, -21.36341216452282055, 21.54512736112460303 ) ) ;
#812 = CARTESIAN_POINT ( 'NONE',  ( -41.82871034394569421, 20.32883896072541674, 22.92604157025868616 ) ) ;
#813 = DIRECTION ( 'NONE',  ( 0.000000000000000000, 0.000000000000000000, 1.000000000000000000 ) ) ;
#814 = VECTOR ( 'NONE', #3825, 1000.000000000000000 ) ;
#815 = ORIENTED_EDGE ( 'NONE', *, *, #4847, .F. ) ;
#816 = ADVANCED_FACE ( 'NONE', ( #5139 ), #2926, .T. ) ;
#817 = CARTESIAN_POINT ( 'NONE',  ( 7.122147561941208238, -25.97234414498730715, 21.07032899794539205 ) ) ;
#818 = ORIENTED_EDGE ( 'NONE', *, *, #3303, .T. ) ;
#819 = CARTESIAN_POINT ( 'NONE',  ( -41.95351095314327949, -9.860677377204325467, 21.52191993742802367 ) ) ;
#820 = AXIS2_PLACEMENT_3D ( 'NONE', #4468, #5282, #576 ) ;
#821 = FACE_OUTER_BOUND ( 'NONE', #2577, .T. ) ;
#822 = CARTESIAN_POINT ( 'NONE',  ( 10.94901960784312500, -21.14908866751044769, 22.09428349812013437 ) ) ;
#823 = ORIENTED_EDGE ( 'NONE', *, *, #2423, .F. ) ;
#824 = CARTESIAN_POINT ( 'NONE',  ( -39.00000000000000711, -8.890000000000005898, 24.99999999999996803 ) ) ;
#825 = LINE ( 'NONE', #400, #3514 ) ;
#826 = VECTOR ( 'NONE', #1068, 1000.000000000000114 ) ;
#827 = CARTESIAN_POINT ( 'NONE',  ( 18.99999999999998224, 24.50000000000001066, -994.4552250588358220 ) ) ;
#828 = VERTEX_POINT ( 'NONE', #3348 ) ;
#829 = DIRECTION ( 'NONE',  ( -1.000000000000000000, 0.000000000000000000, 0.000000000000000000 ) ) ;
#830 = CIRCLE ( 'NONE', #2730, 5.099999999999998757 ) ;
#831 = EDGE_CURVE ( 'NONE', #104, #3734, #380, .T. ) ;
#832 = DIRECTION ( 'NONE',  ( -0.000000000000000000, -0.000000000000000000, -1.000000000000000000 ) ) ;
#833 = DIRECTION ( 'NONE',  ( 0.8037520431729405779, -0.4938780276672544156, -0.3317636913268637855 ) ) ;
#834 = CARTESIAN_POINT ( 'NONE',  ( -20.08688103937538827, -26.86999999999999744, 26.14999999999996660 ) ) ;
#835 = ORIENTED_EDGE ( 'NONE', *, *, #4506, .T. ) ;
#836 = FILL_AREA_STYLE_COLOUR ( '', #3604 ) ;
#837 = EDGE_LOOP ( 'NONE', ( #403, #1314, #4969, #4581, #1995 ) ) ;
#838 = EDGE_CURVE ( 'NONE', #584, #3524, #438, .T. ) ;
#839 = CARTESIAN_POINT ( 'NONE',  ( 0.000000000000000000, 27.86998864849433133, 28.69999999999996376 ) ) ;
#840 = DIRECTION ( 'NONE',  ( -0.000000000000000000, -1.000000000000000000, -0.000000000000000000 ) ) ;
#841 = EDGE_CURVE ( 'NONE', #2918, #383, #3777, .T. ) ;
#842 = EDGE_CURVE ( 'NONE', #1062, #2392, #2951, .T. ) ;
#843 = VERTEX_POINT ( 'NONE', #5509 ) ;
#844 = PLANE ( 'NONE',  #1705 ) ;
#845 = ORIENTED_EDGE ( 'NONE', *, *, #4565, .F. ) ;
#846 = EDGE_CURVE ( 'NONE', #2175, #23, #5033, .T. ) ;
#847 = CARTESIAN_POINT ( 'NONE',  ( -41.82507072506851387, -10.19236865539202874, 21.44592043201520326 ) ) ;
#848 = DIRECTION ( 'NONE',  ( 1.000000000000000000, 0.000000000000000000, 0.000000000000000000 ) ) ;
#849 = ORIENTED_EDGE ( 'NONE', *, *, #3042, .F. ) ;
#850 = CYLINDRICAL_SURFACE ( 'NONE', #347, 3.100000000000000533 ) ;
#851 = ORIENTED_EDGE ( 'NONE', *, *, #10, .T. ) ;
#852 = CARTESIAN_POINT ( 'NONE',  ( -40.47500000000000853, -24.49999999999998934, -0.01000000000000002623 ) ) ;
#853 = CARTESIAN_POINT ( 'NONE',  ( 6.069999999999985185, 28.60000000000000853, 29.99999999999996447 ) ) ;
#854 = ORIENTED_EDGE ( 'NONE', *, *, #4773, .T. ) ;
#855 = CARTESIAN_POINT ( 'NONE',  ( 23.09999999999997300, 24.50000000000001066, 9.722050807568882291 ) ) ;
#856 = DIRECTION ( 'NONE',  ( 0.000000000000000000, 0.000000000000000000, -1.000000000000000000 ) ) ;
#857 = DIRECTION ( 'NONE',  ( -1.280115680833874612E-16, 0.9039721493009094111, 0.4275913391174972489 ) ) ;
#858 = CARTESIAN_POINT ( 'NONE',  ( 19.76995433288707105, 27.87468354430379947, 2.963464629804082318 ) ) ;
#859 = ORIENTED_EDGE ( 'NONE', *, *, #202, .T. ) ;
#860 = CARTESIAN_POINT ( 'NONE',  ( -38.11784377017406200, -28.59999999999999432, 9.879219836709738800 ) ) ;
#861 = EDGE_LOOP ( 'NONE', ( #4366, #2435, #310, #3421 ) ) ;
#862 = CARTESIAN_POINT ( 'NONE',  ( 11.79999999999999538, -24.12999999999998124, 22.99999999999996447 ) ) ;
#863 = DIRECTION ( 'NONE',  ( 1.000000000000000000, 1.196361017915039486E-16, -0.000000000000000000 ) ) ;
#864 = ORIENTED_EDGE ( 'NONE', *, *, #5254, .F. ) ;
#865 = CARTESIAN_POINT ( 'NONE',  ( 0.000000000000000000, 0.000000000000000000, 29.99999999999996447 ) ) ;
#866 = ORIENTED_EDGE ( 'NONE', *, *, #1249, .T. ) ;
#867 = CARTESIAN_POINT ( 'NONE',  ( -41.49215686274511228, -10.73367951973018108, 20.99999999999996092 ) ) ;
#868 = EDGE_CURVE ( 'NONE', #1866, #1024, #4665, .T. ) ;
#869 = CARTESIAN_POINT ( 'NONE',  ( -36.12780312762709656, 17.87030577417958455, 22.75930869426332137 ) ) ;
#870 = EDGE_CURVE ( 'NONE', #4437, #2521, #1482, .T. ) ;
#871 = CARTESIAN_POINT ( 'NONE',  ( 7.267811401749808553, -25.14574074505043555, 20.80337324413193656 ) ) ;
#872 = ORIENTED_EDGE ( 'NONE', *, *, #143, .F. ) ;
#873 = FACE_OUTER_BOUND ( 'NONE', #4655, .T. ) ;
#874 = ORIENTED_EDGE ( 'NONE', *, *, #3336, .T. ) ;
#875 = CIRCLE ( 'NONE', #5475, 1.587500000000000355 ) ;
#876 = DIRECTION ( 'NONE',  ( -0.000000000000000000, -0.000000000000000000, 1.000000000000000000 ) ) ;
#877 = CARTESIAN_POINT ( 'NONE',  ( 0.000000000000000000, 27.86998864849433133, 28.69999999999996376 ) ) ;
#878 = DIRECTION ( 'NONE',  ( -1.000000000000000000, 0.000000000000000000, 0.000000000000000000 ) ) ;
#879 = AXIS2_PLACEMENT_3D ( 'NONE', #4851, #3999, #3582 ) ;
#880 = ORIENTED_EDGE ( 'NONE', *, *, #3535, .F. ) ;
#881 = CIRCLE ( 'NONE', #4034, 5.100000000000000533 ) ;
#882 = DIRECTION ( 'NONE',  ( -1.000000000000000000, 0.000000000000000000, 0.000000000000000000 ) ) ;
#883 = EDGE_CURVE ( 'NONE', #4437, #13, #4721, .T. ) ;
#884 = VECTOR ( 'NONE', #863, 1000.000000000000000 ) ;
#885 = CARTESIAN_POINT ( 'NONE',  ( -36.79649863748309002, 16.86939311640452743, 21.10155234779157141 ) ) ;
#886 = CARTESIAN_POINT ( 'NONE',  ( -37.41250000000000853, -8.890000000000005898, 26.99999999999999645 ) ) ;
#887 = CARTESIAN_POINT ( 'NONE',  ( -1.930000000000008153, -26.16999999999999460, 27.36243556529820253 ) ) ;
#888 = VECTOR ( 'NONE', #1767, 1000.000000000000000 ) ;
#889 = VERTEX_POINT ( 'NONE', #3848 ) ;
#890 = LINE ( 'NONE', #2614, #4956 ) ;
#891 = CARTESIAN_POINT ( 'NONE',  ( 9.248435006160041993, -20.89999999999999503, 20.99999999999996092 ) ) ;
#892 = CARTESIAN_POINT ( 'NONE',  ( 7.903570599040287803, -25.72955212537673830, 21.19501129733691513 ) ) ;
#893 = VECTOR ( 'NONE', #4879, 1000.000000000000000 ) ;
#894 = DIRECTION ( 'NONE',  ( 0.000000000000000000, -1.000000000000000000, 0.000000000000000000 ) ) ;
#895 =( BOUNDED_CURVE ( )  B_SPLINE_CURVE ( 3, ( #3143, #3543, #1849, #174 ),
 .UNSPECIFIED., .F., .T. ) 
 B_SPLINE_CURVE_WITH_KNOTS ( ( 4, 4 ),
 ( 3.141592653589793116, 4.712388980384689674 ),
 .UNSPECIFIED. ) 
 CURVE ( )  GEOMETRIC_REPRESENTATION_ITEM ( )  RATIONAL_B_SPLINE_CURVE ( ( 1.000000000000000000, 0.8047378541243649375, 0.8047378541243649375, 1.000000000000000000 ) ) 
 REPRESENTATION_ITEM ( '' )  );
#896 = VECTOR ( 'NONE', #1506, 1000.000000000000000 ) ;
#897 = CARTESIAN_POINT ( 'NONE',  ( -35.94236077736313462, 18.50017393140247179, 21.53194990452655944 ) ) ;
#898 = ORIENTED_EDGE ( 'NONE', *, *, #3056, .F. ) ;
#899 = CARTESIAN_POINT ( 'NONE',  ( -43.10000000000001563, -11.70593913559389598, 20.99999999999996447 ) ) ;
#900 = DIRECTION ( 'NONE',  ( 0.000000000000000000, 1.000000000000000000, -0.000000000000000000 ) ) ;
#901 = TOROIDAL_SURFACE ( 'NONE', #1357, 5.099999999999999645, 2.000000000000000000 ) ;
#902 = CARTESIAN_POINT ( 'NONE',  ( 23.09999999999997300, 24.50000000000001066, 108.4887421329166983 ) ) ;
#903 = VERTEX_POINT ( 'NONE', #2555 ) ;
#904 = CARTESIAN_POINT ( 'NONE',  ( 13.06999999999998607, 24.13000000000000966, 24.99999999999999289 ) ) ;
#905 = ORIENTED_EDGE ( 'NONE', *, *, #2117, .F. ) ;
#906 = VECTOR ( 'NONE', #4100, 1000.000000000000000 ) ;
#907 = CARTESIAN_POINT ( 'NONE',  ( -30.40000000000001634, -20.89999999999999147, 20.99999999999996447 ) ) ;
#908 = EDGE_CURVE ( 'NONE', #991, #4437, #1734, .T. ) ;
#909 = DIRECTION ( 'NONE',  ( 1.000000000000000000, 0.000000000000000000, 0.000000000000000000 ) ) ;
#910 = CARTESIAN_POINT ( 'NONE',  ( -24.00000000000002842, 26.87000000000001165, 22.29999999999996518 ) ) ;
#911 = CIRCLE ( 'NONE', #285, 1.587499999999998579 ) ;
#912 = ORIENTED_EDGE ( 'NONE', *, *, #917, .F. ) ;
#913 = DIRECTION ( 'NONE',  ( -1.000000000000000000, 0.000000000000000000, 0.000000000000000000 ) ) ;
#914 = EDGE_CURVE ( 'NONE', #4461, #3860, #3766, .T. ) ;
#915 = AXIS2_PLACEMENT_3D ( 'NONE', #4200, #5457, #2882 ) ;
#916 = CARTESIAN_POINT ( 'NONE',  ( 10.80519413082052615, -27.07108243103718692, 21.32639849972609269 ) ) ;
#917 = EDGE_CURVE ( 'NONE', #383, #584, #1327, .T. ) ;
#918 = PLANE ( 'NONE',  #5136 ) ;
#919 = B_SPLINE_CURVE_WITH_KNOTS ( 'NONE', 3,
 ( #470, #5171, #892, #1684, #2988, #2165 ),
 .UNSPECIFIED., .F., .F.,
 ( 4, 2, 4 ),
 ( 6.641091525722372873E-16, 0.0008114269074925346435, 0.001622853814984404237 ),
 .UNSPECIFIED. ) ;
#920 = PLANE ( 'NONE',  #4256 ) ;
#921 = CIRCLE ( 'NONE', #4707, 5.099999999999998757 ) ;
#922 = EDGE_LOOP ( 'NONE', ( #2169, #2866, #1122, #4709, #3752, #4982, #4169 ) ) ;
#923 = DIRECTION ( 'NONE',  ( -0.8865773195005095531, -0.2530970669281310537, 0.3871983099907184145 ) ) ;
#924 = DIRECTION ( 'NONE',  ( 0.000000000000000000, 0.000000000000000000, 1.000000000000000000 ) ) ;
#925 = CARTESIAN_POINT ( 'NONE',  ( -43.10000000000002274, 17.97525634036347952, 20.99999999999996447 ) ) ;
#926 = ORIENTED_EDGE ( 'NONE', *, *, #4464, .F. ) ;
#927 = DIRECTION ( 'NONE',  ( 0.000000000000000000, -1.000000000000000000, 0.000000000000000000 ) ) ;
#928 = VERTEX_POINT ( 'NONE', #322 ) ;
#929 = CARTESIAN_POINT ( 'NONE',  ( -39.00000000000001421, -24.49999999999998934, 5.544774941164130944 ) ) ;
#930 = LINE ( 'NONE', #2650, #2869 ) ;
#931 = CARTESIAN_POINT ( 'NONE',  ( 11.48249999999998572, 24.13000000000000966, 26.49999999999999645 ) ) ;
#932 = CARTESIAN_POINT ( 'NONE',  ( 11.79999999999999538, -24.12999999999998124, 20.99999999999996803 ) ) ;
#933 = EDGE_LOOP ( 'NONE', ( #1389, #1499, #1975, #1473 ) ) ;
#934 = CARTESIAN_POINT ( 'NONE',  ( -39.00000000000000711, -8.890000000000005898, 24.99999999999996803 ) ) ;
#935 = VERTEX_POINT ( 'NONE', #2048 ) ;
#936 = LINE ( 'NONE', #4408, #2798 ) ;
#937 = CARTESIAN_POINT ( 'NONE',  ( -32.00000000000002132, -26.86999999999999744, 26.14999999999996660 ) ) ;
#938 = CYLINDRICAL_SURFACE ( 'NONE', #732, 1.474999999999997202 ) ;
#939 = ORIENTED_EDGE ( 'NONE', *, *, #703, .T. ) ;
#940 = DIRECTION ( 'NONE',  ( 0.000000000000000000, 1.000000000000000000, -0.000000000000000000 ) ) ;
#941 = ADVANCED_FACE ( 'NONE', ( #5112, #3425 ), #3003, .T. ) ;
#942 = DIRECTION ( 'NONE',  ( 0.000000000000000000, 0.000000000000000000, -1.000000000000000000 ) ) ;
#943 = ADVANCED_FACE ( 'NONE', ( #4297 ), #3877, .F. ) ;
#944 = CARTESIAN_POINT ( 'NONE',  ( 10.94830511218561675, -28.59999999999999076, 20.99999999999996447 ) ) ;
#945 = CARTESIAN_POINT ( 'NONE',  ( -39.00000000000002842, 28.60000000000000142, 20.99999999999996447 ) ) ;
#946 = EDGE_CURVE ( 'NONE', #4924, #1568, #31, .T. ) ;
#947 = DIRECTION ( 'NONE',  ( 0.000000000000000000, 0.000000000000000000, 1.000000000000000000 ) ) ;
#948 = VERTEX_POINT ( 'NONE', #3569 ) ;
#949 = EDGE_CURVE ( 'NONE', #1138, #1107, #424, .T. ) ;
#950 = DIRECTION ( 'NONE',  ( -0.4002294240255064861, 3.469446951953611822E-15, -0.9164149759493303016 ) ) ;
#951 = DIRECTION ( 'NONE',  ( 1.000000000000000000, 0.000000000000000000, -0.000000000000000000 ) ) ;
#952 = CARTESIAN_POINT ( 'NONE',  ( -42.09993262706844774, 18.88478250264588354, 22.73211480047049449 ) ) ;
#953 = EDGE_CURVE ( 'NONE', #2512, #1693, #2777, .T. ) ;
#954 = EDGE_LOOP ( 'NONE', ( #1076, #4931 ) ) ;
#955 = CARTESIAN_POINT ( 'NONE',  ( -35.90949030080982141, 19.29241203389819503, 21.07814393941446696 ) ) ;
#956 = ORIENTED_EDGE ( 'NONE', *, *, #534, .T. ) ;
#957 = CYLINDRICAL_SURFACE ( 'NONE', #4959, 1.587499999999998579 ) ;
#958 = CARTESIAN_POINT ( 'NONE',  ( -33.30000000000002558, -28.59999999999999787, 20.99999999999996447 ) ) ;
#959 = LINE ( 'NONE', #2768, #3888 ) ;
#960 = ORIENTED_EDGE ( 'NONE', *, *, #1246, .F. ) ;
#961 = CARTESIAN_POINT ( 'NONE',  ( 20.47499999999998366, 24.50000000000001066, -0.01000000000000002623 ) ) ;
#962 = ORIENTED_EDGE ( 'NONE', *, *, #394, .T. ) ;
#963 = FACE_OUTER_BOUND ( 'NONE', #5048, .T. ) ;
#964 = CARTESIAN_POINT ( 'NONE',  ( 18.99999999999998934, -24.49999999999998934, 11.99000000000000021 ) ) ;
#965 = CARTESIAN_POINT ( 'NONE',  ( -35.40000000000001990, -12.50247837363771097, 20.99999999999996447 ) ) ;
#966 = ORIENTED_EDGE ( 'NONE', *, *, #114, .F. ) ;
#967 = CARTESIAN_POINT ( 'NONE',  ( -37.61850505936103417, 28.59999999999999787, 10.09349929844183436 ) ) ;
#968 = CARTESIAN_POINT ( 'NONE',  ( -42.10000000000000853, -8.890000000000009450, 22.73205080756884655 ) ) ;
#969 = DIRECTION ( 'NONE',  ( 0.000000000000000000, 0.000000000000000000, 1.000000000000000000 ) ) ;
#970 = AXIS2_PLACEMENT_3D ( 'NONE', #1894, #75, #4026 ) ;
#971 = LINE ( 'NONE', #4417, #4693 ) ;
#972 = CARTESIAN_POINT ( 'NONE',  ( -39.00000000000002132, 19.05000000000000071, 20.99999999999996803 ) ) ;
#973 = ORIENTED_EDGE ( 'NONE', *, *, #3347, .T. ) ;
#974 = AXIS2_PLACEMENT_3D ( 'NONE', #4134, #5035, #4617 ) ;
#975 = DIRECTION ( 'NONE',  ( -0.000000000000000000, 0.000000000000000000, -1.000000000000000000 ) ) ;
#976 = DIRECTION ( 'NONE',  ( -1.000000000000000000, -1.794541526872558613E-16, 0.000000000000000000 ) ) ;
#977 = CARTESIAN_POINT ( 'NONE',  ( -39.00000000000002842, 28.60000000000000142, 9.722050807568813013 ) ) ;
#978 = AXIS2_PLACEMENT_3D ( 'NONE', #5183, #2598, #421 ) ;
#979 = CIRCLE ( 'NONE', #1154, 1.999999999999999556 ) ;
#980 = EDGE_CURVE ( 'NONE', #1562, #806, #3327, .T. ) ;
#981 = CARTESIAN_POINT ( 'NONE',  ( -35.34251252785961128, 16.67757234054913340, 21.00000000149805501 ) ) ;
#982 = ORIENTED_EDGE ( 'NONE', *, *, #1769, .T. ) ;
#983 = VECTOR ( 'NONE', #4925, 1000.000000000000000 ) ;
#984 = DIRECTION ( 'NONE',  ( 1.000000000000000000, 0.000000000000000000, 0.000000000000000000 ) ) ;
#985 = LINE ( 'NONE', #4060, #155 ) ;
#986 = CARTESIAN_POINT ( 'NONE',  ( 18.23004566711288277, -27.87468354430379236, 6.712247492511013824 ) ) ;
#987 = DIRECTION ( 'NONE',  ( -0.000000000000000000, -0.000000000000000000, -1.000000000000000000 ) ) ;
#988 = CIRCLE ( 'NONE', #2973, 1.474999999999997202 ) ;
#989 = EDGE_LOOP ( 'NONE', ( #1166, #2083, #5506, #4158 ) ) ;
#990 = LINE ( 'NONE', #4858, #2604 ) ;
#991 = VERTEX_POINT ( 'NONE', #575 ) ;
#992 = CARTESIAN_POINT ( 'NONE',  ( 9.514918768477707900, -22.02743681174201740, 22.99999999999996092 ) ) ;
#993 = AXIS2_PLACEMENT_3D ( 'NONE', #5529, #4803, #374 ) ;
#994 = CARTESIAN_POINT ( 'NONE',  ( -37.41250000000000853, -8.890000000000005898, 26.49999999999999645 ) ) ;
#995 = CARTESIAN_POINT ( 'NONE',  ( 10.39999999999997904, 20.90000000000001279, 20.99999999999996447 ) ) ;
#996 = VERTEX_POINT ( 'NONE', #1851 ) ;
#997 = LINE ( 'NONE', #1422, #4671 ) ;
#998 = AXIS2_PLACEMENT_3D ( 'NONE', #3691, #1547, #1252 ) ;
#999 = CARTESIAN_POINT ( 'NONE',  ( -43.10000000000000853, -22.81506193742407973, 10.28513785303671924 ) ) ;
#1000 = DIRECTION ( 'NONE',  ( 0.000000000000000000, 1.000000000000000000, -0.000000000000000000 ) ) ;
#1001 = CARTESIAN_POINT ( 'NONE',  ( 13.58769689247103685, 27.19749782323349407, 22.91821248829328184 ) ) ;
#1002 = CARTESIAN_POINT ( 'NONE',  ( 6.069999999999985185, 26.87000000000001165, 22.29999999999996518 ) ) ;
#1003 = VERTEX_POINT ( 'NONE', #2277 ) ;
#1004 = AXIS2_PLACEMENT_3D ( 'NONE', #1672, #1276, #427 ) ;
#1005 = CARTESIAN_POINT ( 'NONE',  ( -41.67898660675638212, -7.321592741107557423, 22.98030114007864100 ) ) ;
#1006 = DIRECTION ( 'NONE',  ( 0.000000000000000000, 0.000000000000000000, -1.000000000000000000 ) ) ;
#1007 = AXIS2_PLACEMENT_3D ( 'NONE', #1640, #3307, #1157 ) ;
#1008 = CARTESIAN_POINT ( 'NONE',  ( -36.00611991481860485, -8.079593904702127460, 22.49906974064277776 ) ) ;
#1009 = ORIENTED_EDGE ( 'NONE', *, *, #4979, .F. ) ;
#1010 = EDGE_CURVE ( 'NONE', #2769, #1870, #336, .T. ) ;
#1011 = CARTESIAN_POINT ( 'NONE',  ( -35.89469831069915529, 18.86304377068096727, 21.44532998371040122 ) ) ;
#1012 = ORIENTED_EDGE ( 'NONE', *, *, #4840, .T. ) ;
#1013 = AXIS2_PLACEMENT_3D ( 'NONE', #5122, #1261, #1685 ) ;
#1014 = LINE ( 'NONE', #4903, #4328 ) ;
#1015 = CARTESIAN_POINT ( 'NONE',  ( -39.00000000000002132, 19.05000000000000071, 26.99999999999999645 ) ) ;
#1016 = ADVANCED_FACE ( 'NONE', ( #2693 ), #1656, .F. ) ;
#1017 = DIRECTION ( 'NONE',  ( 1.000000000000000000, -2.040851148208007998E-15, 0.000000000000000000 ) ) ;
#1018 = ORIENTED_EDGE ( 'NONE', *, *, #773, .F. ) ;
#1019 = EDGE_CURVE ( 'NONE', #1745, #2178, #5286, .T. ) ;
#1020 = DIRECTION ( 'NONE',  ( -1.000000000000000000, 0.000000000000000000, 0.000000000000000000 ) ) ;
#1021 = ORIENTED_EDGE ( 'NONE', *, *, #841, .F. ) ;
#1022 = CARTESIAN_POINT ( 'NONE',  ( -22.70000000000003126, 28.60000000000000497, 20.99999999999996447 ) ) ;
#1023 = LINE ( 'NONE', #2749, #2454 ) ;
#1024 = VERTEX_POINT ( 'NONE', #5163 ) ;
#1025 = CARTESIAN_POINT ( 'NONE',  ( 14.25542257055682072, -28.59999999999999076, 20.99999999999996447 ) ) ;
#1026 = CARTESIAN_POINT ( 'NONE',  ( 18.29031520715379600, 28.60000000000000853, 9.821407705753127715 ) ) ;
#1027 = LINE ( 'NONE', #2946, #5585 ) ;
#1028 = CARTESIAN_POINT ( 'NONE',  ( 11.39026656446066710, 28.60000000000000853, 20.99999999999996447 ) ) ;
#1029 = CARTESIAN_POINT ( 'NONE',  ( 23.09999999999998721, -24.49999999999995737, 9.722050807568896502 ) ) ;
#1030 = EDGE_LOOP ( 'NONE', ( #1611, #479 ) ) ;
#1031 = CARTESIAN_POINT ( 'NONE',  ( 13.33454303812833253, -19.95049329215393641, 21.00000000223499796 ) ) ;
#1032 = CARTESIAN_POINT ( 'NONE',  ( -43.10000000000002274, 16.01684982237938115, 20.99999999999996447 ) ) ;
#1033 = CARTESIAN_POINT ( 'NONE',  ( -35.40000000000001990, -9.231074122047818520, 20.99999999999996447 ) ) ;
#1034 = VERTEX_POINT ( 'NONE', #1423 ) ;
#1035 = CARTESIAN_POINT ( 'NONE',  ( 18.99999999999998934, -24.49999999999998934, 1.650254037844403054 ) ) ;
#1036 = ORIENTED_EDGE ( 'NONE', *, *, #4538, .F. ) ;
#1037 = CARTESIAN_POINT ( 'NONE',  ( -43.10000000000002274, 24.50000000000001066, 11.99000000000000021 ) ) ;
#1038 = FACE_OUTER_BOUND ( 'NONE', #2426, .T. ) ;
#1039 = EDGE_CURVE ( 'NONE', #2342, #2769, #2757, .T. ) ;
#1040 = CYLINDRICAL_SURFACE ( 'NONE', #4521, 1.475000000000000533 ) ;
#1041 = ORIENTED_EDGE ( 'NONE', *, *, #870, .F. ) ;
#1042 = DIRECTION ( 'NONE',  ( -0.000000000000000000, -0.000000000000000000, 1.000000000000000000 ) ) ;
#1043 = VERTEX_POINT ( 'NONE', #968 ) ;
#1044 = ADVANCED_FACE ( 'NONE', ( #4381 ), #1512, .F. ) ;
#1045 = CARTESIAN_POINT ( 'NONE',  ( 15.39999999999998792, -20.89999999999999147, 20.99999999999996447 ) ) ;
#1046 = ADVANCED_FACE ( 'NONE', ( #144 ), #4748, .F. ) ;
#1047 = CARTESIAN_POINT ( 'NONE',  ( -39.00000000000001421, -28.59999999999999787, 20.99999999999996447 ) ) ;
#1048 = ORIENTED_EDGE ( 'NONE', *, *, #202, .F. ) ;
#1049 = CARTESIAN_POINT ( 'NONE',  ( -36.73831023626189562, 28.60000000000000142, 10.71836822712625015 ) ) ;
#1050 = CARTESIAN_POINT ( 'NONE',  ( 8.150358959551269322, -25.31633929982983133, 21.44874843929642694 ) ) ;
#1051 = DIRECTION ( 'NONE',  ( -1.000000000000000000, 0.000000000000000000, 0.000000000000000000 ) ) ;
#1052 = EDGE_CURVE ( 'NONE', #2162, #2207, #5257, .T. ) ;
#1053 = CARTESIAN_POINT ( 'NONE',  ( 11.64593494144403252, 26.88465740159231743, 21.08763347779997588 ) ) ;
#1054 = CARTESIAN_POINT ( 'NONE',  ( -35.40000000000001990, -20.89999999999999147, 20.99999999999996447 ) ) ;
#1055 = VERTEX_POINT ( 'NONE', #207 ) ;
#1056 = AXIS2_PLACEMENT_3D ( 'NONE', #4014, #91, #3925 ) ;
#1057 = CARTESIAN_POINT ( 'NONE',  ( 12.73086102042846690, -21.12223105517666255, 21.50838927542373824 ) ) ;
#1058 = DIRECTION ( 'NONE',  ( 0.000000000000000000, 0.000000000000000000, 1.000000000000000000 ) ) ;
#1059 = CARTESIAN_POINT ( 'NONE',  ( -36.81176470588236782, -6.694179812102576399, 22.99999999999996092 ) ) ;
#1060 = AXIS2_PLACEMENT_3D ( 'NONE', #1163, #4343, #476 ) ;
#1061 = AXIS2_PLACEMENT_3D ( 'NONE', #5507, #4662, #346 ) ;
#1062 = VERTEX_POINT ( 'NONE', #5363 ) ;
#1063 = DIRECTION ( 'NONE',  ( -1.000000000000000000, 0.000000000000000000, 0.000000000000000000 ) ) ;
#1064 = EDGE_LOOP ( 'NONE', ( #3881, #4435, #644, #5499, #445, #2167, #3687, #4516, #4341, #420, #4814, #3723 ) ) ;
#1065 = FACE_OUTER_BOUND ( 'NONE', #2923, .T. ) ;
#1066 = CIRCLE ( 'NONE', #4404, 1.087499999999998135 ) ;
#1067 = CIRCLE ( 'NONE', #1700, 5.409401076758503457 ) ;
#1068 = DIRECTION ( 'NONE',  ( -0.5000000000000031086, 6.123233995736803014E-17, 0.8660254037844368202 ) ) ;
#1069 = EDGE_LOOP ( 'NONE', ( #4913, #3878, #2736, #384 ) ) ;
#1070 = CIRCLE ( 'NONE', #3144, 1.474999999999997202 ) ;
#1071 = CARTESIAN_POINT ( 'NONE',  ( -35.90000000000001279, -24.49999999999998934, 11.99000000000000021 ) ) ;
#1072 = ORIENTED_EDGE ( 'NONE', *, *, #5480, .F. ) ;
#1073 = DIRECTION ( 'NONE',  ( 0.000000000000000000, -0.4275913391174968048, -0.9039721493009094111 ) ) ;
#1074 = CIRCLE ( 'NONE', #4317, 5.100000000000000533 ) ;
#1075 = CARTESIAN_POINT ( 'NONE',  ( 10.67097473497624804, 22.16666666666667496, 22.99999999999996447 ) ) ;
#1076 = ORIENTED_EDGE ( 'NONE', *, *, #495, .T. ) ;
#1077 = CARTESIAN_POINT ( 'NONE',  ( -36.46950653353544425, 28.59999999999999787, 10.95758637581518435 ) ) ;
#1078 = TOROIDAL_SURFACE ( 'NONE', #1258, 5.099999999999999645, 2.000000000000000000 ) ;
#1079 = EDGE_CURVE ( 'NONE', #4461, #3860, #2234, .T. ) ;
#1080 = CARTESIAN_POINT ( 'NONE',  ( 10.39999999999998614, -19.22592006590429392, 22.09428349812013437 ) ) ;
#1081 = CARTESIAN_POINT ( 'NONE',  ( 18.99999999999998224, 28.60000000000000853, 9.722050807568882291 ) ) ;
#1082 = ADVANCED_FACE ( 'NONE', ( #1454 ), #1538, .F. ) ;
#1083 = DIRECTION ( 'NONE',  ( -0.000000000000000000, -0.000000000000000000, -1.000000000000000000 ) ) ;
#1084 = DIRECTION ( 'NONE',  ( 0.000000000000000000, 0.000000000000000000, -1.000000000000000000 ) ) ;
#1085 = LINE ( 'NONE', #1054, #4853 ) ;
#1086 = EDGE_CURVE ( 'NONE', #1360, #2646, #1743, .T. ) ;
#1087 = VERTEX_POINT ( 'NONE', #264 ) ;
#1088 = CIRCLE ( 'NONE', #5314, 3.099999999999998757 ) ;
#1089 = CARTESIAN_POINT ( 'NONE',  ( 11.85196022586380060, -21.02924748363491503, 22.28050038827933577 ) ) ;
#1090 = LINE ( 'NONE', #4535, #1336 ) ;
#1091 = EDGE_CURVE ( 'NONE', #1528, #5417, #5101, .T. ) ;
#1092 = CARTESIAN_POINT ( 'NONE',  ( -36.00091207783800940, -9.700311944063999547, 22.49297675852416134 ) ) ;
#1093 = CIRCLE ( 'NONE', #189, 1.299999999999999156 ) ;
#1094 = ORIENTED_EDGE ( 'NONE', *, *, #5347, .T. ) ;
#1095 = LINE ( 'NONE', #2824, #4766 ) ;
#1096 = VERTEX_POINT ( 'NONE', #2779 ) ;
#1097 = DIRECTION ( 'NONE',  ( -0.000000000000000000, -0.000000000000000000, -1.000000000000000000 ) ) ;
#1098 = FACE_OUTER_BOUND ( 'NONE', #2681, .T. ) ;
#1099 = FACE_OUTER_BOUND ( 'NONE', #3434, .T. ) ;
#1100 = CARTESIAN_POINT ( 'NONE',  ( 12.88749999999999396, -24.12999999999998124, 26.49999999999999645 ) ) ;
#1101 = ORIENTED_EDGE ( 'NONE', *, *, #914, .T. ) ;
#1102 = CIRCLE ( 'NONE', #4440, 5.000000000000000888 ) ;
#1103 = CARTESIAN_POINT ( 'NONE',  ( 17.61850505936101996, -28.59999999999999432, 10.09349929844189653 ) ) ;
#1104 = ORIENTED_EDGE ( 'NONE', *, *, #154, .F. ) ;
#1105 = CARTESIAN_POINT ( 'NONE',  ( -43.10000000000002274, 24.50000000000001066, 20.99999999999996447 ) ) ;
#1106 = DIRECTION ( 'NONE',  ( 1.000000000000000000, 0.000000000000000000, 0.000000000000000000 ) ) ;
#1107 = VERTEX_POINT ( 'NONE', #230 ) ;
#1108 = CARTESIAN_POINT ( 'NONE',  ( 12.08400614781425553, 20.61362721178898028, 20.99999999800413164 ) ) ;
#1109 = DIRECTION ( 'NONE',  ( -1.000000000000000000, 0.000000000000000000, 0.000000000000000000 ) ) ;
#1110 = PLANE ( 'NONE',  #2717 ) ;
#1111 = ORIENTED_EDGE ( 'NONE', *, *, #2013, .F. ) ;
#1112 =( BOUNDED_SURFACE ( )  B_SPLINE_SURFACE ( 3, 2, ( 
 ( #4780, #5227, #2695 ),
 ( #3961, #1339, #1791 ),
 ( #3093, #2189, #1374 ),
 ( #5192, #5258, #1762 ),
 ( #3480, #916, #3059 ),
 ( #2638, #2244, #944 ),
 ( #2663, #513, #92 ),
 ( #4357, #3118, #3512 ),
 ( #4834, #4715, #5528 ),
 ( #1643, #2996, #3369 ),
 ( #1240, #24, #5078 ),
 ( #4656, #2573, #2941 ),
 ( #3047, #3838, #373 ),
 ( #2145, #5156, #1301 ) ),
 .UNSPECIFIED., .F., .F., .T. ) 
 B_SPLINE_SURFACE_WITH_KNOTS ( ( 4, 2, 2, 2, 2, 2, 4 ),
 ( 3, 3 ),
 ( 0.003911803473945405646, 0.004555038322026777609, 0.005198273170108150439, 0.006484742866270895231, 0.007771212562433640024, 0.008414447410515012854, 0.009057682258596384817 ),
 ( 0.000000000000000000, 1.000000000000000000 ),
 .UNSPECIFIED. ) 
 GEOMETRIC_REPRESENTATION_ITEM ( )  RATIONAL_B_SPLINE_SURFACE ( (
 ( 1.000000000000000000, 0.7071067811865475727, 1.000000000000000000),
 ( 1.000000000000000000, 0.7230326127695133609, 1.000000000000000000),
 ( 1.000000000000000000, 0.7376173488428802161, 1.000000000000000000),
 ( 1.000000000000000000, 0.7633524248187130157, 1.000000000000000000),
 ( 1.000000000000000000, 0.7745470554728349777, 1.000000000000000000),
 ( 1.000000000000000000, 0.8014933057147651807, 1.000000000000000000),
 ( 1.000000000000000000, 0.8108932981962707620, 1.000000000000000000),
 ( 1.000000000000000000, 0.8108340368738841120, 1.000000000000000000),
 ( 1.000000000000000000, 0.8013665934193869855, 1.000000000000000000),
 ( 1.000000000000000000, 0.7744790366144699290, 1.000000000000000000),
 ( 1.000000000000000000, 0.7632862020285077209, 1.000000000000000000),
 ( 1.000000000000000000, 0.7374980878043948529, 1.000000000000000000),
 ( 1.000000000000000000, 0.7229301882324481454, 1.000000000000000000),
 ( 1.000000000000000000, 0.7071067811865476838, 1.000000000000000000) ) ) 
 REPRESENTATION_ITEM ( '' )  SURFACE ( )  );
#1113 = CARTESIAN_POINT ( 'NONE',  ( -40.58750000000001990, 19.05000000000000071, 24.99999999999999289 ) ) ;
#1114 = ORIENTED_EDGE ( 'NONE', *, *, #2855, .F. ) ;
#1115 = EDGE_CURVE ( 'NONE', #4490, #4368, #2390, .T. ) ;
#1116 = CARTESIAN_POINT ( 'NONE',  ( 13.43140422967981351, -19.87774191646490252, 20.99999999868130374 ) ) ;
#1117 = CARTESIAN_POINT ( 'NONE',  ( -33.30000000000002558, -28.59999999999999076, 22.29999999999996518 ) ) ;
#1118 = CARTESIAN_POINT ( 'NONE',  ( -36.35022314747406824, -10.54396439123083695, 21.53947573152401418 ) ) ;
#1119 = EDGE_CURVE ( 'NONE', #3947, #780, #3225, .T. ) ;
#1120 = ORIENTED_EDGE ( 'NONE', *, *, #3674, .T. ) ;
#1121 = DIRECTION ( 'NONE',  ( -0.7738791177495951690, 0.6333333333333311943, 0.000000000000000000 ) ) ;
#1122 = ORIENTED_EDGE ( 'NONE', *, *, #2881, .T. ) ;
#1123 = CARTESIAN_POINT ( 'NONE',  ( -3.230000000000014193, 28.60000000000000853, 20.99999999999996447 ) ) ;
#1124 = LINE ( 'NONE', #2853, #4484 ) ;
#1125 =( LENGTH_UNIT ( ) NAMED_UNIT ( * ) SI_UNIT ( .MILLI., .METRE. ) );
#1126 = FACE_OUTER_BOUND ( 'NONE', #5431, .T. ) ;
#1127 = ORIENTED_EDGE ( 'NONE', *, *, #4944, .T. ) ;
#1128 = CARTESIAN_POINT ( 'NONE',  ( 14.19487422166632840, 19.15559973610582389, 22.99999999999996447 ) ) ;
#1129 = ORIENTED_EDGE ( 'NONE', *, *, #1249, .F. ) ;
#1130 = DIRECTION ( 'NONE',  ( -0.000000000000000000, -0.000000000000000000, -1.000000000000000000 ) ) ;
#1131 = CARTESIAN_POINT ( 'NONE',  ( 13.75374707591482171, 21.10634493763295794, 22.99999999999996447 ) ) ;
#1132 = VERTEX_POINT ( 'NONE', #3597 ) ;
#1133 = CARTESIAN_POINT ( 'NONE',  ( 11.16518971312978792, 20.86375376285613825, 21.00000000759496999 ) ) ;
#1134 = CARTESIAN_POINT ( 'NONE',  ( 7.975779186210885996, -25.35553037797518527, 21.30377753043773481 ) ) ;
#1135 = DIRECTION ( 'NONE',  ( -0.000000000000000000, -0.000000000000000000, -1.000000000000000000 ) ) ;
#1136 = ORIENTED_EDGE ( 'NONE', *, *, #1420, .T. ) ;
#1137 = DIRECTION ( 'NONE',  ( 0.000000000000000000, 0.000000000000000000, 1.000000000000000000 ) ) ;
#1138 = VERTEX_POINT ( 'NONE', #3711 ) ;
#1139 = CARTESIAN_POINT ( 'NONE',  ( 12.00016895512236204, -20.64244978645232109, 21.00000000402211953 ) ) ;
#1140 = CARTESIAN_POINT ( 'NONE',  ( 11.79999999999999538, -24.12999999999998124, 26.49999999999999645 ) ) ;
#1141 = LINE ( 'NONE', #1594, #4514 ) ;
#1142 = ORIENTED_EDGE ( 'NONE', *, *, #4432, .T. ) ;
#1143 = CARTESIAN_POINT ( 'NONE',  ( 10.61457742944314120, 28.60000000000001208, 20.99999999999996447 ) ) ;
#1144 = ORIENTED_EDGE ( 'NONE', *, *, #1874, .F. ) ;
#1145 = EDGE_CURVE ( 'NONE', #3063, #1300, #3656, .T. ) ;
#1146 = DIRECTION ( 'NONE',  ( 0.000000000000000000, 0.000000000000000000, 1.000000000000000000 ) ) ;
#1147 = CIRCLE ( 'NONE', #5196, 0.5000000000000004441 ) ;
#1148 = AXIS2_PLACEMENT_3D ( 'NONE', #3267, #4950, #603 ) ;
#1149 = ORIENTED_EDGE ( 'NONE', *, *, #4257, .T. ) ;
#1150 = DIRECTION ( 'NONE',  ( -0.000000000000000000, -0.000000000000000000, 1.000000000000000000 ) ) ;
#1151 = ORIENTED_EDGE ( 'NONE', *, *, #226, .T. ) ;
#1152 = AXIS2_PLACEMENT_3D ( 'NONE', #2819, #3662, #1058 ) ;
#1153 = FACE_OUTER_BOUND ( 'NONE', #4953, .T. ) ;
#1154 = AXIS2_PLACEMENT_3D ( 'NONE', #695, #1599, #1176 ) ;
#1155 = EDGE_CURVE ( 'NONE', #688, #2102, #3959, .T. ) ;
#1156 = EDGE_CURVE ( 'NONE', #3465, #5095, #1478, .T. ) ;
#1157 = DIRECTION ( 'NONE',  ( 1.000000000000000000, 0.000000000000000000, 0.000000000000000000 ) ) ;
#1158 = CIRCLE ( 'NONE', #4312, 2.000000000000001776 ) ;
#1159 = ORIENTED_EDGE ( 'NONE', *, *, #4587, .T. ) ;
#1160 = CIRCLE ( 'NONE', #5193, 4.100000000000020073 ) ;
#1161 = CARTESIAN_POINT ( 'NONE',  ( 14.08002473064750859, 19.28664370768611747, 21.00000000081826101 ) ) ;
#1162 = STYLED_ITEM ( 'NONE', ( #2583 ), #2890 ) ;
#1163 = CARTESIAN_POINT ( 'NONE',  ( 18.99999999999998934, -24.49999999999998934, -0.01000000000000002623 ) ) ;
#1164 = VERTEX_POINT ( 'NONE', #4798 ) ;
#1165 = AXIS2_PLACEMENT_3D ( 'NONE', #2631, #5586, #5134 ) ;
#1166 = ORIENTED_EDGE ( 'NONE', *, *, #2776, .F. ) ;
#1167 = EDGE_CURVE ( 'NONE', #780, #415, #1585, .T. ) ;
#1168 = DIRECTION ( 'NONE',  ( -1.000000000000000000, 0.000000000000000000, 0.000000000000000000 ) ) ;
#1169 = FACE_OUTER_BOUND ( 'NONE', #439, .T. ) ;
#1170 = CIRCLE ( 'NONE', #4422, 0.5000000000000004441 ) ;
#1171 = LINE ( 'NONE', #753, #814 ) ;
#1172 = EDGE_LOOP ( 'NONE', ( #4967, #1731, #5083, #5039 ) ) ;
#1173 = AXIS2_PLACEMENT_3D ( 'NONE', #5471, #5002, #5082 ) ;
#1174 = CARTESIAN_POINT ( 'NONE',  ( -3.230000000000007976, -25.56999999999999673, 20.99999999999996803 ) ) ;
#1175 = EDGE_LOOP ( 'NONE', ( #754, #3407, #4290, #744 ) ) ;
#1176 = DIRECTION ( 'NONE',  ( 0.7864554092428257537, -0.6176470588229976411, -1.734723475976807489E-15 ) ) ;
#1177 = CARTESIAN_POINT ( 'NONE',  ( 12.17587111145334333, -21.04885347267498474, 22.56921916946900808 ) ) ;
#1178 = AXIS2_PLACEMENT_3D ( 'NONE', #3023, #509, #2552 ) ;
#1179 = CARTESIAN_POINT ( 'NONE',  ( 6.069999999999986962, 26.87000000000001165, 26.14999999999996660 ) ) ;
#1180 = EDGE_CURVE ( 'NONE', #5011, #13, #1194, .T. ) ;
#1181 = VERTEX_POINT ( 'NONE', #4762 ) ;
#1182 = FACE_OUTER_BOUND ( 'NONE', #3666, .T. ) ;
#1183 = VERTEX_POINT ( 'NONE', #4636 ) ;
#1184 = AXIS2_PLACEMENT_3D ( 'NONE', #3301, #4544, #2856 ) ;
#1185 = CARTESIAN_POINT ( 'NONE',  ( 20.47499999999998366, 24.50000000000001066, 1.650254037844403054 ) ) ;
#1186 = EDGE_CURVE ( 'NONE', #277, #3465, #2591, .T. ) ;
#1187 = B_SPLINE_CURVE_WITH_KNOTS ( 'NONE', 3,
 ( #1442, #3161, #2459, #4171, #279, #3698, #1947, #4564, #3775, #2796 ),
 .UNSPECIFIED., .F., .F.,
 ( 4, 2, 2, 2, 4 ),
 ( 0.001990295386954154047, 0.002486619988448169477, 0.002982944589942185341, 0.003479269191436201204, 0.003975593792930216634 ),
 .UNSPECIFIED. ) ;
#1188 = ADVANCED_FACE ( 'NONE', ( #1646 ), #3467, .F. ) ;
#1189 = CIRCLE ( 'NONE', #4165, 5.000000000000000888 ) ;
#1190 = VERTEX_POINT ( 'NONE', #3736 ) ;
#1191 = EDGE_CURVE ( 'NONE', #1544, #2004, #2237, .T. ) ;
#1192 = CARTESIAN_POINT ( 'NONE',  ( 13.66124680903399380, 21.05814006297945795, 21.35939286910647184 ) ) ;
#1193 = AXIS2_PLACEMENT_3D ( 'NONE', #2679, #4401, #535 ) ;
#1194 = LINE ( 'NONE', #5178, #2058 ) ;
#1195 = LINE ( 'NONE', #743, #3797 ) ;
#1196 = ORIENTED_EDGE ( 'NONE', *, *, #2672, .T. ) ;
#1197 = FACE_OUTER_BOUND ( 'NONE', #3731, .T. ) ;
#1198 = EDGE_CURVE ( 'NONE', #3399, #1681, #5210, .T. ) ;
#1199 = DIRECTION ( 'NONE',  ( 1.000000000000000000, 0.000000000000000000, 0.000000000000000000 ) ) ;
#1200 = PLANE ( 'NONE',  #4670 ) ;
#1201 = DIRECTION ( 'NONE',  ( -0.000000000000000000, -0.000000000000000000, -1.000000000000000000 ) ) ;
#1202 = DIRECTION ( 'NONE',  ( -1.000000000000000000, 0.000000000000000000, 0.000000000000000000 ) ) ;
#1203 = ORIENTED_EDGE ( 'NONE', *, *, #34, .F. ) ;
#1204 = CARTESIAN_POINT ( 'NONE',  ( -24.00000000000002132, -26.86999999999999744, 26.14999999999996660 ) ) ;
#1205 = CARTESIAN_POINT ( 'NONE',  ( -41.60206746493380336, 20.74714090195844562, 21.23183610499090435 ) ) ;
#1206 = PLANE ( 'NONE',  #740 ) ;
#1207 = ORIENTED_EDGE ( 'NONE', *, *, #5418, .F. ) ;
#1208 = DIRECTION ( 'NONE',  ( 0.000000000000000000, 0.000000000000000000, 1.000000000000000000 ) ) ;
#1209 = VERTEX_POINT ( 'NONE', #768 ) ;
#1210 = CARTESIAN_POINT ( 'NONE',  ( -43.10000000000001563, -10.99000972507850094, 20.99999999999996447 ) ) ;
#1211 = EDGE_CURVE ( 'NONE', #215, #277, #930, .T. ) ;
#1212 = DIRECTION ( 'NONE',  ( -2.832201593431521726E-16, 1.000000000000000000, 0.000000000000000000 ) ) ;
#1213 = ORIENTED_EDGE ( 'NONE', *, *, #2020, .T. ) ;
#1214 = CARTESIAN_POINT ( 'NONE',  ( -37.52500000000001279, -24.49999999999998934, -0.01000000000000002623 ) ) ;
#1215 = CARTESIAN_POINT ( 'NONE',  ( -23.46152236891499498, -26.33152236891497111, 20.99999999999996803 ) ) ;
#1216 = ADVANCED_FACE ( 'NONE', ( #3371 ), #4241, .T. ) ;
#1217 = CARTESIAN_POINT ( 'NONE',  ( 23.09999999999997300, 20.97131469110151158, 11.99000000000000021 ) ) ;
#1218 = CARTESIAN_POINT ( 'NONE',  ( -43.10000000000002274, 23.61784377017405134, 9.879219836709731695 ) ) ;
#1219 = ADVANCED_FACE ( 'NONE', ( #5080 ), #3038, .F. ) ;
#1220 = ORIENTED_EDGE ( 'NONE', *, *, #1329, .T. ) ;
#1221 = CARTESIAN_POINT ( 'NONE',  ( -39.00000000000002132, 24.50000000000001066, -0.01000000000000002623 ) ) ;
#1222 = DIRECTION ( 'NONE',  ( -0.000000000000000000, -0.000000000000000000, -1.000000000000000000 ) ) ;
#1223 = CARTESIAN_POINT ( 'NONE',  ( -37.03785831296514175, -26.89999999999998437, 4.651666049839564998 ) ) ;
#1224 = CARTESIAN_POINT ( 'NONE',  ( 6.069999999999992291, -28.59999999999999076, 29.99999999999996447 ) ) ;
#1225 = EDGE_LOOP ( 'NONE', ( #1605, #1487, #4688, #4403 ) ) ;
#1226 =( LENGTH_UNIT ( ) NAMED_UNIT ( * ) SI_UNIT ( .MILLI., .METRE. ) );
#1227 = ORIENTED_EDGE ( 'NONE', *, *, #5010, .F. ) ;
#1228 = CARTESIAN_POINT ( 'NONE',  ( 10.04127209498220274, -21.54253212933977579, 21.56257543198450222 ) ) ;
#1229 = CARTESIAN_POINT ( 'NONE',  ( 11.44705882352939419, 21.48877643170514418, 22.66019350611775707 ) ) ;
#1230 = CARTESIAN_POINT ( 'NONE',  ( 12.06308177507543000, -27.22993288398239642, 22.89821998891368082 ) ) ;
#1231 = VERTEX_POINT ( 'NONE', #1217 ) ;
#1232 = DIRECTION ( 'NONE',  ( 1.000000000000000000, 0.000000000000000000, 0.000000000000000000 ) ) ;
#1233 = ORIENTED_EDGE ( 'NONE', *, *, #5103, .T. ) ;
#1234 = VECTOR ( 'NONE', #3973, 1000.000000000000000 ) ;
#1235 = DIRECTION ( 'NONE',  ( -0.000000000000000000, 1.000000000000000000, -0.000000000000000000 ) ) ;
#1236 = PLANE ( 'NONE',  #1637 ) ;
#1237 = ORIENTED_EDGE ( 'NONE', *, *, #2471, .F. ) ;
#1238 = AXIS2_PLACEMENT_3D ( 'NONE', #1015, #1861, #5243 ) ;
#1239 = CIRCLE ( 'NONE', #4216, 5.000000000000004441 ) ;
#1240 = CARTESIAN_POINT ( 'NONE',  ( 12.82101444132497292, -27.05991782140209523, 22.97070717369656023 ) ) ;
#1241 = DIRECTION ( 'NONE',  ( -0.000000000000000000, -0.000000000000000000, -1.000000000000000000 ) ) ;
#1242 = AXIS2_PLACEMENT_3D ( 'NONE', #3900, #1278, #404 ) ;
#1243 = DIRECTION ( 'NONE',  ( -0.000000000000000000, -0.000000000000000000, -1.000000000000000000 ) ) ;
#1244 = EDGE_LOOP ( 'NONE', ( #3269, #4974, #42, #2914 ) ) ;
#1245 = DIRECTION ( 'NONE',  ( -0.000000000000000000, -0.000000000000000000, -1.000000000000000000 ) ) ;
#1246 = EDGE_CURVE ( 'NONE', #541, #671, #2171, .T. ) ;
#1247 = VECTOR ( 'NONE', #4569, 1000.000000000000000 ) ;
#1248 = CARTESIAN_POINT ( 'NONE',  ( 18.99999999999998224, 24.50000000000001066, 11.99000000000000021 ) ) ;
#1249 = EDGE_CURVE ( 'NONE', #3816, #1866, #4574, .T. ) ;
#1250 = ADVANCED_FACE ( 'NONE', ( #5025 ), #2622, .F. ) ;
#1251 = DIRECTION ( 'NONE',  ( -1.000000000000000000, 3.848241499629335675E-15, 0.000000000000000000 ) ) ;
#1252 = DIRECTION ( 'NONE',  ( -1.000000000000000000, 0.000000000000000000, 0.000000000000000000 ) ) ;
#1253 = ADVANCED_FACE ( 'NONE', ( #2201, #2472 ), #3914, .T. ) ;
#1254 = ORIENTED_EDGE ( 'NONE', *, *, #85, .T. ) ;
#1255 = CARTESIAN_POINT ( 'NONE',  ( 15.39999999999998792, -15.89999999999998792, 11.99000000000000021 ) ) ;
#1256 = ORIENTED_EDGE ( 'NONE', *, *, #148, .T. ) ;
#1257 = ADVANCED_FACE ( 'NONE', ( #3761 ), #4664, .F. ) ;
#1258 = AXIS2_PLACEMENT_3D ( 'NONE', #3920, #5218, #2550 ) ;
#1259 = CARTESIAN_POINT ( 'NONE',  ( 10.94901960784312678, -21.14908866751044769, 22.09428349812013437 ) ) ;
#1260 = CARTESIAN_POINT ( 'NONE',  ( 18.99999999999998934, -24.49999999999998934, 1.650254037844406829 ) ) ;
#1261 = DIRECTION ( 'NONE',  ( -1.000000000000000000, 4.336808689942017736E-16, 0.000000000000000000 ) ) ;
#1262 = CONICAL_SURFACE ( 'NONE', #2263, 5.409401076758503457, 0.5235987755983023684 ) ;
#1263 = ORIENTED_EDGE ( 'NONE', *, *, #426, .F. ) ;
#1264 = CARTESIAN_POINT ( 'NONE',  ( -42.10000000000001563, -24.49999999999998934, -0.01000000000000002623 ) ) ;
#1265 = EDGE_LOOP ( 'NONE', ( #5433, #5100, #2954, #5182, #1491 ) ) ;
#1266 = CARTESIAN_POINT ( 'NONE',  ( -42.03445851838091585, -8.234728987483196150, 22.79064533389308878 ) ) ;
#1267 = AXIS2_PLACEMENT_3D ( 'NONE', #232, #1456, #3631 ) ;
#1268 = CARTESIAN_POINT ( 'NONE',  ( 10.39999999999998614, -15.89999999999998970, 20.99999999999996447 ) ) ;
#1269 = DIRECTION ( 'NONE',  ( -0.000000000000000000, -0.000000000000000000, -1.000000000000000000 ) ) ;
#1270 = EDGE_LOOP ( 'NONE', ( #716, #4229, #223, #2990, #2356 ) ) ;
#1271 = VECTOR ( 'NONE', #4271, 1000.000000000000000 ) ;
#1272 = DIRECTION ( 'NONE',  ( -1.000000000000000000, 0.000000000000000000, 0.000000000000000000 ) ) ;
#1273 = ORIENTED_EDGE ( 'NONE', *, *, #5294, .F. ) ;
#1274 = DIRECTION ( 'NONE',  ( -1.000000000000000000, 0.000000000000000000, 0.000000000000000000 ) ) ;
#1275 = AXIS2_PLACEMENT_3D ( 'NONE', #2515, #2317, #5328 ) ;
#1276 = DIRECTION ( 'NONE',  ( -0.000000000000000000, -0.000000000000000000, -1.000000000000000000 ) ) ;
#1277 = VERTEX_POINT ( 'NONE', #5055 ) ;
#1278 = DIRECTION ( 'NONE',  ( 0.000000000000000000, -1.000000000000000000, 0.000000000000000000 ) ) ;
#1279 = AXIS2_PLACEMENT_3D ( 'NONE', #1793, #4679, #3808 ) ;
#1280 = DIRECTION ( 'NONE',  ( -0.000000000000000000, -0.000000000000000000, -1.000000000000000000 ) ) ;
#1281 = DIRECTION ( 'NONE',  ( 0.000000000000000000, -0.000000000000000000, 1.000000000000000000 ) ) ;
#1282 = CIRCLE ( 'NONE', #748, 5.000000000000000888 ) ;
#1283 = FACE_OUTER_BOUND ( 'NONE', #2137, .T. ) ;
#1284 = ADVANCED_FACE ( 'NONE', ( #132, #4822 ), #2678, .F. ) ;
#1285 = EDGE_LOOP ( 'NONE', ( #3853, #2775, #3717, #960 ) ) ;
#1286 = LINE ( 'NONE', #2559, #5395 ) ;
#1287 = ORIENTED_EDGE ( 'NONE', *, *, #1669, .T. ) ;
#1288 = CARTESIAN_POINT ( 'NONE',  ( 9.664238188123228213, -21.84312053814140953, 21.48816418356953761 ) ) ;
#1289 = EDGE_CURVE ( 'NONE', #935, #2480, #5379, .T. ) ;
#1290 = DIRECTION ( 'NONE',  ( 1.000000000000000000, 0.000000000000000000, 0.000000000000000000 ) ) ;
#1291 = ADVANCED_FACE ( 'NONE', ( #1065 ), #1471, .T. ) ;
#1292 = VERTEX_POINT ( 'NONE', #4429 ) ;
#1293 =( BOUNDED_CURVE ( )  B_SPLINE_CURVE ( 3, ( #2494, #687, #3716, #4213 ),
 .UNSPECIFIED., .F., .T. ) 
 B_SPLINE_CURVE_WITH_KNOTS ( ( 4, 4 ),
 ( 2.456236309100457316, 3.826948998079128472 ),
 .UNSPECIFIED. ) 
 CURVE ( )  GEOMETRIC_REPRESENTATION_ITEM ( )  RATIONAL_B_SPLINE_CURVE ( ( 1.000000000000000000, 0.8494623655913999816, 0.8494623655913999816, 1.000000000000000000 ) ) 
 REPRESENTATION_ITEM ( '' )  );
#1294 = CARTESIAN_POINT ( 'NONE',  ( -24.00000000000002132, -27.86998864849432067, 29.99999999999996447 ) ) ;
#1295 = ORIENTED_EDGE ( 'NONE', *, *, #325, .T. ) ;
#1296 = FACE_OUTER_BOUND ( 'NONE', #3997, .T. ) ;
#1297 = CARTESIAN_POINT ( 'NONE',  ( 15.39999999999998792, -15.89999999999998792, 20.99999999999996447 ) ) ;
#1298 = EDGE_CURVE ( 'NONE', #2899, #1528, #1967, .T. ) ;
#1299 = CARTESIAN_POINT ( 'NONE',  ( 6.436637371944564201, -25.53551266835380318, 21.53112406767595743 ) ) ;
#1300 = VERTEX_POINT ( 'NONE', #2316 ) ;
#1301 = CARTESIAN_POINT ( 'NONE',  ( 14.25542257055682072, -28.59999999999999076, 20.99999999999996447 ) ) ;
#1302 = VERTEX_POINT ( 'NONE', #1924 ) ;
#1303 = DIRECTION ( 'NONE',  ( -0.000000000000000000, -0.000000000000000000, -1.000000000000000000 ) ) ;
#1304 = CARTESIAN_POINT ( 'NONE',  ( -43.10000000000001563, -11.92315017762062368, 20.99999999999996447 ) ) ;
#1305 = LINE ( 'NONE', #4774, #1271 ) ;
#1306 = ORIENTED_EDGE ( 'NONE', *, *, #1820, .T. ) ;
#1307 = CYLINDRICAL_SURFACE ( 'NONE', #4132, 3.099999999999998757 ) ;
#1308 = FACE_OUTER_BOUND ( 'NONE', #2937, .T. ) ;
#1309 = DIRECTION ( 'NONE',  ( 1.660022465049576016E-16, -1.000000000000000000, 0.000000000000000000 ) ) ;
#1310 = ORIENTED_EDGE ( 'NONE', *, *, #1766, .F. ) ;
#1311 = DIRECTION ( 'NONE',  ( 0.000000000000000000, 0.000000000000000000, 1.000000000000000000 ) ) ;
#1312 = ORIENTED_EDGE ( 'NONE', *, *, #4911, .T. ) ;
#1313 = CARTESIAN_POINT ( 'NONE',  ( -41.74814374603640488, 20.50316368071429807, 21.38974163680247287 ) ) ;
#1314 = ORIENTED_EDGE ( 'NONE', *, *, #4000, .F. ) ;
#1315 = ADVANCED_FACE ( 'NONE', ( #563 ), #2259, .T. ) ;
#1316 = CARTESIAN_POINT ( 'NONE',  ( -39.00000000000001421, -24.49999999999998934, -0.01000000000000002623 ) ) ;
#1317 = EDGE_LOOP ( 'NONE', ( #5089, #3868 ) ) ;
#1318 = CARTESIAN_POINT ( 'NONE',  ( 14.65749999999998643, 24.13000000000000966, 26.49999999999999645 ) ) ;
#1319 = DIRECTION ( 'NONE',  ( -1.000000000000000000, 0.000000000000000000, 0.000000000000000000 ) ) ;
#1320 = CARTESIAN_POINT ( 'NONE',  ( 18.99999999999998934, -24.49999999999998934, 5.544774941164131832 ) ) ;
#1321 =( BOUNDED_CURVE ( )  B_SPLINE_CURVE ( 3, ( #802, #4248, #3849, #1223 ),
 .UNSPECIFIED., .F., .F. ) 
 B_SPLINE_CURVE_WITH_KNOTS ( ( 4, 4 ),
 ( 2.456236309100454651, 3.826948998079138686 ),
 .UNSPECIFIED. ) 
 CURVE ( )  GEOMETRIC_REPRESENTATION_ITEM ( )  RATIONAL_B_SPLINE_CURVE ( ( 1.000000000000000000, 0.8494623655913972060, 0.8494623655913972060, 1.000000000000000000 ) ) 
 REPRESENTATION_ITEM ( '' )  );
#1322 = DIRECTION ( 'NONE',  ( 1.000000000000000000, 0.000000000000000000, 0.000000000000000000 ) ) ;
#1323 = EDGE_LOOP ( 'NONE', ( #5573, #3253, #1688 ) ) ;
#1324 = EDGE_CURVE ( 'NONE', #3103, #2333, #1147, .T. ) ;
#1325 = CYLINDRICAL_SURFACE ( 'NONE', #3506, 1.587500000000000355 ) ;
#1326 = ORIENTED_EDGE ( 'NONE', *, *, #5530, .F. ) ;
#1327 = CIRCLE ( 'NONE', #2586, 5.000000000000000888 ) ;
#1328 = CARTESIAN_POINT ( 'NONE',  ( 6.069999999999992291, -26.86999999999999744, 26.14999999999996660 ) ) ;
#1329 = EDGE_CURVE ( 'NONE', #3923, #1378, #4399, .T. ) ;
#1330 = CARTESIAN_POINT ( 'NONE',  ( 18.99999999999998934, -24.49999999999998934, 11.99000000000000021 ) ) ;
#1331 = DIRECTION ( 'NONE',  ( -0.000000000000000000, -0.000000000000000000, -1.000000000000000000 ) ) ;
#1332 = CONICAL_SURFACE ( 'NONE', #3315, 577.3502691896181886, 0.5235987755982931535 ) ;
#1333 = ORIENTED_EDGE ( 'NONE', *, *, #423, .T. ) ;
#1334 = VECTOR ( 'NONE', #2076, 1000.000000000000000 ) ;
#1335 = CARTESIAN_POINT ( 'NONE',  ( -39.00000000000001421, -24.49999999999998934, 1.650254037844403054 ) ) ;
#1336 = VECTOR ( 'NONE', #2452, 1000.000000000000000 ) ;
#1337 = CARTESIAN_POINT ( 'NONE',  ( -43.10000000000001563, -23.61780837998435700, 9.879208963509441332 ) ) ;
#1338 = AXIS2_PLACEMENT_3D ( 'NONE', #5108, #2976, #511 ) ;
#1339 = CARTESIAN_POINT ( 'NONE',  ( 10.37637079189174116, -26.88489681927958941, 21.08819150275906296 ) ) ;
#1340 = CARTESIAN_POINT ( 'NONE',  ( -35.40000000000002700, 15.43752162636230274, 22.99999999999996447 ) ) ;
#1341 = VECTOR ( 'NONE', #2886, 1000.000000000000000 ) ;
#1342 = AXIS2_PLACEMENT_3D ( 'NONE', #2496, #1280, #751 ) ;
#1343 = ORIENTED_EDGE ( 'NONE', *, *, #2405, .T. ) ;
#1344 = ADVANCED_FACE ( 'NONE', ( #3192 ), #4928, .F. ) ;
#1345 = CARTESIAN_POINT ( 'NONE',  ( -35.40000000000001990, -15.89999999999998970, 11.99000000000000021 ) ) ;
#1346 = PLANE ( 'NONE',  #3032 ) ;
#1347 = CARTESIAN_POINT ( 'NONE',  ( -42.10006685345904742, 19.21267949434384192, 22.73198730807989776 ) ) ;
#1348 = VECTOR ( 'NONE', #3384, 1000.000000000000000 ) ;
#1349 = CARTESIAN_POINT ( 'NONE',  ( -39.00000000000002132, 19.05000000000000071, 26.49999999999999645 ) ) ;
#1350 = VERTEX_POINT ( 'NONE', #1494 ) ;
#1351 = VECTOR ( 'NONE', #5234, 1000.000000000000000 ) ;
#1352 = CARTESIAN_POINT ( 'NONE',  ( -35.11988798377272047, 17.59536695082292823, 20.99999999899360148 ) ) ;
#1353 = ORIENTED_EDGE ( 'NONE', *, *, #4764, .T. ) ;
#1354 = DIRECTION ( 'NONE',  ( -0.000000000000000000, -0.000000000000000000, -1.000000000000000000 ) ) ;
#1355 = CARTESIAN_POINT ( 'NONE',  ( -39.00000000000002132, 19.05000000000000071, 24.99999999999996803 ) ) ;
#1356 = DIRECTION ( 'NONE',  ( 0.000000000000000000, 1.000000000000000000, -0.000000000000000000 ) ) ;
#1357 = AXIS2_PLACEMENT_3D ( 'NONE', #2014, #2385, #3732 ) ;
#1358 = EDGE_CURVE ( 'NONE', #1681, #104, #985, .T. ) ;
#1359 = CARTESIAN_POINT ( 'NONE',  ( 8.154186336063245832, -25.30981746848022595, 21.45336572965281263 ) ) ;
#1360 = VERTEX_POINT ( 'NONE', #5325 ) ;
#1361 = DIRECTION ( 'NONE',  ( 0.000000000000000000, -1.000000000000000000, 0.000000000000000000 ) ) ;
#1362 = ORIENTED_EDGE ( 'NONE', *, *, #1746, .T. ) ;
#1363 = ADVANCED_FACE ( 'NONE', ( #1038 ), #4478, .F. ) ;
#1364 = VECTOR ( 'NONE', #3429, 1000.000000000000000 ) ;
#1365 = PLANE ( 'NONE',  #993 ) ;
#1366 = CARTESIAN_POINT ( 'NONE',  ( 13.06999999999998607, 24.13000000000000966, 20.99999999999996803 ) ) ;
#1367 = ADVANCED_FACE ( 'NONE', ( #195 ), #1332, .F. ) ;
#1368 = DIRECTION ( 'NONE',  ( 0.000000000000000000, 1.000000000000000000, 0.000000000000000000 ) ) ;
#1369 = CIRCLE ( 'NONE', #3879, 4.100000000000020073 ) ;
#1370 = EDGE_CURVE ( 'NONE', #3947, #3795, #3214, .T. ) ;
#1371 = ORIENTED_EDGE ( 'NONE', *, *, #1433, .T. ) ;
#1372 = FACE_OUTER_BOUND ( 'NONE', #5301, .T. ) ;
#1373 = ADVANCED_FACE ( 'NONE', ( #107 ), #2139, .T. ) ;
#1374 = CARTESIAN_POINT ( 'NONE',  ( 9.724412404766686890, -28.59999999999999076, 20.99999999999996447 ) ) ;
#1375 = CARTESIAN_POINT ( 'NONE',  ( -39.00000000000000000, -25.57000000000000028, 20.99999999999996803 ) ) ;
#1376 = FACE_OUTER_BOUND ( 'NONE', #5148, .T. ) ;
#1377 = VECTOR ( 'NONE', #395, 1000.000000000000000 ) ;
#1378 = VERTEX_POINT ( 'NONE', #1834 ) ;
#1379 = CARTESIAN_POINT ( 'NONE',  ( -32.00000000000002132, -26.61348673097528561, 29.03347103513043947 ) ) ;
#1380 = CARTESIAN_POINT ( 'NONE',  ( -39.00000000000004263, -25.56999999999997897, 20.99999999999996803 ) ) ;
#1381 = CARTESIAN_POINT ( 'NONE',  ( -42.08693154356738830, 19.37889549244098220, 22.74497043810175967 ) ) ;
#1382 = ORIENTED_EDGE ( 'NONE', *, *, #1019, .T. ) ;
#1383 = CARTESIAN_POINT ( 'NONE',  ( -35.90769809505317056, 18.81170665996064528, 22.92861290406440133 ) ) ;
#1384 = ORIENTED_EDGE ( 'NONE', *, *, #1329, .F. ) ;
#1385 = DIRECTION ( 'NONE',  ( 0.000000000000000000, 0.4999999999999945044, 0.8660254037844418162 ) ) ;
#1386 = DIRECTION ( 'NONE',  ( 1.224646799147353207E-16, 1.000000000000000000, -0.000000000000000000 ) ) ;
#1387 = CARTESIAN_POINT ( 'NONE',  ( -35.97003865000973377, 18.37321635765730932, 22.81033681730259488 ) ) ;
#1388 = DIRECTION ( 'NONE',  ( 0.000000000000000000, -0.4999999999999947820, 0.8660254037844417052 ) ) ;
#1389 = ORIENTED_EDGE ( 'NONE', *, *, #254, .F. ) ;
#1390 = LINE ( 'NONE', #4374, #800 ) ;
#1391 = ORIENTED_EDGE ( 'NONE', *, *, #766, .T. ) ;
#1392 = DIRECTION ( 'NONE',  ( -1.000000000000000000, 3.848241499629305698E-15, 0.000000000000000000 ) ) ;
#1393 = DIRECTION ( 'NONE',  ( -1.000000000000000000, 0.000000000000000000, 0.000000000000000000 ) ) ;
#1394 = CARTESIAN_POINT ( 'NONE',  ( -42.52500000000001279, -24.49999999999998934, 1.650254037844406829 ) ) ;
#1395 = ORIENTED_EDGE ( 'NONE', *, *, #3670, .T. ) ;
#1396 = CARTESIAN_POINT ( 'NONE',  ( 23.09999999999998366, -21.21008536206960571, 11.72022273132509085 ) ) ;
#1397 = EDGE_CURVE ( 'NONE', #1919, #4732, #1187, .T. ) ;
#1398 = DIRECTION ( 'NONE',  ( -0.000000000000000000, -0.000000000000000000, -1.000000000000000000 ) ) ;
#1399 = CARTESIAN_POINT ( 'NONE',  ( -39.00000000000002132, 24.50000000000001066, 5.544774941164131832 ) ) ;
#1400 = EDGE_CURVE ( 'NONE', #828, #1183, #4624, .T. ) ;
#1401 = DIRECTION ( 'NONE',  ( 1.000000000000000000, 0.000000000000000000, 0.000000000000000000 ) ) ;
#1402 = CARTESIAN_POINT ( 'NONE',  ( 14.09029964829513304, 27.06015875857295683, 22.97062990850342601 ) ) ;
#1403 = EDGE_LOOP ( 'NONE', ( #4195, #2287, #289, #2419 ) ) ;
#1404 = CARTESIAN_POINT ( 'NONE',  ( -36.30296624101966785, -7.348014320259775189, 22.82698297743496596 ) ) ;
#1405 = CARTESIAN_POINT ( 'NONE',  ( 17.52499999999998082, 24.50000000000001066, -0.01000000000000002623 ) ) ;
#1406 = CARTESIAN_POINT ( 'NONE',  ( -32.00000000000002842, 28.60000000000000853, 22.29999999999996518 ) ) ;
#1407 = ORIENTED_EDGE ( 'NONE', *, *, #2379, .F. ) ;
#1408 = CARTESIAN_POINT ( 'NONE',  ( -35.88852334532369781, 19.06038961453247538, 21.35217107136363879 ) ) ;
#1409 = ORIENTED_EDGE ( 'NONE', *, *, #3165, .F. ) ;
#1410 = CARTESIAN_POINT ( 'NONE',  ( -22.70000000000002061, -28.59999999999999432, 20.99999999999996447 ) ) ;
#1411 = DIRECTION ( 'NONE',  ( 1.000000000000000000, -6.672013369141570147E-16, -1.780630495920154066E-30 ) ) ;
#1412 = CARTESIAN_POINT ( 'NONE',  ( 20.96214168703486180, -26.89999999999997726, 4.651666049839564998 ) ) ;
#1413 = CARTESIAN_POINT ( 'NONE',  ( 11.44705882352939419, 21.48877643170514418, 22.66019350611775707 ) ) ;
#1414 = CARTESIAN_POINT ( 'NONE',  ( -43.10000000000000853, -20.97131469110142277, 11.99000000000000021 ) ) ;
#1415 = ORIENTED_EDGE ( 'NONE', *, *, #4566, .F. ) ;
#1416 = B_SPLINE_CURVE_WITH_KNOTS ( 'NONE', 3,
 ( #3401, #2502, #4223, #4788, #2699, #5167, #1404, #4494, #2218, #520 ),
 .UNSPECIFIED., .F., .F.,
 ( 4, 2, 2, 2, 4 ),
 ( 0.002540146753483163520, 0.003177996089185589675, 0.003815845424888015397, 0.004453694760590441552, 0.005091544096292867708 ),
 .UNSPECIFIED. ) ;
#1417 = CARTESIAN_POINT ( 'NONE',  ( -22.70000000000002771, 19.05000000000000071, 20.99999999999996803 ) ) ;
#1418 = DIRECTION ( 'NONE',  ( 0.000000000000000000, 0.000000000000000000, -1.000000000000000000 ) ) ;
#1419 = FACE_OUTER_BOUND ( 'NONE', #413, .T. ) ;
#1420 = EDGE_CURVE ( 'NONE', #1607, #4736, #5554, .T. ) ;
#1421 = ORIENTED_EDGE ( 'NONE', *, *, #1843, .T. ) ;
#1422 = CARTESIAN_POINT ( 'NONE',  ( -39.00000000000001421, -24.49999999999998934, 5.544774941164131832 ) ) ;
#1423 = CARTESIAN_POINT ( 'NONE',  ( 9.123216499477059926, 20.90000000000001279, 20.99999999999996447 ) ) ;
#1424 = AXIS2_PLACEMENT_3D ( 'NONE', #3355, #5068, #3727 ) ;
#1425 = FACE_OUTER_BOUND ( 'NONE', #4442, .T. ) ;
#1426 = ADVANCED_FACE ( 'NONE', ( #243 ), #2684, .F. ) ;
#1427 = CARTESIAN_POINT ( 'NONE',  ( 12.07446764952914009, 27.07081018305427023, 21.32612363476148332 ) ) ;
#1428 = ORIENTED_EDGE ( 'NONE', *, *, #2884, .F. ) ;
#1429 = CIRCLE ( 'NONE', #3856, 1.999999999999998668 ) ;
#1430 = EDGE_CURVE ( 'NONE', #3284, #4260, #1690, .T. ) ;
#1431 = CARTESIAN_POINT ( 'NONE',  ( -41.89309703449934830, -7.764645919730656765, 22.89025295395424564 ) ) ;
#1432 = DIRECTION ( 'NONE',  ( 1.000000000000000000, 0.000000000000000000, 0.000000000000000000 ) ) ;
#1433 = EDGE_CURVE ( 'NONE', #4626, #4304, #4032, .T. ) ;
#1434 = CARTESIAN_POINT ( 'NONE',  ( -35.93351965730499131, -8.360713333818308612, 21.57586105514790376 ) ) ;
#1435 = AXIS2_PLACEMENT_3D ( 'NONE', #824, #2121, #3472 ) ;
#1436 = CIRCLE ( 'NONE', #3412, 1.587500000000000355 ) ;
#1437 = ORIENTED_EDGE ( 'NONE', *, *, #598, .F. ) ;
#1438 = CARTESIAN_POINT ( 'NONE',  ( -1.930000000000008153, -26.86999999999999389, 22.29999999999996518 ) ) ;
#1439 = ORIENTED_EDGE ( 'NONE', *, *, #1180, .F. ) ;
#1440 = CIRCLE ( 'NONE', #2702, 2.000000000000003109 ) ;
#1441 = DIRECTION ( 'NONE',  ( 0.000000000000000000, 0.8660254037844418162, -0.4999999999999945044 ) ) ;
#1442 = CARTESIAN_POINT ( 'NONE',  ( -42.10000000000002274, 19.04999999999999716, 22.73205080756883945 ) ) ;
#1443 = DIRECTION ( 'NONE',  ( 1.000000000000000000, 0.000000000000000000, 0.000000000000000000 ) ) ;
#1444 = CIRCLE ( 'NONE', #810, 0.5000000000000004441 ) ;
#1445 = ORIENTED_EDGE ( 'NONE', *, *, #216, .F. ) ;
#1446 = LINE ( 'NONE', #3622, #2879 ) ;
#1447 = ORIENTED_EDGE ( 'NONE', *, *, #587, .T. ) ;
#1448 = CARTESIAN_POINT ( 'NONE',  ( 10.40439638450345505, -21.34514319155976025, 22.50827630132014434 ) ) ;
#1449 = AXIS2_PLACEMENT_3D ( 'NONE', #3589, #5302, #4463 ) ;
#1450 = CARTESIAN_POINT ( 'NONE',  ( 10.86220375532133886, 21.91789166019491475, 21.44868966991903392 ) ) ;
#1451 = EDGE_LOOP ( 'NONE', ( #2268, #2022 ) ) ;
#1452 = DIRECTION ( 'NONE',  ( 0.4814554059914874506, 0.8764705882353224231, 0.000000000000000000 ) ) ;
#1453 = AXIS2_PLACEMENT_3D ( 'NONE', #2215, #3927, #1792 ) ;
#1454 = FACE_OUTER_BOUND ( 'NONE', #3019, .T. ) ;
#1455 = VECTOR ( 'NONE', #5106, 1000.000000000000000 ) ;
#1456 = DIRECTION ( 'NONE',  ( 0.000000000000000000, -0.9665399365531033293, 0.2565161808695954893 ) ) ;
#1457 = CARTESIAN_POINT ( 'NONE',  ( 13.33095554468523147, 27.23010374407909495, 22.89812669499069386 ) ) ;
#1458 = DIRECTION ( 'NONE',  ( 0.000000000000000000, 0.000000000000000000, 1.000000000000000000 ) ) ;
#1459 = ORIENTED_EDGE ( 'NONE', *, *, #4390, .F. ) ;
#1460 = VECTOR ( 'NONE', #331, 1000.000000000000000 ) ;
#1461 = DIRECTION ( 'NONE',  ( -0.000000000000000000, -0.000000000000000000, -1.000000000000000000 ) ) ;
#1462 = CARTESIAN_POINT ( 'NONE',  ( -42.08072428426554978, 19.45132812235900843, 21.57199390526335847 ) ) ;
#1463 = CARTESIAN_POINT ( 'NONE',  ( -36.66384094742943489, -6.841592606132488541, 22.99999997905614890 ) ) ;
#1464 = ADVANCED_FACE ( 'NONE', ( #726 ), #647, .F. ) ;
#1465 = EDGE_LOOP ( 'NONE', ( #4151, #1653 ) ) ;
#1466 = EDGE_CURVE ( 'NONE', #1277, #579, #5466, .T. ) ;
#1467 = DIRECTION ( 'NONE',  ( 1.000000000000000000, -0.000000000000000000, 0.000000000000000000 ) ) ;
#1468 = ORIENTED_EDGE ( 'NONE', *, *, #3771, .F. ) ;
#1469 = CIRCLE ( 'NONE', #4618, 5.409401076758503457 ) ;
#1470 = CARTESIAN_POINT ( 'NONE',  ( 11.79999999999999538, -24.12999999999998124, 22.99999999999996447 ) ) ;
#1471 = CYLINDRICAL_SURFACE ( 'NONE', #5022, 3.099999999999998757 ) ;
#1472 = FACE_OUTER_BOUND ( 'NONE', #5168, .T. ) ;
#1473 = ORIENTED_EDGE ( 'NONE', *, *, #2297, .F. ) ;
#1474 = DIRECTION ( 'NONE',  ( -0.000000000000000000, -0.000000000000000000, -1.000000000000000000 ) ) ;
#1475 = ORIENTED_EDGE ( 'NONE', *, *, #2672, .F. ) ;
#1476 = CARTESIAN_POINT ( 'NONE',  ( 6.069999999999992291, -26.61348673097528561, 29.03347103513044303 ) ) ;
#1477 = EDGE_CURVE ( 'NONE', #2992, #2521, #2380, .T. ) ;
#1478 = B_SPLINE_CURVE_WITH_KNOTS ( 'NONE', 3,
 ( #1081, #1873, #2809, #1026, #4525, #5308, #659, #2920, #2019, #4183, #342, #2073 ),
 .UNSPECIFIED., .F., .F.,
 ( 4, 2, 2, 2, 2, 4 ),
 ( 0.000000000000000000, 0.0005366480903410657125, 0.001073296180682131425, 0.002146592361364272391, 0.003219888542046413574, 0.004293184722728554323 ),
 .UNSPECIFIED. ) ;
#1479 = CARTESIAN_POINT ( 'NONE',  ( 11.44705882352939241, 21.48877643170514773, 22.66019350611775707 ) ) ;
#1480 = ORIENTED_EDGE ( 'NONE', *, *, #917, .T. ) ;
#1481 = DIRECTION ( 'NONE',  ( 1.224646799147353207E-16, 1.000000000000000000, -0.000000000000000000 ) ) ;
#1482 =( BOUNDED_CURVE ( )  B_SPLINE_CURVE ( 3, ( #432, #1650, #3823, #3395 ),
 .UNSPECIFIED., .F., .T. ) 
 B_SPLINE_CURVE_WITH_KNOTS ( ( 4, 4 ),
 ( 0.000000000000000000, 1.570796326794896780 ),
 .UNSPECIFIED. ) 
 CURVE ( )  GEOMETRIC_REPRESENTATION_ITEM ( )  RATIONAL_B_SPLINE_CURVE ( ( 1.000000000000000000, 0.8047378541243649375, 0.8047378541243649375, 1.000000000000000000 ) ) 
 REPRESENTATION_ITEM ( '' )  );
#1483 = CARTESIAN_POINT ( 'NONE',  ( 12.55116361234406064, 27.19714029215868223, 22.91833696679324461 ) ) ;
#1484 = CARTESIAN_POINT ( 'NONE',  ( 18.99999999999998224, 24.50000000000001066, 5.544774941164131832 ) ) ;
#1485 = CARTESIAN_POINT ( 'NONE',  ( 13.37127361452145102, 27.23013580627380037, 21.45478958668806868 ) ) ;
#1486 = PLANE ( 'NONE',  #253 ) ;
#1487 = ORIENTED_EDGE ( 'NONE', *, *, #3570, .F. ) ;
#1488 = CARTESIAN_POINT ( 'NONE',  ( 16.89999999999999503, -24.12999999999998124, 20.99999999999996447 ) ) ;
#1489 = CARTESIAN_POINT ( 'NONE',  ( 18.99999999999998224, 24.50000000000001066, 5.544774941164131832 ) ) ;
#1490 = CARTESIAN_POINT ( 'NONE',  ( -36.53409029230640215, -7.000262426338467847, 22.95708043621944938 ) ) ;
#1491 = ORIENTED_EDGE ( 'NONE', *, *, #3363, .T. ) ;
#1492 = DIRECTION ( 'NONE',  ( -0.000000000000000000, -0.000000000000000000, -1.000000000000000000 ) ) ;
#1493 = ORIENTED_EDGE ( 'NONE', *, *, #5010, .T. ) ;
#1494 = CARTESIAN_POINT ( 'NONE',  ( -1.930000000000008153, -28.59999999999999076, 29.99999999999996447 ) ) ;
#1495 = DIRECTION ( 'NONE',  ( -0.000000000000000000, -0.000000000000000000, -1.000000000000000000 ) ) ;
#1496 = ADVANCED_FACE ( 'NONE', ( #1098 ), #5290, .F. ) ;
#1497 = ORIENTED_EDGE ( 'NONE', *, *, #1155, .T. ) ;
#1498 = CARTESIAN_POINT ( 'NONE',  ( 18.81825367542014860, -28.59999999999999432, 9.722050807568896502 ) ) ;
#1499 = ORIENTED_EDGE ( 'NONE', *, *, #2220, .T. ) ;
#1500 = LINE ( 'NONE', #203, #5219 ) ;
#1501 = ADVANCED_FACE ( 'NONE', ( #1553 ), #3943, .F. ) ;
#1502 = CARTESIAN_POINT ( 'NONE',  ( -44.40940107675855586, -24.49999999999998934, 11.99000000000000021 ) ) ;
#1503 = EDGE_LOOP ( 'NONE', ( #845, #2905, #5117, #2037, #1428, #1913 ) ) ;
#1504 = LINE ( 'NONE', #4038, #4491 ) ;
#1505 = EDGE_CURVE ( 'NONE', #2395, #3734, #1124, .T. ) ;
#1506 = DIRECTION ( 'NONE',  ( -0.000000000000000000, -0.000000000000000000, -1.000000000000000000 ) ) ;
#1507 = CARTESIAN_POINT ( 'NONE',  ( -36.00388279228837263, -9.711040946492051518, 22.49740063701856840 ) ) ;
#1508 = CARTESIAN_POINT ( 'NONE',  ( 13.06999999999998607, 24.13000000000000966, 22.99999999999996447 ) ) ;
#1509 = CARTESIAN_POINT ( 'NONE',  ( 12.21471688479812556, 28.60000000000000853, 20.99999999999996447 ) ) ;
#1510 = DIRECTION ( 'NONE',  ( -0.5947353289452199654, 0.8039215686274508998, -2.554534770546077569E-16 ) ) ;
#1511 = ORIENTED_EDGE ( 'NONE', *, *, #5259, .F. ) ;
#1512 = TOROIDAL_SURFACE ( 'NONE', #1056, 5.099999999999999645, 2.000000000000000000 ) ;
#1513 = CARTESIAN_POINT ( 'NONE',  ( 12.98410574681490459, -21.21303713217097098, 21.41333595896223230 ) ) ;
#1514 = CARTESIAN_POINT ( 'NONE',  ( -39.00000000000002132, 24.50000000000001066, -994.4552250588358220 ) ) ;
#1515 = CARTESIAN_POINT ( 'NONE',  ( -35.40000000000001990, -6.632815201012778772, 20.99999999999996447 ) ) ;
#1516 = VECTOR ( 'NONE', #1961, 1000.000000000000000 ) ;
#1517 = VECTOR ( 'NONE', #4471, 1000.000000000000000 ) ;
#1518 = ORIENTED_EDGE ( 'NONE', *, *, #226, .F. ) ;
#1519 = CARTESIAN_POINT ( 'NONE',  ( 7.853216499477060353, -20.89999999999999147, 22.99999999999996447 ) ) ;
#1520 = ORIENTED_EDGE ( 'NONE', *, *, #4184, .T. ) ;
#1521 = CARTESIAN_POINT ( 'NONE',  ( -39.00000000000001421, -24.49999999999998934, 1.650254037844403054 ) ) ;
#1522 = AXIS2_PLACEMENT_3D ( 'NONE', #2902, #752, #213 ) ;
#1523 = PRODUCT_CONTEXT ( 'NONE', #2278, 'mechanical' ) ;
#1524 = CARTESIAN_POINT ( 'NONE',  ( 17.03785831296511333, -26.89999999999997726, 4.651666049839564998 ) ) ;
#1525 = VERTEX_POINT ( 'NONE', #4088 ) ;
#1526 = CONICAL_SURFACE ( 'NONE', #5474, 5.409401076758503457, 0.5235987755983023684 ) ;
#1527 = CARTESIAN_POINT ( 'NONE',  ( 16.73831023626191694, -28.59999999999998721, 10.71836822712628745 ) ) ;
#1528 = VERTEX_POINT ( 'NONE', #4513 ) ;
#1529 = CARTESIAN_POINT ( 'NONE',  ( -42.10000000000000853, -8.890000000000005898, 24.99999999999996803 ) ) ;
#1530 = EDGE_CURVE ( 'NONE', #5417, #2744, #919, .T. ) ;
#1531 = VECTOR ( 'NONE', #1718, 1000.000000000000000 ) ;
#1532 = DIRECTION ( 'NONE',  ( 1.000000000000000000, 0.000000000000000000, 0.000000000000000000 ) ) ;
#1533 = ORIENTED_EDGE ( 'NONE', *, *, #2674, .F. ) ;
#1534 = EDGE_CURVE ( 'NONE', #4054, #5011, #39, .T. ) ;
#1535 = VECTOR ( 'NONE', #3965, 1000.000000000000000 ) ;
#1536 = CARTESIAN_POINT ( 'NONE',  ( 12.99920328842144635, 21.00927075233984453, 21.56786224332449464 ) ) ;
#1537 = ADVANCED_FACE ( 'NONE', ( #3884 ), #431, .F. ) ;
#1538 = CYLINDRICAL_SURFACE ( 'NONE', #2501, 5.000000000000000888 ) ;
#1539 = ADVANCED_FACE ( 'NONE', ( #2134 ), #4226, .F. ) ;
#1540 = CARTESIAN_POINT ( 'NONE',  ( 7.369999999999992113, -28.59999999999999076, 22.29999999999996518 ) ) ;
#1541 = AXIS2_PLACEMENT_3D ( 'NONE', #5295, #2708, #1774 ) ;
#1542 = EDGE_LOOP ( 'NONE', ( #2493, #5238, #4518, #4063 ) ) ;
#1543 = CARTESIAN_POINT ( 'NONE',  ( -32.00000000000002132, -26.86999999999999744, 22.29999999999996518 ) ) ;
#1544 = VERTEX_POINT ( 'NONE', #3806 ) ;
#1545 = CARTESIAN_POINT ( 'NONE',  ( 13.11856524490939968, -21.29407344562213211, 21.24792137297178130 ) ) ;
#1546 = CARTESIAN_POINT ( 'NONE',  ( 6.608477631085007964, 26.33152236891498887, 20.99999999999996803 ) ) ;
#1547 = DIRECTION ( 'NONE',  ( 0.000000000000000000, 0.000000000000000000, -1.000000000000000000 ) ) ;
#1548 = VECTOR ( 'NONE', #4150, 1000.000000000000000 ) ;
#1549 = ORIENTED_EDGE ( 'NONE', *, *, #799, .F. ) ;
#1550 = DIRECTION ( 'NONE',  ( 0.6333333333333314163, 0.7738791177495950580, -2.684932546256882182E-15 ) ) ;
#1551 = ORIENTED_EDGE ( 'NONE', *, *, #1955, .T. ) ;
#1552 = CARTESIAN_POINT ( 'NONE',  ( 12.76857942631238529, 21.03872138512045709, 22.61548057355079777 ) ) ;
#1553 = FACE_OUTER_BOUND ( 'NONE', #1826, .T. ) ;
#1554 = AXIS2_PLACEMENT_3D ( 'NONE', #503, #3560, #3194 ) ;
#1555 = CYLINDRICAL_SURFACE ( 'NONE', #2460, 1.299999999999999156 ) ;
#1556 = ORIENTED_EDGE ( 'NONE', *, *, #2846, .F. ) ;
#1557 = AXIS2_PLACEMENT_3D ( 'NONE', #4045, #5340, #3658 ) ;
#1558 = DIRECTION ( 'NONE',  ( -0.000000000000000000, -0.000000000000000000, -1.000000000000000000 ) ) ;
#1559 = ORIENTED_EDGE ( 'NONE', *, *, #1191, .T. ) ;
#1560 = CARTESIAN_POINT ( 'NONE',  ( 18.99999999999998934, -24.49999999999998934, 4.150254037844377741 ) ) ;
#1561 = DIRECTION ( 'NONE',  ( 1.000000000000000000, 0.000000000000000000, 0.000000000000000000 ) ) ;
#1562 = VERTEX_POINT ( 'NONE', #5542 ) ;
#1563 = FACE_OUTER_BOUND ( 'NONE', #5305, .T. ) ;
#1564 = CARTESIAN_POINT ( 'NONE',  ( 7.781056399280609881, -25.39756537565075689, 21.19227909913627528 ) ) ;
#1565 = DIRECTION ( 'NONE',  ( 1.000000000000000000, 0.000000000000000000, 0.000000000000000000 ) ) ;
#1566 = EDGE_LOOP ( 'NONE', ( #2929, #1559, #4926, #496 ) ) ;
#1567 = CARTESIAN_POINT ( 'NONE',  ( -39.00000000000000711, -8.890000000000005898, 20.99999999999996803 ) ) ;
#1568 = VERTEX_POINT ( 'NONE', #5093 ) ;
#1569 = CARTESIAN_POINT ( 'NONE',  ( 12.10576262334469178, -21.04394565120412608, 22.50714544839632225 ) ) ;
#1570 = DIRECTION ( 'NONE',  ( 0.000000000000000000, -1.000000000000000000, 0.000000000000000000 ) ) ;
#1571 = CARTESIAN_POINT ( 'NONE',  ( -36.56198823134726439, 17.13529411764870858, 22.95733048496801132 ) ) ;
#1572 = EDGE_LOOP ( 'NONE', ( #2859, #3616, #3745, #4573 ) ) ;
#1573 = DIRECTION ( 'NONE',  ( -0.000000000000000000, -0.000000000000000000, -1.000000000000000000 ) ) ;
#1574 = ORIENTED_EDGE ( 'NONE', *, *, #5493, .F. ) ;
#1575 = FACE_OUTER_BOUND ( 'NONE', #2350, .T. ) ;
#1576 = CARTESIAN_POINT ( 'NONE',  ( 11.62008802343477676, -21.03385722626371646, 22.08940521923885214 ) ) ;
#1577 = DIRECTION ( 'NONE',  ( 1.000000000000000000, -0.000000000000000000, 0.000000000000000000 ) ) ;
#1578 = ORIENTED_EDGE ( 'NONE', *, *, #883, .T. ) ;
#1579 = CARTESIAN_POINT ( 'NONE',  ( 16.46950653353546912, -28.59999999999998366, 10.95758637581521633 ) ) ;
#1580 = ORIENTED_EDGE ( 'NONE', *, *, #1917, .F. ) ;
#1581 = PLANE ( 'NONE',  #3790 ) ;
#1582 = FACE_OUTER_BOUND ( 'NONE', #4802, .T. ) ;
#1583 = VERTEX_POINT ( 'NONE', #2536 ) ;
#1584 = CARTESIAN_POINT ( 'NONE',  ( 13.24932305141540745, 21.03360442359287319, 22.88265406689044923 ) ) ;
#1585 = LINE ( 'NONE', #20, #339 ) ;
#1586 = EDGE_CURVE ( 'NONE', #4871, #4304, #5516, .T. ) ;
#1587 = CARTESIAN_POINT ( 'NONE',  ( -24.00000000000002842, 28.60000000000001208, 22.29999999999996518 ) ) ;
#1588 = VERTEX_POINT ( 'NONE', #3436 ) ;
#1589 = CARTESIAN_POINT ( 'NONE',  ( 6.662374099028179231, -26.29778548292101803, 21.21579841488397378 ) ) ;
#1590 = ORIENTED_EDGE ( 'NONE', *, *, #734, .T. ) ;
#1591 = CARTESIAN_POINT ( 'NONE',  ( 11.67344403765707206, -20.73644321071540020, 20.99999999798888695 ) ) ;
#1592 = CARTESIAN_POINT ( 'NONE',  ( -43.10000000000004405, 22.08315017762059895, 22.99999999999996447 ) ) ;
#1593 = EDGE_CURVE ( 'NONE', #3078, #481, #2616, .T. ) ;
#1594 = CARTESIAN_POINT ( 'NONE',  ( 8.699999999999995737, -24.12999999999998124, 24.99999999999998934 ) ) ;
#1595 = EDGE_CURVE ( 'NONE', #2995, #2004, #1066, .T. ) ;
#1596 = VERTEX_POINT ( 'NONE', #1229 ) ;
#1597 = AXIS2_PLACEMENT_3D ( 'NONE', #3026, #5280, #487 ) ;
#1598 = ORIENTED_EDGE ( 'NONE', *, *, #4265, .F. ) ;
#1599 = DIRECTION ( 'NONE',  ( 0.6125190600135786978, 0.7799258834486871850, -0.1285924470832829347 ) ) ;
#1600 = EDGE_CURVE ( 'NONE', #1087, #1350, #4706, .T. ) ;
#1601 = DIRECTION ( 'NONE',  ( 0.000000000000000000, 0.000000000000000000, 1.000000000000000000 ) ) ;
#1602 = AXIS2_PLACEMENT_3D ( 'NONE', #4370, #3558, #2289 ) ;
#1603 = AXIS2_PLACEMENT_3D ( 'NONE', #210, #4529, #3313 ) ;
#1604 = DIRECTION ( 'NONE',  ( 0.000000000000000000, 0.000000000000000000, -1.000000000000000000 ) ) ;
#1605 = ORIENTED_EDGE ( 'NONE', *, *, #980, .F. ) ;
#1606 = DIRECTION ( 'NONE',  ( -1.000000000000000000, 0.000000000000000000, 0.000000000000000000 ) ) ;
#1607 = VERTEX_POINT ( 'NONE', #4728 ) ;
#1608 = AXIS2_PLACEMENT_3D ( 'NONE', #4922, #5007, #2477 ) ;
#1609 = DIRECTION ( 'NONE',  ( 0.000000000000000000, 1.000000000000000000, 0.000000000000000000 ) ) ;
#1610 = CARTESIAN_POINT ( 'NONE',  ( 7.757682367636825838, -25.99852319612632812, 21.24957141391786308 ) ) ;
#1611 = ORIENTED_EDGE ( 'NONE', *, *, #842, .F. ) ;
#1612 = AXIS2_PLACEMENT_3D ( 'NONE', #99, #3607, #2615 ) ;
#1613 = ADVANCED_FACE ( 'NONE', ( #2958 ), #162, .T. ) ;
#1614 = CARTESIAN_POINT ( 'NONE',  ( 14.19487422166632840, 19.15559973610582389, 20.99999999999996447 ) ) ;
#1615 = CIRCLE ( 'NONE', #4681, 1.475000000000000533 ) ;
#1616 = CARTESIAN_POINT ( 'NONE',  ( -24.00000000000002132, -28.59999999999999076, 29.99999999999996447 ) ) ;
#1617 = CARTESIAN_POINT ( 'NONE',  ( -43.10000000000002274, 22.81673218789800117, 10.28407209302205949 ) ) ;
#1618 = ORIENTED_EDGE ( 'NONE', *, *, #4362, .T. ) ;
#1619 = CARTESIAN_POINT ( 'NONE',  ( -39.00000000000002132, 24.50000000000001066, 5.544774941164130944 ) ) ;
#1620 = CIRCLE ( 'NONE', #5307, 0.8051270189222137219 ) ;
#1621 = CARTESIAN_POINT ( 'NONE',  ( 10.60944879312561717, -20.90000000666329072, 21.00000001019375162 ) ) ;
#1622 = CARTESIAN_POINT ( 'NONE',  ( -39.00000000000002132, 25.57000000000001450, 20.99999999999996803 ) ) ;
#1623 = CIRCLE ( 'NONE', #3339, 1.587500000000000355 ) ;
#1624 = LINE ( 'NONE', #2422, #4690 ) ;
#1625 = ORIENTED_EDGE ( 'NONE', *, *, #3117, .F. ) ;
#1626 = VECTOR ( 'NONE', #2479, 1000.000000000000000 ) ;
#1627 = DIRECTION ( 'NONE',  ( -0.000000000000000000, -0.000000000000000000, -1.000000000000000000 ) ) ;
#1628 = VERTEX_POINT ( 'NONE', #2086 ) ;
#1629 = CARTESIAN_POINT ( 'NONE',  ( 10.70418545366281826, -21.21898308612897566, 21.48799345391002902 ) ) ;
#1630 = CARTESIAN_POINT ( 'NONE',  ( 12.33416200511527805, -21.07113741135827922, 22.70378311356960310 ) ) ;
#1631 = AXIS2_PLACEMENT_3D ( 'NONE', #2044, #3342, #3372 ) ;
#1632 = DIRECTION ( 'NONE',  ( -0.000000000000000000, -0.000000000000000000, -1.000000000000000000 ) ) ;
#1633 = EDGE_LOOP ( 'NONE', ( #4694, #756, #111, #1459 ) ) ;
#1634 = ADVANCED_FACE ( 'NONE', ( #5121 ), #3021, .F. ) ;
#1635 = LINE ( 'NONE', #3360, #4230 ) ;
#1636 = ORIENTED_EDGE ( 'NONE', *, *, #1400, .F. ) ;
#1637 = AXIS2_PLACEMENT_3D ( 'NONE', #452, #4286, #3413 ) ;
#1638 = CARTESIAN_POINT ( 'NONE',  ( -41.49215686274511938, -7.046320480269845810, 22.99999999999996447 ) ) ;
#1639 = DIRECTION ( 'NONE',  ( 0.000000000000000000, 0.000000000000000000, 1.000000000000000000 ) ) ;
#1640 = CARTESIAN_POINT ( 'NONE',  ( -39.00000000000002132, 19.05000000000000071, 26.49999999999999645 ) ) ;
#1641 = AXIS2_PLACEMENT_3D ( 'NONE', #4528, #2813, #5251 ) ;
#1642 = ORIENTED_EDGE ( 'NONE', *, *, #1145, .T. ) ;
#1643 = CARTESIAN_POINT ( 'NONE',  ( 12.69610944052204360, -27.10048006399189902, 22.95682061524089690 ) ) ;
#1644 = CARTESIAN_POINT ( 'NONE',  ( -38.19487298107780759, -24.49999999999998934, 4.150254037844377741 ) ) ;
#1645 = EDGE_CURVE ( 'NONE', #2839, #1712, #4489, .T. ) ;
#1646 = FACE_OUTER_BOUND ( 'NONE', #529, .T. ) ;
#1647 = LINE ( 'NONE', #3311, #1906 ) ;
#1648 = VERTEX_POINT ( 'NONE', #3520 ) ;
#1649 = DIRECTION ( 'NONE',  ( 0.000000000000000000, 0.000000000000000000, 1.000000000000000000 ) ) ;
#1650 = CARTESIAN_POINT ( 'NONE',  ( -1.930000000000015037, 26.87000000000001521, 21.53847763108499436 ) ) ;
#1651 = FACE_OUTER_BOUND ( 'NONE', #5329, .T. ) ;
#1652 = CARTESIAN_POINT ( 'NONE',  ( -1.930000000000008153, -26.86999999999999744, 26.14999999999996660 ) ) ;
#1653 = ORIENTED_EDGE ( 'NONE', *, *, #3976, .F. ) ;
#1654 = CARTESIAN_POINT ( 'NONE',  ( 17.03785831296513464, 26.90000000000001990, 4.651666049839564998 ) ) ;
#1655 = ORIENTED_EDGE ( 'NONE', *, *, #908, .T. ) ;
#1656 =( BOUNDED_SURFACE ( )  B_SPLINE_SURFACE ( 3, 2, ( 
 ( #3988, #3901, #2726 ),
 ( #1790, #885, #2610 ),
 ( #5191, #4809, #2303 ),
 ( #4416, #1761, #3511 ) ),
 .UNSPECIFIED., .F., .F., .F. ) 
 B_SPLINE_SURFACE_WITH_KNOTS ( ( 4, 4 ),
 ( 3, 3 ),
 ( 0.003453949382055423317, 0.004076228973937702504 ),
 ( 0.000000000000000000, 1.000000000000000000 ),
 .UNSPECIFIED. ) 
 GEOMETRIC_REPRESENTATION_ITEM ( )  RATIONAL_B_SPLINE_SURFACE ( (
 ( 1.000000000000000000, 0.7071067811865475727, 1.000000000000000000),
 ( 1.000000000000000000, 0.7254936301131846843, 1.000000000000000000),
 ( 1.000000000000000000, 0.7440620915080958797, 1.000000000000000000),
 ( 1.000000000000000000, 0.7620978105589585327, 1.000000000000000000) ) ) 
 REPRESENTATION_ITEM ( '' )  SURFACE ( )  );
#1657 = CARTESIAN_POINT ( 'NONE',  ( 9.928211500038264248, -20.89999999999999503, 20.99999999999996092 ) ) ;
#1658 = DIRECTION ( 'NONE',  ( -0.000000000000000000, -0.000000000000000000, -1.000000000000000000 ) ) ;
#1659 = B_SPLINE_CURVE_WITH_KNOTS ( 'NONE', 3,
 ( #3980, #4886, #2745, #4460, #4004, #82, #5331, #2770, #2319, #3562 ),
 .UNSPECIFIED., .F., .F.,
 ( 4, 2, 2, 2, 4 ),
 ( 0.000000000000000000, 0.0004975738467385385118, 0.0009951476934770770236, 0.001492721540215615535, 0.001990295386954154047 ),
 .UNSPECIFIED. ) ;
#1660 = CARTESIAN_POINT ( 'NONE',  ( 11.79999999999999538, -24.12999999999998124, 26.99999999999999645 ) ) ;
#1661 = ORIENTED_EDGE ( 'NONE', *, *, #1298, .T. ) ;
#1662 = CARTESIAN_POINT ( 'NONE',  ( 0.000000000000000000, 27.86998864849433133, 29.99999999999996447 ) ) ;
#1663 = ORIENTED_EDGE ( 'NONE', *, *, #2852, .T. ) ;
#1664 = CARTESIAN_POINT ( 'NONE',  ( -41.99544918407876537, -9.704898169972842936, 22.82281648120873996 ) ) ;
#1665 = EDGE_CURVE ( 'NONE', #2635, #481, #2251, .T. ) ;
#1666 = CARTESIAN_POINT ( 'NONE',  ( -30.40000000000002700, 15.90000000000001101, 11.99000000000000021 ) ) ;
#1667 = EDGE_LOOP ( 'NONE', ( #1580, #1142, #4503, #1159 ) ) ;
#1668 = CARTESIAN_POINT ( 'NONE',  ( -37.52500000000001990, 24.50000000000001066, -0.01000000000000002623 ) ) ;
#1669 = EDGE_CURVE ( 'NONE', #2207, #4719, #2688, .T. ) ;
#1670 = DIRECTION ( 'NONE',  ( 1.000000000000000000, 0.000000000000000000, 0.000000000000000000 ) ) ;
#1671 = EDGE_CURVE ( 'NONE', #3446, #5293, #1885, .T. ) ;
#1672 = CARTESIAN_POINT ( 'NONE',  ( -39.00000000000000711, -8.890000000000005898, 26.49999999999999645 ) ) ;
#1673 = ORIENTED_EDGE ( 'NONE', *, *, #4527, .T. ) ;
#1674 = ADVANCED_FACE ( 'NONE', ( #5200 ), #3933, .F. ) ;
#1675 = CARTESIAN_POINT ( 'NONE',  ( 22.09999999999998010, 24.50000000000001066, 7.990000000000032188 ) ) ;
#1676 = DIRECTION ( 'NONE',  ( 0.5000000000000054401, 0.000000000000000000, 0.8660254037844353769 ) ) ;
#1677 = CARTESIAN_POINT ( 'NONE',  ( -24.00000000000002132, -28.59999999999999076, 29.99999999999996447 ) ) ;
#1678 = CARTESIAN_POINT ( 'NONE',  ( 23.09999999999997300, 21.20985824304514722, 11.72047934387236090 ) ) ;
#1679 = ORIENTED_EDGE ( 'NONE', *, *, #1086, .T. ) ;
#1680 = CARTESIAN_POINT ( 'NONE',  ( 14.19487422166632840, 19.15559973610582389, 20.99999999999996447 ) ) ;
#1681 = VERTEX_POINT ( 'NONE', #1406 ) ;
#1682 = CARTESIAN_POINT ( 'NONE',  ( 8.212006674969160258, -20.90000000000012292, 21.00000000000000000 ) ) ;
#1683 =( BOUNDED_CURVE ( )  B_SPLINE_CURVE ( 3, ( #2227, #986, #5578, #1412 ),
 .UNSPECIFIED., .F., .F. ) 
 B_SPLINE_CURVE_WITH_KNOTS ( ( 4, 4 ),
 ( 2.456236309100445769, 3.826948998079140019 ),
 .UNSPECIFIED. ) 
 CURVE ( )  GEOMETRIC_REPRESENTATION_ITEM ( )  RATIONAL_B_SPLINE_CURVE ( ( 1.000000000000000000, 0.8494623655913949856, 0.8494623655913949856, 1.000000000000000000 ) ) 
 REPRESENTATION_ITEM ( '' )  );
#1684 = CARTESIAN_POINT ( 'NONE',  ( 7.638848501426292792, -26.17838097484755622, 21.04152371296896362 ) ) ;
#1685 = DIRECTION ( 'NONE',  ( -5.004010026856177117E-16, -1.000000000000000000, 0.000000000000000000 ) ) ;
#1686 = VERTEX_POINT ( 'NONE', #977 ) ;
#1687 = CARTESIAN_POINT ( 'NONE',  ( -35.40000000889082088, 16.03513978001137374, 21.00000000186651405 ) ) ;
#1688 = ORIENTED_EDGE ( 'NONE', *, *, #1586, .T. ) ;
#1689 = CARTESIAN_POINT ( 'NONE',  ( -43.10000000000001563, -6.305664071418309646, 20.99999999999996447 ) ) ;
#1690 = CIRCLE ( 'NONE', #4214, 3.099999999999998757 ) ;
#1691 = CYLINDRICAL_SURFACE ( 'NONE', #5147, 1.587499999999998579 ) ;
#1692 = CARTESIAN_POINT ( 'NONE',  ( 10.39999999999997904, 20.90000000000001279, 11.99000000000000021 ) ) ;
#1693 = VERTEX_POINT ( 'NONE', #3994 ) ;
#1694 = CIRCLE ( 'NONE', #1882, 5.409401076758545202 ) ;
#1695 = AXIS2_PLACEMENT_3D ( 'NONE', #2394, #894, #3069 ) ;
#1696 = CARTESIAN_POINT ( 'NONE',  ( -24.00000000000002842, 26.87000000000001165, 26.14999999999996660 ) ) ;
#1697 = ORIENTED_EDGE ( 'NONE', *, *, #1733, .F. ) ;
#1698 = DIRECTION ( 'NONE',  ( -0.000000000000000000, -0.000000000000000000, -1.000000000000000000 ) ) ;
#1699 = CIRCLE ( 'NONE', #5208, 3.099999999999998757 ) ;
#1700 = AXIS2_PLACEMENT_3D ( 'NONE', #1732, #4807, #913 ) ;
#1701 = EDGE_CURVE ( 'NONE', #4260, #3284, #2513, .T. ) ;
#1702 = CARTESIAN_POINT ( 'NONE',  ( 7.369999999999993889, -26.65687554105854318, 22.29999999999996518 ) ) ;
#1703 = ORIENTED_EDGE ( 'NONE', *, *, #1115, .T. ) ;
#1704 = CARTESIAN_POINT ( 'NONE',  ( 16.16999999999998749, 24.13000000000000966, 22.99999999999996447 ) ) ;
#1705 = AXIS2_PLACEMENT_3D ( 'NONE', #865, #5096, #5491 ) ;
#1706 = EDGE_CURVE ( 'NONE', #889, #1583, #690, .T. ) ;
#1707 = DIRECTION ( 'NONE',  ( 0.000000000000000000, -1.000000000000000000, 0.000000000000000000 ) ) ;
#1708 = DIRECTION ( 'NONE',  ( 0.000000000000000000, 0.000000000000000000, 1.000000000000000000 ) ) ;
#1709 = DIRECTION ( 'NONE',  ( -0.4814554059915350792, 0.8764705882352962218, 0.000000000000000000 ) ) ;
#1710 = AXIS2_PLACEMENT_3D ( 'NONE', #2772, #570, #592 ) ;
#1711 = CARTESIAN_POINT ( 'NONE',  ( -39.00000000000001421, -24.49999999999998934, -0.01000000000000002623 ) ) ;
#1712 = VERTEX_POINT ( 'NONE', #3720 ) ;
#1713 = AXIS2_PLACEMENT_3D ( 'NONE', #2233, #3624, #5358 ) ;
#1714 = CARTESIAN_POINT ( 'NONE',  ( 7.853216499477060353, -20.89999999999999147, 20.99999999999996447 ) ) ;
#1715 = DIRECTION ( 'NONE',  ( 1.000000000000000000, -0.000000000000000000, -0.000000000000000000 ) ) ;
#1716 = AXIS2_PLACEMENT_3D ( 'NONE', #2981, #5036, #721 ) ;
#1717 = ORIENTED_EDGE ( 'NONE', *, *, #3768, .F. ) ;
#1718 = DIRECTION ( 'NONE',  ( -1.000000000000000000, -1.794541526872558859E-16, 0.000000000000000000 ) ) ;
#1719 = ORIENTED_EDGE ( 'NONE', *, *, #2255, .F. ) ;
#1720 = CARTESIAN_POINT ( 'NONE',  ( -41.49215686274510517, -10.73367951973018286, 22.99999999999996447 ) ) ;
#1721 = VECTOR ( 'NONE', #1936, 1000.000000000000114 ) ;
#1722 = CARTESIAN_POINT ( 'NONE',  ( -35.90000000000001279, 18.87548468030458793, 22.95041361444778971 ) ) ;
#1723 = CARTESIAN_POINT ( 'NONE',  ( 7.661498620907639889, -26.13945404031699127, 21.05079069637540456 ) ) ;
#1724 = ORIENTED_EDGE ( 'NONE', *, *, #1891, .F. ) ;
#1725 = AXIS2_PLACEMENT_3D ( 'NONE', #459, #28, #3898 ) ;
#1726 = FACE_OUTER_BOUND ( 'NONE', #2089, .T. ) ;
#1727 = ORIENTED_EDGE ( 'NONE', *, *, #4936, .F. ) ;
#1728 = FACE_OUTER_BOUND ( 'NONE', #679, .T. ) ;
#1729 = AXIS2_PLACEMENT_3D ( 'NONE', #2797, #1979, #1604 ) ;
#1730 = LINE ( 'NONE', #4325, #1455 ) ;
#1731 = ORIENTED_EDGE ( 'NONE', *, *, #831, .T. ) ;
#1732 = CARTESIAN_POINT ( 'NONE',  ( 18.99999999999998934, -24.49999999999998934, 11.99000000000000021 ) ) ;
#1733 = EDGE_CURVE ( 'NONE', #688, #4490, #3405, .T. ) ;
#1734 = LINE ( 'NONE', #348, #4041 ) ;
#1735 = DIRECTION ( 'NONE',  ( 0.000000000000000000, 0.000000000000000000, 1.000000000000000000 ) ) ;
#1736 = FACE_OUTER_BOUND ( 'NONE', #233, .T. ) ;
#1737 = ADVANCED_FACE ( 'NONE', ( #2370 ), #5026, .F. ) ;
#1738 = VERTEX_POINT ( 'NONE', #323 ) ;
#1739 = LINE ( 'NONE', #468, #4507 ) ;
#1740 = ORIENTED_EDGE ( 'NONE', *, *, #5523, .T. ) ;
#1741 = CARTESIAN_POINT ( 'NONE',  ( 9.400974734976252023, -22.16666666666665719, 20.99999999999996447 ) ) ;
#1742 = CARTESIAN_POINT ( 'NONE',  ( -43.10000000000002274, 21.63433592858218191, 20.99999999999996447 ) ) ;
#1743 = B_SPLINE_CURVE_WITH_KNOTS ( 'NONE', 3,
 ( #3261, #1935, #3204, #4916, #4496, #630, #1483, #176, #684, #3178 ),
 .UNSPECIFIED., .F., .F.,
 ( 4, 2, 2, 2, 4 ),
 ( 0.000000000000000000, 0.0007814490852635035383, 0.001562898170527007077, 0.002344347255790510398, 0.003125796341054014153 ),
 .UNSPECIFIED. ) ;
#1744 = ADVANCED_FACE ( 'NONE', ( #1169 ), #270, .F. ) ;
#1745 = VERTEX_POINT ( 'NONE', #4080 ) ;
#1746 = EDGE_CURVE ( 'NONE', #1003, #1951, #3770, .T. ) ;
#1747 = FACE_OUTER_BOUND ( 'NONE', #1566, .T. ) ;
#1748 = ORIENTED_EDGE ( 'NONE', *, *, #1989, .T. ) ;
#1749 = CARTESIAN_POINT ( 'NONE',  ( 10.71249999999999503, -24.12999999999998124, 26.49999999999999645 ) ) ;
#1750 = DIRECTION ( 'NONE',  ( 1.000000000000000000, 0.000000000000000000, 0.000000000000000000 ) ) ;
#1751 = DIRECTION ( 'NONE',  ( -0.000000000000000000, -0.000000000000000000, -1.000000000000000000 ) ) ;
#1752 = FACE_OUTER_BOUND ( 'NONE', #1633, .T. ) ;
#1753 = VERTEX_POINT ( 'NONE', #2871 ) ;
#1754 = FACE_BOUND ( 'NONE', #2081, .T. ) ;
#1755 = EDGE_LOOP ( 'NONE', ( #2282, #5512, #4130, #4101 ) ) ;
#1756 = CARTESIAN_POINT ( 'NONE',  ( -35.40000000000002700, 15.43752162636230096, 20.99999999999996447 ) ) ;
#1757 = LINE ( 'NONE', #2180, #5241 ) ;
#1758 = CARTESIAN_POINT ( 'NONE',  ( -22.70000000000002771, 25.57000000000001450, 20.99999999999996803 ) ) ;
#1759 = EDGE_LOOP ( 'NONE', ( #2834, #1578, #1439, #149 ) ) ;
#1760 = DIRECTION ( 'NONE',  ( -0.000000000000000000, -0.000000000000000000, -1.000000000000000000 ) ) ;
#1761 = CARTESIAN_POINT ( 'NONE',  ( -36.69694334509399170, 16.96345458940202988, 21.27228070008164096 ) ) ;
#1762 = CARTESIAN_POINT ( 'NONE',  ( 10.12144251419720042, -28.59999999999999076, 20.99999999999996447 ) ) ;
#1763 = CARTESIAN_POINT ( 'NONE',  ( -39.00000000000001421, -24.49999999999998934, -0.01000000000000002623 ) ) ;
#1764 = ORIENTED_EDGE ( 'NONE', *, *, #3841, .F. ) ;
#1765 = CARTESIAN_POINT ( 'NONE',  ( -37.91250000000000853, -8.890000000000005898, 26.99999999999999645 ) ) ;
#1766 = EDGE_CURVE ( 'NONE', #5540, #1525, #1999, .T. ) ;
#1767 = DIRECTION ( 'NONE',  ( -0.000000000000000000, -0.000000000000000000, -1.000000000000000000 ) ) ;
#1768 = CARTESIAN_POINT ( 'NONE',  ( 6.069999999999985185, 26.87000000000001165, 26.14999999999996660 ) ) ;
#1769 = EDGE_CURVE ( 'NONE', #3851, #2912, #3499, .T. ) ;
#1770 = DIRECTION ( 'NONE',  ( -1.000000000000000000, -1.245016848787182012E-16, 0.000000000000000000 ) ) ;
#1771 = CARTESIAN_POINT ( 'NONE',  ( -35.90978362017577297, 19.29609495294688415, 20.99999999999996092 ) ) ;
#1772 = ORIENTED_EDGE ( 'NONE', *, *, #4811, .F. ) ;
#1773 = EDGE_CURVE ( 'NONE', #2582, #1138, #3553, .T. ) ;
#1774 = DIRECTION ( 'NONE',  ( -1.000000000000000000, 0.000000000000000000, 0.000000000000000000 ) ) ;
#1775 = DIRECTION ( 'NONE',  ( -0.000000000000000000, -0.000000000000000000, 1.000000000000000000 ) ) ;
#1776 = EDGE_CURVE ( 'NONE', #5132, #2918, #3239, .T. ) ;
#1777 = DIRECTION ( 'NONE',  ( 0.000000000000000000, 0.000000000000000000, 1.000000000000000000 ) ) ;
#1778 = CARTESIAN_POINT ( 'NONE',  ( -39.00000000000002132, 19.05000000000000071, 26.99999999999999645 ) ) ;
#1779 = EDGE_LOOP ( 'NONE', ( #4309, #50, #2231, #306 ) ) ;
#1780 = DIRECTION ( 'NONE',  ( 1.000000000000000000, 0.000000000000000000, 0.000000000000000000 ) ) ;
#1781 = EDGE_LOOP ( 'NONE', ( #3440, #627, #2462, #3035 ) ) ;
#1782 = AXIS2_PLACEMENT_3D ( 'NONE', #464, #512, #3479 ) ;
#1783 = DIRECTION ( 'NONE',  ( -1.000000000000000000, 0.000000000000000000, 0.000000000000000000 ) ) ;
#1784 = CARTESIAN_POINT ( 'NONE',  ( 18.99999999999998224, 24.50000000000001066, -0.01000000000000002623 ) ) ;
#1785 = DIRECTION ( 'NONE',  ( -0.000000000000000000, -0.000000000000000000, -1.000000000000000000 ) ) ;
#1786 = ORIENTED_EDGE ( 'NONE', *, *, #651, .F. ) ;
#1787 = VECTOR ( 'NONE', #2867, 1000.000000000000000 ) ;
#1788 = CARTESIAN_POINT ( 'NONE',  ( 9.983118960624617344, 26.87000000000001165, 26.14999999999996660 ) ) ;
#1789 = AXIS2_PLACEMENT_3D ( 'NONE', #1514, #4505, #639 ) ;
#1790 = CARTESIAN_POINT ( 'NONE',  ( -36.72225004168581819, 16.94338527100837766, 22.99999998796727141 ) ) ;
#1791 = CARTESIAN_POINT ( 'NONE',  ( 9.531663508924889783, -28.59999999999999076, 20.99999999999996447 ) ) ;
#1792 = DIRECTION ( 'NONE',  ( 1.000000000000000000, 0.000000000000000000, 0.000000000000000000 ) ) ;
#1793 = CARTESIAN_POINT ( 'NONE',  ( 18.99999999999998224, 24.50000000000001066, -0.01000000000000002623 ) ) ;
#1794 = AXIS2_PLACEMENT_3D ( 'NONE', #2206, #4238, #4738 ) ;
#1795 = EDGE_LOOP ( 'NONE', ( #4108, #3281, #61, #709 ) ) ;
#1796 = CARTESIAN_POINT ( 'NONE',  ( -43.10000000000002274, 24.50000000000001066, 20.99999999999996447 ) ) ;
#1797 = DIRECTION ( 'NONE',  ( 1.000000000000000000, 0.000000000000000000, 0.000000000000000000 ) ) ;
#1798 = CARTESIAN_POINT ( 'NONE',  ( -41.74931830534482202, 17.59897134999727086, 21.39078755492715445 ) ) ;
#1799 = AXIS2_PLACEMENT_3D ( 'NONE', #1945, #3212, #2425 ) ;
#1800 = EDGE_LOOP ( 'NONE', ( #3033, #1227, #3081, #422 ) ) ;
#1801 = AXIS2_PLACEMENT_3D ( 'NONE', #5553, #1698, #1274 ) ;
#1802 = CARTESIAN_POINT ( 'NONE',  ( -35.90276183368093399, 19.25941827636418324, 21.15692899226764467 ) ) ;
#1803 = ORIENTED_EDGE ( 'NONE', *, *, #2266, .T. ) ;
#1804 = DIRECTION ( 'NONE',  ( -0.000000000000000000, -0.000000000000000000, 1.000000000000000000 ) ) ;
#1805 = DIRECTION ( 'NONE',  ( -1.000000000000000000, 0.000000000000000000, 0.000000000000000000 ) ) ;
#1806 = LINE ( 'NONE', #3468, #3726 ) ;
#1807 = CONICAL_SURFACE ( 'NONE', #3614, 5.409401076758545202, 0.5235987755983051439 ) ;
#1808 = FACE_OUTER_BOUND ( 'NONE', #1244, .T. ) ;
#1809 = ORIENTED_EDGE ( 'NONE', *, *, #3291, .F. ) ;
#1810 = CYLINDRICAL_SURFACE ( 'NONE', #166, 3.099999999999998757 ) ;
#1811 = EDGE_LOOP ( 'NONE', ( #4939, #5058, #731, #4729, #2205 ) ) ;
#1812 = AXIS2_PLACEMENT_3D ( 'NONE', #2727, #1852, #4498 ) ;
#1813 = ADVANCED_FACE ( 'NONE', ( #3210 ), #4558, .F. ) ;
#1814 = CARTESIAN_POINT ( 'NONE',  ( -1.930000000000008153, -26.86999999999999744, 26.14999999999996660 ) ) ;
#1815 = CARTESIAN_POINT ( 'NONE',  ( -32.00000000000002132, -27.86998864849432067, 29.99999999999996447 ) ) ;
#1816 = CARTESIAN_POINT ( 'NONE',  ( 9.123216499477059926, 20.90000000000001279, 20.99999999999996447 ) ) ;
#1817 = AXIS2_PLACEMENT_3D ( 'NONE', #4068, #1931, #3652 ) ;
#1818 = EDGE_LOOP ( 'NONE', ( #3845, #784, #1854, #2016, #3644 ) ) ;
#1819 = CARTESIAN_POINT ( 'NONE',  ( 23.09999999999998366, -21.45591749068427490, 11.45768508767369909 ) ) ;
#1820 = EDGE_CURVE ( 'NONE', #1904, #1107, #1429, .T. ) ;
#1821 = AXIS2_PLACEMENT_3D ( 'NONE', #2264, #3977, #109 ) ;
#1822 = CARTESIAN_POINT ( 'NONE',  ( -39.00000000000001421, -24.49999999999998934, 9.722050807568896502 ) ) ;
#1823 = DIRECTION ( 'NONE',  ( 1.000000000000000000, 0.000000000000000000, 0.000000000000000000 ) ) ;
#1824 = DIRECTION ( 'NONE',  ( -0.000000000000000000, -0.000000000000000000, -1.000000000000000000 ) ) ;
#1825 = FACE_OUTER_BOUND ( 'NONE', #1900, .T. ) ;
#1826 = EDGE_LOOP ( 'NONE', ( #4206, #137, #5401, #3223 ) ) ;
#1827 = DIRECTION ( 'NONE',  ( 2.832201593431521726E-16, -1.000000000000000000, 0.000000000000000000 ) ) ;
#1828 = CARTESIAN_POINT ( 'NONE',  ( 18.99999999999998224, 28.60000000000001208, 20.99999999999996447 ) ) ;
#1829 = CARTESIAN_POINT ( 'NONE',  ( -24.00000000000002132, -26.16999999999999815, 27.36243556529819543 ) ) ;
#1830 = EDGE_LOOP ( 'NONE', ( #4541, #4711, #2596, #54 ) ) ;
#1831 = CARTESIAN_POINT ( 'NONE',  ( -36.16212676347893762, 17.78780717251671106, 22.77019120743009850 ) ) ;
#1832 = ORIENTED_EDGE ( 'NONE', *, *, #2847, .F. ) ;
#1833 = CARTESIAN_POINT ( 'NONE',  ( -39.00000000000002132, 24.50000000000001066, 11.99000000000000021 ) ) ;
#1834 = CARTESIAN_POINT ( 'NONE',  ( 22.09999999999998721, -24.49999999999998934, -0.01000000000000002623 ) ) ;
#1835 = ADVANCED_FACE ( 'NONE', ( #1941 ), #704, .F. ) ;
#1836 = DIRECTION ( 'NONE',  ( -0.000000000000000000, -0.000000000000000000, -1.000000000000000000 ) ) ;
#1837 = LINE ( 'NONE', #4884, #101 ) ;
#1838 = VERTEX_POINT ( 'NONE', #4955 ) ;
#1839 = DIRECTION ( 'NONE',  ( -1.000000000000000000, -0.000000000000000000, 0.000000000000000000 ) ) ;
#1840 = ORIENTED_EDGE ( 'NONE', *, *, #2538, .F. ) ;
#1841 = DIRECTION ( 'NONE',  ( -0.000000000000000000, -0.000000000000000000, 1.000000000000000000 ) ) ;
#1842 =( BOUNDED_SURFACE ( )  B_SPLINE_SURFACE ( 3, 2, ( 
 ( #1259, #1629, #5541 ),
 ( #2534, #781, #358 ),
 ( #3805, #811, #1657 ),
 ( #2133, #1228, #5120 ),
 ( #4255, #330, #891 ),
 ( #2110, #1288, #3461 ),
 ( #3829, #2164, #2987 ),
 ( #2585, #14, #1682 ),
 ( #5145, #4279, #410 ),
 ( #5571, #1741, #1714 ) ),
 .UNSPECIFIED., .F., .F., .T. ) 
 B_SPLINE_SURFACE_WITH_KNOTS ( ( 4, 2, 2, 2, 4 ),
 ( 3, 3 ),
 ( 0.009554269779760798248, 0.01036415778652274161, 0.01117404579328468497, 0.01198393380004662834, 0.01279382180680856997 ),
 ( 0.000000000000000000, 1.000000000000000000 ),
 .UNSPECIFIED. ) 
 GEOMETRIC_REPRESENTATION_ITEM ( )  RATIONAL_B_SPLINE_SURFACE ( (
 ( 1.000000000000000000, 0.9499696025289277035, 1.000000000000000000),
 ( 1.000000000000000000, 0.9383731371768797569, 1.000000000000000000),
 ( 1.000000000000000000, 0.9240730379782015058, 1.000000000000000000),
 ( 1.000000000000000000, 0.8901643141336693654, 1.000000000000000000),
 ( 1.000000000000000000, 0.8707626360988116598, 1.000000000000000000),
 ( 1.000000000000000000, 0.8281176404043935069, 1.000000000000000000),
 ( 1.000000000000000000, 0.8046717339517954759, 1.000000000000000000),
 ( 1.000000000000000000, 0.7556913886828098281, 1.000000000000000000),
 ( 1.000000000000000000, 0.7307527159204219025, 1.000000000000000000),
 ( 1.000000000000000000, 0.7071067811865477948, 1.000000000000000000) ) ) 
 REPRESENTATION_ITEM ( '' )  SURFACE ( )  );
#1843 = EDGE_CURVE ( 'NONE', #4334, #4597, #1090, .T. ) ;
#1844 = DIRECTION ( 'NONE',  ( 1.000000000000000000, 0.000000000000000000, 0.000000000000000000 ) ) ;
#1845 = DIRECTION ( 'NONE',  ( 1.000000000000000000, 1.196361017915039486E-16, -0.000000000000000000 ) ) ;
#1846 = ORIENTED_EDGE ( 'NONE', *, *, #4058, .T. ) ;
#1847 = EDGE_CURVE ( 'NONE', #5293, #35, #301, .T. ) ;
#1848 = EDGE_CURVE ( 'NONE', #13, #2992, #3609, .T. ) ;
#1849 = CARTESIAN_POINT ( 'NONE',  ( -32.53847763108505120, -26.33152236891497822, 20.99999999999996803 ) ) ;
#1850 = ADVANCED_FACE ( 'NONE', ( #1969 ), #4126, .T. ) ;
#1851 = CARTESIAN_POINT ( 'NONE',  ( -32.00000000000002842, 26.17000000000001236, 27.36243556529819543 ) ) ;
#1852 = DIRECTION ( 'NONE',  ( 0.000000000000000000, 0.000000000000000000, 1.000000000000000000 ) ) ;
#1853 = CARTESIAN_POINT ( 'NONE',  ( 13.49931396061034405, 28.60000000000000853, 20.99999999999996447 ) ) ;
#1854 = ORIENTED_EDGE ( 'NONE', *, *, #10, .F. ) ;
#1855 = FACE_OUTER_BOUND ( 'NONE', #354, .T. ) ;
#1856 = CARTESIAN_POINT ( 'NONE',  ( -35.47500000000002274, 24.50000000000001066, 1.650254037844406829 ) ) ;
#1857 = CARTESIAN_POINT ( 'NONE',  ( -35.90523972486304416, -9.097319564418317128, 22.33281948392268390 ) ) ;
#1858 = EDGE_LOOP ( 'NONE', ( #3693, #3648 ) ) ;
#1859 = CARTESIAN_POINT ( 'NONE',  ( -35.90424368610795369, 18.74814205370203268, 21.48095110142005026 ) ) ;
#1860 = ORIENTED_EDGE ( 'NONE', *, *, #2817, .T. ) ;
#1861 = DIRECTION ( 'NONE',  ( -0.000000000000000000, -0.000000000000000000, -1.000000000000000000 ) ) ;
#1862 = DIRECTION ( 'NONE',  ( -1.196361017915039486E-16, 1.000000000000000000, 0.000000000000000000 ) ) ;
#1863 = DIRECTION ( 'NONE',  ( 0.000000000000000000, 0.000000000000000000, 1.000000000000000000 ) ) ;
#1864 = VERTEX_POINT ( 'NONE', #2843 ) ;
#1865 = DIRECTION ( 'NONE',  ( 0.000000000000000000, 0.000000000000000000, 1.000000000000000000 ) ) ;
#1866 = VERTEX_POINT ( 'NONE', #349 ) ;
#1867 = CYLINDRICAL_SURFACE ( 'NONE', #1449, 1.299999999999999156 ) ;
#1868 = DIRECTION ( 'NONE',  ( -1.000000000000000000, -0.000000000000000000, 0.000000000000000000 ) ) ;
#1869 = DIRECTION ( 'NONE',  ( 1.000000000000000000, -0.000000000000000000, -0.000000000000000000 ) ) ;
#1870 = VERTEX_POINT ( 'NONE', #3004 ) ;
#1871 = CARTESIAN_POINT ( 'NONE',  ( -37.31506193742410460, 28.60000000000000142, 10.28513785303671568 ) ) ;
#1872 = AXIS2_PLACEMENT_3D ( 'NONE', #3575, #3151, #4019 ) ;
#1873 = CARTESIAN_POINT ( 'NONE',  ( 18.81770153782586874, 28.60000000000000853, 9.722050807568889397 ) ) ;
#1874 = EDGE_CURVE ( 'NONE', #4301, #2400, #3799, .T. ) ;
#1875 = VECTOR ( 'NONE', #741, 1000.000000000000000 ) ;
#1876 = VECTOR ( 'NONE', #235, 1000.000000000000000 ) ;
#1877 = FACE_OUTER_BOUND ( 'NONE', #4995, .T. ) ;
#1878 = EDGE_CURVE ( 'NONE', #1096, #506, #1694, .T. ) ;
#1879 = CARTESIAN_POINT ( 'NONE',  ( -41.67983820162383068, -10.45699533001072368, 22.98009474169950295 ) ) ;
#1880 = CARTESIAN_POINT ( 'NONE',  ( -39.00000000000002132, 19.05000000000000071, 26.99999999999999645 ) ) ;
#1881 = ORIENTED_EDGE ( 'NONE', *, *, #390, .F. ) ;
#1882 = AXIS2_PLACEMENT_3D ( 'NONE', #5536, #3349, #4747 ) ;
#1883 = VECTOR ( 'NONE', #5161, 1000.000000000000000 ) ;
#1884 = CARTESIAN_POINT ( 'NONE',  ( 11.79999999999999538, -24.12999999999998124, 26.49999999999999645 ) ) ;
#1885 = LINE ( 'NONE', #606, #2143 ) ;
#1886 = CARTESIAN_POINT ( 'NONE',  ( -36.30721972757096694, -7.340563590132614280, 22.83025997915951422 ) ) ;
#1887 = VECTOR ( 'NONE', #2476, 1000.000000000000000 ) ;
#1888 = VERTEX_POINT ( 'NONE', #4274 ) ;
#1889 = DIRECTION ( 'NONE',  ( -0.000000000000000000, 1.000000000000000000, -0.000000000000000000 ) ) ;
#1890 = ORIENTED_EDGE ( 'NONE', *, *, #1985, .F. ) ;
#1891 = EDGE_CURVE ( 'NONE', #1525, #5403, #67, .T. ) ;
#1892 = VECTOR ( 'NONE', #1889, 1000.000000000000000 ) ;
#1893 = CARTESIAN_POINT ( 'NONE',  ( -32.00000000000002132, -26.86999999999999744, 26.14999999999996660 ) ) ;
#1894 = CARTESIAN_POINT ( 'NONE',  ( -39.00000000000001421, -24.49999999999998934, -0.01000000000000002623 ) ) ;
#1895 = CARTESIAN_POINT ( 'NONE',  ( 13.06999999999998607, 24.13000000000000966, 26.99999999999999645 ) ) ;
#1896 = LINE ( 'NONE', #4172, #826 ) ;
#1897 = AXIS2_PLACEMENT_3D ( 'NONE', #1080, #923, #950 ) ;
#1898 = VERTEX_POINT ( 'NONE', #5164 ) ;
#1899 = DIRECTION ( 'NONE',  ( -0.000000000000000000, -0.000000000000000000, -1.000000000000000000 ) ) ;
#1900 = EDGE_LOOP ( 'NONE', ( #328, #5436 ) ) ;
#1901 = CARTESIAN_POINT ( 'NONE',  ( -33.30000000000002558, -25.57000000000000028, 20.99999999999996803 ) ) ;
#1902 = AXIS2_PLACEMENT_3D ( 'NONE', #4204, #4177, #3282 ) ;
#1903 = FACE_OUTER_BOUND ( 'NONE', #2653, .T. ) ;
#1904 = VERTEX_POINT ( 'NONE', #2611 ) ;
#1905 = DIRECTION ( 'NONE',  ( 0.000000000000000000, 0.000000000000000000, 1.000000000000000000 ) ) ;
#1906 = VECTOR ( 'NONE', #344, 1000.000000000000000 ) ;
#1907 =( BOUNDED_CURVE ( )  B_SPLINE_CURVE ( 3, ( #281, #2008, #676, #1524 ),
 .UNSPECIFIED., .F., .T. ) 
 B_SPLINE_CURVE_WITH_KNOTS ( ( 4, 4 ),
 ( 5.597828962690238441, 6.968541651668934023 ),
 .UNSPECIFIED. ) 
 CURVE ( )  GEOMETRIC_REPRESENTATION_ITEM ( )  RATIONAL_B_SPLINE_CURVE ( ( 1.000000000000000000, 0.8494623655913946525, 0.8494623655913946525, 1.000000000000000000 ) ) 
 REPRESENTATION_ITEM ( '' )  );
#1908 = CARTESIAN_POINT ( 'NONE',  ( -36.06253882139944267, -9.899568292148138937, 22.58193646252738773 ) ) ;
#1909 = AXIS2_PLACEMENT_3D ( 'NONE', #827, #5159, #5135 ) ;
#1910 = FACE_OUTER_BOUND ( 'NONE', #2931, .T. ) ;
#1911 = CARTESIAN_POINT ( 'NONE',  ( -41.99471764883600855, -9.707310267701478423, 22.82332957824197806 ) ) ;
#1912 = DIRECTION ( 'NONE',  ( -1.000000000000000000, 0.000000000000000000, 0.000000000000000000 ) ) ;
#1913 = ORIENTED_EDGE ( 'NONE', *, *, #1010, .F. ) ;
#1914 = CIRCLE ( 'NONE', #4069, 1.087499999999998135 ) ;
#1915 = CARTESIAN_POINT ( 'NONE',  ( 11.93622771163817298, -21.03182888849915955, 22.35715625766253112 ) ) ;
#1916 = DIRECTION ( 'NONE',  ( -1.000000000000000000, 0.000000000000000000, 0.000000000000000000 ) ) ;
#1917 = EDGE_CURVE ( 'NONE', #5336, #3, #5140, .T. ) ;
#1918 = CARTESIAN_POINT ( 'NONE',  ( -35.93978253089593267, -9.413470491563392883, 21.57470048285045294 ) ) ;
#1919 = VERTEX_POINT ( 'NONE', #4330 ) ;
#1920 = CARTESIAN_POINT ( 'NONE',  ( -43.10000000000000853, -24.49999999999998934, 9.722050807568827224 ) ) ;
#1921 = ORIENTED_EDGE ( 'NONE', *, *, #668, .T. ) ;
#1922 = AXIS2_PLACEMENT_3D ( 'NONE', #3668, #1862, #3162 ) ;
#1923 = EDGE_CURVE ( 'NONE', #3851, #1596, #3236, .T. ) ;
#1924 = CARTESIAN_POINT ( 'NONE',  ( -35.40000000000001990, -5.277521626362300822, 20.99999999999996447 ) ) ;
#1925 = ADVANCED_FACE ( 'NONE', ( #2049 ), #3396, .F. ) ;
#1926 = CARTESIAN_POINT ( 'NONE',  ( 7.369999999999994778, -28.59999999999999076, 20.99999999999996447 ) ) ;
#1927 = ORIENTED_EDGE ( 'NONE', *, *, #3544, .T. ) ;
#1928 = DIRECTION ( 'NONE',  ( 0.000000000000000000, -1.000000000000000000, 0.000000000000000000 ) ) ;
#1929 = ORIENTED_EDGE ( 'NONE', *, *, #2950, .T. ) ;
#1930 = CARTESIAN_POINT ( 'NONE',  ( 9.889563349441306883, -21.68282338409061438, 22.84474786454089568 ) ) ;
#1931 = DIRECTION ( 'NONE',  ( 0.000000000000000000, 0.000000000000000000, 1.000000000000000000 ) ) ;
#1932 = EDGE_LOOP ( 'NONE', ( #4244, #113 ) ) ;
#1933 = CARTESIAN_POINT ( 'NONE',  ( 13.06999999999998607, 24.13000000000000966, 24.99999999999999289 ) ) ;
#1934 = DIRECTION ( 'NONE',  ( -1.000000000000000000, 0.000000000000000000, 0.000000000000000000 ) ) ;
#1935 = CARTESIAN_POINT ( 'NONE',  ( 14.33258232274613242, 26.97336171533400773, 22.99999999999996092 ) ) ;
#1936 = DIRECTION ( 'NONE',  ( -0.5000000000000031086, 6.123233995736803014E-17, 0.8660254037844368202 ) ) ;
#1937 = CARTESIAN_POINT ( 'NONE',  ( 11.69047259232410063, 26.90912243098230050, 22.99999999125150651 ) ) ;
#1938 = CARTESIAN_POINT ( 'NONE',  ( -43.10000000000002274, 16.01684982237938115, 22.99999999999996447 ) ) ;
#1939 = ORIENTED_EDGE ( 'NONE', *, *, #247, .F. ) ;
#1940 = CARTESIAN_POINT ( 'NONE',  ( 11.68031927486369348, -21.03112237143073671, 22.13738972440265229 ) ) ;
#1941 = FACE_OUTER_BOUND ( 'NONE', #2982, .T. ) ;
#1942 = CARTESIAN_POINT ( 'NONE',  ( -36.06481906326320797, -7.887608423639438371, 22.57920043331031579 ) ) ;
#1943 = VERTEX_POINT ( 'NONE', #2497 ) ;
#1944 = EDGE_CURVE ( 'NONE', #1183, #828, #1321, .T. ) ;
#1945 = CARTESIAN_POINT ( 'NONE',  ( -39.00000000000002132, 24.50000000000001066, 7.989999999999985114 ) ) ;
#1946 = ORIENTED_EDGE ( 'NONE', *, *, #3843, .T. ) ;
#1947 = CARTESIAN_POINT ( 'NONE',  ( -41.83049287527798299, 17.77512069819980667, 22.92517241916074511 ) ) ;
#1948 = DIRECTION ( 'NONE',  ( 0.000000000000000000, 0.000000000000000000, 1.000000000000000000 ) ) ;
#1949 = ADVANCED_FACE ( 'NONE', ( #1651 ), #5062, .F. ) ;
#1950 = LINE ( 'NONE', #3669, #3985 ) ;
#1951 = VERTEX_POINT ( 'NONE', #4217 ) ;
#1952 = ADVANCED_FACE ( 'NONE', ( #1308 ), #1200, .F. ) ;
#1953 = CARTESIAN_POINT ( 'NONE',  ( -35.90000000000001990, 19.05000000000000071, 24.99999999999996803 ) ) ;
#1954 = EDGE_LOOP ( 'NONE', ( #2560, #3574, #3198, #1136, #3839, #1921, #1764 ) ) ;
#1955 = EDGE_CURVE ( 'NONE', #5095, #3477, #5201, .T. ) ;
#1956 = CARTESIAN_POINT ( 'NONE',  ( -43.10000000000001563, -5.856849822379421866, 20.99999999999996447 ) ) ;
#1957 = CARTESIAN_POINT ( 'NONE',  ( -30.40000000000002700, 20.90000000000001279, 20.99999999999996447 ) ) ;
#1958 = EDGE_LOOP ( 'NONE', ( #2441, #1740, #2061, #4352, #1362, #3490, #5452 ) ) ;
#1959 =( BOUNDED_SURFACE ( )  B_SPLINE_SURFACE ( 3, 2, ( 
 ( #1075, #2774, #1816 ),
 ( #5335, #3139, #4465 ),
 ( #204, #2721, #4830 ),
 ( #3113, #1450, #3222 ),
 ( #545, #4412, #2322 ),
 ( #1479, #3172, #995 ) ),
 .UNSPECIFIED., .F., .F., .F. ) 
 B_SPLINE_SURFACE_WITH_KNOTS ( ( 4, 2, 4 ),
 ( 3, 3 ),
 ( 0.003354094169458772274, 0.004226879542087822773, 0.005099664914716873707 ),
 ( 0.000000000000000000, 1.000000000000000000 ),
 .UNSPECIFIED. ) 
 GEOMETRIC_REPRESENTATION_ITEM ( )  RATIONAL_B_SPLINE_SURFACE ( (
 ( 1.000000000000000000, 0.7071067811865475727, 1.000000000000000000),
 ( 1.000000000000000000, 0.7325501472456392715, 1.000000000000000000),
 ( 1.000000000000000000, 0.7593833967449915567, 1.000000000000000000),
 ( 1.000000000000000000, 0.8116608957979128958, 1.000000000000000000),
 ( 1.000000000000000000, 0.8367049300818610869, 1.000000000000000000),
 ( 1.000000000000000000, 0.8588061355663333396, 1.000000000000000000) ) ) 
 REPRESENTATION_ITEM ( '' )  SURFACE ( )  );
#1960 = CARTESIAN_POINT ( 'NONE',  ( 11.78442797214564131, 21.30157282530363005, 22.43304253035796947 ) ) ;
#1961 = DIRECTION ( 'NONE',  ( 1.000000000000000000, -0.000000000000000000, 0.000000000000000000 ) ) ;
#1962 = DIRECTION ( 'NONE',  ( 1.000000000000000000, 0.000000000000000000, 0.000000000000000000 ) ) ;
#1963 = VERTEX_POINT ( 'NONE', #434 ) ;
#1964 = CARTESIAN_POINT ( 'NONE',  ( 11.57748824142621835, 26.84705882352941941, 22.99999999999996447 ) ) ;
#1965 = ORIENTED_EDGE ( 'NONE', *, *, #3840, .F. ) ;
#1966 = ORIENTED_EDGE ( 'NONE', *, *, #3674, .F. ) ;
#1967 = CIRCLE ( 'NONE', #608, 1.299999999999999156 ) ;
#1968 = CARTESIAN_POINT ( 'NONE',  ( 13.67528352618466592, -19.67881227095695351, 20.99999999939092632 ) ) ;
#1969 = FACE_OUTER_BOUND ( 'NONE', #642, .T. ) ;
#1970 = CARTESIAN_POINT ( 'NONE',  ( -35.40000000000001990, -7.556751262725734719, 20.99999999999996447 ) ) ;
#1971 = VECTOR ( 'NONE', #2556, 1000.000000000000000 ) ;
#1972 = CIRCLE ( 'NONE', #1061, 1.587500000000000355 ) ;
#1973 = ORIENTED_EDGE ( 'NONE', *, *, #953, .F. ) ;
#1974 = CARTESIAN_POINT ( 'NONE',  ( -36.63869163754949199, 17.03762699877673725, 22.98382274359092392 ) ) ;
#1975 = ORIENTED_EDGE ( 'NONE', *, *, #1010, .T. ) ;
#1976 = DIRECTION ( 'NONE',  ( -0.8764705882352958888, 0.4814554059915358009, -7.602170527074853016E-16 ) ) ;
#1977 = VECTOR ( 'NONE', #4050, 1000.000000000000000 ) ;
#1978 = AXIS2_PLACEMENT_3D ( 'NONE', #1335, #3957, #2578 ) ;
#1979 = DIRECTION ( 'NONE',  ( 0.000000000000000000, -1.000000000000000000, 0.000000000000000000 ) ) ;
#1980 = EDGE_LOOP ( 'NONE', ( #2312, #1655, #3169, #1012, #2265, #130, #4361 ) ) ;
#1981 = VECTOR ( 'NONE', #4289, 999.9999999999998863 ) ;
#1982 = DIRECTION ( 'NONE',  ( 0.000000000000000000, 0.000000000000000000, -1.000000000000000000 ) ) ;
#1983 = ORIENTED_EDGE ( 'NONE', *, *, #842, .T. ) ;
#1984 = FACE_OUTER_BOUND ( 'NONE', #1759, .T. ) ;
#1985 = EDGE_CURVE ( 'NONE', #3388, #268, #2241, .T. ) ;
#1986 = AXIS2_PLACEMENT_3D ( 'NONE', #2542, #4261, #2991 ) ;
#1987 = CARTESIAN_POINT ( 'NONE',  ( 8.007944278547316941, -25.66669695389420625, 21.26151326776064820 ) ) ;
#1988 = EDGE_LOOP ( 'NONE', ( #3305, #461, #4683, #1409 ) ) ;
#1989 = EDGE_CURVE ( 'NONE', #268, #1087, #9, .T. ) ;
#1990 = CIRCLE ( 'NONE', #5128, 5.409401076758545202 ) ;
#1991 = CARTESIAN_POINT ( 'NONE',  ( 13.83916663522488832, 19.53208824017634626, 21.00000000179137771 ) ) ;
#1992 = DIRECTION ( 'NONE',  ( 0.000000000000000000, 0.000000000000000000, -1.000000000000000000 ) ) ;
#1993 = DIRECTION ( 'NONE',  ( -1.000000000000000000, -1.794541526872558613E-16, 0.000000000000000000 ) ) ;
#1994 = VECTOR ( 'NONE', #4797, 1000.000000000000000 ) ;
#1995 = ORIENTED_EDGE ( 'NONE', *, *, #1155, .F. ) ;
#1996 = ORIENTED_EDGE ( 'NONE', *, *, #3008, .F. ) ;
#1997 = CIRCLE ( 'NONE', #820, 5.100000000000000533 ) ;
#1998 = LINE ( 'NONE', #2787, #4028 ) ;
#1999 = LINE ( 'NONE', #4584, #3319 ) ;
#2000 = DIRECTION ( 'NONE',  ( -0.000000000000000000, -0.4999999999999945044, -0.8660254037844418162 ) ) ;
#2001 = AXIS2_PLACEMENT_3D ( 'NONE', #3844, #5556, #4292 ) ;
#2002 = ORIENTED_EDGE ( 'NONE', *, *, #2527, .T. ) ;
#2003 = CARTESIAN_POINT ( 'NONE',  ( -37.03785831296514175, -26.89999999999998437, 4.651666049839564998 ) ) ;
#2004 = VERTEX_POINT ( 'NONE', #3027 ) ;
#2005 = DIRECTION ( 'NONE',  ( -1.000000000000000000, 0.000000000000000000, 0.000000000000000000 ) ) ;
#2006 = DIRECTION ( 'NONE',  ( 1.000000000000000000, 0.000000000000000000, 0.000000000000000000 ) ) ;
#2007 = CIRCLE ( 'NONE', #1275, 5.000000000000000888 ) ;
#2008 = CARTESIAN_POINT ( 'NONE',  ( 19.76995433288709592, -27.87468354430379947, 2.963464629804021033 ) ) ;
#2009 = EDGE_LOOP ( 'NONE', ( #1625, #3809, #3367, #2533 ) ) ;
#2010 = CIRCLE ( 'NONE', #2181, 5.000000000000000888 ) ;
#2011 = LINE ( 'NONE', #1071, #1247 ) ;
#2012 = ORIENTED_EDGE ( 'NONE', *, *, #2844, .F. ) ;
#2013 = EDGE_CURVE ( 'NONE', #2961, #4010, #2105, .T. ) ;
#2014 = CARTESIAN_POINT ( 'NONE',  ( -39.00000000000000711, -8.890000000000005898, 22.99999999999996447 ) ) ;
#2015 = FACE_OUTER_BOUND ( 'NONE', #2224, .T. ) ;
#2016 = ORIENTED_EDGE ( 'NONE', *, *, #5351, .F. ) ;
#2017 = EDGE_CURVE ( 'NONE', #750, #2584, #5564, .T. ) ;
#2018 = CARTESIAN_POINT ( 'NONE',  ( 11.30263721644257657, 21.54944567167885339, 21.58076160349370554 ) ) ;
#2019 = CARTESIAN_POINT ( 'NONE',  ( 16.47078389379363728, 28.60000000000001208, 10.95639735873634102 ) ) ;
#2020 = EDGE_CURVE ( 'NONE', #1951, #4825, #2979, .T. ) ;
#2021 = CARTESIAN_POINT ( 'NONE',  ( -24.00000000000002842, 28.60000000000001208, 29.99999999999996447 ) ) ;
#2022 = ORIENTED_EDGE ( 'NONE', *, *, #2780, .F. ) ;
#2023 = DIRECTION ( 'NONE',  ( -0.000000000000000000, -0.000000000000000000, -1.000000000000000000 ) ) ;
#2024 = EDGE_CURVE ( 'NONE', #250, #3409, #2214, .T. ) ;
#2025 = ORIENTED_EDGE ( 'NONE', *, *, #2117, .T. ) ;
#2026 = CARTESIAN_POINT ( 'NONE',  ( 11.12485942652739546, -21.10291316278111751, 21.98456791392477783 ) ) ;
#2027 = DIRECTION ( 'NONE',  ( -0.8039215686274537864, 0.5947353289452159686, -1.734723475976808278E-15 ) ) ;
#2028 = CARTESIAN_POINT ( 'NONE',  ( -35.40000000000001990, -5.277521626362300822, 22.99999999999996447 ) ) ;
#2029 = EDGE_LOOP ( 'NONE', ( #3635, #3298, #5581, #3764 ) ) ;
#2030 = CARTESIAN_POINT ( 'NONE',  ( -38.23004566711289698, -27.87468354430378525, 2.963464629804050343 ) ) ;
#2031 = VERTEX_POINT ( 'NONE', #3926 ) ;
#2032 = CARTESIAN_POINT ( 'NONE',  ( 11.52707932422911163, 21.43960658213000414, 22.60585389684228019 ) ) ;
#2033 = CARTESIAN_POINT ( 'NONE',  ( 11.86287933836931963, -21.02960469225237006, 22.29048610675015496 ) ) ;
#2034 = DIRECTION ( 'NONE',  ( -1.660022465049576016E-16, 1.000000000000000000, 0.000000000000000000 ) ) ;
#2035 = EDGE_LOOP ( 'NONE', ( #2823, #5298, #2292 ) ) ;
#2036 = CARTESIAN_POINT ( 'NONE',  ( -39.00000000000002132, 24.50000000000001066, -0.01000000000000002623 ) ) ;
#2037 = ORIENTED_EDGE ( 'NONE', *, *, #3333, .F. ) ;
#2038 = DIRECTION ( 'NONE',  ( 1.280115680833875105E-16, -0.9039721493009095221, 0.4275913391174968603 ) ) ;
#2039 = DIRECTION ( 'NONE',  ( 1.000000000000000000, 0.000000000000000000, 0.000000000000000000 ) ) ;
#2040 = CARTESIAN_POINT ( 'NONE',  ( -32.00000000000002132, -28.59999999999999076, 29.99999999999996447 ) ) ;
#2041 = ORIENTED_EDGE ( 'NONE', *, *, #3263, .T. ) ;
#2042 = CARTESIAN_POINT ( 'NONE',  ( 13.13765110191040897, 21.00560153700741495, 21.55395576496632515 ) ) ;
#2043 = DIRECTION ( 'NONE',  ( 1.000000000000000000, 0.000000000000000000, -0.000000000000000000 ) ) ;
#2044 = CARTESIAN_POINT ( 'NONE',  ( 7.369999999999985008, 28.60000000000000853, 22.29999999999996518 ) ) ;
#2045 = ORIENTED_EDGE ( 'NONE', *, *, #2371, .F. ) ;
#2046 = CARTESIAN_POINT ( 'NONE',  ( -32.00000000000002132, -26.16999999999999815, 27.36243556529819543 ) ) ;
#2047 = EDGE_CURVE ( 'NONE', #4716, #560, #2148, .T. ) ;
#2048 = CARTESIAN_POINT ( 'NONE',  ( -42.10000000000002274, 19.05000000000000071, 24.99999999999996803 ) ) ;
#2049 = FACE_OUTER_BOUND ( 'NONE', #1172, .T. ) ;
#2050 = EDGE_CURVE ( 'NONE', #2178, #128, #57, .T. ) ;
#2051 = LINE ( 'NONE', #3769, #1626 ) ;
#2052 = ORIENTED_EDGE ( 'NONE', *, *, #5423, .F. ) ;
#2053 = CIRCLE ( 'NONE', #2605, 1.587500000000000355 ) ;
#2054 = CARTESIAN_POINT ( 'NONE',  ( -39.00000000000000000, 24.49999999999998224, 108.4887421329166983 ) ) ;
#2055 = EDGE_LOOP ( 'NONE', ( #4620, #5584, #3251, #3296, #2382 ) ) ;
#2056 = FACE_OUTER_BOUND ( 'NONE', #989, .T. ) ;
#2057 = DIRECTION ( 'NONE',  ( -1.000000000000000000, -1.416100796715758891E-16, -0.000000000000000000 ) ) ;
#2058 = VECTOR ( 'NONE', #3792, 1000.000000000000000 ) ;
#2059 = AXIS2_PLACEMENT_3D ( 'NONE', #298, #5030, #3289 ) ;
#2060 = DIRECTION ( 'NONE',  ( 0.000000000000000000, 0.000000000000000000, -1.000000000000000000 ) ) ;
#2061 = ORIENTED_EDGE ( 'NONE', *, *, #4462, .F. ) ;
#2062 = ADVANCED_FACE ( 'NONE', ( #32 ), #1112, .F. ) ;
#2063 = FACE_OUTER_BOUND ( 'NONE', #236, .T. ) ;
#2064 = ORIENTED_EDGE ( 'NONE', *, *, #3392, .T. ) ;
#2065 = AXIS2_PLACEMENT_3D ( 'NONE', #4641, #857, #2525 ) ;
#2066 = FACE_OUTER_BOUND ( 'NONE', #2301, .T. ) ;
#2067 = DIRECTION ( 'NONE',  ( 0.000000000000000000, 0.000000000000000000, 1.000000000000000000 ) ) ;
#2068 = VECTOR ( 'NONE', #488, 1000.000000000000000 ) ;
#2069 = ORIENTED_EDGE ( 'NONE', *, *, #5317, .T. ) ;
#2070 = VECTOR ( 'NONE', #2753, 1000.000000000000000 ) ;
#2071 = CARTESIAN_POINT ( 'NONE',  ( -32.00000000000002842, 26.61348673097529982, 29.03347103513043947 ) ) ;
#2072 = CIRCLE ( 'NONE', #1986, 1.299999999999999156 ) ;
#2073 = CARTESIAN_POINT ( 'NONE',  ( 15.47131469110148849, 28.60000000000001208, 11.99000000000000021 ) ) ;
#2074 = CARTESIAN_POINT ( 'NONE',  ( -39.00000000000000711, -8.890000000000005898, 20.99999999999996803 ) ) ;
#2075 = ORIENTED_EDGE ( 'NONE', *, *, #3272, .T. ) ;
#2076 = DIRECTION ( 'NONE',  ( -0.000000000000000000, -0.000000000000000000, -1.000000000000000000 ) ) ;
#2077 = VECTOR ( 'NONE', #2972, 1000.000000000000000 ) ;
#2078 = CARTESIAN_POINT ( 'NONE',  ( -32.00000000000002842, 26.87000000000001165, 22.29999999999996518 ) ) ;
#2079 = DIRECTION ( 'NONE',  ( 1.000000000000000000, -0.000000000000000000, -0.000000000000000000 ) ) ;
#2080 = LINE ( 'NONE', #2453, #3966 ) ;
#2081 = EDGE_LOOP ( 'NONE', ( #4232, #1939 ) ) ;
#2082 = AXIS2_PLACEMENT_3D ( 'NONE', #2664, #4384, #551 ) ;
#2083 = ORIENTED_EDGE ( 'NONE', *, *, #3264, .F. ) ;
#2084 = ADVANCED_FACE ( 'NONE', ( #873 ), #454, .F. ) ;
#2085 = DIRECTION ( 'NONE',  ( 1.000000000000000000, 0.000000000000000000, 0.000000000000000000 ) ) ;
#2086 = CARTESIAN_POINT ( 'NONE',  ( 15.89999999999998437, 24.50000000000001066, -0.01000000000000002623 ) ) ;
#2087 = CIRCLE ( 'NONE', #2001, 1.587499999999998579 ) ;
#2088 = CARTESIAN_POINT ( 'NONE',  ( 12.31883638765591726, -27.19714029215865381, 22.91833696679324817 ) ) ;
#2089 = EDGE_LOOP ( 'NONE', ( #4123, #1120, #2465, #4827 ) ) ;
#2090 = LINE ( 'NONE', #1662, #1348 ) ;
#2091 = ORIENTED_EDGE ( 'NONE', *, *, #2017, .T. ) ;
#2092 = EDGE_CURVE ( 'NONE', #2135, #5045, #1070, .T. ) ;
#2093 = CIRCLE ( 'NONE', #4609, 5.000000000000000888 ) ;
#2094 = CARTESIAN_POINT ( 'NONE',  ( -43.10000000000017195, -7.038082211247009390, 20.99999999999989697 ) ) ;
#2095 = ADVANCED_FACE ( 'NONE', ( #4347 ), #850, .T. ) ;
#2096 = FACE_OUTER_BOUND ( 'NONE', #1451, .T. ) ;
#2097 = CIRCLE ( 'NONE', #4073, 1.475000000000000533 ) ;
#2098 = ORIENTED_EDGE ( 'NONE', *, *, #633, .T. ) ;
#2099 = DIRECTION ( 'NONE',  ( -1.000000000000000000, 0.000000000000000000, 0.000000000000000000 ) ) ;
#2100 = DIRECTION ( 'NONE',  ( 1.000000000000000000, 0.000000000000000000, 0.000000000000000000 ) ) ;
#2101 = CARTESIAN_POINT ( 'NONE',  ( 11.79999999999999538, -24.12999999999998124, 22.99999999999996447 ) ) ;
#2102 = VERTEX_POINT ( 'NONE', #2971 ) ;
#2103 = CARTESIAN_POINT ( 'NONE',  ( 6.069999999999992291, -28.59999999999999076, 29.99999999999996447 ) ) ;
#2104 = DIRECTION ( 'NONE',  ( 1.000000000000000000, 0.000000000000000000, 0.000000000000000000 ) ) ;
#2105 = LINE ( 'NONE', #776, #4410 ) ;
#2106 = CARTESIAN_POINT ( 'NONE',  ( 23.09999999999997300, 23.78815827391352045, 9.822041453417471146 ) ) ;
#2107 = ORIENTED_EDGE ( 'NONE', *, *, #458, .F. ) ;
#2108 = CARTESIAN_POINT ( 'NONE',  ( -35.95591749068427134, -28.60000000000000142, 11.45768508767369198 ) ) ;
#2109 = EDGE_LOOP ( 'NONE', ( #2352, #2716, #595 ) ) ;
#2110 = CARTESIAN_POINT ( 'NONE',  ( 9.988415846369276707, -21.60963853890424957, 22.78514500975067492 ) ) ;
#2111 = DIRECTION ( 'NONE',  ( -0.000000000000000000, -0.000000000000000000, -1.000000000000000000 ) ) ;
#2112 = CARTESIAN_POINT ( 'NONE',  ( 14.56251175857365965, 26.84705882352947270, 21.00000000000008882 ) ) ;
#2113 = ORIENTED_EDGE ( 'NONE', *, *, #2374, .F. ) ;
#2114 = DIRECTION ( 'NONE',  ( -0.5947353289452192993, 0.8039215686274514550, 1.518230617608420755E-15 ) ) ;
#2115 = EDGE_LOOP ( 'NONE', ( #4373, #467, #1846, #2613 ) ) ;
#2116 = CARTESIAN_POINT ( 'NONE',  ( -43.10000000000001563, -9.161809431131873183, 20.99999999999996447 ) ) ;
#2117 = EDGE_CURVE ( 'NONE', #928, #2395, #3447, .T. ) ;
#2118 = CARTESIAN_POINT ( 'NONE',  ( 6.851193250728375261, -26.11449673019525264, 20.87134994037755220 ) ) ;
#2119 = EDGE_LOOP ( 'NONE', ( #3653, #1966, #2572, #1104 ) ) ;
#2120 = EDGE_CURVE ( 'NONE', #415, #3795, #4131, .T. ) ;
#2121 = DIRECTION ( 'NONE',  ( 0.000000000000000000, 0.000000000000000000, 1.000000000000000000 ) ) ;
#2122 = VERTEX_POINT ( 'NONE', #5583 ) ;
#2123 = CYLINDRICAL_SURFACE ( 'NONE', #1801, 3.099999999999998757 ) ;
#2124 = DIRECTION ( 'NONE',  ( 1.000000000000000000, 0.000000000000000000, 0.000000000000000000 ) ) ;
#2125 = ORIENTED_EDGE ( 'NONE', *, *, #5459, .T. ) ;
#2126 = CYLINDRICAL_SURFACE ( 'NONE', #1338, 3.099999999999998757 ) ;
#2127 = CARTESIAN_POINT ( 'NONE',  ( -1.930000000000015037, 26.87000000000001165, 22.29999999999996518 ) ) ;
#2128 = DIRECTION ( 'NONE',  ( -0.5235294117647075751, -0.8520076026757621435, 0.000000000000000000 ) ) ;
#2129 = CARTESIAN_POINT ( 'NONE',  ( -35.90000000000001990, 24.50000000000001066, 7.989999999999985114 ) ) ;
#2130 = ORIENTED_EDGE ( 'NONE', *, *, #5109, .T. ) ;
#2131 = CARTESIAN_POINT ( 'NONE',  ( -1.930000000000008153, -26.86999999999999744, 21.53847763108499436 ) ) ;
#2132 = ORIENTED_EDGE ( 'NONE', *, *, #4941, .F. ) ;
#2133 = CARTESIAN_POINT ( 'NONE',  ( 10.38397656950188619, -21.36808189476808195, 22.51506832820530235 ) ) ;
#2134 = FACE_OUTER_BOUND ( 'NONE', #3886, .T. ) ;
#2135 = VERTEX_POINT ( 'NONE', #1214 ) ;
#2136 = DIRECTION ( 'NONE',  ( 0.000000000000000000, 0.000000000000000000, 1.000000000000000000 ) ) ;
#2137 = EDGE_LOOP ( 'NONE', ( #1306, #3338, #546, #725 ) ) ;
#2138 = CARTESIAN_POINT ( 'NONE',  ( -43.10000000000001563, -11.47236256193771631, 20.99999999999996447 ) ) ;
#2139 = TOROIDAL_SURFACE ( 'NONE', #879, 1.087499999999999023, 0.5000000000000000000 ) ;
#2140 = CARTESIAN_POINT ( 'NONE',  ( 13.06999999999998607, 24.13000000000000966, 26.49999999999999645 ) ) ;
#2141 = CARTESIAN_POINT ( 'NONE',  ( 15.39999999999998792, -20.89999999999999147, 11.99000000000000021 ) ) ;
#2142 = EDGE_LOOP ( 'NONE', ( #4175, #5427, #1263, #3393 ) ) ;
#2143 = VECTOR ( 'NONE', #1916, 1000.000000000000000 ) ;
#2144 = CLOSED_SHELL ( 'NONE', ( #1613, #712, #3010, #2504, #1501, #1426, #3358, #4832, #3708, #4841, #5084, #46, #4433, #5212, #1737, #221, #292, #2261, #1250, #4411, #183, #4875, #593, #1216, #5426, #3675, #2193, #3639, #1291, #3232, #364, #5327, #2924, #941, #5110, #4631, #3910, #2812, #152, #3904, #5162, #4198, #4769, #2535, #2191, #5558, #4254, #5357, #2893, #2945, #5001, #329, #8, #4044, #2095, #672, #609, #4542, #4188, #745, #3268, #5518, #353, #1253, #256, #1284, #4844, #2188, #1082, #4383, #1464, #4393, #816, #4152, #1315, #3295, #2980, #5172, #2150, #526, #1539, #1046, #1367, #2084, #1537, #3846, #1344, #1257, #1835, #3871, #1496, #4354, #3259, #5046, #4947, #2368, #665, #807, #4263, #3199, #2062, #3538, #1044, #3529, #3739, #1634, #3939, #5393, #2600, #1016, #5179, #742, #4915, #3088, #4488, #1373, #4669, #5497, #1850, #4469, #1925, #1952, #4323, #5169, #3498, #3637, #4742, #3164, #1813, #4889, #4983, #943, #1188, #4332, #2529, #5081, #3242, #4042, #321, #4176, #3942, #2644, #3601, #2295, #1674, #1363, #5285, #5105, #4878, #1744, #4952, #4596, #5176, #4808, #1219, #2669, #5014, #5422, #3368, #385, #645, #1949, #4730, #3541, #3122, #2363, #3188, #3390, #2741 ) ) ;
#2145 = CARTESIAN_POINT ( 'NONE',  ( 13.29251175857375422, -26.84705882352939810, 22.99999999999996447 ) ) ;
#2146 = ORIENTED_EDGE ( 'NONE', *, *, #4356, .T. ) ;
#2147 = CARTESIAN_POINT ( 'NONE',  ( -20.08688103937539537, 26.87000000000001165, 26.14999999999996660 ) ) ;
#2148 = CIRCLE ( 'NONE', #4582, 1.087499999999999911 ) ;
#2149 = AXIS2_PLACEMENT_3D ( 'NONE', #5067, #5170, #5092 ) ;
#2150 = ADVANCED_FACE ( 'NONE', ( #1726 ), #1325, .T. ) ;
#2151 = DIRECTION ( 'NONE',  ( -0.000000000000000000, -0.000000000000000000, -1.000000000000000000 ) ) ;
#2152 = ORIENTED_EDGE ( 'NONE', *, *, #2405, .F. ) ;
#2153 = CARTESIAN_POINT ( 'NONE',  ( 9.983118960624617344, 26.87000000000001165, 26.14999999999996660 ) ) ;
#2154 = CIRCLE ( 'NONE', #3057, 1.475000000000004086 ) ;
#2155 = DIRECTION ( 'NONE',  ( 0.000000000000000000, -1.000000000000000000, 0.000000000000000000 ) ) ;
#2156 = DIRECTION ( 'NONE',  ( 0.000000000000000000, 0.000000000000000000, 1.000000000000000000 ) ) ;
#2157 = EDGE_CURVE ( 'NONE', #4924, #3128, #2340, .T. ) ;
#2158 = LINE ( 'NONE', #5165, #2450 ) ;
#2159 = AXIS2_PLACEMENT_3D ( 'NONE', #2919, #4634, #767 ) ;
#2160 = EDGE_LOOP ( 'NONE', ( #4806, #3275, #4420, #4048, #3202, #5217, #2323 ) ) ;
#2161 = DIRECTION ( 'NONE',  ( 0.000000000000000000, 0.000000000000000000, -1.000000000000000000 ) ) ;
#2162 = VERTEX_POINT ( 'NONE', #3018 ) ;
#2163 = VECTOR ( 'NONE', #733, 1000.000000000000000 ) ;
#2164 = CARTESIAN_POINT ( 'NONE',  ( 9.567880205546829941, -21.94489072546491926, 21.42801488938191312 ) ) ;
#2165 = CARTESIAN_POINT ( 'NONE',  ( 7.369999999999994778, -26.65687554105854318, 20.99999999999996803 ) ) ;
#2166 = AXIS2_PLACEMENT_3D ( 'NONE', #2754, #2279, #1962 ) ;
#2167 = ORIENTED_EDGE ( 'NONE', *, *, #1706, .T. ) ;
#2168 = CARTESIAN_POINT ( 'NONE',  ( -36.64999795010503902, 17.01248555200978885, 21.33454256783959835 ) ) ;
#2169 = ORIENTED_EDGE ( 'NONE', *, *, #5075, .F. ) ;
#2170 = DIRECTION ( 'NONE',  ( 1.226379264275233950E-16, -0.8660254037844411501, -0.4999999999999957256 ) ) ;
#2171 = LINE ( 'NONE', #2491, #1875 ) ;
#2172 = VECTOR ( 'NONE', #140, 1000.000000000000000 ) ;
#2173 = PLANE ( 'NONE',  #4444 ) ;
#2174 = DIRECTION ( 'NONE',  ( 0.000000000000000000, 1.000000000000000000, -0.000000000000000000 ) ) ;
#2175 = VERTEX_POINT ( 'NONE', #1668 ) ;
#2176 = AXIS2_PLACEMENT_3D ( 'NONE', #648, #2381, #2034 ) ;
#2177 = CARTESIAN_POINT ( 'NONE',  ( -3.230000000000007976, -28.59999999999999432, 22.29999999999996518 ) ) ;
#2178 = VERTEX_POINT ( 'NONE', #5131 ) ;
#2179 = CARTESIAN_POINT ( 'NONE',  ( -39.00000000000001421, -28.59999999999999076, 20.99999999999996447 ) ) ;
#2180 = CARTESIAN_POINT ( 'NONE',  ( 7.369999999999987672, 19.05000000000000071, 20.99999999999996803 ) ) ;
#2181 = AXIS2_PLACEMENT_3D ( 'NONE', #1268, #2570, #2039 ) ;
#2182 = DIRECTION ( 'NONE',  ( 1.000000000000000000, 4.336808689942017736E-16, 0.000000000000000000 ) ) ;
#2183 = ORIENTED_EDGE ( 'NONE', *, *, #4648, .F. ) ;
#2184 = FACE_OUTER_BOUND ( 'NONE', #2160, .T. ) ;
#2185 = EDGE_CURVE ( 'NONE', #2547, #5353, #4945, .T. ) ;
#2186 = AXIS2_PLACEMENT_3D ( 'NONE', #86, #1868, #27 ) ;
#2187 = DIRECTION ( 'NONE',  ( 1.000000000000000000, 0.000000000000000000, 0.000000000000000000 ) ) ;
#2188 = ADVANCED_FACE ( 'NONE', ( #1754, #3416 ), #4689, .T. ) ;
#2189 = CARTESIAN_POINT ( 'NONE',  ( 10.46753600787732275, -26.93252057360292540, 21.16229468103848887 ) ) ;
#2190 = CARTESIAN_POINT ( 'NONE',  ( 14.25542257055682427, -28.59999999999999076, 22.99999999999996447 ) ) ;
#2191 = ADVANCED_FACE ( 'NONE', ( #5501 ), #2548, .T. ) ;
#2192 = VERTEX_POINT ( 'NONE', #961 ) ;
#2193 = ADVANCED_FACE ( 'NONE', ( #49 ), #1810, .T. ) ;
#2194 = CARTESIAN_POINT ( 'NONE',  ( 7.369999999999985008, 25.57000000000001450, 20.99999999999996803 ) ) ;
#2195 = CARTESIAN_POINT ( 'NONE',  ( -42.03373840326150912, -8.231434239700110567, 22.79124309275848859 ) ) ;
#2196 = CARTESIAN_POINT ( 'NONE',  ( -41.67757278955526345, 20.62087085848833468, 22.98069534487092369 ) ) ;
#2197 = DIRECTION ( 'NONE',  ( -1.000000000000000000, 6.938893903907228378E-16, 0.000000000000000000 ) ) ;
#2198 = CARTESIAN_POINT ( 'NONE',  ( -34.24267377031693371, 19.10167146732490906, 20.99999999928899541 ) ) ;
#2199 = ORIENTED_EDGE ( 'NONE', *, *, #534, .F. ) ;
#2200 = CARTESIAN_POINT ( 'NONE',  ( -43.10000000000001563, -7.811973495411878687, 20.99999999999996447 ) ) ;
#2201 = FACE_BOUND ( 'NONE', #4744, .T. ) ;
#2202 = EDGE_CURVE ( 'NONE', #2178, #1745, #4227, .T. ) ;
#2203 = LINE ( 'NONE', #3015, #3273 ) ;
#2204 = CARTESIAN_POINT ( 'NONE',  ( 6.667763297374388110, -26.65687554105853962, 20.99999999999996803 ) ) ;
#2205 = ORIENTED_EDGE ( 'NONE', *, *, #4817, .F. ) ;
#2206 = CARTESIAN_POINT ( 'NONE',  ( -37.91250000000002274, 19.05000000000000071, 26.49999999999999645 ) ) ;
#2207 = VERTEX_POINT ( 'NONE', #505 ) ;
#2208 = FACE_BOUND ( 'NONE', #3141, .T. ) ;
#2209 = DIRECTION ( 'NONE',  ( -1.000000000000000000, 0.000000000000000000, 0.000000000000000000 ) ) ;
#2210 = LINE ( 'NONE', #5221, #4335 ) ;
#2211 = ORIENTED_EDGE ( 'NONE', *, *, #4087, .F. ) ;
#2212 = DIRECTION ( 'NONE',  ( 0.000000000000000000, 0.000000000000000000, 1.000000000000000000 ) ) ;
#2213 = CARTESIAN_POINT ( 'NONE',  ( -43.10000000000000142, -23.11850505936098443, 10.09349929844184324 ) ) ;
#2214 = LINE ( 'NONE', #1399, #2429 ) ;
#2215 = CARTESIAN_POINT ( 'NONE',  ( -30.40000000000001990, -15.89999999999998970, 20.99999999999996447 ) ) ;
#2216 = CARTESIAN_POINT ( 'NONE',  ( 10.30748824142623477, -26.84705882352939810, 22.99999999999996447 ) ) ;
#2217 = ORIENTED_EDGE ( 'NONE', *, *, #3462, .T. ) ;
#2218 = CARTESIAN_POINT ( 'NONE',  ( -36.65862040830916868, -6.846795112248538651, 22.99999999999997513 ) ) ;
#2219 = FACE_BOUND ( 'NONE', #4212, .T. ) ;
#2220 = EDGE_CURVE ( 'NONE', #3554, #2769, #1446, .T. ) ;
#2221 = CARTESIAN_POINT ( 'NONE',  ( -43.10000000000002274, 16.94999027492151100, 20.99999999999996447 ) ) ;
#2222 = ORIENTED_EDGE ( 'NONE', *, *, #4630, .T. ) ;
#2223 = CARTESIAN_POINT ( 'NONE',  ( -35.94283206533260966, 18.52755962201367623, 22.85059216821730033 ) ) ;
#2224 = EDGE_LOOP ( 'NONE', ( #4599, #2320, #157 ) ) ;
#2225 = CARTESIAN_POINT ( 'NONE',  ( -32.00000000000002842, 26.87000000000001165, 26.14999999999996660 ) ) ;
#2226 = DIRECTION ( 'NONE',  ( -1.000000000000000000, 0.000000000000000000, 0.000000000000000000 ) ) ;
#2227 = CARTESIAN_POINT ( 'NONE',  ( 17.03785831296511333, -26.89999999999997726, 4.651666049839564998 ) ) ;
#2228 = CARTESIAN_POINT ( 'NONE',  ( -39.00000000000001421, -24.49999999999998934, 11.99000000000000021 ) ) ;
#2229 = ORIENTED_EDGE ( 'NONE', *, *, #587, .F. ) ;
#2230 = CARTESIAN_POINT ( 'NONE',  ( -40.08750000000001990, 19.05000000000000071, 26.99999999999999645 ) ) ;
#2231 = ORIENTED_EDGE ( 'NONE', *, *, #3165, .T. ) ;
#2232 = TOROIDAL_SURFACE ( 'NONE', #3598, 5.099999999999999645, 2.000000000000000000 ) ;
#2233 = CARTESIAN_POINT ( 'NONE',  ( -39.00000000000002132, 24.50000000000001066, 11.99000000000000021 ) ) ;
#2234 =( BOUNDED_CURVE ( )  B_SPLINE_CURVE ( 3, ( #2415, #3630, #4125, #4552 ),
 .UNSPECIFIED., .F., .F. ) 
 B_SPLINE_CURVE_WITH_KNOTS ( ( 4, 4 ),
 ( 2.456236309100454207, 3.826948998079132025 ),
 .UNSPECIFIED. ) 
 CURVE ( )  GEOMETRIC_REPRESENTATION_ITEM ( )  RATIONAL_B_SPLINE_CURVE ( ( 1.000000000000000000, 0.8494623655913985383, 0.8494623655913985383, 1.000000000000000000 ) ) 
 REPRESENTATION_ITEM ( '' )  );
#2235 = CARTESIAN_POINT ( 'NONE',  ( 15.52542257055683095, 28.60000000000001208, 20.99999999999996803 ) ) ;
#2236 = DIRECTION ( 'NONE',  ( 0.000000000000000000, 0.000000000000000000, 1.000000000000000000 ) ) ;
#2237 = CIRCLE ( 'NONE', #4934, 0.5000000000000004441 ) ;
#2238 = ORIENTED_EDGE ( 'NONE', *, *, #5281, .T. ) ;
#2239 = CIRCLE ( 'NONE', #5381, 5.409401076758545202 ) ;
#2240 = DIRECTION ( 'NONE',  ( 0.000000000000000000, 0.000000000000000000, 1.000000000000000000 ) ) ;
#2241 = CIRCLE ( 'NONE', #5384, 1.299999999999999156 ) ;
#2242 = CARTESIAN_POINT ( 'NONE',  ( -43.10000000000000142, -21.96950653353540872, 10.95758637581518968 ) ) ;
#2243 = VECTOR ( 'NONE', #3628, 1000.000000000000114 ) ;
#2244 = CARTESIAN_POINT ( 'NONE',  ( 11.19588392724569204, -27.18340004837398283, 21.42701734517185486 ) ) ;
#2245 = CARTESIAN_POINT ( 'NONE',  ( 18.99999999999998224, 24.50000000000001066, 11.99000000000000021 ) ) ;
#2246 = CARTESIAN_POINT ( 'NONE',  ( -1.930000000000015037, 28.60000000000000853, 29.99999999999996447 ) ) ;
#2247 = AXIS2_PLACEMENT_3D ( 'NONE', #4268, #398, #2682 ) ;
#2248 = ORIENTED_EDGE ( 'NONE', *, *, #3768, .T. ) ;
#2249 = CARTESIAN_POINT ( 'NONE',  ( -33.30000000000003268, 28.60000000000000142, 20.99999999999996447 ) ) ;
#2250 = DIRECTION ( 'NONE',  ( 1.000000000000000000, -4.336808689942017736E-16, -0.000000000000000000 ) ) ;
#2251 = LINE ( 'NONE', #1829, #1977 ) ;
#2252 = AXIS2_PLACEMENT_3D ( 'NONE', #4960, #3724, #5432 ) ;
#2253 = ORIENTED_EDGE ( 'NONE', *, *, #261, .F. ) ;
#2254 = AXIS2_PLACEMENT_3D ( 'NONE', #2054, #1627, #1202 ) ;
#2255 = EDGE_CURVE ( 'NONE', #345, #4396, #1699, .T. ) ;
#2256 = CARTESIAN_POINT ( 'NONE',  ( -24.00000000000002132, -26.16999999999999815, 27.36243556529819543 ) ) ;
#2257 = ORIENTED_EDGE ( 'NONE', *, *, #2024, .F. ) ;
#2258 = DIRECTION ( 'NONE',  ( 0.000000000000000000, 0.000000000000000000, 1.000000000000000000 ) ) ;
#2259 = CYLINDRICAL_SURFACE ( 'NONE', #1238, 1.587499999999998579 ) ;
#2260 = DIRECTION ( 'NONE',  ( 0.000000000000000000, 0.000000000000000000, 1.000000000000000000 ) ) ;
#2261 = ADVANCED_FACE ( 'NONE', ( #5300 ), #73, .F. ) ;
#2262 = EDGE_CURVE ( 'NONE', #3323, #2031, #258, .T. ) ;
#2263 = AXIS2_PLACEMENT_3D ( 'NONE', #5275, #1841, #2321 ) ;
#2264 = CARTESIAN_POINT ( 'NONE',  ( -1.930000000000008153, -26.86999999999999389, 29.99999999999996447 ) ) ;
#2265 = ORIENTED_EDGE ( 'NONE', *, *, #4493, .T. ) ;
#2266 = EDGE_CURVE ( 'NONE', #3816, #2540, #2293, .T. ) ;
#2267 = DIRECTION ( 'NONE',  ( 0.000000000000000000, 0.000000000000000000, 1.000000000000000000 ) ) ;
#2268 = ORIENTED_EDGE ( 'NONE', *, *, #1400, .T. ) ;
#2269 = DIRECTION ( 'NONE',  ( 1.000000000000000000, 0.000000000000000000, 0.000000000000000000 ) ) ;
#2270 = EDGE_CURVE ( 'NONE', #1107, #1919, #1659, .T. ) ;
#2271 = LINE ( 'NONE', #116, #2821 ) ;
#2272 = DIRECTION ( 'NONE',  ( -1.224646799147353207E-16, 1.000000000000000000, 0.000000000000000000 ) ) ;
#2273 = AXIS2_PLACEMENT_3D ( 'NONE', #3265, #685, #2416 ) ;
#2274 = ORIENTED_EDGE ( 'NONE', *, *, #4911, .F. ) ;
#2275 = CARTESIAN_POINT ( 'NONE',  ( -35.95541210158530987, 28.60000000000000497, 11.45823199301700335 ) ) ;
#2276 = AXIS2_PLACEMENT_3D ( 'NONE', #2483, #3278, #5376 ) ;
#2277 = CARTESIAN_POINT ( 'NONE',  ( 6.069999999999985185, 27.86998864849433133, 29.99999999999996447 ) ) ;
#2278 = APPLICATION_CONTEXT ( 'automotive_design' ) ;
#2279 = DIRECTION ( 'NONE',  ( -0.000000000000000000, -0.000000000000000000, 1.000000000000000000 ) ) ;
#2280 = CARTESIAN_POINT ( 'NONE',  ( 15.52542257055657160, 28.60000000000000853, 20.99999999999996447 ) ) ;
#2281 = CIRCLE ( 'NONE', #2186, 1.299999999999999156 ) ;
#2282 = ORIENTED_EDGE ( 'NONE', *, *, #2752, .T. ) ;
#2283 = DIRECTION ( 'NONE',  ( 1.000000000000000000, 0.000000000000000000, 0.000000000000000000 ) ) ;
#2284 = CARTESIAN_POINT ( 'NONE',  ( -42.08075143826238929, 18.64931216489159382, 21.57199156375093452 ) ) ;
#2285 = ORIENTED_EDGE ( 'NONE', *, *, #4181, .F. ) ;
#2286 = CYLINDRICAL_SURFACE ( 'NONE', #4047, 1.299999999999999156 ) ;
#2287 = ORIENTED_EDGE ( 'NONE', *, *, #1917, .T. ) ;
#2288 = DIRECTION ( 'NONE',  ( 0.000000000000000000, 0.000000000000000000, 1.000000000000000000 ) ) ;
#2289 = DIRECTION ( 'NONE',  ( 1.000000000000000000, 0.000000000000000000, 0.000000000000000000 ) ) ;
#2290 = APPLICATION_PROTOCOL_DEFINITION ( 'draft international standard', 'automotive_design', 1998, #2561 ) ;
#2291 = DIRECTION ( 'NONE',  ( -0.000000000000000000, -0.000000000000000000, -1.000000000000000000 ) ) ;
#2292 = ORIENTED_EDGE ( 'NONE', *, *, #2262, .T. ) ;
#2293 = LINE ( 'NONE', #3134, #437 ) ;
#2294 = EDGE_LOOP ( 'NONE', ( #4704, #2676 ) ) ;
#2295 = ADVANCED_FACE ( 'NONE', ( #3197 ), #590, .F. ) ;
#2296 = DIRECTION ( 'NONE',  ( -1.000000000000000000, 0.000000000000000000, 0.000000000000000000 ) ) ;
#2297 = EDGE_CURVE ( 'NONE', #3159, #1870, #990, .T. ) ;
#2298 = DIRECTION ( 'NONE',  ( 1.000000000000000000, 0.000000000000000000, 0.000000000000000000 ) ) ;
#2299 = FACE_OUTER_BOUND ( 'NONE', #677, .T. ) ;
#2300 = EDGE_CURVE ( 'NONE', #2883, #5461, #112, .T. ) ;
#2301 = EDGE_LOOP ( 'NONE', ( #2308, #1445 ) ) ;
#2302 = DIRECTION ( 'NONE',  ( -0.4999999999999950595, 0.000000000000000000, -0.8660254037844414832 ) ) ;
#2303 = CARTESIAN_POINT ( 'NONE',  ( -35.40000000000002700, 15.73847313831352324, 20.99999999999996447 ) ) ;
#2304 = DIRECTION ( 'NONE',  ( -1.000000000000000000, 0.000000000000000000, 0.000000000000000000 ) ) ;
#2305 = EDGE_CURVE ( 'NONE', #4825, #2689, #3776, .T. ) ;
#2306 = CARTESIAN_POINT ( 'NONE',  ( 12.63664051320021997, 28.60000000000000853, 20.99999999999996447 ) ) ;
#2307 = CARTESIAN_POINT ( 'NONE',  ( -30.40000000000002700, 20.90000000000001279, 11.99000000000000021 ) ) ;
#2308 = ORIENTED_EDGE ( 'NONE', *, *, #667, .T. ) ;
#2309 = CARTESIAN_POINT ( 'NONE',  ( -41.49215686274510517, -7.046320480269828934, 22.99999999999996447 ) ) ;
#2310 = CARTESIAN_POINT ( 'NONE',  ( -42.03484703769868958, 18.39672444213048408, 22.79031734359179140 ) ) ;
#2311 = CARTESIAN_POINT ( 'NONE',  ( -35.89996475560140254, -8.992981199052479724, 22.32280991020416749 ) ) ;
#2312 = ORIENTED_EDGE ( 'NONE', *, *, #4258, .T. ) ;
#2313 = CARTESIAN_POINT ( 'NONE',  ( 18.99999999999998224, 28.60000000000001208, 20.99999999999996447 ) ) ;
#2314 = ORIENTED_EDGE ( 'NONE', *, *, #914, .F. ) ;
#2315 = CARTESIAN_POINT ( 'NONE',  ( -24.00000000000002842, 26.87000000000001165, 22.29999999999996518 ) ) ;
#2316 = CARTESIAN_POINT ( 'NONE',  ( 10.39999999999998614, -20.89999999999999147, 20.99999999999996447 ) ) ;
#2317 = DIRECTION ( 'NONE',  ( -0.000000000000000000, -0.000000000000000000, -1.000000000000000000 ) ) ;
#2318 = ORIENTED_EDGE ( 'NONE', *, *, #4119, .T. ) ;
#2319 = CARTESIAN_POINT ( 'NONE',  ( -42.10000000000002274, 19.21534874402663107, 22.73205080756883945 ) ) ;
#2320 = ORIENTED_EDGE ( 'NONE', *, *, #1091, .F. ) ;
#2321 = DIRECTION ( 'NONE',  ( 1.000000000000000000, 0.000000000000000000, 0.000000000000000000 ) ) ;
#2322 = CARTESIAN_POINT ( 'NONE',  ( 10.16870254734298662, 20.89999999999908908, 20.99999999999934275 ) ) ;
#2323 = ORIENTED_EDGE ( 'NONE', *, *, #5450, .T. ) ;
#2324 = LINE ( 'NONE', #3654, #2243 ) ;
#2325 = CIRCLE ( 'NONE', #1872, 1.475000000000000533 ) ;
#2326 = EDGE_CURVE ( 'NONE', #4661, #297, #531, .T. ) ;
#2327 = CARTESIAN_POINT ( 'NONE',  ( -39.00000000000002132, 24.50000000000001066, 7.989999999999985114 ) ) ;
#2328 = VECTOR ( 'NONE', #2057, 1000.000000000000000 ) ;
#2329 = DIRECTION ( 'NONE',  ( 0.000000000000000000, -0.2565161808695954893, 0.9665399365531033293 ) ) ;
#2330 = CARTESIAN_POINT ( 'NONE',  ( -41.83049287527796167, -10.16487930180020172, 22.92517241916074511 ) ) ;
#2331 = CARTESIAN_POINT ( 'NONE',  ( -32.00000000000002842, 26.87000000000001165, 22.29999999999996518 ) ) ;
#2332 = EDGE_CURVE ( 'NONE', #5559, #843, #1390, .T. ) ;
#2333 = VERTEX_POINT ( 'NONE', #2230 ) ;
#2334 = AXIS2_PLACEMENT_3D ( 'NONE', #2580, #1735, #4722 ) ;
#2335 = VECTOR ( 'NONE', #4705, 999.9999999999998863 ) ;
#2336 = CARTESIAN_POINT ( 'NONE',  ( 13.60159918819457303, -19.74208342639062508, 21.00000000131863231 ) ) ;
#2337 = DIRECTION ( 'NONE',  ( -1.000000000000000000, 0.000000000000000000, 0.000000000000000000 ) ) ;
#2338 = EDGE_CURVE ( 'NONE', #2744, #4871, #3950, .T. ) ;
#2339 = CARTESIAN_POINT ( 'NONE',  ( -35.94090358792483642, -9.402066982451037447, 22.39623546198495774 ) ) ;
#2340 = CIRCLE ( 'NONE', #1794, 0.5000000000000004441 ) ;
#2341 = AXIS2_PLACEMENT_3D ( 'NONE', #5199, #5315, #2283 ) ;
#2342 = VERTEX_POINT ( 'NONE', #1414 ) ;
#2343 = CARTESIAN_POINT ( 'NONE',  ( -33.91609563319238418, 19.45486589033196623, 22.99999999999996447 ) ) ;
#2344 = ORIENTED_EDGE ( 'NONE', *, *, #2748, .T. ) ;
#2345 = AXIS2_PLACEMENT_3D ( 'NONE', #5118, #3880, #5513 ) ;
#2346 = FACE_OUTER_BOUND ( 'NONE', #448, .T. ) ;
#2347 = DIRECTION ( 'NONE',  ( 0.000000000000000000, 0.000000000000000000, -1.000000000000000000 ) ) ;
#2348 = CARTESIAN_POINT ( 'NONE',  ( 18.99999999999998224, 24.50000000000001066, -0.01000000000000002623 ) ) ;
#2349 = CIRCLE ( 'NONE', #357, 3.099999999999998757 ) ;
#2350 = EDGE_LOOP ( 'NONE', ( #1590, #5332, #1333, #5544 ) ) ;
#2351 = CARTESIAN_POINT ( 'NONE',  ( 15.47131469110149560, -28.59999999999998721, 11.99000000000000021 ) ) ;
#2352 = ORIENTED_EDGE ( 'NONE', *, *, #3810, .F. ) ;
#2353 = CARTESIAN_POINT ( 'NONE',  ( 10.01719947944947187, -21.58934919209652037, 22.76728768907761591 ) ) ;
#2354 = AXIS2_PLACEMENT_3D ( 'NONE', #1470, #2258, #3557 ) ;
#2355 = PLANE ( 'NONE',  #1817 ) ;
#2356 = ORIENTED_EDGE ( 'NONE', *, *, #4288, .F. ) ;
#2357 = CARTESIAN_POINT ( 'NONE',  ( -43.10000000000002274, 24.50000000000001066, 20.99999999999996447 ) ) ;
#2358 = AXIS2_PLACEMENT_3D ( 'NONE', #1763, #1824, #3028 ) ;
#2359 = FACE_BOUND ( 'NONE', #5481, .T. ) ;
#2360 = DIRECTION ( 'NONE',  ( 1.660022465049576016E-16, -1.000000000000000000, 0.000000000000000000 ) ) ;
#2361 = VECTOR ( 'NONE', #4805, 1000.000000000000000 ) ;
#2362 = DIRECTION ( 'NONE',  ( 0.000000000000000000, 0.000000000000000000, 1.000000000000000000 ) ) ;
#2363 = ADVANCED_FACE ( 'NONE', ( #2715 ), #2408, .F. ) ;
#2364 = CARTESIAN_POINT ( 'NONE',  ( 12.04898555867465504, 27.05991782140198509, 22.97070717369656379 ) ) ;
#2365 = DIRECTION ( 'NONE',  ( 0.000000000000000000, 0.000000000000000000, 1.000000000000000000 ) ) ;
#2366 = ORIENTED_EDGE ( 'NONE', *, *, #1773, .T. ) ;
#2367 = AXIS2_PLACEMENT_3D ( 'NONE', #2595, #4316, #3077 ) ;
#2368 = ADVANCED_FACE ( 'NONE', ( #1182 ), #1526, .T. ) ;
#2369 = CARTESIAN_POINT ( 'NONE',  ( 12.25999057991911378, -21.03469447735463049, 21.52460916438394634 ) ) ;
#2370 = FACE_OUTER_BOUND ( 'NONE', #2009, .T. ) ;
#2371 = EDGE_CURVE ( 'NONE', #23, #2175, #4678, .T. ) ;
#2372 = VECTOR ( 'NONE', #483, 1000.000000000000000 ) ;
#2373 = CARTESIAN_POINT ( 'NONE',  ( -36.19384565825321687, -7.540914438477743786, 21.57556845985756766 ) ) ;
#2374 = EDGE_CURVE ( 'NONE', #2912, #4661, #5389, .T. ) ;
#2375 = ORIENTED_EDGE ( 'NONE', *, *, #2020, .F. ) ;
#2376 = DIRECTION ( 'NONE',  ( -0.000000000000000000, -0.000000000000000000, -1.000000000000000000 ) ) ;
#2377 = VERTEX_POINT ( 'NONE', #3672 ) ;
#2378 = DIRECTION ( 'NONE',  ( 0.000000000000000000, -0.4999999999999947820, 0.8660254037844417052 ) ) ;
#2379 = EDGE_CURVE ( 'NONE', #4180, #1888, #2692, .T. ) ;
#2380 = LINE ( 'NONE', #5041, #791 ) ;
#2381 = DIRECTION ( 'NONE',  ( 1.000000000000000000, 1.660022465049576016E-16, -0.000000000000000000 ) ) ;
#2382 = ORIENTED_EDGE ( 'NONE', *, *, #4773, .F. ) ;
#2383 = CARTESIAN_POINT ( 'NONE',  ( 18.63754614252785302, -28.60000000000000142, 9.743430532380500608 ) ) ;
#2384 = ORIENTED_EDGE ( 'NONE', *, *, #5008, .F. ) ;
#2385 = DIRECTION ( 'NONE',  ( 0.000000000000000000, 0.000000000000000000, 1.000000000000000000 ) ) ;
#2386 = CARTESIAN_POINT ( 'NONE',  ( -39.00000000000000711, -8.890000000000005898, 24.99999999999999289 ) ) ;
#2387 = ORIENTED_EDGE ( 'NONE', *, *, #463, .F. ) ;
#2388 = CARTESIAN_POINT ( 'NONE',  ( -39.00000000000002842, 28.60000000000000142, 9.722050807568813013 ) ) ;
#2389 = CARTESIAN_POINT ( 'NONE',  ( -40.47500000000002274, 24.50000000000001066, -0.01000000000000002623 ) ) ;
#2390 = LINE ( 'NONE', #2444, #4929 ) ;
#2391 = CARTESIAN_POINT ( 'NONE',  ( -20.08688103937538827, -26.16999999999999815, 27.36243556529819543 ) ) ;
#2392 = VERTEX_POINT ( 'NONE', #2464 ) ;
#2393 = CARTESIAN_POINT ( 'NONE',  ( 11.59575543664243469, 28.60000000000000853, 20.99999999999996447 ) ) ;
#2394 = CARTESIAN_POINT ( 'NONE',  ( -35.47500000000001563, -24.49999999999998934, 1.650254037844406829 ) ) ;
#2395 = VERTEX_POINT ( 'NONE', #5460 ) ;
#2396 = CARTESIAN_POINT ( 'NONE',  ( 13.89180692229606251, -19.47872664748303251, 20.99999999999996447 ) ) ;
#2397 = DIRECTION ( 'NONE',  ( -0.000000000000000000, -0.000000000000000000, -1.000000000000000000 ) ) ;
#2398 = EDGE_CURVE ( 'NONE', #297, #3448, #1158, .T. ) ;
#2399 = CARTESIAN_POINT ( 'NONE',  ( -36.81176470588236782, -6.694179812102576399, 20.99999999999996447 ) ) ;
#2400 = VERTEX_POINT ( 'NONE', #311 ) ;
#2401 = CARTESIAN_POINT ( 'NONE',  ( -39.00000000000002132, 24.50000000000001066, 1.650254037844403054 ) ) ;
#2402 = ORIENTED_EDGE ( 'NONE', *, *, #868, .F. ) ;
#2403 = CARTESIAN_POINT ( 'NONE',  ( 11.44705882352939419, 21.48877643170514418, 22.66019350611775707 ) ) ;
#2404 = SHAPE_DEFINITION_REPRESENTATION ( #4053, #272 ) ;
#2405 = EDGE_CURVE ( 'NONE', #1866, #5458, #2011, .T. ) ;
#2406 = FACE_OUTER_BOUND ( 'NONE', #2029, .T. ) ;
#2407 = ORIENTED_EDGE ( 'NONE', *, *, #831, .F. ) ;
#2408 = PLANE ( 'NONE',  #4039 ) ;
#2409 = ORIENTED_EDGE ( 'NONE', *, *, #3291, .T. ) ;
#2410 = DIRECTION ( 'NONE',  ( -0.000000000000000000, -0.000000000000000000, 1.000000000000000000 ) ) ;
#2411 = EDGE_CURVE ( 'NONE', #1904, #2377, #3051, .T. ) ;
#2412 = CARTESIAN_POINT ( 'NONE',  ( 6.907515968344912771, -25.57000000000000028, 20.99999999999996803 ) ) ;
#2413 = VERTEX_POINT ( 'NONE', #3252 ) ;
#2414 = CARTESIAN_POINT ( 'NONE',  ( 12.07449838256937369, 21.19237332868289769, 22.37405165408566177 ) ) ;
#2415 = CARTESIAN_POINT ( 'NONE',  ( -37.03785831296517017, 26.90000000000001279, 4.651666049839564998 ) ) ;
#2416 = DIRECTION ( 'NONE',  ( 0.000000000000000000, 0.000000000000000000, -1.000000000000000000 ) ) ;
#2417 = ORIENTED_EDGE ( 'NONE', *, *, #2884, .T. ) ;
#2418 = LINE ( 'NONE', #5004, #63 ) ;
#2419 = ORIENTED_EDGE ( 'NONE', *, *, #4295, .F. ) ;
#2420 = AXIS2_PLACEMENT_3D ( 'NONE', #1355, #317, #2043 ) ;
#2421 = CARTESIAN_POINT ( 'NONE',  ( -35.90978362017577297, 19.29609495294688060, 22.99999999999996447 ) ) ;
#2422 = CARTESIAN_POINT ( 'NONE',  ( 18.99999999999998934, -24.49999999999998934, 5.544774941164131832 ) ) ;
#2423 = EDGE_CURVE ( 'NONE', #2521, #566, #701, .T. ) ;
#2424 = ORIENTED_EDGE ( 'NONE', *, *, #490, .T. ) ;
#2425 = DIRECTION ( 'NONE',  ( -1.000000000000000000, 0.000000000000000000, 0.000000000000000000 ) ) ;
#2426 = EDGE_LOOP ( 'NONE', ( #2064, #1144, #5284, #2407 ) ) ;
#2427 = CYLINDRICAL_SURFACE ( 'NONE', #4037, 1.587500000000000355 ) ;
#2428 = CARTESIAN_POINT ( 'NONE',  ( 11.94051174758399014, -21.03218751332346415, 22.36092188535097947 ) ) ;
#2429 = VECTOR ( 'NONE', #4810, 1000.000000000000000 ) ;
#2430 = CIRCLE ( 'NONE', #5027, 3.099999999999998757 ) ;
#2431 = DIRECTION ( 'NONE',  ( -0.000000000000000000, -0.000000000000000000, -1.000000000000000000 ) ) ;
#2432 = EDGE_CURVE ( 'NONE', #3715, #1055, #3692, .T. ) ;
#2433 = ORIENTED_EDGE ( 'NONE', *, *, #4436, .F. ) ;
#2434 = CARTESIAN_POINT ( 'NONE',  ( -1.930000000000015037, 28.60000000000000853, 29.99999999999996447 ) ) ;
#2435 = ORIENTED_EDGE ( 'NONE', *, *, #3424, .F. ) ;
#2436 = CARTESIAN_POINT ( 'NONE',  ( 18.16999999999998394, 24.13000000000000966, 20.99999999999996447 ) ) ;
#2437 = EDGE_CURVE ( 'NONE', #1588, #485, #4994, .T. ) ;
#2438 = VECTOR ( 'NONE', #2518, 1000.000000000000000 ) ;
#2439 = EDGE_CURVE ( 'NONE', #4597, #2689, #5378, .T. ) ;
#2440 = CARTESIAN_POINT ( 'NONE',  ( 17.52499999999998792, -24.49999999999998934, -0.01000000000000002623 ) ) ;
#2441 = ORIENTED_EDGE ( 'NONE', *, *, #1180, .T. ) ;
#2442 = VECTOR ( 'NONE', #4860, 1000.000000000000000 ) ;
#2443 = CARTESIAN_POINT ( 'NONE',  ( 12.17288809271675909, 21.16089885512296931, 22.37593525186253629 ) ) ;
#2444 = CARTESIAN_POINT ( 'NONE',  ( -35.40000000000001990, -20.89999999999999147, 20.99999999999996447 ) ) ;
#2445 = CARTESIAN_POINT ( 'NONE',  ( -43.10000000000002274, 24.50000000000001066, 9.722050807568827224 ) ) ;
#2446 = AXIS2_PLACEMENT_3D ( 'NONE', #3722, #324, #4166 ) ;
#2447 = ORIENTED_EDGE ( 'NONE', *, *, #1843, .F. ) ;
#2448 = DIRECTION ( 'NONE',  ( -1.000000000000000000, 0.000000000000000000, 0.000000000000000000 ) ) ;
#2449 = ORIENTED_EDGE ( 'NONE', *, *, #394, .F. ) ;
#2450 = VECTOR ( 'NONE', #1309, 1000.000000000000000 ) ;
#2451 = CARTESIAN_POINT ( 'NONE',  ( 11.33946182965763683, -21.06333836624122569, 21.45018007003539040 ) ) ;
#2452 = DIRECTION ( 'NONE',  ( -1.000000000000000000, -0.000000000000000000, -0.000000000000000000 ) ) ;
#2453 = CARTESIAN_POINT ( 'NONE',  ( 15.89999999999998437, 24.50000000000001066, 11.99000000000000021 ) ) ;
#2454 = VECTOR ( 'NONE', #594, 1000.000000000000000 ) ;
#2455 = VERTEX_POINT ( 'NONE', #4598 ) ;
#2456 = CARTESIAN_POINT ( 'NONE',  ( 7.369999999999994778, -26.65687554105854318, 20.99999999999996803 ) ) ;
#2457 = EDGE_LOOP ( 'NONE', ( #2762, #3623, #2052, #1326, #4253, #619, #2641 ) ) ;
#2458 = CARTESIAN_POINT ( 'NONE',  ( 10.71249999999999503, -24.12999999999998124, 26.99999999999999645 ) ) ;
#2459 = CARTESIAN_POINT ( 'NONE',  ( -42.08676688345498462, 18.71940315013439715, 22.74513031334816304 ) ) ;
#2460 = AXIS2_PLACEMENT_3D ( 'NONE', #4143, #1577, #4114 ) ;
#2461 = PLANE ( 'NONE',  #3801 ) ;
#2462 = ORIENTED_EDGE ( 'NONE', *, *, #5493, .T. ) ;
#2463 = AXIS2_PLACEMENT_3D ( 'NONE', #2246, #3515, #5094 ) ;
#2464 = CARTESIAN_POINT ( 'NONE',  ( 17.03785831296511333, -26.89999999999997726, 4.651666049839564998 ) ) ;
#2465 = ORIENTED_EDGE ( 'NONE', *, *, #4737, .T. ) ;
#2466 = CARTESIAN_POINT ( 'NONE',  ( -1.930000000000015037, 26.87000000000001165, 29.99999999999996447 ) ) ;
#2467 = DIRECTION ( 'NONE',  ( -0.000000000000000000, -0.000000000000000000, -1.000000000000000000 ) ) ;
#2468 = ORIENTED_EDGE ( 'NONE', *, *, #2185, .T. ) ;
#2469 = EDGE_CURVE ( 'NONE', #1951, #4054, #3331, .T. ) ;
#2470 = CARTESIAN_POINT ( 'NONE',  ( 12.46912804379584827, 21.08719103289696051, 22.46189364065415717 ) ) ;
#2471 = EDGE_CURVE ( 'NONE', #539, #485, #4199, .T. ) ;
#2472 = FACE_OUTER_BOUND ( 'NONE', #4348, .T. ) ;
#2473 = DIRECTION ( 'NONE',  ( -0.000000000000000000, -0.000000000000000000, -1.000000000000000000 ) ) ;
#2474 = ORIENTED_EDGE ( 'NONE', *, *, #2674, .T. ) ;
#2475 = CARTESIAN_POINT ( 'NONE',  ( -39.00000000000000711, -8.890000000000005898, 24.99999999999999289 ) ) ;
#2476 = DIRECTION ( 'NONE',  ( -1.000000000000000000, -1.416100796715758891E-16, -0.000000000000000000 ) ) ;
#2477 = DIRECTION ( 'NONE',  ( 1.000000000000000000, -2.081668171172168119E-15, 0.000000000000000000 ) ) ;
#2478 = EDGE_CURVE ( 'NONE', #1943, #3715, #2800, .T. ) ;
#2479 = DIRECTION ( 'NONE',  ( -1.000000000000000000, -4.336808689942017736E-16, -0.000000000000000000 ) ) ;
#2480 = VERTEX_POINT ( 'NONE', #1953 ) ;
#2481 = ORIENTED_EDGE ( 'NONE', *, *, #4635, .T. ) ;
#2482 = CARTESIAN_POINT ( 'NONE',  ( -39.00000000000001421, -24.49999999999998934, 1.650254037844406829 ) ) ;
#2483 = CARTESIAN_POINT ( 'NONE',  ( -39.00000000000001421, -24.49999999999998934, 11.99000000000000021 ) ) ;
#2484 = ORIENTED_EDGE ( 'NONE', *, *, #3778, .F. ) ;
#2485 = DIRECTION ( 'NONE',  ( 1.000000000000000000, 0.000000000000000000, 0.000000000000000000 ) ) ;
#2486 = ORIENTED_EDGE ( 'NONE', *, *, #1671, .T. ) ;
#2487 = CARTESIAN_POINT ( 'NONE',  ( 6.069999999999992291, -28.59999999999999076, 22.29999999999996518 ) ) ;
#2488 = CARTESIAN_POINT ( 'NONE',  ( 8.156677127922494108, -25.31492021995347130, 21.45401753240994935 ) ) ;
#2489 = VERTEX_POINT ( 'NONE', #4682 ) ;
#2490 = CARTESIAN_POINT ( 'NONE',  ( 11.79999999999999538, -24.12999999999998124, 26.99999999999999645 ) ) ;
#2491 = CARTESIAN_POINT ( 'NONE',  ( -43.10000000000002274, 24.50000000000001066, 108.4887421329166983 ) ) ;
#2492 = DIRECTION ( 'NONE',  ( 1.000000000000000000, 0.000000000000000000, 0.000000000000000000 ) ) ;
#2493 = ORIENTED_EDGE ( 'NONE', *, *, #3193, .F. ) ;
#2494 = CARTESIAN_POINT ( 'NONE',  ( 20.96214168703482983, 26.90000000000001990, 4.651666049839564998 ) ) ;
#2495 = EDGE_CURVE ( 'NONE', #119, #1738, #2090, .T. ) ;
#2496 = CARTESIAN_POINT ( 'NONE',  ( -39.00000000000002132, 24.50000000000001066, -0.01000000000000002623 ) ) ;
#2497 = CARTESIAN_POINT ( 'NONE',  ( -22.70000000000002061, -25.56999999999999673, 20.99999999999996803 ) ) ;
#2498 = CARTESIAN_POINT ( 'NONE',  ( -40.96214168703487246, 26.90000000000000924, 4.651666049839564998 ) ) ;
#2499 = EDGE_CURVE ( 'NONE', #2540, #5458, #3781, .T. ) ;
#2500 = ORIENTED_EDGE ( 'NONE', *, *, #3789, .F. ) ;
#2501 = AXIS2_PLACEMENT_3D ( 'NONE', #4977, #2836, #4099 ) ;
#2502 = CARTESIAN_POINT ( 'NONE',  ( -35.89999999999880487, -8.676434406347226513, 22.32287565553053810 ) ) ;
#2503 = ORIENTED_EDGE ( 'NONE', *, *, #1600, .T. ) ;
#2504 = ADVANCED_FACE ( 'NONE', ( #1747 ), #4415, .T. ) ;
#2505 = CYLINDRICAL_SURFACE ( 'NONE', #2149, 3.099999999999998757 ) ;
#2506 = CARTESIAN_POINT ( 'NONE',  ( -41.53221691769594059, 20.83952918240595054, 21.12672541786753300 ) ) ;
#2507 = AXIS2_PLACEMENT_3D ( 'NONE', #3750, #1146, #4197 ) ;
#2508 = AXIS2_PLACEMENT_3D ( 'NONE', #1221, #2023, #3796 ) ;
#2509 = PLANE ( 'NONE',  #1279 ) ;
#2510 = ORIENTED_EDGE ( 'NONE', *, *, #4011, .F. ) ;
#2511 = CARTESIAN_POINT ( 'NONE',  ( 18.99999999999998224, 28.60000000000001208, 11.99000000000000021 ) ) ;
#2512 = VERTEX_POINT ( 'NONE', #4710 ) ;
#2513 = CIRCLE ( 'NONE', #3688, 3.099999999999998757 ) ;
#2514 = CARTESIAN_POINT ( 'NONE',  ( -42.09993262706843353, -9.055217497354830058, 22.73211480047049804 ) ) ;
#2515 = CARTESIAN_POINT ( 'NONE',  ( 10.39999999999998259, 15.90000000000001101, 20.99999999999996447 ) ) ;
#2516 = ORIENTED_EDGE ( 'NONE', *, *, #2942, .F. ) ;
#2517 = CARTESIAN_POINT ( 'NONE',  ( -39.00000000000002132, 24.50000000000001066, -0.01000000000000002623 ) ) ;
#2518 = DIRECTION ( 'NONE',  ( -0.000000000000000000, -0.000000000000000000, -1.000000000000000000 ) ) ;
#2519 = CARTESIAN_POINT ( 'NONE',  ( 11.79999999999999538, -24.12999999999998124, 26.99999999999999645 ) ) ;
#2520 = LINE ( 'NONE', #2021, #5407 ) ;
#2521 = VERTEX_POINT ( 'NONE', #3408 ) ;
#2522 = FACE_OUTER_BOUND ( 'NONE', #5253, .T. ) ;
#2523 = AXIS2_PLACEMENT_3D ( 'NONE', #4336, #4943, #4839 ) ;
#2524 = CARTESIAN_POINT ( 'NONE',  ( -33.59059892324146546, -24.49999999999998934, 11.99000000000000021 ) ) ;
#2525 = DIRECTION ( 'NONE',  ( 0.000000000000000000, -0.4275913391174971934, 0.9039721493009093001 ) ) ;
#2526 = AXIS2_PLACEMENT_3D ( 'NONE', #335, #2038, #1073 ) ;
#2527 = EDGE_CURVE ( 'NONE', #5417, #2899, #4613, .T. ) ;
#2528 = DIRECTION ( 'NONE',  ( -0.7058823529411738518, -0.7083290928701376776, 0.000000000000000000 ) ) ;
#2529 = ADVANCED_FACE ( 'NONE', ( #5150 ), #844, .F. ) ;
#2530 = ORIENTED_EDGE ( 'NONE', *, *, #2949, .T. ) ;
#2531 = AXIS2_PLACEMENT_3D ( 'NONE', #2028, #4220, #2528 ) ;
#2532 = DIRECTION ( 'NONE',  ( 0.000000000000000000, -1.000000000000000000, 0.000000000000000000 ) ) ;
#2533 = ORIENTED_EDGE ( 'NONE', *, *, #1645, .F. ) ;
#2534 = CARTESIAN_POINT ( 'NONE',  ( 10.80353639341400829, -21.19062071897329247, 22.19881285272558813 ) ) ;
#2535 = ADVANCED_FACE ( 'NONE', ( #4651 ), #447, .F. ) ;
#2536 = CARTESIAN_POINT ( 'NONE',  ( 23.09999999999997300, 24.50000000000001066, 20.99999999999996447 ) ) ;
#2537 = VECTOR ( 'NONE', #287, 1000.000000000000000 ) ;
#2538 = EDGE_CURVE ( 'NONE', #5274, #3078, #2072, .T. ) ;
#2539 = DIRECTION ( 'NONE',  ( 1.000000000000000000, 0.000000000000000000, -0.000000000000000000 ) ) ;
#2540 = VERTEX_POINT ( 'NONE', #1264 ) ;
#2541 = EDGE_CURVE ( 'NONE', #5559, #3332, #1635, .T. ) ;
#2542 = CARTESIAN_POINT ( 'NONE',  ( -32.00000000000002132, -27.86998864849432067, 28.69999999999996376 ) ) ;
#2543 = ORIENTED_EDGE ( 'NONE', *, *, #3469, .T. ) ;
#2544 = VECTOR ( 'NONE', #2291, 1000.000000000000000 ) ;
#2545 = CARTESIAN_POINT ( 'NONE',  ( -42.08694391778500687, -9.218394191770508783, 22.74494939373559887 ) ) ;
#2546 = CARTESIAN_POINT ( 'NONE',  ( 18.99999999999997158, 24.50000000000000000, 108.4887421329166983 ) ) ;
#2547 = VERTEX_POINT ( 'NONE', #2936 ) ;
#2548 = CYLINDRICAL_SURFACE ( 'NONE', #2247, 4.100000000000034284 ) ;
#2549 = ORIENTED_EDGE ( 'NONE', *, *, #2703, .F. ) ;
#2550 = DIRECTION ( 'NONE',  ( 1.000000000000000000, 0.000000000000000000, 0.000000000000000000 ) ) ;
#2551 = TOROIDAL_SURFACE ( 'NONE', #565, 1.087500000000000133, 0.5000000000000000000 ) ;
#2552 = DIRECTION ( 'NONE',  ( 1.000000000000000000, 0.000000000000000000, 0.000000000000000000 ) ) ;
#2553 = ORIENTED_EDGE ( 'NONE', *, *, #179, .T. ) ;
#2554 = DIRECTION ( 'NONE',  ( -0.000000000000000000, -0.000000000000000000, -1.000000000000000000 ) ) ;
#2555 = CARTESIAN_POINT ( 'NONE',  ( -30.40000000000002700, 20.90000000000001279, 11.99000000000000021 ) ) ;
#2556 = DIRECTION ( 'NONE',  ( -1.000000000000000000, -0.000000000000000000, 0.000000000000000000 ) ) ;
#2557 = FACE_OUTER_BOUND ( 'NONE', #5465, .T. ) ;
#2558 = ORIENTED_EDGE ( 'NONE', *, *, #4218, .T. ) ;
#2559 = CARTESIAN_POINT ( 'NONE',  ( -3.230000000000010640, 19.05000000000000071, 20.99999999999996803 ) ) ;
#2560 = ORIENTED_EDGE ( 'NONE', *, *, #1701, .F. ) ;
#2561 = APPLICATION_CONTEXT ( 'automotive_design' ) ;
#2562 = FACE_OUTER_BOUND ( 'NONE', #3473, .T. ) ;
#2563 = B_SPLINE_CURVE_WITH_KNOTS ( 'NONE', 3,
 ( #2216, #3991, #361, #4649, #3928, #1230, #2088, #4813, #2960, #60 ),
 .UNSPECIFIED., .F., .F.,
 ( 4, 2, 2, 2, 4 ),
 ( 0.000000000000000000, 0.0007814490852634986594, 0.001562898170526997319, 0.002344347255790496087, 0.003125796341053994638 ),
 .UNSPECIFIED. ) ;
#2564 = ORIENTED_EDGE ( 'NONE', *, *, #2594, .T. ) ;
#2565 = DIRECTION ( 'NONE',  ( 2.832201593431521726E-16, -1.000000000000000000, 0.000000000000000000 ) ) ;
#2566 = ORIENTED_EDGE ( 'NONE', *, *, #4741, .T. ) ;
#2567 = CARTESIAN_POINT ( 'NONE',  ( -41.67831301705811597, -10.45967136140619758, 22.98052841145312897 ) ) ;
#2568 = EDGE_CURVE ( 'NONE', #806, #474, #1074, .T. ) ;
#2569 = EDGE_CURVE ( 'NONE', #5095, #4509, #760, .T. ) ;
#2570 = DIRECTION ( 'NONE',  ( -0.000000000000000000, -0.000000000000000000, -1.000000000000000000 ) ) ;
#2571 = PLANE ( 'NONE',  #5237 ) ;
#2572 = ORIENTED_EDGE ( 'NONE', *, *, #4329, .T. ) ;
#2573 = CARTESIAN_POINT ( 'NONE',  ( 13.13331716981372566, -26.93211392633891066, 21.16171221067520491 ) ) ;
#2574 = ORIENTED_EDGE ( 'NONE', *, *, #2423, .T. ) ;
#2575 = DIRECTION ( 'NONE',  ( 0.000000000000000000, 0.000000000000000000, 1.000000000000000000 ) ) ;
#2576 = LINE ( 'NONE', #402, #4786 ) ;
#2577 = EDGE_LOOP ( 'NONE', ( #5222, #4908, #3981, #3684 ) ) ;
#2578 = DIRECTION ( 'NONE',  ( -1.000000000000000000, 0.000000000000000000, 0.000000000000000000 ) ) ;
#2579 = DIRECTION ( 'NONE',  ( -1.000000000000000000, 0.000000000000000000, 0.000000000000000000 ) ) ;
#2580 = CARTESIAN_POINT ( 'NONE',  ( -30.40000000000001990, -15.89999999999998970, 11.99000000000000021 ) ) ;
#2581 = CARTESIAN_POINT ( 'NONE',  ( 20.96214168703482983, 26.90000000000001990, 4.651666049839564998 ) ) ;
#2582 = VERTEX_POINT ( 'NONE', #785 ) ;
#2583 = PRESENTATION_STYLE_ASSIGNMENT (( #779 ) ) ;
#2584 = VERTEX_POINT ( 'NONE', #1294 ) ;
#2585 = CARTESIAN_POINT ( 'NONE',  ( 9.619062880809782001, -21.92095788688424207, 22.96748367427246151 ) ) ;
#2586 = AXIS2_PLACEMENT_3D ( 'NONE', #5562, #1707, #856 ) ;
#2587 = ORIENTED_EDGE ( 'NONE', *, *, #1944, .T. ) ;
#2588 = CARTESIAN_POINT ( 'NONE',  ( -36.34318652482713219, 17.44982910413397903, 22.85904473084154631 ) ) ;
#2589 = ORIENTED_EDGE ( 'NONE', *, *, #1246, .T. ) ;
#2590 = CARTESIAN_POINT ( 'NONE',  ( -41.60206746493477681, -7.192859098041469501, 21.23183610499139462 ) ) ;
#2591 = CIRCLE ( 'NONE', #3228, 4.100000000000006750 ) ;
#2592 = CIRCLE ( 'NONE', #3857, 1.087499999999998135 ) ;
#2593 = CARTESIAN_POINT ( 'NONE',  ( -39.00000000000001421, -24.49999999999998934, 7.989999999999985114 ) ) ;
#2594 = EDGE_CURVE ( 'NONE', #2799, #5392, #1440, .T. ) ;
#2595 = CARTESIAN_POINT ( 'NONE',  ( -39.00000000000001421, -24.49999999999998934, 4.150254037844377741 ) ) ;
#2596 = ORIENTED_EDGE ( 'NONE', *, *, #3392, .F. ) ;
#2597 = CIRCLE ( 'NONE', #1978, 1.474999999999997202 ) ;
#2598 = DIRECTION ( 'NONE',  ( -0.000000000000000000, -0.000000000000000000, -1.000000000000000000 ) ) ;
#2599 = ORIENTED_EDGE ( 'NONE', *, *, #4944, .F. ) ;
#2600 = ADVANCED_FACE ( 'NONE', ( #2063 ), #3645, .F. ) ;
#2601 = DIRECTION ( 'NONE',  ( 1.000000000000000000, 0.000000000000000000, 0.000000000000000000 ) ) ;
#2602 = DIRECTION ( 'NONE',  ( -0.000000000000000000, -1.000000000000000000, 0.000000000000000000 ) ) ;
#2603 = EDGE_CURVE ( 'NONE', #2400, #2961, #528, .T. ) ;
#2604 = VECTOR ( 'NONE', #1474, 1000.000000000000000 ) ;
#2605 = AXIS2_PLACEMENT_3D ( 'NONE', #1884, #4816, #3124 ) ;
#2606 = FACE_OUTER_BOUND ( 'NONE', #2055, .T. ) ;
#2607 = ORIENTED_EDGE ( 'NONE', *, *, #1944, .F. ) ;
#2608 = LINE ( 'NONE', #4327, #3500 ) ;
#2609 = AXIS2_PLACEMENT_3D ( 'NONE', #4109, #2376, #2792 ) ;
#2610 = CARTESIAN_POINT ( 'NONE',  ( -35.40000000000002700, 15.58432187272930136, 20.99999999999996447 ) ) ;
#2611 = CARTESIAN_POINT ( 'NONE',  ( -43.10000000000002274, 22.08315017762062382, 20.99999999999996803 ) ) ;
#2612 = CARTESIAN_POINT ( 'NONE',  ( -39.00000000000002132, 19.05000000000000071, 22.99999999999996447 ) ) ;
#2613 = ORIENTED_EDGE ( 'NONE', *, *, #3488, .F. ) ;
#2614 = CARTESIAN_POINT ( 'NONE',  ( 10.21249999999999503, -24.12999999999998124, 26.99999999999999645 ) ) ;
#2615 = DIRECTION ( 'NONE',  ( 1.000000000000000000, 0.000000000000000000, 0.000000000000000000 ) ) ;
#2616 = LINE ( 'NONE', #3382, #4577 ) ;
#2617 = CIRCLE ( 'NONE', #4153, 1.999999999999999112 ) ;
#2618 = DIRECTION ( 'NONE',  ( -0.000000000000000000, -0.000000000000000000, -1.000000000000000000 ) ) ;
#2619 = CARTESIAN_POINT ( 'NONE',  ( -35.23823461443905813, 17.21289030562935807, 20.99999999700378694 ) ) ;
#2620 = ORIENTED_EDGE ( 'NONE', *, *, #4566, .T. ) ;
#2621 = CARTESIAN_POINT ( 'NONE',  ( -41.67757278955541267, -7.319129141511974801, 22.98069534487092369 ) ) ;
#2622 = CYLINDRICAL_SURFACE ( 'NONE', #1060, 1.475000000000000533 ) ;
#2623 = AXIS2_PLACEMENT_3D ( 'NONE', #3625, #117, #4890 ) ;
#2624 = CARTESIAN_POINT ( 'NONE',  ( -36.45554506549878226, 17.27082913293396516, 22.92056653903532393 ) ) ;
#2625 =( BOUNDED_SURFACE ( )  B_SPLINE_SURFACE ( 3, 2, ( 
 ( #3864, #2204, #5580 ),
 ( #5099, #370, #3916 ),
 ( #4236, #2118, #1723 ),
 ( #3444, #5154, #3836 ),
 ( #1299, #3496, #5549 ),
 ( #5213, #871, #1359 ) ),
 .UNSPECIFIED., .F., .F., .T. ) 
 B_SPLINE_SURFACE_WITH_KNOTS ( ( 4, 2, 4 ),
 ( 3, 3 ),
 ( 0.008827832472839903383, 0.009384894690744816775, 0.009941956908649728433 ),
 ( 0.3757447532464313067, 1.000000000000000000 ),
 .UNSPECIFIED. ) 
 GEOMETRIC_REPRESENTATION_ITEM ( )  RATIONAL_B_SPLINE_SURFACE ( (
 ( 0.8625975620041919090, 0.8171598714171623978, 1.000000000000000000),
 ( 0.8435893754989431947, 0.7918658568753518257, 1.000000000000000000),
 ( 0.8237697687647652645, 0.7654920930863211570, 1.000000000000000000),
 ( 0.7827124125210531691, 0.7108574562896965432, 1.000000000000000000),
 ( 0.7614690638898000685, 0.6825891325836292989, 1.000000000000000000),
 ( 0.7398299324327796134, 0.6537941444034103267, 1.000000000000000000) ) ) 
 REPRESENTATION_ITEM ( '' )  SURFACE ( )  );
#2626 = CARTESIAN_POINT ( 'NONE',  ( 0.000000000000000000, 0.000000000000000000, 29.99999999999996447 ) ) ;
#2627 = ORIENTED_EDGE ( 'NONE', *, *, #5555, .T. ) ;
#2628 = AXIS2_PLACEMENT_3D ( 'NONE', #4824, #987, #2713 ) ;
#2629 = CARTESIAN_POINT ( 'NONE',  ( 13.06999999999998607, 24.13000000000000966, 26.99999999999999645 ) ) ;
#2630 = ORIENTED_EDGE ( 'NONE', *, *, #187, .F. ) ;
#2631 = CARTESIAN_POINT ( 'NONE',  ( 18.99999999999998224, 24.50000000000001066, 1.650254037844403054 ) ) ;
#2632 = DIRECTION ( 'NONE',  ( -0.000000000000000000, -0.000000000000000000, -1.000000000000000000 ) ) ;
#2633 = CONICAL_SURFACE ( 'NONE', #2910, 577.3502691896181886, 0.5235987755982931535 ) ;
#2634 = CARTESIAN_POINT ( 'NONE',  ( -37.03785831296517017, 26.90000000000001279, 4.651666049839564998 ) ) ;
#2635 = VERTEX_POINT ( 'NONE', #2256 ) ;
#2636 = LINE ( 'NONE', #3422, #1883 ) ;
#2637 = EDGE_CURVE ( 'NONE', #569, #2547, #3579, .T. ) ;
#2638 = CARTESIAN_POINT ( 'NONE',  ( 11.28230310752847565, -27.19749782323335552, 22.91821248829329605 ) ) ;
#2639 = CARTESIAN_POINT ( 'NONE',  ( 18.99999999999995381, -24.49999999999995737, 20.99999999999996447 ) ) ;
#2640 = CARTESIAN_POINT ( 'NONE',  ( 14.33163167547160199, 26.96463000022924916, 22.99220443619802978 ) ) ;
#2641 = ORIENTED_EDGE ( 'NONE', *, *, #3611, .T. ) ;
#2642 = DIRECTION ( 'NONE',  ( -0.000000000000000000, -0.000000000000000000, -1.000000000000000000 ) ) ;
#2643 = CARTESIAN_POINT ( 'NONE',  ( -42.10000000000000853, -8.890000000000009450, 22.73205080756884655 ) ) ;
#2644 = ADVANCED_FACE ( 'NONE', ( #4367 ), #498, .T. ) ;
#2645 = CARTESIAN_POINT ( 'NONE',  ( -43.10000000000002274, 18.50973858764659852, 20.99999999999996447 ) ) ;
#2646 = VERTEX_POINT ( 'NONE', #3127 ) ;
#2647 = CARTESIAN_POINT ( 'NONE',  ( -33.91609563319238418, 19.45486589033196978, 20.99999999999996447 ) ) ;
#2648 = ORIENTED_EDGE ( 'NONE', *, *, #2778, .F. ) ;
#2649 = CYLINDRICAL_SURFACE ( 'NONE', #2803, 3.099999999999998757 ) ;
#2650 = CARTESIAN_POINT ( 'NONE',  ( 24.40940107675848481, 24.50000000000001066, 11.99000000000000021 ) ) ;
#2651 = LINE ( 'NONE', #1320, #5149 ) ;
#2652 = CARTESIAN_POINT ( 'NONE',  ( -1.930000000000015037, 26.61348673097529982, 29.03347103513043947 ) ) ;
#2653 = EDGE_LOOP ( 'NONE', ( #1384, #5409 ) ) ;
#2654 = DIRECTION ( 'NONE',  ( 0.000000000000000000, 0.000000000000000000, -1.000000000000000000 ) ) ;
#2655 = ORIENTED_EDGE ( 'NONE', *, *, #3504, .T. ) ;
#2656 = LINE ( 'NONE', #1045, #3786 ) ;
#2657 =( BOUNDED_SURFACE ( )  B_SPLINE_SURFACE ( 3, 2, ( 
 ( #2412, #4549, #5415 ),
 ( #4122, #3256, #5076 ),
 ( #5020, #3283, #257 ),
 ( #707, #3758, #1610 ),
 ( #735, #1987, #337 ),
 ( #2488, #3733, #5464 ) ),
 .UNSPECIFIED., .F., .F., .F. ) 
 B_SPLINE_SURFACE_WITH_KNOTS ( ( 4, 2, 4 ),
 ( 3, 3 ),
 ( 0.002306798734963550184, 0.002555788675257349412, 0.002804778615551148640 ),
 ( 0.000000000000000000, 0.2865841931748286386 ),
 .UNSPECIFIED. ) 
 GEOMETRIC_REPRESENTATION_ITEM ( )  RATIONAL_B_SPLINE_SURFACE ( (
 ( 1.000000000000000000, 0.9160614331999684667, 0.8802337992852138360),
 ( 1.000000000000000000, 0.9127607758415910988, 0.8755243170204534131),
 ( 1.000000000000000000, 0.9093180864193486368, 0.8706121789168181913),
 ( 1.000000000000000000, 0.9021199043054035638, 0.8603415851158289218),
 ( 1.000000000000000000, 0.8985379234374000212, 0.8552307015738709328),
 ( 1.000000000000000000, 0.8950958085744097348, 0.8503193832695405963) ) ) 
 REPRESENTATION_ITEM ( '' )  SURFACE ( )  );
#2658 = DIRECTION ( 'NONE',  ( 0.000000000000000000, 0.000000000000000000, 1.000000000000000000 ) ) ;
#2659 = CARTESIAN_POINT ( 'NONE',  ( -23.46152236891500209, 26.33152236891498887, 20.99999999999996803 ) ) ;
#2660 = ORIENTED_EDGE ( 'NONE', *, *, #5042, .F. ) ;
#2661 = PLANE ( 'NONE',  #5202 ) ;
#2662 = CARTESIAN_POINT ( 'NONE',  ( -43.10000000000001563, -24.31825367542014504, 9.722050807568825448 ) ) ;
#2663 = CARTESIAN_POINT ( 'NONE',  ( 11.53904445531426859, -27.23010374407905942, 22.89812669499069742 ) ) ;
#2664 = CARTESIAN_POINT ( 'NONE',  ( 13.89180692229606073, -19.47872664748303251, 22.99999999999996447 ) ) ;
#2665 = EDGE_CURVE ( 'NONE', #3103, #193, #4848, .T. ) ;
#2666 = CARTESIAN_POINT ( 'NONE',  ( -39.76995433288711013, 27.87468354430379947, 2.963464629804061889 ) ) ;
#2667 = EDGE_LOOP ( 'NONE', ( #2793, #3133, #2558, #3458 ) ) ;
#2668 = FACE_OUTER_BOUND ( 'NONE', #5021, .T. ) ;
#2669 = ADVANCED_FACE ( 'NONE', ( #4454 ), #2286, .T. ) ;
#2670 = DIRECTION ( 'NONE',  ( 0.000000000000000000, 0.000000000000000000, 1.000000000000000000 ) ) ;
#2671 = CARTESIAN_POINT ( 'NONE',  ( -41.60264962526046162, 17.35365130090747954, 21.23269800279865294 ) ) ;
#2672 = EDGE_CURVE ( 'NONE', #843, #569, #5292, .T. ) ;
#2673 = EDGE_LOOP ( 'NONE', ( #2848, #304, #2947, #4560, #2248, #3183 ) ) ;
#2674 = EDGE_CURVE ( 'NONE', #5360, #2815, #583, .T. ) ;
#2675 = CARTESIAN_POINT ( 'NONE',  ( -35.90178410954121802, 18.90723320873966529, 22.95281366429421865 ) ) ;
#2676 = ORIENTED_EDGE ( 'NONE', *, *, #216, .T. ) ;
#2677 = CARTESIAN_POINT ( 'NONE',  ( 18.99999999999998934, -24.49999999999998934, 5.544774941164130944 ) ) ;
#2678 = PLANE ( 'NONE',  #970 ) ;
#2679 = CARTESIAN_POINT ( 'NONE',  ( 18.99999999999998224, 24.50000000000001066, 4.150254037844377741 ) ) ;
#2680 = FACE_OUTER_BOUND ( 'NONE', #159, .T. ) ;
#2681 = EDGE_LOOP ( 'NONE', ( #5166, #5119, #4531, #48 ) ) ;
#2682 = DIRECTION ( 'NONE',  ( -1.000000000000000000, 0.000000000000000000, 0.000000000000000000 ) ) ;
#2683 = ORIENTED_EDGE ( 'NONE', *, *, #803, .T. ) ;
#2684 = TOROIDAL_SURFACE ( 'NONE', #2507, 5.099999999999999645, 2.000000000000000000 ) ;
#2685 = DIRECTION ( 'NONE',  ( 0.000000000000000000, 0.000000000000000000, 1.000000000000000000 ) ) ;
#2686 = CARTESIAN_POINT ( 'NONE',  ( -3.230000000000010640, -28.59999999999999432, 20.99999999999996447 ) ) ;
#2687 = DIRECTION ( 'NONE',  ( 0.000000000000000000, 0.2565161808695954893, 0.9665399365531033293 ) ) ;
#2688 = CIRCLE ( 'NONE', #524, 5.000000000000000000 ) ;
#2689 = VERTEX_POINT ( 'NONE', #5348 ) ;
#2690 = AXIS2_PLACEMENT_3D ( 'NONE', #4339, #3486, #4449 ) ;
#2691 = CARTESIAN_POINT ( 'NONE',  ( -38.11780837998440319, 28.60000000000000142, 9.879208963509434227 ) ) ;
#2692 = CIRCLE ( 'NONE', #3596, 3.100000000000000533 ) ;
#2693 = FACE_OUTER_BOUND ( 'NONE', #3725, .T. ) ;
#2694 = CIRCLE ( 'NONE', #4940, 3.100000000000000533 ) ;
#2695 = CARTESIAN_POINT ( 'NONE',  ( 9.344577429443161165, -28.59999999999999076, 20.99999999999996447 ) ) ;
#2696 = CARTESIAN_POINT ( 'NONE',  ( 18.99999999999998224, 24.50000000000001066, 7.990000000000032188 ) ) ;
#2697 = CARTESIAN_POINT ( 'NONE',  ( 14.56251175857359392, 26.84705882352950823, 22.99999999999996447 ) ) ;
#2698 = ORIENTED_EDGE ( 'NONE', *, *, #244, .F. ) ;
#2699 = CARTESIAN_POINT ( 'NONE',  ( -36.06197569732236730, -7.882039142379580809, 22.58121502951685144 ) ) ;
#2700 = CARTESIAN_POINT ( 'NONE',  ( -42.10000000000002274, 24.50000000000001066, 7.989999999999985114 ) ) ;
#2701 = CARTESIAN_POINT ( 'NONE',  ( -42.10009560523646144, 19.24765990866640664, 21.57737973568739065 ) ) ;
#2702 = AXIS2_PLACEMENT_3D ( 'NONE', #3811, #2114, #4231 ) ;
#2703 = EDGE_CURVE ( 'NONE', #3446, #3373, #3297, .T. ) ;
#2704 = ORIENTED_EDGE ( 'NONE', *, *, #4359, .T. ) ;
#2705 = VECTOR ( 'NONE', #2296, 1000.000000000000000 ) ;
#2706 = CARTESIAN_POINT ( 'NONE',  ( -36.00480674384219526, 18.24483781148583361, 22.78519124026995257 ) ) ;
#2707 = ORIENTED_EDGE ( 'NONE', *, *, #1198, .T. ) ;
#2708 = DIRECTION ( 'NONE',  ( -0.000000000000000000, -0.000000000000000000, -1.000000000000000000 ) ) ;
#2709 = DIRECTION ( 'NONE',  ( 0.000000000000000000, 0.000000000000000000, 1.000000000000000000 ) ) ;
#2710 = EDGE_CURVE ( 'NONE', #3524, #2192, #217, .T. ) ;
#2711 = CARTESIAN_POINT ( 'NONE',  ( -35.90000000000001279, -24.49999999999998934, -0.01000000000000002623 ) ) ;
#2712 = VECTOR ( 'NONE', #2000, 1000.000000000000000 ) ;
#2713 = DIRECTION ( 'NONE',  ( -1.000000000000000000, 0.000000000000000000, 0.000000000000000000 ) ) ;
#2714 = ORIENTED_EDGE ( 'NONE', *, *, #3117, .T. ) ;
#2715 = FACE_OUTER_BOUND ( 'NONE', #5268, .T. ) ;
#2716 = ORIENTED_EDGE ( 'NONE', *, *, #5527, .T. ) ;
#2717 = AXIS2_PLACEMENT_3D ( 'NONE', #296, #5505, #4659 ) ;
#2718 = DIRECTION ( 'NONE',  ( 0.000000000000000000, 0.000000000000000000, 1.000000000000000000 ) ) ;
#2719 = LINE ( 'NONE', #3921, #5330 ) ;
#2720 = EDGE_CURVE ( 'NONE', #4989, #3747, #3753, .T. ) ;
#2721 = CARTESIAN_POINT ( 'NONE',  ( 10.70914846109783802, 22.09982160775353321, 21.26659834470670418 ) ) ;
#2722 = AXIS2_PLACEMENT_3D ( 'NONE', #3540, #2804, #4520 ) ;
#2723 = EDGE_LOOP ( 'NONE', ( #1129, #623, #4005, #3048, #2402 ) ) ;
#2724 = DIRECTION ( 'NONE',  ( -0.8764705882353229782, 0.4814554059914866180, -3.606335610897391586E-14 ) ) ;
#2725 = VECTOR ( 'NONE', #4090, 1000.000000000000000 ) ;
#2726 = CARTESIAN_POINT ( 'NONE',  ( -35.40000000000002700, 15.43752162636230452, 20.99999999999996447 ) ) ;
#2727 = CARTESIAN_POINT ( 'NONE',  ( -39.00000000000000711, -8.890000000000005898, 26.99999999999999645 ) ) ;
#2728 = CARTESIAN_POINT ( 'NONE',  ( 13.67411607275452212, 27.18340004837404678, 21.42701734517116918 ) ) ;
#2729 = DIRECTION ( 'NONE',  ( -0.000000000000000000, -0.000000000000000000, -1.000000000000000000 ) ) ;
#2730 = AXIS2_PLACEMENT_3D ( 'NONE', #502, #1751, #45 ) ;
#2731 = ORIENTED_EDGE ( 'NONE', *, *, #3094, .F. ) ;
#2732 = DIRECTION ( 'NONE',  ( 1.000000000000000000, 0.000000000000000000, 0.000000000000000000 ) ) ;
#2733 = CARTESIAN_POINT ( 'NONE',  ( -42.00778897399997902, 19.83673815834022847, 21.54461142508817417 ) ) ;
#2734 = CIRCLE ( 'NONE', #1193, 0.8051270189222102802 ) ;
#2735 = CARTESIAN_POINT ( 'NONE',  ( -35.90011030694327587, -8.623041603227244778, 21.56697083396733916 ) ) ;
#2736 = ORIENTED_EDGE ( 'NONE', *, *, #3819, .F. ) ;
#2737 = CARTESIAN_POINT ( 'NONE',  ( -35.89890494512967933, 19.10033409616705669, 22.98850399943720646 ) ) ;
#2738 = ORIENTED_EDGE ( 'NONE', *, *, #4258, .F. ) ;
#2739 = DIRECTION ( 'NONE',  ( 1.000000000000000000, 0.000000000000000000, 0.000000000000000000 ) ) ;
#2740 = CARTESIAN_POINT ( 'NONE',  ( -32.00000000000002842, 25.57000000000001450, 22.29999999999996518 ) ) ;
#2741 = ADVANCED_FACE ( 'NONE', ( #4475 ), #4056, .F. ) ;
#2742 = CARTESIAN_POINT ( 'NONE',  ( 18.99999999999998224, 24.50000000000001066, 11.99000000000000021 ) ) ;
#2743 = EDGE_CURVE ( 'NONE', #780, #3947, #444, .T. ) ;
#2744 = VERTEX_POINT ( 'NONE', #2456 ) ;
#2745 = CARTESIAN_POINT ( 'NONE',  ( -41.67898660675641054, 20.61840725889245007, 22.98030114007864100 ) ) ;
#2746 = EDGE_LOOP ( 'NONE', ( #5157, #2530, #3833, #3873 ) ) ;
#2747 = DIRECTION ( 'NONE',  ( 2.832201593431521726E-16, -1.000000000000000000, 0.000000000000000000 ) ) ;
#2748 = EDGE_CURVE ( 'NONE', #4568, #4137, #1615, .T. ) ;
#2749 = CARTESIAN_POINT ( 'NONE',  ( -35.40000000000002700, 20.90000000000001279, 11.99000000000000021 ) ) ;
#2750 = VERTEX_POINT ( 'NONE', #3694 ) ;
#2751 = CARTESIAN_POINT ( 'NONE',  ( -24.00000000000002132, -26.61348673097528561, 29.03347103513043947 ) ) ;
#2752 = EDGE_CURVE ( 'NONE', #3103, #4924, #5037, .T. ) ;
#2753 = DIRECTION ( 'NONE',  ( 0.000000000000000000, 0.000000000000000000, -1.000000000000000000 ) ) ;
#2754 = CARTESIAN_POINT ( 'NONE',  ( 18.99999999999998934, -24.49999999999998934, 9.722050807568955122 ) ) ;
#2755 = CARTESIAN_POINT ( 'NONE',  ( 11.95089395051014591, 27.02499059873570175, 21.28026372056572058 ) ) ;
#2756 = CARTESIAN_POINT ( 'NONE',  ( 20.96214168703482983, 26.90000000000001990, 4.651666049839564998 ) ) ;
#2757 = B_SPLINE_CURVE_WITH_KNOTS ( 'NONE', 3,
 ( #3092, #4833, #4779, #2242, #3545, #999, #2213, #1337, #3960, #3058, #2662, #4445 ),
 .UNSPECIFIED., .F., .F.,
 ( 4, 2, 2, 2, 2, 4 ),
 ( 0.000000000000000000, 0.001076374560676687103, 0.002152749121353374206, 0.003229123682030061310, 0.003767310962368404861, 0.004305498242706748413 ),
 .UNSPECIFIED. ) ;
#2758 = ORIENTED_EDGE ( 'NONE', *, *, #3642, .T. ) ;
#2759 = CARTESIAN_POINT ( 'NONE',  ( 11.00496469446579262, -21.12733381534075505, 21.45690267512576455 ) ) ;
#2760 = CARTESIAN_POINT ( 'NONE',  ( 10.39999999999998259, 15.90000000000001101, 11.99000000000000021 ) ) ;
#2761 = CARTESIAN_POINT ( 'NONE',  ( -36.06047115771907130, -9.894474081827629774, 22.57961952185057086 ) ) ;
#2762 = ORIENTED_EDGE ( 'NONE', *, *, #1847, .T. ) ;
#2763 = CARTESIAN_POINT ( 'NONE',  ( -39.76995433288708881, -27.87468354430378525, 2.963464629804039685 ) ) ;
#2764 = ORIENTED_EDGE ( 'NONE', *, *, #2743, .F. ) ;
#2765 = FACE_OUTER_BOUND ( 'NONE', #1958, .T. ) ;
#2766 = CARTESIAN_POINT ( 'NONE',  ( -39.00000000000002132, 24.50000000000001066, -0.01000000000000002623 ) ) ;
#2767 = B_SPLINE_CURVE_WITH_KNOTS ( 'NONE', 3,
 ( #5333, #3137, #1448, #2353, #1930, #3111, #992, #4910 ),
 .UNSPECIFIED., .F., .F.,
 ( 4, 2, 2, 4 ),
 ( 0.000000000000000000, 0.001061704742648092665, 0.001592557113972136937, 0.002123409485296181426 ),
 .UNSPECIFIED. ) ;
#2768 = CARTESIAN_POINT ( 'NONE',  ( 15.39999999999998259, 20.90000000000001279, 20.99999999999996447 ) ) ;
#2769 = VERTEX_POINT ( 'NONE', #1920 ) ;
#2770 = CARTESIAN_POINT ( 'NONE',  ( -42.08653929246489867, 19.38249474602378086, 22.74534032725075861 ) ) ;
#2771 = ORIENTED_EDGE ( 'NONE', *, *, #2270, .T. ) ;
#2772 = CARTESIAN_POINT ( 'NONE',  ( 9.123216499477058150, 20.90000000000001279, 22.99999999999996447 ) ) ;
#2773 = EDGE_CURVE ( 'NONE', #5360, #3448, #2794, .T. ) ;
#2774 = CARTESIAN_POINT ( 'NONE',  ( 10.67097473497624804, 22.16666666666667496, 20.99999999999996092 ) ) ;
#2775 = ORIENTED_EDGE ( 'NONE', *, *, #799, .T. ) ;
#2776 = EDGE_CURVE ( 'NONE', #5356, #3063, #5124, .T. ) ;
#2777 = CIRCLE ( 'NONE', #3312, 3.099999999999998757 ) ;
#2778 = EDGE_CURVE ( 'NONE', #2918, #3524, #3958, .T. ) ;
#2779 = CARTESIAN_POINT ( 'NONE',  ( -43.10000000000002274, 20.97131469110145119, 11.99000000000000021 ) ) ;
#2780 = EDGE_CURVE ( 'NONE', #828, #1183, #4178, .T. ) ;
#2781 = PLANE ( 'NONE',  #1812 ) ;
#2782 = CARTESIAN_POINT ( 'NONE',  ( -41.49215686274510517, -10.73367951973018108, 22.99999999999996447 ) ) ;
#2783 = FACE_OUTER_BOUND ( 'NONE', #4643, .T. ) ;
#2784 = ORIENTED_EDGE ( 'NONE', *, *, #5387, .T. ) ;
#2785 = AXIS2_PLACEMENT_3D ( 'NONE', #2927, #1708, #1251 ) ;
#2786 = AXIS2_PLACEMENT_3D ( 'NONE', #55, #940, #2240 ) ;
#2787 = CARTESIAN_POINT ( 'NONE',  ( 22.09999999999998721, -24.49999999999998934, 11.99000000000000021 ) ) ;
#2788 = DIRECTION ( 'NONE',  ( -0.5947353289452148584, -0.8039215686274545636, -5.934754545629707841E-15 ) ) ;
#2789 = CARTESIAN_POINT ( 'NONE',  ( -36.09856532259168915, -7.793830745649870551, 22.62141844312656502 ) ) ;
#2790 = AXIS2_PLACEMENT_3D ( 'NONE', #5247, #136, #4030 ) ;
#2791 = ORIENTED_EDGE ( 'NONE', *, *, #2720, .F. ) ;
#2792 = DIRECTION ( 'NONE',  ( 1.000000000000000000, 0.000000000000000000, 0.000000000000000000 ) ) ;
#2793 = ORIENTED_EDGE ( 'NONE', *, *, #4663, .T. ) ;
#2794 = CIRCLE ( 'NONE', #3246, 5.099999999999998757 ) ;
#2795 = CARTESIAN_POINT ( 'NONE',  ( 13.33557263771743884, 21.03533782202693203, 22.92577484110442754 ) ) ;
#2796 = CARTESIAN_POINT ( 'NONE',  ( -41.49215686274511938, 17.20632048026982019, 22.99999999999996447 ) ) ;
#2797 = CARTESIAN_POINT ( 'NONE',  ( -3.230000000000007976, -28.59999999999999076, 22.29999999999996518 ) ) ;
#2798 = VECTOR ( 'NONE', #84, 1000.000000000000000 ) ;
#2799 = VERTEX_POINT ( 'NONE', #612 ) ;
#2800 = LINE ( 'NONE', #4517, #3419 ) ;
#2801 = ORIENTED_EDGE ( 'NONE', *, *, #2398, .F. ) ;
#2802 = CARTESIAN_POINT ( 'NONE',  ( -24.00000000000002132, -26.86999999999999744, 26.14999999999996660 ) ) ;
#2803 = AXIS2_PLACEMENT_3D ( 'NONE', #5209, #5323, #4397 ) ;
#2804 = DIRECTION ( 'NONE',  ( 0.000000000000000000, 0.000000000000000000, 1.000000000000000000 ) ) ;
#2805 = ORIENTED_EDGE ( 'NONE', *, *, #5351, .T. ) ;
#2806 = CARTESIAN_POINT ( 'NONE',  ( -42.10000000000002274, 24.50000000000001066, -0.01000000000000002623 ) ) ;
#2807 = AXIS2_PLACEMENT_3D ( 'NONE', #4015, #4868, #122 ) ;
#2808 = LINE ( 'NONE', #5198, #4591 ) ;
#2809 = CARTESIAN_POINT ( 'NONE',  ( 18.63954236152398991, 28.60000000000000853, 9.743131612714931222 ) ) ;
#2810 = CONICAL_SURFACE ( 'NONE', #641, 577.3502691896181886, 0.5235987755982931535 ) ;
#2811 = DIRECTION ( 'NONE',  ( -1.196361017915039486E-16, 1.000000000000000000, 0.000000000000000000 ) ) ;
#2812 = ADVANCED_FACE ( 'NONE', ( #3244 ), #3746, .T. ) ;
#2813 = DIRECTION ( 'NONE',  ( 0.000000000000000000, 0.000000000000000000, 1.000000000000000000 ) ) ;
#2814 = CARTESIAN_POINT ( 'NONE',  ( -37.41250000000000853, -8.890000000000005898, 24.99999999999999289 ) ) ;
#2815 = VERTEX_POINT ( 'NONE', #1143 ) ;
#2816 = CIRCLE ( 'NONE', #3532, 5.000000000000000888 ) ;
#2817 = EDGE_CURVE ( 'NONE', #2377, #1138, #171, .T. ) ;
#2818 = CARTESIAN_POINT ( 'NONE',  ( 11.32333875917715993, -20.81549157566999497, 20.99999999798798456 ) ) ;
#2819 = CARTESIAN_POINT ( 'NONE',  ( 6.069999999999992291, -28.59999999999999076, 29.99999999999996447 ) ) ;
#2820 =( BOUNDED_CURVE ( )  B_SPLINE_CURVE ( 3, ( #1174, #2985, #2131, #3803 ),
 .UNSPECIFIED., .F., .F. ) 
 B_SPLINE_CURVE_WITH_KNOTS ( ( 4, 4 ),
 ( 1.570796326794896558, 3.141592653589793116 ),
 .UNSPECIFIED. ) 
 CURVE ( )  GEOMETRIC_REPRESENTATION_ITEM ( )  RATIONAL_B_SPLINE_CURVE ( ( 1.000000000000000000, 0.8047378541243649375, 0.8047378541243649375, 1.000000000000000000 ) ) 
 REPRESENTATION_ITEM ( '' )  );
#2821 = VECTOR ( 'NONE', #1844, 1000.000000000000000 ) ;
#2822 = CARTESIAN_POINT ( 'NONE',  ( -35.40000000000001990, -8.211695778701965764, 20.99999999999996447 ) ) ;
#2823 = ORIENTED_EDGE ( 'NONE', *, *, #5527, .F. ) ;
#2824 = CARTESIAN_POINT ( 'NONE',  ( -33.59059892324147256, 24.50000000000001066, 11.99000000000000021 ) ) ;
#2825 = ORIENTED_EDGE ( 'NONE', *, *, #2411, .T. ) ;
#2826 = EDGE_CURVE ( 'NONE', #2480, #2582, #4084, .T. ) ;
#2827 = DIRECTION ( 'NONE',  ( -1.000000000000000000, -0.000000000000000000, 0.000000000000000000 ) ) ;
#2828 = DIRECTION ( 'NONE',  ( 1.660022465049576016E-16, -1.000000000000000000, 0.000000000000000000 ) ) ;
#2829 = ORIENTED_EDGE ( 'NONE', *, *, #1191, .F. ) ;
#2830 = DIRECTION ( 'NONE',  ( -0.000000000000000000, -0.000000000000000000, -1.000000000000000000 ) ) ;
#2831 = ORIENTED_EDGE ( 'NONE', *, *, #4906, .T. ) ;
#2832 = LINE ( 'NONE', #1105, #2163 ) ;
#2833 = LINE ( 'NONE', #5383, #97 ) ;
#2834 = ORIENTED_EDGE ( 'NONE', *, *, #4189, .T. ) ;
#2835 = CARTESIAN_POINT ( 'NONE',  ( 12.76012022526926515, 21.04399972326596568, 22.61782009638259439 ) ) ;
#2836 = DIRECTION ( 'NONE',  ( 0.000000000000000000, 0.000000000000000000, 1.000000000000000000 ) ) ;
#2837 = EDGE_CURVE ( 'NONE', #3947, #506, #1095, .T. ) ;
#2838 = CARTESIAN_POINT ( 'NONE',  ( -43.10000000000000853, 24.13954236152401123, 9.743131612714876155 ) ) ;
#2839 = VERTEX_POINT ( 'NONE', #670 ) ;
#2840 = CARTESIAN_POINT ( 'NONE',  ( 6.907515968344744905, -26.11281830692582062, 21.11875138702038512 ) ) ;
#2841 = ORIENTED_EDGE ( 'NONE', *, *, #2855, .T. ) ;
#2842 = CARTESIAN_POINT ( 'NONE',  ( 12.70547299254111984, -20.33971013974813857, 20.99999999709823584 ) ) ;
#2843 = CARTESIAN_POINT ( 'NONE',  ( 18.99999999999998224, 28.60000000000000853, 20.99999999999996447 ) ) ;
#2844 = EDGE_CURVE ( 'NONE', #4276, #1712, #2154, .T. ) ;
#2845 = CARTESIAN_POINT ( 'NONE',  ( -36.47053129624416101, -10.71675924730952012, 21.48873307997957482 ) ) ;
#2846 = EDGE_CURVE ( 'NONE', #5353, #1164, #1286, .T. ) ;
#2847 = EDGE_CURVE ( 'NONE', #5045, #2135, #988, .T. ) ;
#2848 = ORIENTED_EDGE ( 'NONE', *, *, #1706, .F. ) ;
#2849 = CARTESIAN_POINT ( 'NONE',  ( -36.81176470588237493, 16.85417981210257565, 22.99999999999996447 ) ) ;
#2850 = ORIENTED_EDGE ( 'NONE', *, *, #4432, .F. ) ;
#2851 = CARTESIAN_POINT ( 'NONE',  ( 11.60894682677698242, 21.39416950835286002, 22.55129787837935851 ) ) ;
#2852 = EDGE_CURVE ( 'NONE', #948, #3110, #626, .T. ) ;
#2853 = CARTESIAN_POINT ( 'NONE',  ( -24.00000000000002842, 26.87000000000001165, 29.99999999999996447 ) ) ;
#2854 = PLANE ( 'NONE',  #1922 ) ;
#2855 = EDGE_CURVE ( 'NONE', #1164, #569, #2820, .T. ) ;
#2856 = DIRECTION ( 'NONE',  ( -1.000000000000000000, 0.000000000000000000, -0.000000000000000000 ) ) ;
#2857 = ORIENTED_EDGE ( 'NONE', *, *, #2541, .F. ) ;
#2858 = DIRECTION ( 'NONE',  ( -1.226379264275234197E-16, 0.8660254037844412611, -0.4999999999999954481 ) ) ;
#2859 = ORIENTED_EDGE ( 'NONE', *, *, #734, .F. ) ;
#2860 = CARTESIAN_POINT ( 'NONE',  ( 23.09999999999998721, -24.49999999999995737, 108.4887421329166983 ) ) ;
#2861 = LINE ( 'NONE', #5498, #1548 ) ;
#2862 = ORIENTED_EDGE ( 'NONE', *, *, #5256, .F. ) ;
#2863 = CARTESIAN_POINT ( 'NONE',  ( 11.44705882352939064, 21.48877643170514418, 22.66019350611776062 ) ) ;
#2864 = CARTESIAN_POINT ( 'NONE',  ( -36.30289291599908807, -10.43181949684948684, 22.82689499241925546 ) ) ;
#2865 = DIRECTION ( 'NONE',  ( -0.000000000000000000, -0.000000000000000000, -1.000000000000000000 ) ) ;
#2866 = ORIENTED_EDGE ( 'NONE', *, *, #495, .F. ) ;
#2867 = DIRECTION ( 'NONE',  ( -0.000000000000000000, 0.2565161808695954893, -0.9665399365531033293 ) ) ;
#2868 = VERTEX_POINT ( 'NONE', #1654 ) ;
#2869 = VECTOR ( 'NONE', #294, 1000.000000000000114 ) ;
#2870 = CARTESIAN_POINT ( 'NONE',  ( 11.58984239745447908, -21.03330777938572993, 21.46192731077334059 ) ) ;
#2871 = CARTESIAN_POINT ( 'NONE',  ( 13.89180692229605896, -19.47872664748303251, 20.99999999999996447 ) ) ;
#2872 = DIRECTION ( 'NONE',  ( 0.4999999999999950595, 6.123233995736705639E-17, -0.8660254037844414832 ) ) ;
#2873 = VECTOR ( 'NONE', #2397, 1000.000000000000000 ) ;
#2874 = ORIENTED_EDGE ( 'NONE', *, *, #2469, .F. ) ;
#2875 = DIRECTION ( 'NONE',  ( 1.000000000000000000, 0.000000000000000000, 0.000000000000000000 ) ) ;
#2876 = ORIENTED_EDGE ( 'NONE', *, *, #2202, .F. ) ;
#2877 = CARTESIAN_POINT ( 'NONE',  ( 12.48423831565023789, 21.08433131998716092, 22.46893736606076430 ) ) ;
#2878 = CARTESIAN_POINT ( 'NONE',  ( 11.48258293510895456, -21.04595014541204279, 22.01288387834243210 ) ) ;
#2879 = VECTOR ( 'NONE', #568, 1000.000000000000000 ) ;
#2880 = AXIS2_PLACEMENT_3D ( 'NONE', #839, #2085, #2932 ) ;
#2881 = EDGE_CURVE ( 'NONE', #1888, #299, #3322, .T. ) ;
#2882 = DIRECTION ( 'NONE',  ( 1.000000000000000000, 0.000000000000000000, 0.000000000000000000 ) ) ;
#2883 = VERTEX_POINT ( 'NONE', #1255 ) ;
#2884 = EDGE_CURVE ( 'NONE', #1870, #4887, #4782, .T. ) ;
#2885 = VECTOR ( 'NONE', #927, 1000.000000000000000 ) ;
#2886 = DIRECTION ( 'NONE',  ( -0.000000000000000000, 1.000000000000000000, -0.000000000000000000 ) ) ;
#2887 = ORIENTED_EDGE ( 'NONE', *, *, #4603, .T. ) ;
#2888 = LINE ( 'NONE', #4604, #375 ) ;
#2889 = ORIENTED_EDGE ( 'NONE', *, *, #2185, .F. ) ;
#2890 = MANIFOLD_SOLID_BREP ( 'Cut-Extrude1', #2144 ) ;
#2891 = CIRCLE ( 'NONE', #1541, 1.475000000000000533 ) ;
#2892 = CARTESIAN_POINT ( 'NONE',  ( 13.38366329049349090, 21.01391965068815892, 21.50234874175869848 ) ) ;
#2893 = ADVANCED_FACE ( 'NONE', ( #5569 ), #4673, .T. ) ;
#2894 = DIRECTION ( 'NONE',  ( -0.000000000000000000, -0.000000000000000000, -1.000000000000000000 ) ) ;
#2895 = CARTESIAN_POINT ( 'NONE',  ( -37.52500000000001990, 24.50000000000001066, 1.650254037844403054 ) ) ;
#2896 = AXIS2_PLACEMENT_3D ( 'NONE', #2190, #5260, #1709 ) ;
#2897 = EDGE_LOOP ( 'NONE', ( #4466, #191, #1840, #4311 ) ) ;
#2898 = CARTESIAN_POINT ( 'NONE',  ( 6.361410088228794280, -26.57858991177119634, 21.46746960616275501 ) ) ;
#2899 = VERTEX_POINT ( 'NONE', #355 ) ;
#2900 = AXIS2_PLACEMENT_3D ( 'NONE', #484, #3872, #2182 ) ;
#2901 = CARTESIAN_POINT ( 'NONE',  ( 10.84322235691269043, -20.88612719895109393, 21.00000000251891663 ) ) ;
#2902 = CARTESIAN_POINT ( 'NONE',  ( 6.069999999999985185, 27.86998864849433133, 28.69999999999996376 ) ) ;
#2903 = CARTESIAN_POINT ( 'NONE',  ( 23.09999999999997300, 21.96950653353548333, 10.95758637581521278 ) ) ;
#2904 = AXIS2_PLACEMENT_3D ( 'NONE', #1100, #699, #2060 ) ;
#2905 = ORIENTED_EDGE ( 'NONE', *, *, #5459, .F. ) ;
#2906 = CARTESIAN_POINT ( 'NONE',  ( -38.81770153782590427, -28.59999999999999076, 9.722050807568837882 ) ) ;
#2907 = ORIENTED_EDGE ( 'NONE', *, *, #2262, .F. ) ;
#2908 = CARTESIAN_POINT ( 'NONE',  ( -32.00000000000002842, 26.87000000000001165, 26.14999999999996660 ) ) ;
#2909 = CARTESIAN_POINT ( 'NONE',  ( 11.43437854179401647, -21.05120915273729665, 21.99146303023109894 ) ) ;
#2910 = AXIS2_PLACEMENT_3D ( 'NONE', #5488, #1632, #4930 ) ;
#2911 = DIRECTION ( 'NONE',  ( 0.000000000000000000, -0.9665399365531033293, 0.2565161808695954893 ) ) ;
#2912 = VERTEX_POINT ( 'NONE', #1680 ) ;
#2913 = DIRECTION ( 'NONE',  ( 0.9753726007635656892, 0.2205635728757537051, 0.000000000000000000 ) ) ;
#2914 = ORIENTED_EDGE ( 'NONE', *, *, #4532, .F. ) ;
#2915 = CARTESIAN_POINT ( 'NONE',  ( 6.069999999999992291, -26.86999999999999744, 22.29999999999996518 ) ) ;
#2916 = EDGE_CURVE ( 'NONE', #5336, #2995, #1444, .T. ) ;
#2917 = DIRECTION ( 'NONE',  ( -1.245016848787182012E-16, 1.000000000000000000, -0.000000000000000000 ) ) ;
#2918 = VERTEX_POINT ( 'NONE', #4252 ) ;
#2919 = CARTESIAN_POINT ( 'NONE',  ( -39.00000000000000711, -8.890000000000005898, 24.99999999999996803 ) ) ;
#2920 = CARTESIAN_POINT ( 'NONE',  ( 16.74086769813405340, 28.60000000000000497, 10.71625969786943244 ) ) ;
#2921 = EDGE_CURVE ( 'NONE', #2102, #345, #1416, .T. ) ;
#2922 = DIRECTION ( 'NONE',  ( -0.000000000000000000, 0.000000000000000000, 1.000000000000000000 ) ) ;
#2923 = EDGE_LOOP ( 'NONE', ( #1415, #5568, #2366, #4754, #2771, #5233 ) ) ;
#2924 = ADVANCED_FACE ( 'NONE', ( #64 ), #629, .T. ) ;
#2925 = FACE_BOUND ( 'NONE', #3415, .T. ) ;
#2926 = CYLINDRICAL_SURFACE ( 'NONE', #4660, 1.587499999999998579 ) ;
#2927 = CARTESIAN_POINT ( 'NONE',  ( 18.99999999999998224, 24.50000000000001066, 11.99000000000000021 ) ) ;
#2928 = LINE ( 'NONE', #1652, #2712 ) ;
#2929 = ORIENTED_EDGE ( 'NONE', *, *, #4426, .F. ) ;
#2930 = CARTESIAN_POINT ( 'NONE',  ( 9.969999999999986429, 24.13000000000000966, 24.99999999999999289 ) ) ;
#2931 = EDGE_LOOP ( 'NONE', ( #3837, #3000, #2075, #1642, #2805 ) ) ;
#2932 = DIRECTION ( 'NONE',  ( 0.000000000000000000, 0.000000000000000000, -1.000000000000000000 ) ) ;
#2933 = CARTESIAN_POINT ( 'NONE',  ( -41.82509805795811531, 20.35234971450040575, 21.44594835380323872 ) ) ;
#2934 = CARTESIAN_POINT ( 'NONE',  ( 18.99999999999998224, 24.50000000000001066, 5.544774941164130944 ) ) ;
#2935 = ORIENTED_EDGE ( 'NONE', *, *, #3606, .F. ) ;
#2936 = CARTESIAN_POINT ( 'NONE',  ( -1.930000000000008153, -28.59999999999999076, 22.29999999999996518 ) ) ;
#2937 = EDGE_LOOP ( 'NONE', ( #3121, #3279, #4856, #2025, #3219, #5291, #5521 ) ) ;
#2938 = CARTESIAN_POINT ( 'NONE',  ( -41.58987712539271087, -10.60158811198805395, 22.99999998718951488 ) ) ;
#2939 = CARTESIAN_POINT ( 'NONE',  ( 10.30748824142623477, -26.84705882352939810, 22.99999999999996447 ) ) ;
#2940 = ORIENTED_EDGE ( 'NONE', *, *, #1039, .T. ) ;
#2941 = CARTESIAN_POINT ( 'NONE',  ( 13.87727209903091286, -28.59999999999999076, 20.99999999999996447 ) ) ;
#2942 = EDGE_CURVE ( 'NONE', #1568, #193, #446, .T. ) ;
#2943 = DIRECTION ( 'NONE',  ( 1.000000000000000000, 0.000000000000000000, 0.000000000000000000 ) ) ;
#2944 = DIRECTION ( 'NONE',  ( 0.000000000000000000, 0.000000000000000000, -1.000000000000000000 ) ) ;
#2945 = ADVANCED_FACE ( 'NONE', ( #2668, #2359 ), #4072, .T. ) ;
#2946 = CARTESIAN_POINT ( 'NONE',  ( -1.930000000000015037, 26.87000000000001165, 29.99999999999996447 ) ) ;
#2947 = ORIENTED_EDGE ( 'NONE', *, *, #390, .T. ) ;
#2948 = DIRECTION ( 'NONE',  ( 1.000000000000000000, 1.196361017915039486E-16, 0.000000000000000000 ) ) ;
#2949 = EDGE_CURVE ( 'NONE', #4054, #2122, #1739, .T. ) ;
#2950 = EDGE_CURVE ( 'NONE', #541, #1904, #3459, .T. ) ;
#2951 = LINE ( 'NONE', #4616, #1887 ) ;
#2952 = DIRECTION ( 'NONE',  ( -1.000000000000000000, 0.000000000000000000, 0.000000000000000000 ) ) ;
#2953 = CARTESIAN_POINT ( 'NONE',  ( 23.09999999999997655, 21.45541210158534540, 11.45823199301701933 ) ) ;
#2954 = ORIENTED_EDGE ( 'NONE', *, *, #2270, .F. ) ;
#2955 = CARTESIAN_POINT ( 'NONE',  ( -35.71008536206959860, -28.60000000000000497, 11.72022273132509262 ) ) ;
#2956 = ORIENTED_EDGE ( 'NONE', *, *, #3363, .F. ) ;
#2957 = CARTESIAN_POINT ( 'NONE',  ( -39.00000000000001421, -24.49999999999998934, 5.544774941164131832 ) ) ;
#2958 = FACE_OUTER_BOUND ( 'NONE', #3542, .T. ) ;
#2959 = AXIS2_PLACEMENT_3D ( 'NONE', #3341, #2944, #3889 ) ;
#2960 = CARTESIAN_POINT ( 'NONE',  ( 13.06276420717020059, -26.97326180412144936, 22.99999999999996803 ) ) ;
#2961 = VERTEX_POINT ( 'NONE', #2249 ) ;
#2962 = CARTESIAN_POINT ( 'NONE',  ( 8.150358959551269322, -25.31633929982983133, 21.44874843929642694 ) ) ;
#2963 = ORIENTED_EDGE ( 'NONE', *, *, #2776, .T. ) ;
#2964 = VECTOR ( 'NONE', #2952, 1000.000000000000000 ) ;
#2965 = CARTESIAN_POINT ( 'NONE',  ( -43.10000000000001563, -9.964743659637466777, 20.99999999999996447 ) ) ;
#2966 = AXIS2_PLACEMENT_3D ( 'NONE', #5306, #2724, #1452 ) ;
#2967 = LINE ( 'NONE', #4685, #1377 ) ;
#2968 = DIRECTION ( 'NONE',  ( -1.000000000000000000, 2.775557561562890957E-15, 0.000000000000000000 ) ) ;
#2969 = AXIS2_PLACEMENT_3D ( 'NONE', #2517, #5102, #480 ) ;
#2970 = ORIENTED_EDGE ( 'NONE', *, *, #3535, .T. ) ;
#2971 = CARTESIAN_POINT ( 'NONE',  ( -35.90000000000000568, -8.890000000017151294, 22.32287565553224340 ) ) ;
#2972 = DIRECTION ( 'NONE',  ( 0.000000000000000000, 0.4999999999999945044, 0.8660254037844418162 ) ) ;
#2973 = AXIS2_PLACEMENT_3D ( 'NONE', #1711, #4644, #4277 ) ;
#2974 = CARTESIAN_POINT ( 'NONE',  ( -39.00000000000000000, 24.49999999999998224, 20.99999999999996447 ) ) ;
#2975 = EDGE_LOOP ( 'NONE', ( #3738, #3516, #1809, #3101, #3866 ) ) ;
#2976 = DIRECTION ( 'NONE',  ( -0.000000000000000000, -0.000000000000000000, -1.000000000000000000 ) ) ;
#2977 = AXIS2_PLACEMENT_3D ( 'NONE', #4321, #2685, #138 ) ;
#2978 = CARTESIAN_POINT ( 'NONE',  ( 10.94901960784312855, -21.14908866751044769, 22.09428349812014503 ) ) ;
#2979 = LINE ( 'NONE', #4698, #2068 ) ;
#2980 = ADVANCED_FACE ( 'NONE', ( #5362 ), #36, .T. ) ;
#2981 = CARTESIAN_POINT ( 'NONE',  ( -22.70000000000002771, 28.60000000000000497, 22.29999999999996518 ) ) ;
#2982 = EDGE_LOOP ( 'NONE', ( #2257, #4726, #1493 ) ) ;
#2983 = AXIS2_PLACEMENT_3D ( 'NONE', #3600, #1000, #2362 ) ;
#2984 = EDGE_CURVE ( 'NONE', #1300, #4736, #717, .T. ) ;
#2985 = CARTESIAN_POINT ( 'NONE',  ( -2.468477631085031820, -26.33152236891497111, 20.99999999999996803 ) ) ;
#2986 = ORIENTED_EDGE ( 'NONE', *, *, #2837, .F. ) ;
#2987 = CARTESIAN_POINT ( 'NONE',  ( 8.611220097339556290, -20.89999999999986002, 20.99999999999991829 ) ) ;
#2988 = CARTESIAN_POINT ( 'NONE',  ( 7.502253526486018842, -26.41596975503310318, 20.99999999999996803 ) ) ;
#2989 = CIRCLE ( 'NONE', #2623, 1.299999999999999156 ) ;
#2990 = ORIENTED_EDGE ( 'NONE', *, *, #1878, .F. ) ;
#2991 = DIRECTION ( 'NONE',  ( 0.000000000000000000, -2.668805347656628059E-15, -1.000000000000000000 ) ) ;
#2992 = VERTEX_POINT ( 'NONE', #2194 ) ;
#2993 = AXIS2_PLACEMENT_3D ( 'NONE', #2546, #1269, #4266 ) ;
#2994 = CARTESIAN_POINT ( 'NONE',  ( -43.10000000000001563, -10.74198197499572061, 20.99999999999996447 ) ) ;
#2995 = VERTEX_POINT ( 'NONE', #1765 ) ;
#2996 = CARTESIAN_POINT ( 'NONE',  ( 12.79553235047023385, -27.07081018305500564, 21.32612363476111383 ) ) ;
#2997 = ORIENTED_EDGE ( 'NONE', *, *, #3365, .T. ) ;
#2998 = DIRECTION ( 'NONE',  ( 0.000000000000000000, 0.000000000000000000, 1.000000000000000000 ) ) ;
#2999 = DIRECTION ( 'NONE',  ( -1.000000000000000000, 0.000000000000000000, 0.000000000000000000 ) ) ;
#3000 = ORIENTED_EDGE ( 'NONE', *, *, #3771, .T. ) ;
#3001 = DIRECTION ( 'NONE',  ( -1.000000000000000000, 0.000000000000000000, 0.000000000000000000 ) ) ;
#3002 = EDGE_CURVE ( 'NONE', #579, #2135, #4387, .T. ) ;
#3003 = CYLINDRICAL_SURFACE ( 'NONE', #150, 3.099999999999998757 ) ;
#3004 = CARTESIAN_POINT ( 'NONE',  ( -39.00000000000001421, -28.59999999999999076, 9.722050807568841435 ) ) ;
#3005 = DIRECTION ( 'NONE',  ( 0.000000000000000000, 0.4999999999999948930, 0.8660254037844415942 ) ) ;
#3006 = ORIENTED_EDGE ( 'NONE', *, *, #633, .F. ) ;
#3007 = ORIENTED_EDGE ( 'NONE', *, *, #838, .T. ) ;
#3008 = EDGE_CURVE ( 'NONE', #692, #2455, #890, .T. ) ;
#3009 = CARTESIAN_POINT ( 'NONE',  ( 23.10000000000001563, 26.90000000000001990, 4.651666049839564998 ) ) ;
#3010 = ADVANCED_FACE ( 'NONE', ( #98 ), #175, .T. ) ;
#3011 = ORIENTED_EDGE ( 'NONE', *, *, #2017, .F. ) ;
#3012 = ORIENTED_EDGE ( 'NONE', *, *, #4462, .T. ) ;
#3013 = EDGE_CURVE ( 'NONE', #1712, #23, #4363, .T. ) ;
#3014 = CARTESIAN_POINT ( 'NONE',  ( -42.03484703769853326, -9.543275557870435577, 22.79031734359132599 ) ) ;
#3015 = CARTESIAN_POINT ( 'NONE',  ( 20.47499999999999076, -24.49999999999998934, -0.01000000000000002623 ) ) ;
#3016 = DIRECTION ( 'NONE',  ( -0.000000000000000000, 0.000000000000000000, 1.000000000000000000 ) ) ;
#3017 = ORIENTED_EDGE ( 'NONE', *, *, #3196, .F. ) ;
#3018 = CARTESIAN_POINT ( 'NONE',  ( 15.39999999999998259, 15.90000000000001101, 20.99999999999996447 ) ) ;
#3019 = EDGE_LOOP ( 'NONE', ( #5160, #1468, #1724, #898 ) ) ;
#3020 = DIRECTION ( 'NONE',  ( 0.000000000000000000, 0.4999999999999948930, -0.8660254037844415942 ) ) ;
#3021 =( BOUNDED_SURFACE ( )  B_SPLINE_SURFACE ( 3, 2, ( 
 ( #4280, #4306, #3855 ),
 ( #5572, #2506, #3907 ),
 ( #2196, #1205, #1742 ),
 ( #812, #1313, #3031 ),
 ( #4338, #2933, #523 ),
 ( #4391, #5236, #494 ),
 ( #4873, #2733, #581 ),
 ( #1381, #1462, #3100 ),
 ( #1347, #2701, #3067 ),
 ( #952, #5316, #4790 ),
 ( #4365, #2284, #2645 ),
 ( #2310, #556, #925 ),
 ( #3125, #4818, #3968 ),
 ( #4452, #3152, #66 ),
 ( #186, #1798, #2221 ),
 ( #3185, #2671, #4020 ),
 ( #153, #100, #4899 ),
 ( #4473, #3608, #1032 ) ),
 .UNSPECIFIED., .F., .F., .T. ) 
 B_SPLINE_SURFACE_WITH_KNOTS ( ( 4, 2, 2, 2, 2, 2, 2, 2, 4 ),
 ( 3, 3 ),
 ( 0.003661736566590218823, 0.004479368338210385977, 0.005297000109830552264, 0.006114631881450719418, 0.006932263653070886572, 0.007749895424691053726, 0.008567527196311220880, 0.009385158967931388901, 0.01020279073955155519 ),
 ( 0.000000000000000000, 1.000000000000000000 ),
 .UNSPECIFIED. ) 
 GEOMETRIC_REPRESENTATION_ITEM ( )  RATIONAL_B_SPLINE_SURFACE ( (
 ( 1.000000000000000000, 0.7071067811865514585, 1.000000000000000000),
 ( 1.000000000000000000, 0.7301725417600898327, 1.000000000000000000),
 ( 1.000000000000000000, 0.7519933119362832707, 1.000000000000000000),
 ( 1.000000000000000000, 0.7911595334673299229, 1.000000000000000000),
 ( 1.000000000000000000, 0.8085309359234004178, 1.000000000000000000),
 ( 1.000000000000000000, 0.8366216458256970911, 1.000000000000000000),
 ( 1.000000000000000000, 0.8475205073533482736, 1.000000000000000000),
 ( 1.000000000000000000, 0.8622975613205319245, 1.000000000000000000),
 ( 1.000000000000000000, 0.8660443913886372025, 1.000000000000000000),
 ( 1.000000000000000000, 0.8660062686401271970, 1.000000000000000000),
 ( 1.000000000000000000, 0.8623013734435599487, 1.000000000000000000),
 ( 1.000000000000000000, 0.8476295943279533729, 1.000000000000000000),
 ( 1.000000000000000000, 0.8365803995876074373, 1.000000000000000000),
 ( 1.000000000000000000, 0.8085233999069059152, 1.000000000000000000),
 ( 1.000000000000000000, 0.7914510044084388518, 1.000000000000000000),
 ( 1.000000000000000000, 0.7521792511093076117, 1.000000000000000000),
 ( 1.000000000000000000, 0.7299851019159787624, 1.000000000000000000),
 ( 1.000000000000000000, 0.7071067811865475727, 1.000000000000000000) ) ) 
 REPRESENTATION_ITEM ( '' )  SURFACE ( )  );
#3022 = DIRECTION ( 'NONE',  ( 1.000000000000000000, 0.000000000000000000, 0.000000000000000000 ) ) ;
#3023 = CARTESIAN_POINT ( 'NONE',  ( -30.40000000000002700, 15.90000000000001101, 108.4887421329166983 ) ) ;
#3024 = ORIENTED_EDGE ( 'NONE', *, *, #3397, .T. ) ;
#3025 = CARTESIAN_POINT ( 'NONE',  ( 13.06999999999998607, 24.13000000000000966, 22.99999999999996447 ) ) ;
#3026 = CARTESIAN_POINT ( 'NONE',  ( 16.89999999999999503, -24.12999999999998124, 22.99999999999996447 ) ) ;
#3027 = CARTESIAN_POINT ( 'NONE',  ( -40.08750000000000568, -8.890000000000005898, 26.99999999999999645 ) ) ;
#3028 = DIRECTION ( 'NONE',  ( -1.000000000000000000, 0.000000000000000000, 0.000000000000000000 ) ) ;
#3029 = CARTESIAN_POINT ( 'NONE',  ( -39.00000000000000000, 24.49999999999998224, 11.99000000000000021 ) ) ;
#3030 = ORIENTED_EDGE ( 'NONE', *, *, #2703, .T. ) ;
#3031 = CARTESIAN_POINT ( 'NONE',  ( -43.10000000000002274, 21.15389635464044105, 20.99999999999996447 ) ) ;
#3032 = AXIS2_PLACEMENT_3D ( 'NONE', #151, #924, #951 ) ;
#3033 = ORIENTED_EDGE ( 'NONE', *, *, #77, .F. ) ;
#3034 = CARTESIAN_POINT ( 'NONE',  ( 23.09999999999998721, -24.49999999999998934, 108.4887421329166983 ) ) ;
#3035 = ORIENTED_EDGE ( 'NONE', *, *, #1167, .F. ) ;
#3036 = CARTESIAN_POINT ( 'NONE',  ( -42.00832796999573304, -9.674391485181844885, 21.54482643839473255 ) ) ;
#3037 = EDGE_CURVE ( 'NONE', #3964, #2750, #3550, .T. ) ;
#3038 = CYLINDRICAL_SURFACE ( 'NONE', #4302, 1.299999999999999156 ) ;
#3039 = AXIS2_PLACEMENT_3D ( 'NONE', #3618, #2709, #3941 ) ;
#3040 = AXIS2_PLACEMENT_3D ( 'NONE', #1349, #2618, #5394 ) ;
#3041 = DIRECTION ( 'NONE',  ( -0.4999999999999950595, 0.000000000000000000, -0.8660254037844414832 ) ) ;
#3042 = EDGE_CURVE ( 'NONE', #2512, #2102, #2808, .T. ) ;
#3043 = DIRECTION ( 'NONE',  ( 0.000000000000000000, 0.000000000000000000, 1.000000000000000000 ) ) ;
#3044 = ORIENTED_EDGE ( 'NONE', *, *, #2499, .T. ) ;
#3045 = AXIS2_PLACEMENT_3D ( 'NONE', #3376, #833, #2128 ) ;
#3046 = CIRCLE ( 'NONE', #2966, 1.999999999999999778 ) ;
#3047 = CARTESIAN_POINT ( 'NONE',  ( 13.17952740767564812, -26.90912243098239998, 22.99999999125150651 ) ) ;
#3048 = ORIENTED_EDGE ( 'NONE', *, *, #255, .F. ) ;
#3049 = PLANE ( 'NONE',  #4051 ) ;
#3050 = DIRECTION ( 'NONE',  ( 1.000000000000000000, -0.000000000000000000, -0.000000000000000000 ) ) ;
#3051 = CIRCLE ( 'NONE', #620, 5.100000000000000533 ) ;
#3052 = VECTOR ( 'NONE', #4105, 1000.000000000000000 ) ;
#3053 = PLANE ( 'NONE',  #2900 ) ;
#3054 = EDGE_LOOP ( 'NONE', ( #3522, #165 ) ) ;
#3055 = DIRECTION ( 'NONE',  ( 0.000000000000000000, 0.000000000000000000, 1.000000000000000000 ) ) ;
#3056 = EDGE_CURVE ( 'NONE', #4368, #1525, #12, .T. ) ;
#3057 = AXIS2_PLACEMENT_3D ( 'NONE', #2401, #240, #5539 ) ;
#3058 = CARTESIAN_POINT ( 'NONE',  ( -43.10000000000000853, -24.13754614252784236, 9.743430532380429554 ) ) ;
#3059 = CARTESIAN_POINT ( 'NONE',  ( 10.32698807050126177, -28.59999999999999076, 20.99999999999996447 ) ) ;
#3060 = DIRECTION ( 'NONE',  ( 0.000000000000000000, 0.000000000000000000, 1.000000000000000000 ) ) ;
#3061 = AXIS2_PLACEMENT_3D ( 'NONE', #482, #876, #2601 ) ;
#3062 = DIRECTION ( 'NONE',  ( 0.000000000000000000, 0.000000000000000000, 1.000000000000000000 ) ) ;
#3063 = VERTEX_POINT ( 'NONE', #3064 ) ;
#3064 = CARTESIAN_POINT ( 'NONE',  ( 7.853216499477060353, -20.89999999999999147, 20.99999999999996447 ) ) ;
#3065 = CIRCLE ( 'NONE', #632, 1.475000000000004086 ) ;
#3066 = CARTESIAN_POINT ( 'NONE',  ( 14.65749999999998643, 24.13000000000000966, 26.99999999999999645 ) ) ;
#3067 = CARTESIAN_POINT ( 'NONE',  ( -43.10000000000002274, 19.31763400682416787, 20.99999999999996447 ) ) ;
#3068 = AXIS2_PLACEMENT_3D ( 'NONE', #3095, #515, #1401 ) ;
#3069 = DIRECTION ( 'NONE',  ( 0.000000000000000000, 0.000000000000000000, -1.000000000000000000 ) ) ;
#3070 = ORIENTED_EDGE ( 'NONE', *, *, #1955, .F. ) ;
#3071 = CARTESIAN_POINT ( 'NONE',  ( -35.98102559389033672, 18.33935714696913877, 22.80441051635519401 ) ) ;
#3072 = VERTEX_POINT ( 'NONE', #3517 ) ;
#3073 = LINE ( 'NONE', #3940, #3428 ) ;
#3074 = DIRECTION ( 'NONE',  ( 1.224646799147353207E-16, 1.000000000000000000, -0.000000000000000000 ) ) ;
#3075 = AXIS2_PLACEMENT_3D ( 'NONE', #789, #2067, #1532 ) ;
#3076 = CARTESIAN_POINT ( 'NONE',  ( -30.40000000000002700, 15.90000000000001101, 20.99999999999996447 ) ) ;
#3077 = DIRECTION ( 'NONE',  ( -1.000000000000000000, 0.000000000000000000, 0.000000000000000000 ) ) ;
#3078 = VERTEX_POINT ( 'NONE', #1379 ) ;
#3079 = CIRCLE ( 'NONE', #196, 5.409401076758503457 ) ;
#3080 = CARTESIAN_POINT ( 'NONE',  ( 15.39999999999998792, -15.89999999999998970, 20.99999999999996447 ) ) ;
#3081 = ORIENTED_EDGE ( 'NONE', *, *, #1645, .T. ) ;
#3082 = DIRECTION ( 'NONE',  ( 0.000000000000000000, -0.4275913391174971934, 0.9039721493009093001 ) ) ;
#3083 = EDGE_CURVE ( 'NONE', #3373, #1943, #4208, .T. ) ;
#3084 = CARTESIAN_POINT ( 'NONE',  ( -32.00000000000002842, 26.17000000000001236, 27.36243556529819543 ) ) ;
#3085 = AXIS2_PLACEMENT_3D ( 'NONE', #3335, #1639, #3757 ) ;
#3086 = CARTESIAN_POINT ( 'NONE',  ( -39.00000000000002132, 24.50000000000001066, 5.544774941164131832 ) ) ;
#3087 = ORIENTED_EDGE ( 'NONE', *, *, #3744, .T. ) ;
#3088 = ADVANCED_FACE ( 'NONE', ( #1563 ), #4791, .F. ) ;
#3089 = DIRECTION ( 'NONE',  ( 0.000000000000000000, -0.8660254037844415942, -0.4999999999999948930 ) ) ;
#3090 =( GEOMETRIC_REPRESENTATION_CONTEXT ( 3 ) GLOBAL_UNCERTAINTY_ASSIGNED_CONTEXT ( ( #5229 ) ) GLOBAL_UNIT_ASSIGNED_CONTEXT ( ( #1125, #4027, #5406 ) ) REPRESENTATION_CONTEXT ( 'NONE', 'WORKASPACE' ) );
#3091 = EDGE_CURVE ( 'NONE', #1693, #2512, #4686, .T. ) ;
#3092 = CARTESIAN_POINT ( 'NONE',  ( -43.10000000000000853, -20.97131469110142277, 11.99000000000000021 ) ) ;
#3093 = CARTESIAN_POINT ( 'NONE',  ( 10.53836832452852335, -26.96463000022927403, 22.99220443619804399 ) ) ;
#3094 = EDGE_CURVE ( 'NONE', #560, #4716, #543, .T. ) ;
#3095 = CARTESIAN_POINT ( 'NONE',  ( -39.00000000000002132, 19.05000000000000071, 24.99999999999999289 ) ) ;
#3096 = DIRECTION ( 'NONE',  ( 0.000000000000000000, 1.000000000000000000, -0.000000000000000000 ) ) ;
#3097 = VERTEX_POINT ( 'NONE', #2071 ) ;
#3098 = DIRECTION ( 'NONE',  ( -1.000000000000000000, 0.000000000000000000, 0.000000000000000000 ) ) ;
#3099 = CARTESIAN_POINT ( 'NONE',  ( -36.81176470588236782, -11.08582018789743273, 22.99999999999996447 ) ) ;
#3100 = CARTESIAN_POINT ( 'NONE',  ( -43.10000000000002274, 19.59108613260011822, 20.99999999999996447 ) ) ;
#3101 = ORIENTED_EDGE ( 'NONE', *, *, #4013, .F. ) ;
#3102 = CARTESIAN_POINT ( 'NONE',  ( -1.930000000000008153, -28.59999999999999076, 22.29999999999996518 ) ) ;
#3103 = VERTEX_POINT ( 'NONE', #3791 ) ;
#3104 = CARTESIAN_POINT ( 'NONE',  ( 13.06999999999998607, 24.13000000000000966, 26.49999999999999645 ) ) ;
#3105 = DIRECTION ( 'NONE',  ( -1.000000000000000000, 0.000000000000000000, 0.000000000000000000 ) ) ;
#3106 = CARTESIAN_POINT ( 'NONE',  ( -35.40000000000002700, 15.90000000000000746, 11.99000000000000021 ) ) ;
#3107 = CARTESIAN_POINT ( 'NONE',  ( -32.00000000000002132, -25.57000000000000028, 22.29999999999996518 ) ) ;
#3108 = ORIENTED_EDGE ( 'NONE', *, *, #70, .F. ) ;
#3109 = CARTESIAN_POINT ( 'NONE',  ( 7.369999999999994778, 19.05000000000000071, 20.99999999999996803 ) ) ;
#3110 = VERTEX_POINT ( 'NONE', #1644 ) ;
#3111 = CARTESIAN_POINT ( 'NONE',  ( 9.635361058050834870, -21.90451581981610474, 22.96232215982750446 ) ) ;
#3112 = DIRECTION ( 'NONE',  ( 0.8764705882352944455, 0.4814554059915386319, -1.197438778636446245E-15 ) ) ;
#3113 = CARTESIAN_POINT ( 'NONE',  ( 11.16814291651635571, 21.67579766408885789, 22.84029963145975373 ) ) ;
#3114 = ORIENTED_EDGE ( 'NONE', *, *, #5382, .T. ) ;
#3115 = CARTESIAN_POINT ( 'NONE',  ( 23.09999999999998010, -23.11965835994307028, 10.09295229853788278 ) ) ;
#3116 = DIRECTION ( 'NONE',  ( 0.000000000000000000, 0.000000000000000000, 1.000000000000000000 ) ) ;
#3117 = EDGE_CURVE ( 'NONE', #3409, #2839, #1620, .T. ) ;
#3118 = CARTESIAN_POINT ( 'NONE',  ( 12.10413481407720404, -27.22986354539552778, 21.45460579731927098 ) ) ;
#3119 = FACE_OUTER_BOUND ( 'NONE', #653, .T. ) ;
#3120 = CARTESIAN_POINT ( 'NONE',  ( 14.74855748580255721, 28.60000000000000853, 20.99999999999996447 ) ) ;
#3121 = ORIENTED_EDGE ( 'NONE', *, *, #4218, .F. ) ;
#3122 = ADVANCED_FACE ( 'NONE', ( #3818 ), #1365, .F. ) ;
#3123 = CARTESIAN_POINT ( 'NONE',  ( -39.00000000000002132, 19.05000000000000071, 24.99999999999999289 ) ) ;
#3124 = DIRECTION ( 'NONE',  ( 1.000000000000000000, 0.000000000000000000, 0.000000000000000000 ) ) ;
#3125 = CARTESIAN_POINT ( 'NONE',  ( -41.99544918407893590, 18.23510183002765572, 22.82281648120826745 ) ) ;
#3126 = ORIENTED_EDGE ( 'NONE', *, *, #4288, .T. ) ;
#3127 = CARTESIAN_POINT ( 'NONE',  ( 11.57748824142621835, 26.84705882352942297, 22.99999999999996447 ) ) ;
#3128 = VERTEX_POINT ( 'NONE', #26 ) ;
#3129 = FACE_OUTER_BOUND ( 'NONE', #837, .T. ) ;
#3130 = CARTESIAN_POINT ( 'NONE',  ( 18.99999999999998224, 24.50000000000001066, -994.4552250588358220 ) ) ;
#3131 = CARTESIAN_POINT ( 'NONE',  ( -36.01240209539187020, 18.20415598336108332, 22.77206392886992958 ) ) ;
#3132 = LINE ( 'NONE', #5245, #3718 ) ;
#3133 = ORIENTED_EDGE ( 'NONE', *, *, #2495, .T. ) ;
#3134 = CARTESIAN_POINT ( 'NONE',  ( -42.10000000000001563, -24.49999999999998934, 11.99000000000000021 ) ) ;
#3135 = EDGE_LOOP ( 'NONE', ( #124, #823, #1041, #455 ) ) ;
#3136 = AXIS2_PLACEMENT_3D ( 'NONE', #5487, #1601, #3325 ) ;
#3137 = CARTESIAN_POINT ( 'NONE',  ( 10.66844408639061470, -21.22918640965827208, 22.29587633532000623 ) ) ;
#3138 = FACE_OUTER_BOUND ( 'NONE', #3561, .T. ) ;
#3139 = CARTESIAN_POINT ( 'NONE',  ( 10.67259258518334875, 22.16468973810307830, 21.13982501552036908 ) ) ;
#3140 = AXIS2_PLACEMENT_3D ( 'NONE', #1117, #1570, #3638 ) ;
#3141 = EDGE_LOOP ( 'NONE', ( #5003, #4550 ) ) ;
#3142 = CIRCLE ( 'NONE', #68, 3.100000000000000533 ) ;
#3143 = CARTESIAN_POINT ( 'NONE',  ( -32.00000000000002132, -26.86999999999999744, 22.29999999999996518 ) ) ;
#3144 = AXIS2_PLACEMENT_3D ( 'NONE', #3389, #3867, #1272 ) ;
#3145 = DIRECTION ( 'NONE',  ( 1.000000000000000000, 0.000000000000000000, 0.000000000000000000 ) ) ;
#3146 = VECTOR ( 'NONE', #2378, 1000.000000000000114 ) ;
#3147 = CYLINDRICAL_SURFACE ( 'NONE', #4061, 3.099999999999998757 ) ;
#3148 = CARTESIAN_POINT ( 'NONE',  ( 12.80658540998391892, 27.22989576826735814, 22.89824025536013608 ) ) ;
#3149 =( GEOMETRIC_REPRESENTATION_CONTEXT ( 3 ) GLOBAL_UNCERTAINTY_ASSIGNED_CONTEXT ( ( #4219 ) ) GLOBAL_UNIT_ASSIGNED_CONTEXT ( ( #1226, #3827, #327 ) ) REPRESENTATION_CONTEXT ( 'NONE', 'WORKASPACE' ) );
#3150 = ORIENTED_EDGE ( 'NONE', *, *, #2338, .F. ) ;
#3151 = DIRECTION ( 'NONE',  ( -0.000000000000000000, -0.000000000000000000, -1.000000000000000000 ) ) ;
#3152 = CARTESIAN_POINT ( 'NONE',  ( -41.82507072506660961, 17.74763134460752312, 21.44592043201665632 ) ) ;
#3153 = CIRCLE ( 'NONE', #4055, 1.300000000000000044 ) ;
#3154 = CARTESIAN_POINT ( 'NONE',  ( -35.40000000000001990, -9.566908766677563847, 20.99999999999996447 ) ) ;
#3155 = EDGE_CURVE ( 'NONE', #5559, #1292, #51, .T. ) ;
#3156 = ORIENTED_EDGE ( 'NONE', *, *, #1701, .T. ) ;
#3157 = VECTOR ( 'NONE', #2410, 1000.000000000000000 ) ;
#3158 = CARTESIAN_POINT ( 'NONE',  ( -36.39452901780837379, 17.35314238525419839, 21.50189748003084489 ) ) ;
#3159 = VERTEX_POINT ( 'NONE', #2179 ) ;
#3160 = LINE ( 'NONE', #1037, #1994 ) ;
#3161 = CARTESIAN_POINT ( 'NONE',  ( -42.10000000000001563, 18.88506639260788944, 22.73205080756883945 ) ) ;
#3162 = DIRECTION ( 'NONE',  ( -1.000000000000000000, -1.196361017915039486E-16, 0.000000000000000000 ) ) ;
#3163 = CIRCLE ( 'NONE', #2166, 4.100000000000034284 ) ;
#3164 = ADVANCED_FACE ( 'NONE', ( #1728 ), #3049, .F. ) ;
#3165 = EDGE_CURVE ( 'NONE', #1277, #5045, #3869, .T. ) ;
#3166 = DIRECTION ( 'NONE',  ( -0.000000000000000000, -0.000000000000000000, -1.000000000000000000 ) ) ;
#3167 = ORIENTED_EDGE ( 'NONE', *, *, #1847, .F. ) ;
#3168 = DIRECTION ( 'NONE',  ( -0.000000000000000000, -0.000000000000000000, -1.000000000000000000 ) ) ;
#3169 = ORIENTED_EDGE ( 'NONE', *, *, #4189, .F. ) ;
#3170 = CIRCLE ( 'NONE', #4243, 1.300000000000000044 ) ;
#3171 = PLANE ( 'NONE',  #4418 ) ;
#3172 = CARTESIAN_POINT ( 'NONE',  ( 11.10982421081147109, 21.69599551973728069, 21.53471180557476217 ) ) ;
#3173 = AXIS2_PLACEMENT_3D ( 'NONE', #2101, #5444, #1565 ) ;
#3174 = ORIENTED_EDGE ( 'NONE', *, *, #325, .F. ) ;
#3175 = CARTESIAN_POINT ( 'NONE',  ( -38.81825367542018768, 28.60000000000000142, 9.722050807568818342 ) ) ;
#3176 = B_SPLINE_CURVE_WITH_KNOTS ( 'NONE', 3,
 ( #602, #577, #3207, #4016, #1911, #4102, #2330, #1879, #3602, #2782 ),
 .UNSPECIFIED., .F., .F.,
 ( 4, 2, 2, 2, 4 ),
 ( 0.001990295386954164455, 0.002486619988448185090, 0.002982944589942205290, 0.003479269191436225490, 0.003975593792930246125 ),
 .UNSPECIFIED. ) ;
#3177 = VECTOR ( 'NONE', #1212, 1000.000000000000000 ) ;
#3178 = CARTESIAN_POINT ( 'NONE',  ( 11.57748824142621835, 26.84705882352942297, 22.99999999999996447 ) ) ;
#3179 = DIRECTION ( 'NONE',  ( -0.4999999999999950595, 0.000000000000000000, -0.8660254037844414832 ) ) ;
#3180 = LINE ( 'NONE', #209, #3807 ) ;
#3181 = CARTESIAN_POINT ( 'NONE',  ( -39.00000000000001421, -28.59999999999999787, 20.99999999999996447 ) ) ;
#3182 = AXIS2_PLACEMENT_3D ( 'NONE', #4499, #3632, #661 ) ;
#3183 = ORIENTED_EDGE ( 'NONE', *, *, #4708, .F. ) ;
#3184 = CARTESIAN_POINT ( 'NONE',  ( -41.59218843874372595, -7.181536159539644082, 22.99999999999996803 ) ) ;
#3185 = CARTESIAN_POINT ( 'NONE',  ( -41.67831301705832914, 17.48032863859418384, 22.98052841145360503 ) ) ;
#3186 = CARTESIAN_POINT ( 'NONE',  ( -36.53435300318405154, -10.78010571957200803, 22.95720542712188461 ) ) ;
#3187 = ORIENTED_EDGE ( 'NONE', *, *, #3426, .F. ) ;
#3188 = ADVANCED_FACE ( 'NONE', ( #3896 ), #456, .F. ) ;
#3189 = DIRECTION ( 'NONE',  ( -0.000000000000000000, -0.000000000000000000, -1.000000000000000000 ) ) ;
#3190 = VERTEX_POINT ( 'NONE', #1756 ) ;
#3191 = DIRECTION ( 'NONE',  ( 1.000000000000000000, 0.000000000000000000, 0.000000000000000000 ) ) ;
#3192 = FACE_OUTER_BOUND ( 'NONE', #861, .T. ) ;
#3193 = EDGE_CURVE ( 'NONE', #1562, #1607, #2349, .T. ) ;
#3194 = DIRECTION ( 'NONE',  ( 1.000000000000000000, 0.000000000000000000, 0.000000000000000000 ) ) ;
#3195 = ORIENTED_EDGE ( 'NONE', *, *, #3876, .T. ) ;
#3196 = EDGE_CURVE ( 'NONE', #35, #1898, #825, .T. ) ;
#3197 = FACE_OUTER_BOUND ( 'NONE', #1830, .T. ) ;
#3198 = ORIENTED_EDGE ( 'NONE', *, *, #3193, .T. ) ;
#3199 = ADVANCED_FACE ( 'NONE', ( #4770 ), #1078, .F. ) ;
#3200 = CARTESIAN_POINT ( 'NONE',  ( -3.230000000000015081, 28.60000000000000853, 22.29999999999996518 ) ) ;
#3201 = DIRECTION ( 'NONE',  ( -1.000000000000000000, 0.000000000000000000, 0.000000000000000000 ) ) ;
#3202 = ORIENTED_EDGE ( 'NONE', *, *, #4089, .T. ) ;
#3203 = DIRECTION ( 'NONE',  ( -1.000000000000000000, 0.000000000000000000, 0.000000000000000000 ) ) ;
#3204 = CARTESIAN_POINT ( 'NONE',  ( 14.08924241987195281, 27.06908128648132461, 22.96936210326459360 ) ) ;
#3205 = EDGE_CURVE ( 'NONE', #4260, #1562, #3418, .T. ) ;
#3206 = LINE ( 'NONE', #4043, #368 ) ;
#3207 = CARTESIAN_POINT ( 'NONE',  ( -42.08676688345497752, -9.220596849865609457, 22.74513031334816660 ) ) ;
#3208 = ORIENTED_EDGE ( 'NONE', *, *, #600, .T. ) ;
#3209 = CARTESIAN_POINT ( 'NONE',  ( 13.10881049258195752, -21.31953924059912708, 21.05407216690937844 ) ) ;
#3210 = FACE_OUTER_BOUND ( 'NONE', #3290, .T. ) ;
#3211 = CARTESIAN_POINT ( 'NONE',  ( -36.78676478283506412, -6.719093327493164125, 21.16630350530218863 ) ) ;
#3212 = DIRECTION ( 'NONE',  ( 0.000000000000000000, 0.000000000000000000, -1.000000000000000000 ) ) ;
#3213 = ORIENTED_EDGE ( 'NONE', *, *, #870, .T. ) ;
#3214 = LINE ( 'NONE', #4457, #1234 ) ;
#3215 = EDGE_CURVE ( 'NONE', #1583, #1864, #3610, .T. ) ;
#3216 = CARTESIAN_POINT ( 'NONE',  ( 13.06999999999998607, 24.13000000000000966, 22.99999999999996447 ) ) ;
#3217 = VERTEX_POINT ( 'NONE', #907 ) ;
#3218 = CARTESIAN_POINT ( 'NONE',  ( 18.99999999999998934, -28.59999999999999076, 9.722050807568896502 ) ) ;
#3219 = ORIENTED_EDGE ( 'NONE', *, *, #1505, .T. ) ;
#3220 = CARTESIAN_POINT ( 'NONE',  ( 8.699999999999995737, -24.12999999999998124, 24.99999999999998934 ) ) ;
#3221 = EDGE_CURVE ( 'NONE', #3524, #584, #3250, .T. ) ;
#3222 = CARTESIAN_POINT ( 'NONE',  ( 9.941138346391962699, 20.90000000000001279, 20.99999999999996447 ) ) ;
#3223 = ORIENTED_EDGE ( 'NONE', *, *, #463, .T. ) ;
#3224 = DIRECTION ( 'NONE',  ( 1.000000000000000000, 0.000000000000000000, 0.000000000000000000 ) ) ;
#3225 = CIRCLE ( 'NONE', #698, 3.099999999999998757 ) ;
#3226 = CARTESIAN_POINT ( 'NONE',  ( -39.00000000000002132, 19.05000000000000071, 26.49999999999999645 ) ) ;
#3227 = CARTESIAN_POINT ( 'NONE',  ( -35.94296208515837066, -9.414142944969484006, 22.39972115924312135 ) ) ;
#3228 = AXIS2_PLACEMENT_3D ( 'NONE', #4209, #1775, #1750 ) ;
#3229 = CIRCLE ( 'NONE', #706, 1.587499999999998579 ) ;
#3230 = LINE ( 'NONE', #601, #1721 ) ;
#3231 = B_SPLINE_CURVE_WITH_KNOTS ( 'NONE', 3,
 ( #4480, #3585, #197, #4905, #618, #1413 ),
 .UNSPECIFIED., .F., .F.,
 ( 4, 2, 4 ),
 ( 0.000000000000000000, 0.0005465638133742707324, 0.001093127626748541465 ),
 .UNSPECIFIED. ) ;
#3232 = ADVANCED_FACE ( 'NONE', ( #2208, #5104 ), #2123, .T. ) ;
#3233 = CARTESIAN_POINT ( 'NONE',  ( 22.52499999999998792, -24.49999999999998934, 1.650254037844406829 ) ) ;
#3234 = DIRECTION ( 'NONE',  ( 1.000000000000000000, 0.000000000000000000, -0.000000000000000000 ) ) ;
#3235 = ORIENTED_EDGE ( 'NONE', *, *, #359, .F. ) ;
#3236 = CIRCLE ( 'NONE', #3045, 1.999999999999999334 ) ;
#3237 = VECTOR ( 'NONE', #3874, 1000.000000000000000 ) ;
#3238 = CARTESIAN_POINT ( 'NONE',  ( 11.55979450928293772, -20.76512986602962485, 21.00000000201194794 ) ) ;
#3239 = LINE ( 'NONE', #1489, #5116 ) ;
#3240 = CARTESIAN_POINT ( 'NONE',  ( -36.47052160362593298, -7.063272082382859196, 21.48870475247308676 ) ) ;
#3241 = VECTOR ( 'NONE', #3902, 1000.000000000000114 ) ;
#3242 = ADVANCED_FACE ( 'NONE', ( #4717 ), #425, .T. ) ;
#3243 = ORIENTED_EDGE ( 'NONE', *, *, #2374, .T. ) ;
#3244 = FACE_OUTER_BOUND ( 'NONE', #1064, .T. ) ;
#3245 = ORIENTED_EDGE ( 'NONE', *, *, #4119, .F. ) ;
#3246 = AXIS2_PLACEMENT_3D ( 'NONE', #305, #1573, #2875 ) ;
#3247 = CARTESIAN_POINT ( 'NONE',  ( 13.06999999999998607, 24.13000000000000966, 26.99999999999999645 ) ) ;
#3248 = CARTESIAN_POINT ( 'NONE',  ( 11.79999999999999538, -24.12999999999998124, 24.99999999999998934 ) ) ;
#3249 = FACE_OUTER_BOUND ( 'NONE', #5438, .T. ) ;
#3250 = CIRCLE ( 'NONE', #1165, 1.475000000000000533 ) ;
#3251 = ORIENTED_EDGE ( 'NONE', *, *, #4764, .F. ) ;
#3252 = CARTESIAN_POINT ( 'NONE',  ( -40.58750000000000568, -8.890000000000005898, 24.99999999999999289 ) ) ;
#3253 = ORIENTED_EDGE ( 'NONE', *, *, #2338, .T. ) ;
#3254 = CARTESIAN_POINT ( 'NONE',  ( -33.30000000000003268, 25.57000000000001450, 20.99999999999996803 ) ) ;
#3255 = VECTOR ( 'NONE', #3318, 1000.000000000000000 ) ;
#3256 = CARTESIAN_POINT ( 'NONE',  ( 7.136394455590819419, -25.82081803944665666, 20.99060009396475124 ) ) ;
#3257 = ORIENTED_EDGE ( 'NONE', *, *, #190, .F. ) ;
#3258 = AXIS2_PLACEMENT_3D ( 'NONE', #2391, #4835, #2329 ) ;
#3259 = ADVANCED_FACE ( 'NONE', ( #4740 ), #4771, .T. ) ;
#3260 = CARTESIAN_POINT ( 'NONE',  ( 10.74782418198143752, 20.90000001753550762, 21.00000001177947340 ) ) ;
#3261 = CARTESIAN_POINT ( 'NONE',  ( 14.56251175857375380, 26.84705882352942297, 22.99999999999996447 ) ) ;
#3262 = AXIS2_PLACEMENT_3D ( 'NONE', #3706, #314, #4205 ) ;
#3263 = EDGE_CURVE ( 'NONE', #5342, #4626, #5399, .T. ) ;
#3264 = EDGE_CURVE ( 'NONE', #4736, #5356, #2767, .T. ) ;
#3265 = CARTESIAN_POINT ( 'NONE',  ( 14.15749999999998643, 24.13000000000000966, 26.49999999999999645 ) ) ;
#3266 = ORIENTED_EDGE ( 'NONE', *, *, #1019, .F. ) ;
#3267 = CARTESIAN_POINT ( 'NONE',  ( 13.06999999999998607, 24.13000000000000966, 24.99999999999999289 ) ) ;
#3268 = ADVANCED_FACE ( 'NONE', ( #3536 ), #3983, .T. ) ;
#3269 = ORIENTED_EDGE ( 'NONE', *, *, #3083, .T. ) ;
#3270 = AXIS2_PLACEMENT_3D ( 'NONE', #932, #3166, #1017 ) ;
#3271 = CARTESIAN_POINT ( 'NONE',  ( 11.40831972432670938, -21.05447046277061318, 21.98283186697258174 ) ) ;
#3272 = EDGE_CURVE ( 'NONE', #3217, #3063, #2656, .T. ) ;
#3273 = VECTOR ( 'NONE', #4315, 1000.000000000000000 ) ;
#3274 = CARTESIAN_POINT ( 'NONE',  ( -36.06126540123108981, -7.873786196250341263, 21.58561784199579847 ) ) ;
#3275 = ORIENTED_EDGE ( 'NONE', *, *, #1289, .F. ) ;
#3276 = ORIENTED_EDGE ( 'NONE', *, *, #1530, .F. ) ;
#3277 = DIRECTION ( 'NONE',  ( -0.000000000000000000, -0.000000000000000000, -1.000000000000000000 ) ) ;
#3278 = DIRECTION ( 'NONE',  ( -0.000000000000000000, -0.000000000000000000, 1.000000000000000000 ) ) ;
#3279 = ORIENTED_EDGE ( 'NONE', *, *, #4536, .T. ) ;
#3280 = DIRECTION ( 'NONE',  ( 1.000000000000000000, 0.000000000000000000, 0.000000000000000000 ) ) ;
#3281 = ORIENTED_EDGE ( 'NONE', *, *, #1119, .T. ) ;
#3282 = DIRECTION ( 'NONE',  ( -1.000000000000000000, 0.000000000000000000, 0.000000000000000000 ) ) ;
#3283 = CARTESIAN_POINT ( 'NONE',  ( 7.360619881468926984, -25.78299846831191644, 21.01954850173830280 ) ) ;
#3284 = VERTEX_POINT ( 'NONE', #3220 ) ;
#3285 = CARTESIAN_POINT ( 'NONE',  ( 13.78337853491778198, 21.10480595342483312, 21.14831251930811362 ) ) ;
#3286 = CARTESIAN_POINT ( 'NONE',  ( -36.52813490714250122, -10.77188122530243852, 22.95465548056375482 ) ) ;
#3287 = CARTESIAN_POINT ( 'NONE',  ( -43.10000000000002274, 21.45591749068425003, 11.45768508767368665 ) ) ;
#3288 = ORIENTED_EDGE ( 'NONE', *, *, #3155, .T. ) ;
#3289 = DIRECTION ( 'NONE',  ( -1.000000000000000000, 0.000000000000000000, 0.000000000000000000 ) ) ;
#3290 = EDGE_LOOP ( 'NONE', ( #5204, #2655, #613, #3288, #4800, #737, #1009 ) ) ;
#3291 = EDGE_CURVE ( 'NONE', #5492, #1034, #4140, .T. ) ;
#3292 = CARTESIAN_POINT ( 'NONE',  ( 11.59205944840094915, -21.03561499650124844, 22.06987465395874182 ) ) ;
#3293 = CARTESIAN_POINT ( 'NONE',  ( -35.40000000000001990, -12.50247837363771097, 22.99999999999996447 ) ) ;
#3294 = LINE ( 'NONE', #351, #90 ) ;
#3295 = ADVANCED_FACE ( 'NONE', ( #963 ), #3171, .T. ) ;
#3296 = ORIENTED_EDGE ( 'NONE', *, *, #85, .F. ) ;
#3297 = LINE ( 'NONE', #276, #983 ) ;
#3298 = ORIENTED_EDGE ( 'NONE', *, *, #2478, .F. ) ;
#3299 = CARTESIAN_POINT ( 'NONE',  ( 18.99999999999998934, -24.49999999999998934, -0.01000000000000002623 ) ) ;
#3300 = DIRECTION ( 'NONE',  ( -0.000000000000000000, -0.000000000000000000, -1.000000000000000000 ) ) ;
#3301 = CARTESIAN_POINT ( 'NONE',  ( 0.000000000000000000, 0.000000000000000000, 29.99999999999996447 ) ) ;
#3302 = VERTEX_POINT ( 'NONE', #507 ) ;
#3303 = EDGE_CURVE ( 'NONE', #2635, #4522, #1500, .T. ) ;
#3304 = DIRECTION ( 'NONE',  ( 0.000000000000000000, 0.4999999999999954481, 0.8660254037844412611 ) ) ;
#3305 = ORIENTED_EDGE ( 'NONE', *, *, #302, .F. ) ;
#3306 = FACE_OUTER_BOUND ( 'NONE', #3671, .T. ) ;
#3307 = DIRECTION ( 'NONE',  ( 0.000000000000000000, 0.000000000000000000, 1.000000000000000000 ) ) ;
#3308 = ORIENTED_EDGE ( 'NONE', *, *, #2024, .T. ) ;
#3309 = CARTESIAN_POINT ( 'NONE',  ( 13.72153274145355084, 21.07714329180842938, 21.29309645145567487 ) ) ;
#3310 = CARTESIAN_POINT ( 'NONE',  ( 7.369999999999992113, -28.59999999999999076, 22.29999999999996518 ) ) ;
#3311 = CARTESIAN_POINT ( 'NONE',  ( -1.930000000000015037, 28.60000000000000853, 29.99999999999996447 ) ) ;
#3312 = AXIS2_PLACEMENT_3D ( 'NONE', #4746, #3116, #3145 ) ;
#3313 = DIRECTION ( 'NONE',  ( 1.000000000000000000, 0.000000000000000000, 0.000000000000000000 ) ) ;
#3314 = EDGE_LOOP ( 'NONE', ( #1048, #4472, #3497, #939 ) ) ;
#3315 = AXIS2_PLACEMENT_3D ( 'NONE', #3130, #3646, #3105 ) ;
#3316 = CARTESIAN_POINT ( 'NONE',  ( 12.62421007734580058, -21.14020246263119773, 22.88059390069029675 ) ) ;
#3317 = DIRECTION ( 'NONE',  ( -0.7083290928701378997, -0.7058823529411737407, -0.000000000000000000 ) ) ;
#3318 = DIRECTION ( 'NONE',  ( -0.000000000000000000, -0.000000000000000000, 1.000000000000000000 ) ) ;
#3319 = VECTOR ( 'NONE', #5344, 1000.000000000000000 ) ;
#3320 = VECTOR ( 'NONE', #4380, 1000.000000000000000 ) ;
#3321 = ORIENTED_EDGE ( 'NONE', *, *, #746, .F. ) ;
#3322 = LINE ( 'NONE', #2930, #538 ) ;
#3323 = VERTEX_POINT ( 'NONE', #4888 ) ;
#3324 = EDGE_CURVE ( 'NONE', #5540, #3072, #936, .T. ) ;
#3325 = DIRECTION ( 'NONE',  ( 1.000000000000000000, 0.000000000000000000, 0.000000000000000000 ) ) ;
#3326 = AXIS2_PLACEMENT_3D ( 'NONE', #4801, #1839, #2654 ) ;
#3327 = CIRCLE ( 'NONE', #1597, 2.000000000000001776 ) ;
#3328 = CARTESIAN_POINT ( 'NONE',  ( -39.00000000000002132, 24.50000000000001066, 4.150254037844377741 ) ) ;
#3329 = ORIENTED_EDGE ( 'NONE', *, *, #1477, .F. ) ;
#3330 = AXIS2_PLACEMENT_3D ( 'NONE', #643, #3643, #4138 ) ;
#3331 = LINE ( 'NONE', #3649, #713 ) ;
#3332 = VERTEX_POINT ( 'NONE', #1814 ) ;
#3333 = EDGE_CURVE ( 'NONE', #4887, #1024, #1990, .T. ) ;
#3334 = CARTESIAN_POINT ( 'NONE',  ( -39.00000000000002132, 24.50000000000001066, 1.650254037844403054 ) ) ;
#3335 = CARTESIAN_POINT ( 'NONE',  ( -39.00000000000002132, 19.05000000000000071, 22.99999999999996447 ) ) ;
#3336 = EDGE_CURVE ( 'NONE', #2584, #5274, #542, .T. ) ;
#3337 = LINE ( 'NONE', #2040, #2537 ) ;
#3338 = ORIENTED_EDGE ( 'NONE', *, *, #949, .F. ) ;
#3339 = AXIS2_PLACEMENT_3D ( 'NONE', #3104, #74, #2739 ) ;
#3340 = CARTESIAN_POINT ( 'NONE',  ( 13.34967016965153874, 21.04097974590217035, 22.92433398539168721 ) ) ;
#3341 = CARTESIAN_POINT ( 'NONE',  ( -39.00000000000001421, -24.49999999999998934, 7.989999999999985114 ) ) ;
#3342 = DIRECTION ( 'NONE',  ( 1.794541526872558613E-16, -1.000000000000000000, 0.000000000000000000 ) ) ;
#3343 = VECTOR ( 'NONE', #3179, 1000.000000000000000 ) ;
#3344 = ORIENTED_EDGE ( 'NONE', *, *, #4356, .F. ) ;
#3345 = DIRECTION ( 'NONE',  ( 1.000000000000000000, 0.000000000000000000, 0.000000000000000000 ) ) ;
#3346 = VECTOR ( 'NONE', #4937, 1000.000000000000114 ) ;
#3347 = EDGE_CURVE ( 'NONE', #566, #991, #3153, .T. ) ;
#3348 = CARTESIAN_POINT ( 'NONE',  ( -37.03785831296514175, -26.89999999999998437, 4.651666049839564998 ) ) ;
#3349 = DIRECTION ( 'NONE',  ( 0.000000000000000000, 0.000000000000000000, 1.000000000000000000 ) ) ;
#3350 = CARTESIAN_POINT ( 'NONE',  ( -42.10000000000001563, -24.49999999999998934, 7.989999999999985114 ) ) ;
#3351 = TOROIDAL_SURFACE ( 'NONE', #4162, 5.099999999999999645, 2.000000000000000000 ) ;
#3352 = ORIENTED_EDGE ( 'NONE', *, *, #360, .T. ) ;
#3353 = ORIENTED_EDGE ( 'NONE', *, *, #4159, .T. ) ;
#3354 = DIRECTION ( 'NONE',  ( 1.000000000000000000, 0.000000000000000000, 0.000000000000000000 ) ) ;
#3355 = CARTESIAN_POINT ( 'NONE',  ( 13.06999999999998607, 24.13000000000000966, 22.99999999999996447 ) ) ;
#3356 = CIRCLE ( 'NONE', #4796, 3.099999999999998757 ) ;
#3357 = CARTESIAN_POINT ( 'NONE',  ( 14.54301192949849586, 28.60000000000000853, 20.99999999999996447 ) ) ;
#3358 = ADVANCED_FACE ( 'NONE', ( #115 ), #1262, .T. ) ;
#3359 = ORIENTED_EDGE ( 'NONE', *, *, #2748, .F. ) ;
#3360 = CARTESIAN_POINT ( 'NONE',  ( 9.983118960624624449, -26.86999999999999744, 26.14999999999996660 ) ) ;
#3361 = VERTEX_POINT ( 'NONE', #1022 ) ;
#3362 = CARTESIAN_POINT ( 'NONE',  ( -42.09990364763700654, -9.090752487719178987, 21.57732057241962309 ) ) ;
#3363 = EDGE_CURVE ( 'NONE', #1904, #3964, #4033, .T. ) ;
#3364 = CARTESIAN_POINT ( 'NONE',  ( -30.40000000000001634, -20.89999999999999147, 11.99000000000000021 ) ) ;
#3365 = EDGE_CURVE ( 'NONE', #3361, #4301, #4485, .T. ) ;
#3366 = CARTESIAN_POINT ( 'NONE',  ( 23.09999999999998721, -24.49999999999998934, 11.99000000000000021 ) ) ;
#3367 = ORIENTED_EDGE ( 'NONE', *, *, #2844, .T. ) ;
#3368 = ADVANCED_FACE ( 'NONE', ( #4006 ), #1867, .F. ) ;
#3369 = CARTESIAN_POINT ( 'NONE',  ( 13.27424456335672609, -28.59999999999999076, 20.99999999999996447 ) ) ;
#3370 = CARTESIAN_POINT ( 'NONE',  ( 13.07374264679642195, 20.13006910681475148, 21.00000000405798772 ) ) ;
#3371 = FACE_OUTER_BOUND ( 'NONE', #441, .T. ) ;
#3372 = DIRECTION ( 'NONE',  ( 1.000000000000000000, 0.000000000000000000, 0.000000000000000000 ) ) ;
#3373 = VERTEX_POINT ( 'NONE', #170 ) ;
#3374 = CYLINDRICAL_SURFACE ( 'NONE', #519, 3.099999999999998757 ) ;
#3375 = DIRECTION ( 'NONE',  ( -1.000000000000000000, 0.000000000000000000, 0.000000000000000000 ) ) ;
#3376 = CARTESIAN_POINT ( 'NONE',  ( 10.39999999999997904, 19.78476122635361989, 22.66019350611775707 ) ) ;
#3377 = CARTESIAN_POINT ( 'NONE',  ( 23.09999999999997300, 24.50000000000001066, 9.722050807568882291 ) ) ;
#3378 = ORIENTED_EDGE ( 'NONE', *, *, #1665, .F. ) ;
#3379 = SURFACE_STYLE_FILL_AREA ( #5482 ) ;
#3380 = ORIENTED_EDGE ( 'NONE', *, *, #118, .F. ) ;
#3381 = FACE_BOUND ( 'NONE', #3956, .T. ) ;
#3382 = CARTESIAN_POINT ( 'NONE',  ( -24.00000000000002132, -26.61348673097528561, 29.03347103513043947 ) ) ;
#3383 = ORIENTED_EDGE ( 'NONE', *, *, #2092, .F. ) ;
#3384 = DIRECTION ( 'NONE',  ( 1.000000000000000000, 0.000000000000000000, 0.000000000000000000 ) ) ;
#3385 = VERTEX_POINT ( 'NONE', #1901 ) ;
#3386 = CARTESIAN_POINT ( 'NONE',  ( -42.08075143826424380, -9.290687835107243941, 21.57199156375140703 ) ) ;
#3387 = DIRECTION ( 'NONE',  ( 0.000000000000000000, 0.000000000000000000, 1.000000000000000000 ) ) ;
#3388 = VERTEX_POINT ( 'NONE', #1476 ) ;
#3389 = CARTESIAN_POINT ( 'NONE',  ( -39.00000000000001421, -24.49999999999998934, -0.01000000000000002623 ) ) ;
#3390 = ADVANCED_FACE ( 'NONE', ( #2066 ), #762, .F. ) ;
#3391 = CARTESIAN_POINT ( 'NONE',  ( -39.00000000000001421, -24.49999999999998934, -0.01000000000000002623 ) ) ;
#3392 = EDGE_CURVE ( 'NONE', #104, #2400, #5537, .T. ) ;
#3393 = ORIENTED_EDGE ( 'NONE', *, *, #4701, .T. ) ;
#3394 = FACE_OUTER_BOUND ( 'NONE', #1954, .T. ) ;
#3395 = CARTESIAN_POINT ( 'NONE',  ( -3.230000000000015081, 25.57000000000001450, 20.99999999999996803 ) ) ;
#3396 = PLANE ( 'NONE',  #616 ) ;
#3397 = EDGE_CURVE ( 'NONE', #1693, #1043, #4120, .T. ) ;
#3398 = DIRECTION ( 'NONE',  ( -1.000000000000000000, -0.000000000000000000, -0.000000000000000000 ) ) ;
#3399 = VERTEX_POINT ( 'NONE', #3756 ) ;
#3400 = AXIS2_PLACEMENT_3D ( 'NONE', #2766, #586, #4904 ) ;
#3401 = CARTESIAN_POINT ( 'NONE',  ( -35.90000000000000568, -8.890000000017151294, 22.32287565553224340 ) ) ;
#3402 = EDGE_LOOP ( 'NONE', ( #80, #1946, #2543, #2500 ) ) ;
#3403 = DIRECTION ( 'NONE',  ( -0.5947353289452129710, -0.8039215686274558959, -6.224473125194776245E-15 ) ) ;
#3404 = CARTESIAN_POINT ( 'NONE',  ( -39.00000000000000711, -8.890000000000005898, 26.99999999999999645 ) ) ;
#3405 = CIRCLE ( 'NONE', #343, 2.000000000000001332 ) ;
#3406 = CYLINDRICAL_SURFACE ( 'NONE', #1013, 1.299999999999999156 ) ;
#3407 = ORIENTED_EDGE ( 'NONE', *, *, #3748, .F. ) ;
#3408 = CARTESIAN_POINT ( 'NONE',  ( -3.230000000000015081, 25.57000000000001450, 20.99999999999996803 ) ) ;
#3409 = VERTEX_POINT ( 'NONE', #4996 ) ;
#3410 = VECTOR ( 'NONE', #5114, 1000.000000000000000 ) ;
#3411 = CARTESIAN_POINT ( 'NONE',  ( -43.10000000000001563, -8.622365993175375110, 20.99999999999996447 ) ) ;
#3412 = AXIS2_PLACEMENT_3D ( 'NONE', #194, #1097, #242 ) ;
#3413 = DIRECTION ( 'NONE',  ( 0.000000000000000000, 0.4999999999999954481, 0.8660254037844412611 ) ) ;
#3414 = AXIS2_PLACEMENT_3D ( 'NONE', #1316, #1208, #2485 ) ;
#3415 = EDGE_LOOP ( 'NONE', ( #2587, #4318 ) ) ;
#3416 = FACE_OUTER_BOUND ( 'NONE', #1932, .T. ) ;
#3417 = EDGE_LOOP ( 'NONE', ( #2045, #3905 ) ) ;
#3418 = LINE ( 'NONE', #5158, #3423 ) ;
#3419 = VECTOR ( 'NONE', #4092, 1000.000000000000000 ) ;
#3420 = CYLINDRICAL_SURFACE ( 'NONE', #1178, 5.000000000000000888 ) ;
#3421 = ORIENTED_EDGE ( 'NONE', *, *, #2371, .T. ) ;
#3422 = CARTESIAN_POINT ( 'NONE',  ( -37.52500000000001990, 24.50000000000001066, -0.01000000000000002623 ) ) ;
#3423 = VECTOR ( 'NONE', #1303, 1000.000000000000000 ) ;
#3424 = EDGE_CURVE ( 'NONE', #1712, #4276, #3065, .T. ) ;
#3425 = FACE_OUTER_BOUND ( 'NONE', #3402, .T. ) ;
#3426 = EDGE_CURVE ( 'NONE', #1648, #1181, #5310, .T. ) ;
#3427 = DIRECTION ( 'NONE',  ( 0.000000000000000000, 2.668805347656628059E-15, 1.000000000000000000 ) ) ;
#3428 = VECTOR ( 'NONE', #614, 1000.000000000000000 ) ;
#3429 = DIRECTION ( 'NONE',  ( -1.000000000000000000, -1.794541526872558613E-16, 0.000000000000000000 ) ) ;
#3430 = EDGE_CURVE ( 'NONE', #5392, #3554, #2832, .T. ) ;
#3431 = EDGE_LOOP ( 'NONE', ( #2002, #1151, #5385, #3276 ) ) ;
#3432 = CONICAL_SURFACE ( 'NONE', #4781, 577.3502691896181886, 0.5235987755982931535 ) ;
#3433 = DIRECTION ( 'NONE',  ( -0.000000000000000000, -0.000000000000000000, -1.000000000000000000 ) ) ;
#3434 = EDGE_LOOP ( 'NONE', ( #3701, #3919, #2417, #4880, #72, #5126, #4036, #5266, #4145, #2318, #3257, #4993, #1312, #2468, #3380, #4031, #4481, #102, #5322, #4161 ) ) ;
#3435 = LINE ( 'NONE', #3009, #5374 ) ;
#3436 = CARTESIAN_POINT ( 'NONE',  ( 18.99999999999998934, -28.59999999999999076, 20.99999999999996447 ) ) ;
#3437 = VECTOR ( 'NONE', #4972, 1000.000000000000000 ) ;
#3438 = ORIENTED_EDGE ( 'NONE', *, *, #5205, .T. ) ;
#3439 = CARTESIAN_POINT ( 'NONE',  ( 7.979529958094262909, -25.43054708573378164, 21.28780844746965073 ) ) ;
#3440 = ORIENTED_EDGE ( 'NONE', *, *, #2743, .T. ) ;
#3441 = CONICAL_SURFACE ( 'NONE', #1554, 5.409401076758503457, 0.5235987755983023684 ) ;
#3442 = CARTESIAN_POINT ( 'NONE',  ( -43.10000000000001563, -11.92315017762062368, 20.99999999999996447 ) ) ;
#3443 = DIRECTION ( 'NONE',  ( 0.000000000000000000, 0.000000000000000000, -1.000000000000000000 ) ) ;
#3444 = CARTESIAN_POINT ( 'NONE',  ( 6.404731459189165754, -25.75039857121940656, 21.51851792925444684 ) ) ;
#3445 = AXIS2_PLACEMENT_3D ( 'NONE', #3945, #2260, #4763 ) ;
#3446 = VERTEX_POINT ( 'NONE', #2802 ) ;
#3447 = LINE ( 'NONE', #1696, #1981 ) ;
#3448 = VERTEX_POINT ( 'NONE', #2436 ) ;
#3449 = DIRECTION ( 'NONE',  ( -1.280115680833874612E-16, 0.9039721493009094111, 0.4275913391174972489 ) ) ;
#3450 = AXIS2_PLACEMENT_3D ( 'NONE', #133, #1948, #4964 ) ;
#3451 = FACE_OUTER_BOUND ( 'NONE', #1818, .T. ) ;
#3452 = ORIENTED_EDGE ( 'NONE', *, *, #2637, .F. ) ;
#3453 = CARTESIAN_POINT ( 'NONE',  ( -39.00000000000001421, -28.59999999999999787, 20.99999999999996447 ) ) ;
#3454 = CARTESIAN_POINT ( 'NONE',  ( 18.99999999999998224, 24.50000000000001066, 1.650254037844406829 ) ) ;
#3455 = DIRECTION ( 'NONE',  ( 0.000000000000000000, 0.000000000000000000, 1.000000000000000000 ) ) ;
#3456 = DIRECTION ( 'NONE',  ( -0.000000000000000000, -0.000000000000000000, -1.000000000000000000 ) ) ;
#3457 = EDGE_CURVE ( 'NONE', #2031, #3323, #5133, .T. ) ;
#3458 = ORIENTED_EDGE ( 'NONE', *, *, #3840, .T. ) ;
#3459 = LINE ( 'NONE', #3655, #1535 ) ;
#3460 = ORIENTED_EDGE ( 'NONE', *, *, #4421, .T. ) ;
#3461 = CARTESIAN_POINT ( 'NONE',  ( 8.819651876778912936, -20.89999999999999503, 20.99999999999996092 ) ) ;
#3462 = EDGE_CURVE ( 'NONE', #4719, #3851, #4571, .T. ) ;
#3463 = DIRECTION ( 'NONE',  ( -1.000000000000000000, 0.000000000000000000, 0.000000000000000000 ) ) ;
#3464 = DIRECTION ( 'NONE',  ( 1.000000000000000000, 0.000000000000000000, 0.000000000000000000 ) ) ;
#3465 = VERTEX_POINT ( 'NONE', #4148 ) ;
#3466 = DIRECTION ( 'NONE',  ( 1.224646799147353207E-16, 1.000000000000000000, -0.000000000000000000 ) ) ;
#3467 = PLANE ( 'NONE',  #4392 ) ;
#3468 = CARTESIAN_POINT ( 'NONE',  ( 6.069999999999985185, 28.60000000000000853, 22.29999999999996518 ) ) ;
#3469 = EDGE_CURVE ( 'NONE', #399, #1628, #362, .T. ) ;
#3470 = CARTESIAN_POINT ( 'NONE',  ( 12.88749999999999396, -24.12999999999998124, 26.99999999999999645 ) ) ;
#3471 = ORIENTED_EDGE ( 'NONE', *, *, #2921, .T. ) ;
#3472 = DIRECTION ( 'NONE',  ( 1.000000000000000000, 0.000000000000000000, -0.000000000000000000 ) ) ;
#3473 = EDGE_LOOP ( 'NONE', ( #4590, #4346, #2831, #1220 ) ) ;
#3474 = DIRECTION ( 'NONE',  ( 0.000000000000000000, -1.000000000000000000, 0.000000000000000000 ) ) ;
#3475 = CYLINDRICAL_SURFACE ( 'NONE', #379, 1.299999999999999156 ) ;
#3476 = CARTESIAN_POINT ( 'NONE',  ( -24.00000000000003197, 26.87000000000001521, 21.53847763108499436 ) ) ;
#3477 = VERTEX_POINT ( 'NONE', #5494 ) ;
#3478 = DIRECTION ( 'NONE',  ( -0.000000000000000000, -0.000000000000000000, -1.000000000000000000 ) ) ;
#3479 = DIRECTION ( 'NONE',  ( -1.000000000000000000, 0.000000000000000000, 0.000000000000000000 ) ) ;
#3480 = CARTESIAN_POINT ( 'NONE',  ( 10.90463980749882111, -27.10072690897163739, 22.95673733974664898 ) ) ;
#3481 = DIRECTION ( 'NONE',  ( -0.7083290928701369005, -0.7058823529411745179, -6.122553444624013148E-16 ) ) ;
#3482 = ORIENTED_EDGE ( 'NONE', *, *, #3841, .T. ) ;
#3483 = DIRECTION ( 'NONE',  ( -0.000000000000000000, -0.000000000000000000, -1.000000000000000000 ) ) ;
#3484 = DIRECTION ( 'NONE',  ( 0.000000000000000000, 0.4999999999999948930, -0.8660254037844415942 ) ) ;
#3485 = AXIS2_PLACEMENT_3D ( 'NONE', #1822, #4867, #5226 ) ;
#3486 = DIRECTION ( 'NONE',  ( -0.000000000000000000, -0.000000000000000000, -1.000000000000000000 ) ) ;
#3487 = ORIENTED_EDGE ( 'NONE', *, *, #1773, .F. ) ;
#3488 = EDGE_CURVE ( 'NONE', #889, #128, #4548, .T. ) ;
#3489 = CARTESIAN_POINT ( 'NONE',  ( -33.30000000000003268, 19.05000000000000071, 20.99999999999996803 ) ) ;
#3490 = ORIENTED_EDGE ( 'NONE', *, *, #2469, .T. ) ;
#3491 = CARTESIAN_POINT ( 'NONE',  ( -1.930000000000008153, -26.86999999999999389, 29.99999999999996447 ) ) ;
#3492 = DIRECTION ( 'NONE',  ( 0.000000000000000000, 0.000000000000000000, 1.000000000000000000 ) ) ;
#3493 = AXIS2_PLACEMENT_3D ( 'NONE', #161, #4882, #1805 ) ;
#3494 = AXIS2_PLACEMENT_3D ( 'NONE', #5203, #4017, #2197 ) ;
#3495 = CARTESIAN_POINT ( 'NONE',  ( 13.59059892324148500, -24.49999999999998934, 11.99000000000000021 ) ) ;
#3496 = CARTESIAN_POINT ( 'NONE',  ( 7.158520720856832220, -25.36601995818530852, 20.80386181190830186 ) ) ;
#3497 = ORIENTED_EDGE ( 'NONE', *, *, #5232, .T. ) ;
#3498 = ADVANCED_FACE ( 'NONE', ( #1984 ), #1581, .F. ) ;
#3499 = CIRCLE ( 'NONE', #1608, 5.000000000000000888 ) ;
#3500 = VECTOR ( 'NONE', #3478, 1000.000000000000000 ) ;
#3501 = CARTESIAN_POINT ( 'NONE',  ( -33.30000000000003268, 28.60000000000000853, 22.29999999999996518 ) ) ;
#3502 = EDGE_LOOP ( 'NONE', ( #926, #3308, #2714 ) ) ;
#3503 = DIRECTION ( 'NONE',  ( 0.000000000000000000, 0.000000000000000000, -1.000000000000000000 ) ) ;
#3504 = EDGE_CURVE ( 'NONE', #1190, #843, #705, .T. ) ;
#3505 = CARTESIAN_POINT ( 'NONE',  ( 9.400974734976252023, -22.16666666666665364, 22.99999999999996447 ) ) ;
#3506 = AXIS2_PLACEMENT_3D ( 'NONE', #2629, #4319, #793 ) ;
#3507 = LINE ( 'NONE', #3086, #2361 ) ;
#3508 = ORIENTED_EDGE ( 'NONE', *, *, #4538, .T. ) ;
#3509 = CARTESIAN_POINT ( 'NONE',  ( 18.99999999999998934, -24.49999999999998934, -994.4552250588358220 ) ) ;
#3510 = VECTOR ( 'NONE', #1928, 1000.000000000000000 ) ;
#3511 = CARTESIAN_POINT ( 'NONE',  ( -35.40000000000002700, 15.90000000000266134, 20.99999999999996447 ) ) ;
#3512 = CARTESIAN_POINT ( 'NONE',  ( 12.23335948679963359, -28.59999999999999076, 20.99999999999996447 ) ) ;
#3513 = DIRECTION ( 'NONE',  ( -1.000000000000000000, 0.000000000000000000, 0.000000000000000000 ) ) ;
#3514 = VECTOR ( 'NONE', #3474, 1000.000000000000000 ) ;
#3515 = DIRECTION ( 'NONE',  ( 1.000000000000000000, 0.000000000000000000, -0.000000000000000000 ) ) ;
#3516 = ORIENTED_EDGE ( 'NONE', *, *, #5485, .F. ) ;
#3517 = CARTESIAN_POINT ( 'NONE',  ( -35.40000000000002700, 15.90000000000000746, 20.99999999999996447 ) ) ;
#3518 = AXIS2_PLACEMENT_3D ( 'NONE', #500, #4059, #3191 ) ;
#3519 = LINE ( 'NONE', #1380, #4314 ) ;
#3520 = CARTESIAN_POINT ( 'NONE',  ( 17.52499999999998792, -24.49999999999998934, -0.01000000000000002623 ) ) ;
#3521 = CIRCLE ( 'NONE', #2807, 3.099999999999998757 ) ;
#3522 = ORIENTED_EDGE ( 'NONE', *, *, #1595, .T. ) ;
#3523 = CARTESIAN_POINT ( 'NONE',  ( -36.08526020647936150, 17.96169460656362560, 21.57406712151369987 ) ) ;
#3524 = VERTEX_POINT ( 'NONE', #1185 ) ;
#3525 = CARTESIAN_POINT ( 'NONE',  ( 6.069999999999985185, 28.60000000000000853, 29.99999999999996447 ) ) ;
#3526 = DIRECTION ( 'NONE',  ( -0.000000000000000000, -0.000000000000000000, -1.000000000000000000 ) ) ;
#3527 = VECTOR ( 'NONE', #2687, 1000.000000000000000 ) ;
#3528 = CARTESIAN_POINT ( 'NONE',  ( -36.56198823134726439, 17.13529411764870858, 22.95733048496801132 ) ) ;
#3529 = ADVANCED_FACE ( 'NONE', ( #3306 ), #901, .F. ) ;
#3530 = FACE_OUTER_BOUND ( 'NONE', #2723, .T. ) ;
#3531 = ORIENTED_EDGE ( 'NONE', *, *, #846, .T. ) ;
#3532 = AXIS2_PLACEMENT_3D ( 'NONE', #4345, #4735, #1322 ) ;
#3533 = DIRECTION ( 'NONE',  ( -1.000000000000000000, 0.000000000000000000, 0.000000000000000000 ) ) ;
#3534 = ORIENTED_EDGE ( 'NONE', *, *, #675, .T. ) ;
#3535 = EDGE_CURVE ( 'NONE', #809, #843, #4749, .T. ) ;
#3536 = FACE_OUTER_BOUND ( 'NONE', #1795, .T. ) ;
#3537 = LINE ( 'NONE', #3084, #2372 ) ;
#3538 = ADVANCED_FACE ( 'NONE', ( #1153 ), #536, .F. ) ;
#3539 = CIRCLE ( 'NONE', #105, 3.099999999999998757 ) ;
#3540 = CARTESIAN_POINT ( 'NONE',  ( -39.00000000000002132, 19.05000000000000071, 24.99999999999996803 ) ) ;
#3541 = ADVANCED_FACE ( 'NONE', ( #1296 ), #5152, .F. ) ;
#3542 = EDGE_LOOP ( 'NONE', ( #2199, #1927, #241, #2384 ) ) ;
#3543 = CARTESIAN_POINT ( 'NONE',  ( -32.00000000000002132, -26.86999999999999744, 21.53847763108499436 ) ) ;
#3544 = EDGE_CURVE ( 'NONE', #692, #560, #1170, .T. ) ;
#3545 = CARTESIAN_POINT ( 'NONE',  ( -43.10000000000000853, -22.23831023626186720, 10.71836822712625370 ) ) ;
#3546 = CARTESIAN_POINT ( 'NONE',  ( 11.79999999999999538, -24.12999999999998124, 26.99999999999999645 ) ) ;
#3547 = DIRECTION ( 'NONE',  ( -0.000000000000000000, -0.000000000000000000, -1.000000000000000000 ) ) ;
#3548 = CARTESIAN_POINT ( 'NONE',  ( 11.98249999999998572, 24.13000000000000966, 26.99999999999999645 ) ) ;
#3549 = VERTEX_POINT ( 'NONE', #1318 ) ;
#3550 = LINE ( 'NONE', #1796, #271 ) ;
#3551 = CARTESIAN_POINT ( 'NONE',  ( -41.99494076977737222, -8.073445015609433284, 22.82316991476960055 ) ) ;
#3552 = DIRECTION ( 'NONE',  ( 0.000000000000000000, 1.000000000000000000, -0.000000000000000000 ) ) ;
#3553 = B_SPLINE_CURVE_WITH_KNOTS ( 'NONE', 3,
 ( #4164, #4106, #5449, #2421 ),
 .UNSPECIFIED., .F., .F.,
 ( 4, 4 ),
 ( 0.002109386435483010750, 0.002355526640437451916 ),
 .UNSPECIFIED. ) ;
#3554 = VERTEX_POINT ( 'NONE', #4760 ) ;
#3555 = CARTESIAN_POINT ( 'NONE',  ( -34.51650665730031164, 18.74223870743435683, 20.99999999853162080 ) ) ;
#3556 = ORIENTED_EDGE ( 'NONE', *, *, #118, .T. ) ;
#3557 = DIRECTION ( 'NONE',  ( 1.000000000000000000, 0.000000000000000000, 0.000000000000000000 ) ) ;
#3558 = DIRECTION ( 'NONE',  ( 0.000000000000000000, 0.000000000000000000, 1.000000000000000000 ) ) ;
#3559 = LINE ( 'NONE', #4371, #4622 ) ;
#3560 = DIRECTION ( 'NONE',  ( -0.000000000000000000, -0.000000000000000000, 1.000000000000000000 ) ) ;
#3561 = EDGE_LOOP ( 'NONE', ( #1382, #2683, #3759, #4186 ) ) ;
#3562 = CARTESIAN_POINT ( 'NONE',  ( -42.10000000000002274, 19.04999999999999716, 22.73205080756883945 ) ) ;
#3563 = VERTEX_POINT ( 'NONE', #929 ) ;
#3564 = CARTESIAN_POINT ( 'NONE',  ( -43.10000000000002274, 24.50000000000001066, 20.99999999999996447 ) ) ;
#3565 = CARTESIAN_POINT ( 'NONE',  ( 10.39999999999998614, -15.89999999999998970, 20.99999999999996447 ) ) ;
#3566 = CARTESIAN_POINT ( 'NONE',  ( -24.00000000000002842, 27.86998864849433133, 28.69999999999996376 ) ) ;
#3567 = EDGE_LOOP ( 'NONE', ( #3266, #1127, #1273, #1881, #5240 ) ) ;
#3568 = CARTESIAN_POINT ( 'NONE',  ( -38.63754614252788144, 28.60000000000000142, 9.743430532380424225 ) ) ;
#3569 = CARTESIAN_POINT ( 'NONE',  ( -39.80512701892222083, -24.49999999999998934, 4.150254037844377741 ) ) ;
#3570 = EDGE_CURVE ( 'NONE', #3912, #1562, #3705, .T. ) ;
#3571 = EDGE_CURVE ( 'NONE', #1096, #2342, #3160, .T. ) ;
#3572 = DIRECTION ( 'NONE',  ( 0.000000000000000000, 0.000000000000000000, -1.000000000000000000 ) ) ;
#3573 = DIRECTION ( 'NONE',  ( 0.000000000000000000, -1.000000000000000000, 0.000000000000000000 ) ) ;
#3574 = ORIENTED_EDGE ( 'NONE', *, *, #3205, .T. ) ;
#3575 = CARTESIAN_POINT ( 'NONE',  ( 18.99999999999998934, -24.49999999999998934, 1.650254037844403054 ) ) ;
#3576 = CARTESIAN_POINT ( 'NONE',  ( -22.70000000000002771, 28.60000000000001208, 22.29999999999996518 ) ) ;
#3577 = CARTESIAN_POINT ( 'NONE',  ( -36.05423849815613124, -9.910359922604264682, 21.58686128423424222 ) ) ;
#3578 = VERTEX_POINT ( 'NONE', #2225 ) ;
#3579 = LINE ( 'NONE', #3102, #2885 ) ;
#3580 = ORIENTED_EDGE ( 'NONE', *, *, #4775, .F. ) ;
#3581 = CARTESIAN_POINT ( 'NONE',  ( -36.78694505283133509, -11.06108631899221706, 21.16510433287436044 ) ) ;
#3582 = DIRECTION ( 'NONE',  ( 1.000000000000000000, 0.000000000000000000, 0.000000000000000000 ) ) ;
#3583 = CARTESIAN_POINT ( 'NONE',  ( 6.069999999999994067, -26.86999999999999744, 26.14999999999996660 ) ) ;
#3584 = AXIS2_PLACEMENT_3D ( 'NONE', #469, #4451, #5235 ) ;
#3585 = CARTESIAN_POINT ( 'NONE',  ( 10.78855771780618689, 22.02299032716962301, 22.99999999999996803 ) ) ;
#3586 = ORIENTED_EDGE ( 'NONE', *, *, #143, .T. ) ;
#3587 = DIRECTION ( 'NONE',  ( -0.000000000000000000, -0.000000000000000000, -1.000000000000000000 ) ) ;
#3588 = ORIENTED_EDGE ( 'NONE', *, *, #567, .T. ) ;
#3589 = CARTESIAN_POINT ( 'NONE',  ( -1.930000000000015037, 25.57000000000001450, 22.29999999999996518 ) ) ;
#3590 = CIRCLE ( 'NONE', #3040, 1.587499999999998579 ) ;
#3591 = CARTESIAN_POINT ( 'NONE',  ( -43.10000000000002274, 24.50000000000001066, 108.4887421329166983 ) ) ;
#3592 = DIRECTION ( 'NONE',  ( -0.000000000000000000, 0.000000000000000000, -1.000000000000000000 ) ) ;
#3593 = VECTOR ( 'NONE', #3484, 999.9999999999998863 ) ;
#3594 = ORIENTED_EDGE ( 'NONE', *, *, #2949, .F. ) ;
#3595 = DIRECTION ( 'NONE',  ( 0.000000000000000000, -0.2565161808695973766, 0.9665399365531028852 ) ) ;
#3596 = AXIS2_PLACEMENT_3D ( 'NONE', #4064, #5410, #200 ) ;
#3597 = CARTESIAN_POINT ( 'NONE',  ( -24.00000000000002842, 26.61348673097529982, 29.03347103513043947 ) ) ;
#3598 = AXIS2_PLACEMENT_3D ( 'NONE', #4789, #2670, #2732 ) ;
#3599 = PRODUCT_DEFINITION_CONTEXT ( 'detailed design', #2561, 'design' ) ;
#3600 = CARTESIAN_POINT ( 'NONE',  ( 15.39999999999998792, -20.89999999999999147, 108.4887421329166983 ) ) ;
#3601 = ADVANCED_FACE ( 'NONE', ( #4477 ), #5242, .T. ) ;
#3602 = CARTESIAN_POINT ( 'NONE',  ( -41.59188818213421968, -10.59886970631827907, 22.99999999999996803 ) ) ;
#3603 = DIRECTION ( 'NONE',  ( 1.000000000000000000, 0.000000000000000000, 0.000000000000000000 ) ) ;
#3604 = COLOUR_RGB ( '',0.7921568627450980005, 0.8196078431372548767, 0.9333333333333333481 ) ;
#3605 = EDGE_LOOP ( 'NONE', ( #2107, #2098, #558 ) ) ;
#3606 = EDGE_CURVE ( 'NONE', #3578, #104, #3073, .T. ) ;
#3607 = DIRECTION ( 'NONE',  ( 0.000000000000000000, 0.000000000000000000, 1.000000000000000000 ) ) ;
#3608 = CARTESIAN_POINT ( 'NONE',  ( -41.49215686274511938, 17.20632048026982375, 20.99999999999996092 ) ) ;
#3609 =( BOUNDED_CURVE ( )  B_SPLINE_CURVE ( 3, ( #3690, #5398, #1546, #5429 ),
 .UNSPECIFIED., .F., .F. ) 
 B_SPLINE_CURVE_WITH_KNOTS ( ( 4, 4 ),
 ( 3.141592653589793116, 4.712388980384689674 ),
 .UNSPECIFIED. ) 
 CURVE ( )  GEOMETRIC_REPRESENTATION_ITEM ( )  RATIONAL_B_SPLINE_CURVE ( ( 1.000000000000000000, 0.8047378541243649375, 0.8047378541243649375, 1.000000000000000000 ) ) 
 REPRESENTATION_ITEM ( '' )  );
#3610 = CIRCLE ( 'NONE', #4144, 4.100000000000006750 ) ;
#3611 = EDGE_CURVE ( 'NONE', #4522, #5293, #562, .T. ) ;
#3612 = CARTESIAN_POINT ( 'NONE',  ( -35.40000000000001990, -6.340927196757125017, 20.99999999999996447 ) ) ;
#3613 = EDGE_LOOP ( 'NONE', ( #3359, #4556, #4118, #274 ) ) ;
#3614 = AXIS2_PLACEMENT_3D ( 'NONE', #1833, #1804, #984 ) ;
#3615 = DIRECTION ( 'NONE',  ( -1.000000000000000000, -1.794541526872558613E-16, 0.000000000000000000 ) ) ;
#3616 = ORIENTED_EDGE ( 'NONE', *, *, #521, .T. ) ;
#3617 = DIRECTION ( 'NONE',  ( -0.000000000000000000, -0.4999999999999947820, -0.8660254037844417052 ) ) ;
#3618 = CARTESIAN_POINT ( 'NONE',  ( -39.00000000000002132, 19.05000000000000071, 24.99999999999996803 ) ) ;
#3619 = CIRCLE ( 'NONE', #4331, 1.475000000000000533 ) ;
#3620 = DIRECTION ( 'NONE',  ( -0.000000000000000000, -0.000000000000000000, 1.000000000000000000 ) ) ;
#3621 = ORIENTED_EDGE ( 'NONE', *, *, #3426, .T. ) ;
#3622 = CARTESIAN_POINT ( 'NONE',  ( -43.10000000000000853, -24.49999999999998934, 108.4887421329166983 ) ) ;
#3623 = ORIENTED_EDGE ( 'NONE', *, *, #3196, .T. ) ;
#3624 = DIRECTION ( 'NONE',  ( -0.000000000000000000, -0.000000000000000000, -1.000000000000000000 ) ) ;
#3625 = CARTESIAN_POINT ( 'NONE',  ( -1.930000000000008153, -27.86998864849432422, 28.69999999999996376 ) ) ;
#3626 = VECTOR ( 'NONE', #2174, 1000.000000000000000 ) ;
#3627 = ORIENTED_EDGE ( 'NONE', *, *, #255, .T. ) ;
#3628 = DIRECTION ( 'NONE',  ( -0.5000000000000054401, 6.123233995736832596E-17, 0.8660254037844353769 ) ) ;
#3629 = CIRCLE ( 'NONE', #3182, 5.409401076758545202 ) ;
#3630 = CARTESIAN_POINT ( 'NONE',  ( -38.23004566711291119, 27.87468354430379947, 6.712247492510968527 ) ) ;
#3631 = DIRECTION ( 'NONE',  ( 0.000000000000000000, -0.2565161808695954893, -0.9665399365531033293 ) ) ;
#3632 = DIRECTION ( 'NONE',  ( 0.000000000000000000, 0.000000000000000000, 1.000000000000000000 ) ) ;
#3633 = DIRECTION ( 'NONE',  ( 1.660022465049576016E-16, -1.000000000000000000, 0.000000000000000000 ) ) ;
#3634 = PRODUCT_DEFINITION_FORMATION_WITH_SPECIFIED_SOURCE ( 'ANY', '', #4909, .NOT_KNOWN. ) ;
#3635 = ORIENTED_EDGE ( 'NONE', *, *, #2432, .F. ) ;
#3636 = CARTESIAN_POINT ( 'NONE',  ( 12.19721362733238301, -20.56975563945250940, 20.99999999600428424 ) ) ;
#3637 = ADVANCED_FACE ( 'NONE', ( #2765 ), #532, .F. ) ;
#3638 = DIRECTION ( 'NONE',  ( 0.000000000000000000, 0.000000000000000000, -1.000000000000000000 ) ) ;
#3639 = ADVANCED_FACE ( 'NONE', ( #2346 ), #2649, .T. ) ;
#3640 = CARTESIAN_POINT ( 'NONE',  ( -36.21346643469050264, -10.26296346822065431, 22.74758421404598963 ) ) ;
#3641 = ORIENTED_EDGE ( 'NONE', *, *, #1874, .T. ) ;
#3642 = EDGE_CURVE ( 'NONE', #2961, #1681, #275, .T. ) ;
#3643 = DIRECTION ( 'NONE',  ( -1.224646799147353207E-16, 1.000000000000000000, 0.000000000000000000 ) ) ;
#3644 = ORIENTED_EDGE ( 'NONE', *, *, #5387, .F. ) ;
#3645 =( BOUNDED_SURFACE ( )  B_SPLINE_SURFACE ( 3, 2, ( 
 ( #365, #3832, #5545 ),
 ( #4282, #2168, #1687 ),
 ( #5125, #414, #3859 ),
 ( #2588, #4310, #103 ),
 ( #5321, #3158, #981 ),
 ( #1831, #4340, #2619 ),
 ( #4794, #3523, #1352 ),
 ( #2706, #5206, #3970 ),
 ( #3071, #897, #158 ),
 ( #2223, #1859, #4023 ),
 ( #5239, #1011, #3555 ),
 ( #1383, #1408, #3937 ),
 ( #2675, #3911, #2198 ),
 ( #2737, #1802, #473 ),
 ( #4819, #955, #4395 ),
 ( #41, #1771, #2647 ) ),
 .UNSPECIFIED., .F., .F., .F. ) 
 B_SPLINE_SURFACE_WITH_KNOTS ( ( 4, 2, 2, 2, 2, 2, 2, 4 ),
 ( 3, 3 ),
 ( 0.003897924359639297169, 0.004376189197918288476, 0.004854454036197278916, 0.005810983712755259795, 0.006289248551034250234, 0.006767513389313240674, 0.007245778227592231113, 0.007724043065871221553 ),
 ( 0.000000000000000000, 1.000000000000000000 ),
 .UNSPECIFIED. ) 
 GEOMETRIC_REPRESENTATION_ITEM ( )  RATIONAL_B_SPLINE_SURFACE ( (
 ( 1.000000000000000000, 0.7620978105589727436, 1.000000000000000000),
 ( 1.000000000000000000, 0.7770809880400517677, 1.000000000000000000),
 ( 1.000000000000000000, 0.7917430462512525802, 1.000000000000000000),
 ( 1.000000000000000000, 0.8180418183056862302, 1.000000000000000000),
 ( 1.000000000000000000, 0.8296243024061109583, 1.000000000000000000),
 ( 1.000000000000000000, 0.8560217503692248986, 1.000000000000000000),
 ( 1.000000000000000000, 0.8620553066157290445, 1.000000000000000000),
 ( 1.000000000000000000, 0.8494585730887288522, 1.000000000000000000),
 ( 1.000000000000000000, 0.8418173077194504028, 1.000000000000000000),
 ( 1.000000000000000000, 0.8217282790985600549, 1.000000000000000000),
 ( 1.000000000000000000, 0.8092733066038630962, 1.000000000000000000),
 ( 1.000000000000000000, 0.7817953318919121930, 1.000000000000000000),
 ( 1.000000000000000000, 0.7667766404213683940, 1.000000000000000000),
 ( 1.000000000000000000, 0.7364880743933076568, 1.000000000000000000),
 ( 1.000000000000000000, 0.7211469812644987210, 1.000000000000000000),
 ( 1.000000000000000000, 0.7071067811865475727, 1.000000000000000000) ) ) 
 REPRESENTATION_ITEM ( '' )  SURFACE ( )  );
#3646 = DIRECTION ( 'NONE',  ( -0.000000000000000000, -0.000000000000000000, -1.000000000000000000 ) ) ;
#3647 = LINE ( 'NONE', #4062, #2544 ) ;
#3648 = ORIENTED_EDGE ( 'NONE', *, *, #5324, .F. ) ;
#3649 = CARTESIAN_POINT ( 'NONE',  ( 6.069999999999985185, 26.17000000000001236, 27.36243556529819543 ) ) ;
#3650 = ORIENTED_EDGE ( 'NONE', *, *, #5103, .F. ) ;
#3651 = DIRECTION ( 'NONE',  ( 0.000000000000000000, 0.000000000000000000, 1.000000000000000000 ) ) ;
#3652 = DIRECTION ( 'NONE',  ( 1.000000000000000000, 0.000000000000000000, -0.000000000000000000 ) ) ;
#3653 = ORIENTED_EDGE ( 'NONE', *, *, #521, .F. ) ;
#3654 = CARTESIAN_POINT ( 'NONE',  ( -44.40940107675856297, 24.50000000000001066, 11.99000000000000021 ) ) ;
#3655 = CARTESIAN_POINT ( 'NONE',  ( -43.10000000000002274, 24.50000000000001066, 20.99999999999996447 ) ) ;
#3656 = LINE ( 'NONE', #5421, #1516 ) ;
#3657 = LINE ( 'NONE', #208, #906 ) ;
#3658 = DIRECTION ( 'NONE',  ( -1.000000000000000000, 0.000000000000000000, 0.000000000000000000 ) ) ;
#3659 = CARTESIAN_POINT ( 'NONE',  ( -35.40000000000002700, 20.90000000000001279, 20.99999999999996447 ) ) ;
#3660 = VERTEX_POINT ( 'NONE', #2677 ) ;
#3661 = CARTESIAN_POINT ( 'NONE',  ( 11.98196332951353682, -21.01817837112732690, 21.50030076534765300 ) ) ;
#3662 = DIRECTION ( 'NONE',  ( -1.000000000000000000, 0.000000000000000000, 0.000000000000000000 ) ) ;
#3663 = CARTESIAN_POINT ( 'NONE',  ( -35.40000000000001990, -11.14874635101194755, 20.99999999999996447 ) ) ;
#3664 = ORIENTED_EDGE ( 'NONE', *, *, #3013, .F. ) ;
#3665 = CARTESIAN_POINT ( 'NONE',  ( -35.90000000000001990, 19.05000000000000071, 24.99999999999996803 ) ) ;
#3666 = EDGE_LOOP ( 'NONE', ( #2599, #2876, #4115, #182, #1237, #3174 ) ) ;
#3667 = CARTESIAN_POINT ( 'NONE',  ( 11.27978154774153552, -21.07351968051409941, 21.96171959781583638 ) ) ;
#3668 = CARTESIAN_POINT ( 'NONE',  ( -39.00000000000001421, -28.59999999999999787, 108.4887421329166983 ) ) ;
#3669 = CARTESIAN_POINT ( 'NONE',  ( -35.40000000000001990, -20.89999999999999147, 20.99999999999996447 ) ) ;
#3670 = EDGE_CURVE ( 'NONE', #5246, #3936, #1014, .T. ) ;
#3671 = EDGE_LOOP ( 'NONE', ( #4776, #1719, #4768, #3828 ) ) ;
#3672 = CARTESIAN_POINT ( 'NONE',  ( -33.91609563319238418, 19.45486589033196978, 20.99999999999996447 ) ) ;
#3673 = CARTESIAN_POINT ( 'NONE',  ( 6.283124458941446555, -26.65687554105854318, 21.58676682757407761 ) ) ;
#3674 = EDGE_CURVE ( 'NONE', #3549, #5454, #1623, .T. ) ;
#3675 = ADVANCED_FACE ( 'NONE', ( #3972 ), #957, .T. ) ;
#3676 = CARTESIAN_POINT ( 'NONE',  ( -1.930000000000008153, -28.59999999999999076, 29.99999999999996447 ) ) ;
#3677 = ORIENTED_EDGE ( 'NONE', *, *, #1430, .F. ) ;
#3678 = TOROIDAL_SURFACE ( 'NONE', #2341, 1.087500000000000133, 0.5000000000000000000 ) ;
#3679 = EDGE_CURVE ( 'NONE', #1181, #1648, #2891, .T. ) ;
#3680 = CARTESIAN_POINT ( 'NONE',  ( 12.21369618792732048, 21.14637501326207314, 21.57952351886889275 ) ) ;
#3681 = CARTESIAN_POINT ( 'NONE',  ( -36.65909521948559302, -10.93367805881530508, 22.99999999999996092 ) ) ;
#3682 = AXIS2_PLACEMENT_3D ( 'NONE', #4777, #2212, #30 ) ;
#3683 = CARTESIAN_POINT ( 'NONE',  ( 11.48249999999998572, 24.13000000000000966, 24.99999999999999289 ) ) ;
#3684 = ORIENTED_EDGE ( 'NONE', *, *, #4089, .F. ) ;
#3685 = CARTESIAN_POINT ( 'NONE',  ( 7.369999999999984119, 28.60000000000000853, 20.99999999999996447 ) ) ;
#3686 = DIRECTION ( 'NONE',  ( 1.245016848787182012E-16, -1.000000000000000000, 0.000000000000000000 ) ) ;
#3687 = ORIENTED_EDGE ( 'NONE', *, *, #3215, .T. ) ;
#3688 = AXIS2_PLACEMENT_3D ( 'NONE', #126, #5288, #1432 ) ;
#3689 = CARTESIAN_POINT ( 'NONE',  ( 13.07149048217995713, -21.30275541317595156, 22.99999999999996447 ) ) ;
#3690 = CARTESIAN_POINT ( 'NONE',  ( 6.069999999999985185, 26.87000000000001165, 22.29999999999996518 ) ) ;
#3691 = CARTESIAN_POINT ( 'NONE',  ( 18.99999999999998224, 24.50000000000001066, 7.990000000000032188 ) ) ;
#3692 = CIRCLE ( 'NONE', #352, 1.299999999999999156 ) ;
#3693 = ORIENTED_EDGE ( 'NONE', *, *, #4257, .F. ) ;
#3694 = CARTESIAN_POINT ( 'NONE',  ( -43.10000000000001563, -5.856849822379392556, 20.99999999999996803 ) ) ;
#3695 = ORIENTED_EDGE ( 'NONE', *, *, #3876, .F. ) ;
#3696 = MECHANICAL_DESIGN_GEOMETRIC_PRESENTATION_REPRESENTATION (  '', ( #1162 ), #3149 ) ;
#3697 = DIRECTION ( 'NONE',  ( 1.000000000000000000, 0.000000000000000000, -0.000000000000000000 ) ) ;
#3698 = CARTESIAN_POINT ( 'NONE',  ( -41.89302443181586710, 17.92450477261933273, 22.89028804250635929 ) ) ;
#3699 = FACE_OUTER_BOUND ( 'NONE', #397, .T. ) ;
#3700 = AXIS2_PLACEMENT_3D ( 'NONE', #4524, #4753, #3098 ) ;
#3701 = ORIENTED_EDGE ( 'NONE', *, *, #4506, .F. ) ;
#3702 = DIRECTION ( 'NONE',  ( -0.000000000000000000, -0.000000000000000000, -1.000000000000000000 ) ) ;
#3703 = ORIENTED_EDGE ( 'NONE', *, *, #5347, .F. ) ;
#3704 = CARTESIAN_POINT ( 'NONE',  ( 6.143081015343431872, -26.79691898465656053, 21.80017500797964303 ) ) ;
#3705 = CIRCLE ( 'NONE', #2354, 3.099999999999998757 ) ;
#3706 = CARTESIAN_POINT ( 'NONE',  ( -39.00000000000002132, 19.05000000000000071, 20.99999999999996803 ) ) ;
#3707 = ORIENTED_EDGE ( 'NONE', *, *, #5109, .F. ) ;
#3708 = ADVANCED_FACE ( 'NONE', ( #106 ), #1807, .T. ) ;
#3709 = VECTOR ( 'NONE', #1993, 1000.000000000000000 ) ;
#3710 = CARTESIAN_POINT ( 'NONE',  ( 13.92857373513337826, 19.44416491462782304, 20.99999999918166793 ) ) ;
#3711 = CARTESIAN_POINT ( 'NONE',  ( -35.90978362017577297, 19.29609495294688060, 22.99999999999996447 ) ) ;
#3712 = VECTOR ( 'NONE', #1845, 1000.000000000000000 ) ;
#3713 = EDGE_CURVE ( 'NONE', #3332, #569, #5269, .T. ) ;
#3714 = CARTESIAN_POINT ( 'NONE',  ( 18.99999999999998224, 24.50000000000001066, -0.01000000000000002623 ) ) ;
#3715 = VERTEX_POINT ( 'NONE', #1410 ) ;
#3716 = CARTESIAN_POINT ( 'NONE',  ( 18.23004566711289343, 27.87468354430379947, 6.712247492510946323 ) ) ;
#3717 = ORIENTED_EDGE ( 'NONE', *, *, #769, .T. ) ;
#3718 = VECTOR ( 'NONE', #1388, 1000.000000000000114 ) ;
#3719 = CARTESIAN_POINT ( 'NONE',  ( 13.08910749705554188, -21.26965723130026120, 21.31098383784658168 ) ) ;
#3720 = CARTESIAN_POINT ( 'NONE',  ( -40.47500000000002274, 24.50000000000001066, 1.650254037844403054 ) ) ;
#3721 = AXIS2_PLACEMENT_3D ( 'NONE', #5543, #3096, #947 ) ;
#3722 = CARTESIAN_POINT ( 'NONE',  ( -39.00000000000000711, -8.890000000000005898, 26.99999999999999645 ) ) ;
#3723 = ORIENTED_EDGE ( 'NONE', *, *, #4836, .F. ) ;
#3724 = DIRECTION ( 'NONE',  ( 0.000000000000000000, 0.000000000000000000, 1.000000000000000000 ) ) ;
#3725 = EDGE_LOOP ( 'NONE', ( #4083, #604, #1447, #2791 ) ) ;
#3726 = VECTOR ( 'NONE', #1356, 1000.000000000000000 ) ;
#3727 = DIRECTION ( 'NONE',  ( 1.000000000000000000, 0.000000000000000000, 0.000000000000000000 ) ) ;
#3728 = FACE_OUTER_BOUND ( 'NONE', #2897, .T. ) ;
#3729 = ORIENTED_EDGE ( 'NONE', *, *, #1776, .T. ) ;
#3730 = DIRECTION ( 'NONE',  ( 1.000000000000000000, 0.000000000000000000, 0.000000000000000000 ) ) ;
#3731 = EDGE_LOOP ( 'NONE', ( #2152, #2125, #1803, #3044 ) ) ;
#3732 = DIRECTION ( 'NONE',  ( 1.000000000000000000, 0.000000000000000000, 0.000000000000000000 ) ) ;
#3733 = CARTESIAN_POINT ( 'NONE',  ( 8.195538227613811344, -25.63055894203510832, 21.40422681043756370 ) ) ;
#3734 = VERTEX_POINT ( 'NONE', #2315 ) ;
#3735 = CARTESIAN_POINT ( 'NONE',  ( 12.95380740234171668, 21.03065773702885366, 22.73001814945733301 ) ) ;
#3736 = CARTESIAN_POINT ( 'NONE',  ( 6.069999999999992291, -28.59999999999999076, 22.29999999999996518 ) ) ;
#3737 = CARTESIAN_POINT ( 'NONE',  ( 18.99999999999998224, 28.60000000000001208, 20.99999999999996447 ) ) ;
#3738 = ORIENTED_EDGE ( 'NONE', *, *, #5375, .T. ) ;
#3739 = ADVANCED_FACE ( 'NONE', ( #3129 ), #435, .F. ) ;
#3740 = ORIENTED_EDGE ( 'NONE', *, *, #1923, .T. ) ;
#3741 = CARTESIAN_POINT ( 'NONE',  ( 12.38918535803939847, -21.05109137543965403, 21.53116343328958493 ) ) ;
#3742 = DIRECTION ( 'NONE',  ( 0.4999999999999950595, 6.123233995736705639E-17, -0.8660254037844414832 ) ) ;
#3743 = DIRECTION ( 'NONE',  ( -0.000000000000000000, -0.000000000000000000, -1.000000000000000000 ) ) ;
#3744 = EDGE_CURVE ( 'NONE', #215, #5441, #178, .T. ) ;
#3745 = ORIENTED_EDGE ( 'NONE', *, *, #5582, .F. ) ;
#3746 = PLANE ( 'NONE',  #2252 ) ;
#3747 = VERTEX_POINT ( 'NONE', #1571 ) ;
#3748 = EDGE_CURVE ( 'NONE', #1132, #3097, #3294, .T. ) ;
#3749 = CARTESIAN_POINT ( 'NONE',  ( 13.75374707591482171, 21.10634493763295794, 22.99999999999996447 ) ) ;
#3750 = CARTESIAN_POINT ( 'NONE',  ( 11.79999999999999538, -24.12999999999998124, 22.99999999999996447 ) ) ;
#3751 = CARTESIAN_POINT ( 'NONE',  ( -20.08688103937539537, 26.17000000000001236, 27.36243556529819543 ) ) ;
#3752 = ORIENTED_EDGE ( 'NONE', *, *, #4847, .T. ) ;
#3753 = B_SPLINE_CURVE_WITH_KNOTS ( 'NONE', 3,
 ( #2849, #4511, #1974, #4988 ),
 .UNSPECIFIED., .F., .F.,
 ( 4, 4 ),
 ( 0.000000000000000000, 0.0003784629803916549941 ),
 .UNSPECIFIED. ) ;
#3754 = DIRECTION ( 'NONE',  ( -1.196361017915039486E-16, 1.000000000000000000, 0.000000000000000000 ) ) ;
#3755 = ORIENTED_EDGE ( 'NONE', *, *, #2778, .T. ) ;
#3756 = CARTESIAN_POINT ( 'NONE',  ( -32.00000000000002842, 28.60000000000000853, 29.99999999999996447 ) ) ;
#3757 = DIRECTION ( 'NONE',  ( 1.000000000000000000, 0.000000000000000000, 0.000000000000000000 ) ) ;
#3758 = CARTESIAN_POINT ( 'NONE',  ( 7.801723884135682852, -25.70501655324233781, 21.15617184475022228 ) ) ;
#3759 = ORIENTED_EDGE ( 'NONE', *, *, #596, .T. ) ;
#3760 = CARTESIAN_POINT ( 'NONE',  ( 14.14272316668073870, 19.21638937208000186, 20.99999999999996447 ) ) ;
#3761 = FACE_OUTER_BOUND ( 'NONE', #1800, .T. ) ;
#3762 = LINE ( 'NONE', #3737, #3709 ) ;
#3763 = VECTOR ( 'NONE', #2104, 1000.000000000000000 ) ;
#3764 = ORIENTED_EDGE ( 'NONE', *, *, #4741, .F. ) ;
#3765 = DIRECTION ( 'NONE',  ( 0.000000000000000000, 0.000000000000000000, 1.000000000000000000 ) ) ;
#3766 = LINE ( 'NONE', #4190, #5019 ) ;
#3767 = CARTESIAN_POINT ( 'NONE',  ( -32.00000000000002842, 26.87000000000001165, 29.99999999999996447 ) ) ;
#3768 = EDGE_CURVE ( 'NONE', #1231, #277, #4446, .T. ) ;
#3769 = CARTESIAN_POINT ( 'NONE',  ( -32.00000000000002842, 28.60000000000000853, 29.99999999999996447 ) ) ;
#3770 = CIRCLE ( 'NONE', #1522, 1.299999999999999156 ) ;
#3771 = EDGE_CURVE ( 'NONE', #5403, #3217, #5430, .T. ) ;
#3772 = CARTESIAN_POINT ( 'NONE',  ( -38.29031520715381021, -28.59999999999999787, 9.821407705753079753 ) ) ;
#3773 = ORIENTED_EDGE ( 'NONE', *, *, #114, .T. ) ;
#3774 = EDGE_CURVE ( 'NONE', #4281, #3361, #4149, .T. ) ;
#3775 = CARTESIAN_POINT ( 'NONE',  ( -41.59188818213423389, 17.34113029368173287, 22.99999999999996803 ) ) ;
#3776 = CIRCLE ( 'NONE', #3326, 1.299999999999999156 ) ;
#3777 = CIRCLE ( 'NONE', #3935, 0.8051270189222102802 ) ;
#3778 = EDGE_CURVE ( 'NONE', #3734, #4281, #1171, .T. ) ;
#3779 = FACE_OUTER_BOUND ( 'NONE', #1503, .T. ) ;
#3780 = ORIENTED_EDGE ( 'NONE', *, *, #1156, .F. ) ;
#3781 = CIRCLE ( 'NONE', #3414, 3.099999999999998757 ) ;
#3782 = CARTESIAN_POINT ( 'NONE',  ( 6.907515968344744905, -26.11281830692582062, 21.11875138702038512 ) ) ;
#3783 = ORIENTED_EDGE ( 'NONE', *, *, #3037, .T. ) ;
#3784 = CARTESIAN_POINT ( 'NONE',  ( 18.99999999999998224, 24.50000000000001066, -0.01000000000000002623 ) ) ;
#3785 = CARTESIAN_POINT ( 'NONE',  ( 8.150358959551269322, -25.31633929982983133, 21.44874843929642694 ) ) ;
#3786 = VECTOR ( 'NONE', #4376, 1000.000000000000000 ) ;
#3787 = LINE ( 'NONE', #2440, #3974 ) ;
#3788 = ORIENTED_EDGE ( 'NONE', *, *, #2326, .F. ) ;
#3789 = EDGE_CURVE ( 'NONE', #5441, #1628, #2080, .T. ) ;
#3790 = AXIS2_PLACEMENT_3D ( 'NONE', #2466, #1609, #286 ) ;
#3791 = CARTESIAN_POINT ( 'NONE',  ( -40.58750000000001990, 19.05000000000000071, 26.49999999999999645 ) ) ;
#3792 = DIRECTION ( 'NONE',  ( -0.000000000000000000, -0.000000000000000000, -1.000000000000000000 ) ) ;
#3793 = CARTESIAN_POINT ( 'NONE',  ( -43.10000000000001563, 24.31770153782590072, 9.722050807568834330 ) ) ;
#3794 = CIRCLE ( 'NONE', #5228, 3.100000000000000533 ) ;
#3795 = VERTEX_POINT ( 'NONE', #4135 ) ;
#3796 = DIRECTION ( 'NONE',  ( -1.000000000000000000, 0.000000000000000000, 0.000000000000000000 ) ) ;
#3797 = VECTOR ( 'NONE', #1135, 1000.000000000000000 ) ;
#3798 = CARTESIAN_POINT ( 'NONE',  ( 10.84488939032918253, -21.17135947557742881, 21.47284385161297848 ) ) ;
#3799 = LINE ( 'NONE', #1622, #1971 ) ;
#3800 = CARTESIAN_POINT ( 'NONE',  ( 13.38749999999999574, -24.12999999999998124, 24.99999999999999289 ) ) ;
#3801 = AXIS2_PLACEMENT_3D ( 'NONE', #3751, #2911, #4625 ) ;
#3802 = ORIENTED_EDGE ( 'NONE', *, *, #838, .F. ) ;
#3803 = CARTESIAN_POINT ( 'NONE',  ( -1.930000000000008153, -26.86999999999999389, 22.29999999999996518 ) ) ;
#3804 = ORIENTED_EDGE ( 'NONE', *, *, #3883, .F. ) ;
#3805 = CARTESIAN_POINT ( 'NONE',  ( 10.66224620613662211, -21.24229671186996526, 22.30723426683333699 ) ) ;
#3806 = CARTESIAN_POINT ( 'NONE',  ( -40.58750000000000568, -8.890000000000005898, 26.49999999999999645 ) ) ;
#3807 = VECTOR ( 'NONE', #4918, 1000.000000000000000 ) ;
#3808 = DIRECTION ( 'NONE',  ( 1.000000000000000000, 0.000000000000000000, -0.000000000000000000 ) ) ;
#3809 = ORIENTED_EDGE ( 'NONE', *, *, #77, .T. ) ;
#3810 = EDGE_CURVE ( 'NONE', #3660, #3323, #1624, .T. ) ;
#3811 = CARTESIAN_POINT ( 'NONE',  ( -43.10000000000000853, -11.92315017762062190, 22.99999999999996447 ) ) ;
#3812 = ORIENTED_EDGE ( 'NONE', *, *, #3570, .T. ) ;
#3813 = CARTESIAN_POINT ( 'NONE',  ( -41.74814374603548828, -7.436836319285852426, 21.38974163680201457 ) ) ;
#3814 = EDGE_CURVE ( 'NONE', #935, #1919, #4668, .T. ) ;
#3815 = CARTESIAN_POINT ( 'NONE',  ( -41.49215686274511938, 17.20632048026982019, 22.99999999999996447 ) ) ;
#3816 = VERTEX_POINT ( 'NONE', #3350 ) ;
#3817 = DIRECTION ( 'NONE',  ( -1.196361017915039486E-16, 1.000000000000000000, 0.000000000000000000 ) ) ;
#3818 = FACE_OUTER_BOUND ( 'NONE', #5472, .T. ) ;
#3819 = EDGE_CURVE ( 'NONE', #3936, #3332, #2928, .T. ) ;
#3820 = DIRECTION ( 'NONE',  ( -1.000000000000000000, 0.000000000000000000, 0.000000000000000000 ) ) ;
#3821 = ORIENTED_EDGE ( 'NONE', *, *, #1358, .T. ) ;
#3822 = EDGE_CURVE ( 'NONE', #2004, #2995, #4872, .T. ) ;
#3823 = CARTESIAN_POINT ( 'NONE',  ( -2.468477631085038482, 26.33152236891498887, 20.99999999999996803 ) ) ;
#3824 = DIRECTION ( 'NONE',  ( -1.000000000000000000, -1.794541526872558613E-16, 0.000000000000000000 ) ) ;
#3825 = DIRECTION ( 'NONE',  ( 0.000000000000000000, 1.000000000000000000, -0.000000000000000000 ) ) ;
#3826 = ORIENTED_EDGE ( 'NONE', *, *, #2984, .T. ) ;
#3827 =( NAMED_UNIT ( * ) PLANE_ANGLE_UNIT ( ) SI_UNIT ( $, .RADIAN. ) );
#3828 = ORIENTED_EDGE ( 'NONE', *, *, #4285, .F. ) ;
#3829 = CARTESIAN_POINT ( 'NONE',  ( 9.861722020005315059, -21.70524594079143910, 22.85960858771227322 ) ) ;
#3830 = FACE_OUTER_BOUND ( 'NONE', #1980, .T. ) ;
#3831 = VERTEX_POINT ( 'NONE', #1224 ) ;
#3832 = CARTESIAN_POINT ( 'NONE',  ( -36.69694334509390643, 16.96345458940213291, 21.27228070008171201 ) ) ;
#3833 = ORIENTED_EDGE ( 'NONE', *, *, #4840, .F. ) ;
#3834 = CARTESIAN_POINT ( 'NONE',  ( -41.59073657096877952, -7.179573626355112204, 22.99999998583131955 ) ) ;
#3835 = EDGE_CURVE ( 'NONE', #1302, #345, #4869, .T. ) ;
#3836 = CARTESIAN_POINT ( 'NONE',  ( 7.925721937604428113, -25.69261814854687032, 21.21243574419648326 ) ) ;
#3837 = ORIENTED_EDGE ( 'NONE', *, *, #4787, .F. ) ;
#3838 = CARTESIAN_POINT ( 'NONE',  ( 13.22406505855236247, -26.88465740159130135, 21.08763347779802189 ) ) ;
#3839 = ORIENTED_EDGE ( 'NONE', *, *, #3264, .T. ) ;
#3840 = EDGE_CURVE ( 'NONE', #694, #3399, #2051, .T. ) ;
#3841 = EDGE_CURVE ( 'NONE', #3284, #5342, #1141, .T. ) ;
#3842 = CARTESIAN_POINT ( 'NONE',  ( 18.99999999999997158, 24.50000000000000000, 20.99999999999996447 ) ) ;
#3843 = EDGE_CURVE ( 'NONE', #215, #399, #5538, .T. ) ;
#3844 = CARTESIAN_POINT ( 'NONE',  ( -39.00000000000000711, -8.890000000000005898, 26.49999999999999645 ) ) ;
#3845 = ORIENTED_EDGE ( 'NONE', *, *, #5413, .F. ) ;
#3846 = ADVANCED_FACE ( 'NONE', ( #4585 ), #3432, .F. ) ;
#3847 = LINE ( 'NONE', #3453, #3320 ) ;
#3848 = CARTESIAN_POINT ( 'NONE',  ( 23.09999999999998721, -24.49999999999995737, 20.99999999999996447 ) ) ;
#3849 = CARTESIAN_POINT ( 'NONE',  ( -38.23004566711289698, -27.87468354430379236, 6.712247492510982738 ) ) ;
#3850 = PLANE ( 'NONE',  #4425 ) ;
#3851 = VERTEX_POINT ( 'NONE', #777 ) ;
#3852 = AXIS2_PLACEMENT_3D ( 'NONE', #2740, #533, #2347 ) ;
#3853 = ORIENTED_EDGE ( 'NONE', *, *, #4359, .F. ) ;
#3854 = LINE ( 'NONE', #2957, #5470 ) ;
#3855 = CARTESIAN_POINT ( 'NONE',  ( -43.10000000000002274, 22.08315017762059895, 20.99999999999996447 ) ) ;
#3856 = AXIS2_PLACEMENT_3D ( 'NONE', #1592, #2788, #2027 ) ;
#3857 = AXIS2_PLACEMENT_3D ( 'NONE', #1880, #1458, #3603 ) ;
#3858 = VERTEX_POINT ( 'NONE', #3800 ) ;
#3859 = CARTESIAN_POINT ( 'NONE',  ( -35.39455546114502482, 16.18358107627916453, 21.00000000169472258 ) ) ;
#3860 = VERTEX_POINT ( 'NONE', #2498 ) ;
#3861 = AXIS2_PLACEMENT_3D ( 'NONE', #4482, #1865, #3918 ) ;
#3862 = CARTESIAN_POINT ( 'NONE',  ( -41.53188638055186033, -10.67997597882371252, 21.12567980886501928 ) ) ;
#3863 = AXIS2_PLACEMENT_3D ( 'NONE', #4646, #3403, #4755 ) ;
#3864 = CARTESIAN_POINT ( 'NONE',  ( 6.282775184575574379, -26.65687554105854318, 21.58729936107409841 ) ) ;
#3865 = AXIS2_PLACEMENT_3D ( 'NONE', #5520, #2136, #1232 ) ;
#3866 = ORIENTED_EDGE ( 'NONE', *, *, #766, .F. ) ;
#3867 = DIRECTION ( 'NONE',  ( -0.000000000000000000, -0.000000000000000000, -1.000000000000000000 ) ) ;
#3868 = ORIENTED_EDGE ( 'NONE', *, *, #423, .F. ) ;
#3869 = LINE ( 'NONE', #852, #2438 ) ;
#3870 = AXIS2_PLACEMENT_3D ( 'NONE', #3123, #1311, #5263 ) ;
#3871 = ADVANCED_FACE ( 'NONE', ( #5511 ), #4358, .F. ) ;
#3872 = DIRECTION ( 'NONE',  ( 4.336808689942017736E-16, -1.000000000000000000, 0.000000000000000000 ) ) ;
#3873 = ORIENTED_EDGE ( 'NONE', *, *, #318, .F. ) ;
#3874 = DIRECTION ( 'NONE',  ( -1.000000000000000000, 0.000000000000000000, 0.000000000000000000 ) ) ;
#3875 = AXIS2_PLACEMENT_3D ( 'NONE', #3525, #4881, #2288 ) ;
#3876 = EDGE_CURVE ( 'NONE', #566, #3361, #436, .T. ) ;
#3877 = PLANE ( 'NONE',  #58 ) ;
#3878 = ORIENTED_EDGE ( 'NONE', *, *, #2541, .T. ) ;
#3879 = AXIS2_PLACEMENT_3D ( 'NONE', #2974, #4692, #2124 ) ;
#3880 = DIRECTION ( 'NONE',  ( -0.000000000000000000, -0.000000000000000000, -1.000000000000000000 ) ) ;
#3881 = ORIENTED_EDGE ( 'NONE', *, *, #5413, .T. ) ;
#3882 = LINE ( 'NONE', #1204, #2335 ) ;
#3883 = EDGE_CURVE ( 'NONE', #193, #1568, #5495, .T. ) ;
#3884 = FACE_OUTER_BOUND ( 'NONE', #3314, .T. ) ;
#3885 = CIRCLE ( 'NONE', #2722, 3.099999999999998757 ) ;
#3886 = EDGE_LOOP ( 'NONE', ( #25, #3802, #3352, #1149 ) ) ;
#3887 = ORIENTED_EDGE ( 'NONE', *, *, #3908, .T. ) ;
#3888 = VECTOR ( 'NONE', #4372, 1000.000000000000000 ) ;
#3889 = DIRECTION ( 'NONE',  ( -1.000000000000000000, 0.000000000000000000, 0.000000000000000000 ) ) ;
#3890 = CARTESIAN_POINT ( 'NONE',  ( -39.00000000000002132, 24.50000000000001066, -0.01000000000000002623 ) ) ;
#3891 = FACE_OUTER_BOUND ( 'NONE', #722, .T. ) ;
#3892 = CONICAL_SURFACE ( 'NONE', #1557, 577.3502691896181886, 0.5235987755982931535 ) ;
#3893 = EDGE_LOOP ( 'NONE', ( #1407, #4562, #5483, #1679, #1391, #4129 ) ) ;
#3894 = DIRECTION ( 'NONE',  ( -1.000000000000000000, 0.000000000000000000, 0.000000000000000000 ) ) ;
#3895 = ORIENTED_EDGE ( 'NONE', *, *, #3571, .F. ) ;
#3896 = FACE_OUTER_BOUND ( 'NONE', #1030, .T. ) ;
#3897 = CARTESIAN_POINT ( 'NONE',  ( 10.39999999999998614, -20.89999999999999147, 11.99000000000000021 ) ) ;
#3898 = DIRECTION ( 'NONE',  ( 1.000000000000000000, 0.000000000000000000, 0.000000000000000000 ) ) ;
#3899 = EDGE_LOOP ( 'NONE', ( #1036, #2217, #3460, #3586, #1254 ) ) ;
#3900 = CARTESIAN_POINT ( 'NONE',  ( -35.40000000000002700, 20.90000000000001279, 108.4887421329166983 ) ) ;
#3901 = CARTESIAN_POINT ( 'NONE',  ( -36.81176470588237493, 16.85417981210258276, 20.99999999999996092 ) ) ;
#3902 = DIRECTION ( 'NONE',  ( 0.5000000000000031086, 0.000000000000000000, 0.8660254037844368202 ) ) ;
#3903 = CARTESIAN_POINT ( 'NONE',  ( -39.00000000000002132, 19.05000000000000071, 20.99999999999996803 ) ) ;
#3904 = ADVANCED_FACE ( 'NONE', ( #2557 ), #4783, .T. ) ;
#3905 = ORIENTED_EDGE ( 'NONE', *, *, #846, .F. ) ;
#3906 = CARTESIAN_POINT ( 'NONE',  ( -42.08653929246489156, -8.557505253976236403, 22.74534032725075505 ) ) ;
#3907 = CARTESIAN_POINT ( 'NONE',  ( -43.10000000000002274, 21.86388890999985790, 20.99999999999996447 ) ) ;
#3908 = EDGE_CURVE ( 'NONE', #474, #3912, #5050, .T. ) ;
#3909 = FACE_OUTER_BOUND ( 'NONE', #611, .T. ) ;
#3910 = ADVANCED_FACE ( 'NONE', ( #3119 ), #3850, .T. ) ;
#3911 = CARTESIAN_POINT ( 'NONE',  ( -35.89229631883433314, 19.14230648556328518, 21.29344505955015165 ) ) ;
#3912 = VERTEX_POINT ( 'NONE', #33 ) ;
#3913 = CARTESIAN_POINT ( 'NONE',  ( -42.08693154356740962, -8.561104507559255339, 22.74497043810176322 ) ) ;
#3914 = PLANE ( 'NONE',  #2420 ) ;
#3915 = CARTESIAN_POINT ( 'NONE',  ( 10.67097473497624627, 22.16666666666667851, 22.99999999999996447 ) ) ;
#3916 = CARTESIAN_POINT ( 'NONE',  ( 7.519025186905195390, -26.38541943519221533, 20.99999999999996803 ) ) ;
#3917 = ORIENTED_EDGE ( 'NONE', *, *, #3430, .T. ) ;
#3918 = DIRECTION ( 'NONE',  ( 1.000000000000000000, 0.000000000000000000, 0.000000000000000000 ) ) ;
#3919 = ORIENTED_EDGE ( 'NONE', *, *, #2297, .T. ) ;
#3920 = CARTESIAN_POINT ( 'NONE',  ( 11.79999999999999538, -24.12999999999998124, 22.99999999999996447 ) ) ;
#3921 = CARTESIAN_POINT ( 'NONE',  ( 10.39999999999998614, -20.89999999999999147, 11.99000000000000021 ) ) ;
#3922 = FACE_OUTER_BOUND ( 'NONE', #1988, .T. ) ;
#3923 = VERTEX_POINT ( 'NONE', #465 ) ;
#3924 = CARTESIAN_POINT ( 'NONE',  ( 18.19487298107777207, 24.50000000000001066, 4.150254037844377741 ) ) ;
#3925 = DIRECTION ( 'NONE',  ( 1.000000000000000000, 0.000000000000000000, 0.000000000000000000 ) ) ;
#3926 = CARTESIAN_POINT ( 'NONE',  ( 18.19487298107777917, -24.49999999999998934, 4.150254037844377741 ) ) ;
#3927 = DIRECTION ( 'NONE',  ( -0.000000000000000000, -0.000000000000000000, -1.000000000000000000 ) ) ;
#3928 = CARTESIAN_POINT ( 'NONE',  ( 11.53850232034488954, -27.23006691364996357, 22.89814680566456673 ) ) ;
#3929 = ORIENTED_EDGE ( 'NONE', *, *, #668, .F. ) ;
#3930 = DIRECTION ( 'NONE',  ( 1.000000000000000000, 0.000000000000000000, 0.000000000000000000 ) ) ;
#3931 = EDGE_CURVE ( 'NONE', #4989, #3190, #2617, .T. ) ;
#3932 = CARTESIAN_POINT ( 'NONE',  ( -39.00000000000002132, 24.50000000000001066, 9.722050807568869857 ) ) ;
#3933 = CYLINDRICAL_SURFACE ( 'NONE', #4938, 1.299999999999999156 ) ;
#3934 = EDGE_CURVE ( 'NONE', #3217, #4368, #637, .T. ) ;
#3935 = AXIS2_PLACEMENT_3D ( 'NONE', #775, #1222, #3375 ) ;
#3936 = VERTEX_POINT ( 'NONE', #887 ) ;
#3937 = CARTESIAN_POINT ( 'NONE',  ( -34.33285993177003093, 18.99136875470527741, 21.00000000146830459 ) ) ;
#3938 = EDGE_LOOP ( 'NONE', ( #5029, #4173, #3070, #3780, #69, #4455 ) ) ;
#3939 = ADVANCED_FACE ( 'NONE', ( #1283 ), #550, .F. ) ;
#3940 = CARTESIAN_POINT ( 'NONE',  ( -32.00000000000002842, 26.87000000000001165, 29.99999999999996447 ) ) ;
#3941 = DIRECTION ( 'NONE',  ( 1.000000000000000000, 0.000000000000000000, 0.000000000000000000 ) ) ;
#3942 = ADVANCED_FACE ( 'NONE', ( #1736 ), #918, .T. ) ;
#3943 = TOROIDAL_SURFACE ( 'NONE', #1424, 5.099999999999999645, 2.000000000000000000 ) ;
#3944 = CIRCLE ( 'NONE', #1695, 5.000000000000000888 ) ;
#3945 = CARTESIAN_POINT ( 'NONE',  ( -39.00000000000002132, 24.50000000000001066, -0.01000000000000002623 ) ) ;
#3946 = FACE_OUTER_BOUND ( 'NONE', #5346, .T. ) ;
#3947 = VERTEX_POINT ( 'NONE', #2129 ) ;
#3948 = EDGE_CURVE ( 'NONE', #1753, #806, #280, .T. ) ;
#3949 = AXIS2_PLACEMENT_3D ( 'NONE', #3509, #1245, #430 ) ;
#3950 = LINE ( 'NONE', #3109, #3954 ) ;
#3951 = ORIENTED_EDGE ( 'NONE', *, *, #5485, .T. ) ;
#3952 = DIRECTION ( 'NONE',  ( -1.000000000000000000, 0.000000000000000000, 0.000000000000000000 ) ) ;
#3953 = CARTESIAN_POINT ( 'NONE',  ( 10.61457742944313942, 28.60000000000001208, 22.99999999999996447 ) ) ;
#3954 = VECTOR ( 'NONE', #4826, 1000.000000000000000 ) ;
#3955 = FACE_OUTER_BOUND ( 'NONE', #29, .T. ) ;
#3956 = EDGE_LOOP ( 'NONE', ( #5377, #3978 ) ) ;
#3957 = DIRECTION ( 'NONE',  ( -0.000000000000000000, -0.000000000000000000, -1.000000000000000000 ) ) ;
#3958 = CIRCLE ( 'NONE', #3330, 5.000000000000000888 ) ;
#3959 = B_SPLINE_CURVE_WITH_KNOTS ( 'NONE', 3,
 ( #4040, #3681, #3286, #2864, #4946, #1908, #1507, #3227, #714, #4155, #5390, #4893 ),
 .UNSPECIFIED., .F., .F.,
 ( 4, 2, 2, 2, 2, 4 ),
 ( 0.000000000000000000, 0.0006350366883707917473, 0.001270073376741583495, 0.001905110065112375134, 0.002222628409297769218, 0.002540146753483163520 ),
 .UNSPECIFIED. ) ;
#3960 = CARTESIAN_POINT ( 'NONE',  ( -43.10000000000001563, -23.78815827391347781, 9.822041453417412527 ) ) ;
#3961 = CARTESIAN_POINT ( 'NONE',  ( 10.42120109535650130, -26.90952260610273328, 22.99999999086334412 ) ) ;
#3962 = DIRECTION ( 'NONE',  ( 0.000000000000000000, 0.000000000000000000, 1.000000000000000000 ) ) ;
#3963 = AXIS2_PLACEMENT_3D ( 'NONE', #3029, #975, #206 ) ;
#3964 = VERTEX_POINT ( 'NONE', #4333 ) ;
#3965 = DIRECTION ( 'NONE',  ( 2.832201593431521726E-16, -1.000000000000000000, 0.000000000000000000 ) ) ;
#3966 = VECTOR ( 'NONE', #3743, 1000.000000000000000 ) ;
#3967 = LINE ( 'NONE', #1828, #788 ) ;
#3968 = CARTESIAN_POINT ( 'NONE',  ( -43.10000000000017906, 17.70936107528725145, 20.99999999999989697 ) ) ;
#3969 = VECTOR ( 'NONE', #4812, 1000.000000000000000 ) ;
#3970 = CARTESIAN_POINT ( 'NONE',  ( -34.88036587479374617, 18.12805398539358848, 21.00000000050314242 ) ) ;
#3971 = ORIENTED_EDGE ( 'NONE', *, *, #2120, .F. ) ;
#3972 = FACE_OUTER_BOUND ( 'NONE', #1403, .T. ) ;
#3973 = DIRECTION ( 'NONE',  ( -0.000000000000000000, -0.000000000000000000, -1.000000000000000000 ) ) ;
#3974 = VECTOR ( 'NONE', #4997, 1000.000000000000000 ) ;
#3975 = FACE_BOUND ( 'NONE', #3417, .T. ) ;
#3976 = EDGE_CURVE ( 'NONE', #2868, #141, #5467, .T. ) ;
#3977 = DIRECTION ( 'NONE',  ( -4.336808689942017736E-16, -1.000000000000000000, 0.000000000000000000 ) ) ;
#3978 = ORIENTED_EDGE ( 'NONE', *, *, #5042, .T. ) ;
#3979 = CONICAL_SURFACE ( 'NONE', #2276, 5.409401076758545202, 0.5235987755983051439 ) ;
#3980 = CARTESIAN_POINT ( 'NONE',  ( -41.49215686274511938, 20.89367951973018123, 22.99999999999996447 ) ) ;
#3981 = ORIENTED_EDGE ( 'NONE', *, *, #3931, .F. ) ;
#3982 = EDGE_CURVE ( 'NONE', #1588, #889, #93, .T. ) ;
#3983 = CYLINDRICAL_SURFACE ( 'NONE', #1713, 3.099999999999998757 ) ;
#3984 = PLANE ( 'NONE',  #5334 ) ;
#3985 = VECTOR ( 'NONE', #2828, 1000.000000000000000 ) ;
#3986 = CARTESIAN_POINT ( 'NONE',  ( -35.47131469110144764, 28.60000000000000142, 11.99000000000000021 ) ) ;
#3987 = CARTESIAN_POINT ( 'NONE',  ( -38.28815827391351689, 28.60000000000000142, 9.822041453417405421 ) ) ;
#3988 = CARTESIAN_POINT ( 'NONE',  ( -36.81176470588237493, 16.85417981210257921, 22.99999999999996447 ) ) ;
#3989 = B_SPLINE_CURVE_WITH_KNOTS ( 'NONE', 3,
 ( #2840, #4555, #1589, #772, #2898, #4612 ),
 .UNSPECIFIED., .F., .F.,
 ( 4, 2, 4 ),
 ( 0.003436653063603430265, 0.003920499404226230646, 0.004404345744849031026 ),
 .UNSPECIFIED. ) ;
#3990 = DIRECTION ( 'NONE',  ( 0.000000000000000000, -0.2565161808695954893, -0.9665399365531033293 ) ) ;
#3991 = CARTESIAN_POINT ( 'NONE',  ( 10.53741767725385614, -26.97336171533399352, 22.99999999999996092 ) ) ;
#3992 = ORIENTED_EDGE ( 'NONE', *, *, #34, .T. ) ;
#3993 = CARTESIAN_POINT ( 'NONE',  ( 10.21249999999999503, -24.12999999999998124, 26.49999999999999645 ) ) ;
#3994 = CARTESIAN_POINT ( 'NONE',  ( -42.10000000000000853, -8.890000000000005898, 24.99999999999996803 ) ) ;
#3995 = CARTESIAN_POINT ( 'NONE',  ( -35.40000000000001990, -5.781076894856583159, 20.99999999999996447 ) ) ;
#3996 = CARTESIAN_POINT ( 'NONE',  ( 0.000000000000000000, -27.86998864849432422, 28.69999999999996376 ) ) ;
#3997 = EDGE_LOOP ( 'NONE', ( #2314, #517 ) ) ;
#3998 = DIRECTION ( 'NONE',  ( -0.000000000000000000, 0.2565161808695973211, -0.9665399365531028852 ) ) ;
#3999 = DIRECTION ( 'NONE',  ( 0.000000000000000000, 0.000000000000000000, 1.000000000000000000 ) ) ;
#4000 = EDGE_CURVE ( 'NONE', #1302, #4490, #2158, .T. ) ;
#4001 = DIRECTION ( 'NONE',  ( 1.000000000000000000, 0.000000000000000000, 0.000000000000000000 ) ) ;
#4002 = PLANE ( 'NONE',  #1821 ) ;
#4003 = ORIENTED_EDGE ( 'NONE', *, *, #1324, .T. ) ;
#4004 = CARTESIAN_POINT ( 'NONE',  ( -41.89309703449935540, 20.17535408026936139, 22.89025295395424209 ) ) ;
#4005 = ORIENTED_EDGE ( 'NONE', *, *, #1039, .F. ) ;
#4006 = FACE_OUTER_BOUND ( 'NONE', #135, .T. ) ;
#4007 = EDGE_CURVE ( 'NONE', #3385, #1943, #5230, .T. ) ;
#4008 = FACE_OUTER_BOUND ( 'NONE', #499, .T. ) ;
#4009 = CARTESIAN_POINT ( 'NONE',  ( -32.00000000000002132, -26.86999999999999744, 22.29999999999996518 ) ) ;
#4010 = VERTEX_POINT ( 'NONE', #945 ) ;
#4011 = EDGE_CURVE ( 'NONE', #1753, #1607, #723, .T. ) ;
#4012 = CARTESIAN_POINT ( 'NONE',  ( -35.47131469110144764, 28.60000000000000142, 11.99000000000000021 ) ) ;
#4013 = EDGE_CURVE ( 'NONE', #299, #5492, #3794, .T. ) ;
#4014 = CARTESIAN_POINT ( 'NONE',  ( -39.00000000000000711, -8.890000000000005898, 22.99999999999996447 ) ) ;
#4015 = CARTESIAN_POINT ( 'NONE',  ( -39.00000000000002132, 19.05000000000000071, 22.99999999999996447 ) ) ;
#4016 = CARTESIAN_POINT ( 'NONE',  ( -42.03397910434210871, -9.547567383886070402, 22.79104588681896004 ) ) ;
#4017 = DIRECTION ( 'NONE',  ( 0.000000000000000000, 0.000000000000000000, 1.000000000000000000 ) ) ;
#4018 = ORIENTED_EDGE ( 'NONE', *, *, #2305, .F. ) ;
#4019 = DIRECTION ( 'NONE',  ( -1.000000000000000000, 0.000000000000000000, 0.000000000000000000 ) ) ;
#4020 = CARTESIAN_POINT ( 'NONE',  ( -43.10000000000002274, 16.46763743806229030, 20.99999999999996447 ) ) ;
#4021 = CARTESIAN_POINT ( 'NONE',  ( -36.34964064094713621, -7.237046416158672280, 21.53965707379815697 ) ) ;
#4022 = ORIENTED_EDGE ( 'NONE', *, *, #5324, .T. ) ;
#4023 = CARTESIAN_POINT ( 'NONE',  ( -34.60995503080534519, 18.60333329271854197, 21.00000000186573246 ) ) ;
#4024 = ORIENTED_EDGE ( 'NONE', *, *, #2665, .T. ) ;
#4025 = CARTESIAN_POINT ( 'NONE',  ( -36.81176470588236782, -11.08582018789743096, 22.99999999999996447 ) ) ;
#4026 = DIRECTION ( 'NONE',  ( 1.000000000000000000, 0.000000000000000000, -0.000000000000000000 ) ) ;
#4027 =( NAMED_UNIT ( * ) PLANE_ANGLE_UNIT ( ) SI_UNIT ( $, .RADIAN. ) );
#4028 = VECTOR ( 'NONE', #4504, 1000.000000000000000 ) ;
#4029 = ORIENTED_EDGE ( 'NONE', *, *, #1430, .T. ) ;
#4030 = DIRECTION ( 'NONE',  ( -1.000000000000000000, 0.000000000000000000, 0.000000000000000000 ) ) ;
#4031 = ORIENTED_EDGE ( 'NONE', *, *, #2432, .T. ) ;
#4032 = CIRCLE ( 'NONE', #4845, 2.000000000000000888 ) ;
#4033 = LINE ( 'NONE', #3564, #4595 ) ;
#4034 = AXIS2_PLACEMENT_3D ( 'NONE', #1567, #4245, #5533 ) ;
#4035 = CARTESIAN_POINT ( 'NONE',  ( -32.00000000000002842, 28.60000000000000853, 29.99999999999996447 ) ) ;
#4036 = ORIENTED_EDGE ( 'NONE', *, *, #295, .F. ) ;
#4037 = AXIS2_PLACEMENT_3D ( 'NONE', #307, #278, #2005 ) ;
#4038 = CARTESIAN_POINT ( 'NONE',  ( 6.069999999999992291, -26.16999999999999460, 27.36243556529820253 ) ) ;
#4039 = AXIS2_PLACEMENT_3D ( 'NONE', #730, #2858, #3304 ) ;
#4040 = CARTESIAN_POINT ( 'NONE',  ( -36.81176470588236782, -11.08582018789743273, 22.99999999999996447 ) ) ;
#4041 = VECTOR ( 'NONE', #2155, 1000.000000000000000 ) ;
#4042 = ADVANCED_FACE ( 'NONE', ( #631 ), #177, .T. ) ;
#4043 = CARTESIAN_POINT ( 'NONE',  ( -24.00000000000002132, -28.59999999999999076, 29.99999999999996447 ) ) ;
#4044 = ADVANCED_FACE ( 'NONE', ( #1910 ), #4948, .T. ) ;
#4045 = CARTESIAN_POINT ( 'NONE',  ( -39.00000000000002132, 24.50000000000001066, -994.4552250588358220 ) ) ;
#4046 = LINE ( 'NONE', #3659, #5023 ) ;
#4047 = AXIS2_PLACEMENT_3D ( 'NONE', #3996, #1467, #129 ) ;
#4048 = ORIENTED_EDGE ( 'NONE', *, *, #1397, .T. ) ;
#4049 = CARTESIAN_POINT ( 'NONE',  ( 13.07149048217996068, -21.30275541317595156, 20.99999999999996447 ) ) ;
#4050 = DIRECTION ( 'NONE',  ( 0.000000000000000000, -0.2565161808695954893, 0.9665399365531033293 ) ) ;
#4051 = AXIS2_PLACEMENT_3D ( 'NONE', #4240, #2100, #3503 ) ;
#4052 = CARTESIAN_POINT ( 'NONE',  ( -36.69115951483423288, -10.98053667717642234, 21.30429674553955621 ) ) ;
#4053 = PRODUCT_DEFINITION_SHAPE ( 'NONE', 'NONE',  #110 ) ;
#4054 = VERTEX_POINT ( 'NONE', #5339 ) ;
#4055 = AXIS2_PLACEMENT_3D ( 'NONE', #3200, #624, #2269 ) ;
#4056 = PLANE ( 'NONE',  #4951 ) ;
#4057 = ORIENTED_EDGE ( 'NONE', *, *, #2047, .T. ) ;
#4058 = EDGE_CURVE ( 'NONE', #485, #128, #3163, .T. ) ;
#4059 = DIRECTION ( 'NONE',  ( 1.794541526872558613E-16, -1.000000000000000000, 0.000000000000000000 ) ) ;
#4060 = CARTESIAN_POINT ( 'NONE',  ( -32.00000000000002842, 28.60000000000000853, 22.29999999999996518 ) ) ;
#4061 = AXIS2_PLACEMENT_3D ( 'NONE', #4447, #5309, #4894 ) ;
#4062 = CARTESIAN_POINT ( 'NONE',  ( 15.89999999999998970, -24.49999999999998934, 11.99000000000000021 ) ) ;
#4063 = ORIENTED_EDGE ( 'NONE', *, *, #4011, .T. ) ;
#4064 = CARTESIAN_POINT ( 'NONE',  ( 13.06999999999998607, 24.13000000000000966, 24.99999999999999289 ) ) ;
#4065 = ORIENTED_EDGE ( 'NONE', *, *, #3037, .F. ) ;
#4066 = CIRCLE ( 'NONE', #1631, 1.300000000000000044 ) ;
#4067 = CARTESIAN_POINT ( 'NONE',  ( -39.00000000000002132, 19.05000000000000071, 26.99999999999999645 ) ) ;
#4068 = CARTESIAN_POINT ( 'NONE',  ( 18.99999999999998934, -24.49999999999998934, -0.01000000000000002623 ) ) ;
#4069 = AXIS2_PLACEMENT_3D ( 'NONE', #1778, #3043, #848 ) ;
#4070 = EDGE_LOOP ( 'NONE', ( #3187, #225 ) ) ;
#4071 = CARTESIAN_POINT ( 'NONE',  ( 13.06999999999998607, 24.13000000000000966, 24.99999999999999289 ) ) ;
#4072 = PLANE ( 'NONE',  #3963 ) ;
#4073 = AXIS2_PLACEMENT_3D ( 'NONE', #1784, #2632, #5186 ) ;
#4074 = DIRECTION ( 'NONE',  ( -1.000000000000000000, 0.000000000000000000, 0.000000000000000000 ) ) ;
#4075 = LINE ( 'NONE', #1484, #3343 ) ;
#4076 = CARTESIAN_POINT ( 'NONE',  ( 10.99272790096978092, 28.60000000000000853, 20.99999999999996447 ) ) ;
#4077 = CARTESIAN_POINT ( 'NONE',  ( -24.00000000000002842, 28.60000000000001208, 29.99999999999996447 ) ) ;
#4078 = ORIENTED_EDGE ( 'NONE', *, *, #490, .F. ) ;
#4079 = CARTESIAN_POINT ( 'NONE',  ( 13.11286220588316631, -20.10219196840888145, 20.99999999776492743 ) ) ;
#4080 = CARTESIAN_POINT ( 'NONE',  ( 15.89999999999998970, -24.49999999999998934, 7.990000000000032188 ) ) ;
#4081 = EDGE_CURVE ( 'NONE', #5441, #3477, #3230, .T. ) ;
#4082 = CARTESIAN_POINT ( 'NONE',  ( -36.30719838280511169, -10.43943028061895362, 22.83026988850600247 ) ) ;
#4083 = ORIENTED_EDGE ( 'NONE', *, *, #3931, .T. ) ;
#4084 = LINE ( 'NONE', #3665, #4862 ) ;
#4085 = ORIENTED_EDGE ( 'NONE', *, *, #3042, .T. ) ;
#4086 = CARTESIAN_POINT ( 'NONE',  ( 17.52499999999998082, 24.50000000000001066, 1.650254037844403054 ) ) ;
#4087 = EDGE_CURVE ( 'NONE', #5132, #383, #4075, .T. ) ;
#4088 = CARTESIAN_POINT ( 'NONE',  ( -35.40000000000001990, -15.89999999999998970, 11.99000000000000021 ) ) ;
#4089 = EDGE_CURVE ( 'NONE', #4732, #4989, #3521, .T. ) ;
#4090 = DIRECTION ( 'NONE',  ( 0.000000000000000000, 1.000000000000000000, 0.000000000000000000 ) ) ;
#4091 = ORIENTED_EDGE ( 'NONE', *, *, #4250, .F. ) ;
#4092 = DIRECTION ( 'NONE',  ( -0.000000000000000000, -1.000000000000000000, 0.000000000000000000 ) ) ;
#4093 = EDGE_LOOP ( 'NONE', ( #3030, #5576, #3167, #5144 ) ) ;
#4094 = CARTESIAN_POINT ( 'NONE',  ( 6.069999999999992291, -26.87000000000000099, 22.04474479915421625 ) ) ;
#4095 = LINE ( 'NONE', #902, #4700 ) ;
#4096 = ORIENTED_EDGE ( 'NONE', *, *, #5250, .T. ) ;
#4097 = CARTESIAN_POINT ( 'NONE',  ( 23.09999999999998721, -24.49999999999995737, 9.722050807568896502 ) ) ;
#4098 = CARTESIAN_POINT ( 'NONE',  ( 12.53870904454102586, 21.06703324761119944, 21.58060312949729820 ) ) ;
#4099 = DIRECTION ( 'NONE',  ( 1.000000000000000000, 0.000000000000000000, 0.000000000000000000 ) ) ;
#4100 = DIRECTION ( 'NONE',  ( 1.000000000000000000, 1.196361017915039486E-16, -0.000000000000000000 ) ) ;
#4101 = ORIENTED_EDGE ( 'NONE', *, *, #2665, .F. ) ;
#4102 = CARTESIAN_POINT ( 'NONE',  ( -41.89302443181586000, -10.01549522738066678, 22.89028804250635929 ) ) ;
#4103 = CARTESIAN_POINT ( 'NONE',  ( -32.00000000000002842, 27.86998864849433133, 29.99999999999996447 ) ) ;
#4104 = ORIENTED_EDGE ( 'NONE', *, *, #2569, .T. ) ;
#4105 = DIRECTION ( 'NONE',  ( -0.000000000000000000, -0.000000000000000000, -1.000000000000000000 ) ) ;
#4106 = CARTESIAN_POINT ( 'NONE',  ( -35.90000000000001990, 19.13145541439917707, 22.99187696487157595 ) ) ;
#4107 = CARTESIAN_POINT ( 'NONE',  ( -35.40000000000001990, -5.277521626362299045, 20.99999999999996447 ) ) ;
#4108 = ORIENTED_EDGE ( 'NONE', *, *, #1370, .F. ) ;
#4109 = CARTESIAN_POINT ( 'NONE',  ( -39.00000000000002132, 19.05000000000000071, 26.49999999999999645 ) ) ;
#4110 = ORIENTED_EDGE ( 'NONE', *, *, #4527, .F. ) ;
#4111 = CARTESIAN_POINT ( 'NONE',  ( 12.18067780118185084, 21.15841453882852718, 22.37620794654582923 ) ) ;
#4112 = CARTESIAN_POINT ( 'NONE',  ( 11.70282085565095187, -21.03049018562598604, 22.15543894041157813 ) ) ;
#4113 = EDGE_CURVE ( 'NONE', #750, #1055, #3206, .T. ) ;
#4114 = DIRECTION ( 'NONE',  ( 0.000000000000000000, 0.000000000000000000, -1.000000000000000000 ) ) ;
#4115 = ORIENTED_EDGE ( 'NONE', *, *, #2050, .T. ) ;
#4116 = EDGE_CURVE ( 'NONE', #5441, #215, #1088, .T. ) ;
#4117 = DIRECTION ( 'NONE',  ( -1.000000000000000000, 0.000000000000000000, 0.000000000000000000 ) ) ;
#4118 = ORIENTED_EDGE ( 'NONE', *, *, #3679, .T. ) ;
#4119 = EDGE_CURVE ( 'NONE', #4871, #1190, #3170, .T. ) ;
#4120 = LINE ( 'NONE', #1529, #5579 ) ;
#4121 = B_SPLINE_CURVE_WITH_KNOTS ( 'NONE', 3,
 ( #4012, #628, #2275, #1077, #1049, #1871, #967, #2691, #3987, #3568, #3175, #2388 ),
 .UNSPECIFIED., .F., .F.,
 ( 4, 2, 2, 2, 2, 4 ),
 ( 0.000000000000000000, 0.001076374560676690139, 0.002152749121353380278, 0.003229123682030070417, 0.003767310962368415270, 0.004305498242706760556 ),
 .UNSPECIFIED. ) ;
#4122 = CARTESIAN_POINT ( 'NONE',  ( 7.135579955666507601, -25.52765219784606288, 20.99999999999996803 ) ) ;
#4123 = ORIENTED_EDGE ( 'NONE', *, *, #697, .F. ) ;
#4124 = CARTESIAN_POINT ( 'NONE',  ( 13.62873761121331206, 19.72036457485920735, 20.99999999820854768 ) ) ;
#4125 = CARTESIAN_POINT ( 'NONE',  ( -39.76995433288711013, 27.87468354430379947, 6.712247492510968527 ) ) ;
#4126 = TOROIDAL_SURFACE ( 'NONE', #4307, 1.087500000000000133, 0.5000000000000000000 ) ;
#4127 = CIRCLE ( 'NONE', #1148, 1.587500000000000355 ) ;
#4128 = FACE_OUTER_BOUND ( 'NONE', #4756, .T. ) ;
#4129 = ORIENTED_EDGE ( 'NONE', *, *, #2881, .F. ) ;
#4130 = ORIENTED_EDGE ( 'NONE', *, *, #2942, .T. ) ;
#4131 = CIRCLE ( 'NONE', #2969, 3.099999999999998757 ) ;
#4132 = AXIS2_PLACEMENT_3D ( 'NONE', #4745, #1760, #882 ) ;
#4133 = CARTESIAN_POINT ( 'NONE',  ( 13.12900606625046152, -21.31944769490179326, 21.11911959476543998 ) ) ;
#4134 = CARTESIAN_POINT ( 'NONE',  ( -39.00000000000002132, 24.50000000000001066, 1.650254037844406829 ) ) ;
#4135 = CARTESIAN_POINT ( 'NONE',  ( -35.90000000000001990, 24.50000000000001066, -0.01000000000000002623 ) ) ;
#4136 = VECTOR ( 'NONE', #1558, 1000.000000000000000 ) ;
#4137 = VERTEX_POINT ( 'NONE', #660 ) ;
#4138 = DIRECTION ( 'NONE',  ( -1.000000000000000000, 0.000000000000000000, 0.000000000000000000 ) ) ;
#4139 = ORIENTED_EDGE ( 'NONE', *, *, #2157, .F. ) ;
#4140 = CIRCLE ( 'NONE', #1710, 2.000000000000000444 ) ;
#4141 = LINE ( 'NONE', #2908, #3146 ) ;
#4142 = CARTESIAN_POINT ( 'NONE',  ( 10.94901960784312500, -21.14908866751044769, 22.09428349812013437 ) ) ;
#4143 = CARTESIAN_POINT ( 'NONE',  ( 0.000000000000000000, -27.86998864849432067, 28.69999999999996376 ) ) ;
#4144 = AXIS2_PLACEMENT_3D ( 'NONE', #3842, #2998, #4270 ) ;
#4145 = ORIENTED_EDGE ( 'NONE', *, *, #1586, .F. ) ;
#4146 = CARTESIAN_POINT ( 'NONE',  ( 18.99999999999998934, -24.49999999999998934, 11.99000000000000021 ) ) ;
#4147 = VERTEX_POINT ( 'NONE', #3683 ) ;
#4148 = CARTESIAN_POINT ( 'NONE',  ( 18.99999999999998224, 28.60000000000000853, 9.722050807568882291 ) ) ;
#4149 = CIRCLE ( 'NONE', #1716, 1.299999999999999156 ) ;
#4150 = DIRECTION ( 'NONE',  ( 0.000000000000000000, -1.000000000000000000, 0.000000000000000000 ) ) ;
#4151 = ORIENTED_EDGE ( 'NONE', *, *, #667, .F. ) ;
#4152 = ADVANCED_FACE ( 'NONE', ( #4917 ), #2781, .T. ) ;
#4153 = AXIS2_PLACEMENT_3D ( 'NONE', #1340, #3481, #4275 ) ;
#4154 = CARTESIAN_POINT ( 'NONE',  ( 12.04704988994292947, 21.19936958668661475, 21.57936660941238571 ) ) ;
#4155 = CARTESIAN_POINT ( 'NONE',  ( -35.90555759986762041, -9.103339811384520530, 22.33343032263199746 ) ) ;
#4156 = CIRCLE ( 'NONE', #6, 5.100000000000000533 ) ;
#4157 = CARTESIAN_POINT ( 'NONE',  ( 14.89999999999999325, -24.12999999999998124, 24.99999999999998934 ) ) ;
#4158 = ORIENTED_EDGE ( 'NONE', *, *, #1145, .F. ) ;
#4159 = EDGE_CURVE ( 'NONE', #4304, #474, #3657, .T. ) ;
#4160 = LINE ( 'NONE', #2103, #1334 ) ;
#4161 = ORIENTED_EDGE ( 'NONE', *, *, #651, .T. ) ;
#4162 = AXIS2_PLACEMENT_3D ( 'NONE', #3216, #1863, #1443 ) ;
#4163 = CARTESIAN_POINT ( 'NONE',  ( 11.26517384279846823, -21.07611258228527262, 21.96254747341824398 ) ) ;
#4164 = CARTESIAN_POINT ( 'NONE',  ( -35.90000000000001990, 19.05000000000006466, 22.97868243150786327 ) ) ;
#4165 = AXIS2_PLACEMENT_3D ( 'NONE', #3233, #3573, #1084 ) ;
#4166 = DIRECTION ( 'NONE',  ( 1.000000000000000000, 0.000000000000000000, 0.000000000000000000 ) ) ;
#4167 = ORIENTED_EDGE ( 'NONE', *, *, #530, .F. ) ;
#4168 = CARTESIAN_POINT ( 'NONE',  ( 20.47499999999998366, 24.50000000000001066, -0.01000000000000002623 ) ) ;
#4169 = ORIENTED_EDGE ( 'NONE', *, *, #2326, .T. ) ;
#4170 = CARTESIAN_POINT ( 'NONE',  ( 11.87623422443243548, 21.26707301182290166, 22.41460131011770329 ) ) ;
#4171 = CARTESIAN_POINT ( 'NONE',  ( -42.03397910434212292, 18.39243261611393265, 22.79104588681894228 ) ) ;
#4172 = CARTESIAN_POINT ( 'NONE',  ( 13.59059892324148500, -24.49999999999998934, 11.99000000000000021 ) ) ;
#4173 = ORIENTED_EDGE ( 'NONE', *, *, #4081, .T. ) ;
#4174 = CARTESIAN_POINT ( 'NONE',  ( -39.00000000000002132, 19.05000000000000071, 20.99999999999996803 ) ) ;
#4175 = ORIENTED_EDGE ( 'NONE', *, *, #3670, .F. ) ;
#4176 = ADVANCED_FACE ( 'NONE', ( #1877 ), #5364, .T. ) ;
#4177 = DIRECTION ( 'NONE',  ( -0.000000000000000000, -0.000000000000000000, -1.000000000000000000 ) ) ;
#4178 =( BOUNDED_CURVE ( )  B_SPLINE_CURVE ( 3, ( #2003, #2030, #2763, #724 ),
 .UNSPECIFIED., .F., .T. ) 
 B_SPLINE_CURVE_WITH_KNOTS ( ( 4, 4 ),
 ( 5.597828962690240218, 6.968541651668925141 ),
 .UNSPECIFIED. ) 
 CURVE ( )  GEOMETRIC_REPRESENTATION_ITEM ( )  RATIONAL_B_SPLINE_CURVE ( ( 1.000000000000000000, 0.8494623655913970950, 0.8494623655913970950, 1.000000000000000000 ) ) 
 REPRESENTATION_ITEM ( '' )  );
#4179 = DIRECTION ( 'NONE',  ( -1.000000000000000000, 0.000000000000000000, 0.000000000000000000 ) ) ;
#4180 = VERTEX_POINT ( 'NONE', #145 ) ;
#4181 = EDGE_CURVE ( 'NONE', #1132, #928, #971, .T. ) ;
#4182 = CARTESIAN_POINT ( 'NONE',  ( 13.50831864357322765, 19.82021600810409367, 21.00000000297535152 ) ) ;
#4183 = CARTESIAN_POINT ( 'NONE',  ( 15.95591749068427134, 28.60000000000000497, 11.45768508767369909 ) ) ;
#4184 = EDGE_CURVE ( 'NONE', #3190, #3964, #1997, .T. ) ;
#4185 = CARTESIAN_POINT ( 'NONE',  ( 9.344577429443161165, -28.59999999999999076, 20.99999999999996447 ) ) ;
#4186 = ORIENTED_EDGE ( 'NONE', *, *, #4906, .F. ) ;
#4187 = FACE_OUTER_BOUND ( 'NONE', #4714, .T. ) ;
#4188 = ADVANCED_FACE ( 'NONE', ( #1425 ), #3147, .T. ) ;
#4189 = EDGE_CURVE ( 'NONE', #1209, #4437, #1027, .T. ) ;
#4190 = CARTESIAN_POINT ( 'NONE',  ( 23.10000000000001563, 26.90000000000001990, 4.651666049839564998 ) ) ;
#4191 = CARTESIAN_POINT ( 'NONE',  ( 23.09999999999998721, -24.49999999999998934, 20.99999999999996447 ) ) ;
#4192 = CARTESIAN_POINT ( 'NONE',  ( 23.09999999999997300, 24.31825367542016281, 9.722050807568884068 ) ) ;
#4193 = ORIENTED_EDGE ( 'NONE', *, *, #3365, .F. ) ;
#4194 = CARTESIAN_POINT ( 'NONE',  ( -37.31673218789801183, -28.59999999999999787, 10.28407209302206304 ) ) ;
#4195 = ORIENTED_EDGE ( 'NONE', *, *, #4426, .T. ) ;
#4196 = DIRECTION ( 'NONE',  ( 1.000000000000000000, 0.000000000000000000, 0.000000000000000000 ) ) ;
#4197 = DIRECTION ( 'NONE',  ( 1.000000000000000000, 0.000000000000000000, 0.000000000000000000 ) ) ;
#4198 = ADVANCED_FACE ( 'NONE', ( #4978 ), #1110, .F. ) ;
#4199 = B_SPLINE_CURVE_WITH_KNOTS ( 'NONE', 3,
 ( #2351, #283, #5437, #1579, #1527, #4968, #1103, #5355, #224, #2383, #1498, #3218 ),
 .UNSPECIFIED., .F., .F.,
 ( 4, 2, 2, 2, 2, 4 ),
 ( 0.000000000000000000, 0.001076374560676661516, 0.002152749121353323032, 0.003229123682029984548, 0.003767310962368315957, 0.004305498242706647799 ),
 .UNSPECIFIED. ) ;
#4200 = CARTESIAN_POINT ( 'NONE',  ( -39.00000000000002132, 24.50000000000001066, 11.99000000000000021 ) ) ;
#4201 = ORIENTED_EDGE ( 'NONE', *, *, #4250, .T. ) ;
#4202 = DIRECTION ( 'NONE',  ( -0.000000000000000000, -0.000000000000000000, -1.000000000000000000 ) ) ;
#4203 = ORIENTED_EDGE ( 'NONE', *, *, #2603, .T. ) ;
#4204 = CARTESIAN_POINT ( 'NONE',  ( 18.99999999999998934, -24.49999999999998934, -0.01000000000000002623 ) ) ;
#4205 = DIRECTION ( 'NONE',  ( 1.000000000000000000, 0.000000000000000000, -0.000000000000000000 ) ) ;
#4206 = ORIENTED_EDGE ( 'NONE', *, *, #290, .F. ) ;
#4207 = DIRECTION ( 'NONE',  ( 0.000000000000000000, 0.000000000000000000, 1.000000000000000000 ) ) ;
#4208 =( BOUNDED_CURVE ( )  B_SPLINE_CURVE ( 3, ( #262, #5442, #1215, #4975 ),
 .UNSPECIFIED., .F., .T. ) 
 B_SPLINE_CURVE_WITH_KNOTS ( ( 4, 4 ),
 ( 0.000000000000000000, 1.570796326794896558 ),
 .UNSPECIFIED. ) 
 CURVE ( )  GEOMETRIC_REPRESENTATION_ITEM ( )  RATIONAL_B_SPLINE_CURVE ( ( 1.000000000000000000, 0.8047378541243649375, 0.8047378541243649375, 1.000000000000000000 ) ) 
 REPRESENTATION_ITEM ( '' )  );
#4209 = CARTESIAN_POINT ( 'NONE',  ( 18.99999999999998224, 24.50000000000001066, 9.722050807568907160 ) ) ;
#4210 = CYLINDRICAL_SURFACE ( 'NONE', #1173, 4.100000000000034284 ) ;
#4211 = AXIS2_PLACEMENT_3D ( 'NONE', #3454, #121, #1109 ) ;
#4212 = EDGE_LOOP ( 'NONE', ( #2253, #2630 ) ) ;
#4213 = CARTESIAN_POINT ( 'NONE',  ( 17.03785831296513464, 26.90000000000001990, 4.651666049839564998 ) ) ;
#4214 = AXIS2_PLACEMENT_3D ( 'NONE', #3248, #673, #2006 ) ;
#4215 = CARTESIAN_POINT ( 'NONE',  ( 18.99999999999998224, 24.50000000000001066, 1.650254037844403054 ) ) ;
#4216 = AXIS2_PLACEMENT_3D ( 'NONE', #4896, #472, #40 ) ;
#4217 = CARTESIAN_POINT ( 'NONE',  ( 6.069999999999985185, 26.61348673097529982, 29.03347103513043947 ) ) ;
#4218 = EDGE_CURVE ( 'NONE', #1738, #694, #2520, .T. ) ;
#4219 = UNCERTAINTY_MEASURE_WITH_UNIT (LENGTH_MEASURE( 1.000000000000000082E-05 ), #1226, 'distance_accuracy_value', 'NONE');
#4220 = DIRECTION ( 'NONE',  ( -0.7083290928701378997, 0.7058823529411737407, 0.000000000000000000 ) ) ;
#4221 = AXIS2_PLACEMENT_3D ( 'NONE', #1856, #4424, #1006 ) ;
#4222 = VECTOR ( 'NONE', #597, 1000.000000000000000 ) ;
#4223 = CARTESIAN_POINT ( 'NONE',  ( -35.92198827845042075, -8.468833710967391681, 22.36602181353635999 ) ) ;
#4224 = ORIENTED_EDGE ( 'NONE', *, *, #1600, .F. ) ;
#4225 = DIRECTION ( 'NONE',  ( -1.000000000000000000, 0.000000000000000000, 0.000000000000000000 ) ) ;
#4226 = CYLINDRICAL_SURFACE ( 'NONE', #4852, 1.475000000000000533 ) ;
#4227 = CIRCLE ( 'NONE', #4495, 3.099999999999998757 ) ;
#4228 = CYLINDRICAL_SURFACE ( 'NONE', #3721, 1.299999999999999156 ) ;
#4229 = ORIENTED_EDGE ( 'NONE', *, *, #1119, .F. ) ;
#4230 = VECTOR ( 'NONE', #391, 1000.000000000000000 ) ;
#4231 = DIRECTION ( 'NONE',  ( -0.8039215686274520101, -0.5947353289452181890, 0.000000000000000000 ) ) ;
#4232 = ORIENTED_EDGE ( 'NONE', *, *, #4587, .F. ) ;
#4233 = CARTESIAN_POINT ( 'NONE',  ( -41.82509805795810109, -7.587650285499840663, 21.44594835380322806 ) ) ;
#4234 = DIRECTION ( 'NONE',  ( 0.000000000000000000, -1.000000000000000000, 0.000000000000000000 ) ) ;
#4235 = AXIS2_PLACEMENT_3D ( 'NONE', #2490, #4207, #2943 ) ;
#4236 = CARTESIAN_POINT ( 'NONE',  ( 6.342763507650929888, -26.19172901986300417, 21.52484630624732986 ) ) ;
#4237 = ORIENTED_EDGE ( 'NONE', *, *, #3611, .F. ) ;
#4238 = DIRECTION ( 'NONE',  ( 0.000000000000000000, -1.000000000000000000, 0.000000000000000000 ) ) ;
#4239 = AXIS2_PLACEMENT_3D ( 'NONE', #1560, #1130, #5462 ) ;
#4240 = CARTESIAN_POINT ( 'NONE',  ( -1.930000000000008153, -28.59999999999999076, 29.99999999999996447 ) ) ;
#4241 = CYLINDRICAL_SURFACE ( 'NONE', #518, 1.587500000000000355 ) ;
#4242 = CARTESIAN_POINT ( 'NONE',  ( -43.10000000000002274, 22.24086769813403919, 10.71625969786941113 ) ) ;
#4243 = AXIS2_PLACEMENT_3D ( 'NONE', #1540, #2811, #1051 ) ;
#4244 = ORIENTED_EDGE ( 'NONE', *, *, #3091, .T. ) ;
#4245 = DIRECTION ( 'NONE',  ( -0.000000000000000000, -0.000000000000000000, -1.000000000000000000 ) ) ;
#4246 = CIRCLE ( 'NONE', #5319, 1.299999999999999156 ) ;
#4247 = CARTESIAN_POINT ( 'NONE',  ( 10.39999999999999503, -20.89999999999999147, 20.99999999999996803 ) ) ;
#4248 = CARTESIAN_POINT ( 'NONE',  ( -39.76995433288710302, -27.87468354430379236, 6.712247492510993396 ) ) ;
#4249 = CARTESIAN_POINT ( 'NONE',  ( 23.09999999999997300, 22.23831023626193470, 10.71836822712628212 ) ) ;
#4250 = EDGE_CURVE ( 'NONE', #2815, #5189, #3762, .T. ) ;
#4251 = ORIENTED_EDGE ( 'NONE', *, *, #3272, .F. ) ;
#4252 = CARTESIAN_POINT ( 'NONE',  ( 19.80512701892219241, 24.50000000000001066, 4.150254037844377741 ) ) ;
#4253 = ORIENTED_EDGE ( 'NONE', *, *, #2538, .T. ) ;
#4254 = ADVANCED_FACE ( 'NONE', ( #5424 ), #4210, .T. ) ;
#4255 = CARTESIAN_POINT ( 'NONE',  ( 10.24904872953479362, -21.44139270310723688, 22.61332731682641040 ) ) ;
#4256 = AXIS2_PLACEMENT_3D ( 'NONE', #1660, #813, #2539 ) ;
#4257 = EDGE_CURVE ( 'NONE', #702, #2192, #3619, .T. ) ;
#4258 = EDGE_CURVE ( 'NONE', #4597, #991, #1647, .T. ) ;
#4259 = FACE_OUTER_BOUND ( 'NONE', #320, .T. ) ;
#4260 = VERTEX_POINT ( 'NONE', #4157 ) ;
#4261 = DIRECTION ( 'NONE',  ( -1.000000000000000000, -0.000000000000000000, -0.000000000000000000 ) ) ;
#4262 = ORIENTED_EDGE ( 'NONE', *, *, #1891, .T. ) ;
#4263 = ADVANCED_FACE ( 'NONE', ( #4128 ), #4883, .F. ) ;
#4264 = CARTESIAN_POINT ( 'NONE',  ( -41.95370152577777390, -7.919864766056392114, 21.52202132746906926 ) ) ;
#4265 = EDGE_CURVE ( 'NONE', #4645, #5189, #4066, .T. ) ;
#4266 = DIRECTION ( 'NONE',  ( -1.000000000000000000, 0.000000000000000000, 0.000000000000000000 ) ) ;
#4267 = ORIENTED_EDGE ( 'NONE', *, *, #2846, .T. ) ;
#4268 = CARTESIAN_POINT ( 'NONE',  ( 18.99999999999995381, -24.49999999999995737, 108.4887421329166983 ) ) ;
#4269 = ORIENTED_EDGE ( 'NONE', *, *, #1052, .T. ) ;
#4270 = DIRECTION ( 'NONE',  ( 1.000000000000000000, 0.000000000000000000, 0.000000000000000000 ) ) ;
#4271 = DIRECTION ( 'NONE',  ( -1.000000000000000000, 0.000000000000000000, 0.000000000000000000 ) ) ;
#4272 = ORIENTED_EDGE ( 'NONE', *, *, #5530, .T. ) ;
#4273 = FACE_OUTER_BOUND ( 'NONE', #2746, .T. ) ;
#4274 = CARTESIAN_POINT ( 'NONE',  ( 9.969999999999986429, 24.13000000000000966, 24.99999999999999289 ) ) ;
#4275 = DIRECTION ( 'NONE',  ( 0.7058823529411745179, -0.7083290928701370115, 0.000000000000000000 ) ) ;
#4276 = VERTEX_POINT ( 'NONE', #2895 ) ;
#4277 = DIRECTION ( 'NONE',  ( -1.000000000000000000, 0.000000000000000000, 0.000000000000000000 ) ) ;
#4278 = ORIENTED_EDGE ( 'NONE', *, *, #769, .F. ) ;
#4279 = CARTESIAN_POINT ( 'NONE',  ( 9.402480479629156562, -22.16482672557205902, 21.13013617620445928 ) ) ;
#4280 = CARTESIAN_POINT ( 'NONE',  ( -41.49215686274512649, 20.89367951973017057, 22.99999999999996447 ) ) ;
#4281 = VERTEX_POINT ( 'NONE', #1587 ) ;
#4282 = CARTESIAN_POINT ( 'NONE',  ( -36.50275375784943321, 17.21071789151850950, 22.93687173136151003 ) ) ;
#4283 = ORIENTED_EDGE ( 'NONE', *, *, #2255, .T. ) ;
#4284 = CARTESIAN_POINT ( 'NONE',  ( -41.60264962525945265, -10.58634869909278819, 21.23269800279814490 ) ) ;
#4285 = EDGE_CURVE ( 'NONE', #2750, #1302, #4430, .T. ) ;
#4286 = DIRECTION ( 'NONE',  ( -1.226379264275234197E-16, 0.8660254037844412611, -0.4999999999999954481 ) ) ;
#4287 = ORIENTED_EDGE ( 'NONE', *, *, #3774, .T. ) ;
#4288 = EDGE_CURVE ( 'NONE', #671, #1096, #4296, .T. ) ;
#4289 = DIRECTION ( 'NONE',  ( 0.000000000000000000, 0.4999999999999948930, -0.8660254037844415942 ) ) ;
#4290 = ORIENTED_EDGE ( 'NONE', *, *, #4536, .F. ) ;
#4291 = CARTESIAN_POINT ( 'NONE',  ( 11.79999999999999538, -24.12999999999998124, 22.99999999999996447 ) ) ;
#4292 = DIRECTION ( 'NONE',  ( 1.000000000000000000, 0.000000000000000000, 0.000000000000000000 ) ) ;
#4293 = EDGE_LOOP ( 'NONE', ( #527, #5072, #428, #1717, #2132 ) ) ;
#4294 = LINE ( 'NONE', #2153, #3237 ) ;
#4295 = EDGE_CURVE ( 'NONE', #1544, #2413, #1195, .T. ) ;
#4296 = B_SPLINE_CURVE_WITH_KNOTS ( 'NONE', 3,
 ( #2445, #3793, #2838, #4637, #1218, #5028, #1617, #4242, #376, #3287, #4610, #5531 ),
 .UNSPECIFIED., .F., .F.,
 ( 4, 2, 2, 2, 2, 4 ),
 ( 0.000000000000000000, 0.0005366480903410795903, 0.001073296180682159181, 0.002146592361364320529, 0.003219888542046481662, 0.004293184722728642794 ),
 .UNSPECIFIED. ) ;
#4297 = FACE_OUTER_BOUND ( 'NONE', #2457, .T. ) ;
#4298 = DIRECTION ( 'NONE',  ( -1.000000000000000000, 0.000000000000000000, 0.000000000000000000 ) ) ;
#4299 = VECTOR ( 'NONE', #1676, 1000.000000000000114 ) ;
#4300 = DIRECTION ( 'NONE',  ( 1.000000000000000000, 0.000000000000000000, 0.000000000000000000 ) ) ;
#4301 = VERTEX_POINT ( 'NONE', #4553 ) ;
#4302 = AXIS2_PLACEMENT_3D ( 'NONE', #3310, #900, #3492 ) ;
#4303 = CARTESIAN_POINT ( 'NONE',  ( -38.63954236152400767, -28.59999999999999432, 9.743131612714885037 ) ) ;
#4304 = VERTEX_POINT ( 'NONE', #4185 ) ;
#4305 = DIRECTION ( 'NONE',  ( 0.000000000000000000, 0.000000000000000000, 1.000000000000000000 ) ) ;
#4306 = CARTESIAN_POINT ( 'NONE',  ( -41.49215686274511938, 20.89367951973018478, 20.99999999999998224 ) ) ;
#4307 = AXIS2_PLACEMENT_3D ( 'NONE', #1140, #2156, #5087 ) ;
#4308 = CIRCLE ( 'NONE', #4405, 1.299999999999999156 ) ;
#4309 = ORIENTED_EDGE ( 'NONE', *, *, #3002, .F. ) ;
#4310 = CARTESIAN_POINT ( 'NONE',  ( -36.46251087563285864, 17.25142713434298258, 21.47113593823039324 ) ) ;
#4311 = ORIENTED_EDGE ( 'NONE', *, *, #3336, .F. ) ;
#4312 = AXIS2_PLACEMENT_3D ( 'NONE', #652, #249, #1982 ) ;
#4313 = CARTESIAN_POINT ( 'NONE',  ( 23.10000000000001563, 28.00000000000002132, 2.746410161513777481 ) ) ;
#4314 = VECTOR ( 'NONE', #2250, 1000.000000000000000 ) ;
#4315 = DIRECTION ( 'NONE',  ( -0.000000000000000000, -0.000000000000000000, -1.000000000000000000 ) ) ;
#4316 = DIRECTION ( 'NONE',  ( -0.000000000000000000, -0.000000000000000000, -1.000000000000000000 ) ) ;
#4317 = AXIS2_PLACEMENT_3D ( 'NONE', #5174, #4202, #3464 ) ;
#4318 = ORIENTED_EDGE ( 'NONE', *, *, #2780, .T. ) ;
#4319 = DIRECTION ( 'NONE',  ( -0.000000000000000000, -0.000000000000000000, -1.000000000000000000 ) ) ;
#4320 = ORIENTED_EDGE ( 'NONE', *, *, #4285, .T. ) ;
#4321 = CARTESIAN_POINT ( 'NONE',  ( 11.79999999999999538, -24.12999999999998124, 22.99999999999996447 ) ) ;
#4322 = AXIS2_PLACEMENT_3D ( 'NONE', #2147, #4349, #3020 ) ;
#4323 = ADVANCED_FACE ( 'NONE', ( #319 ), #4578, .T. ) ;
#4324 = LINE ( 'NONE', #4409, #4342 ) ;
#4325 = CARTESIAN_POINT ( 'NONE',  ( 18.99999999999998224, 28.60000000000000853, 108.4887421329166983 ) ) ;
#4326 = ORIENTED_EDGE ( 'NONE', *, *, #4390, .T. ) ;
#4327 = CARTESIAN_POINT ( 'NONE',  ( 17.52499999999998082, 24.50000000000001066, -0.01000000000000002623 ) ) ;
#4328 = VECTOR ( 'NONE', #3998, 1000.000000000000114 ) ;
#4329 = EDGE_CURVE ( 'NONE', #3549, #3302, #4696, .T. ) ;
#4330 = CARTESIAN_POINT ( 'NONE',  ( -42.10000000000002274, 19.04999999999999716, 22.73205080756883945 ) ) ;
#4331 = AXIS2_PLACEMENT_3D ( 'NONE', #3714, #2473, #3820 ) ;
#4332 = ADVANCED_FACE ( 'NONE', ( #715 ), #3053, .F. ) ;
#4333 = CARTESIAN_POINT ( 'NONE',  ( -43.10000000000002274, 16.01684982237938115, 20.99999999999996447 ) ) ;
#4334 = VERTEX_POINT ( 'NONE', #853 ) ;
#4335 = VECTOR ( 'NONE', #1785, 1000.000000000000000 ) ;
#4336 = CARTESIAN_POINT ( 'NONE',  ( 13.06999999999998607, 24.13000000000000966, 24.99999999999999289 ) ) ;
#4337 = DIRECTION ( 'NONE',  ( 1.000000000000000000, 0.000000000000000000, 0.000000000000000000 ) ) ;
#4338 = CARTESIAN_POINT ( 'NONE',  ( -41.89304469011993604, 20.17567551869791487, 22.89031361160084543 ) ) ;
#4339 = CARTESIAN_POINT ( 'NONE',  ( -39.00000000000001421, -24.49999999999998934, 1.650254037844406829 ) ) ;
#4340 = CARTESIAN_POINT ( 'NONE',  ( -36.20351735895292222, 17.68595497378032988, 21.56432186543868923 ) ) ;
#4341 = ORIENTED_EDGE ( 'NONE', *, *, #2773, .T. ) ;
#4342 = VECTOR ( 'NONE', #3050, 1000.000000000000000 ) ;
#4343 = DIRECTION ( 'NONE',  ( -0.000000000000000000, -0.000000000000000000, -1.000000000000000000 ) ) ;
#4344 = CARTESIAN_POINT ( 'NONE',  ( -36.36266049515366205, 17.41187533868285442, 22.86750566013779107 ) ) ;
#4345 = CARTESIAN_POINT ( 'NONE',  ( -30.40000000000002700, 15.90000000000001101, 20.99999999999996447 ) ) ;
#4346 = ORIENTED_EDGE ( 'NONE', *, *, #2202, .T. ) ;
#4347 = FACE_OUTER_BOUND ( 'NONE', #922, .T. ) ;
#4348 = EDGE_LOOP ( 'NONE', ( #5151, #2620 ) ) ;
#4349 = DIRECTION ( 'NONE',  ( 0.000000000000000000, -0.8660254037844415942, -0.4999999999999948930 ) ) ;
#4350 = DIRECTION ( 'NONE',  ( 0.000000000000000000, 0.000000000000000000, -1.000000000000000000 ) ) ;
#4351 = CARTESIAN_POINT ( 'NONE',  ( -35.40000000000001990, -15.89999999999998970, 20.99999999999996447 ) ) ;
#4352 = ORIENTED_EDGE ( 'NONE', *, *, #5225, .F. ) ;
#4353 = CARTESIAN_POINT ( 'NONE',  ( 9.969999999999986429, 24.13000000000000966, 22.99999999999996447 ) ) ;
#4354 = ADVANCED_FACE ( 'NONE', ( #53 ), #2810, .F. ) ;
#4355 = CARTESIAN_POINT ( 'NONE',  ( -37.41250000000002274, 19.05000000000000071, 26.99999999999999645 ) ) ;
#4356 = EDGE_CURVE ( 'NONE', #1963, #3858, #2576, .T. ) ;
#4357 = CARTESIAN_POINT ( 'NONE',  ( 12.06341459001635918, -27.22989576826733682, 22.89824025536013963 ) ) ;
#4358 = CYLINDRICAL_SURFACE ( 'NONE', #2358, 1.474999999999997202 ) ;
#4359 = EDGE_CURVE ( 'NONE', #4010, #541, #1369, .T. ) ;
#4360 = CARTESIAN_POINT ( 'NONE',  ( 15.14558759523304943, 28.60000000000000853, 20.99999999999996447 ) ) ;
#4361 = ORIENTED_EDGE ( 'NONE', *, *, #2439, .F. ) ;
#4362 = EDGE_CURVE ( 'NONE', #2744, #809, #1093, .T. ) ;
#4363 = LINE ( 'NONE', #2389, #4866 ) ;
#4364 = CARTESIAN_POINT ( 'NONE',  ( 13.06999999999998607, 24.13000000000000966, 26.49999999999999645 ) ) ;
#4365 = CARTESIAN_POINT ( 'NONE',  ( -42.08694391778487898, 18.72160580822858122, 22.74494939373512992 ) ) ;
#4366 = ORIENTED_EDGE ( 'NONE', *, *, #350, .F. ) ;
#4367 = FACE_OUTER_BOUND ( 'NONE', #2142, .T. ) ;
#4368 = VERTEX_POINT ( 'NONE', #4351 ) ;
#4369 = CARTESIAN_POINT ( 'NONE',  ( 9.983118960624624449, -26.86999999999999744, 26.14999999999996660 ) ) ;
#4370 = CARTESIAN_POINT ( 'NONE',  ( 18.99999999999998934, -24.49999999999998934, -0.01000000000000002623 ) ) ;
#4371 = CARTESIAN_POINT ( 'NONE',  ( -32.00000000000002132, -28.59999999999999076, 29.99999999999996447 ) ) ;
#4372 = DIRECTION ( 'NONE',  ( -1.245016848787182012E-16, 1.000000000000000000, 0.000000000000000000 ) ) ;
#4373 = ORIENTED_EDGE ( 'NONE', *, *, #3982, .F. ) ;
#4374 = CARTESIAN_POINT ( 'NONE',  ( 6.069999999999992291, -26.86999999999999744, 29.99999999999996447 ) ) ;
#4375 = ORIENTED_EDGE ( 'NONE', *, *, #3324, .T. ) ;
#4376 = DIRECTION ( 'NONE',  ( 1.000000000000000000, -0.000000000000000000, 0.000000000000000000 ) ) ;
#4377 = DIRECTION ( 'NONE',  ( -2.832201593431521726E-16, 1.000000000000000000, 0.000000000000000000 ) ) ;
#4378 = CARTESIAN_POINT ( 'NONE',  ( -39.00000000000001421, -24.49999999999998934, -994.4552250588358220 ) ) ;
#4379 = ORIENTED_EDGE ( 'NONE', *, *, #4007, .T. ) ;
#4380 = DIRECTION ( 'NONE',  ( 1.000000000000000000, 1.196361017915039486E-16, -0.000000000000000000 ) ) ;
#4381 = FACE_OUTER_BOUND ( 'NONE', #334, .T. ) ;
#4382 = CARTESIAN_POINT ( 'NONE',  ( 24.40940107675849191, -24.49999999999998934, 11.99000000000000021 ) ) ;
#4383 = ADVANCED_FACE ( 'NONE', ( #3451 ), #1, .F. ) ;
#4384 = DIRECTION ( 'NONE',  ( -0.9120143828464606361, 0.4101582200580524140, 2.867004816939770968E-16 ) ) ;
#4385 = CARTESIAN_POINT ( 'NONE',  ( -37.03785831296517017, 26.90000000000001279, 4.651666049839564998 ) ) ;
#4386 = ORIENTED_EDGE ( 'NONE', *, *, #1079, .F. ) ;
#4387 = LINE ( 'NONE', #4815, #896 ) ;
#4388 = B_SPLINE_CURVE_WITH_KNOTS ( 'NONE', 3,
 ( #2309, #3184, #1005, #555, #1431, #3551, #2195, #3906, #522, #2643 ),
 .UNSPECIFIED., .F., .F.,
 ( 4, 2, 2, 2, 4 ),
 ( 0.000000000000000000, 0.0004975738467385423065, 0.0009951476934770846130, 0.001492721540215624426, 0.001990295386954164455 ),
 .UNSPECIFIED. ) ;
#4389 = CARTESIAN_POINT ( 'NONE',  ( -24.00000000000002132, -28.59999999999999076, 29.99999999999996447 ) ) ;
#4390 = EDGE_CURVE ( 'NONE', #1864, #3465, #1730, .T. ) ;
#4391 = CARTESIAN_POINT ( 'NONE',  ( -41.99559860017870960, 19.86439669635525007, 22.82271027693940724 ) ) ;
#4392 = AXIS2_PLACEMENT_3D ( 'NONE', #1616, #4658, #450 ) ;
#4393 = ADVANCED_FACE ( 'NONE', ( #2606 ), #3420, .F. ) ;
#4394 = EDGE_LOOP ( 'NONE', ( #3344, #201, #4611, #636 ) ) ;
#4395 = CARTESIAN_POINT ( 'NONE',  ( -33.98991428406056770, 19.38185233482906966, 20.99999999999996447 ) ) ;
#4396 = VERTEX_POINT ( 'NONE', #4718 ) ;
#4397 = DIRECTION ( 'NONE',  ( -1.000000000000000000, 0.000000000000000000, 0.000000000000000000 ) ) ;
#4398 = CARTESIAN_POINT ( 'NONE',  ( -40.08750000000001990, 19.05000000000000071, 26.49999999999999645 ) ) ;
#4399 = CIRCLE ( 'NONE', #1602, 3.099999999999998757 ) ;
#4400 = VECTOR ( 'NONE', #2729, 1000.000000000000000 ) ;
#4401 = DIRECTION ( 'NONE',  ( -0.000000000000000000, -0.000000000000000000, -1.000000000000000000 ) ) ;
#4402 = CYLINDRICAL_SURFACE ( 'NONE', #4973, 1.299999999999999156 ) ;
#4403 = ORIENTED_EDGE ( 'NONE', *, *, #2568, .F. ) ;
#4404 = AXIS2_PLACEMENT_3D ( 'NONE', #3404, #5146, #1290 ) ;
#4405 = AXIS2_PLACEMENT_3D ( 'NONE', #120, #5279, #4892 ) ;
#4406 = CARTESIAN_POINT ( 'NONE',  ( 18.99999999999998934, -24.49999999999998934, 7.990000000000032188 ) ) ;
#4407 = ORIENTED_EDGE ( 'NONE', *, *, #5188, .T. ) ;
#4408 = CARTESIAN_POINT ( 'NONE',  ( -35.40000000000002700, 15.90000000000001101, 20.99999999999996447 ) ) ;
#4409 = CARTESIAN_POINT ( 'NONE',  ( 6.069999999999990514, -26.61348673097528561, 29.03347103513044303 ) ) ;
#4410 = VECTOR ( 'NONE', #3824, 1000.000000000000000 ) ;
#4411 = ADVANCED_FACE ( 'NONE', ( #3955 ), #4605, .F. ) ;
#4412 = CARTESIAN_POINT ( 'NONE',  ( 10.97340512851791772, 21.80514787863365100, 21.50674831162154987 ) ) ;
#4413 = ORIENTED_EDGE ( 'NONE', *, *, #4000, .T. ) ;
#4414 = DIRECTION ( 'NONE',  ( 1.000000000000000000, 0.000000000000000000, 0.000000000000000000 ) ) ;
#4415 = TOROIDAL_SURFACE ( 'NONE', #3865, 1.087499999999999023, 0.5000000000000000000 ) ;
#4416 = CARTESIAN_POINT ( 'NONE',  ( -36.56198823134728570, 17.13529411764867660, 22.95733048496654050 ) ) ;
#4417 = CARTESIAN_POINT ( 'NONE',  ( -24.00000000000002842, 26.17000000000001236, 27.36243556529819543 ) ) ;
#4418 = AXIS2_PLACEMENT_3D ( 'NONE', #4067, #3651, #4828 ) ;
#4419 = CARTESIAN_POINT ( 'NONE',  ( 14.44879890464313377, 26.90952260610294289, 22.99999999086334412 ) ) ;
#4420 = ORIENTED_EDGE ( 'NONE', *, *, #3814, .T. ) ;
#4421 = EDGE_CURVE ( 'NONE', #3851, #1034, #1305, .T. ) ;
#4422 = AXIS2_PLACEMENT_3D ( 'NONE', #1749, #3466, #5177 ) ;
#4423 = CARTESIAN_POINT ( 'NONE',  ( -43.10000000000002274, 24.50000000000001066, 9.722050807568827224 ) ) ;
#4424 = DIRECTION ( 'NONE',  ( 0.000000000000000000, -1.000000000000000000, 0.000000000000000000 ) ) ;
#4425 = AXIS2_PLACEMENT_3D ( 'NONE', #3903, #3962, #4750 ) ;
#4426 = EDGE_CURVE ( 'NONE', #1544, #5336, #4970, .T. ) ;
#4427 = CARTESIAN_POINT ( 'NONE',  ( -40.58750000000001990, 19.05000000000000071, 26.99999999999999645 ) ) ;
#4428 = ORIENTED_EDGE ( 'NONE', *, *, #3843, .F. ) ;
#4429 = CARTESIAN_POINT ( 'NONE',  ( 6.069999999999992291, -26.16999999999999460, 27.36243556529820253 ) ) ;
#4430 = CIRCLE ( 'NONE', #554, 5.100000000000000533 ) ;
#4431 = DIRECTION ( 'NONE',  ( -1.000000000000000000, 0.000000000000000000, 0.000000000000000000 ) ) ;
#4432 = EDGE_CURVE ( 'NONE', #5336, #1544, #2087, .T. ) ;
#4433 = ADVANCED_FACE ( 'NONE', ( #3922 ), #938, .F. ) ;
#4434 = DIRECTION ( 'NONE',  ( -0.000000000000000000, -0.000000000000000000, -1.000000000000000000 ) ) ;
#4435 = ORIENTED_EDGE ( 'NONE', *, *, #3948, .T. ) ;
#4436 = EDGE_CURVE ( 'NONE', #4301, #3734, #401, .T. ) ;
#4437 = VERTEX_POINT ( 'NONE', #5187 ) ;
#4438 = CARTESIAN_POINT ( 'NONE',  ( -32.00000000000002132, -27.86998864849432067, 29.99999999999996447 ) ) ;
#4439 = DIRECTION ( 'NONE',  ( -0.000000000000000000, -0.000000000000000000, -1.000000000000000000 ) ) ;
#4440 = AXIS2_PLACEMENT_3D ( 'NONE', #3565, #5276, #571 ) ;
#4441 = CARTESIAN_POINT ( 'NONE',  ( -32.00000000000002132, -26.16999999999999815, 27.36243556529819543 ) ) ;
#4442 = EDGE_LOOP ( 'NONE', ( #4554, #3677, #3482, #2041, #2130, #3812 ) ) ;
#4443 = CARTESIAN_POINT ( 'NONE',  ( 22.09999999999998010, 24.50000000000001066, -0.01000000000000002623 ) ) ;
#4444 = AXIS2_PLACEMENT_3D ( 'NONE', #3890, #108, #21 ) ;
#4445 = CARTESIAN_POINT ( 'NONE',  ( -43.10000000000000853, -24.49999999999998934, 9.722050807568827224 ) ) ;
#4446 = B_SPLINE_CURVE_WITH_KNOTS ( 'NONE', 3,
 ( #5088, #1678, #2953, #2903, #4249, #5063, #5115, #804, #2106, #4619, #4192, #3377 ),
 .UNSPECIFIED., .F., .F.,
 ( 4, 2, 2, 2, 2, 4 ),
 ( 0.000000000000000000, 0.001076374560676664552, 0.002152749121353329104, 0.003229123682029993656, 0.003767310962368325931, 0.004305498242706658207 ),
 .UNSPECIFIED. ) ;
#4447 = CARTESIAN_POINT ( 'NONE',  ( 11.79999999999999538, -24.12999999999998124, 24.99999999999998934 ) ) ;
#4448 = CARTESIAN_POINT ( 'NONE',  ( 11.80734441050854677, 26.96418238507860465, 22.99228251101830622 ) ) ;
#4449 = DIRECTION ( 'NONE',  ( -1.000000000000000000, 0.000000000000000000, 0.000000000000000000 ) ) ;
#4450 = ORIENTED_EDGE ( 'NONE', *, *, #5354, .T. ) ;
#4451 = DIRECTION ( 'NONE',  ( 0.000000000000000000, 0.000000000000000000, 1.000000000000000000 ) ) ;
#4452 = CARTESIAN_POINT ( 'NONE',  ( -41.89301600933671921, 17.92428546622826957, 22.89032479504382778 ) ) ;
#4453 = CARTESIAN_POINT ( 'NONE',  ( -35.40000000000001990, -11.99952876342913477, 20.99999999999996447 ) ) ;
#4454 = FACE_OUTER_BOUND ( 'NONE', #682, .T. ) ;
#4455 = ORIENTED_EDGE ( 'NONE', *, *, #1211, .F. ) ;
#4456 = CARTESIAN_POINT ( 'NONE',  ( -39.00000000000000711, -8.890000000000005898, 26.99999999999999645 ) ) ;
#4457 = CARTESIAN_POINT ( 'NONE',  ( -35.90000000000001990, 24.50000000000001066, 11.99000000000000021 ) ) ;
#4458 = DIRECTION ( 'NONE',  ( 0.000000000000000000, 0.000000000000000000, 1.000000000000000000 ) ) ;
#4459 = EDGE_LOOP ( 'NONE', ( #2764, #5052, #4278, #2449, #408, #2986 ) ) ;
#4460 = CARTESIAN_POINT ( 'NONE',  ( -41.82945356339414644, 20.32713080830545138, 22.92565406578695075 ) ) ;
#4461 = VERTEX_POINT ( 'NONE', #2634 ) ;
#4462 = EDGE_CURVE ( 'NONE', #4334, #4645, #2210, .T. ) ;
#4463 = DIRECTION ( 'NONE',  ( 0.000000000000000000, 0.000000000000000000, -1.000000000000000000 ) ) ;
#4464 = EDGE_CURVE ( 'NONE', #250, #2839, #3507, .T. ) ;
#4465 = CARTESIAN_POINT ( 'NONE',  ( 9.308926411912691989, 20.90000000000001279, 20.99999999999996447 ) ) ;
#4466 = ORIENTED_EDGE ( 'NONE', *, *, #418, .F. ) ;
#4467 = CARTESIAN_POINT ( 'NONE',  ( 18.99999999999998934, -28.59999999999999076, 9.722050807568896502 ) ) ;
#4468 = CARTESIAN_POINT ( 'NONE',  ( -39.00000000000002132, 19.05000000000000071, 20.99999999999996803 ) ) ;
#4469 = ADVANCED_FACE ( 'NONE', ( #2299 ), #572, .F. ) ;
#4470 = CARTESIAN_POINT ( 'NONE',  ( 11.73668283018718306, 26.93211392633855183, 21.16171221067520136 ) ) ;
#4471 = DIRECTION ( 'NONE',  ( 1.000000000000000000, 1.196361017915039486E-16, -0.000000000000000000 ) ) ;
#4472 = ORIENTED_EDGE ( 'NONE', *, *, #3457, .F. ) ;
#4473 = CARTESIAN_POINT ( 'NONE',  ( -41.49215686274511938, 17.20632048026982019, 22.99999999999996447 ) ) ;
#4474 = CARTESIAN_POINT ( 'NONE',  ( -35.40000000000001990, -9.732432777553542635, 20.99999999999996447 ) ) ;
#4475 = FACE_OUTER_BOUND ( 'NONE', #1465, .T. ) ;
#4476 = EDGE_LOOP ( 'NONE', ( #3971, #1574 ) ) ;
#4477 = FACE_OUTER_BOUND ( 'NONE', #1069, .T. ) ;
#4478 = CYLINDRICAL_SURFACE ( 'NONE', #3852, 1.299999999999999156 ) ;
#4479 = CIRCLE ( 'NONE', #4761, 3.099999999999998757 ) ;
#4480 = CARTESIAN_POINT ( 'NONE',  ( 10.67097473497624627, 22.16666666666667851, 22.99999999999996447 ) ) ;
#4481 = ORIENTED_EDGE ( 'NONE', *, *, #4113, .F. ) ;
#4482 = CARTESIAN_POINT ( 'NONE',  ( 13.06999999999998607, 24.13000000000000966, 22.99999999999996447 ) ) ;
#4483 = ORIENTED_EDGE ( 'NONE', *, *, #2439, .T. ) ;
#4484 = VECTOR ( 'NONE', #696, 1000.000000000000000 ) ;
#4485 = LINE ( 'NONE', #1417, #2442 ) ;
#4486 = CIRCLE ( 'NONE', #2059, 5.000000000000000888 ) ;
#4487 = LINE ( 'NONE', #4009, #2172 ) ;
#4488 = ADVANCED_FACE ( 'NONE', ( #1419 ), #1959, .F. ) ;
#4489 = CIRCLE ( 'NONE', #4221, 5.000000000000000888 ) ;
#4490 = VERTEX_POINT ( 'NONE', #965 ) ;
#4491 = VECTOR ( 'NONE', #3595, 999.9999999999998863 ) ;
#4492 = CARTESIAN_POINT ( 'NONE',  ( 23.09999999999998721, -22.81673218789799407, 10.28407209302210923 ) ) ;
#4493 = EDGE_CURVE ( 'NONE', #2122, #4825, #4863, .T. ) ;
#4494 = CARTESIAN_POINT ( 'NONE',  ( -36.52857580648240088, -7.007508727961965000, 22.95485906511203211 ) ) ;
#4495 = AXIS2_PLACEMENT_3D ( 'NONE', #4406, #540, #1020 ) ;
#4496 = CARTESIAN_POINT ( 'NONE',  ( 13.33149767965509369, 27.23006691364999199, 22.89814680566456317 ) ) ;
#4497 = AXIS2_PLACEMENT_3D ( 'NONE', #56, #549, #2187 ) ;
#4498 = DIRECTION ( 'NONE',  ( 1.000000000000000000, 0.000000000000000000, -0.000000000000000000 ) ) ;
#4499 = CARTESIAN_POINT ( 'NONE',  ( -39.00000000000002132, 24.50000000000001066, 11.99000000000000021 ) ) ;
#4500 = CARTESIAN_POINT ( 'NONE',  ( -39.00000000000002132, 19.05000000000000071, 20.99999999999996803 ) ) ;
#4501 = AXIS2_PLACEMENT_3D ( 'NONE', #3034, #4731, #2565 ) ;
#4502 = EDGE_CURVE ( 'NONE', #3110, #579, #5412, .T. ) ;
#4503 = ORIENTED_EDGE ( 'NONE', *, *, #4295, .T. ) ;
#4504 = DIRECTION ( 'NONE',  ( -0.000000000000000000, -0.000000000000000000, -1.000000000000000000 ) ) ;
#4505 = DIRECTION ( 'NONE',  ( -0.000000000000000000, -0.000000000000000000, -1.000000000000000000 ) ) ;
#4506 = EDGE_CURVE ( 'NONE', #3159, #5550, #4912, .T. ) ;
#4507 = VECTOR ( 'NONE', #1934, 1000.000000000000000 ) ;
#4508 = CARTESIAN_POINT ( 'NONE',  ( -35.96324872107129522, -9.540114809478247082, 21.57856394737524042 ) ) ;
#4509 = VERTEX_POINT ( 'NONE', #3986 ) ;
#4510 = AXIS2_PLACEMENT_3D ( 'NONE', #4369, #1441, #1385 ) ;
#4511 = CARTESIAN_POINT ( 'NONE',  ( -36.72166664270991276, 16.94396665478317132, 22.99999999999996447 ) ) ;
#4512 = ORIENTED_EDGE ( 'NONE', *, *, #2157, .T. ) ;
#4513 = CARTESIAN_POINT ( 'NONE',  ( 6.907515968344914548, -25.56999999999999673, 20.99999999999996803 ) ) ;
#4514 = VECTOR ( 'NONE', #5478, 1000.000000000000000 ) ;
#4515 = CARTESIAN_POINT ( 'NONE',  ( 6.069999999999992291, -28.59999999999999076, 29.99999999999996447 ) ) ;
#4516 = ORIENTED_EDGE ( 'NONE', *, *, #774, .T. ) ;
#4517 = CARTESIAN_POINT ( 'NONE',  ( -22.70000000000002061, 19.05000000000000071, 20.99999999999996803 ) ) ;
#4518 = ORIENTED_EDGE ( 'NONE', *, *, #3948, .F. ) ;
#4519 = CARTESIAN_POINT ( 'NONE',  ( 10.39999999999998259, 20.90000000000001279, 20.99999999999996447 ) ) ;
#4520 = DIRECTION ( 'NONE',  ( 1.000000000000000000, 0.000000000000000000, 0.000000000000000000 ) ) ;
#4521 = AXIS2_PLACEMENT_3D ( 'NONE', #2348, #4434, #564 ) ;
#4522 = VERTEX_POINT ( 'NONE', #4441 ) ;
#4523 = CARTESIAN_POINT ( 'NONE',  ( 23.09999999999998721, -20.97131469110149737, 11.99000000000000021 ) ) ;
#4524 = CARTESIAN_POINT ( 'NONE',  ( 11.79999999999999538, -24.12999999999998124, 26.99999999999999645 ) ) ;
#4525 = CARTESIAN_POINT ( 'NONE',  ( 18.11784377017405134, 28.60000000000001918, 9.879219836709783209 ) ) ;
#4526 = DIRECTION ( 'NONE',  ( 0.000000000000000000, 0.000000000000000000, 1.000000000000000000 ) ) ;
#4527 = EDGE_CURVE ( 'NONE', #1087, #5246, #2989, .T. ) ;
#4528 = CARTESIAN_POINT ( 'NONE',  ( 18.99999999999998224, 24.50000000000001066, -0.01000000000000002623 ) ) ;
#4529 = DIRECTION ( 'NONE',  ( 0.000000000000000000, 0.000000000000000000, 1.000000000000000000 ) ) ;
#4530 = PRODUCT_RELATED_PRODUCT_CATEGORY ( 'part', '', ( #4909 ) ) ;
#4531 = ORIENTED_EDGE ( 'NONE', *, *, #70, .T. ) ;
#4532 = EDGE_CURVE ( 'NONE', #3373, #35, #4487, .T. ) ;
#4533 = CARTESIAN_POINT ( 'NONE',  ( 11.25339429402806957, -21.07760469109787493, 21.44979968165900530 ) ) ;
#4534 = B_SPLINE_CURVE_WITH_KNOTS ( 'NONE', 3,
 ( #4097, #142, #5255, #547, #4865, #3115, #4492, #657, #4831, #1819, #1396, #4523 ),
 .UNSPECIFIED., .F., .F.,
 ( 4, 2, 2, 2, 2, 4 ),
 ( 0.000000000000000000, 0.0005366480903410653872, 0.001073296180682130774, 0.002146592361364258947, 0.003219888542046387553, 0.004293184722728516159 ),
 .UNSPECIFIED. ) ;
#4535 = CARTESIAN_POINT ( 'NONE',  ( -1.930000000000015037, 28.60000000000000853, 29.99999999999996447 ) ) ;
#4536 = EDGE_CURVE ( 'NONE', #1738, #1132, #4246, .T. ) ;
#4537 = CARTESIAN_POINT ( 'NONE',  ( -35.40000000000001990, -7.719331634752863991, 20.99999999999996447 ) ) ;
#4538 = EDGE_CURVE ( 'NONE', #4719, #903, #1023, .T. ) ;
#4539 = ORIENTED_EDGE ( 'NONE', *, *, #3504, .F. ) ;
#4540 = DIRECTION ( 'NONE',  ( 0.5000000000000054401, 0.000000000000000000, 0.8660254037844353769 ) ) ;
#4541 = ORIENTED_EDGE ( 'NONE', *, *, #3642, .F. ) ;
#4542 = ADVANCED_FACE ( 'NONE', ( #172, #1903 ), #2355, .F. ) ;
#4543 = CARTESIAN_POINT ( 'NONE',  ( 12.87671801841521457, -21.21516082195390140, 22.99999999999996092 ) ) ;
#4544 = DIRECTION ( 'NONE',  ( 0.000000000000000000, 0.000000000000000000, -1.000000000000000000 ) ) ;
#4545 = ORIENTED_EDGE ( 'NONE', *, *, #360, .F. ) ;
#4546 = CARTESIAN_POINT ( 'NONE',  ( -3.230000000000017746, 19.05000000000000071, 20.99999999999996803 ) ) ;
#4547 = ORIENTED_EDGE ( 'NONE', *, *, #1433, .F. ) ;
#4548 = LINE ( 'NONE', #2860, #5402 ) ;
#4549 = CARTESIAN_POINT ( 'NONE',  ( 6.907515968344911883, -25.85757821772606491, 20.99999999999996803 ) ) ;
#4550 = ORIENTED_EDGE ( 'NONE', *, *, #1079, .T. ) ;
#4551 = CARTESIAN_POINT ( 'NONE',  ( 13.05117421606033545, 21.02847329332445980, 22.78536962181200209 ) ) ;
#4552 = CARTESIAN_POINT ( 'NONE',  ( -40.96214168703487246, 26.90000000000000924, 4.651666049839564998 ) ) ;
#4553 = CARTESIAN_POINT ( 'NONE',  ( -22.70000000000002771, 25.57000000000001450, 20.99999999999996803 ) ) ;
#4554 = ORIENTED_EDGE ( 'NONE', *, *, #3205, .F. ) ;
#4555 = CARTESIAN_POINT ( 'NONE',  ( 6.777098026838340061, -26.19919983896707905, 21.15844622895027882 ) ) ;
#4556 = ORIENTED_EDGE ( 'NONE', *, *, #5480, .T. ) ;
#4557 = CARTESIAN_POINT ( 'NONE',  ( 12.91095685863965770, -21.18131293215990496, 21.45387458426172245 ) ) ;
#4558 = PLANE ( 'NONE',  #1152 ) ;
#4559 = CARTESIAN_POINT ( 'NONE',  ( -36.02376079300036338, -7.993728912623375038, 21.58407789652535769 ) ) ;
#4560 = ORIENTED_EDGE ( 'NONE', *, *, #4675, .T. ) ;
#4561 = DIRECTION ( 'NONE',  ( 1.226379264275233950E-16, -0.8660254037844411501, -0.4999999999999957256 ) ) ;
#4562 = ORIENTED_EDGE ( 'NONE', *, *, #5075, .T. ) ;
#4563 = CARTESIAN_POINT ( 'NONE',  ( -1.930000000000008153, -26.86999999999999389, 22.29999999999996518 ) ) ;
#4564 = CARTESIAN_POINT ( 'NONE',  ( -41.67983820162384490, 17.48300466998928115, 22.98009474169950295 ) ) ;
#4565 = EDGE_CURVE ( 'NONE', #3816, #2769, #5359, .T. ) ;
#4566 = EDGE_CURVE ( 'NONE', #2480, #935, #3885, .T. ) ;
#4567 = CARTESIAN_POINT ( 'NONE',  ( -36.81176470588237493, 16.85417981210257565, 22.99999999999996447 ) ) ;
#4568 = VERTEX_POINT ( 'NONE', #655 ) ;
#4569 = DIRECTION ( 'NONE',  ( -0.000000000000000000, -0.000000000000000000, -1.000000000000000000 ) ) ;
#4570 = ORIENTED_EDGE ( 'NONE', *, *, #4663, .F. ) ;
#4571 = LINE ( 'NONE', #4519, #3157 ) ;
#4572 = CARTESIAN_POINT ( 'NONE',  ( 11.79999999999999538, -24.12999999999998124, 20.99999999999996803 ) ) ;
#4573 = ORIENTED_EDGE ( 'NONE', *, *, #4329, .F. ) ;
#4574 = CIRCLE ( 'NONE', #2959, 3.099999999999998757 ) ;
#4575 = AXIS2_PLACEMENT_3D ( 'NONE', #4919, #1770, #3686 ) ;
#4576 = CARTESIAN_POINT ( 'NONE',  ( 7.354862899818837896, -25.48485904968432081, 21.03848395590250675 ) ) ;
#4577 = VECTOR ( 'NONE', #1715, 1000.000000000000000 ) ;
#4578 = PLANE ( 'NONE',  #372 ) ;
#4579 = ORIENTED_EDGE ( 'NONE', *, *, #1086, .F. ) ;
#4580 = CARTESIAN_POINT ( 'NONE',  ( -39.00000000000001421, -24.49999999999998934, 11.99000000000000021 ) ) ;
#4581 = ORIENTED_EDGE ( 'NONE', *, *, #2921, .F. ) ;
#4582 = AXIS2_PLACEMENT_3D ( 'NONE', #3546, #969, #1823 ) ;
#4583 = CARTESIAN_POINT ( 'NONE',  ( 11.50762508174984866, -21.04124846095230339, 21.45631830661440986 ) ) ;
#4584 = CARTESIAN_POINT ( 'NONE',  ( -35.40000000000001990, -20.89999999999999147, 11.99000000000000021 ) ) ;
#4585 = FACE_OUTER_BOUND ( 'NONE', #2109, .T. ) ;
#4586 = VECTOR ( 'NONE', #1492, 1000.000000000000000 ) ;
#4587 = EDGE_CURVE ( 'NONE', #2413, #3, #911, .T. ) ;
#4588 = EDGE_LOOP ( 'NONE', ( #2091, #874, #4272, #2887 ) ) ;
#4589 = DIRECTION ( 'NONE',  ( -0.07938546869254266281, 0.9968439934916926148, 0.000000000000000000 ) ) ;
#4590 = ORIENTED_EDGE ( 'NONE', *, *, #803, .F. ) ;
#4591 = VECTOR ( 'NONE', #658, 1000.000000000000000 ) ;
#4592 = CARTESIAN_POINT ( 'NONE',  ( 15.47131469110149560, -28.59999999999998721, 11.99000000000000021 ) ) ;
#4593 = CARTESIAN_POINT ( 'NONE',  ( 9.344577429443162941, -28.59999999999999076, 22.99999999999996447 ) ) ;
#4594 = DIRECTION ( 'NONE',  ( -1.000000000000000000, 0.000000000000000000, 0.000000000000000000 ) ) ;
#4595 = VECTOR ( 'NONE', #2747, 1000.000000000000000 ) ;
#4596 = ADVANCED_FACE ( 'NONE', ( #2015 ), #2657, .F. ) ;
#4597 = VERTEX_POINT ( 'NONE', #227 ) ;
#4598 = CARTESIAN_POINT ( 'NONE',  ( 10.21249999999999503, -24.12999999999998124, 24.99999999999999289 ) ) ;
#4599 = ORIENTED_EDGE ( 'NONE', *, *, #2527, .F. ) ;
#4600 = DIRECTION ( 'NONE',  ( -0.000000000000000000, -0.000000000000000000, -1.000000000000000000 ) ) ;
#4601 = EDGE_CURVE ( 'NONE', #1350, #3831, #5051, .T. ) ;
#4602 = AXIS2_PLACEMENT_3D ( 'NONE', #2612, #3060, #94 ) ;
#4603 = EDGE_CURVE ( 'NONE', #83, #750, #3337, .T. ) ;
#4604 = CARTESIAN_POINT ( 'NONE',  ( 9.983118960624624449, -26.16999999999999460, 27.36243556529820253 ) ) ;
#4605 = CONICAL_SURFACE ( 'NONE', #1909, 577.3502691896181886, 0.5235987755982931535 ) ;
#4606 = CARTESIAN_POINT ( 'NONE',  ( 13.78234678124102430, 21.11281224233968956, 21.06989060325252083 ) ) ;
#4607 =( BOUNDED_SURFACE ( )  B_SPLINE_SURFACE ( 3, 2, ( 
 ( #3689, #4049, #2396 ),
 ( #4954, #3209, #4921 ),
 ( #689, #4133, #237 ),
 ( #638, #1545, #1968 ),
 ( #3316, #3719, #2336 ),
 ( #5428, #1513, #1116 ),
 ( #5397, #4557, #1031 ),
 ( #605, #1057, #4079 ),
 ( #1569, #5448, #185 ),
 ( #1915, #3741, #2842 ),
 ( #1089, #2369, #212 ),
 ( #1940, #3661, #3636 ),
 ( #3292, #5006, #1139 ),
 ( #5368, #2870, #1591 ),
 ( #3271, #4583, #3238 ),
 ( #719, #2451, #2818 ),
 ( #4163, #4533, #300 ),
 ( #2026, #2759, #2901 ),
 ( #5061, #3798, #1621 ),
 ( #2978, #5476, #4247 ) ),
 .UNSPECIFIED., .F., .F., .T. ) 
 B_SPLINE_SURFACE_WITH_KNOTS ( ( 4, 2, 2, 2, 2, 2, 2, 2, 2, 4 ),
 ( 3, 3 ),
 ( 0.001895757078867087858, 0.002369240192153172601, 0.002842723305439257778, 0.003316206418725342955, 0.003789689532011427699, 0.004263172645297512442, 0.004736655758583598053, 0.004973397315226640858, 0.005210138871869682796, 0.005683621985155767539 ),
 ( 0.000000000000000000, 1.000000000000000000 ),
 .UNSPECIFIED. ) 
 GEOMETRIC_REPRESENTATION_ITEM ( )  RATIONAL_B_SPLINE_SURFACE ( (
 ( 1.000000000000000000, 0.7071067811865473507, 1.000000000000000000),
 ( 1.000000000000000000, 0.7167598098535954421, 1.000000000000000000),
 ( 1.000000000000000000, 0.7290010539289918379, 1.000000000000000000),
 ( 1.000000000000000000, 0.7572251690363952514, 1.000000000000000000),
 ( 1.000000000000000000, 0.7733236955446198824, 1.000000000000000000),
 ( 1.000000000000000000, 0.8065072301774030006, 1.000000000000000000),
 ( 1.000000000000000000, 0.8236868527012320973, 1.000000000000000000),
 ( 1.000000000000000000, 0.8574937675062780373, 1.000000000000000000),
 ( 1.000000000000000000, 0.8741362712607028129, 1.000000000000000000),
 ( 1.000000000000000000, 0.9050997050465054983, 1.000000000000000000),
 ( 1.000000000000000000, 0.9193493577601256073, 1.000000000000000000),
 ( 1.000000000000000000, 0.9436443909407372654, 1.000000000000000000),
 ( 1.000000000000000000, 0.9538053382801958691, 1.000000000000000000),
 ( 1.000000000000000000, 0.9636882724221658147, 1.000000000000000000),
 ( 1.000000000000000000, 0.9660761005658715650, 1.000000000000000000),
 ( 1.000000000000000000, 0.9686624037260158637, 1.000000000000000000),
 ( 1.000000000000000000, 0.9688110742589961522, 1.000000000000000000),
 ( 1.000000000000000000, 0.9658479092392148191, 1.000000000000000000),
 ( 1.000000000000000000, 0.9593173397221937959, 1.000000000000000000),
 ( 1.000000000000000000, 0.9499696025289277035, 1.000000000000000000) ) ) 
 REPRESENTATION_ITEM ( '' )  SURFACE ( )  );
#4608 = DIRECTION ( 'NONE',  ( -1.000000000000000000, 0.000000000000000000, 0.000000000000000000 ) ) ;
#4609 = AXIS2_PLACEMENT_3D ( 'NONE', #1666, #3387, #2968 ) ;
#4610 = CARTESIAN_POINT ( 'NONE',  ( -43.10000000000002274, 21.21008536206958439, 11.72022273132508907 ) ) ;
#4611 = ORIENTED_EDGE ( 'NONE', *, *, #3008, .T. ) ;
#4612 = CARTESIAN_POINT ( 'NONE',  ( 6.283124458941446555, -26.65687554105854318, 21.58676682757407761 ) ) ;
#4613 = B_SPLINE_CURVE_WITH_KNOTS ( 'NONE', 3,
 ( #2962, #3439, #5071, #17, #5575, #817, #333, #3782 ),
 .UNSPECIFIED., .F., .F.,
 ( 4, 2, 2, 4 ),
 ( -1.202274872415833188E-05, 0.0007710112635653631596, 0.001162528269710123721, 0.001554045275854884500 ),
 .UNSPECIFIED. ) ;
#4614 = ORIENTED_EDGE ( 'NONE', *, *, #254, .T. ) ;
#4615 = CIRCLE ( 'NONE', #5326, 0.8051270189222137219 ) ;
#4616 = CARTESIAN_POINT ( 'NONE',  ( 23.10000000000002984, -26.89999999999997726, 4.651666049839564998 ) ) ;
#4617 = DIRECTION ( 'NONE',  ( -1.000000000000000000, 0.000000000000000000, 0.000000000000000000 ) ) ;
#4618 = AXIS2_PLACEMENT_3D ( 'NONE', #964, #508, #52 ) ;
#4619 = CARTESIAN_POINT ( 'NONE',  ( 23.09999999999998010, 24.13754614252787078, 9.743430532380488174 ) ) ;
#4620 = ORIENTED_EDGE ( 'NONE', *, *, #5524, .F. ) ;
#4621 = ORIENTED_EDGE ( 'NONE', *, *, #1848, .T. ) ;
#4622 = VECTOR ( 'NONE', #5244, 1000.000000000000000 ) ;
#4623 = CARTESIAN_POINT ( 'NONE',  ( -37.52500000000001279, -24.49999999999998934, 1.650254037844403054 ) ) ;
#4624 = LINE ( 'NONE', #308, #2328 ) ;
#4625 = DIRECTION ( 'NONE',  ( 0.000000000000000000, -0.2565161808695954893, -0.9665399365531033293 ) ) ;
#4626 = VERTEX_POINT ( 'NONE', #2939 ) ;
#4627 = DIRECTION ( 'NONE',  ( 0.000000000000000000, -0.2565161808695954893, -0.9665399365531033293 ) ) ;
#4628 = VERTEX_POINT ( 'NONE', #1957 ) ;
#4629 = DIRECTION ( 'NONE',  ( 1.000000000000000000, 0.000000000000000000, 0.000000000000000000 ) ) ;
#4630 = EDGE_CURVE ( 'NONE', #2883, #2207, #2833, .T. ) ;
#4631 = ADVANCED_FACE ( 'NONE', ( #4632 ), #764, .T. ) ;
#4632 = FACE_OUTER_BOUND ( 'NONE', #5195, .T. ) ;
#4633 = EDGE_CURVE ( 'NONE', #5458, #2540, #5500, .T. ) ;
#4634 = DIRECTION ( 'NONE',  ( 0.000000000000000000, 0.000000000000000000, 1.000000000000000000 ) ) ;
#4635 = EDGE_CURVE ( 'NONE', #4137, #1648, #3787, .T. ) ;
#4636 = CARTESIAN_POINT ( 'NONE',  ( -40.96214168703485825, -26.89999999999998792, 4.651666049839564998 ) ) ;
#4637 = CARTESIAN_POINT ( 'NONE',  ( -43.10000000000002274, 23.79031520715380665, 9.821407705753070871 ) ) ;
#4638 = ORIENTED_EDGE ( 'NONE', *, *, #567, .F. ) ;
#4639 = CARTESIAN_POINT ( 'NONE',  ( -39.00000000000001421, -24.49999999999998934, 11.99000000000000021 ) ) ;
#4640 = DIRECTION ( 'NONE',  ( -1.000000000000000000, 0.000000000000000000, 0.000000000000000000 ) ) ;
#4641 = CARTESIAN_POINT ( 'NONE',  ( 23.10000000000002984, -26.89999999999997726, 4.651666049839564998 ) ) ;
#4642 = DIRECTION ( 'NONE',  ( -1.000000000000000000, 0.000000000000000000, 0.000000000000000000 ) ) ;
#4643 = EDGE_LOOP ( 'NONE', ( #3783, #4320, #3650, #1520 ) ) ;
#4644 = DIRECTION ( 'NONE',  ( -0.000000000000000000, -0.000000000000000000, -1.000000000000000000 ) ) ;
#4645 = VERTEX_POINT ( 'NONE', #681 ) ;
#4646 = CARTESIAN_POINT ( 'NONE',  ( -43.10000000000003695, -5.856849822379419201, 22.99999999999996447 ) ) ;
#4647 = CARTESIAN_POINT ( 'NONE',  ( -39.00000000000001421, -28.59999999999999787, 20.99999999999996447 ) ) ;
#4648 = EDGE_CURVE ( 'NONE', #1528, #3063, #4156, .T. ) ;
#4649 = CARTESIAN_POINT ( 'NONE',  ( 11.28249213812390117, -27.19744837477460919, 22.91820553092649604 ) ) ;
#4650 = ORIENTED_EDGE ( 'NONE', *, *, #3430, .F. ) ;
#4651 = FACE_OUTER_BOUND ( 'NONE', #2673, .T. ) ;
#4652 = ORIENTED_EDGE ( 'NONE', *, *, #2569, .F. ) ;
#4653 = CARTESIAN_POINT ( 'NONE',  ( -42.00778897399996481, -8.103261841659524123, 21.54461142508721849 ) ) ;
#4654 = CYLINDRICAL_SURFACE ( 'NONE', #4976, 1.299999999999999156 ) ;
#4655 = EDGE_LOOP ( 'NONE', ( #1072, #5143, #2481, #3621 ) ) ;
#4656 = CARTESIAN_POINT ( 'NONE',  ( 13.06265558949173844, -26.96418238507845899, 22.99228251101830267 ) ) ;
#4657 = CARTESIAN_POINT ( 'NONE',  ( 12.36969156942797454, 21.10842102787810504, 22.42005425722830125 ) ) ;
#4658 = DIRECTION ( 'NONE',  ( -1.000000000000000000, 0.000000000000000000, 0.000000000000000000 ) ) ;
#4659 = DIRECTION ( 'NONE',  ( 1.000000000000000000, 1.794541526872558613E-16, 0.000000000000000000 ) ) ;
#4660 = AXIS2_PLACEMENT_3D ( 'NONE', #5535, #801, #1168 ) ;
#4661 = VERTEX_POINT ( 'NONE', #1131 ) ;
#4662 = DIRECTION ( 'NONE',  ( 0.000000000000000000, 0.000000000000000000, 1.000000000000000000 ) ) ;
#4663 = EDGE_CURVE ( 'NONE', #3399, #119, #2861, .T. ) ;
#4664 = TOROIDAL_SURFACE ( 'NONE', #3493, -3.525000000000000355, 5.000000000000000888 ) ;
#4665 = LINE ( 'NONE', #2524, #4299 ) ;
#4666 = CIRCLE ( 'NONE', #5113, 4.100000000000034284 ) ;
#4667 = CARTESIAN_POINT ( 'NONE',  ( -24.00000000000002842, 28.60000000000001208, 29.99999999999996447 ) ) ;
#4668 = LINE ( 'NONE', #273, #548 ) ;
#4669 = ADVANCED_FACE ( 'NONE', ( #1582 ), #727, .T. ) ;
#4670 = AXIS2_PLACEMENT_3D ( 'NONE', #4667, #4298, #3455 ) ;
#4671 = VECTOR ( 'NONE', #2302, 1000.000000000000000 ) ;
#4672 = ORIENTED_EDGE ( 'NONE', *, *, #2499, .F. ) ;
#4673 = CYLINDRICAL_SURFACE ( 'NONE', #2254, 4.100000000000020073 ) ;
#4674 = ORIENTED_EDGE ( 'NONE', *, *, #302, .T. ) ;
#4675 = EDGE_CURVE ( 'NONE', #2489, #1231, #5440, .T. ) ;
#4676 = DIRECTION ( 'NONE',  ( -1.196361017915039486E-16, 1.000000000000000000, 0.000000000000000000 ) ) ;
#4677 = DIRECTION ( 'NONE',  ( 0.000000000000000000, 0.000000000000000000, 1.000000000000000000 ) ) ;
#4678 = CIRCLE ( 'NONE', #4759, 1.475000000000004086 ) ;
#4679 = DIRECTION ( 'NONE',  ( 0.000000000000000000, 0.000000000000000000, 1.000000000000000000 ) ) ;
#4680 = EDGE_LOOP ( 'NONE', ( #5064, #2484, #2433, #4193 ) ) ;
#4681 = AXIS2_PLACEMENT_3D ( 'NONE', #1035, #192, #1063 ) ;
#4682 = CARTESIAN_POINT ( 'NONE',  ( 23.09999999999998721, -20.97131469110149737, 11.99000000000000021 ) ) ;
#4683 = ORIENTED_EDGE ( 'NONE', *, *, #2092, .T. ) ;
#4684 = CARTESIAN_POINT ( 'NONE',  ( -42.10009560523644723, -8.692340091333187857, 21.57737973568785605 ) ) ;
#4685 = CARTESIAN_POINT ( 'NONE',  ( -32.00000000000002132, -28.59999999999999076, 29.99999999999996447 ) ) ;
#4686 = CIRCLE ( 'NONE', #2159, 3.099999999999998757 ) ;
#4687 = LINE ( 'NONE', #5129, #3626 ) ;
#4688 = ORIENTED_EDGE ( 'NONE', *, *, #3908, .F. ) ;
#4689 = PLANE ( 'NONE',  #1435 ) ;
#4690 = VECTOR ( 'NONE', #2872, 1000.000000000000000 ) ;
#4691 = CARTESIAN_POINT ( 'NONE',  ( 23.10000000000002984, -26.89999999999997726, 4.651666049839564998 ) ) ;
#4692 = DIRECTION ( 'NONE',  ( 0.000000000000000000, 0.000000000000000000, 1.000000000000000000 ) ) ;
#4693 = VECTOR ( 'NONE', #3990, 1000.000000000000000 ) ;
#4694 = ORIENTED_EDGE ( 'NONE', *, *, #3215, .F. ) ;
#4695 = PLANE ( 'NONE',  #1242 ) ;
#4696 = CIRCLE ( 'NONE', #2273, 0.5000000000000004441 ) ;
#4697 = DIRECTION ( 'NONE',  ( -1.000000000000000000, -1.416100796715758891E-16, -0.000000000000000000 ) ) ;
#4698 = CARTESIAN_POINT ( 'NONE',  ( 9.983118960624617344, 26.61348673097529982, 29.03347103513043947 ) ) ;
#4699 = CARTESIAN_POINT ( 'NONE',  ( 18.99999999999998934, -24.49999999999998934, -994.4552250588358220 ) ) ;
#4700 = VECTOR ( 'NONE', #47, 1000.000000000000000 ) ;
#4701 = EDGE_CURVE ( 'NONE', #1292, #3936, #2888, .T. ) ;
#4702 = ORIENTED_EDGE ( 'NONE', *, *, #2478, .T. ) ;
#4703 = CARTESIAN_POINT ( 'NONE',  ( -36.74086769813405340, -28.59999999999999432, 10.71625969786940935 ) ) ;
#4704 = ORIENTED_EDGE ( 'NONE', *, *, #3976, .T. ) ;
#4705 = DIRECTION ( 'NONE',  ( 0.000000000000000000, 0.4999999999999948930, 0.8660254037844415942 ) ) ;
#4706 = LINE ( 'NONE', #15, #251 ) ;
#4707 = AXIS2_PLACEMENT_3D ( 'NONE', #1366, #4743, #3022 ) ;
#4708 = EDGE_CURVE ( 'NONE', #1583, #277, #4095, .T. ) ;
#4709 = ORIENTED_EDGE ( 'NONE', *, *, #4013, .T. ) ;
#4710 = CARTESIAN_POINT ( 'NONE',  ( -35.90000000000000568, -8.890000000000005898, 24.99999999999996803 ) ) ;
#4711 = ORIENTED_EDGE ( 'NONE', *, *, #2603, .F. ) ;
#4712 = CARTESIAN_POINT ( 'NONE',  ( -41.82981210450837040, -10.16647649932915876, 22.92554117870919228 ) ) ;
#4713 = LINE ( 'NONE', #5525, #5416 ) ;
#4714 = EDGE_LOOP ( 'NONE', ( #1021, #3755, #4961, #912 ) ) ;
#4715 = CARTESIAN_POINT ( 'NONE',  ( 12.40645611195451359, -27.18284896293860697, 21.42658309224220758 ) ) ;
#4716 = VERTEX_POINT ( 'NONE', #3470 ) ;
#4717 = FACE_OUTER_BOUND ( 'NONE', #589, .T. ) ;
#4718 = CARTESIAN_POINT ( 'NONE',  ( -41.49215686274510517, -7.046320480269828934, 22.99999999999996447 ) ) ;
#4719 = VERTEX_POINT ( 'NONE', #1692 ) ;
#4720 = DIRECTION ( 'NONE',  ( 1.000000000000000000, 0.000000000000000000, 0.000000000000000000 ) ) ;
#4721 = LINE ( 'NONE', #2127, #3763 ) ;
#4722 = DIRECTION ( 'NONE',  ( -1.000000000000000000, 0.000000000000000000, 0.000000000000000000 ) ) ;
#4723 = CARTESIAN_POINT ( 'NONE',  ( 17.03785831296513464, 26.90000000000001990, 4.651666049839564998 ) ) ;
#4724 = ORIENTED_EDGE ( 'NONE', *, *, #4502, .T. ) ;
#4725 = CARTESIAN_POINT ( 'NONE',  ( -37.91250000000000853, -8.890000000000005898, 26.49999999999999645 ) ) ;
#4726 = ORIENTED_EDGE ( 'NONE', *, *, #4464, .T. ) ;
#4727 = DIRECTION ( 'NONE',  ( -1.000000000000000000, -1.416100796715758891E-16, -0.000000000000000000 ) ) ;
#4728 = CARTESIAN_POINT ( 'NONE',  ( 13.07149048217995535, -21.30275541317595511, 22.99999999999996447 ) ) ;
#4729 = ORIENTED_EDGE ( 'NONE', *, *, #1052, .F. ) ;
#4730 = ADVANCED_FACE ( 'NONE', ( #2096 ), #1236, .F. ) ;
#4731 = DIRECTION ( 'NONE',  ( -1.000000000000000000, -2.832201593431521726E-16, 0.000000000000000000 ) ) ;
#4732 = VERTEX_POINT ( 'NONE', #3815 ) ;
#4733 = CARTESIAN_POINT ( 'NONE',  ( -41.89301600933686132, -10.01571453377124321, 22.89032479504335882 ) ) ;
#4734 = CARTESIAN_POINT ( 'NONE',  ( 15.89999999999998437, 24.50000000000001066, 7.990000000000032188 ) ) ;
#4735 = DIRECTION ( 'NONE',  ( -0.000000000000000000, -0.000000000000000000, -1.000000000000000000 ) ) ;
#4736 = VERTEX_POINT ( 'NONE', #822 ) ;
#4737 = EDGE_CURVE ( 'NONE', #5454, #4147, #4713, .T. ) ;
#4738 = DIRECTION ( 'NONE',  ( 0.000000000000000000, 0.000000000000000000, -1.000000000000000000 ) ) ;
#4739 = EDGE_LOOP ( 'NONE', ( #5425, #338 ) ) ;
#4740 = FACE_OUTER_BOUND ( 'NONE', #4293, .T. ) ;
#4741 = EDGE_CURVE ( 'NONE', #1055, #3373, #4687, .T. ) ;
#4742 = ADVANCED_FACE ( 'NONE', ( #3891 ), #2571, .T. ) ;
#4743 = DIRECTION ( 'NONE',  ( -0.000000000000000000, -0.000000000000000000, -1.000000000000000000 ) ) ;
#4744 = EDGE_LOOP ( 'NONE', ( #3804, #2516 ) ) ;
#4745 = CARTESIAN_POINT ( 'NONE',  ( -39.00000000000002132, 19.05000000000000071, 24.99999999999996803 ) ) ;
#4746 = CARTESIAN_POINT ( 'NONE',  ( -39.00000000000000711, -8.890000000000005898, 24.99999999999996803 ) ) ;
#4747 = DIRECTION ( 'NONE',  ( -1.000000000000000000, 0.000000000000000000, 0.000000000000000000 ) ) ;
#4748 = TOROIDAL_SURFACE ( 'NONE', #4211, -3.525000000000000355, 5.000000000000000888 ) ;
#4749 =( BOUNDED_CURVE ( )  B_SPLINE_CURVE ( 3, ( #3673, #3704, #4094, #2915 ),
 .UNSPECIFIED., .F., .T. ) 
 B_SPLINE_CURVE_WITH_KNOTS ( ( 4, 4 ),
 ( 2.560854886906656525, 3.141592653589793116 ),
 .UNSPECIFIED. ) 
 CURVE ( )  GEOMETRIC_REPRESENTATION_ITEM ( )  RATIONAL_B_SPLINE_CURVE ( ( 1.000000000000000000, 0.9720922182041903392, 0.9720922182041903392, 1.000000000000000000 ) ) 
 REPRESENTATION_ITEM ( '' )  );
#4750 = DIRECTION ( 'NONE',  ( 1.000000000000000000, 0.000000000000000000, -0.000000000000000000 ) ) ;
#4751 = ORIENTED_EDGE ( 'NONE', *, *, #3713, .F. ) ;
#4752 = TOROIDAL_SURFACE ( 'NONE', #610, -3.525000000000000355, 5.000000000000000888 ) ;
#4753 = DIRECTION ( 'NONE',  ( -0.000000000000000000, -0.000000000000000000, -1.000000000000000000 ) ) ;
#4754 = ORIENTED_EDGE ( 'NONE', *, *, #949, .T. ) ;
#4755 = DIRECTION ( 'NONE',  ( -0.8039215686274562289, 0.5947353289452125269, -1.734723475976805911E-15 ) ) ;
#4756 = EDGE_LOOP ( 'NONE', ( #5097, #259, #1727, #4547, #790, #3929, #2963, #2183 ) ) ;
#4757 = DIRECTION ( 'NONE',  ( -0.000000000000000000, -0.000000000000000000, -1.000000000000000000 ) ) ;
#4758 = ORIENTED_EDGE ( 'NONE', *, *, #5256, .T. ) ;
#4759 = AXIS2_PLACEMENT_3D ( 'NONE', #2036, #2830, #4117 ) ;
#4760 = CARTESIAN_POINT ( 'NONE',  ( -43.10000000000000853, -24.49999999999998934, 20.99999999999996447 ) ) ;
#4761 = AXIS2_PLACEMENT_3D ( 'NONE', #862, #4305, #4196 ) ;
#4762 = CARTESIAN_POINT ( 'NONE',  ( 20.47499999999999076, -24.49999999999998934, -0.01000000000000002623 ) ) ;
#4763 = DIRECTION ( 'NONE',  ( 1.000000000000000000, 0.000000000000000000, 0.000000000000000000 ) ) ;
#4764 = EDGE_CURVE ( 'NONE', #903, #5540, #2093, .T. ) ;
#4765 = LINE ( 'NONE', #2141, #557 ) ;
#4766 = VECTOR ( 'NONE', #4540, 1000.000000000000114 ) ;
#4767 = ORIENTED_EDGE ( 'NONE', *, *, #4493, .F. ) ;
#4768 = ORIENTED_EDGE ( 'NONE', *, *, #3835, .F. ) ;
#4769 = ADVANCED_FACE ( 'NONE', ( #1752 ), #419, .T. ) ;
#4770 = FACE_OUTER_BOUND ( 'NONE', #1225, .T. ) ;
#4771 = CONICAL_SURFACE ( 'NONE', #3061, 5.409401076758503457, 0.5235987755983023684 ) ;
#4772 = CARTESIAN_POINT ( 'NONE',  ( -39.00000000000000711, -8.890000000000005898, 22.99999999999996447 ) ) ;
#4773 = EDGE_CURVE ( 'NONE', #2377, #4628, #2816, .T. ) ;
#4774 = CARTESIAN_POINT ( 'NONE',  ( -35.40000000000002700, 20.90000000000001279, 20.99999999999996447 ) ) ;
#4775 = EDGE_CURVE ( 'NONE', #2333, #3128, #1914, .T. ) ;
#4776 = ORIENTED_EDGE ( 'NONE', *, *, #598, .T. ) ;
#4777 = CARTESIAN_POINT ( 'NONE',  ( 11.79999999999999538, -24.12999999999998124, 24.99999999999999289 ) ) ;
#4778 = VECTOR ( 'NONE', #252, 1000.000000000000000 ) ;
#4779 = CARTESIAN_POINT ( 'NONE',  ( -43.10000000000000853, -21.45541210158527790, 11.45823199301700690 ) ) ;
#4780 = CARTESIAN_POINT ( 'NONE',  ( 10.30748824142623299, -26.84705882352939810, 22.99999999999996447 ) ) ;
#4781 = AXIS2_PLACEMENT_3D ( 'NONE', #4699, #303, #4642 ) ;
#4782 = B_SPLINE_CURVE_WITH_KNOTS ( 'NONE', 3,
 ( #5090, #2906, #4303, #3772, #860, #440, #4194, #4703, #5065, #2108, #2955, #5038 ),
 .UNSPECIFIED., .F., .F.,
 ( 4, 2, 2, 2, 2, 4 ),
 ( 0.000000000000000000, 0.0005366480903410721093, 0.001073296180682144219, 0.002146592361364307519, 0.003219888542046470820, 0.004293184722728634120 ),
 .UNSPECIFIED. ) ;
#4783 = CYLINDRICAL_SURFACE ( 'NONE', #184, 3.099999999999998757 ) ;
#4784 = CARTESIAN_POINT ( 'NONE',  ( 14.49362920810952282, 26.88489681927904940, 21.08819150276076826 ) ) ;
#4785 = ORIENTED_EDGE ( 'NONE', *, *, #2752, .F. ) ;
#4786 = VECTOR ( 'NONE', #1243, 1000.000000000000000 ) ;
#4787 = EDGE_CURVE ( 'NONE', #5403, #5313, #4765, .T. ) ;
#4788 = CARTESIAN_POINT ( 'NONE',  ( -36.00362196339728627, -8.069478298410677652, 22.49705184805233671 ) ) ;
#4789 = CARTESIAN_POINT ( 'NONE',  ( 13.06999999999998607, 24.13000000000000966, 22.99999999999996447 ) ) ;
#4790 = CARTESIAN_POINT ( 'NONE',  ( -43.10000000000002274, 18.77819056886860594, 20.99999999999996447 ) ) ;
#4791 =( BOUNDED_SURFACE ( )  B_SPLINE_SURFACE ( 3, 2, ( 
 ( #2863, #711, #738 ),
 ( #5054, #2018, #3260 ),
 ( #1960, #341, #1133 ),
 ( #2414, #4154, #291 ),
 ( #2443, #3680, #1108 ),
 ( #4657, #4098, #229 ),
 ( #2470, #5502, #5079 ),
 ( #5388, #1536, #3370 ),
 ( #2835, #2042, #5024 ),
 ( #3735, #2892, #4182 ),
 ( #4551, #683, #4124 ),
 ( #1584, #1192, #1991 ),
 ( #3340, #3309, #3710 ),
 ( #5419, #3285, #1161 ),
 ( #4999, #4606, #3760 ),
 ( #316, #5468, #1614 ) ),
 .UNSPECIFIED., .F., .F., .F. ) 
 B_SPLINE_SURFACE_WITH_KNOTS ( ( 4, 2, 2, 2, 2, 2, 2, 4 ),
 ( 3, 3 ),
 ( 0.004555161629397209110, 0.005564492138162674753, 0.006069157392545408009, 0.006573822646928141264, 0.007078487901310874519, 0.007583153155693607775, 0.008087818410076341030, 0.008592483664459074286 ),
 ( 0.000000000000000000, 1.000000000000000000 ),
 .UNSPECIFIED. ) 
 GEOMETRIC_REPRESENTATION_ITEM ( )  RATIONAL_B_SPLINE_SURFACE ( (
 ( 1.000000000000000000, 0.8588061355663330065, 1.000000000000000000),
 ( 1.000000000000000000, 0.8906477021102544578, 1.000000000000000000),
 ( 1.000000000000000000, 0.9167382004880317847, 1.000000000000000000),
 ( 1.000000000000000000, 0.9297040340921891577, 1.000000000000000000),
 ( 1.000000000000000000, 0.9293070386602708677, 1.000000000000000000),
 ( 1.000000000000000000, 0.9195722851604273274, 1.000000000000000000),
 ( 1.000000000000000000, 0.9101990222041483891, 1.000000000000000000),
 ( 1.000000000000000000, 0.8859627989556954075, 1.000000000000000000),
 ( 1.000000000000000000, 0.8711028143961069281, 1.000000000000000000),
 ( 1.000000000000000000, 0.8386251631548754526, 1.000000000000000000),
 ( 1.000000000000000000, 0.8209958686526158678, 1.000000000000000000),
 ( 1.000000000000000000, 0.7854126074850816819, 1.000000000000000000),
 ( 1.000000000000000000, 0.7675484672048212831, 1.000000000000000000),
 ( 1.000000000000000000, 0.7347119706935175687, 1.000000000000000000),
 ( 1.000000000000000000, 0.7196177586325289699, 1.000000000000000000),
 ( 1.000000000000000000, 0.7071067811865474617, 1.000000000000000000) ) ) 
 REPRESENTATION_ITEM ( '' )  SURFACE ( )  );
#4792 = CIRCLE ( 'NONE', #2367, 0.8051270189222068385 ) ;
#4793 = EDGE_LOOP ( 'NONE', ( #4785, #4003, #966, #4139 ) ) ;
#4794 = CARTESIAN_POINT ( 'NONE',  ( -36.08939806461195587, 17.96543947153693921, 22.75317781103357362 ) ) ;
#4795 = EDGE_LOOP ( 'NONE', ( #4057, #169 ) ) ;
#4796 = AXIS2_PLACEMENT_3D ( 'NONE', #4772, #2658, #909 ) ;
#4797 = DIRECTION ( 'NONE',  ( 2.832201593431521726E-16, -1.000000000000000000, 0.000000000000000000 ) ) ;
#4798 = CARTESIAN_POINT ( 'NONE',  ( -3.230000000000007976, -25.56999999999999673, 20.99999999999996803 ) ) ;
#4799 = DIRECTION ( 'NONE',  ( -0.000000000000000000, -0.000000000000000000, -1.000000000000000000 ) ) ;
#4800 = ORIENTED_EDGE ( 'NONE', *, *, #426, .T. ) ;
#4801 = CARTESIAN_POINT ( 'NONE',  ( -1.930000000000015037, 27.86998864849433133, 28.69999999999996376 ) ) ;
#4802 = EDGE_LOOP ( 'NONE', ( #5018, #1203, #4512, #3580 ) ) ;
#4803 = DIRECTION ( 'NONE',  ( 1.280115680833875105E-16, -0.9039721493009095221, 0.4275913391174968603 ) ) ;
#4804 = CARTESIAN_POINT ( 'NONE',  ( -20.08688103937539537, 26.17000000000001236, 27.36243556529819543 ) ) ;
#4805 = DIRECTION ( 'NONE',  ( -0.4999999999999950595, 0.000000000000000000, -0.8660254037844414832 ) ) ;
#4806 = ORIENTED_EDGE ( 'NONE', *, *, #2826, .F. ) ;
#4807 = DIRECTION ( 'NONE',  ( 0.000000000000000000, 0.000000000000000000, 1.000000000000000000 ) ) ;
#4808 = ADVANCED_FACE ( 'NONE', ( #396 ), #2625, .F. ) ;
#4809 = CARTESIAN_POINT ( 'NONE',  ( -36.75391174783739245, 16.90549337670396213, 21.19444351866767562 ) ) ;
#4810 = DIRECTION ( 'NONE',  ( 0.4999999999999950595, 6.123233995736705639E-17, -0.8660254037844414832 ) ) ;
#4811 = EDGE_CURVE ( 'NONE', #3110, #948, #4792, .T. ) ;
#4812 = DIRECTION ( 'NONE',  ( 1.000000000000000000, 4.336808689942017736E-16, -0.000000000000000000 ) ) ;
#4813 = CARTESIAN_POINT ( 'NONE',  ( 12.81863212747219016, -27.06920556576439196, 22.96930390385000464 ) ) ;
#4814 = ORIENTED_EDGE ( 'NONE', *, *, #4817, .T. ) ;
#4815 = CARTESIAN_POINT ( 'NONE',  ( -37.52500000000001990, -24.49999999999998934, -0.01000000000000002623 ) ) ;
#4816 = DIRECTION ( 'NONE',  ( -0.000000000000000000, -0.000000000000000000, -1.000000000000000000 ) ) ;
#4817 = EDGE_CURVE ( 'NONE', #2912, #2162, #2007, .T. ) ;
#4818 = CARTESIAN_POINT ( 'NONE',  ( -41.95351095314515533, 18.07932262279616964, 21.52191993742664522 ) ) ;
#4819 = CARTESIAN_POINT ( 'NONE',  ( -35.90200358040684847, 19.19840092858064651, 22.99999998843975035 ) ) ;
#4820 = ORIENTED_EDGE ( 'NONE', *, *, #2950, .F. ) ;
#4821 = DIRECTION ( 'NONE',  ( -0.000000000000000000, -0.000000000000000000, -1.000000000000000000 ) ) ;
#4822 = FACE_OUTER_BOUND ( 'NONE', #392, .T. ) ;
#4823 = CARTESIAN_POINT ( 'NONE',  ( -36.19906504558782245, 17.71068097490154614, 22.78590993635823736 ) ) ;
#4824 = CARTESIAN_POINT ( 'NONE',  ( -39.00000000000000711, -8.890000000000005898, 24.99999999999996803 ) ) ;
#4825 = VERTEX_POINT ( 'NONE', #2652 ) ;
#4826 = DIRECTION ( 'NONE',  ( -0.000000000000000000, -1.000000000000000000, 0.000000000000000000 ) ) ;
#4827 = ORIENTED_EDGE ( 'NONE', *, *, #38, .T. ) ;
#4828 = DIRECTION ( 'NONE',  ( 1.000000000000000000, 0.000000000000000000, -0.000000000000000000 ) ) ;
#4829 = LINE ( 'NONE', #4804, #5060 ) ;
#4830 = CARTESIAN_POINT ( 'NONE',  ( 9.509687800415164816, 20.90000000000001279, 20.99999999999996447 ) ) ;
#4831 = CARTESIAN_POINT ( 'NONE',  ( 23.09999999999998366, -21.97078389379363728, 10.95639735873634457 ) ) ;
#4832 = ADVANCED_FACE ( 'NONE', ( #3530 ), #5504, .T. ) ;
#4833 = CARTESIAN_POINT ( 'NONE',  ( -43.10000000000001563, -21.20985824304506551, 11.72047934387235735 ) ) ;
#4834 = CARTESIAN_POINT ( 'NONE',  ( 12.31987797188565636, -27.19704787282699598, 22.91842138530644846 ) ) ;
#4835 = DIRECTION ( 'NONE',  ( 0.000000000000000000, 0.9665399365531033293, 0.2565161808695954893 ) ) ;
#4836 = EDGE_CURVE ( 'NONE', #5461, #2162, #959, .T. ) ;
#4837 = CARTESIAN_POINT ( 'NONE',  ( 13.96536019250119942, 27.10072690897166225, 22.95673733974663122 ) ) ;
#4838 = ORIENTED_EDGE ( 'NONE', *, *, #3789, .T. ) ;
#4839 = DIRECTION ( 'NONE',  ( -1.000000000000000000, 0.000000000000000000, 0.000000000000000000 ) ) ;
#4840 = EDGE_CURVE ( 'NONE', #1209, #2122, #3132, .T. ) ;
#4841 = ADVANCED_FACE ( 'NONE', ( #4855 ), #3441, .T. ) ;
#4842 = FACE_OUTER_BOUND ( 'NONE', #954, .T. ) ;
#4843 = DIRECTION ( 'NONE',  ( 0.000000000000000000, 0.000000000000000000, 1.000000000000000000 ) ) ;
#4844 = ADVANCED_FACE ( 'NONE', ( #3946 ), #78, .T. ) ;
#4845 = AXIS2_PLACEMENT_3D ( 'NONE', #4593, #1976, #5456 ) ;
#4846 = ORIENTED_EDGE ( 'NONE', *, *, #2220, .F. ) ;
#4847 = EDGE_CURVE ( 'NONE', #5492, #1596, #3231, .T. ) ;
#4848 = LINE ( 'NONE', #4427, #5214 ) ;
#4849 = EDGE_LOOP ( 'NONE', ( #1832, #3383 ) ) ;
#4850 = CARTESIAN_POINT ( 'NONE',  ( -35.40000000000001990, -12.50247837363770564, 20.99999999999996447 ) ) ;
#4851 = CARTESIAN_POINT ( 'NONE',  ( -39.00000000000000711, -8.890000000000005898, 26.49999999999999645 ) ) ;
#4852 = AXIS2_PLACEMENT_3D ( 'NONE', #443, #2111, #3463 ) ;
#4853 = VECTOR ( 'NONE', #3633, 1000.000000000000000 ) ;
#4854 = CARTESIAN_POINT ( 'NONE',  ( -39.00000000000002132, 19.05000000000000071, 26.99999999999999645 ) ) ;
#4855 = FACE_OUTER_BOUND ( 'NONE', #3938, .T. ) ;
#4856 = ORIENTED_EDGE ( 'NONE', *, *, #4181, .T. ) ;
#4857 = AXIS2_PLACEMENT_3D ( 'NONE', #2177, #3817, #3894 ) ;
#4858 = CARTESIAN_POINT ( 'NONE',  ( -39.00000000000001421, -28.59999999999999076, 108.4887421329166983 ) ) ;
#4859 = EDGE_LOOP ( 'NONE', ( #1772, #4724, #4674, #3108 ) ) ;
#4860 = DIRECTION ( 'NONE',  ( -0.000000000000000000, -1.000000000000000000, 0.000000000000000000 ) ) ;
#4861 = CARTESIAN_POINT ( 'NONE',  ( 8.699999999999995737, -24.12999999999998124, 22.99999999999996447 ) ) ;
#4862 = VECTOR ( 'NONE', #3189, 1000.000000000000000 ) ;
#4863 = LINE ( 'NONE', #5252, #3527 ) ;
#4864 = ORIENTED_EDGE ( 'NONE', *, *, #3091, .F. ) ;
#4865 = CARTESIAN_POINT ( 'NONE',  ( 23.09999999999998721, -23.61784377017403358, 9.879219836709792091 ) ) ;
#4866 = VECTOR ( 'NONE', #3483, 1000.000000000000000 ) ;
#4867 = DIRECTION ( 'NONE',  ( -0.000000000000000000, -0.000000000000000000, 1.000000000000000000 ) ) ;
#4868 = DIRECTION ( 'NONE',  ( 0.000000000000000000, 0.000000000000000000, 1.000000000000000000 ) ) ;
#4869 = CIRCLE ( 'NONE', #2531, 2.000000000000000888 ) ;
#4870 = CARTESIAN_POINT ( 'NONE',  ( 12.55012202811391120, 27.19704787282692138, 22.91842138530645556 ) ) ;
#4871 = VERTEX_POINT ( 'NONE', #1926 ) ;
#4872 = CIRCLE ( 'NONE', #2446, 1.087499999999998135 ) ;
#4873 = CARTESIAN_POINT ( 'NONE',  ( -42.03445851838096559, 19.70527101251658308, 22.79064533389308522 ) ) ;
#4874 = CARTESIAN_POINT ( 'NONE',  ( -35.92080719662929766, -8.477697434125715858, 22.36384775026155936 ) ) ;
#4875 = ADVANCED_FACE ( 'NONE', ( #1472 ), #1040, .F. ) ;
#4876 = AXIS2_PLACEMENT_3D ( 'NONE', #2639, #5141, #4300 ) ;
#4877 = EDGE_LOOP ( 'NONE', ( #96, #3992, #4024, #669 ) ) ;
#4878 = ADVANCED_FACE ( 'NONE', ( #1808 ), #4402, .F. ) ;
#4879 = DIRECTION ( 'NONE',  ( -1.000000000000000000, 4.336808689942017736E-16, 0.000000000000000000 ) ) ;
#4880 = ORIENTED_EDGE ( 'NONE', *, *, #244, .T. ) ;
#4881 = DIRECTION ( 'NONE',  ( -1.000000000000000000, 0.000000000000000000, 0.000000000000000000 ) ) ;
#4882 = DIRECTION ( 'NONE',  ( -0.000000000000000000, -0.000000000000000000, -1.000000000000000000 ) ) ;
#4883 = TOROIDAL_SURFACE ( 'NONE', #3173, 5.099999999999999645, 2.000000000000000000 ) ;
#4884 = CARTESIAN_POINT ( 'NONE',  ( -1.930000000000008153, -28.59999999999999076, 29.99999999999996447 ) ) ;
#4885 = ORIENTED_EDGE ( 'NONE', *, *, #5450, .F. ) ;
#4886 = CARTESIAN_POINT ( 'NONE',  ( -41.59218843874374727, 20.75846384046036519, 22.99999999999996803 ) ) ;
#4887 = VERTEX_POINT ( 'NONE', #5297 ) ;
#4888 = CARTESIAN_POINT ( 'NONE',  ( 19.80512701892219951, -24.49999999999998934, 4.150254037844377741 ) ) ;
#4889 = ADVANCED_FACE ( 'NONE', ( #2680 ), #4002, .F. ) ;
#4890 = DIRECTION ( 'NONE',  ( 0.000000000000000000, 0.000000000000000000, -1.000000000000000000 ) ) ;
#4891 = ORIENTED_EDGE ( 'NONE', *, *, #841, .T. ) ;
#4892 = DIRECTION ( 'NONE',  ( 0.000000000000000000, 0.000000000000000000, 1.000000000000000000 ) ) ;
#4893 = CARTESIAN_POINT ( 'NONE',  ( -35.90000000000000568, -8.890000000017151294, 22.32287565553224340 ) ) ;
#4894 = DIRECTION ( 'NONE',  ( -1.000000000000000000, 0.000000000000000000, 0.000000000000000000 ) ) ;
#4895 = CARTESIAN_POINT ( 'NONE',  ( -1.930000000000008153, -26.61348673097528561, 29.03347103513044303 ) ) ;
#4896 = CARTESIAN_POINT ( 'NONE',  ( -42.52500000000001990, 24.50000000000001066, 1.650254037844406829 ) ) ;
#4897 = ORIENTED_EDGE ( 'NONE', *, *, #4775, .T. ) ;
#4898 = FACE_OUTER_BOUND ( 'NONE', #1572, .T. ) ;
#4899 = CARTESIAN_POINT ( 'NONE',  ( -43.10000000000002274, 16.23406086440610352, 20.99999999999996447 ) ) ;
#4900 = CARTESIAN_POINT ( 'NONE',  ( -35.40000000000001990, -8.545949045540432110, 20.99999999999996447 ) ) ;
#4901 = ORIENTED_EDGE ( 'NONE', *, *, #3221, .F. ) ;
#4902 = EDGE_LOOP ( 'NONE', ( #1256, #1233, #4413, #1703, #5070, #1310, #4375 ) ) ;
#4903 = CARTESIAN_POINT ( 'NONE',  ( -1.930000000000008153, -26.16999999999999460, 27.36243556529820253 ) ) ;
#4904 = DIRECTION ( 'NONE',  ( -1.000000000000000000, 0.000000000000000000, 0.000000000000000000 ) ) ;
#4905 = CARTESIAN_POINT ( 'NONE',  ( 11.17730909557795371, 21.66870981804108709, 22.83511430059983027 ) ) ;
#4906 = EDGE_CURVE ( 'NONE', #1745, #3923, #3647, .T. ) ;
#4907 = DIRECTION ( 'NONE',  ( 0.000000000000000000, 0.000000000000000000, -1.000000000000000000 ) ) ;
#4908 = ORIENTED_EDGE ( 'NONE', *, *, #4184, .F. ) ;
#4909 = PRODUCT ( 'Arduino Platform', 'Arduino Platform', '', ( #1523 ) ) ;
#4910 = CARTESIAN_POINT ( 'NONE',  ( 9.400974734976252023, -22.16666666666665364, 22.99999999999996447 ) ) ;
#4911 = EDGE_CURVE ( 'NONE', #1350, #2547, #1837, .T. ) ;
#4912 = LINE ( 'NONE', #1047, #3712 ) ;
#4913 = ORIENTED_EDGE ( 'NONE', *, *, #3155, .F. ) ;
#4914 = FACE_OUTER_BOUND ( 'NONE', #4739, .T. ) ;
#4915 = ADVANCED_FACE ( 'NONE', ( #5272 ), #3351, .F. ) ;
#4916 = CARTESIAN_POINT ( 'NONE',  ( 13.58750786187607673, 27.19744837477464117, 22.91820553092649604 ) ) ;
#4917 = FACE_OUTER_BOUND ( 'NONE', #3054, .T. ) ;
#4918 = DIRECTION ( 'NONE',  ( -0.000000000000000000, 1.000000000000000000, -0.000000000000000000 ) ) ;
#4919 = CARTESIAN_POINT ( 'NONE',  ( 15.39999999999998259, 20.90000000000001279, 108.4887421329166983 ) ) ;
#4920 = ORIENTED_EDGE ( 'NONE', *, *, #1848, .F. ) ;
#4921 = CARTESIAN_POINT ( 'NONE',  ( 13.84977633390723994, -19.51973640685794109, 20.99999999999996447 ) ) ;
#4922 = CARTESIAN_POINT ( 'NONE',  ( 10.39999999999998259, 15.90000000000001101, 20.99999999999996447 ) ) ;
#4923 = CARTESIAN_POINT ( 'NONE',  ( -36.14601413478699499, -7.647955747294949980, 21.58142912226869470 ) ) ;
#4924 = VERTEX_POINT ( 'NONE', #134 ) ;
#4925 = DIRECTION ( 'NONE',  ( -0.000000000000000000, -0.000000000000000000, -1.000000000000000000 ) ) ;
#4926 = ORIENTED_EDGE ( 'NONE', *, *, #1595, .F. ) ;
#4927 = CARTESIAN_POINT ( 'NONE',  ( 12.94857097115538203, 21.02633799961478900, 22.73418617421332399 ) ) ;
#4928 = CYLINDRICAL_SURFACE ( 'NONE', #3400, 1.475000000000004086 ) ;
#4929 = VECTOR ( 'NONE', #2360, 1000.000000000000000 ) ;
#4930 = DIRECTION ( 'NONE',  ( -1.000000000000000000, 0.000000000000000000, 0.000000000000000000 ) ) ;
#4931 = ORIENTED_EDGE ( 'NONE', *, *, #2379, .T. ) ;
#4932 = DIRECTION ( 'NONE',  ( -0.2205635728757537328, 0.9753726007635658002, 0.000000000000000000 ) ) ;
#4933 = EDGE_LOOP ( 'NONE', ( #2907, #859, #2344, #5137 ) ) ;
#4934 = AXIS2_PLACEMENT_3D ( 'NONE', #5503, #3074, #1319 ) ;
#4935 = CARTESIAN_POINT ( 'NONE',  ( -41.49215686274511938, -7.046320480269836040, 20.99999999999997868 ) ) ;
#4936 = EDGE_CURVE ( 'NONE', #4304, #2744, #288, .T. ) ;
#4937 = DIRECTION ( 'NONE',  ( -0.5000000000000054401, 6.123233995736832596E-17, 0.8660254037844353769 ) ) ;
#4938 = AXIS2_PLACEMENT_3D ( 'NONE', #3576, #3552, #5265 ) ;
#4939 = ORIENTED_EDGE ( 'NONE', *, *, #1769, .F. ) ;
#4940 = AXIS2_PLACEMENT_3D ( 'NONE', #4071, #1905, #3224 ) ;
#4941 = EDGE_CURVE ( 'NONE', #3477, #1231, #3079, .T. ) ;
#4942 = LINE ( 'NONE', #2357, #4222 ) ;
#4943 = DIRECTION ( 'NONE',  ( -0.000000000000000000, -0.000000000000000000, -1.000000000000000000 ) ) ;
#4944 = EDGE_CURVE ( 'NONE', #1745, #5514, #1896, .T. ) ;
#4945 = CIRCLE ( 'NONE', #4857, 1.300000000000000044 ) ;
#4946 = CARTESIAN_POINT ( 'NONE',  ( -36.21193479265799908, -10.25915985622763493, 22.74585557179919704 ) ) ;
#4947 = ADVANCED_FACE ( 'NONE', ( #3779 ), #3979, .T. ) ;
#4948 = PLANE ( 'NONE',  #2983 ) ;
#4949 = CARTESIAN_POINT ( 'NONE',  ( 11.57748824142622013, 26.84705882352941941, 20.99999999999996092 ) ) ;
#4950 = DIRECTION ( 'NONE',  ( 0.000000000000000000, 0.000000000000000000, 1.000000000000000000 ) ) ;
#4951 = AXIS2_PLACEMENT_3D ( 'NONE', #5372, #4561, #693 ) ;
#4952 = ADVANCED_FACE ( 'NONE', ( #1126 ), #5043, .F. ) ;
#4953 = EDGE_LOOP ( 'NONE', ( #1437, #2424, #312, #4958, #700 ) ) ;
#4954 = CARTESIAN_POINT ( 'NONE',  ( 12.98263765504621325, -21.26279582689118541, 22.99999999410939466 ) ) ;
#4955 = CARTESIAN_POINT ( 'NONE',  ( 14.65749999999998643, 24.13000000000000966, 24.99999999999999289 ) ) ;
#4956 = VECTOR ( 'NONE', #2642, 1000.000000000000000 ) ;
#4957 = CARTESIAN_POINT ( 'NONE',  ( -35.92571506174337514, -9.301454348336328337, 22.36957950246257809 ) ) ;
#4958 = ORIENTED_EDGE ( 'NONE', *, *, #5188, .F. ) ;
#4959 = AXIS2_PLACEMENT_3D ( 'NONE', #4456, #1354, #585 ) ;
#4960 = CARTESIAN_POINT ( 'NONE',  ( -39.00000000000002132, 19.05000000000000071, 20.99999999999996803 ) ) ;
#4961 = ORIENTED_EDGE ( 'NONE', *, *, #3221, .T. ) ;
#4962 = DIRECTION ( 'NONE',  ( 0.000000000000000000, 0.000000000000000000, 1.000000000000000000 ) ) ;
#4963 = DIRECTION ( 'NONE',  ( -1.000000000000000000, 0.000000000000000000, 0.000000000000000000 ) ) ;
#4964 = DIRECTION ( 'NONE',  ( 1.000000000000000000, 0.000000000000000000, 0.000000000000000000 ) ) ;
#4965 = VECTOR ( 'NONE', #1201, 1000.000000000000000 ) ;
#4966 = FACE_OUTER_BOUND ( 'NONE', #1270, .T. ) ;
#4967 = ORIENTED_EDGE ( 'NONE', *, *, #3606, .T. ) ;
#4968 = CARTESIAN_POINT ( 'NONE',  ( 17.31506193742410105, -28.59999999999998721, 10.28513785303676720 ) ) ;
#4969 = ORIENTED_EDGE ( 'NONE', *, *, #3835, .T. ) ;
#4970 = CIRCLE ( 'NONE', #1004, 1.587499999999998579 ) ;
#4971 = DIRECTION ( 'NONE',  ( -0.000000000000000000, -0.000000000000000000, -1.000000000000000000 ) ) ;
#4972 = DIRECTION ( 'NONE',  ( 1.000000000000000000, 0.000000000000000000, 0.000000000000000000 ) ) ;
#4973 = AXIS2_PLACEMENT_3D ( 'NONE', #3107, #588, #537 ) ;
#4974 = ORIENTED_EDGE ( 'NONE', *, *, #4007, .F. ) ;
#4975 = CARTESIAN_POINT ( 'NONE',  ( -22.70000000000002061, -25.56999999999999673, 20.99999999999996803 ) ) ;
#4976 = AXIS2_PLACEMENT_3D ( 'NONE', #5074, #4234, #369 ) ;
#4977 = CARTESIAN_POINT ( 'NONE',  ( -30.40000000000001990, -15.89999999999998970, 108.4887421329166983 ) ) ;
#4978 = FACE_OUTER_BOUND ( 'NONE', #686, .T. ) ;
#4979 = EDGE_CURVE ( 'NONE', #3831, #268, #309, .T. ) ;
#4980 = ORIENTED_EDGE ( 'NONE', *, *, #5382, .F. ) ;
#4981 = CYLINDRICAL_SURFACE ( 'NONE', #2508, 1.475000000000004086 ) ;
#4982 = ORIENTED_EDGE ( 'NONE', *, *, #530, .T. ) ;
#4983 = ADVANCED_FACE ( 'NONE', ( #3699 ), #5408, .F. ) ;
#4984 = LINE ( 'NONE', #269, #3052 ) ;
#4985 = DIRECTION ( 'NONE',  ( -2.832201593431521726E-16, 1.000000000000000000, 0.000000000000000000 ) ) ;
#4986 = CARTESIAN_POINT ( 'NONE',  ( -35.40000000000001990, -12.26190281901284962, 20.99999999999996447 ) ) ;
#4987 = ORIENTED_EDGE ( 'NONE', *, *, #883, .F. ) ;
#4988 = CARTESIAN_POINT ( 'NONE',  ( -36.56198823134726439, 17.13529411764870858, 22.95733048496801132 ) ) ;
#4989 = VERTEX_POINT ( 'NONE', #4567 ) ;
#4990 = CARTESIAN_POINT ( 'NONE',  ( -43.10000000000002274, 24.50000000000001066, 20.99999999999996447 ) ) ;
#4991 = DIRECTION ( 'NONE',  ( -1.000000000000000000, 0.000000000000000000, 0.000000000000000000 ) ) ;
#4992 = PLANE ( 'NONE',  #2176 ) ;
#4993 = ORIENTED_EDGE ( 'NONE', *, *, #4601, .F. ) ;
#4994 = LINE ( 'NONE', #678, #4136 ) ;
#4995 = EDGE_LOOP ( 'NONE', ( #798, #504, #3378, #818 ) ) ;
#4996 = CARTESIAN_POINT ( 'NONE',  ( -38.19487298107780759, 24.50000000000001066, 4.150254037844377741 ) ) ;
#4997 = DIRECTION ( 'NONE',  ( -0.000000000000000000, -0.000000000000000000, -1.000000000000000000 ) ) ;
#4998 = ORIENTED_EDGE ( 'NONE', *, *, #1989, .F. ) ;
#4999 = CARTESIAN_POINT ( 'NONE',  ( 13.65217077762329367, 21.08337522200517355, 22.99999999238995230 ) ) ;
#5000 = CARTESIAN_POINT ( 'NONE',  ( 6.907515968344914548, -25.56999999999999673, 20.99999999999996803 ) ) ;
#5001 = ADVANCED_FACE ( 'NONE', ( #5016 ), #4992, .T. ) ;
#5002 = DIRECTION ( 'NONE',  ( -0.000000000000000000, -0.000000000000000000, -1.000000000000000000 ) ) ;
#5003 = ORIENTED_EDGE ( 'NONE', *, *, #5142, .T. ) ;
#5004 = CARTESIAN_POINT ( 'NONE',  ( -39.00000000000001421, -28.59999999999999787, 11.99000000000000021 ) ) ;
#5005 = ORIENTED_EDGE ( 'NONE', *, *, #2266, .F. ) ;
#5006 = CARTESIAN_POINT ( 'NONE',  ( 11.83066002844010178, -21.01755364557047656, 21.48238740533208357 ) ) ;
#5007 = DIRECTION ( 'NONE',  ( -0.000000000000000000, -0.000000000000000000, -1.000000000000000000 ) ) ;
#5008 = EDGE_CURVE ( 'NONE', #1963, #4716, #5056, .T. ) ;
#5009 = CARTESIAN_POINT ( 'NONE',  ( -30.40000000000001990, -20.89999999999999147, 20.99999999999996447 ) ) ;
#5010 = EDGE_CURVE ( 'NONE', #2839, #3409, #4615, .T. ) ;
#5011 = VERTEX_POINT ( 'NONE', #1179 ) ;
#5012 = ORIENTED_EDGE ( 'NONE', *, *, #3748, .T. ) ;
#5013 = DIRECTION ( 'NONE',  ( 0.000000000000000000, 0.000000000000000000, 1.000000000000000000 ) ) ;
#5014 = ADVANCED_FACE ( 'NONE', ( #3728 ), #1555, .T. ) ;
#5015 = CARTESIAN_POINT ( 'NONE',  ( 13.07149048217995535, -21.30275541317595511, 22.99999999999996447 ) ) ;
#5016 = FACE_OUTER_BOUND ( 'NONE', #4902, .T. ) ;
#5017 = ORIENTED_EDGE ( 'NONE', *, *, #412, .T. ) ;
#5018 = ORIENTED_EDGE ( 'NONE', *, *, #1324, .F. ) ;
#5019 = VECTOR ( 'NONE', #4697, 1000.000000000000000 ) ;
#5020 = CARTESIAN_POINT ( 'NONE',  ( 7.356647903564152102, -25.48451043939129690, 21.03879223367817985 ) ) ;
#5021 = EDGE_LOOP ( 'NONE', ( #4652, #1551, #284, #239, #5130, #1295, #2698, #5532, #3627, #3895, #761, #3438 ) ) ;
#5022 = AXIS2_PLACEMENT_3D ( 'NONE', #5296, #3526, #2226 ) ;
#5023 = VECTOR ( 'NONE', #1912, 1000.000000000000000 ) ;
#5024 = CARTESIAN_POINT ( 'NONE',  ( 13.23084053768295476, 20.02505516319276424, 20.99999999702458453 ) ) ;
#5025 = FACE_OUTER_BOUND ( 'NONE', #3613, .T. ) ;
#5026 = TOROIDAL_SURFACE ( 'NONE', #974, -3.525000000000000355, 5.000000000000000888 ) ;
#5027 = AXIS2_PLACEMENT_3D ( 'NONE', #3299, #5013, #3354 ) ;
#5028 = CARTESIAN_POINT ( 'NONE',  ( -43.10000000000002274, 23.11965835994309160, 10.09295229853782949 ) ) ;
#5029 = ORIENTED_EDGE ( 'NONE', *, *, #4116, .F. ) ;
#5030 = DIRECTION ( 'NONE',  ( -1.224646799147353207E-16, 1.000000000000000000, 0.000000000000000000 ) ) ;
#5031 = EDGE_LOOP ( 'NONE', ( #3006, #356, #1663 ) ) ;
#5032 = AXIS2_PLACEMENT_3D ( 'NONE', #3501, #1361, #4907 ) ;
#5033 = CIRCLE ( 'NONE', #1342, 1.475000000000004086 ) ;
#5034 = DIRECTION ( 'NONE',  ( 1.000000000000000000, 0.000000000000000000, 0.000000000000000000 ) ) ;
#5035 = DIRECTION ( 'NONE',  ( -0.000000000000000000, -0.000000000000000000, -1.000000000000000000 ) ) ;
#5036 = DIRECTION ( 'NONE',  ( 1.794541526872558613E-16, -1.000000000000000000, 0.000000000000000000 ) ) ;
#5037 = CIRCLE ( 'NONE', #2609, 1.587499999999998579 ) ;
#5038 = CARTESIAN_POINT ( 'NONE',  ( -35.47131469110146185, -28.59999999999999432, 11.99000000000000021 ) ) ;
#5039 = ORIENTED_EDGE ( 'NONE', *, *, #359, .T. ) ;
#5040 = CARTESIAN_POINT ( 'NONE',  ( 11.78318340915387985, 21.30802411145408826, 22.45573341000235956 ) ) ;
#5041 = CARTESIAN_POINT ( 'NONE',  ( -39.00000000000002132, 25.57000000000001450, 20.99999999999996803 ) ) ;
#5042 = EDGE_CURVE ( 'NONE', #1062, #2392, #1907, .T. ) ;
#5043 = CYLINDRICAL_SURFACE ( 'NONE', #1729, 1.299999999999999156 ) ;
#5044 = VECTOR ( 'NONE', #4821, 1000.000000000000000 ) ;
#5045 = VERTEX_POINT ( 'NONE', #5435 ) ;
#5046 = ADVANCED_FACE ( 'NONE', ( #4966 ), #11, .T. ) ;
#5047 = CARTESIAN_POINT ( 'NONE',  ( -22.70000000000002061, -28.59999999999999432, 22.29999999999996518 ) ) ;
#5048 = EDGE_LOOP ( 'NONE', ( #3773, #4897 ) ) ;
#5049 = DIRECTION ( 'NONE',  ( 0.000000000000000000, 0.000000000000000000, 1.000000000000000000 ) ) ;
#5050 = CIRCLE ( 'NONE', #2896, 2.000000000000000000 ) ;
#5051 = LINE ( 'NONE', #3676, #3437 ) ;
#5052 = ORIENTED_EDGE ( 'NONE', *, *, #497, .T. ) ;
#5053 = AXIS2_PLACEMENT_3D ( 'NONE', #1394, #2272, #3201 ) ;
#5054 = CARTESIAN_POINT ( 'NONE',  ( 11.61174515864225043, 21.38758233452038837, 22.54835973512967939 ) ) ;
#5055 = CARTESIAN_POINT ( 'NONE',  ( -40.47500000000000853, -24.49999999999998934, 1.650254037844403054 ) ) ;
#5056 = CIRCLE ( 'NONE', #2904, 0.5000000000000004441 ) ;
#5057 = DIRECTION ( 'NONE',  ( 1.000000000000000000, -1.020425574104003999E-15, 0.000000000000000000 ) ) ;
#5058 = ORIENTED_EDGE ( 'NONE', *, *, #3462, .F. ) ;
#5059 = DIRECTION ( 'NONE',  ( -1.000000000000000000, 0.000000000000000000, 0.000000000000000000 ) ) ;
#5060 = VECTOR ( 'NONE', #2209, 1000.000000000000000 ) ;
#5061 = CARTESIAN_POINT ( 'NONE',  ( 11.03397338354049850, -21.12483635360556633, 22.03324435728796260 ) ) ;
#5062 = PLANE ( 'NONE',  #2065 ) ;
#5063 = CARTESIAN_POINT ( 'NONE',  ( 23.09999999999998010, 22.81506193742412236, 10.28513785303676187 ) ) ;
#5064 = ORIENTED_EDGE ( 'NONE', *, *, #3774, .F. ) ;
#5065 = CARTESIAN_POINT ( 'NONE',  ( -36.47078389379363017, -28.59999999999999787, 10.95639735873632148 ) ) ;
#5066 = ORIENTED_EDGE ( 'NONE', *, *, #179, .F. ) ;
#5067 = CARTESIAN_POINT ( 'NONE',  ( 18.99999999999998934, -24.49999999999998934, 11.99000000000000021 ) ) ;
#5068 = DIRECTION ( 'NONE',  ( 0.000000000000000000, 0.000000000000000000, 1.000000000000000000 ) ) ;
#5069 = FACE_OUTER_BOUND ( 'NONE', #1323, .T. ) ;
#5070 = ORIENTED_EDGE ( 'NONE', *, *, #3056, .T. ) ;
#5071 = CARTESIAN_POINT ( 'NONE',  ( 7.774373512735862413, -25.55931886581092627, 21.17031345570515555 ) ) ;
#5072 = ORIENTED_EDGE ( 'NONE', *, *, #3744, .F. ) ;
#5073 = CARTESIAN_POINT ( 'NONE',  ( -41.74931830534570310, -10.34102865000252081, 21.39078755492759498 ) ) ;
#5074 = CARTESIAN_POINT ( 'NONE',  ( -3.230000000000015081, 28.60000000000000853, 22.29999999999996518 ) ) ;
#5075 = EDGE_CURVE ( 'NONE', #4180, #297, #728, .T. ) ;
#5076 = CARTESIAN_POINT ( 'NONE',  ( 7.123294625515038447, -26.08966282254180769, 21.10796687957486384 ) ) ;
#5077 = ORIENTED_EDGE ( 'NONE', *, *, #3819, .T. ) ;
#5078 = CARTESIAN_POINT ( 'NONE',  ( 13.47973343553852033, -28.59999999999999076, 20.99999999999996447 ) ) ;
#5079 = CARTESIAN_POINT ( 'NONE',  ( 12.71693609571798689, 20.33555987722414216, 20.99999999594193767 ) ) ;
#5080 = FACE_OUTER_BOUND ( 'NONE', #5262, .T. ) ;
#5081 = ADVANCED_FACE ( 'NONE', ( #3249 ), #2461, .T. ) ;
#5082 = DIRECTION ( 'NONE',  ( -1.000000000000000000, 0.000000000000000000, 0.000000000000000000 ) ) ;
#5083 = ORIENTED_EDGE ( 'NONE', *, *, #1505, .F. ) ;
#5084 = ADVANCED_FACE ( 'NONE', ( #758 ), #2633, .F. ) ;
#5085 = DIRECTION ( 'NONE',  ( -0.000000000000000000, -0.000000000000000000, -1.000000000000000000 ) ) ;
#5086 = DIRECTION ( 'NONE',  ( -0.000000000000000000, -0.000000000000000000, -1.000000000000000000 ) ) ;
#5087 = DIRECTION ( 'NONE',  ( 1.000000000000000000, 0.000000000000000000, 0.000000000000000000 ) ) ;
#5088 = CARTESIAN_POINT ( 'NONE',  ( 23.09999999999997300, 20.97131469110151158, 11.99000000000000021 ) ) ;
#5089 = ORIENTED_EDGE ( 'NONE', *, *, #38, .F. ) ;
#5090 = CARTESIAN_POINT ( 'NONE',  ( -39.00000000000001421, -28.59999999999999076, 9.722050807568841435 ) ) ;
#5091 = ORIENTED_EDGE ( 'NONE', *, *, #4633, .F. ) ;
#5092 = DIRECTION ( 'NONE',  ( -1.000000000000000000, 0.000000000000000000, 0.000000000000000000 ) ) ;
#5093 = CARTESIAN_POINT ( 'NONE',  ( -37.41250000000002274, 19.05000000000000071, 24.99999999999999289 ) ) ;
#5094 = DIRECTION ( 'NONE',  ( -0.000000000000000000, 0.000000000000000000, -1.000000000000000000 ) ) ;
#5095 = VERTEX_POINT ( 'NONE', #222 ) ;
#5096 = DIRECTION ( 'NONE',  ( 0.000000000000000000, 0.000000000000000000, -1.000000000000000000 ) ) ;
#5097 = ORIENTED_EDGE ( 'NONE', *, *, #1091, .T. ) ;
#5098 = CARTESIAN_POINT ( 'NONE',  ( -43.10000000000001563, -6.786103645359102821, 20.99999999999996447 ) ) ;
#5099 = CARTESIAN_POINT ( 'NONE',  ( 6.312510575905806220, -26.41850413358890037, 21.54189342506854032 ) ) ;
#5100 = ORIENTED_EDGE ( 'NONE', *, *, #1397, .F. ) ;
#5101 = B_SPLINE_CURVE_WITH_KNOTS ( 'NONE', 3,
 ( #5000, #599, #4576, #1564, #1134, #1050 ),
 .UNSPECIFIED., .F., .F.,
 ( 4, 2, 4 ),
 ( 8.673617379884035472E-19, 0.0006826961711935575911, 0.001365392342387114315 ),
 .UNSPECIFIED. ) ;
#5102 = DIRECTION ( 'NONE',  ( 0.000000000000000000, 0.000000000000000000, 1.000000000000000000 ) ) ;
#5103 = EDGE_CURVE ( 'NONE', #3190, #1302, #1950, .T. ) ;
#5104 = FACE_OUTER_BOUND ( 'NONE', #1781, .T. ) ;
#5105 = ADVANCED_FACE ( 'NONE', ( #2406 ), #4228, .F. ) ;
#5106 = DIRECTION ( 'NONE',  ( -0.000000000000000000, -0.000000000000000000, -1.000000000000000000 ) ) ;
#5107 = VERTEX_POINT ( 'NONE', #3548 ) ;
#5108 = CARTESIAN_POINT ( 'NONE',  ( 11.79999999999999538, -24.12999999999998124, 24.99999999999998934 ) ) ;
#5109 = EDGE_CURVE ( 'NONE', #4626, #3912, #2563, .T. ) ;
#5110 = ADVANCED_FACE ( 'NONE', ( #5069 ), #1206, .T. ) ;
#5111 = AXIS2_PLACEMENT_3D ( 'NONE', #782, #4677, #387 ) ;
#5112 = FACE_BOUND ( 'NONE', #2294, .T. ) ;
#5113 = AXIS2_PLACEMENT_3D ( 'NONE', #266, #1137, #3345 ) ;
#5114 = DIRECTION ( 'NONE',  ( 0.000000000000000000, 1.000000000000000000, 0.000000000000000000 ) ) ;
#5115 = CARTESIAN_POINT ( 'NONE',  ( 23.09999999999997300, 23.11850505936103772, 10.09349929844188765 ) ) ;
#5116 = VECTOR ( 'NONE', #3742, 1000.000000000000000 ) ;
#5117 = ORIENTED_EDGE ( 'NONE', *, *, #868, .T. ) ;
#5118 = CARTESIAN_POINT ( 'NONE',  ( -39.00000000000001421, -24.49999999999998934, 4.150254037844377741 ) ) ;
#5119 = ORIENTED_EDGE ( 'NONE', *, *, #2852, .F. ) ;
#5120 = CARTESIAN_POINT ( 'NONE',  ( 9.470413066334771202, -20.89999999999999503, 20.99999999999996092 ) ) ;
#5121 = FACE_OUTER_BOUND ( 'NONE', #1265, .T. ) ;
#5122 = CARTESIAN_POINT ( 'NONE',  ( -1.930000000000007487, -25.56999999999999673, 22.29999999999996518 ) ) ;
#5123 = ORIENTED_EDGE ( 'NONE', *, *, #1156, .T. ) ;
#5124 = CIRCLE ( 'NONE', #805, 2.000000000000000000 ) ;
#5125 = CARTESIAN_POINT ( 'NONE',  ( -36.44722320655530723, 17.28859846125676469, 22.91111997170394332 ) ) ;
#5126 = ORIENTED_EDGE ( 'NONE', *, *, #2437, .F. ) ;
#5127 = CARTESIAN_POINT ( 'NONE',  ( -41.99559860017878066, -8.075603303645040754, 22.82271027693941079 ) ) ;
#5128 = AXIS2_PLACEMENT_3D ( 'NONE', #5249, #2718, #1392 ) ;
#5129 = CARTESIAN_POINT ( 'NONE',  ( -24.00000000000002132, -28.59999999999999076, 22.29999999999996518 ) ) ;
#5130 = ORIENTED_EDGE ( 'NONE', *, *, #5294, .T. ) ;
#5131 = CARTESIAN_POINT ( 'NONE',  ( 22.09999999999998721, -24.49999999999998934, 7.990000000000032188 ) ) ;
#5132 = VERTEX_POINT ( 'NONE', #2934 ) ;
#5133 = CIRCLE ( 'NONE', #4239, 0.8051270189222102802 ) ;
#5134 = DIRECTION ( 'NONE',  ( -1.000000000000000000, 0.000000000000000000, 0.000000000000000000 ) ) ;
#5135 = DIRECTION ( 'NONE',  ( -1.000000000000000000, 0.000000000000000000, 0.000000000000000000 ) ) ;
#5136 = AXIS2_PLACEMENT_3D ( 'NONE', #834, #407, #3005 ) ;
#5137 = ORIENTED_EDGE ( 'NONE', *, *, #5232, .F. ) ;
#5138 = LINE ( 'NONE', #486, #796 ) ;
#5139 = FACE_OUTER_BOUND ( 'NONE', #1667, .T. ) ;
#5140 = LINE ( 'NONE', #886, #5469 ) ;
#5141 = DIRECTION ( 'NONE',  ( 0.000000000000000000, 0.000000000000000000, 1.000000000000000000 ) ) ;
#5142 = EDGE_CURVE ( 'NONE', #3860, #4461, #749, .T. ) ;
#5143 = ORIENTED_EDGE ( 'NONE', *, *, #703, .F. ) ;
#5144 = ORIENTED_EDGE ( 'NONE', *, *, #1671, .F. ) ;
#5145 = CARTESIAN_POINT ( 'NONE',  ( 9.505880523792194836, -22.03848077304185082, 22.99999998316727812 ) ) ;
#5146 = DIRECTION ( 'NONE',  ( 0.000000000000000000, 0.000000000000000000, 1.000000000000000000 ) ) ;
#5147 = AXIS2_PLACEMENT_3D ( 'NONE', #4854, #1836, #5271 ) ;
#5148 = EDGE_LOOP ( 'NONE', ( #759, #4579, #2387, #2474 ) ) ;
#5149 = VECTOR ( 'NONE', #3041, 1000.000000000000000 ) ;
#5150 = FACE_OUTER_BOUND ( 'NONE', #4588, .T. ) ;
#5151 = ORIENTED_EDGE ( 'NONE', *, *, #1289, .T. ) ;
#5152 = PLANE ( 'NONE',  #5489 ) ;
#5153 = CARTESIAN_POINT ( 'NONE',  ( -35.90000000000001990, 19.05000000000006466, 22.97868243150786327 ) ) ;
#5154 = CARTESIAN_POINT ( 'NONE',  ( 7.050896768219306665, -25.60924486604739769, 20.81330131626873836 ) ) ;
#5155 = ORIENTED_EDGE ( 'NONE', *, *, #81, .T. ) ;
#5156 = CARTESIAN_POINT ( 'NONE',  ( 13.29251175857375245, -26.84705882352939810, 20.99999999999996092 ) ) ;
#5157 = ORIENTED_EDGE ( 'NONE', *, *, #1534, .F. ) ;
#5158 = CARTESIAN_POINT ( 'NONE',  ( 14.89999999999999325, -24.12999999999998124, 24.99999999999998934 ) ) ;
#5159 = DIRECTION ( 'NONE',  ( -0.000000000000000000, -0.000000000000000000, -1.000000000000000000 ) ) ;
#5160 = ORIENTED_EDGE ( 'NONE', *, *, #3934, .F. ) ;
#5161 = DIRECTION ( 'NONE',  ( -0.000000000000000000, -0.000000000000000000, -1.000000000000000000 ) ) ;
#5162 = ADVANCED_FACE ( 'NONE', ( #388, #1825 ), #2509, .F. ) ;
#5163 = CARTESIAN_POINT ( 'NONE',  ( -33.59059892324146546, -24.49999999999998934, 11.99000000000000021 ) ) ;
#5164 = CARTESIAN_POINT ( 'NONE',  ( -32.00000000000002132, -28.59999999999999076, 22.29999999999996518 ) ) ;
#5165 = CARTESIAN_POINT ( 'NONE',  ( -35.40000000000001990, -20.89999999999999147, 20.99999999999996447 ) ) ;
#5166 = ORIENTED_EDGE ( 'NONE', *, *, #4502, .F. ) ;
#5167 = CARTESIAN_POINT ( 'NONE',  ( -36.21132294995608447, -7.522062792311874801, 22.74528700527027070 ) ) ;
#5168 = EDGE_LOOP ( 'NONE', ( #4901, #453, #4022, #4545 ) ) ;
#5169 = ADVANCED_FACE ( 'NONE', ( #3830 ), #516, .F. ) ;
#5170 = DIRECTION ( 'NONE',  ( -0.000000000000000000, -0.000000000000000000, -1.000000000000000000 ) ) ;
#5171 = CARTESIAN_POINT ( 'NONE',  ( 8.031695010634717136, -25.51845332026795887, 21.30606577404556035 ) ) ;
#5172 = ADVANCED_FACE ( 'NONE', ( #5231 ), #920, .T. ) ;
#5173 = ORIENTED_EDGE ( 'NONE', *, *, #5354, .F. ) ;
#5174 = CARTESIAN_POINT ( 'NONE',  ( 11.79999999999999538, -24.12999999999998124, 20.99999999999996803 ) ) ;
#5175 = ORIENTED_EDGE ( 'NONE', *, *, #5555, .F. ) ;
#5176 = ADVANCED_FACE ( 'NONE', ( #4259 ), #3406, .F. ) ;
#5177 = DIRECTION ( 'NONE',  ( -1.000000000000000000, 0.000000000000000000, 0.000000000000000000 ) ) ;
#5178 = CARTESIAN_POINT ( 'NONE',  ( 6.069999999999985185, 26.87000000000001165, 29.99999999999996447 ) ) ;
#5179 = ADVANCED_FACE ( 'NONE', ( #1376 ), #5534, .F. ) ;
#5180 = DIRECTION ( 'NONE',  ( 1.000000000000000000, 2.081668171172168119E-15, 0.000000000000000000 ) ) ;
#5181 = DIRECTION ( 'NONE',  ( 1.000000000000000000, 0.000000000000000000, 0.000000000000000000 ) ) ;
#5182 = ORIENTED_EDGE ( 'NONE', *, *, #1820, .F. ) ;
#5183 = CARTESIAN_POINT ( 'NONE',  ( 18.99999999999998934, -24.49999999999998934, -0.01000000000000002623 ) ) ;
#5184 = ORIENTED_EDGE ( 'NONE', *, *, #4979, .T. ) ;
#5185 = CARTESIAN_POINT ( 'NONE',  ( -39.00000000000002132, 24.50000000000001066, 4.150254037844377741 ) ) ;
#5186 = DIRECTION ( 'NONE',  ( -1.000000000000000000, 0.000000000000000000, 0.000000000000000000 ) ) ;
#5187 = CARTESIAN_POINT ( 'NONE',  ( -1.930000000000015037, 26.87000000000001165, 22.29999999999996518 ) ) ;
#5188 = EDGE_CURVE ( 'NONE', #1043, #2799, #3176, .T. ) ;
#5189 = VERTEX_POINT ( 'NONE', #3685 ) ;
#5190 = CYLINDRICAL_SURFACE ( 'NONE', #2786, 1.299999999999999156 ) ;
#5191 = CARTESIAN_POINT ( 'NONE',  ( -36.63907792605157709, 17.03713513424382597, 22.98395616982590539 ) ) ;
#5192 = CARTESIAN_POINT ( 'NONE',  ( 10.77970035170442387, -27.06015875857276498, 22.97062990850344022 ) ) ;
#5193 = AXIS2_PLACEMENT_3D ( 'NONE', #3932, #65, #1797 ) ;
#5194 = CARTESIAN_POINT ( 'NONE',  ( 18.23004566711289343, 27.87468354430379947, 2.963464629804081873 ) ) ;
#5195 = EDGE_LOOP ( 'NONE', ( #3556, #4267, #5248, #5519, #4251, #363, #173, #2553, #3917, #4614, #835, #5207, #4379, #4702 ) ) ;
#5196 = AXIS2_PLACEMENT_3D ( 'NONE', #4398, #1386, #5350 ) ;
#5197 = TOROIDAL_SURFACE ( 'NONE', #2690, -3.525000000000000355, 5.000000000000000888 ) ;
#5198 = CARTESIAN_POINT ( 'NONE',  ( -35.90000000000000568, -8.890000000000005898, 24.99999999999996803 ) ) ;
#5199 = CARTESIAN_POINT ( 'NONE',  ( 13.06999999999998607, 24.13000000000000966, 26.49999999999999645 ) ) ;
#5200 = FACE_OUTER_BOUND ( 'NONE', #4680, .T. ) ;
#5201 = CIRCLE ( 'NONE', #2785, 5.409401076758503457 ) ;
#5202 = AXIS2_PLACEMENT_3D ( 'NONE', #1788, #3089, #4 ) ;
#5203 = CARTESIAN_POINT ( 'NONE',  ( 10.39999999999998614, -15.89999999999998970, 11.99000000000000021 ) ) ;
#5204 = ORIENTED_EDGE ( 'NONE', *, *, #190, .T. ) ;
#5205 = EDGE_CURVE ( 'NONE', #506, #4509, #3629, .T. ) ;
#5206 = CARTESIAN_POINT ( 'NONE',  ( -35.97103718027754837, 18.36521100887812707, 21.54830826924823484 ) ) ;
#5207 = ORIENTED_EDGE ( 'NONE', *, *, #5418, .T. ) ;
#5208 = AXIS2_PLACEMENT_3D ( 'NONE', #168, #2267, #1780 ) ;
#5209 = CARTESIAN_POINT ( 'NONE',  ( -39.00000000000001421, -24.49999999999998934, 11.99000000000000021 ) ) ;
#5210 = LINE ( 'NONE', #794, #245 ) ;
#5211 = FACE_OUTER_BOUND ( 'NONE', #4476, .T. ) ;
#5212 = ADVANCED_FACE ( 'NONE', ( #5283 ), #3892, .F. ) ;
#5213 = CARTESIAN_POINT ( 'NONE',  ( 6.467731965176954922, -25.33452391558154915, 21.55124070316575668 ) ) ;
#5214 = VECTOR ( 'NONE', #4757, 1000.000000000000000 ) ;
#5215 = ORIENTED_EDGE ( 'NONE', *, *, #2013, .T. ) ;
#5216 = DIRECTION ( 'NONE',  ( -1.000000000000000000, 0.000000000000000000, 0.000000000000000000 ) ) ;
#5217 = ORIENTED_EDGE ( 'NONE', *, *, #2720, .T. ) ;
#5218 = DIRECTION ( 'NONE',  ( 0.000000000000000000, 0.000000000000000000, 1.000000000000000000 ) ) ;
#5219 = VECTOR ( 'NONE', #3952, 1000.000000000000000 ) ;
#5220 = DIRECTION ( 'NONE',  ( 1.000000000000000000, 2.832201593431521726E-16, -0.000000000000000000 ) ) ;
#5221 = CARTESIAN_POINT ( 'NONE',  ( 6.069999999999985185, 28.60000000000000853, 29.99999999999996447 ) ) ;
#5222 = ORIENTED_EDGE ( 'NONE', *, *, #5, .T. ) ;
#5223 = FACE_OUTER_BOUND ( 'NONE', #3899, .T. ) ;
#5224 = AXIS2_PLACEMENT_3D ( 'NONE', #3784, #5049, #4629 ) ;
#5225 = EDGE_CURVE ( 'NONE', #1003, #4334, #3180, .T. ) ;
#5226 = DIRECTION ( 'NONE',  ( 1.000000000000000000, 0.000000000000000000, 0.000000000000000000 ) ) ;
#5227 = CARTESIAN_POINT ( 'NONE',  ( 10.30748824142623477, -26.84705882352939810, 20.99999999999996092 ) ) ;
#5228 = AXIS2_PLACEMENT_3D ( 'NONE', #1508, #4526, #5391 ) ;
#5229 = UNCERTAINTY_MEASURE_WITH_UNIT (LENGTH_MEASURE( 1.000000000000000082E-05 ), #1125, 'distance_accuracy_value', 'NONE');
#5230 = LINE ( 'NONE', #1375, #3969 ) ;
#5231 = FACE_OUTER_BOUND ( 'NONE', #4795, .T. ) ;
#5232 = EDGE_CURVE ( 'NONE', #2031, #4137, #1189, .T. ) ;
#5233 = ORIENTED_EDGE ( 'NONE', *, *, #3814, .F. ) ;
#5234 = DIRECTION ( 'NONE',  ( 0.000000000000000000, 0.000000000000000000, -1.000000000000000000 ) ) ;
#5235 = DIRECTION ( 'NONE',  ( 1.000000000000000000, 0.000000000000000000, -0.000000000000000000 ) ) ;
#5236 = CARTESIAN_POINT ( 'NONE',  ( -41.95370152577778811, 20.02013523394338179, 21.52202132746907282 ) ) ;
#5237 = AXIS2_PLACEMENT_3D ( 'NONE', #2626, #3016, #5181 ) ;
#5238 = ORIENTED_EDGE ( 'NONE', *, *, #980, .T. ) ;
#5239 = CARTESIAN_POINT ( 'NONE',  ( -35.92822208059890698, 18.62187011185299212, 22.87749910963946576 ) ) ;
#5240 = ORIENTED_EDGE ( 'NONE', *, *, #2050, .F. ) ;
#5241 = VECTOR ( 'NONE', #2602, 1000.000000000000000 ) ;
#5242 = PLANE ( 'NONE',  #4510 ) ;
#5243 = DIRECTION ( 'NONE',  ( -1.000000000000000000, 0.000000000000000000, 0.000000000000000000 ) ) ;
#5244 = DIRECTION ( 'NONE',  ( -0.000000000000000000, -1.000000000000000000, -0.000000000000000000 ) ) ;
#5245 = CARTESIAN_POINT ( 'NONE',  ( -1.930000000000015037, 26.87000000000001165, 26.14999999999996660 ) ) ;
#5246 = VERTEX_POINT ( 'NONE', #4895 ) ;
#5247 = CARTESIAN_POINT ( 'NONE',  ( 18.99999999999998934, -24.49999999999998934, 1.650254037844406829 ) ) ;
#5248 = ORIENTED_EDGE ( 'NONE', *, *, #773, .T. ) ;
#5249 = CARTESIAN_POINT ( 'NONE',  ( -39.00000000000001421, -24.49999999999998934, 11.99000000000000021 ) ) ;
#5250 = EDGE_CURVE ( 'NONE', #1628, #399, #466, .T. ) ;
#5251 = DIRECTION ( 'NONE',  ( 1.000000000000000000, 0.000000000000000000, 0.000000000000000000 ) ) ;
#5252 = CARTESIAN_POINT ( 'NONE',  ( -1.930000000000015037, 26.17000000000001236, 27.36243556529819543 ) ) ;
#5253 = EDGE_LOOP ( 'NONE', ( #2012, #5552, #3531, #3664 ) ) ;
#5254 = EDGE_CURVE ( 'NONE', #5246, #3388, #4324, .T. ) ;
#5255 = CARTESIAN_POINT ( 'NONE',  ( 23.09999999999998721, -24.13954236152396504, 9.743131612714940104 ) ) ;
#5256 = EDGE_CURVE ( 'NONE', #5189, #2992, #1757, .T. ) ;
#5257 = LINE ( 'NONE', #5338, #2070 ) ;
#5258 = CARTESIAN_POINT ( 'NONE',  ( 10.68159275756569748, -27.02525783568485807, 21.28054311741567517 ) ) ;
#5259 = EDGE_CURVE ( 'NONE', #3448, #2912, #921, .T. ) ;
#5260 = DIRECTION ( 'NONE',  ( 0.8764705882352963329, 0.4814554059915350792, 0.000000000000000000 ) ) ;
#5261 = CARTESIAN_POINT ( 'NONE',  ( 14.40246399212252904, 26.93252057360226104, 21.16229468103856348 ) ) ;
#5262 = EDGE_LOOP ( 'NONE', ( #3245, #3150, #1618, #2970, #4539 ) ) ;
#5263 = DIRECTION ( 'NONE',  ( 1.000000000000000000, 0.000000000000000000, 0.000000000000000000 ) ) ;
#5264 = LINE ( 'NONE', #3066, #888 ) ;
#5265 = DIRECTION ( 'NONE',  ( 0.000000000000000000, 0.000000000000000000, 1.000000000000000000 ) ) ;
#5266 = ORIENTED_EDGE ( 'NONE', *, *, #4159, .F. ) ;
#5267 = DIRECTION ( 'NONE',  ( 0.000000000000000000, -0.2565161808695973211, 0.9665399365531028852 ) ) ;
#5268 = EDGE_LOOP ( 'NONE', ( #1983, #2660 ) ) ;
#5269 = LINE ( 'NONE', #3491, #5044 ) ;
#5270 = DIRECTION ( 'NONE',  ( 0.000000000000000000, -1.000000000000000000, 0.000000000000000000 ) ) ;
#5271 = DIRECTION ( 'NONE',  ( -1.000000000000000000, 0.000000000000000000, 0.000000000000000000 ) ) ;
#5272 = FACE_OUTER_BOUND ( 'NONE', #2975, .T. ) ;
#5273 = DIRECTION ( 'NONE',  ( -0.000000000000000000, -0.000000000000000000, -1.000000000000000000 ) ) ;
#5274 = VERTEX_POINT ( 'NONE', #1815 ) ;
#5275 = CARTESIAN_POINT ( 'NONE',  ( 18.99999999999998934, -24.49999999999998934, 11.99000000000000021 ) ) ;
#5276 = DIRECTION ( 'NONE',  ( -0.000000000000000000, -0.000000000000000000, -1.000000000000000000 ) ) ;
#5277 = DIRECTION ( 'NONE',  ( 1.000000000000000000, 0.000000000000000000, -0.000000000000000000 ) ) ;
#5278 = ORIENTED_EDGE ( 'NONE', *, *, #4601, .T. ) ;
#5279 = DIRECTION ( 'NONE',  ( 1.000000000000000000, -0.000000000000000000, -0.000000000000000000 ) ) ;
#5280 = DIRECTION ( 'NONE',  ( 0.000000000000000000, -1.000000000000000000, 0.000000000000000000 ) ) ;
#5281 = EDGE_CURVE ( 'NONE', #928, #996, #4829, .T. ) ;
#5282 = DIRECTION ( 'NONE',  ( -0.000000000000000000, -0.000000000000000000, -1.000000000000000000 ) ) ;
#5283 = FACE_OUTER_BOUND ( 'NONE', #3502, .T. ) ;
#5284 = ORIENTED_EDGE ( 'NONE', *, *, #4436, .T. ) ;
#5285 = ADVANCED_FACE ( 'NONE', ( #457 ), #3475, .T. ) ;
#5286 = CIRCLE ( 'NONE', #1782, 3.099999999999998757 ) ;
#5287 = FACE_BOUND ( 'NONE', #1317, .T. ) ;
#5288 = DIRECTION ( 'NONE',  ( 0.000000000000000000, 0.000000000000000000, 1.000000000000000000 ) ) ;
#5289 = CARTESIAN_POINT ( 'NONE',  ( -35.90007102790693239, -8.680870988466214300, 22.32300815186368936 ) ) ;
#5290 = TOROIDAL_SURFACE ( 'NONE', #5557, -3.525000000000000355, 5.000000000000000888 ) ;
#5291 = ORIENTED_EDGE ( 'NONE', *, *, #3778, .T. ) ;
#5292 = LINE ( 'NONE', #1438, #893 ) ;
#5293 = VERTEX_POINT ( 'NONE', #937 ) ;
#5294 = EDGE_CURVE ( 'NONE', #2489, #5514, #1469, .T. ) ;
#5295 = CARTESIAN_POINT ( 'NONE',  ( 18.99999999999998934, -24.49999999999998934, -0.01000000000000002623 ) ) ;
#5296 = CARTESIAN_POINT ( 'NONE',  ( -39.00000000000002132, 19.05000000000000071, 24.99999999999996803 ) ) ;
#5297 = CARTESIAN_POINT ( 'NONE',  ( -35.47131469110146185, -28.59999999999999432, 11.99000000000000021 ) ) ;
#5298 = ORIENTED_EDGE ( 'NONE', *, *, #3810, .T. ) ;
#5299 = CIRCLE ( 'NONE', #163, 1.300000000000002487 ) ;
#5300 = FACE_OUTER_BOUND ( 'NONE', #4933, .T. ) ;
#5301 = EDGE_LOOP ( 'NONE', ( #4621, #2862, #1598, #5367 ) ) ;
#5302 = DIRECTION ( 'NONE',  ( 1.000000000000000000, 0.000000000000000000, 0.000000000000000000 ) ) ;
#5303 = AXIS2_PLACEMENT_3D ( 'NONE', #71, #559, #5267 ) ;
#5304 = DIRECTION ( 'NONE',  ( 0.000000000000000000, 0.000000000000000000, 1.000000000000000000 ) ) ;
#5305 = EDGE_LOOP ( 'NONE', ( #3243, #4167, #282, #982 ) ) ;
#5306 = CARTESIAN_POINT ( 'NONE',  ( 15.52542257055656805, 28.60000000000015774, 22.99999999999996447 ) ) ;
#5307 = AXIS2_PLACEMENT_3D ( 'NONE', #5185, #1241, #1783 ) ;
#5308 = CARTESIAN_POINT ( 'NONE',  ( 17.61965835994308094, 28.60000000000000497, 10.09295229853786857 ) ) ;
#5309 = DIRECTION ( 'NONE',  ( -0.000000000000000000, -0.000000000000000000, -1.000000000000000000 ) ) ;
#5310 = CIRCLE ( 'NONE', #1902, 1.475000000000000533 ) ;
#5311 = CARTESIAN_POINT ( 'NONE',  ( 12.46354388804650526, 27.18284896294007069, 21.42658309224148283 ) ) ;
#5312 = LINE ( 'NONE', #3181, #1517 ) ;
#5313 = VERTEX_POINT ( 'NONE', #3897 ) ;
#5314 = AXIS2_PLACEMENT_3D ( 'NONE', #2696, #3572, #2304 ) ;
#5315 = DIRECTION ( 'NONE',  ( 0.000000000000000000, 0.000000000000000000, 1.000000000000000000 ) ) ;
#5316 = CARTESIAN_POINT ( 'NONE',  ( -42.09990364763700654, 18.84924751228135165, 21.57732057242009205 ) ) ;
#5317 = EDGE_CURVE ( 'NONE', #3097, #119, #2281, .T. ) ;
#5318 = CARTESIAN_POINT ( 'NONE',  ( -36.69091714639290558, -6.799731930088992016, 21.30453840772880625 ) ) ;
#5319 = AXIS2_PLACEMENT_3D ( 'NONE', #3566, #1869, #5304 ) ;
#5320 = ORIENTED_EDGE ( 'NONE', *, *, #1477, .T. ) ;
#5321 = CARTESIAN_POINT ( 'NONE',  ( -36.29478671898083064, 17.53310022932443246, 22.83284911037527465 ) ) ;
#5322 = ORIENTED_EDGE ( 'NONE', *, *, #5423, .T. ) ;
#5323 = DIRECTION ( 'NONE',  ( -0.000000000000000000, -0.000000000000000000, -1.000000000000000000 ) ) ;
#5324 = EDGE_CURVE ( 'NONE', #2192, #702, #2097, .T. ) ;
#5325 = CARTESIAN_POINT ( 'NONE',  ( 14.56251175857375380, 26.84705882352942297, 22.99999999999996447 ) ) ;
#5326 = AXIS2_PLACEMENT_3D ( 'NONE', #3328, #2431, #4594 ) ;
#5327 = ADVANCED_FACE ( 'NONE', ( #3138 ), #139, .T. ) ;
#5328 = DIRECTION ( 'NONE',  ( 1.000000000000000000, 2.081668171172168119E-15, 0.000000000000000000 ) ) ;
#5329 = EDGE_LOOP ( 'NONE', ( #1636, #2607 ) ) ;
#5330 = VECTOR ( 'NONE', #4350, 1000.000000000000000 ) ;
#5331 = CARTESIAN_POINT ( 'NONE',  ( -42.03373840326151623, 19.70856576029990848, 22.79124309275848859 ) ) ;
#5332 = ORIENTED_EDGE ( 'NONE', *, *, #697, .T. ) ;
#5333 = CARTESIAN_POINT ( 'NONE',  ( 10.94901960784312500, -21.14908866751044769, 22.09428349812013437 ) ) ;
#5334 = AXIS2_PLACEMENT_3D ( 'NONE', #3591, #5220, #4377 ) ;
#5335 = CARTESIAN_POINT ( 'NONE',  ( 10.78381063378762050, 22.02879085747305510, 22.99999998129792189 ) ) ;
#5336 = VERTEX_POINT ( 'NONE', #994 ) ;
#5337 = CARTESIAN_POINT ( 'NONE',  ( 11.98249999999998572, 24.13000000000000966, 26.49999999999999645 ) ) ;
#5338 = CARTESIAN_POINT ( 'NONE',  ( 15.39999999999998259, 15.90000000000001101, 11.99000000000000021 ) ) ;
#5339 = CARTESIAN_POINT ( 'NONE',  ( 6.069999999999985185, 26.17000000000001236, 27.36243556529819543 ) ) ;
#5340 = DIRECTION ( 'NONE',  ( -0.000000000000000000, -0.000000000000000000, -1.000000000000000000 ) ) ;
#5341 = CARTESIAN_POINT ( 'NONE',  ( -40.47500000000002274, 24.50000000000001066, -0.01000000000000002623 ) ) ;
#5342 = VERTEX_POINT ( 'NONE', #4861 ) ;
#5343 = FACE_OUTER_BOUND ( 'NONE', #786, .T. ) ;
#5344 = DIRECTION ( 'NONE',  ( 1.660022465049576016E-16, -1.000000000000000000, -0.000000000000000000 ) ) ;
#5345 = CARTESIAN_POINT ( 'NONE',  ( -35.40000000000001990, -9.059420682312515183, 20.99999999999996447 ) ) ;
#5346 = EDGE_LOOP ( 'NONE', ( #849, #4864, #3024, #4407, #1094, #1497 ) ) ;
#5347 = EDGE_CURVE ( 'NONE', #2799, #688, #3356, .T. ) ;
#5348 = CARTESIAN_POINT ( 'NONE',  ( -1.930000000000015037, 27.86998864849433133, 29.99999999999996447 ) ) ;
#5349 = ORIENTED_EDGE ( 'NONE', *, *, #418, .T. ) ;
#5350 = DIRECTION ( 'NONE',  ( -1.000000000000000000, 0.000000000000000000, 0.000000000000000000 ) ) ;
#5351 = EDGE_CURVE ( 'NONE', #1300, #5313, #2719, .T. ) ;
#5352 = DIRECTION ( 'NONE',  ( 1.000000000000000000, 0.000000000000000000, 0.000000000000000000 ) ) ;
#5353 = VERTEX_POINT ( 'NONE', #2686 ) ;
#5354 = EDGE_CURVE ( 'NONE', #996, #3097, #3537, .T. ) ;
#5355 = CARTESIAN_POINT ( 'NONE',  ( 18.11780837998437121, -28.59999999999999076, 9.879208963509499952 ) ) ;
#5356 = VERTEX_POINT ( 'NONE', #3505 ) ;
#5357 = ADVANCED_FACE ( 'NONE', ( #4008 ), #3984, .F. ) ;
#5358 = DIRECTION ( 'NONE',  ( -1.000000000000000000, 0.000000000000000000, 0.000000000000000000 ) ) ;
#5359 = LINE ( 'NONE', #1502, #3346 ) ;
#5360 = VERTEX_POINT ( 'NONE', #2235 ) ;
#5361 = PLANE ( 'NONE',  #260 ) ;
#5362 = FACE_OUTER_BOUND ( 'NONE', #4394, .T. ) ;
#5363 = CARTESIAN_POINT ( 'NONE',  ( 20.96214168703486180, -26.89999999999997726, 4.651666049839564998 ) ) ;
#5364 = PLANE ( 'NONE',  #3258 ) ;
#5365 = CARTESIAN_POINT ( 'NONE',  ( 12.17389055947806753, 27.10048006399195586, 22.95682061524090045 ) ) ;
#5366 = PLANE ( 'NONE',  #4575 ) ;
#5367 = ORIENTED_EDGE ( 'NONE', *, *, #5523, .F. ) ;
#5368 = CARTESIAN_POINT ( 'NONE',  ( 11.45475503847548815, -21.04894167983444930, 22.00040888969463992 ) ) ;
#5369 = DIRECTION ( 'NONE',  ( 0.7058823529411737407, -0.7083290928701378997, 0.000000000000000000 ) ) ;
#5370 = CARTESIAN_POINT ( 'NONE',  ( -35.40000000000001990, -10.22309384351451200, 20.99999999999996447 ) ) ;
#5371 = ORIENTED_EDGE ( 'NONE', *, *, #4787, .T. ) ;
#5372 = CARTESIAN_POINT ( 'NONE',  ( 23.10000000000001563, 28.00000000000002132, 2.746410161513777481 ) ) ;
#5373 = ORIENTED_EDGE ( 'NONE', *, *, #1420, .F. ) ;
#5374 = VECTOR ( 'NONE', #4727, 1000.000000000000000 ) ;
#5375 = EDGE_CURVE ( 'NONE', #2646, #2815, #5508, .T. ) ;
#5376 = DIRECTION ( 'NONE',  ( 1.000000000000000000, 0.000000000000000000, 0.000000000000000000 ) ) ;
#5377 = ORIENTED_EDGE ( 'NONE', *, *, #5447, .T. ) ;
#5378 = LINE ( 'NONE', #2434, #3510 ) ;
#5379 = CIRCLE ( 'NONE', #3039, 3.099999999999998757 ) ;
#5380 = CARTESIAN_POINT ( 'NONE',  ( -32.00000000000002842, 26.87000000000001165, 22.29999999999996518 ) ) ;
#5381 = AXIS2_PLACEMENT_3D ( 'NONE', #4580, #1649, #5059 ) ;
#5382 = EDGE_CURVE ( 'NONE', #2689, #1003, #2271, .T. ) ;
#5383 = CARTESIAN_POINT ( 'NONE',  ( 15.39999999999998259, 20.90000000000001279, 11.99000000000000021 ) ) ;
#5384 = AXIS2_PLACEMENT_3D ( 'NONE', #5510, #2079, #3427 ) ;
#5385 = ORIENTED_EDGE ( 'NONE', *, *, #4362, .F. ) ;
#5386 = CIRCLE ( 'NONE', #433, 1.587500000000000355 ) ;
#5387 = EDGE_CURVE ( 'NONE', #1753, #1300, #1102, .T. ) ;
#5388 = CARTESIAN_POINT ( 'NONE',  ( 12.66382497147907493, 21.05514140743980533, 22.56083786953487547 ) ) ;
#5389 = CIRCLE ( 'NONE', #263, 2.000000000000000444 ) ;
#5390 = CARTESIAN_POINT ( 'NONE',  ( -35.90000000000059543, -8.996311929624219772, 22.32287565553385278 ) ) ;
#5391 = DIRECTION ( 'NONE',  ( 1.000000000000000000, 0.000000000000000000, 0.000000000000000000 ) ) ;
#5392 = VERTEX_POINT ( 'NONE', #1304 ) ;
#5393 = ADVANCED_FACE ( 'NONE', ( #821 ), #561, .F. ) ;
#5394 = DIRECTION ( 'NONE',  ( 1.000000000000000000, 0.000000000000000000, 0.000000000000000000 ) ) ;
#5395 = VECTOR ( 'NONE', #808, 1000.000000000000000 ) ;
#5396 = ORIENTED_EDGE ( 'NONE', *, *, #3303, .F. ) ;
#5397 = CARTESIAN_POINT ( 'NONE',  ( 12.36171777104039116, -21.08008587771510989, 22.71462539891073007 ) ) ;
#5398 = CARTESIAN_POINT ( 'NONE',  ( 6.069999999999983409, 26.87000000000001521, 21.53847763108499436 ) ) ;
#5399 = CIRCLE ( 'NONE', #2977, 3.099999999999998757 ) ;
#5400 = CARTESIAN_POINT ( 'NONE',  ( -35.98105888641232042, -8.178417268176737309, 22.46096577299118735 ) ) ;
#5401 = ORIENTED_EDGE ( 'NONE', *, *, #2773, .F. ) ;
#5402 = VECTOR ( 'NONE', #4600, 1000.000000000000000 ) ;
#5403 = VERTEX_POINT ( 'NONE', #3364 ) ;
#5404 = CARTESIAN_POINT ( 'NONE',  ( 12.38553448873449270, 21.10465355864085168, 22.42526044024454279 ) ) ;
#5405 = CARTESIAN_POINT ( 'NONE',  ( 11.33270007488520115, -21.06499381536072946, 21.96542638325168184 ) ) ;
#5406 =( NAMED_UNIT ( * ) SI_UNIT ( $, .STERADIAN. ) SOLID_ANGLE_UNIT ( ) );
#5407 = VECTOR ( 'NONE', #797, 1000.000000000000000 ) ;
#5408 = PLANE ( 'NONE',  #1184 ) ;
#5409 = ORIENTED_EDGE ( 'NONE', *, *, #596, .F. ) ;
#5410 = DIRECTION ( 'NONE',  ( 0.000000000000000000, 0.000000000000000000, 1.000000000000000000 ) ) ;
#5411 = ORIENTED_EDGE ( 'NONE', *, *, #3544, .F. ) ;
#5412 = CIRCLE ( 'NONE', #5053, 4.999999999999997335 ) ;
#5413 = EDGE_CURVE ( 'NONE', #5461, #1753, #2010, .T. ) ;
#5414 = CARTESIAN_POINT ( 'NONE',  ( -32.53847763108505831, 26.33152236891498887, 20.99999999999996803 ) ) ;
#5415 = CARTESIAN_POINT ( 'NONE',  ( 6.907515968344911883, -26.11832385669159606, 21.12129692111077972 ) ) ;
#5416 = VECTOR ( 'NONE', #22, 1000.000000000000000 ) ;
#5417 = VERTEX_POINT ( 'NONE', #3785 ) ;
#5418 = EDGE_CURVE ( 'NONE', #5550, #3385, #417, .T. ) ;
#5419 = CARTESIAN_POINT ( 'NONE',  ( 13.55073909267723131, 21.06582776939816881, 22.98283447674480584 ) ) ;
#5420 = AXIS2_PLACEMENT_3D ( 'NONE', #3953, #3112, #544 ) ;
#5421 = CARTESIAN_POINT ( 'NONE',  ( 15.39999999999998792, -20.89999999999999147, 20.99999999999996447 ) ) ;
#5422 = ADVANCED_FACE ( 'NONE', ( #5496 ), #4654, .F. ) ;
#5423 = EDGE_CURVE ( 'NONE', #83, #1898, #2967, .T. ) ;
#5424 = FACE_OUTER_BOUND ( 'NONE', #933, .T. ) ;
#5425 = ORIENTED_EDGE ( 'NONE', *, *, #5582, .T. ) ;
#5426 = ADVANCED_FACE ( 'NONE', ( #5548 ), #1691, .T. ) ;
#5427 = ORIENTED_EDGE ( 'NONE', *, *, #5254, .T. ) ;
#5428 = CARTESIAN_POINT ( 'NONE',  ( 12.44815935116179517, -21.09716287586088157, 22.77598191133642302 ) ) ;
#5429 = CARTESIAN_POINT ( 'NONE',  ( 7.369999999999985008, 25.57000000000001450, 20.99999999999996803 ) ) ;
#5430 = LINE ( 'NONE', #5009, #3255 ) ;
#5431 = EDGE_LOOP ( 'NONE', ( #2889, #3452, #1114, #1556 ) ) ;
#5432 = DIRECTION ( 'NONE',  ( 1.000000000000000000, 0.000000000000000000, -0.000000000000000000 ) ) ;
#5433 = ORIENTED_EDGE ( 'NONE', *, *, #5, .F. ) ;
#5434 = CARTESIAN_POINT ( 'NONE',  ( 11.12659004796567253, -21.10224245316767977, 21.98176988957834510 ) ) ;
#5435 = CARTESIAN_POINT ( 'NONE',  ( -40.47500000000000853, -24.49999999999998934, -0.01000000000000002623 ) ) ;
#5436 = ORIENTED_EDGE ( 'NONE', *, *, #3469, .F. ) ;
#5437 = CARTESIAN_POINT ( 'NONE',  ( 15.95541210158533296, -28.59999999999998721, 11.45823199301702111 ) ) ;
#5438 = EDGE_LOOP ( 'NONE', ( #2285, #5012, #5173, #573 ) ) ;
#5439 = DIRECTION ( 'NONE',  ( -0.000000000000000000, -0.000000000000000000, -1.000000000000000000 ) ) ;
#5440 = LINE ( 'NONE', #3366, #3177 ) ;
#5441 = VERTEX_POINT ( 'NONE', #4734 ) ;
#5442 = CARTESIAN_POINT ( 'NONE',  ( -24.00000000000002487, -26.86999999999999744, 21.53847763108499436 ) ) ;
#5443 = DIRECTION ( 'NONE',  ( -0.000000000000000000, -0.000000000000000000, -1.000000000000000000 ) ) ;
#5444 = DIRECTION ( 'NONE',  ( 0.000000000000000000, 0.000000000000000000, 1.000000000000000000 ) ) ;
#5445 = ORIENTED_EDGE ( 'NONE', *, *, #4265, .T. ) ;
#5446 = EDGE_LOOP ( 'NONE', ( #2801, #3788, #2113, #1511 ) ) ;
#5447 = EDGE_CURVE ( 'NONE', #2392, #1062, #1683, .T. ) ;
#5448 = CARTESIAN_POINT ( 'NONE',  ( 12.62510211544918803, -21.09463823181102526, 21.52340718167834055 ) ) ;
#5449 = CARTESIAN_POINT ( 'NONE',  ( -35.90322645063507423, 19.21375652025128389, 22.99999999999996447 ) ) ;
#5450 = EDGE_CURVE ( 'NONE', #3747, #2582, #739, .T. ) ;
#5451 = DIRECTION ( 'NONE',  ( -0.000000000000000000, -0.000000000000000000, -1.000000000000000000 ) ) ;
#5452 = ORIENTED_EDGE ( 'NONE', *, *, #1534, .T. ) ;
#5453 = DIRECTION ( 'NONE',  ( -0.9968439934916925038, -0.07938546869254264893, 0.000000000000000000 ) ) ;
#5454 = VERTEX_POINT ( 'NONE', #931 ) ;
#5455 = CARTESIAN_POINT ( 'NONE',  ( 12.07628554999588921, 21.19164003934128715, 22.37346254151733049 ) ) ;
#5456 = DIRECTION ( 'NONE',  ( -0.4814554059915357453, -0.8764705882352957778, 0.000000000000000000 ) ) ;
#5457 = DIRECTION ( 'NONE',  ( -0.000000000000000000, -0.000000000000000000, 1.000000000000000000 ) ) ;
#5458 = VERTEX_POINT ( 'NONE', #2711 ) ;
#5459 = EDGE_CURVE ( 'NONE', #1866, #3816, #3539, .T. ) ;
#5460 = CARTESIAN_POINT ( 'NONE',  ( -24.00000000000002842, 26.87000000000001165, 26.14999999999996660 ) ) ;
#5461 = VERTEX_POINT ( 'NONE', #1297 ) ;
#5462 = DIRECTION ( 'NONE',  ( -1.000000000000000000, 0.000000000000000000, 0.000000000000000000 ) ) ;
#5463 = CIRCLE ( 'NONE', #1612, 3.100000000000000533 ) ;
#5464 = CARTESIAN_POINT ( 'NONE',  ( 8.139290942970562881, -25.93920069449862353, 21.47629355413805996 ) ) ;
#5465 = EDGE_LOOP ( 'NONE', ( #4428, #3087, #4838, #4096 ) ) ;
#5466 = CIRCLE ( 'NONE', #62, 1.474999999999997202 ) ;
#5467 =( BOUNDED_CURVE ( )  B_SPLINE_CURVE ( 3, ( #4723, #5194, #858, #2581 ),
 .UNSPECIFIED., .F., .F. ) 
 B_SPLINE_CURVE_WITH_KNOTS ( ( 4, 4 ),
 ( 5.597828962690250876, 6.968541651668921588 ),
 .UNSPECIFIED. ) 
 CURVE ( )  GEOMETRIC_REPRESENTATION_ITEM ( )  RATIONAL_B_SPLINE_CURVE ( ( 1.000000000000000000, 0.8494623655913999816, 0.8494623655913999816, 1.000000000000000000 ) ) 
 REPRESENTATION_ITEM ( '' )  );
#5468 = CARTESIAN_POINT ( 'NONE',  ( 13.75374707591482171, 21.10634493763295438, 20.99999999999996447 ) ) ;
#5469 = VECTOR ( 'NONE', #406, 1000.000000000000000 ) ;
#5470 = VECTOR ( 'NONE', #386, 1000.000000000000000 ) ;
#5471 = CARTESIAN_POINT ( 'NONE',  ( -38.99999999999997868, -24.49999999999995737, 108.4887421329166983 ) ) ;
#5472 = EDGE_LOOP ( 'NONE', ( #1101, #4386 ) ) ;
#5473 = DIRECTION ( 'NONE',  ( 1.000000000000000000, 0.000000000000000000, 0.000000000000000000 ) ) ;
#5474 = AXIS2_PLACEMENT_3D ( 'NONE', #4146, #1150, #3280 ) ;
#5475 = AXIS2_PLACEMENT_3D ( 'NONE', #4364, #1461, #4337 ) ;
#5476 = CARTESIAN_POINT ( 'NONE',  ( 10.70418545366282359, -21.21898308612897566, 21.48799345391003612 ) ) ;
#5477 = DIRECTION ( 'NONE',  ( 0.000000000000000000, 1.000000000000000000, 0.000000000000000000 ) ) ;
#5478 = DIRECTION ( 'NONE',  ( -0.000000000000000000, -0.000000000000000000, -1.000000000000000000 ) ) ;
#5479 = PRESENTATION_LAYER_ASSIGNMENT (  '', '', ( #1162 ) ) ;
#5480 = EDGE_CURVE ( 'NONE', #4568, #1181, #2203, .T. ) ;
#5481 = EDGE_LOOP ( 'NONE', ( #3508, #1353, #371, #4262, #5371, #851, #2222, #1287 ) ) ;
#5482 = FILL_AREA_STYLE ('',( #836 ) ) ;
#5483 = ORIENTED_EDGE ( 'NONE', *, *, #290, .T. ) ;
#5484 = AXIS2_PLACEMENT_3D ( 'NONE', #4691, #3449, #3082 ) ;
#5485 = EDGE_CURVE ( 'NONE', #1034, #2815, #830, .T. ) ;
#5486 = CYLINDRICAL_SURFACE ( 'NONE', #2880, 1.299999999999999156 ) ;
#5487 = CARTESIAN_POINT ( 'NONE',  ( 10.39999999999998259, 15.90000000000001101, 108.4887421329166983 ) ) ;
#5488 = CARTESIAN_POINT ( 'NONE',  ( -39.00000000000001421, -24.49999999999998934, -994.4552250588358220 ) ) ;
#5489 = AXIS2_PLACEMENT_3D ( 'NONE', #4313, #2170, #19 ) ;
#5490 = ORIENTED_EDGE ( 'NONE', *, *, #4836, .T. ) ;
#5491 = DIRECTION ( 'NONE',  ( -1.000000000000000000, 0.000000000000000000, -0.000000000000000000 ) ) ;
#5492 = VERTEX_POINT ( 'NONE', #3915 ) ;
#5493 = EDGE_CURVE ( 'NONE', #3795, #415, #293, .T. ) ;
#5494 = CARTESIAN_POINT ( 'NONE',  ( 13.59059892324147789, 24.50000000000001066, 11.99000000000000021 ) ) ;
#5495 = CIRCLE ( 'NONE', #3068, 1.587499999999998579 ) ;
#5496 = FACE_OUTER_BOUND ( 'NONE', #3135, .T. ) ;
#5497 = ADVANCED_FACE ( 'NONE', ( #76 ), #2551, .T. ) ;
#5498 = CARTESIAN_POINT ( 'NONE',  ( -32.00000000000002842, 28.60000000000000853, 29.99999999999996447 ) ) ;
#5499 = ORIENTED_EDGE ( 'NONE', *, *, #295, .T. ) ;
#5500 = CIRCLE ( 'NONE', #3075, 3.099999999999998757 ) ;
#5501 = FACE_OUTER_BOUND ( 'NONE', #2115, .T. ) ;
#5502 = CARTESIAN_POINT ( 'NONE',  ( 12.70134168144140219, 21.03987734996044878, 21.58082781782955450 ) ) ;
#5503 = CARTESIAN_POINT ( 'NONE',  ( -40.08750000000000568, -8.890000000000005898, 26.49999999999999645 ) ) ;
#5504 = CONICAL_SURFACE ( 'NONE', #736, 5.409401076758545202, 0.5235987755983051439 ) ;
#5505 = DIRECTION ( 'NONE',  ( 1.794541526872558613E-16, -1.000000000000000000, 0.000000000000000000 ) ) ;
#5506 = ORIENTED_EDGE ( 'NONE', *, *, #2984, .F. ) ;
#5507 = CARTESIAN_POINT ( 'NONE',  ( 11.79999999999999538, -24.12999999999998124, 24.99999999999999289 ) ) ;
#5508 = CIRCLE ( 'NONE', #5420, 2.000000000000000444 ) ;
#5509 = CARTESIAN_POINT ( 'NONE',  ( 6.069999999999992291, -26.86999999999999744, 22.29999999999996518 ) ) ;
#5510 = CARTESIAN_POINT ( 'NONE',  ( 6.069999999999992291, -27.86998864849432422, 28.69999999999996376 ) ) ;
#5511 = FACE_OUTER_BOUND ( 'NONE', #1779, .T. ) ;
#5512 = ORIENTED_EDGE ( 'NONE', *, *, #946, .T. ) ;
#5513 = DIRECTION ( 'NONE',  ( -1.000000000000000000, 0.000000000000000000, 0.000000000000000000 ) ) ;
#5514 = VERTEX_POINT ( 'NONE', #3495 ) ;
#5515 = CARTESIAN_POINT ( 'NONE',  ( -33.30000000000002558, -28.59999999999999787, 22.29999999999996518 ) ) ;
#5516 = LINE ( 'NONE', #4647, #884 ) ;
#5517 = CARTESIAN_POINT ( 'NONE',  ( -40.96214168703487246, 26.90000000000000924, 4.651666049839564998 ) ) ;
#5518 = ADVANCED_FACE ( 'NONE', ( #3975, #5211 ), #2173, .F. ) ;
#5519 = ORIENTED_EDGE ( 'NONE', *, *, #4648, .T. ) ;
#5520 = CARTESIAN_POINT ( 'NONE',  ( -39.00000000000000711, -8.890000000000005898, 26.49999999999999645 ) ) ;
#5521 = ORIENTED_EDGE ( 'NONE', *, *, #81, .F. ) ;
#5522 = CARTESIAN_POINT ( 'NONE',  ( -42.10006685345903321, -8.727320505655466576, 22.73198730807990131 ) ) ;
#5523 = EDGE_CURVE ( 'NONE', #13, #4645, #1806, .T. ) ;
#5524 = EDGE_CURVE ( 'NONE', #3072, #2377, #1282, .T. ) ;
#5525 = CARTESIAN_POINT ( 'NONE',  ( 11.48249999999998572, 24.13000000000000966, 26.99999999999999645 ) ) ;
#5526 = ORIENTED_EDGE ( 'NONE', *, *, #187, .T. ) ;
#5527 = EDGE_CURVE ( 'NONE', #3660, #2031, #2651, .T. ) ;
#5528 = CARTESIAN_POINT ( 'NONE',  ( 12.65528311520322546, -28.59999999999999076, 20.99999999999996447 ) ) ;
#5529 = CARTESIAN_POINT ( 'NONE',  ( 23.10000000000001563, 26.90000000000001990, 4.651666049839564998 ) ) ;
#5530 = EDGE_CURVE ( 'NONE', #5274, #83, #3559, .T. ) ;
#5531 = CARTESIAN_POINT ( 'NONE',  ( -43.10000000000002274, 20.97131469110145119, 11.99000000000000021 ) ) ;
#5532 = ORIENTED_EDGE ( 'NONE', *, *, #3333, .T. ) ;
#5533 = DIRECTION ( 'NONE',  ( 1.000000000000000000, -1.020425574104003999E-15, 0.000000000000000000 ) ) ;
#5534 =( BOUNDED_SURFACE ( )  B_SPLINE_SURFACE ( 3, 2, ( 
 ( #2697, #2112, #2280 ),
 ( #4419, #4784, #95 ),
 ( #2640, #5261, #4360 ),
 ( #1402, #491, #3120 ),
 ( #4837, #123, #3357 ),
 ( #1001, #2728, #634 ),
 ( #1457, #1485, #1853 ),
 ( #3148, #234, #2306 ),
 ( #4870, #5311, #1509 ),
 ( #5365, #1427, #2393 ),
 ( #2364, #2755, #1028 ),
 ( #4448, #4470, #4076 ),
 ( #1937, #1053, #146 ),
 ( #1964, #4949, #180 ) ),
 .UNSPECIFIED., .F., .F., .T. ) 
 B_SPLINE_SURFACE_WITH_KNOTS ( ( 4, 2, 2, 2, 2, 2, 4 ),
 ( 3, 3 ),
 ( 0.003911803473945710090, 0.004555038322027049960, 0.005198273170108388963, 0.006484742866271066969, 0.007771212562433744975, 0.008414447410515083978, 0.009057682258596422981 ),
 ( 0.000000000000000000, 1.000000000000000000 ),
 .UNSPECIFIED. ) 
 GEOMETRIC_REPRESENTATION_ITEM ( )  RATIONAL_B_SPLINE_SURFACE ( (
 ( 1.000000000000000000, 0.7071067811865696662, 1.000000000000000000),
 ( 1.000000000000000000, 0.7230326127695283489, 1.000000000000000000),
 ( 1.000000000000000000, 0.7376173488429096370, 1.000000000000000000),
 ( 1.000000000000000000, 0.7633524248187173455, 1.000000000000000000),
 ( 1.000000000000000000, 0.7745470554728584034, 1.000000000000000000),
 ( 1.000000000000000000, 0.8014933057147514139, 1.000000000000000000),
 ( 1.000000000000000000, 0.8108932981962005959, 1.000000000000000000),
 ( 1.000000000000000000, 0.8108340368739576087, 1.000000000000000000),
 ( 1.000000000000000000, 0.8013665934193129337, 1.000000000000000000),
 ( 1.000000000000000000, 0.7744790366145037908, 1.000000000000000000),
 ( 1.000000000000000000, 0.7632862020285057225, 1.000000000000000000),
 ( 1.000000000000000000, 0.7374980878043942978, 1.000000000000000000),
 ( 1.000000000000000000, 0.7229301882324487005, 1.000000000000000000),
 ( 1.000000000000000000, 0.7071067811865471286, 1.000000000000000000) ) ) 
 REPRESENTATION_ITEM ( '' )  SURFACE ( )  );
#5535 = CARTESIAN_POINT ( 'NONE',  ( -39.00000000000000711, -8.890000000000005898, 26.99999999999999645 ) ) ;
#5536 = CARTESIAN_POINT ( 'NONE',  ( -39.00000000000002132, 24.50000000000001066, 11.99000000000000021 ) ) ;
#5537 =( BOUNDED_CURVE ( )  B_SPLINE_CURVE ( 3, ( #5380, #680, #5414, #3254 ),
 .UNSPECIFIED., .F., .T. ) 
 B_SPLINE_CURVE_WITH_KNOTS ( ( 4, 4 ),
 ( 3.141592653589793116, 4.712388980384689674 ),
 .UNSPECIFIED. ) 
 CURVE ( )  GEOMETRIC_REPRESENTATION_ITEM ( )  RATIONAL_B_SPLINE_CURVE ( ( 1.000000000000000000, 0.8047378541243649375, 0.8047378541243649375, 1.000000000000000000 ) ) 
 REPRESENTATION_ITEM ( '' )  );
#5538 = LINE ( 'NONE', #382, #4965 ) ;
#5539 = DIRECTION ( 'NONE',  ( -1.000000000000000000, 0.000000000000000000, 0.000000000000000000 ) ) ;
#5540 = VERTEX_POINT ( 'NONE', #3106 ) ;
#5541 = CARTESIAN_POINT ( 'NONE',  ( 10.39999999999998614, -20.89999999999999503, 20.99999999999996092 ) ) ;
#5542 = CARTESIAN_POINT ( 'NONE',  ( 14.89999999999999325, -24.12999999999998124, 22.99999999999996447 ) ) ;
#5543 = CARTESIAN_POINT ( 'NONE',  ( -22.70000000000002061, -28.59999999999999076, 22.29999999999996518 ) ) ;
#5544 = ORIENTED_EDGE ( 'NONE', *, *, #4737, .F. ) ;
#5545 = CARTESIAN_POINT ( 'NONE',  ( -35.40000000000002700, 15.90000000000281410, 20.99999999999996447 ) ) ;
#5546 = ORIENTED_EDGE ( 'NONE', *, *, #1776, .F. ) ;
#5547 = CARTESIAN_POINT ( 'NONE',  ( -41.53221691769444845, -7.100470817591126860, 21.12672541786876579 ) ) ;
#5548 = FACE_OUTER_BOUND ( 'NONE', #1755, .T. ) ;
#5549 = CARTESIAN_POINT ( 'NONE',  ( 8.047439227636488113, -25.49179471296463007, 21.32416217504759715 ) ) ;
#5550 = VERTEX_POINT ( 'NONE', #958 ) ;
#5551 = DIRECTION ( 'NONE',  ( -0.000000000000000000, -0.000000000000000000, -1.000000000000000000 ) ) ;
#5552 = ORIENTED_EDGE ( 'NONE', *, *, #350, .T. ) ;
#5553 = CARTESIAN_POINT ( 'NONE',  ( -39.00000000000002132, 24.50000000000001066, 11.99000000000000021 ) ) ;
#5554 = B_SPLINE_CURVE_WITH_KNOTS ( 'NONE', 3,
 ( #5015, #4543, #757, #1630, #1177, #2428, #2033, #4112, #1576, #2878, #2909, #5405, #3667, #5434, #219, #4142 ),
 .UNSPECIFIED., .F., .F.,
 ( 4, 2, 2, 2, 2, 2, 2, 4 ),
 ( 0.000000000000000000, 0.0006406128974830418077, 0.001281225794966083615, 0.001601532243707606525, 0.001921838692449129435, 0.002081991916819896093, 0.002242145141190662969, 0.002562451589932201491 ),
 .UNSPECIFIED. ) ;
#5555 = EDGE_CURVE ( 'NONE', #383, #2918, #2734, .T. ) ;
#5556 = DIRECTION ( 'NONE',  ( -0.000000000000000000, -0.000000000000000000, -1.000000000000000000 ) ) ;
#5557 = AXIS2_PLACEMENT_3D ( 'NONE', #2482, #3277, #4991 ) ;
#5558 = ADVANCED_FACE ( 'NONE', ( #1099 ), #2854, .F. ) ;
#5559 = VERTEX_POINT ( 'NONE', #3583 ) ;
#5560 = CARTESIAN_POINT ( 'NONE',  ( 6.069999999999992291, -27.86998864849432422, 29.99999999999996447 ) ) ;
#5561 = AXIS2_PLACEMENT_3D ( 'NONE', #1260, #1658, #411 ) ;
#5562 = CARTESIAN_POINT ( 'NONE',  ( 22.52499999999998082, 24.50000000000001066, 1.650254037844406829 ) ) ;
#5563 = CIRCLE ( 'NONE', #3682, 1.587500000000000355 ) ;
#5564 = LINE ( 'NONE', #1677, #3410 ) ;
#5565 = CARTESIAN_POINT ( 'NONE',  ( 11.79999999999999538, -24.12999999999998124, 20.99999999999996803 ) ) ;
#5566 = AXIS2_PLACEMENT_3D ( 'NONE', #622, #3168, #5216 ) ;
#5567 = AXIS2_PLACEMENT_3D ( 'NONE', #5337, #1481, #3203 ) ;
#5568 = ORIENTED_EDGE ( 'NONE', *, *, #2826, .T. ) ;
#5569 = FACE_OUTER_BOUND ( 'NONE', #1285, .T. ) ;
#5570 = EDGE_LOOP ( 'NONE', ( #2648, #5175, #1480, #3007 ) ) ;
#5571 = CARTESIAN_POINT ( 'NONE',  ( 9.400974734976250247, -22.16666666666665719, 22.99999999999996447 ) ) ;
#5572 = CARTESIAN_POINT ( 'NONE',  ( -41.59073657096895005, 20.76042637364469456, 22.99999998583131955 ) ) ;
#5573 = ORIENTED_EDGE ( 'NONE', *, *, #4936, .T. ) ;
#5574 = AXIS2_PLACEMENT_3D ( 'NONE', #3226, #493, #3930 ) ;
#5575 = CARTESIAN_POINT ( 'NONE',  ( 7.341347672447382067, -25.83228912514848119, 21.06847556161589452 ) ) ;
#5576 = ORIENTED_EDGE ( 'NONE', *, *, #4532, .T. ) ;
#5577 = CARTESIAN_POINT ( 'NONE',  ( -43.10000000000001563, -10.23063892471228620, 20.99999999999996447 ) ) ;
#5578 = CARTESIAN_POINT ( 'NONE',  ( 19.76995433288709236, -27.87468354430379236, 6.712247492511013824 ) ) ;
#5579 = VECTOR ( 'NONE', #4971, 1000.000000000000000 ) ;
#5580 = CARTESIAN_POINT ( 'NONE',  ( 7.369999999999988560, -26.65687554105854318, 20.99999999999996803 ) ) ;
#5581 = ORIENTED_EDGE ( 'NONE', *, *, #3083, .F. ) ;
#5582 = EDGE_CURVE ( 'NONE', #3302, #5107, #471, .T. ) ;
#5583 = CARTESIAN_POINT ( 'NONE',  ( -1.930000000000015037, 26.17000000000001236, 27.36243556529819543 ) ) ;
#5584 = ORIENTED_EDGE ( 'NONE', *, *, #3324, .F. ) ;
#5585 = VECTOR ( 'NONE', #265, 1000.000000000000000 ) ;
#5586 = DIRECTION ( 'NONE',  ( -0.000000000000000000, -0.000000000000000000, -1.000000000000000000 ) ) ;
ENDSEC;
END-ISO-10303-21;
