ISO-10303-21;
HEADER;
FILE_DESCRIPTION (( 'STEP AP214' ),
    '1' );
FILE_NAME ('Control Box Outer.STEP',
    '2026-05-03T20:53:32',
    ( '' ),
    ( '' ),
    'SwSTEP 2.0',
    'SolidWorks 2025',
    '' );
FILE_SCHEMA (( 'AUTOMOTIVE_DESIGN' ));
ENDSEC;

DATA;
#1 = LINE ( 'NONE', #1406, #222 ) ;
#2 = DIRECTION ( 'NONE',  ( 0.4999999999999981681, 6.123233995736742617E-17, -0.8660254037844395958 ) ) ;
#3 = DIRECTION ( 'NONE',  ( -1.000000000000000000, 0.000000000000000000, 0.000000000000000000 ) ) ;
#4 = CARTESIAN_POINT ( 'NONE',  ( 129.9563423437298582, 227.0271833607237397, 19.00000000000000355 ) ) ;
#5 = DIRECTION ( 'NONE',  ( -1.000000000000000000, 0.000000000000000000, 0.000000000000000000 ) ) ;
#6 = ORIENTED_EDGE ( 'NONE', *, *, #1141, .F. ) ;
#7 = CARTESIAN_POINT ( 'NONE',  ( 7.399251113842788996, 234.9115818521318033, 79.99999999999997158 ) ) ;
#8 = CARTESIAN_POINT ( 'NONE',  ( 120.6959553916355077, 0.002172953263347219503, 18.99999999999998579 ) ) ;
#9 = AXIS2_PLACEMENT_3D ( 'NONE', #3590, #1801, #2489 ) ;
#10 = CARTESIAN_POINT ( 'NONE',  ( 11.11371405917395982, -2.508662873096498356E-16, 81.81906629665080288 ) ) ;
#11 = ADVANCED_FACE ( 'NONE', ( #3339 ), #160, .T. ) ;
#12 = CARTESIAN_POINT ( 'NONE',  ( 8.000000000000015987, 117.5000000000000142, 0.3000000000000515032 ) ) ;
#13 = ORIENTED_EDGE ( 'NONE', *, *, #2530, .F. ) ;
#14 = DIRECTION ( 'NONE',  ( -0.000000000000000000, -0.000000000000000000, -1.000000000000000000 ) ) ;
#15 = AXIS2_PLACEMENT_3D ( 'NONE', #1458, #4324, #3575 ) ;
#16 = DIRECTION ( 'NONE',  ( 1.298723457950550903E-16, -1.000000000000000000, 0.000000000000000000 ) ) ;
#17 = ORIENTED_EDGE ( 'NONE', *, *, #3335, .T. ) ;
#18 = FACE_OUTER_BOUND ( 'NONE', #2161, .T. ) ;
#19 = DIRECTION ( 'NONE',  ( -1.000000000000000000, 0.000000000000000000, 0.000000000000000000 ) ) ;
#20 = CARTESIAN_POINT ( 'NONE',  ( 129.7820502585244355, 6.397490006453427469, 19.99999999999671374 ) ) ;
#21 = ORIENTED_EDGE ( 'NONE', *, *, #3224, .F. ) ;
#22 = AXIS2_PLACEMENT_3D ( 'NONE', #2796, #2463, #4574 ) ;
#23 = CARTESIAN_POINT ( 'NONE',  ( 111.0744174402738054, 0.9999999999999988898, 20.61863565516107855 ) ) ;
#24 = CARTESIAN_POINT ( 'NONE',  ( 121.9999999999999716, 227.0000000000000284, 80.00000000000000000 ) ) ;
#25 = DIRECTION ( 'NONE',  ( -0.000000000000000000, -0.000000000000000000, -1.000000000000000000 ) ) ;
#26 = CARTESIAN_POINT ( 'NONE',  ( 8.000000000000003553, 219.0000000000000284, 0.000000000000000000 ) ) ;
#27 = CARTESIAN_POINT ( 'NONE',  ( 130.0000000000000000, 226.3490210134890503, 19.00000000000000355 ) ) ;
#28 = ORIENTED_EDGE ( 'NONE', *, *, #1652, .T. ) ;
#29 = CARTESIAN_POINT ( 'NONE',  ( 7.340452812116501136, 233.9002664521975134, 80.00000000000000000 ) ) ;
#30 = CARTESIAN_POINT ( 'NONE',  ( 14.66814477189717358, 12.45894287809250400, 78.97993000808276065 ) ) ;
#31 = EDGE_CURVE ( 'NONE', #395, #2938, #4436, .T. ) ;
#32 = CARTESIAN_POINT ( 'NONE',  ( 10.09999999999999787, 227.0000000000000284, 0.000000000000000000 ) ) ;
#33 = CARTESIAN_POINT ( 'NONE',  ( 16.00000000000003197, 8.000000000000001776, 78.54741227579373231 ) ) ;
#34 = VERTEX_POINT ( 'NONE', #1553 ) ;
#35 = CARTESIAN_POINT ( 'NONE',  ( 113.9999999999999858, 8.000000000000001776, 0.000000000000000000 ) ) ;
#36 = EDGE_CURVE ( 'NONE', #4494, #1059, #2589, .T. ) ;
#37 = EDGE_CURVE ( 'NONE', #718, #4464, #3581, .T. ) ;
#38 = CARTESIAN_POINT ( 'NONE',  ( 7.924408386582815211, 234.9530648363633532, 0.000000000000000000 ) ) ;
#39 = VERTEX_POINT ( 'NONE', #103 ) ;
#40 = CARTESIAN_POINT ( 'NONE',  ( 107.5555243125427580, 8.000000000000003553, 23.94559735966770475 ) ) ;
#41 = VECTOR ( 'NONE', #14, 1000.000000000000000 ) ;
#42 = DIRECTION ( 'NONE',  ( -0.000000000000000000, -0.000000000000000000, -1.000000000000000000 ) ) ;
#43 = CARTESIAN_POINT ( 'NONE',  ( 128.7279819608674529, 3.388240408511398183, 20.00000000000000355 ) ) ;
#44 = ORIENTED_EDGE ( 'NONE', *, *, #848, .F. ) ;
#45 = CIRCLE ( 'NONE', #2495, 2.099999999999996980 ) ;
#46 = DIRECTION ( 'NONE',  ( -1.000000000000000000, -0.000000000000000000, -0.000000000000000000 ) ) ;
#47 = CYLINDRICAL_SURFACE ( 'NONE', #3206, 8.000000000000007105 ) ;
#48 = CARTESIAN_POINT ( 'NONE',  ( 116.2376864133163963, 223.1111111111111427, 20.01685878190617629 ) ) ;
#49 = AXIS2_PLACEMENT_3D ( 'NONE', #3448, #242, #3183 ) ;
#50 = VECTOR ( 'NONE', #4283, 1000.000000000000000 ) ;
#51 = CARTESIAN_POINT ( 'NONE',  ( 8.000000000000003553, 219.0000000000000284, 19.99999999999986500 ) ) ;
#52 = CARTESIAN_POINT ( 'NONE',  ( 1.012188323655413669, 8.745542017411933600, 79.99999999999998579 ) ) ;
#53 = ORIENTED_EDGE ( 'NONE', *, *, #1218, .F. ) ;
#54 = CARTESIAN_POINT ( 'NONE',  ( 2.189048890524494695, 1.000000000000000000, 80.00000000000000000 ) ) ;
#55 = ORIENTED_EDGE ( 'NONE', *, *, #4617, .T. ) ;
#56 = PRESENTATION_LAYER_ASSIGNMENT (  '', '', ( #3632 ) ) ;
#57 = CONICAL_SURFACE ( 'NONE', #3030, 2.099999999999996092, 0.5235987755982968173 ) ;
#58 = DIRECTION ( 'NONE',  ( 0.5221538596385242315, 0.000000000000000000, 0.8528513040762689679 ) ) ;
#59 = CARTESIAN_POINT ( 'NONE',  ( 8.000000000000026645, 16.00000000000000711, 80.00000000000000000 ) ) ;
#60 = LINE ( 'NONE', #1487, #3468 ) ;
#61 = ORIENTED_EDGE ( 'NONE', *, *, #1529, .F. ) ;
#62 = FACE_OUTER_BOUND ( 'NONE', #1886, .T. ) ;
#63 = EDGE_CURVE ( 'NONE', #2683, #3527, #2211, .T. ) ;
#64 = DIRECTION ( 'NONE',  ( 9.276596128218219855E-17, -1.000000000000000000, 0.000000000000000000 ) ) ;
#65 = CARTESIAN_POINT ( 'NONE',  ( 8.000000000000015987, 125.5000000000000284, 80.00000000000000000 ) ) ;
#66 = EDGE_CURVE ( 'NONE', #1367, #4615, #3945, .T. ) ;
#67 = ORIENTED_EDGE ( 'NONE', *, *, #3684, .T. ) ;
#68 = DIRECTION ( 'NONE',  ( -1.000000000000000000, -0.000000000000000000, -0.000000000000000000 ) ) ;
#69 = ADVANCED_FACE ( 'NONE', ( #4082 ), #4533, .F. ) ;
#70 = CARTESIAN_POINT ( 'NONE',  ( 122.2797294794726639, 1.064308835814368637, 20.00000000000000355 ) ) ;
#71 = ORIENTED_EDGE ( 'NONE', *, *, #4577, .F. ) ;
#72 = DIRECTION ( 'NONE',  ( 9.505334114941407284E-17, -1.000000000000000000, -1.267377881992187638E-16 ) ) ;
#73 = CARTESIAN_POINT ( 'NONE',  ( 121.9999999999999716, 227.0000000000000284, 0.3000000000000506706 ) ) ;
#74 = CARTESIAN_POINT ( 'NONE',  ( 15.01746795950657720, 225.3995013098364666, 79.83160978256539408 ) ) ;
#75 = CARTESIAN_POINT ( 'NONE',  ( 10.00000000000000000, 235.0000000000000284, 80.00000000000000000 ) ) ;
#76 = CARTESIAN_POINT ( 'NONE',  ( 8.426101169947660452, 1.020400987063976972, 80.00000000000002842 ) ) ;
#77 = ORIENTED_EDGE ( 'NONE', *, *, #3564, .F. ) ;
#78 = CARTESIAN_POINT ( 'NONE',  ( 7.399251113797874702, 234.9115818526495616, 79.00000000000000000 ) ) ;
#79 = EDGE_LOOP ( 'NONE', ( #4325, #1143, #1117, #2787 ) ) ;
#80 = DIRECTION ( 'NONE',  ( 0.000000000000000000, 0.000000000000000000, -1.000000000000000000 ) ) ;
#81 = CARTESIAN_POINT ( 'NONE',  ( 110.7070495323311121, 226.3007570671092026, 20.61863565516109276 ) ) ;
#82 = DIRECTION ( 'NONE',  ( -0.000000000000000000, -0.000000000000000000, -1.000000000000000000 ) ) ;
#83 = ORIENTED_EDGE ( 'NONE', *, *, #1418, .T. ) ;
#84 = CARTESIAN_POINT ( 'NONE',  ( 115.3481646457351815, 222.5555555555555998, 80.00000000000000000 ) ) ;
#85 = CIRCLE ( 'NONE', #3056, 9.600000000000004974 ) ;
#86 = DIRECTION ( 'NONE',  ( 9.276596128218219855E-17, -1.000000000000000000, -0.000000000000000000 ) ) ;
#87 = VECTOR ( 'NONE', #2367, 1000.000000000000000 ) ;
#88 = DIRECTION ( 'NONE',  ( 0.8660254037844428154, 1.758416448072038377E-16, -0.4999999999999927280 ) ) ;
#89 = VERTEX_POINT ( 'NONE', #615 ) ;
#90 = CARTESIAN_POINT ( 'NONE',  ( 12.00000000000000711, 220.0717967697245285, 80.00000000000000000 ) ) ;
#91 = EDGE_CURVE ( 'NONE', #4316, #1702, #1994, .T. ) ;
#92 = CARTESIAN_POINT ( 'NONE',  ( 5.900000000000005684, 227.0000000000000284, 15.00000000000000000 ) ) ;
#93 = FACE_OUTER_BOUND ( 'NONE', #2911, .T. ) ;
#94 = EDGE_LOOP ( 'NONE', ( #3686, #2098 ) ) ;
#95 = CARTESIAN_POINT ( 'NONE',  ( 124.3569440131760899, 233.5928141241628566, 20.00000000000000355 ) ) ;
#96 = CARTESIAN_POINT ( 'NONE',  ( 8.000000000000017764, 109.5000000000000142, 19.99999999999990763 ) ) ;
#97 = ADVANCED_FACE ( 'NONE', ( #2373 ), #1272, .F. ) ;
#98 = AXIS2_PLACEMENT_3D ( 'NONE', #1868, #3308, #3524 ) ;
#99 = CARTESIAN_POINT ( 'NONE',  ( 128.9999999999999716, 220.0000000000000000, 20.00000000000000355 ) ) ;
#100 = CARTESIAN_POINT ( 'NONE',  ( 0.4034409825666994687, 5.527581169593236865, 78.99999999999998579 ) ) ;
#101 = ORIENTED_EDGE ( 'NONE', *, *, #3740, .T. ) ;
#102 = CARTESIAN_POINT ( 'NONE',  ( 0.6564865845499069374, 230.3034133591062584, 79.99999999999997158 ) ) ;
#103 = CARTESIAN_POINT ( 'NONE',  ( 116.8181098962976421, -2.451281050980892205E-15, 19.00000000000000711 ) ) ;
#104 = DIRECTION ( 'NONE',  ( -1.000000000000000000, 0.000000000000000000, 0.000000000000000000 ) ) ;
#105 = FACE_OUTER_BOUND ( 'NONE', #2646, .T. ) ;
#106 = DIRECTION ( 'NONE',  ( -0.000000000000000000, -0.000000000000000000, -1.000000000000000000 ) ) ;
#107 = ORIENTED_EDGE ( 'NONE', *, *, #545, .F. ) ;
#108 = CARTESIAN_POINT ( 'NONE',  ( 13.18189010370237391, 12.70616775658834108, 79.00000000000000000 ) ) ;
#109 = CARTESIAN_POINT ( 'NONE',  ( 123.4498784639295508, 234.8239560472141818, 19.00000000000000355 ) ) ;
#110 = VERTEX_POINT ( 'NONE', #4224 ) ;
#111 = CARTESIAN_POINT ( 'NONE',  ( 8.000000000000028422, 8.000000000000001776, 0.000000000000000000 ) ) ;
#112 = CARTESIAN_POINT ( 'NONE',  ( 122.7782532718130852, 0.1066767517044858449, 19.00000000000000355 ) ) ;
#113 = ORIENTED_EDGE ( 'NONE', *, *, #3031, .F. ) ;
#114 = CARTESIAN_POINT ( 'NONE',  ( 16.00000000000003197, 235.0500000000000398, 80.00000000000000000 ) ) ;
#115 = EDGE_CURVE ( 'NONE', #704, #2014, #1879, .T. ) ;
#116 = AXIS2_PLACEMENT_3D ( 'NONE', #1502, #750, #4321 ) ;
#117 = DIRECTION ( 'NONE',  ( 0.5221538596385242315, 0.000000000000000000, 0.8528513040762689679 ) ) ;
#118 = ORIENTED_EDGE ( 'NONE', *, *, #569, .T. ) ;
#119 = CARTESIAN_POINT ( 'NONE',  ( 0.3604223158078067590, 229.2980878029981113, 80.00000000000001421 ) ) ;
#120 = CARTESIAN_POINT ( 'NONE',  ( 11.96263479874622249, 220.0933979240985252, 79.27980812496855378 ) ) ;
#121 = EDGE_CURVE ( 'NONE', #1122, #2722, #3800, .T. ) ;
#122 = LINE ( 'NONE', #1534, #2503 ) ;
#123 = AXIS2_PLACEMENT_3D ( 'NONE', #692, #328, #2548 ) ;
#124 = CARTESIAN_POINT ( 'NONE',  ( 122.0000000000000000, 8.000000000000000000, 15.00000000000000000 ) ) ;
#125 = CARTESIAN_POINT ( 'NONE',  ( 116.6047501547318177, 12.44774785538938033, 20.00000000000000355 ) ) ;
#126 = DIRECTION ( 'NONE',  ( -1.000000000000000000, 2.081668171172168513E-17, 0.000000000000000000 ) ) ;
#127 = DIRECTION ( 'NONE',  ( 0.000000000000000000, 0.000000000000000000, 1.000000000000000000 ) ) ;
#128 = ORIENTED_EDGE ( 'NONE', *, *, #4608, .F. ) ;
#129 = CIRCLE ( 'NONE', #1748, 2.099999999999996980 ) ;
#130 = AXIS2_PLACEMENT_3D ( 'NONE', #852, #483, #141 ) ;
#131 = CARTESIAN_POINT ( 'NONE',  ( 111.5965712999123269, 234.0000000000000284, 21.47148695923733897 ) ) ;
#132 = EDGE_CURVE ( 'NONE', #3271, #607, #2051, .T. ) ;
#133 = DIRECTION ( 'NONE',  ( -0.000000000000000000, -0.000000000000000000, -1.000000000000000000 ) ) ;
#134 = CARTESIAN_POINT ( 'NONE',  ( 114.3657535585873433, 9.582610960458865179, 20.30312347584040111 ) ) ;
#135 = VERTEX_POINT ( 'NONE', #3053 ) ;
#136 = LINE ( 'NONE', #3973, #4519 ) ;
#137 = CARTESIAN_POINT ( 'NONE',  ( 124.2910117999629449, 0.3587153341743261059, 19.00000000000218137 ) ) ;
#138 = ORIENTED_EDGE ( 'NONE', *, *, #1951, .T. ) ;
#139 = DIRECTION ( 'NONE',  ( 1.807003620809174385E-16, -1.000000000000000000, 0.000000000000000000 ) ) ;
#140 = CYLINDRICAL_SURFACE ( 'NONE', #3664, 11.09999999999999787 ) ;
#141 = DIRECTION ( 'NONE',  ( -1.000000000000000000, 0.000000000000000000, 0.000000000000000000 ) ) ;
#142 = VERTEX_POINT ( 'NONE', #1663 ) ;
#143 = CARTESIAN_POINT ( 'NONE',  ( 1.696085377579229947, 232.2377549000099179, 78.99999999999890576 ) ) ;
#144 = DIRECTION ( 'NONE',  ( 1.000000000000000000, -2.081668171172168513E-17, 0.000000000000000000 ) ) ;
#145 = CARTESIAN_POINT ( 'NONE',  ( 16.00000000000003197, 8.000000000000001776, 78.54741227579373231 ) ) ;
#146 = CARTESIAN_POINT ( 'NONE',  ( 113.9999999999999858, 1.000000000000000888, 20.00000000000000355 ) ) ;
#147 = ORIENTED_EDGE ( 'NONE', *, *, #4284, .F. ) ;
#148 = LINE ( 'NONE', #3012, #4438 ) ;
#149 = EDGE_CURVE ( 'NONE', #410, #1429, #1701, .T. ) ;
#150 = CARTESIAN_POINT ( 'NONE',  ( 114.5625700503934326, 9.769757803686426101, 20.25579821789141022 ) ) ;
#151 = VERTEX_POINT ( 'NONE', #4481 ) ;
#152 = AXIS2_PLACEMENT_3D ( 'NONE', #4503, #2372, #2418 ) ;
#153 = CARTESIAN_POINT ( 'NONE',  ( 122.0271833605380039, 0.04365765820485677934, 19.99999999999836930 ) ) ;
#154 = ORIENTED_EDGE ( 'NONE', *, *, #2740, .T. ) ;
#155 = CARTESIAN_POINT ( 'NONE',  ( 115.0524579014781636, 222.9981288851429611, 19.03745640822921459 ) ) ;
#156 = CARTESIAN_POINT ( 'NONE',  ( 12.00000000000000711, 227.0000000000000284, 30.92820323027551765 ) ) ;
#157 = LINE ( 'NONE', #3003, #3628 ) ;
#158 = ORIENTED_EDGE ( 'NONE', *, *, #906, .T. ) ;
#159 = CARTESIAN_POINT ( 'NONE',  ( 1.977257933820554259, 230.8364209270638412, 80.00000000000000000 ) ) ;
#160 = CYLINDRICAL_SURFACE ( 'NONE', #2764, 1.000000000000000000 ) ;
#161 = B_SPLINE_SURFACE_WITH_KNOTS ( 'NONE', 2, 1, ( 
 ( #1067, #4230 ),
 ( #27, #3174 ),
 ( #1434, #323 ),
 ( #1026, #2450 ),
 ( #4614, #2829 ),
 ( #2870, #3870 ),
 ( #1393, #2472 ),
 ( #3937, #667 ),
 ( #2093, #3891 ),
 ( #1093, #2112 ),
 ( #3552, #348 ),
 ( #2492, #1760 ),
 ( #3195, #2850 ) ),
 .UNSPECIFIED., .F., .F., .F.,
 ( 3, 2, 2, 2, 2, 2, 3 ),
 ( 2, 2 ),
 ( 0.000000000000000000, 0.1250000000000000000, 0.2500000000000000000, 0.5000000000000000000, 0.7500000000000000000, 0.8750000000000000000, 1.000000000000000000 ),
 ( 0.000000000000000000, 1.000000000000000000 ),
 .UNSPECIFIED. ) ;
#162 = CARTESIAN_POINT ( 'NONE',  ( 112.4745884627387227, 226.8096584219265424, 20.98043637601442057 ) ) ;
#163 = CARTESIAN_POINT ( 'NONE',  ( 0.9999999992842947272, 9.686134676371999319, 80.00000000000000000 ) ) ;
#164 = CARTESIAN_POINT ( 'NONE',  ( 124.2788381577833974, 234.6441789150817385, 18.99999999999782574 ) ) ;
#165 = EDGE_LOOP ( 'NONE', ( #6, #917, #2907, #154 ) ) ;
#166 = DIRECTION ( 'NONE',  ( 0.8314794192831015396, -0.5555555555555503622, 0.000000000000000000 ) ) ;
#167 = DIRECTION ( 'NONE',  ( 0.000000000000000000, 1.000000000000000000, 0.000000000000000000 ) ) ;
#168 = CIRCLE ( 'NONE', #98, 1.000000000000007105 ) ;
#169 = ADVANCED_FACE ( 'NONE', ( #4197 ), #4408, .F. ) ;
#170 = CARTESIAN_POINT ( 'NONE',  ( 13.90715296159200243, 223.0984249815378746, 79.97770001083732438 ) ) ;
#171 = ORIENTED_EDGE ( 'NONE', *, *, #4617, .F. ) ;
#172 = CARTESIAN_POINT ( 'NONE',  ( 15.20089501352630457, 7.472176744864021281, 79.79444011608983089 ) ) ;
#173 = EDGE_CURVE ( 'NONE', #1195, #1457, #2980, .T. ) ;
#174 = EDGE_CURVE ( 'NONE', #4357, #2395, #4559, .T. ) ;
#175 = FACE_OUTER_BOUND ( 'NONE', #3667, .T. ) ;
#176 = CARTESIAN_POINT ( 'NONE',  ( 18.40342870008768017, 234.0000000000000284, 78.52851304076266103 ) ) ;
#177 = ORIENTED_EDGE ( 'NONE', *, *, #1478, .T. ) ;
#178 = CARTESIAN_POINT ( 'NONE',  ( 111.1274562177166558, 226.1347018488287972, 20.33550462214634180 ) ) ;
#179 = FACE_OUTER_BOUND ( 'NONE', #4564, .T. ) ;
#180 = EDGE_CURVE ( 'NONE', #3419, #238, #966, .T. ) ;
#181 = DIRECTION ( 'NONE',  ( -0.8528513040762653041, 0.000000000000000000, 0.5221538596385300046 ) ) ;
#182 = ORIENTED_EDGE ( 'NONE', *, *, #1501, .T. ) ;
#183 = CARTESIAN_POINT ( 'NONE',  ( 4.369841251467529553, 234.2204246392185496, 80.00000000000001421 ) ) ;
#184 = DIRECTION ( 'NONE',  ( 0.000000000000000000, 1.000000000000000000, 0.000000000000000000 ) ) ;
#185 = CARTESIAN_POINT ( 'NONE',  ( 0.001828528048645171929, 9.363370449472004253, 79.00000000000000000 ) ) ;
#186 = VECTOR ( 'NONE', #3852, 1000.000000000000000 ) ;
#187 = CARTESIAN_POINT ( 'NONE',  ( 127.2027819219424032, 231.9898369520131212, 20.00000000000000355 ) ) ;
#188 = DIRECTION ( 'NONE',  ( 0.000000000000000000, 0.000000000000000000, -1.000000000000000000 ) ) ;
#189 = EDGE_LOOP ( 'NONE', ( #4236, #3242, #2897, #4282 ) ) ;
#190 = FACE_BOUND ( 'NONE', #1294, .T. ) ;
#191 = CARTESIAN_POINT ( 'NONE',  ( 130.0000000000000000, 226.3490210134890503, 0.000000000000000000 ) ) ;
#192 = VECTOR ( 'NONE', #2579, 1000.000000000000000 ) ;
#193 = AXIS2_PLACEMENT_3D ( 'NONE', #1649, #1302, #5 ) ;
#194 = CARTESIAN_POINT ( 'NONE',  ( 129.9073835971693427, 227.7766876934734057, 19.00000000000000355 ) ) ;
#195 = CARTESIAN_POINT ( 'NONE',  ( 14.32358556613029243, 222.0635260499519745, 78.99999999518573190 ) ) ;
#196 = ORIENTED_EDGE ( 'NONE', *, *, #2859, .T. ) ;
#197 = CIRCLE ( 'NONE', #2815, 8.000000000000003553 ) ;
#198 = AXIS2_PLACEMENT_3D ( 'NONE', #4510, #1003, #1327 ) ;
#199 = FACE_OUTER_BOUND ( 'NONE', #2128, .T. ) ;
#200 = ORIENTED_EDGE ( 'NONE', *, *, #3261, .F. ) ;
#201 = CARTESIAN_POINT ( 'NONE',  ( 1.071899545794598119, 227.5166500030361476, 80.00000000000001421 ) ) ;
#202 = CARTESIAN_POINT ( 'NONE',  ( 0.6538821987640013322, 4.703590361674448772, 80.00000000000001421 ) ) ;
#203 = EDGE_CURVE ( 'NONE', #3079, #3567, #2038, .T. ) ;
#204 = CARTESIAN_POINT ( 'NONE',  ( 122.0000000000000000, 15.00000000000001421, 20.00000000000000355 ) ) ;
#205 = EDGE_LOOP ( 'NONE', ( #660, #1948, #382, #2244 ) ) ;
#206 = DIRECTION ( 'NONE',  ( 1.298723457950550903E-16, -1.000000000000000000, -0.000000000000000000 ) ) ;
#207 = CARTESIAN_POINT ( 'NONE',  ( 15.12223802211700452, 7.000000000000001776, 79.80994648076655551 ) ) ;
#208 = CARTESIAN_POINT ( 'NONE',  ( 5.630775018762208539, 1.410653418769032275, 79.99999999999998579 ) ) ;
#209 = CARTESIAN_POINT ( 'NONE',  ( 125.6307475441294201, 234.2201573251314812, 19.99999999999615596 ) ) ;
#210 = CARTESIAN_POINT ( 'NONE',  ( 115.0918917053837873, 10.32574997004704542, 20.14850468726582378 ) ) ;
#211 = EDGE_LOOP ( 'NONE', ( #1875, #3244 ) ) ;
#212 = DIRECTION ( 'NONE',  ( -0.000000000000000000, 0.000000000000000000, -1.000000000000000000 ) ) ;
#213 = CARTESIAN_POINT ( 'NONE',  ( 107.0333704529042080, 217.0000000000000284, 0.000000000000000000 ) ) ;
#214 = CARTESIAN_POINT ( 'NONE',  ( 129.9848603460584968, 226.3918183065514427, 19.00000000000002487 ) ) ;
#215 = DIRECTION ( 'NONE',  ( -0.000000000000000000, 1.000000000000000000, -0.000000000000000000 ) ) ;
#216 = DIRECTION ( 'NONE',  ( -1.000000000000000000, 0.000000000000000000, 0.000000000000000000 ) ) ;
#217 = ORIENTED_EDGE ( 'NONE', *, *, #2242, .T. ) ;
#218 = ORIENTED_EDGE ( 'NONE', *, *, #3054, .F. ) ;
#219 = CARTESIAN_POINT ( 'NONE',  ( 8.000000000000007105, 227.0000000000000284, 30.92820323027551765 ) ) ;
#220 = EDGE_CURVE ( 'NONE', #2443, #3559, #2419, .T. ) ;
#221 = VECTOR ( 'NONE', #4105, 1000.000000000000000 ) ;
#222 = VECTOR ( 'NONE', #1800, 1000.000000000000114 ) ;
#223 = CARTESIAN_POINT ( 'NONE',  ( 8.000000000000017764, 109.5000000000000142, 19.99999999999990763 ) ) ;
#224 = VERTEX_POINT ( 'NONE', #1431 ) ;
#225 = DIRECTION ( 'NONE',  ( -9.505334114941407284E-17, 1.000000000000000000, 0.000000000000000000 ) ) ;
#226 = CARTESIAN_POINT ( 'NONE',  ( 10.10000000000002451, 8.000000000000001776, 15.00000000000000000 ) ) ;
#227 = EDGE_CURVE ( 'NONE', #1833, #2810, #2145, .T. ) ;
#228 = CARTESIAN_POINT ( 'NONE',  ( 17.88127484044914794, 234.0000000000000284, 77.67566173668639351 ) ) ;
#229 = CARTESIAN_POINT ( 'NONE',  ( 129.2153933647493886, 230.6424173732649763, 19.99999999999836930 ) ) ;
#230 = CARTESIAN_POINT ( 'NONE',  ( 15.12223802211697965, 228.0000000000000284, 79.80994648076655551 ) ) ;
#231 = VERTEX_POINT ( 'NONE', #4606 ) ;
#232 = CARTESIAN_POINT ( 'NONE',  ( 111.5965712999123269, 227.2308327738201115, 21.47148695923735673 ) ) ;
#233 = CYLINDRICAL_SURFACE ( 'NONE', #423, 1.000000000000000000 ) ;
#234 = LINE ( 'NONE', #582, #2784 ) ;
#235 = CARTESIAN_POINT ( 'NONE',  ( 12.00000000000003730, 8.000000000000000000, 76.00000000000000000 ) ) ;
#236 = ORIENTED_EDGE ( 'NONE', *, *, #2778, .F. ) ;
#237 = VECTOR ( 'NONE', #303, 1000.000000000000000 ) ;
#238 = VERTEX_POINT ( 'NONE', #1090 ) ;
#239 = ORIENTED_EDGE ( 'NONE', *, *, #3622, .T. ) ;
#240 = CARTESIAN_POINT ( 'NONE',  ( 1.977257932583542210, 230.8364209278441024, 80.00000000000000000 ) ) ;
#241 = CARTESIAN_POINT ( 'NONE',  ( 0.6538821968242053417, 4.703590361065441705, 79.00000000000000000 ) ) ;
#242 = DIRECTION ( 'NONE',  ( 0.000000000000000000, 0.000000000000000000, -1.000000000000000000 ) ) ;
#243 = EDGE_CURVE ( 'NONE', #3079, #1679, #4026, .T. ) ;
#245 = VERTEX_POINT ( 'NONE', #2089 ) ;
#244 = CARTESIAN_POINT ( 'NONE',  ( 111.1278109708167534, 8.865438274070170266, 20.33526570679319079 ) ) ;
#246 = CARTESIAN_POINT ( 'NONE',  ( 8.000000000000003553, 219.0000000000000284, 80.00000000000000000 ) ) ;
#247 = CARTESIAN_POINT ( 'NONE',  ( 13.18189010370237391, 12.70616775658834108, 80.00000000000000000 ) ) ;
#248 = CARTESIAN_POINT ( 'NONE',  ( 124.6197078484466658, 234.5584344274096793, 20.00000000000274625 ) ) ;
#249 = EDGE_CURVE ( 'NONE', #3897, #39, #3611, .T. ) ;
#250 = CARTESIAN_POINT ( 'NONE',  ( 111.5712209701237896, 9.075489812660041622, 20.08617182239779808 ) ) ;
#251 = ORIENTED_EDGE ( 'NONE', *, *, #475, .T. ) ;
#252 = LINE ( 'NONE', #4158, #766 ) ;
#253 = CARTESIAN_POINT ( 'NONE',  ( 129.1530777178793130, 4.210638749031426542, 19.00000000000000000 ) ) ;
#254 = CARTESIAN_POINT ( 'NONE',  ( 127.5552058229942816, 233.0509567054704689, 19.00000000000001066 ) ) ;
#255 = CARTESIAN_POINT ( 'NONE',  ( 1.331785779286083438, 231.7233083576931278, 79.00000000000000000 ) ) ;
#256 = EDGE_CURVE ( 'NONE', #1059, #1484, #3933, .T. ) ;
#257 = CARTESIAN_POINT ( 'NONE',  ( 116.8181098962976421, 1.000000000000000888, 19.00000000000000355 ) ) ;
#258 = AXIS2_PLACEMENT_3D ( 'NONE', #2144, #1797, #2126 ) ;
#259 = ORIENTED_EDGE ( 'NONE', *, *, #3158, .F. ) ;
#260 = AXIS2_PLACEMENT_3D ( 'NONE', #4550, #2676, #871 ) ;
#261 = CONICAL_SURFACE ( 'NONE', #1896, 2.099999999999990763, 0.7853981633974822518 ) ;
#262 = DIRECTION ( 'NONE',  ( -0.000000000000000000, -0.000000000000000000, -1.000000000000000000 ) ) ;
#263 = ORIENTED_EDGE ( 'NONE', *, *, #849, .F. ) ;
#264 = CONICAL_SURFACE ( 'NONE', #2055, 2.099999999999996980, 0.7853981633974822518 ) ;
#265 = CARTESIAN_POINT ( 'NONE',  ( 8.432339567782401346, 233.9798386533833821, 80.00000000000000000 ) ) ;
#266 = B_SPLINE_CURVE_WITH_KNOTS ( 'NONE', 3,
 ( #1937, #155, #3311, #526, #3287, #3977, #3376, #874, #2293, #4411, #178, #3726 ),
 .UNSPECIFIED., .F., .F.,
 ( 4, 2, 2, 2, 2, 4 ),
 ( 0.000000000000000000, 0.001596138070645077012, 0.003192276141290154023, 0.003990345176612708142, 0.004788414211935262260, 0.006384552282580361823 ),
 .UNSPECIFIED. ) ;
#267 = AXIS2_PLACEMENT_3D ( 'NONE', #4113, #2356, #580 ) ;
#268 = FACE_OUTER_BOUND ( 'NONE', #1708, .T. ) ;
#269 = ORIENTED_EDGE ( 'NONE', *, *, #2692, .T. ) ;
#270 = CARTESIAN_POINT ( 'NONE',  ( 0.000000000000000000, 225.3191524831030108, 79.00000000000000000 ) ) ;
#271 = DIRECTION ( 'NONE',  ( -0.000000000000000000, -0.000000000000000000, -1.000000000000000000 ) ) ;
#272 = CARTESIAN_POINT ( 'NONE',  ( 0.2183904238895504057, 6.394888169277122891, 80.00000000000001421 ) ) ;
#273 = CARTESIAN_POINT ( 'NONE',  ( 129.3421645375478022, 230.3078021310320764, 20.00000000000330402 ) ) ;
#274 = CARTESIAN_POINT ( 'NONE',  ( 115.3481646457351957, 12.44444444444445352, 19.01854466009679356 ) ) ;
#275 = EDGE_LOOP ( 'NONE', ( #1573, #3472, #2925, #1326, #3388 ) ) ;
#276 = CARTESIAN_POINT ( 'NONE',  ( 112.7179177968842083, 225.2382653866019666, 20.85601222218205919 ) ) ;
#277 = CARTESIAN_POINT ( 'NONE',  ( 120.3479870043359341, -2.524675814063359612E-15, 19.00000000000000711 ) ) ;
#278 = ADVANCED_FACE ( 'NONE', ( #2149 ), #1477, .T. ) ;
#279 = DIRECTION ( 'NONE',  ( 1.562813942321448017E-16, -1.000000000000000000, 0.000000000000000000 ) ) ;
#280 = CARTESIAN_POINT ( 'NONE',  ( 0.4977310277594419463, 229.8167404767407618, 79.00000000000000000 ) ) ;
#281 = PLANE ( 'NONE',  #4227 ) ;
#282 = CARTESIAN_POINT ( 'NONE',  ( 15.83301112955348522, 225.2742536899439187, 79.67799434131907788 ) ) ;
#283 = VERTEX_POINT ( 'NONE', #2913 ) ;
#284 = DIRECTION ( 'NONE',  ( 0.5221538596385242315, 0.000000000000000000, 0.8528513040762689679 ) ) ;
#285 = ORIENTED_EDGE ( 'NONE', *, *, #2591, .T. ) ;
#286 = EDGE_CURVE ( 'NONE', #3113, #3705, #2840, .T. ) ;
#287 = ADVANCED_FACE ( 'NONE', ( #1407 ), #1390, .F. ) ;
#288 = EDGE_LOOP ( 'NONE', ( #1488, #3710, #525, #1805 ) ) ;
#289 = CARTESIAN_POINT ( 'NONE',  ( 7.911509384127591638, 0.04777348832850656507, 0.000000000000000000 ) ) ;
#290 = DIRECTION ( 'NONE',  ( -1.000000000000000000, 0.000000000000000000, 0.000000000000000000 ) ) ;
#291 = CARTESIAN_POINT ( 'NONE',  ( 128.9915973708557146, 3.875045264158996972, 20.00000000000000355 ) ) ;
#292 = ORIENTED_EDGE ( 'NONE', *, *, #2972, .F. ) ;
#293 = LINE ( 'NONE', #3144, #2464 ) ;
#294 = CARTESIAN_POINT ( 'NONE',  ( 15.01746795950660029, 9.600498690163496107, 79.83160978256537987 ) ) ;
#295 = VECTOR ( 'NONE', #1109, 999.9999999999998863 ) ;
#296 = CARTESIAN_POINT ( 'NONE',  ( 9.680847516893381410, -2.168404344971008868E-16, 79.00000000000000000 ) ) ;
#297 = VECTOR ( 'NONE', #2009, 1000.000000000000000 ) ;
#298 = DIRECTION ( 'NONE',  ( -1.000000000000000000, 0.000000000000000000, 0.000000000000000000 ) ) ;
#299 = CARTESIAN_POINT ( 'NONE',  ( 129.8324499277187272, 228.2799006896622132, 19.99999999999945999 ) ) ;
#300 = FACE_OUTER_BOUND ( 'NONE', #3984, .T. ) ;
#301 = EDGE_LOOP ( 'NONE', ( #4387, #1414, #2135 ) ) ;
#302 = CARTESIAN_POINT ( 'NONE',  ( 112.4528811884791111, 226.8213152232013385, 20.99124308776474734 ) ) ;
#303 = DIRECTION ( 'NONE',  ( -0.7071067811865715536, 0.000000000000000000, -0.7071067811865235919 ) ) ;
#304 = CARTESIAN_POINT ( 'NONE',  ( 8.000000000000001776, 227.0000000000000284, 0.000000000000000000 ) ) ;
#305 = FACE_OUTER_BOUND ( 'NONE', #1941, .T. ) ;
#306 = CARTESIAN_POINT ( 'NONE',  ( 116.8181098962976421, 0.000000000000000000, 20.00000000000000355 ) ) ;
#307 = ADVANCED_FACE ( 'NONE', ( #3190 ), #1731, .T. ) ;
#308 = EDGE_LOOP ( 'NONE', ( #4524, #2533, #4551, #2685 ) ) ;
#309 = AXIS2_PLACEMENT_3D ( 'NONE', #1836, #761, #3600 ) ;
#310 = EDGE_CURVE ( 'NONE', #3489, #2209, #2461, .T. ) ;
#311 = ORIENTED_EDGE ( 'NONE', *, *, #794, .F. ) ;
#312 = ADVANCED_FACE ( 'NONE', ( #319 ), #3168, .T. ) ;
#313 = CARTESIAN_POINT ( 'NONE',  ( 111.5965712999123269, 227.2308327738201115, 21.47148695923733897 ) ) ;
#314 = CARTESIAN_POINT ( 'NONE',  ( 122.0755916134172452, 0.04693516363670258845, 0.000000000000000000 ) ) ;
#315 = EDGE_CURVE ( 'NONE', #2634, #3444, #364, .T. ) ;
#316 = CARTESIAN_POINT ( 'NONE',  ( 129.3462578103685985, 4.703915222537415453, 20.00000000000000355 ) ) ;
#317 = ORIENTED_EDGE ( 'NONE', *, *, #1371, .F. ) ;
#318 = CARTESIAN_POINT ( 'NONE',  ( 128.8587746844622188, 6.874750754748138348, 20.00000000000000000 ) ) ;
#319 = FACE_OUTER_BOUND ( 'NONE', #1115, .T. ) ;
#320 = CARTESIAN_POINT ( 'NONE',  ( 8.000000000000028422, 8.000000000000001776, 15.00000000000000000 ) ) ;
#321 = LINE ( 'NONE', #4612, #3302 ) ;
#322 = CARTESIAN_POINT ( 'NONE',  ( 113.9999999999999858, 15.00000000000001421, 20.00000000000000355 ) ) ;
#323 = CARTESIAN_POINT ( 'NONE',  ( 129.9530648363632110, 227.0755916134170889, 0.000000000000000000 ) ) ;
#324 = ORIENTED_EDGE ( 'NONE', *, *, #2933, .F. ) ;
#325 = CARTESIAN_POINT ( 'NONE',  ( 112.1994909187908718, 225.5656748867653789, 19.79030126364778397 ) ) ;
#326 = CARTESIAN_POINT ( 'NONE',  ( 128.2717957953819905, 2.709966624398263413, 18.99999999999999645 ) ) ;
#327 = CARTESIAN_POINT ( 'NONE',  ( 14.25768039464876580, 221.9909588629015786, 79.00000000000000000 ) ) ;
#328 = DIRECTION ( 'NONE',  ( 2.081668171172168513E-17, 1.000000000000000000, 0.000000000000000000 ) ) ;
#329 = EDGE_LOOP ( 'NONE', ( #2794, #4132, #1332, #83 ) ) ;
#330 = CARTESIAN_POINT ( 'NONE',  ( 7.924408386582815211, 234.9530648363633532, 79.00000000000000000 ) ) ;
#331 = ORIENTED_EDGE ( 'NONE', *, *, #2105, .F. ) ;
#332 = CARTESIAN_POINT ( 'NONE',  ( 2.762245099006527038, 1.696085376372115983, 80.00000000000220268 ) ) ;
#333 = VECTOR ( 'NONE', #2822, 1000.000000000000000 ) ;
#334 = ORIENTED_EDGE ( 'NONE', *, *, #3963, .T. ) ;
#335 = CARTESIAN_POINT ( 'NONE',  ( 3.252606517456513302E-18, 10.00000000000012079, 80.00000000000000000 ) ) ;
#336 = AXIS2_PLACEMENT_3D ( 'NONE', #2666, #4154, #2709 ) ;
#337 = AXIS2_PLACEMENT_3D ( 'NONE', #709, #2134, #2518 ) ;
#338 = CARTESIAN_POINT ( 'NONE',  ( 126.4426237467099696, 0.8414410200984292487, 0.000000000000000000 ) ) ;
#339 = EDGE_CURVE ( 'NONE', #433, #3993, #3888, .T. ) ;
#340 = AXIS2_PLACEMENT_3D ( 'NONE', #2206, #2592, #2922 ) ;
#341 = CARTESIAN_POINT ( 'NONE',  ( 124.9705505417613978, 1.600038869908962713, 20.00000000000000355 ) ) ;
#342 = ORIENTED_EDGE ( 'NONE', *, *, #4555, .T. ) ;
#343 = DIRECTION ( 'NONE',  ( 0.7071067811865695552, 8.659560562355202797E-17, -0.7071067811865254793 ) ) ;
#344 = CARTESIAN_POINT ( 'NONE',  ( 8.000000000000001776, 227.0000000000000284, 0.000000000000000000 ) ) ;
#345 = CIRCLE ( 'NONE', #1308, 2.099999999999990763 ) ;
#346 = EDGE_CURVE ( 'NONE', #742, #1059, #3433, .T. ) ;
#347 = CARTESIAN_POINT ( 'NONE',  ( 128.9356911641600050, 227.2797294794534650, 20.00000000000000355 ) ) ;
#348 = CARTESIAN_POINT ( 'NONE',  ( 122.0884906158724732, 234.9522265116715971, 0.000000000000000000 ) ) ;
#349 = EDGE_LOOP ( 'NONE', ( #4071, #1911, #1811 ) ) ;
#350 = CARTESIAN_POINT ( 'NONE',  ( 9.681959058694690867, 235.0000000007319443, 80.00000000002614797 ) ) ;
#351 = CARTESIAN_POINT ( 'NONE',  ( 122.7766876934972515, 0.09261640275668467370, 19.00000000000000000 ) ) ;
#352 = CARTESIAN_POINT ( 'NONE',  ( 10.00000000000000000, 234.0000000000000284, 80.00000000000000000 ) ) ;
#353 = FACE_OUTER_BOUND ( 'NONE', #1650, .T. ) ;
#354 = ORIENTED_EDGE ( 'NONE', *, *, #2882, .F. ) ;
#355 = DIRECTION ( 'NONE',  ( 2.081668171172168513E-17, 1.000000000000000000, 0.000000000000000000 ) ) ;
#356 = CARTESIAN_POINT ( 'NONE',  ( 116.2376864133164247, 11.88888888888889639, 20.01685878190617629 ) ) ;
#357 = VERTEX_POINT ( 'NONE', #4271 ) ;
#358 = CARTESIAN_POINT ( 'NONE',  ( 15.99993280383156957, 7.967210761215264725, 78.81445915522107271 ) ) ;
#359 = CARTESIAN_POINT ( 'NONE',  ( 124.0999999999999659, 227.0000000000000284, 15.00000000000000000 ) ) ;
#360 = CARTESIAN_POINT ( 'NONE',  ( 125.8341562827249334, 1.976259755515268113, 20.00000000000000355 ) ) ;
#361 = ORIENTED_EDGE ( 'NONE', *, *, #2915, .F. ) ;
#362 =( BOUNDED_CURVE ( )  B_SPLINE_CURVE ( 3, ( #3159, #1909, #2262, #1884 ),
 .UNSPECIFIED., .F., .T. ) 
 B_SPLINE_CURVE_WITH_KNOTS ( ( 4, 4 ),
 ( 1.194618869474670886, 1.570796326794896558 ),
 .UNSPECIFIED. ) 
 CURVE ( )  GEOMETRIC_REPRESENTATION_ITEM ( )  RATIONAL_B_SPLINE_CURVE ( ( 1.000000000000000000, 0.9882422679207506500, 0.9882422679207506500, 1.000000000000000000 ) ) 
 REPRESENTATION_ITEM ( '' )  );
#363 = CARTESIAN_POINT ( 'NONE',  ( 8.000000000000021316, 142.2500000000000568, 40.39999999999999858 ) ) ;
#364 = LINE ( 'NONE', #2469, #2687 ) ;
#365 = EDGE_CURVE ( 'NONE', #1604, #1289, #3215, .T. ) ;
#366 = CARTESIAN_POINT ( 'NONE',  ( 14.76172747904539229, 224.6640741285135903, 79.87479559853306910 ) ) ;
#367 = DIRECTION ( 'NONE',  ( 0.000000000000000000, -1.000000000000000000, 0.000000000000000000 ) ) ;
#368 = CARTESIAN_POINT ( 'NONE',  ( 1.001815787448454786, 9.372413130538364001, 80.00000000000000000 ) ) ;
#369 = ORIENTED_EDGE ( 'NONE', *, *, #475, .F. ) ;
#370 = CARTESIAN_POINT ( 'NONE',  ( 9.681959058681339769, 234.9999999999999716, 79.00000000001743672 ) ) ;
#371 = ADVANCED_FACE ( 'NONE', ( #2848 ), #47, .T. ) ;
#372 = AXIS2_PLACEMENT_3D ( 'NONE', #3779, #2803, #2755 ) ;
#373 = DIRECTION ( 'NONE',  ( -1.000000000000000000, 0.000000000000000000, 0.000000000000000000 ) ) ;
#374 =( BOUNDED_CURVE ( )  B_SPLINE_CURVE ( 3, ( #4210, #670, #4183, #1008 ),
 .UNSPECIFIED., .F., .T. ) 
 B_SPLINE_CURVE_WITH_KNOTS ( ( 4, 4 ),
 ( 4.188790204786393190, 4.712388980384689674 ),
 .UNSPECIFIED. ) 
 CURVE ( )  GEOMETRIC_REPRESENTATION_ITEM ( )  RATIONAL_B_SPLINE_CURVE ( ( 1.000000000000000000, 0.9772838841927123932, 0.9772838841927123932, 1.000000000000000000 ) ) 
 REPRESENTATION_ITEM ( '' )  );
#375 = LINE ( 'NONE', #3550, #4575 ) ;
#376 = CARTESIAN_POINT ( 'NONE',  ( 12.00000000000001776, 110.5717967697245001, 26.92820323027548923 ) ) ;
#377 = CARTESIAN_POINT ( 'NONE',  ( 10.09999999999999787, 227.0000000000000284, 0.2999999999999959921 ) ) ;
#378 = EDGE_LOOP ( 'NONE', ( #2459, #3104, #3033, #200 ) ) ;
#379 = FACE_OUTER_BOUND ( 'NONE', #1190, .T. ) ;
#380 = TOROIDAL_SURFACE ( 'NONE', #2233, 7.000000000000003553, 1.000000000000000000 ) ;
#381 = CARTESIAN_POINT ( 'NONE',  ( 108.9354087749398587, 228.0000000000000284, 23.10077013779192612 ) ) ;
#382 = ORIENTED_EDGE ( 'NONE', *, *, #3766, .T. ) ;
#383 = CARTESIAN_POINT ( 'NONE',  ( 111.2659421552054795, 8.919998310274074527, 21.67391296620072794 ) ) ;
#384 = CARTESIAN_POINT ( 'NONE',  ( 2.762245099991003094, 1.696085377568657737, 79.00000000000218847 ) ) ;
#385 = CARTESIAN_POINT ( 'NONE',  ( 124.0999999999999943, 8.000000000000000000, 0.2999999999999951594 ) ) ;
#386 = CARTESIAN_POINT ( 'NONE',  ( 129.6441789129833921, 5.721161842703772926, 20.00000000000325429 ) ) ;
#387 = EDGE_LOOP ( 'NONE', ( #1265, #1104, #1068, #21 ) ) ;
#388 = CIRCLE ( 'NONE', #3838, 9.599999999999997868 ) ;
#389 = CARTESIAN_POINT ( 'NONE',  ( 126.6342548406948225, 2.485274383586068225, 20.00000000000000711 ) ) ;
#390 = CARTESIAN_POINT ( 'NONE',  ( 10.00000000000000000, -2.276824562219559311E-16, 19.00000000000000355 ) ) ;
#391 = DIRECTION ( 'NONE',  ( -1.175695275307813564E-32, 1.267377881992187638E-16, -1.000000000000000000 ) ) ;
#392 = EDGE_CURVE ( 'NONE', #2595, #873, #1192, .T. ) ;
#393 = DIRECTION ( 'NONE',  ( -1.000000000000000000, -0.000000000000000000, -0.000000000000000000 ) ) ;
#394 = CARTESIAN_POINT ( 'NONE',  ( 8.740719678628869005, 1.012334557690582670, 79.99999999999998579 ) ) ;
#395 = VERTEX_POINT ( 'NONE', #96 ) ;
#396 = CARTESIAN_POINT ( 'NONE',  ( 5.639621530605553268, 233.5918595324157820, 80.00000000000000000 ) ) ;
#397 = CARTESIAN_POINT ( 'NONE',  ( 107.0333704529042222, 8.000000000000001776, 0.000000000000000000 ) ) ;
#398 = FILL_AREA_STYLE ('',( #2789 ) ) ;
#399 = EDGE_CURVE ( 'NONE', #2810, #3601, #2294, .T. ) ;
#400 = CARTESIAN_POINT ( 'NONE',  ( 8.000000000000021316, 142.2500000000000568, 50.00000000000000000 ) ) ;
#401 = CARTESIAN_POINT ( 'NONE',  ( 12.00000000000002842, 1.131490574324044089E-15, 1.319130098895370168E-30 ) ) ;
#402 = ORIENTED_EDGE ( 'NONE', *, *, #948, .F. ) ;
#403 = DIRECTION ( 'NONE',  ( -1.000000000000000000, 0.000000000000000000, 0.000000000000000000 ) ) ;
#404 = EDGE_CURVE ( 'NONE', #3315, #1585, #1500, .T. ) ;
#405 = CARTESIAN_POINT ( 'NONE',  ( 5.900000000000005684, 227.0000000000000284, 15.00000000000000000 ) ) ;
#406 = ORIENTED_EDGE ( 'NONE', *, *, #2399, .F. ) ;
#407 = AXIS2_PLACEMENT_3D ( 'NONE', #2425, #3826, #620 ) ;
#408 = CARTESIAN_POINT ( 'NONE',  ( 9.412453702423469792, 219.0000000000000568, 71.51823834566060611 ) ) ;
#409 = CARTESIAN_POINT ( 'NONE',  ( 122.0451915579558602, 1.046896519904978451, 20.00000000000000355 ) ) ;
#410 = VERTEX_POINT ( 'NONE', #1847 ) ;
#411 = AXIS2_PLACEMENT_3D ( 'NONE', #1126, #68, #3329 ) ;
#412 = CIRCLE ( 'NONE', #1442, 8.000000000000005329 ) ;
#413 = CARTESIAN_POINT ( 'NONE',  ( 128.9999999999999716, 225.0000000000000284, 20.00000000000000355 ) ) ;
#414 = DIRECTION ( 'NONE',  ( -1.000000000000000000, 2.081668171172168513E-17, -0.000000000000000000 ) ) ;
#415 = VECTOR ( 'NONE', #133, 1000.000000000000000 ) ;
#416 = CIRCLE ( 'NONE', #4220, 8.000000000000007105 ) ;
#417 = CARTESIAN_POINT ( 'NONE',  ( 130.0509999999999877, 62.75000000000000000, 61.10000000000000142 ) ) ;
#418 = CARTESIAN_POINT ( 'NONE',  ( 6.853792024290622287, 1.144319833424099597, 80.00000000000001421 ) ) ;
#419 = VERTEX_POINT ( 'NONE', #2272 ) ;
#420 = CARTESIAN_POINT ( 'NONE',  ( 4.369841252771282214, 234.2204246363994855, 79.00000000000000000 ) ) ;
#421 = ORIENTED_EDGE ( 'NONE', *, *, #66, .F. ) ;
#422 = CARTESIAN_POINT ( 'NONE',  ( 110.7070495323311121, 226.3007570671092026, 20.61863565516109276 ) ) ;
#423 = AXIS2_PLACEMENT_3D ( 'NONE', #3894, #3577, #735 ) ;
#424 = AXIS2_PLACEMENT_3D ( 'NONE', #558, #1949, #1907 ) ;
#425 = DIRECTION ( 'NONE',  ( -1.000000000000000000, 0.000000000000000000, 0.000000000000000000 ) ) ;
#426 = FACE_OUTER_BOUND ( 'NONE', #1107, .T. ) ;
#427 = LINE ( 'NONE', #2570, #1793 ) ;
#428 = ORIENTED_EDGE ( 'NONE', *, *, #4278, .T. ) ;
#429 = LINE ( 'NONE', #84, #50 ) ;
#430 = CARTESIAN_POINT ( 'NONE',  ( 114.1935325598146136, 11.01427932382657282, 19.16503614450229875 ) ) ;
#431 = DIRECTION ( 'NONE',  ( -0.000000000000000000, -0.000000000000000000, -1.000000000000000000 ) ) ;
#432 = CARTESIAN_POINT ( 'NONE',  ( 108.8880430564850599, 226.9322686776142461, 23.12976955736448303 ) ) ;
#433 = VERTEX_POINT ( 'NONE', #2559 ) ;
#434 = ADVANCED_FACE ( 'NONE', ( #2979 ), #1222, .F. ) ;
#435 = DIRECTION ( 'NONE',  ( 0.000000000000000000, 0.000000000000000000, -1.000000000000000000 ) ) ;
#436 = CARTESIAN_POINT ( 'NONE',  ( 120.6391971568812238, 0.001839357689477052072, 19.99999999999342748 ) ) ;
#437 = ORIENTED_EDGE ( 'NONE', *, *, #1908, .F. ) ;
#438 = CARTESIAN_POINT ( 'NONE',  ( 123.1252492452655645, 233.8587746844466153, 20.00000000000000355 ) ) ;
#439 = CARTESIAN_POINT ( 'NONE',  ( 12.00000000000002842, 1.131490574324044089E-15, 1.319130098895370168E-30 ) ) ;
#440 = CARTESIAN_POINT ( 'NONE',  ( 15.37914600865197912, 11.09993783996774042, 78.90959652547020653 ) ) ;
#441 = CARTESIAN_POINT ( 'NONE',  ( 5.183259523261384061, 0.4977310277579748976, 79.00000000000000000 ) ) ;
#442 = ORIENTED_EDGE ( 'NONE', *, *, #4320, .T. ) ;
#443 = CARTESIAN_POINT ( 'NONE',  ( 2.765428036443210225, 233.3165103202516661, 79.00000000000000000 ) ) ;
#444 = ORIENTED_EDGE ( 'NONE', *, *, #876, .F. ) ;
#445 = DIRECTION ( 'NONE',  ( -0.000000000000000000, -0.000000000000000000, -1.000000000000000000 ) ) ;
#446 = CARTESIAN_POINT ( 'NONE',  ( 10.09999999999999787, 227.0000000000000284, 0.2999999999999959921 ) ) ;
#447 = CARTESIAN_POINT ( 'NONE',  ( 8.000000000000001776, 227.0000000000000284, 0.000000000000000000 ) ) ;
#448 = VERTEX_POINT ( 'NONE', #4412 ) ;
#449 = DIRECTION ( 'NONE',  ( 0.000000000000000000, 0.000000000000000000, 1.000000000000000000 ) ) ;
#450 = AXIS2_PLACEMENT_3D ( 'NONE', #73, #3266, #4340 ) ;
#451 = CARTESIAN_POINT ( 'NONE',  ( 122.7647917393799162, 234.9087232995600516, 19.00000000000000711 ) ) ;
#452 = ADVANCED_FACE ( 'NONE', ( #2932 ), #4362, .F. ) ;
#453 = AXIS2_PLACEMENT_3D ( 'NONE', #23, #1476, #4294 ) ;
#454 = CARTESIAN_POINT ( 'NONE',  ( 12.00000000000001776, 124.4282032302755425, 79.00000000000000000 ) ) ;
#455 = ORIENTED_EDGE ( 'NONE', *, *, #1957, .F. ) ;
#456 = CARTESIAN_POINT ( 'NONE',  ( 11.00000000000002665, 2.204363725016922793, 80.00000000000000000 ) ) ;
#457 = ADVANCED_FACE ( 'NONE', ( #1938 ), #3002, .T. ) ;
#458 = CARTESIAN_POINT ( 'NONE',  ( 13.18189010370237391, 2.204363725016921460, 80.00000000000000000 ) ) ;
#459 = EDGE_LOOP ( 'NONE', ( #2467, #614, #3871, #4595 ) ) ;
#460 = DIRECTION ( 'NONE',  ( 0.000000000000000000, 0.000000000000000000, 1.000000000000000000 ) ) ;
#461 = CARTESIAN_POINT ( 'NONE',  ( 16.00000000000002842, 1.000000000000000888, 80.00000000000000000 ) ) ;
#462 = EDGE_CURVE ( 'NONE', #1312, #3041, #2656, .T. ) ;
#463 = CARTESIAN_POINT ( 'NONE',  ( 15.05940788833970068, 11.77171455792127830, 78.94534169946015822 ) ) ;
#464 = ORIENTED_EDGE ( 'NONE', *, *, #621, .F. ) ;
#465 = CARTESIAN_POINT ( 'NONE',  ( 0.01259967728391166684, 226.2835151627784285, 80.00000000000001421 ) ) ;
#466 = CARTESIAN_POINT ( 'NONE',  ( 11.23924398628680876, 220.5241760208013204, 79.99999999999995737 ) ) ;
#467 = DIRECTION ( 'NONE',  ( 0.000000000000000000, 0.000000000000000000, -1.000000000000000000 ) ) ;
#468 = CARTESIAN_POINT ( 'NONE',  ( 8.000000000000023093, 8.000000000000001776, 18.63730669589464384 ) ) ;
#469 = LINE ( 'NONE', #2903, #3246 ) ;
#470 = DIRECTION ( 'NONE',  ( 0.000000000000000000, 0.000000000000000000, -1.000000000000000000 ) ) ;
#471 = ORIENTED_EDGE ( 'NONE', *, *, #1612, .T. ) ;
#472 = CARTESIAN_POINT ( 'NONE',  ( 13.92216011851700763, 221.6215225638991058, 79.00000000000000000 ) ) ;
#473 = CARTESIAN_POINT ( 'NONE',  ( 112.4800863439648992, 8.204940048934817654, 20.98651212386091203 ) ) ;
#474 = ORIENTED_EDGE ( 'NONE', *, *, #1139, .T. ) ;
#475 = EDGE_CURVE ( 'NONE', #2177, #671, #85, .T. ) ;
#476 = DIRECTION ( 'NONE',  ( -1.000000000000000000, 0.000000000000000000, 0.000000000000000000 ) ) ;
#477 = APPLICATION_CONTEXT ( 'automotive_design' ) ;
#478 = FACE_OUTER_BOUND ( 'NONE', #3931, .T. ) ;
#479 = ORIENTED_EDGE ( 'NONE', *, *, #2212, .T. ) ;
#480 = CARTESIAN_POINT ( 'NONE',  ( 124.9602200165401058, 233.4035689657329726, 20.00000000000000355 ) ) ;
#481 = AXIS2_PLACEMENT_3D ( 'NONE', #1462, #2207, #3648 ) ;
#482 = CONICAL_SURFACE ( 'NONE', #2727, 2.099999999999996092, 0.5235987755982968173 ) ;
#483 = DIRECTION ( 'NONE',  ( -0.000000000000000000, -0.000000000000000000, -1.000000000000000000 ) ) ;
#484 = VERTEX_POINT ( 'NONE', #504 ) ;
#485 = CARTESIAN_POINT ( 'NONE',  ( 0.3604223139474004300, 229.2980878033810086, 79.00000000000000000 ) ) ;
#486 = EDGE_LOOP ( 'NONE', ( #1671, #2101, #972, #3743 ) ) ;
#487 = ADVANCED_FACE ( 'NONE', ( #179 ), #2608, .T. ) ;
#488 =( BOUNDED_SURFACE ( )  B_SPLINE_SURFACE ( 3, 2, ( 
 ( #3326, #3369, #2263 ),
 ( #195, #498, #2336 ),
 ( #3763, #4382, #170 ),
 ( #868, #2287, #3721 ),
 ( #1934, #4448, #1719 ),
 ( #1377, #282, #1357 ),
 ( #984, #3875, #2057 ),
 ( #584, #606, #2384 ),
 ( #1331, #1656, #3441 ),
 ( #4517, #2361, #4493 ) ),
 .UNSPECIFIED., .F., .F., .T. ) 
 B_SPLINE_SURFACE_WITH_KNOTS ( ( 4, 2, 2, 2, 4 ),
 ( 3, 3 ),
 ( -1.301042606982605321E-18, 0.001544396976622546902, 0.003088793953245095106, 0.004633190929867643526, 0.006177587906490191946 ),
 ( 0.000000000000000000, 1.000000000000000000 ),
 .UNSPECIFIED. ) 
 GEOMETRIC_REPRESENTATION_ITEM ( )  RATIONAL_B_SPLINE_SURFACE ( (
 ( 1.000000000000000000, 0.7071067811865475727, 1.000000000000000000),
 ( 1.000000000000000000, 0.7173388307361734384, 1.000000000000000000),
 ( 1.000000000000000000, 0.7278771734747757627, 1.000000000000000000),
 ( 1.000000000000000000, 0.7470045189287670695, 1.000000000000000000),
 ( 1.000000000000000000, 0.7556366342912476108, 1.000000000000000000),
 ( 1.000000000000000000, 0.7684171541944248007, 1.000000000000000000),
 ( 1.000000000000000000, 0.7726992261646454807, 1.000000000000000000),
 ( 1.000000000000000000, 0.7761177274663015879, 1.000000000000000000),
 ( 1.000000000000000000, 0.7751880374466726398, 1.000000000000000000),
 ( 1.000000000000000000, 0.7717858422408701013, 1.000000000000000000) ) ) 
 REPRESENTATION_ITEM ( '' )  SURFACE ( )  );
#489 = AXIS2_PLACEMENT_3D ( 'NONE', #4437, #511, #925 ) ;
#490 = CIRCLE ( 'NONE', #3253, 9.600000000000004974 ) ;
#491 = CARTESIAN_POINT ( 'NONE',  ( 11.00000000000002487, 14.32455532033676704, 80.00000000000000000 ) ) ;
#492 = LINE ( 'NONE', #3299, #3090 ) ;
#493 = ORIENTED_EDGE ( 'NONE', *, *, #1019, .F. ) ;
#494 = CIRCLE ( 'NONE', #1085, 2.099999999999996980 ) ;
#495 = CIRCLE ( 'NONE', #2884, 1.000000000000000888 ) ;
#496 = CARTESIAN_POINT ( 'NONE',  ( 107.5555243125427438, 7.000000000000001776, 23.94559735966770475 ) ) ;
#497 = AXIS2_PLACEMENT_3D ( 'NONE', #2048, #3529, #3484 ) ;
#498 = CARTESIAN_POINT ( 'NONE',  ( 14.33529834522794744, 222.0764228205415804, 79.97151778305594405 ) ) ;
#499 = ORIENTED_EDGE ( 'NONE', *, *, #2650, .T. ) ;
#500 = CARTESIAN_POINT ( 'NONE',  ( 8.000000000000003553, 219.0000000000000284, 69.07179676972434379 ) ) ;
#501 = CARTESIAN_POINT ( 'NONE',  ( 120.0000000000000142, 235.0000000000000284, 79.00000000000000000 ) ) ;
#502 = VERTEX_POINT ( 'NONE', #3029 ) ;
#503 = CARTESIAN_POINT ( 'NONE',  ( 3.252606517456513302E-18, 10.00000000000012079, 0.000000000000000000 ) ) ;
#504 = CARTESIAN_POINT ( 'NONE',  ( 119.5999999999998948, 227.0000000000000284, 0.000000000000000000 ) ) ;
#505 = ADVANCED_FACE ( 'NONE', ( #3353 ), #3663, .F. ) ;
#506 = FACE_OUTER_BOUND ( 'NONE', #830, .T. ) ;
#507 = EDGE_LOOP ( 'NONE', ( #1216, #673, #2314, #4222, #4080, #3805, #3293, #2479, #4139, #3496, #3175, #3150 ) ) ;
#508 = CARTESIAN_POINT ( 'NONE',  ( 0.01259967621403824435, 226.2835151627962773, 79.00000000000000000 ) ) ;
#509 = CARTESIAN_POINT ( 'NONE',  ( 11.77357575323585337, 124.2964584793810019, 79.64699145970632799 ) ) ;
#510 = CARTESIAN_POINT ( 'NONE',  ( 4.360751370928325876, 0.7831803572677155101, 79.00000000000000000 ) ) ;
#511 = DIRECTION ( 'NONE',  ( -1.000000000000000000, -0.000000000000000000, -0.000000000000000000 ) ) ;
#512 = CARTESIAN_POINT ( 'NONE',  ( 123.4330893188046332, 233.7960206474143376, 20.00000000000000355 ) ) ;
#513 = ADVANCED_FACE ( 'NONE', ( #3312 ), #3727, .T. ) ;
#514 = CARTESIAN_POINT ( 'NONE',  ( 130.0000000000000000, 16.00000000000001421, 19.00000000000000355 ) ) ;
#515 = ORIENTED_EDGE ( 'NONE', *, *, #2393, .F. ) ;
#516 = DIRECTION ( 'NONE',  ( -1.000000000000000000, 0.000000000000000000, 0.000000000000000000 ) ) ;
#517 = CARTESIAN_POINT ( 'NONE',  ( 129.5977066124032717, 5.532267573792109872, 19.00000000000000355 ) ) ;
#518 =( BOUNDED_CURVE ( )  B_SPLINE_CURVE ( 3, ( #3314, #1991, #3776, #1319 ),
 .UNSPECIFIED., .F., .T. ) 
 B_SPLINE_CURVE_WITH_KNOTS ( ( 4, 4 ),
 ( 4.712388980384689674, 5.088566437704916900 ),
 .UNSPECIFIED. ) 
 CURVE ( )  GEOMETRIC_REPRESENTATION_ITEM ( )  RATIONAL_B_SPLINE_CURVE ( ( 1.000000000000000000, 0.9882422679207505389, 0.9882422679207505389, 1.000000000000000000 ) ) 
 REPRESENTATION_ITEM ( '' )  );
#519 = EDGE_CURVE ( 'NONE', #2865, #550, #1263, .T. ) ;
#520 = CARTESIAN_POINT ( 'NONE',  ( 115.1189943773328537, 10.35666371903544558, 20.14385521550228120 ) ) ;
#521 = ORIENTED_EDGE ( 'NONE', *, *, #4476, .T. ) ;
#522 = CARTESIAN_POINT ( 'NONE',  ( 15.99867455508150549, 7.407473757490680377, 79.63001928238028881 ) ) ;
#523 = VECTOR ( 'NONE', #4252, 1000.000000000000114 ) ;
#524 = CARTESIAN_POINT ( 'NONE',  ( 0.1210448982126570289, 228.2090958857255316, 0.000000000000000000 ) ) ;
#525 = ORIENTED_EDGE ( 'NONE', *, *, #4024, .T. ) ;
#526 = CARTESIAN_POINT ( 'NONE',  ( 114.0088108585090936, 224.1845206982622472, 19.19732764378457546 ) ) ;
#527 = CARTESIAN_POINT ( 'NONE',  ( 13.18189010370237391, 2.204363725016921460, 70.00000000000000000 ) ) ;
#528 = DIRECTION ( 'NONE',  ( -0.000000000000000000, -0.000000000000000000, -1.000000000000000000 ) ) ;
#529 = VERTEX_POINT ( 'NONE', #772 ) ;
#530 = CARTESIAN_POINT ( 'NONE',  ( 1.710660417147740198, 230.2622276245846251, 80.00000000000000000 ) ) ;
#531 = ORIENTED_EDGE ( 'NONE', *, *, #1693, .F. ) ;
#532 = CARTESIAN_POINT ( 'NONE',  ( 4.737772375413871195, 1.710660417143666567, 80.00000000000000000 ) ) ;
#533 = EDGE_CURVE ( 'NONE', #1289, #1152, #2389, .T. ) ;
#534 = CARTESIAN_POINT ( 'NONE',  ( 0.04762711544764843680, 7.898628587833843362, 80.00000000000001421 ) ) ;
#535 = CARTESIAN_POINT ( 'NONE',  ( 127.2386997779059215, 233.3136476308329179, 19.00000000000000355 ) ) ;
#536 = DIRECTION ( 'NONE',  ( 1.000000000000000000, 0.000000000000000000, 0.000000000000000000 ) ) ;
#537 = EDGE_LOOP ( 'NONE', ( #547, #269, #428 ) ) ;
#538 = CARTESIAN_POINT ( 'NONE',  ( 122.0000000000000000, 16.00000000000001421, 19.00000000000000355 ) ) ;
#539 = CARTESIAN_POINT ( 'NONE',  ( 124.0999999999999659, 227.0000000000000284, 0.000000000000000000 ) ) ;
#540 = VECTOR ( 'NONE', #1634, 1000.000000000000114 ) ;
#541 = ADVANCED_FACE ( 'NONE', ( #3683 ), #140, .F. ) ;
#542 = DIRECTION ( 'NONE',  ( 1.000000000000000000, 0.000000000000000000, 0.000000000000000000 ) ) ;
#543 = DIRECTION ( 'NONE',  ( -0.5221538596385300046, 1.086951070064227930E-17, -0.8528513040762653041 ) ) ;
#544 = ORIENTED_EDGE ( 'NONE', *, *, #2562, .F. ) ;
#545 = EDGE_CURVE ( 'NONE', #357, #1638, #2565, .T. ) ;
#546 = CARTESIAN_POINT ( 'NONE',  ( 2.204363725016899700, 232.8109511094755248, 0.000000000000000000 ) ) ;
#547 = ORIENTED_EDGE ( 'NONE', *, *, #91, .F. ) ;
#548 = CARTESIAN_POINT ( 'NONE',  ( 2.685152572107157631, 231.8782146388131480, 80.00000000000001421 ) ) ;
#549 = CARTESIAN_POINT ( 'NONE',  ( 130.0000000000000000, 16.00000000000001421, 80.00000000000000000 ) ) ;
#550 = VERTEX_POINT ( 'NONE', #4276 ) ;
#551 = DIRECTION ( 'NONE',  ( 1.000000000000000000, 0.000000000000000000, -0.000000000000000000 ) ) ;
#552 = DIRECTION ( 'NONE',  ( -0.000000000000000000, -0.000000000000000000, -1.000000000000000000 ) ) ;
#553 = CARTESIAN_POINT ( 'NONE',  ( 1.012188324646705162, 8.745542017494850384, 80.00000000000000000 ) ) ;
#554 = TOROIDAL_SURFACE ( 'NONE', #3018, 7.000000000000007105, 1.000000000000000000 ) ;
#555 = CARTESIAN_POINT ( 'NONE',  ( 128.4144926240075790, 232.0892567751624540, 20.00000000000111910 ) ) ;
#556 = CARTESIAN_POINT ( 'NONE',  ( 113.6386198016771090, 10.48748176969414381, 19.29016202234336319 ) ) ;
#557 = VERTEX_POINT ( 'NONE', #3985 ) ;
#558 = CARTESIAN_POINT ( 'NONE',  ( 121.9999999999999716, 227.0000000000000284, 15.00000000000000000 ) ) ;
#559 = CARTESIAN_POINT ( 'NONE',  ( 13.18189010370237924, 228.0000000000000284, 70.00000000000000000 ) ) ;
#560 = VECTOR ( 'NONE', #2849, 1000.000000000000000 ) ;
#561 = VECTOR ( 'NONE', #4375, 1000.000000000000000 ) ;
#562 = LINE ( 'NONE', #3439, #3549 ) ;
#563 = CONICAL_SURFACE ( 'NONE', #4601, 2.099999999999996092, 0.5235987755982968173 ) ;
#564 = CARTESIAN_POINT ( 'NONE',  ( 5.900000000000031442, 8.000000000000001776, 0.2999999999999959921 ) ) ;
#565 = AXIS2_PLACEMENT_3D ( 'NONE', #3205, #3996, #403 ) ;
#566 = DIRECTION ( 'NONE',  ( -1.000000000000000000, 0.000000000000000000, 0.000000000000000000 ) ) ;
#567 = VERTEX_POINT ( 'NONE', #779 ) ;
#568 = DIRECTION ( 'NONE',  ( 9.505334114941407284E-17, -1.000000000000000000, 0.000000000000000000 ) ) ;
#569 = EDGE_CURVE ( 'NONE', #3646, #2865, #2203, .T. ) ;
#570 = LINE ( 'NONE', #219, #895 ) ;
#571 = CARTESIAN_POINT ( 'NONE',  ( 0.000000000000000000, 172.2500000000000000, 59.60000000000000853 ) ) ;
#572 = EDGE_LOOP ( 'NONE', ( #3722, #2190, #1988, #3938 ) ) ;
#573 = DIRECTION ( 'NONE',  ( 0.000000000000000000, 0.000000000000000000, -1.000000000000000000 ) ) ;
#574 = CARTESIAN_POINT ( 'NONE',  ( 8.000000000000028422, 8.000000000000001776, 0.000000000000000000 ) ) ;
#575 = CYLINDRICAL_SURFACE ( 'NONE', #1891, 1.000000000000000888 ) ;
#576 = CARTESIAN_POINT ( 'NONE',  ( 128.9103754825196120, 231.2991330734137705, 19.00000000000000355 ) ) ;
#577 = CARTESIAN_POINT ( 'NONE',  ( 112.4607427375557194, 8.183038793414993961, 20.98742892847358732 ) ) ;
#578 = ORIENTED_EDGE ( 'NONE', *, *, #1750, .F. ) ;
#579 = CARTESIAN_POINT ( 'NONE',  ( 116.8181098962976421, -2.385244779468109755E-15, 30.00000000000000711 ) ) ;
#580 = DIRECTION ( 'NONE',  ( -1.000000000000000000, 3.469446951953611033E-15, 0.000000000000000000 ) ) ;
#581 = DIRECTION ( 'NONE',  ( 1.000000000000000000, 9.276596128218219855E-17, -0.000000000000000000 ) ) ;
#582 = CARTESIAN_POINT ( 'NONE',  ( 3.252606517456513302E-18, 224.9999999999999432, 79.00000000000000000 ) ) ;
#583 = CARTESIAN_POINT ( 'NONE',  ( 130.0000000000000000, 9.999999999999998224, 18.99999999999999645 ) ) ;
#584 = CARTESIAN_POINT ( 'NONE',  ( 16.02217885222506055, 227.0121561904264524, 78.81050717170106168 ) ) ;
#585 = ORIENTED_EDGE ( 'NONE', *, *, #346, .T. ) ;
#586 = EDGE_CURVE ( 'NONE', #3276, #1833, #3893, .T. ) ;
#587 = ORIENTED_EDGE ( 'NONE', *, *, #346, .F. ) ;
#588 = CARTESIAN_POINT ( 'NONE',  ( 121.9999999999999716, 227.0000000000000284, 0.000000000000000000 ) ) ;
#589 = VECTOR ( 'NONE', #2, 1000.000000000000114 ) ;
#590 = EDGE_CURVE ( 'NONE', #3276, #4357, #3808, .T. ) ;
#591 = AXIS2_PLACEMENT_3D ( 'NONE', #1645, #1271, #923 ) ;
#592 = CARTESIAN_POINT ( 'NONE',  ( 17.88127484044914439, 7.000000000000001776, 77.67566173668639351 ) ) ;
#593 = EDGE_LOOP ( 'NONE', ( #2554, #1559, #697, #3681 ) ) ;
#594 = CARTESIAN_POINT ( 'NONE',  ( 120.3150671018599951, 0.9999999999999976685, 20.00000000000000355 ) ) ;
#595 = CARTESIAN_POINT ( 'NONE',  ( 15.18926631848274411, 7.521394474143831665, 79.79645473763386576 ) ) ;
#596 = CARTESIAN_POINT ( 'NONE',  ( 5.933865791762127806, 1.333643392621837620, 80.00000000000000000 ) ) ;
#597 = DIRECTION ( 'NONE',  ( -9.276596128218219855E-17, 1.000000000000000000, 0.000000000000000000 ) ) ;
#598 = ADVANCED_FACE ( 'NONE', ( #1095 ), #4338, .T. ) ;
#599 = CARTESIAN_POINT ( 'NONE',  ( 124.0487694652152726, 233.6705125666055949, 20.00000000000000355 ) ) ;
#600 = CARTESIAN_POINT ( 'NONE',  ( 11.77357575323585692, 110.7035415206190407, 79.64699145970632799 ) ) ;
#601 = VERTEX_POINT ( 'NONE', #4480 ) ;
#602 = DIRECTION ( 'NONE',  ( -1.000000000000000000, 2.081668171172170978E-17, 0.000000000000000000 ) ) ;
#603 = CARTESIAN_POINT ( 'NONE',  ( 127.8109511094755959, 232.7956362749831385, 0.000000000000000000 ) ) ;
#604 = FACE_OUTER_BOUND ( 'NONE', #3673, .T. ) ;
#605 = LINE ( 'NONE', #982, #1359 ) ;
#606 = CARTESIAN_POINT ( 'NONE',  ( 16.02118123953883000, 227.0108885419488161, 79.62311192894718204 ) ) ;
#607 = VERTEX_POINT ( 'NONE', #3052 ) ;
#608 = AXIS2_PLACEMENT_3D ( 'NONE', #1286, #3509, #2720 ) ;
#609 = ORIENTED_EDGE ( 'NONE', *, *, #1668, .T. ) ;
#610 = ORIENTED_EDGE ( 'NONE', *, *, #3636, .F. ) ;
#611 = CARTESIAN_POINT ( 'NONE',  ( 8.642152111792940516, -1.994165689202160878E-16, 0.000000000000000000 ) ) ;
#612 = CARTESIAN_POINT ( 'NONE',  ( 0.7795753636051744317, 4.369841252763650097, 79.00000000000000000 ) ) ;
#613 = DIRECTION ( 'NONE',  ( -0.000000000000000000, -0.000000000000000000, -1.000000000000000000 ) ) ;
#614 = ORIENTED_EDGE ( 'NONE', *, *, #1268, .F. ) ;
#615 = CARTESIAN_POINT ( 'NONE',  ( 121.9999999999999716, 219.0000000000000284, 19.00000000000000355 ) ) ;
#616 = CARTESIAN_POINT ( 'NONE',  ( 8.716484837199827140, 0.01259967621365474209, 79.00000000000000000 ) ) ;
#617 = CARTESIAN_POINT ( 'NONE',  ( 129.6412846658743092, 229.2910117998106330, 19.00000000000000355 ) ) ;
#618 = CARTESIAN_POINT ( 'NONE',  ( 107.0333704529042222, 7.000000000000000888, 23.09274605559143723 ) ) ;
#619 = ORIENTED_EDGE ( 'NONE', *, *, #2545, .F. ) ;
#620 = DIRECTION ( 'NONE',  ( -1.000000000000000000, 0.000000000000000000, 0.000000000000000000 ) ) ;
#621 = EDGE_CURVE ( 'NONE', #2529, #718, #293, .T. ) ;
#622 = CARTESIAN_POINT ( 'NONE',  ( 128.6705618941352327, 3.280345007906628307, 19.00000000000000355 ) ) ;
#623 = VECTOR ( 'NONE', #4112, 1000.000000000000000 ) ;
#624 = CARTESIAN_POINT ( 'NONE',  ( 130.0509999999999877, 142.2500000000000568, 40.39999999999999858 ) ) ;
#625 = CARTESIAN_POINT ( 'NONE',  ( 10.00000000000000000, 235.0000000000000284, 0.000000000000000000 ) ) ;
#626 = ORIENTED_EDGE ( 'NONE', *, *, #1224, .T. ) ;
#627 = VECTOR ( 'NONE', #2539, 1000.000000000000000 ) ;
#628 = CARTESIAN_POINT ( 'NONE',  ( 0.8490819832538564205, 231.4610830899745793, 79.00000000000000000 ) ) ;
#629 = EDGE_LOOP ( 'NONE', ( #3784, #3812, #2947, #610 ) ) ;
#630 =( BOUNDED_SURFACE ( )  B_SPLINE_SURFACE ( 3, 2, ( 
 ( #4240, #383, #1796 ),
 ( #3209, #1725, #3185 ),
 ( #4624, #1017, #3927 ),
 ( #2862, #40, #4288 ) ),
 .UNSPECIFIED., .F., .F., .T. ) 
 B_SPLINE_SURFACE_WITH_KNOTS ( ( 4, 4 ),
 ( 3, 3 ),
 ( 1.194618869474669554, 1.570796326794896558 ),
 ( 0.000000000000000000, 1.000000000000000000 ),
 .UNSPECIFIED. ) 
 GEOMETRIC_REPRESENTATION_ITEM ( )  RATIONAL_B_SPLINE_SURFACE ( (
 ( 1.000000000000000000, 0.6356797263403934917, 1.000000000000000000),
 ( 1.000000000000000000, 0.6596386380114589443, 1.000000000000000000),
 ( 1.000000000000000000, 0.6839676446640273744, 1.000000000000000000),
 ( 1.000000000000000000, 0.7071067811865475727, 1.000000000000000000) ) ) 
 REPRESENTATION_ITEM ( '' )  SURFACE ( )  );
#631 = AXIS2_PLACEMENT_3D ( 'NONE', #228, #3055, #1945 ) ;
#632 = CONICAL_SURFACE ( 'NONE', #3995, 2.099999999999996980, 0.7853981633974822518 ) ;
#633 = ORIENTED_EDGE ( 'NONE', *, *, #2447, .F. ) ;
#634 = AXIS2_PLACEMENT_3D ( 'NONE', #3972, #1985, #1262 ) ;
#635 = CIRCLE ( 'NONE', #3258, 9.000000000000001776 ) ;
#636 = CARTESIAN_POINT ( 'NONE',  ( 5.855820873173068541, 0.3303862130348353965, 0.000000000000000000 ) ) ;
#637 = CARTESIAN_POINT ( 'NONE',  ( 116.8181098962976421, 235.0000000000000284, 30.00000000000000711 ) ) ;
#638 = CARTESIAN_POINT ( 'NONE',  ( 128.9460154198553994, 7.808002734485571139, 20.00000000000000355 ) ) ;
#639 = ORIENTED_EDGE ( 'NONE', *, *, #1031, .F. ) ;
#640 = CARTESIAN_POINT ( 'NONE',  ( 15.99993280383154470, 227.0327892387847726, 78.81445915522107271 ) ) ;
#641 = CARTESIAN_POINT ( 'NONE',  ( 15.23272034334803138, 227.9084150775759952, 79.78809374768155749 ) ) ;
#642 = CARTESIAN_POINT ( 'NONE',  ( 1.056787340949972842, 7.807664508260859115, 80.00000000000000000 ) ) ;
#643 = EDGE_CURVE ( 'NONE', #3527, #2698, #4175, .T. ) ;
#644 = LINE ( 'NONE', #2069, #4138 ) ;
#645 = CARTESIAN_POINT ( 'NONE',  ( 113.7256387832895825, 9.023573819777212179, 20.48099362019119596 ) ) ;
#646 = ORIENTED_EDGE ( 'NONE', *, *, #3425, .F. ) ;
#647 = CARTESIAN_POINT ( 'NONE',  ( 113.0786344347255294, 224.9748535029464733, 20.69915008356776198 ) ) ;
#648 = EDGE_CURVE ( 'NONE', #1425, #3732, #3119, .T. ) ;
#649 = EDGE_CURVE ( 'NONE', #224, #2871, #3408, .T. ) ;
#650 = CARTESIAN_POINT ( 'NONE',  ( 2.447844269966735098, 233.0538018632577746, 79.00000000000000000 ) ) ;
#651 = DIRECTION ( 'NONE',  ( 1.000000000000000000, 0.000000000000000000, -0.000000000000000000 ) ) ;
#652 = ORIENTED_EDGE ( 'NONE', *, *, #115, .T. ) ;
#653 = CARTESIAN_POINT ( 'NONE',  ( 3.252606517456513302E-18, 224.9999999999999432, 0.000000000000000000 ) ) ;
#654 = ORIENTED_EDGE ( 'NONE', *, *, #1675, .T. ) ;
#655 = ADVANCED_FACE ( 'NONE', ( #3074 ), #380, .T. ) ;
#656 = EDGE_LOOP ( 'NONE', ( #1033, #2363, #1864, #1547 ) ) ;
#657 = FACE_OUTER_BOUND ( 'NONE', #853, .T. ) ;
#658 = DIRECTION ( 'NONE',  ( -0.000000000000000000, -0.000000000000000000, -1.000000000000000000 ) ) ;
#659 = CARTESIAN_POINT ( 'NONE',  ( 129.8343177962166806, 6.733025444894517264, 19.00000000000000355 ) ) ;
#660 = ORIENTED_EDGE ( 'NONE', *, *, #36, .F. ) ;
#661 = LINE ( 'NONE', #3546, #4561 ) ;
#662 = DIRECTION ( 'NONE',  ( -1.000000000000000000, 2.168404344971008868E-17, 0.000000000000000000 ) ) ;
#663 = CARTESIAN_POINT ( 'NONE',  ( 0.1055006805607221487, 7.232553807442841709, 79.00000000000000000 ) ) ;
#664 = VECTOR ( 'NONE', #72, 1000.000000000000000 ) ;
#665 =( BOUNDED_SURFACE ( )  B_SPLINE_SURFACE ( 3, 2, ( 
 ( #3939, #732, #2614 ),
 ( #4395, #831, #3595 ),
 ( #3689, #3221, #30 ),
 ( #2567, #1807, #3245 ),
 ( #1460, #2544, #4349 ),
 ( #1140, #781, #4554 ),
 ( #3139, #1641, #1617 ),
 ( #4123, #4500, #947 ),
 ( #172, #522, #1543 ),
 ( #3306, #1586, #4405 ) ),
 .UNSPECIFIED., .F., .F., .T. ) 
 B_SPLINE_SURFACE_WITH_KNOTS ( ( 4, 2, 2, 2, 4 ),
 ( 3, 3 ),
 ( 0.000000000000000000, 0.001544396976622559696, 0.003088793953245119392, 0.004633190929867679088, 0.006177587906490238784 ),
 ( 0.000000000000000000, 1.000000000000000000 ),
 .UNSPECIFIED. ) 
 GEOMETRIC_REPRESENTATION_ITEM ( )  RATIONAL_B_SPLINE_SURFACE ( (
 ( 1.000000000000000000, 0.7071067811865471286, 1.000000000000000000),
 ( 1.000000000000000000, 0.7173388307361892036, 1.000000000000000000),
 ( 1.000000000000000000, 0.7278771734747470079, 1.000000000000000000),
 ( 1.000000000000000000, 0.7470045189287956022, 1.000000000000000000),
 ( 1.000000000000000000, 0.7556366342903609867, 1.000000000000000000),
 ( 1.000000000000000000, 0.7684171541953134232, 1.000000000000000000),
 ( 1.000000000000000000, 0.7726992261646448146, 1.000000000000000000),
 ( 1.000000000000000000, 0.7761177274663011438, 1.000000000000000000),
 ( 1.000000000000000000, 0.7751880374466757484, 1.000000000000000000),
 ( 1.000000000000000000, 0.7717858422408709895, 1.000000000000000000) ) ) 
 REPRESENTATION_ITEM ( '' )  SURFACE ( )  );
#666 = CARTESIAN_POINT ( 'NONE',  ( 128.9796244090534003, 226.5750016351909153, 20.00000000000000355 ) ) ;
#667 = CARTESIAN_POINT ( 'NONE',  ( 126.4610830901342950, 234.1509180167703335, 0.000000000000000000 ) ) ;
#668 = ORIENTED_EDGE ( 'NONE', *, *, #3576, .F. ) ;
#669 = CARTESIAN_POINT ( 'NONE',  ( 112.8286563132183744, 225.1534183155870323, 19.53903285739816909 ) ) ;
#670 = CARTESIAN_POINT ( 'NONE',  ( 10.77677921203190614, 109.8655699185127617, 73.88131944636481307 ) ) ;
#671 = VERTEX_POINT ( 'NONE', #4580 ) ;
#672 = DIRECTION ( 'NONE',  ( -0.000000000000000000, -0.000000000000000000, 1.000000000000000000 ) ) ;
#673 = ORIENTED_EDGE ( 'NONE', *, *, #4311, .T. ) ;
#674 = EDGE_CURVE ( 'NONE', #2387, #3897, #1705, .T. ) ;
#675 = AXIS2_PLACEMENT_3D ( 'NONE', #1563, #4473, #1541 ) ;
#676 = ORIENTED_EDGE ( 'NONE', *, *, #2011, .F. ) ;
#677 = CARTESIAN_POINT ( 'NONE',  ( 15.96877598821777511, 7.870289551428384378, 79.08990309796317320 ) ) ;
#678 = ADVANCED_FACE ( 'NONE', ( #3845 ), #973, .F. ) ;
#679 = CARTESIAN_POINT ( 'NONE',  ( 15.00000000000002309, 117.5000000000000142, 80.00000000000000000 ) ) ;
#680 = B_SPLINE_CURVE_WITH_KNOTS ( 'NONE', 3,
 ( #4067, #1930, #1491, #2551, #2213, #451, #109, #2951, #1171, #2598, #814, #1328, #2717, #1240, #254, #2765, #4160, #981, #4512, #960, #2001, #4445, #2025, #890, #194, #3044, #214, #1979, #2381, #934 ),
 .UNSPECIFIED., .F., .F.,
 ( 4, 2, 2, 2, 2, 2, 2, 2, 2, 2, 2, 2, 2, 2, 4 ),
 ( 0.000000000000000000, 0.001035148787628421309, 0.002070297575256842618, 0.004140595150513643602, 0.005175743938142065778, 0.006210892725770486220, 0.007246041513398907528, 0.008281190301027328837, 0.009316339088655749279, 0.01035148787628417145, 0.01138663666391259190, 0.01242178545154101234, 0.01449208302679785669, 0.01552723181442623550, 0.01656238060205461257 ),
 .UNSPECIFIED. ) ;
#681 = CARTESIAN_POINT ( 'NONE',  ( 128.9915973721917624, 3.875045263541105456, 19.00000000000000355 ) ) ;
#682 = ORIENTED_EDGE ( 'NONE', *, *, #2972, .T. ) ;
#683 = LINE ( 'NONE', #1730, #2843 ) ;
#684 = CARTESIAN_POINT ( 'NONE',  ( 119.9000000000000057, 8.000000000000000000, 0.2999999999999951594 ) ) ;
#685 = CARTESIAN_POINT ( 'NONE',  ( 8.000000000000001776, 227.0000000000000284, 79.00000000000000000 ) ) ;
#686 = CARTESIAN_POINT ( 'NONE',  ( 129.9323649777469996, 227.3613956559696874, 18.99999999999945999 ) ) ;
#687 = CARTESIAN_POINT ( 'NONE',  ( 9.685055175421899420, 0.9999999999999983347, 79.99999999999994316 ) ) ;
#688 = ORIENTED_EDGE ( 'NONE', *, *, #2991, .T. ) ;
#689 = CARTESIAN_POINT ( 'NONE',  ( 9.363370449477303126, 234.9981714719510535, 79.00000000000217426 ) ) ;
#690 = CARTESIAN_POINT ( 'NONE',  ( 123.4627376715133522, 0.1781921347765071384, 19.00000000000000355 ) ) ;
#691 = LINE ( 'NONE', #3506, #1527 ) ;
#692 = CARTESIAN_POINT ( 'NONE',  ( 116.8181098962976421, 235.0500000000000398, 30.00000000000000711 ) ) ;
#693 = ORIENTED_EDGE ( 'NONE', *, *, #648, .T. ) ;
#694 = CARTESIAN_POINT ( 'NONE',  ( 120.0000000000000142, -2.517517444511341690E-15, 80.00000000000000000 ) ) ;
#695 = AXIS2_PLACEMENT_3D ( 'NONE', #1773, #3211, #19 ) ;
#696 = EDGE_CURVE ( 'NONE', #1568, #3351, #1684, .T. ) ;
#697 = ORIENTED_EDGE ( 'NONE', *, *, #286, .F. ) ;
#698 = DIRECTION ( 'NONE',  ( -0.000000000000000000, -0.000000000000000000, 1.000000000000000000 ) ) ;
#699 = CARTESIAN_POINT ( 'NONE',  ( 129.6696137869651579, 5.855820873173049890, 0.000000000000000000 ) ) ;
#700 = EDGE_CURVE ( 'NONE', #1791, #3857, #2091, .T. ) ;
#701 = AXIS2_PLACEMENT_3D ( 'NONE', #3619, #4370, #1164 ) ;
#702 = VECTOR ( 'NONE', #2345, 1000.000000000000114 ) ;
#703 = CARTESIAN_POINT ( 'NONE',  ( 127.5343190377984399, 1.940379608503354669, 19.00000000000109424 ) ) ;
#704 = VERTEX_POINT ( 'NONE', #640 ) ;
#705 = CARTESIAN_POINT ( 'NONE',  ( 128.9797642861187512, 8.432522381909235420, 20.00000000000000355 ) ) ;
#706 = DIRECTION ( 'NONE',  ( -1.000000000000000000, 0.000000000000000000, 0.000000000000000000 ) ) ;
#707 = DIRECTION ( 'NONE',  ( 0.4999999999999981681, 6.123233995736742617E-17, -0.8660254037844395958 ) ) ;
#708 = CARTESIAN_POINT ( 'NONE',  ( 128.9418850400504652, 227.2016024664834219, 20.00000000000000355 ) ) ;
#709 = CARTESIAN_POINT ( 'NONE',  ( 121.9999999999999716, 227.0000000000000284, 15.00000000000000000 ) ) ;
#710 = ORIENTED_EDGE ( 'NONE', *, *, #1814, .F. ) ;
#711 = CARTESIAN_POINT ( 'NONE',  ( 5.716937261640455681, 234.6432084214901579, 80.00000000000436273 ) ) ;
#712 = CYLINDRICAL_SURFACE ( 'NONE', #497, 9.999999999999994671 ) ;
#713 = LINE ( 'NONE', #3557, #2816 ) ;
#714 = DIRECTION ( 'NONE',  ( -1.000000000000000000, 0.000000000000000000, 0.000000000000000000 ) ) ;
#715 = ORIENTED_EDGE ( 'NONE', *, *, #1932, .T. ) ;
#716 = LINE ( 'NONE', #2857, #1083 ) ;
#717 = CARTESIAN_POINT ( 'NONE',  ( 110.1542472844693350, 226.5972194709303835, 22.35454247881346745 ) ) ;
#718 = VERTEX_POINT ( 'NONE', #1662 ) ;
#719 = CYLINDRICAL_SURFACE ( 'NONE', #1496, 1.000000000000000888 ) ;
#720 = ADVANCED_FACE ( 'NONE', ( #1022 ), #1346, .F. ) ;
#721 = CARTESIAN_POINT ( 'NONE',  ( 11.00000000000002487, 14.32455532033676704, 80.00000000000000000 ) ) ;
#722 = CARTESIAN_POINT ( 'NONE',  ( 128.9088059601641021, 3.711628059243996969, 20.00000000000000355 ) ) ;
#723 = ORIENTED_EDGE ( 'NONE', *, *, #173, .T. ) ;
#724 = CARTESIAN_POINT ( 'NONE',  ( 126.1090603855099488, 2.128775485407795820, 20.00000000000000355 ) ) ;
#725 = DIRECTION ( 'NONE',  ( -0.8528513040762653041, 0.000000000000000000, 0.5221538596385300046 ) ) ;
#726 = EDGE_CURVE ( 'NONE', #2871, #2683, #4196, .T. ) ;
#727 = CARTESIAN_POINT ( 'NONE',  ( 8.000000000000017764, 125.5000000000000284, 30.92820323027550344 ) ) ;
#728 = AXIS2_PLACEMENT_3D ( 'NONE', #2985, #3295, #2299 ) ;
#729 = LINE ( 'NONE', #3592, #3769 ) ;
#730 = ORIENTED_EDGE ( 'NONE', *, *, #3446, .T. ) ;
#731 = CARTESIAN_POINT ( 'NONE',  ( 10.00000000000000000, 233.9999999999999716, 80.00000000000000000 ) ) ;
#732 = CARTESIAN_POINT ( 'NONE',  ( 13.92216011851699697, 13.37847743610095819, 80.00000000000000000 ) ) ;
#733 = EDGE_CURVE ( 'NONE', #1054, #3825, #2084, .T. ) ;
#734 = AXIS2_PLACEMENT_3D ( 'NONE', #4389, #4458, #3978 ) ;
#735 = DIRECTION ( 'NONE',  ( 0.000000000000000000, 1.000000000000000000, 0.000000000000000000 ) ) ;
#736 = DIRECTION ( 'NONE',  ( 2.081668171172168513E-17, 1.000000000000000000, -0.000000000000000000 ) ) ;
#737 = CARTESIAN_POINT ( 'NONE',  ( 122.0000000000000000, 15.00000000000001421, 19.00000000000000355 ) ) ;
#738 = ORIENTED_EDGE ( 'NONE', *, *, #174, .T. ) ;
#739 = LINE ( 'NONE', #4330, #4378 ) ;
#740 = FACE_OUTER_BOUND ( 'NONE', #205, .T. ) ;
#741 = CARTESIAN_POINT ( 'NONE',  ( 3.557376253245100539, 234.1585589798977480, 0.000000000000000000 ) ) ;
#742 = VERTEX_POINT ( 'NONE', #3799 ) ;
#743 = DIRECTION ( 'NONE',  ( 0.000000000000000000, 0.000000000000000000, 1.000000000000000000 ) ) ;
#744 = CARTESIAN_POINT ( 'NONE',  ( 127.5343190374593263, 1.940379608914489795, 20.00000000000164135 ) ) ;
#746 = ORIENTED_EDGE ( 'NONE', *, *, #1410, .T. ) ;
#745 = CARTESIAN_POINT ( 'NONE',  ( 112.4040091398441916, 9.550604838939888097, 19.69349488137657644 ) ) ;
#747 = VECTOR ( 'NONE', #3231, 999.9999999999998863 ) ;
#748 = CARTESIAN_POINT ( 'NONE',  ( 124.3672097398676044, 1.395139245563662644, 20.00000000000002842 ) ) ;
#749 = DIRECTION ( 'NONE',  ( -0.000000000000000000, -0.000000000000000000, 1.000000000000000000 ) ) ;
#750 = DIRECTION ( 'NONE',  ( -0.000000000000000000, -0.000000000000000000, 1.000000000000000000 ) ) ;
#751 = EDGE_CURVE ( 'NONE', #4095, #3851, #1967, .T. ) ;
#752 = CARTESIAN_POINT ( 'NONE',  ( 1.971748858833119344, 4.174360275310814217, 79.99999999999997158 ) ) ;
#753 = VERTEX_POINT ( 'NONE', #2729 ) ;
#754 = CARTESIAN_POINT ( 'NONE',  ( 8.400002775857878135, 234.9795540392422879, 79.99999999999997158 ) ) ;
#755 = ORIENTED_EDGE ( 'NONE', *, *, #1562, .T. ) ;
#756 = DIRECTION ( 'NONE',  ( 0.000000000000000000, 1.000000000000000000, 0.000000000000000000 ) ) ;
#757 = FACE_OUTER_BOUND ( 'NONE', #2316, .T. ) ;
#758 = CARTESIAN_POINT ( 'NONE',  ( 116.2376864133164247, 11.88888888888889994, 20.01685878190617629 ) ) ;
#759 = PLANE ( 'NONE',  #3324 ) ;
#760 = EDGE_CURVE ( 'NONE', #2387, #3943, #1102, .T. ) ;
#761 = DIRECTION ( 'NONE',  ( 1.000000000000000000, 0.000000000000000000, -0.000000000000000000 ) ) ;
#762 = ORIENTED_EDGE ( 'NONE', *, *, #3513, .F. ) ;
#763 = CARTESIAN_POINT ( 'NONE',  ( 13.18189010370237391, -2.939188497524053665E-16, 79.00000000000000000 ) ) ;
#764 = ORIENTED_EDGE ( 'NONE', *, *, #2011, .T. ) ;
#765 = CARTESIAN_POINT ( 'NONE',  ( 8.000000000000026645, 16.00000000000000711, 19.99999999999989342 ) ) ;
#766 = VECTOR ( 'NONE', #958, 1000.000000000000000 ) ;
#767 = DIRECTION ( 'NONE',  ( -9.505334114941407284E-17, 1.000000000000000000, -0.000000000000000000 ) ) ;
#768 = DIRECTION ( 'NONE',  ( 0.000000000000000000, 0.000000000000000000, -1.000000000000000000 ) ) ;
#769 = ORIENTED_EDGE ( 'NONE', *, *, #3217, .T. ) ;
#770 = AXIS2_PLACEMENT_3D ( 'NONE', #304, #3154, #1376 ) ;
#771 = CARTESIAN_POINT ( 'NONE',  ( 126.8710439866737829, 232.3208773410038077, 20.00000000000000355 ) ) ;
#772 = CARTESIAN_POINT ( 'NONE',  ( 121.9999999999999716, 220.0000000000000284, 20.00000000000000355 ) ) ;
#773 = CARTESIAN_POINT ( 'NONE',  ( 18.40342870008767662, 7.000000000000006217, 78.52851304076266103 ) ) ;
#774 = AXIS2_PLACEMENT_3D ( 'NONE', #3739, #542, #3392 ) ;
#775 = VECTOR ( 'NONE', #1769, 1000.000000000000114 ) ;
#776 = CARTESIAN_POINT ( 'NONE',  ( 11.85530774731715198, 14.84423449758663160, 79.53616421346737297 ) ) ;
#777 = CARTESIAN_POINT ( 'NONE',  ( 0.7169135776105308722, 4.533169142059367829, 79.00000000000000000 ) ) ;
#778 = VERTEX_POINT ( 'NONE', #1754 ) ;
#779 = CARTESIAN_POINT ( 'NONE',  ( 7.999999999999996447, 227.0000000000000284, 18.63730669589464384 ) ) ;
#780 = ORIENTED_EDGE ( 'NONE', *, *, #992, .T. ) ;
#781 = CARTESIAN_POINT ( 'NONE',  ( 15.83301112955242829, 9.725746310051832211, 79.67799434131912051 ) ) ;
#782 = AXIS2_PLACEMENT_3D ( 'NONE', #2074, #1354, #2158 ) ;
#783 = CIRCLE ( 'NONE', #3613, 1.000000000000000888 ) ;
#784 = EDGE_CURVE ( 'NONE', #419, #4354, #1089, .T. ) ;
#785 = FACE_OUTER_BOUND ( 'NONE', #1512, .T. ) ;
#786 = FACE_OUTER_BOUND ( 'NONE', #3407, .T. ) ;
#787 = CARTESIAN_POINT ( 'NONE',  ( 16.00000000000003197, 8.000000000000001776, 78.63776991220389334 ) ) ;
#788 = ORIENTED_EDGE ( 'NONE', *, *, #2279, .T. ) ;
#789 = CARTESIAN_POINT ( 'NONE',  ( 128.9999999999999716, 220.0000000000000000, 20.00000000000000355 ) ) ;
#790 = EDGE_CURVE ( 'NONE', #3901, #2810, #683, .T. ) ;
#791 = EDGE_CURVE ( 'NONE', #753, #3491, #1, .T. ) ;
#792 = CARTESIAN_POINT ( 'NONE',  ( 110.7070495323310837, 226.3007570671092026, 20.61863565516110341 ) ) ;
#793 = VERTEX_POINT ( 'NONE', #1042 ) ;
#794 = EDGE_CURVE ( 'NONE', #2395, #2487, #2129, .T. ) ;
#795 = CARTESIAN_POINT ( 'NONE',  ( 115.3669873538202069, 222.5273843056573639, 20.06748154379049609 ) ) ;
#796 = CARTESIAN_POINT ( 'NONE',  ( 122.2781383223562841, 0.06103555167018772515, 19.00000000000000355 ) ) ;
#797 = ORIENTED_EDGE ( 'NONE', *, *, #700, .F. ) ;
#798 = CARTESIAN_POINT ( 'NONE',  ( 129.9999999999999716, 225.0000000000000284, 19.00000000000000355 ) ) ;
#799 = DIRECTION ( 'NONE',  ( -1.000000000000000000, 0.000000000000000000, -0.000000000000000000 ) ) ;
#800 = CARTESIAN_POINT ( 'NONE',  ( 15.16398895547314041, 227.7396669437893024, 79.80168839936025904 ) ) ;
#801 = CARTESIAN_POINT ( 'NONE',  ( 10.00000000000000000, 0.9999999999999997780, 80.00000000000000000 ) ) ;
#802 = CARTESIAN_POINT ( 'NONE',  ( 5.929230630780090818E-18, 9.653313270972841309, 79.00000000000001421 ) ) ;
#803 = VERTEX_POINT ( 'NONE', #3887 ) ;
#804 = CARTESIAN_POINT ( 'NONE',  ( 0.6564865823336852868, 230.3034133597996345, 79.00000000000216005 ) ) ;
#805 = CARTESIAN_POINT ( 'NONE',  ( 113.9999999999999858, 1.000000000000000888, 19.00000000000000355 ) ) ;
#806 = CARTESIAN_POINT ( 'NONE',  ( 122.0000000000000000, 8.000000000000000000, 0.2999999999999951594 ) ) ;
#807 = CARTESIAN_POINT ( 'NONE',  ( 8.000000000000028422, 8.000000000000001776, 79.00000000000000000 ) ) ;
#808 = FACE_OUTER_BOUND ( 'NONE', #3906, .T. ) ;
#809 = CARTESIAN_POINT ( 'NONE',  ( 128.9999999999999716, 235.0500000000000398, 20.00000000000000355 ) ) ;
#810 = VERTEX_POINT ( 'NONE', #363 ) ;
#811 = DIRECTION ( 'NONE',  ( -1.000000000000000000, 0.000000000000000000, 0.000000000000000000 ) ) ;
#812 = ADVANCED_FACE ( 'NONE', ( #3589 ), #3214, .F. ) ;
#813 = VECTOR ( 'NONE', #2867, 1000.000000000000000 ) ;
#814 = CARTESIAN_POINT ( 'NONE',  ( 125.7893612509948582, 234.1530777178656137, 19.00000000000001066 ) ) ;
#815 = CARTESIAN_POINT ( 'NONE',  ( 122.0755916134172452, 0.04693516363670258845, 18.99999999999999645 ) ) ;
#816 = VECTOR ( 'NONE', #3751, 1000.000000000000000 ) ;
#817 = CARTESIAN_POINT ( 'NONE',  ( 130.0509999999999877, 142.2500000000000568, 59.60000000000000853 ) ) ;
#818 = ORIENTED_EDGE ( 'NONE', *, *, #2447, .T. ) ;
#819 = CARTESIAN_POINT ( 'NONE',  ( 12.00000000000000711, 220.0717967697245285, 76.00000000000000000 ) ) ;
#820 = EDGE_CURVE ( 'NONE', #3601, #4441, #1411, .T. ) ;
#821 = CARTESIAN_POINT ( 'NONE',  ( 121.6075336867417036, 0.02065779777734379555, 19.00000000000435918 ) ) ;
#822 = VERTEX_POINT ( 'NONE', #413 ) ;
#823 = LINE ( 'NONE', #2250, #2309 ) ;
#824 = DIRECTION ( 'NONE',  ( -1.175695275307813564E-32, 1.267377881992187638E-16, -1.000000000000000000 ) ) ;
#825 = CARTESIAN_POINT ( 'NONE',  ( 15.12856177855560347, 225.9058098584703203, 79.80881375004101130 ) ) ;
#826 = AXIS2_PLACEMENT_3D ( 'NONE', #3063, #4492, #1980 ) ;
#827 = CARTESIAN_POINT ( 'NONE',  ( 0.09153342022892338448, 7.234335552052039375, 79.00000000000000000 ) ) ;
#828 = ORIENTED_EDGE ( 'NONE', *, *, #913, .F. ) ;
#829 = CARTESIAN_POINT ( 'NONE',  ( 1.090729429207923928, 231.3016427189024853, 79.00000000000000000 ) ) ;
#830 = EDGE_LOOP ( 'NONE', ( #128, #2058, #521, #4346, #471, #4144, #587, #609, #3118, #880, #950, #3669, #3073, #3656, #859, #2183, #3860 ) ) ;
#831 = CARTESIAN_POINT ( 'NONE',  ( 14.33529834523205970, 12.92357717946381257, 79.97151778306906067 ) ) ;
#832 = FACE_OUTER_BOUND ( 'NONE', #2390, .T. ) ;
#833 = DIRECTION ( 'NONE',  ( 9.276596128218219855E-17, -1.000000000000000000, -0.000000000000000000 ) ) ;
#834 = CARTESIAN_POINT ( 'NONE',  ( 7.911509384127591638, 0.04777348832850656507, 79.00000000000000000 ) ) ;
#835 = ORIENTED_EDGE ( 'NONE', *, *, #2805, .T. ) ;
#836 = DIRECTION ( 'NONE',  ( 0.000000000000000000, -1.000000000000000000, 0.000000000000000000 ) ) ;
#837 =( BOUNDED_SURFACE ( )  B_SPLINE_SURFACE ( 3, 2, ( 
 ( #1176, #1197, #1447 ),
 ( #1842, #1912, #1149 ),
 ( #3637, #1495, #2578 ),
 ( #4002, #795, #2218 ) ),
 .UNSPECIFIED., .F., .F., .T. ) 
 B_SPLINE_SURFACE_WITH_KNOTS ( ( 4, 4 ),
 ( 3, 3 ),
 ( 0.000000000000000000, 0.001037269140444028320 ),
 ( 0.000000000000000000, 1.000000000000000000 ),
 .UNSPECIFIED. ) 
 GEOMETRIC_REPRESENTATION_ITEM ( )  RATIONAL_B_SPLINE_SURFACE ( (
 ( 1.000000000000000000, 0.7071067811865475727, 1.000000000000000000),
 ( 1.000000000000000000, 0.7015597481990275552, 1.000000000000000000),
 ( 1.000000000000000000, 0.6956858913178061155, 1.000000000000000000),
 ( 1.000000000000000000, 0.6898329442492807662, 1.000000000000000000) ) ) 
 REPRESENTATION_ITEM ( '' )  SURFACE ( )  );
#838 = FACE_OUTER_BOUND ( 'NONE', #4449, .T. ) ;
#839 = FACE_OUTER_BOUND ( 'NONE', #2927, .T. ) ;
#840 = ORIENTED_EDGE ( 'NONE', *, *, #3542, .T. ) ;
#841 = CARTESIAN_POINT ( 'NONE',  ( 111.5965712999123269, 0.9999999999999991118, 21.47148695923733897 ) ) ;
#842 = EDGE_CURVE ( 'NONE', #502, #529, #1193, .T. ) ;
#843 =( BOUNDED_CURVE ( )  B_SPLINE_CURVE ( 3, ( #4290, #2441, #3493, #2414 ),
 .UNSPECIFIED., .F., .T. ) 
 B_SPLINE_CURVE_WITH_KNOTS ( ( 4, 4 ),
 ( 1.570796326794896558, 2.094395102393193486 ),
 .UNSPECIFIED. ) 
 CURVE ( )  GEOMETRIC_REPRESENTATION_ITEM ( )  RATIONAL_B_SPLINE_CURVE ( ( 1.000000000000000000, 0.9772838841927123932, 0.9772838841927123932, 1.000000000000000000 ) ) 
 REPRESENTATION_ITEM ( '' )  );
#844 = LINE ( 'NONE', #458, #4602 ) ;
#845 = ORIENTED_EDGE ( 'NONE', *, *, #4374, .T. ) ;
#846 = CARTESIAN_POINT ( 'NONE',  ( 122.5042570902782018, 233.9291409957079679, 20.00000000000000711 ) ) ;
#847 = DIRECTION ( 'NONE',  ( 0.8528513040762653041, -1.775353414438238489E-17, -0.5221538596385300046 ) ) ;
#848 = EDGE_CURVE ( 'NONE', #742, #1036, #3865, .T. ) ;
#849 = EDGE_CURVE ( 'NONE', #4120, #550, #661, .T. ) ;
#850 = VECTOR ( 'NONE', #3313, 1000.000000000000000 ) ;
#851 = CIRCLE ( 'NONE', #3621, 2.400000000000013234 ) ;
#852 = CARTESIAN_POINT ( 'NONE',  ( 8.000000000000015987, 117.5000000000000142, 80.00000000000000000 ) ) ;
#853 = EDGE_LOOP ( 'NONE', ( #730, #676, #3236, #218 ) ) ;
#854 = CARTESIAN_POINT ( 'NONE',  ( 0.08657113662503419793, 227.6135005926184931, 80.00000000000001421 ) ) ;
#855 = CARTESIAN_POINT ( 'NONE',  ( 11.85530774731715020, 124.3442344975866689, 79.53616421346738719 ) ) ;
#856 = AXIS2_PLACEMENT_3D ( 'NONE', #1091, #1133, #1829 ) ;
#857 = CARTESIAN_POINT ( 'NONE',  ( 126.1249547364747770, 233.9915973721891760, 19.00000000000000355 ) ) ;
#858 = CARTESIAN_POINT ( 'NONE',  ( 130.0000000000000000, 16.00000000000001421, 19.58578643762690774 ) ) ;
#859 = ORIENTED_EDGE ( 'NONE', *, *, #1444, .F. ) ;
#860 = AXIS2_PLACEMENT_3D ( 'NONE', #1166, #3297, #104 ) ;
#861 = CIRCLE ( 'NONE', #3477, 10.99999999999999645 ) ;
#862 = DIRECTION ( 'NONE',  ( -0.4999999999999981681, 0.000000000000000000, -0.8660254037844395958 ) ) ;
#863 = DIRECTION ( 'NONE',  ( 0.000000000000000000, 0.000000000000000000, -1.000000000000000000 ) ) ;
#864 = B_SPLINE_CURVE_WITH_KNOTS ( 'NONE', 3,
 ( #2603, #1470, #4025, #2928 ),
 .UNSPECIFIED., .F., .F.,
 ( 4, 4 ),
 ( 1.734723475976807094E-18, 0.001185406041651769450 ),
 .UNSPECIFIED. ) ;
#865 = APPLICATION_CONTEXT ( 'automotive_design' ) ;
#866 = AXIS2_PLACEMENT_3D ( 'NONE', #4490, #1213, #1582 ) ;
#867 = CARTESIAN_POINT ( 'NONE',  ( 121.3490210122636341, -2.545599585546058062E-15, 18.99999999999999645 ) ) ;
#868 = CARTESIAN_POINT ( 'NONE',  ( 15.24885138419478459, 223.5648173412567701, 78.92847266016275398 ) ) ;
#869 = EDGE_LOOP ( 'NONE', ( #2439, #1697, #626, #1228 ) ) ;
#870 = B_SPLINE_CURVE_WITH_KNOTS ( 'NONE', 3,
 ( #3161, #4596, #1402, #2821 ),
 .UNSPECIFIED., .F., .F.,
 ( 4, 4 ),
 ( 0.000000000000000000, 0.0002690523638760497732 ),
 .UNSPECIFIED. ) ;
#871 = DIRECTION ( 'NONE',  ( 0.000000000000000000, 0.000000000000000000, -1.000000000000000000 ) ) ;
#872 = CARTESIAN_POINT ( 'NONE',  ( 122.2016024664989828, 1.058114959929395971, 20.00000000000000355 ) ) ;
#873 = VERTEX_POINT ( 'NONE', #2866 ) ;
#874 = CARTESIAN_POINT ( 'NONE',  ( 112.3943380101486866, 225.4453186773895368, 19.70701914753279382 ) ) ;
#875 = DIRECTION ( 'NONE',  ( 0.000000000000000000, 1.000000000000000000, 1.267377881992187638E-16 ) ) ;
#876 = EDGE_CURVE ( 'NONE', #3814, #1826, #2534, .T. ) ;
#877 = FACE_BOUND ( 'NONE', #1374, .T. ) ;
#878 = ORIENTED_EDGE ( 'NONE', *, *, #1110, .T. ) ;
#879 = CARTESIAN_POINT ( 'NONE',  ( 1.583665317173426956, 232.0867719093799622, 80.00000000000001421 ) ) ;
#880 = ORIENTED_EDGE ( 'NONE', *, *, #31, .T. ) ;
#881 = EDGE_CURVE ( 'NONE', #4538, #793, #1118, .T. ) ;
#882 = CARTESIAN_POINT ( 'NONE',  ( 6.375946870113875953, 0.2217039692793318362, 80.00000000000001421 ) ) ;
#883 = DIRECTION ( 'NONE',  ( 0.000000000000000000, 0.000000000000000000, -1.000000000000000000 ) ) ;
#884 = CARTESIAN_POINT ( 'NONE',  ( 126.8710439872616433, 232.3208773416305064, 20.00000000000000355 ) ) ;
#885 = CARTESIAN_POINT ( 'NONE',  ( 11.85530774731715020, 110.6557655024133879, 79.53616421346738719 ) ) ;
#886 = ORIENTED_EDGE ( 'NONE', *, *, #2569, .T. ) ;
#887 = DIRECTION ( 'NONE',  ( -0.000000000000000000, -0.000000000000000000, -1.000000000000000000 ) ) ;
#888 = EDGE_CURVE ( 'NONE', #1312, #3450, #1782, .T. ) ;
#889 = FACE_OUTER_BOUND ( 'NONE', #3095, .T. ) ;
#890 = CARTESIAN_POINT ( 'NONE',  ( 129.8218078651503333, 228.4627376714887816, 19.00000000000000355 ) ) ;
#891 = CARTESIAN_POINT ( 'NONE',  ( 129.6696137869651579, 5.855820873173049890, 0.000000000000000000 ) ) ;
#892 = CARTESIAN_POINT ( 'NONE',  ( 114.9386009311835437, 10.15629413442698237, 20.17633599836774749 ) ) ;
#893 = VECTOR ( 'NONE', #847, 999.9999999999998863 ) ;
#894 = ORIENTED_EDGE ( 'NONE', *, *, #2216, .T. ) ;
#895 = VECTOR ( 'NONE', #898, 1000.000000000000000 ) ;
#896 = LINE ( 'NONE', #2290, #3252 ) ;
#897 = VERTEX_POINT ( 'NONE', #3332 ) ;
#898 = DIRECTION ( 'NONE',  ( 9.505334114941407284E-17, -1.000000000000000000, -1.267377881992187638E-16 ) ) ;
#899 = DIRECTION ( 'NONE',  ( -1.000000000000000000, 0.000000000000000000, 0.000000000000000000 ) ) ;
#900 = ORIENTED_EDGE ( 'NONE', *, *, #4193, .F. ) ;
#901 = CARTESIAN_POINT ( 'NONE',  ( 1.269473728164661530, 231.6236936167402689, 79.00000000000000000 ) ) ;
#902 = CARTESIAN_POINT ( 'NONE',  ( 12.00000000000000888, 220.0717967697245001, 79.07185100854792381 ) ) ;
#903 = CARTESIAN_POINT ( 'NONE',  ( 7.386499407386437177, 0.08657113662593009240, 80.00000000000001421 ) ) ;
#904 = FACE_OUTER_BOUND ( 'NONE', #1776, .T. ) ;
#905 = CIRCLE ( 'NONE', #1129, 2.099999999999990763 ) ;
#906 = EDGE_CURVE ( 'NONE', #2519, #4429, #266, .T. ) ;
#907 = CARTESIAN_POINT ( 'NONE',  ( 127.3080985853992928, 231.8738445855773307, 19.99999999999998224 ) ) ;
#908 = CARTESIAN_POINT ( 'NONE',  ( 111.6347105056246818, 9.095576461325496354, 21.42518018809130709 ) ) ;
#909 = ORIENTED_EDGE ( 'NONE', *, *, #3217, .F. ) ;
#910 = CARTESIAN_POINT ( 'NONE',  ( 8.000000000000015987, 125.5000000000000284, 80.00000000000000000 ) ) ;
#911 = LINE ( 'NONE', #539, #943 ) ;
#912 = DIRECTION ( 'NONE',  ( -1.000000000000000000, -0.000000000000000000, -0.000000000000000000 ) ) ;
#913 = EDGE_CURVE ( 'NONE', #4400, #110, #2978, .T. ) ;
#914 = EDGE_CURVE ( 'NONE', #822, #4464, #4285, .T. ) ;
#915 = CARTESIAN_POINT ( 'NONE',  ( 9.306811390228050485, 234.9978389366477813, 78.99999999999998579 ) ) ;
#916 = DIRECTION ( 'NONE',  ( 0.000000000000000000, 0.000000000000000000, -1.000000000000000000 ) ) ;
#917 = ORIENTED_EDGE ( 'NONE', *, *, #1191, .T. ) ;
#918 = FACE_OUTER_BOUND ( 'NONE', #2482, .T. ) ;
#919 = ORIENTED_EDGE ( 'NONE', *, *, #4489, .F. ) ;
#920 = DIRECTION ( 'NONE',  ( -1.000000000000000000, -0.000000000000000000, -0.000000000000000000 ) ) ;
#921 = LINE ( 'NONE', #3426, #2270 ) ;
#922 = EDGE_LOOP ( 'NONE', ( #4546, #3227, #2886 ) ) ;
#923 = DIRECTION ( 'NONE',  ( -1.000000000000000000, 0.000000000000000000, 0.000000000000000000 ) ) ;
#924 = DIRECTION ( 'NONE',  ( 0.000000000000000000, -1.000000000000000000, 0.000000000000000000 ) ) ;
#925 = DIRECTION ( 'NONE',  ( 0.000000000000000000, 0.000000000000000000, 1.000000000000000000 ) ) ;
#926 = AXIS2_PLACEMENT_3D ( 'NONE', #2235, #1880, #3691 ) ;
#927 = CARTESIAN_POINT ( 'NONE',  ( 128.7321104340125260, 231.6213419728440499, 19.00000000000000355 ) ) ;
#928 = CARTESIAN_POINT ( 'NONE',  ( 115.6203119507640196, 10.95491190432059803, 20.06559329202105246 ) ) ;
#929 = VERTEX_POINT ( 'NONE', #798 ) ;
#930 = CARTESIAN_POINT ( 'NONE',  ( 111.5633594208653392, 225.9284683840743071, 20.09036739742155575 ) ) ;
#931 = CARTESIAN_POINT ( 'NONE',  ( 124.1441791268268986, 234.6696137869651579, 0.000000000000000000 ) ) ;
#932 = AXIS2_PLACEMENT_3D ( 'NONE', #2358, #3809, #4491 ) ;
#933 = EDGE_CURVE ( 'NONE', #3134, #897, #2222, .T. ) ;
#934 = CARTESIAN_POINT ( 'NONE',  ( 129.9999999999999716, 225.0000000000000284, 19.00000000000000355 ) ) ;
#935 = CARTESIAN_POINT ( 'NONE',  ( 0.01515632682249870057, 226.3906651350743857, 79.00000000000000000 ) ) ;
#936 = AXIS2_PLACEMENT_3D ( 'NONE', #2818, #2059, #4455 ) ;
#937 = CARTESIAN_POINT ( 'NONE',  ( 129.8789551017901545, 6.790904114501456590, 18.99999999999999645 ) ) ;
#938 = DIRECTION ( 'NONE',  ( 0.000000000000000000, 0.000000000000000000, -1.000000000000000000 ) ) ;
#939 = ORIENTED_EDGE ( 'NONE', *, *, #2247, .T. ) ;
#940 = VERTEX_POINT ( 'NONE', #1871 ) ;
#941 = ADVANCED_FACE ( 'NONE', ( #4388 ), #2607, .F. ) ;
#942 = CYLINDRICAL_SURFACE ( 'NONE', #4142, 2.099999999999990763 ) ;
#943 = VECTOR ( 'NONE', #3438, 1000.000000000000000 ) ;
#944 = EDGE_LOOP ( 'NONE', ( #3051, #4011, #1860 ) ) ;
#945 = CARTESIAN_POINT ( 'NONE',  ( 8.000000000000015987, 125.5000000000000284, 19.99999999999985079 ) ) ;
#946 = CARTESIAN_POINT ( 'NONE',  ( 1.971748860884767307, 4.174360276084708943, 80.00000000000000000 ) ) ;
#947 = CARTESIAN_POINT ( 'NONE',  ( 16.02217885222527727, 7.987843809570896347, 78.81050717170467124 ) ) ;
#948 = EDGE_CURVE ( 'NONE', #1679, #484, #823, .T. ) ;
#949 = LINE ( 'NONE', #549, #4447 ) ;
#950 = ORIENTED_EDGE ( 'NONE', *, *, #3031, .T. ) ;
#951 = DIRECTION ( 'NONE',  ( 0.000000000000000000, -0.000000000000000000, -1.000000000000000000 ) ) ;
#952 = CARTESIAN_POINT ( 'NONE',  ( 15.16398895547317061, 7.260333056210657610, 79.80168839936027325 ) ) ;
#953 = CARTESIAN_POINT ( 'NONE',  ( 3.698357281105451033, 1.090729429195567812, 79.00000000000000000 ) ) ;
#954 = DIRECTION ( 'NONE',  ( 0.5221538596385242315, 0.000000000000000000, 0.8528513040762689679 ) ) ;
#955 = CARTESIAN_POINT ( 'NONE',  ( 127.2386997769231414, 233.3136476293817054, 20.00000000000002842 ) ) ;
#956 = CARTESIAN_POINT ( 'NONE',  ( 122.0000000000000000, 8.000000000000000000, 20.00000000000000355 ) ) ;
#957 = ORIENTED_EDGE ( 'NONE', *, *, #2278, .F. ) ;
#958 = DIRECTION ( 'NONE',  ( -0.000000000000000000, -0.000000000000000000, -1.000000000000000000 ) ) ;
#959 = CARTESIAN_POINT ( 'NONE',  ( 129.9087232996519390, 7.235208260622190579, 19.00000000000000000 ) ) ;
#960 = CARTESIAN_POINT ( 'NONE',  ( 129.1487048599917671, 230.7993534457390012, 19.00000000000001066 ) ) ;
#961 = DIRECTION ( 'NONE',  ( -1.000000000000000000, -0.000000000000000000, -0.000000000000000000 ) ) ;
#962 = CARTESIAN_POINT ( 'NONE',  ( 129.1509180168873172, 3.538916910125113890, 18.99999999999999645 ) ) ;
#963 = PLANE ( 'NONE',  #3675 ) ;
#964 = ORIENTED_EDGE ( 'NONE', *, *, #1987, .F. ) ;
#965 =( BOUNDED_CURVE ( )  B_SPLINE_CURVE ( 3, ( #819, #1105, #408, #500 ),
 .UNSPECIFIED., .F., .T. ) 
 B_SPLINE_CURVE_WITH_KNOTS ( ( 4, 4 ),
 ( 4.188790204786390525, 4.712388980384689674 ),
 .UNSPECIFIED. ) 
 CURVE ( )  GEOMETRIC_REPRESENTATION_ITEM ( )  RATIONAL_B_SPLINE_CURVE ( ( 1.000000000000000000, 0.9772838841927120601, 0.9772838841927120601, 1.000000000000000000 ) ) 
 REPRESENTATION_ITEM ( '' )  );
#966 = CIRCLE ( 'NONE', #2005, 9.000000000000007105 ) ;
#967 = ORIENTED_EDGE ( 'NONE', *, *, #696, .T. ) ;
#968 = CARTESIAN_POINT ( 'NONE',  ( 6.873132706594414998, 233.8586162614985255, 79.99999999999998579 ) ) ;
#969 = AXIS2_PLACEMENT_3D ( 'NONE', #1430, #3167, #1452 ) ;
#970 = EDGE_CURVE ( 'NONE', #3414, #2395, #3607, .T. ) ;
#971 = CARTESIAN_POINT ( 'NONE',  ( 121.9999999999999716, 219.0000000000000284, 19.00000000000000355 ) ) ;
#972 = ORIENTED_EDGE ( 'NONE', *, *, #3630, .F. ) ;
#973 = PLANE ( 'NONE',  #3948 ) ;
#974 = CARTESIAN_POINT ( 'NONE',  ( 8.000000000000021316, 62.75000000000000000, 50.00000000000000000 ) ) ;
#975 = CARTESIAN_POINT ( 'NONE',  ( 8.000000000000015987, 125.5000000000000284, 69.07179676972434379 ) ) ;
#976 = CARTESIAN_POINT ( 'NONE',  ( 1.020161340400008498, 8.432339567204275355, 80.00000000000000000 ) ) ;
#977 = DIRECTION ( 'NONE',  ( -0.000000000000000000, -0.000000000000000000, -1.000000000000000000 ) ) ;
#978 = CARTESIAN_POINT ( 'NONE',  ( 116.2376864133164105, 11.88888888888889817, 20.01685878190617629 ) ) ;
#979 = ORIENTED_EDGE ( 'NONE', *, *, #1764, .F. ) ;
#980 = FACE_OUTER_BOUND ( 'NONE', #275, .T. ) ;
#981 = CARTESIAN_POINT ( 'NONE',  ( 128.6693721175084590, 231.7217360354513858, 19.00000000000000355 ) ) ;
#982 = CARTESIAN_POINT ( 'NONE',  ( 107.0333704529042222, 8.000000000000001776, 0.000000000000000000 ) ) ;
#983 = DIRECTION ( 'NONE',  ( 0.000000000000000000, 0.000000000000000000, -1.000000000000000000 ) ) ;
#984 = CARTESIAN_POINT ( 'NONE',  ( 15.93535143122089259, 225.8228428426615437, 78.82601107373875493 ) ) ;
#985 = CIRCLE ( 'NONE', #3596, 1.000000000000000888 ) ;
#986 = CARTESIAN_POINT ( 'NONE',  ( 0.04777348832850315807, 227.0884906158722742, 0.000000000000000000 ) ) ;
#987 = VERTEX_POINT ( 'NONE', #2062 ) ;
#988 = ORIENTED_EDGE ( 'NONE', *, *, #310, .F. ) ;
#989 = CARTESIAN_POINT ( 'NONE',  ( 5.947333938129822251, 233.6696178945275335, 80.00000000000000000 ) ) ;
#990 = CARTESIAN_POINT ( 'NONE',  ( 1.084370089411607507, 3.710801099892550248, 80.00000000000000000 ) ) ;
#991 =( BOUNDED_SURFACE ( )  B_SPLINE_SURFACE ( 3, 2, ( 
 ( #1999, #4539, #232 ),
 ( #2762, #2788, #1716 ),
 ( #930, #3080, #302 ),
 ( #325, #3483, #2379 ),
 ( #3060, #276, #4488 ),
 ( #669, #647, #2023 ),
 ( #3437, #1281, #2095 ),
 ( #2811, #1691, #3528 ),
 ( #4232, #1028, #3806 ),
 ( #1651, #4587, #1304 ),
 ( #2738, #4179, #2715 ),
 ( #2072, #3151, #4133 ) ),
 .UNSPECIFIED., .F., .F., .T. ) 
 B_SPLINE_SURFACE_WITH_KNOTS ( ( 4, 2, 2, 2, 2, 4 ),
 ( 3, 3 ),
 ( 0.000000000000000000, 0.001718575759011527204, 0.002577863638517290806, 0.003437151518023054408, 0.005155727277034581613, 0.006874303036046108817 ),
 ( 0.000000000000000000, 1.000000000000000000 ),
 .UNSPECIFIED. ) 
 GEOMETRIC_REPRESENTATION_ITEM ( )  RATIONAL_B_SPLINE_SURFACE ( (
 ( 1.000000000000000000, 0.6356797263403812792, 1.000000000000000000),
 ( 1.000000000000000000, 0.6330651330491843254, 1.000000000000000000),
 ( 1.000000000000000000, 0.6326384632222291637, 1.000000000000000000),
 ( 1.000000000000000000, 0.6351779880867586270, 1.000000000000000000),
 ( 1.000000000000000000, 0.6365515978847668954, 1.000000000000000000),
 ( 1.000000000000000000, 0.6402810815361956731, 1.000000000000000000),
 ( 1.000000000000000000, 0.6426511697708068294, 1.000000000000000000),
 ( 1.000000000000000000, 0.6508657646508783090, 1.000000000000000000),
 ( 1.000000000000000000, 0.6578319381388630926, 1.000000000000000000),
 ( 1.000000000000000000, 0.6731888963636969425, 1.000000000000000000),
 ( 1.000000000000000000, 0.6816197593559092383, 1.000000000000000000),
 ( 1.000000000000000000, 0.6898329442492766583, 1.000000000000000000) ) ) 
 REPRESENTATION_ITEM ( '' )  SURFACE ( )  );
#992 = EDGE_CURVE ( 'NONE', #3616, #4149, #1960, .T. ) ;
#993 = DIRECTION ( 'NONE',  ( 0.000000000000000000, -1.000000000000000000, 0.000000000000000000 ) ) ;
#994 = CARTESIAN_POINT ( 'NONE',  ( 129.9433962167510117, 7.732534480924372566, 20.00000000000000355 ) ) ;
#995 = ORIENTED_EDGE ( 'NONE', *, *, #2305, .T. ) ;
#996 = DIRECTION ( 'NONE',  ( 0.000000000000000000, 0.000000000000000000, 1.000000000000000000 ) ) ;
#997 = DIRECTION ( 'NONE',  ( 0.7071067811865716646, 8.659560562355227448E-17, -0.7071067811865234809 ) ) ;
#998 = EDGE_CURVE ( 'NONE', #4149, #410, #2944, .T. ) ;
#999 = EDGE_CURVE ( 'NONE', #238, #34, #1703, .T. ) ;
#1000 = CARTESIAN_POINT ( 'NONE',  ( 129.9981606423165772, 225.6391971568533847, 19.99999999999340616 ) ) ;
#1001 = CARTESIAN_POINT ( 'NONE',  ( 115.9442627674698088, 11.40581695940783113, 20.03391854003147188 ) ) ;
#1002 = ORIENTED_EDGE ( 'NONE', *, *, #948, .T. ) ;
#1003 = DIRECTION ( 'NONE',  ( -0.000000000000000000, -0.000000000000000000, 1.000000000000000000 ) ) ;
#1004 = EDGE_CURVE ( 'NONE', #2209, #3337, #570, .T. ) ;
#1005 = VECTOR ( 'NONE', #355, 1000.000000000000000 ) ;
#1006 = CARTESIAN_POINT ( 'NONE',  ( 0.09270574141912080179, 227.7787627899353424, 79.00000000000001421 ) ) ;
#1007 = CARTESIAN_POINT ( 'NONE',  ( 8.000000000000015987, 117.5000000000000142, 0.000000000000000000 ) ) ;
#1008 = CARTESIAN_POINT ( 'NONE',  ( 8.000000000000017764, 109.5000000000000142, 69.07179676972440063 ) ) ;
#1009 = EDGE_LOOP ( 'NONE', ( #4125, #2292, #324, #3436 ) ) ;
#1010 = VECTOR ( 'NONE', #767, 1000.000000000000000 ) ;
#1011 = DIRECTION ( 'NONE',  ( -1.000000000000000000, 0.000000000000000000, -0.000000000000000000 ) ) ;
#1012 = VERTEX_POINT ( 'NONE', #2317 ) ;
#1013 = AXIS2_PLACEMENT_3D ( 'NONE', #3400, #672, #2099 ) ;
#1014 = ORIENTED_EDGE ( 'NONE', *, *, #3200, .T. ) ;
#1015 = AXIS2_PLACEMENT_3D ( 'NONE', #1071, #3597, #2522 ) ;
#1016 = AXIS2_PLACEMENT_3D ( 'NONE', #1007, #3225, #2876 ) ;
#1017 = CARTESIAN_POINT ( 'NONE',  ( 108.8880430564642126, 8.067731322438286057, 23.12976955723974015 ) ) ;
#1018 = DIRECTION ( 'NONE',  ( 0.000000000000000000, 0.000000000000000000, -1.000000000000000000 ) ) ;
#1019 = EDGE_CURVE ( 'NONE', #1199, #3134, #3511, .T. ) ;
#1020 = CARTESIAN_POINT ( 'NONE',  ( 128.7279819624157540, 3.388240407645659147, 19.00000000000000355 ) ) ;
#1021 = EDGE_LOOP ( 'NONE', ( #3396, #1179, #3157, #2587 ) ) ;
#1022 = FACE_OUTER_BOUND ( 'NONE', #4005, .T. ) ;
#1023 = CARTESIAN_POINT ( 'NONE',  ( 15.79616312444918513, 227.3609289431867921, 79.42083528128836178 ) ) ;
#1024 = FACE_OUTER_BOUND ( 'NONE', #301, .T. ) ;
#1025 = CARTESIAN_POINT ( 'NONE',  ( 129.9508994817678058, 227.1117364476227749, 20.00000000000000711 ) ) ;
#1026 = CARTESIAN_POINT ( 'NONE',  ( 129.8807840223594212, 228.1945205853159848, 19.00000000000000355 ) ) ;
#1027 = EDGE_LOOP ( 'NONE', ( #646, #3025, #2147, #3712 ) ) ;
#1028 = CARTESIAN_POINT ( 'NONE',  ( 114.1259096015122054, 224.0681348110480542, 20.33074836737884894 ) ) ;
#1029 = FACE_OUTER_BOUND ( 'NONE', #1459, .T. ) ;
#1030 =( NAMED_UNIT ( * ) PLANE_ANGLE_UNIT ( ) SI_UNIT ( $, .RADIAN. ) );
#1031 = EDGE_CURVE ( 'NONE', #1195, #2595, #2700, .T. ) ;
#1032 = FACE_OUTER_BOUND ( 'NONE', #4329, .T. ) ;
#1033 = ORIENTED_EDGE ( 'NONE', *, *, #37, .T. ) ;
#1034 = DIRECTION ( 'NONE',  ( -0.000000000000000000, -0.000000000000000000, -1.000000000000000000 ) ) ;
#1035 = EDGE_LOOP ( 'NONE', ( #3130, #4157, #44, #585 ) ) ;
#1036 = VERTEX_POINT ( 'NONE', #2341 ) ;
#1037 = DIRECTION ( 'NONE',  ( -0.6723096795126193292, -0.7402700148146210690, 1.166271384176983255E-15 ) ) ;
#1038 = CARTESIAN_POINT ( 'NONE',  ( 123.1945205852399710, 0.1192159775135174793, 0.000000000000000000 ) ) ;
#1039 = CARTESIAN_POINT ( 'NONE',  ( 126.2991330722066152, 1.089624520006892139, 20.00000000000000355 ) ) ;
#1041 = ORIENTED_EDGE ( 'NONE', *, *, #4402, .F. ) ;
#1040 = CARTESIAN_POINT ( 'NONE',  ( 112.8199860824168752, 9.828096845270030357, 19.53479211579945840 ) ) ;
#1042 = CARTESIAN_POINT ( 'NONE',  ( 8.000000000000021316, 172.2500000000000000, 40.39999999999999858 ) ) ;
#1043 = DIRECTION ( 'NONE',  ( -1.000000000000000000, 0.000000000000000000, 0.000000000000000000 ) ) ;
#1044 = CARTESIAN_POINT ( 'NONE',  ( 13.18189010370237924, 222.2938322434117424, 80.00000000000000000 ) ) ;
#1045 = AXIS2_PLACEMENT_3D ( 'NONE', #3288, #4030, #2251 ) ;
#1046 = CARTESIAN_POINT ( 'NONE',  ( 128.9581449719702277, 226.9669099335091289, 20.00000000000000355 ) ) ;
#1047 = CARTESIAN_POINT ( 'NONE',  ( 1.141383738505692858, 6.873132706588987340, 80.00000000000000000 ) ) ;
#1048 = VERTEX_POINT ( 'NONE', #3068 ) ;
#1049 = CARTESIAN_POINT ( 'NONE',  ( 7.898628587847928095, 234.9523728845504422, 79.99999999999997158 ) ) ;
#1050 = EDGE_CURVE ( 'NONE', #1568, #4415, #4147, .T. ) ;
#1051 = CARTESIAN_POINT ( 'NONE',  ( 8.000000000000015987, 125.5000000000000284, 69.07179676972434379 ) ) ;
#1052 = DIRECTION ( 'NONE',  ( 0.000000000000000000, 0.000000000000000000, -1.000000000000000000 ) ) ;
#1053 = CARTESIAN_POINT ( 'NONE',  ( 16.00002264439802602, 7.989130101870177469, 78.72679289844141692 ) ) ;
#1054 = VERTEX_POINT ( 'NONE', #3088 ) ;
#1055 = CARTESIAN_POINT ( 'NONE',  ( 13.18189010370237391, 2.204363725016921460, 80.00000000000000000 ) ) ;
#1056 = ADVANCED_FACE ( 'NONE', ( #4215 ), #3138, .T. ) ;
#1057 = AXIS2_PLACEMENT_3D ( 'NONE', #4235, #2456, #4568 ) ;
#1058 = DIRECTION ( 'NONE',  ( -1.000000000000000000, -1.298723457950550903E-16, 0.000000000000000000 ) ) ;
#1059 = VERTEX_POINT ( 'NONE', #3882 ) ;
#1060 = CARTESIAN_POINT ( 'NONE',  ( 8.000000000000015987, 117.5000000000000142, 0.000000000000000000 ) ) ;
#1061 = CARTESIAN_POINT ( 'NONE',  ( 130.0000000000000000, 8.642152111707936513, 0.000000000000000000 ) ) ;
#1062 = CARTESIAN_POINT ( 'NONE',  ( 129.9147285327168504, 7.400685054442352140, 19.00000000000000355 ) ) ;
#1063 = ORIENTED_EDGE ( 'NONE', *, *, #4289, .T. ) ;
#1064 = CARTESIAN_POINT ( 'NONE',  ( 121.5750016343436215, 1.020375597323114558, 20.00000000000000711 ) ) ;
#1065 = CARTESIAN_POINT ( 'NONE',  ( 18.40342870008768017, 235.0500000000000398, 78.52851304076266103 ) ) ;
#1066 = FACE_OUTER_BOUND ( 'NONE', #1009, .T. ) ;
#1067 = CARTESIAN_POINT ( 'NONE',  ( 130.0000000000000000, 225.0000000000000284, 19.00000000000000355 ) ) ;
#1068 = ORIENTED_EDGE ( 'NONE', *, *, #3345, .F. ) ;
#1069 = CARTESIAN_POINT ( 'NONE',  ( 6.394888169284008050, 234.7816095761178872, 79.99999999999562306 ) ) ;
#1070 = CARTESIAN_POINT ( 'NONE',  ( 125.4777364247703417, 0.7209875552039755053, 19.00000000000000711 ) ) ;
#1071 = CARTESIAN_POINT ( 'NONE',  ( 11.99999999999998046, 227.0000000000000284, 26.92820323027551410 ) ) ;
#1072 = DIRECTION ( 'NONE',  ( 1.807003620809174385E-16, -1.000000000000000000, 0.000000000000000000 ) ) ;
#1073 = ORIENTED_EDGE ( 'NONE', *, *, #3479, .T. ) ;
#1074 = CARTESIAN_POINT ( 'NONE',  ( 129.9999999999999716, 219.0000000000000000, 19.00000000000000355 ) ) ;
#1075 = ADVANCED_FACE ( 'NONE', ( #2143 ), #2483, .T. ) ;
#1076 = CIRCLE ( 'NONE', #2186, 9.600000000000004974 ) ;
#1077 = CIRCLE ( 'NONE', #1667, 9.999999999999994671 ) ;
#1078 = CARTESIAN_POINT ( 'NONE',  ( 107.5555243125427296, 228.0000000000000284, 23.94559735966771896 ) ) ;
#1079 = ADVANCED_FACE ( 'NONE', ( #18 ), #630, .T. ) ;
#1080 = ORIENTED_EDGE ( 'NONE', *, *, #339, .F. ) ;
#1081 = CARTESIAN_POINT ( 'NONE',  ( 129.0000000000000000, 9.999999999999998224, 19.00000000000000355 ) ) ;
#1082 = CIRCLE ( 'NONE', #631, 1.000000000000001110 ) ;
#1083 = VECTOR ( 'NONE', #3228, 1000.000000000000000 ) ;
#1084 = DIRECTION ( 'NONE',  ( -1.000000000000000000, -0.000000000000000000, -0.000000000000000000 ) ) ;
#1085 = AXIS2_PLACEMENT_3D ( 'NONE', #4303, #1096, #1187 ) ;
#1086 = ADVANCED_FACE ( 'NONE', ( #657 ), #719, .T. ) ;
#1087 = CARTESIAN_POINT ( 'NONE',  ( 126.5029562263245140, 2.396149660233855450, 20.00000000000000355 ) ) ;
#1088 = ORIENTED_EDGE ( 'NONE', *, *, #726, .T. ) ;
#1089 = LINE ( 'NONE', #3265, #2615 ) ;
#1090 = CARTESIAN_POINT ( 'NONE',  ( 16.00000000000000711, 227.0000000000000284, 78.54741227579373231 ) ) ;
#1091 = CARTESIAN_POINT ( 'NONE',  ( 1.000000000000000000, 10.00000000000012079, 79.00000000000000000 ) ) ;
#1092 = CARTESIAN_POINT ( 'NONE',  ( 130.0509999999999877, 172.2500000000000000, 40.39999999999999858 ) ) ;
#1093 = CARTESIAN_POINT ( 'NONE',  ( 123.2090958866616717, 234.8789551015535437, 19.00000000000000355 ) ) ;
#1094 = ORIENTED_EDGE ( 'NONE', *, *, #310, .T. ) ;
#1095 = FACE_OUTER_BOUND ( 'NONE', #459, .T. ) ;
#1096 = DIRECTION ( 'NONE',  ( 0.000000000000000000, 0.000000000000000000, -1.000000000000000000 ) ) ;
#1097 = DIRECTION ( 'NONE',  ( -0.7071067811865695552, 0.000000000000000000, -0.7071067811865254793 ) ) ;
#1098 = CARTESIAN_POINT ( 'NONE',  ( 120.6275948499219623, 233.9981735410413251, 20.00000000000000355 ) ) ;
#1099 = CARTESIAN_POINT ( 'NONE',  ( 3.252606517456513302E-18, 8.650978987742421467, 0.000000000000000000 ) ) ;
#1100 = ORIENTED_EDGE ( 'NONE', *, *, #1872, .F. ) ;
#1101 = CARTESIAN_POINT ( 'NONE',  ( 129.5857864376268935, 219.4142135623730780, 20.00000000000000355 ) ) ;
#1102 = B_SPLINE_CURVE_WITH_KNOTS ( 'NONE', 3,
 ( #2754, #594, #3451, #2847, #1064, #2108, #3521, #748, #2171, #1827, #724, #389, #4270, #3954, #2444, #2488, #2514, #3932, #1108, #3909, #2148, #318, #1777, #705, #2825, #4245, #2088, #1389 ),
 .UNSPECIFIED., .F., .F.,
 ( 4, 2, 2, 2, 2, 2, 2, 2, 2, 2, 2, 2, 2, 4 ),
 ( 0.000000000000000000, 0.0009451667797023298239, 0.001890333559404659648, 0.003780667118809319296, 0.005671000678213978727, 0.006616167457916328175, 0.007561334237618677623, 0.008506501017321024469, 0.009451667797023376519, 0.01039683457672572510, 0.01134200135642807541, 0.01323233491583278992, 0.01417750169553515065, 0.01512266847523750964 ),
 .UNSPECIFIED. ) ;
#1103 = CARTESIAN_POINT ( 'NONE',  ( 116.6061788764827440, 12.44947831285452367, 20.00000000000000711 ) ) ;
#1104 = ORIENTED_EDGE ( 'NONE', *, *, #1050, .F. ) ;
#1105 = CARTESIAN_POINT ( 'NONE',  ( 10.77677921203190614, 219.3655699185127901, 73.88131944636477044 ) ) ;
#1106 = CARTESIAN_POINT ( 'NONE',  ( 126.6307704832170202, 2.491605299115624117, 20.00000000000000355 ) ) ;
#1107 = EDGE_LOOP ( 'NONE', ( #4404, #1974, #3344, #437 ) ) ;
#1108 = CARTESIAN_POINT ( 'NONE',  ( 128.4035689657519868, 5.039779983482921999, 20.00000000000000355 ) ) ;
#1109 = DIRECTION ( 'NONE',  ( -0.7071067811865716646, 0.000000000000000000, -0.7071067811865234809 ) ) ;
#1110 = EDGE_CURVE ( 'NONE', #245, #3271, #2774, .T. ) ;
#1111 =( BOUNDED_SURFACE ( )  B_SPLINE_SURFACE ( 3, 2, ( 
 ( #4286, #1468, #1078 ),
 ( #1863, #432, #381 ),
 ( #3925, #717, #3304 ),
 ( #792, #4333, #2141 ) ),
 .UNSPECIFIED., .F., .F., .T. ) 
 B_SPLINE_SURFACE_WITH_KNOTS ( ( 4, 4 ),
 ( 3, 3 ),
 ( 4.712388980384689674, 5.088566437704916012 ),
 ( 0.000000000000000000, 1.000000000000000000 ),
 .UNSPECIFIED. ) 
 GEOMETRIC_REPRESENTATION_ITEM ( )  RATIONAL_B_SPLINE_SURFACE ( (
 ( 1.000000000000000000, 0.7071067811865537900, 1.000000000000000000),
 ( 1.000000000000000000, 0.6839676446640283736, 1.000000000000000000),
 ( 1.000000000000000000, 0.6596386380114538373, 1.000000000000000000),
 ( 1.000000000000000000, 0.6356797263403822784, 1.000000000000000000) ) ) 
 REPRESENTATION_ITEM ( '' )  SURFACE ( )  );
#1112 = DIRECTION ( 'NONE',  ( -0.000000000000000000, -0.000000000000000000, -1.000000000000000000 ) ) ;
#1113 = AXIS2_PLACEMENT_3D ( 'NONE', #2130, #725, #3522 ) ;
#1114 = CARTESIAN_POINT ( 'NONE',  ( 2.676542309431373390, 3.131755186009458569, 79.99999999999998579 ) ) ;
#1115 = EDGE_LOOP ( 'NONE', ( #682, #4509, #2060, #4189, #2918, #988, #1538, #3986, #967, #4231, #4348, #1280 ) ) ;
#1116 = CARTESIAN_POINT ( 'NONE',  ( 7.232553807368931054, 234.8944993200903468, 79.99999999999997158 ) ) ;
#1117 = ORIENTED_EDGE ( 'NONE', *, *, #1334, .F. ) ;
#1118 = CIRCLE ( 'NONE', #3728, 9.599999999999997868 ) ;
#1119 = CARTESIAN_POINT ( 'NONE',  ( 10.00000000000000000, -2.276824562219559311E-16, 79.00000000000000000 ) ) ;
#1120 = CARTESIAN_POINT ( 'NONE',  ( 120.3180746419139666, 235.0000000007451035, 19.99999999999131717 ) ) ;
#1121 = DIRECTION ( 'NONE',  ( 1.000000000000000000, 1.298723457950550903E-16, -0.000000000000000000 ) ) ;
#1122 = VERTEX_POINT ( 'NONE', #313 ) ;
#1123 = DIRECTION ( 'NONE',  ( 0.000000000000000000, 0.000000000000000000, -1.000000000000000000 ) ) ;
#1124 = CARTESIAN_POINT ( 'NONE',  ( 116.0778398814830155, 13.37847743610095641, 19.00000000000000711 ) ) ;
#1125 = ORIENTED_EDGE ( 'NONE', *, *, #180, .T. ) ;
#1126 = CARTESIAN_POINT ( 'NONE',  ( 130.0509999999999877, 142.2500000000000568, 50.00000000000000000 ) ) ;
#1127 = CARTESIAN_POINT ( 'NONE',  ( 120.3192602496938832, -7.509448162213477239E-10, 20.00000000000000355 ) ) ;
#1128 = ORIENTED_EDGE ( 'NONE', *, *, #3904, .F. ) ;
#1129 = AXIS2_PLACEMENT_3D ( 'NONE', #4591, #2077, #1696 ) ;
#1130 = CARTESIAN_POINT ( 'NONE',  ( 128.0237402462350360, 230.8341562835298078, 20.00000000000000355 ) ) ;
#1131 = DIRECTION ( 'NONE',  ( -0.000000000000000000, -0.000000000000000000, -1.000000000000000000 ) ) ;
#1132 = EDGE_CURVE ( 'NONE', #238, #704, #870, .T. ) ;
#1133 = DIRECTION ( 'NONE',  ( 1.196959198423996643E-13, -1.000000000000000000, 0.000000000000000000 ) ) ;
#1134 = CARTESIAN_POINT ( 'NONE',  ( 119.8999999999999773, 227.0000000000000284, 0.000000000000000000 ) ) ;
#1135 = CARTESIAN_POINT ( 'NONE',  ( 2.708600086444216792, 1.729367906339637884, 79.00000000000000000 ) ) ;
#1136 = ORIENTED_EDGE ( 'NONE', *, *, #1529, .T. ) ;
#1137 = CARTESIAN_POINT ( 'NONE',  ( 7.963660884334450074, 233.9544300377183106, 80.00000000000000000 ) ) ;
#1138 = ORIENTED_EDGE ( 'NONE', *, *, #4049, .T. ) ;
#1139 = EDGE_CURVE ( 'NONE', #2721, #2698, #3964, .T. ) ;
#1140 = CARTESIAN_POINT ( 'NONE',  ( 15.03393465162016973, 9.536315532941001649, 79.82844195808881693 ) ) ;
#1141 = EDGE_CURVE ( 'NONE', #2008, #3414, #2104, .T. ) ;
#1142 = CARTESIAN_POINT ( 'NONE',  ( 119.8999999999999773, 227.0000000000000284, 0.3000000000000506706 ) ) ;
#1143 = ORIENTED_EDGE ( 'NONE', *, *, #3963, .F. ) ;
#1144 = DIRECTION ( 'NONE',  ( 0.7402700148146211800, 0.6723096795126192182, 0.000000000000000000 ) ) ;
#1145 = EDGE_CURVE ( 'NONE', #550, #2865, #3222, .T. ) ;
#1146 = CARTESIAN_POINT ( 'NONE',  ( 116.8181098962976421, 12.70616775658833753, 20.00000000000000711 ) ) ;
#1147 = ORIENTED_EDGE ( 'NONE', *, *, #286, .T. ) ;
#1148 = VECTOR ( 'NONE', #3614, 1000.000000000000000 ) ;
#1149 = CARTESIAN_POINT ( 'NONE',  ( 115.8114149044891832, 221.9148790745612132, 19.00000000240124010 ) ) ;
#1150 = CARTESIAN_POINT ( 'NONE',  ( 121.2843705610419818, 0.01257845900173501508, 19.00000000000435918 ) ) ;
#1152 = VERTEX_POINT ( 'NONE', #4208 ) ;
#1151 = CARTESIAN_POINT ( 'NONE',  ( 113.4263031849636718, 10.30606462940686718, 19.34744188895498951 ) ) ;
#1153 = AXIS2_PLACEMENT_3D ( 'NONE', #4398, #736, #126 ) ;
#1154 = VECTOR ( 'NONE', #1279, 1000.000000000000000 ) ;
#1155 = CARTESIAN_POINT ( 'NONE',  ( 125.2547682166967320, 233.2922745870965286, 20.00000000000000355 ) ) ;
#1156 = DIRECTION ( 'NONE',  ( 0.000000000000000000, -1.000000000000000000, 0.000000000000000000 ) ) ;
#1157 = DIRECTION ( 'NONE',  ( 0.000000000000000000, 0.000000000000000000, 1.000000000000000000 ) ) ;
#1158 = AXIS2_PLACEMENT_3D ( 'NONE', #1936, #3374, #1011 ) ;
#1159 = CARTESIAN_POINT ( 'NONE',  ( 13.92216011851699520, 13.37847743610095996, 79.00000000000000000 ) ) ;
#1160 = CARTESIAN_POINT ( 'NONE',  ( 0.02468559031924457553, 8.268677856565425088, 78.99999999999998579 ) ) ;
#1161 = ORIENTED_EDGE ( 'NONE', *, *, #1218, .T. ) ;
#1162 = CARTESIAN_POINT ( 'NONE',  ( 4.174360276094540190, 233.0282511391277183, 80.00000000000000000 ) ) ;
#1163 = DIRECTION ( 'NONE',  ( -0.000000000000000000, -0.000000000000000000, -1.000000000000000000 ) ) ;
#1164 = DIRECTION ( 'NONE',  ( 0.000000000000000000, 0.000000000000000000, 1.000000000000000000 ) ) ;
#1165 = CONICAL_SURFACE ( 'NONE', #782, 2.099999999999996092, 0.5235987755982968173 ) ;
#1166 = CARTESIAN_POINT ( 'NONE',  ( 8.000000000000028422, 8.000000000000001776, 15.00000000000000000 ) ) ;
#1167 = CARTESIAN_POINT ( 'NONE',  ( 121.5674776188042756, 233.9797642921612351, 19.99999999999998224 ) ) ;
#1168 = DIRECTION ( 'NONE',  ( -2.081668171172168513E-17, -1.000000000000000000, 0.000000000000000000 ) ) ;
#1169 = ORIENTED_EDGE ( 'NONE', *, *, #1444, .T. ) ;
#1170 = DIRECTION ( 'NONE',  ( 0.000000000000000000, 0.000000000000000000, -1.000000000000000000 ) ) ;
#1171 = CARTESIAN_POINT ( 'NONE',  ( 124.8070063898711481, 234.5052196264086035, 19.00000000000000355 ) ) ;
#1172 = EDGE_CURVE ( 'NONE', #4354, #778, #2026, .T. ) ;
#1173 = CARTESIAN_POINT ( 'NONE',  ( 122.0000000000000000, 15.00000000000001421, 19.00000000000000355 ) ) ;
#1174 = FACE_OUTER_BOUND ( 'NONE', #2746, .T. ) ;
#1175 = EDGE_LOOP ( 'NONE', ( #3019, #171, #2846, #4244 ) ) ;
#1176 = CARTESIAN_POINT ( 'NONE',  ( 116.8181098962976421, 222.2938322434116856, 20.00000000000000711 ) ) ;
#1177 = DIRECTION ( 'NONE',  ( -2.081668171172168513E-17, -1.000000000000000000, 0.000000000000000000 ) ) ;
#1178 = CARTESIAN_POINT ( 'NONE',  ( 120.6301185895076600, 1.001826765639875383, 19.99999999999998224 ) ) ;
#1179 = ORIENTED_EDGE ( 'NONE', *, *, #2305, .F. ) ;
#1180 = CARTESIAN_POINT ( 'NONE',  ( 126.1054241529022164, 232.8733819374966743, 20.00000000000000355 ) ) ;
#1181 = DIRECTION ( 'NONE',  ( 1.000000000000000000, 9.505334114941407284E-17, 1.648912623619207018E-31 ) ) ;
#1182 = CARTESIAN_POINT ( 'NONE',  ( 15.18926631848271569, 227.4786055258561817, 79.79645473763386576 ) ) ;
#1183 = CARTESIAN_POINT ( 'NONE',  ( 8.261916226027532062, 0.02496349895320747192, 79.00000000000000000 ) ) ;
#1184 = ORIENTED_EDGE ( 'NONE', *, *, #1050, .T. ) ;
#1185 = CARTESIAN_POINT ( 'NONE',  ( 0.001849476024225918001, 225.6389313500242224, 80.00000000000001421 ) ) ;
#1186 = CARTESIAN_POINT ( 'NONE',  ( 11.77357575323584271, 220.2035415206190407, 79.64699145970631378 ) ) ;
#1187 = DIRECTION ( 'NONE',  ( -1.000000000000000000, 0.000000000000000000, 0.000000000000000000 ) ) ;
#1188 = CARTESIAN_POINT ( 'NONE',  ( 120.0000000000000000, 235.0000000000000284, 20.00000000000002842 ) ) ;
#1189 = LINE ( 'NONE', #2669, #3247 ) ;
#1190 = EDGE_LOOP ( 'NONE', ( #3232, #1761, #1244, #444 ) ) ;
#1191 = EDGE_CURVE ( 'NONE', #2008, #1429, #234, .T. ) ;
#1192 = CIRCLE ( 'NONE', #2909, 11.09999999999999787 ) ;
#1193 = CIRCLE ( 'NONE', #969, 7.000000000000006217 ) ;
#1194 = CARTESIAN_POINT ( 'NONE',  ( 8.000000000000028422, 16.00000000000001421, 30.92820323027548923 ) ) ;
#1195 = VERTEX_POINT ( 'NONE', #4589 ) ;
#1196 = EDGE_CURVE ( 'NONE', #1054, #4287, #1633, .T. ) ;
#1197 = CARTESIAN_POINT ( 'NONE',  ( 116.0778398814830155, 221.6215225638990205, 20.00000000000000711 ) ) ;
#1198 = DIRECTION ( 'NONE',  ( 2.081668171172168513E-17, 1.000000000000000000, 0.000000000000000000 ) ) ;
#1199 = VERTEX_POINT ( 'NONE', #2054 ) ;
#1200 = CARTESIAN_POINT ( 'NONE',  ( 128.9981732333542084, 225.6301185895032404, 20.00000000000000355 ) ) ;
#1201 = DIRECTION ( 'NONE',  ( 0.000000000000000000, -0.000000000000000000, -1.000000000000000000 ) ) ;
#1202 = VECTOR ( 'NONE', #1241, 1000.000000000000000 ) ;
#1203 = CARTESIAN_POINT ( 'NONE',  ( 111.0744174402738054, 7.769167226179916952, 20.61863565516108920 ) ) ;
#1204 = VERTEX_POINT ( 'NONE', #2431 ) ;
#1205 = CARTESIAN_POINT ( 'NONE',  ( 2.488619641729072018, 231.6270898189425509, 80.00000000000000000 ) ) ;
#1206 = ORIENTED_EDGE ( 'NONE', *, *, #2338, .T. ) ;
#1207 = CARTESIAN_POINT ( 'NONE',  ( 4.696586640213389785, 0.6564865823266219369, 78.99999999999998579 ) ) ;
#1208 = DIRECTION ( 'NONE',  ( 0.000000000000000000, -1.000000000000000000, 0.000000000000000000 ) ) ;
#1209 = CARTESIAN_POINT ( 'NONE',  ( 124.2788381573539738, 234.6441789129752067, 19.99999999999672795 ) ) ;
#1210 = CARTESIAN_POINT ( 'NONE',  ( 12.00000000000000711, 220.0717967697245285, 26.92820323027548923 ) ) ;
#1211 = ORIENTED_EDGE ( 'NONE', *, *, #399, .T. ) ;
#1212 = CARTESIAN_POINT ( 'NONE',  ( 121.9999999999999716, 227.0000000000000284, 19.00000000000000355 ) ) ;
#1213 = DIRECTION ( 'NONE',  ( -0.000000000000000000, 1.000000000000000000, -0.000000000000000000 ) ) ;
#1214 = EDGE_CURVE ( 'NONE', #3798, #3422, #985, .T. ) ;
#1215 = DIRECTION ( 'NONE',  ( -0.000000000000000000, -0.000000000000000000, -1.000000000000000000 ) ) ;
#1216 = ORIENTED_EDGE ( 'NONE', *, *, #3200, .F. ) ;
#1217 = CARTESIAN_POINT ( 'NONE',  ( 12.00000000000002842, 14.92820323027552121, 26.92820323027548568 ) ) ;
#1218 = EDGE_CURVE ( 'NONE', #810, #3269, #3761, .T. ) ;
#1219 = CARTESIAN_POINT ( 'NONE',  ( 124.6296763821355142, 0.4441952878456720266, 19.99999999999725731 ) ) ;
#1220 = ORIENTED_EDGE ( 'NONE', *, *, #2505, .F. ) ;
#1221 = CARTESIAN_POINT ( 'NONE',  ( 128.9280737727465294, 227.5155815528564176, 20.00000000000000711 ) ) ;
#1222 = PLANE ( 'NONE',  #1850 ) ;
#1223 = VECTOR ( 'NONE', #836, 1000.000000000000000 ) ;
#1224 = EDGE_CURVE ( 'NONE', #3427, #433, #2696, .T. ) ;
#1225 = VECTOR ( 'NONE', #2181, 1000.000000000000114 ) ;
#1226 = AXIS2_PLACEMENT_3D ( 'NONE', #618, #3481, #4156 ) ;
#1227 = LINE ( 'NONE', #2963, #3470 ) ;
#1228 = ORIENTED_EDGE ( 'NONE', *, *, #4284, .T. ) ;
#1229 = CARTESIAN_POINT ( 'NONE',  ( 0.001849477094099341579, 225.6389313500064020, 79.00000000000000000 ) ) ;
#1230 = CARTESIAN_POINT ( 'NONE',  ( 11.23924398628730614, 123.9758239791978411, 79.99999999999994316 ) ) ;
#1231 = VECTOR ( 'NONE', #597, 1000.000000000000000 ) ;
#1232 = AXIS2_PLACEMENT_3D ( 'NONE', #2526, #2502, #3580 ) ;
#1233 = CARTESIAN_POINT ( 'NONE',  ( 12.00000000000001776, 110.5717967697245001, 76.00000000000000000 ) ) ;
#1234 = CARTESIAN_POINT ( 'NONE',  ( 126.1001239017297877, 232.8683543583406674, 20.00000000000000355 ) ) ;
#1235 = LINE ( 'NONE', #2208, #4372 ) ;
#1236 = EDGE_LOOP ( 'NONE', ( #1288, #13, #3503, #2340, #3208 ) ) ;
#1237 = TOROIDAL_SURFACE ( 'NONE', #2195, 9.000000000000001776, 1.000000000000000000 ) ;
#1238 = LINE ( 'NONE', #4088, #1375 ) ;
#1239 = CARTESIAN_POINT ( 'NONE',  ( 129.2829520390386335, 4.532756586936535825, 19.00000000000000000 ) ) ;
#1240 = CARTESIAN_POINT ( 'NONE',  ( 127.2900333756471838, 233.2717957953756809, 19.00000000000000711 ) ) ;
#1241 = DIRECTION ( 'NONE',  ( -1.000000000000000000, -0.000000000000000000, -0.000000000000000000 ) ) ;
#1242 = ORIENTED_EDGE ( 'NONE', *, *, #4193, .T. ) ;
#1243 = CARTESIAN_POINT ( 'NONE',  ( 5.870204625150657662, 234.6728229937953927, 0.000000000000000000 ) ) ;
#1244 = ORIENTED_EDGE ( 'NONE', *, *, #4167, .T. ) ;
#1245 = CARTESIAN_POINT ( 'NONE',  ( 8.745542017413963976, 233.9878116763433127, 80.00000000000001421 ) ) ;
#1246 = LINE ( 'NONE', #3116, #4523 ) ;
#1247 = ORIENTED_EDGE ( 'NONE', *, *, #4430, .T. ) ;
#1248 = CARTESIAN_POINT ( 'NONE',  ( 0.2217039692797378447, 228.6240531298881820, 80.00000000000001421 ) ) ;
#1249 = CARTESIAN_POINT ( 'NONE',  ( 11.85530774731713777, 220.1557655024134021, 79.53616421346737297 ) ) ;
#1250 = EDGE_CURVE ( 'NONE', #557, #2543, #2246, .T. ) ;
#1251 = CARTESIAN_POINT ( 'NONE',  ( 6.857371567542119628, 1.158332551718218140, 80.00000000000000000 ) ) ;
#1252 = CARTESIAN_POINT ( 'NONE',  ( 0.05960721454750016884, 7.731881466796159508, 78.99999999999891998 ) ) ;
#1253 = CARTESIAN_POINT ( 'NONE',  ( 128.3003673486045102, 232.2421548569650156, 19.99999999999698019 ) ) ;
#1254 = CARTESIAN_POINT ( 'NONE',  ( 129.5857864376269220, 15.58578643762691485, 20.00000000000000355 ) ) ;
#1255 = ORIENTED_EDGE ( 'NONE', *, *, #1196, .F. ) ;
#1256 = DIRECTION ( 'NONE',  ( 1.000000000000000000, 0.000000000000000000, 0.000000000000000000 ) ) ;
#1257 = CARTESIAN_POINT ( 'NONE',  ( 129.9530648363632110, 227.0755916134170889, 0.000000000000000000 ) ) ;
#1258 = CARTESIAN_POINT ( 'NONE',  ( 129.6696137869651579, 5.855820873173049890, 18.99999999999999645 ) ) ;
#1259 = FACE_OUTER_BOUND ( 'NONE', #2256, .T. ) ;
#1260 = AXIS2_PLACEMENT_3D ( 'NONE', #574, #552, #3430 ) ;
#1261 = ORIENTED_EDGE ( 'NONE', *, *, #569, .F. ) ;
#1262 = DIRECTION ( 'NONE',  ( -1.000000000000000000, 0.000000000000000000, 0.000000000000000000 ) ) ;
#1263 = CIRCLE ( 'NONE', #734, 2.400000000000066969 ) ;
#1264 = DIRECTION ( 'NONE',  ( -0.000000000000000000, -0.000000000000000000, -1.000000000000000000 ) ) ;
#1265 = ORIENTED_EDGE ( 'NONE', *, *, #2680, .F. ) ;
#1266 = CARTESIAN_POINT ( 'NONE',  ( 1.598853236353388496, 229.9666753199214781, 80.00000000000000000 ) ) ;
#1267 = CARTESIAN_POINT ( 'NONE',  ( 2.676542309271878306, 3.131755185883091208, 80.00000000000000000 ) ) ;
#1268 = EDGE_CURVE ( 'NONE', #1429, #3688, #4277, .T. ) ;
#1269 = CARTESIAN_POINT ( 'NONE',  ( 9.412453702423473345, 109.5000000000000000, 22.44644157593615219 ) ) ;
#1270 = ORIENTED_EDGE ( 'NONE', *, *, #1172, .F. ) ;
#1271 = DIRECTION ( 'NONE',  ( -0.000000000000000000, -0.000000000000000000, 1.000000000000000000 ) ) ;
#1272 = PLANE ( 'NONE',  #372 ) ;
#1273 = PRODUCT ( 'Control Box Outer', 'Control Box Outer', '', ( #3146 ) ) ;
#1274 = CARTESIAN_POINT ( 'NONE',  ( 113.3334056261270746, 226.2551263607479086, 20.62415161802744024 ) ) ;
#1275 = CARTESIAN_POINT ( 'NONE',  ( 7.721099621259723378, 0.05742140557558646219, 80.00000000000001421 ) ) ;
#1276 = PLANE ( 'NONE',  #336 ) ;
#1277 = CARTESIAN_POINT ( 'NONE',  ( 127.8712245170203232, 231.1090603866221045, 20.00000000000000355 ) ) ;
#1278 = ADVANCED_FACE ( 'NONE', ( #1309 ), #4543, .F. ) ;
#1279 = DIRECTION ( 'NONE',  ( 1.000000000000000000, -3.469446951953611033E-15, -0.000000000000000000 ) ) ;
#1280 = ORIENTED_EDGE ( 'NONE', *, *, #1132, .T. ) ;
#1281 = CARTESIAN_POINT ( 'NONE',  ( 113.2592129694024976, 224.8338956619187741, 20.62696826066038369 ) ) ;
#1282 = CARTESIAN_POINT ( 'NONE',  ( 129.8807840223594212, 228.1945205853159848, 0.000000000000000000 ) ) ;
#1283 = DIRECTION ( 'NONE',  ( 0.000000000000000000, 0.000000000000000000, -1.000000000000000000 ) ) ;
#1284 = CARTESIAN_POINT ( 'NONE',  ( 126.4426237467099696, 0.8414410200984292487, 0.000000000000000000 ) ) ;
#1285 = EDGE_CURVE ( 'NONE', #1791, #4367, #605, .T. ) ;
#1286 = CARTESIAN_POINT ( 'NONE',  ( 8.000000000000028422, 8.000000000000001776, 80.00000000000000000 ) ) ;
#1287 = ORIENTED_EDGE ( 'NONE', *, *, #1299, .F. ) ;
#1288 = ORIENTED_EDGE ( 'NONE', *, *, #3962, .T. ) ;
#1289 = VERTEX_POINT ( 'NONE', #3829 ) ;
#1290 = CARTESIAN_POINT ( 'NONE',  ( 9.372413130539253956, 233.9981842125511662, 80.00000000000002842 ) ) ;
#1291 = CARTESIAN_POINT ( 'NONE',  ( 3.128674713108070549, 2.689568761364465210, 80.00000000000000000 ) ) ;
#1292 = DIRECTION ( 'NONE',  ( 0.000000000000000000, 0.000000000000000000, 1.000000000000000000 ) ) ;
#1293 =( BOUNDED_CURVE ( )  B_SPLINE_CURVE ( 3, ( #765, #1517, #4426, #1217 ),
 .UNSPECIFIED., .F., .T. ) 
 B_SPLINE_CURVE_WITH_KNOTS ( ( 4, 4 ),
 ( 1.570796326794896558, 2.094395102393192598 ),
 .UNSPECIFIED. ) 
 CURVE ( )  GEOMETRIC_REPRESENTATION_ITEM ( )  RATIONAL_B_SPLINE_CURVE ( ( 1.000000000000000000, 0.9772838841927123932, 0.9772838841927123932, 1.000000000000000000 ) ) 
 REPRESENTATION_ITEM ( '' )  );
#1294 = EDGE_LOOP ( 'NONE', ( #4497, #4028 ) ) ;
#1295 = CARTESIAN_POINT ( 'NONE',  ( 8.000000000000015987, 125.5000000000000284, 69.07179676972434379 ) ) ;
#1296 = CARTESIAN_POINT ( 'NONE',  ( 10.00000000000000000, -2.276824562219559311E-16, 80.00000000000000000 ) ) ;
#1297 = CARTESIAN_POINT ( 'NONE',  ( 2.913228090615703536, 1.583665317163623687, 80.00000000000001421 ) ) ;
#1298 = B_SPLINE_CURVE_WITH_KNOTS ( 'NONE', 3,
 ( #2370, #244, #3117, #745, #1040, #1151, #1546, #3255, #430, #1490, #3652, #1862 ),
 .UNSPECIFIED., .F., .F.,
 ( 4, 2, 2, 2, 2, 4 ),
 ( 3.878959614448864246E-18, 0.001600052937363733753, 0.003200105874727463603, 0.004000132343409312265, 0.004800158812091161360, 0.006400211749454858684 ),
 .UNSPECIFIED. ) ;
#1299 = EDGE_CURVE ( 'NONE', #718, #1204, #375, .T. ) ;
#1300 = CARTESIAN_POINT ( 'NONE',  ( 0.02044596829338325011, 8.400002776268234328, 79.00000000000000000 ) ) ;
#1301 = CARTESIAN_POINT ( 'NONE',  ( 127.5307568059460124, 233.0752792128471640, 19.99999999999675282 ) ) ;
#1302 = DIRECTION ( 'NONE',  ( -0.000000000000000000, -0.000000000000000000, -1.000000000000000000 ) ) ;
#1303 = VERTEX_POINT ( 'NONE', #4003 ) ;
#1304 = CARTESIAN_POINT ( 'NONE',  ( 115.6156518386037959, 224.0513525740143450, 20.06611322409631981 ) ) ;
#1305 = FACE_OUTER_BOUND ( 'NONE', #2457, .T. ) ;
#1306 = AXIS2_PLACEMENT_3D ( 'NONE', #2756, #2806, #4225 ) ;
#1307 = VECTOR ( 'NONE', #4440, 1000.000000000000000 ) ;
#1308 = AXIS2_PLACEMENT_3D ( 'NONE', #806, #2900, #1878 ) ;
#1309 = FACE_OUTER_BOUND ( 'NONE', #1882, .T. ) ;
#1310 = VECTOR ( 'NONE', #2556, 1000.000000000000000 ) ;
#1311 = CARTESIAN_POINT ( 'NONE',  ( 119.8999999999999773, 227.0000000000000284, 15.00000000000000000 ) ) ;
#1312 = VERTEX_POINT ( 'NONE', #92 ) ;
#1313 = EDGE_LOOP ( 'NONE', ( #3700, #2268, #3584, #4187, #1890 ) ) ;
#1314 = EDGE_CURVE ( 'NONE', #3269, #3331, #1571, .T. ) ;
#1315 = VERTEX_POINT ( 'NONE', #2448 ) ;
#1316 = CARTESIAN_POINT ( 'NONE',  ( 2.189048890524494695, 234.0000000000000284, 80.00000000000000000 ) ) ;
#1317 =( BOUNDED_CURVE ( )  B_SPLINE_CURVE ( 3, ( #1074, #1439, #1101, #789 ),
 .UNSPECIFIED., .F., .T. ) 
 B_SPLINE_CURVE_WITH_KNOTS ( ( 4, 4 ),
 ( 3.141592653589793116, 4.712388980384689674 ),
 .UNSPECIFIED. ) 
 CURVE ( )  GEOMETRIC_REPRESENTATION_ITEM ( )  RATIONAL_B_SPLINE_CURVE ( ( 1.000000000000000000, 0.8047378541243649375, 0.8047378541243649375, 1.000000000000000000 ) ) 
 REPRESENTATION_ITEM ( '' )  );
#1318 = CARTESIAN_POINT ( 'NONE',  ( 12.00000000000000355, 8.000000000000000000, 76.00000000000000000 ) ) ;
#1319 = CARTESIAN_POINT ( 'NONE',  ( 111.5965712999123269, 227.2308327738201115, 21.47148695923733897 ) ) ;
#1320 = ORIENTED_EDGE ( 'NONE', *, *, #999, .T. ) ;
#1321 = CARTESIAN_POINT ( 'NONE',  ( 8.000000000000028422, 8.000000000000001776, 79.00000000000000000 ) ) ;
#1322 = CARTESIAN_POINT ( 'NONE',  ( 8.000000000000015987, 117.5000000000000142, 15.00000000000000000 ) ) ;
#1323 = CARTESIAN_POINT ( 'NONE',  ( 0.001828526984717323330, 9.363370449454398781, 80.00000000000001421 ) ) ;
#1324 = LINE ( 'NONE', #322, #3837 ) ;
#1325 = CARTESIAN_POINT ( 'NONE',  ( 5.900000000000019007, 117.5000000000000142, 0.000000000000000000 ) ) ;
#1326 = ORIENTED_EDGE ( 'NONE', *, *, #3929, .T. ) ;
#1327 = DIRECTION ( 'NONE',  ( -1.000000000000000000, 0.000000000000000000, 0.000000000000000000 ) ) ;
#1328 = CARTESIAN_POINT ( 'NONE',  ( 126.4142095742306680, 233.8479167481374645, 19.00000000000000711 ) ) ;
#1329 = DIRECTION ( 'NONE',  ( -1.000000000000000000, -0.000000000000000000, -0.000000000000000000 ) ) ;
#1330 = CARTESIAN_POINT ( 'NONE',  ( 126.4426237467099696, 0.8414410200984292487, 18.99999999999999645 ) ) ;
#1331 = CARTESIAN_POINT ( 'NONE',  ( 15.99885096384061711, 227.6032260384797610, 78.81499608933974343 ) ) ;
#1332 = ORIENTED_EDGE ( 'NONE', *, *, #3360, .T. ) ;
#1333 = FACE_BOUND ( 'NONE', #211, .T. ) ;
#1334 = EDGE_CURVE ( 'NONE', #2519, #4309, #168, .T. ) ;
#1335 = ORIENTED_EDGE ( 'NONE', *, *, #3360, .F. ) ;
#1336 = VECTOR ( 'NONE', #3955, 1000.000000000000000 ) ;
#1337 = EDGE_CURVE ( 'NONE', #1315, #502, #321, .T. ) ;
#1338 = EDGE_LOOP ( 'NONE', ( #3305, #2167, #17, #3609 ) ) ;
#1339 = EDGE_CURVE ( 'NONE', #1204, #1621, #2604, .T. ) ;
#1340 = CARTESIAN_POINT ( 'NONE',  ( 9.686130621625212100, 234.0000000000000000, 79.99999999999998579 ) ) ;
#1341 = VECTOR ( 'NONE', #3645, 1000.000000000000000 ) ;
#1342 = CARTESIAN_POINT ( 'NONE',  ( 130.0000000000000000, 16.00000000000001421, 19.00000000000000355 ) ) ;
#1343 = ADVANCED_FACE ( 'NONE', ( #2470 ), #4572, .T. ) ;
#1344 = CARTESIAN_POINT ( 'NONE',  ( 128.9797642921286069, 8.432522381214228702, 20.00000000000000355 ) ) ;
#1345 = ORIENTED_EDGE ( 'NONE', *, *, #2388, .F. ) ;
#1346 = PLANE ( 'NONE',  #2694 ) ;
#1347 = CARTESIAN_POINT ( 'NONE',  ( 15.63354177519540222, 227.5367528639982027, 79.58437753376907153 ) ) ;
#1348 = CARTESIAN_POINT ( 'NONE',  ( 9.370184644057456325, 1.001836505728616933, 80.00000000000000000 ) ) ;
#1349 = CARTESIAN_POINT ( 'NONE',  ( 0.3567915763953617980, 5.716937261208968835, 79.00000000000000000 ) ) ;
#1350 = CARTESIAN_POINT ( 'NONE',  ( 129.9389644483032384, 227.2781383224344722, 19.00000000000000355 ) ) ;
#1351 = CARTESIAN_POINT ( 'NONE',  ( 114.3297676590743492, 9.549458436829995733, 20.31228262585256417 ) ) ;
#1352 = ORIENTED_EDGE ( 'NONE', *, *, #3655, .T. ) ;
#1353 = DIRECTION ( 'NONE',  ( 0.000000000000000000, 0.000000000000000000, -1.000000000000000000 ) ) ;
#1354 = DIRECTION ( 'NONE',  ( -0.000000000000000000, -0.000000000000000000, -1.000000000000000000 ) ) ;
#1355 = CARTESIAN_POINT ( 'NONE',  ( 0.8506032671312874216, 230.7979839072004040, 79.00000000000000000 ) ) ;
#1356 = DIRECTION ( 'NONE',  ( -1.175695275307813564E-32, 1.267377881992187638E-16, -1.000000000000000000 ) ) ;
#1357 = CARTESIAN_POINT ( 'NONE',  ( 15.03393465162073817, 225.4636844670541223, 79.82844195808871746 ) ) ;
#1358 = ORIENTED_EDGE ( 'NONE', *, *, #545, .T. ) ;
#1359 = VECTOR ( 'NONE', #2407, 1000.000000000000000 ) ;
#1360 = CARTESIAN_POINT ( 'NONE',  ( 6.805479414849849640, 234.8807840225040025, 79.00000000000000000 ) ) ;
#1361 = ORIENTED_EDGE ( 'NONE', *, *, #3170, .F. ) ;
#1362 = ADVANCED_FACE ( 'NONE', ( #2575 ), #2758, .T. ) ;
#1363 = ORIENTED_EDGE ( 'NONE', *, *, #733, .F. ) ;
#1364 = CARTESIAN_POINT ( 'NONE',  ( 129.0000000000000000, 9.999999999999998224, 19.00000000000000355 ) ) ;
#1365 = ADVANCED_FACE ( 'NONE', ( #1770 ), #4262, .F. ) ;
#1366 = CARTESIAN_POINT ( 'NONE',  ( 128.2922745889908640, 4.745231782526204256, 20.00000000000000355 ) ) ;
#1367 = VERTEX_POINT ( 'NONE', #454 ) ;
#1368 = CARTESIAN_POINT ( 'NONE',  ( 108.2947458645271297, 8.000000000000003553, 22.24324832939642604 ) ) ;
#1369 = CARTESIAN_POINT ( 'NONE',  ( 15.96877598821774846, 227.1297104485716716, 79.08990309796318741 ) ) ;
#1370 = CARTESIAN_POINT ( 'NONE',  ( 10.00000000000000178, -2.168404344971008868E-16, 80.00000000000001421 ) ) ;
#1371 = EDGE_CURVE ( 'NONE', #567, #1312, #3604, .T. ) ;
#1372 = CARTESIAN_POINT ( 'NONE',  ( 128.9981732343651970, 225.6301185894913601, 19.99999999999996092 ) ) ;
#1373 = CARTESIAN_POINT ( 'NONE',  ( 111.2659421552054653, 8.919998310274070974, 21.67391296620074215 ) ) ;
#1374 = EDGE_LOOP ( 'NONE', ( #1361, #2103 ) ) ;
#1375 = VECTOR ( 'NONE', #3872, 1000.000000000000000 ) ;
#1376 = DIRECTION ( 'NONE',  ( -1.000000000000000000, 0.000000000000000000, 0.000000000000000000 ) ) ;
#1377 = CARTESIAN_POINT ( 'NONE',  ( 15.82712022484997227, 225.2442108195864137, 78.84559776343365911 ) ) ;
#1378 = CIRCLE ( 'NONE', #481, 9.599999999999997868 ) ;
#1379 = CARTESIAN_POINT ( 'NONE',  ( 0.1210448982126570289, 228.2090958857255316, 79.00000000000000000 ) ) ;
#1380 = ORIENTED_EDGE ( 'NONE', *, *, #1961, .F. ) ;
#1381 = CIRCLE ( 'NONE', #4297, 1.000000000000000444 ) ;
#1382 = AXIS2_PLACEMENT_3D ( 'NONE', #108, #3602, #1144 ) ;
#1383 = ORIENTED_EDGE ( 'NONE', *, *, #1894, .T. ) ;
#1384 = CIRCLE ( 'NONE', #2430, 9.600000000000004974 ) ;
#1385 = CARTESIAN_POINT ( 'NONE',  ( 15.33984975238520398, 7.184948896504526950, 79.75215398127585331 ) ) ;
#1386 = DIRECTION ( 'NONE',  ( -1.000000000000000000, -9.505334114941407284E-17, 0.000000000000000000 ) ) ;
#1387 = CARTESIAN_POINT ( 'NONE',  ( 128.4035689644765910, 5.039779984026600879, 20.00000000000000355 ) ) ;
#1388 = ORIENTED_EDGE ( 'NONE', *, *, #881, .F. ) ;
#1389 = CARTESIAN_POINT ( 'NONE',  ( 129.0000000000000000, 9.999999999999998224, 20.00000000000000355 ) ) ;
#1390 = CYLINDRICAL_SURFACE ( 'NONE', #3127, 2.099999999999990763 ) ;
#1391 = DIRECTION ( 'NONE',  ( -1.000000000000000000, 0.000000000000000000, 0.000000000000000000 ) ) ;
#1392 = CARTESIAN_POINT ( 'NONE',  ( 128.9152576314550913, 227.5138620545387482, 20.00000000000000355 ) ) ;
#1393 = CARTESIAN_POINT ( 'NONE',  ( 127.8109511094755959, 232.7956362749831385, 19.00000000000000355 ) ) ;
#1394 = ORIENTED_EDGE ( 'NONE', *, *, #3278, .F. ) ;
#1395 = CARTESIAN_POINT ( 'NONE',  ( 8.745542017489816189, 233.9878116753529014, 80.00000000000000000 ) ) ;
#1396 = ADVANCED_FACE ( 'NONE', ( #3207 ), #1111, .T. ) ;
#1397 = CARTESIAN_POINT ( 'NONE',  ( 15.05940788833969535, 223.2282854420787430, 78.94534169946014401 ) ) ;
#1398 = CARTESIAN_POINT ( 'NONE',  ( 121.9999999999999716, 219.0000000000000284, 80.00000000000000000 ) ) ;
#1399 = ORIENTED_EDGE ( 'NONE', *, *, #2247, .F. ) ;
#1400 = DIRECTION ( 'NONE',  ( -0.8082253299440028682, 0.3192385807579245505, 0.4948318346595881878 ) ) ;
#1401 = ORIENTED_EDGE ( 'NONE', *, *, #2997, .T. ) ;
#1402 = CARTESIAN_POINT ( 'NONE',  ( 16.00002264439800115, 227.0108698981298687, 78.72679289844141692 ) ) ;
#1403 = CARTESIAN_POINT ( 'NONE',  ( 129.9522265116714834, 7.911509384127568545, 0.000000000000000000 ) ) ;
#1404 = CARTESIAN_POINT ( 'NONE',  ( 129.7820502564213996, 6.397490006881866087, 18.99999999999781153 ) ) ;
#1405 = ORIENTED_EDGE ( 'NONE', *, *, #4248, .F. ) ;
#1406 = CARTESIAN_POINT ( 'NONE',  ( 124.0999999999999659, 227.0000000000000284, 15.00000000000000000 ) ) ;
#1407 = FACE_OUTER_BOUND ( 'NONE', #869, .T. ) ;
#1408 = AXIS2_PLACEMENT_3D ( 'NONE', #1778, #2109, #3547 ) ;
#1409 = DIRECTION ( 'NONE',  ( 0.000000000000000000, 0.000000000000000000, -1.000000000000000000 ) ) ;
#1410 = EDGE_CURVE ( 'NONE', #2770, #3901, #3583, .T. ) ;
#1411 = CIRCLE ( 'NONE', #453, 1.000000000000000444 ) ;
#1412 = CARTESIAN_POINT ( 'NONE',  ( 12.00000000000000711, 227.0000000000000284, 26.92820323027551410 ) ) ;
#1413 = CARTESIAN_POINT ( 'NONE',  ( 1.596535051952686191, 5.039540429796338650, 80.00000000000000000 ) ) ;
#1414 = ORIENTED_EDGE ( 'NONE', *, *, #91, .T. ) ;
#1415 = CARTESIAN_POINT ( 'NONE',  ( 7.496052826635038357, 233.9162222673804763, 80.00000000000000000 ) ) ;
#1416 =( NAMED_UNIT ( * ) PLANE_ANGLE_UNIT ( ) SI_UNIT ( $, .RADIAN. ) );
#1417 = DIRECTION ( 'NONE',  ( 0.000000000000000000, 0.000000000000000000, 1.000000000000000000 ) ) ;
#1418 = EDGE_CURVE ( 'NONE', #1621, #4579, #3379, .T. ) ;
#1419 = CARTESIAN_POINT ( 'NONE',  ( 8.000000000000015987, 117.5000000000000142, 80.00000000000000000 ) ) ;
#1420 = CARTESIAN_POINT ( 'NONE',  ( 3.252606517456513302E-18, 8.650978987742421467, 79.00000000000000000 ) ) ;
#1421 = ORIENTED_EDGE ( 'NONE', *, *, #339, .T. ) ;
#1422 = CARTESIAN_POINT ( 'NONE',  ( 8.000000000000015987, 117.5000000000000142, 79.00000000000000000 ) ) ;
#1423 = ADVANCED_FACE ( 'NONE', ( #1259 ), #2994, .F. ) ;
#1424 = TOROIDAL_SURFACE ( 'NONE', #4042, 7.000000000000007105, 1.000000000000000000 ) ;
#1425 = VERTEX_POINT ( 'NONE', #1885 ) ;
#1426 = CARTESIAN_POINT ( 'NONE',  ( 13.18189010370237391, 2.204363725016921460, 70.00000000000000000 ) ) ;
#1427 = CARTESIAN_POINT ( 'NONE',  ( 17.88127484044914794, 227.0000000000000284, 77.67566173668639351 ) ) ;
#1428 = CARTESIAN_POINT ( 'NONE',  ( 129.9147285340013980, 7.400685054287643894, 20.00000000000000355 ) ) ;
#1429 = VERTEX_POINT ( 'NONE', #3699 ) ;
#1430 = CARTESIAN_POINT ( 'NONE',  ( 121.9999999999999716, 227.0000000000000284, 20.00000000000000355 ) ) ;
#1431 = CARTESIAN_POINT ( 'NONE',  ( 12.00000000000001776, 124.4282032302755425, 76.00000000000000000 ) ) ;
#1432 = DIRECTION ( 'NONE',  ( -1.000000000000000000, 0.000000000000000000, 0.000000000000000000 ) ) ;
#1433 = CARTESIAN_POINT ( 'NONE',  ( 12.00000000000000711, 220.0717967697245285, 26.92820323027548923 ) ) ;
#1434 = CARTESIAN_POINT ( 'NONE',  ( 129.9530648363632110, 227.0755916134170889, 19.00000000000000355 ) ) ;
#1435 = ORIENTED_EDGE ( 'NONE', *, *, #3399, .T. ) ;
#1436 = CARTESIAN_POINT ( 'NONE',  ( 6.874349328409794957, 233.8440717486579103, 80.00000000000000000 ) ) ;
#1437 = FACE_OUTER_BOUND ( 'NONE', #4292, .T. ) ;
#1438 = ORIENTED_EDGE ( 'NONE', *, *, #2100, .T. ) ;
#1439 = CARTESIAN_POINT ( 'NONE',  ( 129.9999999999999716, 218.9999999999999147, 19.58578643762690774 ) ) ;
#1440 = CONICAL_SURFACE ( 'NONE', #1677, 2.099999999999990763, 0.7853981633974822518 ) ;
#1441 = AXIS2_PLACEMENT_3D ( 'NONE', #3234, #658, #290 ) ;
#1442 = AXIS2_PLACEMENT_3D ( 'NONE', #447, #4086, #536 ) ;
#1443 = ORIENTED_EDGE ( 'NONE', *, *, #1951, .F. ) ;
#1444 = EDGE_CURVE ( 'NONE', #3337, #110, #4343, .T. ) ;
#1445 = VECTOR ( 'NONE', #707, 1000.000000000000114 ) ;
#1446 = AXIS2_PLACEMENT_3D ( 'NONE', #3072, #4501, #2703 ) ;
#1447 = CARTESIAN_POINT ( 'NONE',  ( 116.0778398814830155, 221.6215225638990489, 19.00000000000000711 ) ) ;
#1448 = CONICAL_SURFACE ( 'NONE', #4073, 2.099999999999990763, 0.7853981633974822518 ) ;
#1449 = CONICAL_SURFACE ( 'NONE', #424, 2.099999999999990763, 0.5235987755982968173 ) ;
#1450 = CARTESIAN_POINT ( 'NONE',  ( 129.5584344274223270, 5.380292151586080429, 20.00000000000000355 ) ) ;
#1451 = ORIENTED_EDGE ( 'NONE', *, *, #1145, .T. ) ;
#1452 = DIRECTION ( 'NONE',  ( -1.000000000000000000, 0.000000000000000000, 0.000000000000000000 ) ) ;
#1453 = DIRECTION ( 'NONE',  ( -0.000000000000000000, -0.000000000000000000, -1.000000000000000000 ) ) ;
#1454 = CARTESIAN_POINT ( 'NONE',  ( 116.8181098962976421, 222.2938322434116856, 20.00000000000000355 ) ) ;
#1455 = LINE ( 'NONE', #75, #627 ) ;
#1456 = CARTESIAN_POINT ( 'NONE',  ( 4.163579072156670335, 1.977257932574818744, 80.00000000000000000 ) ) ;
#1457 = VERTEX_POINT ( 'NONE', #4118 ) ;
#1458 = CARTESIAN_POINT ( 'NONE',  ( 10.00000000000000000, 0.9999999999999997780, 79.00000000000000000 ) ) ;
#1459 = EDGE_LOOP ( 'NONE', ( #3717, #4257, #3588, #1345, #4479 ) ) ;
#1460 = CARTESIAN_POINT ( 'NONE',  ( 14.70206343704311891, 10.52235341736255414, 79.88521185243858724 ) ) ;
#1461 = CARTESIAN_POINT ( 'NONE',  ( 107.0333704529042080, 217.0000000000000284, 80.00000000000000000 ) ) ;
#1462 = CARTESIAN_POINT ( 'NONE',  ( 8.000000000000021316, 142.2500000000000568, 50.00000000000000000 ) ) ;
#1463 = DIRECTION ( 'NONE',  ( -1.000000000000000000, 0.000000000000000000, 0.000000000000000000 ) ) ;
#1464 = ORIENTED_EDGE ( 'NONE', *, *, #4608, .T. ) ;
#1465 = CARTESIAN_POINT ( 'NONE',  ( 122.0000000000000000, 16.00000000000001421, 80.00000000000000000 ) ) ;
#1466 = DIRECTION ( 'NONE',  ( -1.000000000000000000, 0.000000000000000000, 0.000000000000000000 ) ) ;
#1467 = EDGE_CURVE ( 'NONE', #2606, #3331, #4022, .T. ) ;
#1468 = CARTESIAN_POINT ( 'NONE',  ( 107.5555243125427012, 227.0000000000000568, 23.94559735966770475 ) ) ;
#1469 = VERTEX_POINT ( 'NONE', #4091 ) ;
#1470 = CARTESIAN_POINT ( 'NONE',  ( 115.5682184648874227, 12.77379084361193762, 19.00734990173420158 ) ) ;
#1471 = B_SPLINE_CURVE_WITH_KNOTS ( 'NONE', 3,
 ( #4403, #2644, #1983, #520, #892, #150, #134, #2600, #4046, #3676, #473, #3418, #4070, #4424 ),
 .UNSPECIFIED., .F., .F.,
 ( 4, 2, 2, 2, 2, 2, 4 ),
 ( 0.000000000000000000, 0.001626868723338635364, 0.002440303085007940360, 0.003253737446677245140, 0.004880606170015879854, 0.005694040531685176827, 0.006507474893354474668 ),
 .UNSPECIFIED. ) ;
#1472 = EDGE_CURVE ( 'NONE', #929, #822, #4191, .T. ) ;
#1473 = ADVANCED_FACE ( 'NONE', ( #2674 ), #1424, .T. ) ;
#1474 = CARTESIAN_POINT ( 'NONE',  ( 120.0000000000000142, -2.602085213965210642E-15, 19.00000000000000355 ) ) ;
#1475 = EDGE_LOOP ( 'NONE', ( #2154, #1383, #845, #964 ) ) ;
#1476 = DIRECTION ( 'NONE',  ( 0.8528513040762680797, 3.623170233547392338E-15, -0.5221538596385257858 ) ) ;
#1477 = CYLINDRICAL_SURFACE ( 'NONE', #9, 0.9999999999999975575 ) ;
#1478 = EDGE_CURVE ( 'NONE', #4062, #803, #1471, .T. ) ;
#1479 = CARTESIAN_POINT ( 'NONE',  ( 12.00000000000002842, 14.92820323027551410, 79.00000000000000000 ) ) ;
#1480 = VECTOR ( 'NONE', #414, 1000.000000000000000 ) ;
#1481 = FACE_OUTER_BOUND ( 'NONE', #2462, .T. ) ;
#1482 = EDGE_LOOP ( 'NONE', ( #1845, #147, #1421, #1128 ) ) ;
#1483 = DIRECTION ( 'NONE',  ( 0.000000000000000000, 0.000000000000000000, 1.000000000000000000 ) ) ;
#1484 = VERTEX_POINT ( 'NONE', #1194 ) ;
#1485 = AXIS2_PLACEMENT_3D ( 'NONE', #588, #4475, #3747 ) ;
#1486 = CARTESIAN_POINT ( 'NONE',  ( 121.2784594395637754, 234.9875119613803918, 19.00000000000000355 ) ) ;
#1487 = CARTESIAN_POINT ( 'NONE',  ( 86.75867013309093068, 8.000000000000001776, 35.50582788404854995 ) ) ;
#1488 = ORIENTED_EDGE ( 'NONE', *, *, #3402, .F. ) ;
#1489 = CARTESIAN_POINT ( 'NONE',  ( 130.0509999999999877, 202.2500000000000284, 50.00000000000000000 ) ) ;
#1490 = CARTESIAN_POINT ( 'NONE',  ( 114.7258747975500626, 11.58920941235668600, 19.07269928750124421 ) ) ;
#1491 = CARTESIAN_POINT ( 'NONE',  ( 120.6932345466969281, 234.9978255388192849, 19.00000000000000000 ) ) ;
#1492 = DIRECTION ( 'NONE',  ( 0.000000000000000000, 0.000000000000000000, 1.000000000000000000 ) ) ;
#1493 = ORIENTED_EDGE ( 'NONE', *, *, #1932, .F. ) ;
#1494 = ADVANCED_FACE ( 'NONE', ( #1174 ), #4495, .F. ) ;
#1495 = CARTESIAN_POINT ( 'NONE',  ( 115.5819896464425653, 222.2085921718413601, 20.03979327341195571 ) ) ;
#1496 = AXIS2_PLACEMENT_3D ( 'NONE', #1081, #3585, #2440 ) ;
#1497 = CARTESIAN_POINT ( 'NONE',  ( 123.6155953379739145, 0.2202377061404830194, 19.99999999999619504 ) ) ;
#1498 = ORIENTED_EDGE ( 'NONE', *, *, #790, .T. ) ;
#1499 = CARTESIAN_POINT ( 'NONE',  ( 121.2543638349010706, 233.9877741187352740, 20.00000000000000355 ) ) ;
#1500 = LINE ( 'NONE', #4008, #3802 ) ;
#1501 = EDGE_CURVE ( 'NONE', #2346, #2519, #2712, .T. ) ;
#1502 = CARTESIAN_POINT ( 'NONE',  ( 8.000000000000015987, 117.5000000000000142, 80.00000000000000000 ) ) ;
#1503 = CARTESIAN_POINT ( 'NONE',  ( 1.328748944190164982, 3.281789093428832071, 79.00000000000000000 ) ) ;
#1504 = ORIENTED_EDGE ( 'NONE', *, *, #590, .F. ) ;
#1505 = CARTESIAN_POINT ( 'NONE',  ( 2.067208639316384211, 232.6742144767131606, 79.00000000000000000 ) ) ;
#1506 = EDGE_LOOP ( 'NONE', ( #1661, #1136, #182, #2576, #4263 ) ) ;
#1507 = DIRECTION ( 'NONE',  ( -1.000000000000000000, 0.000000000000000000, 0.000000000000000000 ) ) ;
#1508 = ADVANCED_FACE ( 'NONE', ( #839 ), #488, .T. ) ;
#1509 = CARTESIAN_POINT ( 'NONE',  ( 116.4115603742580731, 12.17514267663186800, 20.00674968620124972 ) ) ;
#1510 = CARTESIAN_POINT ( 'NONE',  ( 122.0000000000000000, 8.000000000000000000, 19.00000000000000355 ) ) ;
#1511 = CARTESIAN_POINT ( 'NONE',  ( 8.642152111792940516, -1.994165689202160878E-16, 79.00000000000000000 ) ) ;
#1512 = EDGE_LOOP ( 'NONE', ( #4312, #158, #2841, #107, #1820 ) ) ;
#1513 = DIRECTION ( 'NONE',  ( 0.000000000000000000, 1.000000000000000000, 0.000000000000000000 ) ) ;
#1514 = DIRECTION ( 'NONE',  ( -1.000000000000000000, 0.000000000000000000, 0.000000000000000000 ) ) ;
#1515 = CARTESIAN_POINT ( 'NONE',  ( 8.000000000000015987, 117.5000000000000142, 15.00000000000000000 ) ) ;
#1516 = ORIENTED_EDGE ( 'NONE', *, *, #4248, .T. ) ;
#1517 = CARTESIAN_POINT ( 'NONE',  ( 9.412453702423478674, 16.00000000000000355, 22.44644157593613443 ) ) ;
#1518 = TOROIDAL_SURFACE ( 'NONE', #4293, 7.000000000000010658, 1.000000000000000000 ) ;
#1519 = DIRECTION ( 'NONE',  ( 0.000000000000000000, 0.000000000000000000, 1.000000000000000000 ) ) ;
#1520 = CARTESIAN_POINT ( 'NONE',  ( 8.000000000000015987, 117.5000000000000142, 15.00000000000000000 ) ) ;
#1521 = DIRECTION ( 'NONE',  ( -1.000000000000000000, 0.000000000000000000, 0.000000000000000000 ) ) ;
#1522 = CARTESIAN_POINT ( 'NONE',  ( 122.2781383223395579, 0.06103555189601265335, 20.00000000000000355 ) ) ;
#1523 = ORIENTED_EDGE ( 'NONE', *, *, #1224, .F. ) ;
#1524 = CONICAL_SURFACE ( 'NONE', #2726, 2.099999999999990763, 0.5235987755982968173 ) ;
#1525 = DIRECTION ( 'NONE',  ( -0.5221538596385300046, 1.086951070064227930E-17, -0.8528513040762653041 ) ) ;
#1526 = DIRECTION ( 'NONE',  ( 2.081668171172168513E-17, 1.000000000000000000, 0.000000000000000000 ) ) ;
#1527 = VECTOR ( 'NONE', #1097, 1000.000000000000114 ) ;
#1528 = AXIS2_PLACEMENT_3D ( 'NONE', #4414, #3685, #4055 ) ;
#1529 = EDGE_CURVE ( 'NONE', #89, #2346, #2165, .T. ) ;
#1530 = PLANE ( 'NONE',  #3920 ) ;
#1531 = ORIENTED_EDGE ( 'NONE', *, *, #3796, .T. ) ;
#1532 = CARTESIAN_POINT ( 'NONE',  ( 0.05742140557555443919, 227.2789003787457887, 80.00000000000218847 ) ) ;
#1533 = CARTESIAN_POINT ( 'NONE',  ( 8.000000000000017764, 109.5000000000000142, 80.00000000000000000 ) ) ;
#1534 = CARTESIAN_POINT ( 'NONE',  ( 111.5965712999123269, 8.000000000000007105, 21.47148695923733897 ) ) ;
#1535 = PLANE ( 'NONE',  #1666 ) ;
#1536 = EDGE_CURVE ( 'NONE', #753, #2288, #2409, .T. ) ;
#1537 = CARTESIAN_POINT ( 'NONE',  ( 12.00000000000001954, 110.5717967697245143, 79.07185100854792381 ) ) ;
#1538 = ORIENTED_EDGE ( 'NONE', *, *, #3576, .T. ) ;
#1539 = ADVANCED_FACE ( 'NONE', ( #3811 ), #2769, .F. ) ;
#1540 = FACE_OUTER_BOUND ( 'NONE', #1852, .T. ) ;
#1541 = DIRECTION ( 'NONE',  ( 0.000000000000000000, 0.000000000000000000, -1.000000000000000000 ) ) ;
#1542 = ORIENTED_EDGE ( 'NONE', *, *, #3083, .F. ) ;
#1543 = CARTESIAN_POINT ( 'NONE',  ( 15.99885096384100613, 7.396773961522677965, 78.81499608935077106 ) ) ;
#1544 = DIRECTION ( 'NONE',  ( 1.000000000000000000, 0.000000000000000000, 0.000000000000000000 ) ) ;
#1545 = CARTESIAN_POINT ( 'NONE',  ( 120.0000000000000142, -2.602085213965210642E-15, 20.00000000000000355 ) ) ;
#1547 = ORIENTED_EDGE ( 'NONE', *, *, #4045, .F. ) ;
#1546 = CARTESIAN_POINT ( 'NONE',  ( 113.6259470498021500, 10.47631182555569040, 19.29342069757026934 ) ) ;
#1548 = CARTESIAN_POINT ( 'NONE',  ( 12.00000000000001776, 124.4282032302755425, 80.00000000000000000 ) ) ;
#1549 = CARTESIAN_POINT ( 'NONE',  ( 5.900000000000004796, 227.0000000000000284, 0.000000000000000000 ) ) ;
#1550 = CARTESIAN_POINT ( 'NONE',  ( 0.8464688562903823765, 4.211618146512150496, 79.00000000000000000 ) ) ;
#1551 = ORIENTED_EDGE ( 'NONE', *, *, #1774, .F. ) ;
#1552 = CARTESIAN_POINT ( 'NONE',  ( 3.374659014677150015, 232.5213293003474746, 80.00000000000000000 ) ) ;
#1553 = CARTESIAN_POINT ( 'NONE',  ( 16.00000000000000711, 227.0000000000000284, 0.000000000000000000 ) ) ;
#1554 = EDGE_CURVE ( 'NONE', #987, #3427, #905, .T. ) ;
#1555 = LINE ( 'NONE', #2901, #3099 ) ;
#1556 = VECTOR ( 'NONE', #1163, 1000.000000000000000 ) ;
#1557 = FACE_OUTER_BOUND ( 'NONE', #656, .T. ) ;
#1558 = CARTESIAN_POINT ( 'NONE',  ( 6.790904114253100587, 0.1210448982175440363, 79.00000000000000000 ) ) ;
#1559 = ORIENTED_EDGE ( 'NONE', *, *, #3158, .T. ) ;
#1560 = CARTESIAN_POINT ( 'NONE',  ( 13.18189010370237924, 222.2938322434117424, 80.00000000000000000 ) ) ;
#1561 = VECTOR ( 'NONE', #2271, 1000.000000000000000 ) ;
#1562 = EDGE_CURVE ( 'NONE', #1012, #39, #2476, .T. ) ;
#1563 = CARTESIAN_POINT ( 'NONE',  ( 129.0000000000000000, 225.0000000000000284, 19.00000000000000355 ) ) ;
#1564 = ORIENTED_EDGE ( 'NONE', *, *, #2710, .T. ) ;
#1565 = EDGE_CURVE ( 'NONE', #89, #529, #1720, .T. ) ;
#1566 = B_SPLINE_SURFACE_WITH_KNOTS ( 'NONE', 2, 1, ( 
 ( #3510, #3535 ),
 ( #3156, #4569 ),
 ( #330, #2436 ),
 ( #1360, #4211 ),
 ( #1613, #1243 ),
 ( #2410, #4547 ),
 ( #4592, #546 ),
 ( #628, #3858 ),
 ( #3024, #2793 ),
 ( #1379, #524 ),
 ( #4186, #986 ),
 ( #1588, #1744 ),
 ( #2458, #653 ) ),
 .UNSPECIFIED., .F., .F., .F.,
 ( 3, 2, 2, 2, 2, 2, 3 ),
 ( 2, 2 ),
 ( 0.000000000000000000, 0.1250000000000000000, 0.2500000000000000000, 0.5000000000000000000, 0.7500000000000000000, 0.8750000000000000000, 1.000000000000000000 ),
 ( 0.000000000000000000, 1.000000000000000000 ),
 .UNSPECIFIED. ) ;
#1567 = CARTESIAN_POINT ( 'NONE',  ( 123.2799006896905354, 0.1675500722234204709, 20.00000000000000355 ) ) ;
#1568 = VERTEX_POINT ( 'NONE', #2744 ) ;
#1569 = DIRECTION ( 'NONE',  ( -1.000000000000000000, 0.000000000000000000, 0.000000000000000000 ) ) ;
#1570 = DIRECTION ( 'NONE',  ( 0.000000000000000000, 0.000000000000000000, -1.000000000000000000 ) ) ;
#1571 = CIRCLE ( 'NONE', #3372, 9.600000000000004974 ) ;
#1572 = DIRECTION ( 'NONE',  ( -1.000000000000000000, -1.298723457950550903E-16, 0.000000000000000000 ) ) ;
#1573 = ORIENTED_EDGE ( 'NONE', *, *, #3513, .T. ) ;
#1574 = CARTESIAN_POINT ( 'NONE',  ( 2.394595927054571582, 231.5008850283464881, 80.00000000000000000 ) ) ;
#1575 = ORIENTED_EDGE ( 'NONE', *, *, #4607, .T. ) ;
#1576 = CARTESIAN_POINT ( 'NONE',  ( 5.366611316390081932, 0.4454254883577155599, 79.99999999999998579 ) ) ;
#1577 = CARTESIAN_POINT ( 'NONE',  ( 0.04762711168102351511, 7.898628587629642261, 79.00000000000000000 ) ) ;
#1578 = CARTESIAN_POINT ( 'NONE',  ( 125.8239233009139326, 233.0227934561937957, 20.00000000000000355 ) ) ;
#1579 = CARTESIAN_POINT ( 'NONE',  ( 121.9999999999999716, 227.0000000000000284, 0.3000000000000506706 ) ) ;
#1580 = ORIENTED_EDGE ( 'NONE', *, *, #63, .F. ) ;
#1581 = FACE_OUTER_BOUND ( 'NONE', #4166, .T. ) ;
#1582 = DIRECTION ( 'NONE',  ( 0.000000000000000000, 0.000000000000000000, -1.000000000000000000 ) ) ;
#1583 =( BOUNDED_CURVE ( )  B_SPLINE_CURVE ( 3, ( #81, #1809, #2618, #2547 ),
 .UNSPECIFIED., .F., .T. ) 
 B_SPLINE_CURVE_WITH_KNOTS ( ( 4, 4 ),
 ( 1.194618869474669998, 1.570796326794896558 ),
 .UNSPECIFIED. ) 
 CURVE ( )  GEOMETRIC_REPRESENTATION_ITEM ( )  RATIONAL_B_SPLINE_CURVE ( ( 1.000000000000000000, 0.9882422679207505389, 0.9882422679207505389, 1.000000000000000000 ) ) 
 REPRESENTATION_ITEM ( '' )  );
#1584 = DIRECTION ( 'NONE',  ( -1.175695275307813564E-32, 1.267377881992187638E-16, -1.000000000000000000 ) ) ;
#1585 = VERTEX_POINT ( 'NONE', #2003 ) ;
#1586 = CARTESIAN_POINT ( 'NONE',  ( 15.91537824799634038, 6.839239373289136559, 79.65357049562587122 ) ) ;
#1587 = ADVANCED_FACE ( 'NONE', ( #1032 ), #4162, .F. ) ;
#1588 = CARTESIAN_POINT ( 'NONE',  ( 3.252606517456513302E-18, 226.3578478881721594, 79.00000000000000000 ) ) ;
#1589 = ORIENTED_EDGE ( 'NONE', *, *, #1554, .F. ) ;
#1590 = DIRECTION ( 'NONE',  ( 1.000000000000000000, 1.298723457950550903E-16, -0.000000000000000000 ) ) ;
#1591 = DIRECTION ( 'NONE',  ( -1.000000000000000000, 0.000000000000000000, 0.000000000000000000 ) ) ;
#1592 = AXIS2_PLACEMENT_3D ( 'NONE', #1173, #3654, #2188 ) ;
#1593 = VECTOR ( 'NONE', #3517, 999.9999999999998863 ) ;
#1594 = CIRCLE ( 'NONE', #3172, 7.000000000000006217 ) ;
#1595 = CYLINDRICAL_SURFACE ( 'NONE', #1600, 2.099999999999996980 ) ;
#1596 = ORIENTED_EDGE ( 'NONE', *, *, #842, .F. ) ;
#1597 = CARTESIAN_POINT ( 'NONE',  ( 1.583665315943478369, 232.0867719102144520, 79.00000000000000000 ) ) ;
#1598 = CARTESIAN_POINT ( 'NONE',  ( 12.00000000000000711, 220.0717967697245285, 79.00000000000000000 ) ) ;
#1599 = CIRCLE ( 'NONE', #4219, 11.09999999999999787 ) ;
#1600 = AXIS2_PLACEMENT_3D ( 'NONE', #4102, #1620, #3471 ) ;
#1601 = CARTESIAN_POINT ( 'NONE',  ( 1.045569962278497300, 7.963660884329954115, 80.00000000000000000 ) ) ;
#1602 = CARTESIAN_POINT ( 'NONE',  ( 127.9324687968845495, 232.6744119017346009, 19.00000000000000355 ) ) ;
#1603 = CARTESIAN_POINT ( 'NONE',  ( 8.642152111792940516, -1.994165689202160878E-16, 0.000000000000000000 ) ) ;
#1604 = VERTEX_POINT ( 'NONE', #2791 ) ;
#1605 =( GEOMETRIC_REPRESENTATION_CONTEXT ( 3 ) GLOBAL_UNCERTAINTY_ASSIGNED_CONTEXT ( ( #2227 ) ) GLOBAL_UNIT_ASSIGNED_CONTEXT ( ( #3152, #1030, #3874 ) ) REPRESENTATION_CONTEXT ( 'NONE', 'WORKASPACE' ) );
#1606 = TOROIDAL_SURFACE ( 'NONE', #4305, 7.000000000000007105, 1.000000000000000000 ) ;
#1607 = CARTESIAN_POINT ( 'NONE',  ( 10.77677921203191680, 125.1344300814872810, 24.80952267664027033 ) ) ;
#1608 = CYLINDRICAL_SURFACE ( 'NONE', #4450, 1.000000000000000888 ) ;
#1609 = VECTOR ( 'NONE', #2000, 1000.000000000000000 ) ;
#1610 = CARTESIAN_POINT ( 'NONE',  ( 115.3481646457351815, 222.5555555555555998, 19.01854466009679356 ) ) ;
#1611 = ORIENTED_EDGE ( 'NONE', *, *, #794, .T. ) ;
#1612 = EDGE_CURVE ( 'NONE', #3732, #4494, #374, .T. ) ;
#1613 = CARTESIAN_POINT ( 'NONE',  ( 5.870204625150657662, 234.6728229937953927, 79.00000000000000000 ) ) ;
#1614 = ORIENTED_EDGE ( 'NONE', *, *, #3458, .T. ) ;
#1615 = CARTESIAN_POINT ( 'NONE',  ( 16.00000000000000711, 227.0000000000000284, 80.00000000000000000 ) ) ;
#1616 = CARTESIAN_POINT ( 'NONE',  ( 1.265312006215313589, 3.383447370222013806, 80.00000000000001421 ) ) ;
#1617 = CARTESIAN_POINT ( 'NONE',  ( 15.93535143122071496, 9.177157157341202520, 78.82601107373511695 ) ) ;
#1618 = ADVANCED_FACE ( 'NONE', ( #2434 ), #963, .T. ) ;
#1619 = ADVANCED_FACE ( 'NONE', ( #3831 ), #3856, .T. ) ;
#1620 = DIRECTION ( 'NONE',  ( -0.000000000000000000, -0.000000000000000000, -1.000000000000000000 ) ) ;
#1621 = VERTEX_POINT ( 'NONE', #625 ) ;
#1622 = CARTESIAN_POINT ( 'NONE',  ( 120.0000000000000142, 1.000000000000000666, 19.00000000000000355 ) ) ;
#1623 = CARTESIAN_POINT ( 'NONE',  ( 15.19993439126702661, 8.308567113647841396, 79.79428847347250553 ) ) ;
#1624 = CARTESIAN_POINT ( 'NONE',  ( 5.366611317087857991, 0.4454254905728269875, 78.99999999999998579 ) ) ;
#1625 = DIRECTION ( 'NONE',  ( -0.000000000000000000, -0.000000000000000000, -1.000000000000000000 ) ) ;
#1626 = ADVANCED_FACE ( 'NONE', ( #305 ), #4351, .F. ) ;
#1627 = CARTESIAN_POINT ( 'NONE',  ( 126.1249547358549847, 233.9915973708489219, 20.00000000000189004 ) ) ;
#1628 = CARTESIAN_POINT ( 'NONE',  ( 115.0547368911564803, 12.00528199428289611, 19.03731065483766471 ) ) ;
#1629 = EDGE_LOOP ( 'NONE', ( #1388, #900 ) ) ;
#1630 = CARTESIAN_POINT ( 'NONE',  ( 5.900000000000032330, 8.000000000000001776, 15.00000000000000000 ) ) ;
#1631 = CARTESIAN_POINT ( 'NONE',  ( 11.00000000000001599, 111.1754446796632578, 80.00000000000000000 ) ) ;
#1632 = CARTESIAN_POINT ( 'NONE',  ( 10.10000000000001208, 117.5000000000000142, 0.3000000000000515032 ) ) ;
#1633 = LINE ( 'NONE', #564, #237 ) ;
#1634 = DIRECTION ( 'NONE',  ( -0.4999999999999981681, 0.000000000000000000, -0.8660254037844395958 ) ) ;
#1635 = AXIS2_PLACEMENT_3D ( 'NONE', #156, #824, #875 ) ;
#1636 = ORIENTED_EDGE ( 'NONE', *, *, #4577, .T. ) ;
#1637 = AXIS2_PLACEMENT_3D ( 'NONE', #527, #1526, #1591 ) ;
#1638 = VERTEX_POINT ( 'NONE', #4328 ) ;
#1639 = CARTESIAN_POINT ( 'NONE',  ( 130.0509999999999877, 62.75000000000000000, 38.90000000000000568 ) ) ;
#1640 = CARTESIAN_POINT ( 'NONE',  ( 1.683489679762122604, 2.765428036437299841, 79.00000000000000000 ) ) ;
#1641 = CARTESIAN_POINT ( 'NONE',  ( 15.93793292052077604, 9.154249300752896445, 79.64726436049640768 ) ) ;
#1642 = EDGE_CURVE ( 'NONE', #245, #4275, #3494, .T. ) ;
#1643 = CARTESIAN_POINT ( 'NONE',  ( 10.77677921203190614, 109.8655699185127617, 24.80952267664029520 ) ) ;
#1644 = ORIENTED_EDGE ( 'NONE', *, *, #3458, .F. ) ;
#1645 = CARTESIAN_POINT ( 'NONE',  ( 8.000000000000001776, 227.0000000000000284, 80.00000000000000000 ) ) ;
#1646 = CARTESIAN_POINT ( 'NONE',  ( 15.33984975238516490, 227.8150511034955343, 79.75215398127581068 ) ) ;
#1647 = VECTOR ( 'NONE', #1694, 1000.000000000000000 ) ;
#1648 = CARTESIAN_POINT ( 'NONE',  ( 125.2960847780611999, 234.3462578121985587, 18.99999999999781153 ) ) ;
#1649 = CARTESIAN_POINT ( 'NONE',  ( 121.9999999999999716, 227.0000000000000284, 15.00000000000000000 ) ) ;
#1650 = EDGE_LOOP ( 'NONE', ( #828, #2031, #668, #479 ) ) ;
#1651 = CARTESIAN_POINT ( 'NONE',  ( 114.7261300710963496, 223.4103205220469590, 19.07272454537002560 ) ) ;
#1652 = EDGE_CURVE ( 'NONE', #89, #3134, #4620, .T. ) ;
#1653 = DIRECTION ( 'NONE',  ( 0.000000000000000000, 0.000000000000000000, 1.000000000000000000 ) ) ;
#1654 = CARTESIAN_POINT ( 'NONE',  ( 8.000000000000003553, 219.0000000000000284, 69.07179676972434379 ) ) ;
#1655 = CARTESIAN_POINT ( 'NONE',  ( 9.653313270973344018, 235.0000000000000000, 78.99999999999998579 ) ) ;
#1656 = CARTESIAN_POINT ( 'NONE',  ( 15.99867455508336178, 227.5925262425094786, 79.63001928238280414 ) ) ;
#1657 = ORIENTED_EDGE ( 'NONE', *, *, #1987, .T. ) ;
#1658 = ORIENTED_EDGE ( 'NONE', *, *, #2591, .F. ) ;
#1659 = CARTESIAN_POINT ( 'NONE',  ( 4.174360275315277313, 233.0282511411750761, 79.99999999999998579 ) ) ;
#1660 = CARTESIAN_POINT ( 'NONE',  ( 128.9981735410330828, 9.372405150073117142, 20.00000000000000355 ) ) ;
#1661 = ORIENTED_EDGE ( 'NONE', *, *, #1652, .F. ) ;
#1662 = CARTESIAN_POINT ( 'NONE',  ( 120.0000000000000142, 235.0000000000000284, 19.00000000000000355 ) ) ;
#1663 = CARTESIAN_POINT ( 'NONE',  ( 122.0000000000000000, 16.00000000000001421, 0.000000000000000000 ) ) ;
#1664 = CARTESIAN_POINT ( 'NONE',  ( 120.0000000000000142, -2.517517444511341690E-15, 19.00000000000000355 ) ) ;
#1665 = CARTESIAN_POINT ( 'NONE',  ( 0.000000000000000000, 9.681959058685990271, 79.00000000000000000 ) ) ;
#1666 = AXIS2_PLACEMENT_3D ( 'NONE', #3341, #1858, #3966 ) ;
#1667 = AXIS2_PLACEMENT_3D ( 'NONE', #3040, #1168, #1947 ) ;
#1668 = EDGE_CURVE ( 'NONE', #742, #2989, #427, .T. ) ;
#1669 = CARTESIAN_POINT ( 'NONE',  ( 125.2547682175020611, 233.2922745889830765, 20.00000000000000355 ) ) ;
#1670 = CARTESIAN_POINT ( 'NONE',  ( 113.6134104310096120, 10.46297918585144515, 20.49682676591932307 ) ) ;
#1671 = ORIENTED_EDGE ( 'NONE', *, *, #4255, .F. ) ;
#1672 = LINE ( 'NONE', #3785, #186 ) ;
#1673 = CARTESIAN_POINT ( 'NONE',  ( 128.8479167481436605, 3.585790425804068260, 19.00000000000000711 ) ) ;
#1674 = CIRCLE ( 'NONE', #2879, 8.000000000000007105 ) ;
#1675 = EDGE_CURVE ( 'NONE', #1833, #2543, #2400, .T. ) ;
#1676 = CARTESIAN_POINT ( 'NONE',  ( 5.527581169602576061, 234.5965590174345436, 79.00000000000000000 ) ) ;
#1677 = AXIS2_PLACEMENT_3D ( 'NONE', #4182, #983, #3789 ) ;
#1678 = DIRECTION ( 'NONE',  ( 0.8660254037844429265, 1.124727507075953925E-16, -0.4999999999999927280 ) ) ;
#1679 = VERTEX_POINT ( 'NONE', #1142 ) ;
#1680 = ORIENTED_EDGE ( 'NONE', *, *, #4406, .F. ) ;
#1681 = CARTESIAN_POINT ( 'NONE',  ( 3.895029607143762007, 232.8734337595858790, 80.00000000000000000 ) ) ;
#1682 = DIRECTION ( 'NONE',  ( -0.000000000000000000, -0.000000000000000000, -1.000000000000000000 ) ) ;
#1683 = ORIENTED_EDGE ( 'NONE', *, *, #3284, .F. ) ;
#1684 = LINE ( 'NONE', #246, #3133 ) ;
#1685 = DIRECTION ( 'NONE',  ( 1.696174065399543382E-14, 0.000000000000000000, 1.000000000000000000 ) ) ;
#1686 = CARTESIAN_POINT ( 'NONE',  ( 1.204383192465693586, 6.564533116957997905, 80.00000000000000000 ) ) ;
#1687 = B_SPLINE_CURVE_WITH_KNOTS ( 'NONE', 3,
 ( #1159, #2200, #2585, #2225, #463, #2517, #440, #1873, #3665, #2175, #3936, #3591 ),
 .UNSPECIFIED., .F., .F.,
 ( 4, 2, 2, 2, 2, 4 ),
 ( 0.000000000000000000, 0.001475343020326150539, 0.002213014530489224290, 0.002950686040652298475, 0.004426029060978444243, 0.005901372081304590012 ),
 .UNSPECIFIED. ) ;
#1688 = CARTESIAN_POINT ( 'NONE',  ( 129.9105499029739406, 227.6113582906664021, 20.00000000000163780 ) ) ;
#1689 = CARTESIAN_POINT ( 'NONE',  ( 114.2023699378578385, 11.02340906371012963, 19.16335515661556599 ) ) ;
#1690 = ORIENTED_EDGE ( 'NONE', *, *, #1822, .F. ) ;
#1691 = CARTESIAN_POINT ( 'NONE',  ( 113.7867080497618559, 224.3918188720735145, 20.43312494157986237 ) ) ;
#1692 = CARTESIAN_POINT ( 'NONE',  ( 112.0364864025769407, 227.0396959031876065, 21.20215118209577909 ) ) ;
#1693 = EDGE_CURVE ( 'NONE', #3814, #2899, #388, .T. ) ;
#1694 = DIRECTION ( 'NONE',  ( 0.000000000000000000, 1.000000000000000000, 0.000000000000000000 ) ) ;
#1695 = CARTESIAN_POINT ( 'NONE',  ( 12.00000000000000711, 227.0000000000000284, 30.92820323027551765 ) ) ;
#1696 = DIRECTION ( 'NONE',  ( -1.000000000000000000, 0.000000000000000000, 0.000000000000000000 ) ) ;
#1697 = ORIENTED_EDGE ( 'NONE', *, *, #4341, .F. ) ;
#1698 = DIRECTION ( 'NONE',  ( 0.000000000000000000, 0.000000000000000000, 1.000000000000000000 ) ) ;
#1699 = ORIENTED_EDGE ( 'NONE', *, *, #1031, .T. ) ;
#1700 = EDGE_CURVE ( 'NONE', #2899, #3814, #3696, .T. ) ;
#1701 = CIRCLE ( 'NONE', #4477, 1.000000000000000888 ) ;
#1702 = VERTEX_POINT ( 'NONE', #2117 ) ;
#1703 = LINE ( 'NONE', #1615, #2914 ) ;
#1704 = EDGE_CURVE ( 'NONE', #2202, #2634, #4143, .T. ) ;
#1705 = CIRCLE ( 'NONE', #4332, 1.000000000000000888 ) ;
#1706 = CARTESIAN_POINT ( 'NONE',  ( 12.00000000000000711, 220.0717967697245285, 30.92820323027551765 ) ) ;
#1707 = CARTESIAN_POINT ( 'NONE',  ( 127.0892567762130483, 1.585507374428021476, 19.00000000000000355 ) ) ;
#1708 = EDGE_LOOP ( 'NONE', ( #53, #3746, #3750, #2029 ) ) ;
#1709 = DIRECTION ( 'NONE',  ( -1.000000000000000000, 0.000000000000000000, 0.000000000000000000 ) ) ;
#1710 = CARTESIAN_POINT ( 'NONE',  ( 13.88343692920160422, 11.93191332649644565, 79.97931995896844626 ) ) ;
#1711 = CARTESIAN_POINT ( 'NONE',  ( 9.361068649981923784, 0.001849476024108395039, 80.00000000000001421 ) ) ;
#1712 = CARTESIAN_POINT ( 'NONE',  ( 0.05960721403045522032, 7.731881466751311827, 79.99999999999891998 ) ) ;
#1713 = CARTESIAN_POINT ( 'NONE',  ( 129.8324499289653318, 228.2799006898091534, 19.00000000000000355 ) ) ;
#1714 = CARTESIAN_POINT ( 'NONE',  ( 112.0009016772978470, 9.297125805660249043, 21.21267284593340108 ) ) ;
#1715 = ORIENTED_EDGE ( 'NONE', *, *, #3719, .F. ) ;
#1716 = CARTESIAN_POINT ( 'NONE',  ( 112.0242678405755328, 227.0450046959784061, 21.20963193434150895 ) ) ;
#1717 = PLANE ( 'NONE',  #1015 ) ;
#1718 = DIRECTION ( 'NONE',  ( -0.000000000000000000, -0.000000000000000000, -1.000000000000000000 ) ) ;
#1719 = CARTESIAN_POINT ( 'NONE',  ( 14.70206343704250074, 224.4776465826424214, 79.88521185243868672 ) ) ;
#1720 = CIRCLE ( 'NONE', #3520, 1.000000000000000888 ) ;
#1721 = CARTESIAN_POINT ( 'NONE',  ( 116.0778398814830155, 221.6215225638990489, 19.00000000000000711 ) ) ;
#1722 = ORIENTED_EDGE ( 'NONE', *, *, #173, .F. ) ;
#1723 = ADVANCED_FACE ( 'NONE', ( #3896 ), #2160, .F. ) ;
#1724 = ORIENTED_EDGE ( 'NONE', *, *, #121, .T. ) ;
#1725 = CARTESIAN_POINT ( 'NONE',  ( 110.1542472844541152, 8.402780529109174168, 22.35454247890981705 ) ) ;
#1726 = LINE ( 'NONE', #385, #1593 ) ;
#1727 = ADVANCED_FACE ( 'NONE', ( #353 ), #3922, .T. ) ;
#1728 = CARTESIAN_POINT ( 'NONE',  ( 127.8683543583486113, 3.899876098309098094, 20.00000000000000355 ) ) ;
#1729 = EDGE_LOOP ( 'NONE', ( #3251, #1551, #4334, #4360 ) ) ;
#1730 = CARTESIAN_POINT ( 'NONE',  ( 18.40342870008768017, 235.0500000000000398, 78.52851304076266103 ) ) ;
#1731 = CYLINDRICAL_SURFACE ( 'NONE', #1113, 1.000000000000001110 ) ;
#1732 = CYLINDRICAL_SURFACE ( 'NONE', #3912, 1.000000000000000888 ) ;
#1733 = CARTESIAN_POINT ( 'NONE',  ( 13.18189010370237924, 234.0000000000000284, 70.00000000000000000 ) ) ;
#1734 = CARTESIAN_POINT ( 'NONE',  ( 3.888889635402843936, 2.130139737348222706, 80.00000000000001421 ) ) ;
#1735 = ORIENTED_EDGE ( 'NONE', *, *, #3767, .F. ) ;
#1736 = CARTESIAN_POINT ( 'NONE',  ( 5.900000000000019007, 117.5000000000000142, 0.3000000000000515032 ) ) ;
#1737 =( NAMED_UNIT ( * ) SI_UNIT ( $, .STERADIAN. ) SOLID_ANGLE_UNIT ( ) );
#1738 = AXIS2_PLACEMENT_3D ( 'NONE', #1520, #1264, #3022 ) ;
#1739 = DIRECTION ( 'NONE',  ( -0.000000000000000000, -0.000000000000000000, -1.000000000000000000 ) ) ;
#1740 = FACE_OUTER_BOUND ( 'NONE', #2204, .T. ) ;
#1741 = EDGE_LOOP ( 'NONE', ( #259, #1658, #2737, #2004 ) ) ;
#1742 = AXIS2_PLACEMENT_3D ( 'NONE', #3475, #1409, #3867 ) ;
#1743 = CONICAL_SURFACE ( 'NONE', #337, 2.099999999999990763, 0.5235987755982968173 ) ;
#1744 = CARTESIAN_POINT ( 'NONE',  ( 3.252606517456513302E-18, 226.3578478881721594, 0.000000000000000000 ) ) ;
#1745 = ORIENTED_EDGE ( 'NONE', *, *, #4289, .F. ) ;
#1746 = VECTOR ( 'NONE', #912, 1000.000000000000000 ) ;
#1747 = ORIENTED_EDGE ( 'NONE', *, *, #933, .F. ) ;
#1748 = AXIS2_PLACEMENT_3D ( 'NONE', #3318, #467, #1507 ) ;
#1749 = DIRECTION ( 'NONE',  ( -0.000000000000000000, -0.000000000000000000, -1.000000000000000000 ) ) ;
#1750 = EDGE_CURVE ( 'NONE', #3993, #2851, #2574, .T. ) ;
#1751 = CARTESIAN_POINT ( 'NONE',  ( 129.1509180168873172, 3.538916910125113890, 0.000000000000000000 ) ) ;
#1752 = CARTESIAN_POINT ( 'NONE',  ( 127.7847736448973706, 3.763732488076522387, 20.00000000000000355 ) ) ;
#1753 = ORIENTED_EDGE ( 'NONE', *, *, #3490, .F. ) ;
#1754 = CARTESIAN_POINT ( 'NONE',  ( 130.0000000000000000, 16.00000000000001421, 0.000000000000000000 ) ) ;
#1755 = CARTESIAN_POINT ( 'NONE',  ( 10.10000000000001208, 117.5000000000000142, 15.00000000000000000 ) ) ;
#1756 = ADVANCED_FACE ( 'NONE', ( #3275 ), #482, .F. ) ;
#1757 = CARTESIAN_POINT ( 'NONE',  ( 8.716484837217668868, 0.01259967728343854010, 80.00000000000001421 ) ) ;
#1758 =( BOUNDED_CURVE ( )  B_SPLINE_CURVE ( 3, ( #3346, #3365, #1607, #4041 ),
 .UNSPECIFIED., .F., .T. ) 
 B_SPLINE_CURVE_WITH_KNOTS ( ( 4, 4 ),
 ( 1.570796326794896780, 2.094395102393195707 ),
 .UNSPECIFIED. ) 
 CURVE ( )  GEOMETRIC_REPRESENTATION_ITEM ( )  RATIONAL_B_SPLINE_CURVE ( ( 1.000000000000000000, 0.9772838841927120601, 0.9772838841927120601, 1.000000000000000000 ) ) 
 REPRESENTATION_ITEM ( '' )  );
#1759 = DIRECTION ( 'NONE',  ( 0.8528513040762653041, -0.000000000000000000, -0.5221538596385300046 ) ) ;
#1760 = CARTESIAN_POINT ( 'NONE',  ( 121.3578478898957513, 235.0000000000000284, 0.000000000000000000 ) ) ;
#1761 = ORIENTED_EDGE ( 'NONE', *, *, #3371, .T. ) ;
#1762 = CARTESIAN_POINT ( 'NONE',  ( 8.721496185231146114, 234.9875506857839866, 78.99999999999782574 ) ) ;
#1763 = CARTESIAN_POINT ( 'NONE',  ( 125.7993534457337006, 0.8512951400844337435, 19.00000000000001066 ) ) ;
#1764 = EDGE_CURVE ( 'NONE', #3067, #151, #3203, .T. ) ;
#1765 = DIRECTION ( 'NONE',  ( -1.000000000000000000, 0.000000000000000000, 0.000000000000000000 ) ) ;
#1766 = CARTESIAN_POINT ( 'NONE',  ( 14.94005125710206983, 223.0130116709723893, 78.95653672667182832 ) ) ;
#1767 = DIRECTION ( 'NONE',  ( -1.000000000000000000, 0.000000000000000000, 0.000000000000000000 ) ) ;
#1768 = ORIENTED_EDGE ( 'NONE', *, *, #970, .F. ) ;
#1769 = DIRECTION ( 'NONE',  ( -0.4999999999999981681, 0.000000000000000000, -0.8660254037844395958 ) ) ;
#1770 = FACE_OUTER_BOUND ( 'NONE', #3538, .T. ) ;
#1771 = ORIENTED_EDGE ( 'NONE', *, *, #3740, .F. ) ;
#1772 = CARTESIAN_POINT ( 'NONE',  ( 15.23272034333789549, 7.091584922436790173, 79.78809374768358964 ) ) ;
#1773 = CARTESIAN_POINT ( 'NONE',  ( 8.000000000000015987, 117.5000000000000142, 79.00000000000000000 ) ) ;
#1774 = EDGE_CURVE ( 'NONE', #1048, #1791, #60, .T. ) ;
#1775 = CARTESIAN_POINT ( 'NONE',  ( 129.5584344255744611, 5.380292152165619513, 19.00000000000000355 ) ) ;
#1776 = EDGE_LOOP ( 'NONE', ( #4170, #1125, #1320, #3661, #1358 ) ) ;
#1777 = CARTESIAN_POINT ( 'NONE',  ( 128.9291409957384076, 7.495742909731341719, 20.00000000000000000 ) ) ;
#1778 = CARTESIAN_POINT ( 'NONE',  ( 8.000000000000015987, 117.5000000000000142, 30.92820323027550700 ) ) ;
#1779 = AXIS2_PLACEMENT_3D ( 'NONE', #3641, #1156, #1201 ) ;
#1780 = CARTESIAN_POINT ( 'NONE',  ( 113.7546869802683460, 225.9401673606377301, 20.47817576460114353 ) ) ;
#1781 = DIRECTION ( 'NONE',  ( -0.000000000000000000, -0.000000000000000000, 1.000000000000000000 ) ) ;
#1782 = CIRCLE ( 'NONE', #2986, 2.099999999999996092 ) ;
#1783 = LINE ( 'NONE', #417, #2950 ) ;
#1784 = CARTESIAN_POINT ( 'NONE',  ( 1.070978571728861573, 7.494982200304848519, 79.99999999999998579 ) ) ;
#1785 = VERTEX_POINT ( 'NONE', #377 ) ;
#1786 = CARTESIAN_POINT ( 'NONE',  ( 5.947333938277640897, 233.6696178928291090, 80.00000000000000000 ) ) ;
#1787 = CYLINDRICAL_SURFACE ( 'NONE', #701, 1.000000000000000888 ) ;
#1788 = SURFACE_STYLE_FILL_AREA ( #398 ) ;
#1789 = ADVANCED_FACE ( 'NONE', ( #1740 ), #3913, .F. ) ;
#1790 = CARTESIAN_POINT ( 'NONE',  ( 122.0000000000000000, 8.000000000000000000, 0.000000000000000000 ) ) ;
#1791 = VERTEX_POINT ( 'NONE', #3180 ) ;
#1792 = LINE ( 'NONE', #35, #2350 ) ;
#1793 = VECTOR ( 'NONE', #82, 1000.000000000000000 ) ;
#1794 = CARTESIAN_POINT ( 'NONE',  ( 16.00000000000003197, 7.000000000000006217, 80.00000000000000000 ) ) ;
#1795 = ORIENTED_EDGE ( 'NONE', *, *, #1339, .T. ) ;
#1796 = CARTESIAN_POINT ( 'NONE',  ( 111.5965712999123411, 7.769167226179922281, 21.47148695923733541 ) ) ;
#1797 = DIRECTION ( 'NONE',  ( -0.000000000000000000, -0.000000000000000000, -1.000000000000000000 ) ) ;
#1798 = CARTESIAN_POINT ( 'NONE',  ( 129.3462578122164928, 4.703915221957876369, 19.00000000000000355 ) ) ;
#1799 = ORIENTED_EDGE ( 'NONE', *, *, #4513, .F. ) ;
#1800 = DIRECTION ( 'NONE',  ( 0.4999999999999981681, 6.123233995736742617E-17, -0.8660254037844395958 ) ) ;
#1801 = DIRECTION ( 'NONE',  ( 0.8528513040762653041, 0.000000000000000000, -0.5221538596385300046 ) ) ;
#1802 = DIRECTION ( 'NONE',  ( 1.000000000000000000, 0.000000000000000000, 0.000000000000000000 ) ) ;
#1803 = CARTESIAN_POINT ( 'NONE',  ( 115.3481646457352099, 12.44444444444444997, 0.000000000000000000 ) ) ;
#1804 = CARTESIAN_POINT ( 'NONE',  ( 1.000000000000000222, 9.686130621624842618, 80.00000000000000000 ) ) ;
#1805 = ORIENTED_EDGE ( 'NONE', *, *, #1004, .F. ) ;
#1806 = CARTESIAN_POINT ( 'NONE',  ( 4.703590361081276150, 234.3461178031812722, 79.00000000000000000 ) ) ;
#1807 = CARTESIAN_POINT ( 'NONE',  ( 15.26756991980423805, 11.39545542806216538, 79.81752975731384936 ) ) ;
#1808 = ADVANCED_FACE ( 'NONE', ( #1437 ), #3780, .F. ) ;
#1809 = CARTESIAN_POINT ( 'NONE',  ( 109.5338749049381732, 226.7641459132074715, 21.40873285320123642 ) ) ;
#1810 = DIRECTION ( 'NONE',  ( -1.000000000000000000, 0.000000000000000000, 0.000000000000000000 ) ) ;
#1811 = ORIENTED_EDGE ( 'NONE', *, *, #4341, .T. ) ;
#1812 = CYLINDRICAL_SURFACE ( 'NONE', #2880, 9.600000000000004974 ) ;
#1813 = AXIS2_PLACEMENT_3D ( 'NONE', #3389, #887, #516 ) ;
#1814 = EDGE_CURVE ( 'NONE', #3876, #1036, #1235, .T. ) ;
#1815 = EDGE_CURVE ( 'NONE', #3593, #3444, #3534, .T. ) ;
#1816 = CIRCLE ( 'NONE', #116, 7.000000000000007105 ) ;
#1817 = AXIS2_PLACEMENT_3D ( 'NONE', #4469, #4017, #2236 ) ;
#1818 = CARTESIAN_POINT ( 'NONE',  ( 121.9999999999999716, 227.0000000000000284, 15.00000000000000000 ) ) ;
#1819 = CARTESIAN_POINT ( 'NONE',  ( 2.204363725016899700, 232.8109511094755248, 0.000000000000000000 ) ) ;
#1820 = ORIENTED_EDGE ( 'NONE', *, *, #4555, .F. ) ;
#1821 = AXIS2_PLACEMENT_3D ( 'NONE', #592, #4169, #3050 ) ;
#1822 = EDGE_CURVE ( 'NONE', #3280, #822, #2689, .T. ) ;
#1823 = VECTOR ( 'NONE', #4422, 1000.000000000000000 ) ;
#1824 = CIRCLE ( 'NONE', #4451, 1.000000000000003331 ) ;
#1825 = CARTESIAN_POINT ( 'NONE',  ( 124.3659566196961066, 1.409564535554941322, 20.00000000000000355 ) ) ;
#1826 = VERTEX_POINT ( 'NONE', #3649 ) ;
#1827 = CARTESIAN_POINT ( 'NONE',  ( 125.8341562835370269, 1.976259753826310250, 20.00000000000000711 ) ) ;
#1828 = CARTESIAN_POINT ( 'NONE',  ( 8.000000000000007105, 227.0000000000000284, 30.92820323027551765 ) ) ;
#1829 = DIRECTION ( 'NONE',  ( 1.000000000000000000, 1.196959198423996895E-13, 0.000000000000000000 ) ) ;
#1830 = LINE ( 'NONE', #4364, #1148 ) ;
#1831 = CARTESIAN_POINT ( 'NONE',  ( 1.020161346614067099, 8.432339567779738587, 80.00000000000000000 ) ) ;
#1832 = EDGE_LOOP ( 'NONE', ( #317, #2745, #4214 ) ) ;
#1833 = VERTEX_POINT ( 'NONE', #3692 ) ;
#1834 = DIRECTION ( 'NONE',  ( 2.081668171172168513E-17, 1.000000000000000000, -0.000000000000000000 ) ) ;
#1835 = CARTESIAN_POINT ( 'NONE',  ( 120.3180746419272111, 235.0000000000000284, 19.00000000000000355 ) ) ;
#1836 = CARTESIAN_POINT ( 'NONE',  ( 13.18189010370237391, 0.9999999999999997780, 79.00000000000000000 ) ) ;
#1837 = ORIENTED_EDGE ( 'NONE', *, *, #1704, .T. ) ;
#1838 = CARTESIAN_POINT ( 'NONE',  ( 8.000000000000021316, 142.2500000000000568, 59.60000000000000853 ) ) ;
#1839 = CARTESIAN_POINT ( 'NONE',  ( 13.18189010370237924, 234.0000000000000284, 79.00000000000000000 ) ) ;
#1840 = CARTESIAN_POINT ( 'NONE',  ( 0.1210448982126570289, 228.2090958857255316, 0.000000000000000000 ) ) ;
#1841 = ORIENTED_EDGE ( 'NONE', *, *, #1764, .T. ) ;
#1842 = CARTESIAN_POINT ( 'NONE',  ( 116.6061788764829856, 222.5505216871472101, 20.00000000000000711 ) ) ;
#1843 = ADVANCED_FACE ( 'NONE', ( #1925 ), #4520, .F. ) ;
#1844 = CARTESIAN_POINT ( 'NONE',  ( 122.7782532718888149, 0.1066767510805298330, 20.00000000000000355 ) ) ;
#1845 = ORIENTED_EDGE ( 'NONE', *, *, #3479, .F. ) ;
#1846 = CARTESIAN_POINT ( 'NONE',  ( 121.5674776181024157, 233.9797642861570637, 20.00000000000000355 ) ) ;
#1847 = CARTESIAN_POINT ( 'NONE',  ( 1.000000000000000000, 224.9999999999999432, 80.00000000000000000 ) ) ;
#1848 = CARTESIAN_POINT ( 'NONE',  ( 121.9999999999999716, 227.0000000000000284, 0.000000000000000000 ) ) ;
#1849 = DIRECTION ( 'NONE',  ( -1.000000000000000000, -0.000000000000000000, -0.000000000000000000 ) ) ;
#1850 = AXIS2_PLACEMENT_3D ( 'NONE', #2199, #1570, #799 ) ;
#1851 = CARTESIAN_POINT ( 'NONE',  ( 1.725357616652071435, 2.713902667957007964, 79.00000000000000000 ) ) ;
#1852 = EDGE_LOOP ( 'NONE', ( #4462, #1363, #3196, #3864 ) ) ;
#1853 = CARTESIAN_POINT ( 'NONE',  ( 1.158332551717033976, 228.1426284324536766, 80.00000000000000000 ) ) ;
#1854 = CARTESIAN_POINT ( 'NONE',  ( 8.000000000000017764, 109.5000000000000142, 80.00000000000000000 ) ) ;
#1855 = CYLINDRICAL_SURFACE ( 'NONE', #4381, 0.9999999999999975575 ) ;
#1856 = AXIS2_PLACEMENT_3D ( 'NONE', #1426, #2508, #3563 ) ;
#1857 = CARTESIAN_POINT ( 'NONE',  ( 10.77677921203191680, 125.1344300814872810, 73.88131944636477044 ) ) ;
#1858 = DIRECTION ( 'NONE',  ( 2.081668171172168513E-17, 1.000000000000000000, -0.000000000000000000 ) ) ;
#1859 = CARTESIAN_POINT ( 'NONE',  ( 5.855820873173068541, 0.3303862130348353965, 79.00000000000000000 ) ) ;
#1860 = ORIENTED_EDGE ( 'NONE', *, *, #2915, .T. ) ;
#1861 = LINE ( 'NONE', #1055, #1005 ) ;
#1862 = CARTESIAN_POINT ( 'NONE',  ( 115.3481646457352099, 12.44444444444444819, 19.01854466009679356 ) ) ;
#1863 = CARTESIAN_POINT ( 'NONE',  ( 108.2877925537472095, 227.0000000000000284, 22.24793117133746989 ) ) ;
#1864 = ORIENTED_EDGE ( 'NONE', *, *, #1472, .F. ) ;
#1865 = DIRECTION ( 'NONE',  ( 0.000000000000000000, 0.000000000000000000, -1.000000000000000000 ) ) ;
#1866 = AXIS2_PLACEMENT_3D ( 'NONE', #2954, #543, #3045 ) ;
#1867 = EDGE_CURVE ( 'NONE', #3732, #3067, #1189, .T. ) ;
#1868 = CARTESIAN_POINT ( 'NONE',  ( 116.1796440650182802, 223.1111111111111427, 19.01854466009679356 ) ) ;
#1869 = DIRECTION ( 'NONE',  ( -1.000000000000000000, 0.000000000000000000, 0.000000000000000000 ) ) ;
#1870 = ORIENTED_EDGE ( 'NONE', *, *, #2180, .F. ) ;
#1871 = CARTESIAN_POINT ( 'NONE',  ( 8.000000000000026645, 16.00000000000000711, 69.07179676972440063 ) ) ;
#1872 = EDGE_CURVE ( 'NONE', #3351, #34, #412, .T. ) ;
#1873 = CARTESIAN_POINT ( 'NONE',  ( 15.64572333796179038, 10.40594188500411832, 78.87413774862467619 ) ) ;
#1874 = FACE_OUTER_BOUND ( 'NONE', #4502, .T. ) ;
#1875 = ORIENTED_EDGE ( 'NONE', *, *, #1750, .T. ) ;
#1876 = CARTESIAN_POINT ( 'NONE',  ( 0.7831803572740141384, 230.6392486290761781, 79.00000000000000000 ) ) ;
#1877 = ORIENTED_EDGE ( 'NONE', *, *, #4233, .T. ) ;
#1878 = DIRECTION ( 'NONE',  ( -1.000000000000000000, 0.000000000000000000, 0.000000000000000000 ) ) ;
#1879 = B_SPLINE_CURVE_WITH_KNOTS ( 'NONE', 3,
 ( #3846, #3145, #1369, #4581, #1023, #1347, #2782, #1646, #641, #2067 ),
 .UNSPECIFIED., .F., .F.,
 ( 4, 2, 2, 2, 4 ),
 ( 0.000000000000000000, 0.0004354821487231325529, 0.0008709642974462651057, 0.001306446446169397604, 0.001741928594892530211 ),
 .UNSPECIFIED. ) ;
#1880 = DIRECTION ( 'NONE',  ( -0.000000000000000000, -0.000000000000000000, -1.000000000000000000 ) ) ;
#1881 = CARTESIAN_POINT ( 'NONE',  ( 3.538916909971686842, 0.8490819832656895105, 0.000000000000000000 ) ) ;
#1882 = EDGE_LOOP ( 'NONE', ( #2678, #1699, #3959, #4604 ) ) ;
#1883 = CARTESIAN_POINT ( 'NONE',  ( 12.00000000000000711, 220.0717967697245285, 79.00000000000000000 ) ) ;
#1884 = CARTESIAN_POINT ( 'NONE',  ( 107.5555243125427438, 7.000000000000001776, 23.94559735966770475 ) ) ;
#1885 = CARTESIAN_POINT ( 'NONE',  ( 12.00000000000002842, 14.92820323027551410, 76.00000000000000000 ) ) ;
#1886 = EDGE_LOOP ( 'NONE', ( #406, #1516, #1247, #2582 ) ) ;
#1887 = VECTOR ( 'NONE', #1112, 1000.000000000000000 ) ;
#1888 = CARTESIAN_POINT ( 'NONE',  ( 16.00000000000003197, 8.000000000000001776, 80.00000000000000000 ) ) ;
#1889 = CARTESIAN_POINT ( 'NONE',  ( 8.000000000000028422, 8.000000000000001776, 0.2999999999999959921 ) ) ;
#1890 = ORIENTED_EDGE ( 'NONE', *, *, #132, .T. ) ;
#1891 = AXIS2_PLACEMENT_3D ( 'NONE', #3385, #4084, #2351 ) ;
#1892 = AXIS2_PLACEMENT_3D ( 'NONE', #12, #3532, #1463 ) ;
#1893 = DIRECTION ( 'NONE',  ( -0.000000000000000000, -0.000000000000000000, -1.000000000000000000 ) ) ;
#1894 = EDGE_CURVE ( 'NONE', #1289, #4120, #492, .T. ) ;
#1895 = CIRCLE ( 'NONE', #340, 2.099999999999990763 ) ;
#1896 = AXIS2_PLACEMENT_3D ( 'NONE', #2999, #768, #1913 ) ;
#1897 = CARTESIAN_POINT ( 'NONE',  ( 5.516286563487420302, 0.4064811792051035155, 79.00000000000000000 ) ) ;
#1898 = ORIENTED_EDGE ( 'NONE', *, *, #4607, .F. ) ;
#1899 = CARTESIAN_POINT ( 'NONE',  ( 0.1685571303722849246, 228.2872729161993561, 79.00000000000000000 ) ) ;
#1900 = ORIENTED_EDGE ( 'NONE', *, *, #2018, .F. ) ;
#1901 = EDGE_CURVE ( 'NONE', #1012, #2387, #3010, .T. ) ;
#1902 =( GEOMETRIC_REPRESENTATION_CONTEXT ( 3 ) GLOBAL_UNCERTAINTY_ASSIGNED_CONTEXT ( ( #2981 ) ) GLOBAL_UNIT_ASSIGNED_CONTEXT ( ( #3126, #1416, #1737 ) ) REPRESENTATION_CONTEXT ( 'NONE', 'WORKASPACE' ) );
#1903 = DIRECTION ( 'NONE',  ( -0.000000000000000000, -0.000000000000000000, -1.000000000000000000 ) ) ;
#1904 = CARTESIAN_POINT ( 'NONE',  ( 120.3138807884185866, 234.0000000007144081, 20.00000000000000355 ) ) ;
#1905 = CYLINDRICAL_SURFACE ( 'NONE', #1817, 9.600000000000004974 ) ;
#1906 = ORIENTED_EDGE ( 'NONE', *, *, #3170, .T. ) ;
#1907 = DIRECTION ( 'NONE',  ( -1.000000000000000000, 0.000000000000000000, 0.000000000000000000 ) ) ;
#1908 = EDGE_CURVE ( 'NONE', #3601, #1012, #1077, .T. ) ;
#1909 = CARTESIAN_POINT ( 'NONE',  ( 110.3060792097800942, 7.259439495471841752, 22.26158415727748618 ) ) ;
#1910 = CARTESIAN_POINT ( 'NONE',  ( 3.252606517456513302E-18, 224.9999999999999432, 0.000000000000000000 ) ) ;
#1911 = ORIENTED_EDGE ( 'NONE', *, *, #2505, .T. ) ;
#1912 = CARTESIAN_POINT ( 'NONE',  ( 115.8189665448613113, 221.9065640773566201, 20.01581231371903513 ) ) ;
#1913 = DIRECTION ( 'NONE',  ( -1.000000000000000000, 0.000000000000000000, 0.000000000000000000 ) ) ;
#1914 = ORIENTED_EDGE ( 'NONE', *, *, #849, .T. ) ;
#1915 = CARTESIAN_POINT ( 'NONE',  ( 3.252606517456513302E-18, 8.650978987742421467, 0.000000000000000000 ) ) ;
#1916 = CARTESIAN_POINT ( 'NONE',  ( 128.9999999999999716, 219.0000000000000000, 19.00000000000000355 ) ) ;
#1917 = FACE_BOUND ( 'NONE', #1629, .T. ) ;
#1918 = EDGE_LOOP ( 'NONE', ( #2237, #1451 ) ) ;
#1919 = CARTESIAN_POINT ( 'NONE',  ( 3.383447370226023043, 233.7346879937906010, 79.99999999999997158 ) ) ;
#1920 = CARTESIAN_POINT ( 'NONE',  ( 11.48577903207998396, 124.1256471080861843, 79.91218874784809145 ) ) ;
#1921 = CARTESIAN_POINT ( 'NONE',  ( 4.696586640911165844, 0.6564865845417335866, 79.99999999999998579 ) ) ;
#1922 = DIRECTION ( 'NONE',  ( -0.8528513040762698560, 0.000000000000000000, 0.5221538596385226771 ) ) ;
#1923 = AXIS2_PLACEMENT_3D ( 'NONE', #3866, #4295, #662 ) ;
#1924 = CARTESIAN_POINT ( 'NONE',  ( 122.2674655196756817, 234.9433962240097173, 18.99999999999998934 ) ) ;
#1925 = FACE_OUTER_BOUND ( 'NONE', #3443, .T. ) ;
#1926 = ORIENTED_EDGE ( 'NONE', *, *, #1337, .F. ) ;
#1927 = FACE_BOUND ( 'NONE', #2330, .T. ) ;
#1928 = CARTESIAN_POINT ( 'NONE',  ( 113.9999999999999858, 234.0000000000000284, 20.00000000000000355 ) ) ;
#1929 = AXIS2_PLACEMENT_3D ( 'NONE', #3237, #46, #4605 ) ;
#1930 = CARTESIAN_POINT ( 'NONE',  ( 120.3467245292161891, 235.0000000000000853, 19.00000000000000711 ) ) ;
#1931 = ADVANCED_FACE ( 'NONE', ( #2594 ), #1905, .F. ) ;
#1932 = EDGE_CURVE ( 'NONE', #1679, #3079, #4066, .T. ) ;
#1933 = CARTESIAN_POINT ( 'NONE',  ( 129.8789551017901545, 6.790904114501456590, 0.000000000000000000 ) ) ;
#1934 = CARTESIAN_POINT ( 'NONE',  ( 15.48576697576418759, 224.1173103800667548, 78.89669066604101033 ) ) ;
#1935 = EDGE_LOOP ( 'NONE', ( #2652, #3213 ) ) ;
#1936 = CARTESIAN_POINT ( 'NONE',  ( 2.189048890524494695, 2.204363725016921904, 0.000000000000000000 ) ) ;
#1937 = CARTESIAN_POINT ( 'NONE',  ( 115.3481646457351815, 222.5555555555555998, 19.01854466009679356 ) ) ;
#1938 = FACE_OUTER_BOUND ( 'NONE', #4018, .T. ) ;
#1939 = VECTOR ( 'NONE', #1718, 1000.000000000000000 ) ;
#1940 = CARTESIAN_POINT ( 'NONE',  ( 7.221237210066250078, 0.09270574142106212390, 79.00000000000000000 ) ) ;
#1941 = EDGE_LOOP ( 'NONE', ( #263, #2566, #118, #3349 ) ) ;
#1942 = CARTESIAN_POINT ( 'NONE',  ( 0.1685571315254900393, 228.2872729160590382, 80.00000000000001421 ) ) ;
#1943 = VERTEX_POINT ( 'NONE', #1210 ) ;
#1944 = CARTESIAN_POINT ( 'NONE',  ( 5.701912196623265316, 0.3604223139462526815, 79.00000000000000000 ) ) ;
#1945 = DIRECTION ( 'NONE',  ( 0.5221538596385307818, 0.000000000000000000, 0.8528513040762648600 ) ) ;
#1946 = CARTESIAN_POINT ( 'NONE',  ( 126.2883719399073783, 233.9088059586166821, 19.00000000000000355 ) ) ;
#1947 = DIRECTION ( 'NONE',  ( -1.000000000000000000, 2.168404344971010101E-17, 0.000000000000000000 ) ) ;
#1948 = ORIENTED_EDGE ( 'NONE', *, *, #3163, .T. ) ;
#1949 = DIRECTION ( 'NONE',  ( -0.000000000000000000, -0.000000000000000000, -1.000000000000000000 ) ) ;
#1950 = LINE ( 'NONE', #3391, #1609 ) ;
#1951 = EDGE_CURVE ( 'NONE', #3067, #4521, #4266, .T. ) ;
#1952 = CARTESIAN_POINT ( 'NONE',  ( 116.2376864133164247, 11.88888888888889994, 20.01685878190617629 ) ) ;
#1953 = FACE_OUTER_BOUND ( 'NONE', #1955, .T. ) ;
#1954 = DIRECTION ( 'NONE',  ( -1.000000000000000000, 0.000000000000000000, 0.000000000000000000 ) ) ;
#1955 = EDGE_LOOP ( 'NONE', ( #2792, #1493, #1002, #3878 ) ) ;
#1956 = EDGE_CURVE ( 'NONE', #4287, #3730, #851, .T. ) ;
#1957 = EDGE_CURVE ( 'NONE', #2770, #1791, #2042, .T. ) ;
#1958 = FACE_OUTER_BOUND ( 'NONE', #2955, .T. ) ;
#1959 = EDGE_LOOP ( 'NONE', ( #2297, #196, #177, #1680, #3916 ) ) ;
#1960 = LINE ( 'NONE', #1316, #297 ) ;
#1961 = EDGE_CURVE ( 'NONE', #2202, #2728, #1594, .T. ) ;
#1962 = TOROIDAL_SURFACE ( 'NONE', #3981, 7.000000000000007105, 1.000000000000000000 ) ;
#1963 = AXIS2_PLACEMENT_3D ( 'NONE', #1364, #3862, #4242 ) ;
#1964 = VECTOR ( 'NONE', #3435, 1000.000000000000000 ) ;
#1965 = FACE_OUTER_BOUND ( 'NONE', #1175, .T. ) ;
#1966 = ORIENTED_EDGE ( 'NONE', *, *, #1337, .T. ) ;
#1967 = LINE ( 'NONE', #1295, #2772 ) ;
#1968 = CARTESIAN_POINT ( 'NONE',  ( 14.76172747904540650, 10.33592587148649322, 79.87479559853305489 ) ) ;
#1969 = CIRCLE ( 'NONE', #856, 1.000000000000000000 ) ;
#1970 = CIRCLE ( 'NONE', #3178, 9.999999999999994671 ) ;
#1971 = CARTESIAN_POINT ( 'NONE',  ( 107.0333704529042080, 228.0000000000000284, 23.09274605559143723 ) ) ;
#1972 = CARTESIAN_POINT ( 'NONE',  ( 128.4144926255657424, 232.0892567762223564, 19.00000000000000355 ) ) ;
#1973 = CARTESIAN_POINT ( 'NONE',  ( 114.2965920464440899, 11.12082892923200639, 20.28815486647085109 ) ) ;
#1974 = ORIENTED_EDGE ( 'NONE', *, *, #2805, .F. ) ;
#1975 = AXIS2_PLACEMENT_3D ( 'NONE', #124, #1903, #2637 ) ;
#1976 = CARTESIAN_POINT ( 'NONE',  ( 3.252606517456513302E-18, 224.9999999999999432, 80.00000000000000000 ) ) ;
#1977 = CARTESIAN_POINT ( 'NONE',  ( 129.9999999999999716, 9.653275470785287027, 19.00000000000000355 ) ) ;
#1978 = CARTESIAN_POINT ( 'NONE',  ( 3.372910181062293677, 2.488619641716790287, 80.00000000000000000 ) ) ;
#1979 = CARTESIAN_POINT ( 'NONE',  ( 129.9978270467416621, 225.6959553916349535, 19.00000000000003908 ) ) ;
#1980 = DIRECTION ( 'NONE',  ( -1.000000000000000000, 2.081668171172168513E-17, -3.083952846180989689E-15 ) ) ;
#1981 = CARTESIAN_POINT ( 'NONE',  ( 127.7956362749830816, 2.189048890524475155, 18.99999999999999645 ) ) ;
#1982 = ADVANCED_FACE ( 'NONE', ( #300 ), #2240, .T. ) ;
#1983 = CARTESIAN_POINT ( 'NONE',  ( 115.6374921427478029, 10.97837948889434401, 20.06377959387584653 ) ) ;
#1984 = ORIENTED_EDGE ( 'NONE', *, *, #3290, .T. ) ;
#1985 = DIRECTION ( 'NONE',  ( 0.000000000000000000, 0.000000000000000000, -1.000000000000000000 ) ) ;
#1986 = CARTESIAN_POINT ( 'NONE',  ( 116.8181098962976421, 235.0500000000000398, 30.00000000000000711 ) ) ;
#1987 = EDGE_CURVE ( 'NONE', #1152, #3646, #2329, .T. ) ;
#1988 = ORIENTED_EDGE ( 'NONE', *, *, #876, .T. ) ;
#1989 = CARTESIAN_POINT ( 'NONE',  ( 2.130139737358640151, 231.1111103645975788, 80.00000000000001421 ) ) ;
#1990 = EDGE_CURVE ( 'NONE', #529, #3280, #2713, .T. ) ;
#1991 = CARTESIAN_POINT ( 'NONE',  ( 108.9430372653279164, 228.0000000000000568, 23.09609963347271133 ) ) ;
#1992 = ORIENTED_EDGE ( 'NONE', *, *, #4313, .F. ) ;
#1993 = DIRECTION ( 'NONE',  ( 0.000000000000000000, -1.000000000000000000, 0.000000000000000000 ) ) ;
#1994 = LINE ( 'NONE', #226, #3946 ) ;
#1995 = CARTESIAN_POINT ( 'NONE',  ( 1.000000000000000000, 10.00000000000000178, 80.00000000000000000 ) ) ;
#1996 = CARTESIAN_POINT ( 'NONE',  ( 126.2883719407742973, 233.9088059601671148, 19.99999999999808153 ) ) ;
#1997 = CARTESIAN_POINT ( 'NONE',  ( 114.7784471512439950, 11.65593611987834421, 20.16846476245140707 ) ) ;
#1998 = ORIENTED_EDGE ( 'NONE', *, *, #3934, .F. ) ;
#1999 = CARTESIAN_POINT ( 'NONE',  ( 110.7070495323311121, 226.3007570671092026, 20.61863565516109276 ) ) ;
#2000 = DIRECTION ( 'NONE',  ( -0.000000000000000000, -0.000000000000000000, -1.000000000000000000 ) ) ;
#2001 = CARTESIAN_POINT ( 'NONE',  ( 129.2790124448768267, 230.4777364247798914, 19.00000000000000711 ) ) ;
#2002 = CARTESIAN_POINT ( 'NONE',  ( 6.548209270897897838, 234.8237397525650749, 79.00000000000000000 ) ) ;
#2003 = CARTESIAN_POINT ( 'NONE',  ( 115.3481646457352099, 12.44444444444444819, 19.01854466009679356 ) ) ;
#2004 = ORIENTED_EDGE ( 'NONE', *, *, #3774, .F. ) ;
#2005 = AXIS2_PLACEMENT_3D ( 'NONE', #2730, #3820, #1685 ) ;
#2006 = ORIENTED_EDGE ( 'NONE', *, *, #2797, .F. ) ;
#2007 = VECTOR ( 'NONE', #2474, 1000.000000000000000 ) ;
#2008 = VERTEX_POINT ( 'NONE', #2760 ) ;
#2009 = DIRECTION ( 'NONE',  ( -1.000000000000000000, 0.000000000000000000, 0.000000000000000000 ) ) ;
#2010 = CARTESIAN_POINT ( 'NONE',  ( 114.9393473732592952, 224.8580512155816962, 20.17180189283088865 ) ) ;
#2011 = EDGE_CURVE ( 'NONE', #3444, #419, #4131, .T. ) ;
#2012 = FACE_OUTER_BOUND ( 'NONE', #1741, .T. ) ;
#2013 = CARTESIAN_POINT ( 'NONE',  ( 130.0000000000000000, 9.681925358068120602, 19.00000000000000355 ) ) ;
#2014 = VERTEX_POINT ( 'NONE', #230 ) ;
#2015 = DIRECTION ( 'NONE',  ( 9.505334114941407284E-17, -1.000000000000000000, 0.000000000000000000 ) ) ;
#2016 = CARTESIAN_POINT ( 'NONE',  ( 14.30299255577752504, 11.27666361383811200, 79.93795139804525718 ) ) ;
#2017 = EDGE_CURVE ( 'NONE', #3491, #2288, #2187, .T. ) ;
#2018 = EDGE_CURVE ( 'NONE', #3512, #3276, #2364, .T. ) ;
#2019 = FACE_OUTER_BOUND ( 'NONE', #3046, .T. ) ;
#2020 = CARTESIAN_POINT ( 'NONE',  ( 123.2669745548889182, 234.8343177949047060, 20.00000000000000355 ) ) ;
#2021 = CARTESIAN_POINT ( 'NONE',  ( 8.000000000000028422, 8.000000000000001776, 0.000000000000000000 ) ) ;
#2022 = ORIENTED_EDGE ( 'NONE', *, *, #3432, .F. ) ;
#2023 = CARTESIAN_POINT ( 'NONE',  ( 113.7181780806913736, 225.9687601467565514, 20.49002987073811966 ) ) ;
#2024 = DIRECTION ( 'NONE',  ( -0.000000000000000000, -0.000000000000000000, 1.000000000000000000 ) ) ;
#2025 = CARTESIAN_POINT ( 'NONE',  ( 129.5949665955926946, 229.4784197093246121, 19.00000000000000355 ) ) ;
#2026 = LINE ( 'NONE', #2334, #1647 ) ;
#2027 = CARTESIAN_POINT ( 'NONE',  ( 13.18189010370237391, 0.9999999999999997780, 70.00000000000000000 ) ) ;
#2028 = CARTESIAN_POINT ( 'NONE',  ( 121.9999999999999716, 227.0000000000000284, 19.00000000000000355 ) ) ;
#2029 = ORIENTED_EDGE ( 'NONE', *, *, #3842, .T. ) ;
#2030 = ORIENTED_EDGE ( 'NONE', *, *, #2597, .F. ) ;
#2031 = ORIENTED_EDGE ( 'NONE', *, *, #3224, .T. ) ;
#2032 = CARTESIAN_POINT ( 'NONE',  ( 10.00000000000000000, -2.276824562219559311E-16, 0.000000000000000000 ) ) ;
#2033 = CARTESIAN_POINT ( 'NONE',  ( 0.3567915785054686650, 5.716937261639731815, 80.00000000000001421 ) ) ;
#2034 = ADVANCED_FACE ( 'NONE', ( #1481 ), #161, .F. ) ;
#2035 = CARTESIAN_POINT ( 'NONE',  ( 129.9875119603111955, 8.721540560439260403, 20.00000000000000355 ) ) ;
#2036 = ORIENTED_EDGE ( 'NONE', *, *, #1956, .F. ) ;
#2037 = CARTESIAN_POINT ( 'NONE',  ( 12.00000000000000711, 220.0717967697245285, 80.00000000000000000 ) ) ;
#2038 = LINE ( 'NONE', #4151, #3354 ) ;
#2039 = FACE_OUTER_BOUND ( 'NONE', #2215, .T. ) ;
#2040 = CARTESIAN_POINT ( 'NONE',  ( 0.1659621962165785947, 6.731059511757426783, 80.00000000000001421 ) ) ;
#2041 = AXIS2_PLACEMENT_3D ( 'NONE', #3307, #2168, #1865 ) ;
#2042 = CIRCLE ( 'NONE', #1226, 1.000000000000000444 ) ;
#2043 = CARTESIAN_POINT ( 'NONE',  ( 129.8933232482403923, 227.7782532718264576, 19.00000000000000355 ) ) ;
#2044 = ADVANCED_FACE ( 'NONE', ( #3915 ), #1743, .F. ) ;
#2045 = DIRECTION ( 'NONE',  ( -0.000000000000000000, -0.000000000000000000, 1.000000000000000000 ) ) ;
#2046 = ORIENTED_EDGE ( 'NONE', *, *, #2163, .T. ) ;
#2047 = FACE_OUTER_BOUND ( 'NONE', #2403, .T. ) ;
#2048 = CARTESIAN_POINT ( 'NONE',  ( 107.0333704529042222, 18.00000000000000355, 80.00000000000000000 ) ) ;
#2049 = AXIS2_PLACEMENT_3D ( 'NONE', #1318, #3697, #86 ) ;
#2050 = VECTOR ( 'NONE', #3745, 1000.000000000000000 ) ;
#2051 = B_SPLINE_CURVE_WITH_KNOTS ( 'NONE', 3,
 ( #207, #952, #595, #3075, #1623, #3498, #294, #1968, #3474, #3120, #2016, #1710, #3409, #247 ),
 .UNSPECIFIED., .F., .F.,
 ( 4, 2, 2, 2, 2, 2, 4 ),
 ( 0.000000000000000000, 0.0007858094487973252013, 0.001571618897594653222, 0.003143237795189313382, 0.003929047243986641402, 0.004714856692783969856, 0.006286475590378624162 ),
 .UNSPECIFIED. ) ;
#2052 = CARTESIAN_POINT ( 'NONE',  ( 8.000000000000021316, 62.75000000000000000, 50.00000000000000000 ) ) ;
#2053 = COLOUR_RGB ( '',0.7921568627450980005, 0.8196078431372548767, 0.9333333333333333481 ) ;
#2054 = CARTESIAN_POINT ( 'NONE',  ( 115.3481646457351815, 222.5555555555555998, 0.000000000000000000 ) ) ;
#2055 = AXIS2_PLACEMENT_3D ( 'NONE', #4442, #2671, #4401 ) ;
#2056 = EDGE_CURVE ( 'NONE', #567, #3450, #729, .T. ) ;
#2057 = CARTESIAN_POINT ( 'NONE',  ( 15.13915943657293894, 225.9699874872590613, 79.80667897115471021 ) ) ;
#2058 = ORIENTED_EDGE ( 'NONE', *, *, #3504, .T. ) ;
#2059 = DIRECTION ( 'NONE',  ( 9.505334114941407284E-17, -1.000000000000000000, 0.000000000000000000 ) ) ;
#2060 = ORIENTED_EDGE ( 'NONE', *, *, #726, .F. ) ;
#2061 = ORIENTED_EDGE ( 'NONE', *, *, #3023, .T. ) ;
#2062 = CARTESIAN_POINT ( 'NONE',  ( 124.0999999999999943, 8.000000000000000000, 15.00000000000000000 ) ) ;
#2063 = LINE ( 'NONE', #3903, #3467 ) ;
#2064 = CARTESIAN_POINT ( 'NONE',  ( 130.0000000007319727, 9.681925358081317157, 20.00000000000000355 ) ) ;
#2065 = ORIENTED_EDGE ( 'NONE', *, *, #791, .T. ) ;
#2066 = CARTESIAN_POINT ( 'NONE',  ( 110.7070495323311263, 8.699242932890834723, 20.61863565516107499 ) ) ;
#2067 = CARTESIAN_POINT ( 'NONE',  ( 15.12223802211697965, 228.0000000000000284, 79.80994648076655551 ) ) ;
#2068 = CARTESIAN_POINT ( 'NONE',  ( 8.393512929100396036, 0.02069026003883136719, 80.00000000000001421 ) ) ;
#2069 = CARTESIAN_POINT ( 'NONE',  ( 12.00000000000002842, 14.92820323027551410, 80.00000000000000000 ) ) ;
#2070 = CARTESIAN_POINT ( 'NONE',  ( 112.7250707609745035, 9.758809965705898648, 20.84597380852010318 ) ) ;
#2071 = ORIENTED_EDGE ( 'NONE', *, *, #4489, .T. ) ;
#2072 = CARTESIAN_POINT ( 'NONE',  ( 115.3481646457351815, 222.5555555555555998, 19.01854466009679356 ) ) ;
#2073 = ADVANCED_FACE ( 'NONE', ( #2253, #1917, #877, #3709 ), #1530, .F. ) ;
#2074 = CARTESIAN_POINT ( 'NONE',  ( 8.000000000000001776, 227.0000000000000284, 15.00000000000000000 ) ) ;
#2075 = CARTESIAN_POINT ( 'NONE',  ( 3.281789093431147997, 233.6712510558200790, 79.00000000000001421 ) ) ;
#2076 = CARTESIAN_POINT ( 'NONE',  ( 12.00000000000001776, 110.5717967697245001, 79.00000000000000000 ) ) ;
#2077 = DIRECTION ( 'NONE',  ( -0.000000000000000000, -0.000000000000000000, -1.000000000000000000 ) ) ;
#2078 = ORIENTED_EDGE ( 'NONE', *, *, #1314, .F. ) ;
#2079 = LINE ( 'NONE', #306, #2050 ) ;
#2080 = ORIENTED_EDGE ( 'NONE', *, *, #1822, .T. ) ;
#2081 = EDGE_CURVE ( 'NONE', #3825, #3730, #1227, .T. ) ;
#2082 = VERTEX_POINT ( 'NONE', #4032 ) ;
#2083 = CARTESIAN_POINT ( 'NONE',  ( 15.63354177519543242, 7.463247136001828430, 79.58437753376905732 ) ) ;
#2084 = CIRCLE ( 'NONE', #152, 2.099999999999996980 ) ;
#2085 = CARTESIAN_POINT ( 'NONE',  ( 120.0000000000000142, -2.517517444511341690E-15, 0.000000000000000000 ) ) ;
#2086 = CARTESIAN_POINT ( 'NONE',  ( 127.2421548569796954, 1.699632651400068362, 19.99999999999836575 ) ) ;
#2087 = VERTEX_POINT ( 'NONE', #3355 ) ;
#2088 = CARTESIAN_POINT ( 'NONE',  ( 129.0000000000000000, 9.686114600299204014, 20.00000000000000711 ) ) ;
#2089 = CARTESIAN_POINT ( 'NONE',  ( 15.99993280383156957, 7.967210761215264725, 78.81445915522107271 ) ) ;
#2090 = CARTESIAN_POINT ( 'NONE',  ( 0.1055006799159819986, 7.232553807365040832, 80.00000000000001421 ) ) ;
#2091 =( BOUNDED_CURVE ( )  B_SPLINE_CURVE ( 3, ( #3473, #1368, #4223, #2066 ),
 .UNSPECIFIED., .F., .T. ) 
 B_SPLINE_CURVE_WITH_KNOTS ( ( 4, 4 ),
 ( 4.712388980384689674, 5.088566437704916012 ),
 .UNSPECIFIED. ) 
 CURVE ( )  GEOMETRIC_REPRESENTATION_ITEM ( )  RATIONAL_B_SPLINE_CURVE ( ( 1.000000000000000000, 0.9882422679207505389, 0.9882422679207505389, 1.000000000000000000 ) ) 
 REPRESENTATION_ITEM ( '' )  );
#2092 = CARTESIAN_POINT ( 'NONE',  ( 129.0000000007127028, 225.3150666733475589, 20.00000000000000355 ) ) ;
#2093 = CARTESIAN_POINT ( 'NONE',  ( 124.1441791268268986, 234.6696137869651579, 19.00000000000000355 ) ) ;
#2094 = ORIENTED_EDGE ( 'NONE', *, *, #3636, .T. ) ;
#2095 = CARTESIAN_POINT ( 'NONE',  ( 113.9262325278229468, 225.8017671346130442, 20.42499742189618672 ) ) ;
#2096 = AXIS2_PLACEMENT_3D ( 'NONE', #2842, #1037, #4264 ) ;
#2097 = DIRECTION ( 'NONE',  ( -1.000000000000000000, 0.000000000000000000, 0.000000000000000000 ) ) ;
#2098 = ORIENTED_EDGE ( 'NONE', *, *, #4167, .F. ) ;
#2099 = DIRECTION ( 'NONE',  ( -1.000000000000000000, 0.000000000000000000, 0.000000000000000000 ) ) ;
#2100 = EDGE_CURVE ( 'NONE', #2728, #1469, #2733, .T. ) ;
#2101 = ORIENTED_EDGE ( 'NONE', *, *, #751, .F. ) ;
#2102 = ADVANCED_FACE ( 'NONE', ( #506 ), #2982, .T. ) ;
#2103 = ORIENTED_EDGE ( 'NONE', *, *, #3141, .F. ) ;
#2104 = LINE ( 'NONE', #335, #4269 ) ;
#2105 = EDGE_CURVE ( 'NONE', #803, #3857, #3328, .T. ) ;
#2106 = CARTESIAN_POINT ( 'NONE',  ( 125.6424173720907476, 0.7846066378166125510, 19.00000000000000355 ) ) ;
#2107 = ORIENTED_EDGE ( 'NONE', *, *, #2212, .F. ) ;
#2108 = CARTESIAN_POINT ( 'NONE',  ( 122.5155815528738827, 1.071926227226539963, 20.00000000000000355 ) ) ;
#2109 = DIRECTION ( 'NONE',  ( -1.175695275307813564E-32, 1.267377881992187638E-16, -1.000000000000000000 ) ) ;
#2110 = CARTESIAN_POINT ( 'NONE',  ( 8.426101169682128855, 1.020400980800981516, 80.00000000000000000 ) ) ;
#2111 = CARTESIAN_POINT ( 'NONE',  ( 129.9793422022569302, 226.6075336866877592, 19.00000000000000355 ) ) ;
#2112 = CARTESIAN_POINT ( 'NONE',  ( 123.2090958866616717, 234.8789551015535437, 0.000000000000000000 ) ) ;
#2113 = ORIENTED_EDGE ( 'NONE', *, *, #4514, .F. ) ;
#2114 = CARTESIAN_POINT ( 'NONE',  ( 9.363370449459692324, 234.9981714730153044, 80.00000000000218847 ) ) ;
#2115 = CARTESIAN_POINT ( 'NONE',  ( 126.7217360354704567, 1.330627882528008010, 19.00000000000000000 ) ) ;
#2116 = TOROIDAL_SURFACE ( 'NONE', #3768, 9.000000000000001776, 1.000000000000000000 ) ;
#2117 = CARTESIAN_POINT ( 'NONE',  ( 10.10000000000002451, 8.000000000000001776, 15.00000000000000000 ) ) ;
#2118 = ORIENTED_EDGE ( 'NONE', *, *, #2545, .T. ) ;
#2119 = CIRCLE ( 'NONE', #1306, 9.600000000000004974 ) ;
#2120 = CARTESIAN_POINT ( 'NONE',  ( 119.9000000000000057, 8.000000000000000000, 15.00000000000000000 ) ) ;
#2121 = CIRCLE ( 'NONE', #860, 2.099999999999996092 ) ;
#2122 = AXIS2_PLACEMENT_3D ( 'NONE', #3032, #2321, #1292 ) ;
#2123 = CARTESIAN_POINT ( 'NONE',  ( 115.8114149044891548, 13.08512092543877081, 19.00000000240124010 ) ) ;
#2124 = ORIENTED_EDGE ( 'NONE', *, *, #2740, .F. ) ;
#2125 = DIRECTION ( 'NONE',  ( -1.000000000000000000, 0.000000000000000000, 0.000000000000000000 ) ) ;
#2126 = DIRECTION ( 'NONE',  ( -1.000000000000000000, 0.000000000000000000, 0.000000000000000000 ) ) ;
#2127 = CARTESIAN_POINT ( 'NONE',  ( 128.8443279479535590, 6.876142461773982362, 20.00000000000000355 ) ) ;
#2128 = EDGE_LOOP ( 'NONE', ( #1768, #2124, #2337, #2385, #2113, #2416, #1747, #493, #342, #2699, #1100, #2541, #113, #1715, #77, #619, #3356, #3160, #3000, #1270, #1753, #311 ) ) ;
#2129 = LINE ( 'NONE', #3568, #3210 ) ;
#2130 = CARTESIAN_POINT ( 'NONE',  ( 15.47784614036148199, 228.0000000000000284, 79.14714869592374669 ) ) ;
#2131 = CARTESIAN_POINT ( 'NONE',  ( 14.43085297477313311, 223.9501960800017457, 79.92237813778756106 ) ) ;
#2132 = EDGE_CURVE ( 'NONE', #1638, #3419, #157, .T. ) ;
#2133 = CARTESIAN_POINT ( 'NONE',  ( 129.9874215410139868, 226.2843705610311815, 19.00000000000434852 ) ) ;
#2134 = DIRECTION ( 'NONE',  ( -0.000000000000000000, -0.000000000000000000, -1.000000000000000000 ) ) ;
#2135 = ORIENTED_EDGE ( 'NONE', *, *, #3432, .T. ) ;
#2136 = CARTESIAN_POINT ( 'NONE',  ( 6.731059511608947332, 234.8340378050778554, 79.00000000000000000 ) ) ;
#2137 = FACE_OUTER_BOUND ( 'NONE', #922, .T. ) ;
#2138 = DIRECTION ( 'NONE',  ( -0.000000000000000000, -0.000000000000000000, -1.000000000000000000 ) ) ;
#2139 = ORIENTED_EDGE ( 'NONE', *, *, #2426, .F. ) ;
#2140 = DIRECTION ( 'NONE',  ( -0.000000000000000000, -0.000000000000000000, -1.000000000000000000 ) ) ;
#2141 = CARTESIAN_POINT ( 'NONE',  ( 111.5965712999122985, 227.2308327738201115, 21.47148695923736739 ) ) ;
#2142 = ORIENTED_EDGE ( 'NONE', *, *, #3719, .T. ) ;
#2143 = FACE_OUTER_BOUND ( 'NONE', #189, .T. ) ;
#2144 = CARTESIAN_POINT ( 'NONE',  ( 8.000000000000028422, 8.000000000000001776, 15.00000000000000000 ) ) ;
#2145 = CIRCLE ( 'NONE', #1923, 10.00000000000000000 ) ;
#2146 = CARTESIAN_POINT ( 'NONE',  ( 127.3208773416416335, 3.128956012787022178, 20.00000000000000355 ) ) ;
#2147 = ORIENTED_EDGE ( 'NONE', *, *, #1612, .F. ) ;
#2148 = CARTESIAN_POINT ( 'NONE',  ( 128.6705125682889275, 5.951230534637018899, 20.00000000000000000 ) ) ;
#2149 = FACE_OUTER_BOUND ( 'NONE', #1729, .T. ) ;
#2150 = EDGE_CURVE ( 'NONE', #1702, #3825, #2201, .T. ) ;
#2151 = AXIS2_PLACEMENT_3D ( 'NONE', #114, #1525, #4029 ) ;
#2152 = CARTESIAN_POINT ( 'NONE',  ( 9.412453702423468016, 219.0000000000000568, 22.44644157593612377 ) ) ;
#2153 = CARTESIAN_POINT ( 'NONE',  ( 2.126566240424134335, 3.895029607140870098, 79.99999999999998579 ) ) ;
#2154 = ORIENTED_EDGE ( 'NONE', *, *, #533, .F. ) ;
#2155 = CARTESIAN_POINT ( 'NONE',  ( 5.376503990057265980, 234.5573780537046105, 80.00000000000001421 ) ) ;
#2156 = EDGE_CURVE ( 'NONE', #4357, #2008, #3429, .T. ) ;
#2157 = CARTESIAN_POINT ( 'NONE',  ( 129.9999999999999716, 219.0000000000000000, 0.000000000000000000 ) ) ;
#2158 = DIRECTION ( 'NONE',  ( -1.000000000000000000, 0.000000000000000000, 0.000000000000000000 ) ) ;
#2159 = CARTESIAN_POINT ( 'NONE',  ( 5.599999999999990763, 227.0000000000000284, 0.000000000000000000 ) ) ;
#2160 = CYLINDRICAL_SURFACE ( 'NONE', #123, 9.999999999999994671 ) ;
#2161 = EDGE_LOOP ( 'NONE', ( #3881, #797, #455, #354 ) ) ;
#2162 = LINE ( 'NONE', #1465, #3100 ) ;
#2163 = EDGE_CURVE ( 'NONE', #2920, #1122, #518, .T. ) ;
#2164 = PLANE ( 'NONE',  #2191 ) ;
#2165 = CIRCLE ( 'NONE', #3886, 8.000000000000007105 ) ;
#2166 = CARTESIAN_POINT ( 'NONE',  ( 116.4127092090427880, 12.17703403587321276, 20.00668289252654120 ) ) ;
#2167 = ORIENTED_EDGE ( 'NONE', *, *, #2797, .T. ) ;
#2168 = DIRECTION ( 'NONE',  ( -0.000000000000000000, 1.000000000000000000, -0.000000000000000000 ) ) ;
#2169 = CARTESIAN_POINT ( 'NONE',  ( 127.0892567751536149, 1.585507375988779222, 20.00000000000000355 ) ) ;
#2170 = ORIENTED_EDGE ( 'NONE', *, *, #1565, .F. ) ;
#2171 = CARTESIAN_POINT ( 'NONE',  ( 124.9802900881783216, 1.579673444185132558, 20.00000000000001066 ) ) ;
#2172 = DIRECTION ( 'NONE',  ( -1.000000000000000000, 0.000000000000000000, 0.000000000000000000 ) ) ;
#2173 = CARTESIAN_POINT ( 'NONE',  ( 17.88127484044914794, 228.0000000000000284, 77.67566173668639351 ) ) ;
#2174 = ADVANCED_FACE ( 'NONE', ( #1874 ), #1595, .F. ) ;
#2175 = CARTESIAN_POINT ( 'NONE',  ( 15.95691266849711276, 8.964288253851503185, 78.82249695381612753 ) ) ;
#2176 = CARTESIAN_POINT ( 'NONE',  ( 5.933865791397419542, 1.333643391212864904, 80.00000000000000000 ) ) ;
#2177 = VERTEX_POINT ( 'NONE', #571 ) ;
#2178 = CARTESIAN_POINT ( 'NONE',  ( 6.731059511764857284, 234.8340378037847245, 79.99999999999997158 ) ) ;
#2179 = ORIENTED_EDGE ( 'NONE', *, *, #4054, .T. ) ;
#2180 = EDGE_CURVE ( 'NONE', #1469, #2634, #416, .T. ) ;
#2181 = DIRECTION ( 'NONE',  ( 0.7071067811865695552, 8.659560562355202797E-17, -0.7071067811865254793 ) ) ;
#2182 = DIRECTION ( 'NONE',  ( -9.505334114941407284E-17, 1.000000000000000000, 0.000000000000000000 ) ) ;
#2183 = ORIENTED_EDGE ( 'NONE', *, *, #4024, .F. ) ;
#2184 = CYLINDRICAL_SURFACE ( 'NONE', #1232, 2.099999999999996980 ) ;
#2185 = ADVANCED_FACE ( 'NONE', ( #268 ), #2415, .F. ) ;
#2186 = AXIS2_PLACEMENT_3D ( 'NONE', #2968, #3671, #2568 ) ;
#2187 = CIRCLE ( 'NONE', #193, 2.099999999999990763 ) ;
#2188 = DIRECTION ( 'NONE',  ( 0.000000000000000000, 0.000000000000000000, -1.000000000000000000 ) ) ;
#2189 = CARTESIAN_POINT ( 'NONE',  ( 8.650978987852136370, 234.9999999999999716, 0.000000000000000000 ) ) ;
#2190 = ORIENTED_EDGE ( 'NONE', *, *, #1700, .T. ) ;
#2191 = AXIS2_PLACEMENT_3D ( 'NONE', #3091, #3603, #64 ) ;
#2192 = AXIS2_PLACEMENT_3D ( 'NONE', #2581, #1869, #3680 ) ;
#2193 = CARTESIAN_POINT ( 'NONE',  ( 1.000000000000000000, 10.00000000000012079, 80.00000000000000000 ) ) ;
#2194 = DIRECTION ( 'NONE',  ( 0.000000000000000000, 0.000000000000000000, 1.000000000000000000 ) ) ;
#2195 = AXIS2_PLACEMENT_3D ( 'NONE', #4397, #3273, #2616 ) ;
#2196 = CARTESIAN_POINT ( 'NONE',  ( 123.4450790351629905, 1.206078896763761454, 20.00000000000000355 ) ) ;
#2197 = ORIENTED_EDGE ( 'NONE', *, *, #3023, .F. ) ;
#2198 = CARTESIAN_POINT ( 'NONE',  ( 125.8261476927170008, 233.0280241546566060, 20.00000000000000355 ) ) ;
#2199 = CARTESIAN_POINT ( 'NONE',  ( 113.9999999999999858, 235.0500000000000398, 20.00000000000000355 ) ) ;
#2200 = CARTESIAN_POINT ( 'NONE',  ( 14.25768039464876402, 13.00904113709850130, 78.99999999999995737 ) ) ;
#2201 = LINE ( 'NONE', #4433, #3556 ) ;
#2202 = VERTEX_POINT ( 'NONE', #204 ) ;
#2203 = LINE ( 'NONE', #1736, #523 ) ;
#2204 = EDGE_LOOP ( 'NONE', ( #3204, #1914, #2264, #1261 ) ) ;
#2205 = FACE_OUTER_BOUND ( 'NONE', #308, .T. ) ;
#2206 = CARTESIAN_POINT ( 'NONE',  ( 122.0000000000000000, 8.000000000000000000, 0.2999999999999951594 ) ) ;
#2207 = DIRECTION ( 'NONE',  ( 1.000000000000000000, 1.298723457950550903E-16, -0.000000000000000000 ) ) ;
#2208 = CARTESIAN_POINT ( 'NONE',  ( 12.00000000000002842, 14.92820323027551410, 80.00000000000000000 ) ) ;
#2209 = VERTEX_POINT ( 'NONE', #4124 ) ;
#2210 = DIRECTION ( 'NONE',  ( -0.6723096795126201064, 0.7402700148146202919, 0.000000000000000000 ) ) ;
#2211 = B_SPLINE_CURVE_WITH_KNOTS ( 'NONE', 3,
 ( #1598, #902, #2636, #120, #3035, #1249, #1186, #4417, #466, #2940 ),
 .UNSPECIFIED., .F., .F.,
 ( 4, 2, 2, 2, 4 ),
 ( 0.000000000000000000, 0.0002122903312574433120, 0.0004245806625148866240, 0.0008491613250297385534, 0.001698322650059504646 ),
 .UNSPECIFIED. ) ;
#2212 = EDGE_CURVE ( 'NONE', #3489, #110, #921, .T. ) ;
#2213 = CARTESIAN_POINT ( 'NONE',  ( 121.7311781774304791, 234.9752209258977871, 19.00000000000000711 ) ) ;
#2214 = CARTESIAN_POINT ( 'NONE',  ( 116.0778398814830155, 13.37847743610095463, 20.00000000000000711 ) ) ;
#2215 = EDGE_LOOP ( 'NONE', ( #4420, #2601, #886, #2378, #4557, #3770, #688, #239, #4474, #3819, #780, #3463, #2254 ) ) ;
#2216 = EDGE_CURVE ( 'NONE', #3901, #1048, #3841, .T. ) ;
#2217 = EDGE_CURVE ( 'NONE', #2082, #2424, #1246, .T. ) ;
#2218 = CARTESIAN_POINT ( 'NONE',  ( 115.3481646457351673, 222.5555555555555998, 19.01854466009679356 ) ) ;
#2219 = CARTESIAN_POINT ( 'NONE',  ( 5.900000000000019007, 117.5000000000000142, 0.3000000000000515032 ) ) ;
#2220 = CARTESIAN_POINT ( 'NONE',  ( 123.6155953375557175, 0.2202377081680761683, 18.99999999999782574 ) ) ;
#2221 = ORIENTED_EDGE ( 'NONE', *, *, #970, .T. ) ;
#2222 = LINE ( 'NONE', #3662, #1561 ) ;
#2223 = CARTESIAN_POINT ( 'NONE',  ( 0.000000000000000000, 172.2500000000000000, 50.00000000000000000 ) ) ;
#2224 = DIRECTION ( 'NONE',  ( -0.000000000000000000, -0.000000000000000000, 1.000000000000000000 ) ) ;
#2225 = CARTESIAN_POINT ( 'NONE',  ( 14.94005125710207516, 11.98698832902769773, 78.95653672667182832 ) ) ;
#2226 = AXIS2_PLACEMENT_3D ( 'NONE', #4246, #2515, #1043 ) ;
#2227 = UNCERTAINTY_MEASURE_WITH_UNIT (LENGTH_MEASURE( 1.000000000000000082E-05 ), #3152, 'distance_accuracy_value', 'NONE');
#2228 = DIRECTION ( 'NONE',  ( 0.7071067811865715536, 8.659560562355228681E-17, -0.7071067811865235919 ) ) ;
#2229 = ORIENTED_EDGE ( 'NONE', *, *, #2393, .T. ) ;
#2230 = CARTESIAN_POINT ( 'NONE',  ( 1.020400980801595248, 226.5738988303113217, 80.00000000000000000 ) ) ;
#2231 = ORIENTED_EDGE ( 'NONE', *, *, #4506, .F. ) ;
#2232 = CARTESIAN_POINT ( 'NONE',  ( 8.000000000000015987, 125.5000000000000284, 19.99999999999985079 ) ) ;
#2233 = AXIS2_PLACEMENT_3D ( 'NONE', #1321, #573, #1709 ) ;
#2234 = CARTESIAN_POINT ( 'NONE',  ( 17.88127484044914439, 0.9999999999999995559, 77.67566173668639351 ) ) ;
#2235 = CARTESIAN_POINT ( 'NONE',  ( 122.0000000000000000, 8.000000000000000000, 0.000000000000000000 ) ) ;
#2236 = DIRECTION ( 'NONE',  ( 0.000000000000000000, 0.000000000000000000, 1.000000000000000000 ) ) ;
#2237 = ORIENTED_EDGE ( 'NONE', *, *, #519, .T. ) ;
#2238 = CARTESIAN_POINT ( 'NONE',  ( 116.1796440650183087, 11.88888888888889639, 19.01854466009679356 ) ) ;
#2239 = ADVANCED_BREP_SHAPE_REPRESENTATION ( 'Control Box Outer', ( #4241, #4454 ), #1902 ) ;
#2240 =( BOUNDED_SURFACE ( )  B_SPLINE_SURFACE ( 3, 2, ( 
 ( #274, #3804, #978 ),
 ( #1628, #3103, #1001 ),
 ( #3756, #1997, #928 ),
 ( #1689, #1973, #210 ),
 ( #3058, #2423, #2402 ),
 ( #556, #3850, #2786 ),
 ( #3124, #1670, #1351 ),
 ( #4537, #2353, #645 ),
 ( #2377, #2070, #3502 ),
 ( #250, #1714, #577 ),
 ( #4508, #908, #4563 ),
 ( #4585, #1373, #2809 ) ),
 .UNSPECIFIED., .F., .F., .T. ) 
 B_SPLINE_SURFACE_WITH_KNOTS ( ( 4, 2, 2, 2, 2, 4 ),
 ( 3, 3 ),
 ( -3.469446951953614189E-18, 0.001722581098204102774, 0.002583871647306155896, 0.003445162196408209018, 0.005167743294612315262, 0.006890324392816421506 ),
 ( 0.000000000000000000, 1.000000000000000000 ),
 .UNSPECIFIED. ) 
 GEOMETRIC_REPRESENTATION_ITEM ( )  RATIONAL_B_SPLINE_SURFACE ( (
 ( 1.000000000000000000, 0.6898329442492766583, 1.000000000000000000),
 ( 1.000000000000000000, 0.6816113313981256860, 1.000000000000000000),
 ( 1.000000000000000000, 0.6733041770739041088, 1.000000000000000000),
 ( 1.000000000000000000, 0.6618030553873558430, 1.000000000000000000),
 ( 1.000000000000000000, 0.6581300987978299100, 1.000000000000000000),
 ( 1.000000000000000000, 0.6513076125483417966, 1.000000000000000000),
 ( 1.000000000000000000, 0.6481452500378280801, 1.000000000000000000),
 ( 1.000000000000000000, 0.6399178896171192621, 1.000000000000000000),
 ( 1.000000000000000000, 0.6360860276412679815, 1.000000000000000000),
 ( 1.000000000000000000, 0.6326428159703901821, 1.000000000000000000),
 ( 1.000000000000000000, 0.6330441020213136705, 1.000000000000000000),
 ( 1.000000000000000000, 0.6356797263403932696, 1.000000000000000000) ) ) 
 REPRESENTATION_ITEM ( '' )  SURFACE ( )  );
#2241 = CARTESIAN_POINT ( 'NONE',  ( 122.0755916134172452, 0.04693516363670258845, 0.000000000000000000 ) ) ;
#2242 = EDGE_CURVE ( 'NONE', #1604, #1152, #3495, .T. ) ;
#2243 = CARTESIAN_POINT ( 'NONE',  ( 8.000000000000001776, 227.0000000000000284, 79.00000000000000000 ) ) ;
#2244 = ORIENTED_EDGE ( 'NONE', *, *, #256, .F. ) ;
#2245 = CARTESIAN_POINT ( 'NONE',  ( 129.0000000000000000, 15.00000000000001421, 20.00000000000000355 ) ) ;
#2246 = CIRCLE ( 'NONE', #826, 9.000000000000001776 ) ;
#2247 = EDGE_CURVE ( 'NONE', #448, #89, #2681, .T. ) ;
#2248 = FACE_OUTER_BOUND ( 'NONE', #2820, .T. ) ;
#2249 = ORIENTED_EDGE ( 'NONE', *, *, #66, .T. ) ;
#2250 = CARTESIAN_POINT ( 'NONE',  ( 119.8999999999999773, 227.0000000000000284, 0.3000000000000506706 ) ) ;
#2251 = DIRECTION ( 'NONE',  ( -1.000000000000000000, 0.000000000000000000, 0.000000000000000000 ) ) ;
#2252 = EDGE_CURVE ( 'NONE', #2989, #395, #3230, .T. ) ;
#2253 = FACE_BOUND ( 'NONE', #3725, .T. ) ;
#2254 = ORIENTED_EDGE ( 'NONE', *, *, #3278, .T. ) ;
#2255 = CARTESIAN_POINT ( 'NONE',  ( 2.689568761373735128, 231.8713252868932670, 80.00000000000000000 ) ) ;
#2256 = EDGE_LOOP ( 'NONE', ( #1724, #1063, #3677, #769, #2046 ) ) ;
#2257 = CARTESIAN_POINT ( 'NONE',  ( 8.000000000000026645, 16.00000000000001421, 19.99999999999989342 ) ) ;
#2258 = DIRECTION ( 'NONE',  ( 9.276596128218219855E-17, -1.000000000000000000, 0.000000000000000000 ) ) ;
#2259 = CARTESIAN_POINT ( 'NONE',  ( 7.911509384127591638, 0.04777348832850656507, 0.000000000000000000 ) ) ;
#2260 = ORIENTED_EDGE ( 'NONE', *, *, #1250, .F. ) ;
#2261 = CARTESIAN_POINT ( 'NONE',  ( 8.000000000000028422, 8.000000000000001776, 80.00000000000000000 ) ) ;
#2262 = CARTESIAN_POINT ( 'NONE',  ( 108.9430372653279164, 7.000000000000001776, 23.09609963347269712 ) ) ;
#2263 = CARTESIAN_POINT ( 'NONE',  ( 13.18189010370238279, 222.2938322434117424, 80.00000000000001421 ) ) ;
#2264 = ORIENTED_EDGE ( 'NONE', *, *, #519, .F. ) ;
#2265 = AXIS2_PLACEMENT_3D ( 'NONE', #637, #993, #1018 ) ;
#2266 = PLANE ( 'NONE',  #4597 ) ;
#2267 = CARTESIAN_POINT ( 'NONE',  ( 121.9669099335194176, 1.041855028035373998, 20.00000000000000355 ) ) ;
#2268 = ORIENTED_EDGE ( 'NONE', *, *, #227, .T. ) ;
#2269 = VECTOR ( 'NONE', #1625, 1000.000000000000000 ) ;
#2270 = VECTOR ( 'NONE', #2752, 1000.000000000000000 ) ;
#2271 = DIRECTION ( 'NONE',  ( 1.000000000000000000, -3.469446951953611033E-15, 0.000000000000000000 ) ) ;
#2272 = CARTESIAN_POINT ( 'NONE',  ( 130.0000000000000000, 9.999999999999998224, 19.00000000000000355 ) ) ;
#2273 = VECTOR ( 'NONE', #756, 1000.000000000000000 ) ;
#2274 = DIRECTION ( 'NONE',  ( -0.8082253299440036454, -0.3192385807579218859, 0.4948318346595886319 ) ) ;
#2275 = EDGE_LOOP ( 'NONE', ( #2451, #1401, #4623, #2284, #2118 ) ) ;
#2276 = CARTESIAN_POINT ( 'NONE',  ( 1.269473725704763689, 231.6236936184092485, 80.00000000000001421 ) ) ;
#2277 = EDGE_LOOP ( 'NONE', ( #2856, #3765 ) ) ;
#2278 = EDGE_CURVE ( 'NONE', #3901, #3271, #3093, .T. ) ;
#2279 = EDGE_CURVE ( 'NONE', #3444, #778, #949, .T. ) ;
#2280 = CARTESIAN_POINT ( 'NONE',  ( 3.376306383270311962, 1.269473728147399116, 79.00000000000000000 ) ) ;
#2281 = CYLINDRICAL_SURFACE ( 'NONE', #3179, 9.999999999999994671 ) ;
#2282 = CARTESIAN_POINT ( 'NONE',  ( 121.5999313166173721, 234.9794695783581346, 18.99999999999998934 ) ) ;
#2283 = DIRECTION ( 'NONE',  ( -1.000000000000000000, 0.000000000000000000, 0.000000000000000000 ) ) ;
#2284 = ORIENTED_EDGE ( 'NONE', *, *, #1285, .T. ) ;
#2285 = LINE ( 'NONE', #910, #623 ) ;
#2286 = CARTESIAN_POINT ( 'NONE',  ( 129.9752209258496407, 8.268821822581461589, 19.00000000000000355 ) ) ;
#2287 = CARTESIAN_POINT ( 'NONE',  ( 15.26756991980689371, 223.6045445719387885, 79.81752975731384936 ) ) ;
#2288 = VERTEX_POINT ( 'NONE', #3843 ) ;
#2289 = DIRECTION ( 'NONE',  ( -1.000000000000000000, 0.000000000000000000, 0.000000000000000000 ) ) ;
#2290 = CARTESIAN_POINT ( 'NONE',  ( 12.00000000000002842, 1.131490574324044089E-15, 79.00000000000000000 ) ) ;
#2291 = FACE_BOUND ( 'NONE', #3971, .T. ) ;
#2292 = ORIENTED_EDGE ( 'NONE', *, *, #3541, .F. ) ;
#2293 = CARTESIAN_POINT ( 'NONE',  ( 112.1839905185809130, 225.5749598424321789, 19.79719866181302379 ) ) ;
#2294 = LINE ( 'NONE', #461, #893 ) ;
#2295 = ADVANCED_FACE ( 'NONE', ( #1965 ), #3570, .T. ) ;
#2296 = CARTESIAN_POINT ( 'NONE',  ( 9.304445498319214636, 0.002184876853607564933, 79.00000000000000000 ) ) ;
#2297 = ORIENTED_EDGE ( 'NONE', *, *, #2338, .F. ) ;
#2298 = CARTESIAN_POINT ( 'NONE',  ( 1.082151618848281371, 227.5165629147409447, 80.00000000000000000 ) ) ;
#2299 = DIRECTION ( 'NONE',  ( 0.000000000000000000, 0.000000000000000000, -1.000000000000000000 ) ) ;
#2300 = CARTESIAN_POINT ( 'NONE',  ( 0.000000000000000000, 10.00000000000000178, 80.00000000000001421 ) ) ;
#2301 = CARTESIAN_POINT ( 'NONE',  ( 127.5307568050346134, 233.0752792119295123, 19.00000000000000355 ) ) ;
#2302 = EDGE_CURVE ( 'NONE', #2698, #3616, #844, .T. ) ;
#2303 = CARTESIAN_POINT ( 'NONE',  ( 3.538916909971686842, 0.8490819832656895105, 79.00000000000000000 ) ) ;
#2304 = EDGE_LOOP ( 'NONE', ( #3693, #3086, #3381, #3574 ) ) ;
#2305 = EDGE_CURVE ( 'NONE', #3688, #4047, #2910, .T. ) ;
#2306 = DIRECTION ( 'NONE',  ( 0.000000000000000000, 0.000000000000000000, -1.000000000000000000 ) ) ;
#2307 = CARTESIAN_POINT ( 'NONE',  ( 121.3578478898957513, 235.0000000000000284, 0.000000000000000000 ) ) ;
#2308 = B_SPLINE_CURVE_WITH_KNOTS ( 'NONE', 3,
 ( #1479, #2916, #4344, #2561, #3982, #776, #3839, #4600, #2844, #721 ),
 .UNSPECIFIED., .F., .F.,
 ( 4, 2, 2, 2, 4 ),
 ( 0.000000000000000000, 0.0002122903312574488143, 0.0004245806625148976286, 0.0008491613250297603459, 0.001698322650059505947 ),
 .UNSPECIFIED. ) ;
#2309 = VECTOR ( 'NONE', #3682, 999.9999999999998863 ) ;
#2310 = CYLINDRICAL_SURFACE ( 'NONE', #774, 1.000000000000000888 ) ;
#2311 = CARTESIAN_POINT ( 'NONE',  ( 130.0000000000000000, 8.642152111707936513, 0.000000000000000000 ) ) ;
#2312 = ADVANCED_FACE ( 'NONE', ( #2248 ), #261, .F. ) ;
#2313 = CARTESIAN_POINT ( 'NONE',  ( 116.0778398814830155, 221.6215225638990489, 19.00000000000000711 ) ) ;
#2314 = ORIENTED_EDGE ( 'NONE', *, *, #3319, .T. ) ;
#2315 = DIRECTION ( 'NONE',  ( -1.000000000000000000, 0.000000000000000000, 0.000000000000000000 ) ) ;
#2316 = EDGE_LOOP ( 'NONE', ( #442, #2197, #1735, #1745 ) ) ;
#2317 = CARTESIAN_POINT ( 'NONE',  ( 116.8181098962976421, 1.000000000000000888, 20.00000000000000355 ) ) ;
#2318 = CARTESIAN_POINT ( 'NONE',  ( 1.408140467578532506, 5.639621530602436650, 80.00000000000000000 ) ) ;
#2319 = AXIS2_PLACEMENT_3D ( 'NONE', #1515, #1215, #566 ) ;
#2320 = VECTOR ( 'NONE', #2924, 1000.000000000000000 ) ;
#2321 = DIRECTION ( 'NONE',  ( -1.000000000000000000, -0.000000000000000000, -0.000000000000000000 ) ) ;
#2322 = EDGE_LOOP ( 'NONE', ( #1906, #1161, #2891, #3111 ) ) ;
#2323 = CARTESIAN_POINT ( 'NONE',  ( 1.937665614891254773, 232.5313738181868359, 79.00000000000109424 ) ) ;
#2324 = ORIENTED_EDGE ( 'NONE', *, *, #4117, .T. ) ;
#2325 = CARTESIAN_POINT ( 'NONE',  ( 7.483437085267133249, 1.082151618848815167, 80.00000000000000000 ) ) ;
#2326 = ADVANCED_FACE ( 'NONE', ( #93 ), #4359, .F. ) ;
#2327 = CARTESIAN_POINT ( 'NONE',  ( 8.000000000000007105, 202.2500000000000284, 59.60000000000000853 ) ) ;
#2328 = CARTESIAN_POINT ( 'NONE',  ( 124.6197078478630402, 234.5584344255561575, 19.00000000000219558 ) ) ;
#2329 = LINE ( 'NONE', #1325, #4217 ) ;
#2330 = EDGE_LOOP ( 'NONE', ( #369, #2139 ) ) ;
#2331 = CYLINDRICAL_SURFACE ( 'NONE', #1813, 2.099999999999990763 ) ;
#2332 = CARTESIAN_POINT ( 'NONE',  ( 8.000000000000021316, 172.2500000000000000, 59.60000000000000853 ) ) ;
#2333 = ADVANCED_FACE ( 'NONE', ( #478 ), #632, .F. ) ;
#2334 = CARTESIAN_POINT ( 'NONE',  ( 130.0000000000000000, 9.999999999999998224, 0.000000000000000000 ) ) ;
#2335 = FACE_OUTER_BOUND ( 'NONE', #3514, .T. ) ;
#2336 = CARTESIAN_POINT ( 'NONE',  ( 13.57214268351791553, 222.6805633356485714, 80.00000000000001421 ) ) ;
#2337 = ORIENTED_EDGE ( 'NONE', *, *, #1418, .F. ) ;
#2338 = EDGE_CURVE ( 'NONE', #2728, #1012, #2079, .T. ) ;
#2339 = CARTESIAN_POINT ( 'NONE',  ( 121.9999999999999716, 227.0000000000000284, 0.000000000000000000 ) ) ;
#2340 = ORIENTED_EDGE ( 'NONE', *, *, #1132, .F. ) ;
#2341 = CARTESIAN_POINT ( 'NONE',  ( 12.00000000000002842, 14.92820323027552121, 30.92820323027548923 ) ) ;
#2342 = CARTESIAN_POINT ( 'NONE',  ( 2.325785523282998479, 2.067208639315692320, 79.00000000000000000 ) ) ;
#2343 = CIRCLE ( 'NONE', #260, 10.00000000000000178 ) ;
#2344 = AXIS2_PLACEMENT_3D ( 'NONE', #3106, #2741, #4542 ) ;
#2345 = DIRECTION ( 'NONE',  ( -0.4999999999999981681, 0.000000000000000000, -0.8660254037844395958 ) ) ;
#2346 = VERTEX_POINT ( 'NONE', #1721 ) ;
#2347 = CARTESIAN_POINT ( 'NONE',  ( 12.00000000000002842, 8.000000000000000000, 76.00000000000000000 ) ) ;
#2348 = DIRECTION ( 'NONE',  ( -0.000000000000000000, -0.000000000000000000, -1.000000000000000000 ) ) ;
#2349 = AXIS2_PLACEMENT_3D ( 'NONE', #3530, #4618, #2814 ) ;
#2350 = VECTOR ( 'NONE', #4310, 1000.000000000000000 ) ;
#2351 = DIRECTION ( 'NONE',  ( 0.000000000000000000, -1.000000000000000000, 0.000000000000000000 ) ) ;
#2352 = CARTESIAN_POINT ( 'NONE',  ( 123.1238575382212019, 233.8443279479151045, 20.00000000000000355 ) ) ;
#2353 = CARTESIAN_POINT ( 'NONE',  ( 113.0808604359982183, 10.01656564274088090, 20.69247150828067916 ) ) ;
#2354 = ORIENTED_EDGE ( 'NONE', *, *, #249, .T. ) ;
#2355 = CARTESIAN_POINT ( 'NONE',  ( 18.40342870008767662, 1.000000000000000888, 78.52851304076266103 ) ) ;
#2356 = DIRECTION ( 'NONE',  ( 3.469446951953611033E-15, 1.000000000000000000, -0.000000000000000000 ) ) ;
#2357 = CARTESIAN_POINT ( 'NONE',  ( 116.2376864133163963, 223.1111111111111427, 20.01685878190617629 ) ) ;
#2358 = CARTESIAN_POINT ( 'NONE',  ( 0.000000000000000000, 62.75000000000000000, 50.00000000000000000 ) ) ;
#2359 = CIRCLE ( 'NONE', #2887, 9.999999999999994671 ) ;
#2360 = CARTESIAN_POINT ( 'NONE',  ( 1.729367906351096940, 232.2913999135578536, 79.00000000000000000 ) ) ;
#2361 = CARTESIAN_POINT ( 'NONE',  ( 15.91537824799631728, 228.1607606267108395, 79.65357049562588543 ) ) ;
#2362 = ADVANCED_FACE ( 'NONE', ( #2771 ), #1566, .F. ) ;
#2363 = ORIENTED_EDGE ( 'NONE', *, *, #914, .F. ) ;
#2364 = B_SPLINE_CURVE_WITH_KNOTS ( 'NONE', 3,
 ( #4300, #1804, #368, #52, #1831, #1784, #1047, #3958, #3241, #1413, #4322, #752, #2153, #4274, #1114, #4250, #3573, #1734, #1456, #3218, #3526, #2896, #2176, #418, #3615, #76, #394, #2540, #687, #3268 ),
 .UNSPECIFIED., .F., .F.,
 ( 4, 2, 2, 2, 2, 2, 2, 2, 2, 2, 2, 2, 2, 2, 4 ),
 ( 0.000000000000000000, 0.0009383310988463616905, 0.001876662197692723381, 0.003753324395385455002, 0.004691655494231819837, 0.005629986593078182937, 0.006568317691924548639, 0.007506648790770913474, 0.008444979889617277441, 0.009383310988463643143, 0.01032164208731000885, 0.01125997318615637281, 0.01313663538384910422, 0.01407496648269546818, 0.01501329758154183042 ),
 .UNSPECIFIED. ) ;
#2365 = ADVANCED_FACE ( 'NONE', ( #1958 ), #3833, .T. ) ;
#2366 = EDGE_LOOP ( 'NONE', ( #4410, #1722 ) ) ;
#2367 = DIRECTION ( 'NONE',  ( 1.298723457950550903E-16, -1.000000000000000000, -1.267377881992187638E-16 ) ) ;
#2368 = CARTESIAN_POINT ( 'NONE',  ( 2.468626181808407427, 1.937665614888534948, 78.99999999999781153 ) ) ;
#2369 = CARTESIAN_POINT ( 'NONE',  ( 130.0000000000000000, 9.999999999999998224, 20.00000000000000355 ) ) ;
#2371 = ORIENTED_EDGE ( 'NONE', *, *, #2100, .F. ) ;
#2370 = CARTESIAN_POINT ( 'NONE',  ( 110.7070495323311263, 8.699242932890834723, 20.61863565516107499 ) ) ;
#2372 = DIRECTION ( 'NONE',  ( 0.000000000000000000, 0.000000000000000000, -1.000000000000000000 ) ) ;
#2373 = FACE_OUTER_BOUND ( 'NONE', #2960, .T. ) ;
#2374 = CARTESIAN_POINT ( 'NONE',  ( 4.163579072940097880, 1.977257933810629087, 80.00000000000000000 ) ) ;
#2375 = FACE_OUTER_BOUND ( 'NONE', #3618, .T. ) ;
#2376 = CARTESIAN_POINT ( 'NONE',  ( 123.2669745550430918, 234.8343177961850472, 19.00000000000000355 ) ) ;
#2377 = CARTESIAN_POINT ( 'NONE',  ( 112.4200447680426578, 9.560645212861796693, 19.68676174273574020 ) ) ;
#2378 = ORIENTED_EDGE ( 'NONE', *, *, #2751, .T. ) ;
#2379 = CARTESIAN_POINT ( 'NONE',  ( 113.0890126863558294, 226.4222423750821065, 20.71845569462540837 ) ) ;
#2380 = CARTESIAN_POINT ( 'NONE',  ( 129.8239560472017331, 6.550121536085226737, 19.00000000000000000 ) ) ;
#2381 = CARTESIAN_POINT ( 'NONE',  ( 130.0000000000000284, 225.3479870043356357, 19.00000000000001066 ) ) ;
#2382 = DIRECTION ( 'NONE',  ( 0.000000000000000000, 0.000000000000000000, 1.000000000000000000 ) ) ;
#2383 = CARTESIAN_POINT ( 'NONE',  ( 130.0000000000000000, 8.642152111707936513, 18.99999999999999645 ) ) ;
#2384 = CARTESIAN_POINT ( 'NONE',  ( 15.22357498262121211, 227.0106366666929603, 79.78945241266730193 ) ) ;
#2385 = ORIENTED_EDGE ( 'NONE', *, *, #1339, .F. ) ;
#2386 = VECTOR ( 'NONE', #4432, 1000.000000000000000 ) ;
#2387 = VERTEX_POINT ( 'NONE', #3182 ) ;
#2388 = EDGE_CURVE ( 'NONE', #4367, #3315, #2956, .T. ) ;
#2389 = CIRCLE ( 'NONE', #1045, 2.099999999999996092 ) ;
#2390 = EDGE_LOOP ( 'NONE', ( #2905, #2549, #2704, #1898 ) ) ;
#2391 = CARTESIAN_POINT ( 'NONE',  ( 5.039540429802674915, 233.4034649480497308, 80.00000000000001421 ) ) ;
#2392 = CARTESIAN_POINT ( 'NONE',  ( 1.707462579997076402, 4.745811338040599736, 80.00000000000000000 ) ) ;
#2393 = EDGE_CURVE ( 'NONE', #4429, #1122, #2504, .T. ) ;
#2394 = CARTESIAN_POINT ( 'NONE',  ( 12.00000000000001776, 110.5717967697245001, 26.92820323027548923 ) ) ;
#2395 = VERTEX_POINT ( 'NONE', #4622 ) ;
#2396 = DIRECTION ( 'NONE',  ( 1.000000000000000000, 0.000000000000000000, 0.000000000000000000 ) ) ;
#2397 = DIRECTION ( 'NONE',  ( 1.000000000000000000, 9.276596128218219855E-17, -0.000000000000000000 ) ) ;
#2398 = CARTESIAN_POINT ( 'NONE',  ( 8.000000000000026645, 16.00000000000000711, 0.000000000000000000 ) ) ;
#2399 = EDGE_CURVE ( 'NONE', #3450, #1312, #2501, .T. ) ;
#2400 = CIRCLE ( 'NONE', #309, 1.000000000000000888 ) ;
#2401 = CARTESIAN_POINT ( 'NONE',  ( 128.8991699704205303, 227.6696196761668602, 20.00000000000000355 ) ) ;
#2402 = CARTESIAN_POINT ( 'NONE',  ( 114.9086375312188579, 10.12392229551979739, 20.18206850080197512 ) ) ;
#2403 = EDGE_LOOP ( 'NONE', ( #2249, #4204, #3923, #3370 ) ) ;
#2404 = CYLINDRICAL_SURFACE ( 'NONE', #407, 8.000000000000007105 ) ;
#2405 = CARTESIAN_POINT ( 'NONE',  ( 111.5965712999123269, 227.2308327738201115, 21.47148695923733897 ) ) ;
#2406 = CARTESIAN_POINT ( 'NONE',  ( 124.0999999999999943, 8.000000000000000000, 0.000000000000000000 ) ) ;
#2407 = DIRECTION ( 'NONE',  ( -0.000000000000000000, -0.000000000000000000, -1.000000000000000000 ) ) ;
#2408 = DIRECTION ( 'NONE',  ( -0.000000000000000000, 1.000000000000000000, -0.000000000000000000 ) ) ;
#2409 = LINE ( 'NONE', #1311, #540 ) ;
#2410 = CARTESIAN_POINT ( 'NONE',  ( 3.557376253245100539, 234.1585589798977480, 79.00000000000000000 ) ) ;
#2411 = VERTEX_POINT ( 'NONE', #2677 ) ;
#2412 = EDGE_LOOP ( 'NONE', ( #101, #909, #2611, #2748 ) ) ;
#2413 = CARTESIAN_POINT ( 'NONE',  ( 3.538916909971686842, 0.8490819832656895105, 0.000000000000000000 ) ) ;
#2414 = CARTESIAN_POINT ( 'NONE',  ( 12.00000000000002842, 14.92820323027551410, 76.00000000000000000 ) ) ;
#2415 = CYLINDRICAL_SURFACE ( 'NONE', #2122, 9.600000000000004974 ) ;
#2416 = ORIENTED_EDGE ( 'NONE', *, *, #4427, .F. ) ;
#2417 = CIRCLE ( 'NONE', #198, 2.400000000000068745 ) ;
#2418 = DIRECTION ( 'NONE',  ( -1.000000000000000000, 0.000000000000000000, 0.000000000000000000 ) ) ;
#2419 = LINE ( 'NONE', #1065, #1336 ) ;
#2420 = CARTESIAN_POINT ( 'NONE',  ( 8.740719678676141413, 1.012334558687868702, 80.00000000000000000 ) ) ;
#2421 = CARTESIAN_POINT ( 'NONE',  ( 1.083777732622130952, 7.496052826631967037, 80.00000000000000000 ) ) ;
#2422 = CARTESIAN_POINT ( 'NONE',  ( 129.9981606412346196, 225.6391971568353938, 18.99999999999560529 ) ) ;
#2423 = CARTESIAN_POINT ( 'NONE',  ( 114.1303997496248712, 10.94932842938504614, 20.33385862237369324 ) ) ;
#2424 = VERTEX_POINT ( 'NONE', #3877 ) ;
#2425 = CARTESIAN_POINT ( 'NONE',  ( 122.0000000000000000, 8.000000000000000000, 80.00000000000000000 ) ) ;
#2426 = EDGE_CURVE ( 'NONE', #671, #2177, #490, .T. ) ;
#2427 = ADVANCED_FACE ( 'NONE', ( #2837, #1333, #4094, #4258, #2291, #199 ), #3724, .T. ) ;
#2428 = AXIS2_PLACEMENT_3D ( 'NONE', #2609, #1781, #4363 ) ;
#2429 = AXIS2_PLACEMENT_3D ( 'NONE', #4237, #1034, #3131 ) ;
#2430 = AXIS2_PLACEMENT_3D ( 'NONE', #4306, #373, #4279 ) ;
#2431 = CARTESIAN_POINT ( 'NONE',  ( 120.0000000000000142, 235.0000000000000284, 0.000000000000000000 ) ) ;
#2432 = CIRCLE ( 'NONE', #1016, 8.000000000000005329 ) ;
#2433 = LINE ( 'NONE', #3202, #4059 ) ;
#2434 = FACE_OUTER_BOUND ( 'NONE', #486, .T. ) ;
#2435 = ORIENTED_EDGE ( 'NONE', *, *, #888, .F. ) ;
#2436 = CARTESIAN_POINT ( 'NONE',  ( 7.924408386582815211, 234.9530648363633532, 0.000000000000000000 ) ) ;
#2437 = ORIENTED_EDGE ( 'NONE', *, *, #3655, .F. ) ;
#2438 = AXIS2_PLACEMENT_3D ( 'NONE', #559, #167, #1653 ) ;
#2439 = ORIENTED_EDGE ( 'NONE', *, *, #4054, .F. ) ;
#2440 = DIRECTION ( 'NONE',  ( 0.000000000000000000, 0.000000000000000000, -1.000000000000000000 ) ) ;
#2441 = CARTESIAN_POINT ( 'NONE',  ( 9.412453702423480451, 16.00000000000000355, 71.51823834566062033 ) ) ;
#2442 = CARTESIAN_POINT ( 'NONE',  ( 127.2421548566405818, 1.699632651811203932, 18.99999999999890932 ) ) ;
#2443 = VERTEX_POINT ( 'NONE', #176 ) ;
#2444 = CARTESIAN_POINT ( 'NONE',  ( 127.5189487657415413, 3.371202412149462369, 20.00000000000000355 ) ) ;
#2445 = CARTESIAN_POINT ( 'NONE',  ( 111.5965712999123269, 235.0000000000000284, 21.47148695923733897 ) ) ;
#2446 = PLANE ( 'NONE',  #1742 ) ;
#2447 = EDGE_CURVE ( 'NONE', #448, #3280, #1317, .T. ) ;
#2448 = CARTESIAN_POINT ( 'NONE',  ( 116.8181098962976421, 234.0000000000000284, 20.00000000000000355 ) ) ;
#2449 = CARTESIAN_POINT ( 'NONE',  ( 129.7797622917929345, 228.6155953374766909, 19.00000000000000355 ) ) ;
#2450 = CARTESIAN_POINT ( 'NONE',  ( 129.8807840223594212, 228.1945205853159848, 0.000000000000000000 ) ) ;
#2451 = ORIENTED_EDGE ( 'NONE', *, *, #3599, .F. ) ;
#2452 = FACE_OUTER_BOUND ( 'NONE', #3462, .T. ) ;
#2453 = FACE_OUTER_BOUND ( 'NONE', #4033, .T. ) ;
#2454 = EDGE_CURVE ( 'NONE', #34, #357, #716, .T. ) ;
#2455 = EDGE_CURVE ( 'NONE', #2519, #1199, #429, .T. ) ;
#2456 = DIRECTION ( 'NONE',  ( 0.000000000000000000, 0.000000000000000000, -1.000000000000000000 ) ) ;
#2457 = EDGE_LOOP ( 'NONE', ( #3066, #2836, #1998, #1394 ) ) ;
#2458 = CARTESIAN_POINT ( 'NONE',  ( 3.252606517456513302E-18, 224.9999999999999432, 79.00000000000000000 ) ) ;
#2459 = ORIENTED_EDGE ( 'NONE', *, *, #1815, .T. ) ;
#2460 = ADVANCED_FACE ( 'NONE', ( #379 ), #1812, .F. ) ;
#2461 = CIRCLE ( 'NONE', #4560, 8.000000000000007105 ) ;
#2462 = EDGE_LOOP ( 'NONE', ( #1287, #3465, #3300, #2761 ) ) ;
#2463 = DIRECTION ( 'NONE',  ( 0.8528513040762653041, -1.775353414438238181E-17, -0.5221538596385300046 ) ) ;
#2464 = VECTOR ( 'NONE', #2396, 1000.000000000000000 ) ;
#2465 = LINE ( 'NONE', #2777, #333 ) ;
#2466 = CARTESIAN_POINT ( 'NONE',  ( 128.7960206474219831, 6.566910681212786649, 19.99999999999998224 ) ) ;
#2467 = ORIENTED_EDGE ( 'NONE', *, *, #4165, .T. ) ;
#2468 = DIRECTION ( 'NONE',  ( 1.000000000000000000, -2.081668171172168513E-17, 0.000000000000000000 ) ) ;
#2469 = CARTESIAN_POINT ( 'NONE',  ( 122.0000000000000000, 16.00000000000001421, 19.00000000000000355 ) ) ;
#2470 = FACE_OUTER_BOUND ( 'NONE', #387, .T. ) ;
#2471 = CARTESIAN_POINT ( 'NONE',  ( 129.9874215399320292, 226.2843705610131622, 20.00000000000651923 ) ) ;
#2472 = CARTESIAN_POINT ( 'NONE',  ( 127.8109511094755959, 232.7956362749831385, 0.000000000000000000 ) ) ;
#2473 = ORIENTED_EDGE ( 'NONE', *, *, #1172, .T. ) ;
#2474 = DIRECTION ( 'NONE',  ( 0.000000000000000000, 0.000000000000000000, 1.000000000000000000 ) ) ;
#2475 = ADVANCED_FACE ( 'NONE', ( #62 ), #2184, .F. ) ;
#2476 = CIRCLE ( 'NONE', #3070, 1.000000000000000888 ) ;
#2477 = LINE ( 'NONE', #32, #4226 ) ;
#2478 = DIRECTION ( 'NONE',  ( 0.000000000000000000, 0.000000000000000000, 1.000000000000000000 ) ) ;
#2479 = ORIENTED_EDGE ( 'NONE', *, *, #4460, .T. ) ;
#2480 = LINE ( 'NONE', #694, #41 ) ;
#2481 = CARTESIAN_POINT ( 'NONE',  ( 115.3669873538202495, 12.47261569434266271, 20.06748154379051030 ) ) ;
#2482 = EDGE_LOOP ( 'NONE', ( #71, #361, #4570, #715 ) ) ;
#2483 = CYLINDRICAL_SURFACE ( 'NONE', #22, 1.000000000000000222 ) ;
#2484 = EDGE_CURVE ( 'NONE', #2346, #502, #2812, .T. ) ;
#2485 = CARTESIAN_POINT ( 'NONE',  ( 12.00000000000002842, 1.131490574324044089E-15, 0.000000000000000000 ) ) ;
#2486 = CARTESIAN_POINT ( 'NONE',  ( 128.0227934562007306, 4.176076699123206559, 20.00000000000000355 ) ) ;
#2487 = VERTEX_POINT ( 'NONE', #2881 ) ;
#2488 = CARTESIAN_POINT ( 'NONE',  ( 127.8733819375008949, 3.894575847138808555, 20.00000000000000711 ) ) ;
#2489 = DIRECTION ( 'NONE',  ( -0.5221538596385256747, 0.000000000000000000, -0.8528513040762679687 ) ) ;
#2490 = DIRECTION ( 'NONE',  ( -0.000000000000000000, -0.000000000000000000, -1.000000000000000000 ) ) ;
#2491 = CARTESIAN_POINT ( 'NONE',  ( 129.8933232488637088, 227.7782532718999562, 20.00000000000027356 ) ) ;
#2492 = CARTESIAN_POINT ( 'NONE',  ( 121.3578478898957513, 235.0000000000000284, 19.00000000000000355 ) ) ;
#2493 = ORIENTED_EDGE ( 'NONE', *, *, #3342, .F. ) ;
#2494 = CARTESIAN_POINT ( 'NONE',  ( 6.564533116958307879, 233.7956168075398864, 80.00000000000000000 ) ) ;
#2495 = AXIS2_PLACEMENT_3D ( 'NONE', #3951, #435, #476 ) ;
#2496 = AXIS2_PLACEMENT_3D ( 'NONE', #1579, #188, #2283 ) ;
#2497 = CARTESIAN_POINT ( 'NONE',  ( 13.92216011851700763, 221.6215225638991058, 79.00000000000000000 ) ) ;
#2498 = CARTESIAN_POINT ( 'NONE',  ( 0.1192159775103629471, 6.805479414799657789, 79.00000000000000000 ) ) ;
#2499 = ORIENTED_EDGE ( 'NONE', *, *, #586, .F. ) ;
#2500 = AXIS2_PLACEMENT_3D ( 'NONE', #2173, #2516, #2868 ) ;
#2501 = CIRCLE ( 'NONE', #2429, 2.099999999999996092 ) ;
#2502 = DIRECTION ( 'NONE',  ( -0.000000000000000000, -0.000000000000000000, -1.000000000000000000 ) ) ;
#2503 = VECTOR ( 'NONE', #1834, 1000.000000000000000 ) ;
#2504 = CIRCLE ( 'NONE', #4526, 1.000000000000000444 ) ;
#2505 = EDGE_CURVE ( 'NONE', #231, #3427, #3924, .T. ) ;
#2506 = CARTESIAN_POINT ( 'NONE',  ( 115.8189665448592223, 13.09343592264768219, 20.01581231371901026 ) ) ;
#2507 = EDGE_LOOP ( 'NONE', ( #4301, #3004, #4238, #3011 ) ) ;
#2508 = DIRECTION ( 'NONE',  ( 2.081668171172168513E-17, 1.000000000000000000, 0.000000000000000000 ) ) ;
#2509 = CARTESIAN_POINT ( 'NONE',  ( 130.0509999999999877, 202.2500000000000284, 40.39999999999999858 ) ) ;
#2510 = EDGE_CURVE ( 'NONE', #1303, #607, #3403, .T. ) ;
#2511 = ADVANCED_FACE ( 'NONE', ( #2572 ), #2577, .F. ) ;
#2512 = CARTESIAN_POINT ( 'NONE',  ( 125.2649121541098367, 1.711868879043195513, 20.00000000000000355 ) ) ;
#2513 = ORIENTED_EDGE ( 'NONE', *, *, #4402, .T. ) ;
#2514 = CARTESIAN_POINT ( 'NONE',  ( 128.0280241546660704, 4.173852307319018351, 20.00000000000000355 ) ) ;
#2515 = DIRECTION ( 'NONE',  ( -0.000000000000000000, -0.000000000000000000, -1.000000000000000000 ) ) ;
#2516 = DIRECTION ( 'NONE',  ( -0.8528513040762648600, 0.000000000000000000, 0.5221538596385307818 ) ) ;
#2517 = CARTESIAN_POINT ( 'NONE',  ( 15.27874667329886016, 11.32880118155605942, 78.92190256540810367 ) ) ;
#2518 = DIRECTION ( 'NONE',  ( -1.000000000000000000, 0.000000000000000000, 0.000000000000000000 ) ) ;
#2519 = VERTEX_POINT ( 'NONE', #3651 ) ;
#2520 = CARTESIAN_POINT ( 'NONE',  ( 130.0509999999999877, 62.75000000000000000, 50.00000000000000000 ) ) ;
#2521 = LINE ( 'NONE', #2257, #3701 ) ;
#2522 = DIRECTION ( 'NONE',  ( 9.276596128218219855E-17, -1.000000000000000000, -1.267377881992187638E-16 ) ) ;
#2523 = CARTESIAN_POINT ( 'NONE',  ( 120.6366789027610054, 234.9981604571105436, 19.99999999999997513 ) ) ;
#2524 = CARTESIAN_POINT ( 'NONE',  ( 0.1192159775103629471, 6.805479414799657789, 0.000000000000000000 ) ) ;
#2525 = ORIENTED_EDGE ( 'NONE', *, *, #1668, .F. ) ;
#2526 = CARTESIAN_POINT ( 'NONE',  ( 8.000000000000001776, 227.0000000000000284, 0.000000000000000000 ) ) ;
#2527 = B_SPLINE_CURVE_WITH_KNOTS ( 'NONE', 2,
 ( #2672, #191, #1257, #1282, #3807, #3061, #603, #4511, #931, #4472, #3013, #2307, #3043 ),
 .UNSPECIFIED., .F., .F.,
 ( 3, 2, 2, 2, 2, 2, 3 ),
 ( 0.000000000000000000, 0.1250000000000000000, 0.2500000000000000000, 0.5000000000000000000, 0.7500000000000000000, 0.8750000000000000000, 1.000000000000000000 ),
 .UNSPECIFIED. ) ;
#2528 = CARTESIAN_POINT ( 'NONE',  ( 6.805479414849849640, 234.8807840225040025, 0.000000000000000000 ) ) ;
#2529 = VERTEX_POINT ( 'NONE', #3944 ) ;
#2530 = EDGE_CURVE ( 'NONE', #2014, #3559, #1970, .T. ) ;
#2531 = CARTESIAN_POINT ( 'NONE',  ( 11.00000000000000711, 220.6754446796632578, 80.00000000000000000 ) ) ;
#2532 = CARTESIAN_POINT ( 'NONE',  ( 128.9088059586158010, 3.711628060109735561, 19.00000000000000355 ) ) ;
#2533 = ORIENTED_EDGE ( 'NONE', *, *, #132, .F. ) ;
#2534 = LINE ( 'NONE', #3189, #2536 ) ;
#2535 = DIRECTION ( 'NONE',  ( 1.000000000000000000, 0.000000000000000000, 0.000000000000000000 ) ) ;
#2536 = VECTOR ( 'NONE', #2892, 1000.000000000000000 ) ;
#2537 = EDGE_CURVE ( 'NONE', #1429, #4579, #739, .T. ) ;
#2538 = CARTESIAN_POINT ( 'NONE',  ( 8.000000000000028422, 8.000000000000001776, 30.92820323027549279 ) ) ;
#2539 = DIRECTION ( 'NONE',  ( -0.000000000000000000, -0.000000000000000000, -1.000000000000000000 ) ) ;
#2540 = CARTESIAN_POINT ( 'NONE',  ( 9.370184644104393001, 1.001836506725908515, 80.00000000000000000 ) ) ;
#2541 = ORIENTED_EDGE ( 'NONE', *, *, #4117, .F. ) ;
#2542 = CARTESIAN_POINT ( 'NONE',  ( 7.731881466806334480, 234.9403927854551739, 79.00000000000000000 ) ) ;
#2543 = VERTEX_POINT ( 'NONE', #763 ) ;
#2544 = CARTESIAN_POINT ( 'NONE',  ( 15.50149978988606492, 10.84152588594693611, 79.76245053324055334 ) ) ;
#2545 = EDGE_CURVE ( 'NONE', #4367, #283, #1792, .T. ) ;
#2546 = CARTESIAN_POINT ( 'NONE',  ( 116.8181098962976421, 234.0000000000000284, 30.00000000000000711 ) ) ;
#2547 = CARTESIAN_POINT ( 'NONE',  ( 107.0333704529042080, 227.0000000000000284, 23.09274605559144788 ) ) ;
#2548 = DIRECTION ( 'NONE',  ( -1.000000000000000000, 0.000000000000000000, 0.000000000000000000 ) ) ;
#2549 = ORIENTED_EDGE ( 'NONE', *, *, #3399, .F. ) ;
#2550 = CARTESIAN_POINT ( 'NONE',  ( 0.000000000000000000, 62.75000000000000000, 38.90000000000000568 ) ) ;
#2551 = CARTESIAN_POINT ( 'NONE',  ( 121.3854158088892490, 234.9849741500424898, 19.00000000000000711 ) ) ;
#2552 = AXIS2_PLACEMENT_3D ( 'NONE', #3348, #1584, #3017 ) ;
#2553 = CARTESIAN_POINT ( 'NONE',  ( 0.8490819832538564205, 231.4610830899745793, 0.000000000000000000 ) ) ;
#2554 = ORIENTED_EDGE ( 'NONE', *, *, #4430, .F. ) ;
#2555 = LINE ( 'NONE', #90, #2648 ) ;
#2556 = DIRECTION ( 'NONE',  ( 1.000000000000000000, -0.000000000000000000, -0.000000000000000000 ) ) ;
#2557 = ORIENTED_EDGE ( 'NONE', *, *, #2650, .F. ) ;
#2558 = CARTESIAN_POINT ( 'NONE',  ( 127.3133612340904506, 231.8794901561007293, 20.00000000000000355 ) ) ;
#2559 = CARTESIAN_POINT ( 'NONE',  ( 119.9000000000000057, 8.000000000000000000, 0.2999999999999951594 ) ) ;
#2560 = DIRECTION ( 'NONE',  ( -1.000000000000000000, 0.000000000000000000, 0.000000000000000000 ) ) ;
#2561 = CARTESIAN_POINT ( 'NONE',  ( 11.96263479874623670, 14.90660207590157249, 79.27980812496855378 ) ) ;
#2562 = EDGE_CURVE ( 'NONE', #2634, #142, #2162, .T. ) ;
#2563 = CARTESIAN_POINT ( 'NONE',  ( 2.437587668871513902, 1.955176352027865105, 78.99999999999998579 ) ) ;
#2564 = ORIENTED_EDGE ( 'NONE', *, *, #1554, .T. ) ;
#2565 = LINE ( 'NONE', #3270, #2007 ) ;
#2566 = ORIENTED_EDGE ( 'NONE', *, *, #3796, .F. ) ;
#2567 = CARTESIAN_POINT ( 'NONE',  ( 14.47172883378229713, 11.00578482627356181, 79.92052517610241580 ) ) ;
#2568 = DIRECTION ( 'NONE',  ( 0.000000000000000000, 0.000000000000000000, 1.000000000000000000 ) ) ;
#2569 = EDGE_CURVE ( 'NONE', #1833, #607, #1861, .T. ) ;
#2570 = CARTESIAN_POINT ( 'NONE',  ( 12.00000000000001776, 110.5717967697245001, 80.00000000000000000 ) ) ;
#2571 = ORIENTED_EDGE ( 'NONE', *, *, #3571, .T. ) ;
#2572 = FACE_OUTER_BOUND ( 'NONE', #593, .T. ) ;
#2573 = CIRCLE ( 'NONE', #258, 2.099999999999996092 ) ;
#2574 = CIRCLE ( 'NONE', #3908, 2.400000000000013234 ) ;
#2575 = FACE_OUTER_BOUND ( 'NONE', #3442, .T. ) ;
#2576 = ORIENTED_EDGE ( 'NONE', *, *, #2455, .T. ) ;
#2577 = CONICAL_SURFACE ( 'NONE', #565, 2.099999999999996980, 0.7853981633974793652 ) ;
#2578 = CARTESIAN_POINT ( 'NONE',  ( 115.5681945873789971, 222.2262448929703567, 19.00735111446650905 ) ) ;
#2579 = DIRECTION ( 'NONE',  ( -1.000000000000000000, -0.000000000000000000, -0.000000000000000000 ) ) ;
#2580 = MECHANICAL_DESIGN_GEOMETRIC_PRESENTATION_REPRESENTATION (  '', ( #3632 ), #1605 ) ;
#2581 = CARTESIAN_POINT ( 'NONE',  ( 130.0000000000000000, 9.999999999999998224, 80.00000000000000000 ) ) ;
#2582 = ORIENTED_EDGE ( 'NONE', *, *, #462, .F. ) ;
#2583 = CARTESIAN_POINT ( 'NONE',  ( 128.4203265559041256, 229.9802900881905146, 20.00000000000000711 ) ) ;
#2584 = DIRECTION ( 'NONE',  ( -1.000000000000000000, 0.000000000000000000, 0.000000000000000000 ) ) ;
#2585 = CARTESIAN_POINT ( 'NONE',  ( 14.55336257321376792, 12.61464934009379490, 78.98589040610393397 ) ) ;
#2586 = CARTESIAN_POINT ( 'NONE',  ( 0.01498212729455669807, 8.614534592126023682, 78.99999999999997158 ) ) ;
#2587 = ORIENTED_EDGE ( 'NONE', *, *, #992, .F. ) ;
#2588 = CARTESIAN_POINT ( 'NONE',  ( 2.796803225647043423, 231.9895254016764454, 80.00000000000000000 ) ) ;
#2589 = LINE ( 'NONE', #1854, #221 ) ;
#2590 = CARTESIAN_POINT ( 'NONE',  ( 2.913228089782331942, 1.583665315935357754, 79.00000000000000000 ) ) ;
#2591 = EDGE_CURVE ( 'NONE', #3041, #1785, #4074, .T. ) ;
#2592 = DIRECTION ( 'NONE',  ( 0.000000000000000000, 0.000000000000000000, -1.000000000000000000 ) ) ;
#2593 = DIRECTION ( 'NONE',  ( 1.807003620809174385E-16, -1.000000000000000000, 0.000000000000000000 ) ) ;
#2594 = FACE_OUTER_BOUND ( 'NONE', #3125, .T. ) ;
#2595 = VERTEX_POINT ( 'NONE', #2550 ) ;
#2596 = CARTESIAN_POINT ( 'NONE',  ( 8.000000000000028422, 8.000000000000001776, 0.000000000000000000 ) ) ;
#2597 = EDGE_CURVE ( 'NONE', #3897, #2487, #2480, .T. ) ;
#2598 = CARTESIAN_POINT ( 'NONE',  ( 125.4672434130854271, 234.2829520390214668, 19.00000000000000711 ) ) ;
#2599 = DIRECTION ( 'NONE',  ( -1.000000000000000000, 0.000000000000000000, 0.000000000000000000 ) ) ;
#2600 = CARTESIAN_POINT ( 'NONE',  ( 113.7627179433637394, 9.052649715506550621, 20.46907959630509311 ) ) ;
#2601 = ORIENTED_EDGE ( 'NONE', *, *, #586, .T. ) ;
#2602 = ADVANCED_FACE ( 'NONE', ( #3560 ), #1962, .T. ) ;
#2603 = CARTESIAN_POINT ( 'NONE',  ( 115.3481646457352099, 12.44444444444444819, 19.01854466009679356 ) ) ;
#2604 = LINE ( 'NONE', #3500, #2701 ) ;
#2605 = CARTESIAN_POINT ( 'NONE',  ( 122.5138620545499464, 1.084742368499690413, 20.00000000000000355 ) ) ;
#2606 = VERTEX_POINT ( 'NONE', #1838 ) ;
#2607 = PLANE ( 'NONE',  #2151 ) ;
#2608 = CYLINDRICAL_SURFACE ( 'NONE', #4413, 1.000000000000000888 ) ;
#2609 = CARTESIAN_POINT ( 'NONE',  ( 122.0000000000000000, 8.000000000000000000, 0.000000000000000000 ) ) ;
#2610 = CARTESIAN_POINT ( 'NONE',  ( 1.946198136751692287, 2.447844269963967978, 79.00000000000001421 ) ) ;
#2611 = ORIENTED_EDGE ( 'NONE', *, *, #3962, .F. ) ;
#2612 = CARTESIAN_POINT ( 'NONE',  ( 1.090729431265725191, 231.3016427179470611, 80.00000000000001421 ) ) ;
#2613 = CARTESIAN_POINT ( 'NONE',  ( 11.96263479874623137, 124.4066020759015885, 79.27980812496853957 ) ) ;
#2614 = CARTESIAN_POINT ( 'NONE',  ( 13.92216011851699520, 13.37847743610095996, 79.00000000000000000 ) ) ;
#2615 = VECTOR ( 'NONE', #3610, 1000.000000000000000 ) ;
#2616 = DIRECTION ( 'NONE',  ( 0.000000000000000000, 0.000000000000000000, -1.000000000000000000 ) ) ;
#2617 = CARTESIAN_POINT ( 'NONE',  ( 5.599999999999949019, 117.5000000000000142, 0.000000000000000000 ) ) ;
#2618 = CARTESIAN_POINT ( 'NONE',  ( 108.2947458645271155, 227.0000000000000568, 22.24324832939644381 ) ) ;
#2619 = CARTESIAN_POINT ( 'NONE',  ( 0.8414410200801690776, 3.557376253309436631, 79.00000000000000000 ) ) ;
#2620 = ORIENTED_EDGE ( 'NONE', *, *, #1990, .F. ) ;
#2621 = FACE_OUTER_BOUND ( 'NONE', #4470, .T. ) ;
#2622 = EDGE_CURVE ( 'NONE', #4415, #3323, #2285, .T. ) ;
#2623 = DIRECTION ( 'NONE',  ( -0.000000000000000000, -0.000000000000000000, -1.000000000000000000 ) ) ;
#2624 = CARTESIAN_POINT ( 'NONE',  ( 115.5682184648874085, 222.2262091563880801, 19.00734990173420158 ) ) ;
#2625 = EDGE_LOOP ( 'NONE', ( #544, #3635, #788, #4092 ) ) ;
#2626 = CARTESIAN_POINT ( 'NONE',  ( 129.9999999999999716, 219.0000000000000000, 80.00000000000000000 ) ) ;
#2627 = AXIS2_PLACEMENT_3D ( 'NONE', #4161, #961, #2382 ) ;
#2628 = ADVANCED_FACE ( 'NONE', ( #2621 ), #1606, .T. ) ;
#2629 = CARTESIAN_POINT ( 'NONE',  ( 122.0271833606439458, 0.04365765627127377035, 18.99999999999891287 ) ) ;
#2630 = ORIENTED_EDGE ( 'NONE', *, *, #1700, .F. ) ;
#2631 = CARTESIAN_POINT ( 'NONE',  ( 128.9796244027070600, 226.5750016343400546, 20.00000000000000711 ) ) ;
#2632 = DIRECTION ( 'NONE',  ( 0.000000000000000000, 0.000000000000000000, -1.000000000000000000 ) ) ;
#2633 = CARTESIAN_POINT ( 'NONE',  ( 8.000000000000015987, 125.5000000000000284, 80.00000000000000000 ) ) ;
#2634 = VERTEX_POINT ( 'NONE', #538 ) ;
#2635 = CARTESIAN_POINT ( 'NONE',  ( 0.4454254905725807956, 229.6333886829110611, 78.99999999999781153 ) ) ;
#2636 = CARTESIAN_POINT ( 'NONE',  ( 11.99234698707321911, 220.0762113159438229, 79.14214710620443327 ) ) ;
#2637 = DIRECTION ( 'NONE',  ( -1.000000000000000000, 0.000000000000000000, 0.000000000000000000 ) ) ;
#2638 = CARTESIAN_POINT ( 'NONE',  ( 125.6833028233092193, 233.0940867618232630, 20.00000000000000355 ) ) ;
#2639 = CARTESIAN_POINT ( 'NONE',  ( 11.94021224186195873, 110.6063820163322617, 79.34750077965266257 ) ) ;
#2640 = EDGE_LOOP ( 'NONE', ( #474, #3892, #1580, #4040 ) ) ;
#2641 = DIRECTION ( 'NONE',  ( -1.000000000000000000, 0.000000000000000000, 0.000000000000000000 ) ) ;
#2642 = FACE_OUTER_BOUND ( 'NONE', #1236, .T. ) ;
#2643 = LINE ( 'NONE', #4380, #415 ) ;
#2644 = CARTESIAN_POINT ( 'NONE',  ( 115.9530177435492533, 11.42023053124120402, 20.03340952251900120 ) ) ;
#2645 = CIRCLE ( 'NONE', #3239, 2.400000000000013234 ) ;
#2646 = EDGE_LOOP ( 'NONE', ( #1837, #1870, #2371, #1380 ) ) ;
#2647 = FACE_OUTER_BOUND ( 'NONE', #1482, .T. ) ;
#2648 = VECTOR ( 'NONE', #42, 1000.000000000000000 ) ;
#2649 = AXIS2_PLACEMENT_3D ( 'NONE', #737, #1810, #2478 ) ;
#2650 = EDGE_CURVE ( 'NONE', #4062, #1585, #1824, .T. ) ;
#2651 = CARTESIAN_POINT ( 'NONE',  ( 122.1117364475059190, 0.04910051844716066538, 19.00000000000000355 ) ) ;
#2652 = ORIENTED_EDGE ( 'NONE', *, *, #2804, .T. ) ;
#2653 = AXIS2_PLACEMENT_3D ( 'NONE', #1986, #3421, #4484 ) ;
#2654 = AXIS2_PLACEMENT_3D ( 'NONE', #4355, #2210, #2926 ) ;
#2655 = CARTESIAN_POINT ( 'NONE',  ( 128.9999999999999716, 225.0000000000000284, 20.00000000000000355 ) ) ;
#2656 = LINE ( 'NONE', #1549, #2386 ) ;
#2657 = ADVANCED_FACE ( 'NONE', ( #1581 ), #1449, .F. ) ;
#2658 = ADVANCED_FACE ( 'NONE', ( #3758 ), #2331, .F. ) ;
#2659 = AXIS2_PLACEMENT_3D ( 'NONE', #1419, #4619, #4280 ) ;
#2660 = CARTESIAN_POINT ( 'NONE',  ( 9.652177795236898561, -2.213579435491229920E-16, 79.00000000000001421 ) ) ;
#2661 = ORIENTED_EDGE ( 'NONE', *, *, #1299, .T. ) ;
#2662 = CARTESIAN_POINT ( 'NONE',  ( 0.08657113777823932654, 227.6135005924781751, 79.00000000000000000 ) ) ;
#2663 = CARTESIAN_POINT ( 'NONE',  ( 11.00000000000001421, 123.8245553203367848, 80.00000000000000000 ) ) ;
#2664 = PRODUCT_DEFINITION_FORMATION_WITH_SPECIFIED_SOURCE ( 'ANY', '', #1273, .NOT_KNOWN. ) ;
#2665 = CARTESIAN_POINT ( 'NONE',  ( 5.701912197006365091, 0.3604223158070521960, 80.00000000000001421 ) ) ;
#2666 = CARTESIAN_POINT ( 'NONE',  ( 16.00000000000000711, 227.0000000000000284, 80.00000000000000000 ) ) ;
#2667 = ADVANCED_FACE ( 'NONE', ( #4471, #1927, #3737, #190, #2691 ), #3042, .F. ) ;
#2668 = CARTESIAN_POINT ( 'NONE',  ( 126.6117595915188900, 233.7279819608648666, 20.00000000000192202 ) ) ;
#2669 = CARTESIAN_POINT ( 'NONE',  ( 12.00000000000001776, 110.5717967697245001, 80.00000000000000000 ) ) ;
#2670 = ORIENTED_EDGE ( 'NONE', *, *, #3679, .T. ) ;
#2671 = DIRECTION ( 'NONE',  ( 0.000000000000000000, 0.000000000000000000, -1.000000000000000000 ) ) ;
#2672 = CARTESIAN_POINT ( 'NONE',  ( 129.9999999999999716, 225.0000000000000284, 0.000000000000000000 ) ) ;
#2673 = CARTESIAN_POINT ( 'NONE',  ( 124.1297953748493228, 0.3271770062046461258, 18.99999999999999645 ) ) ;
#2674 = FACE_OUTER_BOUND ( 'NONE', #2640, .T. ) ;
#2675 = ORIENTED_EDGE ( 'NONE', *, *, #31, .F. ) ;
#2676 = DIRECTION ( 'NONE',  ( 0.000000000000000000, -1.000000000000000000, 0.000000000000000000 ) ) ;
#2677 = CARTESIAN_POINT ( 'NONE',  ( 129.9999999999999716, 225.0000000000000284, 0.000000000000000000 ) ) ;
#2678 = ORIENTED_EDGE ( 'NONE', *, *, #4100, .T. ) ;
#2679 = DIRECTION ( 'NONE',  ( -0.000000000000000000, -0.000000000000000000, -1.000000000000000000 ) ) ;
#2680 = EDGE_CURVE ( 'NONE', #4415, #4400, #1758, .T. ) ;
#2681 = LINE ( 'NONE', #971, #3027 ) ;
#2683 = VERTEX_POINT ( 'NONE', #1883 ) ;
#2682 = CARTESIAN_POINT ( 'NONE',  ( 8.000000000000017764, 109.5000000000000142, 69.07179676972440063 ) ) ;
#2684 = CARTESIAN_POINT ( 'NONE',  ( 1.054733365814588764, 227.2023996117833917, 80.00000000000000000 ) ) ;
#2685 = ORIENTED_EDGE ( 'NONE', *, *, #3319, .F. ) ;
#2686 = CARTESIAN_POINT ( 'NONE',  ( 7.386499407526726735, 0.08657113777888708617, 79.00000000000000000 ) ) ;
#2687 = VECTOR ( 'NONE', #2535, 1000.000000000000000 ) ;
#2688 = CARTESIAN_POINT ( 'NONE',  ( 128.3003673481925375, 232.2421548566233298, 18.99999999999889511 ) ) ;
#2689 = LINE ( 'NONE', #809, #1307 ) ;
#2690 = VERTEX_POINT ( 'NONE', #1630 ) ;
#2691 = FACE_OUTER_BOUND ( 'NONE', #165, .T. ) ;
#2692 = EDGE_CURVE ( 'NONE', #4316, #2690, #148, .T. ) ;
#2693 = CARTESIAN_POINT ( 'NONE',  ( 1.000000000000000000, 2.204363725016921904, 79.00000000000000000 ) ) ;
#2694 = AXIS2_PLACEMENT_3D ( 'NONE', #3428, #2781, #2015 ) ;
#2695 = LINE ( 'NONE', #4114, #1746 ) ;
#2696 = LINE ( 'NONE', #3128, #1939 ) ;
#2697 = DIRECTION ( 'NONE',  ( 2.081668171172168513E-17, 1.000000000000000000, -0.000000000000000000 ) ) ;
#2698 = VERTEX_POINT ( 'NONE', #1560 ) ;
#2699 = ORIENTED_EDGE ( 'NONE', *, *, #2454, .F. ) ;
#2700 = LINE ( 'NONE', #1639, #4101 ) ;
#2701 = VECTOR ( 'NONE', #298, 1000.000000000000000 ) ;
#2702 = B_SPLINE_CURVE_WITH_KNOTS ( 'NONE', 2,
 ( #2085, #4192, #314, #1038, #3540, #338, #4265, #1751, #699, #3186, #1403, #1061, #3565 ),
 .UNSPECIFIED., .F., .F.,
 ( 3, 2, 2, 2, 2, 2, 3 ),
 ( 0.000000000000000000, 0.1250000000000000000, 0.2500000000000000000, 0.5000000000000000000, 0.7500000000000000000, 0.8750000000000000000, 1.000000000000000000 ),
 .UNSPECIFIED. ) ;
#2703 = DIRECTION ( 'NONE',  ( 0.000000000000000000, 0.000000000000000000, -1.000000000000000000 ) ) ;
#2704 = ORIENTED_EDGE ( 'NONE', *, *, #4320, .F. ) ;
#2705 = CARTESIAN_POINT ( 'NONE',  ( 0.000000000000000000, 224.9999999999999432, 79.00000000000000000 ) ) ;
#2706 = DIRECTION ( 'NONE',  ( 2.081668171172168513E-17, 1.000000000000000000, -0.000000000000000000 ) ) ;
#2707 = CARTESIAN_POINT ( 'NONE',  ( 7.797600388225627732, 1.054733365814398693, 80.00000000000000000 ) ) ;
#2708 = CARTESIAN_POINT ( 'NONE',  ( 0.000000000000000000, 0.000000000000000000, 0.000000000000000000 ) ) ;
#2709 = DIRECTION ( 'NONE',  ( 0.000000000000000000, -0.000000000000000000, 1.000000000000000000 ) ) ;
#2710 = EDGE_CURVE ( 'NONE', #2529, #1315, #783, .T. ) ;
#2711 = CARTESIAN_POINT ( 'NONE',  ( 124.3569440137162729, 233.5928141254460115, 20.00000000000000355 ) ) ;
#2712 = B_SPLINE_CURVE_WITH_KNOTS ( 'NONE', 3,
 ( #2313, #3742, #2624, #1610 ),
 .UNSPECIFIED., .F., .F.,
 ( 4, 4 ),
 ( 0.000000000000000000, 0.001185406041651815420 ),
 .UNSPECIFIED. ) ;
#2713 = LINE ( 'NONE', #4486, #1154 ) ;
#2714 = EDGE_LOOP ( 'NONE', ( #755, #3562, #3375, #4548 ) ) ;
#2715 = CARTESIAN_POINT ( 'NONE',  ( 115.9445684059981545, 223.5936798599697113, 20.03390077009560954 ) ) ;
#2716 = CARTESIAN_POINT ( 'NONE',  ( 129.9978255388129185, 9.306765453306619307, 19.00000000000000355 ) ) ;
#2717 = CARTESIAN_POINT ( 'NONE',  ( 126.7196549921334423, 233.6705618941329305, 19.00000000000000355 ) ) ;
#2718 = EDGE_CURVE ( 'NONE', #3730, #4287, #2645, .T. ) ;
#2719 = CARTESIAN_POINT ( 'NONE',  ( 3.252606517456513302E-18, 224.9999999999999432, 79.00000000000000000 ) ) ;
#2720 = DIRECTION ( 'NONE',  ( -1.000000000000000000, 0.000000000000000000, 0.000000000000000000 ) ) ;
#2721 = VERTEX_POINT ( 'NONE', #472 ) ;
#2722 = VERTEX_POINT ( 'NONE', #131 ) ;
#2723 = CARTESIAN_POINT ( 'NONE',  ( 2.482747989195495997, 231.6308099169627042, 80.00000000000000000 ) ) ;
#2724 = CARTESIAN_POINT ( 'NONE',  ( 1.921368766117964366, 2.472860294412025262, 80.00000000000001421 ) ) ;
#2725 = CIRCLE ( 'NONE', #695, 8.000000000000007105 ) ;
#2726 = AXIS2_PLACEMENT_3D ( 'NONE', #3289, #25, #1432 ) ;
#2727 = AXIS2_PLACEMENT_3D ( 'NONE', #2877, #2138, #1767 ) ;
#2728 = VERTEX_POINT ( 'NONE', #3718 ) ;
#2729 = CARTESIAN_POINT ( 'NONE',  ( 121.9999999999999716, 227.0000000000000284, 18.63730669589464384 ) ) ;
#2730 = CARTESIAN_POINT ( 'NONE',  ( 13.18189010370237924, 227.0000000000000284, 70.00000000000000000 ) ) ;
#2731 = CARTESIAN_POINT ( 'NONE',  ( 3.376306381603569218, 1.269473725690867028, 80.00000000000001421 ) ) ;
#2732 = AXIS2_PLACEMENT_3D ( 'NONE', #2234, #3340, #4352 ) ;
#2733 = CIRCLE ( 'NONE', #1528, 0.9999999999999991118 ) ;
#2734 = CARTESIAN_POINT ( 'NONE',  ( 8.000000000000001776, 227.0000000000000284, 0.000000000000000000 ) ) ;
#2735 = CARTESIAN_POINT ( 'NONE',  ( 126.6287975872679397, 232.5189487650611966, 20.00000000000000355 ) ) ;
#2736 = DIRECTION ( 'NONE',  ( -0.000000000000000000, -0.000000000000000000, 1.000000000000000000 ) ) ;
#2737 = ORIENTED_EDGE ( 'NONE', *, *, #4188, .T. ) ;
#2738 = CARTESIAN_POINT ( 'NONE',  ( 115.0550571575894168, 222.9942386748113279, 19.03729017218848085 ) ) ;
#2739 = CARTESIAN_POINT ( 'NONE',  ( 130.0000000000000000, 9.999999999999998224, 19.00000000000000355 ) ) ;
#2740 = EDGE_CURVE ( 'NONE', #4579, #3414, #2971, .T. ) ;
#2741 = DIRECTION ( 'NONE',  ( -0.000000000000000000, -0.000000000000000000, -1.000000000000000000 ) ) ;
#2742 = CARTESIAN_POINT ( 'NONE',  ( 4.533169142065213819, 234.2830864223925289, 79.00000000000000000 ) ) ;
#2743 = CARTESIAN_POINT ( 'NONE',  ( 129.9522265116714834, 7.911509384127568545, 0.000000000000000000 ) ) ;
#2744 = CARTESIAN_POINT ( 'NONE',  ( 8.000000000000003553, 219.0000000000000284, 19.99999999999986500 ) ) ;
#2745 = ORIENTED_EDGE ( 'NONE', *, *, #2056, .T. ) ;
#2746 = EDGE_LOOP ( 'NONE', ( #3834, #217, #1352 ) ) ;
#2747 = ADVANCED_FACE ( 'NONE', ( #1540 ), #264, .F. ) ;
#2748 = ORIENTED_EDGE ( 'NONE', *, *, #2132, .F. ) ;
#2749 = CARTESIAN_POINT ( 'NONE',  ( 1.001836506726025089, 225.6298153558961133, 80.00000000000001421 ) ) ;
#2750 = CARTESIAN_POINT ( 'NONE',  ( 1.330382107169886696, 5.947333938262890030, 80.00000000000000000 ) ) ;
#2751 = EDGE_CURVE ( 'NONE', #607, #4337, #2801, .T. ) ;
#2752 = DIRECTION ( 'NONE',  ( 9.505334114941407284E-17, -1.000000000000000000, -1.267377881992187638E-16 ) ) ;
#2753 = ORIENTED_EDGE ( 'NONE', *, *, #2163, .F. ) ;
#2754 = CARTESIAN_POINT ( 'NONE',  ( 120.0000000000000142, 1.000000000000000666, 20.00000000000000355 ) ) ;
#2755 = DIRECTION ( 'NONE',  ( 0.000000000000000000, -0.000000000000000000, -1.000000000000000000 ) ) ;
#2756 = CARTESIAN_POINT ( 'NONE',  ( 0.000000000000000000, 142.2500000000000568, 50.00000000000000000 ) ) ;
#2757 = CARTESIAN_POINT ( 'NONE',  ( 1.001815786457161739, 9.372413130455550245, 80.00000000000000000 ) ) ;
#2758 =( BOUNDED_SURFACE ( )  B_SPLINE_SURFACE ( 3, 2, ( 
 ( #356, #2481, #4000 ),
 ( #2166, #3970, #3899 ),
 ( #1103, #2506, #2123 ),
 ( #1146, #2214, #1124 ) ),
 .UNSPECIFIED., .F., .F., .T. ) 
 B_SPLINE_SURFACE_WITH_KNOTS ( ( 4, 4 ),
 ( 3, 3 ),
 ( 0.000000000000000000, 0.001037269140443978230 ),
 ( 0.000000000000000000, 1.000000000000000000 ),
 .UNSPECIFIED. ) 
 GEOMETRIC_REPRESENTATION_ITEM ( )  RATIONAL_B_SPLINE_SURFACE ( (
 ( 1.000000000000000000, 0.6898329442492762142, 1.000000000000000000),
 ( 1.000000000000000000, 0.6956858913178229908, 1.000000000000000000),
 ( 1.000000000000000000, 0.7015597481990191175, 1.000000000000000000),
 ( 1.000000000000000000, 0.7071067811865475727, 1.000000000000000000) ) ) 
 REPRESENTATION_ITEM ( '' )  SURFACE ( )  );
#2759 = CARTESIAN_POINT ( 'NONE',  ( 128.8426030856042246, 228.1357784346590734, 20.00000000000000355 ) ) ;
#2760 = CARTESIAN_POINT ( 'NONE',  ( 3.252606517456513302E-18, 10.00000000000012079, 79.00000000000000000 ) ) ;
#2761 = ORIENTED_EDGE ( 'NONE', *, *, #4514, .T. ) ;
#2762 = CARTESIAN_POINT ( 'NONE',  ( 111.1347398630784085, 226.1318249028560388, 20.33059931246054575 ) ) ;
#2763 = CARTESIAN_POINT ( 'NONE',  ( 128.0509567054827471, 2.444794177048057460, 19.00000000000000000 ) ) ;
#2764 = AXIS2_PLACEMENT_3D ( 'NONE', #805, #144, #184 ) ;
#2765 = CARTESIAN_POINT ( 'NONE',  ( 128.0431785687354704, 232.5638596240389688, 19.00000000000000711 ) ) ;
#2766 = CARTESIAN_POINT ( 'NONE',  ( 0.4064811792056751694, 229.4837134365147620, 79.00000000000000000 ) ) ;
#2767 = CARTESIAN_POINT ( 'NONE',  ( 129.9522265116714834, 7.911509384127568545, 18.99999999999999645 ) ) ;
#2768 = PRODUCT_DEFINITION ( 'UNKNOWN', '', #2664, #2936 ) ;
#2769 = CYLINDRICAL_SURFACE ( 'NONE', #3147, 2.099999999999996980 ) ;
#2770 = VERTEX_POINT ( 'NONE', #496 ) ;
#2771 = FACE_OUTER_BOUND ( 'NONE', #329, .T. ) ;
#2772 = VECTOR ( 'NONE', #206, 1000.000000000000000 ) ;
#2773 = ORIENTED_EDGE ( 'NONE', *, *, #3571, .F. ) ;
#2774 = B_SPLINE_CURVE_WITH_KNOTS ( 'NONE', 3,
 ( #358, #3233, #677, #3861, #3902, #2083, #3539, #1385, #1772, #3515 ),
 .UNSPECIFIED., .F., .F.,
 ( 4, 2, 2, 2, 4 ),
 ( 0.000000000000000000, 0.0004354821487231335829, 0.0008709642974462657563, 0.001306446446169397821, 0.001741928594892529995 ),
 .UNSPECIFIED. ) ;
#2775 = CARTESIAN_POINT ( 'NONE',  ( 7.494982200308911935, 233.9290214282739555, 79.99999999999998579 ) ) ;
#2776 = CARTESIAN_POINT ( 'NONE',  ( 0.4426219462907720614, 5.376503990052203363, 80.00000000000001421 ) ) ;
#2777 = CARTESIAN_POINT ( 'NONE',  ( 8.000000000000003553, 219.0000000000000284, 80.00000000000000000 ) ) ;
#2778 = EDGE_CURVE ( 'NONE', #4337, #4521, #1238, .T. ) ;
#2779 = CARTESIAN_POINT ( 'NONE',  ( 129.9794695855941598, 8.400068682950449173, 20.00000000000000355 ) ) ;
#2780 = ORIENTED_EDGE ( 'NONE', *, *, #4476, .F. ) ;
#2781 = DIRECTION ( 'NONE',  ( -1.000000000000000000, -9.505334114941407284E-17, 0.000000000000000000 ) ) ;
#2782 = CARTESIAN_POINT ( 'NONE',  ( 15.53963793337805477, 227.6298198291685253, 79.65070975855657309 ) ) ;
#2783 = CARTESIAN_POINT ( 'NONE',  ( 10.10000000000002629, 8.000000000000001776, 0.2999999999999959921 ) ) ;
#2784 = VECTOR ( 'NONE', #215, 1000.000000000000000 ) ;
#2785 = CARTESIAN_POINT ( 'NONE',  ( 129.6412846638394569, 229.2910117993934307, 20.00000000000000355 ) ) ;
#2786 = CARTESIAN_POINT ( 'NONE',  ( 114.5281415691081008, 9.736229946681534742, 20.26378365603900988 ) ) ;
#2787 = ORIENTED_EDGE ( 'NONE', *, *, #1501, .F. ) ;
#2788 = CARTESIAN_POINT ( 'NONE',  ( 111.6336301774278041, 225.9049379044974728, 21.42590886581619358 ) ) ;
#2789 = FILL_AREA_STYLE_COLOUR ( '', #2053 ) ;
#2790 = CARTESIAN_POINT ( 'NONE',  ( 3.811648262644351526E-18, 225.3478222047633039, 79.00000000000001421 ) ) ;
#2791 = CARTESIAN_POINT ( 'NONE',  ( 8.000000000000010658, 117.5000000000000142, 18.63730669589464384 ) ) ;
#2792 = ORIENTED_EDGE ( 'NONE', *, *, #203, .F. ) ;
#2793 = CARTESIAN_POINT ( 'NONE',  ( 0.3303862130348250159, 229.1441791268269412, 0.000000000000000000 ) ) ;
#2794 = ORIENTED_EDGE ( 'NONE', *, *, #2537, .F. ) ;
#2795 = ORIENTED_EDGE ( 'NONE', *, *, #3900, .F. ) ;
#2796 = CARTESIAN_POINT ( 'NONE',  ( 15.47784614036149620, 1.000000000000000888, 79.14714869592373248 ) ) ;
#2797 = EDGE_CURVE ( 'NONE', #929, #448, #1672, .T. ) ;
#2798 = CYLINDRICAL_SURFACE ( 'NONE', #1441, 2.099999999999996980 ) ;
#2799 = CARTESIAN_POINT ( 'NONE',  ( 126.2991330733646578, 1.089624517513617663, 19.00000000000000355 ) ) ;
#2800 = EDGE_LOOP ( 'NONE', ( #2675, #3087, #3482, #2142 ) ) ;
#2801 = CIRCLE ( 'NONE', #3633, 7.000000000000003553 ) ;
#2802 = CARTESIAN_POINT ( 'NONE',  ( 0.9999999992800280291, 225.3149428337070788, 80.00000000000000000 ) ) ;
#2803 = DIRECTION ( 'NONE',  ( 0.000000000000000000, -1.000000000000000000, 0.000000000000000000 ) ) ;
#2804 = EDGE_CURVE ( 'NONE', #484, #3567, #2417, .T. ) ;
#2805 = EDGE_CURVE ( 'NONE', #39, #4441, #861, .T. ) ;
#2806 = DIRECTION ( 'NONE',  ( -1.000000000000000000, 0.000000000000000000, 0.000000000000000000 ) ) ;
#2807 = CIRCLE ( 'NONE', #1738, 2.099999999999996092 ) ;
#2808 = CARTESIAN_POINT ( 'NONE',  ( 130.0000000000000000, 225.0000000000000284, 20.00000000000000355 ) ) ;
#2809 = CARTESIAN_POINT ( 'NONE',  ( 111.5965712999123269, 7.769167226179916952, 21.47148695923735318 ) ) ;
#2810 = VERTEX_POINT ( 'NONE', #2355 ) ;
#2811 = CARTESIAN_POINT ( 'NONE',  ( 113.6402283446808781, 224.5241367354926751, 19.28202956262057910 ) ) ;
#2812 = CIRCLE ( 'NONE', #2654, 1.000000000000003775 ) ;
#2813 = ADVANCED_FACE ( 'NONE', ( #2452 ), #991, .T. ) ;
#2814 = DIRECTION ( 'NONE',  ( 1.807003620809174385E-16, -1.000000000000000000, 0.000000000000000000 ) ) ;
#2815 = AXIS2_PLACEMENT_3D ( 'NONE', #807, #80, #425 ) ;
#2816 = VECTOR ( 'NONE', #4209, 999.9999999999998863 ) ;
#2817 = CARTESIAN_POINT ( 'NONE',  ( 121.9999999999999716, 220.0000000000000284, 19.00000000000000355 ) ) ;
#2818 = CARTESIAN_POINT ( 'NONE',  ( 11.00000000000002665, 1.036437233174629942E-15, 79.00000000000000000 ) ) ;
#2819 = ORIENTED_EDGE ( 'NONE', *, *, #1004, .T. ) ;
#2820 = EDGE_LOOP ( 'NONE', ( #1041, #1073, #578, #1080 ) ) ;
#2821 = CARTESIAN_POINT ( 'NONE',  ( 15.99993280383154470, 227.0327892387847726, 78.81445915522107271 ) ) ;
#2822 = DIRECTION ( 'NONE',  ( -0.000000000000000000, -0.000000000000000000, -1.000000000000000000 ) ) ;
#2823 = CARTESIAN_POINT ( 'NONE',  ( 126.8738445856166237, 2.691901414616146848, 20.00000000000000355 ) ) ;
#2824 = ORIENTED_EDGE ( 'NONE', *, *, #2279, .F. ) ;
#2825 = CARTESIAN_POINT ( 'NONE',  ( 128.9877741187153219, 8.745636165107232074, 20.00000000000000355 ) ) ;
#2826 = DIRECTION ( 'NONE',  ( -1.175695275307813564E-32, 1.267377881992187638E-16, -1.000000000000000000 ) ) ;
#2827 = DIRECTION ( 'NONE',  ( 1.000000000000000000, 9.505334114941399889E-17, 0.000000000000000000 ) ) ;
#2828 = CARTESIAN_POINT ( 'NONE',  ( 128.5904354645010983, 229.3659566196886885, 20.00000000000000355 ) ) ;
#2829 = CARTESIAN_POINT ( 'NONE',  ( 129.6728229937953643, 229.1297953748492944, 0.000000000000000000 ) ) ;
#2830 = ORIENTED_EDGE ( 'NONE', *, *, #220, .F. ) ;
#2831 = CARTESIAN_POINT ( 'NONE',  ( 9.686134676366968677, 234.0000000006881464, 80.00000000000000000 ) ) ;
#2832 = CARTESIAN_POINT ( 'NONE',  ( 126.4213445121267227, 1.156133496326245291, 19.00000000000000355 ) ) ;
#2833 = SURFACE_SIDE_STYLE ('',( #1788 ) ) ;
#2834 = EDGE_CURVE ( 'NONE', #929, #2411, #252, .T. ) ;
#2835 = DIRECTION ( 'NONE',  ( -0.000000000000000000, -0.000000000000000000, 1.000000000000000000 ) ) ;
#2836 = ORIENTED_EDGE ( 'NONE', *, *, #1191, .F. ) ;
#2837 = FACE_BOUND ( 'NONE', #1935, .T. ) ;
#2838 = FACE_OUTER_BOUND ( 'NONE', #1027, .T. ) ;
#2839 = FACE_OUTER_BOUND ( 'NONE', #378, .T. ) ;
#2840 = CIRCLE ( 'NONE', #3873, 2.400000000000011458 ) ;
#2841 = ORIENTED_EDGE ( 'NONE', *, *, #3083, .T. ) ;
#2842 = CARTESIAN_POINT ( 'NONE',  ( 13.18189010370238279, 222.2938322434117424, 79.00000000000000000 ) ) ;
#2843 = VECTOR ( 'NONE', #2912, 1000.000000000000000 ) ;
#2844 = CARTESIAN_POINT ( 'NONE',  ( 11.23924398628697396, 14.47582397919843622, 80.00000000000000000 ) ) ;
#2845 = CARTESIAN_POINT ( 'NONE',  ( 125.3078021315812691, 0.6578354607890365413, 19.00000000000220268 ) ) ;
#2846 = ORIENTED_EDGE ( 'NONE', *, *, #3446, .F. ) ;
#2847 = CARTESIAN_POINT ( 'NONE',  ( 121.2601631536445126, 1.012314042909374656, 20.00000000000002132 ) ) ;
#2848 = FACE_OUTER_BOUND ( 'NONE', #1506, .T. ) ;
#2849 = DIRECTION ( 'NONE',  ( -9.505334114941407284E-17, 1.000000000000000000, 1.267377881992187638E-16 ) ) ;
#2850 = CARTESIAN_POINT ( 'NONE',  ( 120.0000000000000142, 235.0000000000000284, 0.000000000000000000 ) ) ;
#2851 = VERTEX_POINT ( 'NONE', #3457 ) ;
#2852 = CARTESIAN_POINT ( 'NONE',  ( 7.807664508265427905, 233.9432126590536427, 80.00000000000000000 ) ) ;
#2853 = VECTOR ( 'NONE', #1329, 1000.000000000000000 ) ;
#2854 = ADVANCED_FACE ( 'NONE', ( #980 ), #2404, .T. ) ;
#2855 = DIRECTION ( 'NONE',  ( 1.000000000000000000, 1.298723457950550903E-16, -0.000000000000000000 ) ) ;
#2856 = ORIENTED_EDGE ( 'NONE', *, *, #1956, .T. ) ;
#2857 = CARTESIAN_POINT ( 'NONE',  ( 16.00000000000000711, 227.0000000000000284, 0.000000000000000000 ) ) ;
#2858 = ADVANCED_FACE ( 'NONE', ( #2047 ), #554, .T. ) ;
#2859 = EDGE_CURVE ( 'NONE', #2728, #4062, #4043, .T. ) ;
#2860 = CARTESIAN_POINT ( 'NONE',  ( 12.00000000000000711, 227.0000000000000284, 26.92820323027551410 ) ) ;
#2861 = ORIENTED_EDGE ( 'NONE', *, *, #462, .T. ) ;
#2862 = CARTESIAN_POINT ( 'NONE',  ( 107.0333704529042365, 8.000000000000003553, 23.09274605559143367 ) ) ;
#2863 = PLANE ( 'NONE',  #3988 ) ;
#2864 = CARTESIAN_POINT ( 'NONE',  ( 129.2201573224645585, 4.369252457128453671, 19.00000000000000355 ) ) ;
#2865 = VERTEX_POINT ( 'NONE', #2617 ) ;
#2866 = CARTESIAN_POINT ( 'NONE',  ( 0.000000000000000000, 62.75000000000000000, 61.10000000000000142 ) ) ;
#2867 = DIRECTION ( 'NONE',  ( 9.505334114941407284E-17, -1.000000000000000000, -1.267377881992187638E-16 ) ) ;
#2868 = DIRECTION ( 'NONE',  ( 0.5221538596385307818, 0.000000000000000000, 0.8528513040762648600 ) ) ;
#2869 = CARTESIAN_POINT ( 'NONE',  ( 10.77677921203190081, 219.3655699185127901, 24.80952267664027389 ) ) ;
#2870 = CARTESIAN_POINT ( 'NONE',  ( 129.1585589802932930, 231.4426237461737514, 19.00000000000000355 ) ) ;
#2871 = VERTEX_POINT ( 'NONE', #3623 ) ;
#2872 = CARTESIAN_POINT ( 'NONE',  ( 10.00000000000000000, 234.9999999999999716, 79.00000000000000000 ) ) ;
#2873 = CIRCLE ( 'NONE', #1963, 1.000000000000000888 ) ;
#2874 = AXIS2_PLACEMENT_3D ( 'NONE', #4109, #470, #4061 ) ;
#2875 = CARTESIAN_POINT ( 'NONE',  ( 10.00000000000000000, 234.0000000000000284, 79.00000000000000000 ) ) ;
#2876 = DIRECTION ( 'NONE',  ( 1.000000000000000000, 0.000000000000000000, 0.000000000000000000 ) ) ;
#2877 = CARTESIAN_POINT ( 'NONE',  ( 8.000000000000028422, 8.000000000000001776, 15.00000000000000000 ) ) ;
#2878 = ORIENTED_EDGE ( 'NONE', *, *, #621, .T. ) ;
#2879 = AXIS2_PLACEMENT_3D ( 'NONE', #3979, #1157, #1802 ) ;
#2880 = AXIS2_PLACEMENT_3D ( 'NONE', #1489, #3301, #3254 ) ;
#2881 = CARTESIAN_POINT ( 'NONE',  ( 120.0000000000000142, -2.517517444511341690E-15, 0.000000000000000000 ) ) ;
#2882 = EDGE_CURVE ( 'NONE', #803, #2770, #362, .T. ) ;
#2883 = AXIS2_PLACEMENT_3D ( 'NONE', #2546, #1208, #3647 ) ;
#2884 = AXIS2_PLACEMENT_3D ( 'NONE', #1839, #2599, #1492 ) ;
#2885 = ADVANCED_FACE ( 'NONE', ( #2839 ), #2993, .T. ) ;
#2886 = ORIENTED_EDGE ( 'NONE', *, *, #888, .T. ) ;
#2887 = AXIS2_PLACEMENT_3D ( 'NONE', #213, #2024, #4159 ) ;
#2888 = CYLINDRICAL_SURFACE ( 'NONE', #411, 9.600000000000004974 ) ;
#2889 = ADVANCED_FACE ( 'NONE', ( #2973 ), #57, .F. ) ;
#2890 = CARTESIAN_POINT ( 'NONE',  ( 127.5189487650688562, 3.371202412779192414, 20.00000000000000355 ) ) ;
#2891 = ORIENTED_EDGE ( 'NONE', *, *, #1314, .T. ) ;
#2892 = DIRECTION ( 'NONE',  ( -1.000000000000000000, -0.000000000000000000, -0.000000000000000000 ) ) ;
#2893 = DIRECTION ( 'NONE',  ( -1.000000000000000000, 0.000000000000000000, 0.000000000000000000 ) ) ;
#2894 = DIRECTION ( 'NONE',  ( 0.000000000000000000, 1.000000000000000000, 0.000000000000000000 ) ) ;
#2895 = CARTESIAN_POINT ( 'NONE',  ( 8.000000000000015987, 125.5000000000000284, 0.000000000000000000 ) ) ;
#2896 = CARTESIAN_POINT ( 'NONE',  ( 5.630775019194583564, 1.410653420441170702, 80.00000000000001421 ) ) ;
#2897 = ORIENTED_EDGE ( 'NONE', *, *, #820, .F. ) ;
#2898 = CARTESIAN_POINT ( 'NONE',  ( 8.432339567204603981, 233.9798386596039848, 80.00000000000000000 ) ) ;
#2899 = VERTEX_POINT ( 'NONE', #4331 ) ;
#2900 = DIRECTION ( 'NONE',  ( 0.000000000000000000, 0.000000000000000000, -1.000000000000000000 ) ) ;
#2901 = CARTESIAN_POINT ( 'NONE',  ( 16.00000000000003197, 234.0000000000000284, 80.00000000000000000 ) ) ;
#2902 = CARTESIAN_POINT ( 'NONE',  ( 116.8181098962976421, 12.70616775658833575, 20.00000000000000355 ) ) ;
#2903 = CARTESIAN_POINT ( 'NONE',  ( 8.000000000000026645, 16.00000000000000711, 69.07179676972440063 ) ) ;
#2904 = CARTESIAN_POINT ( 'NONE',  ( 3.252606517456513302E-18, 10.00000000000000178, 79.00000000000000000 ) ) ;
#2905 = ORIENTED_EDGE ( 'NONE', *, *, #2710, .F. ) ;
#2906 = CARTESIAN_POINT ( 'NONE',  ( 8.000000000000001776, 227.0000000000000284, 0.2999999999999959921 ) ) ;
#2907 = ORIENTED_EDGE ( 'NONE', *, *, #2537, .T. ) ;
#2908 = DIRECTION ( 'NONE',  ( -1.000000000000000000, 2.081668171172168513E-17, -0.000000000000000000 ) ) ;
#2909 = AXIS2_PLACEMENT_3D ( 'NONE', #4318, #2584, #2962 ) ;
#2910 = LINE ( 'NONE', #501, #1310 ) ;
#2911 = EDGE_LOOP ( 'NONE', ( #2824, #764, #3364, #2473 ) ) ;
#2912 = DIRECTION ( 'NONE',  ( -2.081668171172168513E-17, -1.000000000000000000, -0.000000000000000000 ) ) ;
#2913 = CARTESIAN_POINT ( 'NONE',  ( 16.00000000000003197, 8.000000000000001776, 0.000000000000000000 ) ) ;
#2914 = VECTOR ( 'NONE', #2679, 1000.000000000000000 ) ;
#2915 = EDGE_CURVE ( 'NONE', #2288, #3491, #3166, .T. ) ;
#2916 = CARTESIAN_POINT ( 'NONE',  ( 12.00000000000003197, 14.92820323027551765, 79.07185100854793802 ) ) ;
#2917 = DIRECTION ( 'NONE',  ( 1.298723457950550903E-16, -1.000000000000000000, 0.000000000000000000 ) ) ;
#2918 = ORIENTED_EDGE ( 'NONE', *, *, #3402, .T. ) ;
#2919 = CARTESIAN_POINT ( 'NONE',  ( 6.394888169714767479, 234.7816095740038520, 79.00000000000000000 ) ) ;
#2920 = VERTEX_POINT ( 'NONE', #4069 ) ;
#2921 = CARTESIAN_POINT ( 'NONE',  ( 111.0744174402738054, -2.331716433273827389E-15, 20.61863565516107144 ) ) ;
#2922 = DIRECTION ( 'NONE',  ( -1.000000000000000000, 0.000000000000000000, 0.000000000000000000 ) ) ;
#2923 = CARTESIAN_POINT ( 'NONE',  ( 121.5999313170106859, 234.9794695856359112, 19.99999999999995737 ) ) ;
#2924 = DIRECTION ( 'NONE',  ( -0.000000000000000000, -0.000000000000000000, -1.000000000000000000 ) ) ;
#2925 = ORIENTED_EDGE ( 'NONE', *, *, #2562, .T. ) ;
#2926 = DIRECTION ( 'NONE',  ( -0.7402700148146201808, -0.6723096795126201064, 0.000000000000000000 ) ) ;
#2927 = EDGE_LOOP ( 'NONE', ( #652, #2795, #2995, #292 ) ) ;
#2928 = CARTESIAN_POINT ( 'NONE',  ( 116.0778398814830155, 13.37847743610095108, 19.00000000000000711 ) ) ;
#2929 = CARTESIAN_POINT ( 'NONE',  ( 122.3613956559263158, 0.06763502196942709765, 20.00000000000000355 ) ) ;
#2930 = ORIENTED_EDGE ( 'NONE', *, *, #2597, .T. ) ;
#2931 = CARTESIAN_POINT ( 'NONE',  ( 120.6275948498313113, 233.9981735400624245, 20.00000000000000355 ) ) ;
#2932 = FACE_OUTER_BOUND ( 'NONE', #2625, .T. ) ;
#2933 = EDGE_CURVE ( 'NONE', #3616, #4047, #495, .T. ) ;
#2934 = CARTESIAN_POINT ( 'NONE',  ( 15.12223802211697965, 228.0000000000000284, 79.80994648076655551 ) ) ;
#2935 = CARTESIAN_POINT ( 'NONE',  ( 15.12223802211700452, 7.000000000000001776, 79.80994648076655551 ) ) ;
#2936 = PRODUCT_DEFINITION_CONTEXT ( 'detailed design', #865, 'design' ) ;
#2937 = CARTESIAN_POINT ( 'NONE',  ( 6.527489021245689749, 0.1798539532071870006, 79.00000000000000000 ) ) ;
#2938 = VERTEX_POINT ( 'NONE', #3303 ) ;
#2939 = CARTESIAN_POINT ( 'NONE',  ( 1.410653418768635037, 229.3692249812353339, 79.99999999999998579 ) ) ;
#2940 = CARTESIAN_POINT ( 'NONE',  ( 11.00000000000000711, 220.6754446796632578, 80.00000000000000000 ) ) ;
#2941 = ADVANCED_FACE ( 'NONE', ( #838 ), #2992, .F. ) ;
#2942 = CARTESIAN_POINT ( 'NONE',  ( 91.12280221427846527, 234.0000000000000284, 32.83391028332150086 ) ) ;
#2943 = ADVANCED_FACE ( 'NONE', ( #2335 ), #4213, .T. ) ;
#2944 = B_SPLINE_CURVE_WITH_KNOTS ( 'NONE', 3,
 ( #4498, #1340, #1290, #1245, #265, #2775, #968, #989, #4527, #2391, #3445, #1659, #1681, #3772, #3404, #548, #2723, #1989, #240, #3815, #1266, #3048, #4552, #4122, #201, #4096, #3492, #2749, #3795, #4190 ),
 .UNSPECIFIED., .F., .F.,
 ( 4, 2, 2, 2, 2, 2, 2, 2, 2, 2, 2, 2, 2, 2, 4 ),
 ( 6.938893903907228378E-18, 0.0009383310988443456166, 0.001876662197688684294, 0.003753324395377356879, 0.004691655494221693389, 0.005629986593066030331, 0.006568317691910368142, 0.007506648790754705085, 0.008444979889599042028, 0.009383310988443378103, 0.01032164208728771591, 0.01125997318613205199, 0.01313663538382072761, 0.01407496648266502379, 0.01501329758150931649 ),
 .UNSPECIFIED. ) ;
#2945 = DIRECTION ( 'NONE',  ( 0.000000000000000000, 0.000000000000000000, -1.000000000000000000 ) ) ;
#2946 = DIRECTION ( 'NONE',  ( 0.000000000000000000, 0.000000000000000000, 1.000000000000000000 ) ) ;
#2947 = ORIENTED_EDGE ( 'NONE', *, *, #2426, .T. ) ;
#2948 = DIRECTION ( 'NONE',  ( -0.000000000000000000, -0.000000000000000000, -1.000000000000000000 ) ) ;
#2949 = ADVANCED_FACE ( 'NONE', ( #1953 ), #1440, .F. ) ;
#2950 = VECTOR ( 'NONE', #393, 1000.000000000000000 ) ;
#2951 = CARTESIAN_POINT ( 'NONE',  ( 124.4677324262233640, 234.5977066123925567, 19.00000000000000711 ) ) ;
#2952 = AXIS2_PLACEMENT_3D ( 'NONE', #1848, #2224, #2560 ) ;
#2953 = CARTESIAN_POINT ( 'NONE',  ( 121.3490210122636341, -2.545599585546058062E-15, 0.000000000000000000 ) ) ;
#2954 = CARTESIAN_POINT ( 'NONE',  ( 16.00000000000003197, 235.0500000000000398, 80.00000000000000000 ) ) ;
#2955 = EDGE_LOOP ( 'NONE', ( #4001, #4376, #421, #3832 ) ) ;
#2956 = CIRCLE ( 'NONE', #1013, 9.999999999999994671 ) ;
#2957 = DIRECTION ( 'NONE',  ( -0.000000000000000000, -0.000000000000000000, -1.000000000000000000 ) ) ;
#2958 = CIRCLE ( 'NONE', #866, 10.00000000000000178 ) ;
#2959 = CARTESIAN_POINT ( 'NONE',  ( 123.2799006898419663, 0.1675500709755085027, 19.00000000000000355 ) ) ;
#2960 = EDGE_LOOP ( 'NONE', ( #1335, #995, #4593, #2061, #1435, #2878, #2661, #1795 ) ) ;
#2961 = CARTESIAN_POINT ( 'NONE',  ( 127.5147256164296863, 231.6342548406602759, 20.00000000000000711 ) ) ;
#2962 = DIRECTION ( 'NONE',  ( 0.000000000000000000, 0.000000000000000000, 1.000000000000000000 ) ) ;
#2963 = CARTESIAN_POINT ( 'NONE',  ( 10.10000000000002629, 8.000000000000001776, 0.2999999999999959921 ) ) ;
#2964 = ORIENTED_EDGE ( 'NONE', *, *, #4460, .F. ) ;
#2965 = CARTESIAN_POINT ( 'NONE',  ( 2.067208639312423823, 232.6742144767171112, 80.00000000000000000 ) ) ;
#2966 = EDGE_LOOP ( 'NONE', ( #4103, #4392, #1966, #3885, #3950, #2080 ) ) ;
#2967 = LINE ( 'NONE', #2157, #2273 ) ;
#2968 = CARTESIAN_POINT ( 'NONE',  ( 0.000000000000000000, 202.2500000000000284, 50.00000000000000000 ) ) ;
#2969 = CARTESIAN_POINT ( 'NONE',  ( 11.96263479874622959, 110.5933979240984115, 79.27980812496853957 ) ) ;
#2970 = ORIENTED_EDGE ( 'NONE', *, *, #1867, .T. ) ;
#2971 = LINE ( 'NONE', #4063, #1223 ) ;
#2972 = EDGE_CURVE ( 'NONE', #704, #2721, #4611, .T. ) ;
#2973 = FACE_OUTER_BOUND ( 'NONE', #1832, .T. ) ;
#2974 = EDGE_LOOP ( 'NONE', ( #2830, #2670, #3358, #3859, #3639 ) ) ;
#2975 = LINE ( 'NONE', #1888, #3171 ) ;
#2976 = CARTESIAN_POINT ( 'NONE',  ( 122.6113582906210695, 0.08945009697596502385, 20.00000000000000355 ) ) ;
#2977 = ORIENTED_EDGE ( 'NONE', *, *, #1901, .T. ) ;
#2978 = LINE ( 'NONE', #1548, #3582 ) ;
#2979 = FACE_OUTER_BOUND ( 'NONE', #2966, .T. ) ;
#2980 = CIRCLE ( 'NONE', #3505, 11.09999999999999787 ) ;
#2981 = UNCERTAINTY_MEASURE_WITH_UNIT (LENGTH_MEASURE( 1.000000000000000082E-05 ), #3126, 'distance_accuracy_value', 'NONE');
#2982 = CYLINDRICAL_SURFACE ( 'NONE', #130, 8.000000000000007105 ) ;
#2983 = EDGE_LOOP ( 'NONE', ( #1498, #1211, #3536, #3813, #746 ) ) ;
#2984 = CARTESIAN_POINT ( 'NONE',  ( 1.937665616088616538, 232.5313738172017111, 80.00000000000109424 ) ) ;
#2985 = CARTESIAN_POINT ( 'NONE',  ( 120.0000000000000142, 234.0000000000000284, 19.00000000000000355 ) ) ;
#2986 = AXIS2_PLACEMENT_3D ( 'NONE', #3352, #1893, #1569 ) ;
#2987 = CARTESIAN_POINT ( 'NONE',  ( 124.0999999999999659, 227.0000000000000284, 0.3000000000000506706 ) ) ;
#2988 = CARTESIAN_POINT ( 'NONE',  ( 129.0000000000000000, 15.00000000000001421, 20.00000000000000355 ) ) ;
#2989 = VERTEX_POINT ( 'NONE', #376 ) ;
#2990 = DIRECTION ( 'NONE',  ( -1.000000000000000000, -4.460717509654644673E-15, 0.000000000000000000 ) ) ;
#2991 = EDGE_CURVE ( 'NONE', #3422, #4615, #3702, .T. ) ;
#2992 = B_SPLINE_SURFACE_WITH_KNOTS ( 'NONE', 2, 1, ( 
 ( #4021, #3999 ),
 ( #867, #2953 ),
 ( #815, #2241 ),
 ( #4044, #4544 ),
 ( #2673, #3064 ),
 ( #1330, #1284 ),
 ( #1981, #3015 ),
 ( #962, #4136 ),
 ( #1258, #891 ),
 ( #937, #1933 ),
 ( #2767, #2743 ),
 ( #2383, #2311 ),
 ( #583, #3108 ) ),
 .UNSPECIFIED., .F., .F., .F.,
 ( 3, 2, 2, 2, 2, 2, 3 ),
 ( 2, 2 ),
 ( 0.000000000000000000, 0.1250000000000000000, 0.2500000000000000000, 0.5000000000000000000, 0.7500000000000000000, 0.8750000000000000000, 1.000000000000000000 ),
 ( 0.000000000000000000, 1.000000000000000000 ),
 .UNSPECIFIED. ) ;
#2993 = CYLINDRICAL_SURFACE ( 'NONE', #1592, 1.000000000000000888 ) ;
#2994 = PLANE ( 'NONE',  #1866 ) ;
#2995 = ORIENTED_EDGE ( 'NONE', *, *, #1139, .F. ) ;
#2996 = CARTESIAN_POINT ( 'NONE',  ( 120.0000000000000142, 234.0000000000000284, 20.00000000000000355 ) ) ;
#2997 = EDGE_CURVE ( 'NONE', #4275, #1048, #635, .T. ) ;
#2998 = AXIS2_PLACEMENT_3D ( 'NONE', #1060, #698, #2125 ) ;
#2999 = CARTESIAN_POINT ( 'NONE',  ( 122.0000000000000000, 8.000000000000000000, 0.2999999999999951594 ) ) ;
#3000 = ORIENTED_EDGE ( 'NONE', *, *, #4111, .F. ) ;
#3001 = CARTESIAN_POINT ( 'NONE',  ( 129.0000000000000284, 225.3150671018593982, 19.99999999999999645 ) ) ;
#3002 = PLANE ( 'NONE',  #4099 ) ;
#3003 = CARTESIAN_POINT ( 'NONE',  ( 15.47784614036148199, 227.0000000000000284, 79.14714869592374669 ) ) ;
#3004 = ORIENTED_EDGE ( 'NONE', *, *, #2751, .F. ) ;
#3005 = CARTESIAN_POINT ( 'NONE',  ( 0.4454254883563752987, 229.6333886836044655, 79.99999999999997158 ) ) ;
#3006 = CARTESIAN_POINT ( 'NONE',  ( 11.99234698707323332, 124.4237886840561629, 79.14214710620444748 ) ) ;
#3007 = DIRECTION ( 'NONE',  ( 0.000000000000000000, 0.000000000000000000, 1.000000000000000000 ) ) ;
#3008 = FACE_OUTER_BOUND ( 'NONE', #629, .T. ) ;
#3009 = CARTESIAN_POINT ( 'NONE',  ( 123.6025099934837073, 234.7820502585339000, 20.00000000000326850 ) ) ;
#3010 = LINE ( 'NONE', #146, #561 ) ;
#3011 = ORIENTED_EDGE ( 'NONE', *, *, #4311, .F. ) ;
#3012 = CARTESIAN_POINT ( 'NONE',  ( 5.900000000000032330, 8.000000000000001776, 15.00000000000000000 ) ) ;
#3013 = CARTESIAN_POINT ( 'NONE',  ( 122.0884906158724732, 234.9522265116715971, 0.000000000000000000 ) ) ;
#3014 = CARTESIAN_POINT ( 'NONE',  ( 115.6331340451694984, 224.0275297042983880, 20.06425348129395658 ) ) ;
#3015 = CARTESIAN_POINT ( 'NONE',  ( 127.7956362749830816, 2.189048890524475155, 0.000000000000000000 ) ) ;
#3016 = ADVANCED_FACE ( 'NONE', ( #4567 ), #281, .F. ) ;
#3017 = DIRECTION ( 'NONE',  ( 0.000000000000000000, 1.000000000000000000, 0.000000000000000000 ) ) ;
#3018 = AXIS2_PLACEMENT_3D ( 'NONE', #4565, #1353, #4205 ) ;
#3019 = ORIENTED_EDGE ( 'NONE', *, *, #674, .T. ) ;
#3020 = CARTESIAN_POINT ( 'NONE',  ( 122.0000000000000000, 8.000000000000000000, 0.2999999999999951594 ) ) ;
#3021 = AXIS2_PLACEMENT_3D ( 'NONE', #111, #1519, #1544 ) ;
#3022 = DIRECTION ( 'NONE',  ( -1.000000000000000000, 0.000000000000000000, 0.000000000000000000 ) ) ;
#3023 = EDGE_CURVE ( 'NONE', #3544, #601, #713, .T. ) ;
#3024 = CARTESIAN_POINT ( 'NONE',  ( 0.3303862130348250159, 229.1441791268269412, 79.00000000000000000 ) ) ;
#3025 = ORIENTED_EDGE ( 'NONE', *, *, #3163, .F. ) ;
#3026 = CIRCLE ( 'NONE', #932, 11.09999999999999787 ) ;
#3027 = VECTOR ( 'NONE', #4478, 1000.000000000000000 ) ;
#3028 = CARTESIAN_POINT ( 'NONE',  ( 128.8569412172843442, 228.1377021332854724, 20.00000000000000711 ) ) ;
#3029 = CARTESIAN_POINT ( 'NONE',  ( 116.8181098962976421, 222.2938322434116856, 20.00000000000000355 ) ) ;
#3030 = AXIS2_PLACEMENT_3D ( 'NONE', #3347, #2623, #1466 ) ;
#3031 = EDGE_CURVE ( 'NONE', #2938, #3323, #2432, .T. ) ;
#3032 = CARTESIAN_POINT ( 'NONE',  ( 130.0509999999999877, 142.2500000000000568, 50.00000000000000000 ) ) ;
#3033 = ORIENTED_EDGE ( 'NONE', *, *, #1704, .F. ) ;
#3034 = CARTESIAN_POINT ( 'NONE',  ( 1.598853238026752832, 229.9666753194934756, 79.99999999999998579 ) ) ;
#3035 = CARTESIAN_POINT ( 'NONE',  ( 11.94021224186194807, 220.1063820163322760, 79.34750077965266257 ) ) ;
#3036 = CARTESIAN_POINT ( 'NONE',  ( 6.712727083800483996, 0.1685571303732507631, 79.00000000000000000 ) ) ;
#3037 = DIRECTION ( 'NONE',  ( 1.000000000000000000, 0.000000000000000000, 0.000000000000000000 ) ) ;
#3038 = CARTESIAN_POINT ( 'NONE',  ( 10.40000000000004121, 8.000000000000001776, 0.000000000000000000 ) ) ;
#3039 = CARTESIAN_POINT ( 'NONE',  ( 128.0596203911109114, 232.5343190374078972, 20.00000000000298783 ) ) ;
#3040 = CARTESIAN_POINT ( 'NONE',  ( 116.8181098962976421, 1.000000000000000888, 30.00000000000000711 ) ) ;
#3041 = VERTEX_POINT ( 'NONE', #4307 ) ;
#3042 = PLANE ( 'NONE',  #4594 ) ;
#3043 = CARTESIAN_POINT ( 'NONE',  ( 120.0000000000000142, 235.0000000000000284, 0.000000000000000000 ) ) ;
#3044 = CARTESIAN_POINT ( 'NONE',  ( 129.9749773903135690, 226.7393480540539201, 19.00000000000000355 ) ) ;
#3045 = DIRECTION ( 'NONE',  ( -0.8528513040762653041, 0.000000000000000000, 0.5221538596385300046 ) ) ;
#3046 = EDGE_LOOP ( 'NONE', ( #3383, #3136, #1504, #1900 ) ) ;
#3047 = ORIENTED_EDGE ( 'NONE', *, *, #1961, .T. ) ;
#3048 = CARTESIAN_POINT ( 'NONE',  ( 1.410653420442208095, 229.3692249808078998, 80.00000000000000000 ) ) ;
#3049 = CARTESIAN_POINT ( 'NONE',  ( 1.921368766111296145, 2.472860294405376802, 79.00000000000000000 ) ) ;
#3050 = DIRECTION ( 'NONE',  ( 0.5221538596385307818, 0.000000000000000000, 0.8528513040762648600 ) ) ;
#3051 = ORIENTED_EDGE ( 'NONE', *, *, #791, .F. ) ;
#3052 = CARTESIAN_POINT ( 'NONE',  ( 13.18189010370237391, 12.70616775658834108, 80.00000000000000000 ) ) ;
#3053 = CARTESIAN_POINT ( 'NONE',  ( 124.0999999999999943, 8.000000000000000000, 0.2999999999999951594 ) ) ;
#3054 = EDGE_CURVE ( 'NONE', #3943, #3593, #2433, .T. ) ;
#3055 = DIRECTION ( 'NONE',  ( -0.8528513040762648600, 2.958922357397059506E-15, 0.5221538596385307818 ) ) ;
#3056 = AXIS2_PLACEMENT_3D ( 'NONE', #2223, #4078, #3707 ) ;
#3057 = CARTESIAN_POINT ( 'NONE',  ( 122.2674655192823820, 234.9433962167319123, 19.99999999999995737 ) ) ;
#3058 = CARTESIAN_POINT ( 'NONE',  ( 114.0191157634874202, 10.83992935957979320, 19.20027535018171250 ) ) ;
#3059 = ORIENTED_EDGE ( 'NONE', *, *, #2150, .T. ) ;
#3060 = CARTESIAN_POINT ( 'NONE',  ( 112.4104135409455267, 225.4351037966970921, 19.70036002627784555 ) ) ;
#3061 = CARTESIAN_POINT ( 'NONE',  ( 129.1585589802932930, 231.4426237461737514, 0.000000000000000000 ) ) ;
#3062 = FACE_OUTER_BOUND ( 'NONE', #3181, .T. ) ;
#3063 = CARTESIAN_POINT ( 'NONE',  ( 13.18189010370237391, -2.168404344971008868E-16, 70.00000000000000000 ) ) ;
#3064 = CARTESIAN_POINT ( 'NONE',  ( 124.1297953748493228, 0.3271770062046461258, 0.000000000000000000 ) ) ;
#3065 = EDGE_LOOP ( 'NONE', ( #878, #957, #894, #3188, #4369 ) ) ;
#3066 = ORIENTED_EDGE ( 'NONE', *, *, #149, .T. ) ;
#3067 = VERTEX_POINT ( 'NONE', #2076 ) ;
#3068 = CARTESIAN_POINT ( 'NONE',  ( 17.88127484044914439, 8.000000000000001776, 77.67566173668639351 ) ) ;
#3069 = CARTESIAN_POINT ( 'NONE',  ( 3.010474598330400209, 2.796803225637611412, 80.00000000000000000 ) ) ;
#3070 = AXIS2_PLACEMENT_3D ( 'NONE', #257, #651, #3109 ) ;
#3071 = ADVANCED_FACE ( 'NONE', ( #3508 ), #3830, .F. ) ;
#3072 = CARTESIAN_POINT ( 'NONE',  ( 13.18189010370237391, 7.000000000000001776, 70.00000000000000000 ) ) ;
#3073 = ORIENTED_EDGE ( 'NONE', *, *, #2680, .T. ) ;
#3074 = FACE_OUTER_BOUND ( 'NONE', #2507, .T. ) ;
#3075 = CARTESIAN_POINT ( 'NONE',  ( 15.20729414742102037, 8.044962178297184963, 79.79274339262816795 ) ) ;
#3076 = CARTESIAN_POINT ( 'NONE',  ( 16.00000000000002132, 117.5000000000000142, 79.00000000000000000 ) ) ;
#3077 = CARTESIAN_POINT ( 'NONE',  ( 128.9103754800314903, 231.2991330722537953, 20.00000000000163780 ) ) ;
#3078 = ADVANCED_FACE ( 'NONE', ( #426 ), #3620, .T. ) ;
#3079 = VERTEX_POINT ( 'NONE', #2987 ) ;
#3080 = CARTESIAN_POINT ( 'NONE',  ( 111.9942448877871755, 225.7067023643388382, 21.21639867164345716 ) ) ;
#3081 = DIRECTION ( 'NONE',  ( -0.000000000000000000, -0.000000000000000000, -1.000000000000000000 ) ) ;
#3082 = CARTESIAN_POINT ( 'NONE',  ( 10.00000000000000000, 235.0000000000000284, 79.00000000000000000 ) ) ;
#3083 = EDGE_CURVE ( 'NONE', #4429, #1638, #1583, .T. ) ;
#3084 = DIRECTION ( 'NONE',  ( -0.000000000000000000, -0.000000000000000000, -1.000000000000000000 ) ) ;
#3085 =( BOUNDED_CURVE ( )  B_SPLINE_CURVE ( 3, ( #1433, #2869, #2152, #51 ),
 .UNSPECIFIED., .F., .T. ) 
 B_SPLINE_CURVE_WITH_KNOTS ( ( 4, 4 ),
 ( 4.188790204786391413, 4.712388980384689674 ),
 .UNSPECIFIED. ) 
 CURVE ( )  GEOMETRIC_REPRESENTATION_ITEM ( )  RATIONAL_B_SPLINE_CURVE ( ( 1.000000000000000000, 0.9772838841927120601, 0.9772838841927120601, 1.000000000000000000 ) ) 
 REPRESENTATION_ITEM ( '' )  );
#3086 = ORIENTED_EDGE ( 'NONE', *, *, #4278, .F. ) ;
#3087 = ORIENTED_EDGE ( 'NONE', *, *, #4452, .T. ) ;
#3088 = CARTESIAN_POINT ( 'NONE',  ( 5.900000000000031442, 8.000000000000001776, 0.2999999999999959921 ) ) ;
#3089 = CARTESIAN_POINT ( 'NONE',  ( 0.7795753607830254728, 4.369841251458447040, 80.00000000000000000 ) ) ;
#3090 = VECTOR ( 'NONE', #106, 1000.000000000000000 ) ;
#3091 = CARTESIAN_POINT ( 'NONE',  ( 8.000000000000026645, 16.00000000000000711, 80.00000000000000000 ) ) ;
#3092 = CIRCLE ( 'NONE', #2500, 1.000000000000001110 ) ;
#3093 = CIRCLE ( 'NONE', #1446, 10.00000000000000178 ) ;
#3094 = CARTESIAN_POINT ( 'NONE',  ( 129.9981604571018750, 9.363321097218026523, 20.00000000000000355 ) ) ;
#3095 = EDGE_LOOP ( 'NONE', ( #3317, #939, #28, #3961 ) ) ;
#3096 = CARTESIAN_POINT ( 'NONE',  ( 12.00000000000002842, 8.000000000000000000, 76.00000000000000000 ) ) ;
#3097 = DIRECTION ( 'NONE',  ( 0.000000000000000000, 0.000000000000000000, -1.000000000000000000 ) ) ;
#3098 = CARTESIAN_POINT ( 'NONE',  ( 13.88343692920160954, 223.0680866735035863, 79.97931995896840363 ) ) ;
#3099 = VECTOR ( 'NONE', #3670, 999.9999999999998863 ) ;
#3100 = VECTOR ( 'NONE', #2948, 1000.000000000000000 ) ;
#3101 = CARTESIAN_POINT ( 'NONE',  ( -7.440918627972765486E-10, 9.681959058699344922, 80.00000000000001421 ) ) ;
#3102 = DIRECTION ( 'NONE',  ( 0.000000000000000000, 0.000000000000000000, -1.000000000000000000 ) ) ;
#3103 = CARTESIAN_POINT ( 'NONE',  ( 115.0830811115854715, 12.04444340573772898, 20.10997932463505578 ) ) ;
#3104 = ORIENTED_EDGE ( 'NONE', *, *, #315, .F. ) ;
#3105 = DIRECTION ( 'NONE',  ( 2.081668171172168513E-17, 1.000000000000000000, -0.000000000000000000 ) ) ;
#3106 = CARTESIAN_POINT ( 'NONE',  ( 122.0000000000000000, 8.000000000000000000, 15.00000000000000000 ) ) ;
#3107 = CARTESIAN_POINT ( 'NONE',  ( 8.268677856568293905, 234.9753144096775657, 79.00000000000000000 ) ) ;
#3108 = CARTESIAN_POINT ( 'NONE',  ( 130.0000000000000000, 9.999999999999998224, 0.000000000000000000 ) ) ;
#3109 = DIRECTION ( 'NONE',  ( 0.000000000000000000, 0.000000000000000000, -1.000000000000000000 ) ) ;
#3110 = CARTESIAN_POINT ( 'NONE',  ( 0.000000000000000000, 172.2500000000000000, 50.00000000000000000 ) ) ;
#3111 = ORIENTED_EDGE ( 'NONE', *, *, #1467, .F. ) ;
#3112 = ADVANCED_FACE ( 'NONE', ( #808 ), #1535, .F. ) ;
#3113 = VERTEX_POINT ( 'NONE', #2159 ) ;
#3114 = CARTESIAN_POINT ( 'NONE',  ( 2.189048890524494695, 2.204363725016921904, 0.000000000000000000 ) ) ;
#3115 = CARTESIAN_POINT ( 'NONE',  ( 1.084370086589458548, 3.710801098587347191, 79.00000000000000000 ) ) ;
#3116 = CARTESIAN_POINT ( 'NONE',  ( 8.000000000000026645, 16.00000000000000711, 80.00000000000000000 ) ) ;
#3118 = ORIENTED_EDGE ( 'NONE', *, *, #2252, .T. ) ;
#3117 = CARTESIAN_POINT ( 'NONE',  ( 111.5596412941735451, 9.069775435921126672, 20.09245993734303326 ) ) ;
#3119 = LINE ( 'NONE', #3096, #4259 ) ;
#3120 = CARTESIAN_POINT ( 'NONE',  ( 14.43085297477314022, 11.04980391999834310, 79.92237813778754685 ) ) ;
#3121 = LINE ( 'NONE', #3572, #1445 ) ;
#3122 = CARTESIAN_POINT ( 'NONE',  ( 1.099733547807598688, 7.340452812110823899, 80.00000000000000000 ) ) ;
#3123 = CARTESIAN_POINT ( 'NONE',  ( 129.9793422099931490, 226.6075336871161880, 20.00000000000000355 ) ) ;
#3124 = CARTESIAN_POINT ( 'NONE',  ( 113.4402458916030412, 10.31768948774059957, 19.34351088796946883 ) ) ;
#3125 = EDGE_LOOP ( 'NONE', ( #4239, #1242, #2094, #251 ) ) ;
#3126 =( LENGTH_UNIT ( ) NAMED_UNIT ( * ) SI_UNIT ( .MILLI., .METRE. ) );
#3127 = AXIS2_PLACEMENT_3D ( 'NONE', #3910, #1131, #706 ) ;
#3128 = CARTESIAN_POINT ( 'NONE',  ( 119.9000000000000057, 8.000000000000000000, 0.000000000000000000 ) ) ;
#3129 = DIRECTION ( 'NONE',  ( 0.000000000000000000, 0.000000000000000000, 1.000000000000000000 ) ) ;
#3130 = ORIENTED_EDGE ( 'NONE', *, *, #256, .T. ) ;
#3131 = DIRECTION ( 'NONE',  ( -1.000000000000000000, 0.000000000000000000, 0.000000000000000000 ) ) ;
#3132 = EDGE_CURVE ( 'NONE', #1826, #2087, #1076, .T. ) ;
#3133 = VECTOR ( 'NONE', #4558, 1000.000000000000000 ) ;
#3134 = VERTEX_POINT ( 'NONE', #3249 ) ;
#3135 = ADVANCED_FACE ( 'NONE', ( #786 ), #3991, .F. ) ;
#3136 = ORIENTED_EDGE ( 'NONE', *, *, #2156, .F. ) ;
#3137 = ADVANCED_FACE ( 'NONE', ( #4038 ), #759, .F. ) ;
#3138 = CYLINDRICAL_SURFACE ( 'NONE', #1856, 10.00000000000000000 ) ;
#3139 = CARTESIAN_POINT ( 'NONE',  ( 15.13915943657410423, 9.030012512739634900, 79.80667897115445442 ) ) ;
#3140 = FACE_OUTER_BOUND ( 'NONE', #4573, .T. ) ;
#3141 = EDGE_CURVE ( 'NONE', #810, #2606, #1378, .T. ) ;
#3142 = CARTESIAN_POINT ( 'NONE',  ( 126.6213419749364704, 1.267889562882175580, 20.00000000000000355 ) ) ;
#3143 = ORIENTED_EDGE ( 'NONE', *, *, #1334, .T. ) ;
#3144 = CARTESIAN_POINT ( 'NONE',  ( 120.0000000000000142, 235.0000000000000284, 19.00000000000000355 ) ) ;
#3145 = CARTESIAN_POINT ( 'NONE',  ( 15.99978582471309885, 227.0686492683154825, 78.95788110419562145 ) ) ;
#3146 = PRODUCT_CONTEXT ( 'NONE', #477, 'mechanical' ) ;
#3147 = AXIS2_PLACEMENT_3D ( 'NONE', #3461, #3084, #2097 ) ;
#3148 = CARTESIAN_POINT ( 'NONE',  ( 129.9563423417957608, 227.0271833606166751, 20.00000000000000355 ) ) ;
#3149 = CARTESIAN_POINT ( 'NONE',  ( 11.23924398628675370, 111.0241760208012494, 79.99999999999997158 ) ) ;
#3150 = ORIENTED_EDGE ( 'NONE', *, *, #3425, .T. ) ;
#3151 = CARTESIAN_POINT ( 'NONE',  ( 115.3669873538202353, 222.5273843056573355, 20.06748154379051030 ) ) ;
#3152 =( LENGTH_UNIT ( ) NAMED_UNIT ( * ) SI_UNIT ( .MILLI., .METRE. ) );
#3153 = CARTESIAN_POINT ( 'NONE',  ( 1.157317212432393383, 231.4238091296481059, 79.00000000000001421 ) ) ;
#3154 = DIRECTION ( 'NONE',  ( -0.000000000000000000, -0.000000000000000000, -1.000000000000000000 ) ) ;
#3155 = DIRECTION ( 'NONE',  ( 0.000000000000000000, 0.000000000000000000, -1.000000000000000000 ) ) ;
#3156 = CARTESIAN_POINT ( 'NONE',  ( 8.650978987852136370, 234.9999999999999716, 79.00000000000000000 ) ) ;
#3157 = ORIENTED_EDGE ( 'NONE', *, *, #4165, .F. ) ;
#3158 = EDGE_CURVE ( 'NONE', #1785, #3705, #4327, .T. ) ;
#3159 = CARTESIAN_POINT ( 'NONE',  ( 111.5965712999123269, 7.769167226179915176, 21.47148695923733897 ) ) ;
#3160 = ORIENTED_EDGE ( 'NONE', *, *, #3929, .F. ) ;
#3161 = CARTESIAN_POINT ( 'NONE',  ( 16.00000000000000711, 227.0000000000000284, 78.54741227579373231 ) ) ;
#3162 = CARTESIAN_POINT ( 'NONE',  ( 10.09999999999999787, 227.0000000000000284, 15.00000000000000000 ) ) ;
#3163 = EDGE_CURVE ( 'NONE', #4494, #940, #469, .T. ) ;
#3164 = CARTESIAN_POINT ( 'NONE',  ( 128.3136476293971100, 2.761300223133160259, 20.00000000000000355 ) ) ;
#3165 = ORIENTED_EDGE ( 'NONE', *, *, #1214, .T. ) ;
#3166 = CIRCLE ( 'NONE', #3395, 2.099999999999990763 ) ;
#3167 = DIRECTION ( 'NONE',  ( -0.000000000000000000, -0.000000000000000000, 1.000000000000000000 ) ) ;
#3168 = CYLINDRICAL_SURFACE ( 'NONE', #2226, 8.000000000000007105 ) ;
#3169 = CARTESIAN_POINT ( 'NONE',  ( 10.00000000000000000, 0.9999999999999997780, 80.00000000000000000 ) ) ;
#3170 = EDGE_CURVE ( 'NONE', #2606, #810, #4216, .T. ) ;
#3171 = VECTOR ( 'NONE', #2957, 1000.000000000000000 ) ;
#3172 = AXIS2_PLACEMENT_3D ( 'NONE', #956, #2045, #4203 ) ;
#3173 = CARTESIAN_POINT ( 'NONE',  ( 129.9323649779975653, 227.3613956559915437, 19.99999999999919353 ) ) ;
#3174 = CARTESIAN_POINT ( 'NONE',  ( 130.0000000000000000, 226.3490210134890503, 0.000000000000000000 ) ) ;
#3175 = ORIENTED_EDGE ( 'NONE', *, *, #3766, .F. ) ;
#3176 = CARTESIAN_POINT ( 'NONE',  ( 10.00000000000000178, 235.0000000000000000, 80.00000000000001421 ) ) ;
#3177 = CIRCLE ( 'NONE', #3698, 2.400000000000011458 ) ;
#3178 = AXIS2_PLACEMENT_3D ( 'NONE', #3898, #1513, #449 ) ;
#3179 = AXIS2_PLACEMENT_3D ( 'NONE', #1461, #445, #4326 ) ;
#3180 = CARTESIAN_POINT ( 'NONE',  ( 107.0333704529042222, 8.000000000000001776, 23.09274605559143367 ) ) ;
#3181 = EDGE_LOOP ( 'NONE', ( #4531, #3926, #3260, #2499 ) ) ;
#3182 = CARTESIAN_POINT ( 'NONE',  ( 120.0000000000000142, 1.000000000000000666, 20.00000000000000355 ) ) ;
#3183 = DIRECTION ( 'NONE',  ( -1.000000000000000000, 0.000000000000000000, 0.000000000000000000 ) ) ;
#3184 = ORIENTED_EDGE ( 'NONE', *, *, #3879, .T. ) ;
#3185 = CARTESIAN_POINT ( 'NONE',  ( 110.3132256658133201, 7.262262253430074921, 22.25720877603265535 ) ) ;
#3186 = CARTESIAN_POINT ( 'NONE',  ( 129.8789551017901545, 6.790904114501456590, 0.000000000000000000 ) ) ;
#3187 = CARTESIAN_POINT ( 'NONE',  ( 128.6294235801198624, 3.227590501599219674, 20.00000000000000355 ) ) ;
#3188 = ORIENTED_EDGE ( 'NONE', *, *, #2997, .F. ) ;
#3189 = CARTESIAN_POINT ( 'NONE',  ( 130.0509999999999877, 202.2500000000000284, 59.60000000000000853 ) ) ;
#3190 = FACE_OUTER_BOUND ( 'NONE', #2412, .T. ) ;
#3191 = ADVANCED_FACE ( 'NONE', ( #105 ), #1518, .T. ) ;
#3192 = DIRECTION ( 'NONE',  ( 0.000000000000000000, 0.000000000000000000, -1.000000000000000000 ) ) ;
#3193 = APPLICATION_PROTOCOL_DEFINITION ( 'draft international standard', 'automotive_design', 1998, #477 ) ;
#3194 = CARTESIAN_POINT ( 'NONE',  ( 128.6678808685734623, 229.0598328380004034, 20.00000000000000355 ) ) ;
#3195 = CARTESIAN_POINT ( 'NONE',  ( 120.0000000000000142, 235.0000000000000284, 19.00000000000000355 ) ) ;
#3196 = ORIENTED_EDGE ( 'NONE', *, *, #1196, .T. ) ;
#3197 = DIRECTION ( 'NONE',  ( -1.000000000000000000, -0.000000000000000000, -0.000000000000000000 ) ) ;
#3198 = ADVANCED_FACE ( 'NONE', ( #1557 ), #4518, .T. ) ;
#3199 = CARTESIAN_POINT ( 'NONE',  ( 121.3918183065522669, 0.01513965395896670930, 18.99999999999998934 ) ) ;
#3200 = EDGE_CURVE ( 'NONE', #151, #1425, #644, .T. ) ;
#3201 = LINE ( 'NONE', #10, #3775 ) ;
#3202 = CARTESIAN_POINT ( 'NONE',  ( 129.0000000000000000, 235.0500000000000398, 20.00000000000000355 ) ) ;
#3203 = LINE ( 'NONE', #3226, #4598 ) ;
#3204 = ORIENTED_EDGE ( 'NONE', *, *, #4374, .F. ) ;
#3205 = CARTESIAN_POINT ( 'NONE',  ( 8.000000000000001776, 227.0000000000000284, 0.2999999999999959921 ) ) ;
#3206 = AXIS2_PLACEMENT_3D ( 'NONE', #24, #1453, #2893 ) ;
#3207 = FACE_OUTER_BOUND ( 'NONE', #3626, .T. ) ;
#3208 = ORIENTED_EDGE ( 'NONE', *, *, #180, .F. ) ;
#3209 = CARTESIAN_POINT ( 'NONE',  ( 109.5403960749447521, 8.238429864834484917, 21.40434104480651811 ) ) ;
#3210 = VECTOR ( 'NONE', #2468, 1000.000000000000000 ) ;
#3211 = DIRECTION ( 'NONE',  ( 0.000000000000000000, 0.000000000000000000, -1.000000000000000000 ) ) ;
#3212 = CARTESIAN_POINT ( 'NONE',  ( 129.2201573251366824, 4.369252455892669751, 20.00000000000000355 ) ) ;
#3213 = ORIENTED_EDGE ( 'NONE', *, *, #3935, .T. ) ;
#3214 = CYLINDRICAL_SURFACE ( 'NONE', #1929, 9.600000000000004974 ) ;
#3215 = LINE ( 'NONE', #1755, #589 ) ;
#3216 = FACE_OUTER_BOUND ( 'NONE', #349, .T. ) ;
#3217 = EDGE_CURVE ( 'NONE', #3559, #2920, #3890, .T. ) ;
#3218 = CARTESIAN_POINT ( 'NONE',  ( 4.737772376196808466, 1.710660418379705838, 80.00000000000000000 ) ) ;
#3219 = ORIENTED_EDGE ( 'NONE', *, *, #533, .T. ) ;
#3220 = CARTESIAN_POINT ( 'NONE',  ( 5.376503990664930122, 234.5573780517690068, 79.00000000000000000 ) ) ;
#3221 = CARTESIAN_POINT ( 'NONE',  ( 14.68699737449066056, 12.43261062550931939, 79.92171373987991956 ) ) ;
#3222 = CIRCLE ( 'NONE', #2998, 2.400000000000066969 ) ;
#3223 = DIRECTION ( 'NONE',  ( -0.8528513040762653041, 1.775353414438238489E-17, 0.5221538596385300046 ) ) ;
#3224 = EDGE_CURVE ( 'NONE', #4400, #1943, #3525, .T. ) ;
#3225 = DIRECTION ( 'NONE',  ( 0.000000000000000000, 0.000000000000000000, 1.000000000000000000 ) ) ;
#3226 = CARTESIAN_POINT ( 'NONE',  ( 12.00000000000002842, 1.131490574324044089E-15, 79.00000000000000000 ) ) ;
#3227 = ORIENTED_EDGE ( 'NONE', *, *, #1371, .T. ) ;
#3228 = DIRECTION ( 'NONE',  ( 1.000000000000000000, 0.000000000000000000, 0.000000000000000000 ) ) ;
#3229 = ADVANCED_FACE ( 'NONE', ( #1066 ), #2116, .T. ) ;
#3230 =( BOUNDED_CURVE ( )  B_SPLINE_CURVE ( 3, ( #2394, #1643, #1269, #223 ),
 .UNSPECIFIED., .F., .T. ) 
 B_SPLINE_CURVE_WITH_KNOTS ( ( 4, 4 ),
 ( 4.188790204786393190, 4.712388980384689674 ),
 .UNSPECIFIED. ) 
 CURVE ( )  GEOMETRIC_REPRESENTATION_ITEM ( )  RATIONAL_B_SPLINE_CURVE ( ( 1.000000000000000000, 0.9772838841927123932, 0.9772838841927123932, 1.000000000000000000 ) ) 
 REPRESENTATION_ITEM ( '' )  );
#3231 = DIRECTION ( 'NONE',  ( -0.8528513040762653041, -0.000000000000000000, 0.5221538596385300046 ) ) ;
#3232 = ORIENTED_EDGE ( 'NONE', *, *, #1693, .T. ) ;
#3233 = CARTESIAN_POINT ( 'NONE',  ( 15.99978582471313082, 7.931350731684567279, 78.95788110419563566 ) ) ;
#3234 = CARTESIAN_POINT ( 'NONE',  ( 8.000000000000028422, 8.000000000000001776, 0.000000000000000000 ) ) ;
#3235 = CARTESIAN_POINT ( 'NONE',  ( 128.0940867618390087, 4.316697176723934604, 20.00000000000000355 ) ) ;
#3236 = ORIENTED_EDGE ( 'NONE', *, *, #1815, .F. ) ;
#3237 = CARTESIAN_POINT ( 'NONE',  ( 130.0509999999999877, 202.2500000000000284, 50.00000000000000000 ) ) ;
#3238 = CARTESIAN_POINT ( 'NONE',  ( 8.000000000000001776, 227.0000000000000284, 30.92820323027552121 ) ) ;
#3239 = AXIS2_PLACEMENT_3D ( 'NONE', #2596, #4019, #811 ) ;
#3240 = CARTESIAN_POINT ( 'NONE',  ( 129.9999999999999716, 219.0000000000000000, 80.00000000000000000 ) ) ;
#3241 = CARTESIAN_POINT ( 'NONE',  ( 1.408140468975538351, 5.639621531050702075, 80.00000000000000000 ) ) ;
#3242 = ORIENTED_EDGE ( 'NONE', *, *, #4233, .F. ) ;
#3243 = CARTESIAN_POINT ( 'NONE',  ( 4.703590361688941179, 234.3461178012456969, 80.00000000000001421 ) ) ;
#3244 = ORIENTED_EDGE ( 'NONE', *, *, #3904, .T. ) ;
#3245 = CARTESIAN_POINT ( 'NONE',  ( 15.24885138419394970, 11.43518265874479489, 78.92847266016275398 ) ) ;
#3246 = VECTOR ( 'NONE', #833, 1000.000000000000000 ) ;
#3247 = VECTOR ( 'NONE', #127, 1000.000000000000000 ) ;
#3248 = CARTESIAN_POINT ( 'NONE',  ( 111.0744174402738054, 234.0000000000000284, 20.61863565516108920 ) ) ;
#3249 = CARTESIAN_POINT ( 'NONE',  ( 121.9999999999999716, 219.0000000000000284, 0.000000000000000000 ) ) ;
#3250 = DIRECTION ( 'NONE',  ( 1.000000000000000000, 9.505334114941407284E-17, 1.648912623619207018E-31 ) ) ;
#3251 = ORIENTED_EDGE ( 'NONE', *, *, #1957, .T. ) ;
#3252 = VECTOR ( 'NONE', #568, 1000.000000000000000 ) ;
#3253 = AXIS2_PLACEMENT_3D ( 'NONE', #3110, #2315, #1698 ) ;
#3254 = DIRECTION ( 'NONE',  ( 0.000000000000000000, 0.000000000000000000, 1.000000000000000000 ) ) ;
#3255 = CARTESIAN_POINT ( 'NONE',  ( 114.0089705690236741, 10.82999630737654861, 19.20242240878851803 ) ) ;
#3256 = CARTESIAN_POINT ( 'NONE',  ( 119.5999999999999801, 8.000000000000000000, 0.000000000000000000 ) ) ;
#3257 = VECTOR ( 'NONE', #3081, 1000.000000000000000 ) ;
#3258 = AXIS2_PLACEMENT_3D ( 'NONE', #4234, #3921, #1052 ) ;
#3259 = DIRECTION ( 'NONE',  ( 1.298723457950550903E-16, -1.000000000000000000, -1.267377881992187638E-16 ) ) ;
#3260 = ORIENTED_EDGE ( 'NONE', *, *, #1675, .F. ) ;
#3261 = EDGE_CURVE ( 'NONE', #3593, #2202, #1324, .T. ) ;
#3262 = CARTESIAN_POINT ( 'NONE',  ( 17.88127484044915150, 235.0000000000000284, 77.67566173668639351 ) ) ;
#3263 = CARTESIAN_POINT ( 'NONE',  ( 120.3192602497075541, -2.602085213965210642E-15, 19.00000000000000355 ) ) ;
#3264 = EDGE_LOOP ( 'NONE', ( #3401, #2078 ) ) ;
#3265 = CARTESIAN_POINT ( 'NONE',  ( 130.0000000000000000, 9.999999999999998224, 80.00000000000000000 ) ) ;
#3266 = DIRECTION ( 'NONE',  ( 0.000000000000000000, 0.000000000000000000, -1.000000000000000000 ) ) ;
#3267 = DIRECTION ( 'NONE',  ( -1.000000000000000000, -0.000000000000000000, -0.000000000000000000 ) ) ;
#3268 = CARTESIAN_POINT ( 'NONE',  ( 10.00000000000000000, 0.9999999999999997780, 80.00000000000000000 ) ) ;
#3269 = VERTEX_POINT ( 'NONE', #4299 ) ;
#3270 = CARTESIAN_POINT ( 'NONE',  ( 107.0333704529042080, 227.0000000000000284, 20.00000000000001776 ) ) ;
#3271 = VERTEX_POINT ( 'NONE', #2935 ) ;
#3272 = CARTESIAN_POINT ( 'NONE',  ( 12.00000000000001776, 124.4282032302755425, 26.92820323027549989 ) ) ;
#3273 = DIRECTION ( 'NONE',  ( 0.000000000000000000, -1.000000000000000000, 0.000000000000000000 ) ) ;
#3274 = CARTESIAN_POINT ( 'NONE',  ( 121.2784594395463387, 234.9875119603284759, 19.99999999999997513 ) ) ;
#3275 = FACE_OUTER_BOUND ( 'NONE', #537, .T. ) ;
#3276 = VERTEX_POINT ( 'NONE', #801 ) ;
#3277 = DIRECTION ( 'NONE',  ( 0.000000000000000000, 0.000000000000000000, -1.000000000000000000 ) ) ;
#3278 = EDGE_CURVE ( 'NONE', #410, #3512, #1830, .T. ) ;
#3279 = CARTESIAN_POINT ( 'NONE',  ( 0.04777348832850315807, 227.0884906158722742, 0.000000000000000000 ) ) ;
#3280 = VERTEX_POINT ( 'NONE', #99 ) ;
#3281 = DIRECTION ( 'NONE',  ( -1.000000000000000000, 0.000000000000000000, 0.000000000000000000 ) ) ;
#3282 = VECTOR ( 'NONE', #2706, 1000.000000000000000 ) ;
#3283 = EDGE_CURVE ( 'NONE', #793, #671, #3957, .T. ) ;
#3284 = EDGE_CURVE ( 'NONE', #4521, #3422, #1816, .T. ) ;
#3285 = CARTESIAN_POINT ( 'NONE',  ( 120.3150666733365313, 0.9999999992775219226, 20.00000000000000355 ) ) ;
#3286 = ORIENTED_EDGE ( 'NONE', *, *, #37, .F. ) ;
#3287 = CARTESIAN_POINT ( 'NONE',  ( 113.6273432125148730, 224.5355300133905416, 19.28527502981149411 ) ) ;
#3288 = CARTESIAN_POINT ( 'NONE',  ( 8.000000000000015987, 117.5000000000000142, 15.00000000000000000 ) ) ;
#3289 = CARTESIAN_POINT ( 'NONE',  ( 122.0000000000000000, 8.000000000000000000, 15.00000000000000000 ) ) ;
#3290 = EDGE_CURVE ( 'NONE', #1457, #873, #1783, .T. ) ;
#3291 = CARTESIAN_POINT ( 'NONE',  ( 0.000000000000000000, 142.2500000000000568, 59.60000000000000853 ) ) ;
#3292 = CARTESIAN_POINT ( 'NONE',  ( 0.4955063808692041771, 5.190552130950435661, 79.00000000000000000 ) ) ;
#3293 = ORIENTED_EDGE ( 'NONE', *, *, #2217, .F. ) ;
#3294 = CARTESIAN_POINT ( 'NONE',  ( 0.02069026003949702569, 226.6064870708934222, 79.99999999999782574 ) ) ;
#3295 = DIRECTION ( 'NONE',  ( 1.000000000000000000, 0.000000000000000000, 0.000000000000000000 ) ) ;
#3296 = DIRECTION ( 'NONE',  ( -0.5221538596385256747, 0.000000000000000000, -0.8528513040762679687 ) ) ;
#3297 = DIRECTION ( 'NONE',  ( -0.000000000000000000, -0.000000000000000000, -1.000000000000000000 ) ) ;
#3298 = DIRECTION ( 'NONE',  ( 1.000000000000000000, 1.298723457950550903E-16, -0.000000000000000000 ) ) ;
#3299 = CARTESIAN_POINT ( 'NONE',  ( 10.10000000000001208, 117.5000000000000142, 0.000000000000000000 ) ) ;
#3300 = ORIENTED_EDGE ( 'NONE', *, *, #2834, .T. ) ;
#3301 = DIRECTION ( 'NONE',  ( -1.000000000000000000, -0.000000000000000000, -0.000000000000000000 ) ) ;
#3302 = VECTOR ( 'NONE', #1177, 1000.000000000000000 ) ;
#3303 = CARTESIAN_POINT ( 'NONE',  ( 8.000000000000017764, 109.5000000000000142, 0.000000000000000000 ) ) ;
#3304 = CARTESIAN_POINT ( 'NONE',  ( 110.3132256658255841, 227.7377377465865038, 22.25720877602514847 ) ) ;
#3305 = ORIENTED_EDGE ( 'NONE', *, *, #2834, .F. ) ;
#3306 = CARTESIAN_POINT ( 'NONE',  ( 15.11628004334685649, 6.963529158641543759, 79.81112305301499532 ) ) ;
#3307 = CARTESIAN_POINT ( 'NONE',  ( 13.18189010370237924, 235.0000000000000284, 70.00000000000000000 ) ) ;
#3308 = DIRECTION ( 'NONE',  ( -0.5552659757003162166, 0.8310460158413320864, 0.03228336698401164384 ) ) ;
#3309 = CARTESIAN_POINT ( 'NONE',  ( 122.1117364475226594, 0.04910051822133572330, 20.00000000000000355 ) ) ;
#3310 = ORIENTED_EDGE ( 'NONE', *, *, #649, .T. ) ;
#3311 = CARTESIAN_POINT ( 'NONE',  ( 114.7209124563190414, 223.4168375748212441, 19.07331350485790011 ) ) ;
#3312 = FACE_OUTER_BOUND ( 'NONE', #2974, .T. ) ;
#3313 = DIRECTION ( 'NONE',  ( -0.000000000000000000, -0.000000000000000000, -1.000000000000000000 ) ) ;
#3314 = CARTESIAN_POINT ( 'NONE',  ( 107.5555243125427296, 228.0000000000000284, 23.94559735966771186 ) ) ;
#3315 = VERTEX_POINT ( 'NONE', #1803 ) ;
#3316 = CARTESIAN_POINT ( 'NONE',  ( 2.765428037700871311, 233.3165103183930000, 79.99999999999997158 ) ) ;
#3317 = ORIENTED_EDGE ( 'NONE', *, *, #3335, .F. ) ;
#3318 = CARTESIAN_POINT ( 'NONE',  ( 8.000000000000015987, 117.5000000000000142, 0.3000000000000515032 ) ) ;
#3319 = EDGE_CURVE ( 'NONE', #1303, #245, #1687, .T. ) ;
#3320 = DIRECTION ( 'NONE',  ( -0.8528513040762678576, 0.000000000000000000, 0.5221538596385257858 ) ) ;
#3321 = CARTESIAN_POINT ( 'NONE',  ( 120.0000000000000142, 234.0000000000000284, 20.00000000000000355 ) ) ;
#3322 = CARTESIAN_POINT ( 'NONE',  ( 12.00000000000001776, 110.5717967697245001, 79.00000000000000000 ) ) ;
#3323 = VERTEX_POINT ( 'NONE', #2895 ) ;
#3324 = AXIS2_PLACEMENT_3D ( 'NONE', #59, #3598, #2258 ) ;
#3325 = CIRCLE ( 'NONE', #3840, 2.099999999999996980 ) ;
#3326 = CARTESIAN_POINT ( 'NONE',  ( 13.92216011851700763, 221.6215225638991058, 79.00000000000001421 ) ) ;
#3327 = ORIENTED_EDGE ( 'NONE', *, *, #365, .T. ) ;
#3328 = CIRCLE ( 'NONE', #4146, 1.000000000000000444 ) ;
#3329 = DIRECTION ( 'NONE',  ( 0.000000000000000000, 0.000000000000000000, 1.000000000000000000 ) ) ;
#3330 = DIRECTION ( 'NONE',  ( 0.000000000000000000, 0.000000000000000000, -1.000000000000000000 ) ) ;
#3331 = VERTEX_POINT ( 'NONE', #3291 ) ;
#3332 = CARTESIAN_POINT ( 'NONE',  ( 129.9999999999999716, 219.0000000000000000, 0.000000000000000000 ) ) ;
#3333 = DIRECTION ( 'NONE',  ( 0.000000000000000000, 0.000000000000000000, 1.000000000000000000 ) ) ;
#3334 = CARTESIAN_POINT ( 'NONE',  ( 113.9631478253099601, 225.7711601199207223, 20.41394421917900814 ) ) ;
#3335 = EDGE_CURVE ( 'NONE', #448, #897, #4009, .T. ) ;
#3336 = CARTESIAN_POINT ( 'NONE',  ( 4.202016092800571201, 0.8506032671253649369, 79.00000000000002842 ) ) ;
#3337 = VERTEX_POINT ( 'NONE', #727 ) ;
#3338 = CARTESIAN_POINT ( 'NONE',  ( 0.02069026760853962671, 226.6064870704799432, 78.99999999999782574 ) ) ;
#3339 = FACE_OUTER_BOUND ( 'NONE', #2714, .T. ) ;
#3340 = DIRECTION ( 'NONE',  ( 0.8528513040762649711, 0.000000000000000000, -0.5221538596385308928 ) ) ;
#3341 = CARTESIAN_POINT ( 'NONE',  ( 10.00000000000000000, -2.276824562219559311E-16, 80.00000000000000000 ) ) ;
#3342 = EDGE_CURVE ( 'NONE', #2288, #1679, #3642, .T. ) ;
#3343 = CARTESIAN_POINT ( 'NONE',  ( 2.189048890524494695, 2.204363725016921904, 79.00000000000000000 ) ) ;
#3344 = ORIENTED_EDGE ( 'NONE', *, *, #1562, .F. ) ;
#3345 = EDGE_CURVE ( 'NONE', #1943, #1568, #3085, .T. ) ;
#3346 = CARTESIAN_POINT ( 'NONE',  ( 8.000000000000015987, 125.5000000000000284, 19.99999999999985079 ) ) ;
#3347 = CARTESIAN_POINT ( 'NONE',  ( 8.000000000000001776, 227.0000000000000284, 15.00000000000000000 ) ) ;
#3348 = CARTESIAN_POINT ( 'NONE',  ( 8.000000000000015987, 117.5000000000000142, 30.92820323027550700 ) ) ;
#3349 = ORIENTED_EDGE ( 'NONE', *, *, #1145, .F. ) ;
#3350 = CARTESIAN_POINT ( 'NONE',  ( 124.6296763815875863, 0.4441952895913918176, 18.99999999999780442 ) ) ;
#3351 = VERTEX_POINT ( 'NONE', #26 ) ;
#3352 = CARTESIAN_POINT ( 'NONE',  ( 8.000000000000001776, 227.0000000000000284, 15.00000000000000000 ) ) ;
#3353 = FACE_OUTER_BOUND ( 'NONE', #4164, .T. ) ;
#3354 = VECTOR ( 'NONE', #997, 999.9999999999998863 ) ;
#3355 = CARTESIAN_POINT ( 'NONE',  ( 0.000000000000000000, 202.2500000000000284, 40.39999999999999858 ) ) ;
#3356 = ORIENTED_EDGE ( 'NONE', *, *, #2388, .T. ) ;
#3357 = CARTESIAN_POINT ( 'NONE',  ( 1.207427684611517504, 228.4528500537057027, 80.00000000000000000 ) ) ;
#3358 = ORIENTED_EDGE ( 'NONE', *, *, #2302, .F. ) ;
#3359 = CARTESIAN_POINT ( 'NONE',  ( 5.033324680513522331, 1.598853238021877177, 79.99999999999998579 ) ) ;
#3360 = EDGE_CURVE ( 'NONE', #3688, #1621, #1455, .T. ) ;
#3361 = CARTESIAN_POINT ( 'NONE',  ( 0.02044596076013341021, 8.400002775859830351, 80.00000000000001421 ) ) ;
#3362 = CARTESIAN_POINT ( 'NONE',  ( 122.1919972655175854, 233.9460154198532962, 19.99999999999998224 ) ) ;
#3363 = CARTESIAN_POINT ( 'NONE',  ( 6.790904114253100587, 0.1210448982175440363, 0.000000000000000000 ) ) ;
#3364 = ORIENTED_EDGE ( 'NONE', *, *, #784, .T. ) ;
#3365 = CARTESIAN_POINT ( 'NONE',  ( 9.412453702423480451, 125.5000000000000284, 22.44644157593611311 ) ) ;
#3366 = CARTESIAN_POINT ( 'NONE',  ( 129.9849741500199229, 8.614584191118797918, 19.00000000000000000 ) ) ;
#3367 = EDGE_CURVE ( 'NONE', #151, #4337, #2308, .T. ) ;
#3368 = CARTESIAN_POINT ( 'NONE',  ( 16.00197772987142741, 226.5338672901767723, 78.81409009598853288 ) ) ;
#3369 = CARTESIAN_POINT ( 'NONE',  ( 13.92216011851700586, 221.6215225638991058, 80.00000000000001421 ) ) ;
#3370 = ORIENTED_EDGE ( 'NONE', *, *, #3504, .F. ) ;
#3371 = EDGE_CURVE ( 'NONE', #2899, #2087, #3883, .T. ) ;
#3372 = AXIS2_PLACEMENT_3D ( 'NONE', #4385, #1521, #2194 ) ;
#3373 = CARTESIAN_POINT ( 'NONE',  ( 10.40000000000001279, 227.0000000000000284, 0.000000000000000000 ) ) ;
#3374 = DIRECTION ( 'NONE',  ( 0.000000000000000000, 0.000000000000000000, -1.000000000000000000 ) ) ;
#3375 = ORIENTED_EDGE ( 'NONE', *, *, #674, .F. ) ;
#3376 = CARTESIAN_POINT ( 'NONE',  ( 112.8125080172463299, 225.1648606678192550, 19.54483730958491705 ) ) ;
#3377 = CARTESIAN_POINT ( 'NONE',  ( 1.683489681624018797, 2.765428037697136521, 80.00000000000001421 ) ) ;
#3378 = DIRECTION ( 'NONE',  ( 0.000000000000000000, -1.000000000000000000, 0.000000000000000000 ) ) ;
#3379 = B_SPLINE_CURVE_WITH_KNOTS ( 'NONE', 2,
 ( #4356, #2189, #38, #2528, #3949, #741, #1819, #2553, #3634, #1840, #3279, #3394, #1910 ),
 .UNSPECIFIED., .F., .F.,
 ( 3, 2, 2, 2, 2, 2, 3 ),
 ( 0.000000000000000000, 0.1250000000000000000, 0.2500000000000000000, 0.5000000000000000000, 0.7500000000000000000, 0.8750000000000000000, 1.000000000000000000 ),
 .UNSPECIFIED. ) ;
#3380 = CARTESIAN_POINT ( 'NONE',  ( 4.527239647171271919, 0.7192392090233852286, 79.00000000000001421 ) ) ;
#3381 = ORIENTED_EDGE ( 'NONE', *, *, #4513, .T. ) ;
#3382 = CARTESIAN_POINT ( 'NONE',  ( 4.745811338040685001, 233.2925374200026170, 80.00000000000000000 ) ) ;
#3383 = ORIENTED_EDGE ( 'NONE', *, *, #3934, .T. ) ;
#3384 = CARTESIAN_POINT ( 'NONE',  ( 6.547149946295472311, 1.207427684611253493, 80.00000000000000000 ) ) ;
#3385 = CARTESIAN_POINT ( 'NONE',  ( 121.9999999999999716, 220.0000000000000284, 19.00000000000000355 ) ) ;
#3386 = CARTESIAN_POINT ( 'NONE',  ( 122.5993149457532070, 234.9147285339395808, 20.00000000000000355 ) ) ;
#3387 = CARTESIAN_POINT ( 'NONE',  ( 5.855820873173068541, 0.3303862130348353965, 0.000000000000000000 ) ) ;
#3388 = ORIENTED_EDGE ( 'NONE', *, *, #404, .T. ) ;
#3389 = CARTESIAN_POINT ( 'NONE',  ( 121.9999999999999716, 227.0000000000000284, 0.000000000000000000 ) ) ;
#3390 = PRODUCT_RELATED_PRODUCT_CATEGORY ( 'part', '', ( #1273 ) ) ;
#3391 = CARTESIAN_POINT ( 'NONE',  ( 12.00000000000001776, 124.4282032302755425, 80.00000000000000000 ) ) ;
#3392 = DIRECTION ( 'NONE',  ( 0.000000000000000000, 0.000000000000000000, -1.000000000000000000 ) ) ;
#3393 = CARTESIAN_POINT ( 'NONE',  ( 15.77866806113908638, 225.0674798202295506, 78.85254127862002349 ) ) ;
#3394 = CARTESIAN_POINT ( 'NONE',  ( 3.252606517456513302E-18, 226.3578478881721594, 0.000000000000000000 ) ) ;
#3395 = AXIS2_PLACEMENT_3D ( 'NONE', #1818, #431, #1514 ) ;
#3396 = ORIENTED_EDGE ( 'NONE', *, *, #2933, .T. ) ;
#3397 = VECTOR ( 'NONE', #1849, 1000.000000000000000 ) ;
#3398 = AXIS2_PLACEMENT_3D ( 'NONE', #3625, #2855, #3558 ) ;
#3399 = EDGE_CURVE ( 'NONE', #601, #2529, #3764, .T. ) ;
#3400 = CARTESIAN_POINT ( 'NONE',  ( 107.0333704529042222, 18.00000000000000355, 0.000000000000000000 ) ) ;
#3401 = ORIENTED_EDGE ( 'NONE', *, *, #3842, .F. ) ;
#3402 = EDGE_CURVE ( 'NONE', #4095, #2209, #2465, .T. ) ;
#3403 = CIRCLE ( 'NONE', #1382, 1.000000000000000000 ) ;
#3404 = CARTESIAN_POINT ( 'NONE',  ( 3.131755186011963232, 232.3234576905786355, 80.00000000000000000 ) ) ;
#3405 = CIRCLE ( 'NONE', #2732, 1.000000000000001110 ) ;
#3406 = CARTESIAN_POINT ( 'NONE',  ( 122.0000000000000000, 8.000000000000000000, 19.00000000000000355 ) ) ;
#3407 = EDGE_LOOP ( 'NONE', ( #1589, #2179, #2513, #1523 ) ) ;
#3408 = LINE ( 'NONE', #2347, #816 ) ;
#3409 = CARTESIAN_POINT ( 'NONE',  ( 13.55617972486050249, 12.33525558224556740, 79.99999999999998579 ) ) ;
#3410 = CARTESIAN_POINT ( 'NONE',  ( 7.721099620846247902, 0.05742139800640060077, 79.00000000000000000 ) ) ;
#3411 = LINE ( 'NONE', #2398, #1231 ) ;
#3412 = CARTESIAN_POINT ( 'NONE',  ( 128.0596203915228841, 232.5343190377496114, 19.00000000000108358 ) ) ;
#3413 = DIRECTION ( 'NONE',  ( -0.000000000000000000, -0.000000000000000000, -1.000000000000000000 ) ) ;
#3414 = VERTEX_POINT ( 'NONE', #3586 ) ;
#3415 = DIRECTION ( 'NONE',  ( 1.000000000000000000, 0.000000000000000000, -0.000000000000000000 ) ) ;
#3416 = DIRECTION ( 'NONE',  ( -1.298723457950550903E-16, 1.000000000000000000, 0.000000000000000000 ) ) ;
#3417 = CARTESIAN_POINT ( 'NONE',  ( 0.02496349895430767171, 226.7380837739733295, 79.00000000000000000 ) ) ;
#3418 = CARTESIAN_POINT ( 'NONE',  ( 112.0389507657972388, 7.971403057005548298, 21.21244914442857876 ) ) ;
#3419 = VERTEX_POINT ( 'NONE', #1427 ) ;
#3420 = ADVANCED_FACE ( 'NONE', ( #3140 ), #2863, .F. ) ;
#3421 = DIRECTION ( 'NONE',  ( 2.081668171172168513E-17, 1.000000000000000000, 0.000000000000000000 ) ) ;
#3422 = VERTEX_POINT ( 'NONE', #679 ) ;
#3423 = CARTESIAN_POINT ( 'NONE',  ( 0.04693516363670219987, 7.924408386582831199, 0.000000000000000000 ) ) ;
#3424 = CARTESIAN_POINT ( 'NONE',  ( 2.478670699670921795, 3.374659014672948931, 80.00000000000000000 ) ) ;
#3425 = EDGE_CURVE ( 'NONE', #940, #1425, #843, .T. ) ;
#3426 = CARTESIAN_POINT ( 'NONE',  ( 12.00000000000000711, 227.0000000000000284, 30.92820323027551765 ) ) ;
#3427 = VERTEX_POINT ( 'NONE', #3928 ) ;
#3428 = CARTESIAN_POINT ( 'NONE',  ( 12.00000000000002842, 1.131490574324044089E-15, 0.000000000000000000 ) ) ;
#3429 = B_SPLINE_CURVE_WITH_KNOTS ( 'NONE', 3,
 ( #4391, #2660, #2296, #3729, #1183, #1940, #2937, #1897, #441, #3380, #3336, #3643, #4345, #1135, #2563, #2610, #1851, #1503, #3983, #1550, #777, #3292, #100, #4366, #827, #1160, #2586, #4010, #802, #3666 ),
 .UNSPECIFIED., .F., .F.,
 ( 4, 2, 2, 2, 2, 2, 2, 2, 2, 2, 2, 2, 2, 2, 4 ),
 ( 0.000000000000000000, 0.001042584268757784302, 0.002085168537515568604, 0.004170337075031142413, 0.005212921343788927582, 0.006255505612546712751, 0.007298089881304498788, 0.008340674150062286560, 0.009383258418820072597, 0.01042584268757785863, 0.01146842695633564467, 0.01251101122509343071, 0.01459617976260900278, 0.01563876403136679055, 0.01668134830012458006 ),
 .UNSPECIFIED. ) ;
#3430 = DIRECTION ( 'NONE',  ( -1.000000000000000000, 0.000000000000000000, 0.000000000000000000 ) ) ;
#3431 = CARTESIAN_POINT ( 'NONE',  ( 0.01244931421454591874, 8.721496185236643939, 79.00000000000000000 ) ) ;
#3432 = EDGE_CURVE ( 'NONE', #1702, #2690, #2573, .T. ) ;
#3433 = CIRCLE ( 'NONE', #1408, 8.000000000000007105 ) ;
#3434 = CARTESIAN_POINT ( 'NONE',  ( 128.2881311210335582, 230.2649121541108173, 20.00000000000000355 ) ) ;
#3435 = DIRECTION ( 'NONE',  ( 0.000000000000000000, -1.000000000000000000, 0.000000000000000000 ) ) ;
#3436 = ORIENTED_EDGE ( 'NONE', *, *, #3679, .F. ) ;
#3437 = CARTESIAN_POINT ( 'NONE',  ( 113.0367107603977388, 225.0016064859848370, 19.46749716478314696 ) ) ;
#3438 = DIRECTION ( 'NONE',  ( -0.000000000000000000, -0.000000000000000000, -1.000000000000000000 ) ) ;
#3439 = CARTESIAN_POINT ( 'NONE',  ( 8.000000000000015987, 125.5000000000000284, 0.000000000000000000 ) ) ;
#3440 = CARTESIAN_POINT ( 'NONE',  ( 8.614534592128164192, 234.9850178727039349, 78.99999999999998579 ) ) ;
#3441 = CARTESIAN_POINT ( 'NONE',  ( 15.20089501353067440, 227.5278232551358428, 79.79444011608897824 ) ) ;
#3442 = EDGE_LOOP ( 'NONE', ( #1438, #762, #2557, #3793 ) ) ;
#3443 = EDGE_LOOP ( 'NONE', ( #3456, #4212, #3792, #402 ) ) ;
#3444 = VERTEX_POINT ( 'NONE', #1342 ) ;
#3445 = CARTESIAN_POINT ( 'NONE',  ( 4.745811338820298708, 233.2925374179554581, 80.00000000000000000 ) ) ;
#3446 = EDGE_CURVE ( 'NONE', #3943, #419, #2873, .T. ) ;
#3447 = AXIS2_PLACEMENT_3D ( 'NONE', #65, #1058, #16 ) ;
#3448 = CARTESIAN_POINT ( 'NONE',  ( 8.000000000000001776, 227.0000000000000284, 0.2999999999999959921 ) ) ;
#3449 = DIRECTION ( 'NONE',  ( 0.000000000000000000, 0.000000000000000000, -1.000000000000000000 ) ) ;
#3450 = VERTEX_POINT ( 'NONE', #3162 ) ;
#3451 = CARTESIAN_POINT ( 'NONE',  ( 120.6301185895042067, 1.001826766649820177, 20.00000000000002132 ) ) ;
#3452 = DIRECTION ( 'NONE',  ( 0.4999999999999981681, 6.123233995736742617E-17, -0.8660254037844395958 ) ) ;
#3453 = CARTESIAN_POINT ( 'NONE',  ( 6.375946870496976615, 0.2217039711401313229, 79.00000000000000000 ) ) ;
#3454 = CARTESIAN_POINT ( 'NONE',  ( 123.6025099930542837, 234.7820502564273681, 19.00000000000218137 ) ) ;
#3455 = CARTESIAN_POINT ( 'NONE',  ( 11.00000000000001599, 111.1754446796632578, 80.00000000000000000 ) ) ;
#3456 = ORIENTED_EDGE ( 'NONE', *, *, #243, .F. ) ;
#3457 = CARTESIAN_POINT ( 'NONE',  ( 124.4000000000000057, 8.000000000000000000, 0.000000000000000000 ) ) ;
#3458 = EDGE_CURVE ( 'NONE', #3876, #2989, #2063, .T. ) ;
#3459 = LINE ( 'NONE', #4134, #3257 ) ;
#3460 = CARTESIAN_POINT ( 'NONE',  ( 0.7192392090275419037, 230.4727603528302780, 79.00000000000000000 ) ) ;
#3461 = CARTESIAN_POINT ( 'NONE',  ( 8.000000000000015987, 117.5000000000000142, 0.000000000000000000 ) ) ;
#3462 = EDGE_LOOP ( 'NONE', ( #3143, #919, #515, #4087 ) ) ;
#3463 = ORIENTED_EDGE ( 'NONE', *, *, #998, .T. ) ;
#3464 = AXIS2_PLACEMENT_3D ( 'NONE', #2027, #2697, #3741 ) ;
#3465 = ORIENTED_EDGE ( 'NONE', *, *, #4045, .T. ) ;
#3466 = CARTESIAN_POINT ( 'NONE',  ( 0.3271770062046567840, 5.870204625150686972, 0.000000000000000000 ) ) ;
#3467 = VECTOR ( 'NONE', #4625, 1000.000000000000000 ) ;
#3468 = VECTOR ( 'NONE', #3992, 999.9999999999998863 ) ;
#3469 = CIRCLE ( 'NONE', #4068, 8.000000000000005329 ) ;
#3470 = VECTOR ( 'NONE', #2228, 1000.000000000000000 ) ;
#3471 = DIRECTION ( 'NONE',  ( -1.000000000000000000, 0.000000000000000000, 0.000000000000000000 ) ) ;
#3472 = ORIENTED_EDGE ( 'NONE', *, *, #2180, .T. ) ;
#3473 = CARTESIAN_POINT ( 'NONE',  ( 107.0333704529042222, 8.000000000000001776, 23.09274605559143367 ) ) ;
#3474 = CARTESIAN_POINT ( 'NONE',  ( 14.66102724424713699, 10.57793441343625318, 79.89068498548100195 ) ) ;
#3475 = CARTESIAN_POINT ( 'NONE',  ( 2.189048890524494695, 2.204363725016921904, 80.00000000000000000 ) ) ;
#3476 = CIRCLE ( 'NONE', #634, 8.000000000000007105 ) ;
#3477 = AXIS2_PLACEMENT_3D ( 'NONE', #579, #3105, #602 ) ;
#3478 = CARTESIAN_POINT ( 'NONE',  ( 0.2183904259996568842, 6.394888169707884984, 79.00000000000000000 ) ) ;
#3479 = EDGE_CURVE ( 'NONE', #135, #2851, #1726, .T. ) ;
#3480 = CARTESIAN_POINT ( 'NONE',  ( 128.3999611301690607, 229.9705505417765892, 20.00000000000000355 ) ) ;
#3481 = DIRECTION ( 'NONE',  ( -0.8528513040762678576, 3.623170233547393127E-15, 0.5221538596385257858 ) ) ;
#3482 = ORIENTED_EDGE ( 'NONE', *, *, #2217, .T. ) ;
#3483 = CARTESIAN_POINT ( 'NONE',  ( 112.5376308099533560, 225.3608909454577827, 20.94071644725848458 ) ) ;
#3484 = DIRECTION ( 'NONE',  ( -1.000000000000000000, 0.000000000000000000, 0.000000000000000000 ) ) ;
#3485 = ADVANCED_FACE ( 'NONE', ( #4218 ), #2798, .F. ) ;
#3486 = CARTESIAN_POINT ( 'NONE',  ( 4.211618146517238870, 234.1535311437144742, 78.99999999999998579 ) ) ;
#3487 = DIRECTION ( 'NONE',  ( -1.000000000000000000, 0.000000000000000000, 0.000000000000000000 ) ) ;
#3488 = CARTESIAN_POINT ( 'NONE',  ( 111.0744174402738054, 227.2308327738201115, 20.61863565516109276 ) ) ;
#3489 = VERTEX_POINT ( 'NONE', #1706 ) ;
#3490 = EDGE_CURVE ( 'NONE', #2487, #4354, #2702, .T. ) ;
#3491 = VERTEX_POINT ( 'NONE', #359 ) ;
#3492 = CARTESIAN_POINT ( 'NONE',  ( 1.012334557691039638, 226.2592803213719321, 80.00000000000000000 ) ) ;
#3493 = CARTESIAN_POINT ( 'NONE',  ( 10.77677921203191325, 15.63443008148725255, 73.88131944636478465 ) ) ;
#3494 = B_SPLINE_CURVE_WITH_KNOTS ( 'NONE', 3,
 ( #4256, #1053, #787, #33 ),
 .UNSPECIFIED., .F., .F.,
 ( 4, 4 ),
 ( 0.000000000000000000, 0.0002690523638760485264 ),
 .UNSPECIFIED. ) ;
#3495 = LINE ( 'NONE', #3749, #702 ) ;
#3496 = ORIENTED_EDGE ( 'NONE', *, *, #3969, .F. ) ;
#3497 = CARTESIAN_POINT ( 'NONE',  ( 1.001836505728793680, 225.6298153559511945, 80.00000000000000000 ) ) ;
#3498 = CARTESIAN_POINT ( 'NONE',  ( 15.12856177855563189, 9.094190141529750804, 79.80881375004101130 ) ) ;
#3499 = CARTESIAN_POINT ( 'NONE',  ( 9.361068649999765512, 0.001849477093892625858, 79.00000000000000000 ) ) ;
#3500 = CARTESIAN_POINT ( 'NONE',  ( 120.0000000000000142, 235.0000000000000284, 0.000000000000000000 ) ) ;
#3501 = CARTESIAN_POINT ( 'NONE',  ( 129.3421645392955099, 230.3078021315827186, 19.00000000000220268 ) ) ;
#3502 = CARTESIAN_POINT ( 'NONE',  ( 113.3095665357731434, 8.716709734659030318, 20.62432885801144877 ) ) ;
#3503 = ORIENTED_EDGE ( 'NONE', *, *, #115, .F. ) ;
#3504 = EDGE_CURVE ( 'NONE', #1367, #3798, #2725, .T. ) ;
#3505 = AXIS2_PLACEMENT_3D ( 'NONE', #974, #2397, #4504 ) ;
#3506 = CARTESIAN_POINT ( 'NONE',  ( 5.900000000000004796, 227.0000000000000284, 0.2999999999999959921 ) ) ;
#3507 = CARTESIAN_POINT ( 'NONE',  ( 3.586083185789395777, 233.8480417485238547, 78.99999999999998579 ) ) ;
#3508 = FACE_OUTER_BOUND ( 'NONE', #3650, .T. ) ;
#3509 = DIRECTION ( 'NONE',  ( -0.000000000000000000, -0.000000000000000000, -1.000000000000000000 ) ) ;
#3510 = CARTESIAN_POINT ( 'NONE',  ( 10.00000000000000000, 234.9999999999999716, 79.00000000000000000 ) ) ;
#3511 = CIRCLE ( 'NONE', #1485, 8.000000000000007105 ) ;
#3512 = VERTEX_POINT ( 'NONE', #2193 ) ;
#3513 = EDGE_CURVE ( 'NONE', #1585, #1469, #864, .T. ) ;
#3514 = EDGE_LOOP ( 'NONE', ( #654, #2260, #1992, #3752 ) ) ;
#3515 = CARTESIAN_POINT ( 'NONE',  ( 15.12223802211700452, 7.000000000000001776, 79.80994648076655551 ) ) ;
#3516 = ADVANCED_FACE ( 'NONE', ( #4048 ), #2266, .F. ) ;
#3517 = DIRECTION ( 'NONE',  ( 0.7071067811865716646, 8.659560562355227448E-17, -0.7071067811865234809 ) ) ;
#3518 = CARTESIAN_POINT ( 'NONE',  ( 128.6705125666047422, 5.951230534801966954, 19.99999999999998224 ) ) ;
#3519 = ORIENTED_EDGE ( 'NONE', *, *, #2156, .T. ) ;
#3520 = AXIS2_PLACEMENT_3D ( 'NONE', #2817, #3487, #3129 ) ;
#3521 = CARTESIAN_POINT ( 'NONE',  ( 123.1377021333112793, 1.143058782636040327, 20.00000000000002842 ) ) ;
#3522 = DIRECTION ( 'NONE',  ( 0.5221538596385307818, 0.000000000000000000, 0.8528513040762648600 ) ) ;
#3523 = FACE_OUTER_BOUND ( 'NONE', #3844, .T. ) ;
#3524 = DIRECTION ( 'NONE',  ( -0.8314794192830984310, -0.5555555555555551361, 0.000000000000000000 ) ) ;
#3525 = LINE ( 'NONE', #1412, #560 ) ;
#3526 = CARTESIAN_POINT ( 'NONE',  ( 5.033324680080577984, 1.598853236349917717, 80.00000000000000000 ) ) ;
#3527 = VERTEX_POINT ( 'NONE', #2531 ) ;
#3528 = CARTESIAN_POINT ( 'NONE',  ( 114.5297501125741491, 225.2765504089824447, 20.25639051274114877 ) ) ;
#3529 = DIRECTION ( 'NONE',  ( -0.000000000000000000, -0.000000000000000000, -1.000000000000000000 ) ) ;
#3530 = CARTESIAN_POINT ( 'NONE',  ( 8.000000000000021316, 172.2500000000000000, 50.00000000000000000 ) ) ;
#3531 = CARTESIAN_POINT ( 'NONE',  ( 15.37914600865196846, 223.9000621600323200, 78.90959652547020653 ) ) ;
#3532 = DIRECTION ( 'NONE',  ( 0.000000000000000000, 0.000000000000000000, -1.000000000000000000 ) ) ;
#3533 = ORIENTED_EDGE ( 'NONE', *, *, #243, .T. ) ;
#3534 =( BOUNDED_CURVE ( )  B_SPLINE_CURVE ( 3, ( #2988, #1254, #858, #514 ),
 .UNSPECIFIED., .F., .T. ) 
 B_SPLINE_CURVE_WITH_KNOTS ( ( 4, 4 ),
 ( 1.570796326794896558, 3.141592653589793116 ),
 .UNSPECIFIED. ) 
 CURVE ( )  GEOMETRIC_REPRESENTATION_ITEM ( )  RATIONAL_B_SPLINE_CURVE ( ( 1.000000000000000000, 0.8047378541243649375, 0.8047378541243649375, 1.000000000000000000 ) ) 
 REPRESENTATION_ITEM ( '' )  );
#3535 = CARTESIAN_POINT ( 'NONE',  ( 10.00000000000000000, 234.9999999999999716, 0.000000000000000000 ) ) ;
#3536 = ORIENTED_EDGE ( 'NONE', *, *, #4406, .T. ) ;
#3537 = ADVANCED_FACE ( 'NONE', ( #4407 ), #2888, .F. ) ;
#3538 = EDGE_LOOP ( 'NONE', ( #4076, #1184, #3553, #2324 ) ) ;
#3539 = CARTESIAN_POINT ( 'NONE',  ( 15.53963793337808141, 7.370180170831526212, 79.65070975855655888 ) ) ;
#3540 = CARTESIAN_POINT ( 'NONE',  ( 124.1297953748493228, 0.3271770062046461258, 0.000000000000000000 ) ) ;
#3541 = EDGE_CURVE ( 'NONE', #4047, #3544, #3907, .T. ) ;
#3542 = EDGE_CURVE ( 'NONE', #2543, #4357, #136, .T. ) ;
#3543 = CARTESIAN_POINT ( 'NONE',  ( 127.6744119018338210, 2.067531203197236156, 19.00000000000000355 ) ) ;
#3544 = VERTEX_POINT ( 'NONE', #3262 ) ;
#3545 = AXIS2_PLACEMENT_3D ( 'NONE', #400, #3298, #2593 ) ;
#3546 = CARTESIAN_POINT ( 'NONE',  ( 10.10000000000001208, 117.5000000000000142, 0.3000000000000515032 ) ) ;
#3547 = DIRECTION ( 'NONE',  ( 0.000000000000000000, 1.000000000000000000, 0.000000000000000000 ) ) ;
#3548 = CARTESIAN_POINT ( 'NONE',  ( 14.30299255577752326, 223.7233363861618898, 79.93795139804524297 ) ) ;
#3549 = VECTOR ( 'NONE', #3416, 1000.000000000000000 ) ;
#3550 = CARTESIAN_POINT ( 'NONE',  ( 120.0000000000000142, 235.0000000000000284, 80.00000000000000000 ) ) ;
#3551 = CARTESIAN_POINT ( 'NONE',  ( 16.00000000000003197, 228.0000000000000284, 80.00000000000000000 ) ) ;
#3552 = CARTESIAN_POINT ( 'NONE',  ( 122.0884906158724732, 234.9522265116715971, 19.00000000000000355 ) ) ;
#3553 = ORIENTED_EDGE ( 'NONE', *, *, #2622, .T. ) ;
#3554 = CARTESIAN_POINT ( 'NONE',  ( 9.372413130463506548, 233.9981842135414922, 80.00000000000000000 ) ) ;
#3555 = AXIS2_PLACEMENT_3D ( 'NONE', #2875, #1765, #1417 ) ;
#3556 = VECTOR ( 'NONE', #528, 1000.000000000000000 ) ;
#3557 = CARTESIAN_POINT ( 'NONE',  ( 91.12280221427846527, 235.0000000000000284, 32.83391028332150086 ) ) ;
#3558 = DIRECTION ( 'NONE',  ( 1.807003620809174385E-16, -1.000000000000000000, 0.000000000000000000 ) ) ;
#3559 = VERTEX_POINT ( 'NONE', #4335 ) ;
#3560 = FACE_OUTER_BOUND ( 'NONE', #4195, .T. ) ;
#3561 = DIRECTION ( 'NONE',  ( -0.4999999999999981681, 0.000000000000000000, -0.8660254037844395958 ) ) ;
#3562 = ORIENTED_EDGE ( 'NONE', *, *, #249, .F. ) ;
#3563 = DIRECTION ( 'NONE',  ( -1.000000000000000000, 0.000000000000000000, 0.000000000000000000 ) ) ;
#3564 = EDGE_CURVE ( 'NONE', #283, #2424, #3695, .T. ) ;
#3565 = CARTESIAN_POINT ( 'NONE',  ( 130.0000000000000000, 9.999999999999998224, 0.000000000000000000 ) ) ;
#3566 = CARTESIAN_POINT ( 'NONE',  ( 126.6213419728176035, 1.267889566003689961, 19.00000000000000355 ) ) ;
#3567 = VERTEX_POINT ( 'NONE', #4384 ) ;
#3568 = CARTESIAN_POINT ( 'NONE',  ( 10.00000000000000000, -2.276824562219559311E-16, 0.000000000000000000 ) ) ;
#3569 = DIRECTION ( 'NONE',  ( 0.000000000000000000, 1.000000000000000000, 0.000000000000000000 ) ) ;
#3570 =( BOUNDED_SURFACE ( )  B_SPLINE_SURFACE ( 3, 2, ( 
 ( #4148, #2369, #4461 ),
 ( #3797, #2064, #2013 ),
 ( #1660, #3094, #4530 ),
 ( #3818, #2035, #4556 ),
 ( #1344, #2779, #4194 ),
 ( #638, #994, #3587 ),
 ( #3930, #1428, #1062 ),
 ( #2127, #3863, #659 ),
 ( #2466, #20, #1404 ),
 ( #3518, #386, #4603 ),
 ( #4578, #1450, #1775 ),
 ( #1387, #316, #1798 ),
 ( #1366, #3212, #2864 ),
 ( #3235, #291, #681 ),
 ( #2486, #722, #2532 ),
 ( #1728, #43, #1020 ),
 ( #1752, #3187, #4291 ),
 ( #2890, #3164, #4267 ),
 ( #2146, #3905, #4221 ),
 ( #3952, #4315, #3543 ),
 ( #2823, #744, #703 ),
 ( #1106, #2086, #2442 ),
 ( #1087, #2169, #1707 ),
 ( #4243, #3142, #3566 ),
 ( #360, #1039, #2799 ),
 ( #2512, #3884, #2106 ),
 ( #341, #4627, #2845 ),
 ( #1825, #1219, #3350 ),
 ( #4428, #3704, #137 ),
 ( #2196, #1497, #2220 ),
 ( #4409, #1567, #2959 ),
 ( #3608, #1844, #112 ),
 ( #2605, #2976, #3660 ),
 ( #70, #2929, #4336 ),
 ( #872, #1522, #796 ),
 ( #409, #3309, #2651 ),
 ( #2267, #153, #2629 ),
 ( #4386, #4075, #821 ),
 ( #3975, #4004, #1150 ),
 ( #1178, #436, #3638 ),
 ( #3285, #1127, #3263 ),
 ( #4027, #1545, #1474 ) ),
 .UNSPECIFIED., .F., .F., .T. ) 
 B_SPLINE_SURFACE_WITH_KNOTS ( ( 4, 2, 2, 2, 2, 2, 2, 2, 2, 2, 2, 2, 2, 2, 2, 2, 2, 2, 2, 2, 4 ),
 ( 3, 3 ),
 ( 0.000000000000000000, 0.0009373170103193793684, 0.001874634020638758737, 0.002811951030958137997, 0.003749268041277517474, 0.004686585051596896950, 0.005623902061916275993, 0.006092560567075965515, 0.006561219072235655037, 0.007498536082555034947, 0.007967194587714724469, 0.008435853092874414857, 0.009373170103193793901, 0.01031048711351317294, 0.01124780412383255199, 0.01218512113415193103, 0.01265377963931162142, 0.01288810889189146575, 0.01312243814447131007, 0.01405975515479069085, 0.01499707216511006989 ),
 ( 0.000000000000000000, 1.000000000000000000 ),
 .UNSPECIFIED. ) 
 GEOMETRIC_REPRESENTATION_ITEM ( )  RATIONAL_B_SPLINE_SURFACE ( (
 ( 1.000000000000000000, 0.7071067811865475727, 1.000000000000000000),
 ( 1.000000000000000000, 0.7071067811865475727, 1.000000000000000000),
 ( 1.000000000000000000, 0.7071067811865475727, 1.000000000000000000),
 ( 1.000000000000000000, 0.7071067811865475727, 1.000000000000000000),
 ( 1.000000000000000000, 0.7071067811865475727, 1.000000000000000000),
 ( 1.000000000000000000, 0.7071067811865475727, 1.000000000000000000),
 ( 1.000000000000000000, 0.7071067811865475727, 1.000000000000000000),
 ( 1.000000000000000000, 0.7071067811865475727, 1.000000000000000000),
 ( 1.000000000000000000, 0.7071067811865500152, 1.000000000000000000),
 ( 1.000000000000000000, 0.7071067811865500152, 1.000000000000000000),
 ( 1.000000000000000000, 0.7071067811865475727, 1.000000000000000000),
 ( 1.000000000000000000, 0.7071067811865475727, 1.000000000000000000),
 ( 1.000000000000000000, 0.7071067811865475727, 1.000000000000000000),
 ( 1.000000000000000000, 0.7071067811865475727, 1.000000000000000000),
 ( 1.000000000000000000, 0.7071067811865475727, 1.000000000000000000),
 ( 1.000000000000000000, 0.7071067811865475727, 1.000000000000000000),
 ( 1.000000000000000000, 0.7071067811865475727, 1.000000000000000000),
 ( 1.000000000000000000, 0.7071067811865475727, 1.000000000000000000),
 ( 1.000000000000000000, 0.7071067811865473507, 1.000000000000000000),
 ( 1.000000000000000000, 0.7071067811865473507, 1.000000000000000000),
 ( 1.000000000000000000, 0.7071067811865475727, 1.000000000000000000),
 ( 1.000000000000000000, 0.7071067811865475727, 1.000000000000000000),
 ( 1.000000000000000000, 0.7071067811865475727, 1.000000000000000000),
 ( 1.000000000000000000, 0.7071067811865475727, 1.000000000000000000),
 ( 1.000000000000000000, 0.7071067811865475727, 1.000000000000000000),
 ( 1.000000000000000000, 0.7071067811865475727, 1.000000000000000000),
 ( 1.000000000000000000, 0.7071067811865474617, 1.000000000000000000),
 ( 1.000000000000000000, 0.7071067811865474617, 1.000000000000000000),
 ( 1.000000000000000000, 0.7071067811865475727, 1.000000000000000000),
 ( 1.000000000000000000, 0.7071067811865475727, 1.000000000000000000),
 ( 1.000000000000000000, 0.7071067811865475727, 1.000000000000000000),
 ( 1.000000000000000000, 0.7071067811865475727, 1.000000000000000000),
 ( 1.000000000000000000, 0.7071067811865475727, 1.000000000000000000),
 ( 1.000000000000000000, 0.7071067811865475727, 1.000000000000000000),
 ( 1.000000000000000000, 0.7071067811865475727, 1.000000000000000000),
 ( 1.000000000000000000, 0.7071067811865475727, 1.000000000000000000),
 ( 1.000000000000000000, 0.7071067811865475727, 1.000000000000000000),
 ( 1.000000000000000000, 0.7071067811865475727, 1.000000000000000000),
 ( 1.000000000000000000, 0.7071067811865500152, 1.000000000000000000),
 ( 1.000000000000000000, 0.7071067811865500152, 1.000000000000000000),
 ( 1.000000000000000000, 0.7071067811865475727, 1.000000000000000000),
 ( 1.000000000000000000, 0.7071067811865475727, 1.000000000000000000) ) ) 
 REPRESENTATION_ITEM ( '' )  SURFACE ( )  );
#3571 = EDGE_CURVE ( 'NONE', #3825, #1054, #45, .T. ) ;
#3572 = CARTESIAN_POINT ( 'NONE',  ( 124.0999999999999943, 8.000000000000000000, 15.00000000000000000 ) ) ;
#3573 = CARTESIAN_POINT ( 'NONE',  ( 3.369190083039137029, 2.482747989183930137, 80.00000000000000000 ) ) ;
#3574 = ORIENTED_EDGE ( 'NONE', *, *, #733, .T. ) ;
#3575 = DIRECTION ( 'NONE',  ( 0.000000000000000000, 0.000000000000000000, -1.000000000000000000 ) ) ;
#3576 = EDGE_CURVE ( 'NONE', #3489, #1943, #2555, .T. ) ;
#3577 = DIRECTION ( 'NONE',  ( 1.000000000000000000, -2.081668171172168513E-17, 0.000000000000000000 ) ) ;
#3578 = DIRECTION ( 'NONE',  ( 9.505334114941407284E-17, -1.000000000000000000, 0.000000000000000000 ) ) ;
#3579 = ORIENTED_EDGE ( 'NONE', *, *, #2081, .T. ) ;
#3580 = DIRECTION ( 'NONE',  ( -1.000000000000000000, 0.000000000000000000, 0.000000000000000000 ) ) ;
#3581 = CIRCLE ( 'NONE', #728, 1.000000000000000888 ) ;
#3582 = VECTOR ( 'NONE', #460, 1000.000000000000000 ) ;
#3583 = LINE ( 'NONE', #1794, #747 ) ;
#3584 = ORIENTED_EDGE ( 'NONE', *, *, #790, .F. ) ;
#3585 = DIRECTION ( 'NONE',  ( 0.000000000000000000, -1.000000000000000000, 0.000000000000000000 ) ) ;
#3586 = CARTESIAN_POINT ( 'NONE',  ( 3.252606517456513302E-18, 10.00000000000012079, 0.000000000000000000 ) ) ;
#3587 = CARTESIAN_POINT ( 'NONE',  ( 129.9433962240295273, 7.732534480531042753, 19.00000000000000355 ) ) ;
#3588 = ORIENTED_EDGE ( 'NONE', *, *, #404, .F. ) ;
#3589 = FACE_OUTER_BOUND ( 'NONE', #572, .T. ) ;
#3590 = CARTESIAN_POINT ( 'NONE',  ( 86.75867013309093068, 7.000000000000001776, 35.50582788404854995 ) ) ;
#3591 = CARTESIAN_POINT ( 'NONE',  ( 15.99993280383156957, 7.967210761215264725, 78.81445915522107271 ) ) ;
#3592 = CARTESIAN_POINT ( 'NONE',  ( 10.09999999999999787, 227.0000000000000284, 15.00000000000000000 ) ) ;
#3593 = VERTEX_POINT ( 'NONE', #2245 ) ;
#3594 = CARTESIAN_POINT ( 'NONE',  ( 8.721496185248758692, 234.9875506847197357, 79.99999999999782574 ) ) ;
#3595 = CARTESIAN_POINT ( 'NONE',  ( 14.32358556612938827, 12.93647395004909306, 78.99999999519658900 ) ) ;
#3596 = AXIS2_PLACEMENT_3D ( 'NONE', #3810, #4135, #1283 ) ;
#3597 = DIRECTION ( 'NONE',  ( 0.8660254037844427044, 1.437065731764623251E-16, -0.4999999999999930056 ) ) ;
#3598 = DIRECTION ( 'NONE',  ( -1.000000000000000000, -9.276596128218219855E-17, 0.000000000000000000 ) ) ;
#3599 = EDGE_CURVE ( 'NONE', #4275, #283, #2975, .T. ) ;
#3600 = DIRECTION ( 'NONE',  ( 0.000000000000000000, 0.000000000000000000, -1.000000000000000000 ) ) ;
#3601 = VERTEX_POINT ( 'NONE', #841 ) ;
#3602 = DIRECTION ( 'NONE',  ( 0.6723096795126191072, -0.7402700148146211800, 0.000000000000000000 ) ) ;
#3603 = DIRECTION ( 'NONE',  ( -1.000000000000000000, -9.276596128218219855E-17, 0.000000000000000000 ) ) ;
#3604 = LINE ( 'NONE', #405, #3744 ) ;
#3605 = EDGE_LOOP ( 'NONE', ( #4268, #3327, #3219 ) ) ;
#3606 = LINE ( 'NONE', #456, #1010 ) ;
#3607 = B_SPLINE_CURVE_WITH_KNOTS ( 'NONE', 2,
 ( #503, #1915, #3423, #4456, #3466, #4168, #3114, #2413, #636, #3836, #289, #611, #2032 ),
 .UNSPECIFIED., .F., .F.,
 ( 3, 2, 2, 2, 2, 2, 3 ),
 ( 0.000000000000000000, 0.1250000000000000000, 0.2500000000000000000, 0.5000000000000000000, 0.7500000000000000000, 0.8750000000000000000, 1.000000000000000000 ),
 .UNSPECIFIED. ) ;
#3608 = CARTESIAN_POINT ( 'NONE',  ( 122.6696196761865139, 1.100830029526962184, 20.00000000000000355 ) ) ;
#3609 = ORIENTED_EDGE ( 'NONE', *, *, #4427, .T. ) ;
#3610 = DIRECTION ( 'NONE',  ( -0.000000000000000000, -0.000000000000000000, -1.000000000000000000 ) ) ;
#3611 = LINE ( 'NONE', #390, #1480 ) ;
#3612 = CARTESIAN_POINT ( 'NONE',  ( 116.6047501547318035, 222.5522521446106339, 20.00000000000000355 ) ) ;
#3613 = AXIS2_PLACEMENT_3D ( 'NONE', #3674, #1256, #1170 ) ;
#3614 = DIRECTION ( 'NONE',  ( 0.000000000000000000, -1.000000000000000000, 0.000000000000000000 ) ) ;
#3615 = CARTESIAN_POINT ( 'NONE',  ( 7.483349996965562134, 1.071899545795156783, 80.00000000000001421 ) ) ;
#3616 = VERTEX_POINT ( 'NONE', #3703 ) ;
#3617 = CARTESIAN_POINT ( 'NONE',  ( 5.039540430255442516, 233.4034649466592555, 80.00000000000000000 ) ) ;
#3618 = EDGE_LOOP ( 'NONE', ( #818, #2620, #2170, #1399 ) ) ;
#3619 = CARTESIAN_POINT ( 'NONE',  ( 2.189048890524494695, 234.0000000000000284, 79.00000000000000000 ) ) ;
#3620 = TOROIDAL_SURFACE ( 'NONE', #1153, 11.00000000000000000, 1.000000000000000000 ) ;
#3621 = AXIS2_PLACEMENT_3D ( 'NONE', #2021, #2736, #3783 ) ;
#3622 = EDGE_CURVE ( 'NONE', #4615, #3527, #3606, .T. ) ;
#3623 = CARTESIAN_POINT ( 'NONE',  ( 12.00000000000000711, 220.0717967697245285, 76.00000000000000000 ) ) ;
#3624 = CARTESIAN_POINT ( 'NONE',  ( 120.0000000000000142, 235.0000000000000284, 19.00000000000000355 ) ) ;
#3625 = CARTESIAN_POINT ( 'NONE',  ( 8.000000000000007105, 202.2500000000000284, 50.00000000000000000 ) ) ;
#3626 = EDGE_LOOP ( 'NONE', ( #2229, #2753, #1771, #1542 ) ) ;
#3627 = VECTOR ( 'NONE', #3760, 1000.000000000000000 ) ;
#3628 = VECTOR ( 'NONE', #181, 999.9999999999998863 ) ;
#3629 = DIRECTION ( 'NONE',  ( -1.000000000000000000, 0.000000000000000000, 0.000000000000000000 ) ) ;
#3630 = EDGE_CURVE ( 'NONE', #2871, #4095, #965, .T. ) ;
#3631 = ADVANCED_FACE ( 'NONE', ( #4358 ), #837, .T. ) ;
#3632 = STYLED_ITEM ( 'NONE', ( #4207 ), #4241 ) ;
#3633 = AXIS2_PLACEMENT_3D ( 'NONE', #2261, #3694, #2990 ) ;
#3634 = CARTESIAN_POINT ( 'NONE',  ( 0.3303862130348250159, 229.1441791268269412, 0.000000000000000000 ) ) ;
#3635 = ORIENTED_EDGE ( 'NONE', *, *, #315, .T. ) ;
#3636 = EDGE_CURVE ( 'NONE', #4538, #2177, #3657, .T. ) ;
#3637 = CARTESIAN_POINT ( 'NONE',  ( 116.4127092090464117, 222.8229659641279170, 20.00668289252632803 ) ) ;
#3638 = CARTESIAN_POINT ( 'NONE',  ( 120.6391971568632044, 0.001839358769720658444, 18.99999999999561595 ) ) ;
#3639 = ORIENTED_EDGE ( 'NONE', *, *, #2530, .T. ) ;
#3640 = CARTESIAN_POINT ( 'NONE',  ( 124.0487694653821080, 233.6705125682915991, 20.00000000000000000 ) ) ;
#3641 = CARTESIAN_POINT ( 'NONE',  ( 122.0000000000000000, 16.00000000000001421, 80.00000000000000000 ) ) ;
#3642 = LINE ( 'NONE', #1134, #850 ) ;
#3643 = CARTESIAN_POINT ( 'NONE',  ( 3.576190870352253359, 1.157317212423268016, 79.00000000000000000 ) ) ;
#3644 = ORIENTED_EDGE ( 'NONE', *, *, #174, .F. ) ;
#3645 = DIRECTION ( 'NONE',  ( 1.000000000000000000, -2.081668171172168513E-17, 0.000000000000000000 ) ) ;
#3646 = VERTEX_POINT ( 'NONE', #2219 ) ;
#3647 = DIRECTION ( 'NONE',  ( 0.000000000000000000, 0.000000000000000000, -1.000000000000000000 ) ) ;
#3648 = DIRECTION ( 'NONE',  ( 1.807003620809174385E-16, -1.000000000000000000, 0.000000000000000000 ) ) ;
#3649 = CARTESIAN_POINT ( 'NONE',  ( 0.000000000000000000, 202.2500000000000284, 59.60000000000000853 ) ) ;
#3650 = EDGE_LOOP ( 'NONE', ( #1405, #2435, #2861, #285 ) ) ;
#3651 = CARTESIAN_POINT ( 'NONE',  ( 115.3481646457351815, 222.5555555555555998, 19.01854466009679356 ) ) ;
#3652 = CARTESIAN_POINT ( 'NONE',  ( 115.0524237690082430, 12.00182003005387799, 19.03745859115093708 ) ) ;
#3653 = CARTESIAN_POINT ( 'NONE',  ( 115.9530075307189776, 223.5797862824399544, 20.03341011629669666 ) ) ;
#3654 = DIRECTION ( 'NONE',  ( 1.000000000000000000, 0.000000000000000000, 0.000000000000000000 ) ) ;
#3655 = EDGE_CURVE ( 'NONE', #1152, #1289, #2807, .T. ) ;
#3656 = ORIENTED_EDGE ( 'NONE', *, *, #913, .T. ) ;
#3657 = LINE ( 'NONE', #3678, #192 ) ;
#3658 = AXIS2_PLACEMENT_3D ( 'NONE', #1322, #271, #4172 ) ;
#3659 = ADVANCED_FACE ( 'NONE', ( #918 ), #942, .F. ) ;
#3660 = CARTESIAN_POINT ( 'NONE',  ( 122.6113582906647963, 0.08945009647473395331, 19.00000000000000355 ) ) ;
#3661 = ORIENTED_EDGE ( 'NONE', *, *, #2454, .T. ) ;
#3662 = CARTESIAN_POINT ( 'NONE',  ( 121.9999999999999716, 219.0000000000000284, 0.000000000000000000 ) ) ;
#3663 = PLANE ( 'NONE',  #1635 ) ;
#3664 = AXIS2_PLACEMENT_3D ( 'NONE', #2520, #3197, #1483 ) ;
#3665 = CARTESIAN_POINT ( 'NONE',  ( 15.77866806113910059, 9.932520179770500945, 78.85254127861998086 ) ) ;
#3666 = CARTESIAN_POINT ( 'NONE',  ( 3.252606517456513302E-18, 10.00000000000012079, 79.00000000000000000 ) ) ;
#3667 = EDGE_LOOP ( 'NONE', ( #1926, #1575, #4023, #2071, #334 ) ) ;
#3668 = CARTESIAN_POINT ( 'NONE',  ( 0.7831803552162129867, 230.6392486300315738, 80.00000000000001421 ) ) ;
#3669 = ORIENTED_EDGE ( 'NONE', *, *, #2622, .F. ) ;
#3670 = DIRECTION ( 'NONE',  ( -0.8528513040762653041, -0.000000000000000000, 0.5221538596385300046 ) ) ;
#3671 = DIRECTION ( 'NONE',  ( -1.000000000000000000, 0.000000000000000000, 0.000000000000000000 ) ) ;
#3672 = CARTESIAN_POINT ( 'NONE',  ( 2.189048890524494695, 2.204363725016921904, 0.000000000000000000 ) ) ;
#3673 = EDGE_LOOP ( 'NONE', ( #1220, #3184, #2564 ) ) ;
#3674 = CARTESIAN_POINT ( 'NONE',  ( 116.8181098962976421, 234.0000000000000284, 19.00000000000000711 ) ) ;
#3675 = AXIS2_PLACEMENT_3D ( 'NONE', #235, #1678, #4545 ) ;
#3676 = CARTESIAN_POINT ( 'NONE',  ( 112.6983116385126920, 8.331439742959304340, 20.88507095238040279 ) ) ;
#3677 = ORIENTED_EDGE ( 'NONE', *, *, #220, .T. ) ;
#3678 = CARTESIAN_POINT ( 'NONE',  ( 130.0509999999999877, 172.2500000000000000, 59.60000000000000853 ) ) ;
#3679 = EDGE_CURVE ( 'NONE', #2443, #3616, #2343, .T. ) ;
#3680 = DIRECTION ( 'NONE',  ( 0.000000000000000000, 0.000000000000000000, 1.000000000000000000 ) ) ;
#3681 = ORIENTED_EDGE ( 'NONE', *, *, #4188, .F. ) ;
#3682 = DIRECTION ( 'NONE',  ( -0.7071067811865716646, 0.000000000000000000, -0.7071067811865234809 ) ) ;
#3683 = FACE_OUTER_BOUND ( 'NONE', #4056, .T. ) ;
#3684 = EDGE_CURVE ( 'NONE', #2683, #1367, #896, .T. ) ;
#3685 = DIRECTION ( 'NONE',  ( -0.6723096795126163316, -0.7402700148146236225, 0.000000000000000000 ) ) ;
#3686 = ORIENTED_EDGE ( 'NONE', *, *, #3132, .F. ) ;
#3687 = CARTESIAN_POINT ( 'NONE',  ( 3.131755185884005588, 232.3234576907341591, 80.00000000000000000 ) ) ;
#3688 = VERTEX_POINT ( 'NONE', #3723 ) ;
#3689 = CARTESIAN_POINT ( 'NONE',  ( 13.90715296159466341, 11.90157501845907539, 79.97770001083705438 ) ) ;
#3690 = CARTESIAN_POINT ( 'NONE',  ( 9.412453702423480451, 125.5000000000000284, 71.51823834566060611 ) ) ;
#3691 = DIRECTION ( 'NONE',  ( -1.000000000000000000, 0.000000000000000000, 0.000000000000000000 ) ) ;
#3692 = CARTESIAN_POINT ( 'NONE',  ( 13.18189010370237391, 0.9999999999999997780, 80.00000000000000000 ) ) ;
#3693 = ORIENTED_EDGE ( 'NONE', *, *, #2150, .F. ) ;
#3694 = DIRECTION ( 'NONE',  ( -0.000000000000000000, -0.000000000000000000, 1.000000000000000000 ) ) ;
#3695 = CIRCLE ( 'NONE', #3021, 8.000000000000003553 ) ;
#3696 = CIRCLE ( 'NONE', #3398, 9.599999999999997868 ) ;
#3697 = DIRECTION ( 'NONE',  ( 0.8660254037844427044, 8.033767907685381836E-17, -0.4999999999999930056 ) ) ;
#3698 = AXIS2_PLACEMENT_3D ( 'NONE', #2734, #4106, #4535 ) ;
#3699 = CARTESIAN_POINT ( 'NONE',  ( 3.252606517456513302E-18, 224.9999999999999432, 79.00000000000000000 ) ) ;
#3700 = ORIENTED_EDGE ( 'NONE', *, *, #2569, .F. ) ;
#3701 = VECTOR ( 'NONE', #4036, 1000.000000000000000 ) ;
#3702 = CIRCLE ( 'NONE', #2659, 7.000000000000007105 ) ;
#3703 = CARTESIAN_POINT ( 'NONE',  ( 13.18189010370237924, 234.0000000000000284, 80.00000000000000000 ) ) ;
#3704 = CARTESIAN_POINT ( 'NONE',  ( 124.2910117995447479, 0.3587153362019193104, 20.00000000000381206 ) ) ;
#3705 = VERTEX_POINT ( 'NONE', #3373 ) ;
#3706 = CARTESIAN_POINT ( 'NONE',  ( 126.6287975878987169, 232.5189487657344500, 20.00000000000000355 ) ) ;
#3707 = DIRECTION ( 'NONE',  ( 0.000000000000000000, 0.000000000000000000, 1.000000000000000000 ) ) ;
#3708 = ADVANCED_FACE ( 'NONE', ( #175 ), #4093, .F. ) ;
#3709 = FACE_OUTER_BOUND ( 'NONE', #288, .T. ) ;
#3710 = ORIENTED_EDGE ( 'NONE', *, *, #751, .T. ) ;
#3711 = CARTESIAN_POINT ( 'NONE',  ( 0.05742139800651183124, 227.2789003791592961, 79.00000000000217426 ) ) ;
#3712 = ORIENTED_EDGE ( 'NONE', *, *, #648, .F. ) ;
#3713 = ADVANCED_FACE ( 'NONE', ( #904 ), #1276, .F. ) ;
#3714 = CARTESIAN_POINT ( 'NONE',  ( 4.360751369972800440, 0.7831803552097360566, 80.00000000000000000 ) ) ;
#3715 = CARTESIAN_POINT ( 'NONE',  ( 124.9602200159998517, 233.4035689644497893, 20.00000000000000355 ) ) ;
#3716 = CARTESIAN_POINT ( 'NONE',  ( 10.00000000000000000, -2.276824562219559311E-16, 0.000000000000000000 ) ) ;
#3717 = ORIENTED_EDGE ( 'NONE', *, *, #700, .T. ) ;
#3718 = CARTESIAN_POINT ( 'NONE',  ( 116.8181098962976421, 12.70616775658833575, 20.00000000000000355 ) ) ;
#3719 = EDGE_CURVE ( 'NONE', #2424, #2938, #3411, .T. ) ;
#3720 = CARTESIAN_POINT ( 'NONE',  ( 11.00000000000001421, 123.8245553203367848, 80.00000000000000000 ) ) ;
#3721 = CARTESIAN_POINT ( 'NONE',  ( 14.47172883378494390, 223.9942151737296285, 79.92052517610214579 ) ) ;
#3722 = ORIENTED_EDGE ( 'NONE', *, *, #3371, .F. ) ;
#3723 = CARTESIAN_POINT ( 'NONE',  ( 10.00000000000000000, 235.0000000000000284, 79.00000000000000000 ) ) ;
#3724 = PLANE ( 'NONE',  #1158 ) ;
#3725 = EDGE_LOOP ( 'NONE', ( #531, #2630 ) ) ;
#3726 = CARTESIAN_POINT ( 'NONE',  ( 110.7070495323311121, 226.3007570671092026, 20.61863565516109276 ) ) ;
#3727 = CYLINDRICAL_SURFACE ( 'NONE', #1637, 10.00000000000000000 ) ;
#3728 = AXIS2_PLACEMENT_3D ( 'NONE', #4317, #1590, #139 ) ;
#3729 = CARTESIAN_POINT ( 'NONE',  ( 8.609334864926280417, 0.01515632682198272789, 78.99999999999998579 ) ) ;
#3730 = VERTEX_POINT ( 'NONE', #3038 ) ;
#3731 = CARTESIAN_POINT ( 'NONE',  ( 1.012334558688264163, 226.2592803213163961, 80.00000000000000000 ) ) ;
#3732 = VERTEX_POINT ( 'NONE', #1233 ) ;
#3733 = CARTESIAN_POINT ( 'NONE',  ( 0.01244931527847376561, 8.721496185254249411, 80.00000000000001421 ) ) ;
#3734 = CARTESIAN_POINT ( 'NONE',  ( 125.6307475428897789, 234.2201573224510867, 19.00000000000000355 ) ) ;
#3735 = CARTESIAN_POINT ( 'NONE',  ( 10.00000000000000000, -2.276824562219559311E-16, 79.00000000000000000 ) ) ;
#3736 = ORIENTED_EDGE ( 'NONE', *, *, #3054, .T. ) ;
#3737 = FACE_BOUND ( 'NONE', #3264, .T. ) ;
#3738 = PLANE ( 'NONE',  #267 ) ;
#3739 = CARTESIAN_POINT ( 'NONE',  ( 120.0000000000000142, 234.0000000000000284, 19.00000000000000355 ) ) ;
#3740 = EDGE_CURVE ( 'NONE', #1638, #2920, #1381, .T. ) ;
#3741 = DIRECTION ( 'NONE',  ( -1.000000000000000000, 2.081668171172168513E-17, 0.000000000000000000 ) ) ;
#3742 = CARTESIAN_POINT ( 'NONE',  ( 115.8114220366967544, 221.9148712213953729, 19.00000000000000711 ) ) ;
#3743 = ORIENTED_EDGE ( 'NONE', *, *, #649, .F. ) ;
#3744 = VECTOR ( 'NONE', #3561, 1000.000000000000114 ) ;
#3745 = DIRECTION ( 'NONE',  ( -2.081668171172168513E-17, -1.000000000000000000, 0.000000000000000000 ) ) ;
#3746 = ORIENTED_EDGE ( 'NONE', *, *, #3141, .T. ) ;
#3747 = DIRECTION ( 'NONE',  ( 1.000000000000000000, 0.000000000000000000, 0.000000000000000000 ) ) ;
#3748 = B_SPLINE_CURVE_WITH_KNOTS ( 'NONE', 3,
 ( #1044, #3889, #3098, #3548, #2131, #4534, #366, #74, #825, #4342, #4390, #1182, #800, #2934 ),
 .UNSPECIFIED., .F., .F.,
 ( 4, 2, 2, 2, 2, 2, 4 ),
 ( 1.734723475976807094E-18, 0.001556342470562322236, 0.002334513705843482053, 0.003112684941124641870, 0.004669027411686961504, 0.005447198646968080989, 0.006225369882249200473 ),
 .UNSPECIFIED. ) ;
#3749 = CARTESIAN_POINT ( 'NONE',  ( 5.900000000000019895, 117.5000000000000142, 15.00000000000000000 ) ) ;
#3750 = ORIENTED_EDGE ( 'NONE', *, *, #1467, .T. ) ;
#3751 = DIRECTION ( 'NONE',  ( -9.505334114941407284E-17, 1.000000000000000000, 0.000000000000000000 ) ) ;
#3752 = ORIENTED_EDGE ( 'NONE', *, *, #227, .F. ) ;
#3753 = CARTESIAN_POINT ( 'NONE',  ( 3.698357282060977358, 1.090729431253546933, 80.00000000000000000 ) ) ;
#3754 = CARTESIAN_POINT ( 'NONE',  ( 0.000000000000000000, 10.00000000000000178, 79.00000000000000000 ) ) ;
#3755 = CARTESIAN_POINT ( 'NONE',  ( 127.6038503397883801, 231.5029562263030130, 20.00000000000000355 ) ) ;
#3756 = CARTESIAN_POINT ( 'NONE',  ( 114.7307901830722159, 11.59537445841128012, 19.07215261997684763 ) ) ;
#3757 = ORIENTED_EDGE ( 'NONE', *, *, #4549, .F. ) ;
#3758 = FACE_OUTER_BOUND ( 'NONE', #4013, .T. ) ;
#3759 = ADVANCED_FACE ( 'NONE', ( #3008 ), #4466, .F. ) ;
#3760 = DIRECTION ( 'NONE',  ( -0.000000000000000000, -0.000000000000000000, -1.000000000000000000 ) ) ;
#3761 = LINE ( 'NONE', #624, #2853 ) ;
#3762 = CARTESIAN_POINT ( 'NONE',  ( 15.64572333796178327, 224.5940581149959598, 78.87413774862466198 ) ) ;
#3763 = CARTESIAN_POINT ( 'NONE',  ( 14.66814477189632981, 222.5410571219060785, 78.97993000808276065 ) ) ;
#3764 = CIRCLE ( 'NONE', #2265, 11.00000000000000000 ) ;
#3765 = ORIENTED_EDGE ( 'NONE', *, *, #2718, .T. ) ;
#3766 = EDGE_CURVE ( 'NONE', #940, #1484, #4505, .T. ) ;
#3767 = EDGE_CURVE ( 'NONE', #2443, #3544, #1082, .T. ) ;
#3768 = AXIS2_PLACEMENT_3D ( 'NONE', #1733, #367, #3102 ) ;
#3769 = VECTOR ( 'NONE', #4079, 1000.000000000000114 ) ;
#3770 = ORIENTED_EDGE ( 'NONE', *, *, #3284, .T. ) ;
#3771 = CONICAL_SURFACE ( 'NONE', #2344, 2.099999999999990763, 0.5235987755982968173 ) ;
#3772 = CARTESIAN_POINT ( 'NONE',  ( 3.374659013840815902, 232.5213293013924840, 80.00000000000001421 ) ) ;
#3773 = CARTESIAN_POINT ( 'NONE',  ( 2.325785523279664258, 2.067208639312368312, 80.00000000000001421 ) ) ;
#3774 = EDGE_CURVE ( 'NONE', #3705, #3113, #3177, .T. ) ;
#3775 = VECTOR ( 'NONE', #3223, 999.9999999999998863 ) ;
#3776 = CARTESIAN_POINT ( 'NONE',  ( 110.3060792097800942, 227.7405605045282471, 22.26158415727749684 ) ) ;
#3777 = ORIENTED_EDGE ( 'NONE', *, *, #1250, .T. ) ;
#3778 = CARTESIAN_POINT ( 'NONE',  ( 113.9999999999999858, 8.000000000000001776, 80.00000000000000000 ) ) ;
#3779 = CARTESIAN_POINT ( 'NONE',  ( 120.0000000000000142, 235.0000000000000284, 80.00000000000000000 ) ) ;
#3780 = B_SPLINE_SURFACE_WITH_KNOTS ( 'NONE', 2, 1, ( 
 ( #2904, #4308 ),
 ( #1420, #1099 ),
 ( #3967, #4281 ),
 ( #2498, #2524 ),
 ( #3942, #4039 ),
 ( #2619, #4399 ),
 ( #3343, #3672 ),
 ( #2303, #1881 ),
 ( #1859, #3387 ),
 ( #1558, #3363 ),
 ( #834, #2259 ),
 ( #1511, #1603 ),
 ( #3735, #3716 ) ),
 .UNSPECIFIED., .F., .F., .F.,
 ( 3, 2, 2, 2, 2, 2, 3 ),
 ( 2, 2 ),
 ( 0.000000000000000000, 0.1250000000000000000, 0.2500000000000000000, 0.5000000000000000000, 0.7500000000000000000, 0.8750000000000000000, 1.000000000000000000 ),
 ( 0.000000000000000000, 1.000000000000000000 ),
 .UNSPECIFIED. ) ;
#3781 = CARTESIAN_POINT ( 'NONE',  ( 8.000000000000015987, 117.5000000000000142, 0.3000000000000515032 ) ) ;
#3782 = CARTESIAN_POINT ( 'NONE',  ( 128.0237402445491171, 230.8341562827225744, 20.00000000000000355 ) ) ;
#3783 = DIRECTION ( 'NONE',  ( -1.000000000000000000, 0.000000000000000000, 0.000000000000000000 ) ) ;
#3784 = ORIENTED_EDGE ( 'NONE', *, *, #881, .T. ) ;
#3785 = CARTESIAN_POINT ( 'NONE',  ( 129.9999999999999716, 219.0000000000000000, 19.00000000000000355 ) ) ;
#3786 = CARTESIAN_POINT ( 'NONE',  ( 3.252606517456513302E-18, 224.9999999999999432, 0.000000000000000000 ) ) ;
#3787 = LINE ( 'NONE', #2406, #3627 ) ;
#3788 = CARTESIAN_POINT ( 'NONE',  ( 5.190552130957941657, 234.5044936191318925, 78.99999999999998579 ) ) ;
#3789 = DIRECTION ( 'NONE',  ( -1.000000000000000000, 0.000000000000000000, 0.000000000000000000 ) ) ;
#3790 = ADVANCED_FACE ( 'NONE', ( #2375 ), #575, .T. ) ;
#3791 = DIRECTION ( 'NONE',  ( -1.000000000000000000, 0.000000000000000000, 0.000000000000000000 ) ) ;
#3792 = ORIENTED_EDGE ( 'NONE', *, *, #2804, .F. ) ;
#3793 = ORIENTED_EDGE ( 'NONE', *, *, #2859, .F. ) ;
#3794 = ORIENTED_EDGE ( 'NONE', *, *, #1894, .F. ) ;
#3795 = CARTESIAN_POINT ( 'NONE',  ( 0.9999999999999986677, 225.3149448245783049, 79.99999999999998579 ) ) ;
#3796 = EDGE_CURVE ( 'NONE', #3646, #4120, #3325, .T. ) ;
#3797 = CARTESIAN_POINT ( 'NONE',  ( 129.0000000007013057, 9.686119211589540257, 20.00000000000000355 ) ) ;
#3798 = VERTEX_POINT ( 'NONE', #3076 ) ;
#3799 = CARTESIAN_POINT ( 'NONE',  ( 12.00000000000001776, 110.5717967697245001, 30.92820323027550344 ) ) ;
#3800 = LINE ( 'NONE', #2445, #3282 ) ;
#3801 = DIRECTION ( 'NONE',  ( -1.000000000000000000, 0.000000000000000000, 0.000000000000000000 ) ) ;
#3802 = VECTOR ( 'NONE', #3333, 1000.000000000000000 ) ;
#3803 = CARTESIAN_POINT ( 'NONE',  ( 126.7724094979447784, 233.6294235793956489, 19.00000000000000355 ) ) ;
#3804 = CARTESIAN_POINT ( 'NONE',  ( 115.3669873538202353, 12.47261569434266626, 20.06748154379051030 ) ) ;
#3805 = ORIENTED_EDGE ( 'NONE', *, *, #3564, .T. ) ;
#3806 = CARTESIAN_POINT ( 'NONE',  ( 114.9087912847129758, 224.8915301779014442, 20.17744868700381033 ) ) ;
#3807 = CARTESIAN_POINT ( 'NONE',  ( 129.6728229937953643, 229.1297953748492944, 0.000000000000000000 ) ) ;
#3808 = CIRCLE ( 'NONE', #15, 1.000000000000000888 ) ;
#3809 = DIRECTION ( 'NONE',  ( -1.000000000000000000, 0.000000000000000000, 0.000000000000000000 ) ) ;
#3810 = CARTESIAN_POINT ( 'NONE',  ( 15.00000000000001954, 117.5000000000000142, 79.00000000000000000 ) ) ;
#3811 = FACE_OUTER_BOUND ( 'NONE', #1475, .T. ) ;
#3812 = ORIENTED_EDGE ( 'NONE', *, *, #3283, .T. ) ;
#3813 = ORIENTED_EDGE ( 'NONE', *, *, #2882, .T. ) ;
#3814 = VERTEX_POINT ( 'NONE', #2327 ) ;
#3815 = CARTESIAN_POINT ( 'NONE',  ( 1.710660418385013370, 230.2622276238049608, 80.00000000000001421 ) ) ;
#3816 = ADVANCED_FACE ( 'NONE', ( #2019 ), #4185, .T. ) ;
#3817 = PLANE ( 'NONE',  #2049 ) ;
#3818 = CARTESIAN_POINT ( 'NONE',  ( 128.9877741177394057, 8.745636165206702728, 20.00000000000000355 ) ) ;
#3819 = ORIENTED_EDGE ( 'NONE', *, *, #2302, .T. ) ;
#3820 = DIRECTION ( 'NONE',  ( -0.000000000000000000, -1.000000000000000000, -0.000000000000000000 ) ) ;
#3821 = EDGE_CURVE ( 'NONE', #2721, #2683, #4371, .T. ) ;
#3822 = CARTESIAN_POINT ( 'NONE',  ( 0.1659621949270982944, 6.731059511601822365, 79.00000000000000000 ) ) ;
#3823 = CARTESIAN_POINT ( 'NONE',  ( 128.9531034800921248, 227.0451915579463957, 20.00000000000000355 ) ) ;
#3824 = CARTESIAN_POINT ( 'NONE',  ( 11.48577903207998929, 110.8743528919138299, 79.91218874784810566 ) ) ;
#3825 = VERTEX_POINT ( 'NONE', #2783 ) ;
#3826 = DIRECTION ( 'NONE',  ( -0.000000000000000000, -0.000000000000000000, -1.000000000000000000 ) ) ;
#3827 = CARTESIAN_POINT ( 'NONE',  ( 120.0000000000000142, -2.517517444511341690E-15, 19.00000000000000355 ) ) ;
#3828 = CARTESIAN_POINT ( 'NONE',  ( 13.18189010370237924, 235.0000000000000284, 79.00000000000000000 ) ) ;
#3829 = CARTESIAN_POINT ( 'NONE',  ( 10.10000000000001208, 117.5000000000000142, 15.00000000000000000 ) ) ;
#3830 = CYLINDRICAL_SURFACE ( 'NONE', #770, 2.099999999999996980 ) ;
#3831 = FACE_OUTER_BOUND ( 'NONE', #507, .T. ) ;
#3832 = ORIENTED_EDGE ( 'NONE', *, *, #3684, .F. ) ;
#3833 = CYLINDRICAL_SURFACE ( 'NONE', #936, 1.000000000000000888 ) ;
#3834 = ORIENTED_EDGE ( 'NONE', *, *, #365, .F. ) ;
#3835 = ORIENTED_EDGE ( 'NONE', *, *, #3490, .T. ) ;
#3836 = CARTESIAN_POINT ( 'NONE',  ( 6.790904114253100587, 0.1210448982175440363, 0.000000000000000000 ) ) ;
#3837 = VECTOR ( 'NONE', #3267, 1000.000000000000000 ) ;
#3838 = AXIS2_PLACEMENT_3D ( 'NONE', #4353, #1121, #1072 ) ;
#3839 = CARTESIAN_POINT ( 'NONE',  ( 11.77357575323586758, 14.79645847938099124, 79.64699145970631378 ) ) ;
#3840 = AXIS2_PLACEMENT_3D ( 'NONE', #3781, #883, #3801 ) ;
#3841 = CIRCLE ( 'NONE', #1821, 1.000000000000001110 ) ;
#3842 = EDGE_CURVE ( 'NONE', #3331, #3269, #2119, .T. ) ;
#3843 = CARTESIAN_POINT ( 'NONE',  ( 119.8999999999999773, 227.0000000000000284, 15.00000000000000000 ) ) ;
#3844 = EDGE_LOOP ( 'NONE', ( #138, #236, #4434, #979 ) ) ;
#3845 = FACE_OUTER_BOUND ( 'NONE', #2275, .T. ) ;
#3846 = CARTESIAN_POINT ( 'NONE',  ( 15.99993280383154470, 227.0327892387847726, 78.81445915522107271 ) ) ;
#3847 = AXIS2_PLACEMENT_3D ( 'NONE', #2906, #1123, #3629 ) ;
#3848 = CARTESIAN_POINT ( 'NONE',  ( 129.0000000000000000, 225.0000000000000284, 20.00000000000000355 ) ) ;
#3849 = ADVANCED_FACE ( 'NONE', ( #1024 ), #563, .F. ) ;
#3850 = CARTESIAN_POINT ( 'NONE',  ( 113.7891943881668055, 10.62057210490668879, 20.43798427695873343 ) ) ;
#3851 = VERTEX_POINT ( 'NONE', #975 ) ;
#3852 = DIRECTION ( 'NONE',  ( 0.000000000000000000, -1.000000000000000000, 0.000000000000000000 ) ) ;
#3853 = CARTESIAN_POINT ( 'NONE',  ( 1.955176352038433540, 232.5624123311321512, 79.00000000000000000 ) ) ;
#3854 = CARTESIAN_POINT ( 'NONE',  ( 14.55336257321376614, 222.3853506599062655, 78.98589040610393397 ) ) ;
#3855 = ADVANCED_FACE ( 'NONE', ( #2039 ), #2446, .F. ) ;
#3856 = CYLINDRICAL_SURFACE ( 'NONE', #608, 8.000000000000003553 ) ;
#3857 = VERTEX_POINT ( 'NONE', #3911 ) ;
#3858 = CARTESIAN_POINT ( 'NONE',  ( 0.8490819832538564205, 231.4610830899745793, 0.000000000000000000 ) ) ;
#3859 = ORIENTED_EDGE ( 'NONE', *, *, #3900, .T. ) ;
#3860 = ORIENTED_EDGE ( 'NONE', *, *, #4255, .T. ) ;
#3861 = CARTESIAN_POINT ( 'NONE',  ( 15.86707013681326650, 7.724263143416148836, 79.32134721222223561 ) ) ;
#3862 = DIRECTION ( 'NONE',  ( 0.000000000000000000, 1.000000000000000000, 0.000000000000000000 ) ) ;
#3863 = CARTESIAN_POINT ( 'NONE',  ( 129.8343177949321046, 6.733025445049224622, 20.00000000000000355 ) ) ;
#3864 = ORIENTED_EDGE ( 'NONE', *, *, #2718, .F. ) ;
#3865 = LINE ( 'NONE', #4339, #664 ) ;
#3866 = CARTESIAN_POINT ( 'NONE',  ( 13.18189010370237391, 0.9999999999999997780, 70.00000000000000000 ) ) ;
#3867 = DIRECTION ( 'NONE',  ( -1.000000000000000000, 0.000000000000000000, -0.000000000000000000 ) ) ;
#3868 = CARTESIAN_POINT ( 'NONE',  ( 0.08841814787202366410, 7.399251113833586579, 80.00000000000108002 ) ) ;
#3869 = CARTESIAN_POINT ( 'NONE',  ( 129.9389644480771722, 227.2781383224182150, 20.00000000000000711 ) ) ;
#3870 = CARTESIAN_POINT ( 'NONE',  ( 129.1585589802932930, 231.4426237461737514, 0.000000000000000000 ) ) ;
#3871 = ORIENTED_EDGE ( 'NONE', *, *, #149, .F. ) ;
#3872 = DIRECTION ( 'NONE',  ( -9.505334114941407284E-17, 1.000000000000000000, -0.000000000000000000 ) ) ;
#3873 = AXIS2_PLACEMENT_3D ( 'NONE', #344, #749, #2172 ) ;
#3874 =( NAMED_UNIT ( * ) SI_UNIT ( $, .STERADIAN. ) SOLID_ANGLE_UNIT ( ) );
#3875 = CARTESIAN_POINT ( 'NONE',  ( 15.93793292052075650, 225.8457506992467074, 79.64726436050372627 ) ) ;
#3876 = VERTEX_POINT ( 'NONE', #4272 ) ;
#3877 = CARTESIAN_POINT ( 'NONE',  ( 8.000000000000026645, 16.00000000000000711, 0.000000000000000000 ) ) ;
#3878 = ORIENTED_EDGE ( 'NONE', *, *, #3935, .F. ) ;
#3879 = EDGE_CURVE ( 'NONE', #231, #987, #3121, .T. ) ;
#3880 = ADVANCED_FACE ( 'NONE', ( #3523 ), #1732, .T. ) ;
#3881 = ORIENTED_EDGE ( 'NONE', *, *, #2105, .T. ) ;
#3882 = CARTESIAN_POINT ( 'NONE',  ( 8.000000000000017764, 109.5000000000000142, 30.92820323027550344 ) ) ;
#3883 = LINE ( 'NONE', #2509, #4444 ) ;
#3884 = CARTESIAN_POINT ( 'NONE',  ( 125.6424173732488043, 0.7846066353233382973, 20.00000000000000355 ) ) ;
#3885 = ORIENTED_EDGE ( 'NONE', *, *, #842, .T. ) ;
#3886 = AXIS2_PLACEMENT_3D ( 'NONE', #2028, #3155, #216 ) ;
#3887 = CARTESIAN_POINT ( 'NONE',  ( 111.5965712999123269, 7.769167226179915176, 21.47148695923733897 ) ) ;
#3888 = LINE ( 'NONE', #684, #295 ) ;
#3889 = CARTESIAN_POINT ( 'NONE',  ( 13.55617972486050427, 222.6647444177544912, 79.99999999999998579 ) ) ;
#3890 = LINE ( 'NONE', #3551, #4065 ) ;
#3891 = CARTESIAN_POINT ( 'NONE',  ( 124.1441791268268986, 234.6696137869651579, 0.000000000000000000 ) ) ;
#3892 = ORIENTED_EDGE ( 'NONE', *, *, #643, .F. ) ;
#3893 = LINE ( 'NONE', #54, #1341 ) ;
#3894 = CARTESIAN_POINT ( 'NONE',  ( 2.189048890524494695, 1.000000000000000000, 79.00000000000000000 ) ) ;
#3895 = DIRECTION ( 'NONE',  ( 0.000000000000000000, 1.000000000000000000, 1.267377881992187638E-16 ) ) ;
#3896 = FACE_OUTER_BOUND ( 'NONE', #1959, .T. ) ;
#3897 = VERTEX_POINT ( 'NONE', #1664 ) ;
#3898 = CARTESIAN_POINT ( 'NONE',  ( 13.18189010370237924, 228.0000000000000284, 70.00000000000000000 ) ) ;
#3899 = CARTESIAN_POINT ( 'NONE',  ( 115.5681945873790539, 12.77375510702970196, 19.00735111446469716 ) ) ;
#3900 = EDGE_CURVE ( 'NONE', #2698, #2014, #3748, .T. ) ;
#3901 = VERTEX_POINT ( 'NONE', #773 ) ;
#3902 = CARTESIAN_POINT ( 'NONE',  ( 15.79616312444922066, 7.639071056813232730, 79.42083528128836178 ) ) ;
#3903 = CARTESIAN_POINT ( 'NONE',  ( 12.00000000000000711, 227.0000000000000284, 26.92820323027551410 ) ) ;
#3904 = EDGE_CURVE ( 'NONE', #2851, #3993, #4446, .T. ) ;
#3905 = CARTESIAN_POINT ( 'NONE',  ( 128.0752792128868407, 2.469243194128069696, 20.00000000000000355 ) ) ;
#3906 = EDGE_LOOP ( 'NONE', ( #2030, #2354, #835, #1877, #3777, #840, #738, #1611 ) ) ;
#3907 = CIRCLE ( 'NONE', #2041, 9.000000000000001776 ) ;
#3908 = AXIS2_PLACEMENT_3D ( 'NONE', #1790, #2835, #714 ) ;
#3909 = CARTESIAN_POINT ( 'NONE',  ( 128.5928141241779770, 5.643055986841955196, 20.00000000000000711 ) ) ;
#3910 = CARTESIAN_POINT ( 'NONE',  ( 122.0000000000000000, 8.000000000000000000, 0.000000000000000000 ) ) ;
#3911 = CARTESIAN_POINT ( 'NONE',  ( 110.7070495323311263, 8.699242932890834723, 20.61863565516107499 ) ) ;
#3912 = AXIS2_PLACEMENT_3D ( 'NONE', #4247, #4609, #2827 ) ;
#3913 = CONICAL_SURFACE ( 'NONE', #1892, 2.099999999999996980, 0.7853981633974793652 ) ;
#3914 = CARTESIAN_POINT ( 'NONE',  ( 130.0000000007391634, 225.3192602496945938, 20.00000000000000355 ) ) ;
#3915 = FACE_OUTER_BOUND ( 'NONE', #944, .T. ) ;
#3916 = ORIENTED_EDGE ( 'NONE', *, *, #1908, .T. ) ;
#3917 = CARTESIAN_POINT ( 'NONE',  ( 5.716937261209696253, 234.6432084236041931, 79.00000000000000000 ) ) ;
#3918 = CARTESIAN_POINT ( 'NONE',  ( 124.8166480094205752, 0.4975412502350469723, 19.00000000000001066 ) ) ;
#3919 = CIRCLE ( 'NONE', #2349, 9.599999999999997868 ) ;
#3920 = AXIS2_PLACEMENT_3D ( 'NONE', #2633, #1572, #2917 ) ;
#3921 = DIRECTION ( 'NONE',  ( -0.000000000000000000, 1.000000000000000000, -0.000000000000000000 ) ) ;
#3922 = PLANE ( 'NONE',  #3989 ) ;
#3923 = ORIENTED_EDGE ( 'NONE', *, *, #1214, .F. ) ;
#3924 = LINE ( 'NONE', #2120, #775 ) ;
#3925 = CARTESIAN_POINT ( 'NONE',  ( 109.5403960749513743, 226.7615701351629127, 21.40434104481995092 ) ) ;
#3926 = ORIENTED_EDGE ( 'NONE', *, *, #3542, .F. ) ;
#3927 = CARTESIAN_POINT ( 'NONE',  ( 108.9354087749491100, 7.000000000002809308, 23.10077013778625599 ) ) ;
#3928 = CARTESIAN_POINT ( 'NONE',  ( 119.9000000000000057, 8.000000000000000000, 15.00000000000000000 ) ) ;
#3929 = EDGE_CURVE ( 'NONE', #142, #3315, #1674, .T. ) ;
#3930 = CARTESIAN_POINT ( 'NONE',  ( 128.9190674727032899, 7.496713329090761491, 20.00000000000000355 ) ) ;
#3931 = EDGE_LOOP ( 'NONE', ( #2773, #3579, #2036, #1255 ) ) ;
#3932 = CARTESIAN_POINT ( 'NONE',  ( 128.2922745871132690, 4.745231783330417841, 20.00000000000000711 ) ) ;
#3933 = LINE ( 'NONE', #1828, #813 ) ;
#3934 = EDGE_CURVE ( 'NONE', #3512, #2008, #1969, .T. ) ;
#3935 = EDGE_CURVE ( 'NONE', #3567, #484, #3994, .T. ) ;
#3936 = CARTESIAN_POINT ( 'NONE',  ( 16.00197772987145228, 8.466132709823275704, 78.81409009598853288 ) ) ;
#3937 = CARTESIAN_POINT ( 'NONE',  ( 126.4610830901342950, 234.1509180167703335, 19.00000000000000355 ) ) ;
#3938 = ORIENTED_EDGE ( 'NONE', *, *, #3132, .T. ) ;
#3939 = CARTESIAN_POINT ( 'NONE',  ( 13.18189010370237391, 12.70616775658834108, 80.00000000000000000 ) ) ;
#3940 = SURFACE_STYLE_USAGE ( .BOTH. , #2833 ) ;
#3941 = CARTESIAN_POINT ( 'NONE',  ( 120.6366789027435402, 234.9981604560585993, 19.00000000000000355 ) ) ;
#3942 = CARTESIAN_POINT ( 'NONE',  ( 0.3271770062046567840, 5.870204625150686972, 79.00000000000000000 ) ) ;
#3943 = VERTEX_POINT ( 'NONE', #4296 ) ;
#3944 = CARTESIAN_POINT ( 'NONE',  ( 116.8181098962976421, 235.0000000000000284, 19.00000000000000711 ) ) ;
#3945 = B_SPLINE_CURVE_WITH_KNOTS ( 'NONE', 3,
 ( #4394, #4058, #3006, #2613, #4035, #855, #509, #1920, #1230, #2663 ),
 .UNSPECIFIED., .F., .F.,
 ( 4, 2, 2, 2, 4 ),
 ( 0.000000000000000000, 0.0002122903312574440980, 0.0004245806625148881961, 0.0008491613250297512386, 0.001698322650059506380 ),
 .UNSPECIFIED. ) ;
#3946 = VECTOR ( 'NONE', #3452, 1000.000000000000114 ) ;
#3947 = FACE_BOUND ( 'NONE', #2366, .T. ) ;
#3948 = AXIS2_PLACEMENT_3D ( 'NONE', #3778, #1993, #951 ) ;
#3949 = CARTESIAN_POINT ( 'NONE',  ( 5.870204625150657662, 234.6728229937953927, 0.000000000000000000 ) ) ;
#3950 = ORIENTED_EDGE ( 'NONE', *, *, #1990, .T. ) ;
#3951 = CARTESIAN_POINT ( 'NONE',  ( 8.000000000000028422, 8.000000000000001776, 0.2999999999999959921 ) ) ;
#3952 = CARTESIAN_POINT ( 'NONE',  ( 126.9898369520509078, 2.797218078078885561, 20.00000000000000355 ) ) ;
#3953 = ORIENTED_EDGE ( 'NONE', *, *, #1141, .T. ) ;
#3954 = CARTESIAN_POINT ( 'NONE',  ( 127.3208773410164127, 3.128956013371803291, 20.00000000000000355 ) ) ;
#3955 = DIRECTION ( 'NONE',  ( -2.081668171172168513E-17, -1.000000000000000000, -0.000000000000000000 ) ) ;
#3956 = ADVANCED_FACE ( 'NONE', ( #3216 ), #1524, .F. ) ;
#3957 = LINE ( 'NONE', #1092, #3397 ) ;
#3958 = CARTESIAN_POINT ( 'NONE',  ( 1.330382105473810528, 5.947333938121311725, 79.99999999999998579 ) ) ;
#3959 = ORIENTED_EDGE ( 'NONE', *, *, #392, .T. ) ;
#3960 = CARTESIAN_POINT ( 'NONE',  ( 7.731881466761423738, 234.9403927859729038, 79.99999999999997158 ) ) ;
#3961 = ORIENTED_EDGE ( 'NONE', *, *, #933, .T. ) ;
#3962 = EDGE_CURVE ( 'NONE', #3419, #3559, #3092, .T. ) ;
#3963 = EDGE_CURVE ( 'NONE', #4309, #502, #4199, .T. ) ;
#3964 = CIRCLE ( 'NONE', #2096, 1.000000000000002442 ) ;
#3965 = CARTESIAN_POINT ( 'NONE',  ( 130.0000000000000000, 9.999999999999998224, 0.000000000000000000 ) ) ;
#3966 = DIRECTION ( 'NONE',  ( -1.000000000000000000, 2.081668171172168513E-17, 0.000000000000000000 ) ) ;
#3967 = CARTESIAN_POINT ( 'NONE',  ( 0.04693516363670219987, 7.924408386582831199, 79.00000000000000000 ) ) ;
#3968 = EDGE_LOOP ( 'NONE', ( #2022, #3059, #2571, #1799 ) ) ;
#3969 = EDGE_CURVE ( 'NONE', #1484, #1036, #3469, .T. ) ;
#3970 = CARTESIAN_POINT ( 'NONE',  ( 115.5819896464393111, 12.79140782815816024, 20.03979327340550043 ) ) ;
#3971 = EDGE_LOOP ( 'NONE', ( #1147, #4051 ) ) ;
#3972 = CARTESIAN_POINT ( 'NONE',  ( 8.000000000000015987, 117.5000000000000142, 79.00000000000000000 ) ) ;
#3973 = CARTESIAN_POINT ( 'NONE',  ( 10.00000000000000000, -2.276824562219559311E-16, 79.00000000000000000 ) ) ;
#3974 = DIRECTION ( 'NONE',  ( -0.000000000000000000, -0.000000000000000000, -1.000000000000000000 ) ) ;
#3975 = CARTESIAN_POINT ( 'NONE',  ( 121.2601631536410025, 1.012314043919320117, 19.99999999999998224 ) ) ;
#3976 = ORIENTED_EDGE ( 'NONE', *, *, #2252, .F. ) ;
#3977 = CARTESIAN_POINT ( 'NONE',  ( 113.0212356442666959, 225.0132167563575365, 19.47262970067464849 ) ) ;
#3978 = DIRECTION ( 'NONE',  ( -1.000000000000000000, 0.000000000000000000, 0.000000000000000000 ) ) ;
#3979 = CARTESIAN_POINT ( 'NONE',  ( 122.0000000000000000, 8.000000000000000000, 0.000000000000000000 ) ) ;
#3980 = ADVANCED_FACE ( 'NONE', ( #3947, #740 ), #2164, .F. ) ;
#3981 = AXIS2_PLACEMENT_3D ( 'NONE', #1422, #3277, #4421 ) ;
#3982 = CARTESIAN_POINT ( 'NONE',  ( 11.94021224186196228, 14.89361798366778089, 79.34750077965264836 ) ) ;
#3983 = CARTESIAN_POINT ( 'NONE',  ( 1.151958251485204476, 3.586083185785044591, 79.00000000000000000 ) ) ;
#3984 = EDGE_LOOP ( 'NONE', ( #499, #2231, #331, #4487 ) ) ;
#3985 = CARTESIAN_POINT ( 'NONE',  ( 17.88127484044914439, -3.917444460581858771E-16, 77.67566173668639351 ) ) ;
#3986 = ORIENTED_EDGE ( 'NONE', *, *, #3345, .T. ) ;
#3987 = DIRECTION ( 'NONE',  ( 0.8528513040762653041, 0.000000000000000000, -0.5221538596385300046 ) ) ;
#3988 = AXIS2_PLACEMENT_3D ( 'NONE', #2485, #1386, #4576 ) ;
#3989 = AXIS2_PLACEMENT_3D ( 'NONE', #401, #3250, #2182 ) ;
#3990 = CARTESIAN_POINT ( 'NONE',  ( 12.00000000000001776, 124.4282032302755425, 76.00000000000000000 ) ) ;
#3991 = CYLINDRICAL_SURFACE ( 'NONE', #926, 2.099999999999990763 ) ;
#3992 = DIRECTION ( 'NONE',  ( 0.8528513040762653041, 0.000000000000000000, -0.5221538596385300046 ) ) ;
#3993 = VERTEX_POINT ( 'NONE', #3256 ) ;
#3994 = CIRCLE ( 'NONE', #2952, 2.400000000000068745 ) ;
#3995 = AXIS2_PLACEMENT_3D ( 'NONE', #1889, #3330, #4050 ) ;
#3996 = DIRECTION ( 'NONE',  ( 0.000000000000000000, 0.000000000000000000, -1.000000000000000000 ) ) ;
#3997 = CIRCLE ( 'NONE', #1975, 2.099999999999990763 ) ;
#3998 = ADVANCED_FACE ( 'NONE', ( #2012 ), #4522, .F. ) ;
#3999 = CARTESIAN_POINT ( 'NONE',  ( 120.0000000000000142, -2.517517444511341690E-15, 0.000000000000000000 ) ) ;
#4000 = CARTESIAN_POINT ( 'NONE',  ( 115.3481646457352099, 12.44444444444445175, 19.01854466009679356 ) ) ;
#4001 = ORIENTED_EDGE ( 'NONE', *, *, #63, .T. ) ;
#4002 = CARTESIAN_POINT ( 'NONE',  ( 116.2376864133163821, 223.1111111111111427, 20.01685878190617629 ) ) ;
#4003 = CARTESIAN_POINT ( 'NONE',  ( 13.92216011851699520, 13.37847743610095996, 79.00000000000000000 ) ) ;
#4004 = CARTESIAN_POINT ( 'NONE',  ( 121.2843705610239482, 0.01257846008199249750, 20.00000000000654055 ) ) ;
#4005 = EDGE_LOOP ( 'NONE', ( #1088, #67, #1464, #3310 ) ) ;
#4006 =( BOUNDED_CURVE ( )  B_SPLINE_CURVE ( 3, ( #1051, #3690, #1857, #3990 ),
 .UNSPECIFIED., .F., .T. ) 
 B_SPLINE_CURVE_WITH_KNOTS ( ( 4, 4 ),
 ( 1.570796326794896558, 2.094395102393195707 ),
 .UNSPECIFIED. ) 
 CURVE ( )  GEOMETRIC_REPRESENTATION_ITEM ( )  RATIONAL_B_SPLINE_CURVE ( ( 1.000000000000000000, 0.9772838841927120601, 0.9772838841927120601, 1.000000000000000000 ) ) 
 REPRESENTATION_ITEM ( '' )  );
#4007 = CARTESIAN_POINT ( 'NONE',  ( 120.0000000000000142, 234.0000000000000284, 20.00000000000000355 ) ) ;
#4008 = CARTESIAN_POINT ( 'NONE',  ( 115.3481646457352099, 12.44444444444444819, 80.00000000000000000 ) ) ;
#4009 = LINE ( 'NONE', #3240, #1887 ) ;
#4010 = CARTESIAN_POINT ( 'NONE',  ( 0.002161063351811733351, 9.306811390227110792, 78.99999999999997158 ) ) ;
#4011 = ORIENTED_EDGE ( 'NONE', *, *, #1536, .T. ) ;
#4012 = CARTESIAN_POINT ( 'NONE',  ( 2.130139735721670924, 231.1111103656468515, 80.00000000000000000 ) ) ;
#4013 = EDGE_LOOP ( 'NONE', ( #4184, #1636, #3533, #2493 ) ) ;
#4014 = FACE_OUTER_BOUND ( 'NONE', #1021, .T. ) ;
#4015 = CARTESIAN_POINT ( 'NONE',  ( 116.2376864133163963, 223.1111111111111427, 20.01685878190617629 ) ) ;
#4016 = CARTESIAN_POINT ( 'NONE',  ( 121.2543638348100501, 233.9877741177563166, 20.00000000000000355 ) ) ;
#4017 = DIRECTION ( 'NONE',  ( -1.000000000000000000, -0.000000000000000000, -0.000000000000000000 ) ) ;
#4018 = EDGE_LOOP ( 'NONE', ( #710, #1614, #2525, #4496 ) ) ;
#4019 = DIRECTION ( 'NONE',  ( -0.000000000000000000, -0.000000000000000000, 1.000000000000000000 ) ) ;
#4020 = ADVANCED_FACE ( 'NONE', ( #2838 ), #3817, .T. ) ;
#4021 = CARTESIAN_POINT ( 'NONE',  ( 120.0000000000000142, -2.517517444511341690E-15, 18.99999999999999645 ) ) ;
#4022 = LINE ( 'NONE', #817, #1202 ) ;
#4023 = ORIENTED_EDGE ( 'NONE', *, *, #121, .F. ) ;
#4024 = EDGE_CURVE ( 'NONE', #3851, #3337, #2643, .T. ) ;
#4025 = CARTESIAN_POINT ( 'NONE',  ( 115.8114220366967686, 13.08512877860465196, 19.00000000000000711 ) ) ;
#4026 = CIRCLE ( 'NONE', #450, 2.099999999999990763 ) ;
#4027 = CARTESIAN_POINT ( 'NONE',  ( 120.0000000000000142, 0.9999999999999974465, 20.00000000000000355 ) ) ;
#4028 = ORIENTED_EDGE ( 'NONE', *, *, #392, .F. ) ;
#4029 = DIRECTION ( 'NONE',  ( -0.8528513040762653041, 0.000000000000000000, 0.5221538596385300046 ) ) ;
#4030 = DIRECTION ( 'NONE',  ( -0.000000000000000000, -0.000000000000000000, -1.000000000000000000 ) ) ;
#4031 = VECTOR ( 'NONE', #996, 1000.000000000000000 ) ;
#4032 = CARTESIAN_POINT ( 'NONE',  ( 8.000000000000026645, 16.00000000000000711, 19.99999999999989342 ) ) ;
#4033 = EDGE_LOOP ( 'NONE', ( #2964, #4586, #3976, #1644 ) ) ;
#4034 = CARTESIAN_POINT ( 'NONE',  ( 3.710801099905483014, 233.9156299106046504, 80.00000000000001421 ) ) ;
#4035 = CARTESIAN_POINT ( 'NONE',  ( 11.94021224186195518, 124.3936179836678093, 79.34750077965266257 ) ) ;
#4036 = DIRECTION ( 'NONE',  ( 9.276596128218219855E-17, -1.000000000000000000, -1.267377881992187638E-16 ) ) ;
#4037 = CARTESIAN_POINT ( 'NONE',  ( 5.600000000000014744, 8.000000000000001776, 0.000000000000000000 ) ) ;
#4038 = FACE_OUTER_BOUND ( 'NONE', #2800, .T. ) ;
#4039 = CARTESIAN_POINT ( 'NONE',  ( 0.3271770062046567840, 5.870204625150686972, 0.000000000000000000 ) ) ;
#4040 = ORIENTED_EDGE ( 'NONE', *, *, #3821, .F. ) ;
#4041 = CARTESIAN_POINT ( 'NONE',  ( 12.00000000000001776, 124.4282032302755425, 26.92820323027549989 ) ) ;
#4042 = AXIS2_PLACEMENT_3D ( 'NONE', #2243, #916, #1954 ) ;
#4043 = B_SPLINE_CURVE_WITH_KNOTS ( 'NONE', 3,
 ( #2902, #125, #1509, #758 ),
 .UNSPECIFIED., .F., .F.,
 ( 4, 4 ),
 ( 0.000000000000000000, 0.001002556923925752679 ),
 .UNSPECIFIED. ) ;
#4044 = CARTESIAN_POINT ( 'NONE',  ( 123.1945205852399710, 0.1192159775135174793, 18.99999999999999645 ) ) ;
#4045 = EDGE_CURVE ( 'NONE', #718, #929, #680, .T. ) ;
#4046 = CARTESIAN_POINT ( 'NONE',  ( 113.3440762073615673, 8.740536374826783472, 20.61118927445626881 ) ) ;
#4047 = VERTEX_POINT ( 'NONE', #3828 ) ;
#4048 = FACE_OUTER_BOUND ( 'NONE', #1338, .T. ) ;
#4049 = EDGE_CURVE ( 'NONE', #873, #2595, #3026, .T. ) ;
#4050 = DIRECTION ( 'NONE',  ( -1.000000000000000000, 0.000000000000000000, 0.000000000000000000 ) ) ;
#4051 = ORIENTED_EDGE ( 'NONE', *, *, #3774, .T. ) ;
#4052 = CARTESIAN_POINT ( 'NONE',  ( 128.6048607544842639, 229.3672097398642507, 20.00000000000000355 ) ) ;
#4053 = DIRECTION ( 'NONE',  ( -9.505334114941407284E-17, 1.000000000000000000, 0.000000000000000000 ) ) ;
#4054 = EDGE_CURVE ( 'NONE', #987, #135, #3787, .T. ) ;
#4055 = DIRECTION ( 'NONE',  ( 0.7402700148146236225, -0.6723096795126163316, 0.000000000000000000 ) ) ;
#4056 = EDGE_LOOP ( 'NONE', ( #639, #723, #1984, #1138 ) ) ;
#4057 = CARTESIAN_POINT ( 'NONE',  ( 2.472860294388001812, 233.0786312338804578, 79.00000000000000000 ) ) ;
#4058 = CARTESIAN_POINT ( 'NONE',  ( 12.00000000000001954, 124.4282032302755283, 79.07185100854793802 ) ) ;
#4059 = VECTOR ( 'NONE', #2408, 1000.000000000000000 ) ;
#4060 = CARTESIAN_POINT ( 'NONE',  ( 122.5032866709325106, 233.9190674726477255, 20.00000000000000355 ) ) ;
#4061 = DIRECTION ( 'NONE',  ( -1.000000000000000000, 0.000000000000000000, 0.000000000000000000 ) ) ;
#4062 = VERTEX_POINT ( 'NONE', #1952 ) ;
#4063 = CARTESIAN_POINT ( 'NONE',  ( 3.252606517456513302E-18, 224.9999999999999432, 0.000000000000000000 ) ) ;
#4064 = LINE ( 'NONE', #1928, #1823 ) ;
#4065 = VECTOR ( 'NONE', #1759, 999.9999999999998863 ) ;
#4066 = CIRCLE ( 'NONE', #2874, 2.099999999999990763 ) ;
#4067 = CARTESIAN_POINT ( 'NONE',  ( 120.0000000000000142, 235.0000000000000284, 19.00000000000000355 ) ) ;
#4068 = AXIS2_PLACEMENT_3D ( 'NONE', #2538, #391, #2894 ) ;
#4069 = CARTESIAN_POINT ( 'NONE',  ( 107.5555243125427296, 228.0000000000000284, 23.94559735966771186 ) ) ;
#4070 = CARTESIAN_POINT ( 'NONE',  ( 111.8166703854802648, 7.864797156113516152, 21.33673241705291446 ) ) ;
#4071 = ORIENTED_EDGE ( 'NONE', *, *, #3879, .F. ) ;
#4072 = DIRECTION ( 'NONE',  ( 0.000000000000000000, 0.000000000000000000, -1.000000000000000000 ) ) ;
#4073 = AXIS2_PLACEMENT_3D ( 'NONE', #3020, #4072, #2289 ) ;
#4074 = CIRCLE ( 'NONE', #3847, 2.099999999999996980 ) ;
#4075 = CARTESIAN_POINT ( 'NONE',  ( 121.6075336871654997, 0.02065779004301063898, 20.00000000000653699 ) ) ;
#4076 = ORIENTED_EDGE ( 'NONE', *, *, #696, .F. ) ;
#4077 = CARTESIAN_POINT ( 'NONE',  ( 127.8712245146349744, 231.1090603854920005, 20.00000000000000355 ) ) ;
#4078 = DIRECTION ( 'NONE',  ( -1.000000000000000000, 0.000000000000000000, 0.000000000000000000 ) ) ;
#4079 = DIRECTION ( 'NONE',  ( 0.4999999999999981681, 6.123233995736742617E-17, -0.8660254037844395958 ) ) ;
#4080 = ORIENTED_EDGE ( 'NONE', *, *, #3599, .T. ) ;
#4081 = CARTESIAN_POINT ( 'NONE',  ( 3.383447371483657484, 233.7346879919319633, 79.00000000000000000 ) ) ;
#4082 = FACE_OUTER_BOUND ( 'NONE', #3968, .T. ) ;
#4083 = ADVANCED_FACE ( 'NONE', ( #604 ), #3771, .F. ) ;
#4084 = DIRECTION ( 'NONE',  ( -1.000000000000000000, 3.469446951953611033E-15, 0.000000000000000000 ) ) ;
#4085 = CARTESIAN_POINT ( 'NONE',  ( 126.6117595923857948, 233.7279819624152992, 19.00000000000000355 ) ) ;
#4086 = DIRECTION ( 'NONE',  ( 0.000000000000000000, 0.000000000000000000, 1.000000000000000000 ) ) ;
#4087 = ORIENTED_EDGE ( 'NONE', *, *, #906, .F. ) ;
#4088 = CARTESIAN_POINT ( 'NONE',  ( 11.00000000000002665, 2.204363725016922793, 80.00000000000000000 ) ) ;
#4089 = DIRECTION ( 'NONE',  ( 0.000000000000000000, -1.000000000000000000, 0.000000000000000000 ) ) ;
#4090 = FACE_OUTER_BOUND ( 'NONE', #4251, .T. ) ;
#4091 = CARTESIAN_POINT ( 'NONE',  ( 116.0778398814830155, 13.37847743610095108, 19.00000000000000711 ) ) ;
#4092 = ORIENTED_EDGE ( 'NONE', *, *, #4111, .T. ) ;
#4093 = CYLINDRICAL_SURFACE ( 'NONE', #2653, 9.999999999999994671 ) ;
#4094 = FACE_BOUND ( 'NONE', #2277, .T. ) ;
#4095 = VERTEX_POINT ( 'NONE', #1654 ) ;
#4096 = CARTESIAN_POINT ( 'NONE',  ( 1.020400987064855380, 226.5738988300533094, 79.99999999999998579 ) ) ;
#4097 = CARTESIAN_POINT ( 'NONE',  ( 0.4426219482305679964, 5.376503990661210430, 79.00000000000000000 ) ) ;
#4098 = CARTESIAN_POINT ( 'NONE',  ( 114.5648318480351406, 225.2425299618737711, 20.24829074077894475 ) ) ;
#4099 = AXIS2_PLACEMENT_3D ( 'NONE', #439, #1181, #4053 ) ;
#4100 = EDGE_CURVE ( 'NONE', #1457, #1195, #1599, .T. ) ;
#4101 = VECTOR ( 'NONE', #920, 1000.000000000000000 ) ;
#4102 = CARTESIAN_POINT ( 'NONE',  ( 8.000000000000015987, 117.5000000000000142, 0.000000000000000000 ) ) ;
#4103 = ORIENTED_EDGE ( 'NONE', *, *, #914, .T. ) ;
#4104 = CARTESIAN_POINT ( 'NONE',  ( 1.696085376381867738, 232.2377549009950712, 79.99999999999890576 ) ) ;
#4105 = DIRECTION ( 'NONE',  ( -0.000000000000000000, -0.000000000000000000, -1.000000000000000000 ) ) ;
#4106 = DIRECTION ( 'NONE',  ( -0.000000000000000000, -0.000000000000000000, 1.000000000000000000 ) ) ;
#4107 = CARTESIAN_POINT ( 'NONE',  ( 127.9324687964288643, 232.6744119012757608, 20.00000000000163070 ) ) ;
#4108 = ADVANCED_FACE ( 'NONE', ( #4090 ), #2310, .T. ) ;
#4109 = CARTESIAN_POINT ( 'NONE',  ( 121.9999999999999716, 227.0000000000000284, 0.3000000000000506706 ) ) ;
#4110 = ORIENTED_EDGE ( 'NONE', *, *, #1565, .T. ) ;
#4111 = EDGE_CURVE ( 'NONE', #778, #142, #2695, .T. ) ;
#4112 = DIRECTION ( 'NONE',  ( -0.000000000000000000, -0.000000000000000000, -1.000000000000000000 ) ) ;
#4113 = CARTESIAN_POINT ( 'NONE',  ( 121.9999999999999716, 219.0000000000000284, 80.00000000000000000 ) ) ;
#4114 = CARTESIAN_POINT ( 'NONE',  ( 122.0000000000000000, 16.00000000000001421, 0.000000000000000000 ) ) ;
#4115 = CARTESIAN_POINT ( 'NONE',  ( 7.234335552056021967, 234.9084665797783487, 79.00000000000000000 ) ) ;
#4116 = CARTESIAN_POINT ( 'NONE',  ( 15.95691266849708434, 226.0357117461485359, 78.82249695381608490 ) ) ;
#4117 = EDGE_CURVE ( 'NONE', #3323, #3351, #562, .T. ) ;
#4118 = CARTESIAN_POINT ( 'NONE',  ( 8.000000000000021316, 62.75000000000000000, 61.10000000000000142 ) ) ;
#4119 = AXIS2_PLACEMENT_3D ( 'NONE', #2860, #88, #3259 ) ;
#4120 = VERTEX_POINT ( 'NONE', #1632 ) ;
#4121 = ORIENTED_EDGE ( 'NONE', *, *, #1536, .F. ) ;
#4122 = CARTESIAN_POINT ( 'NONE',  ( 1.144319833423773636, 228.1462079757114054, 79.99999999999998579 ) ) ;
#4123 = CARTESIAN_POINT ( 'NONE',  ( 15.22357498262009123, 7.989363333308451054, 79.78945241266751509 ) ) ;
#4124 = CARTESIAN_POINT ( 'NONE',  ( 8.000000000000007105, 219.0000000000000284, 30.92820323027551765 ) ) ;
#4125 = ORIENTED_EDGE ( 'NONE', *, *, #3767, .T. ) ;
#4126 = CARTESIAN_POINT ( 'NONE',  ( 0.000000000000000000, 224.9999999999999432, 80.00000000000001421 ) ) ;
#4127 = CARTESIAN_POINT ( 'NONE',  ( 1.000000000000000000, 224.9999999999999432, 79.00000000000000000 ) ) ;
#4128 = CARTESIAN_POINT ( 'NONE',  ( 8.393512929513871512, 0.02069026760801721820, 79.00000000000000000 ) ) ;
#4129 = CARTESIAN_POINT ( 'NONE',  ( 8.000000000000026645, 16.00000000000000711, 80.00000000000000000 ) ) ;
#4130 = CARTESIAN_POINT ( 'NONE',  ( 128.7321104371288811, 231.6213419749638263, 19.99999999999781508 ) ) ;
#4131 = LINE ( 'NONE', #4177, #1964 ) ;
#4132 = ORIENTED_EDGE ( 'NONE', *, *, #1268, .T. ) ;
#4133 = CARTESIAN_POINT ( 'NONE',  ( 116.2376864133163963, 223.1111111111111427, 20.01685878190617629 ) ) ;
#4134 = CARTESIAN_POINT ( 'NONE',  ( 5.900000000000031442, 8.000000000000001776, 0.000000000000000000 ) ) ;
#4135 = DIRECTION ( 'NONE',  ( 0.000000000000000000, -1.000000000000000000, 0.000000000000000000 ) ) ;
#4136 = CARTESIAN_POINT ( 'NONE',  ( 129.1509180168873172, 3.538916910125113890, 0.000000000000000000 ) ) ;
#4137 = CARTESIAN_POINT ( 'NONE',  ( 8.000000000000015987, 117.5000000000000142, 0.3000000000000515032 ) ) ;
#4138 = VECTOR ( 'NONE', #977, 1000.000000000000000 ) ;
#4139 = ORIENTED_EDGE ( 'NONE', *, *, #1814, .T. ) ;
#4140 = B_SPLINE_CURVE_WITH_KNOTS ( 'NONE', 3,
 ( #2739, #1977, #2716, #3366, #2286, #959, #2380, #517, #4443, #1239, #253, #1673, #622, #326, #2763, #4588, #4540, #2115, #2832, #1763, #1070, #3918, #4180, #690, #351, #4206, #3199, #8, #277, #3827 ),
 .UNSPECIFIED., .F., .F.,
 ( 4, 2, 2, 2, 2, 2, 2, 2, 2, 2, 2, 2, 2, 2, 4 ),
 ( 0.000000000000000000, 0.001035148787624659995, 0.002070297575249319989, 0.004140595150498646917, 0.005175743938123319489, 0.006210892725747992060, 0.007246041513372665499, 0.008281190300997337203, 0.009316339088622010642, 0.01035148787624668235, 0.01138663666387135578, 0.01242178545149606739, 0.01449208302674545069, 0.01552723181437013975, 0.01656238060199483400 ),
 .UNSPECIFIED. ) ;
#4141 = ADVANCED_FACE ( 'NONE', ( #3062 ), #233, .T. ) ;
#4142 = AXIS2_PLACEMENT_3D ( 'NONE', #2339, #262, #4453 ) ;
#4143 = CIRCLE ( 'NONE', #2649, 1.000000000000000888 ) ;
#4144 = ORIENTED_EDGE ( 'NONE', *, *, #36, .T. ) ;
#4145 = CIRCLE ( 'NONE', #4525, 1.000000000000000444 ) ;
#4146 = AXIS2_PLACEMENT_3D ( 'NONE', #1203, #2274, #117 ) ;
#4147 = LINE ( 'NONE', #945, #87 ) ;
#4148 = CARTESIAN_POINT ( 'NONE',  ( 129.0000000000000000, 9.999999999999998224, 20.00000000000000355 ) ) ;
#4149 = VERTEX_POINT ( 'NONE', #352 ) ;
#4150 = CARTESIAN_POINT ( 'NONE',  ( 1.000000000000000000, 224.9999999999999432, 80.00000000000000000 ) ) ;
#4151 = CARTESIAN_POINT ( 'NONE',  ( 124.0999999999999659, 227.0000000000000284, 0.3000000000000506706 ) ) ;
#4152 = PRODUCT_DEFINITION_SHAPE ( 'NONE', 'NONE',  #2768 ) ;
#4153 = CARTESIAN_POINT ( 'NONE',  ( 3.888889634363551728, 2.130139735709240423, 80.00000000000000000 ) ) ;
#4154 = DIRECTION ( 'NONE',  ( 0.000000000000000000, 1.000000000000000000, 0.000000000000000000 ) ) ;
#4155 = CARTESIAN_POINT ( 'NONE',  ( 126.2362675119665880, 232.7847736448927662, 20.00000000000000355 ) ) ;
#4156 = DIRECTION ( 'NONE',  ( 0.5221538596385242315, 0.000000000000000000, 0.8528513040762689679 ) ) ;
#4157 = ORIENTED_EDGE ( 'NONE', *, *, #3969, .T. ) ;
#4158 = CARTESIAN_POINT ( 'NONE',  ( 129.9999999999999716, 225.0000000000000284, 80.00000000000000000 ) ) ;
#4159 = DIRECTION ( 'NONE',  ( -1.000000000000000000, 0.000000000000000000, 0.000000000000000000 ) ) ;
#4160 = CARTESIAN_POINT ( 'NONE',  ( 128.2666384601823211, 232.2967022795418757, 19.00000000000001066 ) ) ;
#4161 = CARTESIAN_POINT ( 'NONE',  ( 130.0509999999999877, 62.75000000000000000, 50.00000000000000000 ) ) ;
#4162 = PLANE ( 'NONE',  #1057 ) ;
#4163 = ADVANCED_FACE ( 'NONE', ( #2137 ), #1165, .F. ) ;
#4164 = EDGE_LOOP ( 'NONE', ( #2819, #1169, #2107, #1094 ) ) ;
#4165 = EDGE_CURVE ( 'NONE', #4149, #3688, #4610, .T. ) ;
#4166 = EDGE_LOOP ( 'NONE', ( #4121, #2065, #4178 ) ) ;
#4167 = EDGE_CURVE ( 'NONE', #2087, #1826, #1384, .T. ) ;
#4168 = CARTESIAN_POINT ( 'NONE',  ( 0.8414410200801690776, 3.557376253309436631, 0.000000000000000000 ) ) ;
#4169 = DIRECTION ( 'NONE',  ( -0.8528513040762649711, 0.000000000000000000, 0.5221538596385308928 ) ) ;
#4170 = ORIENTED_EDGE ( 'NONE', *, *, #2132, .T. ) ;
#4171 = DIRECTION ( 'NONE',  ( 0.000000000000000000, 0.000000000000000000, -1.000000000000000000 ) ) ;
#4172 = DIRECTION ( 'NONE',  ( -1.000000000000000000, 0.000000000000000000, 0.000000000000000000 ) ) ;
#4173 = VECTOR ( 'NONE', #2348, 1000.000000000000000 ) ;
#4174 = CARTESIAN_POINT ( 'NONE',  ( 10.00000000000000000, -2.168404344971008868E-16, 79.00000000000000000 ) ) ;
#4175 = CIRCLE ( 'NONE', #591, 7.000000000000007105 ) ;
#4176 = CARTESIAN_POINT ( 'NONE',  ( 129.9105499034750437, 227.6113582907102000, 19.00000000000109068 ) ) ;
#4177 = CARTESIAN_POINT ( 'NONE',  ( 130.0000000000000000, 9.999999999999998224, 19.00000000000000355 ) ) ;
#4178 = ORIENTED_EDGE ( 'NONE', *, *, #2017, .T. ) ;
#4179 = CARTESIAN_POINT ( 'NONE',  ( 115.0833665818449987, 222.9551260640204760, 20.10993659257380983 ) ) ;
#4180 = CARTESIAN_POINT ( 'NONE',  ( 124.4784197093273548, 0.4050334044490756513, 19.00000000000000711 ) ) ;
#4181 = CARTESIAN_POINT ( 'NONE',  ( 0.002184876853749198166, 225.6955545016810731, 79.00000000000000000 ) ) ;
#4182 = CARTESIAN_POINT ( 'NONE',  ( 121.9999999999999716, 227.0000000000000284, 0.3000000000000506706 ) ) ;
#4183 = CARTESIAN_POINT ( 'NONE',  ( 9.412453702423471569, 109.5000000000000000, 71.51823834566062033 ) ) ;
#4184 = ORIENTED_EDGE ( 'NONE', *, *, #2017, .F. ) ;
#4185 =( BOUNDED_SURFACE ( )  B_SPLINE_SURFACE ( 3, 2, ( 
 ( #3754, #2300, #1995 ),
 ( #1665, #3101, #163 ),
 ( #185, #1323, #2757 ),
 ( #3431, #3733, #553 ),
 ( #1300, #3361, #976 ),
 ( #1577, #534, #1601 ),
 ( #1252, #1712, #642 ),
 ( #4228, #3868, #2421 ),
 ( #663, #2090, #3122 ),
 ( #3822, #2040, #4200 ),
 ( #3478, #272, #1686 ),
 ( #1349, #2033, #2750 ),
 ( #4097, #2776, #2318 ),
 ( #241, #202, #4457 ),
 ( #612, #3089, #2392 ),
 ( #3115, #990, #946 ),
 ( #4553, #1616, #4499 ),
 ( #1640, #3377, #3424 ),
 ( #3049, #2724, #1267 ),
 ( #2342, #3773, #3069 ),
 ( #2368, #4528, #1291 ),
 ( #384, #332, #1978 ),
 ( #2590, #1297, #4483 ),
 ( #2280, #2731, #4153 ),
 ( #953, #3753, #2374 ),
 ( #510, #3714, #532 ),
 ( #1207, #1921, #3359 ),
 ( #1624, #1576, #208 ),
 ( #1944, #2665, #596 ),
 ( #3453, #882, #3384 ),
 ( #3036, #4465, #1251 ),
 ( #2686, #903, #2325 ),
 ( #3410, #1275, #2707 ),
 ( #4128, #2068, #2110 ),
 ( #616, #1757, #2420 ),
 ( #3499, #1711, #1348 ),
 ( #296, #4582, #4198 ),
 ( #4174, #1370, #3169 ) ),
 .UNSPECIFIED., .F., .F., .T. ) 
 B_SPLINE_SURFACE_WITH_KNOTS ( ( 4, 2, 2, 2, 2, 2, 2, 2, 2, 2, 2, 2, 2, 2, 2, 2, 2, 2, 4 ),
 ( 3, 3 ),
 ( -1.179611963664228824E-16, 0.0009383310988462696418, 0.001876662197692657245, 0.002345827747115850938, 0.002814993296539045065, 0.003753324395385432451, 0.004691655494231819837, 0.005629986593078208090, 0.006568317691924595476, 0.007506648790770982863, 0.007975814340194176122, 0.008444979889617371116, 0.009383310988463757635, 0.01032164208731014589, 0.01125997318615653414, 0.01219830428500292066, 0.01313663538384930891, 0.01407496648269569717, 0.01501329758154208369 ),
 ( 0.000000000000000000, 1.000000000000000000 ),
 .UNSPECIFIED. ) 
 GEOMETRIC_REPRESENTATION_ITEM ( )  RATIONAL_B_SPLINE_SURFACE ( (
 ( 1.000000000000000000, 0.7071067811865475727, 1.000000000000000000),
 ( 1.000000000000000000, 0.7071067811865475727, 1.000000000000000000),
 ( 1.000000000000000000, 0.7071067811865475727, 1.000000000000000000),
 ( 1.000000000000000000, 0.7071067811865475727, 1.000000000000000000),
 ( 1.000000000000000000, 0.7071067811865475727, 1.000000000000000000),
 ( 1.000000000000000000, 0.7071067811865475727, 1.000000000000000000),
 ( 1.000000000000000000, 0.7071067811865474617, 1.000000000000000000),
 ( 1.000000000000000000, 0.7071067811865474617, 1.000000000000000000),
 ( 1.000000000000000000, 0.7071067811865475727, 1.000000000000000000),
 ( 1.000000000000000000, 0.7071067811865475727, 1.000000000000000000),
 ( 1.000000000000000000, 0.7071067811865475727, 1.000000000000000000),
 ( 1.000000000000000000, 0.7071067811865475727, 1.000000000000000000),
 ( 1.000000000000000000, 0.7071067811865475727, 1.000000000000000000),
 ( 1.000000000000000000, 0.7071067811865475727, 1.000000000000000000),
 ( 1.000000000000000000, 0.7071067811865476838, 1.000000000000000000),
 ( 1.000000000000000000, 0.7071067811865476838, 1.000000000000000000),
 ( 1.000000000000000000, 0.7071067811865475727, 1.000000000000000000),
 ( 1.000000000000000000, 0.7071067811865475727, 1.000000000000000000),
 ( 1.000000000000000000, 0.7071067811865475727, 1.000000000000000000),
 ( 1.000000000000000000, 0.7071067811865475727, 1.000000000000000000),
 ( 1.000000000000000000, 0.7071067811865475727, 1.000000000000000000),
 ( 1.000000000000000000, 0.7071067811865475727, 1.000000000000000000),
 ( 1.000000000000000000, 0.7071067811865475727, 1.000000000000000000),
 ( 1.000000000000000000, 0.7071067811865475727, 1.000000000000000000),
 ( 1.000000000000000000, 0.7071067811865476838, 1.000000000000000000),
 ( 1.000000000000000000, 0.7071067811865476838, 1.000000000000000000),
 ( 1.000000000000000000, 0.7071067811865476838, 1.000000000000000000),
 ( 1.000000000000000000, 0.7071067811865476838, 1.000000000000000000),
 ( 1.000000000000000000, 0.7071067811865475727, 1.000000000000000000),
 ( 1.000000000000000000, 0.7071067811865475727, 1.000000000000000000),
 ( 1.000000000000000000, 0.7071067811865475727, 1.000000000000000000),
 ( 1.000000000000000000, 0.7071067811865475727, 1.000000000000000000),
 ( 1.000000000000000000, 0.7071067811865475727, 1.000000000000000000),
 ( 1.000000000000000000, 0.7071067811865475727, 1.000000000000000000),
 ( 1.000000000000000000, 0.7071067811865475727, 1.000000000000000000),
 ( 1.000000000000000000, 0.7071067811865475727, 1.000000000000000000),
 ( 1.000000000000000000, 0.7071067811865475727, 1.000000000000000000),
 ( 1.000000000000000000, 0.7071067811865475727, 1.000000000000000000) ) ) 
 REPRESENTATION_ITEM ( '' )  SURFACE ( )  );
#4186 = CARTESIAN_POINT ( 'NONE',  ( 0.04777348832850315807, 227.0884906158722742, 79.00000000000000000 ) ) ;
#4187 = ORIENTED_EDGE ( 'NONE', *, *, #2278, .T. ) ;
#4188 = EDGE_CURVE ( 'NONE', #3041, #3113, #691, .T. ) ;
#4189 = ORIENTED_EDGE ( 'NONE', *, *, #3630, .T. ) ;
#4190 = CARTESIAN_POINT ( 'NONE',  ( 1.000000000000000000, 224.9999999999999432, 80.00000000000000000 ) ) ;
#4191 = CIRCLE ( 'NONE', #675, 1.000000000000000888 ) ;
#4192 = CARTESIAN_POINT ( 'NONE',  ( 121.3490210122636341, -2.545599585546058062E-15, 0.000000000000000000 ) ) ;
#4193 = EDGE_CURVE ( 'NONE', #793, #4538, #3919, .T. ) ;
#4194 = CARTESIAN_POINT ( 'NONE',  ( 129.9794695783156726, 8.400068683343778986, 19.00000000000000355 ) ) ;
#4195 = EDGE_LOOP ( 'NONE', ( #3165, #1683, #1443, #2780 ) ) ;
#4196 = LINE ( 'NONE', #2037, #4031 ) ;
#4197 = FACE_OUTER_BOUND ( 'NONE', #3605, .T. ) ;
#4198 = CARTESIAN_POINT ( 'NONE',  ( 9.685057166286863861, 0.9999999992800278070, 80.00000000000000000 ) ) ;
#4199 = B_SPLINE_CURVE_WITH_KNOTS ( 'NONE', 3,
 ( #48, #4319, #3612, #1454 ),
 .UNSPECIFIED., .F., .F.,
 ( 4, 4 ),
 ( 0.000000000000000000, 0.001002556923925798649 ),
 .UNSPECIFIED. ) ;
#4200 = CARTESIAN_POINT ( 'NONE',  ( 1.155928251345726743, 6.874349328406573534, 80.00000000000000000 ) ) ;
#4201 = ADVANCED_FACE ( 'NONE', ( #2453 ), #1717, .T. ) ;
#4202 = CARTESIAN_POINT ( 'NONE',  ( 128.9876859560950493, 226.2601631536548439, 19.99999999999996092 ) ) ;
#4203 = DIRECTION ( 'NONE',  ( -1.000000000000000000, 0.000000000000000000, 0.000000000000000000 ) ) ;
#4204 = ORIENTED_EDGE ( 'NONE', *, *, #2991, .F. ) ;
#4205 = DIRECTION ( 'NONE',  ( -1.000000000000000000, 0.000000000000000000, 0.000000000000000000 ) ) ;
#4206 = CARTESIAN_POINT ( 'NONE',  ( 121.7393480540570181, 0.02502260972268846931, 19.00000000000001066 ) ) ;
#4207 = PRESENTATION_STYLE_ASSIGNMENT (( #3940 ) ) ;
#4208 = CARTESIAN_POINT ( 'NONE',  ( 5.900000000000019895, 117.5000000000000142, 15.00000000000000000 ) ) ;
#4209 = DIRECTION ( 'NONE',  ( 0.8528513040762653041, 0.000000000000000000, -0.5221538596385300046 ) ) ;
#4210 = CARTESIAN_POINT ( 'NONE',  ( 12.00000000000001776, 110.5717967697245001, 76.00000000000000000 ) ) ;
#4211 = CARTESIAN_POINT ( 'NONE',  ( 6.805479414849849640, 234.8807840225040025, 0.000000000000000000 ) ) ;
#4212 = ORIENTED_EDGE ( 'NONE', *, *, #203, .T. ) ;
#4213 = TOROIDAL_SURFACE ( 'NONE', #3464, 9.000000000000001776, 1.000000000000000000 ) ;
#4214 = ORIENTED_EDGE ( 'NONE', *, *, #2399, .T. ) ;
#4215 = FACE_OUTER_BOUND ( 'NONE', #1313, .T. ) ;
#4216 = CIRCLE ( 'NONE', #3545, 9.599999999999997868 ) ;
#4217 = VECTOR ( 'NONE', #3413, 1000.000000000000000 ) ;
#4218 = FACE_OUTER_BOUND ( 'NONE', #2304, .T. ) ;
#4219 = AXIS2_PLACEMENT_3D ( 'NONE', #2052, #581, #279 ) ;
#4220 = AXIS2_PLACEMENT_3D ( 'NONE', #3406, #3449, #899 ) ;
#4221 = CARTESIAN_POINT ( 'NONE',  ( 128.0752792119687058, 2.469243195044265260, 19.00000000000000355 ) ) ;
#4222 = ORIENTED_EDGE ( 'NONE', *, *, #1642, .T. ) ;
#4223 = CARTESIAN_POINT ( 'NONE',  ( 109.5338749049381875, 8.235854086792581796, 21.40873285320121866 ) ) ;
#4224 = CARTESIAN_POINT ( 'NONE',  ( 12.00000000000001776, 124.4282032302755425, 30.92820323027550344 ) ) ;
#4225 = DIRECTION ( 'NONE',  ( 0.000000000000000000, 0.000000000000000000, 1.000000000000000000 ) ) ;
#4226 = VECTOR ( 'NONE', #1739, 1000.000000000000000 ) ;
#4227 = AXIS2_PLACEMENT_3D ( 'NONE', #1695, #1356, #3895 ) ;
#4228 = CARTESIAN_POINT ( 'NONE',  ( 0.08841814735497872946, 7.399251113788736234, 79.00000000000108002 ) ) ;
#4229 = CARTESIAN_POINT ( 'NONE',  ( 129.5558047122328560, 229.6296763820588467, 19.99999999999670308 ) ) ;
#4230 = CARTESIAN_POINT ( 'NONE',  ( 130.0000000000000000, 225.0000000000000284, 0.000000000000000000 ) ) ;
#4231 = ORIENTED_EDGE ( 'NONE', *, *, #1872, .T. ) ;
#4232 = CARTESIAN_POINT ( 'NONE',  ( 114.0192695170580066, 224.1741183433310596, 19.19519355684011330 ) ) ;
#4233 = EDGE_CURVE ( 'NONE', #4441, #557, #3201, .T. ) ;
#4234 = CARTESIAN_POINT ( 'NONE',  ( 13.18189010370237391, 8.000000000000001776, 70.00000000000000000 ) ) ;
#4235 = CARTESIAN_POINT ( 'NONE',  ( 113.9999999999999858, 235.0500000000000398, 20.00000000000000355 ) ) ;
#4236 = ORIENTED_EDGE ( 'NONE', *, *, #4313, .T. ) ;
#4237 = CARTESIAN_POINT ( 'NONE',  ( 8.000000000000001776, 227.0000000000000284, 15.00000000000000000 ) ) ;
#4238 = ORIENTED_EDGE ( 'NONE', *, *, #2510, .F. ) ;
#4239 = ORIENTED_EDGE ( 'NONE', *, *, #3283, .F. ) ;
#4240 = CARTESIAN_POINT ( 'NONE',  ( 110.7070495323311263, 8.699242932890838276, 20.61863565516107144 ) ) ;
#4241 = MANIFOLD_SOLID_BREP ( 'Fillet3', #4253 ) ;
#4242 = DIRECTION ( 'NONE',  ( 0.000000000000000000, 0.000000000000000000, 1.000000000000000000 ) ) ;
#4243 = CARTESIAN_POINT ( 'NONE',  ( 126.1090603866579016, 2.128775483022997683, 20.00000000000000355 ) ) ;
#4244 = ORIENTED_EDGE ( 'NONE', *, *, #760, .F. ) ;
#4245 = CARTESIAN_POINT ( 'NONE',  ( 128.9981735400572234, 9.372405150172467003, 20.00000000000000355 ) ) ;
#4246 = CARTESIAN_POINT ( 'NONE',  ( 8.000000000000001776, 227.0000000000000284, 80.00000000000000000 ) ) ;
#4247 = CARTESIAN_POINT ( 'NONE',  ( 11.00000000000002665, 1.036437233174629942E-15, 79.00000000000000000 ) ) ;
#4248 = EDGE_CURVE ( 'NONE', #3450, #1785, #2477, .T. ) ;
#4249 = CARTESIAN_POINT ( 'NONE',  ( 130.0000000000000000, 225.0000000000000284, 19.00000000000000355 ) ) ;
#4250 = CARTESIAN_POINT ( 'NONE',  ( 3.121785361190117847, 2.685152572096380030, 79.99999999999997158 ) ) ;
#4251 = EDGE_LOOP ( 'NONE', ( #1564, #3757, #3286, #464 ) ) ;
#4252 = DIRECTION ( 'NONE',  ( -0.7071067811865695552, 0.000000000000000000, -0.7071067811865254793 ) ) ;
#4253 = CLOSED_SHELL ( 'NONE', ( #2511, #1789, #2333, #2312, #1843, #2460, #3759, #3537, #1278, #2475, #2889, #2658, #2657, #1539, #169, #69, #3849, #3135, #4083, #1619, #3980, #3137, #2102, #2073, #1365, #312, #1808, #3112, #2941, #2326, #452, #2854, #678, #3713, #371, #4571, #3516, #2034, #97, #2362, #2667, #3855, #2427, #1423, #434, #1587, #941, #3956, #287, #1756, #3485, #1494, #2174, #2044, #3659, #4163, #3071, #541, #2185, #1931, #812, #2949, #4467, #2747, #1626, #3998, #720, #3420, #1727, #505, #457, #3016, #1618, #4020, #1343, #4201, #4626, #1723, #4350, #3708, #513, #1056, #4314, #4365, #4108, #3229, #3198, #4396, #487, #598, #3790, #4541, #2628, #3816, #3631, #4141, #2813, #2943, #1396, #1075, #307, #3078, #4599, #11, #1508, #2295, #1473, #1086, #2365, #2885, #2858, #3191, #2602, #1362, #3880, #1982, #655, #1079, #4459, #278, #4261 ) ) ;
#4254 = FACE_OUTER_BOUND ( 'NONE', #3065, .T. ) ;
#4255 = EDGE_CURVE ( 'NONE', #3851, #224, #4006, .T. ) ;
#4256 = CARTESIAN_POINT ( 'NONE',  ( 15.99993280383156957, 7.967210761215264725, 78.81445915522107271 ) ) ;
#4257 = ORIENTED_EDGE ( 'NONE', *, *, #4506, .T. ) ;
#4258 = FACE_BOUND ( 'NONE', #1918, .T. ) ;
#4259 = VECTOR ( 'NONE', #225, 1000.000000000000000 ) ;
#4260 = B_SPLINE_CURVE_WITH_KNOTS ( 'NONE', 3,
 ( #2405, #1692, #162, #4482, #1274, #1780, #3334, #4098, #2010, #3014, #3653, #2357 ),
 .UNSPECIFIED., .F., .F.,
 ( 4, 2, 2, 2, 2, 4 ),
 ( 3.469446951953614189E-18, 0.001622183699604295634, 0.002433275549406460798, 0.003244367399208625963, 0.004866551098812984047, 0.006488734798417342131 ),
 .UNSPECIFIED. ) ;
#4261 = ADVANCED_FACE ( 'NONE', ( #4254 ), #1237, .T. ) ;
#4262 = PLANE ( 'NONE',  #3447 ) ;
#4263 = ORIENTED_EDGE ( 'NONE', *, *, #1019, .T. ) ;
#4264 = DIRECTION ( 'NONE',  ( 0.7402700148146194037, -0.6723096795126209946, 0.000000000000000000 ) ) ;
#4265 = CARTESIAN_POINT ( 'NONE',  ( 127.7956362749830816, 2.189048890524475155, 0.000000000000000000 ) ) ;
#4266 = B_SPLINE_CURVE_WITH_KNOTS ( 'NONE', 3,
 ( #3322, #1537, #4419, #2969, #2639, #885, #600, #3824, #3149, #3455 ),
 .UNSPECIFIED., .F., .F.,
 ( 4, 2, 2, 2, 4 ),
 ( 0.000000000000000000, 0.0002122903312574463749, 0.0004245806625148927497, 0.0008491613250297562259, 0.001698322650059505296 ),
 .UNSPECIFIED. ) ;
#4267 = CARTESIAN_POINT ( 'NONE',  ( 128.3136476308463330, 2.761300222151679140, 19.00000000000000355 ) ) ;
#4268 = ORIENTED_EDGE ( 'NONE', *, *, #2242, .F. ) ;
#4269 = VECTOR ( 'NONE', #1749, 1000.000000000000000 ) ;
#4270 = CARTESIAN_POINT ( 'NONE',  ( 126.8794901561459199, 2.686638765924772354, 20.00000000000000355 ) ) ;
#4271 = CARTESIAN_POINT ( 'NONE',  ( 107.0333704529042080, 227.0000000000000284, 0.000000000000000000 ) ) ;
#4272 = CARTESIAN_POINT ( 'NONE',  ( 12.00000000000002842, 14.92820323027552121, 26.92820323027548568 ) ) ;
#4273 = CARTESIAN_POINT ( 'NONE',  ( 128.7939211031950606, 228.4450790351490923, 20.00000000000000355 ) ) ;
#4274 = CARTESIAN_POINT ( 'NONE',  ( 2.478670698618144819, 3.374659013839329091, 80.00000000000000000 ) ) ;
#4275 = VERTEX_POINT ( 'NONE', #145 ) ;
#4276 = CARTESIAN_POINT ( 'NONE',  ( 10.40000000000008207, 117.5000000000000142, 0.000000000000000000 ) ) ;
#4277 = B_SPLINE_CURVE_WITH_KNOTS ( 'NONE', 3,
 ( #2719, #2790, #4181, #935, #3417, #1006, #4566, #2766, #280, #3460, #1355, #3153, #255, #2360, #3853, #650, #4515, #2075, #3507, #3486, #2742, #3788, #1676, #2002, #4115, #3107, #3440, #915, #1655, #3082 ),
 .UNSPECIFIED., .F., .F.,
 ( 4, 2, 2, 2, 2, 2, 2, 2, 2, 2, 2, 2, 2, 2, 4 ),
 ( 0.000000000000000000, 0.001042584268758332908, 0.002085168537516665817, 0.004170337075033414900, 0.005212921343791788141, 0.006255505612550161382, 0.007298089881308535490, 0.008340674150066911333, 0.009383258418825285441, 0.01042584268758365608, 0.01146842695634203539, 0.01251101122510041297, 0.01459617976261714904, 0.01563876403137552315, 0.01668134830013389552 ),
 .UNSPECIFIED. ) ;
#4278 = EDGE_CURVE ( 'NONE', #2690, #1702, #2121, .T. ) ;
#4279 = DIRECTION ( 'NONE',  ( 0.000000000000000000, 0.000000000000000000, 1.000000000000000000 ) ) ;
#4280 = DIRECTION ( 'NONE',  ( -1.000000000000000000, 0.000000000000000000, 0.000000000000000000 ) ) ;
#4281 = CARTESIAN_POINT ( 'NONE',  ( 0.04693516363670219987, 7.924408386582831199, 0.000000000000000000 ) ) ;
#4282 = ORIENTED_EDGE ( 'NONE', *, *, #399, .F. ) ;
#4283 = DIRECTION ( 'NONE',  ( -0.000000000000000000, -0.000000000000000000, -1.000000000000000000 ) ) ;
#4284 = EDGE_CURVE ( 'NONE', #433, #135, #1895, .T. ) ;
#4285 = B_SPLINE_CURVE_WITH_KNOTS ( 'NONE', 3,
 ( #2655, #3001, #1200, #4431, #2631, #1221, #3028, #4052, #2583, #1130, #4077, #2961, #2558, #771, #3706, #1180, #2198, #1155, #480, #95, #3640, #438, #846, #1846, #1499, #2931, #4361, #4007 ),
 .UNSPECIFIED., .F., .F.,
 ( 4, 2, 2, 2, 2, 2, 2, 2, 2, 2, 2, 2, 2, 4 ),
 ( 0.000000000000000000, 0.0009451667797011003387, 0.001890333559402200677, 0.003780667118804401355, 0.005671000678206601815, 0.006616167457907722212, 0.007561334237608843475, 0.008506501017309963872, 0.009451667797011084268, 0.01039683457671220466, 0.01134200135641332506, 0.01323233491581552596, 0.01417750169551664635, 0.01512266847521776675 ),
 .UNSPECIFIED. ) ;
#4286 = CARTESIAN_POINT ( 'NONE',  ( 107.0333704529042080, 227.0000000000000284, 23.09274605559145144 ) ) ;
#4287 = VERTEX_POINT ( 'NONE', #4037 ) ;
#4288 = CARTESIAN_POINT ( 'NONE',  ( 107.5555243125427580, 7.000000000000002665, 23.94559735966770120 ) ) ;
#4289 = EDGE_CURVE ( 'NONE', #2722, #2443, #1555, .T. ) ;
#4290 = CARTESIAN_POINT ( 'NONE',  ( 8.000000000000026645, 16.00000000000000711, 69.07179676972440063 ) ) ;
#4291 = CARTESIAN_POINT ( 'NONE',  ( 128.6294235793952510, 3.227590502089960456, 19.00000000000000355 ) ) ;
#4292 = EDGE_LOOP ( 'NONE', ( #3644, #3519, #3953, #2221 ) ) ;
#4293 = AXIS2_PLACEMENT_3D ( 'NONE', #1510, #2945, #4373 ) ;
#4294 = DIRECTION ( 'NONE',  ( -0.5221538596385242315, 0.000000000000000000, -0.8528513040762689679 ) ) ;
#4295 = DIRECTION ( 'NONE',  ( 2.081668171172168513E-17, 1.000000000000000000, -0.000000000000000000 ) ) ;
#4296 = CARTESIAN_POINT ( 'NONE',  ( 129.0000000000000000, 9.999999999999998224, 20.00000000000000355 ) ) ;
#4297 = AXIS2_PLACEMENT_3D ( 'NONE', #1971, #1922, #954 ) ;
#4298 = SHAPE_DEFINITION_REPRESENTATION ( #4152, #2239 ) ;
#4299 = CARTESIAN_POINT ( 'NONE',  ( 0.000000000000000000, 142.2500000000000568, 40.39999999999999858 ) ) ;
#4300 = CARTESIAN_POINT ( 'NONE',  ( 1.000000000000000000, 10.00000000000012079, 80.00000000000000000 ) ) ;
#4301 = ORIENTED_EDGE ( 'NONE', *, *, #3367, .T. ) ;
#4302 = CARTESIAN_POINT ( 'NONE',  ( 7.232553807446881144, 234.8944993194437529, 79.00000000000000000 ) ) ;
#4303 = CARTESIAN_POINT ( 'NONE',  ( 8.000000000000001776, 227.0000000000000284, 0.2999999999999959921 ) ) ;
#4304 = TOROIDAL_SURFACE ( 'NONE', #2883, 11.00000000000000000, 1.000000000000000000 ) ;
#4305 = AXIS2_PLACEMENT_3D ( 'NONE', #1212, #2306, #2641 ) ;
#4306 = CARTESIAN_POINT ( 'NONE',  ( 0.000000000000000000, 202.2500000000000284, 50.00000000000000000 ) ) ;
#4307 = CARTESIAN_POINT ( 'NONE',  ( 5.900000000000004796, 227.0000000000000284, 0.2999999999999959921 ) ) ;
#4308 = CARTESIAN_POINT ( 'NONE',  ( 3.252606517456513302E-18, 10.00000000000000178, 0.000000000000000000 ) ) ;
#4309 = VERTEX_POINT ( 'NONE', #4015 ) ;
#4310 = DIRECTION ( 'NONE',  ( -1.000000000000000000, 0.000000000000000000, 0.000000000000000000 ) ) ;
#4311 = EDGE_CURVE ( 'NONE', #151, #1303, #197, .T. ) ;
#4312 = ORIENTED_EDGE ( 'NONE', *, *, #2455, .F. ) ;
#4313 = EDGE_CURVE ( 'NONE', #2810, #557, #3405, .T. ) ;
#4314 = ADVANCED_FACE ( 'NONE', ( #832 ), #4304, .T. ) ;
#4315 = CARTESIAN_POINT ( 'NONE',  ( 127.6744119013747678, 2.067531203655333716, 20.00000000000000355 ) ) ;
#4316 = VERTEX_POINT ( 'NONE', #468 ) ;
#4317 = CARTESIAN_POINT ( 'NONE',  ( 8.000000000000021316, 172.2500000000000000, 50.00000000000000000 ) ) ;
#4318 = CARTESIAN_POINT ( 'NONE',  ( 0.000000000000000000, 62.75000000000000000, 50.00000000000000000 ) ) ;
#4319 = CARTESIAN_POINT ( 'NONE',  ( 116.4115603742580589, 222.8248573233681782, 20.00674968620125327 ) ) ;
#4320 = EDGE_CURVE ( 'NONE', #2722, #601, #4145, .T. ) ;
#4321 = DIRECTION ( 'NONE',  ( -1.000000000000000000, 1.982541115402063335E-15, 0.000000000000000000 ) ) ;
#4322 = CARTESIAN_POINT ( 'NONE',  ( 1.707462582048599131, 4.745811338814767133, 80.00000000000002842 ) ) ;
#4323 = ORIENTED_EDGE ( 'NONE', *, *, #760, .T. ) ;
#4324 = DIRECTION ( 'NONE',  ( 1.000000000000000000, 0.000000000000000000, -0.000000000000000000 ) ) ;
#4325 = ORIENTED_EDGE ( 'NONE', *, *, #2484, .T. ) ;
#4326 = DIRECTION ( 'NONE',  ( -1.000000000000000000, 0.000000000000000000, 0.000000000000000000 ) ) ;
#4327 = LINE ( 'NONE', #446, #1225 ) ;
#4328 = CARTESIAN_POINT ( 'NONE',  ( 107.0333704529042080, 227.0000000000000284, 23.09274605559144788 ) ) ;
#4329 = EDGE_LOOP ( 'NONE', ( #4383, #3047, #1206, #2977, #4323, #3736 ) ) ;
#4330 = CARTESIAN_POINT ( 'NONE',  ( 3.252606517456513302E-18, 224.9999999999999432, 80.00000000000000000 ) ) ;
#4331 = CARTESIAN_POINT ( 'NONE',  ( 8.000000000000007105, 202.2500000000000284, 40.39999999999999858 ) ) ;
#4332 = AXIS2_PLACEMENT_3D ( 'NONE', #1622, #551, #4171 ) ;
#4333 = CARTESIAN_POINT ( 'NONE',  ( 111.2659421552054511, 226.0800016897259468, 21.67391296620078478 ) ) ;
#4334 = ORIENTED_EDGE ( 'NONE', *, *, #2216, .F. ) ;
#4335 = CARTESIAN_POINT ( 'NONE',  ( 18.40342870008768017, 228.0000000000000284, 78.52851304076266103 ) ) ;
#4336 = CARTESIAN_POINT ( 'NONE',  ( 122.3613956559044453, 0.06763502222004295905, 19.00000000000000355 ) ) ;
#4337 = VERTEX_POINT ( 'NONE', #491 ) ;
#4338 =( BOUNDED_SURFACE ( )  B_SPLINE_SURFACE ( 3, 2, ( 
 ( #2872, #3176, #731 ),
 ( #370, #350, #2831 ),
 ( #689, #2114, #3554 ),
 ( #1762, #3594, #1395 ),
 ( #4616, #754, #2898 ),
 ( #4347, #1049, #1137 ),
 ( #2542, #3960, #2852 ),
 ( #78, #7, #1415 ),
 ( #4302, #1116, #29 ),
 ( #2136, #2178, #1436 ),
 ( #2919, #1069, #2494 ),
 ( #3917, #711, #1786 ),
 ( #3220, #2155, #396 ),
 ( #1806, #3243, #3617 ),
 ( #420, #183, #3382 ),
 ( #4393, #4034, #1162 ),
 ( #4081, #1919, #4416 ),
 ( #443, #3316, #1552 ),
 ( #4057, #4435, #3687 ),
 ( #1505, #2965, #2588 ),
 ( #2323, #2984, #2255 ),
 ( #143, #4104, #1205 ),
 ( #1597, #879, #1574 ),
 ( #901, #2276, #4012 ),
 ( #829, #2612, #159 ),
 ( #1876, #3668, #530 ),
 ( #804, #102, #3034 ),
 ( #2635, #3005, #2939 ),
 ( #485, #119, #4368 ),
 ( #4463, #1248, #3357 ),
 ( #1899, #1942, #1853 ),
 ( #2662, #854, #2298 ),
 ( #3711, #1532, #2684 ),
 ( #3338, #3294, #2230 ),
 ( #508, #465, #3731 ),
 ( #1229, #1185, #3497 ),
 ( #270, #4532, #2802 ),
 ( #2705, #4126, #4150 ) ),
 .UNSPECIFIED., .F., .F., .T. ) 
 B_SPLINE_SURFACE_WITH_KNOTS ( ( 4, 2, 2, 2, 2, 2, 2, 2, 2, 2, 2, 2, 2, 2, 2, 2, 2, 2, 4 ),
 ( 3, 3 ),
 ( 0.000000000000000000, 0.0009383310988443615544, 0.001876662197688723109, 0.002345827747110903940, 0.002814993296533084555, 0.003753324395377446217, 0.004691655494221807880, 0.005629986593066169109, 0.006568317691910531206, 0.007506648790754892435, 0.007975814340177073483, 0.008444979889599253664, 0.009383310988443615761, 0.01032164208728797786, 0.01125997318613233822, 0.01219830428497670032, 0.01313663538382106241, 0.01407496648266542277, 0.01501329758150978487 ),
 ( 0.000000000000000000, 1.000000000000000000 ),
 .UNSPECIFIED. ) 
 GEOMETRIC_REPRESENTATION_ITEM ( )  RATIONAL_B_SPLINE_SURFACE ( (
 ( 1.000000000000000000, 0.7071067811865475727, 1.000000000000000000),
 ( 1.000000000000000000, 0.7071067811865475727, 1.000000000000000000),
 ( 1.000000000000000000, 0.7071067811865475727, 1.000000000000000000),
 ( 1.000000000000000000, 0.7071067811865475727, 1.000000000000000000),
 ( 1.000000000000000000, 0.7071067811865573427, 1.000000000000000000),
 ( 1.000000000000000000, 0.7071067811865573427, 1.000000000000000000),
 ( 1.000000000000000000, 0.7071067811865573427, 1.000000000000000000),
 ( 1.000000000000000000, 0.7071067811865573427, 1.000000000000000000),
 ( 1.000000000000000000, 0.7071067811865572317, 1.000000000000000000),
 ( 1.000000000000000000, 0.7071067811865572317, 1.000000000000000000),
 ( 1.000000000000000000, 0.7071067811865475727, 1.000000000000000000),
 ( 1.000000000000000000, 0.7071067811865475727, 1.000000000000000000),
 ( 1.000000000000000000, 0.7071067811865475727, 1.000000000000000000),
 ( 1.000000000000000000, 0.7071067811865475727, 1.000000000000000000),
 ( 1.000000000000000000, 0.7071067811865475727, 1.000000000000000000),
 ( 1.000000000000000000, 0.7071067811865475727, 1.000000000000000000),
 ( 1.000000000000000000, 0.7071067811865556774, 1.000000000000000000),
 ( 1.000000000000000000, 0.7071067811865556774, 1.000000000000000000),
 ( 1.000000000000000000, 0.7071067811865473507, 1.000000000000000000),
 ( 1.000000000000000000, 0.7071067811865473507, 1.000000000000000000),
 ( 1.000000000000000000, 0.7071067811865475727, 1.000000000000000000),
 ( 1.000000000000000000, 0.7071067811865475727, 1.000000000000000000),
 ( 1.000000000000000000, 0.7071067811865475727, 1.000000000000000000),
 ( 1.000000000000000000, 0.7071067811865475727, 1.000000000000000000),
 ( 1.000000000000000000, 0.7071067811865475727, 1.000000000000000000),
 ( 1.000000000000000000, 0.7071067811865475727, 1.000000000000000000),
 ( 1.000000000000000000, 0.7071067811865504593, 1.000000000000000000),
 ( 1.000000000000000000, 0.7071067811865504593, 1.000000000000000000),
 ( 1.000000000000000000, 0.7071067811865475727, 1.000000000000000000),
 ( 1.000000000000000000, 0.7071067811865475727, 1.000000000000000000),
 ( 1.000000000000000000, 0.7071067811865475727, 1.000000000000000000),
 ( 1.000000000000000000, 0.7071067811865475727, 1.000000000000000000),
 ( 1.000000000000000000, 0.7071067811865475727, 1.000000000000000000),
 ( 1.000000000000000000, 0.7071067811865475727, 1.000000000000000000),
 ( 1.000000000000000000, 0.7071067811865475727, 1.000000000000000000),
 ( 1.000000000000000000, 0.7071067811865475727, 1.000000000000000000),
 ( 1.000000000000000000, 0.7071067811865475727, 1.000000000000000000),
 ( 1.000000000000000000, 0.7071067811865475727, 1.000000000000000000) ) ) 
 REPRESENTATION_ITEM ( '' )  SURFACE ( )  );
#4339 = CARTESIAN_POINT ( 'NONE',  ( 12.00000000000000711, 227.0000000000000284, 30.92820323027551765 ) ) ;
#4340 = DIRECTION ( 'NONE',  ( -1.000000000000000000, 0.000000000000000000, 0.000000000000000000 ) ) ;
#4341 = EDGE_CURVE ( 'NONE', #3427, #987, #3997, .T. ) ;
#4342 = CARTESIAN_POINT ( 'NONE',  ( 15.19993439126700174, 226.6914328863521746, 79.79428847347247711 ) ) ;
#4343 = CIRCLE ( 'NONE', #2552, 8.000000000000007105 ) ;
#4344 = CARTESIAN_POINT ( 'NONE',  ( 11.99234698707324398, 14.92378868405613979, 79.14214710620446169 ) ) ;
#4345 = CARTESIAN_POINT ( 'NONE',  ( 3.276691642307164365, 1.331785779275488801, 78.99999999999998579 ) ) ;
#4346 = ORIENTED_EDGE ( 'NONE', *, *, #1867, .F. ) ;
#4347 = CARTESIAN_POINT ( 'NONE',  ( 7.898628587643579557, 234.9523728883197293, 79.00000000000000000 ) ) ;
#4348 = ORIENTED_EDGE ( 'NONE', *, *, #999, .F. ) ;
#4349 = CARTESIAN_POINT ( 'NONE',  ( 15.48576697576209682, 10.88268961994028494, 78.89669066603742920 ) ) ;
#4350 = ADVANCED_FACE ( 'NONE', ( #785 ), #2281, .F. ) ;
#4351 = CONICAL_SURFACE ( 'NONE', #4423, 2.099999999999996980, 0.7853981633974793652 ) ;
#4352 = DIRECTION ( 'NONE',  ( -0.5221538596385307818, 0.000000000000000000, -0.8528513040762648600 ) ) ;
#4353 = CARTESIAN_POINT ( 'NONE',  ( 8.000000000000007105, 202.2500000000000284, 50.00000000000000000 ) ) ;
#4354 = VERTEX_POINT ( 'NONE', #3965 ) ;
#4355 = CARTESIAN_POINT ( 'NONE',  ( 116.8181098962976421, 222.2938322434116856, 19.00000000000000355 ) ) ;
#4356 = CARTESIAN_POINT ( 'NONE',  ( 10.00000000000000000, 235.0000000000000284, 0.000000000000000000 ) ) ;
#4357 = VERTEX_POINT ( 'NONE', #1119 ) ;
#4358 = FACE_OUTER_BOUND ( 'NONE', #79, .T. ) ;
#4359 = PLANE ( 'NONE',  #2192 ) ;
#4360 = ORIENTED_EDGE ( 'NONE', *, *, #1410, .F. ) ;
#4361 = CARTESIAN_POINT ( 'NONE',  ( 120.3138853997024285, 234.0000000000000284, 20.00000000000000355 ) ) ;
#4362 = PLANE ( 'NONE',  #1779 ) ;
#4363 = DIRECTION ( 'NONE',  ( -1.000000000000000000, 0.000000000000000000, 0.000000000000000000 ) ) ;
#4364 = CARTESIAN_POINT ( 'NONE',  ( 1.000000000000000000, 2.204363725016921904, 80.00000000000000000 ) ) ;
#4365 = ADVANCED_FACE ( 'NONE', ( #757 ), #1855, .T. ) ;
#4366 = CARTESIAN_POINT ( 'NONE',  ( 0.1762602474380896567, 6.548209270891929279, 79.00000000000000000 ) ) ;
#4367 = VERTEX_POINT ( 'NONE', #397 ) ;
#4368 = CARTESIAN_POINT ( 'NONE',  ( 1.333643392622319457, 229.0661342082412375, 80.00000000000000000 ) ) ;
#4369 = ORIENTED_EDGE ( 'NONE', *, *, #1642, .F. ) ;
#4370 = DIRECTION ( 'NONE',  ( -1.000000000000000000, 0.000000000000000000, 0.000000000000000000 ) ) ;
#4371 = CIRCLE ( 'NONE', #4377, 8.000000000000007105 ) ;
#4372 = VECTOR ( 'NONE', #2946, 1000.000000000000000 ) ;
#4373 = DIRECTION ( 'NONE',  ( -1.000000000000000000, 0.000000000000000000, 0.000000000000000000 ) ) ;
#4374 = EDGE_CURVE ( 'NONE', #4120, #3646, #129, .T. ) ;
#4375 = DIRECTION ( 'NONE',  ( 1.000000000000000000, -2.081668171172168513E-17, 0.000000000000000000 ) ) ;
#4376 = ORIENTED_EDGE ( 'NONE', *, *, #3622, .F. ) ;
#4377 = AXIS2_PLACEMENT_3D ( 'NONE', #685, #3192, #1391 ) ;
#4378 = VECTOR ( 'NONE', #2140, 1000.000000000000000 ) ;
#4379 = DIRECTION ( 'NONE',  ( -0.5552659757003127750, -0.8310460158413345289, 0.03228336698401144261 ) ) ;
#4380 = CARTESIAN_POINT ( 'NONE',  ( 8.000000000000015987, 125.5000000000000284, 80.00000000000000000 ) ) ;
#4381 = AXIS2_PLACEMENT_3D ( 'NONE', #2942, #3987, #3296 ) ;
#4382 = CARTESIAN_POINT ( 'NONE',  ( 14.68699737448795339, 222.5673893744898919, 79.92171373987990535 ) ) ;
#4383 = ORIENTED_EDGE ( 'NONE', *, *, #3261, .T. ) ;
#4384 = CARTESIAN_POINT ( 'NONE',  ( 124.4000000000000341, 227.0000000000000284, 0.000000000000000000 ) ) ;
#4385 = CARTESIAN_POINT ( 'NONE',  ( 0.000000000000000000, 142.2500000000000568, 50.00000000000000000 ) ) ;
#4386 = CARTESIAN_POINT ( 'NONE',  ( 121.5750016351907163, 1.020375590979785363, 20.00000000000000355 ) ) ;
#4387 = ORIENTED_EDGE ( 'NONE', *, *, #2692, .F. ) ;
#4388 = FACE_OUTER_BOUND ( 'NONE', #2983, .T. ) ;
#4389 = CARTESIAN_POINT ( 'NONE',  ( 8.000000000000015987, 117.5000000000000142, 0.000000000000000000 ) ) ;
#4390 = CARTESIAN_POINT ( 'NONE',  ( 15.20729414742099195, 226.9550378217028594, 79.79274339262818216 ) ) ;
#4391 = CARTESIAN_POINT ( 'NONE',  ( 10.00000000000000000, -2.276824562219559311E-16, 79.00000000000000000 ) ) ;
#4392 = ORIENTED_EDGE ( 'NONE', *, *, #4549, .T. ) ;
#4393 = CARTESIAN_POINT ( 'NONE',  ( 3.710801098601730796, 233.9156299134236576, 79.00000000000000000 ) ) ;
#4394 = CARTESIAN_POINT ( 'NONE',  ( 12.00000000000001776, 124.4282032302755425, 79.00000000000000000 ) ) ;
#4395 = CARTESIAN_POINT ( 'NONE',  ( 13.57214268351164854, 12.31943666434969131, 80.00000000000000000 ) ) ;
#4396 = ADVANCED_FACE ( 'NONE', ( #4014 ), #1787, .T. ) ;
#4397 = CARTESIAN_POINT ( 'NONE',  ( 13.18189010370237391, 7.000000000000001776, 70.00000000000000000 ) ) ;
#4398 = CARTESIAN_POINT ( 'NONE',  ( 116.8181098962976421, 1.000000000000000888, 30.00000000000000711 ) ) ;
#4399 = CARTESIAN_POINT ( 'NONE',  ( 0.8414410200801690776, 3.557376253309436631, 0.000000000000000000 ) ) ;
#4400 = VERTEX_POINT ( 'NONE', #3272 ) ;
#4401 = DIRECTION ( 'NONE',  ( -1.000000000000000000, 0.000000000000000000, 0.000000000000000000 ) ) ;
#4402 = EDGE_CURVE ( 'NONE', #135, #433, #345, .T. ) ;
#4403 = CARTESIAN_POINT ( 'NONE',  ( 116.2376864133164247, 11.88888888888889994, 20.01685878190617629 ) ) ;
#4404 = ORIENTED_EDGE ( 'NONE', *, *, #820, .T. ) ;
#4405 = CARTESIAN_POINT ( 'NONE',  ( 15.91181834215131907, 6.815461895590335217, 78.83001074771348726 ) ) ;
#4406 = EDGE_CURVE ( 'NONE', #3601, #803, #122, .T. ) ;
#4407 = FACE_OUTER_BOUND ( 'NONE', #2322, .T. ) ;
#4408 = CONICAL_SURFACE ( 'NONE', #3658, 2.099999999999996092, 0.5235987755982968173 ) ;
#4409 = CARTESIAN_POINT ( 'NONE',  ( 123.1357784346822939, 1.157396914338308713, 20.00000000000000355 ) ) ;
#4410 = ORIENTED_EDGE ( 'NONE', *, *, #4100, .F. ) ;
#4411 = CARTESIAN_POINT ( 'NONE',  ( 111.5513542765501711, 225.9343783001605459, 20.09690240907004721 ) ) ;
#4412 = CARTESIAN_POINT ( 'NONE',  ( 129.9999999999999716, 219.0000000000000000, 19.00000000000000355 ) ) ;
#4413 = AXIS2_PLACEMENT_3D ( 'NONE', #1916, #3378, #2632 ) ;
#4414 = CARTESIAN_POINT ( 'NONE',  ( 116.8181098962976421, 12.70616775658833575, 19.00000000000000355 ) ) ;
#4415 = VERTEX_POINT ( 'NONE', #2232 ) ;
#4416 = CARTESIAN_POINT ( 'NONE',  ( 3.895029606307068182, 232.8734337606306894, 80.00000000000000000 ) ) ;
#4417 = CARTESIAN_POINT ( 'NONE',  ( 11.48577903207997686, 220.3743528919138441, 79.91218874784809145 ) ) ;
#4418 = CARTESIAN_POINT ( 'NONE',  ( 122.5993149455990050, 234.9147285326592396, 19.00000000000000355 ) ) ;
#4419 = CARTESIAN_POINT ( 'NONE',  ( 11.99234698707323510, 110.5762113159439366, 79.14214710620444748 ) ) ;
#4420 = ORIENTED_EDGE ( 'NONE', *, *, #2018, .T. ) ;
#4421 = DIRECTION ( 'NONE',  ( -1.000000000000000000, 0.000000000000000000, 0.000000000000000000 ) ) ;
#4422 = DIRECTION ( 'NONE',  ( -1.000000000000000000, -0.000000000000000000, -0.000000000000000000 ) ) ;
#4423 = AXIS2_PLACEMENT_3D ( 'NONE', #4137, #938, #3791 ) ;
#4424 = CARTESIAN_POINT ( 'NONE',  ( 111.5965712999123269, 7.769167226179915176, 21.47148695923733897 ) ) ;
#4425 = ORIENTED_EDGE ( 'NONE', *, *, #2484, .F. ) ;
#4426 = CARTESIAN_POINT ( 'NONE',  ( 10.77677921203190969, 15.63443008148725255, 24.80952267664027389 ) ) ;
#4427 = EDGE_CURVE ( 'NONE', #897, #2411, #2967, .T. ) ;
#4428 = CARTESIAN_POINT ( 'NONE',  ( 124.0598328380158080, 1.332119131435929527, 20.00000000000000355 ) ) ;
#4429 = VERTEX_POINT ( 'NONE', #422 ) ;
#4430 = EDGE_CURVE ( 'NONE', #1785, #3041, #494, .T. ) ;
#4431 = CARTESIAN_POINT ( 'NONE',  ( 128.9876859571060379, 226.2601631536429920, 19.99999999999999645 ) ) ;
#4432 = DIRECTION ( 'NONE',  ( -0.000000000000000000, -0.000000000000000000, -1.000000000000000000 ) ) ;
#4433 = CARTESIAN_POINT ( 'NONE',  ( 10.10000000000002629, 8.000000000000001776, 0.000000000000000000 ) ) ;
#4434 = ORIENTED_EDGE ( 'NONE', *, *, #3367, .F. ) ;
#4435 = CARTESIAN_POINT ( 'NONE',  ( 2.472860294395923919, 233.0786312338725281, 80.00000000000000000 ) ) ;
#4436 = LINE ( 'NONE', #1533, #1556 ) ;
#4437 = CARTESIAN_POINT ( 'NONE',  ( 130.0509999999999877, 172.2500000000000000, 50.00000000000000000 ) ) ;
#4438 = VECTOR ( 'NONE', #862, 1000.000000000000114 ) ;
#4439 = CARTESIAN_POINT ( 'NONE',  ( 125.2960847774775601, 234.3462578103450369, 19.99999999999726441 ) ) ;
#4440 = DIRECTION ( 'NONE',  ( -0.000000000000000000, 1.000000000000000000, -0.000000000000000000 ) ) ;
#4441 = VERTEX_POINT ( 'NONE', #2921 ) ;
#4442 = CARTESIAN_POINT ( 'NONE',  ( 8.000000000000028422, 8.000000000000001776, 0.2999999999999959921 ) ) ;
#4443 = CARTESIAN_POINT ( 'NONE',  ( 129.5052196264248323, 5.192993610144843508, 18.99999999999999645 ) ) ;
#4444 = VECTOR ( 'NONE', #1084, 1000.000000000000000 ) ;
#4445 = CARTESIAN_POINT ( 'NONE',  ( 129.5024587498286053, 229.8166480094262454, 19.00000000000000355 ) ) ;
#4446 = CIRCLE ( 'NONE', #2428, 2.400000000000013234 ) ;
#4447 = VECTOR ( 'NONE', #613, 1000.000000000000000 ) ;
#4448 = CARTESIAN_POINT ( 'NONE',  ( 15.50149978988534372, 224.1584741140586914, 79.76245053324052492 ) ) ;
#4449 = EDGE_LOOP ( 'NONE', ( #4621, #55, #2930, #3835 ) ) ;
#4450 = AXIS2_PLACEMENT_3D ( 'NONE', #2693, #4089, #863 ) ;
#4451 = AXIS2_PLACEMENT_3D ( 'NONE', #2238, #4379, #166 ) ;
#4452 = EDGE_CURVE ( 'NONE', #395, #2082, #2521, .T. ) ;
#4453 = DIRECTION ( 'NONE',  ( -1.000000000000000000, 0.000000000000000000, 0.000000000000000000 ) ) ;
#4454 = AXIS2_PLACEMENT_3D ( 'NONE', #2708, #3007, #3037 ) ;
#4455 = DIRECTION ( 'NONE',  ( 1.000000000000000000, 9.505334114941399889E-17, 0.000000000000000000 ) ) ;
#4456 = CARTESIAN_POINT ( 'NONE',  ( 0.1192159775103629471, 6.805479414799657789, 0.000000000000000000 ) ) ;
#4457 = CARTESIAN_POINT ( 'NONE',  ( 1.596535053349765088, 5.039540430244372260, 80.00000000000000000 ) ) ;
#4458 = DIRECTION ( 'NONE',  ( -0.000000000000000000, -0.000000000000000000, 1.000000000000000000 ) ) ;
#4459 = ADVANCED_FACE ( 'NONE', ( #2205 ), #665, .T. ) ;
#4460 = EDGE_CURVE ( 'NONE', #2082, #3876, #1293, .T. ) ;
#4461 = CARTESIAN_POINT ( 'NONE',  ( 130.0000000000000000, 9.999999999999998224, 19.00000000000000355 ) ) ;
#4462 = ORIENTED_EDGE ( 'NONE', *, *, #2081, .F. ) ;
#4463 = CARTESIAN_POINT ( 'NONE',  ( 0.2217039711401442847, 228.6240531295052847, 79.00000000000000000 ) ) ;
#4464 = VERTEX_POINT ( 'NONE', #2996 ) ;
#4465 = CARTESIAN_POINT ( 'NONE',  ( 6.712727083940775330, 0.1685571315262077707, 80.00000000000001421 ) ) ;
#4466 = CYLINDRICAL_SURFACE ( 'NONE', #489, 9.600000000000004974 ) ;
#4467 = ADVANCED_FACE ( 'NONE', ( #2647 ), #1448, .F. ) ;
#4468 = CARTESIAN_POINT ( 'NONE',  ( 127.5083947009079992, 231.6307704831791909, 19.99999999999998224 ) ) ;
#4469 = CARTESIAN_POINT ( 'NONE',  ( 130.0509999999999877, 172.2500000000000000, 50.00000000000000000 ) ) ;
#4470 = EDGE_LOOP ( 'NONE', ( #4110, #1596, #4425, #61 ) ) ;
#4471 = FACE_BOUND ( 'NONE', #94, .T. ) ;
#4472 = CARTESIAN_POINT ( 'NONE',  ( 123.2090958866616717, 234.8789551015535437, 0.000000000000000000 ) ) ;
#4473 = DIRECTION ( 'NONE',  ( 0.000000000000000000, -1.000000000000000000, 0.000000000000000000 ) ) ;
#4474 = ORIENTED_EDGE ( 'NONE', *, *, #643, .T. ) ;
#4475 = DIRECTION ( 'NONE',  ( 0.000000000000000000, 0.000000000000000000, 1.000000000000000000 ) ) ;
#4476 = EDGE_CURVE ( 'NONE', #3798, #3067, #3476, .T. ) ;
#4477 = AXIS2_PLACEMENT_3D ( 'NONE', #4127, #924, #3097 ) ;
#4478 = DIRECTION ( 'NONE',  ( -1.000000000000000000, 3.469446951953611033E-15, 0.000000000000000000 ) ) ;
#4479 = ORIENTED_EDGE ( 'NONE', *, *, #1285, .F. ) ;
#4480 = CARTESIAN_POINT ( 'NONE',  ( 111.0744174402738054, 235.0000000000000284, 20.61863565516107855 ) ) ;
#4481 = CARTESIAN_POINT ( 'NONE',  ( 12.00000000000002842, 14.92820323027551410, 79.00000000000000000 ) ) ;
#4482 = CARTESIAN_POINT ( 'NONE',  ( 113.1201400826924299, 226.4016354841631369, 20.70593222208963269 ) ) ;
#4483 = CARTESIAN_POINT ( 'NONE',  ( 3.499114971650006289, 2.394595927044292694, 80.00000000000000000 ) ) ;
#4484 = DIRECTION ( 'NONE',  ( -1.000000000000000000, 0.000000000000000000, 0.000000000000000000 ) ) ;
#4485 = CARTESIAN_POINT ( 'NONE',  ( 126.7724094984361756, 233.6294235801212835, 20.00000000000002842 ) ) ;
#4486 = CARTESIAN_POINT ( 'NONE',  ( 113.9999999999999289, 220.0000000000000568, 20.00000000000000355 ) ) ;
#4487 = ORIENTED_EDGE ( 'NONE', *, *, #1478, .F. ) ;
#4488 = CARTESIAN_POINT ( 'NONE',  ( 113.2999353086349430, 226.2786141767559798, 20.63669093260370957 ) ) ;
#4489 = EDGE_CURVE ( 'NONE', #1122, #4309, #4260, .T. ) ;
#4490 = CARTESIAN_POINT ( 'NONE',  ( 116.8181098962976421, 234.0000000000000284, 30.00000000000000711 ) ) ;
#4491 = DIRECTION ( 'NONE',  ( 0.000000000000000000, 0.000000000000000000, 1.000000000000000000 ) ) ;
#4492 = DIRECTION ( 'NONE',  ( -2.081668171172168513E-17, -1.000000000000000000, 0.000000000000000000 ) ) ;
#4493 = CARTESIAN_POINT ( 'NONE',  ( 15.11628004334682984, 228.0364708413584651, 79.81112305301500953 ) ) ;
#4494 = VERTEX_POINT ( 'NONE', #2682 ) ;
#4495 = CONICAL_SURFACE ( 'NONE', #2319, 2.099999999999996092, 0.5235987755982968173 ) ;
#4496 = ORIENTED_EDGE ( 'NONE', *, *, #848, .T. ) ;
#4497 = ORIENTED_EDGE ( 'NONE', *, *, #4049, .F. ) ;
#4498 = CARTESIAN_POINT ( 'NONE',  ( 10.00000000000000000, 234.0000000000000284, 80.00000000000000000 ) ) ;
#4499 = CARTESIAN_POINT ( 'NONE',  ( 2.126566239371562972, 3.895029606306946057, 80.00000000000000000 ) ) ;
#4500 = CARTESIAN_POINT ( 'NONE',  ( 16.02118123953885132, 7.989111458051664449, 79.62311192895441536 ) ) ;
#4501 = DIRECTION ( 'NONE',  ( 0.000000000000000000, -1.000000000000000000, 0.000000000000000000 ) ) ;
#4502 = EDGE_LOOP ( 'NONE', ( #3794, #2437, #1657, #1531 ) ) ;
#4503 = CARTESIAN_POINT ( 'NONE',  ( 8.000000000000028422, 8.000000000000001776, 0.2999999999999959921 ) ) ;
#4504 = DIRECTION ( 'NONE',  ( 1.562813942321448017E-16, -1.000000000000000000, 0.000000000000000000 ) ) ;
#4505 = LINE ( 'NONE', #4129, #2269 ) ;
#4506 = EDGE_CURVE ( 'NONE', #3857, #1585, #1298, .T. ) ;
#4507 = CARTESIAN_POINT ( 'NONE',  ( 129.2153933622612954, 230.6424173721050010, 19.00000000000000355 ) ) ;
#4508 = CARTESIAN_POINT ( 'NONE',  ( 111.1360058689507753, 8.868675153134498501, 20.32974669519672517 ) ) ;
#4509 = ORIENTED_EDGE ( 'NONE', *, *, #3821, .T. ) ;
#4510 = CARTESIAN_POINT ( 'NONE',  ( 121.9999999999999716, 227.0000000000000284, 0.000000000000000000 ) ) ;
#4511 = CARTESIAN_POINT ( 'NONE',  ( 126.4610830901342950, 234.1509180167703335, 0.000000000000000000 ) ) ;
#4512 = CARTESIAN_POINT ( 'NONE',  ( 128.8438665037279236, 231.4213445121177415, 19.00000000000000355 ) ) ;
#4513 = EDGE_CURVE ( 'NONE', #2690, #1054, #3459, .T. ) ;
#4514 = EDGE_CURVE ( 'NONE', #2411, #1204, #2527, .T. ) ;
#4515 = CARTESIAN_POINT ( 'NONE',  ( 2.713902667958502768, 233.2746423833583265, 79.00000000000000000 ) ) ;
#4516 = CARTESIAN_POINT ( 'NONE',  ( 15.99993280383154470, 227.0327892387847726, 78.81445915522107271 ) ) ;
#4517 = CARTESIAN_POINT ( 'NONE',  ( 15.91181834215129776, 228.1845381044096541, 78.83001074771350147 ) ) ;
#4518 =( BOUNDED_SURFACE ( )  B_SPLINE_SURFACE ( 3, 2, ( 
 ( #3321, #1188, #3624 ),
 ( #1904, #1120, #1835 ),
 ( #1098, #2523, #3941 ),
 ( #4016, #3274, #1486 ),
 ( #1167, #2923, #2282 ),
 ( #3362, #3057, #1924 ),
 ( #4060, #3386, #4418 ),
 ( #2352, #2020, #2376 ),
 ( #512, #3009, #3454 ),
 ( #599, #1209, #164 ),
 ( #2711, #248, #2328 ),
 ( #3715, #4439, #1648 ),
 ( #1669, #209, #3734 ),
 ( #2638, #1627, #857 ),
 ( #1578, #1996, #1946 ),
 ( #1234, #2668, #4085 ),
 ( #4155, #4485, #3803 ),
 ( #2735, #955, #535 ),
 ( #884, #1301, #2301 ),
 ( #187, #4107, #1602 ),
 ( #907, #3039, #3412 ),
 ( #4468, #1253, #2688 ),
 ( #3755, #555, #1972 ),
 ( #1277, #4130, #927 ),
 ( #3782, #3077, #576 ),
 ( #3434, #229, #4507 ),
 ( #3480, #273, #3501 ),
 ( #2828, #4229, #4562 ),
 ( #3194, #2785, #617 ),
 ( #4273, #4613, #2449 ),
 ( #2759, #299, #1713 ),
 ( #2401, #2491, #2043 ),
 ( #1392, #1688, #4176 ),
 ( #347, #3173, #686 ),
 ( #708, #3869, #1350 ),
 ( #3823, #1025, #4584 ),
 ( #1046, #3148, #4 ),
 ( #666, #3123, #2111 ),
 ( #4202, #2471, #2133 ),
 ( #1372, #1000, #2422 ),
 ( #2092, #3914, #4536 ),
 ( #3848, #2808, #4249 ) ),
 .UNSPECIFIED., .F., .F., .T. ) 
 B_SPLINE_SURFACE_WITH_KNOTS ( ( 4, 2, 2, 2, 2, 2, 2, 2, 2, 2, 2, 2, 2, 2, 2, 2, 2, 2, 2, 2, 4 ),
 ( 3, 3 ),
 ( 0.000000000000000000, 0.0009373170103236333440, 0.001874634020647266688, 0.002811951030970899924, 0.003749268041294533376, 0.004686585051618166395, 0.005623902061941799847, 0.006092560567103616140, 0.006561219072265433300, 0.007498536082589066752, 0.007967194587750883045, 0.008435853092912700205, 0.009373170103236332790, 0.01031048711355996711, 0.01124780412388359969, 0.01218512113420723228, 0.01265377963936904944, 0.01288810889194995715, 0.01312243814453086660, 0.01405975515485450092, 0.01499707216517813350 ),
 ( 0.000000000000000000, 1.000000000000000000 ),
 .UNSPECIFIED. ) 
 GEOMETRIC_REPRESENTATION_ITEM ( )  RATIONAL_B_SPLINE_SURFACE ( (
 ( 1.000000000000000000, 0.7071067811865376918, 1.000000000000000000),
 ( 1.000000000000000000, 0.7071067811865376918, 1.000000000000000000),
 ( 1.000000000000000000, 0.7071067811865574537, 1.000000000000000000),
 ( 1.000000000000000000, 0.7071067811865574537, 1.000000000000000000),
 ( 1.000000000000000000, 0.7071067811865600072, 1.000000000000000000),
 ( 1.000000000000000000, 0.7071067811865600072, 1.000000000000000000),
 ( 1.000000000000000000, 0.7071067811865481278, 1.000000000000000000),
 ( 1.000000000000000000, 0.7071067811865481278, 1.000000000000000000),
 ( 1.000000000000000000, 0.7071067811865484609, 1.000000000000000000),
 ( 1.000000000000000000, 0.7071067811865484609, 1.000000000000000000),
 ( 1.000000000000000000, 0.7071067811865475727, 1.000000000000000000),
 ( 1.000000000000000000, 0.7071067811865475727, 1.000000000000000000),
 ( 1.000000000000000000, 0.7071067811865564545, 1.000000000000000000),
 ( 1.000000000000000000, 0.7071067811865564545, 1.000000000000000000),
 ( 1.000000000000000000, 0.7071067811865475727, 1.000000000000000000),
 ( 1.000000000000000000, 0.7071067811865475727, 1.000000000000000000),
 ( 1.000000000000000000, 0.7071067811865393571, 1.000000000000000000),
 ( 1.000000000000000000, 0.7071067811865393571, 1.000000000000000000),
 ( 1.000000000000000000, 0.7071067811865475727, 1.000000000000000000),
 ( 1.000000000000000000, 0.7071067811865475727, 1.000000000000000000),
 ( 1.000000000000000000, 0.7071067811865500152, 1.000000000000000000),
 ( 1.000000000000000000, 0.7071067811865500152, 1.000000000000000000),
 ( 1.000000000000000000, 0.7071067811865420216, 1.000000000000000000),
 ( 1.000000000000000000, 0.7071067811865420216, 1.000000000000000000),
 ( 1.000000000000000000, 0.7071067811865475727, 1.000000000000000000),
 ( 1.000000000000000000, 0.7071067811865475727, 1.000000000000000000),
 ( 1.000000000000000000, 0.7071067811865475727, 1.000000000000000000),
 ( 1.000000000000000000, 0.7071067811865475727, 1.000000000000000000),
 ( 1.000000000000000000, 0.7071067811865475727, 1.000000000000000000),
 ( 1.000000000000000000, 0.7071067811865475727, 1.000000000000000000),
 ( 1.000000000000000000, 0.7071067811865475727, 1.000000000000000000),
 ( 1.000000000000000000, 0.7071067811865475727, 1.000000000000000000),
 ( 1.000000000000000000, 0.7071067811865466846, 1.000000000000000000),
 ( 1.000000000000000000, 0.7071067811865466846, 1.000000000000000000),
 ( 1.000000000000000000, 0.7071067811865467956, 1.000000000000000000),
 ( 1.000000000000000000, 0.7071067811865467956, 1.000000000000000000),
 ( 1.000000000000000000, 0.7071067811865481278, 1.000000000000000000),
 ( 1.000000000000000000, 0.7071067811865481278, 1.000000000000000000),
 ( 1.000000000000000000, 0.7071067811865523467, 1.000000000000000000),
 ( 1.000000000000000000, 0.7071067811865523467, 1.000000000000000000),
 ( 1.000000000000000000, 0.7071067811865475727, 1.000000000000000000),
 ( 1.000000000000000000, 0.7071067811865475727, 1.000000000000000000) ) ) 
 REPRESENTATION_ITEM ( '' )  SURFACE ( )  );
#4519 = VECTOR ( 'NONE', #2908, 1000.000000000000000 ) ;
#4520 = CONICAL_SURFACE ( 'NONE', #2496, 2.099999999999990763, 0.7853981633974822518 ) ;
#4521 = VERTEX_POINT ( 'NONE', #1631 ) ;
#4522 = CONICAL_SURFACE ( 'NONE', #49, 2.099999999999996980, 0.7853981633974793652 ) ;
#4523 = VECTOR ( 'NONE', #1682, 1000.000000000000000 ) ;
#4524 = ORIENTED_EDGE ( 'NONE', *, *, #2510, .T. ) ;
#4525 = AXIS2_PLACEMENT_3D ( 'NONE', #3248, #3320, #58 ) ;
#4526 = AXIS2_PLACEMENT_3D ( 'NONE', #3488, #1400, #284 ) ;
#4527 = CARTESIAN_POINT ( 'NONE',  ( 5.639621531058634396, 233.5918595310255057, 80.00000000000000000 ) ) ;
#4528 = CARTESIAN_POINT ( 'NONE',  ( 2.468626182792883483, 1.937665616085076703, 79.99999999999781153 ) ) ;
#4529 = TOROIDAL_SURFACE ( 'NONE', #2438, 9.000000000000001776, 1.000000000000000000 ) ;
#4530 = CARTESIAN_POINT ( 'NONE',  ( 129.9981604560531423, 9.363321097235427715, 19.00000000000000355 ) ) ;
#4531 = ORIENTED_EDGE ( 'NONE', *, *, #590, .T. ) ;
#4532 = CARTESIAN_POINT ( 'NONE',  ( -7.486278236559565725E-10, 225.3191524830894252, 80.00000000000001421 ) ) ;
#4533 = CYLINDRICAL_SURFACE ( 'NONE', #1260, 2.099999999999996980 ) ;
#4534 = CARTESIAN_POINT ( 'NONE',  ( 14.66102724424712278, 224.4220655865638037, 79.89068498548098773 ) ) ;
#4535 = DIRECTION ( 'NONE',  ( -1.000000000000000000, 0.000000000000000000, 0.000000000000000000 ) ) ;
#4536 = CARTESIAN_POINT ( 'NONE',  ( 130.0000000000000000, 225.3192602497082930, 19.00000000000000355 ) ) ;
#4537 = CARTESIAN_POINT ( 'NONE',  ( 112.8361170154885542, 9.839612564007166995, 19.52909298314702369 ) ) ;
#4538 = VERTEX_POINT ( 'NONE', #2332 ) ;
#4539 = CARTESIAN_POINT ( 'NONE',  ( 111.2659421552054368, 226.0800016897259468, 21.67391296620078478 ) ) ;
#4540 = CARTESIAN_POINT ( 'NONE',  ( 127.2967022795750722, 1.733361539830667208, 19.00000000000000355 ) ) ;
#4541 = ADVANCED_FACE ( 'NONE', ( #1305 ), #1608, .T. ) ;
#4542 = DIRECTION ( 'NONE',  ( -1.000000000000000000, 0.000000000000000000, 0.000000000000000000 ) ) ;
#4543 = CYLINDRICAL_SURFACE ( 'NONE', #2627, 11.09999999999999787 ) ;
#4544 = CARTESIAN_POINT ( 'NONE',  ( 123.1945205852399710, 0.1192159775135174793, 0.000000000000000000 ) ) ;
#4545 = DIRECTION ( 'NONE',  ( 1.298723457950550903E-16, -1.000000000000000000, -0.000000000000000000 ) ) ;
#4546 = ORIENTED_EDGE ( 'NONE', *, *, #2056, .F. ) ;
#4547 = CARTESIAN_POINT ( 'NONE',  ( 3.557376253245100539, 234.1585589798977480, 0.000000000000000000 ) ) ;
#4548 = ORIENTED_EDGE ( 'NONE', *, *, #1901, .F. ) ;
#4549 = EDGE_CURVE ( 'NONE', #4464, #1315, #4064, .T. ) ;
#4550 = CARTESIAN_POINT ( 'NONE',  ( 13.18189010370237924, 234.0000000000000284, 70.00000000000000000 ) ) ;
#4551 = ORIENTED_EDGE ( 'NONE', *, *, #1110, .F. ) ;
#4552 = CARTESIAN_POINT ( 'NONE',  ( 1.333643391213595875, 229.0661342086050354, 79.99999999999998579 ) ) ;
#4553 = CARTESIAN_POINT ( 'NONE',  ( 1.265312008077209782, 3.383447371481850929, 79.00000000000000000 ) ) ;
#4554 = CARTESIAN_POINT ( 'NONE',  ( 15.82712022485210568, 9.755789180406635452, 78.84559776343724025 ) ) ;
#4555 = EDGE_CURVE ( 'NONE', #1199, #357, #2359, .T. ) ;
#4556 = CARTESIAN_POINT ( 'NONE',  ( 129.9875119613598997, 8.721540560421859212, 19.00000000000000355 ) ) ;
#4557 = ORIENTED_EDGE ( 'NONE', *, *, #2778, .T. ) ;
#4558 = DIRECTION ( 'NONE',  ( -0.000000000000000000, -0.000000000000000000, -1.000000000000000000 ) ) ;
#4559 = LINE ( 'NONE', #1296, #4173 ) ;
#4560 = AXIS2_PLACEMENT_3D ( 'NONE', #3238, #2826, #3569 ) ;
#4561 = VECTOR ( 'NONE', #343, 1000.000000000000114 ) ;
#4562 = CARTESIAN_POINT ( 'NONE',  ( 129.5558047104851482, 229.6296763815082045, 18.99999999999780442 ) ) ;
#4563 = CARTESIAN_POINT ( 'NONE',  ( 112.0255032753095321, 7.955532082010755346, 21.20887554572885847 ) ) ;
#4564 = EDGE_LOOP ( 'NONE', ( #4628, #1690, #633, #2006 ) ) ;
#4565 = CARTESIAN_POINT ( 'NONE',  ( 8.000000000000015987, 117.5000000000000142, 79.00000000000000000 ) ) ;
#4566 = CARTESIAN_POINT ( 'NONE',  ( 0.1798539532073636926, 228.4725109787561337, 79.00000000000000000 ) ) ;
#4567 = FACE_OUTER_BOUND ( 'NONE', #1035, .T. ) ;
#4568 = DIRECTION ( 'NONE',  ( -1.000000000000000000, 0.000000000000000000, -0.000000000000000000 ) ) ;
#4569 = CARTESIAN_POINT ( 'NONE',  ( 8.650978987852136370, 234.9999999999999716, 0.000000000000000000 ) ) ;
#4570 = ORIENTED_EDGE ( 'NONE', *, *, #3342, .T. ) ;
#4571 = ADVANCED_FACE ( 'NONE', ( #889 ), #3738, .F. ) ;
#4572 = PLANE ( 'NONE',  #4119 ) ;
#4573 = EDGE_LOOP ( 'NONE', ( #2970, #1841, #1014, #693 ) ) ;
#4574 = DIRECTION ( 'NONE',  ( -0.5221538596385295605, 0.000000000000000000, -0.8528513040762656372 ) ) ;
#4575 = VECTOR ( 'NONE', #3974, 1000.000000000000000 ) ;
#4576 = DIRECTION ( 'NONE',  ( 9.505334114941407284E-17, -1.000000000000000000, 0.000000000000000000 ) ) ;
#4577 = EDGE_CURVE ( 'NONE', #3491, #3079, #911, .T. ) ;
#4578 = CARTESIAN_POINT ( 'NONE',  ( 128.5928141254533728, 5.643055986298221249, 20.00000000000000355 ) ) ;
#4579 = VERTEX_POINT ( 'NONE', #3786 ) ;
#4580 = CARTESIAN_POINT ( 'NONE',  ( 0.000000000000000000, 172.2500000000000000, 40.39999999999999858 ) ) ;
#4581 = CARTESIAN_POINT ( 'NONE',  ( 15.86707013681323453, 227.2757368565838760, 79.32134721222222140 ) ) ;
#4582 = CARTESIAN_POINT ( 'NONE',  ( 9.680847516906908368, -7.486280405080204018E-10, 80.00000000000001421 ) ) ;
#4583 = APPLICATION_PROTOCOL_DEFINITION ( 'draft international standard', 'automotive_design', 1998, #865 ) ;
#4584 = CARTESIAN_POINT ( 'NONE',  ( 129.9508994815417395, 227.1117364476066314, 19.00000000000000355 ) ) ;
#4585 = CARTESIAN_POINT ( 'NONE',  ( 110.7070495323311121, 8.699242932890834723, 20.61863565516108920 ) ) ;
#4586 = ORIENTED_EDGE ( 'NONE', *, *, #4452, .F. ) ;
#4587 = CARTESIAN_POINT ( 'NONE',  ( 114.7740776777193048, 223.3494753316629442, 20.16936080678434706 ) ) ;
#4588 = CARTESIAN_POINT ( 'NONE',  ( 127.5638596240809335, 1.956821431279490042, 19.00000000000000711 ) ) ;
#4589 = CARTESIAN_POINT ( 'NONE',  ( 8.000000000000021316, 62.75000000000000000, 38.90000000000000568 ) ) ;
#4590 = CARTESIAN_POINT ( 'NONE',  ( 15.27874667329884595, 223.6711988184439406, 78.92190256540806104 ) ) ;
#4591 = CARTESIAN_POINT ( 'NONE',  ( 122.0000000000000000, 8.000000000000000000, 15.00000000000000000 ) ) ;
#4592 = CARTESIAN_POINT ( 'NONE',  ( 2.204363725016899700, 232.8109511094755248, 79.00000000000000000 ) ) ;
#4593 = ORIENTED_EDGE ( 'NONE', *, *, #3541, .T. ) ;
#4594 = AXIS2_PLACEMENT_3D ( 'NONE', #1976, #3415, #212 ) ;
#4595 = ORIENTED_EDGE ( 'NONE', *, *, #998, .F. ) ;
#4596 = CARTESIAN_POINT ( 'NONE',  ( 16.00000000000001421, 227.0000000000000284, 78.63776991220389334 ) ) ;
#4597 = AXIS2_PLACEMENT_3D ( 'NONE', #2626, #3281, #743 ) ;
#4598 = VECTOR ( 'NONE', #3578, 1000.000000000000000 ) ;
#4599 = ADVANCED_FACE ( 'NONE', ( #2642 ), #4529, .T. ) ;
#4600 = CARTESIAN_POINT ( 'NONE',  ( 11.48577903207999995, 14.62564710808618784, 79.91218874784811987 ) ) ;
#4601 = AXIS2_PLACEMENT_3D ( 'NONE', #320, #2490, #3 ) ;
#4602 = VECTOR ( 'NONE', #1198, 1000.000000000000000 ) ;
#4603 = CARTESIAN_POINT ( 'NONE',  ( 129.6441789150864281, 5.721161842275330756, 19.00000000000216716 ) ) ;
#4604 = ORIENTED_EDGE ( 'NONE', *, *, #3290, .F. ) ;
#4605 = DIRECTION ( 'NONE',  ( 0.000000000000000000, 0.000000000000000000, 1.000000000000000000 ) ) ;
#4606 = CARTESIAN_POINT ( 'NONE',  ( 122.0000000000000000, 8.000000000000000000, 18.63730669589464384 ) ) ;
#4607 = EDGE_CURVE ( 'NONE', #1315, #2722, #2958, .T. ) ;
#4608 = EDGE_CURVE ( 'NONE', #1367, #224, #1950, .T. ) ;
#4609 = DIRECTION ( 'NONE',  ( 9.505334114941407284E-17, -1.000000000000000000, 0.000000000000000000 ) ) ;
#4610 = CIRCLE ( 'NONE', #3555, 1.000000000000000888 ) ;
#4611 = B_SPLINE_CURVE_WITH_KNOTS ( 'NONE', 3,
 ( #4516, #3368, #4116, #3393, #3762, #3531, #4590, #1397, #1766, #3854, #327, #2497 ),
 .UNSPECIFIED., .F., .F.,
 ( 4, 2, 2, 2, 2, 4 ),
 ( -3.277059727367979378E-05, 0.001463150786500513889, 0.002959072170274707619, 0.003707032862161804051, 0.004454993554048901350, 0.005950914937823092478 ),
 .UNSPECIFIED. ) ;
#4612 = CARTESIAN_POINT ( 'NONE',  ( 116.8181098962976421, 227.0000000000000284, 20.00000000000000355 ) ) ;
#4613 = CARTESIAN_POINT ( 'NONE',  ( 129.7797622938277868, 228.6155953378938648, 20.00000000000000355 ) ) ;
#4614 = CARTESIAN_POINT ( 'NONE',  ( 129.6728229937953643, 229.1297953748492944, 19.00000000000000355 ) ) ;
#4615 = VERTEX_POINT ( 'NONE', #3720 ) ;
#4616 = CARTESIAN_POINT ( 'NONE',  ( 8.400002776266568105, 234.9795540317036853, 79.00000000000000000 ) ) ;
#4617 = EDGE_CURVE ( 'NONE', #419, #3897, #4140, .T. ) ;
#4618 = DIRECTION ( 'NONE',  ( 1.000000000000000000, 1.298723457950550903E-16, -0.000000000000000000 ) ) ;
#4619 = DIRECTION ( 'NONE',  ( -0.000000000000000000, -0.000000000000000000, 1.000000000000000000 ) ) ;
#4620 = LINE ( 'NONE', #1398, #2320 ) ;
#4621 = ORIENTED_EDGE ( 'NONE', *, *, #784, .F. ) ;
#4622 = CARTESIAN_POINT ( 'NONE',  ( 10.00000000000000000, -2.276824562219559311E-16, 0.000000000000000000 ) ) ;
#4623 = ORIENTED_EDGE ( 'NONE', *, *, #1774, .T. ) ;
#4624 = CARTESIAN_POINT ( 'NONE',  ( 108.2877925537433867, 8.000000000000005329, 22.24793117133443232 ) ) ;
#4625 = DIRECTION ( 'NONE',  ( -9.505334114941407284E-17, 1.000000000000000000, 1.267377881992187638E-16 ) ) ;
#4626 = ADVANCED_FACE ( 'NONE', ( #1029 ), #712, .F. ) ;
#4627 = CARTESIAN_POINT ( 'NONE',  ( 125.3078021310333412, 0.6578354625347563323, 20.00000000000275335 ) ) ;
#4628 = ORIENTED_EDGE ( 'NONE', *, *, #1472, .T. ) ;
ENDSEC;
END-ISO-10303-21;
