ISO-10303-21;
HEADER;
FILE_DESCRIPTION (( 'STEP AP214' ),
    '1' );
FILE_NAME ('Control Box 2.STEP',
    '2026-02-03T07:47:02',
    ( '' ),
    ( '' ),
    'SwSTEP 2.0',
    'SolidWorks 2025',
    '' );
FILE_SCHEMA (( 'AUTOMOTIVE_DESIGN' ));
ENDSEC;

DATA;
#1 = EDGE_CURVE ( 'NONE', #1588, #7363, #1152, .T. ) ;
#2 = LINE ( 'NONE', #2743, #5549 ) ;
#3 = VECTOR ( 'NONE', #7377, 1000.000000000000000 ) ;
#4 = LINE ( 'NONE', #1785, #5384 ) ;
#6 = ORIENTED_EDGE ( 'NONE', *, *, #10472, .T. ) ;
#5 = DIRECTION ( 'NONE',  ( 0.000000000000000000, 0.000000000000000000, -1.000000000000000000 ) ) ;
#7 = CARTESIAN_POINT ( 'NONE',  ( 9.666678859883608865, 92.56061166823823783, -91.50000000000000000 ) ) ;
#8 = LINE ( 'NONE', #11661, #11617 ) ;
#9 = FACE_OUTER_BOUND ( 'NONE', #7083, .T. ) ;
#10 = ORIENTED_EDGE ( 'NONE', *, *, #6455, .F. ) ;
#11 = DIRECTION ( 'NONE',  ( 0.000000000000000000, 0.000000000000000000, 1.000000000000000000 ) ) ;
#12 = ORIENTED_EDGE ( 'NONE', *, *, #7360, .F. ) ;
#13 = CARTESIAN_POINT ( 'NONE',  ( 12.99999999999998757, 119.5000000000000284, -91.50000000000000000 ) ) ;
#14 = AXIS2_PLACEMENT_3D ( 'NONE', #7110, #8774, #11467 ) ;
#15 = ADVANCED_FACE ( 'NONE', ( #739 ), #7395, .F. ) ;
#16 = ORIENTED_EDGE ( 'NONE', *, *, #6555, .F. ) ;
#17 = CARTESIAN_POINT ( 'NONE',  ( 8.000000000000000000, 135.9280050152813999, -92.68255645757714944 ) ) ;
#18 = EDGE_CURVE ( 'NONE', #1195, #10457, #11028, .T. ) ;
#19 = FACE_OUTER_BOUND ( 'NONE', #344, .T. ) ;
#20 = VECTOR ( 'NONE', #4434, 1000.000000000000000 ) ;
#21 = DIRECTION ( 'NONE',  ( 0.000000000000000000, 1.000000000000000000, -0.000000000000000000 ) ) ;
#22 = DIRECTION ( 'NONE',  ( -2.434699615406045218E-16, 0.000000000000000000, -1.000000000000000000 ) ) ;
#23 = CARTESIAN_POINT ( 'NONE',  ( 0.000000000000000000, 7.979415714894989776E-15, -91.50000000000001421 ) ) ;
#24 = LINE ( 'NONE', #9170, #3781 ) ;
#25 = ORIENTED_EDGE ( 'NONE', *, *, #11268, .F. ) ;
#26 = ADVANCED_FACE ( 'NONE', ( #9947 ), #4375, .F. ) ;
#27 = VERTEX_POINT ( 'NONE', #9884 ) ;
#28 = ORIENTED_EDGE ( 'NONE', *, *, #5608, .T. ) ;
#29 = CARTESIAN_POINT ( 'NONE',  ( 4.750000000000000000, 10.00000000000000000, 0.000000000000000000 ) ) ;
#30 = DIRECTION ( 'NONE',  ( 0.000000000000000000, -0.000000000000000000, -1.000000000000000000 ) ) ;
#31 = ORIENTED_EDGE ( 'NONE', *, *, #2237, .F. ) ;
#32 = DIRECTION ( 'NONE',  ( 0.000000000000000000, 1.000000000000000000, 0.000000000000000000 ) ) ;
#33 = CIRCLE ( 'NONE', #3642, 0.8890000000000009006 ) ;
#34 = CARTESIAN_POINT ( 'NONE',  ( 5.839999999999999858, 203.4716895539514780, -16.56888136388648292 ) ) ;
#35 = ORIENTED_EDGE ( 'NONE', *, *, #5396, .T. ) ;
#36 = DIRECTION ( 'NONE',  ( -1.000000000000000000, -0.000000000000000000, -0.000000000000000000 ) ) ;
#37 = CARTESIAN_POINT ( 'NONE',  ( 13.00000000000001066, 35.07313939997077767, -112.9800000000000040 ) ) ;
#38 = CARTESIAN_POINT ( 'NONE',  ( 8.000000000000000000, 0.000000000000000000, 0.000000000000000000 ) ) ;
#39 = VERTEX_POINT ( 'NONE', #2717 ) ;
#40 = EDGE_CURVE ( 'NONE', #5501, #7020, #6892, .T. ) ;
#41 = CARTESIAN_POINT ( 'NONE',  ( 16.00000000000000000, 102.9080050152813897, -41.50155645757715206 ) ) ;
#42 = CARTESIAN_POINT ( 'NONE',  ( 13.00000000000000178, 226.9999999999999716, -38.49999999999999289 ) ) ;
#43 = ORIENTED_EDGE ( 'NONE', *, *, #2453, .F. ) ;
#44 = EDGE_LOOP ( 'NONE', ( #6732, #8109 ) ) ;
#45 = CARTESIAN_POINT ( 'NONE',  ( 13.00000000000001421, 188.5000000000000000, -8.000000000000001776 ) ) ;
#46 = AXIS2_PLACEMENT_3D ( 'NONE', #977, #8332, #5642 ) ;
#47 = ORIENTED_EDGE ( 'NONE', *, *, #11055, .F. ) ;
#48 = CARTESIAN_POINT ( 'NONE',  ( 24.00000000000000000, 38.96535714123271532, -129.7694394905772128 ) ) ;
#49 = PLANE ( 'NONE',  #4502 ) ;
#50 = CARTESIAN_POINT ( 'NONE',  ( 0.000000000000000000, 8.496496751003460758E-15, -67.00000000000001421 ) ) ;
#51 = VERTEX_POINT ( 'NONE', #1692 ) ;
#52 = CARTESIAN_POINT ( 'NONE',  ( 8.000000000000000000, 130.8480050152814158, -40.61255645757714916 ) ) ;
#53 = EDGE_CURVE ( 'NONE', #3104, #11415, #798, .T. ) ;
#54 = EDGE_CURVE ( 'NONE', #5649, #5971, #11747, .T. ) ;
#55 = CARTESIAN_POINT ( 'NONE',  ( 7.990000000000000213, 17.99999999999998934, -52.50000000000003553 ) ) ;
#56 = ORIENTED_EDGE ( 'NONE', *, *, #1673, .T. ) ;
#57 = DIRECTION ( 'NONE',  ( 0.000000000000000000, 0.000000000000000000, 1.000000000000000000 ) ) ;
#58 = ORIENTED_EDGE ( 'NONE', *, *, #3184, .F. ) ;
#59 = DIRECTION ( 'NONE',  ( -1.000000000000000000, -0.000000000000000000, -0.000000000000000000 ) ) ;
#60 = VERTEX_POINT ( 'NONE', #7570 ) ;
#61 = VECTOR ( 'NONE', #5523, 1000.000000000000114 ) ;
#62 = CARTESIAN_POINT ( 'NONE',  ( 12.99999999999998046, 61.20265867154897421, -34.50000000000000711 ) ) ;
#64 = EDGE_LOOP ( 'NONE', ( #2785, #2577, #5155, #1794 ) ) ;
#63 = CARTESIAN_POINT ( 'NONE',  ( 11.00000000000000533, 59.13137752584119511, -112.3942135623731104 ) ) ;
#65 = PLANE ( 'NONE',  #430 ) ;
#66 = DIRECTION ( 'NONE',  ( 0.000000000000000000, 1.000000000000000000, 0.000000000000000000 ) ) ;
#67 = DIRECTION ( 'NONE',  ( -1.000000000000000000, 0.000000000000000000, 0.000000000000000000 ) ) ;
#68 = ORIENTED_EDGE ( 'NONE', *, *, #588, .T. ) ;
#69 = ADVANCED_FACE ( 'NONE', ( #10248 ), #11085, .F. ) ;
#70 = VECTOR ( 'NONE', #5737, 1000.000000000000114 ) ;
#71 = CARTESIAN_POINT ( 'NONE',  ( 13.00000000000001421, 78.99999999999998579, -8.000000000000001776 ) ) ;
#72 = ORIENTED_EDGE ( 'NONE', *, *, #3158, .T. ) ;
#73 = LINE ( 'NONE', #835, #3 ) ;
#74 = DIRECTION ( 'NONE',  ( 0.000000000000000000, -1.000000000000000000, 0.000000000000000000 ) ) ;
#75 = VECTOR ( 'NONE', #7093, 1000.000000000000000 ) ;
#76 = DIRECTION ( 'NONE',  ( -0.9396926207859106484, 4.188538737676914728E-17, -0.3420201433256624401 ) ) ;
#77 = CYLINDRICAL_SURFACE ( 'NONE', #1644, 2.750000000000002665 ) ;
#78 = DIRECTION ( 'NONE',  ( -1.000000000000000000, 0.000000000000000000, 2.434699615406045218E-16 ) ) ;
#79 = CARTESIAN_POINT ( 'NONE',  ( 5.839999999999999858, 154.4716895539514496, -76.34688136388649582 ) ) ;
#80 =( BOUNDED_CURVE ( )  B_SPLINE_CURVE ( 3, ( #7487, #63, #10101, #2027 ),
 .UNSPECIFIED., .F., .F. ) 
 B_SPLINE_CURVE_WITH_KNOTS ( ( 4, 4 ),
 ( 3.141592653589793116, 4.712388980384689674 ),
 .UNSPECIFIED. ) 
 CURVE ( )  GEOMETRIC_REPRESENTATION_ITEM ( )  RATIONAL_B_SPLINE_CURVE ( ( 1.000000000000000000, 0.8047378541243649375, 0.8047378541243649375, 1.000000000000000000 ) ) 
 REPRESENTATION_ITEM ( '' )  );
#81 = EDGE_CURVE ( 'NONE', #10726, #7941, #4960, .T. ) ;
#82 = PLANE ( 'NONE',  #9487 ) ;
#83 = CARTESIAN_POINT ( 'NONE',  ( 8.000000000000000000, 42.49999999999999289, -122.0000000000000000 ) ) ;
#84 = VERTEX_POINT ( 'NONE', #2119 ) ;
#85 = PLANE ( 'NONE',  #1389 ) ;
#86 = CARTESIAN_POINT ( 'NONE',  ( 0.000000000000000000, 0.04655870106444336132, -7.930236141644207315 ) ) ;
#87 = EDGE_LOOP ( 'NONE', ( #11308, #4820 ) ) ;
#88 = CARTESIAN_POINT ( 'NONE',  ( 0.000000000000000000, 117.5000000000000000, -1.880000000000015437 ) ) ;
#89 = DIRECTION ( 'NONE',  ( -1.000000000000000000, 0.000000000000000000, 0.000000000000000000 ) ) ;
#90 = ORIENTED_EDGE ( 'NONE', *, *, #4854, .T. ) ;
#91 = EDGE_CURVE ( 'NONE', #4968, #2096, #4018, .T. ) ;
#92 = AXIS2_PLACEMENT_3D ( 'NONE', #1741, #78, #6301 ) ;
#93 = AXIS2_PLACEMENT_3D ( 'NONE', #9442, #240, #11174 ) ;
#94 = DIRECTION ( 'NONE',  ( 0.000000000000000000, 0.000000000000000000, 1.000000000000000000 ) ) ;
#95 = DIRECTION ( 'NONE',  ( 0.000000000000000000, 1.000000000000000000, 1.267377881992188131E-16 ) ) ;
#96 = CARTESIAN_POINT ( 'NONE',  ( 16.00000000000000000, 52.04649087341079650, -130.0000000000000000 ) ) ;
#97 = CARTESIAN_POINT ( 'NONE',  ( 22.50000000000002842, 57.67573221220188628, -119.1849687610681769 ) ) ;
#98 = ORIENTED_EDGE ( 'NONE', *, *, #3434, .T. ) ;
#99 = VERTEX_POINT ( 'NONE', #214 ) ;
#100 = DIRECTION ( 'NONE',  ( 1.000000000000000000, -0.000000000000000000, -0.000000000000000000 ) ) ;
#101 = VECTOR ( 'NONE', #11243, 1000.000000000000000 ) ;
#102 = CIRCLE ( 'NONE', #1048, 8.500000000000035527 ) ;
#103 = ORIENTED_EDGE ( 'NONE', *, *, #10732, .F. ) ;
#104 = EDGE_CURVE ( 'NONE', #10080, #1899, #11656, .T. ) ;
#105 = CARTESIAN_POINT ( 'NONE',  ( 8.000000000000000000, 0.000000000000000000, 0.000000000000000000 ) ) ;
#106 = DIRECTION ( 'NONE',  ( -0.000000000000000000, 1.000000000000000000, 1.267377881992188131E-16 ) ) ;
#107 = ORIENTED_EDGE ( 'NONE', *, *, #4558, .F. ) ;
#108 = CIRCLE ( 'NONE', #7179, 2.749999999999995559 ) ;
#109 = CARTESIAN_POINT ( 'NONE',  ( 14.86869354863676307, 62.73828822863980292, -106.4799999999999898 ) ) ;
#110 = DIRECTION ( 'NONE',  ( 1.000000000000000000, -0.000000000000000000, -0.000000000000000000 ) ) ;
#111 = DIRECTION ( 'NONE',  ( 1.217349807703022609E-16, 0.000000000000000000, 1.000000000000000000 ) ) ;
#112 = ORIENTED_EDGE ( 'NONE', *, *, #7181, .F. ) ;
#113 = CARTESIAN_POINT ( 'NONE',  ( 3.851859888774471706E-31, 8.000000000000000000, -8.000000000000028422 ) ) ;
#114 = ORIENTED_EDGE ( 'NONE', *, *, #6171, .T. ) ;
#115 = ADVANCED_FACE ( 'NONE', ( #8515 ), #328, .F. ) ;
#116 = ORIENTED_EDGE ( 'NONE', *, *, #4916, .F. ) ;
#117 = FACE_OUTER_BOUND ( 'NONE', #7032, .T. ) ;
#118 = ORIENTED_EDGE ( 'NONE', *, *, #1188, .T. ) ;
#119 = B_SPLINE_CURVE_WITH_KNOTS ( 'NONE', 3,
 ( #8829, #4270, #3378, #5002, #7050, #412 ),
 .UNSPECIFIED., .F., .F.,
 ( 4, 2, 4 ),
 ( 0.01424136364674953581, 0.01693725860870980843, 0.01963315357067008105 ),
 .UNSPECIFIED. ) ;
#120 = CONICAL_SURFACE ( 'NONE', #3735, 5.999999999999998224, 0.3490658503988610106 ) ;
#121 = ORIENTED_EDGE ( 'NONE', *, *, #1368, .T. ) ;
#122 = EDGE_CURVE ( 'NONE', #9019, #8916, #4914, .T. ) ;
#123 = EDGE_CURVE ( 'NONE', #5077, #4508, #1036, .T. ) ;
#125 = ORIENTED_EDGE ( 'NONE', *, *, #4141, .F. ) ;
#124 = CARTESIAN_POINT ( 'NONE',  ( 16.00000000000000000, 0.000000000000000000, 0.000000000000000000 ) ) ;
#126 = DIRECTION ( 'NONE',  ( 1.000000000000000000, -0.000000000000000000, -2.434699615406045218E-16 ) ) ;
#127 = CARTESIAN_POINT ( 'NONE',  ( 16.00000000000000000, 135.9280050152813999, -93.57155645757715945 ) ) ;
#128 = B_SPLINE_CURVE_WITH_KNOTS ( 'NONE', 3,
 ( #10707, #6105, #8022, #7131, #6048, #10585 ),
 .UNSPECIFIED., .F., .F.,
 ( 4, 2, 4 ),
 ( 2.284219790752956262E-07, 0.001936798730355002596, 0.003873369038730930126 ),
 .UNSPECIFIED. ) ;
#129 = DIRECTION ( 'NONE',  ( 0.000000000000000000, 0.000000000000000000, 1.000000000000000000 ) ) ;
#130 = ORIENTED_EDGE ( 'NONE', *, *, #81, .T. ) ;
#131 = CARTESIAN_POINT ( 'NONE',  ( 14.86869354863680570, 20.37152769304129762, -24.51360740926765658 ) ) ;
#132 = VERTEX_POINT ( 'NONE', #7460 ) ;
#133 = VECTOR ( 'NONE', #9090, 999.9999999999998863 ) ;
#134 = CARTESIAN_POINT ( 'NONE',  ( 13.00000000000000000, 152.0000000000000000, -72.73129996036276168 ) ) ;
#135 = ORIENTED_EDGE ( 'NONE', *, *, #122, .F. ) ;
#136 = PLANE ( 'NONE',  #1400 ) ;
#137 = AXIS2_PLACEMENT_3D ( 'NONE', #4195, #11283, #343 ) ;
#138 = EDGE_CURVE ( 'NONE', #3581, #8035, #1993, .T. ) ;
#139 = EDGE_CURVE ( 'NONE', #10182, #10459, #2948, .T. ) ;
#140 = VECTOR ( 'NONE', #7295, 1000.000000000000000 ) ;
#142 = ORIENTED_EDGE ( 'NONE', *, *, #8731, .T. ) ;
#141 = CARTESIAN_POINT ( 'NONE',  ( -0.000000000000000000, 8.033203287338357867, -129.9596956504969114 ) ) ;
#143 = CARTESIAN_POINT ( 'NONE',  ( 12.18987707538733112, 138.7355711015873396, -95.50000000000001421 ) ) ;
#144 = DIRECTION ( 'NONE',  ( 0.000000000000000000, 0.000000000000000000, 1.000000000000000000 ) ) ;
#145 = LINE ( 'NONE', #10118, #2963 ) ;
#146 = CYLINDRICAL_SURFACE ( 'NONE', #3177, 0.8890000000000009006 ) ;
#147 = LINE ( 'NONE', #11792, #724 ) ;
#148 = EDGE_LOOP ( 'NONE', ( #9899, #1354, #11521, #4815 ) ) ;
#149 = CARTESIAN_POINT ( 'NONE',  ( 16.00000000000000000, 130.8480050152814158, -40.61255645757714916 ) ) ;
#150 = ORIENTED_EDGE ( 'NONE', *, *, #2826, .F. ) ;
#151 = CARTESIAN_POINT ( 'NONE',  ( 16.00000000000000000, 102.9080050152813897, -41.50155645757715206 ) ) ;
#152 = AXIS2_PLACEMENT_3D ( 'NONE', #778, #6293, #9925 ) ;
#153 = EDGE_CURVE ( 'NONE', #9928, #3930, #2558, .T. ) ;
#154 = DIRECTION ( 'NONE',  ( -1.000000000000000000, -0.000000000000000000, -0.000000000000000000 ) ) ;
#155 = DIRECTION ( 'NONE',  ( 0.000000000000000000, 0.000000000000000000, 1.000000000000000000 ) ) ;
#156 = LINE ( 'NONE', #7284, #3882 ) ;
#157 = FACE_BOUND ( 'NONE', #8720, .T. ) ;
#158 = AXIS2_PLACEMENT_3D ( 'NONE', #8686, #11439, #5994 ) ;
#159 = ORIENTED_EDGE ( 'NONE', *, *, #2813, .F. ) ;
#160 = CARTESIAN_POINT ( 'NONE',  ( 8.000000000000000000, 33.25328822863979639, -111.3712958405723441 ) ) ;
#161 = AXIS2_PLACEMENT_3D ( 'NONE', #7683, #8632, #5089 ) ;
#162 = DIRECTION ( 'NONE',  ( -2.434699615406045218E-16, 0.000000000000000000, -1.000000000000000000 ) ) ;
#163 = VERTEX_POINT ( 'NONE', #2688 ) ;
#164 = ADVANCED_FACE ( 'NONE', ( #6215 ), #9851, .F. ) ;
#165 = EDGE_LOOP ( 'NONE', ( #6528, #3665 ) ) ;
#166 = DIRECTION ( 'NONE',  ( -1.000000000000000000, -0.000000000000000000, -0.000000000000000000 ) ) ;
#167 = EDGE_CURVE ( 'NONE', #5598, #10946, #9027, .T. ) ;
#168 = ORIENTED_EDGE ( 'NONE', *, *, #9420, .F. ) ;
#169 = AXIS2_PLACEMENT_3D ( 'NONE', #3288, #3536, #8028 ) ;
#170 = VECTOR ( 'NONE', #30, 1000.000000000000000 ) ;
#171 = VECTOR ( 'NONE', #8193, 1000.000000000000114 ) ;
#172 = LINE ( 'NONE', #2070, #3650 ) ;
#173 = CARTESIAN_POINT ( 'NONE',  ( 15.00000000000000355, 234.9514604994668616, -122.1001598129878118 ) ) ;
#174 = ORIENTED_EDGE ( 'NONE', *, *, #3346, .F. ) ;
#175 = DIRECTION ( 'NONE',  ( 0.000000000000000000, 0.000000000000000000, -1.000000000000000000 ) ) ;
#176 = CARTESIAN_POINT ( 'NONE',  ( 16.00000000000000000, 102.9080050152813897, -40.61255645757714916 ) ) ;
#177 = DIRECTION ( 'NONE',  ( -1.000000000000000000, 0.000000000000000000, 0.000000000000000000 ) ) ;
#178 = ORIENTED_EDGE ( 'NONE', *, *, #10563, .F. ) ;
#179 = CARTESIAN_POINT ( 'NONE',  ( 15.00000000000000178, 7.870706826047051408, -129.9495164012959947 ) ) ;
#180 = CIRCLE ( 'NONE', #6681, 8.000000000000007105 ) ;
#181 = EDGE_CURVE ( 'NONE', #4971, #5036, #1784, .T. ) ;
#182 = CONICAL_SURFACE ( 'NONE', #2270, 3.000000000000002665, 0.3490658503988593453 ) ;
#183 = ORIENTED_EDGE ( 'NONE', *, *, #11724, .F. ) ;
#184 = CARTESIAN_POINT ( 'NONE',  ( 13.00000000000001243, 152.0000000000000000, -14.73129996036276879 ) ) ;
#185 = ORIENTED_EDGE ( 'NONE', *, *, #9611, .F. ) ;
#186 = ORIENTED_EDGE ( 'NONE', *, *, #4097, .F. ) ;
#188 = VERTEX_POINT ( 'NONE', #9263 ) ;
#187 = DIRECTION ( 'NONE',  ( 0.000000000000000000, 0.000000000000000000, -1.000000000000000000 ) ) ;
#189 = EDGE_CURVE ( 'NONE', #8292, #8399, #2864, .T. ) ;
#190 = CARTESIAN_POINT ( 'NONE',  ( 8.000000000000000000, 46.50000000000000000, -107.4800000000000040 ) ) ;
#191 = DIRECTION ( 'NONE',  ( -1.000000000000000000, -0.000000000000000000, -0.000000000000000000 ) ) ;
#192 = AXIS2_PLACEMENT_3D ( 'NONE', #1336, #5893, #6066 ) ;
#193 = LINE ( 'NONE', #10107, #9265 ) ;
#194 = EDGE_LOOP ( 'NONE', ( #6625, #1232, #10425, #5428 ) ) ;
#195 = CARTESIAN_POINT ( 'NONE',  ( 15.00000000000000000, 7.931989494130944784, -0.04644721058050194779 ) ) ;
#196 = ORIENTED_EDGE ( 'NONE', *, *, #11707, .T. ) ;
#197 = CARTESIAN_POINT ( 'NONE',  ( 12.17585307141816919, 127.4682663581552760, -38.50000000000000711 ) ) ;
#198 = ADVANCED_FACE ( 'NONE', ( #6643 ), #5734, .T. ) ;
#199 = PLANE ( 'NONE',  #8489 ) ;
#200 = ORIENTED_EDGE ( 'NONE', *, *, #4939, .T. ) ;
#201 = DIRECTION ( 'NONE',  ( -1.000000000000000000, 0.000000000000000000, 0.000000000000000000 ) ) ;
#202 = LINE ( 'NONE', #10236, #6853 ) ;
#203 = AXIS2_PLACEMENT_3D ( 'NONE', #3997, #10516, #6990 ) ;
#204 = DIRECTION ( 'NONE',  ( 1.000000000000000000, 0.000000000000000000, 0.000000000000000000 ) ) ;
#205 = LINE ( 'NONE', #1262, #6852 ) ;
#206 = CARTESIAN_POINT ( 'NONE',  ( 0.000000000000000000, 7.979415714894989776E-15, -34.50000000000001421 ) ) ;
#207 = PLANE ( 'NONE',  #10643 ) ;
#208 = EDGE_CURVE ( 'NONE', #11369, #777, #8363, .T. ) ;
#209 = ORIENTED_EDGE ( 'NONE', *, *, #5566, .T. ) ;
#210 = CARTESIAN_POINT ( 'NONE',  ( 5.839999999999999858, 154.4716895539514496, -17.45788136388649292 ) ) ;
#211 = EDGE_CURVE ( 'NONE', #1284, #2729, #2800, .T. ) ;
#212 = EDGE_LOOP ( 'NONE', ( #896, #2308, #8078, #7497 ) ) ;
#213 = FACE_OUTER_BOUND ( 'NONE', #8447, .T. ) ;
#214 = CARTESIAN_POINT ( 'NONE',  ( 8.000000000000000000, 188.4999999999999432, -34.49999999999999289 ) ) ;
#215 = PLANE ( 'NONE',  #2891 ) ;
#216 = DIRECTION ( 'NONE',  ( 0.000000000000000000, 0.000000000000000000, 1.000000000000000000 ) ) ;
#217 = LINE ( 'NONE', #10132, #7812 ) ;
#218 = AXIS2_PLACEMENT_3D ( 'NONE', #1294, #7756, #9606 ) ;
#219 = VERTEX_POINT ( 'NONE', #9205 ) ;
#220 = EDGE_CURVE ( 'NONE', #9134, #8463, #2, .T. ) ;
#221 = CARTESIAN_POINT ( 'NONE',  ( 16.00000000000000000, 130.8480050152814158, -40.61255645757714916 ) ) ;
#222 = EDGE_LOOP ( 'NONE', ( #2146, #10814, #2393, #9339 ) ) ;
#223 = CARTESIAN_POINT ( 'NONE',  ( 12.99999999999998757, 218.9999999999999716, -122.0000000000000000 ) ) ;
#224 = ORIENTED_EDGE ( 'NONE', *, *, #7668, .F. ) ;
#225 = PLANE ( 'NONE',  #10411 ) ;
#226 = ORIENTED_EDGE ( 'NONE', *, *, #9835, .F. ) ;
#227 = AXIS2_PLACEMENT_3D ( 'NONE', #3907, #2055, #6680 ) ;
#228 = CARTESIAN_POINT ( 'NONE',  ( 14.99999999999999822, 229.1237723842988885, -129.6741622229972108 ) ) ;
#229 = EDGE_LOOP ( 'NONE', ( #4720, #4354, #4066, #8730 ) ) ;
#230 = DIRECTION ( 'NONE',  ( 0.000000000000000000, 0.000000000000000000, -1.000000000000000000 ) ) ;
#231 = CARTESIAN_POINT ( 'NONE',  ( 11.33726709442241720, 140.0520588921477270, -91.50000000000000000 ) ) ;
#232 = VERTEX_POINT ( 'NONE', #11112 ) ;
#233 = EDGE_CURVE ( 'NONE', #9220, #10620, #6584, .T. ) ;
#234 = DIRECTION ( 'NONE',  ( 1.000000000000000000, -0.000000000000000000, -0.000000000000000000 ) ) ;
#235 = ORIENTED_EDGE ( 'NONE', *, *, #1242, .F. ) ;
#236 = LINE ( 'NONE', #6812, #6181 ) ;
#238 = EDGE_LOOP ( 'NONE', ( #6326, #10787, #4387, #1438 ) ) ;
#237 = AXIS2_PLACEMENT_3D ( 'NONE', #9946, #3545, #2661 ) ;
#239 = ORIENTED_EDGE ( 'NONE', *, *, #8488, .T. ) ;
#240 = DIRECTION ( 'NONE',  ( -1.000000000000000000, -0.000000000000000000, -0.000000000000000000 ) ) ;
#241 = ORIENTED_EDGE ( 'NONE', *, *, #1094, .T. ) ;
#242 = CARTESIAN_POINT ( 'NONE',  ( 15.00000000000000000, 235.0000000000000000, 0.000000000000000000 ) ) ;
#243 = ORIENTED_EDGE ( 'NONE', *, *, #11012, .T. ) ;
#244 = FACE_OUTER_BOUND ( 'NONE', #11125, .T. ) ;
#245 = EDGE_CURVE ( 'NONE', #10842, #3753, #5745, .T. ) ;
#246 = CARTESIAN_POINT ( 'NONE',  ( 14.86869354863667247, 57.67573221220188628, -119.1849687610681769 ) ) ;
#247 = DIRECTION ( 'NONE',  ( 1.000000000000000000, -0.000000000000000000, -0.000000000000000000 ) ) ;
#248 = DIRECTION ( 'NONE',  ( 0.000000000000000000, 0.000000000000000000, 1.000000000000000000 ) ) ;
#249 = ORIENTED_EDGE ( 'NONE', *, *, #839, .T. ) ;
#250 = EDGE_CURVE ( 'NONE', #10604, #5205, #5673, .T. ) ;
#251 = CARTESIAN_POINT ( 'NONE',  ( 14.99999999999999822, 8.393628246401815929, -0.02297867386380211471 ) ) ;
#252 = ORIENTED_EDGE ( 'NONE', *, *, #8526, .F. ) ;
#253 = CARTESIAN_POINT ( 'NONE',  ( 8.000000000000000000, 119.4999999999999716, -95.50000000000000000 ) ) ;
#254 = DIRECTION ( 'NONE',  ( 0.000000000000000000, 0.000000000000000000, 1.000000000000000000 ) ) ;
#255 = AXIS2_PLACEMENT_3D ( 'NONE', #3754, #2867, #5612 ) ;
#256 = ORIENTED_EDGE ( 'NONE', *, *, #9018, .T. ) ;
#257 = CARTESIAN_POINT ( 'NONE',  ( -0.000000000000000000, 5.904355495546854016, -129.6803662604058900 ) ) ;
#258 = ADVANCED_FACE ( 'NONE', ( #10278 ), #7539, .F. ) ;
#259 = DIRECTION ( 'NONE',  ( -1.267377881992188131E-16, -1.000000000000000000, -1.267377881992188131E-16 ) ) ;
#260 = AXIS2_PLACEMENT_3D ( 'NONE', #9594, #1444, #7983 ) ;
#261 = CARTESIAN_POINT ( 'NONE',  ( -0.002000000000000265454, 15.74596669241484470, -10.00000000000001066 ) ) ;
#262 = LINE ( 'NONE', #3894, #3028 ) ;
#263 = FACE_OUTER_BOUND ( 'NONE', #2739, .T. ) ;
#264 = LINE ( 'NONE', #3005, #352 ) ;
#265 = ORIENTED_EDGE ( 'NONE', *, *, #7072, .F. ) ;
#266 = DIRECTION ( 'NONE',  ( 0.000000000000000000, 0.000000000000000000, 1.000000000000000000 ) ) ;
#267 = VERTEX_POINT ( 'NONE', #10036 ) ;
#268 = CARTESIAN_POINT ( 'NONE',  ( -0.7500000000000006661, 10.00000000000000000, -130.0000000000000000 ) ) ;
#269 = EDGE_CURVE ( 'NONE', #2588, #10091, #9151, .T. ) ;
#270 = FACE_OUTER_BOUND ( 'NONE', #11759, .T. ) ;
#271 = EDGE_LOOP ( 'NONE', ( #8689, #3239 ) ) ;
#272 = EDGE_CURVE ( 'NONE', #569, #1374, #9760, .T. ) ;
#273 = EDGE_CURVE ( 'NONE', #11123, #3581, #8783, .T. ) ;
#274 = LINE ( 'NONE', #3625, #9001 ) ;
#275 = CYLINDRICAL_SURFACE ( 'NONE', #7713, 6.120000000000000107 ) ;
#276 = AXIS2_PLACEMENT_3D ( 'NONE', #8518, #2121, #216 ) ;
#277 = CARTESIAN_POINT ( 'NONE',  ( 8.000000000000000000, 0.000000000000000000, 0.000000000000000000 ) ) ;
#278 = ORIENTED_EDGE ( 'NONE', *, *, #3751, .F. ) ;
#279 = DIRECTION ( 'NONE',  ( -1.000000000000000000, -0.000000000000000000, -0.000000000000000000 ) ) ;
#280 = CARTESIAN_POINT ( 'NONE',  ( 6.999999999999999112, 8.000000000000000000, -5.250000000000027534 ) ) ;
#281 = DIRECTION ( 'NONE',  ( 0.000000000000000000, 0.000000000000000000, -1.000000000000000000 ) ) ;
#282 = VECTOR ( 'NONE', #9158, 1000.000000000000000 ) ;
#283 = AXIS2_PLACEMENT_3D ( 'NONE', #7841, #3283, #3340 ) ;
#284 = VERTEX_POINT ( 'NONE', #3295 ) ;
#285 = ADVANCED_FACE ( 'NONE', ( #5154 ), #1562, .T. ) ;
#286 = CARTESIAN_POINT ( 'NONE',  ( 15.00000000000000355, 234.9467287771233259, -122.1699900473665110 ) ) ;
#287 = DIRECTION ( 'NONE',  ( -1.267377881992188131E-16, -1.000000000000000000, -1.267377881992188131E-16 ) ) ;
#288 = ORIENTED_EDGE ( 'NONE', *, *, #8854, .F. ) ;
#289 = CARTESIAN_POINT ( 'NONE',  ( 13.00000000000000888, 10.00000000000000711, -38.50000000000000711 ) ) ;
#290 = DIRECTION ( 'NONE',  ( 1.000000000000000000, 0.000000000000000000, 0.000000000000000000 ) ) ;
#291 = ORIENTED_EDGE ( 'NONE', *, *, #4331, .F. ) ;
#292 = LINE ( 'NONE', #5601, #10263 ) ;
#293 = ORIENTED_EDGE ( 'NONE', *, *, #11404, .T. ) ;
#294 = CARTESIAN_POINT ( 'NONE',  ( 13.00000000000000178, 226.9999999999999716, -91.49999999999998579 ) ) ;
#295 = VECTOR ( 'NONE', #4993, 1000.000000000000000 ) ;
#296 = LINE ( 'NONE', #2202, #8823 ) ;
#297 = EDGE_LOOP ( 'NONE', ( #688, #991, #8687, #6244 ) ) ;
#298 = CARTESIAN_POINT ( 'NONE',  ( 14.86869354863667247, 42.49999999999999289, -109.9800000000000040 ) ) ;
#299 = DIRECTION ( 'NONE',  ( 0.000000000000000000, 0.000000000000000000, 1.000000000000000000 ) ) ;
#300 = ORIENTED_EDGE ( 'NONE', *, *, #9637, .T. ) ;
#301 = CARTESIAN_POINT ( 'NONE',  ( -0.7500000000000006661, 228.3639610306789223, 1.301042606982605321E-15 ) ) ;
#302 = ORIENTED_EDGE ( 'NONE', *, *, #7914, .T. ) ;
#303 = EDGE_CURVE ( 'NONE', #3142, #5667, #2639, .T. ) ;
#304 = CARTESIAN_POINT ( 'NONE',  ( 8.000000000000000000, 91.34806008110659548, -95.50000000000000000 ) ) ;
#305 = DIRECTION ( 'NONE',  ( 0.000000000000000000, 1.000000000000000000, 1.267377881992188131E-16 ) ) ;
#306 = DIRECTION ( 'NONE',  ( 1.000000000000000000, -0.000000000000000000, -0.000000000000000000 ) ) ;
#307 = ORIENTED_EDGE ( 'NONE', *, *, #8882, .T. ) ;
#308 = PLANE ( 'NONE',  #10836 ) ;
#309 = ORIENTED_EDGE ( 'NONE', *, *, #2843, .T. ) ;
#310 = DIRECTION ( 'NONE',  ( 0.000000000000000000, 0.000000000000000000, 1.000000000000000000 ) ) ;
#311 = CARTESIAN_POINT ( 'NONE',  ( 56.31128874149275276, 30.73828822863979582, -58.48000000000001108 ) ) ;
#312 = ADVANCED_FACE ( 'NONE', ( #502, #614 ), #8750, .F. ) ;
#313 = ORIENTED_EDGE ( 'NONE', *, *, #1724, .F. ) ;
#314 = ADVANCED_FACE ( 'NONE', ( #2147 ), #11503, .T. ) ;
#316 = EDGE_LOOP ( 'NONE', ( #3119, #4879, #10414, #9008 ) ) ;
#315 = FACE_OUTER_BOUND ( 'NONE', #3224, .T. ) ;
#317 = CARTESIAN_POINT ( 'NONE',  ( 13.00000000000000178, 226.9999999999999716, -91.49999999999998579 ) ) ;
#318 = VECTOR ( 'NONE', #8709, 1000.000000000000000 ) ;
#319 = CARTESIAN_POINT ( 'NONE',  ( 12.00000000000000711, 58.76740729157500454, -111.9800000000000040 ) ) ;
#320 = CARTESIAN_POINT ( 'NONE',  ( 8.607220248174947130, 60.00227813266040044, -111.0091431560871058 ) ) ;
#321 = DIRECTION ( 'NONE',  ( -1.000000000000000000, 0.000000000000000000, 0.000000000000000000 ) ) ;
#322 = LINE ( 'NONE', #4964, #2643 ) ;
#323 = ORIENTED_EDGE ( 'NONE', *, *, #7541, .F. ) ;
#324 = CARTESIAN_POINT ( 'NONE',  ( 5.839999999999999858, 203.4716895539514780, -17.45788136388648581 ) ) ;
#325 = ORIENTED_EDGE ( 'NONE', *, *, #4374, .F. ) ;
#326 = ADVANCED_FACE ( 'NONE', ( #10546 ), #4133, .F. ) ;
#327 = AXIS2_PLACEMENT_3D ( 'NONE', #8257, #9992, #2580 ) ;
#328 = CYLINDRICAL_SURFACE ( 'NONE', #3071, 0.8890000000000009006 ) ;
#329 = CIRCLE ( 'NONE', #3345, 3.000000000000009770 ) ;
#330 = CARTESIAN_POINT ( 'NONE',  ( 16.00000000000000000, 154.4716895539514496, -75.45788136388650003 ) ) ;
#331 = ADVANCED_FACE ( 'NONE', ( #2412 ), #560, .F. ) ;
#332 = LINE ( 'NONE', #3965, #6843 ) ;
#333 = ORIENTED_EDGE ( 'NONE', *, *, #3698, .F. ) ;
#334 = CARTESIAN_POINT ( 'NONE',  ( 8.000000000000000000, 82.99999999999995737, -38.50000000000001421 ) ) ;
#335 = EDGE_CURVE ( 'NONE', #9275, #10543, #4245, .T. ) ;
#336 = AXIS2_PLACEMENT_3D ( 'NONE', #5134, #5252, #7066 ) ;
#337 = LINE ( 'NONE', #4603, #6207 ) ;
#338 = ORIENTED_EDGE ( 'NONE', *, *, #9763, .T. ) ;
#339 = CYLINDRICAL_SURFACE ( 'NONE', #3355, 0.8890000000000009006 ) ;
#340 = VECTOR ( 'NONE', #2097, 1000.000000000000000 ) ;
#341 = ORIENTED_EDGE ( 'NONE', *, *, #10403, .T. ) ;
#342 = CARTESIAN_POINT ( 'NONE',  ( 8.000000000000000000, 8.000000000000000000, -8.000000000000028422 ) ) ;
#343 = DIRECTION ( 'NONE',  ( 0.000000000000000000, 0.000000000000000000, 1.000000000000000000 ) ) ;
#344 = EDGE_LOOP ( 'NONE', ( #7687, #8751, #5854, #7245 ) ) ;
#345 = CARTESIAN_POINT ( 'NONE',  ( -0.000000000000000000, 226.8523284357890475, -0.03410132982979237337 ) ) ;
#346 = DIRECTION ( 'NONE',  ( 1.000000000000000000, -0.000000000000000000, -0.000000000000000000 ) ) ;
#347 = EDGE_CURVE ( 'NONE', #5772, #8913, #1514, .T. ) ;
#348 = ORIENTED_EDGE ( 'NONE', *, *, #9515, .F. ) ;
#349 = DIRECTION ( 'NONE',  ( 0.000000000000000000, 1.000000000000000000, 1.267377881992188131E-16 ) ) ;
#350 = ADVANCED_FACE ( 'NONE', ( #6967 ), #4001, .T. ) ;
#351 = DIRECTION ( 'NONE',  ( 0.000000000000000000, 0.000000000000000000, 1.000000000000000000 ) ) ;
#352 = VECTOR ( 'NONE', #5814, 1000.000000000000000 ) ;
#353 = CIRCLE ( 'NONE', #7030, 6.119999999999986784 ) ;
#354 = VECTOR ( 'NONE', #11118, 1000.000000000000000 ) ;
#355 = ORIENTED_EDGE ( 'NONE', *, *, #1992, .F. ) ;
#356 = CARTESIAN_POINT ( 'NONE',  ( 13.00000000000001243, 154.4716895539514496, -17.45788136388649292 ) ) ;
#357 = CARTESIAN_POINT ( 'NONE',  ( 16.00000000000000000, 30.73828822863979582, -55.48000000000000398 ) ) ;
#358 = CARTESIAN_POINT ( 'NONE',  ( 56.31128874149275276, 62.73828822863980292, -106.4799999999999898 ) ) ;
#359 = VERTEX_POINT ( 'NONE', #11511 ) ;
#360 = CIRCLE ( 'NONE', #8381, 0.8890000000000009006 ) ;
#361 = DIRECTION ( 'NONE',  ( -2.434699615406045218E-16, 0.000000000000000000, -1.000000000000000000 ) ) ;
#362 = EDGE_LOOP ( 'NONE', ( #5452, #9516, #8694, #5611, #7612, #11709, #7308, #5462 ) ) ;
#363 = PLANE ( 'NONE',  #203 ) ;
#364 = DIRECTION ( 'NONE',  ( -1.000000000000000000, -0.000000000000000000, -0.000000000000000000 ) ) ;
#365 = EDGE_CURVE ( 'NONE', #4357, #5408, #7809, .T. ) ;
#366 = VERTEX_POINT ( 'NONE', #10444 ) ;
#367 = VECTOR ( 'NONE', #6126, 1000.000000000000000 ) ;
#368 = PRODUCT_DEFINITION_FORMATION_WITH_SPECIFIED_SOURCE ( 'ANY', '', #7359, .NOT_KNOWN. ) ;
#370 = ORIENTED_EDGE ( 'NONE', *, *, #5023, .T. ) ;
#369 = DIRECTION ( 'NONE',  ( 0.000000000000000000, 0.000000000000000000, 1.000000000000000000 ) ) ;
#371 = CARTESIAN_POINT ( 'NONE',  ( 7.990000000000000213, 18.00000000000000000, -74.75000000000008527 ) ) ;
#372 = CARTESIAN_POINT ( 'NONE',  ( 24.00000000000000000, 56.22328822863982367, -109.9800000000000040 ) ) ;
#373 = CARTESIAN_POINT ( 'NONE',  ( -0.000000000000000000, 0.2974676904990776749, -6.007435830981490810 ) ) ;
#374 = ADVANCED_FACE ( 'NONE', ( #10387 ), #10554, .F. ) ;
#375 = CARTESIAN_POINT ( 'NONE',  ( 14.86869354863676307, 135.9280050152813999, -92.68255645757714944 ) ) ;
#376 = CARTESIAN_POINT ( 'NONE',  ( 16.00000000000000000, 73.10504876423827625, -24.51360740926764592 ) ) ;
#377 = DIRECTION ( 'NONE',  ( -1.000000000000000000, -0.000000000000000000, -0.000000000000000000 ) ) ;
#378 = ORIENTED_EDGE ( 'NONE', *, *, #8215, .T. ) ;
#379 = ORIENTED_EDGE ( 'NONE', *, *, #3701, .T. ) ;
#380 = CARTESIAN_POINT ( 'NONE',  ( 14.86869354863676307, 62.73828822863980292, -55.47999999999998977 ) ) ;
#381 = ADVANCED_FACE ( 'NONE', ( #6009 ), #7750, .F. ) ;
#382 = VERTEX_POINT ( 'NONE', #5897 ) ;
#383 = DIRECTION ( 'NONE',  ( 0.000000000000000000, 1.000000000000000000, 1.267377881992188131E-16 ) ) ;
#384 = CARTESIAN_POINT ( 'NONE',  ( 0.000000000000000000, 117.5000000000000000, -122.0000000000000000 ) ) ;
#385 = EDGE_CURVE ( 'NONE', #10659, #7830, #8984, .T. ) ;
#386 = FACE_BOUND ( 'NONE', #10008, .T. ) ;
#387 = ORIENTED_EDGE ( 'NONE', *, *, #10198, .F. ) ;
#388 = CARTESIAN_POINT ( 'NONE',  ( 13.00000000000001243, 224.9999999999999716, -15.74596669241484115 ) ) ;
#389 = EDGE_CURVE ( 'NONE', #3446, #3247, #1335, .T. ) ;
#390 = ORIENTED_EDGE ( 'NONE', *, *, #6118, .F. ) ;
#391 = CIRCLE ( 'NONE', #1143, 5.500000000000032863 ) ;
#392 = DIRECTION ( 'NONE',  ( 0.000000000000000000, 0.000000000000000000, -1.000000000000000000 ) ) ;
#393 = AXIS2_PLACEMENT_3D ( 'NONE', #1848, #2087, #886 ) ;
#394 = EDGE_CURVE ( 'NONE', #8346, #10082, #9495, .T. ) ;
#395 = ORIENTED_EDGE ( 'NONE', *, *, #697, .T. ) ;
#396 = DIRECTION ( 'NONE',  ( 0.000000000000000000, 0.000000000000000000, -1.000000000000000000 ) ) ;
#397 = DIRECTION ( 'NONE',  ( -1.000000000000000000, 0.000000000000000000, 0.000000000000000000 ) ) ;
#398 = ORIENTED_EDGE ( 'NONE', *, *, #8229, .T. ) ;
#399 = CARTESIAN_POINT ( 'NONE',  ( -0.000000000000000000, 228.9925641690240639, -0.2974676904991974125 ) ) ;
#400 = ORIENTED_EDGE ( 'NONE', *, *, #866, .T. ) ;
#401 = DIRECTION ( 'NONE',  ( 0.000000000000000000, 0.000000000000000000, -1.000000000000000000 ) ) ;
#402 = ORIENTED_EDGE ( 'NONE', *, *, #1081, .F. ) ;
#403 = FACE_OUTER_BOUND ( 'NONE', #7348, .T. ) ;
#404 = CARTESIAN_POINT ( 'NONE',  ( 14.87634217800316527, 57.67296490836068301, -119.1846470130656712 ) ) ;
#405 = CARTESIAN_POINT ( 'NONE',  ( 10.29216919202862890, 82.99999999999998579, -91.33419935968196057 ) ) ;
#406 = DIRECTION ( 'NONE',  ( -0.000000000000000000, 0.000000000000000000, 1.000000000000000000 ) ) ;
#407 = EDGE_CURVE ( 'NONE', #1457, #10800, #580, .T. ) ;
#408 = CYLINDRICAL_SURFACE ( 'NONE', #11826, 0.8890000000000009006 ) ;
#409 = EDGE_CURVE ( 'NONE', #11773, #5086, #8047, .T. ) ;
#410 = DIRECTION ( 'NONE',  ( 0.000000000000000000, -1.267377881992188377E-16, 1.000000000000000000 ) ) ;
#411 = ORIENTED_EDGE ( 'NONE', *, *, #9112, .F. ) ;
#412 = CARTESIAN_POINT ( 'NONE',  ( 8.000000000000005329, 152.0000000000000000, -80.37120516238456958 ) ) ;
#413 = ORIENTED_EDGE ( 'NONE', *, *, #3796, .T. ) ;
#414 = DIRECTION ( 'NONE',  ( 1.000000000000000000, 0.000000000000000000, 0.000000000000000000 ) ) ;
#415 = CARTESIAN_POINT ( 'NONE',  ( 12.99999999999998224, 79.00000000000004263, -63.00000000000000000 ) ) ;
#416 = VERTEX_POINT ( 'NONE', #8106 ) ;
#417 = CARTESIAN_POINT ( 'NONE',  ( 9.734573568604803384, 63.36046410810243401, -34.50000000000000711 ) ) ;
#418 = DIRECTION ( 'NONE',  ( -0.7028676492929132325, -0.7113206503240675493, 0.000000000000000000 ) ) ;
#419 = ADVANCED_FACE ( 'NONE', ( #6320 ), #7288, .F. ) ;
#420 = LINE ( 'NONE', #7777, #8679 ) ;
#421 = CARTESIAN_POINT ( 'NONE',  ( 14.86869354863667247, 57.67573221220188628, -119.1849687610681769 ) ) ;
#422 = AXIS2_PLACEMENT_3D ( 'NONE', #3269, #9672, #5307 ) ;
#423 = DIRECTION ( 'NONE',  ( 0.000000000000000000, 1.000000000000000000, -0.000000000000000000 ) ) ;
#424 = CARTESIAN_POINT ( 'NONE',  ( 12.99999999999998224, 79.00000000000004263, -95.50000000000000000 ) ) ;
#425 = FACE_OUTER_BOUND ( 'NONE', #5555, .T. ) ;
#426 = VERTEX_POINT ( 'NONE', #41 ) ;
#427 = ORIENTED_EDGE ( 'NONE', *, *, #5647, .T. ) ;
#428 = CARTESIAN_POINT ( 'NONE',  ( 8.000000000000000000, 87.66800501528138057, -91.41255645757715342 ) ) ;
#429 = ORIENTED_EDGE ( 'NONE', *, *, #6526, .F. ) ;
#430 = AXIS2_PLACEMENT_3D ( 'NONE', #246, #3877, #6529 ) ;
#431 = DIRECTION ( 'NONE',  ( -1.000000000000000000, -0.000000000000000000, -0.000000000000000000 ) ) ;
#432 = EDGE_CURVE ( 'NONE', #10136, #188, #3428, .T. ) ;
#433 = CARTESIAN_POINT ( 'NONE',  ( 3.851859888774471706E-31, 117.5000000000000000, -14.12000000000001698 ) ) ;
#434 = CARTESIAN_POINT ( 'NONE',  ( 0.000000000000000000, 82.99999999999998579, -67.00000000000000000 ) ) ;
#435 = FACE_OUTER_BOUND ( 'NONE', #10992, .T. ) ;
#436 = ORIENTED_EDGE ( 'NONE', *, *, #8143, .F. ) ;
#437 = CARTESIAN_POINT ( 'NONE',  ( 16.00000000000000000, 20.37152769304129762, -24.51360740926765658 ) ) ;
#438 = VECTOR ( 'NONE', #3611, 1000.000000000000114 ) ;
#439 = ORIENTED_EDGE ( 'NONE', *, *, #8693, .T. ) ;
#440 = FACE_BOUND ( 'NONE', #10363, .T. ) ;
#441 = ADVANCED_FACE ( 'NONE', ( #10918 ), #8036, .T. ) ;
#442 = ORIENTED_EDGE ( 'NONE', *, *, #9474, .F. ) ;
#443 = VECTOR ( 'NONE', #11022, 1000.000000000000114 ) ;
#444 = CARTESIAN_POINT ( 'NONE',  ( 15.00000000000000000, 8.000000000000000000, -8.000000000000028422 ) ) ;
#445 = ORIENTED_EDGE ( 'NONE', *, *, #605, .T. ) ;
#446 = CARTESIAN_POINT ( 'NONE',  ( 8.000000000000000000, 0.000000000000000000, 0.000000000000000000 ) ) ;
#447 = CARTESIAN_POINT ( 'NONE',  ( 12.99999999999997868, 42.50000000000003553, -10.00000000000000888 ) ) ;
#448 = ORIENTED_EDGE ( 'NONE', *, *, #8526, .T. ) ;
#449 = CARTESIAN_POINT ( 'NONE',  ( -0.7500000000000006661, 235.0000000000000000, -8.318019484660529983 ) ) ;
#450 = CARTESIAN_POINT ( 'NONE',  ( 8.000000000000000000, 131.2044457761841727, -95.50000000000000000 ) ) ;
#451 = VERTEX_POINT ( 'NONE', #5348 ) ;
#452 = DIRECTION ( 'NONE',  ( -1.000000000000000000, 0.000000000000000000, 0.000000000000000000 ) ) ;
#453 = ORIENTED_EDGE ( 'NONE', *, *, #10141, .T. ) ;
#454 = CARTESIAN_POINT ( 'NONE',  ( 11.18909659108101984, 83.32961801370157673, -91.50000000000000000 ) ) ;
#455 = CIRCLE ( 'NONE', #10000, 0.8890000000000009006 ) ;
#456 = DIRECTION ( 'NONE',  ( 0.000000000000000000, -1.000000000000000000, 0.000000000000000000 ) ) ;
#457 = VECTOR ( 'NONE', #9726, 1000.000000000000114 ) ;
#458 = EDGE_CURVE ( 'NONE', #1796, #3208, #9192, .T. ) ;
#459 = CARTESIAN_POINT ( 'NONE',  ( 15.00000000000000000, 226.9999999999999716, -8.000000000000001776 ) ) ;
#460 = CARTESIAN_POINT ( 'NONE',  ( 8.806599599025073388, 84.43724493944715448, -95.50000000000004263 ) ) ;
#461 = CARTESIAN_POINT ( 'NONE',  ( 16.00000000000000000, 203.4716895539514780, -75.45788136388648581 ) ) ;
#462 = VECTOR ( 'NONE', #8614, 1000.000000000000000 ) ;
#463 = VECTOR ( 'NONE', #6403, 1000.000000000000000 ) ;
#464 = DIRECTION ( 'NONE',  ( -1.000000000000000000, -0.000000000000000000, -0.000000000000000000 ) ) ;
#465 = ADVANCED_FACE ( 'NONE', ( #6382 ), #10014, .T. ) ;
#466 = ORIENTED_EDGE ( 'NONE', *, *, #10213, .F. ) ;
#467 = DIRECTION ( 'NONE',  ( -1.000000000000000000, 0.000000000000000000, 0.000000000000000000 ) ) ;
#468 = ORIENTED_EDGE ( 'NONE', *, *, #3123, .F. ) ;
#469 = LINE ( 'NONE', #11590, #11452 ) ;
#470 = B_SPLINE_CURVE_WITH_KNOTS ( 'NONE', 3,
 ( #4065, #2899, #8341, #5927 ),
 .UNSPECIFIED., .F., .F.,
 ( 4, 4 ),
 ( 0.000000000000000000, 1.000000000000000000 ),
 .UNSPECIFIED. ) ;
#471 = LINE ( 'NONE', #4954, #647 ) ;
#472 = ADVANCED_FACE ( 'NONE', ( #8224 ), #7096, .T. ) ;
#473 = EDGE_CURVE ( 'NONE', #1087, #1206, #5468, .T. ) ;
#474 = ORIENTED_EDGE ( 'NONE', *, *, #982, .F. ) ;
#475 = CIRCLE ( 'NONE', #1608, 2.749999999999995559 ) ;
#476 = VECTOR ( 'NONE', #7345, 1000.000000000000000 ) ;
#478 = VERTEX_POINT ( 'NONE', #9129 ) ;
#477 = CARTESIAN_POINT ( 'NONE',  ( 0.000000000000000000, 0.04802230858021781790, -122.0922960467456306 ) ) ;
#479 = CARTESIAN_POINT ( 'NONE',  ( 0.000000000000000000, 228.8324847130999729, -129.7393942252469401 ) ) ;
#480 = DIRECTION ( 'NONE',  ( 1.000000000000000000, -0.000000000000000000, -0.000000000000000000 ) ) ;
#481 = CARTESIAN_POINT ( 'NONE',  ( 56.31128874149275276, 57.67573221220188628, -119.1849687610681769 ) ) ;
#482 = FACE_OUTER_BOUND ( 'NONE', #6902, .T. ) ;
#483 = AXIS2_PLACEMENT_3D ( 'NONE', #9570, #3167, #6995 ) ;
#484 = DIRECTION ( 'NONE',  ( 0.000000000000000000, 0.000000000000000000, 1.000000000000000000 ) ) ;
#485 = VERTEX_POINT ( 'NONE', #931 ) ;
#486 = ORIENTED_EDGE ( 'NONE', *, *, #2492, .T. ) ;
#487 = PLANE ( 'NONE',  #10760 ) ;
#488 = EDGE_CURVE ( 'NONE', #8886, #5942, #2479, .T. ) ;
#489 = EDGE_CURVE ( 'NONE', #4116, #7548, #5404, .T. ) ;
#490 = AXIS2_PLACEMENT_3D ( 'NONE', #5847, #11346, #1403 ) ;
#491 = FACE_OUTER_BOUND ( 'NONE', #7340, .T. ) ;
#492 = DIRECTION ( 'NONE',  ( -2.434699615406045218E-16, 0.000000000000000000, -1.000000000000000000 ) ) ;
#493 = PLANE ( 'NONE',  #5324 ) ;
#494 = ORIENTED_EDGE ( 'NONE', *, *, #2467, .F. ) ;
#495 = ORIENTED_EDGE ( 'NONE', *, *, #9702, .T. ) ;
#496 = EDGE_LOOP ( 'NONE', ( #7853, #10571, #2232, #4710 ) ) ;
#497 = LINE ( 'NONE', #5827, #6475 ) ;
#498 = ORIENTED_EDGE ( 'NONE', *, *, #6018, .F. ) ;
#499 = AXIS2_PLACEMENT_3D ( 'NONE', #7559, #6662, #3112 ) ;
#500 = EDGE_CURVE ( 'NONE', #9051, #747, #5220, .T. ) ;
#501 = AXIS2_PLACEMENT_3D ( 'NONE', #10607, #4139, #7747 ) ;
#502 = FACE_BOUND ( 'NONE', #8449, .T. ) ;
#503 = ORIENTED_EDGE ( 'NONE', *, *, #5318, .T. ) ;
#504 = FACE_OUTER_BOUND ( 'NONE', #7103, .T. ) ;
#505 = LINE ( 'NONE', #4874, #1686 ) ;
#506 = DIRECTION ( 'NONE',  ( 0.000000000000000000, 0.000000000000000000, 1.000000000000000000 ) ) ;
#507 = EDGE_CURVE ( 'NONE', #9684, #4189, #1702, .T. ) ;
#508 = VECTOR ( 'NONE', #5014, 1000.000000000000000 ) ;
#509 = CARTESIAN_POINT ( 'NONE',  ( -0.000000000000000000, 233.2473968555851513, -2.639004897012553030 ) ) ;
#510 = ORIENTED_EDGE ( 'NONE', *, *, #7107, .F. ) ;
#511 = DIRECTION ( 'NONE',  ( 0.000000000000000000, 0.000000000000000000, 1.000000000000000000 ) ) ;
#512 = ADVANCED_FACE ( 'NONE', ( #11638, #804 ), #1636, .T. ) ;
#513 = LINE ( 'NONE', #2315, #10140 ) ;
#514 = DIRECTION ( 'NONE',  ( 0.000000000000000000, 0.000000000000000000, -1.000000000000000000 ) ) ;
#515 = VECTOR ( 'NONE', #5853, 1000.000000000000000 ) ;
#516 = LINE ( 'NONE', #572, #10434 ) ;
#517 = DIRECTION ( 'NONE',  ( 1.000000000000000000, 0.000000000000000000, 0.000000000000000000 ) ) ;
#518 = LINE ( 'NONE', #2426, #8112 ) ;
#519 = EDGE_CURVE ( 'NONE', #9337, #1844, #4441, .T. ) ;
#520 = ORIENTED_EDGE ( 'NONE', *, *, #10768, .F. ) ;
#521 = CARTESIAN_POINT ( 'NONE',  ( 15.00000000000000000, 1.752603144433177551, -2.639004897006891781 ) ) ;
#522 = VERTEX_POINT ( 'NONE', #865 ) ;
#523 = CARTESIAN_POINT ( 'NONE',  ( 8.000000000000000000, 109.7540333075851464, -10.00000000000000000 ) ) ;
#524 = AXIS2_PLACEMENT_3D ( 'NONE', #10430, #6739, #4860 ) ;
#525 = VECTOR ( 'NONE', #9007, 1000.000000000000114 ) ;
#526 = CARTESIAN_POINT ( 'NONE',  ( 14.86869354863676307, 130.8480050152814158, -40.61255645757714916 ) ) ;
#527 = ADVANCED_FACE ( 'NONE', ( #11818 ), #4965, .T. ) ;
#528 = ORIENTED_EDGE ( 'NONE', *, *, #6724, .T. ) ;
#529 = PLANE ( 'NONE',  #422 ) ;
#530 = ADVANCED_FACE ( 'NONE', ( #8565 ), #8612, .T. ) ;
#532 = ORIENTED_EDGE ( 'NONE', *, *, #10923, .F. ) ;
#531 = CARTESIAN_POINT ( 'NONE',  ( 15.00000000000000000, 117.5000000000000000, -122.0000000000000000 ) ) ;
#533 = VECTOR ( 'NONE', #2824, 1000.000000000000000 ) ;
#534 = CIRCLE ( 'NONE', #7796, 5.999999999999998224 ) ;
#535 = CARTESIAN_POINT ( 'NONE',  ( -0.000000000000000000, 234.3299803175588352, -125.6716809563976938 ) ) ;
#536 = CARTESIAN_POINT ( 'NONE',  ( 14.86869354863667247, 46.50000000000000000, -109.9800000000000040 ) ) ;
#537 = DIRECTION ( 'NONE',  ( 0.000000000000000000, 1.267377881992188131E-16, -1.000000000000000000 ) ) ;
#538 = EDGE_CURVE ( 'NONE', #10265, #2849, #7092, .T. ) ;
#539 = ORIENTED_EDGE ( 'NONE', *, *, #2976, .T. ) ;
#540 = CARTESIAN_POINT ( 'NONE',  ( 22.50000000000002842, 57.67573221220188628, -119.1849687610681912 ) ) ;
#541 = CARTESIAN_POINT ( 'NONE',  ( 8.000000000000000000, 152.0000000000000000, -22.37120516238456958 ) ) ;
#542 = ORIENTED_EDGE ( 'NONE', *, *, #8079, .T. ) ;
#543 = CARTESIAN_POINT ( 'NONE',  ( 12.99999999999997868, 139.4129807147371309, -91.50000000000000000 ) ) ;
#544 = ORIENTED_EDGE ( 'NONE', *, *, #9325, .F. ) ;
#545 = CARTESIAN_POINT ( 'NONE',  ( 16.00000000000000000, 154.4716895539514496, -17.45788136388649292 ) ) ;
#546 = VECTOR ( 'NONE', #9863, 1000.000000000000000 ) ;
#547 = AXIS2_PLACEMENT_3D ( 'NONE', #446, #10498, #9547 ) ;
#548 = AXIS2_PLACEMENT_3D ( 'NONE', #8599, #6080, #4998 ) ;
#549 = EDGE_LOOP ( 'NONE', ( #7977, #4738 ) ) ;
#550 = DIRECTION ( 'NONE',  ( -1.000000000000000000, 0.000000000000000000, 2.434699615406045218E-16 ) ) ;
#551 = PLANE ( 'NONE',  #7151 ) ;
#552 = EDGE_CURVE ( 'NONE', #9103, #8527, #470, .T. ) ;
#553 = ADVANCED_FACE ( 'NONE', ( #425 ), #5156, .T. ) ;
#554 = DIRECTION ( 'NONE',  ( 0.000000000000000000, 0.000000000000000000, 1.000000000000000000 ) ) ;
#555 = ORIENTED_EDGE ( 'NONE', *, *, #6743, .T. ) ;
#556 = ORIENTED_EDGE ( 'NONE', *, *, #5510, .F. ) ;
#557 = EDGE_LOOP ( 'NONE', ( #6461, #5799, #7425, #2298 ) ) ;
#558 = DIRECTION ( 'NONE',  ( 1.000000000000000000, 0.000000000000000000, 0.000000000000000000 ) ) ;
#559 = ORIENTED_EDGE ( 'NONE', *, *, #9381, .F. ) ;
#560 = PLANE ( 'NONE',  #10323 ) ;
#561 = CARTESIAN_POINT ( 'NONE',  ( 9.694930864672022253, 131.9326170890400363, -95.50000000000002842 ) ) ;
#562 = CARTESIAN_POINT ( 'NONE',  ( 8.000000000000000000, 0.000000000000000000, 0.000000000000000000 ) ) ;
#563 = EDGE_CURVE ( 'NONE', #366, #11411, #2304, .T. ) ;
#564 = CARTESIAN_POINT ( 'NONE',  ( 0.000000000000000000, 188.5000000000000000, -66.99999999999998579 ) ) ;
#565 = CARTESIAN_POINT ( 'NONE',  ( 0.000000000000000000, 82.99999999999998579, -10.00000000000000355 ) ) ;
#566 = VECTOR ( 'NONE', #6703, 1000.000000000000000 ) ;
#567 = CARTESIAN_POINT ( 'NONE',  ( 10.24999999999523048, 235.0000000000000284, -6.636038969321061742 ) ) ;
#568 = CARTESIAN_POINT ( 'NONE',  ( 0.000000000000000000, 78.99999999999998579, 0.000000000000000000 ) ) ;
#569 = VERTEX_POINT ( 'NONE', #96 ) ;
#570 = DIRECTION ( 'NONE',  ( -1.000000000000000000, -0.000000000000000000, -0.000000000000000000 ) ) ;
#571 = AXIS2_PLACEMENT_3D ( 'NONE', #5339, #3481, #1819 ) ;
#572 = CARTESIAN_POINT ( 'NONE',  ( 16.00000000000000000, 53.82328822863979667, 0.000000000000000000 ) ) ;
#573 = LINE ( 'NONE', #7870, #8240 ) ;
#574 = CARTESIAN_POINT ( 'NONE',  ( -0.002000000000000265454, 8.000000000000000000, -122.0000000000000000 ) ) ;
#575 = EDGE_CURVE ( 'NONE', #8604, #8481, #3671, .T. ) ;
#576 = CARTESIAN_POINT ( 'NONE',  ( 8.000000000000000000, 10.00000000000000711, -122.0000000000000000 ) ) ;
#577 = CARTESIAN_POINT ( 'NONE',  ( 15.00000000000000178, 0.4969227444580082698, -5.197685476630682366 ) ) ;
#578 = ORIENTED_EDGE ( 'NONE', *, *, #303, .F. ) ;
#579 = CARTESIAN_POINT ( 'NONE',  ( 8.000000000000000000, 18.00000000000000000, -77.50000000000008527 ) ) ;
#580 = CIRCLE ( 'NONE', #4023, 6.120000000000000107 ) ;
#581 = PLANE ( 'NONE',  #1034 ) ;
#582 = ORIENTED_EDGE ( 'NONE', *, *, #11824, .F. ) ;
#583 = EDGE_CURVE ( 'NONE', #9337, #4229, #33, .T. ) ;
#585 = ORIENTED_EDGE ( 'NONE', *, *, #2172, .T. ) ;
#584 = DIRECTION ( 'NONE',  ( 1.000000000000000000, 0.000000000000000000, 0.000000000000000000 ) ) ;
#586 = AXIS2_PLACEMENT_3D ( 'NONE', #7515, #2951, #8452 ) ;
#587 = CARTESIAN_POINT ( 'NONE',  ( 5.839999999999999858, 62.73828822863980292, -107.3689999999999856 ) ) ;
#588 = EDGE_CURVE ( 'NONE', #426, #1133, #7665, .T. ) ;
#589 = CARTESIAN_POINT ( 'NONE',  ( 13.00000000000001421, 78.99999999999998579, -8.000000000000001776 ) ) ;
#590 = ORIENTED_EDGE ( 'NONE', *, *, #5410, .T. ) ;
#591 = FACE_OUTER_BOUND ( 'NONE', #7642, .T. ) ;
#592 = ORIENTED_EDGE ( 'NONE', *, *, #3002, .T. ) ;
#593 = LINE ( 'NONE', #3335, #2802 ) ;
#594 = DIRECTION ( 'NONE',  ( 1.000000000000000000, -0.000000000000000000, -0.000000000000000000 ) ) ;
#595 = ORIENTED_EDGE ( 'NONE', *, *, #3701, .F. ) ;
#596 = ORIENTED_EDGE ( 'NONE', *, *, #2001, .T. ) ;
#597 = DIRECTION ( 'NONE',  ( -1.000000000000000000, 0.000000000000000000, 0.000000000000000000 ) ) ;
#598 = ORIENTED_EDGE ( 'NONE', *, *, #1656, .F. ) ;
#599 = EDGE_CURVE ( 'NONE', #8032, #2062, #3444, .T. ) ;
#600 = CARTESIAN_POINT ( 'NONE',  ( 16.00000000000000000, 130.8480050152814158, -37.61255645757714206 ) ) ;
#601 = CARTESIAN_POINT ( 'NONE',  ( 16.00000000000000000, 130.8480050152814158, -41.50155645757715206 ) ) ;
#602 = DIRECTION ( 'NONE',  ( 0.000000000000000000, 1.267377881992188131E-16, -1.000000000000000000 ) ) ;
#603 = CARTESIAN_POINT ( 'NONE',  ( 5.839999999999999858, 87.66800501528138057, -91.41255645757715342 ) ) ;
#604 = FACE_OUTER_BOUND ( 'NONE', #271, .T. ) ;
#605 = EDGE_CURVE ( 'NONE', #10270, #8463, #10477, .T. ) ;
#606 = EDGE_LOOP ( 'NONE', ( #9725, #5713, #8580, #8275 ) ) ;
#607 = ORIENTED_EDGE ( 'NONE', *, *, #7806, .T. ) ;
#608 = EDGE_LOOP ( 'NONE', ( #539, #2700, #10228, #1344 ) ) ;
#609 = CARTESIAN_POINT ( 'NONE',  ( 15.75000000000000000, -3.903127820947815962E-16, -6.636038969321073289 ) ) ;
#610 = DIRECTION ( 'NONE',  ( 1.000000000000000000, -0.000000000000000000, -0.000000000000000000 ) ) ;
#611 = EDGE_LOOP ( 'NONE', ( #2464, #11319 ) ) ;
#612 = EDGE_CURVE ( 'NONE', #2729, #11263, #5016, .T. ) ;
#613 = EDGE_CURVE ( 'NONE', #9880, #2026, #8675, .T. ) ;
#614 = FACE_OUTER_BOUND ( 'NONE', #3987, .T. ) ;
#615 = ORIENTED_EDGE ( 'NONE', *, *, #1927, .F. ) ;
#616 = ORIENTED_EDGE ( 'NONE', *, *, #1321, .F. ) ;
#617 = DIRECTION ( 'NONE',  ( 1.000000000000000000, -0.000000000000000000, -0.000000000000000000 ) ) ;
#618 = AXIS2_PLACEMENT_3D ( 'NONE', #10223, #126, #10282 ) ;
#619 = ORIENTED_EDGE ( 'NONE', *, *, #7023, .T. ) ;
#620 = CARTESIAN_POINT ( 'NONE',  ( 8.000000000000000000, 30.73828822863980292, -111.9800000000000182 ) ) ;
#621 = DIRECTION ( 'NONE',  ( 1.000000000000000000, -0.000000000000000000, -0.000000000000000000 ) ) ;
#622 = CARTESIAN_POINT ( 'NONE',  ( 0.000000000000000000, 229.1237723842976379, -0.3258377770017951702 ) ) ;
#623 = VERTEX_POINT ( 'NONE', #1885 ) ;
#624 = VERTEX_POINT ( 'NONE', #10975 ) ;
#625 = CARTESIAN_POINT ( 'NONE',  ( 13.00000000000000888, 78.99999999999998579, -38.50000000000000711 ) ) ;
#626 = EDGE_CURVE ( 'NONE', #5735, #3608, #8276, .T. ) ;
#627 = VECTOR ( 'NONE', #6439, 1000.000000000000000 ) ;
#628 = AXIS2_PLACEMENT_3D ( 'NONE', #8569, #1323, #7725 ) ;
#629 = DIRECTION ( 'NONE',  ( 0.000000000000000000, 0.000000000000000000, -1.000000000000000000 ) ) ;
#630 = DIRECTION ( 'NONE',  ( 1.000000000000000000, 0.000000000000000000, 0.000000000000000000 ) ) ;
#631 = DIRECTION ( 'NONE',  ( 0.000000000000000000, 0.000000000000000000, -1.000000000000000000 ) ) ;
#632 = CARTESIAN_POINT ( 'NONE',  ( 56.31128874149275276, 203.4716895539514780, -14.45788136388648226 ) ) ;
#633 = VERTEX_POINT ( 'NONE', #9184 ) ;
#634 = AXIS2_PLACEMENT_3D ( 'NONE', #7902, #9586, #7790 ) ;
#635 = CARTESIAN_POINT ( 'NONE',  ( 15.00000000000000178, 0.07162475718806386726, -7.588048092397431610 ) ) ;
#636 = ORIENTED_EDGE ( 'NONE', *, *, #5037, .F. ) ;
#637 = DIRECTION ( 'NONE',  ( 0.000000000000000000, 0.000000000000000000, -1.000000000000000000 ) ) ;
#638 = CONICAL_SURFACE ( 'NONE', #7147, 3.000000000000009770, 0.3490658503988593453 ) ;
#639 = ORIENTED_EDGE ( 'NONE', *, *, #4772, .T. ) ;
#640 = PLANE ( 'NONE',  #4083 ) ;
#641 = ORIENTED_EDGE ( 'NONE', *, *, #5329, .T. ) ;
#642 = EDGE_CURVE ( 'NONE', #5722, #8903, #984, .T. ) ;
#643 = FACE_OUTER_BOUND ( 'NONE', #3996, .T. ) ;
#644 = VECTOR ( 'NONE', #10697, 1000.000000000000000 ) ;
#646 = ORIENTED_EDGE ( 'NONE', *, *, #11752, .F. ) ;
#645 = CARTESIAN_POINT ( 'NONE',  ( 15.00000000000000000, 117.5000000000000000, -119.2500000000000000 ) ) ;
#647 = VECTOR ( 'NONE', #7610, 1000.000000000000000 ) ;
#648 = LINE ( 'NONE', #8968, #8075 ) ;
#649 = CARTESIAN_POINT ( 'NONE',  ( 13.00000000000001421, 82.99999999999998579, -8.000000000000001776 ) ) ;
#650 = CARTESIAN_POINT ( 'NONE',  ( 8.000000000000000000, 62.73828822863980292, -106.4799999999999898 ) ) ;
#651 = PLANE ( 'NONE',  #9620 ) ;
#652 = ORIENTED_EDGE ( 'NONE', *, *, #6842, .F. ) ;
#653 = CARTESIAN_POINT ( 'NONE',  ( 6.999999999999999112, 8.000000000000000000, -1.880000000000029203 ) ) ;
#654 = ORIENTED_EDGE ( 'NONE', *, *, #3184, .T. ) ;
#655 = CARTESIAN_POINT ( 'NONE',  ( 5.000000000000001776, 235.0000000000000000, -120.0000000000000142 ) ) ;
#656 = DIRECTION ( 'NONE',  ( -0.9396926207859105373, 0.000000000000000000, 0.3420201433256624957 ) ) ;
#657 = EDGE_CURVE ( 'NONE', #11514, #359, #9738, .T. ) ;
#658 = VERTEX_POINT ( 'NONE', #7650 ) ;
#659 = DIRECTION ( 'NONE',  ( 0.000000000000000000, 0.000000000000000000, -1.000000000000000000 ) ) ;
#660 = AXIS2_PLACEMENT_3D ( 'NONE', #5481, #6394, #5418 ) ;
#661 = VECTOR ( 'NONE', #9086, 1000.000000000000000 ) ;
#662 = ORIENTED_EDGE ( 'NONE', *, *, #7155, .F. ) ;
#663 = ADVANCED_FACE ( 'NONE', ( #8540 ), #11290, .T. ) ;
#664 = CARTESIAN_POINT ( 'NONE',  ( 56.31128874149275276, 30.73828822863979582, -55.48000000000000398 ) ) ;
#665 = DIRECTION ( 'NONE',  ( -1.000000000000000000, -0.000000000000000000, -0.000000000000000000 ) ) ;
#666 = CIRCLE ( 'NONE', #3325, 3.000000000000002665 ) ;
#667 = CARTESIAN_POINT ( 'NONE',  ( 14.86869354863667247, 57.72328822863980236, -109.9800000000000040 ) ) ;
#668 = CARTESIAN_POINT ( 'NONE',  ( 14.86869354863680570, 20.37152769304129762, -24.51360740926765658 ) ) ;
#669 = CARTESIAN_POINT ( 'NONE',  ( 8.000000000000000000, 203.4716895539514780, -75.45788136388648581 ) ) ;
#670 = ORIENTED_EDGE ( 'NONE', *, *, #4324, .F. ) ;
#671 = EDGE_CURVE ( 'NONE', #132, #10736, #513, .T. ) ;
#672 = ORIENTED_EDGE ( 'NONE', *, *, #8554, .F. ) ;
#673 = VERTEX_POINT ( 'NONE', #10395 ) ;
#674 = CARTESIAN_POINT ( 'NONE',  ( 15.75000000000000000, 8.318019484660537088, 0.000000000000000000 ) ) ;
#675 = DIRECTION ( 'NONE',  ( 0.000000000000000000, 1.000000000000000000, 0.000000000000000000 ) ) ;
#676 = VERTEX_POINT ( 'NONE', #3932 ) ;
#677 = CARTESIAN_POINT ( 'NONE',  ( 3.300000000000000711, 73.10504876423827625, -24.51360740926764592 ) ) ;
#678 = VERTEX_POINT ( 'NONE', #3042 ) ;
#679 = EDGE_CURVE ( 'NONE', #10136, #1972, #3078, .T. ) ;
#680 = CARTESIAN_POINT ( 'NONE',  ( 13.00000000000000178, 226.9999999999999716, -95.49999999999998579 ) ) ;
#681 = VECTOR ( 'NONE', #1008, 1000.000000000000000 ) ;
#682 = LINE ( 'NONE', #4316, #5097 ) ;
#683 = FACE_OUTER_BOUND ( 'NONE', #9833, .T. ) ;
#684 = EDGE_CURVE ( 'NONE', #825, #11486, #9384, .T. ) ;
#685 = CARTESIAN_POINT ( 'NONE',  ( 8.000000000000000000, 7.999999999999992895, -91.50000000000001421 ) ) ;
#686 = DIRECTION ( 'NONE',  ( 0.7068434322755176025, -0.7068434322755176025, 0.02728964085383948565 ) ) ;
#687 = ORIENTED_EDGE ( 'NONE', *, *, #11566, .T. ) ;
#688 = ORIENTED_EDGE ( 'NONE', *, *, #10916, .F. ) ;
#689 = CARTESIAN_POINT ( 'NONE',  ( 8.000000000000000000, 18.00000000000000000, -71.38000000000008072 ) ) ;
#690 = VERTEX_POINT ( 'NONE', #6873 ) ;
#691 = DIRECTION ( 'NONE',  ( 0.000000000000000000, 0.000000000000000000, -1.000000000000000000 ) ) ;
#692 = CARTESIAN_POINT ( 'NONE',  ( 8.000000000000000000, 15.74596669241484115, -10.00000000000001243 ) ) ;
#693 = AXIS2_PLACEMENT_3D ( 'NONE', #9350, #9468, #1085 ) ;
#694 = CYLINDRICAL_SURFACE ( 'NONE', #3029, 6.120000000000000107 ) ;
#695 = DIRECTION ( 'NONE',  ( 0.000000000000000000, 0.000000000000000000, -1.000000000000000000 ) ) ;
#696 = EDGE_CURVE ( 'NONE', #522, #11173, #2205, .T. ) ;
#697 = EDGE_CURVE ( 'NONE', #382, #6102, #2145, .T. ) ;
#698 = CARTESIAN_POINT ( 'NONE',  ( 10.00000000000026645, 0.000000000000000000, -10.00000000000000000 ) ) ;
#699 = ORIENTED_EDGE ( 'NONE', *, *, #8443, .F. ) ;
#700 = DIRECTION ( 'NONE',  ( 0.000000000000000000, 0.000000000000000000, 1.000000000000000000 ) ) ;
#701 = ORIENTED_EDGE ( 'NONE', *, *, #6433, .T. ) ;
#702 = DIRECTION ( 'NONE',  ( 0.000000000000000000, 1.267377881992188131E-16, -1.000000000000000000 ) ) ;
#703 = AXIS2_PLACEMENT_3D ( 'NONE', #11651, #6274, #10028 ) ;
#704 = DIRECTION ( 'NONE',  ( -0.000000000000000000, -1.000000000000000000, -0.000000000000000000 ) ) ;
#706 = ORIENTED_EDGE ( 'NONE', *, *, #7857, .T. ) ;
#705 = CARTESIAN_POINT ( 'NONE',  ( 15.75000000000000000, 234.2830808016391870, -127.0710678118655039 ) ) ;
#707 = CARTESIAN_POINT ( 'NONE',  ( 11.86758396400117732, 87.89742219011733937, -95.50000000000002842 ) ) ;
#708 = CARTESIAN_POINT ( 'NONE',  ( 0.000000000000000000, 217.0000000000000284, -80.25000000000000000 ) ) ;
#709 = CARTESIAN_POINT ( 'NONE',  ( 11.27662841389838810, 34.44588344004966984, -108.6725952114119593 ) ) ;
#710 = CARTESIAN_POINT ( 'NONE',  ( 13.00000000000001243, 226.9999999999999716, -16.00000000000000711 ) ) ;
#711 = DIRECTION ( 'NONE',  ( 0.000000000000000000, 1.267377881992188131E-16, -1.000000000000000000 ) ) ;
#712 = AXIS2_PLACEMENT_3D ( 'NONE', #3613, #11030, #9181 ) ;
#713 = CARTESIAN_POINT ( 'NONE',  ( 8.000000000000000000, 102.9080050152813897, -40.61255645757714916 ) ) ;
#714 = AXIS2_PLACEMENT_3D ( 'NONE', #8342, #4803, #5531 ) ;
#715 = ORIENTED_EDGE ( 'NONE', *, *, #1298, .T. ) ;
#716 = EDGE_CURVE ( 'NONE', #2747, #3217, #7598, .T. ) ;
#717 = CARTESIAN_POINT ( 'NONE',  ( 8.839167000735999480, 135.5952978295502476, -38.50000000000000711 ) ) ;
#718 = CARTESIAN_POINT ( 'NONE',  ( 0.000000000000000000, 7.979415714894989776E-15, -63.00000000000001421 ) ) ;
#719 = ORIENTED_EDGE ( 'NONE', *, *, #11157, .T. ) ;
#720 = ORIENTED_EDGE ( 'NONE', *, *, #6418, .T. ) ;
#721 = CARTESIAN_POINT ( 'NONE',  ( 16.00000000000000000, 0.000000000000000000, 0.000000000000000000 ) ) ;
#722 = EDGE_LOOP ( 'NONE', ( #8169, #750, #585, #7783, #544, #4240, #11537, #5007 ) ) ;
#723 = B_SPLINE_CURVE_WITH_KNOTS ( 'NONE', 3,
 ( #3516, #7310, #10940, #6471, #9032, #709 ),
 .UNSPECIFIED., .F., .F.,
 ( 4, 2, 4 ),
 ( 2.300483216432968233E-07, 0.001945128312083372561, 0.003890026575845102058 ),
 .UNSPECIFIED. ) ;
#724 = VECTOR ( 'NONE', #9113, 1000.000000000000000 ) ;
#725 = AXIS2_PLACEMENT_3D ( 'NONE', #4774, #7432, #8426 ) ;
#726 = DIRECTION ( 'NONE',  ( -1.000000000000000000, -0.000000000000000000, -0.000000000000000000 ) ) ;
#727 = DIRECTION ( 'NONE',  ( 1.000000000000000000, -0.000000000000000000, -0.000000000000000000 ) ) ;
#728 = PLANE ( 'NONE',  #10565 ) ;
#729 = ADVANCED_FACE ( 'NONE', ( #3204, #6707 ), #4041, .F. ) ;
#730 = DIRECTION ( 'NONE',  ( 0.7071067811865481278, 0.7050019497356821985, -0.05451835350490547016 ) ) ;
#731 = CARTESIAN_POINT ( 'NONE',  ( 12.18439545407922253, 151.9999999999999716, -20.58513792824742339 ) ) ;
#732 = ORIENTED_EDGE ( 'NONE', *, *, #7073, .F. ) ;
#733 = AXIS2_PLACEMENT_3D ( 'NONE', #5316, #3519, #175 ) ;
#734 = ORIENTED_EDGE ( 'NONE', *, *, #385, .T. ) ;
#735 = AXIS2_PLACEMENT_3D ( 'NONE', #1186, #8487, #305 ) ;
#736 = CARTESIAN_POINT ( 'NONE',  ( 8.000000000000000000, 17.99999999999998934, -46.38000000000003098 ) ) ;
#737 = DIRECTION ( 'NONE',  ( 0.000000000000000000, 0.000000000000000000, 1.000000000000000000 ) ) ;
#738 = ORIENTED_EDGE ( 'NONE', *, *, #8734, .F. ) ;
#739 = FACE_OUTER_BOUND ( 'NONE', #9483, .T. ) ;
#740 = LINE ( 'NONE', #8040, #8451 ) ;
#741 = ORIENTED_EDGE ( 'NONE', *, *, #6154, .F. ) ;
#742 = EDGE_CURVE ( 'NONE', #232, #5575, #3152, .T. ) ;
#743 = VECTOR ( 'NONE', #9764, 1000.000000000000114 ) ;
#744 = DIRECTION ( 'NONE',  ( 0.000000000000000000, -1.000000000000000000, 0.000000000000000000 ) ) ;
#745 = LINE ( 'NONE', #4381, #6660 ) ;
#746 = CARTESIAN_POINT ( 'NONE',  ( 14.99999999999999822, 229.1490493520408904, -0.3314765323828570698 ) ) ;
#747 = VERTEX_POINT ( 'NONE', #8479 ) ;
#748 = CARTESIAN_POINT ( 'NONE',  ( 14.86869354863676307, 30.73828822863979582, -52.47999999999998977 ) ) ;
#749 = CARTESIAN_POINT ( 'NONE',  ( 13.00000000000001066, 35.07313939997077767, -112.9800000000000040 ) ) ;
#750 = ORIENTED_EDGE ( 'NONE', *, *, #7170, .T. ) ;
#751 = ORIENTED_EDGE ( 'NONE', *, *, #3531, .F. ) ;
#752 = DIRECTION ( 'NONE',  ( -1.000000000000000000, 0.000000000000000000, 0.000000000000000000 ) ) ;
#753 = ORIENTED_EDGE ( 'NONE', *, *, #4595, .T. ) ;
#754 = ADVANCED_FACE ( 'NONE', ( #6815 ), #1178, .F. ) ;
#755 = DIRECTION ( 'NONE',  ( 0.000000000000000000, 0.000000000000000000, 1.000000000000000000 ) ) ;
#756 = AXIS2_PLACEMENT_3D ( 'NONE', #11233, #6757, #401 ) ;
#757 = PLANE ( 'NONE',  #9753 ) ;
#758 = LINE ( 'NONE', #4394, #4349 ) ;
#759 = CARTESIAN_POINT ( 'NONE',  ( 0.000000000000000000, 192.5000000000000000, 0.000000000000000000 ) ) ;
#760 = LINE ( 'NONE', #4396, #2039 ) ;
#761 = CARTESIAN_POINT ( 'NONE',  ( 8.000000000000000000, 10.00000000000000533, -67.00000000000001421 ) ) ;
#762 = ORIENTED_EDGE ( 'NONE', *, *, #1310, .T. ) ;
#763 = CARTESIAN_POINT ( 'NONE',  ( 15.00000000000000533, 0.000000000000000000, -120.4496736707545494 ) ) ;
#764 = ORIENTED_EDGE ( 'NONE', *, *, #181, .F. ) ;
#765 = CARTESIAN_POINT ( 'NONE',  ( 14.86869354863674175, 64.23828822863977450, -28.51360740926766368 ) ) ;
#766 = AXIS2_PLACEMENT_3D ( 'NONE', #6121, #3044, #10661 ) ;
#767 = EDGE_CURVE ( 'NONE', #11568, #9029, #11663, .T. ) ;
#768 = EDGE_CURVE ( 'NONE', #10163, #1564, #10274, .T. ) ;
#770 = EDGE_LOOP ( 'NONE', ( #7533, #10307, #7223, #10154 ) ) ;
#769 = DIRECTION ( 'NONE',  ( 0.000000000000000000, 1.000000000000000000, 1.267377881992188131E-16 ) ) ;
#771 = FACE_OUTER_BOUND ( 'NONE', #4832, .T. ) ;
#772 = DIRECTION ( 'NONE',  ( -1.000000000000000000, 0.000000000000000000, 0.000000000000000000 ) ) ;
#773 = FACE_OUTER_BOUND ( 'NONE', #10382, .T. ) ;
#774 = VECTOR ( 'NONE', #9069, 1000.000000000000000 ) ;
#775 = CARTESIAN_POINT ( 'NONE',  ( -0.002000000000000265454, 125.2459666924148394, -9.999999999999996447 ) ) ;
#776 = DIRECTION ( 'NONE',  ( 0.000000000000000000, 0.000000000000000000, 1.000000000000000000 ) ) ;
#777 = VERTEX_POINT ( 'NONE', #1399 ) ;
#778 = CARTESIAN_POINT ( 'NONE',  ( 8.000000000000000000, 154.4716895539514496, -75.45788136388650003 ) ) ;
#779 = DIRECTION ( 'NONE',  ( -1.267377881992188131E-16, -1.000000000000000000, -1.267377881992188131E-16 ) ) ;
#780 = VERTEX_POINT ( 'NONE', #5047 ) ;
#781 = FACE_OUTER_BOUND ( 'NONE', #3911, .T. ) ;
#782 = AXIS2_PLACEMENT_3D ( 'NONE', #2177, #8337, #155 ) ;
#783 = EDGE_CURVE ( 'NONE', #10457, #7567, #5791, .T. ) ;
#784 = PLANE ( 'NONE',  #8317 ) ;
#785 = DIRECTION ( 'NONE',  ( 0.000000000000000000, 0.000000000000000000, 1.000000000000000000 ) ) ;
#786 = FACE_BOUND ( 'NONE', #5928, .T. ) ;
#787 = CARTESIAN_POINT ( 'NONE',  ( 16.00000000000000000, 154.4716895539514496, -75.45788136388650003 ) ) ;
#788 = CARTESIAN_POINT ( 'NONE',  ( 8.000000000000000000, 152.0000000000000000, -22.37120516238456958 ) ) ;
#789 = VERTEX_POINT ( 'NONE', #5904 ) ;
#790 = ORIENTED_EDGE ( 'NONE', *, *, #5048, .T. ) ;
#791 = VERTEX_POINT ( 'NONE', #1346 ) ;
#792 = DIRECTION ( 'NONE',  ( 0.000000000000000000, 0.07710059492488814670, 0.9970233188156776283 ) ) ;
#793 = DIRECTION ( 'NONE',  ( 0.000000000000000000, 1.000000000000000000, -0.000000000000000000 ) ) ;
#794 = VERTEX_POINT ( 'NONE', #4994 ) ;
#795 = LINE ( 'NONE', #4670, #11476 ) ;
#796 = DIRECTION ( 'NONE',  ( 0.000000000000000000, 0.000000000000000000, -1.000000000000000000 ) ) ;
#797 = EDGE_CURVE ( 'NONE', #163, #6049, #8795, .T. ) ;
#798 = LINE ( 'NONE', #8099, #20 ) ;
#799 = CARTESIAN_POINT ( 'NONE',  ( 24.00000000000000000, 70.56130376984425823, -10.97620280864248343 ) ) ;
#800 = ORIENTED_EDGE ( 'NONE', *, *, #6455, .T. ) ;
#801 = PLANE ( 'NONE',  #6187 ) ;
#802 = CARTESIAN_POINT ( 'NONE',  ( 11.00000000000000711, -0.001000000000001000089, -118.9800000000000182 ) ) ;
#803 = CARTESIAN_POINT ( 'NONE',  ( 15.00000000000000000, 229.1682889501138334, -0.3358105694560605814 ) ) ;
#804 = FACE_OUTER_BOUND ( 'NONE', #8993, .T. ) ;
#805 = LINE ( 'NONE', #4442, #1463 ) ;
#806 = AXIS2_PLACEMENT_3D ( 'NONE', #4278, #11596, #1363 ) ;
#807 = ORIENTED_EDGE ( 'NONE', *, *, #6073, .F. ) ;
#808 = ADVANCED_FACE ( 'NONE', ( #8154, #3725 ), #11686, .T. ) ;
#809 = ORIENTED_EDGE ( 'NONE', *, *, #8173, .T. ) ;
#810 = LINE ( 'NONE', #10019, #6012 ) ;
#811 = ADVANCED_FACE ( 'NONE', ( #7393 ), #11025, .F. ) ;
#812 = VERTEX_POINT ( 'NONE', #2832 ) ;
#813 = AXIS2_PLACEMENT_3D ( 'NONE', #9393, #1010, #9156 ) ;
#814 = PLANE ( 'NONE',  #8708 ) ;
#815 = DIRECTION ( 'NONE',  ( 0.000000000000000000, 0.000000000000000000, -1.000000000000000000 ) ) ;
#816 = CARTESIAN_POINT ( 'NONE',  ( 16.00000000000000000, 0.000000000000000000, 0.000000000000000000 ) ) ;
#817 = CARTESIAN_POINT ( 'NONE',  ( 11.34453188882338281, 99.17928343001327107, -38.50000000000000711 ) ) ;
#818 = ORIENTED_EDGE ( 'NONE', *, *, #7258, .T. ) ;
#819 = CARTESIAN_POINT ( 'NONE',  ( 15.00000000000000000, 0.04644721058050485518, -122.0680105058691964 ) ) ;
#820 = ADVANCED_FACE ( 'NONE', ( #8098 ), #4611, .T. ) ;
#821 = ORIENTED_EDGE ( 'NONE', *, *, #696, .F. ) ;
#822 = FACE_OUTER_BOUND ( 'NONE', #362, .T. ) ;
#823 = PLANE ( 'NONE',  #9026 ) ;
#825 = VERTEX_POINT ( 'NONE', #10003 ) ;
#824 = CARTESIAN_POINT ( 'NONE',  ( 10.24999999999523048, 232.0710678118655039, -129.2830808016391870 ) ) ;
#826 = EDGE_CURVE ( 'NONE', #10265, #10185, #857, .T. ) ;
#827 = CARTESIAN_POINT ( 'NONE',  ( 8.000000000000000000, 224.9999999999999716, -122.0000000000000000 ) ) ;
#828 = DIRECTION ( 'NONE',  ( 0.000000000000000000, 1.267377881992188131E-16, -1.000000000000000000 ) ) ;
#829 = VECTOR ( 'NONE', #7846, 1000.000000000000000 ) ;
#830 = CARTESIAN_POINT ( 'NONE',  ( 16.00000000000000000, 35.23828822863978161, -14.51360740926767079 ) ) ;
#831 = CIRCLE ( 'NONE', #8844, 2.750000000000002665 ) ;
#832 = CARTESIAN_POINT ( 'NONE',  ( 15.00000000000000000, 10.00000000000012079, 0.000000000000000000 ) ) ;
#833 = ORIENTED_EDGE ( 'NONE', *, *, #9306, .T. ) ;
#834 = CARTESIAN_POINT ( 'NONE',  ( 5.839999999999999858, 203.4716895539514780, -75.45788136388648581 ) ) ;
#835 = CARTESIAN_POINT ( 'NONE',  ( 8.000000000000000000, 156.0000000000000000, -122.0000000000000000 ) ) ;
#836 = EDGE_CURVE ( 'NONE', #10726, #11204, #795, .T. ) ;
#837 = ORIENTED_EDGE ( 'NONE', *, *, #11446, .F. ) ;
#838 = DIRECTION ( 'NONE',  ( -1.000000000000000000, -0.000000000000000000, -0.000000000000000000 ) ) ;
#839 = EDGE_CURVE ( 'NONE', #825, #673, #5567, .T. ) ;
#840 = AXIS2_PLACEMENT_3D ( 'NONE', #5571, #1983, #9407 ) ;
#841 = CIRCLE ( 'NONE', #4852, 2.750000000000002665 ) ;
#842 = CARTESIAN_POINT ( 'NONE',  ( 0.000000000000000000, 117.5000000000000000, -8.000000000000015987 ) ) ;
#843 = FACE_OUTER_BOUND ( 'NONE', #2005, .T. ) ;
#844 = CARTESIAN_POINT ( 'NONE',  ( 15.00000000000000000, 10.00000000000012079, -130.0000000000000000 ) ) ;
#845 = DIRECTION ( 'NONE',  ( 0.000000000000000000, 0.000000000000000000, 1.000000000000000000 ) ) ;
#846 = AXIS2_PLACEMENT_3D ( 'NONE', #816, #6333, #11586 ) ;
#847 = CARTESIAN_POINT ( 'NONE',  ( 8.000000000000000000, 78.99999999999998579, -122.0000000000000000 ) ) ;
#848 = FACE_OUTER_BOUND ( 'NONE', #8664, .T. ) ;
#849 = EDGE_LOOP ( 'NONE', ( #7855, #1674, #4861, #8966 ) ) ;
#850 = EDGE_LOOP ( 'NONE', ( #10967, #398, #7852, #619 ) ) ;
#851 = ADVANCED_FACE ( 'NONE', ( #6498 ), #11801, .F. ) ;
#852 = ORIENTED_EDGE ( 'NONE', *, *, #5144, .F. ) ;
#853 = CARTESIAN_POINT ( 'NONE',  ( -0.7500000000000006661, 2.928932188134525827, -0.7169191983608323993 ) ) ;
#854 = EDGE_CURVE ( 'NONE', #8880, #8815, #10964, .T. ) ;
#855 = PLANE ( 'NONE',  #2644 ) ;
#856 = ORIENTED_EDGE ( 'NONE', *, *, #10281, .T. ) ;
#857 = LINE ( 'NONE', #88, #10716 ) ;
#858 = LINE ( 'NONE', #9607, #6548 ) ;
#859 = ORIENTED_EDGE ( 'NONE', *, *, #11447, .T. ) ;
#860 = CIRCLE ( 'NONE', #9080, 6.120000000000000107 ) ;
#861 = ORIENTED_EDGE ( 'NONE', *, *, #5456, .T. ) ;
#862 = CARTESIAN_POINT ( 'NONE',  ( 56.31128874149275276, 35.23828822863978161, -14.51360740926767079 ) ) ;
#863 = CARTESIAN_POINT ( 'NONE',  ( 14.86869354863676307, 62.73828822863980292, -109.4799999999999898 ) ) ;
#864 = DIRECTION ( 'NONE',  ( 0.000000000000000000, 1.000000000000000000, 1.267377881992188131E-16 ) ) ;
#865 = CARTESIAN_POINT ( 'NONE',  ( 8.000000000000000000, 107.9861055670181429, -38.50000000000000711 ) ) ;
#866 = EDGE_CURVE ( 'NONE', #8763, #1421, #1875, .T. ) ;
#867 = CARTESIAN_POINT ( 'NONE',  ( 8.000000000000000000, 192.4999999999999432, -66.99999999999998579 ) ) ;
#868 = VERTEX_POINT ( 'NONE', #10786 ) ;
#869 = AXIS2_PLACEMENT_3D ( 'NONE', #2342, #1431, #5082 ) ;
#870 = VERTEX_POINT ( 'NONE', #11746 ) ;
#871 = LINE ( 'NONE', #4509, #2207 ) ;
#872 = VERTEX_POINT ( 'NONE', #7211 ) ;
#873 = CARTESIAN_POINT ( 'NONE',  ( 16.00000000000000000, 30.73828822863979582, -55.48000000000000398 ) ) ;
#874 = AXIS2_PLACEMENT_3D ( 'NONE', #7652, #8544, #7700 ) ;
#875 = EDGE_CURVE ( 'NONE', #623, #8292, #7148, .T. ) ;
#876 = CARTESIAN_POINT ( 'NONE',  ( 13.00000000000001421, 226.9999999999999716, -8.000000000000001776 ) ) ;
#877 = ORIENTED_EDGE ( 'NONE', *, *, #11321, .F. ) ;
#878 = CARTESIAN_POINT ( 'NONE',  ( 13.00000000000001421, 125.5000000000000000, -8.000000000000001776 ) ) ;
#879 = EDGE_CURVE ( 'NONE', #9498, #8399, #8994, .T. ) ;
#880 = CYLINDRICAL_SURFACE ( 'NONE', #11594, 6.120000000000000107 ) ;
#881 = EDGE_LOOP ( 'NONE', ( #6768, #1357, #1436, #2243, #3820, #1434, #494, #395 ) ) ;
#882 = CARTESIAN_POINT ( 'NONE',  ( 0.000000000000000000, 117.5000000000000000, -115.8799999999999955 ) ) ;
#883 = VERTEX_POINT ( 'NONE', #10848 ) ;
#884 = DIRECTION ( 'NONE',  ( -1.000000000000000000, 0.000000000000000000, 2.434699615406045218E-16 ) ) ;
#885 = VECTOR ( 'NONE', #3410, 1000.000000000000000 ) ;
#886 = DIRECTION ( 'NONE',  ( 0.000000000000000000, 0.000000000000000000, -1.000000000000000000 ) ) ;
#887 = DIRECTION ( 'NONE',  ( 0.000000000000000000, 1.000000000000000000, -0.000000000000000000 ) ) ;
#888 = VECTOR ( 'NONE', #1895, 1000.000000000000000 ) ;
#890 = EDGE_LOOP ( 'NONE', ( #7664, #56, #6696, #2861, #5843, #5544, #6633, #174 ) ) ;
#889 = FACE_OUTER_BOUND ( 'NONE', #9179, .T. ) ;
#891 = EDGE_CURVE ( 'NONE', #2472, #8715, #9120, .T. ) ;
#892 = LINE ( 'NONE', #3515, #6372 ) ;
#893 = DIRECTION ( 'NONE',  ( 1.000000000000000000, -0.000000000000000000, -0.000000000000000000 ) ) ;
#894 = LINE ( 'NONE', #1535, #4982 ) ;
#895 = CARTESIAN_POINT ( 'NONE',  ( 8.000000000000000000, 156.0000000000000000, -122.0000000000000000 ) ) ;
#896 = ORIENTED_EDGE ( 'NONE', *, *, #8038, .F. ) ;
#897 = DIRECTION ( 'NONE',  ( -1.000000000000000000, -0.000000000000000000, -0.000000000000000000 ) ) ;
#898 = ORIENTED_EDGE ( 'NONE', *, *, #2453, .T. ) ;
#899 = LINE ( 'NONE', #8136, #3786 ) ;
#900 = ORIENTED_EDGE ( 'NONE', *, *, #4234, .F. ) ;
#901 = VECTOR ( 'NONE', #8134, 1000.000000000000000 ) ;
#902 = VERTEX_POINT ( 'NONE', #5579 ) ;
#903 = PLANE ( 'NONE',  #6958 ) ;
#904 = ADVANCED_FACE ( 'NONE', ( #9231, #2660 ), #2772, .F. ) ;
#905 = LINE ( 'NONE', #1613, #4672 ) ;
#906 = ADVANCED_FACE ( 'NONE', ( #9944 ), #8204, .T. ) ;
#907 = CIRCLE ( 'NONE', #152, 5.500000000000032863 ) ;
#908 = LINE ( 'NONE', #1680, #3169 ) ;
#909 = FACE_OUTER_BOUND ( 'NONE', #1413, .T. ) ;
#910 = FACE_OUTER_BOUND ( 'NONE', #9843, .T. ) ;
#911 = CARTESIAN_POINT ( 'NONE',  ( 14.86869354863676307, 62.73828822863980292, -103.4799999999999898 ) ) ;
#912 = ORIENTED_EDGE ( 'NONE', *, *, #4685, .F. ) ;
#913 = VERTEX_POINT ( 'NONE', #8298 ) ;
#914 = DIRECTION ( 'NONE',  ( 1.000000000000000000, -0.000000000000000000, -0.000000000000000000 ) ) ;
#915 = LINE ( 'NONE', #8213, #1677 ) ;
#916 = VERTEX_POINT ( 'NONE', #6190 ) ;
#917 = CARTESIAN_POINT ( 'NONE',  ( 16.00000000000000000, 130.8480050152814158, -40.61255645757714916 ) ) ;
#918 = AXIS2_PLACEMENT_3D ( 'NONE', #8977, #11541, #7891 ) ;
#919 = VECTOR ( 'NONE', #4680, 1000.000000000000114 ) ;
#920 = AXIS2_PLACEMENT_3D ( 'NONE', #6530, #191, #1970 ) ;
#921 = CARTESIAN_POINT ( 'NONE',  ( 0.000000000000000000, 188.5000000000000000, 0.000000000000000000 ) ) ;
#922 = ORIENTED_EDGE ( 'NONE', *, *, #1832, .F. ) ;
#923 = EDGE_CURVE ( 'NONE', #11415, #1292, #4250, .T. ) ;
#924 = ADVANCED_FACE ( 'NONE', ( #6095 ), #7885, .T. ) ;
#925 = DIRECTION ( 'NONE',  ( 0.000000000000000000, 0.000000000000000000, -1.000000000000000000 ) ) ;
#926 = VECTOR ( 'NONE', #8912, 1000.000000000000000 ) ;
#927 = CARTESIAN_POINT ( 'NONE',  ( 12.99999999999999645, 192.5000000000000000, -34.49999999999999289 ) ) ;
#928 = VECTOR ( 'NONE', #9860, 1000.000000000000000 ) ;
#929 = VECTOR ( 'NONE', #11831, 1000.000000000000114 ) ;
#930 = DIRECTION ( 'NONE',  ( 0.000000000000000000, 0.000000000000000000, 1.000000000000000000 ) ) ;
#931 = CARTESIAN_POINT ( 'NONE',  ( 8.000000000000007105, 152.0000000000000000, -67.00000000000000000 ) ) ;
#932 = FACE_OUTER_BOUND ( 'NONE', #5761, .T. ) ;
#933 = ORIENTED_EDGE ( 'NONE', *, *, #11070, .T. ) ;
#934 = VERTEX_POINT ( 'NONE', #9858 ) ;
#935 = LINE ( 'NONE', #1943, #10987 ) ;
#936 = VECTOR ( 'NONE', #11816, 1000.000000000000000 ) ;
#937 = ORIENTED_EDGE ( 'NONE', *, *, #2183, .T. ) ;
#938 = EDGE_CURVE ( 'NONE', #673, #825, #8427, .T. ) ;
#939 = CARTESIAN_POINT ( 'NONE',  ( 15.00000000000000000, 234.9283752427534750, -122.4119519078360128 ) ) ;
#940 = DIRECTION ( 'NONE',  ( -1.000000000000000000, -0.000000000000000000, -0.000000000000000000 ) ) ;
#941 = VERTEX_POINT ( 'NONE', #10695 ) ;
#942 = CARTESIAN_POINT ( 'NONE',  ( 8.000000000000000000, 42.49999999999998579, -91.50000000000001421 ) ) ;
#943 = CARTESIAN_POINT ( 'NONE',  ( 5.000000000000001776, 0.000000000000000000, -10.00000000000000000 ) ) ;
#944 = ORIENTED_EDGE ( 'NONE', *, *, #1339, .T. ) ;
#945 = DIRECTION ( 'NONE',  ( -0.000000000000000000, 1.000000000000000000, 4.336808689942021187E-16 ) ) ;
#946 = ORIENTED_EDGE ( 'NONE', *, *, #3968, .T. ) ;
#947 = CARTESIAN_POINT ( 'NONE',  ( 13.00000000000001421, 156.0000000000000000, -9.999999999999994671 ) ) ;
#948 = CARTESIAN_POINT ( 'NONE',  ( 13.00000000000001421, 10.00000000000000711, -8.000000000000001776 ) ) ;
#949 = EDGE_CURVE ( 'NONE', #994, #8476, #894, .T. ) ;
#951 = ORIENTED_EDGE ( 'NONE', *, *, #9624, .T. ) ;
#950 = CARTESIAN_POINT ( 'NONE',  ( 10.24999999999523048, 235.0000000000000284, -121.6819805153394753 ) ) ;
#952 = CARTESIAN_POINT ( 'NONE',  ( 8.000000000000000000, 59.70812963631080805, -122.3842675157046642 ) ) ;
#953 = DIRECTION ( 'NONE',  ( -1.000000000000000000, -0.000000000000000000, -0.000000000000000000 ) ) ;
#954 = CARTESIAN_POINT ( 'NONE',  ( 0.000000000000000000, 42.49999999999999289, 0.000000000000000000 ) ) ;
#955 = ORIENTED_EDGE ( 'NONE', *, *, #1839, .F. ) ;
#956 = B_SPLINE_CURVE_WITH_KNOTS ( 'NONE', 3,
 ( #5360, #698, #943, #4577 ),
 .UNSPECIFIED., .F., .F.,
 ( 4, 4 ),
 ( 0.000000000000000000, 1.000000000000000000 ),
 .UNSPECIFIED. ) ;
#957 = CARTESIAN_POINT ( 'NONE',  ( 12.99999999999997868, 42.50000000000003553, -63.00000000000001421 ) ) ;
#958 = EDGE_LOOP ( 'NONE', ( #9021, #6322, #11832, #4989 ) ) ;
#959 = DIRECTION ( 'NONE',  ( -1.267377881992188131E-16, -1.000000000000000000, -1.267377881992188131E-16 ) ) ;
#960 = ORIENTED_EDGE ( 'NONE', *, *, #5929, .T. ) ;
#961 = CARTESIAN_POINT ( 'NONE',  ( 14.86869354863674175, 58.23828822863978161, -34.51360740926766368 ) ) ;
#962 = EDGE_CURVE ( 'NONE', #2234, #485, #8843, .T. ) ;
#963 = LINE ( 'NONE', #10835, #7571 ) ;
#964 = VECTOR ( 'NONE', #6313, 1000.000000000000000 ) ;
#965 = DIRECTION ( 'NONE',  ( -1.000000000000000000, -0.000000000000000000, -0.000000000000000000 ) ) ;
#966 = CARTESIAN_POINT ( 'NONE',  ( 8.000000000000000000, 125.2459666924148394, -120.0000000000000142 ) ) ;
#967 = LINE ( 'NONE', #4725, #1244 ) ;
#968 = DIRECTION ( 'NONE',  ( 0.000000000000000000, 0.000000000000000000, 1.000000000000000000 ) ) ;
#969 = EDGE_LOOP ( 'NONE', ( #2556, #4491, #5637, #7051 ) ) ;
#970 = ORIENTED_EDGE ( 'NONE', *, *, #1883, .F. ) ;
#971 = CYLINDRICAL_SURFACE ( 'NONE', #9792, 0.8890000000000009006 ) ;
#972 = CARTESIAN_POINT ( 'NONE',  ( 0.000000000000000000, 3.500493302428485103E-19, -9.550326329247551982 ) ) ;
#973 = ORIENTED_EDGE ( 'NONE', *, *, #8429, .T. ) ;
#974 = DIRECTION ( 'NONE',  ( 0.000000000000000000, 0.000000000000000000, 1.000000000000000000 ) ) ;
#975 = AXIS2_PLACEMENT_3D ( 'NONE', #3663, #3605, #7276 ) ;
#976 = ADVANCED_FACE ( 'NONE', ( #773 ), #10632, .T. ) ;
#977 = CARTESIAN_POINT ( 'NONE',  ( 15.00000000000000000, 226.9999999999999716, -121.9999999999999716 ) ) ;
#978 = B_SPLINE_CURVE_WITH_KNOTS ( 'NONE', 3,
 ( #11165, #2137, #231, #11103 ),
 .UNSPECIFIED., .F., .F.,
 ( 4, 4 ),
 ( 7.470051013949261274E-07, 0.005344701299548242426 ),
 .UNSPECIFIED. ) ;
#979 = ORIENTED_EDGE ( 'NONE', *, *, #8309, .T. ) ;
#980 = CIRCLE ( 'NONE', #1347, 5.500000000000032863 ) ;
#981 = CARTESIAN_POINT ( 'NONE',  ( 12.99999999999997868, 46.50000000000004263, -67.00000000000001421 ) ) ;
#982 = EDGE_CURVE ( 'NONE', #11568, #10136, #8971, .T. ) ;
#983 = CARTESIAN_POINT ( 'NONE',  ( 7.990000000000000213, 217.0000000000000284, -52.50000000000000711 ) ) ;
#984 = LINE ( 'NONE', #2002, #9745 ) ;
#985 = DIRECTION ( 'NONE',  ( 0.000000000000000000, 0.000000000000000000, -1.000000000000000000 ) ) ;
#986 = ORIENTED_EDGE ( 'NONE', *, *, #10455, .F. ) ;
#987 = EDGE_CURVE ( 'NONE', #747, #60, #1791, .T. ) ;
#988 = ORIENTED_EDGE ( 'NONE', *, *, #9937, .F. ) ;
#989 = CARTESIAN_POINT ( 'NONE',  ( 14.86869354863678439, 73.10504876423827625, -24.51360740926764592 ) ) ;
#990 = EDGE_CURVE ( 'NONE', #8715, #10355, #980, .T. ) ;
#991 = ORIENTED_EDGE ( 'NONE', *, *, #1918, .T. ) ;
#992 = CARTESIAN_POINT ( 'NONE',  ( 15.00000000000000000, 234.9519776914198701, -122.0922960467369762 ) ) ;
#993 = DIRECTION ( 'NONE',  ( 1.000000000000000000, -0.000000000000000000, -0.000000000000000000 ) ) ;
#994 = VERTEX_POINT ( 'NONE', #710 ) ;
#995 = CARTESIAN_POINT ( 'NONE',  ( 8.000000000000000000, 7.999999999999992895, -38.50000000000002132 ) ) ;
#996 = CARTESIAN_POINT ( 'NONE',  ( 0.000000000000000000, 224.9999999999998579, 0.000000000000000000 ) ) ;
#997 = CARTESIAN_POINT ( 'NONE',  ( -0.000000000000000000, 226.0463778754843247, -0.005866895454587822689 ) ) ;
#998 = ORIENTED_EDGE ( 'NONE', *, *, #6526, .T. ) ;
#999 = CARTESIAN_POINT ( 'NONE',  ( 12.99999999999998934, 135.9280050152813999, -92.68255645757714944 ) ) ;
#1000 = VERTEX_POINT ( 'NONE', #7186 ) ;
#1001 = ORIENTED_EDGE ( 'NONE', *, *, #273, .T. ) ;
#1002 = FACE_OUTER_BOUND ( 'NONE', #4771, .T. ) ;
#1003 = EDGE_CURVE ( 'NONE', #676, #2859, #4283, .T. ) ;
#1004 = CARTESIAN_POINT ( 'NONE',  ( -0.7500000000000006661, 0.000000000000000000, -120.0000000000000142 ) ) ;
#1005 = ORIENTED_EDGE ( 'NONE', *, *, #10393, .T. ) ;
#1006 = VECTOR ( 'NONE', #6353, 1000.000000000000000 ) ;
#1007 = ORIENTED_EDGE ( 'NONE', *, *, #11230, .F. ) ;
#1009 = EDGE_LOOP ( 'NONE', ( #3400, #1013, #6104, #1496, #9761, #1067, #5467, #1497 ) ) ;
#1008 = DIRECTION ( 'NONE',  ( -1.000000000000000000, -0.000000000000000000, -0.000000000000000000 ) ) ;
#1010 = DIRECTION ( 'NONE',  ( 1.000000000000000000, 0.000000000000000000, 0.000000000000000000 ) ) ;
#1011 = DIRECTION ( 'NONE',  ( 0.000000000000000000, -1.000000000000000000, 0.000000000000000000 ) ) ;
#1012 = CARTESIAN_POINT ( 'NONE',  ( 24.00000000000000000, 53.82328822863979667, 0.000000000000000000 ) ) ;
#1013 = ORIENTED_EDGE ( 'NONE', *, *, #5211, .F. ) ;
#1014 = AXIS2_PLACEMENT_3D ( 'NONE', #6140, #4395, #6332 ) ;
#1015 = CARTESIAN_POINT ( 'NONE',  ( 16.00000000000000000, 154.4716895539514496, -76.34688136388649582 ) ) ;
#1016 = ORIENTED_EDGE ( 'NONE', *, *, #8554, .T. ) ;
#1017 = CARTESIAN_POINT ( 'NONE',  ( 12.99999999999998934, 127.8346015217705940, -38.50000000000000711 ) ) ;
#1018 = CARTESIAN_POINT ( 'NONE',  ( 8.000000000000000000, 20.37152769304129762, -24.51360740926765658 ) ) ;
#1020 = EDGE_LOOP ( 'NONE', ( #6949, #9580, #7037, #5520, #3938, #3403 ) ) ;
#1019 = CYLINDRICAL_SURFACE ( 'NONE', #1056, 2.750000000000002665 ) ;
#1021 = VECTOR ( 'NONE', #10720, 1000.000000000000000 ) ;
#1022 = FACE_OUTER_BOUND ( 'NONE', #9630, .T. ) ;
#1023 = PLANE ( 'NONE',  #2188 ) ;
#1024 = CARTESIAN_POINT ( 'NONE',  ( 14.86869354863674175, 35.23828822863978161, -28.51360740926766368 ) ) ;
#1025 = ADVANCED_FACE ( 'NONE', ( #11602 ), #4351, .F. ) ;
#1026 = CARTESIAN_POINT ( 'NONE',  ( 15.00000000000000000, 233.7108631224761268, -3.107884886192258556 ) ) ;
#1027 = CARTESIAN_POINT ( 'NONE',  ( 56.31128874149275276, 20.37152769304129762, -24.51360740926765658 ) ) ;
#1028 = VERTEX_POINT ( 'NONE', #830 ) ;
#1029 = CARTESIAN_POINT ( 'NONE',  ( 0.000000000000000000, 42.49999999999999289, -67.00000000000001421 ) ) ;
#1030 = CARTESIAN_POINT ( 'NONE',  ( 0.000000000000000000, 0.07102876826126849896, -7.551432062654791721 ) ) ;
#1031 = ADVANCED_FACE ( 'NONE', ( #7950, #7120 ), #2629, .F. ) ;
#1032 = VECTOR ( 'NONE', #5024, 1000.000000000000114 ) ;
#1033 = ORIENTED_EDGE ( 'NONE', *, *, #3897, .T. ) ;
#1034 = AXIS2_PLACEMENT_3D ( 'NONE', #9783, #5060, #9618 ) ;
#1035 = DIRECTION ( 'NONE',  ( -1.000000000000000000, 0.000000000000000000, 0.000000000000000000 ) ) ;
#1036 = LINE ( 'NONE', #8333, #11280 ) ;
#1037 = CIRCLE ( 'NONE', #2363, 2.750000000000002665 ) ;
#1038 = DIRECTION ( 'NONE',  ( 0.000000000000000000, 1.267377881992188131E-16, -1.000000000000000000 ) ) ;
#1039 = AXIS2_PLACEMENT_3D ( 'NONE', #10737, #10558, #511 ) ;
#1040 = DIRECTION ( 'NONE',  ( 1.000000000000000000, -0.000000000000000000, -0.000000000000000000 ) ) ;
#1041 = EDGE_CURVE ( 'NONE', #10957, #8004, #6999, .T. ) ;
#1042 = DIRECTION ( 'NONE',  ( 0.000000000000000000, 0.000000000000000000, 1.000000000000000000 ) ) ;
#1043 = ORIENTED_EDGE ( 'NONE', *, *, #4081, .F. ) ;
#1044 = DIRECTION ( 'NONE',  ( -1.000000000000000000, -0.000000000000000000, -0.000000000000000000 ) ) ;
#1045 = DIRECTION ( 'NONE',  ( 0.000000000000000000, 0.000000000000000000, 1.000000000000000000 ) ) ;
#1046 = DIRECTION ( 'NONE',  ( 0.000000000000000000, 0.000000000000000000, 1.000000000000000000 ) ) ;
#1047 = VECTOR ( 'NONE', #7106, 1000.000000000000000 ) ;
#1048 = AXIS2_PLACEMENT_3D ( 'NONE', #3654, #3774, #845 ) ;
#1049 = EDGE_CURVE ( 'NONE', #10270, #8296, #3311, .T. ) ;
#1050 = EDGE_LOOP ( 'NONE', ( #4593, #11335 ) ) ;
#1051 = CARTESIAN_POINT ( 'NONE',  ( 7.990000000000000213, 217.0000000000000284, -77.50000000000000000 ) ) ;
#1052 = CARTESIAN_POINT ( 'NONE',  ( 15.00000000000000178, 229.1200491926710185, -129.6749864940885573 ) ) ;
#1053 = ADVANCED_FACE ( 'NONE', ( #6021 ), #11581, .F. ) ;
#1054 = LINE ( 'NONE', #7473, #5903 ) ;
#1055 = ORIENTED_EDGE ( 'NONE', *, *, #2302, .F. ) ;
#1056 = AXIS2_PLACEMENT_3D ( 'NONE', #4839, #8501, #11130 ) ;
#1057 = LINE ( 'NONE', #995, #11051 ) ;
#1058 = DIRECTION ( 'NONE',  ( 0.000000000000000000, -1.000000000000000000, 0.000000000000000000 ) ) ;
#1059 = CARTESIAN_POINT ( 'NONE',  ( 0.000000000000000000, 8.496496751003460758E-15, -38.50000000000002132 ) ) ;
#1060 = EDGE_LOOP ( 'NONE', ( #706, #9528 ) ) ;
#1061 = FACE_OUTER_BOUND ( 'NONE', #2194, .T. ) ;
#1062 = EDGE_LOOP ( 'NONE', ( #1761, #2059 ) ) ;
#1063 = DIRECTION ( 'NONE',  ( 0.000000000000000000, 0.000000000000000000, 1.000000000000000000 ) ) ;
#1064 = ORIENTED_EDGE ( 'NONE', *, *, #10245, .F. ) ;
#1065 = CIRCLE ( 'NONE', #4107, 3.000000000000002665 ) ;
#1067 = ORIENTED_EDGE ( 'NONE', *, *, #4008, .F. ) ;
#1066 = DIRECTION ( 'NONE',  ( -2.434699615406045218E-16, 0.000000000000000000, -1.000000000000000000 ) ) ;
#1068 = EDGE_CURVE ( 'NONE', #8460, #5950, #8768, .T. ) ;
#1069 = CYLINDRICAL_SURFACE ( 'NONE', #10944, 2.750000000000002665 ) ;
#1070 = LINE ( 'NONE', #1245, #354 ) ;
#1071 = EDGE_CURVE ( 'NONE', #3794, #994, #4264, .T. ) ;
#1072 = DIRECTION ( 'NONE',  ( 0.000000000000000000, 0.000000000000000000, 1.000000000000000000 ) ) ;
#1073 = ORIENTED_EDGE ( 'NONE', *, *, #3655, .F. ) ;
#1074 = CARTESIAN_POINT ( 'NONE',  ( 13.00000000000001421, 188.5000000000000000, -8.000000000000001776 ) ) ;
#1075 = ORIENTED_EDGE ( 'NONE', *, *, #11643, .F. ) ;
#1076 = LINE ( 'NONE', #9276, #8767 ) ;
#1077 = CARTESIAN_POINT ( 'NONE',  ( 8.000000000000000000, 156.0000000000000000, -70.17448594233233905 ) ) ;
#1078 = AXIS2_PLACEMENT_3D ( 'NONE', #7034, #10797, #10119 ) ;
#1079 = CARTESIAN_POINT ( 'NONE',  ( -0.000000000000000000, 0.3330920086012302828, -124.1562414163699515 ) ) ;
#1080 = CARTESIAN_POINT ( 'NONE',  ( 13.00000000000001066, 35.10281439065555986, -118.9800000000000182 ) ) ;
#1081 = EDGE_CURVE ( 'NONE', #6911, #3739, #573, .T. ) ;
#1082 = FACE_OUTER_BOUND ( 'NONE', #9447, .T. ) ;
#1083 = CARTESIAN_POINT ( 'NONE',  ( 16.00000000000000000, 62.60636636205423144, -4.841399395084549084 ) ) ;
#1084 = VECTOR ( 'NONE', #11424, 1000.000000000000000 ) ;
#1085 = DIRECTION ( 'NONE',  ( 0.000000000000000000, 0.000000000000000000, 1.000000000000000000 ) ) ;
#1086 = DIRECTION ( 'NONE',  ( 0.000000000000000000, -1.000000000000000000, -1.267377881992188377E-16 ) ) ;
#1087 = VERTEX_POINT ( 'NONE', #9717 ) ;
#1088 = DIRECTION ( 'NONE',  ( 0.000000000000000000, 1.000000000000000000, 0.000000000000000000 ) ) ;
#1089 = ORIENTED_EDGE ( 'NONE', *, *, #4606, .F. ) ;
#1090 = LINE ( 'NONE', #4557, #8269 ) ;
#1091 = VECTOR ( 'NONE', #7314, 1000.000000000000000 ) ;
#1092 = DIRECTION ( 'NONE',  ( 1.000000000000000000, -0.000000000000000000, -0.000000000000000000 ) ) ;
#1093 = ORIENTED_EDGE ( 'NONE', *, *, #2314, .T. ) ;
#1094 = EDGE_CURVE ( 'NONE', #3254, #4971, #6137, .T. ) ;
#1095 = DIRECTION ( 'NONE',  ( 0.000000000000000000, 1.000000000000000000, 1.267377881992188131E-16 ) ) ;
#1096 = CYLINDRICAL_SURFACE ( 'NONE', #2933, 3.000000000000009770 ) ;
#1097 = DIRECTION ( 'NONE',  ( 1.000000000000000000, -0.000000000000000000, -0.000000000000000000 ) ) ;
#1098 = AXIS2_PLACEMENT_3D ( 'NONE', #8630, #10370, #2296 ) ;
#1099 = VECTOR ( 'NONE', #5031, 1000.000000000000000 ) ;
#1100 = CARTESIAN_POINT ( 'NONE',  ( 0.000000000000000000, 115.4999999999999858, -67.00000000000000000 ) ) ;
#1101 = PLANE ( 'NONE',  #3107 ) ;
#1102 = ORIENTED_EDGE ( 'NONE', *, *, #8666, .F. ) ;
#1103 = LINE ( 'NONE', #11217, #10222 ) ;
#1104 = ADVANCED_FACE ( 'NONE', ( #11518 ), #3313, .T. ) ;
#1105 = ORIENTED_EDGE ( 'NONE', *, *, #3550, .F. ) ;
#1106 = AXIS2_PLACEMENT_3D ( 'NONE', #5514, #9287, #8261 ) ;
#1107 = AXIS2_PLACEMENT_3D ( 'NONE', #5629, #2222, #6727 ) ;
#1108 = ADVANCED_FACE ( 'NONE', ( #8825, #5297 ), #757, .T. ) ;
#1109 = DIRECTION ( 'NONE',  ( -1.267377881992188131E-16, -1.000000000000000000, -1.267377881992188131E-16 ) ) ;
#1110 = DIRECTION ( 'NONE',  ( 1.000000000000000000, 0.000000000000000000, 0.000000000000000000 ) ) ;
#1111 = DIRECTION ( 'NONE',  ( 1.000000000000000000, -0.000000000000000000, -0.000000000000000000 ) ) ;
#1112 = ORIENTED_EDGE ( 'NONE', *, *, #9110, .F. ) ;
#1113 = CARTESIAN_POINT ( 'NONE',  ( 0.000000000000000000, 7.979415714894989776E-15, -120.0000000000000284 ) ) ;
#1114 = CARTESIAN_POINT ( 'NONE',  ( 13.00000000000000178, 156.0000000000000000, -63.00000000000000000 ) ) ;
#1115 = CARTESIAN_POINT ( 'NONE',  ( 7.990000000000000213, 217.0000000000000284, -46.37999999999998835 ) ) ;
#1116 = VERTEX_POINT ( 'NONE', #692 ) ;
#1117 = CARTESIAN_POINT ( 'NONE',  ( 0.000000000000000000, 224.9999999999999716, -66.99999999999998579 ) ) ;
#1118 = ORIENTED_EDGE ( 'NONE', *, *, #11010, .F. ) ;
#1119 = AXIS2_PLACEMENT_3D ( 'NONE', #7094, #9003, #6973 ) ;
#1120 = ORIENTED_EDGE ( 'NONE', *, *, #7641, .T. ) ;
#1121 = LINE ( 'NONE', #9555, #7370 ) ;
#1122 = VECTOR ( 'NONE', #10090, 1000.000000000000000 ) ;
#1123 = EDGE_CURVE ( 'NONE', #5473, #6401, #7995, .T. ) ;
#1124 = ORIENTED_EDGE ( 'NONE', *, *, #5962, .F. ) ;
#1125 = DIRECTION ( 'NONE',  ( -1.000000000000000000, -0.000000000000000000, -0.000000000000000000 ) ) ;
#1126 = ORIENTED_EDGE ( 'NONE', *, *, #4983, .T. ) ;
#1127 = LINE ( 'NONE', #8485, #8322 ) ;
#1128 = CONICAL_SURFACE ( 'NONE', #9321, 3.000000000000002665, 0.3490658503988593453 ) ;
#1129 = PLANE ( 'NONE',  #11132 ) ;
#1130 = FACE_OUTER_BOUND ( 'NONE', #7396, .T. ) ;
#1131 = DIRECTION ( 'NONE',  ( 0.000000000000000000, 0.000000000000000000, -1.000000000000000000 ) ) ;
#1132 = EDGE_CURVE ( 'NONE', #3634, #3794, #4599, .T. ) ;
#1133 = VERTEX_POINT ( 'NONE', #2836 ) ;
#1134 = CARTESIAN_POINT ( 'NONE',  ( 15.00000000000000533, 7.939608593037155160, -0.04596212221934789510 ) ) ;
#1135 = ORIENTED_EDGE ( 'NONE', *, *, #5608, .F. ) ;
#1136 = DIRECTION ( 'NONE',  ( -1.000000000000000000, -0.000000000000000000, -0.000000000000000000 ) ) ;
#1137 = DIRECTION ( 'NONE',  ( -0.000000000000000000, 1.000000000000000000, -0.000000000000000000 ) ) ;
#1138 = EDGE_CURVE ( 'NONE', #6568, #777, #5581, .T. ) ;
#1139 = ADVANCED_FACE ( 'NONE', ( #8271 ), #10150, .T. ) ;
#1140 = EDGE_LOOP ( 'NONE', ( #8054, #9798, #10144, #2361, #11598, #10920 ) ) ;
#1141 = CARTESIAN_POINT ( 'NONE',  ( -0.000000000000000000, 7.014924349567162487, -129.8758707979581573 ) ) ;
#1142 = DIRECTION ( 'NONE',  ( 0.9383655030301724098, -0.3456445901832279621, -4.289233892001343812E-17 ) ) ;
#1143 = AXIS2_PLACEMENT_3D ( 'NONE', #9781, #1586, #4272 ) ;
#1144 = DIRECTION ( 'NONE',  ( 0.000000000000000000, 0.000000000000000000, -1.000000000000000000 ) ) ;
#1145 = CARTESIAN_POINT ( 'NONE',  ( 11.27662841389872206, 59.03069301722980811, -108.6725952114099982 ) ) ;
#1146 = CARTESIAN_POINT ( 'NONE',  ( 8.000000000000000000, 18.00000000000000000, -77.50000000000008527 ) ) ;
#1147 = LINE ( 'NONE', #4907, #4732 ) ;
#1148 = ORIENTED_EDGE ( 'NONE', *, *, #5749, .T. ) ;
#1149 = CYLINDRICAL_SURFACE ( 'NONE', #1215, 1.142999999999994687 ) ;
#1150 = EDGE_LOOP ( 'NONE', ( #6367, #5425, #3350, #5912 ) ) ;
#1151 = EDGE_CURVE ( 'NONE', #7020, #5501, #2504, .T. ) ;
#1152 = CIRCLE ( 'NONE', #8407, 0.8890000000000009006 ) ;
#1153 = CARTESIAN_POINT ( 'NONE',  ( 8.000000000000000000, 115.4999999999999858, -122.0000000000000000 ) ) ;
#1154 = VERTEX_POINT ( 'NONE', #1996 ) ;
#1155 = CYLINDRICAL_SURFACE ( 'NONE', #586, 3.000000000000002665 ) ;
#1156 = DIRECTION ( 'NONE',  ( -1.000000000000000000, 0.000000000000000000, 0.000000000000000000 ) ) ;
#1157 = DIRECTION ( 'NONE',  ( 0.000000000000000000, 0.000000000000000000, 1.000000000000000000 ) ) ;
#1158 = AXIS2_PLACEMENT_3D ( 'NONE', #10450, #7815, #9557 ) ;
#1159 = ORIENTED_EDGE ( 'NONE', *, *, #6154, .T. ) ;
#1160 = DIRECTION ( 'NONE',  ( -2.434699615406045218E-16, 0.000000000000000000, -1.000000000000000000 ) ) ;
#1161 = DIRECTION ( 'NONE',  ( -1.000000000000000000, 0.000000000000000000, 0.000000000000000000 ) ) ;
#1162 = ADVANCED_FACE ( 'NONE', ( #9358 ), #3074, .T. ) ;
#1163 = VERTEX_POINT ( 'NONE', #1935 ) ;
#1164 = AXIS2_PLACEMENT_3D ( 'NONE', #3396, #10824, #9033 ) ;
#1165 = CARTESIAN_POINT ( 'NONE',  ( 0.000000000000000000, 226.9999999999999716, -115.8799999999999812 ) ) ;
#1166 = CARTESIAN_POINT ( 'NONE',  ( 14.99999999999999645, 234.6641894305442406, -124.1682889501155387 ) ) ;
#1167 = DIRECTION ( 'NONE',  ( 0.8891264907159912578, 0.3236155771181805085, -0.3236155771181805085 ) ) ;
#1168 = ORIENTED_EDGE ( 'NONE', *, *, #11036, .F. ) ;
#1169 = DIRECTION ( 'NONE',  ( 0.000000000000000000, 0.000000000000000000, -1.000000000000000000 ) ) ;
#1170 = CARTESIAN_POINT ( 'NONE',  ( 9.671398856146151246, 156.0000000000000000, -12.80776560735248459 ) ) ;
#1171 = ADVANCED_FACE ( 'NONE', ( #5766 ), #215, .T. ) ;
#1172 = EDGE_LOOP ( 'NONE', ( #7056, #6088, #10689, #701 ) ) ;
#1173 = CARTESIAN_POINT ( 'NONE',  ( 0.000000000000000000, 225.4496736707469609, 0.000000000000000000 ) ) ;
#1174 = ORIENTED_EDGE ( 'NONE', *, *, #8793, .F. ) ;
#1175 = CARTESIAN_POINT ( 'NONE',  ( 12.99999999999998934, 130.8480050152814158, -40.61255645757714916 ) ) ;
#1176 = VERTEX_POINT ( 'NONE', #8396 ) ;
#1177 = DIRECTION ( 'NONE',  ( 0.000000000000000000, 1.000000000000000000, 1.267377881992188131E-16 ) ) ;
#1178 = PLANE ( 'NONE',  #6327 ) ;
#1179 = VERTEX_POINT ( 'NONE', #4674 ) ;
#1180 = DIRECTION ( 'NONE',  ( 0.000000000000000000, -0.07710059492488814670, -0.9970233188156776283 ) ) ;
#1181 = CARTESIAN_POINT ( 'NONE',  ( 7.990000000000000213, 20.74999999999998934, -52.50000000000003553 ) ) ;
#1182 = ORIENTED_EDGE ( 'NONE', *, *, #9178, .T. ) ;
#1183 = FACE_OUTER_BOUND ( 'NONE', #9187, .T. ) ;
#1184 = AXIS2_PLACEMENT_3D ( 'NONE', #11345, #7757, #1627 ) ;
#1185 = FACE_OUTER_BOUND ( 'NONE', #881, .T. ) ;
#1186 = CARTESIAN_POINT ( 'NONE',  ( 0.000000000000000000, 8.496496751003460758E-15, -95.50000000000001421 ) ) ;
#1187 = CARTESIAN_POINT ( 'NONE',  ( 14.86869354863680570, 20.37152769304129762, -27.51360740926765303 ) ) ;
#1188 = EDGE_CURVE ( 'NONE', #3138, #2799, #9572, .T. ) ;
#1189 = ORIENTED_EDGE ( 'NONE', *, *, #8567, .F. ) ;
#1190 = CARTESIAN_POINT ( 'NONE',  ( 14.99999999999999822, 7.978096664935237392, -0.04356628226238809520 ) ) ;
#1191 = ORIENTED_EDGE ( 'NONE', *, *, #10555, .T. ) ;
#1192 = DIRECTION ( 'NONE',  ( 1.000000000000000000, -0.000000000000000000, -0.000000000000000000 ) ) ;
#1193 = CARTESIAN_POINT ( 'NONE',  ( 8.000000000000000000, 115.4999999999999574, -91.50000000000000000 ) ) ;
#1194 = VECTOR ( 'NONE', #4537, 1000.000000000000000 ) ;
#1195 = VERTEX_POINT ( 'NONE', #3785 ) ;
#1196 = EDGE_CURVE ( 'NONE', #9029, #1972, #7461, .T. ) ;
#1198 = ORIENTED_EDGE ( 'NONE', *, *, #5978, .F. ) ;
#1197 = CARTESIAN_POINT ( 'NONE',  ( 0.000000000000000000, 7.930236141643872472, -129.9534412989354735 ) ) ;
#1199 = DIRECTION ( 'NONE',  ( 0.000000000000000000, 0.000000000000000000, -1.000000000000000000 ) ) ;
#1200 = VECTOR ( 'NONE', #7948, 1000.000000000000000 ) ;
#1201 = LINE ( 'NONE', #11258, #8101 ) ;
#1202 = CARTESIAN_POINT ( 'NONE',  ( 0.000000000000000000, 6.167515286867466529, -0.2606057747623845566 ) ) ;
#1203 = EDGE_CURVE ( 'NONE', #678, #10594, #5645, .T. ) ;
#1204 = DIRECTION ( 'NONE',  ( 0.000000000000000000, 1.267377881992188131E-16, -1.000000000000000000 ) ) ;
#1205 = DIRECTION ( 'NONE',  ( 0.000000000000000000, -0.1537070062818697014, 0.9881164689548824764 ) ) ;
#1206 = VERTEX_POINT ( 'NONE', #4739 ) ;
#1207 = FACE_OUTER_BOUND ( 'NONE', #4750, .T. ) ;
#1208 = VERTEX_POINT ( 'NONE', #10250 ) ;
#1209 = CARTESIAN_POINT ( 'NONE',  ( 10.24999999999523048, 0.7169191983608357299, -127.0710678118655039 ) ) ;
#1210 = DIRECTION ( 'NONE',  ( -1.267377881992188131E-16, -1.000000000000000000, -1.267377881992188131E-16 ) ) ;
#1211 = DIRECTION ( 'NONE',  ( 0.000000000000000000, 1.000000000000000000, 1.267377881992188131E-16 ) ) ;
#1212 = ADVANCED_FACE ( 'NONE', ( #3844 ), #1155, .T. ) ;
#1213 = EDGE_CURVE ( 'NONE', #99, #1777, #274, .T. ) ;
#1214 = CIRCLE ( 'NONE', #10394, 3.000000000000002665 ) ;
#1215 = AXIS2_PLACEMENT_3D ( 'NONE', #4553, #8212, #7328 ) ;
#1216 = CARTESIAN_POINT ( 'NONE',  ( 8.000000000000001776, 224.9999999999999716, -114.2540333075851322 ) ) ;
#1217 = ORIENTED_EDGE ( 'NONE', *, *, #2624, .T. ) ;
#1218 = DIRECTION ( 'NONE',  ( 0.000000000000000000, 0.1537070062818697014, -0.9881164689548824764 ) ) ;
#1219 = ORIENTED_EDGE ( 'NONE', *, *, #5366, .F. ) ;
#1220 = CARTESIAN_POINT ( 'NONE',  ( 16.00000000000000000, 62.73828822863980292, -55.47999999999998977 ) ) ;
#1221 = ORIENTED_EDGE ( 'NONE', *, *, #6317, .F. ) ;
#1222 = FACE_OUTER_BOUND ( 'NONE', #11666, .T. ) ;
#1223 = VECTOR ( 'NONE', #8087, 1000.000000000000000 ) ;
#1224 = VECTOR ( 'NONE', #2756, 1000.000000000000000 ) ;
#1225 = ORIENTED_EDGE ( 'NONE', *, *, #839, .F. ) ;
#1226 = CARTESIAN_POINT ( 'NONE',  ( 16.00000000000000000, 30.73828822863979582, -56.36899999999999977 ) ) ;
#1227 = DIRECTION ( 'NONE',  ( -1.267377881992188131E-16, -1.000000000000000000, -1.267377881992188131E-16 ) ) ;
#1228 = EDGE_CURVE ( 'NONE', #7484, #7887, #7411, .T. ) ;
#1229 = VERTEX_POINT ( 'NONE', #6748 ) ;
#1230 = DIRECTION ( 'NONE',  ( 1.217349807703022609E-16, 0.000000000000000000, 1.000000000000000000 ) ) ;
#1231 = CARTESIAN_POINT ( 'NONE',  ( 15.00000000000000533, 234.9540378777807064, -7.939608593039406692 ) ) ;
#1232 = ORIENTED_EDGE ( 'NONE', *, *, #9387, .F. ) ;
#1233 = CIRCLE ( 'NONE', #8683, 8.000000000000007105 ) ;
#1234 = DIRECTION ( 'NONE',  ( -1.000000000000000000, 0.000000000000000000, 0.000000000000000000 ) ) ;
#1235 = DIRECTION ( 'NONE',  ( -1.000000000000000000, 1.267377881992188377E-16, 1.638342670903701786E-32 ) ) ;
#1236 = VECTOR ( 'NONE', #2313, 1000.000000000000114 ) ;
#1237 = ORIENTED_EDGE ( 'NONE', *, *, #4019, .F. ) ;
#1238 = DIRECTION ( 'NONE',  ( 0.000000000000000000, 0.000000000000000000, -1.000000000000000000 ) ) ;
#1239 = EDGE_LOOP ( 'NONE', ( #1443, #1332, #4893, #4184, #9091, #751, #4209, #5529 ) ) ;
#1240 = CARTESIAN_POINT ( 'NONE',  ( -0.7500000000000006661, 226.6819805153394327, 0.000000000000000000 ) ) ;
#1241 = ORIENTED_EDGE ( 'NONE', *, *, #11230, .T. ) ;
#1242 = EDGE_CURVE ( 'NONE', #3736, #1723, #4927, .T. ) ;
#1243 = CARTESIAN_POINT ( 'NONE',  ( 12.99999999999998757, 117.5000000000000000, -122.0000000000000000 ) ) ;
#1244 = VECTOR ( 'NONE', #1924, 1000.000000000000000 ) ;
#1245 = CARTESIAN_POINT ( 'NONE',  ( 13.00000000000000178, 226.9999999999999716, -66.99999999999998579 ) ) ;
#1246 = EDGE_CURVE ( 'NONE', #4952, #9382, #8802, .T. ) ;
#1247 = CARTESIAN_POINT ( 'NONE',  ( 13.00000000000000178, 226.9999999999999716, -38.49999999999999289 ) ) ;
#1248 = ORIENTED_EDGE ( 'NONE', *, *, #4618, .F. ) ;
#1249 = CARTESIAN_POINT ( 'NONE',  ( 15.00000000000000178, 5.938610986647701040, -0.3121677647737812200 ) ) ;
#1250 = VERTEX_POINT ( 'NONE', #10260 ) ;
#1251 = CARTESIAN_POINT ( 'NONE',  ( 24.00000000000000000, 39.65328822863979497, -109.9800000000000040 ) ) ;
#1252 = LINE ( 'NONE', #11356, #1587 ) ;
#1253 = VECTOR ( 'NONE', #7900, 1000.000000000000000 ) ;
#1254 = ORIENTED_EDGE ( 'NONE', *, *, #2169, .T. ) ;
#1255 = EDGE_CURVE ( 'NONE', #8286, #7939, #172, .T. ) ;
#1256 = DIRECTION ( 'NONE',  ( -0.000000000000000000, -0.000000000000000000, 1.000000000000000000 ) ) ;
#1257 = CARTESIAN_POINT ( 'NONE',  ( 13.00000000000000178, 226.9999999999999716, -66.99999999999998579 ) ) ;
#1258 = EDGE_CURVE ( 'NONE', #11327, #10329, #5657, .T. ) ;
#1259 = B_SPLINE_CURVE_WITH_KNOTS ( 'NONE', 3,
 ( #5330, #8088, #2650, #9873 ),
 .UNSPECIFIED., .F., .F.,
 ( 4, 4 ),
 ( 0.000000000000000000, 1.000000000000000000 ),
 .UNSPECIFIED. ) ;
#1260 = AXIS2_PLACEMENT_3D ( 'NONE', #124, #10157, #187 ) ;
#1261 = LINE ( 'NONE', #261, #5419 ) ;
#1262 = CARTESIAN_POINT ( 'NONE',  ( 13.00000000000001421, 82.99999999999998579, -8.000000000000001776 ) ) ;
#1263 = CARTESIAN_POINT ( 'NONE',  ( 16.00000000000000000, 87.66800501528138057, -90.52355645757714342 ) ) ;
#1264 = CARTESIAN_POINT ( 'NONE',  ( 16.00000000000000000, 102.9080050152813897, -40.61255645757714916 ) ) ;
#1265 = AXIS2_PLACEMENT_3D ( 'NONE', #4630, #5724, #8471 ) ;
#1266 = ORIENTED_EDGE ( 'NONE', *, *, #3445, .F. ) ;
#1267 = FACE_OUTER_BOUND ( 'NONE', #549, .T. ) ;
#1268 = ORIENTED_EDGE ( 'NONE', *, *, #5952, .F. ) ;
#1269 = VECTOR ( 'NONE', #3593, 1000.000000000000000 ) ;
#1270 = EDGE_CURVE ( 'NONE', #11610, #872, #5719, .T. ) ;
#1271 = DIRECTION ( 'NONE',  ( 1.000000000000000000, -0.000000000000000000, -0.000000000000000000 ) ) ;
#1272 = VECTOR ( 'NONE', #7126, 1000.000000000000000 ) ;
#1273 = CARTESIAN_POINT ( 'NONE',  ( 16.00000000000000000, 20.37152769304129762, -23.37060740926765945 ) ) ;
#1274 = FACE_BOUND ( 'NONE', #3914, .T. ) ;
#1275 = ORIENTED_EDGE ( 'NONE', *, *, #5104, .T. ) ;
#1276 = CARTESIAN_POINT ( 'NONE',  ( 16.00000000000000000, 58.23828822863978161, -20.51360740926767079 ) ) ;
#1277 = ORIENTED_EDGE ( 'NONE', *, *, #6618, .T. ) ;
#1278 = CARTESIAN_POINT ( 'NONE',  ( 8.000000000000000000, 0.000000000000000000, -130.0000000000000000 ) ) ;
#1279 = AXIS2_PLACEMENT_3D ( 'NONE', #9313, #4817, #2792 ) ;
#1280 = CYLINDRICAL_SURFACE ( 'NONE', #8117, 6.120000000000000107 ) ;
#1281 = ADVANCED_FACE ( 'NONE', ( #8464 ), #4248, .T. ) ;
#1282 = EDGE_CURVE ( 'NONE', #7887, #7715, #4437, .T. ) ;
#1283 = CARTESIAN_POINT ( 'NONE',  ( 14.86869354863676307, 102.9080050152813897, -40.61255645757714916 ) ) ;
#1284 = VERTEX_POINT ( 'NONE', #1696 ) ;
#1285 = DIRECTION ( 'NONE',  ( 0.000000000000000000, 1.000000000000000000, 0.000000000000000000 ) ) ;
#1286 = DIRECTION ( 'NONE',  ( 1.000000000000000000, -0.000000000000000000, -0.000000000000000000 ) ) ;
#1287 = ORIENTED_EDGE ( 'NONE', *, *, #8654, .T. ) ;
#1288 = CARTESIAN_POINT ( 'NONE',  ( 56.31128874149275276, 73.10504876423827625, -21.51360740926764592 ) ) ;
#1289 = DIRECTION ( 'NONE',  ( 0.000000000000000000, 1.000000000000000000, -0.000000000000000000 ) ) ;
#1290 = ORIENTED_EDGE ( 'NONE', *, *, #1517, .T. ) ;
#1291 = CARTESIAN_POINT ( 'NONE',  ( 15.00000000000000000, 10.00000000000012079, -130.0000000000000000 ) ) ;
#1292 = VERTEX_POINT ( 'NONE', #2666 ) ;
#1293 = FACE_OUTER_BOUND ( 'NONE', #6177, .T. ) ;
#1294 = CARTESIAN_POINT ( 'NONE',  ( 0.000000000000000000, 46.50000000000000000, 0.000000000000000000 ) ) ;
#1295 = AXIS2_PLACEMENT_3D ( 'NONE', #2572, #1480, #3279 ) ;
#1296 = CIRCLE ( 'NONE', #5295, 0.8890000000000009006 ) ;
#1297 = AXIS2_PLACEMENT_3D ( 'NONE', #1853, #828, #7185 ) ;
#1298 = EDGE_CURVE ( 'NONE', #1028, #10769, #6378, .T. ) ;
#1299 = DIRECTION ( 'NONE',  ( -1.000000000000000000, 0.000000000000000000, 0.000000000000000000 ) ) ;
#1300 = CARTESIAN_POINT ( 'NONE',  ( 8.000000000000000000, 135.9280050152813999, -87.18255645757712102 ) ) ;
#1301 = PLANE ( 'NONE',  #6002 ) ;
#1302 = VECTOR ( 'NONE', #8034, 1000.000000000000000 ) ;
#1303 = EDGE_LOOP ( 'NONE', ( #9540, #1947, #6374, #2140 ) ) ;
#1304 = AXIS2_PLACEMENT_3D ( 'NONE', #6929, #7932, #4046 ) ;
#1305 = PLANE ( 'NONE',  #1863 ) ;
#1306 = ORIENTED_EDGE ( 'NONE', *, *, #10418, .F. ) ;
#1307 = CARTESIAN_POINT ( 'NONE',  ( 0.000000000000000000, 8.000000000000000000, -1.880000000000030091 ) ) ;
#1308 = DIRECTION ( 'NONE',  ( -1.000000000000000000, 0.000000000000000000, 0.000000000000000000 ) ) ;
#1309 = ORIENTED_EDGE ( 'NONE', *, *, #2697, .F. ) ;
#1310 = EDGE_CURVE ( 'NONE', #5649, #7275, #1758, .T. ) ;
#1311 = CIRCLE ( 'NONE', #9155, 3.000000000000002665 ) ;
#1312 = DIRECTION ( 'NONE',  ( 1.000000000000000000, 0.000000000000000000, 0.000000000000000000 ) ) ;
#1313 = LINE ( 'NONE', #5754, #10859 ) ;
#1314 = FACE_OUTER_BOUND ( 'NONE', #5801, .T. ) ;
#1315 = CARTESIAN_POINT ( 'NONE',  ( -0.000000000000000000, 7.271350624635116944, -0.1004369079981025231 ) ) ;
#1316 = FACE_OUTER_BOUND ( 'NONE', #7744, .T. ) ;
#1317 = LINE ( 'NONE', #4010, #3966 ) ;
#1318 = DIRECTION ( 'NONE',  ( -1.000000000000000000, 0.000000000000000000, 0.000000000000000000 ) ) ;
#1319 = ORIENTED_EDGE ( 'NONE', *, *, #7773, .T. ) ;
#1320 = LINE ( 'NONE', #4967, #3113 ) ;
#1321 = EDGE_CURVE ( 'NONE', #8000, #10598, #3424, .T. ) ;
#1322 = ORIENTED_EDGE ( 'NONE', *, *, #3259, .T. ) ;
#1323 = DIRECTION ( 'NONE',  ( 1.000000000000000000, 0.000000000000000000, 0.000000000000000000 ) ) ;
#1324 = ORIENTED_EDGE ( 'NONE', *, *, #11383, .F. ) ;
#1325 = CYLINDRICAL_SURFACE ( 'NONE', #7931, 3.000000000000002665 ) ;
#1326 = VECTOR ( 'NONE', #9022, 1000.000000000000000 ) ;
#1327 = FACE_OUTER_BOUND ( 'NONE', #2404, .T. ) ;
#1328 = CARTESIAN_POINT ( 'NONE',  ( 6.999999999999999112, 8.000000000000000000, -8.000000000000028422 ) ) ;
#1329 = ORIENTED_EDGE ( 'NONE', *, *, #53, .F. ) ;
#1330 = EDGE_CURVE ( 'NONE', #11428, #10912, #9064, .T. ) ;
#1331 = LINE ( 'NONE', #4131, #4920 ) ;
#1332 = ORIENTED_EDGE ( 'NONE', *, *, #6583, .F. ) ;
#1333 = CARTESIAN_POINT ( 'NONE',  ( 12.95843050365776072, 35.10970364866715698, -119.2653260760224327 ) ) ;
#1334 = EDGE_CURVE ( 'NONE', #5759, #4128, #3666, .T. ) ;
#1335 = CIRCLE ( 'NONE', #2881, 3.680148828669054684 ) ;
#1336 = CARTESIAN_POINT ( 'NONE',  ( 0.000000000000000000, 0.000000000000000000, 0.000000000000000000 ) ) ;
#1337 = FACE_OUTER_BOUND ( 'NONE', #4534, .T. ) ;
#1338 = CARTESIAN_POINT ( 'NONE',  ( 0.000000000000000000, 0.000000000000000000, -130.0000000000000000 ) ) ;
#1339 = EDGE_CURVE ( 'NONE', #5996, #7070, #5921, .T. ) ;
#1340 = ORIENTED_EDGE ( 'NONE', *, *, #4431, .F. ) ;
#1341 = EDGE_CURVE ( 'NONE', #3841, #2447, #11107, .T. ) ;
#1342 = CARTESIAN_POINT ( 'NONE',  ( 0.000000000000000000, 82.99999999999998579, -91.50000000000000000 ) ) ;
#1343 = CARTESIAN_POINT ( 'NONE',  ( 4.750000000000000000, -0.000000000000000000, -10.00000000000000000 ) ) ;
#1344 = ORIENTED_EDGE ( 'NONE', *, *, #5079, .T. ) ;
#1345 = DIRECTION ( 'NONE',  ( 1.000000000000000000, -0.000000000000000000, -0.000000000000000000 ) ) ;
#1346 = CARTESIAN_POINT ( 'NONE',  ( 12.99999999999997691, 35.23929827925295655, -120.0000000000000284 ) ) ;
#1347 = AXIS2_PLACEMENT_3D ( 'NONE', #650, #9094, #3329 ) ;
#1348 = DIRECTION ( 'NONE',  ( 0.000000000000000000, 0.000000000000000000, -1.000000000000000000 ) ) ;
#1349 = ORIENTED_EDGE ( 'NONE', *, *, #211, .F. ) ;
#1350 = DIRECTION ( 'NONE',  ( 1.000000000000000000, -0.000000000000000000, -0.000000000000000000 ) ) ;
#1351 = DIRECTION ( 'NONE',  ( 0.000000000000000000, 0.000000000000000000, -1.000000000000000000 ) ) ;
#1352 = DIRECTION ( 'NONE',  ( 0.000000000000000000, -1.000000000000000000, -1.267377881992188377E-16 ) ) ;
#1353 = ADVANCED_FACE ( 'NONE', ( #7336 ), #2599, .T. ) ;
#1354 = ORIENTED_EDGE ( 'NONE', *, *, #10156, .T. ) ;
#1355 = EDGE_CURVE ( 'NONE', #7415, #10196, #10081, .T. ) ;
#1356 = CARTESIAN_POINT ( 'NONE',  ( 56.31128874149275276, 64.23828822863977450, -20.51360740926767079 ) ) ;
#1357 = ORIENTED_EDGE ( 'NONE', *, *, #8541, .T. ) ;
#1358 = LINE ( 'NONE', #1251, #2477 ) ;
#1359 = EDGE_LOOP ( 'NONE', ( #323, #10409, #10391, #5546 ) ) ;
#1360 = LINE ( 'NONE', #11302, #10971 ) ;
#1361 = EDGE_LOOP ( 'NONE', ( #11113, #7327 ) ) ;
#1362 = CIRCLE ( 'NONE', #237, 3.680148828669058236 ) ;
#1363 = DIRECTION ( 'NONE',  ( 0.000000000000000000, 0.000000000000000000, 1.000000000000000000 ) ) ;
#1364 = CARTESIAN_POINT ( 'NONE',  ( -0.000000000000000000, 0.07162475718874337927, -122.4119519076093212 ) ) ;
#1365 = CARTESIAN_POINT ( 'NONE',  ( -0.000000000000000000, 234.8758707979215217, -122.9850756509895149 ) ) ;
#1366 = CARTESIAN_POINT ( 'NONE',  ( 0.000000000000000000, 7.979415714894989776E-15, -34.50000000000001421 ) ) ;
#1367 = CARTESIAN_POINT ( 'NONE',  ( 8.000000000000000000, 188.5000000000000000, -122.0000000000000000 ) ) ;
#1368 = EDGE_CURVE ( 'NONE', #9671, #6506, #8362, .T. ) ;
#1369 = AXIS2_PLACEMENT_3D ( 'NONE', #2063, #2246, #4864 ) ;
#1370 = CARTESIAN_POINT ( 'NONE',  ( 16.00000000000000000, 203.4716895539514780, -74.56888136388647581 ) ) ;
#1371 = CARTESIAN_POINT ( 'NONE',  ( 56.31128874149275276, 203.4716895539514780, -17.45788136388648581 ) ) ;
#1372 = CARTESIAN_POINT ( 'NONE',  ( 5.839999999999999858, 154.4716895539514496, -17.45788136388649292 ) ) ;
#1373 = ORIENTED_EDGE ( 'NONE', *, *, #5678, .F. ) ;
#1374 = VERTEX_POINT ( 'NONE', #6582 ) ;
#1375 = DIRECTION ( 'NONE',  ( 0.000000000000000000, 0.000000000000000000, 1.000000000000000000 ) ) ;
#1376 = AXIS2_PLACEMENT_3D ( 'NONE', #1788, #2505, #6344 ) ;
#1377 = DIRECTION ( 'NONE',  ( 0.000000000000000000, 0.000000000000000000, -1.000000000000000000 ) ) ;
#1378 = ADVANCED_FACE ( 'NONE', ( #8482 ), #8421, .F. ) ;
#1379 = CARTESIAN_POINT ( 'NONE',  ( 56.31128874149275276, 102.9080050152813897, -40.61255645757714916 ) ) ;
#1380 = EDGE_CURVE ( 'NONE', #7677, #5441, #3934, .T. ) ;
#1381 = CARTESIAN_POINT ( 'NONE',  ( 8.000000000000010658, 46.50000000000000000, -38.50000000000000711 ) ) ;
#1382 = ORIENTED_EDGE ( 'NONE', *, *, #538, .F. ) ;
#1383 = ORIENTED_EDGE ( 'NONE', *, *, #6418, .F. ) ;
#1384 = VERTEX_POINT ( 'NONE', #9883 ) ;
#1385 = SURFACE_STYLE_USAGE ( .BOTH. , #9590 ) ;
#1386 = ORIENTED_EDGE ( 'NONE', *, *, #5625, .F. ) ;
#1387 = EDGE_CURVE ( 'NONE', #2849, #2971, #7816, .T. ) ;
#1388 = AXIS2_PLACEMENT_3D ( 'NONE', #1998, #9297, #3964 ) ;
#1389 = AXIS2_PLACEMENT_3D ( 'NONE', #210, #4667, #6551 ) ;
#1390 = CARTESIAN_POINT ( 'NONE',  ( 12.99999999999997868, 42.50000000000003553, -67.00000000000001421 ) ) ;
#1391 = CARTESIAN_POINT ( 'NONE',  ( 56.31128874149275276, 135.9280050152813999, -89.68255645757714944 ) ) ;
#1392 = DIRECTION ( 'NONE',  ( 0.000000000000000000, 1.000000000000000000, 0.000000000000000000 ) ) ;
#1393 = ORIENTED_EDGE ( 'NONE', *, *, #5763, .F. ) ;
#1394 = CARTESIAN_POINT ( 'NONE',  ( -0.000000000000000000, 234.6669079913991709, -5.843758583630621395 ) ) ;
#1395 = EDGE_CURVE ( 'NONE', #4128, #9019, #11458, .T. ) ;
#1396 = ORIENTED_EDGE ( 'NONE', *, *, #9775, .T. ) ;
#1397 = LINE ( 'NONE', #3371, #3513 ) ;
#1398 = VECTOR ( 'NONE', #1865, 1000.000000000000000 ) ;
#1399 = CARTESIAN_POINT ( 'NONE',  ( 13.00000000000000888, 156.0000000000000000, -34.50000000000000000 ) ) ;
#1400 = AXIS2_PLACEMENT_3D ( 'NONE', #5689, #1977, #10168 ) ;
#1401 = FACE_OUTER_BOUND ( 'NONE', #11496, .T. ) ;
#1402 = EDGE_CURVE ( 'NONE', #10736, #8241, #1944, .T. ) ;
#1403 = DIRECTION ( 'NONE',  ( 0.000000000000000000, 0.000000000000000000, 1.000000000000000000 ) ) ;
#1404 = DIRECTION ( 'NONE',  ( 0.000000000000000000, 1.000000000000000000, 1.267377881992188131E-16 ) ) ;
#1405 = AXIS2_PLACEMENT_3D ( 'NONE', #10512, #5053, #2319 ) ;
#1406 = CONICAL_SURFACE ( 'NONE', #2200, 3.000000000000002665, 0.3490658503988592343 ) ;
#1407 = CARTESIAN_POINT ( 'NONE',  ( 0.000000000000000000, 8.496496751003460758E-15, -10.00000000000001421 ) ) ;
#1408 = CARTESIAN_POINT ( 'NONE',  ( 15.00000000000000000, 0.2606057747624049292, -6.167515286866414037 ) ) ;
#1409 = ORIENTED_EDGE ( 'NONE', *, *, #11582, .F. ) ;
#1410 = DIRECTION ( 'NONE',  ( -1.267377881992188131E-16, -1.000000000000000000, -1.267377881992188131E-16 ) ) ;
#1411 = DIRECTION ( 'NONE',  ( 0.3420201433256641055, 0.9396926207859100932, 0.000000000000000000 ) ) ;
#1412 = B_SPLINE_CURVE_WITH_KNOTS ( 'NONE', 3,
 ( #5296, #5537, #6627, #9371, #3920, #7526, #2786, #4687, #10261, #10023, #2851, #2905, #10984, #6509, #4627, #5596, #2071, #11222, #9138, #1052, #228, #10142, #3857, #1834, #7472, #7582, #11161, #2965, #2011, #8284, #5720, #1166, #5658, #4809, #1948, #9193, #9248, #939, #8465, #286, #3030, #6450, #173, #992, #5476, #6569, #8348 ),
 .UNSPECIFIED., .F., .F.,
 ( 4, 1, 1, 1, 1, 1, 1, 2, 2, 1, 1, 1, 1, 1, 1, 2, 2, 2, 1, 1, 1, 1, 1, 1, 1, 2, 2, 1, 1, 1, 1, 1, 1, 2, 2, 4 ),
 ( 0.000000000000000000, 0.06250000000049422966, 0.09375000000073888118, 0.1093750000008611029, 0.1171875000009222068, 0.1210937500009561518, 0.1230468750009765938, 0.1240234375009830886, 0.1250000000009895695, 0.1875000000011227408, 0.2187500000011918522, 0.2343750000012259083, 0.2421875000012403412, 0.2460937500012475576, 0.2480468750012479739, 0.2490234375012481682, 0.2500000000012483348, 0.5000000000009299228, 0.6250000000007727152, 0.6875000000006941114, 0.7187500000006525891, 0.7343750000006311618, 0.7421875000006192824, 0.7460937500006117329, 0.7480468750006074030, 0.7490234375006064038, 0.7500000000006052936, 0.8125000000004475309, 0.8437500000003699263, 0.8593750000003312906, 0.8671875000003117506, 0.8710937500003030909, 0.8730468750002996492, 0.8740234375002978728, 0.8750000000002962075, 1.000000000000000000 ),
 .UNSPECIFIED. ) ;
#1413 = EDGE_LOOP ( 'NONE', ( #4578, #6389, #486, #1601 ) ) ;
#1414 = EDGE_CURVE ( 'NONE', #5996, #3307, #858, .T. ) ;
#1415 = EDGE_CURVE ( 'NONE', #2925, #9363, #1362, .T. ) ;
#1417 = ORIENTED_EDGE ( 'NONE', *, *, #2105, .F. ) ;
#1416 = CARTESIAN_POINT ( 'NONE',  ( 12.99999999999997691, 35.55040939036406655, -122.0000000000000000 ) ) ;
#1418 = CARTESIAN_POINT ( 'NONE',  ( -0.000000000000000000, 234.6878322352227713, -124.0613890134151376 ) ) ;
#1419 = DIRECTION ( 'NONE',  ( 0.000000000000000000, 1.267377881992188131E-16, -1.000000000000000000 ) ) ;
#1420 = FACE_OUTER_BOUND ( 'NONE', #5522, .T. ) ;
#1421 = VERTEX_POINT ( 'NONE', #9658 ) ;
#1422 = LINE ( 'NONE', #540, #3561 ) ;
#1423 = VECTOR ( 'NONE', #726, 1000.000000000000000 ) ;
#1424 = CARTESIAN_POINT ( 'NONE',  ( 0.000000000000000000, 226.9999999999999716, -121.9999999999999716 ) ) ;
#1425 = ORIENTED_EDGE ( 'NONE', *, *, #10541, .F. ) ;
#1426 = VERTEX_POINT ( 'NONE', #4433 ) ;
#1427 = FACE_OUTER_BOUND ( 'NONE', #2035, .T. ) ;
#1428 = ORIENTED_EDGE ( 'NONE', *, *, #11055, .T. ) ;
#1429 = ADVANCED_FACE ( 'NONE', ( #1752 ), #5395, .T. ) ;
#1430 = AXIS2_PLACEMENT_3D ( 'NONE', #4705, #7428, #9327 ) ;
#1431 = DIRECTION ( 'NONE',  ( 1.000000000000000000, 0.000000000000000000, 0.000000000000000000 ) ) ;
#1432 = LINE ( 'NONE', #667, #1032 ) ;
#1433 = CARTESIAN_POINT ( 'NONE',  ( 0.000000000000000000, 82.99999999999998579, -38.50000000000000711 ) ) ;
#1434 = ORIENTED_EDGE ( 'NONE', *, *, #3183, .F. ) ;
#1435 = VERTEX_POINT ( 'NONE', #3153 ) ;
#1436 = ORIENTED_EDGE ( 'NONE', *, *, #11786, .F. ) ;
#1437 = LINE ( 'NONE', #2184, #1099 ) ;
#1438 = ORIENTED_EDGE ( 'NONE', *, *, #7850, .F. ) ;
#1439 = VECTOR ( 'NONE', #5228, 1000.000000000000000 ) ;
#1440 = CIRCLE ( 'NONE', #9853, 6.119999999999986784 ) ;
#1441 = EDGE_CURVE ( 'NONE', #8100, #11783, #5277, .T. ) ;
#1442 = CARTESIAN_POINT ( 'NONE',  ( 13.00000000000001421, 8.000000000000000000, -8.000000000000028422 ) ) ;
#1443 = ORIENTED_EDGE ( 'NONE', *, *, #9401, .T. ) ;
#1444 = DIRECTION ( 'NONE',  ( 1.000000000000000000, 0.000000000000000000, 0.000000000000000000 ) ) ;
#1445 = FACE_OUTER_BOUND ( 'NONE', #6338, .T. ) ;
#1446 = DIRECTION ( 'NONE',  ( -0.000000000000000000, 1.000000000000000000, 1.181088324069315694E-16 ) ) ;
#1447 = CARTESIAN_POINT ( 'NONE',  ( -0.000000000000000000, 234.3060401939311816, -4.574806598878438990 ) ) ;
#1448 = EDGE_CURVE ( 'NONE', #2078, #11773, #2726, .T. ) ;
#1449 = ORIENTED_EDGE ( 'NONE', *, *, #8504, .T. ) ;
#1450 = LINE ( 'NONE', #11515, #9809 ) ;
#1451 = EDGE_CURVE ( 'NONE', #941, #8334, #8653, .T. ) ;
#1452 = VECTOR ( 'NONE', #2618, 1000.000000000000000 ) ;
#1453 = DIRECTION ( 'NONE',  ( -2.434699615406045218E-16, 0.000000000000000000, -1.000000000000000000 ) ) ;
#1454 = CARTESIAN_POINT ( 'NONE',  ( 16.00000000000000000, 102.9080050152813897, -40.61255645757714916 ) ) ;
#1455 = DIRECTION ( 'NONE',  ( 0.000000000000000000, 0.000000000000000000, -1.000000000000000000 ) ) ;
#1456 = LINE ( 'NONE', #2373, #3527 ) ;
#1457 = VERTEX_POINT ( 'NONE', #6874 ) ;
#1458 = CARTESIAN_POINT ( 'NONE',  ( 14.99999999999999822, 0.3330920086010785153, -5.843758583630555670 ) ) ;
#1459 = VERTEX_POINT ( 'NONE', #2316 ) ;
#1460 = DIRECTION ( 'NONE',  ( 1.000000000000000000, -0.000000000000000000, -0.000000000000000000 ) ) ;
#1461 = CIRCLE ( 'NONE', #11412, 6.120000000000000107 ) ;
#1462 = ADVANCED_FACE ( 'NONE', ( #1401 ), #5049, .F. ) ;
#1463 = VECTOR ( 'NONE', #8108, 1000.000000000000000 ) ;
#1464 = CARTESIAN_POINT ( 'NONE',  ( 16.00000000000000000, 203.4716895539514780, -78.45788136388648581 ) ) ;
#1465 = AXIS2_PLACEMENT_3D ( 'NONE', #3878, #3991, #10224 ) ;
#1466 = ORIENTED_EDGE ( 'NONE', *, *, #6799, .F. ) ;
#1467 = DIRECTION ( 'NONE',  ( 0.000000000000000000, 0.000000000000000000, 1.000000000000000000 ) ) ;
#1469 = ORIENTED_EDGE ( 'NONE', *, *, #4781, .T. ) ;
#1468 = CARTESIAN_POINT ( 'NONE',  ( 0.000000000000000000, 46.50000000000000000, -95.50000000000001421 ) ) ;
#1470 = CIRCLE ( 'NONE', #4338, 1.142999999999994687 ) ;
#1471 = EDGE_CURVE ( 'NONE', #7177, #7706, #1818, .T. ) ;
#1472 = VECTOR ( 'NONE', #4242, 1000.000000000000000 ) ;
#1473 = CARTESIAN_POINT ( 'NONE',  ( -0.000000000000000000, 234.6803662604035594, -124.0956445044873107 ) ) ;
#1474 = VECTOR ( 'NONE', #3500, 1000.000000000000000 ) ;
#1475 = FACE_OUTER_BOUND ( 'NONE', #4344, .T. ) ;
#1476 = ORIENTED_EDGE ( 'NONE', *, *, #9819, .F. ) ;
#1477 = CARTESIAN_POINT ( 'NONE',  ( 12.99999999999998401, 87.66800501528138057, -91.41255645757715342 ) ) ;
#1478 = ORIENTED_EDGE ( 'NONE', *, *, #2882, .F. ) ;
#1479 = CARTESIAN_POINT ( 'NONE',  ( 8.000000000000000000, 135.9261055670181690, -38.50000000000000711 ) ) ;
#1480 = DIRECTION ( 'NONE',  ( -1.000000000000000000, -0.000000000000000000, -0.000000000000000000 ) ) ;
#1481 = ORIENTED_EDGE ( 'NONE', *, *, #768, .F. ) ;
#1482 = ADVANCED_FACE ( 'NONE', ( #213 ), #9121, .F. ) ;
#1483 = EDGE_LOOP ( 'NONE', ( #3825, #10683, #11052, #7892, #6669, #4666, #3868, #6398, #9148, #11357, #10577, #1466, #9739, #1425, #2048, #4966, #4669, #1779, #8807, #9426, #11056, #6131, #3869, #5413, #7388 ) ) ;
#1484 = CARTESIAN_POINT ( 'NONE',  ( 6.999999999999999112, 117.5000000000000000, -5.250000000000013323 ) ) ;
#1485 = EDGE_CURVE ( 'NONE', #9967, #10908, #3607, .T. ) ;
#1486 = CIRCLE ( 'NONE', #9164, 0.8890000000000009006 ) ;
#1487 = VECTOR ( 'NONE', #6697, 1000.000000000000000 ) ;
#1488 = VECTOR ( 'NONE', #2733, 1000.000000000000000 ) ;
#1489 = ORIENTED_EDGE ( 'NONE', *, *, #7897, .T. ) ;
#1490 = LINE ( 'NONE', #4297, #1615 ) ;
#1491 = CARTESIAN_POINT ( 'NONE',  ( 0.000000000000000000, 78.99999999999998579, -120.0000000000000142 ) ) ;
#1492 = PLANE ( 'NONE',  #7346 ) ;
#1493 = DIRECTION ( 'NONE',  ( 0.000000000000000000, 0.000000000000000000, 1.000000000000000000 ) ) ;
#1494 = CARTESIAN_POINT ( 'NONE',  ( 0.000000000000000000, 226.9999999999999716, -14.11999999999998856 ) ) ;
#1495 = EDGE_LOOP ( 'NONE', ( #9643, #10226, #10291, #6867 ) ) ;
#1496 = ORIENTED_EDGE ( 'NONE', *, *, #4781, .F. ) ;
#1497 = ORIENTED_EDGE ( 'NONE', *, *, #9763, .F. ) ;
#1498 = EDGE_CURVE ( 'NONE', #10718, #1594, #4825, .T. ) ;
#1499 = ORIENTED_EDGE ( 'NONE', *, *, #2680, .F. ) ;
#1500 = CARTESIAN_POINT ( 'NONE',  ( 15.75000000000000000, 224.9999999999999716, 0.000000000000000000 ) ) ;
#1501 = ORIENTED_EDGE ( 'NONE', *, *, #9110, .T. ) ;
#1502 = CARTESIAN_POINT ( 'NONE',  ( 8.000000000000000000, 217.0000000000000284, -83.62000000000000455 ) ) ;
#1503 = CARTESIAN_POINT ( 'NONE',  ( 0.000000000000000000, 7.979415714894989776E-15, -63.00000000000001421 ) ) ;
#1504 = B_SPLINE_CURVE_WITH_KNOTS ( 'NONE', 3,
 ( #9378, #1173, #997, #8291, #345, #3746, #10608, #5161, #8761, #4035, #5953, #11512, #11285, #4092, #4142, #399, #7752, #5898, #6869, #3306, #622, #3090, #10556, #509, #11397, #1447, #5840, #6811, #6010, #9602, #2257, #7693, #1394, #10446, #9711, #7810, #3200, #11453, #10502, #2197, #4255, #8819, #4988, #6756, #8645, #6976, #2310 ),
 .UNSPECIFIED., .F., .F.,
 ( 4, 1, 1, 1, 1, 1, 1, 2, 2, 1, 1, 1, 1, 1, 1, 2, 2, 2, 1, 1, 1, 1, 1, 1, 1, 2, 2, 1, 1, 1, 1, 1, 1, 2, 2, 4 ),
 ( 0.000000000000000000, 0.06250000000042642279, 0.09375000000063962724, 0.1093750000007462364, 0.1171875000008027606, 0.1210937500008276435, 0.1230468750008400780, 0.1240234375008427703, 0.1250000000008454626, 0.1875000000007726875, 0.2187500000007363277, 0.2343750000007181478, 0.2421875000007090717, 0.2460937500007071566, 0.2480468750007088496, 0.2490234375007070455, 0.2500000000007052137, 0.5000000000004364287, 0.6250000000003000933, 0.6875000000002320366, 0.7187500000001988409, 0.7343750000001816325, 0.7421875000001725287, 0.7460937500001680878, 0.7480468750001663114, 0.7490234375001649791, 0.7500000000001636469, 0.8125000000001164624, 0.8437500000000925926, 0.8593750000000807132, 0.8671875000000748290, 0.8710937500000718314, 0.8730468750000704992, 0.8740234375000699441, 0.8750000000000693889, 1.000000000000000000 ),
 .UNSPECIFIED. ) ;
#1505 = ORIENTED_EDGE ( 'NONE', *, *, #3636, .F. ) ;
#1506 = LINE ( 'NONE', #8162, #3016 ) ;
#1507 = DIRECTION ( 'NONE',  ( 0.000000000000000000, 0.000000000000000000, 1.000000000000000000 ) ) ;
#1508 = AXIS2_PLACEMENT_3D ( 'NONE', #5856, #414, #7551 ) ;
#1509 = DIRECTION ( 'NONE',  ( -1.000000000000000000, 0.000000000000000000, 0.000000000000000000 ) ) ;
#1510 = EDGE_CURVE ( 'NONE', #1756, #426, #7279, .T. ) ;
#1511 = DIRECTION ( 'NONE',  ( -1.000000000000000000, 0.000000000000000000, 0.000000000000000000 ) ) ;
#1512 = ORIENTED_EDGE ( 'NONE', *, *, #3014, .F. ) ;
#1513 = CARTESIAN_POINT ( 'NONE',  ( 14.86869354863674175, 35.23828822863978161, -20.51360740926767079 ) ) ;
#1514 = CIRCLE ( 'NONE', #10508, 8.000000000000005329 ) ;
#1515 = LINE ( 'NONE', #11830, #8141 ) ;
#1516 = DIRECTION ( 'NONE',  ( 0.000000000000000000, 1.000000000000000000, 1.188166764367676342E-16 ) ) ;
#1517 = EDGE_CURVE ( 'NONE', #3922, #8198, #3843, .T. ) ;
#1518 = DIRECTION ( 'NONE',  ( 0.000000000000000000, 0.000000000000000000, -1.000000000000000000 ) ) ;
#1519 = CARTESIAN_POINT ( 'NONE',  ( 9.671428985830765157, 156.0000000000000000, -80.10798570452386969 ) ) ;
#1520 = LINE ( 'NONE', #7763, #11167 ) ;
#1521 = VERTEX_POINT ( 'NONE', #10911 ) ;
#1522 = CARTESIAN_POINT ( 'NONE',  ( 8.000000000000000000, 0.000000000000000000, 0.000000000000000000 ) ) ;
#1523 = EDGE_LOOP ( 'NONE', ( #9397, #3053, #9009, #3689 ) ) ;
#1524 = CARTESIAN_POINT ( 'NONE',  ( 13.00000000000000178, 226.9999999999999716, -91.49999999999998579 ) ) ;
#1525 = AXIS2_PLACEMENT_3D ( 'NONE', #10505, #7697, #11343 ) ;
#1526 = ORIENTED_EDGE ( 'NONE', *, *, #4174, .T. ) ;
#1527 = DIRECTION ( 'NONE',  ( 0.000000000000000000, 0.000000000000000000, -1.000000000000000000 ) ) ;
#1528 = ORIENTED_EDGE ( 'NONE', *, *, #4389, .F. ) ;
#1529 = DIRECTION ( 'NONE',  ( 0.000000000000000000, -0.000000000000000000, 1.000000000000000000 ) ) ;
#1531 = EDGE_LOOP ( 'NONE', ( #2653, #302, #9571, #1746 ) ) ;
#1530 = DIRECTION ( 'NONE',  ( -1.000000000000000000, -0.000000000000000000, -0.000000000000000000 ) ) ;
#1532 = AXIS2_PLACEMENT_3D ( 'NONE', #8267, #6248, #4495 ) ;
#1533 = EDGE_CURVE ( 'NONE', #3791, #6458, #1090, .T. ) ;
#1534 = CARTESIAN_POINT ( 'NONE',  ( -0.000000000000000000, 229.3120182745995805, -129.6308390788155123 ) ) ;
#1535 = CARTESIAN_POINT ( 'NONE',  ( 13.00000000000001421, 226.9999999999999716, -8.000000000000001776 ) ) ;
#1536 = DIRECTION ( 'NONE',  ( -2.434699615406045218E-16, 0.000000000000000000, -1.000000000000000000 ) ) ;
#1537 = ORIENTED_EDGE ( 'NONE', *, *, #5784, .T. ) ;
#1538 = DIRECTION ( 'NONE',  ( -1.000000000000000000, -0.000000000000000000, -0.000000000000000000 ) ) ;
#1539 = EDGE_LOOP ( 'NONE', ( #11021, #2445, #11105, #6620 ) ) ;
#1540 = CARTESIAN_POINT ( 'NONE',  ( 15.00000000000000000, 235.0000000000000000, -120.0000000000000142 ) ) ;
#1541 = PLANE ( 'NONE',  #3588 ) ;
#1542 = ORIENTED_EDGE ( 'NONE', *, *, #5716, .T. ) ;
#1543 = VERTEX_POINT ( 'NONE', #4735 ) ;
#1544 = FACE_OUTER_BOUND ( 'NONE', #5862, .T. ) ;
#1545 = VECTOR ( 'NONE', #10010, 1000.000000000000114 ) ;
#1546 = EDGE_CURVE ( 'NONE', #3608, #2673, #2716, .T. ) ;
#1547 = ORIENTED_EDGE ( 'NONE', *, *, #2773, .F. ) ;
#1548 = CARTESIAN_POINT ( 'NONE',  ( 13.00000000000001066, 58.40343705730879975, -112.9800000000000040 ) ) ;
#1549 = ADVANCED_FACE ( 'NONE', ( #11143 ), #2164, .T. ) ;
#1550 = CARTESIAN_POINT ( 'NONE',  ( 5.000000000000001776, 224.9999999999999716, -130.0000000000000000 ) ) ;
#1551 = CIRCLE ( 'NONE', #3268, 5.500000000000032863 ) ;
#1552 = DIRECTION ( 'NONE',  ( 0.000000000000000000, 0.07710059492488061106, 0.9970233188156781834 ) ) ;
#1553 = CYLINDRICAL_SURFACE ( 'NONE', #9512, 3.000000000000009770 ) ;
#1554 = DIRECTION ( 'NONE',  ( 2.168404344971007389E-16, 0.000000000000000000, 1.000000000000000000 ) ) ;
#1555 = VERTEX_POINT ( 'NONE', #2051 ) ;
#1556 = VERTEX_POINT ( 'NONE', #34 ) ;
#1557 = ORIENTED_EDGE ( 'NONE', *, *, #4043, .F. ) ;
#1558 = CARTESIAN_POINT ( 'NONE',  ( 4.750000000000000000, -3.903127820947815962E-16, -6.636038969321074177 ) ) ;
#1559 = LINE ( 'NONE', #1749, #4148 ) ;
#1560 = ORIENTED_EDGE ( 'NONE', *, *, #563, .F. ) ;
#1561 = CIRCLE ( 'NONE', #7321, 3.000000000000009770 ) ;
#1562 = PLANE ( 'NONE',  #5922 ) ;
#1563 = LINE ( 'NONE', #3482, #61 ) ;
#1564 = VERTEX_POINT ( 'NONE', #3664 ) ;
#1565 = EDGE_CURVE ( 'NONE', #1844, #7049, #5198, .T. ) ;
#1566 = ADVANCED_FACE ( 'NONE', ( #5202 ), #5268, .F. ) ;
#1567 = CARTESIAN_POINT ( 'NONE',  ( 16.00000000000000000, 135.9280050152813999, -92.68255645757714944 ) ) ;
#1568 = AXIS2_PLACEMENT_3D ( 'NONE', #3361, #10602, #11565 ) ;
#1569 = FACE_OUTER_BOUND ( 'NONE', #1172, .T. ) ;
#1570 = AXIS2_PLACEMENT_3D ( 'NONE', #921, #4671, #9292 ) ;
#1571 = LINE ( 'NONE', #6491, #2791 ) ;
#1572 = CARTESIAN_POINT ( 'NONE',  ( 0.000000000000000000, 0.000000000000000000, 0.000000000000000000 ) ) ;
#1573 = DIRECTION ( 'NONE',  ( 1.000000000000000000, -0.000000000000000000, -0.000000000000000000 ) ) ;
#1574 = ORIENTED_EDGE ( 'NONE', *, *, #4097, .T. ) ;
#1575 = VERTEX_POINT ( 'NONE', #1684 ) ;
#1576 = DIRECTION ( 'NONE',  ( -0.000000000000000000, 0.9881164689548824764, 0.1537070062818697014 ) ) ;
#1577 = AXIS2_PLACEMENT_3D ( 'NONE', #6232, #9867, #5379 ) ;
#1578 = EDGE_CURVE ( 'NONE', #6839, #7401, #10358, .T. ) ;
#1579 = DIRECTION ( 'NONE',  ( 1.000000000000000000, -0.000000000000000000, -0.000000000000000000 ) ) ;
#1580 = CARTESIAN_POINT ( 'NONE',  ( 15.00000000000000000, 125.5000000000000000, -8.000000000000014211 ) ) ;
#1581 = LINE ( 'NONE', #632, #1047 ) ;
#1582 = ORIENTED_EDGE ( 'NONE', *, *, #5806, .F. ) ;
#1583 = CIRCLE ( 'NONE', #8281, 3.000000000000002665 ) ;
#1584 = DIRECTION ( 'NONE',  ( 0.000000000000000000, 1.000000000000000000, 1.267377881992188131E-16 ) ) ;
#1585 = ORIENTED_EDGE ( 'NONE', *, *, #5850, .F. ) ;
#1586 = DIRECTION ( 'NONE',  ( -1.000000000000000000, 0.000000000000000000, 0.000000000000000000 ) ) ;
#1587 = VECTOR ( 'NONE', #2323, 1000.000000000000000 ) ;
#1588 = VERTEX_POINT ( 'NONE', #8148 ) ;
#1589 = FACE_OUTER_BOUND ( 'NONE', #9755, .T. ) ;
#1590 = ORIENTED_EDGE ( 'NONE', *, *, #5660, .T. ) ;
#1591 = ADVANCED_FACE ( 'NONE', ( #604 ), #4424, .F. ) ;
#1592 = CONICAL_SURFACE ( 'NONE', #10400, 3.000000000000002665, 0.3490658503988592343 ) ;
#1594 = VERTEX_POINT ( 'NONE', #10841 ) ;
#1593 = CARTESIAN_POINT ( 'NONE',  ( 12.22461586953566304, 61.80069234225963726, -34.50000000000000711 ) ) ;
#1595 = VECTOR ( 'NONE', #349, 1000.000000000000000 ) ;
#1596 = CARTESIAN_POINT ( 'NONE',  ( 13.00000000000001421, 42.49999999999999289, -8.000000000000001776 ) ) ;
#1597 = CARTESIAN_POINT ( 'NONE',  ( 3.300000000000000711, 73.10504876423827625, -23.37060740926765590 ) ) ;
#1598 = DIRECTION ( 'NONE',  ( 1.217349807703022609E-16, 0.000000000000000000, 1.000000000000000000 ) ) ;
#1599 = FACE_OUTER_BOUND ( 'NONE', #4207, .T. ) ;
#1600 = CARTESIAN_POINT ( 'NONE',  ( 15.00000000000000000, 235.0000000000000000, 0.000000000000000000 ) ) ;
#1601 = ORIENTED_EDGE ( 'NONE', *, *, #5525, .T. ) ;
#1602 = DIRECTION ( 'NONE',  ( -1.000000000000000000, -0.000000000000000000, -0.000000000000000000 ) ) ;
#1603 = DIRECTION ( 'NONE',  ( 0.000000000000000000, 1.000000000000000000, 1.267377881992188131E-16 ) ) ;
#1604 = VERTEX_POINT ( 'NONE', #10651 ) ;
#1605 = PLANE ( 'NONE',  #7125 ) ;
#1606 = ORIENTED_EDGE ( 'NONE', *, *, #2156, .T. ) ;
#1607 = FACE_OUTER_BOUND ( 'NONE', #1060, .T. ) ;
#1608 = AXIS2_PLACEMENT_3D ( 'NONE', #8118, #5299, #695 ) ;
#1609 = AXIS2_PLACEMENT_3D ( 'NONE', #8146, #10058, #1866 ) ;
#1610 = EDGE_CURVE ( 'NONE', #10503, #1890, #6113, .T. ) ;
#1611 = VERTEX_POINT ( 'NONE', #3470 ) ;
#1612 = ADVANCED_FACE ( 'NONE', ( #848 ), #4237, .T. ) ;
#1613 = CARTESIAN_POINT ( 'NONE',  ( 8.000000000000000000, 7.999999999999992895, -95.50000000000001421 ) ) ;
#1614 = CARTESIAN_POINT ( 'NONE',  ( 13.00000000000001066, 59.88494953566486600, -99.43813852404687736 ) ) ;
#1615 = VECTOR ( 'NONE', #11618, 1000.000000000000000 ) ;
#1616 = CARTESIAN_POINT ( 'NONE',  ( 0.000000000000000000, 18.00000000000000000, -77.50000000000008527 ) ) ;
#1617 = PLANE ( 'NONE',  #5499 ) ;
#1618 = CARTESIAN_POINT ( 'NONE',  ( 0.000000000000000000, 8.496496751003460758E-15, -95.50000000000001421 ) ) ;
#1619 = VERTEX_POINT ( 'NONE', #2651 ) ;
#1620 = VERTEX_POINT ( 'NONE', #7080 ) ;
#1621 = ORIENTED_EDGE ( 'NONE', *, *, #5442, .F. ) ;
#1622 = DIRECTION ( 'NONE',  ( -0.9396926207859105373, 4.188538737676915344E-17, -0.3420201433256624957 ) ) ;
#1623 = LINE ( 'NONE', #5274, #1302 ) ;
#1624 = ORIENTED_EDGE ( 'NONE', *, *, #11383, .T. ) ;
#1625 = EDGE_CURVE ( 'NONE', #5209, #6460, #9585, .T. ) ;
#1626 = AXIS2_PLACEMENT_3D ( 'NONE', #531, #584, #7946 ) ;
#1627 = DIRECTION ( 'NONE',  ( 0.000000000000000000, 0.000000000000000000, 1.000000000000000000 ) ) ;
#1628 = CARTESIAN_POINT ( 'NONE',  ( 24.00000000000000000, 39.67763149197581640, -118.7342236949735792 ) ) ;
#1629 = CARTESIAN_POINT ( 'NONE',  ( 16.00000000000000000, 62.73828822863980292, -106.4799999999999898 ) ) ;
#1630 = VERTEX_POINT ( 'NONE', #3597 ) ;
#1631 = CARTESIAN_POINT ( 'NONE',  ( 8.000000000000003553, 82.99999999999998579, -88.50399509887967042 ) ) ;
#1632 = CARTESIAN_POINT ( 'NONE',  ( 0.000000000000000000, 8.000000000000000000, -128.1199999999999761 ) ) ;
#1633 = VECTOR ( 'NONE', #11058, 1000.000000000000000 ) ;
#1634 = CARTESIAN_POINT ( 'NONE',  ( 13.00000000000001066, -0.001000000000001000089, -118.9800000000000182 ) ) ;
#1635 = CARTESIAN_POINT ( 'NONE',  ( 0.000000000000000000, 82.99999999999998579, 0.000000000000000000 ) ) ;
#1636 = PLANE ( 'NONE',  #2496 ) ;
#1637 = DIRECTION ( 'NONE',  ( 0.3420201433256640500, -0.9368954554425701353, -0.07245086010912098196 ) ) ;
#1638 = ORIENTED_EDGE ( 'NONE', *, *, #10793, .F. ) ;
#1639 = ADVANCED_FACE ( 'NONE', ( #9752 ), #7268, .F. ) ;
#1640 = VECTOR ( 'NONE', #1392, 1000.000000000000000 ) ;
#1641 = ORIENTED_EDGE ( 'NONE', *, *, #7495, .F. ) ;
#1642 = DIRECTION ( 'NONE',  ( 1.000000000000000000, -0.000000000000000000, -0.000000000000000000 ) ) ;
#1643 = ADVANCED_FACE ( 'NONE', ( #11623 ), #2710, .T. ) ;
#1644 = AXIS2_PLACEMENT_3D ( 'NONE', #11732, #965, #7198 ) ;
#1645 = ORIENTED_EDGE ( 'NONE', *, *, #7136, .T. ) ;
#1646 = DIRECTION ( 'NONE',  ( 1.000000000000000000, -0.000000000000000000, -2.434699615406045218E-16 ) ) ;
#1647 = CARTESIAN_POINT ( 'NONE',  ( 8.000000000000000000, 83.98794994945610881, -95.50000000000000000 ) ) ;
#1648 = CARTESIAN_POINT ( 'NONE',  ( 5.839999999999999858, 154.4716895539514496, -17.45788136388649292 ) ) ;
#1649 = FACE_OUTER_BOUND ( 'NONE', #5255, .T. ) ;
#1650 = ORIENTED_EDGE ( 'NONE', *, *, #1321, .T. ) ;
#1651 = CARTESIAN_POINT ( 'NONE',  ( 16.00000000000000000, 20.37152769304129762, -27.51360740926765303 ) ) ;
#1652 = ORIENTED_EDGE ( 'NONE', *, *, #8159, .T. ) ;
#1653 = LINE ( 'NONE', #9724, #7076 ) ;
#1654 = ORIENTED_EDGE ( 'NONE', *, *, #11673, .T. ) ;
#1655 = CARTESIAN_POINT ( 'NONE',  ( 13.00000000000000178, 152.0000000000000000, -63.00000000000000000 ) ) ;
#1656 = EDGE_CURVE ( 'NONE', #913, #2608, #10779, .T. ) ;
#1657 = VECTOR ( 'NONE', #8659, 1000.000000000000114 ) ;
#1659 = VERTEX_POINT ( 'NONE', #8801 ) ;
#1658 = CARTESIAN_POINT ( 'NONE',  ( 4.750000000000000000, 232.0710678118655039, -129.2830808016391870 ) ) ;
#1660 = DIRECTION ( 'NONE',  ( 0.000000000000000000, 0.000000000000000000, 1.000000000000000000 ) ) ;
#1661 = CARTESIAN_POINT ( 'NONE',  ( 0.000000000000000000, 227.0922960467468101, -129.9519776914197848 ) ) ;
#1662 = DIRECTION ( 'NONE',  ( 1.217349807703022609E-16, 0.000000000000000000, 1.000000000000000000 ) ) ;
#1663 = DIRECTION ( 'NONE',  ( 0.000000000000000000, 1.000000000000000000, 1.267377881992188131E-16 ) ) ;
#1664 = AXIS2_PLACEMENT_3D ( 'NONE', #668, #7079, #11739 ) ;
#1665 = CARTESIAN_POINT ( 'NONE',  ( 13.00000000000000178, 226.9999999999999716, -62.99999999999998579 ) ) ;
#1666 = B_SPLINE_CURVE_WITH_KNOTS ( 'NONE', 3,
 ( #8799, #10538, #2459, #6111, #7733, #5084 ),
 .UNSPECIFIED., .F., .F.,
 ( 4, 2, 4 ),
 ( 7.518945123490317320E-07, 0.002704889474914640417, 0.005409027055316931870 ),
 .UNSPECIFIED. ) ;
#1667 = CIRCLE ( 'NONE', #4722, 0.8890000000000009006 ) ;
#1668 = ORIENTED_EDGE ( 'NONE', *, *, #10721, .F. ) ;
#1669 = DIRECTION ( 'NONE',  ( 1.000000000000000000, -0.000000000000000000, -0.000000000000000000 ) ) ;
#1670 = CARTESIAN_POINT ( 'NONE',  ( 56.31128874149275276, 58.23828822863978161, -34.51360740926766368 ) ) ;
#1671 = ORIENTED_EDGE ( 'NONE', *, *, #7923, .F. ) ;
#1672 = DIRECTION ( 'NONE',  ( 1.000000000000000000, 0.000000000000000000, 0.000000000000000000 ) ) ;
#1673 = EDGE_CURVE ( 'NONE', #9122, #1250, #6921, .T. ) ;
#1674 = ORIENTED_EDGE ( 'NONE', *, *, #2560, .F. ) ;
#1675 = B_SPLINE_CURVE_WITH_KNOTS ( 'NONE', 3,
 ( #2860, #763, #10875, #9968, #10096, #2738, #3688, #1898, #5545, #819, #10030, #6519, #10149, #1957, #8961, #4457, #8061, #1780, #9085, #4519, #5485, #8181, #3632, #7303, #10933, #9145, #4696, #8475, #7647, #10447, #8537, #7593, #4036, #6638, #11170, #11338, #11106, #7694, #4878, #2913, #179, #8593, #10271, #4761, #4819, #8356, #1291 ),
 .UNSPECIFIED., .F., .F.,
 ( 4, 1, 1, 1, 1, 1, 1, 2, 2, 1, 1, 1, 1, 1, 1, 2, 2, 2, 1, 1, 1, 1, 1, 1, 1, 2, 2, 1, 1, 1, 1, 1, 1, 2, 2, 4 ),
 ( 0.000000000000000000, 0.06250000000024712177, 0.09375000000037193859, 0.1093750000004343331, 0.1171875000004655443, 0.1210937500004811429, 0.1230468750004889561, 0.1240234375004928558, 0.1250000000004967415, 0.1875000000006815104, 0.2187500000007726597, 0.2343750000008182344, 0.2421875000008410217, 0.2460937500008511247, 0.2480468750008548440, 0.2490234375008553713, 0.2500000000008558709, 0.5000000000005279110, 0.6250000000003640421, 0.6875000000002822187, 0.7187500000002412515, 0.7343750000002207123, 0.7421875000002104983, 0.7460937500002059464, 0.7480468750002041700, 0.7490234375002037259, 0.7500000000002031708, 0.8125000000001447731, 0.8437500000001152411, 0.8593750000001005862, 0.8671875000000931477, 0.8710937500000894840, 0.8730468750000875966, 0.8740234375000867084, 0.8750000000000859313, 1.000000000000000000 ),
 .UNSPECIFIED. ) ;
#1676 = VECTOR ( 'NONE', #4290, 1000.000000000000000 ) ;
#1677 = VECTOR ( 'NONE', #6496, 1000.000000000000000 ) ;
#1678 = AXIS2_PLACEMENT_3D ( 'NONE', #8439, #9406, #2162 ) ;
#1679 = DIRECTION ( 'NONE',  ( 1.217349807703022609E-16, 0.000000000000000000, 1.000000000000000000 ) ) ;
#1680 = CARTESIAN_POINT ( 'NONE',  ( 24.00000000000000000, 56.19355750876958666, -118.9544082516453898 ) ) ;
#1681 = CARTESIAN_POINT ( 'NONE',  ( 0.000000000000000000, 217.0000000000000284, -52.50000000000000711 ) ) ;
#1682 = EDGE_CURVE ( 'NONE', #4591, #870, #1551, .T. ) ;
#1683 = FACE_OUTER_BOUND ( 'NONE', #8491, .T. ) ;
#1684 = CARTESIAN_POINT ( 'NONE',  ( 12.99999999999998757, 115.5000000000000142, -91.50000000000000000 ) ) ;
#1685 = ORIENTED_EDGE ( 'NONE', *, *, #2744, .T. ) ;
#1686 = VECTOR ( 'NONE', #11509, 1000.000000000000000 ) ;
#1687 = ORIENTED_EDGE ( 'NONE', *, *, #1003, .F. ) ;
#1688 = AXIS2_PLACEMENT_3D ( 'NONE', #6452, #6695, #5778 ) ;
#1689 = DIRECTION ( 'NONE',  ( -1.000000000000000000, -0.000000000000000000, -0.000000000000000000 ) ) ;
#1690 = ORIENTED_EDGE ( 'NONE', *, *, #1387, .F. ) ;
#1691 = CARTESIAN_POINT ( 'NONE',  ( 0.000000000000000000, 78.99999999999998579, -63.00000000000000000 ) ) ;
#1692 = CARTESIAN_POINT ( 'NONE',  ( 3.851859888774471706E-31, 117.5000000000000000, -115.8799999999999955 ) ) ;
#1693 = FACE_OUTER_BOUND ( 'NONE', #6125, .T. ) ;
#1694 = EDGE_LOOP ( 'NONE', ( #7316, #7256, #2928, #1182 ) ) ;
#1695 = CIRCLE ( 'NONE', #10275, 6.120000000000000107 ) ;
#1696 = CARTESIAN_POINT ( 'NONE',  ( 12.99999999999998757, 115.5000000000000142, -34.50000000000000000 ) ) ;
#1697 = CARTESIAN_POINT ( 'NONE',  ( 15.00000000000000000, 117.5000000000000000, -10.75000000000001066 ) ) ;
#1698 = ADVANCED_FACE ( 'NONE', ( #3537 ), #10715, .F. ) ;
#1699 = DIRECTION ( 'NONE',  ( 0.000000000000000000, 1.000000000000000000, 1.267377881992188131E-16 ) ) ;
#1700 = CARTESIAN_POINT ( 'NONE',  ( 15.00000000000000000, 234.6771417131215856, -5.889708198872219747 ) ) ;
#1701 = VERTEX_POINT ( 'NONE', #6175 ) ;
#1702 = LINE ( 'NONE', #685, #11091 ) ;
#1703 = CARTESIAN_POINT ( 'NONE',  ( 16.00000000000000000, 30.73828822863980292, -106.4799999999999898 ) ) ;
#1704 = ORIENTED_EDGE ( 'NONE', *, *, #11713, .F. ) ;
#1705 = ORIENTED_EDGE ( 'NONE', *, *, #6282, .F. ) ;
#1706 = LINE ( 'NONE', #45, #7172 ) ;
#1707 = ADVANCED_FACE ( 'NONE', ( #8089, #9811 ), #3130, .T. ) ;
#1708 = EDGE_LOOP ( 'NONE', ( #1089, #5552 ) ) ;
#1709 = FACE_OUTER_BOUND ( 'NONE', #10254, .T. ) ;
#1710 = VECTOR ( 'NONE', #4159, 1000.000000000000000 ) ;
#1711 = CARTESIAN_POINT ( 'NONE',  ( 16.00000000000000000, 0.000000000000000000, 0.000000000000000000 ) ) ;
#1712 = ADVANCED_FACE ( 'NONE', ( #435 ), #4076, .F. ) ;
#1713 = CARTESIAN_POINT ( 'NONE',  ( 14.86869354863667247, 57.72328822863980236, -109.9800000000000040 ) ) ;
#1714 = EDGE_CURVE ( 'NONE', #9825, #6006, #7848, .T. ) ;
#1715 = LINE ( 'NONE', #1838, #3717 ) ;
#1716 = CARTESIAN_POINT ( 'NONE',  ( 24.00000000000000000, 30.31453842403295340, 2.344247023372283856 ) ) ;
#1717 = ORIENTED_EDGE ( 'NONE', *, *, #4748, .T. ) ;
#1718 = DIRECTION ( 'NONE',  ( 0.000000000000000000, -1.000000000000000000, 0.000000000000000000 ) ) ;
#1719 = ORIENTED_EDGE ( 'NONE', *, *, #11687, .T. ) ;
#1720 = DIRECTION ( 'NONE',  ( 1.000000000000000000, -0.000000000000000000, -0.000000000000000000 ) ) ;
#1721 = VECTOR ( 'NONE', #5765, 1000.000000000000000 ) ;
#1723 = VERTEX_POINT ( 'NONE', #10371 ) ;
#1722 = CARTESIAN_POINT ( 'NONE',  ( 0.000000000000000000, 188.5000000000000000, -38.50000000000000000 ) ) ;
#1724 = EDGE_CURVE ( 'NONE', #3390, #7677, #2182, .T. ) ;
#1725 = CARTESIAN_POINT ( 'NONE',  ( 0.000000000000000000, 7.979415714894989776E-15, -63.00000000000001421 ) ) ;
#1726 = DIRECTION ( 'NONE',  ( 0.000000000000000000, 0.000000000000000000, 1.000000000000000000 ) ) ;
#1727 = ADVANCED_FACE ( 'NONE', ( #6960, #5100 ), #8756, .F. ) ;
#1728 = CARTESIAN_POINT ( 'NONE',  ( 56.31128874149275276, 58.23828822863978161, -34.51360740926766368 ) ) ;
#1729 = VECTOR ( 'NONE', #4945, 1000.000000000000114 ) ;
#1730 = CARTESIAN_POINT ( 'NONE',  ( 24.00000000000000000, 62.60636636205423144, -4.841399395084549084 ) ) ;
#1731 = DIRECTION ( 'NONE',  ( -1.000000000000000000, 0.000000000000000000, 0.000000000000000000 ) ) ;
#1732 = ORIENTED_EDGE ( 'NONE', *, *, #9112, .T. ) ;
#1733 = LINE ( 'NONE', #3521, #7960 ) ;
#1734 = DIRECTION ( 'NONE',  ( -0.000000000000000000, 3.016910393003142859E-16, 1.000000000000000000 ) ) ;
#1735 = ORIENTED_EDGE ( 'NONE', *, *, #2057, .T. ) ;
#1736 = FACE_BOUND ( 'NONE', #2356, .T. ) ;
#1737 = VECTOR ( 'NONE', #1210, 1000.000000000000000 ) ;
#1738 = LINE ( 'NONE', #3466, #7383 ) ;
#1739 = PLANE ( 'NONE',  #7951 ) ;
#1740 = ADVANCED_FACE ( 'NONE', ( #11567 ), #3300, .F. ) ;
#1741 = CARTESIAN_POINT ( 'NONE',  ( 12.99999999999999822, 154.4716895539514496, -75.45788136388650003 ) ) ;
#1742 = CARTESIAN_POINT ( 'NONE',  ( 8.000000000000003553, 10.00000000000000711, -91.50000000000001421 ) ) ;
#1743 = FACE_OUTER_BOUND ( 'NONE', #5973, .T. ) ;
#1744 = CARTESIAN_POINT ( 'NONE',  ( 8.842931756964791390, 152.0000000000000284, -22.02776934398670150 ) ) ;
#1745 = ORIENTED_EDGE ( 'NONE', *, *, #5822, .T. ) ;
#1746 = ORIENTED_EDGE ( 'NONE', *, *, #11407, .F. ) ;
#1747 = ORIENTED_EDGE ( 'NONE', *, *, #7365, .F. ) ;
#1748 = CARTESIAN_POINT ( 'NONE',  ( 15.75000000000000000, 2.928932188134525827, -0.7169191983608323993 ) ) ;
#1749 = CARTESIAN_POINT ( 'NONE',  ( 13.00000000000001421, 156.0000000000000000, -8.000000000000001776 ) ) ;
#1750 = ORIENTED_EDGE ( 'NONE', *, *, #11220, .F. ) ;
#1751 = CARTESIAN_POINT ( 'NONE',  ( 15.75000000000000000, 10.00000000000000000, -130.0000000000000000 ) ) ;
#1752 = FACE_OUTER_BOUND ( 'NONE', #10016, .T. ) ;
#1753 = EDGE_CURVE ( 'NONE', #7275, #9428, #3362, .T. ) ;
#1754 = ORIENTED_EDGE ( 'NONE', *, *, #1963, .T. ) ;
#1755 = AXIS2_PLACEMENT_3D ( 'NONE', #1503, #10603, #2414 ) ;
#1756 = VERTEX_POINT ( 'NONE', #6676 ) ;
#1757 = EDGE_CURVE ( 'NONE', #1555, #10766, #4806, .T. ) ;
#1758 = LINE ( 'NONE', #7091, #3657 ) ;
#1759 = CARTESIAN_POINT ( 'NONE',  ( 7.990000000000000213, 18.00000000000000000, -80.25000000000008527 ) ) ;
#1760 = DIRECTION ( 'NONE',  ( -1.000000000000000000, -0.000000000000000000, -0.000000000000000000 ) ) ;
#1761 = ORIENTED_EDGE ( 'NONE', *, *, #5510, .T. ) ;
#1762 = DIRECTION ( 'NONE',  ( -1.000000000000000000, -0.000000000000000000, -0.000000000000000000 ) ) ;
#1763 = CARTESIAN_POINT ( 'NONE',  ( 13.00000000000001243, 46.50000000000000000, -13.83345858059862898 ) ) ;
#1764 = AXIS2_PLACEMENT_3D ( 'NONE', #799, #6252, #10725 ) ;
#1765 = EDGE_LOOP ( 'NONE', ( #8538, #11742 ) ) ;
#1766 = ORIENTED_EDGE ( 'NONE', *, *, #7740, .F. ) ;
#1767 = CARTESIAN_POINT ( 'NONE',  ( 56.31128874149275276, 20.37152769304129762, -24.51360740926765658 ) ) ;
#1768 = ADVANCED_FACE ( 'NONE', ( #270 ), #8919, .F. ) ;
#1769 = EDGE_LOOP ( 'NONE', ( #8340, #6809, #4449, #379, #1217, #2908, #7438, #5815 ) ) ;
#1770 = VECTOR ( 'NONE', #9209, 1000.000000000000000 ) ;
#1771 = CARTESIAN_POINT ( 'NONE',  ( 8.000000000000010658, 10.00000000000000711, -34.50000000000001421 ) ) ;
#1772 = CARTESIAN_POINT ( 'NONE',  ( 13.00000000000001421, 117.5000000000000000, -8.000000000000015987 ) ) ;
#1773 = ORIENTED_EDGE ( 'NONE', *, *, #3698, .T. ) ;
#1774 = PLANE ( 'NONE',  #1964 ) ;
#1775 = CARTESIAN_POINT ( 'NONE',  ( 8.000000000000000000, 154.4716895539514496, -75.45788136388650003 ) ) ;
#1776 = ADVANCED_FACE ( 'NONE', ( #8609 ), #5008, .T. ) ;
#1777 = VERTEX_POINT ( 'NONE', #5918 ) ;
#1778 = PLANE ( 'NONE',  #8164 ) ;
#1779 = ORIENTED_EDGE ( 'NONE', *, *, #7755, .F. ) ;
#1780 = CARTESIAN_POINT ( 'NONE',  ( 15.00000000000000355, 0.3196337395948021798, -124.0956445044568568 ) ) ;
#1781 = EDGE_LOOP ( 'NONE', ( #8123, #4840 ) ) ;
#1782 = DIRECTION ( 'NONE',  ( 0.000000000000000000, 1.000000000000000000, 1.267377881992188131E-16 ) ) ;
#1783 = ADVANCED_FACE ( 'NONE', ( #643 ), #5958, .T. ) ;
#1784 = LINE ( 'NONE', #5427, #2486 ) ;
#1785 = CARTESIAN_POINT ( 'NONE',  ( 8.000000000000000000, 7.999999999999992895, -91.50000000000001421 ) ) ;
#1787 = ORIENTED_EDGE ( 'NONE', *, *, #657, .T. ) ;
#1786 = LINE ( 'NONE', #1722, #2024 ) ;
#1788 = CARTESIAN_POINT ( 'NONE',  ( 0.000000000000000000, 8.496496751003460758E-15, -38.50000000000002132 ) ) ;
#1789 = FACE_OUTER_BOUND ( 'NONE', #7675, .T. ) ;
#1790 = VECTOR ( 'NONE', #1552, 1000.000000000000000 ) ;
#1791 = LINE ( 'NONE', #11778, #6337 ) ;
#1792 = VECTOR ( 'NONE', #2116, 1000.000000000000000 ) ;
#1793 = DIRECTION ( 'NONE',  ( 0.000000000000000000, 0.000000000000000000, -1.000000000000000000 ) ) ;
#1794 = ORIENTED_EDGE ( 'NONE', *, *, #6737, .T. ) ;
#1795 = CARTESIAN_POINT ( 'NONE',  ( 12.99999999999999822, 154.4716895539514496, -75.45788136388650003 ) ) ;
#1796 = VERTEX_POINT ( 'NONE', #7772 ) ;
#1797 = DIRECTION ( 'NONE',  ( 0.000000000000000000, 0.000000000000000000, -1.000000000000000000 ) ) ;
#1798 = ORIENTED_EDGE ( 'NONE', *, *, #4598, .F. ) ;
#1799 = CARTESIAN_POINT ( 'NONE',  ( 16.00000000000000000, 0.000000000000000000, 0.000000000000000000 ) ) ;
#1800 = ADVANCED_FACE ( 'NONE', ( #3220, #6888, #2327 ), #529, .F. ) ;
#1801 = ADVANCED_FACE ( 'NONE', ( #10997 ), #823, .T. ) ;
#1802 = VECTOR ( 'NONE', #6728, 1000.000000000000114 ) ;
#1803 = AXIS2_PLACEMENT_3D ( 'NONE', #11487, #9744, #9931 ) ;
#1804 = FACE_BOUND ( 'NONE', #1708, .T. ) ;
#1805 = APPLICATION_CONTEXT ( 'automotive_design' ) ;
#1806 = PLANE ( 'NONE',  #11769 ) ;
#1807 = CARTESIAN_POINT ( 'NONE',  ( 16.00000000000000000, 203.4716895539514780, -76.34688136388648161 ) ) ;
#1808 = CARTESIAN_POINT ( 'NONE',  ( 13.00000000000000178, 226.9999999999999716, -9.999999999999985789 ) ) ;
#1809 = CIRCLE ( 'NONE', #4662, 0.8890000000000009006 ) ;
#1810 = CARTESIAN_POINT ( 'NONE',  ( 0.000000000000000000, 188.5000000000000000, -62.99999999999998579 ) ) ;
#1811 = ORIENTED_EDGE ( 'NONE', *, *, #3751, .T. ) ;
#1812 = ORIENTED_EDGE ( 'NONE', *, *, #3847, .F. ) ;
#1813 = DIRECTION ( 'NONE',  ( 0.000000000000000000, 0.000000000000000000, -1.000000000000000000 ) ) ;
#1814 = DIRECTION ( 'NONE',  ( 0.000000000000000000, 1.000000000000000000, 7.542275982507857147E-17 ) ) ;
#1815 = ORIENTED_EDGE ( 'NONE', *, *, #9952, .T. ) ;
#1816 = CARTESIAN_POINT ( 'NONE',  ( 8.000000000000000000, 10.00000000000000711, -122.0000000000000000 ) ) ;
#1817 = EDGE_CURVE ( 'NONE', #1870, #3450, #6216, .T. ) ;
#1818 = LINE ( 'NONE', #1153, #3681 ) ;
#1819 = DIRECTION ( 'NONE',  ( 0.000000000000000000, 0.000000000000000000, -1.000000000000000000 ) ) ;
#1820 = LINE ( 'NONE', #6183, #5189 ) ;
#1821 = AXIS2_PLACEMENT_3D ( 'NONE', #8279, #5534, #2609 ) ;
#1822 = ORIENTED_EDGE ( 'NONE', *, *, #9533, .T. ) ;
#1823 =( BOUNDED_CURVE ( )  B_SPLINE_CURVE ( 3, ( #9430, #4030, #7640, #3136 ),
 .UNSPECIFIED., .F., .F. ) 
 B_SPLINE_CURVE_WITH_KNOTS ( ( 4, 4 ),
 ( 4.712388980384689674, 6.283185307179586232 ),
 .UNSPECIFIED. ) 
 CURVE ( )  GEOMETRIC_REPRESENTATION_ITEM ( )  RATIONAL_B_SPLINE_CURVE ( ( 1.000000000000000000, 0.8047378541243649375, 0.8047378541243649375, 1.000000000000000000 ) ) 
 REPRESENTATION_ITEM ( '' )  );
#1824 = CARTESIAN_POINT ( 'NONE',  ( 12.22550170670119840, 31.67647261197455677, -34.50000000000001421 ) ) ;
#1825 = LINE ( 'NONE', #5464, #10189 ) ;
#1826 = FACE_OUTER_BOUND ( 'NONE', #608, .T. ) ;
#1827 = CARTESIAN_POINT ( 'NONE',  ( 56.31128874149275276, 62.73828822863980292, -106.4799999999999898 ) ) ;
#1828 = CARTESIAN_POINT ( 'NONE',  ( 56.31128874149275276, 203.4716895539514780, -20.45788136388648581 ) ) ;
#1829 = EDGE_LOOP ( 'NONE', ( #4567, #1745, #11246, #9988 ) ) ;
#1830 = ORIENTED_EDGE ( 'NONE', *, *, #11806, .F. ) ;
#1831 = CARTESIAN_POINT ( 'NONE',  ( 11.02324204220095538, 59.07619503635546465, -119.2282342228242129 ) ) ;
#1832 = EDGE_CURVE ( 'NONE', #6132, #8745, #4, .T. ) ;
#1833 = ORIENTED_EDGE ( 'NONE', *, *, #7969, .T. ) ;
#1834 = CARTESIAN_POINT ( 'NONE',  ( 15.00000000000000355, 233.2473968555788417, -127.3609951030285288 ) ) ;
#1835 = CIRCLE ( 'NONE', #6030, 0.8890000000000009006 ) ;
#1836 = DIRECTION ( 'NONE',  ( 1.000000000000000000, -0.000000000000000000, -2.434699615406045218E-16 ) ) ;
#1837 = VERTEX_POINT ( 'NONE', #62 ) ;
#1838 = CARTESIAN_POINT ( 'NONE',  ( 16.00000000000000000, 39.65328822863979497, 0.000000000000000000 ) ) ;
#1839 = EDGE_CURVE ( 'NONE', #5086, #9310, #10169, .T. ) ;
#1840 = CARTESIAN_POINT ( 'NONE',  ( 0.000000000000000000, 7.979415714894989776E-15, -91.50000000000001421 ) ) ;
#1841 = ORIENTED_EDGE ( 'NONE', *, *, #2596, .F. ) ;
#1842 = DIRECTION ( 'NONE',  ( 0.000000000000000000, 0.000000000000000000, -1.000000000000000000 ) ) ;
#1843 = LINE ( 'NONE', #5487, #10368 ) ;
#1844 = VERTEX_POINT ( 'NONE', #8006 ) ;
#1845 = DIRECTION ( 'NONE',  ( 0.000000000000000000, 0.000000000000000000, 1.000000000000000000 ) ) ;
#1846 = ADVANCED_FACE ( 'NONE', ( #10879 ), #6340, .T. ) ;
#1847 = AXIS2_PLACEMENT_3D ( 'NONE', #3713, #4658, #9871 ) ;
#1848 = CARTESIAN_POINT ( 'NONE',  ( 8.000000000000000000, 217.0000000000000284, -52.50000000000000711 ) ) ;
#1849 = VECTOR ( 'NONE', #10552, 1000.000000000000000 ) ;
#1851 = ORIENTED_EDGE ( 'NONE', *, *, #599, .F. ) ;
#1850 = FACE_OUTER_BOUND ( 'NONE', #212, .T. ) ;
#1852 = CARTESIAN_POINT ( 'NONE',  ( 16.00000000000000000, 87.66800501528138057, -91.41255645757715342 ) ) ;
#1853 = CARTESIAN_POINT ( 'NONE',  ( 0.000000000000000000, 7.979415714894989776E-15, -120.0000000000000284 ) ) ;
#1854 = LINE ( 'NONE', #775, #6396 ) ;
#1855 = ADVANCED_FACE ( 'NONE', ( #7364 ), #9852, .F. ) ;
#1856 = ORIENTED_EDGE ( 'NONE', *, *, #9044, .T. ) ;
#1857 = CARTESIAN_POINT ( 'NONE',  ( 5.839999999999999858, 102.9080050152813897, -40.61255645757714916 ) ) ;
#1858 = ORIENTED_EDGE ( 'NONE', *, *, #7668, .T. ) ;
#1859 = CARTESIAN_POINT ( 'NONE',  ( 7.990000000000000213, 17.99999999999998934, -58.62000000000003297 ) ) ;
#1860 = FACE_OUTER_BOUND ( 'NONE', #6987, .T. ) ;
#1861 = EDGE_CURVE ( 'NONE', #11514, #6557, #5779, .T. ) ;
#1862 = FACE_OUTER_BOUND ( 'NONE', #1483, .T. ) ;
#1863 = AXIS2_PLACEMENT_3D ( 'NONE', #2375, #4951, #6025 ) ;
#1864 = DIRECTION ( 'NONE',  ( 0.000000000000000000, 0.000000000000000000, 1.000000000000000000 ) ) ;
#1865 = DIRECTION ( 'NONE',  ( 0.9383655030301724098, -0.3456445901832280176, -4.380623086284773000E-17 ) ) ;
#1866 = DIRECTION ( 'NONE',  ( 0.000000000000000000, 0.000000000000000000, 1.000000000000000000 ) ) ;
#1867 = EDGE_CURVE ( 'NONE', #10912, #27, #3624, .T. ) ;
#1868 = EDGE_CURVE ( 'NONE', #7488, #6161, #2401, .T. ) ;
#1869 = DIRECTION ( 'NONE',  ( -1.000000000000000000, 0.000000000000000000, 0.000000000000000000 ) ) ;
#1870 = VERTEX_POINT ( 'NONE', #8466 ) ;
#1871 = ORIENTED_EDGE ( 'NONE', *, *, #7914, .F. ) ;
#1872 = CARTESIAN_POINT ( 'NONE',  ( -0.7500000000000006661, 8.318019484660537088, 0.000000000000000000 ) ) ;
#1873 = CARTESIAN_POINT ( 'NONE',  ( -0.000000000000000000, 0.04596212221934788816, -7.939608593037160489 ) ) ;
#1874 = ORIENTED_EDGE ( 'NONE', *, *, #489, .T. ) ;
#1875 = LINE ( 'NONE', #1691, #6540 ) ;
#1876 = AXIS2_PLACEMENT_3D ( 'NONE', #9577, #5868, #5015 ) ;
#1877 = AXIS2_PLACEMENT_3D ( 'NONE', #1703, #6321, #8165 ) ;
#1878 = VECTOR ( 'NONE', #11062, 1000.000000000000114 ) ;
#1879 = CARTESIAN_POINT ( 'NONE',  ( 5.839999999999999858, 87.66800501528138057, -91.41255645757715342 ) ) ;
#1880 = CARTESIAN_POINT ( 'NONE',  ( 8.263964737423311391, 83.00000000000000000, -88.68567054769519586 ) ) ;
#1881 = DIRECTION ( 'NONE',  ( 0.000000000000000000, 0.000000000000000000, -1.000000000000000000 ) ) ;
#1882 = CIRCLE ( 'NONE', #6484, 3.000000000000002665 ) ;
#1883 = EDGE_CURVE ( 'NONE', #10903, #3432, #11502, .T. ) ;
#1884 = CARTESIAN_POINT ( 'NONE',  ( 8.000000000000000000, 7.999999999999992895, -95.50000000000001421 ) ) ;
#1885 = CARTESIAN_POINT ( 'NONE',  ( 8.000000000000007105, 10.00000000000000711, -63.00000000000001421 ) ) ;
#1886 = FACE_OUTER_BOUND ( 'NONE', #1523, .T. ) ;
#1887 = VERTEX_POINT ( 'NONE', #6750 ) ;
#1888 = CARTESIAN_POINT ( 'NONE',  ( 7.990000000000000213, 217.0000000000000284, -83.62000000000001876 ) ) ;
#1889 = VECTOR ( 'NONE', #9311, 1000.000000000000000 ) ;
#1890 = VERTEX_POINT ( 'NONE', #4027 ) ;
#1891 = FACE_BOUND ( 'NONE', #11225, .T. ) ;
#1892 = CARTESIAN_POINT ( 'NONE',  ( 15.00000000000000000, 226.9999999999999716, -121.9999999999999716 ) ) ;
#1893 = EDGE_CURVE ( 'NONE', #8794, #2606, #6622, .T. ) ;
#1894 = EDGE_LOOP ( 'NONE', ( #4807, #7481, #2004, #288 ) ) ;
#1895 = DIRECTION ( 'NONE',  ( 1.217349807703022609E-16, 0.000000000000000000, 1.000000000000000000 ) ) ;
#1896 = PLANE ( 'NONE',  #1279 ) ;
#1897 = ORIENTED_EDGE ( 'NONE', *, *, #11088, .T. ) ;
#1898 = CARTESIAN_POINT ( 'NONE',  ( 14.99999999999999645, 0.04523735437266576676, -122.0489247672456798 ) ) ;
#1899 = VERTEX_POINT ( 'NONE', #223 ) ;
#1900 = DIRECTION ( 'NONE',  ( 0.000000000000000000, 0.000000000000000000, 1.000000000000000000 ) ) ;
#1901 = ORIENTED_EDGE ( 'NONE', *, *, #7283, .F. ) ;
#1902 = DIRECTION ( 'NONE',  ( -1.000000000000000000, -0.000000000000000000, -0.000000000000000000 ) ) ;
#1903 = AXIS2_PLACEMENT_3D ( 'NONE', #579, #7824, #637 ) ;
#1904 = EDGE_CURVE ( 'NONE', #10832, #780, #1561, .T. ) ;
#1906 = ORIENTED_EDGE ( 'NONE', *, *, #5850, .T. ) ;
#1905 = CARTESIAN_POINT ( 'NONE',  ( 12.99999999999999467, 224.9999999999999716, -114.2540333075851322 ) ) ;
#1907 = CARTESIAN_POINT ( 'NONE',  ( 0.000000000000000000, 119.5000000000000000, -34.50000000000000000 ) ) ;
#1908 = DIRECTION ( 'NONE',  ( -1.000000000000000000, 0.000000000000000000, 2.434699615406045218E-16 ) ) ;
#1909 = ADVANCED_FACE ( 'NONE', ( #11215 ), #3852, .F. ) ;
#1910 = DIRECTION ( 'NONE',  ( 1.000000000000000000, 0.000000000000000000, 0.000000000000000000 ) ) ;
#1911 = EDGE_LOOP ( 'NONE', ( #5375, #6508 ) ) ;
#1912 = DIRECTION ( 'NONE',  ( -1.000000000000000000, 0.000000000000000000, 2.434699615406045218E-16 ) ) ;
#1913 = ORIENTED_EDGE ( 'NONE', *, *, #1610, .F. ) ;
#1914 = CARTESIAN_POINT ( 'NONE',  ( 8.843412680230027689, 151.9999999999999716, -70.88818932642791992 ) ) ;
#1915 = VECTOR ( 'NONE', #2322, 1000.000000000000000 ) ;
#1916 = ORIENTED_EDGE ( 'NONE', *, *, #8119, .F. ) ;
#1917 = CARTESIAN_POINT ( 'NONE',  ( 56.31128874149275276, 87.66800501528138057, -94.41255645757715342 ) ) ;
#1918 = EDGE_CURVE ( 'NONE', #5149, #3791, #6688, .T. ) ;
#1920 = ORIENTED_EDGE ( 'NONE', *, *, #11010, .T. ) ;
#1919 = CARTESIAN_POINT ( 'NONE',  ( 8.000000000000000000, 0.000000000000000000, 0.000000000000000000 ) ) ;
#1921 = VECTOR ( 'NONE', #3873, 1000.000000000000000 ) ;
#1922 = CARTESIAN_POINT ( 'NONE',  ( 0.000000000000000000, 217.0000000000000284, -55.25000000000000711 ) ) ;
#1923 = DIRECTION ( 'NONE',  ( 1.000000000000000000, -0.000000000000000000, -0.000000000000000000 ) ) ;
#1924 = DIRECTION ( 'NONE',  ( -1.000000000000000000, 0.000000000000000000, 0.000000000000000000 ) ) ;
#1925 = CARTESIAN_POINT ( 'NONE',  ( 15.00000000000000000, 227.1699900473001037, -0.05327122286018725478 ) ) ;
#1926 = DIRECTION ( 'NONE',  ( 1.000000000000000000, -0.000000000000000000, -0.000000000000000000 ) ) ;
#1927 = EDGE_CURVE ( 'NONE', #5209, #2831, #2301, .T. ) ;
#1928 = ORIENTED_EDGE ( 'NONE', *, *, #1451, .T. ) ;
#1929 = CARTESIAN_POINT ( 'NONE',  ( 5.000000000000001776, 224.9999999999999716, 0.000000000000000000 ) ) ;
#1930 = CARTESIAN_POINT ( 'NONE',  ( -0.000000000000000000, 0.005866895454587774117, -8.953622124506065205 ) ) ;
#1931 = ORIENTED_EDGE ( 'NONE', *, *, #7969, .F. ) ;
#1932 = DIRECTION ( 'NONE',  ( 1.217349807703022609E-16, 0.000000000000000000, 1.000000000000000000 ) ) ;
#1933 = AXIS2_PLACEMENT_3D ( 'NONE', #5530, #6838, #5869 ) ;
#1934 = EDGE_CURVE ( 'NONE', #7441, #1959, #10256, .T. ) ;
#1935 = CARTESIAN_POINT ( 'NONE',  ( 12.99999999999998934, 115.4999999999999858, -114.2540333075851606 ) ) ;
#1936 = VECTOR ( 'NONE', #8071, 1000.000000000000000 ) ;
#1937 = DIRECTION ( 'NONE',  ( 1.000000000000000000, -0.000000000000000000, -0.000000000000000000 ) ) ;
#1938 = CARTESIAN_POINT ( 'NONE',  ( 0.000000000000000000, 17.99999999999998934, -52.50000000000003553 ) ) ;
#1939 = CARTESIAN_POINT ( 'NONE',  ( 0.000000000000000000, 117.5000000000000000, -5.250000000000020428 ) ) ;
#1940 = LINE ( 'NONE', #8277, #8558 ) ;
#1941 = ORIENTED_EDGE ( 'NONE', *, *, #7027, .T. ) ;
#1942 = ORIENTED_EDGE ( 'NONE', *, *, #5989, .F. ) ;
#1943 = CARTESIAN_POINT ( 'NONE',  ( 0.000000000000000000, 8.000000000000000000, -119.2500000000000000 ) ) ;
#1944 = CIRCLE ( 'NONE', #10159, 8.000000000000005329 ) ;
#1945 = EDGE_CURVE ( 'NONE', #9250, #8553, #7114, .T. ) ;
#1946 = EDGE_CURVE ( 'NONE', #5982, #5622, #9366, .T. ) ;
#1947 = ORIENTED_EDGE ( 'NONE', *, *, #11192, .T. ) ;
#1948 = CARTESIAN_POINT ( 'NONE',  ( 15.00000000000000178, 234.7393942251612486, -123.8324847134385038 ) ) ;
#1949 = CARTESIAN_POINT ( 'NONE',  ( 8.000000000000000000, 17.99999999999998934, -58.62000000000003297 ) ) ;
#1950 = CARTESIAN_POINT ( 'NONE',  ( 7.990000000000000213, 18.00000000000000000, -83.62000000000008981 ) ) ;
#1951 = AXIS2_PLACEMENT_3D ( 'NONE', #1629, #2534, #4376 ) ;
#1952 = ORIENTED_EDGE ( 'NONE', *, *, #2172, .F. ) ;
#1953 = LINE ( 'NONE', #6571, #4360 ) ;
#1954 = DIRECTION ( 'NONE',  ( 0.000000000000000000, 0.000000000000000000, -1.000000000000000000 ) ) ;
#1955 = DIRECTION ( 'NONE',  ( -1.000000000000000000, -0.000000000000000000, -0.000000000000000000 ) ) ;
#1956 = EDGE_LOOP ( 'NONE', ( #7518, #3963, #11032, #9902 ) ) ;
#1957 = CARTESIAN_POINT ( 'NONE',  ( 15.00000000000000000, 0.2157597551317006757, -123.5708269634574634 ) ) ;
#1958 = ORIENTED_EDGE ( 'NONE', *, *, #3408, .T. ) ;
#1959 = VERTEX_POINT ( 'NONE', #10435 ) ;
#1960 = CYLINDRICAL_SURFACE ( 'NONE', #4467, 3.000000000000002665 ) ;
#1961 = ORIENTED_EDGE ( 'NONE', *, *, #626, .F. ) ;
#1962 = DIRECTION ( 'NONE',  ( -0.000000000000000000, -1.000000000000000000, -0.000000000000000000 ) ) ;
#1963 = EDGE_CURVE ( 'NONE', #7275, #2382, #5886, .T. ) ;
#1964 = AXIS2_PLACEMENT_3D ( 'NONE', #759, #10809, #11705 ) ;
#1965 = AXIS2_PLACEMENT_3D ( 'NONE', #8706, #514, #6554 ) ;
#1966 = VERTEX_POINT ( 'NONE', #280 ) ;
#1968 = ORIENTED_EDGE ( 'NONE', *, *, #10472, .F. ) ;
#1967 = CARTESIAN_POINT ( 'NONE',  ( 7.990000000000000213, 217.0000000000000284, -52.50000000000000711 ) ) ;
#1969 = DIRECTION ( 'NONE',  ( 0.000000000000000000, 0.000000000000000000, 1.000000000000000000 ) ) ;
#1970 = DIRECTION ( 'NONE',  ( 0.000000000000000000, 0.000000000000000000, 1.000000000000000000 ) ) ;
#1971 = DIRECTION ( 'NONE',  ( 1.000000000000000000, -0.000000000000000000, -0.000000000000000000 ) ) ;
#1972 = VERTEX_POINT ( 'NONE', #3190 ) ;
#1973 = CARTESIAN_POINT ( 'NONE',  ( 15.00000000000000178, 8.147671564206683925, -0.03410132982979149213 ) ) ;
#1974 = VERTEX_POINT ( 'NONE', #1333 ) ;
#1975 = DIRECTION ( 'NONE',  ( 0.000000000000000000, -1.267377881992188377E-16, 1.000000000000000000 ) ) ;
#1976 = AXIS2_PLACEMENT_3D ( 'NONE', #6435, #10069, #3348 ) ;
#1977 = DIRECTION ( 'NONE',  ( 0.7071067811865474617, 0.6987038558001040789, -0.1086872664577942377 ) ) ;
#1978 = ADVANCED_FACE ( 'NONE', ( #440, #4080 ), #1101, .F. ) ;
#1979 = AXIS2_PLACEMENT_3D ( 'NONE', #2294, #9807, #9639 ) ;
#1980 = DIRECTION ( 'NONE',  ( -1.000000000000000000, -0.000000000000000000, -0.000000000000000000 ) ) ;
#1981 = CIRCLE ( 'NONE', #10381, 3.000000000000009770 ) ;
#1982 = LINE ( 'NONE', #1257, #2435 ) ;
#1983 = DIRECTION ( 'NONE',  ( 1.000000000000000000, 0.000000000000000000, 0.000000000000000000 ) ) ;
#1984 = DIRECTION ( 'NONE',  ( 0.000000000000000000, 0.000000000000000000, -1.000000000000000000 ) ) ;
#1985 = CARTESIAN_POINT ( 'NONE',  ( 12.99999999999999112, 46.50000000000000000, -109.2998511713309853 ) ) ;
#1986 = DIRECTION ( 'NONE',  ( 0.000000000000000000, -1.267377881992188377E-16, 1.000000000000000000 ) ) ;
#1987 = ADVANCED_FACE ( 'NONE', ( #4749 ), #9485, .F. ) ;
#1988 = ORIENTED_EDGE ( 'NONE', *, *, #9325, .T. ) ;
#1989 = CARTESIAN_POINT ( 'NONE',  ( 14.86869354863676307, 87.66800501528138057, -88.41255645757713921 ) ) ;
#1990 = CIRCLE ( 'NONE', #6774, 1.142999999999994687 ) ;
#1991 = AXIS2_PLACEMENT_3D ( 'NONE', #2379, #11655, #4160 ) ;
#1992 = EDGE_CURVE ( 'NONE', #5610, #7474, #1843, .T. ) ;
#1993 = LINE ( 'NONE', #9293, #9933 ) ;
#1994 = ORIENTED_EDGE ( 'NONE', *, *, #990, .F. ) ;
#1995 = VECTOR ( 'NONE', #1923, 1000.000000000000000 ) ;
#1996 = CARTESIAN_POINT ( 'NONE',  ( 16.00000000000000000, 39.65328822863979497, -109.9800000000000040 ) ) ;
#1997 = AXIS2_PLACEMENT_3D ( 'NONE', #8595, #9383, #1238 ) ;
#1998 = CARTESIAN_POINT ( 'NONE',  ( 16.00000000000000000, 87.66800501528138057, -91.41255645757715342 ) ) ;
#1999 = CARTESIAN_POINT ( 'NONE',  ( 14.86869354863676307, 87.66800501528138057, -91.41255645757715342 ) ) ;
#2000 = ORIENTED_EDGE ( 'NONE', *, *, #8280, .T. ) ;
#2001 = EDGE_CURVE ( 'NONE', #3757, #5439, #296, .T. ) ;
#2002 = CARTESIAN_POINT ( 'NONE',  ( 24.00000000000000000, 39.65328822863979497, -118.4194297400666187 ) ) ;
#2003 = LINE ( 'NONE', #2061, #9323 ) ;
#2004 = ORIENTED_EDGE ( 'NONE', *, *, #9687, .T. ) ;
#2005 = EDGE_LOOP ( 'NONE', ( #7876, #2528 ) ) ;
#2006 = DIRECTION ( 'NONE',  ( 1.000000000000000000, -0.000000000000000000, -0.000000000000000000 ) ) ;
#2007 = VECTOR ( 'NONE', #7433, 1000.000000000000000 ) ;
#2008 = VECTOR ( 'NONE', #10319, 1000.000000000000000 ) ;
#2009 = EDGE_LOOP ( 'NONE', ( #8270, #5750, #1624, #5702 ) ) ;
#2010 = DIRECTION ( 'NONE',  ( -2.434699615406045218E-16, 0.000000000000000000, -1.000000000000000000 ) ) ;
#2011 = CARTESIAN_POINT ( 'NONE',  ( 14.99999999999999822, 234.6308390788191502, -124.3120182746058617 ) ) ;
#2012 = ORIENTED_EDGE ( 'NONE', *, *, #5054, .T. ) ;
#2013 = AXIS2_PLACEMENT_3D ( 'NONE', #11491, #550, #10647 ) ;
#2014 = DIRECTION ( 'NONE',  ( 0.000000000000000000, 0.000000000000000000, -1.000000000000000000 ) ) ;
#2015 = DIRECTION ( 'NONE',  ( 1.000000000000000000, 0.000000000000000000, 0.000000000000000000 ) ) ;
#2016 = ADVANCED_FACE ( 'NONE', ( #8649 ), #4938, .F. ) ;
#2017 = EDGE_CURVE ( 'NONE', #2984, #10769, #10789, .T. ) ;
#2018 = CARTESIAN_POINT ( 'NONE',  ( 8.000000000000000000, 0.000000000000000000, 0.000000000000000000 ) ) ;
#2019 = VERTEX_POINT ( 'NONE', #6375 ) ;
#2020 = CARTESIAN_POINT ( 'NONE',  ( 12.99999999999997691, 35.23828822863978161, -28.51360740926766368 ) ) ;
#2021 = EDGE_LOOP ( 'NONE', ( #10723, #3435 ) ) ;
#2022 = CARTESIAN_POINT ( 'NONE',  ( 14.86869354863676307, 30.73828822863980292, -106.4799999999999898 ) ) ;
#2023 = ORIENTED_EDGE ( 'NONE', *, *, #7040, .T. ) ;
#2024 = VECTOR ( 'NONE', #2689, 1000.000000000000000 ) ;
#2025 = DIRECTION ( 'NONE',  ( -1.267377881992188131E-16, -1.000000000000000000, -1.267377881992188131E-16 ) ) ;
#2026 = VERTEX_POINT ( 'NONE', #5279 ) ;
#2028 = ORIENTED_EDGE ( 'NONE', *, *, #4211, .T. ) ;
#2027 = CARTESIAN_POINT ( 'NONE',  ( 12.00000000000000711, 58.76740729157500454, -111.9800000000000040 ) ) ;
#2029 = CARTESIAN_POINT ( 'NONE',  ( 15.00000000000000000, 117.5000000000000000, -122.0000000000000000 ) ) ;
#2030 = DIRECTION ( 'NONE',  ( 0.000000000000000000, 0.000000000000000000, -1.000000000000000000 ) ) ;
#2031 = DIRECTION ( 'NONE',  ( -1.000000000000000000, -0.000000000000000000, -0.000000000000000000 ) ) ;
#2032 = VERTEX_POINT ( 'NONE', #3609 ) ;
#2033 = EDGE_CURVE ( 'NONE', #10781, #8913, #10853, .T. ) ;
#2034 = DIRECTION ( 'NONE',  ( 0.000000000000000000, 0.000000000000000000, 1.000000000000000000 ) ) ;
#2035 = EDGE_LOOP ( 'NONE', ( #7500, #6550, #8894, #4012 ) ) ;
#2036 = VECTOR ( 'NONE', #727, 1000.000000000000000 ) ;
#2037 = CARTESIAN_POINT ( 'NONE',  ( 12.99999999999999645, 192.5000000000000000, -66.99999999999998579 ) ) ;
#2038 = FACE_OUTER_BOUND ( 'NONE', #8366, .T. ) ;
#2039 = VECTOR ( 'NONE', #3501, 1000.000000000000000 ) ;
#2040 = ORIENTED_EDGE ( 'NONE', *, *, #5706, .F. ) ;
#2041 = CARTESIAN_POINT ( 'NONE',  ( -0.000000000000000000, 6.146340968176252417, -129.7310049565857071 ) ) ;
#2042 = DIRECTION ( 'NONE',  ( 1.000000000000000000, -0.000000000000000000, -0.000000000000000000 ) ) ;
#2043 = CARTESIAN_POINT ( 'NONE',  ( 13.00000000000001243, 156.0000000000000000, -14.11008170117470861 ) ) ;
#2044 = CARTESIAN_POINT ( 'NONE',  ( 10.30476252716050567, 59.38442327170124457, -109.7264563773865120 ) ) ;
#2045 = ADVANCED_FACE ( 'NONE', ( #1693 ), #3358, .F. ) ;
#2046 = PLANE ( 'NONE',  #10818 ) ;
#2047 = DIRECTION ( 'NONE',  ( 0.000000000000000000, 0.000000000000000000, -1.000000000000000000 ) ) ;
#2048 = ORIENTED_EDGE ( 'NONE', *, *, #3738, .T. ) ;
#2049 = CARTESIAN_POINT ( 'NONE',  ( 8.000000000000000000, 7.999999999999992895, -10.00000000000001421 ) ) ;
#2050 = ORIENTED_EDGE ( 'NONE', *, *, #9226, .T. ) ;
#2051 = CARTESIAN_POINT ( 'NONE',  ( 16.00000000000000000, 130.8480050152814158, -39.72355645757715337 ) ) ;
#2052 = CIRCLE ( 'NONE', #3570, 3.000000000000002665 ) ;
#2053 = DIRECTION ( 'NONE',  ( 1.000000000000000000, -0.000000000000000000, -2.434699615406045218E-16 ) ) ;
#2054 = ADVANCED_FACE ( 'NONE', ( #10007 ), #11689, .T. ) ;
#2055 = DIRECTION ( 'NONE',  ( 1.000000000000000000, 0.000000000000000000, 0.000000000000000000 ) ) ;
#2056 = DIRECTION ( 'NONE',  ( 0.000000000000000000, 0.000000000000000000, 1.000000000000000000 ) ) ;
#2057 = EDGE_CURVE ( 'NONE', #4765, #1179, #4995, .T. ) ;
#2058 = DIRECTION ( 'NONE',  ( 0.000000000000000000, 0.000000000000000000, -1.000000000000000000 ) ) ;
#2059 = ORIENTED_EDGE ( 'NONE', *, *, #3499, .T. ) ;
#2060 = VECTOR ( 'NONE', #3850, 1000.000000000000000 ) ;
#2061 = CARTESIAN_POINT ( 'NONE',  ( 8.000000000000000000, 7.999999999999992895, -67.00000000000001421 ) ) ;
#2062 = VERTEX_POINT ( 'NONE', #4435 ) ;
#2063 = CARTESIAN_POINT ( 'NONE',  ( 8.000000000000000000, 58.23828822863978161, -28.51360740926766368 ) ) ;
#2064 = DIRECTION ( 'NONE',  ( 0.000000000000000000, 0.000000000000000000, 1.000000000000000000 ) ) ;
#2065 = EDGE_LOOP ( 'NONE', ( #2711, #4492, #2825, #4309 ) ) ;
#2066 = AXIS2_PLACEMENT_3D ( 'NONE', #5980, #4224, #4414 ) ;
#2067 = EDGE_CURVE ( 'NONE', #8813, #8527, #1820, .T. ) ;
#2068 = AXIS2_PLACEMENT_3D ( 'NONE', #4025, #9482, #11326 ) ;
#2069 = VECTOR ( 'NONE', #3641, 1000.000000000000000 ) ;
#2070 = CARTESIAN_POINT ( 'NONE',  ( 13.00000000000001421, 42.49999999999999289, -8.000000000000001776 ) ) ;
#2071 = CARTESIAN_POINT ( 'NONE',  ( 15.00000000000000000, 229.0613890133603547, -129.6878322352170301 ) ) ;
#2072 = CARTESIAN_POINT ( 'NONE',  ( 24.00000000000000000, 56.22328822863982367, -109.9800000000000040 ) ) ;
#2073 = ORIENTED_EDGE ( 'NONE', *, *, #8500, .F. ) ;
#2074 = CARTESIAN_POINT ( 'NONE',  ( 14.86869354863674175, 29.23828822863977805, -28.51360740926766368 ) ) ;
#2075 = DIRECTION ( 'NONE',  ( 0.000000000000000000, 1.734723475976805517E-15, 1.000000000000000000 ) ) ;
#2076 = ORIENTED_EDGE ( 'NONE', *, *, #7578, .F. ) ;
#2077 = DIRECTION ( 'NONE',  ( 0.000000000000000000, 0.000000000000000000, -1.000000000000000000 ) ) ;
#2078 = VERTEX_POINT ( 'NONE', #6314 ) ;
#2079 = CARTESIAN_POINT ( 'NONE',  ( 12.99999999999998757, 16.00000000000001421, -122.0000000000000000 ) ) ;
#2080 = EDGE_CURVE ( 'NONE', #11159, #6570, #10662, .T. ) ;
#2081 = VECTOR ( 'NONE', #4813, 1000.000000000000000 ) ;
#2082 = ORIENTED_EDGE ( 'NONE', *, *, #4294, .T. ) ;
#2083 = CARTESIAN_POINT ( 'NONE',  ( 12.99999999999998757, 115.5000000000000142, -95.50000000000000000 ) ) ;
#2084 = CIRCLE ( 'NONE', #4926, 3.000000000000009770 ) ;
#2085 = DIRECTION ( 'NONE',  ( 1.000000000000000000, -0.000000000000000000, -0.000000000000000000 ) ) ;
#2086 = ORIENTED_EDGE ( 'NONE', *, *, #3002, .F. ) ;
#2087 = DIRECTION ( 'NONE',  ( 1.000000000000000000, -0.000000000000000000, -0.000000000000000000 ) ) ;
#2088 = ORIENTED_EDGE ( 'NONE', *, *, #6666, .T. ) ;
#2089 = EDGE_CURVE ( 'NONE', #6497, #11173, #740, .T. ) ;
#2090 = EDGE_CURVE ( 'NONE', #2026, #2925, #1563, .T. ) ;
#2092 = ORIENTED_EDGE ( 'NONE', *, *, #2893, .F. ) ;
#2091 = DIRECTION ( 'NONE',  ( -1.000000000000000000, -0.000000000000000000, -0.000000000000000000 ) ) ;
#2093 = CARTESIAN_POINT ( 'NONE',  ( 24.00000000000000000, 56.22328822863982367, -109.9800000000000040 ) ) ;
#2094 = CARTESIAN_POINT ( 'NONE',  ( 12.99999999999998934, 135.9280050152813999, -92.68255645757714944 ) ) ;
#2095 = DIRECTION ( 'NONE',  ( -1.000000000000000000, -0.000000000000000000, -0.000000000000000000 ) ) ;
#2096 = VERTEX_POINT ( 'NONE', #5256 ) ;
#2097 = DIRECTION ( 'NONE',  ( 1.000000000000000000, -0.000000000000000000, -0.000000000000000000 ) ) ;
#2098 = ORIENTED_EDGE ( 'NONE', *, *, #11560, .F. ) ;
#2099 = DIRECTION ( 'NONE',  ( 1.000000000000000000, -0.000000000000000000, -0.000000000000000000 ) ) ;
#2100 = ORIENTED_EDGE ( 'NONE', *, *, #394, .F. ) ;
#2101 = CARTESIAN_POINT ( 'NONE',  ( 8.000000000000000000, 30.73828822863980292, -106.4799999999999898 ) ) ;
#2102 = B_SPLINE_CURVE_WITH_KNOTS ( 'NONE', 3,
 ( #8891, #10929, #1519, #4332 ),
 .UNSPECIFIED., .F., .F.,
 ( 4, 4 ),
 ( 0.01929576592525387990, 0.02468622555166970906 ),
 .UNSPECIFIED. ) ;
#2103 = ORIENTED_EDGE ( 'NONE', *, *, #10170, .T. ) ;
#2104 = PRODUCT_DEFINITION_SHAPE ( 'NONE', 'NONE',  #2501 ) ;
#2105 = EDGE_CURVE ( 'NONE', #10842, #9818, #3524, .T. ) ;
#2106 = EDGE_CURVE ( 'NONE', #7401, #9243, #9972, .T. ) ;
#2108 = ORIENTED_EDGE ( 'NONE', *, *, #208, .T. ) ;
#2107 = CARTESIAN_POINT ( 'NONE',  ( -0.000000000000000000, 4.328319043976336822, -129.3299803178885838 ) ) ;
#2109 = LINE ( 'NONE', #3773, #3385 ) ;
#2110 = VECTOR ( 'NONE', #3054, 1000.000000000000000 ) ;
#2111 = DIRECTION ( 'NONE',  ( 1.000000000000000000, -0.000000000000000000, -0.000000000000000000 ) ) ;
#2112 = CARTESIAN_POINT ( 'NONE',  ( -0.000000000000000000, 5.687981725401836997, -0.3691609211831173853 ) ) ;
#2113 = DIRECTION ( 'NONE',  ( 0.000000000000000000, 1.000000000000000000, 1.267377881992188131E-16 ) ) ;
#2114 = CYLINDRICAL_SURFACE ( 'NONE', #3205, 3.000000000000002665 ) ;
#2115 = EDGE_LOOP ( 'NONE', ( #3539, #10559, #8960, #9445 ) ) ;
#2116 = DIRECTION ( 'NONE',  ( -1.267377881992188131E-16, -1.000000000000000000, -1.267377881992188131E-16 ) ) ;
#2117 = ORIENTED_EDGE ( 'NONE', *, *, #10322, .F. ) ;
#2118 = EDGE_CURVE ( 'NONE', #7607, #4910, #11611, .T. ) ;
#2119 = CARTESIAN_POINT ( 'NONE',  ( 8.000000000000000000, 188.4999999999999432, -91.49999999999998579 ) ) ;
#2120 = EDGE_LOOP ( 'NONE', ( #4702, #5124, #4386, #6740, #11607 ) ) ;
#2121 = DIRECTION ( 'NONE',  ( -1.000000000000000000, -0.000000000000000000, -0.000000000000000000 ) ) ;
#2122 = DIRECTION ( 'NONE',  ( 0.000000000000000000, -1.000000000000000000, -1.188166764367676342E-16 ) ) ;
#2123 = AXIS2_PLACEMENT_3D ( 'NONE', #4011, #7465, #4745 ) ;
#2124 = ORIENTED_EDGE ( 'NONE', *, *, #6861, .T. ) ;
#2125 = CARTESIAN_POINT ( 'NONE',  ( 14.86869354863676307, 87.66800501528138057, -91.41255645757715342 ) ) ;
#2126 = EDGE_CURVE ( 'NONE', #3812, #11152, #10891, .T. ) ;
#2127 = DIRECTION ( 'NONE',  ( 1.000000000000000000, -0.000000000000000000, -0.000000000000000000 ) ) ;
#2128 = ORIENTED_EDGE ( 'NONE', *, *, #5639, .F. ) ;
#2129 = FACE_OUTER_BOUND ( 'NONE', #8238, .T. ) ;
#2130 = EDGE_CURVE ( 'NONE', #1229, #8933, #10050, .T. ) ;
#2131 = EDGE_LOOP ( 'NONE', ( #2092, #9114, #1719, #4903 ) ) ;
#2132 = VECTOR ( 'NONE', #10186, 1000.000000000000000 ) ;
#2133 = CARTESIAN_POINT ( 'NONE',  ( 8.000000000000000000, 7.999999999999992895, -34.50000000000001421 ) ) ;
#2134 = CARTESIAN_POINT ( 'NONE',  ( 13.00000000000000178, 226.9999999999999716, -95.49999999999998579 ) ) ;
#2135 = ORIENTED_EDGE ( 'NONE', *, *, #575, .T. ) ;
#2136 = DIRECTION ( 'NONE',  ( 1.000000000000000000, -0.000000000000000000, -0.000000000000000000 ) ) ;
#2137 = CARTESIAN_POINT ( 'NONE',  ( 9.669228887055123067, 140.6772704316876741, -91.50000000000000000 ) ) ;
#2138 = ORIENTED_EDGE ( 'NONE', *, *, #588, .F. ) ;
#2139 = CARTESIAN_POINT ( 'NONE',  ( 8.000000000000000000, 73.10504876423827625, -30.01360740926768145 ) ) ;
#2140 = ORIENTED_EDGE ( 'NONE', *, *, #6373, .F. ) ;
#2141 = DIRECTION ( 'NONE',  ( -1.000000000000000000, 0.000000000000000000, 0.000000000000000000 ) ) ;
#2142 = ADVANCED_FACE ( 'NONE', ( #10704 ), #1605, .F. ) ;
#2143 = ORIENTED_EDGE ( 'NONE', *, *, #6004, .T. ) ;
#2144 = DIRECTION ( 'NONE',  ( 0.000000000000000000, 0.000000000000000000, -1.000000000000000000 ) ) ;
#2145 = LINE ( 'NONE', #404, #11291 ) ;
#2146 = ORIENTED_EDGE ( 'NONE', *, *, #273, .F. ) ;
#2147 = FACE_OUTER_BOUND ( 'NONE', #10137, .T. ) ;
#2148 = EDGE_LOOP ( 'NONE', ( #4908, #2500, #1322, #1931, #3806, #5162 ) ) ;
#2149 = CARTESIAN_POINT ( 'NONE',  ( 6.999999999999999112, 226.9999999999999716, -119.2499999999999716 ) ) ;
#2150 = CARTESIAN_POINT ( 'NONE',  ( 8.000000000000000000, 7.999999999999992895, -10.00000000000001421 ) ) ;
#2151 = CARTESIAN_POINT ( 'NONE',  ( 13.00000000000001066, 58.37376206662401046, -118.9800000000000182 ) ) ;
#2152 = ORIENTED_EDGE ( 'NONE', *, *, #8309, .F. ) ;
#2153 = DIRECTION ( 'NONE',  ( 0.000000000000000000, 1.000000000000000000, -0.000000000000000000 ) ) ;
#2154 = VERTEX_POINT ( 'NONE', #2230 ) ;
#2155 = CARTESIAN_POINT ( 'NONE',  ( 8.000000000000000000, 117.5000000000000000, -8.000000000000015987 ) ) ;
#2156 = EDGE_CURVE ( 'NONE', #8334, #5575, #10532, .T. ) ;
#2157 = LINE ( 'NONE', #3218, #11533 ) ;
#2158 = VECTOR ( 'NONE', #2127, 1000.000000000000000 ) ;
#2159 = ORIENTED_EDGE ( 'NONE', *, *, #6051, .T. ) ;
#2161 = ORIENTED_EDGE ( 'NONE', *, *, #5396, .F. ) ;
#2160 = DIRECTION ( 'NONE',  ( 1.000000000000000000, -0.000000000000000000, -0.000000000000000000 ) ) ;
#2162 = DIRECTION ( 'NONE',  ( 0.000000000000000000, 0.000000000000000000, 1.000000000000000000 ) ) ;
#2163 = VECTOR ( 'NONE', #9649, 1000.000000000000000 ) ;
#2164 = CONICAL_SURFACE ( 'NONE', #10375, 3.000000000000002665, 0.3490658503988593453 ) ;
#2165 = DIRECTION ( 'NONE',  ( -2.434699615406045218E-16, 0.000000000000000000, -1.000000000000000000 ) ) ;
#2166 = CARTESIAN_POINT ( 'NONE',  ( -0.000000000000000000, 5.771625857734464127, -0.3495352817166971215 ) ) ;
#2167 = FACE_OUTER_BOUND ( 'NONE', #4094, .T. ) ;
#2168 = CARTESIAN_POINT ( 'NONE',  ( 13.00000000000000178, 226.9999999999999716, -66.99999999999998579 ) ) ;
#2169 = EDGE_CURVE ( 'NONE', #8351, #4706, #2731, .T. ) ;
#2170 = ORIENTED_EDGE ( 'NONE', *, *, #5144, .T. ) ;
#2171 = DIRECTION ( 'NONE',  ( -1.000000000000000000, 0.000000000000000000, 0.000000000000000000 ) ) ;
#2172 = EDGE_CURVE ( 'NONE', #7851, #2768, #1320, .T. ) ;
#2173 = ORIENTED_EDGE ( 'NONE', *, *, #4174, .F. ) ;
#2174 = AXIS2_PLACEMENT_3D ( 'NONE', #11751, #1937, #5582 ) ;
#2175 = VECTOR ( 'NONE', #914, 1000.000000000000000 ) ;
#2176 = DIRECTION ( 'NONE',  ( 2.168404344971006896E-16, 0.000000000000000000, 1.000000000000000000 ) ) ;
#2177 = CARTESIAN_POINT ( 'NONE',  ( 6.999999999999999112, 8.000000000000000000, -122.0000000000000000 ) ) ;
#2178 = LINE ( 'NONE', #7631, #5020 ) ;
#2179 = AXIS2_PLACEMENT_3D ( 'NONE', #1681, #3594, #9168 ) ;
#2180 = CIRCLE ( 'NONE', #8669, 3.680148828669072003 ) ;
#2181 = DIRECTION ( 'NONE',  ( 0.000000000000000000, 0.000000000000000000, 1.000000000000000000 ) ) ;
#2182 = LINE ( 'NONE', #7735, #11492 ) ;
#2183 = EDGE_CURVE ( 'NONE', #8476, #4699, #4067, .T. ) ;
#2184 = CARTESIAN_POINT ( 'NONE',  ( 16.00000000000000000, 30.73828822863980292, -107.3689999999999856 ) ) ;
#2185 = VERTEX_POINT ( 'NONE', #543 ) ;
#2186 = DIRECTION ( 'NONE',  ( -1.000000000000000000, 0.000000000000000000, 0.000000000000000000 ) ) ;
#2187 = CARTESIAN_POINT ( 'NONE',  ( 16.00000000000000000, 203.4716895539514780, -17.45788136388648581 ) ) ;
#2188 = AXIS2_PLACEMENT_3D ( 'NONE', #4659, #8323, #8384 ) ;
#2189 = VECTOR ( 'NONE', #9163, 1000.000000000000000 ) ;
#2190 = DIRECTION ( 'NONE',  ( 0.000000000000000000, 1.000000000000000000, 1.267377881992188131E-16 ) ) ;
#2191 = ORIENTED_EDGE ( 'NONE', *, *, #8666, .T. ) ;
#2192 = CARTESIAN_POINT ( 'NONE',  ( 12.00000000000000711, -0.001000000000001000089, -111.9800000000000040 ) ) ;
#2193 = CARTESIAN_POINT ( 'NONE',  ( 15.00000000000000000, 234.9999999999999147, -9.550326329284045457 ) ) ;
#2194 = EDGE_LOOP ( 'NONE', ( #1309, #3628, #4560, #11800 ) ) ;
#2195 = ADVANCED_FACE ( 'NONE', ( #11485, #11370 ), #10679, .T. ) ;
#2196 = AXIS2_PLACEMENT_3D ( 'NONE', #358, #2095, #248 ) ;
#2197 = CARTESIAN_POINT ( 'NONE',  ( -0.000000000000000000, 234.9467287771392137, -7.830009952703661291 ) ) ;
#2198 = ORIENTED_EDGE ( 'NONE', *, *, #2664, .T. ) ;
#2199 = FACE_OUTER_BOUND ( 'NONE', #10406, .T. ) ;
#2200 = AXIS2_PLACEMENT_3D ( 'NONE', #2862, #2686, #1845 ) ;
#2201 = B_SPLINE_SURFACE_WITH_KNOTS ( 'NONE', 5, 3, ( 
 ( #4370, #4990, #1343, #8033 ),
 ( #3352, #11683, #6117, #2589 ),
 ( #609, #3475, #1558, #8992 ),
 ( #11558, #7143, #10657, #3540 ),
 ( #1748, #5391, #2465, #853 ),
 ( #9757, #5207, #10783, #8868 ),
 ( #674, #4307, #2943, #1872 ),
 ( #3722, #3778, #29, #7390 ) ),
 .UNSPECIFIED., .F., .F., .F.,
 ( 6, 2, 6 ),
 ( 4, 4 ),
 ( 0.000000000000000000, 0.5000000000000000000, 1.000000000000000000 ),
 ( -0.007749999999999999077, 0.008750000000000000833 ),
 .UNSPECIFIED. ) ;
#2202 = CARTESIAN_POINT ( 'NONE',  ( 14.86869354863674175, 46.50000000000000000, -14.51360740926766901 ) ) ;
#2203 = ORIENTED_EDGE ( 'NONE', *, *, #1441, .T. ) ;
#2204 = CARTESIAN_POINT ( 'NONE',  ( 8.000000000000000000, 7.999999999999992895, -95.50000000000001421 ) ) ;
#2205 = LINE ( 'NONE', #5845, #10133 ) ;
#2206 = CARTESIAN_POINT ( 'NONE',  ( 7.990000000000000213, 217.0000000000000284, -77.50000000000000000 ) ) ;
#2207 = VECTOR ( 'NONE', #8168, 1000.000000000000000 ) ;
#2208 = ADVANCED_FACE ( 'NONE', ( #2490 ), #1774, .T. ) ;
#2209 =( BOUNDED_CURVE ( )  B_SPLINE_CURVE ( 3, ( #5945, #5038, #7920, #11635 ),
 .UNSPECIFIED., .F., .T. ) 
 B_SPLINE_CURVE_WITH_KNOTS ( ( 4, 4 ),
 ( 6.172944893837010838, 8.651761662360382132 ),
 .UNSPECIFIED. ) 
 CURVE ( )  GEOMETRIC_REPRESENTATION_ITEM ( )  RATIONAL_B_SPLINE_CURVE ( ( 1.000000000000000000, 0.5502371788429443189, 0.5502371788429443189, 1.000000000000000000 ) ) 
 REPRESENTATION_ITEM ( '' )  );
#2210 = DIRECTION ( 'NONE',  ( 0.000000000000000000, 0.000000000000000000, -1.000000000000000000 ) ) ;
#2211 = DIRECTION ( 'NONE',  ( -1.267377881992188131E-16, -1.000000000000000000, -1.267377881992188131E-16 ) ) ;
#2212 = ORIENTED_EDGE ( 'NONE', *, *, #4661, .F. ) ;
#2213 = CARTESIAN_POINT ( 'NONE',  ( 0.000000000000000000, 156.0000000000000000, 0.000000000000000000 ) ) ;
#2214 = ORIENTED_EDGE ( 'NONE', *, *, #10685, .T. ) ;
#2215 = PLANE ( 'NONE',  #1508 ) ;
#2216 = DIRECTION ( 'NONE',  ( 1.217349807703022609E-16, 0.000000000000000000, 1.000000000000000000 ) ) ;
#2217 = AXIS2_PLACEMENT_3D ( 'NONE', #7731, #11548, #6108 ) ;
#2218 = EDGE_LOOP ( 'NONE', ( #9589, #5359, #9769, #3604, #3161, #411, #1766 ) ) ;
#2220 = EDGE_LOOP ( 'NONE', ( #2945, #5186, #3505, #10843 ) ) ;
#2219 = CARTESIAN_POINT ( 'NONE',  ( 3.851859888774471706E-31, 117.5000000000000000, -1.880000000000015437 ) ) ;
#2221 = EDGE_CURVE ( 'NONE', #11564, #7488, #10751, .T. ) ;
#2222 = DIRECTION ( 'NONE',  ( 1.000000000000000000, -0.000000000000000000, -0.000000000000000000 ) ) ;
#2223 = CIRCLE ( 'NONE', #2787, 3.680148828669054684 ) ;
#2224 = DIRECTION ( 'NONE',  ( -1.000000000000000000, -0.000000000000000000, -0.000000000000000000 ) ) ;
#2225 = CARTESIAN_POINT ( 'NONE',  ( -0.000000000000000000, 0.2689950434181651029, -6.146340968159883289 ) ) ;
#2226 = CARTESIAN_POINT ( 'NONE',  ( 8.000000000000000000, 0.000000000000000000, 0.000000000000000000 ) ) ;
#2227 = CARTESIAN_POINT ( 'NONE',  ( 8.000000000000000000, 97.82990446354459380, -38.50000000000000711 ) ) ;
#2228 = CARTESIAN_POINT ( 'NONE',  ( 10.80824447290161672, 34.27540562731854834, -109.2292568761485398 ) ) ;
#2229 = ORIENTED_EDGE ( 'NONE', *, *, #7820, .T. ) ;
#2230 = CARTESIAN_POINT ( 'NONE',  ( 16.00000000000000000, 87.66800501528138057, -88.41255645757713921 ) ) ;
#2231 = AXIS2_PLACEMENT_3D ( 'NONE', #2855, #110, #4692 ) ;
#2232 = ORIENTED_EDGE ( 'NONE', *, *, #8418, .T. ) ;
#2233 = CYLINDRICAL_SURFACE ( 'NONE', #10190, 0.8890000000000009006 ) ;
#2234 = VERTEX_POINT ( 'NONE', #6271 ) ;
#2235 = EDGE_CURVE ( 'NONE', #8391, #6017, #8639, .T. ) ;
#2236 = CIRCLE ( 'NONE', #4688, 3.000000000000002665 ) ;
#2237 = EDGE_CURVE ( 'NONE', #3092, #8677, #2102, .T. ) ;
#2238 = CIRCLE ( 'NONE', #8915, 3.000000000000002665 ) ;
#2239 = ADVANCED_FACE ( 'NONE', ( #11833 ), #7997, .T. ) ;
#2240 = CARTESIAN_POINT ( 'NONE',  ( 8.000000000000014211, 152.0000000000000000, -9.999999999999994671 ) ) ;
#2241 = DIRECTION ( 'NONE',  ( -1.000000000000000000, -0.000000000000000000, -0.000000000000000000 ) ) ;
#2242 = DIRECTION ( 'NONE',  ( 0.000000000000000000, 0.000000000000000000, -1.000000000000000000 ) ) ;
#2243 = ORIENTED_EDGE ( 'NONE', *, *, #11089, .F. ) ;
#2244 = DIRECTION ( 'NONE',  ( 0.000000000000000000, 0.000000000000000000, -1.000000000000000000 ) ) ;
#2245 = ORIENTED_EDGE ( 'NONE', *, *, #10284, .T. ) ;
#2246 = DIRECTION ( 'NONE',  ( -1.000000000000000000, 0.000000000000000000, 0.000000000000000000 ) ) ;
#2247 = AXIS2_PLACEMENT_3D ( 'NONE', #1840, #5483, #1584 ) ;
#2248 = EDGE_CURVE ( 'NONE', #11369, #3415, #8086, .T. ) ;
#2249 = CARTESIAN_POINT ( 'NONE',  ( 13.00000000000000178, 226.9999999999999716, -120.0000000000000000 ) ) ;
#2250 = CIRCLE ( 'NONE', #3797, 2.750000000000000888 ) ;
#2251 = AXIS2_PLACEMENT_3D ( 'NONE', #2125, #11094, #1045 ) ;
#2252 = CARTESIAN_POINT ( 'NONE',  ( 0.000000000000000000, 152.0000000000000000, -63.00000000000000000 ) ) ;
#2253 = DIRECTION ( 'NONE',  ( -1.000000000000000000, 0.000000000000000000, 0.000000000000000000 ) ) ;
#2254 = VERTEX_POINT ( 'NONE', #708 ) ;
#2255 = DIRECTION ( 'NONE',  ( 0.000000000000000000, 0.000000000000000000, 1.000000000000000000 ) ) ;
#2256 = ORIENTED_EDGE ( 'NONE', *, *, #4093, .F. ) ;
#2257 = CARTESIAN_POINT ( 'NONE',  ( -0.000000000000000000, 234.6600988239732146, -5.813654505065743550 ) ) ;
#2258 = LINE ( 'NONE', #6178, #7708 ) ;
#2259 = VERTEX_POINT ( 'NONE', #8011 ) ;
#2260 = CARTESIAN_POINT ( 'NONE',  ( 16.00000000000000000, 135.9280050152813999, -95.68255645757716366 ) ) ;
#2261 = DIRECTION ( 'NONE',  ( 0.000000000000000000, 0.1537070062818648997, -0.9881164689548832536 ) ) ;
#2262 = AXIS2_PLACEMENT_3D ( 'NONE', #8387, #4605, #7325 ) ;
#2263 = AXIS2_PLACEMENT_3D ( 'NONE', #10066, #9118, #1814 ) ;
#2264 = CARTESIAN_POINT ( 'NONE',  ( 7.990000000000000213, 18.00000000000000000, -77.50000000000008527 ) ) ;
#2265 = AXIS2_PLACEMENT_3D ( 'NONE', #9464, #11309, #8503 ) ;
#2266 = EDGE_CURVE ( 'NONE', #658, #1870, #7248, .T. ) ;
#2267 = CARTESIAN_POINT ( 'NONE',  ( 8.000000000000000000, 7.999999999999992895, -95.50000000000001421 ) ) ;
#2268 = CARTESIAN_POINT ( 'NONE',  ( 16.00000000000000000, 154.4716895539514496, -75.45788136388650003 ) ) ;
#2269 = DIRECTION ( 'NONE',  ( 0.000000000000000000, 0.000000000000000000, 1.000000000000000000 ) ) ;
#2270 = AXIS2_PLACEMENT_3D ( 'NONE', #109, #1731, #776 ) ;
#2271 = ORIENTED_EDGE ( 'NONE', *, *, #220, .F. ) ;
#2272 = AXIS2_PLACEMENT_3D ( 'NONE', #876, #4513, #10808 ) ;
#2273 = DIRECTION ( 'NONE',  ( 0.000000000000000000, 0.000000000000000000, 1.000000000000000000 ) ) ;
#2274 = EDGE_LOOP ( 'NONE', ( #1277, #7344 ) ) ;
#2275 = DIRECTION ( 'NONE',  ( 0.000000000000000000, 1.000000000000000000, 1.267377881992188131E-16 ) ) ;
#2276 = DIRECTION ( 'NONE',  ( -1.000000000000000000, -0.000000000000000000, -0.000000000000000000 ) ) ;
#2277 = EDGE_CURVE ( 'NONE', #1284, #7177, #892, .T. ) ;
#2278 = VERTEX_POINT ( 'NONE', #9918 ) ;
#2279 = ADVANCED_FACE ( 'NONE', ( #9789 ), #7184, .T. ) ;
#2280 = CARTESIAN_POINT ( 'NONE',  ( -0.000000000000000000, 0.04931381778109707181, -122.1118176867186520 ) ) ;
#2281 = CARTESIAN_POINT ( 'NONE',  ( -0.000000000000000000, 229.1682889501146576, -129.6641894305436438 ) ) ;
#2282 = CARTESIAN_POINT ( 'NONE',  ( 13.00000000000001243, 152.0000000000000000, -14.73129996036276879 ) ) ;
#2283 = CARTESIAN_POINT ( 'NONE',  ( -0.000000000000000000, 7.830009952698413933, -0.05327122286053148636 ) ) ;
#2284 = CARTESIAN_POINT ( 'NONE',  ( 12.99999999999999645, 192.5000000000000000, -91.49999999999998579 ) ) ;
#2285 = DIRECTION ( 'NONE',  ( 1.000000000000000000, 0.000000000000000000, 0.000000000000000000 ) ) ;
#2286 = CARTESIAN_POINT ( 'NONE',  ( 8.000000000000000000, 7.999999999999992895, -95.50000000000001421 ) ) ;
#2287 = ORIENTED_EDGE ( 'NONE', *, *, #4315, .T. ) ;
#2288 = ORIENTED_EDGE ( 'NONE', *, *, #6971, .F. ) ;
#2289 = CARTESIAN_POINT ( 'NONE',  ( 8.000000000000000000, 60.22328822863980236, -118.6665193973932020 ) ) ;
#2290 = EDGE_CURVE ( 'NONE', #8553, #11508, #4468, .T. ) ;
#2291 = CARTESIAN_POINT ( 'NONE',  ( 9.027509323138104946, 82.99999999999997158, -89.28664194466810500 ) ) ;
#2292 = DIRECTION ( 'NONE',  ( -1.000000000000000000, 0.000000000000000000, 0.000000000000000000 ) ) ;
#2293 = CIRCLE ( 'NONE', #9177, 3.000000000000009770 ) ;
#2294 = CARTESIAN_POINT ( 'NONE',  ( 12.99999999999998757, 8.000000000000000000, -122.0000000000000000 ) ) ;
#2295 = EDGE_CURVE ( 'NONE', #6132, #2874, #3959, .T. ) ;
#2296 = DIRECTION ( 'NONE',  ( 0.000000000000000000, 0.000000000000000000, -1.000000000000000000 ) ) ;
#2297 = ORIENTED_EDGE ( 'NONE', *, *, #7300, .T. ) ;
#2298 = ORIENTED_EDGE ( 'NONE', *, *, #10553, .T. ) ;
#2299 = DIRECTION ( 'NONE',  ( 0.000000000000000000, 0.000000000000000000, -1.000000000000000000 ) ) ;
#2300 = ORIENTED_EDGE ( 'NONE', *, *, #10592, .F. ) ;
#2301 = LINE ( 'NONE', #10317, #2158 ) ;
#2302 = EDGE_CURVE ( 'NONE', #6453, #3584, #4060, .T. ) ;
#2303 = VERTEX_POINT ( 'NONE', #7309 ) ;
#2304 = CIRCLE ( 'NONE', #5753, 8.000000000000007105 ) ;
#2305 = LINE ( 'NONE', #1632, #10373 ) ;
#2306 = CARTESIAN_POINT ( 'NONE',  ( 6.999999999999999112, 10.75000000000000000, -8.000000000000028422 ) ) ;
#2307 = CARTESIAN_POINT ( 'NONE',  ( 15.00000000000000000, 234.9770213261361391, -8.393628246449813091 ) ) ;
#2308 = ORIENTED_EDGE ( 'NONE', *, *, #6925, .T. ) ;
#2309 = DIRECTION ( 'NONE',  ( -1.000000000000000000, -0.000000000000000000, -0.000000000000000000 ) ) ;
#2310 = CARTESIAN_POINT ( 'NONE',  ( 0.000000000000000000, 235.0000000000000000, -10.00000000000000000 ) ) ;
#2311 = ADVANCED_FACE ( 'NONE', ( #6155 ), #10939, .F. ) ;
#2312 = ORIENTED_EDGE ( 'NONE', *, *, #1861, .T. ) ;
#2313 = DIRECTION ( 'NONE',  ( 0.000000000000000000, 0.07710059492488814670, 0.9970233188156776283 ) ) ;
#2314 = EDGE_CURVE ( 'NONE', #2591, #6963, #11717, .T. ) ;
#2315 = CARTESIAN_POINT ( 'NONE',  ( -0.002000000000000265454, 109.4999999999999858, -8.000000000000017764 ) ) ;
#2316 = CARTESIAN_POINT ( 'NONE',  ( 13.00000000000001243, 154.4716895539514496, -21.13803019255554716 ) ) ;
#2317 = CARTESIAN_POINT ( 'NONE',  ( 7.990000000000000213, 17.99999999999998934, -52.50000000000003553 ) ) ;
#2318 = CARTESIAN_POINT ( 'NONE',  ( 13.00000000000000178, 188.5000000000000000, -66.99999999999998579 ) ) ;
#2319 = DIRECTION ( 'NONE',  ( 0.000000000000000000, 0.000000000000000000, 1.000000000000000000 ) ) ;
#2320 = CARTESIAN_POINT ( 'NONE',  ( 15.00000000000000000, 0.01592449610950244857, -8.398604535904480528 ) ) ;
#2321 = ORIENTED_EDGE ( 'NONE', *, *, #11177, .F. ) ;
#2322 = DIRECTION ( 'NONE',  ( -1.000000000000000000, 0.000000000000000000, 0.000000000000000000 ) ) ;
#2323 = DIRECTION ( 'NONE',  ( -1.000000000000000000, 0.000000000000000000, 0.000000000000000000 ) ) ;
#2324 = EDGE_CURVE ( 'NONE', #416, #11441, #3393, .T. ) ;
#2325 = ORIENTED_EDGE ( 'NONE', *, *, #2893, .T. ) ;
#2326 = AXIS2_PLACEMENT_3D ( 'NONE', #8864, #2461, #10902 ) ;
#2327 = FACE_OUTER_BOUND ( 'NONE', #9230, .T. ) ;
#2329 = ORIENTED_EDGE ( 'NONE', *, *, #5270, .T. ) ;
#2328 = PLANE ( 'NONE',  #5653 ) ;
#2330 = CARTESIAN_POINT ( 'NONE',  ( -0.000000000000000000, 228.3417528389356050, -129.8270561445465319 ) ) ;
#2331 = CARTESIAN_POINT ( 'NONE',  ( 8.000000000000000000, 224.9999999999999716, -122.0000000000000000 ) ) ;
#2332 = PLANE ( 'NONE',  #7629 ) ;
#2333 = ORIENTED_EDGE ( 'NONE', *, *, #11396, .F. ) ;
#2334 = DIRECTION ( 'NONE',  ( 0.000000000000000000, 0.000000000000000000, -1.000000000000000000 ) ) ;
#2335 = DIRECTION ( 'NONE',  ( -1.000000000000000000, 0.000000000000000000, 0.000000000000000000 ) ) ;
#2336 = ORIENTED_EDGE ( 'NONE', *, *, #91, .T. ) ;
#2337 = ORIENTED_EDGE ( 'NONE', *, *, #2410, .T. ) ;
#2338 = DIRECTION ( 'NONE',  ( 1.000000000000000000, -0.000000000000000000, -0.000000000000000000 ) ) ;
#2339 = EDGE_CURVE ( 'NONE', #7124, #10355, #10882, .T. ) ;
#2340 = ORIENTED_EDGE ( 'NONE', *, *, #9937, .T. ) ;
#2341 = AXIS2_PLACEMENT_3D ( 'NONE', #444, #7371, #8246 ) ;
#2342 = CARTESIAN_POINT ( 'NONE',  ( 16.00000000000000000, 30.73828822863980292, -106.4799999999999898 ) ) ;
#2343 = DIRECTION ( 'NONE',  ( 0.000000000000000000, 0.000000000000000000, -1.000000000000000000 ) ) ;
#2344 = ADVANCED_FACE ( 'NONE', ( #9978 ), #4823, .T. ) ;
#2345 = DIRECTION ( 'NONE',  ( 0.000000000000000000, 4.336808689942021187E-16, -1.000000000000000000 ) ) ;
#2346 = ORIENTED_EDGE ( 'NONE', *, *, #11724, .T. ) ;
#2347 = EDGE_LOOP ( 'NONE', ( #715, #3274, #7486, #1118 ) ) ;
#2348 = EDGE_LOOP ( 'NONE', ( #7859, #11542, #3617, #9352 ) ) ;
#2349 = CARTESIAN_POINT ( 'NONE',  ( 13.00000000000000178, 226.9999999999999716, -9.999999999999985789 ) ) ;
#2350 = EDGE_CURVE ( 'NONE', #10459, #4048, #648, .T. ) ;
#2351 = ORIENTED_EDGE ( 'NONE', *, *, #6298, .T. ) ;
#2352 = CARTESIAN_POINT ( 'NONE',  ( 5.000000000000001776, 10.00000000000000000, -130.0000000000000000 ) ) ;
#2353 = CIRCLE ( 'NONE', #11721, 3.000000000000002665 ) ;
#2354 = CARTESIAN_POINT ( 'NONE',  ( 12.19002402657089412, 133.1205206747891339, -95.50000000000001421 ) ) ;
#2355 = EDGE_CURVE ( 'NONE', #2811, #4968, #2627, .T. ) ;
#2356 = EDGE_LOOP ( 'NONE', ( #11780, #10039 ) ) ;
#2357 = DIRECTION ( 'NONE',  ( 0.000000000000000000, 0.000000000000000000, -1.000000000000000000 ) ) ;
#2358 = DIRECTION ( 'NONE',  ( -1.000000000000000000, 0.000000000000000000, 0.000000000000000000 ) ) ;
#2359 = CARTESIAN_POINT ( 'NONE',  ( 15.75000000000000000, 235.0000000000000000, -10.00000000000000000 ) ) ;
#2360 = PLANE ( 'NONE',  #6065 ) ;
#2361 = ORIENTED_EDGE ( 'NONE', *, *, #10792, .T. ) ;
#2362 = PLANE ( 'NONE',  #2775 ) ;
#2363 = AXIS2_PLACEMENT_3D ( 'NONE', #5185, #11603, #11536 ) ;
#2364 = AXIS2_PLACEMENT_3D ( 'NONE', #8792, #10833, #2641 ) ;
#2365 = EDGE_CURVE ( 'NONE', #9051, #6851, #3575, .T. ) ;
#2366 = DIRECTION ( 'NONE',  ( -1.000000000000000000, 0.000000000000000000, 0.000000000000000000 ) ) ;
#2367 = CARTESIAN_POINT ( 'NONE',  ( 16.00000000000000000, 62.73828822863980292, -105.5909999999999940 ) ) ;
#2368 = ADVANCED_FACE ( 'NONE', ( #771 ), #3452, .T. ) ;
#2369 = CARTESIAN_POINT ( 'NONE',  ( 5.839999999999999858, 62.73828822863980292, -55.47999999999998977 ) ) ;
#2370 = EDGE_CURVE ( 'NONE', #7691, #4591, #7118, .T. ) ;
#2371 = AXIS2_PLACEMENT_3D ( 'NONE', #8369, #7373, #129 ) ;
#2372 = VECTOR ( 'NONE', #10674, 1000.000000000000000 ) ;
#2373 = CARTESIAN_POINT ( 'NONE',  ( 8.000000000000000000, 18.00000000000000000, -71.38000000000008072 ) ) ;
#2374 = ORIENTED_EDGE ( 'NONE', *, *, #6013, .F. ) ;
#2375 = CARTESIAN_POINT ( 'NONE',  ( 16.00000000000000000, 0.000000000000000000, 0.000000000000000000 ) ) ;
#2376 = ORIENTED_EDGE ( 'NONE', *, *, #5877, .T. ) ;
#2377 = DIRECTION ( 'NONE',  ( -1.000000000000000000, 0.000000000000000000, 0.000000000000000000 ) ) ;
#2378 = ORIENTED_EDGE ( 'NONE', *, *, #6599, .T. ) ;
#2379 = CARTESIAN_POINT ( 'NONE',  ( 14.86869354863678439, 154.4716895539514496, -17.45788136388649292 ) ) ;
#2380 = ORIENTED_EDGE ( 'NONE', *, *, #5695, .F. ) ;
#2382 = VERTEX_POINT ( 'NONE', #5496 ) ;
#2381 = CARTESIAN_POINT ( 'NONE',  ( 14.86869354863674175, 58.23828822863978161, -34.51360740926766368 ) ) ;
#2383 = CARTESIAN_POINT ( 'NONE',  ( 10.70095966258233133, 85.74031969938206998, -95.50000000000001421 ) ) ;
#2384 = CARTESIAN_POINT ( 'NONE',  ( 16.00000000000000000, 154.4716895539514496, -17.45788136388649292 ) ) ;
#2385 = ADVANCED_FACE ( 'NONE', ( #3699 ), #4773, .T. ) ;
#2386 = DIRECTION ( 'NONE',  ( 1.000000000000000000, -0.000000000000000000, -0.000000000000000000 ) ) ;
#2387 = ORIENTED_EDGE ( 'NONE', *, *, #10705, .T. ) ;
#2388 = CARTESIAN_POINT ( 'NONE',  ( 13.00000000000000178, 226.9999999999999716, -62.99999999999998579 ) ) ;
#2389 = ORIENTED_EDGE ( 'NONE', *, *, #6106, .F. ) ;
#2390 = CARTESIAN_POINT ( 'NONE',  ( 13.00000000000000178, 224.9999999999999716, -62.99999999999998579 ) ) ;
#2391 = CIRCLE ( 'NONE', #10035, 5.500000000000029310 ) ;
#2392 = DIRECTION ( 'NONE',  ( -1.000000000000000000, 0.000000000000000000, 0.000000000000000000 ) ) ;
#2393 = ORIENTED_EDGE ( 'NONE', *, *, #5812, .T. ) ;
#2394 = ORIENTED_EDGE ( 'NONE', *, *, #9369, .F. ) ;
#2395 = LINE ( 'NONE', #4359, #10200 ) ;
#2396 = EDGE_LOOP ( 'NONE', ( #3276, #2958 ) ) ;
#2397 = ORIENTED_EDGE ( 'NONE', *, *, #8053, .T. ) ;
#2398 = VECTOR ( 'NONE', #10820, 1000.000000000000000 ) ;
#2399 = CARTESIAN_POINT ( 'NONE',  ( 6.999999999999999112, 8.000000000000000000, -124.7500000000000000 ) ) ;
#2400 = ADVANCED_FACE ( 'NONE', ( #7543, #6863 ), #11183, .T. ) ;
#2401 = LINE ( 'NONE', #1949, #10935 ) ;
#2402 = CARTESIAN_POINT ( 'NONE',  ( 0.000000000000000000, 0.000000000000000000, 0.000000000000000000 ) ) ;
#2403 = CARTESIAN_POINT ( 'NONE',  ( 0.000000000000000000, 115.4999999999999858, -63.00000000000000000 ) ) ;
#2404 = EDGE_LOOP ( 'NONE', ( #5139, #3928, #809, #390 ) ) ;
#2405 = ORIENTED_EDGE ( 'NONE', *, *, #11786, .T. ) ;
#2406 = ORIENTED_EDGE ( 'NONE', *, *, #4418, .T. ) ;
#2407 = PLANE ( 'NONE',  #3392 ) ;
#2408 = ORIENTED_EDGE ( 'NONE', *, *, #9836, .F. ) ;
#2409 = CIRCLE ( 'NONE', #7399, 3.000000000000002665 ) ;
#2410 = EDGE_CURVE ( 'NONE', #11101, #3254, #5615, .T. ) ;
#2411 = VECTOR ( 'NONE', #4758, 1000.000000000000000 ) ;
#2412 = FACE_OUTER_BOUND ( 'NONE', #5785, .T. ) ;
#2413 = DIRECTION ( 'NONE',  ( 0.000000000000000000, 1.267377881992188131E-16, -1.000000000000000000 ) ) ;
#2414 = DIRECTION ( 'NONE',  ( 0.000000000000000000, 1.000000000000000000, 1.267377881992188131E-16 ) ) ;
#2415 = VERTEX_POINT ( 'NONE', #8367 ) ;
#2416 = CARTESIAN_POINT ( 'NONE',  ( 13.00000000000000178, 58.23727817802663509, -120.0000000000000142 ) ) ;
#2417 = CARTESIAN_POINT ( 'NONE',  ( 15.00000000000000355, 234.6803662604058331, -5.904355495546360189 ) ) ;
#2418 = CARTESIAN_POINT ( 'NONE',  ( 8.000000000000000000, 151.9999999999999716, -38.50000000000000000 ) ) ;
#2419 = EDGE_LOOP ( 'NONE', ( #2000, #9604 ) ) ;
#2420 = DIRECTION ( 'NONE',  ( 0.000000000000000000, 0.000000000000000000, 1.000000000000000000 ) ) ;
#2421 = ADVANCED_FACE ( 'NONE', ( #1185 ), #65, .T. ) ;
#2422 = AXIS2_PLACEMENT_3D ( 'NONE', #11168, #9256, #2077 ) ;
#2423 = FACE_OUTER_BOUND ( 'NONE', #5258, .T. ) ;
#2424 = CARTESIAN_POINT ( 'NONE',  ( 24.00000000000000000, 0.000000000000000000, -109.9800000000000040 ) ) ;
#2425 = LINE ( 'NONE', #5849, #7250 ) ;
#2426 = CARTESIAN_POINT ( 'NONE',  ( 8.000000000000000000, 7.999999999999992895, -34.50000000000001421 ) ) ;
#2427 = EDGE_CURVE ( 'NONE', #690, #11539, #8268, .T. ) ;
#2428 = LINE ( 'NONE', #6084, #10077 ) ;
#2429 = ORIENTED_EDGE ( 'NONE', *, *, #6831, .F. ) ;
#2430 = CARTESIAN_POINT ( 'NONE',  ( 12.99999999999998401, 87.66800501528138057, -91.41255645757715342 ) ) ;
#2431 = AXIS2_PLACEMENT_3D ( 'NONE', #7267, #3719, #9995 ) ;
#2432 = CIRCLE ( 'NONE', #1877, 0.8890000000000009006 ) ;
#2433 = EDGE_LOOP ( 'NONE', ( #4515, #6011 ) ) ;
#2434 = CARTESIAN_POINT ( 'NONE',  ( 5.839999999999999858, 30.73828822863980292, -105.5909999999999940 ) ) ;
#2435 = VECTOR ( 'NONE', #8559, 1000.000000000000000 ) ;
#2436 = EDGE_CURVE ( 'NONE', #10671, #11576, #6470, .T. ) ;
#2437 = ORIENTED_EDGE ( 'NONE', *, *, #3875, .F. ) ;
#2438 = CARTESIAN_POINT ( 'NONE',  ( 11.00000000000000711, 33.70713953696343168, -110.3733231419319623 ) ) ;
#2440 = ORIENTED_EDGE ( 'NONE', *, *, #1946, .T. ) ;
#2439 = CARTESIAN_POINT ( 'NONE',  ( -0.002000000000000265454, 8.000000000000000000, -113.9999999999999858 ) ) ;
#2441 = CARTESIAN_POINT ( 'NONE',  ( 0.000000000000000000, 235.0000000000000000, -120.0000000000000000 ) ) ;
#2442 = AXIS2_PLACEMENT_3D ( 'NONE', #1648, #7105, #5298 ) ;
#2443 = DIRECTION ( 'NONE',  ( 1.000000000000000000, -0.000000000000000000, -0.000000000000000000 ) ) ;
#2444 = CARTESIAN_POINT ( 'NONE',  ( 6.999999999999999112, 117.5000000000000000, -8.000000000000015987 ) ) ;
#2445 = ORIENTED_EDGE ( 'NONE', *, *, #9365, .T. ) ;
#2446 = FACE_BOUND ( 'NONE', #8947, .T. ) ;
#2447 = VERTEX_POINT ( 'NONE', #11117 ) ;
#2448 = DIRECTION ( 'NONE',  ( 0.000000000000000000, 1.267377881992188131E-16, -1.000000000000000000 ) ) ;
#2449 = CARTESIAN_POINT ( 'NONE',  ( 0.000000000000000000, 117.5000000000000000, -124.7500000000000000 ) ) ;
#2450 = ORIENTED_EDGE ( 'NONE', *, *, #6303, .F. ) ;
#2451 = ORIENTED_EDGE ( 'NONE', *, *, #2744, .F. ) ;
#2452 = PLANE ( 'NONE',  #1577 ) ;
#2453 = EDGE_CURVE ( 'NONE', #2154, #3040, #5006, .T. ) ;
#2454 = VECTOR ( 'NONE', #6918, 1000.000000000000000 ) ;
#2455 = EDGE_CURVE ( 'NONE', #9128, #7795, #11702, .T. ) ;
#2456 = ORIENTED_EDGE ( 'NONE', *, *, #9721, .T. ) ;
#2457 = CARTESIAN_POINT ( 'NONE',  ( 13.00000000000001066, 35.10281439065555986, -118.9800000000000182 ) ) ;
#2458 = CARTESIAN_POINT ( 'NONE',  ( 12.99999999999997335, 10.00000000000006395, -63.00000000000001421 ) ) ;
#2459 = CARTESIAN_POINT ( 'NONE',  ( 9.676656908812763191, 107.3206641137311976, -38.50000000000000711 ) ) ;
#2460 = CARTESIAN_POINT ( 'NONE',  ( 13.00000000000001421, 46.50000000000000000, -8.000000000000001776 ) ) ;
#2461 = DIRECTION ( 'NONE',  ( 0.000000000000000000, 1.267377881992188131E-16, -1.000000000000000000 ) ) ;
#2462 = VERTEX_POINT ( 'NONE', #7743 ) ;
#2463 = EDGE_LOOP ( 'NONE', ( #11037, #3416, #1641, #8343 ) ) ;
#2464 = ORIENTED_EDGE ( 'NONE', *, *, #11545, .T. ) ;
#2465 = CARTESIAN_POINT ( 'NONE',  ( 4.750000000000000000, 2.928932188134525827, -0.7169191983608323993 ) ) ;
#2466 = ORIENTED_EDGE ( 'NONE', *, *, #10819, .F. ) ;
#2467 = EDGE_CURVE ( 'NONE', #382, #934, #11390, .T. ) ;
#2468 = VECTOR ( 'NONE', #5004, 1000.000000000000000 ) ;
#2469 = CARTESIAN_POINT ( 'NONE',  ( 10.24999999999523048, 225.0000000000000000, 0.000000000000000000 ) ) ;
#2470 = DIRECTION ( 'NONE',  ( -1.000000000000000000, 0.000000000000000000, 0.000000000000000000 ) ) ;
#2471 = ORIENTED_EDGE ( 'NONE', *, *, #1415, .T. ) ;
#2472 = VERTEX_POINT ( 'NONE', #190 ) ;
#2473 = CARTESIAN_POINT ( 'NONE',  ( 8.849481655954871684, 131.5644546422103929, -95.49999999999998579 ) ) ;
#2474 = ORIENTED_EDGE ( 'NONE', *, *, #9226, .F. ) ;
#2475 = LINE ( 'NONE', #11753, #743 ) ;
#2476 = PLANE ( 'NONE',  #4301 ) ;
#2477 = VECTOR ( 'NONE', #7608, 1000.000000000000000 ) ;
#2478 = ADVANCED_FACE ( 'NONE', ( #6588 ), #3193, .T. ) ;
#2479 = LINE ( 'NONE', #4564, #9945 ) ;
#2480 = DIRECTION ( 'NONE',  ( 1.217349807703022609E-16, 0.000000000000000000, 1.000000000000000000 ) ) ;
#2481 = ORIENTED_EDGE ( 'NONE', *, *, #613, .F. ) ;
#2482 = ORIENTED_EDGE ( 'NONE', *, *, #9152, .T. ) ;
#2483 = DIRECTION ( 'NONE',  ( 0.000000000000000000, 0.000000000000000000, -1.000000000000000000 ) ) ;
#2484 = EDGE_CURVE ( 'NONE', #5188, #5940, #10160, .T. ) ;
#2485 = ORIENTED_EDGE ( 'NONE', *, *, #2118, .T. ) ;
#2486 = VECTOR ( 'NONE', #1902, 1000.000000000000000 ) ;
#2487 = CARTESIAN_POINT ( 'NONE',  ( 16.00000000000000000, 62.73828822863980292, -55.47999999999998977 ) ) ;
#2488 = DIRECTION ( 'NONE',  ( -1.000000000000000000, -0.000000000000000000, -0.000000000000000000 ) ) ;
#2489 = CARTESIAN_POINT ( 'NONE',  ( 15.00000000000000000, 8.000000000000000000, -113.9999999999999858 ) ) ;
#2490 = FACE_OUTER_BOUND ( 'NONE', #1539, .T. ) ;
#2491 = DIRECTION ( 'NONE',  ( 0.000000000000000000, 0.000000000000000000, 1.000000000000000000 ) ) ;
#2492 = EDGE_CURVE ( 'NONE', #6401, #478, #10105, .T. ) ;
#2493 = CARTESIAN_POINT ( 'NONE',  ( 15.00000000000000178, 0.6939598060928612311, -4.574806598871004049 ) ) ;
#2494 = VERTEX_POINT ( 'NONE', #4645 ) ;
#2495 = LINE ( 'NONE', #3216, #1915 ) ;
#2496 = AXIS2_PLACEMENT_3D ( 'NONE', #6194, #5287, #4384 ) ;
#2497 = ORIENTED_EDGE ( 'NONE', *, *, #10646, .F. ) ;
#2498 = DIRECTION ( 'NONE',  ( -1.000000000000000000, 0.000000000000000000, 0.000000000000000000 ) ) ;
#2499 = ADVANCED_FACE ( 'NONE', ( #8307 ), #1069, .F. ) ;
#2500 = ORIENTED_EDGE ( 'NONE', *, *, #2427, .F. ) ;
#2501 = PRODUCT_DEFINITION ( 'UNKNOWN', '', #368, #10624 ) ;
#2503 = ORIENTED_EDGE ( 'NONE', *, *, #3049, .T. ) ;
#2502 = CARTESIAN_POINT ( 'NONE',  ( 15.75000000000000000, 232.0710678118654755, -129.2830808016391870 ) ) ;
#2504 = CIRCLE ( 'NONE', #9395, 3.000000000000009770 ) ;
#2505 = DIRECTION ( 'NONE',  ( 0.000000000000000000, 1.267377881992188131E-16, -1.000000000000000000 ) ) ;
#2506 = DIRECTION ( 'NONE',  ( 1.000000000000000000, -0.000000000000000000, -0.000000000000000000 ) ) ;
#2507 = CARTESIAN_POINT ( 'NONE',  ( 10.53107124895331559, 89.73518369611797141, -95.50000000000002842 ) ) ;
#2508 = CARTESIAN_POINT ( 'NONE',  ( 5.000000000000001776, 10.00000000000000000, 0.000000000000000000 ) ) ;
#2509 = ORIENTED_EDGE ( 'NONE', *, *, #5888, .F. ) ;
#2510 = DIRECTION ( 'NONE',  ( -2.434699615406045218E-16, 0.000000000000000000, -1.000000000000000000 ) ) ;
#2511 = EDGE_CURVE ( 'NONE', #10180, #5517, #4432, .T. ) ;
#2512 = VERTEX_POINT ( 'NONE', #7490 ) ;
#2513 = DIRECTION ( 'NONE',  ( -1.000000000000000000, 1.267377881992188377E-16, 1.638342670903701786E-32 ) ) ;
#2514 = CARTESIAN_POINT ( 'NONE',  ( 13.00000000000000178, 226.9999999999999716, -91.49999999999998579 ) ) ;
#2515 = ORIENTED_EDGE ( 'NONE', *, *, #8412, .T. ) ;
#2516 = EDGE_LOOP ( 'NONE', ( #738, #495, #3462, #9062 ) ) ;
#2517 = CARTESIAN_POINT ( 'NONE',  ( 14.86869354863674175, 35.23828822863978161, -34.51360740926766368 ) ) ;
#2518 = VECTOR ( 'NONE', #3289, 1000.000000000000000 ) ;
#2519 = AXIS2_PLACEMENT_3D ( 'NONE', #5526, #2776, #925 ) ;
#2520 = FACE_OUTER_BOUND ( 'NONE', #4793, .T. ) ;
#2521 = LINE ( 'NONE', #1226, #2036 ) ;
#2522 = CARTESIAN_POINT ( 'NONE',  ( 16.00000000000000000, 62.73828822863980292, -54.59099999999998687 ) ) ;
#2523 = ADVANCED_FACE ( 'NONE', ( #9329 ), #1129, .T. ) ;
#2524 = EDGE_CURVE ( 'NONE', #3944, #7435, #11448, .T. ) ;
#2525 = DIRECTION ( 'NONE',  ( 1.000000000000000000, -0.000000000000000000, -0.000000000000000000 ) ) ;
#2526 = DIRECTION ( 'NONE',  ( 0.000000000000000000, -0.07710059492488814670, -0.9970233188156776283 ) ) ;
#2527 = ORIENTED_EDGE ( 'NONE', *, *, #10732, .T. ) ;
#2528 = ORIENTED_EDGE ( 'NONE', *, *, #6033, .T. ) ;
#2529 = CARTESIAN_POINT ( 'NONE',  ( 0.000000000000000000, 152.0000000000000000, -34.49999999999999289 ) ) ;
#2530 =( NAMED_UNIT ( * ) PLANE_ANGLE_UNIT ( ) SI_UNIT ( $, .RADIAN. ) );
#2531 = ORIENTED_EDGE ( 'NONE', *, *, #1817, .F. ) ;
#2532 = VECTOR ( 'NONE', #6856, 1000.000000000000000 ) ;
#2533 = CARTESIAN_POINT ( 'NONE',  ( 4.750000000000000000, 228.3639610306789223, 1.301042606982605518E-15 ) ) ;
#2534 = DIRECTION ( 'NONE',  ( 1.000000000000000000, -0.000000000000000000, -0.000000000000000000 ) ) ;
#2535 = EDGE_LOOP ( 'NONE', ( #10928, #2856, #3414, #9391 ) ) ;
#2536 = LINE ( 'NONE', #6970, #3691 ) ;
#2537 = EDGE_CURVE ( 'NONE', #1966, #8511, #3872, .T. ) ;
#2538 = CARTESIAN_POINT ( 'NONE',  ( 12.99999999999998757, 115.5000000000000142, -38.50000000000000711 ) ) ;
#2539 = CARTESIAN_POINT ( 'NONE',  ( 15.00000000000000000, 234.6741622229981772, -5.876227615702495299 ) ) ;
#2540 = DIRECTION ( 'NONE',  ( 0.000000000000000000, 0.000000000000000000, 1.000000000000000000 ) ) ;
#2541 = DIRECTION ( 'NONE',  ( 1.000000000000000000, -0.000000000000000000, -0.000000000000000000 ) ) ;
#2542 = EDGE_LOOP ( 'NONE', ( #4287, #6476, #10874, #9039 ) ) ;
#2543 = ORIENTED_EDGE ( 'NONE', *, *, #4178, .T. ) ;
#2544 = DIRECTION ( 'NONE',  ( 0.000000000000000000, -0.07710059492488814670, 0.9970233188156776283 ) ) ;
#2545 = CIRCLE ( 'NONE', #3495, 3.000000000000009770 ) ;
#2546 = ORIENTED_EDGE ( 'NONE', *, *, #4071, .T. ) ;
#2547 = CARTESIAN_POINT ( 'NONE',  ( 16.00000000000000000, 62.73828822863980292, -106.4799999999999898 ) ) ;
#2548 = CARTESIAN_POINT ( 'NONE',  ( 13.00000000000000178, 226.9999999999999716, -34.49999999999998579 ) ) ;
#2549 = FACE_OUTER_BOUND ( 'NONE', #6689, .T. ) ;
#2550 = ADVANCED_FACE ( 'NONE', ( #11505 ), #9827, .F. ) ;
#2551 = DIRECTION ( 'NONE',  ( -0.000000000000000000, -1.000000000000000000, -0.000000000000000000 ) ) ;
#2552 = VECTOR ( 'NONE', #2343, 1000.000000000000000 ) ;
#2553 = FACE_OUTER_BOUND ( 'NONE', #4941, .T. ) ;
#2554 = ORIENTED_EDGE ( 'NONE', *, *, #3655, .T. ) ;
#2555 = DIRECTION ( 'NONE',  ( 1.000000000000000000, 0.000000000000000000, 0.000000000000000000 ) ) ;
#2556 = ORIENTED_EDGE ( 'NONE', *, *, #8023, .F. ) ;
#2557 = DIRECTION ( 'NONE',  ( 1.000000000000000000, -0.000000000000000000, -0.000000000000000000 ) ) ;
#2558 = LINE ( 'NONE', #4462, #4016 ) ;
#2559 = DIRECTION ( 'NONE',  ( 0.000000000000000000, 0.000000000000000000, -1.000000000000000000 ) ) ;
#2560 = EDGE_CURVE ( 'NONE', #5874, #5149, #5394, .T. ) ;
#2561 = VECTOR ( 'NONE', #2706, 1000.000000000000000 ) ;
#2563 = EDGE_LOOP ( 'NONE', ( #1501, #3404 ) ) ;
#2562 = CARTESIAN_POINT ( 'NONE',  ( 10.24999999999523048, 226.6819805153394327, -130.0000000000000000 ) ) ;
#2564 = AXIS2_PLACEMENT_3D ( 'NONE', #7754, #570, #4259 ) ;
#2565 = CARTESIAN_POINT ( 'NONE',  ( 14.86869354863676307, 203.4716895539514780, -78.45788136388648581 ) ) ;
#2566 = CARTESIAN_POINT ( 'NONE',  ( 56.31128874149275276, 154.4716895539514496, -14.45788136388648937 ) ) ;
#2567 = CARTESIAN_POINT ( 'NONE',  ( 8.000000000000000000, 152.0000000000000000, -122.0000000000000000 ) ) ;
#2568 = LINE ( 'NONE', #4410, #282 ) ;
#2569 = DIRECTION ( 'NONE',  ( 0.000000000000000000, -1.000000000000000000, 0.000000000000000000 ) ) ;
#2570 = VERTEX_POINT ( 'NONE', #7860 ) ;
#2571 = DIRECTION ( 'NONE',  ( -0.9396926207859105373, 0.000000000000000000, 0.3420201433256624957 ) ) ;
#2572 = CARTESIAN_POINT ( 'NONE',  ( 6.999999999999999112, 226.9999999999999716, -121.9999999999999716 ) ) ;
#2573 = ORIENTED_EDGE ( 'NONE', *, *, #4673, .F. ) ;
#2574 = DIRECTION ( 'NONE',  ( -1.000000000000000000, 0.000000000000000000, 0.000000000000000000 ) ) ;
#2575 = CIRCLE ( 'NONE', #6600, 0.8890000000000009006 ) ;
#2576 = AXIS2_PLACEMENT_3D ( 'NONE', #3716, #10839, #2649 ) ;
#2577 = ORIENTED_EDGE ( 'NONE', *, *, #2524, .T. ) ;
#2578 = ADVANCED_FACE ( 'NONE', ( #6916 ), #3485, .F. ) ;
#2579 = CARTESIAN_POINT ( 'NONE',  ( 8.000000000000000000, 82.99999999999998579, -122.0000000000000000 ) ) ;
#2580 = DIRECTION ( 'NONE',  ( 0.000000000000000000, 0.000000000000000000, -1.000000000000000000 ) ) ;
#2581 = VECTOR ( 'NONE', #1980, 1000.000000000000000 ) ;
#2582 = CARTESIAN_POINT ( 'NONE',  ( 6.999999999999999112, 8.000000000000000000, -128.1199999999999761 ) ) ;
#2583 = DIRECTION ( 'NONE',  ( 0.000000000000000000, 0.000000000000000000, -1.000000000000000000 ) ) ;
#2584 = CARTESIAN_POINT ( 'NONE',  ( 5.839999999999999858, 62.73828822863980292, -106.4799999999999898 ) ) ;
#2585 = EDGE_CURVE ( 'NONE', #3138, #1457, #2305, .T. ) ;
#2586 = ORIENTED_EDGE ( 'NONE', *, *, #6971, .T. ) ;
#2587 = ORIENTED_EDGE ( 'NONE', *, *, #6583, .T. ) ;
#2588 = VERTEX_POINT ( 'NONE', #5282 ) ;
#2589 = CARTESIAN_POINT ( 'NONE',  ( -0.7500000000000006661, 0.000000000000000000, -8.318019484660537088 ) ) ;
#2590 = CYLINDRICAL_SURFACE ( 'NONE', #2834, 5.999999999999998224 ) ;
#2591 = VERTEX_POINT ( 'NONE', #1390 ) ;
#2592 = DIRECTION ( 'NONE',  ( 0.000000000000000000, 0.000000000000000000, -1.000000000000000000 ) ) ;
#2593 = CIRCLE ( 'NONE', #490, 3.000000000000002665 ) ;
#2594 = CARTESIAN_POINT ( 'NONE',  ( 0.000000000000000000, 117.5000000000000000, -14.12000000000001698 ) ) ;
#2595 = ADVANCED_FACE ( 'NONE', ( #504 ), #4380, .T. ) ;
#2596 = EDGE_CURVE ( 'NONE', #1594, #10321, #2536, .T. ) ;
#2597 = ORIENTED_EDGE ( 'NONE', *, *, #4970, .F. ) ;
#2598 = VERTEX_POINT ( 'NONE', #9706 ) ;
#2599 = PLANE ( 'NONE',  #8057 ) ;
#2600 = CARTESIAN_POINT ( 'NONE',  ( 13.00000000000000888, 58.23828822863978161, -35.19375623793670371 ) ) ;
#2601 = CIRCLE ( 'NONE', #327, 2.999999999999992450 ) ;
#2602 = DIRECTION ( 'NONE',  ( -0.000000000000000000, -1.000000000000000000, -0.000000000000000000 ) ) ;
#2603 = CARTESIAN_POINT ( 'NONE',  ( 14.99999999999999822, 228.8324847131264335, -0.2606057747607691266 ) ) ;
#2604 = CARTESIAN_POINT ( 'NONE',  ( 13.00000000000001421, 46.50000000000000000, -8.000000000000001776 ) ) ;
#2605 = CARTESIAN_POINT ( 'NONE',  ( 5.839999999999999858, 154.4716895539514496, -75.45788136388650003 ) ) ;
#2606 = VERTEX_POINT ( 'NONE', #10497 ) ;
#2607 = AXIS2_PLACEMENT_3D ( 'NONE', #2226, #3895, #10241 ) ;
#2608 = VERTEX_POINT ( 'NONE', #5217 ) ;
#2609 = DIRECTION ( 'NONE',  ( 0.000000000000000000, 0.000000000000000000, 1.000000000000000000 ) ) ;
#2610 = ADVANCED_FACE ( 'NONE', ( #4251 ), #8044, .T. ) ;
#2611 = EDGE_CURVE ( 'NONE', #9382, #7913, #5098, .T. ) ;
#2612 = ORIENTED_EDGE ( 'NONE', *, *, #938, .F. ) ;
#2613 = LINE ( 'NONE', #6269, #9650 ) ;
#2614 = DIRECTION ( 'NONE',  ( -1.267377881992188131E-16, -1.000000000000000000, -1.267377881992188131E-16 ) ) ;
#2615 = CONICAL_SURFACE ( 'NONE', #5675, 3.000000000000002665, 0.3490658503988593453 ) ;
#2616 = DIRECTION ( 'NONE',  ( -1.000000000000000000, 0.000000000000000000, 0.000000000000000000 ) ) ;
#2617 = CARTESIAN_POINT ( 'NONE',  ( 12.99999999999998757, 10.00000000000000711, -122.0000000000000000 ) ) ;
#2618 = DIRECTION ( 'NONE',  ( 1.217349807703022609E-16, 0.000000000000000000, 1.000000000000000000 ) ) ;
#2619 = ORIENTED_EDGE ( 'NONE', *, *, #5407, .F. ) ;
#2620 = CARTESIAN_POINT ( 'NONE',  ( 8.000000000000000000, 30.73828822863980292, -106.4799999999999898 ) ) ;
#2621 = ORIENTED_EDGE ( 'NONE', *, *, #2782, .T. ) ;
#2622 = LINE ( 'NONE', #2742, #463 ) ;
#2623 = AXIS2_PLACEMENT_3D ( 'NONE', #5302, #5234, #3686 ) ;
#2624 = EDGE_CURVE ( 'NONE', #2494, #6102, #2209, .T. ) ;
#2626 = ORIENTED_EDGE ( 'NONE', *, *, #7300, .F. ) ;
#2625 = CARTESIAN_POINT ( 'NONE',  ( -0.7500000000000006661, 235.0000000000000000, -120.0000000000000142 ) ) ;
#2627 = LINE ( 'NONE', #5246, #11507 ) ;
#2628 = LINE ( 'NONE', #2566, #8372 ) ;
#2629 = PLANE ( 'NONE',  #7849 ) ;
#2630 = LINE ( 'NONE', #895, #4454 ) ;
#2631 = CONICAL_SURFACE ( 'NONE', #4721, 3.000000000000009770, 0.3490658503988593453 ) ;
#2632 = CARTESIAN_POINT ( 'NONE',  ( 14.86869354863674175, 64.23828822863977450, -28.51360740926766368 ) ) ;
#2633 = CIRCLE ( 'NONE', #5883, 1.142999999999998240 ) ;
#2634 = ORIENTED_EDGE ( 'NONE', *, *, #4141, .T. ) ;
#2635 = CARTESIAN_POINT ( 'NONE',  ( 0.000000000000000000, 226.9999999999999716, -8.000000000000001776 ) ) ;
#2636 = CYLINDRICAL_SURFACE ( 'NONE', #10481, 6.000000000000001776 ) ;
#2637 = DIRECTION ( 'NONE',  ( -1.000000000000000000, -0.000000000000000000, -0.000000000000000000 ) ) ;
#2638 = EDGE_CURVE ( 'NONE', #11389, #4571, #4135, .T. ) ;
#2639 = B_SPLINE_CURVE_WITH_KNOTS ( 'NONE', 3,
 ( #7915, #11563, #2352, #8483 ),
 .UNSPECIFIED., .F., .F.,
 ( 4, 4 ),
 ( 0.000000000000000000, 1.000000000000000000 ),
 .UNSPECIFIED. ) ;
#2640 = ORIENTED_EDGE ( 'NONE', *, *, #9478, .T. ) ;
#2641 = DIRECTION ( 'NONE',  ( 0.000000000000000000, 0.000000000000000000, 1.000000000000000000 ) ) ;
#2642 = EDGE_CURVE ( 'NONE', #3944, #5333, #10173, .T. ) ;
#2643 = VECTOR ( 'NONE', #6783, 1000.000000000000000 ) ;
#2644 = AXIS2_PLACEMENT_3D ( 'NONE', #6179, #8869, #737 ) ;
#2645 = VECTOR ( 'NONE', #3225, 1000.000000000000000 ) ;
#2646 = FACE_OUTER_BOUND ( 'NONE', #3942, .T. ) ;
#2647 = PLANE ( 'NONE',  #10816 ) ;
#2648 = CARTESIAN_POINT ( 'NONE',  ( 16.00000000000000000, 154.4716895539514496, -74.56888136388649002 ) ) ;
#2649 = DIRECTION ( 'NONE',  ( 0.000000000000000000, 0.000000000000000000, 1.000000000000000000 ) ) ;
#2650 = CARTESIAN_POINT ( 'NONE',  ( 10.00000000000026645, 235.0000000000000000, -10.00000000000000000 ) ) ;
#2651 = CARTESIAN_POINT ( 'NONE',  ( 14.86869354863678439, 154.4716895539514496, -14.45788136388648937 ) ) ;
#2652 = EDGE_CURVE ( 'NONE', #11273, #8933, #9236, .T. ) ;
#2653 = ORIENTED_EDGE ( 'NONE', *, *, #3804, .F. ) ;
#2654 = ORIENTED_EDGE ( 'NONE', *, *, #9414, .F. ) ;
#2655 = B_SPLINE_CURVE_WITH_KNOTS ( 'NONE', 3,
 ( #10123, #972, #1930, #3661, #7329, #2770, #9229, #10960, #1873, #4609, #86, #1030, #4668, #8329, #2225, #373, #3001, #5866, #4062, #4007, #11364, #3065, #8562, #9408, #4788, #6729, #10360, #7719, #2112, #2166, #3171, #6834, #9523, #2938, #1202, #11259, #1315, #3833, #10474, #2283, #7670, #4962, #10417, #11311, #3115, #9467, #8615 ),
 .UNSPECIFIED., .F., .F.,
 ( 4, 1, 1, 1, 1, 1, 1, 2, 2, 1, 1, 1, 1, 1, 1, 2, 2, 2, 1, 1, 1, 1, 1, 1, 1, 2, 2, 1, 1, 1, 1, 1, 1, 2, 2, 4 ),
 ( 0.000000000000000000, 0.06249999999999358846, 0.09374999999999038269, 0.1093749999999886063, 0.1171874999999877043, 0.1210937499999872602, 0.1230468749999870243, 0.1240234374999871353, 0.1249999999999872602, 0.1874999999999880929, 0.2187499999999884259, 0.2343749999999886202, 0.2421874999999887035, 0.2460937499999888145, 0.2480468749999888700, 0.2490234374999890088, 0.2499999999999891198, 0.4999999999999857891, 0.6249999999999840128, 0.6874999999999832356, 0.7187499999999829026, 0.7343749999999827915, 0.7421874999999827915, 0.7460937499999827915, 0.7480468749999827915, 0.7490234374999827915, 0.7499999999999827915, 0.8124999999999852340, 0.8437499999999863443, 0.8593749999999868994, 0.8671874999999872324, 0.8710937499999873435, 0.8730468749999873435, 0.8740234374999873435, 0.8749999999999873435, 1.000000000000000000 ),
 .UNSPECIFIED. ) ;
#2656 = VECTOR ( 'NONE', #1404, 1000.000000000000000 ) ;
#2657 = LINE ( 'NONE', #7021, #1021 ) ;
#2658 = LINE ( 'NONE', #9700, #1472 ) ;
#2659 = VERTEX_POINT ( 'NONE', #1697 ) ;
#2660 = FACE_OUTER_BOUND ( 'NONE', #3902, .T. ) ;
#2661 = DIRECTION ( 'NONE',  ( 4.713731853622281881E-16, 0.000000000000000000, 1.000000000000000000 ) ) ;
#2662 = VERTEX_POINT ( 'NONE', #981 ) ;
#2663 = ORIENTED_EDGE ( 'NONE', *, *, #10495, .F. ) ;
#2664 = EDGE_CURVE ( 'NONE', #1620, #11411, #5527, .T. ) ;
#2665 = CIRCLE ( 'NONE', #11438, 3.000000000000002665 ) ;
#2666 = CARTESIAN_POINT ( 'NONE',  ( 8.000000000000003553, 152.0000000000000000, -95.50000000000000000 ) ) ;
#2667 = CARTESIAN_POINT ( 'NONE',  ( 0.000000000000000000, 8.000000000000000000, -14.12000000000002409 ) ) ;
#2668 = DIRECTION ( 'NONE',  ( 0.000000000000000000, -0.1537070062818648997, 0.9881164689548832536 ) ) ;
#2669 = EDGE_CURVE ( 'NONE', #2827, #7913, #10949, .T. ) ;
#2670 = CARTESIAN_POINT ( 'NONE',  ( 3.851859888774471706E-31, 8.000000000000000000, -122.0000000000000000 ) ) ;
#2671 = DIRECTION ( 'NONE',  ( 0.000000000000000000, -0.07710059492488814670, 0.9970233188156776283 ) ) ;
#2672 = ORIENTED_EDGE ( 'NONE', *, *, #365, .F. ) ;
#2673 = VERTEX_POINT ( 'NONE', #927 ) ;
#2674 = CARTESIAN_POINT ( 'NONE',  ( 11.48687343806954075, 34.74595768377852067, -120.4115301153671993 ) ) ;
#2675 = VERTEX_POINT ( 'NONE', #9002 ) ;
#2676 = CARTESIAN_POINT ( 'NONE',  ( 0.000000000000000000, 7.979415714894989776E-15, -34.50000000000001421 ) ) ;
#2677 = CIRCLE ( 'NONE', #3420, 0.8890000000000009006 ) ;
#2678 = CARTESIAN_POINT ( 'NONE',  ( 56.31128874149275276, 203.4716895539514780, -17.45788136388648581 ) ) ;
#2679 = CARTESIAN_POINT ( 'NONE',  ( 11.00000000000000711, 34.34519893143838232, -112.9800000000000040 ) ) ;
#2680 = EDGE_CURVE ( 'NONE', #1208, #7161, #7398, .T. ) ;
#2681 = ADVANCED_FACE ( 'NONE', ( #6254 ), #5342, .F. ) ;
#2682 = DIRECTION ( 'NONE',  ( -2.434699615406045218E-16, 0.000000000000000000, -1.000000000000000000 ) ) ;
#2683 = ORIENTED_EDGE ( 'NONE', *, *, #10541, .T. ) ;
#2684 = DIRECTION ( 'NONE',  ( -1.000000000000000000, -0.000000000000000000, -0.000000000000000000 ) ) ;
#2685 = ORIENTED_EDGE ( 'NONE', *, *, #8053, .F. ) ;
#2686 = DIRECTION ( 'NONE',  ( -1.000000000000000000, 0.000000000000000000, 0.000000000000000000 ) ) ;
#2687 = VECTOR ( 'NONE', #3694, 1000.000000000000000 ) ;
#2688 = CARTESIAN_POINT ( 'NONE',  ( 6.999999999999999112, 8.000000000000000000, -14.12000000000002586 ) ) ;
#2690 = ORIENTED_EDGE ( 'NONE', *, *, #8203, .F. ) ;
#2689 = DIRECTION ( 'NONE',  ( -1.000000000000000000, 0.000000000000000000, 0.000000000000000000 ) ) ;
#2691 = CARTESIAN_POINT ( 'NONE',  ( 14.86869354863676307, 62.73828822863980292, -103.4799999999999898 ) ) ;
#2692 = CARTESIAN_POINT ( 'NONE',  ( 8.000000000000000000, 226.9999999999999716, -8.000000000000001776 ) ) ;
#2693 = CARTESIAN_POINT ( 'NONE',  ( 9.979818024448523062, 90.15734994687923631, -95.50000000000001421 ) ) ;
#2694 = AXIS2_PLACEMENT_3D ( 'NONE', #2779, #7341, #11033 ) ;
#2695 = DIRECTION ( 'NONE',  ( 0.000000000000000000, 0.000000000000000000, -1.000000000000000000 ) ) ;
#2696 = ORIENTED_EDGE ( 'NONE', *, *, #10093, .F. ) ;
#2697 = EDGE_CURVE ( 'NONE', #188, #1521, #9235, .T. ) ;
#2698 = DIRECTION ( 'NONE',  ( 0.000000000000000000, 0.000000000000000000, -1.000000000000000000 ) ) ;
#2699 = CARTESIAN_POINT ( 'NONE',  ( 56.31128874149275276, 35.23828822863978161, -20.51360740926767079 ) ) ;
#2700 = ORIENTED_EDGE ( 'NONE', *, *, #552, .T. ) ;
#2701 = ORIENTED_EDGE ( 'NONE', *, *, #11271, .T. ) ;
#2702 = DIRECTION ( 'NONE',  ( 0.000000000000000000, 1.000000000000000000, -0.000000000000000000 ) ) ;
#2703 = AXIS2_PLACEMENT_3D ( 'NONE', #5707, #6500, #9416 ) ;
#2704 = FACE_BOUND ( 'NONE', #4473, .T. ) ;
#2705 = PLANE ( 'NONE',  #5068 ) ;
#2706 = DIRECTION ( 'NONE',  ( 0.000000000000000000, -1.000000000000000000, -1.188166764367676342E-16 ) ) ;
#2707 = CARTESIAN_POINT ( 'NONE',  ( 12.99999999999998757, 109.4999999999999858, -122.0000000000000000 ) ) ;
#2708 = EDGE_CURVE ( 'NONE', #5942, #3812, #11029, .T. ) ;
#2709 = DIRECTION ( 'NONE',  ( 0.000000000000000000, 1.267377881992188131E-16, -1.000000000000000000 ) ) ;
#2710 = PLANE ( 'NONE',  #5178 ) ;
#2711 = ORIENTED_EDGE ( 'NONE', *, *, #3151, .F. ) ;
#2712 = CARTESIAN_POINT ( 'NONE',  ( 16.00000000000000000, 154.4716895539514496, -16.56888136388649002 ) ) ;
#2713 = CARTESIAN_POINT ( 'NONE',  ( 8.000000000000000000, 7.999999999999992895, -38.50000000000002132 ) ) ;
#2714 = ORIENTED_EDGE ( 'NONE', *, *, #6549, .T. ) ;
#2715 = CARTESIAN_POINT ( 'NONE',  ( 13.00000000000001421, 152.0000000000000000, -8.000000000000001776 ) ) ;
#2716 = LINE ( 'NONE', #8394, #7333 ) ;
#2717 = CARTESIAN_POINT ( 'NONE',  ( 16.00000000000000000, 62.73828822863980292, -103.4799999999999898 ) ) ;
#2718 = DIRECTION ( 'NONE',  ( -1.267377881992188131E-16, -1.000000000000000000, -1.267377881992188131E-16 ) ) ;
#2719 = EDGE_LOOP ( 'NONE', ( #615, #4552, #7002, #7880 ) ) ;
#2720 = EDGE_CURVE ( 'NONE', #5181, #3739, #156, .T. ) ;
#2721 = CARTESIAN_POINT ( 'NONE',  ( 8.000000000000000000, 7.999999999999992895, -63.00000000000001421 ) ) ;
#2722 = PLANE ( 'NONE',  #11060 ) ;
#2723 = CARTESIAN_POINT ( 'NONE',  ( 14.86869354863676307, 135.9280050152813999, -92.68255645757714944 ) ) ;
#2724 = FACE_OUTER_BOUND ( 'NONE', #10904, .T. ) ;
#2725 = EDGE_LOOP ( 'NONE', ( #355, #1815, #2329, #8432 ) ) ;
#2726 = CIRCLE ( 'NONE', #5782, 6.120000000000000107 ) ;
#2727 = EDGE_LOOP ( 'NONE', ( #1417, #3851, #2975, #6787 ) ) ;
#2728 = DIRECTION ( 'NONE',  ( -1.267377881992188131E-16, -1.000000000000000000, -1.267377881992188131E-16 ) ) ;
#2729 = VERTEX_POINT ( 'NONE', #6501 ) ;
#2730 = EDGE_CURVE ( 'NONE', #7648, #1459, #9180, .T. ) ;
#2731 = CIRCLE ( 'NONE', #6169, 5.500000000000032863 ) ;
#2732 = DIRECTION ( 'NONE',  ( 2.168404344971007389E-16, 3.469446951953611822E-15, 1.000000000000000000 ) ) ;
#2733 = DIRECTION ( 'NONE',  ( 0.000000000000000000, 1.000000000000000000, 1.267377881992188131E-16 ) ) ;
#2734 = ORIENTED_EDGE ( 'NONE', *, *, #1868, .T. ) ;
#2735 = DIRECTION ( 'NONE',  ( -1.000000000000000000, 0.000000000000000000, 0.000000000000000000 ) ) ;
#2736 = LINE ( 'NONE', #4455, #8349 ) ;
#2737 = ORIENTED_EDGE ( 'NONE', *, *, #11328, .F. ) ;
#2738 = CARTESIAN_POINT ( 'NONE',  ( 15.00000000000000178, 0.04030434950313416254, -121.9667967126775636 ) ) ;
#2739 = EDGE_LOOP ( 'NONE', ( #9374, #5662, #5484, #9239 ) ) ;
#2740 = EDGE_CURVE ( 'NONE', #5378, #4804, #4500, .T. ) ;
#2741 = EDGE_LOOP ( 'NONE', ( #10986, #3989, #10121, #3442, #7811, #7674, #4258 ) ) ;
#2742 = CARTESIAN_POINT ( 'NONE',  ( 56.31128874149275276, 62.73828822863980292, -58.47999999999999687 ) ) ;
#2743 = CARTESIAN_POINT ( 'NONE',  ( 0.000000000000000000, 115.4999999999999858, -95.50000000000000000 ) ) ;
#2744 = EDGE_CURVE ( 'NONE', #2512, #39, #1214, .T. ) ;
#2745 = ADVANCED_FACE ( 'NONE', ( #9066 ), #801, .T. ) ;
#2747 = VERTEX_POINT ( 'NONE', #6316 ) ;
#2746 = DIRECTION ( 'NONE',  ( 0.000000000000000000, 0.000000000000000000, 1.000000000000000000 ) ) ;
#2748 = CARTESIAN_POINT ( 'NONE',  ( 9.671428985830772262, 156.0000000000000000, -22.10798570452385903 ) ) ;
#2749 = DIRECTION ( 'NONE',  ( 0.000000000000000000, 0.000000000000000000, 1.000000000000000000 ) ) ;
#2750 = AXIS2_PLACEMENT_3D ( 'NONE', #7975, #9552, #8930 ) ;
#2751 = PLANE ( 'NONE',  #9063 ) ;
#2752 = ORIENTED_EDGE ( 'NONE', *, *, #4944, .T. ) ;
#2753 = LINE ( 'NONE', #9160, #11402 ) ;
#2754 = EDGE_LOOP ( 'NONE', ( #3159, #445, #2271, #6742, #6057, #2903 ) ) ;
#2755 = CARTESIAN_POINT ( 'NONE',  ( 11.35418164575954592, 152.0000000000000000, -71.95931037301545530 ) ) ;
#2756 = DIRECTION ( 'NONE',  ( 0.000000000000000000, 1.000000000000000000, -3.016910393003142859E-16 ) ) ;
#2757 = AXIS2_PLACEMENT_3D ( 'NONE', #8973, #3643, #7311 ) ;
#2758 = AXIS2_PLACEMENT_3D ( 'NONE', #1018, #8316, #8376 ) ;
#2759 = EDGE_CURVE ( 'NONE', #9382, #4952, #3494, .T. ) ;
#2760 = CARTESIAN_POINT ( 'NONE',  ( 8.000000000000000000, 17.99999999999998934, -52.50000000000003553 ) ) ;
#2761 = CARTESIAN_POINT ( 'NONE',  ( 56.31128874149275276, 35.75328822863979639, -118.5699999999999932 ) ) ;
#2762 = LINE ( 'NONE', #5449, #11530 ) ;
#2763 = DIRECTION ( 'NONE',  ( 1.000000000000000000, -0.000000000000000000, -0.000000000000000000 ) ) ;
#2764 = CIRCLE ( 'NONE', #6792, 3.000000000000009770 ) ;
#2765 = CARTESIAN_POINT ( 'NONE',  ( 3.300000000000000711, 20.37152769304129762, -24.51360740926765658 ) ) ;
#2766 = ORIENTED_EDGE ( 'NONE', *, *, #10613, .T. ) ;
#2767 = EDGE_LOOP ( 'NONE', ( #10422, #1668, #4443, #5173 ) ) ;
#2768 = VERTEX_POINT ( 'NONE', #10972 ) ;
#2769 = CARTESIAN_POINT ( 'NONE',  ( 16.00000000000000000, 203.4716895539514780, -16.56888136388648292 ) ) ;
#2770 = CARTESIAN_POINT ( 'NONE',  ( -0.000000000000000000, 0.04030434950313164372, -8.033203287323377850 ) ) ;
#2771 = VERTEX_POINT ( 'NONE', #8338 ) ;
#2772 = PLANE ( 'NONE',  #6134 ) ;
#2773 = EDGE_CURVE ( 'NONE', #5735, #994, #9613, .T. ) ;
#2774 = ORIENTED_EDGE ( 'NONE', *, *, #3473, .F. ) ;
#2775 = AXIS2_PLACEMENT_3D ( 'NONE', #4145, #9655, #3256 ) ;
#2776 = DIRECTION ( 'NONE',  ( 1.000000000000000000, 0.000000000000000000, 0.000000000000000000 ) ) ;
#2777 = CARTESIAN_POINT ( 'NONE',  ( 6.999999999999999112, 8.000000000000000000, -115.8799999999999955 ) ) ;
#2778 = DIRECTION ( 'NONE',  ( 1.000000000000000000, -0.000000000000000000, -0.000000000000000000 ) ) ;
#2779 = CARTESIAN_POINT ( 'NONE',  ( 14.86869354863676307, 203.4716895539514780, -75.45788136388648581 ) ) ;
#2780 = CARTESIAN_POINT ( 'NONE',  ( 8.000000000000012434, 224.9999999999999716, -15.74596669241484825 ) ) ;
#2781 = CIRCLE ( 'NONE', #2013, 3.680148828669058236 ) ;
#2782 = EDGE_CURVE ( 'NONE', #5940, #5794, #7218, .T. ) ;
#2783 = DIRECTION ( 'NONE',  ( -2.434699615406045218E-16, 0.000000000000000000, -1.000000000000000000 ) ) ;
#2784 = EDGE_CURVE ( 'NONE', #163, #794, #10856, .T. ) ;
#2785 = ORIENTED_EDGE ( 'NONE', *, *, #2642, .F. ) ;
#2786 = CARTESIAN_POINT ( 'NONE',  ( 14.99999999999999822, 227.0219033351515634, -129.9564337177375251 ) ) ;
#2787 = AXIS2_PLACEMENT_3D ( 'NONE', #356, #3209, #9505 ) ;
#2788 = DIRECTION ( 'NONE',  ( -1.000000000000000000, 0.000000000000000000, 0.000000000000000000 ) ) ;
#2789 = VERTEX_POINT ( 'NONE', #1759 ) ;
#2790 = FACE_OUTER_BOUND ( 'NONE', #9562, .T. ) ;
#2791 = VECTOR ( 'NONE', #9224, 1000.000000000000000 ) ;
#2792 = DIRECTION ( 'NONE',  ( 0.000000000000000000, 1.000000000000000000, 1.267377881992188131E-16 ) ) ;
#2793 = VERTEX_POINT ( 'NONE', #5401 ) ;
#2794 = DIRECTION ( 'NONE',  ( 0.000000000000000000, 0.000000000000000000, 1.000000000000000000 ) ) ;
#2795 = EDGE_CURVE ( 'NONE', #9029, #9963, #1825, .T. ) ;
#2796 = ORIENTED_EDGE ( 'NONE', *, *, #9096, .T. ) ;
#2797 = CARTESIAN_POINT ( 'NONE',  ( 8.000000000000000000, 130.5566401771193625, -91.50000000000000000 ) ) ;
#2798 = VECTOR ( 'NONE', #3343, 1000.000000000000000 ) ;
#2799 = VERTEX_POINT ( 'NONE', #2777 ) ;
#2800 = LINE ( 'NONE', #6466, #4187 ) ;
#2801 = DIRECTION ( 'NONE',  ( 1.000000000000000000, -0.000000000000000000, -0.000000000000000000 ) ) ;
#2802 = VECTOR ( 'NONE', #6163, 1000.000000000000000 ) ;
#2804 = ORIENTED_EDGE ( 'NONE', *, *, #10240, .T. ) ;
#2803 = PLANE ( 'NONE',  #3741 ) ;
#2805 = ADVANCED_FACE ( 'NONE', ( #3075 ), #4859, .T. ) ;
#2806 = DIRECTION ( 'NONE',  ( -1.000000000000000000, 0.000000000000000000, 0.000000000000000000 ) ) ;
#2807 = DIRECTION ( 'NONE',  ( 1.000000000000000000, -0.000000000000000000, -0.000000000000000000 ) ) ;
#2808 = CARTESIAN_POINT ( 'NONE',  ( 15.00000000000000000, 226.9999999999999716, -121.9999999999999716 ) ) ;
#2809 = EDGE_LOOP ( 'NONE', ( #10218, #3808, #6879, #3538, #11633, #6097 ) ) ;
#2810 = CARTESIAN_POINT ( 'NONE',  ( 14.86869354863676307, 30.73828822863980292, -106.4799999999999898 ) ) ;
#2811 = VERTEX_POINT ( 'NONE', #9479 ) ;
#2812 = CARTESIAN_POINT ( 'NONE',  ( 8.000000000000000000, 152.0000000000000000, -70.54455756538843048 ) ) ;
#2813 = EDGE_CURVE ( 'NONE', #2799, #3138, #9443, .T. ) ;
#2814 = VECTOR ( 'NONE', #234, 1000.000000000000000 ) ;
#2815 = VERTEX_POINT ( 'NONE', #8397 ) ;
#2816 = DIRECTION ( 'NONE',  ( 0.000000000000000000, 0.000000000000000000, 1.000000000000000000 ) ) ;
#2818 = EDGE_LOOP ( 'NONE', ( #6143, #6564, #3747, #1005 ) ) ;
#2817 = DIRECTION ( 'NONE',  ( 0.000000000000000000, 0.000000000000000000, -1.000000000000000000 ) ) ;
#2819 = CIRCLE ( 'NONE', #5693, 6.119999999999986784 ) ;
#2820 = CARTESIAN_POINT ( 'NONE',  ( 0.000000000000000000, 117.5000000000000000, -8.000000000000015987 ) ) ;
#2821 = CARTESIAN_POINT ( 'NONE',  ( 13.00000000000000178, 226.9999999999999716, -91.49999999999998579 ) ) ;
#2822 = CARTESIAN_POINT ( 'NONE',  ( 16.00000000000000000, 203.4716895539514780, -17.45788136388648581 ) ) ;
#2823 = CARTESIAN_POINT ( 'NONE',  ( 8.000000000000000000, 26.73828822863975319, -28.51360740926766368 ) ) ;
#2824 = DIRECTION ( 'NONE',  ( 1.217349807703022609E-16, 0.000000000000000000, 1.000000000000000000 ) ) ;
#2825 = ORIENTED_EDGE ( 'NONE', *, *, #4453, .T. ) ;
#2826 = EDGE_CURVE ( 'NONE', #6464, #1435, #7572, .T. ) ;
#2827 = VERTEX_POINT ( 'NONE', #9417 ) ;
#2828 = LINE ( 'NONE', #2769, #2175 ) ;
#2829 = EDGE_CURVE ( 'NONE', #4929, #9099, #5411, .T. ) ;
#2830 = CARTESIAN_POINT ( 'NONE',  ( 8.000000000000007105, 82.99999999999998579, -63.00000000000000000 ) ) ;
#2831 = VERTEX_POINT ( 'NONE', #9359 ) ;
#2832 = CARTESIAN_POINT ( 'NONE',  ( 8.000000000000000000, 10.00000000000000533, -95.50000000000001421 ) ) ;
#2833 = VECTOR ( 'NONE', #7452, 1000.000000000000000 ) ;
#2834 = AXIS2_PLACEMENT_3D ( 'NONE', #6246, #9879, #5457 ) ;
#2835 = DIRECTION ( 'NONE',  ( 1.000000000000000000, -0.000000000000000000, -0.000000000000000000 ) ) ;
#2836 = CARTESIAN_POINT ( 'NONE',  ( 16.00000000000000000, 102.9080050152813897, -39.72355645757715337 ) ) ;
#2837 = AXIS2_PLACEMENT_3D ( 'NONE', #6164, #594, #11668 ) ;
#2838 = DIRECTION ( 'NONE',  ( -1.000000000000000000, 0.000000000000000000, 0.000000000000000000 ) ) ;
#2839 = STYLED_ITEM ( 'NONE', ( #5999 ), #5823 ) ;
#2840 = AXIS2_PLACEMENT_3D ( 'NONE', #2268, #9560, #1351 ) ;
#2841 = DIRECTION ( 'NONE',  ( 0.000000000000000000, 0.000000000000000000, 1.000000000000000000 ) ) ;
#2842 = CARTESIAN_POINT ( 'NONE',  ( 11.04992217488419293, 34.36336911712606224, -108.9595883991976706 ) ) ;
#2843 = EDGE_CURVE ( 'NONE', #7648, #1619, #1583, .T. ) ;
#2844 = DIRECTION ( 'NONE',  ( -1.000000000000000000, 0.000000000000000000, 0.000000000000000000 ) ) ;
#2845 = VERTEX_POINT ( 'NONE', #6559 ) ;
#2846 = ORIENTED_EDGE ( 'NONE', *, *, #5655, .T. ) ;
#2847 = DIRECTION ( 'NONE',  ( 0.000000000000000000, 0.000000000000000000, 1.000000000000000000 ) ) ;
#2848 = VECTOR ( 'NONE', #6069, 1000.000000000000000 ) ;
#2849 = VERTEX_POINT ( 'NONE', #7680 ) ;
#2850 = CARTESIAN_POINT ( 'NONE',  ( 14.86869354863674175, 64.23828822863977450, -20.51360740926767079 ) ) ;
#2851 = CARTESIAN_POINT ( 'NONE',  ( 15.00000000000000533, 227.0697638583550884, -129.9534412989361840 ) ) ;
#2852 = DIRECTION ( 'NONE',  ( 0.000000000000000000, 0.000000000000000000, -1.000000000000000000 ) ) ;
#2853 = EDGE_LOOP ( 'NONE', ( #2117, #4760, #453, #4306 ) ) ;
#2854 = CARTESIAN_POINT ( 'NONE',  ( 13.00000000000000178, 226.9999999999999716, -120.0000000000000000 ) ) ;
#2855 = CARTESIAN_POINT ( 'NONE',  ( 5.839999999999999858, 62.73828822863980292, -106.4799999999999898 ) ) ;
#2856 = ORIENTED_EDGE ( 'NONE', *, *, #3668, .F. ) ;
#2857 = EDGE_CURVE ( 'NONE', #7907, #3812, #2178, .T. ) ;
#2858 = DIRECTION ( 'NONE',  ( 0.000000000000000000, 1.267377881992188131E-16, -1.000000000000000000 ) ) ;
#2859 = VERTEX_POINT ( 'NONE', #6796 ) ;
#2860 = CARTESIAN_POINT ( 'NONE',  ( 15.00000000000000000, 0.000000000000000000, -120.0000000000000142 ) ) ;
#2861 = ORIENTED_EDGE ( 'NONE', *, *, #6325, .T. ) ;
#2862 = CARTESIAN_POINT ( 'NONE',  ( 14.86869354863678439, 203.4716895539514780, -17.45788136388648581 ) ) ;
#2863 = VERTEX_POINT ( 'NONE', #2240 ) ;
#2864 = LINE ( 'NONE', #7485, #10696 ) ;
#2865 = ORIENTED_EDGE ( 'NONE', *, *, #2339, .T. ) ;
#2866 = CIRCLE ( 'NONE', #1903, 6.120000000000000107 ) ;
#2867 = DIRECTION ( 'NONE',  ( 0.000000000000000000, 1.000000000000000000, -0.000000000000000000 ) ) ;
#2869 = VERTEX_POINT ( 'NONE', #1273 ) ;
#2868 = CARTESIAN_POINT ( 'NONE',  ( 16.00000000000000000, 62.73828822863980292, -56.36899999999998556 ) ) ;
#2870 = EDGE_CURVE ( 'NONE', #3599, #7441, #5768, .T. ) ;
#2871 = DIRECTION ( 'NONE',  ( 0.000000000000000000, 1.000000000000000000, 1.267377881992188131E-16 ) ) ;
#2872 = PLANE ( 'NONE',  #735 ) ;
#2873 = DIRECTION ( 'NONE',  ( 0.000000000000000000, 0.000000000000000000, -1.000000000000000000 ) ) ;
#2874 = VERTEX_POINT ( 'NONE', #10312 ) ;
#2875 = DIRECTION ( 'NONE',  ( 1.000000000000000000, -0.000000000000000000, -0.000000000000000000 ) ) ;
#2876 = ORIENTED_EDGE ( 'NONE', *, *, #5195, .F. ) ;
#2877 = LINE ( 'NONE', #3647, #5889 ) ;
#2878 = AXIS2_PLACEMENT_3D ( 'NONE', #9233, #2053, #2176 ) ;
#2879 = PLANE ( 'NONE',  #10396 ) ;
#2880 = CARTESIAN_POINT ( 'NONE',  ( -0.000000000000000000, 6.007435830990259795, -129.7025323095030274 ) ) ;
#2881 = AXIS2_PLACEMENT_3D ( 'NONE', #6071, #8818, #7924 ) ;
#2882 = EDGE_CURVE ( 'NONE', #5550, #11273, #5215, .T. ) ;
#2883 = CARTESIAN_POINT ( 'NONE',  ( 14.86869354863667247, 35.75328822863979639, -118.5699999999999932 ) ) ;
#2884 = DIRECTION ( 'NONE',  ( 1.217349807703022609E-16, 0.000000000000000000, 1.000000000000000000 ) ) ;
#2885 = PLANE ( 'NONE',  #10590 ) ;
#2886 = DIRECTION ( 'NONE',  ( 0.000000000000000000, 0.000000000000000000, -1.000000000000000000 ) ) ;
#2887 = CARTESIAN_POINT ( 'NONE',  ( 8.000000000000000000, 29.20396111208193446, -34.50000000000000711 ) ) ;
#2888 = ORIENTED_EDGE ( 'NONE', *, *, #9240, .T. ) ;
#2889 = LINE ( 'NONE', #1989, #443 ) ;
#2890 = ORIENTED_EDGE ( 'NONE', *, *, #7703, .F. ) ;
#2891 = AXIS2_PLACEMENT_3D ( 'NONE', #9234, #1038, #11147 ) ;
#2892 = ORIENTED_EDGE ( 'NONE', *, *, #1246, .F. ) ;
#2893 = EDGE_CURVE ( 'NONE', #777, #11394, #9536, .T. ) ;
#2894 = ADVANCED_FACE ( 'NONE', ( #8574 ), #3013, .T. ) ;
#2895 = CARTESIAN_POINT ( 'NONE',  ( 56.31128874149275276, 64.23828822863977450, -28.51360740926766368 ) ) ;
#2896 = DIRECTION ( 'NONE',  ( 2.168404344971007389E-16, 0.000000000000000000, 1.000000000000000000 ) ) ;
#2897 = CARTESIAN_POINT ( 'NONE',  ( 8.000000000000000000, 0.000000000000000000, 0.000000000000000000 ) ) ;
#2898 = ORIENTED_EDGE ( 'NONE', *, *, #7421, .T. ) ;
#2899 = CARTESIAN_POINT ( 'NONE',  ( 5.000000000000001776, 0.000000000000000000, -120.0000000000000142 ) ) ;
#2900 = CARTESIAN_POINT ( 'NONE',  ( 0.000000000000000000, 9.999999999999992895, -130.0000000000000000 ) ) ;
#2901 = DIRECTION ( 'NONE',  ( 1.000000000000000000, -0.000000000000000000, -0.000000000000000000 ) ) ;
#2902 = VECTOR ( 'NONE', #9050, 1000.000000000000000 ) ;
#2903 = ORIENTED_EDGE ( 'NONE', *, *, #4230, .T. ) ;
#2904 = EDGE_CURVE ( 'NONE', #789, #8184, #6388, .T. ) ;
#2905 = CARTESIAN_POINT ( 'NONE',  ( 15.00000000000000000, 227.4485679373833023, -129.9289712316952432 ) ) ;
#2906 = CARTESIAN_POINT ( 'NONE',  ( 16.00000000000000000, 203.4716895539514780, -18.34688136388648516 ) ) ;
#2907 = VECTOR ( 'NONE', #2637, 1000.000000000000000 ) ;
#2908 = ORIENTED_EDGE ( 'NONE', *, *, #9414, .T. ) ;
#2909 = DIRECTION ( 'NONE',  ( 1.000000000000000000, -0.000000000000000000, -0.000000000000000000 ) ) ;
#2910 = LINE ( 'NONE', #9252, #3745 ) ;
#2911 = DIRECTION ( 'NONE',  ( 0.000000000000000000, 0.000000000000000000, -1.000000000000000000 ) ) ;
#2912 = EDGE_LOOP ( 'NONE', ( #11219, #9423, #2804, #6766 ) ) ;
#2913 = CARTESIAN_POINT ( 'NONE',  ( 14.99999999999999467, 7.830009952715715649, -129.9467287771400095 ) ) ;
#2914 = EDGE_LOOP ( 'NONE', ( #11317, #11399, #6445, #341 ) ) ;
#2915 = EDGE_LOOP ( 'NONE', ( #7334, #5122, #5017, #8999, #9735, #2040, #3508, #9465, #8389, #3779 ) ) ;
#2916 = CARTESIAN_POINT ( 'NONE',  ( 12.99999999999999645, 154.4716895539514496, -79.13803019255554716 ) ) ;
#2917 = ORIENTED_EDGE ( 'NONE', *, *, #6489, .T. ) ;
#2918 = AXIS2_PLACEMENT_3D ( 'NONE', #1852, #5679, #9269 ) ;
#2919 = CARTESIAN_POINT ( 'NONE',  ( 15.00000000000000000, 8.000000000000000000, -122.0000000000000000 ) ) ;
#2921 = ORIENTED_EDGE ( 'NONE', *, *, #11673, .F. ) ;
#2920 = DIRECTION ( 'NONE',  ( 0.000000000000000000, 0.000000000000000000, 1.000000000000000000 ) ) ;
#2922 = DIRECTION ( 'NONE',  ( 0.000000000000000000, -0.1537070062818709504, -0.9881164689548822544 ) ) ;
#2923 = LINE ( 'NONE', #7603, #4532 ) ;
#2924 = PLANE ( 'NONE',  #10586 ) ;
#2925 = VERTEX_POINT ( 'NONE', #11270 ) ;
#2926 = AXIS2_PLACEMENT_3D ( 'NONE', #10073, #8161, #8103 ) ;
#2927 = CARTESIAN_POINT ( 'NONE',  ( 14.99999999999999822, 6.146340968160123097, -0.2689950434181554439 ) ) ;
#2928 = ORIENTED_EDGE ( 'NONE', *, *, #7611, .T. ) ;
#2929 = PLANE ( 'NONE',  #4005 ) ;
#2930 = DIRECTION ( 'NONE',  ( -1.000000000000000000, 0.000000000000000000, 0.000000000000000000 ) ) ;
#2931 = ADVANCED_FACE ( 'NONE', ( #1327 ), #1096, .T. ) ;
#2932 = ORIENTED_EDGE ( 'NONE', *, *, #4201, .F. ) ;
#2933 = AXIS2_PLACEMENT_3D ( 'NONE', #4974, #6682, #8453 ) ;
#2934 = CARTESIAN_POINT ( 'NONE',  ( -0.000000000000000000, 8.953622124569960761, -129.9941331045454262 ) ) ;
#2935 = VECTOR ( 'NONE', #9289, 1000.000000000000000 ) ;
#2936 = CARTESIAN_POINT ( 'NONE',  ( 8.000000000000000000, 140.6515642543785702, -95.50000000000000000 ) ) ;
#2937 = CARTESIAN_POINT ( 'NONE',  ( 8.000000000000000000, 156.0000000000000000, -122.0000000000000000 ) ) ;
#2938 = CARTESIAN_POINT ( 'NONE',  ( 0.000000000000000000, 5.850950647959091810, -0.3314765323828440802 ) ) ;
#2939 = DIRECTION ( 'NONE',  ( -1.000000000000000000, 0.000000000000000000, 0.000000000000000000 ) ) ;
#2940 = CARTESIAN_POINT ( 'NONE',  ( 16.00000000000000000, 154.4716895539514496, -20.45788136388649292 ) ) ;
#2941 = ORIENTED_EDGE ( 'NONE', *, *, #1258, .F. ) ;
#2942 = ORIENTED_EDGE ( 'NONE', *, *, #9165, .T. ) ;
#2943 = CARTESIAN_POINT ( 'NONE',  ( 4.750000000000000000, 8.318019484660537088, 0.000000000000000000 ) ) ;
#2944 = AXIS2_PLACEMENT_3D ( 'NONE', #3064, #10416, #11133 ) ;
#2945 = ORIENTED_EDGE ( 'NONE', *, *, #9044, .F. ) ;
#2946 = CIRCLE ( 'NONE', #3903, 5.500000000000032863 ) ;
#2947 = ADVANCED_FACE ( 'NONE', ( #7516 ), #275, .F. ) ;
#2948 = LINE ( 'NONE', #2438, #9372 ) ;
#2949 = VERTEX_POINT ( 'NONE', #11148 ) ;
#2950 = VECTOR ( 'NONE', #4649, 1000.000000000000000 ) ;
#2951 = DIRECTION ( 'NONE',  ( -1.000000000000000000, -0.000000000000000000, -0.000000000000000000 ) ) ;
#2952 = CONICAL_SURFACE ( 'NONE', #3315, 3.000000000000002665, 0.3490658503988593453 ) ;
#2953 = FACE_OUTER_BOUND ( 'NONE', #9481, .T. ) ;
#2954 = ADVANCED_FACE ( 'NONE', ( #2953 ), #6615, .F. ) ;
#2955 = DIRECTION ( 'NONE',  ( 0.000000000000000000, 0.000000000000000000, -1.000000000000000000 ) ) ;
#2956 = VERTEX_POINT ( 'NONE', #5990 ) ;
#2957 = LINE ( 'NONE', #10255, #4327 ) ;
#2958 = ORIENTED_EDGE ( 'NONE', *, *, #6846, .F. ) ;
#2959 = EDGE_CURVE ( 'NONE', #10536, #3512, #4447, .T. ) ;
#2960 = ORIENTED_EDGE ( 'NONE', *, *, #6786, .F. ) ;
#2961 = DIRECTION ( 'NONE',  ( 0.000000000000000000, 0.000000000000000000, -1.000000000000000000 ) ) ;
#2962 = EDGE_CURVE ( 'NONE', #2793, #4276, #11149, .T. ) ;
#2963 = VECTOR ( 'NONE', #7266, 1000.000000000000000 ) ;
#2964 = ORIENTED_EDGE ( 'NONE', *, *, #767, .T. ) ;
#2965 = CARTESIAN_POINT ( 'NONE',  ( 15.00000000000000000, 234.5901580875348884, -124.4776538899604645 ) ) ;
#2966 = LINE ( 'NONE', #1892, #8952 ) ;
#2967 = B_SPLINE_CURVE_WITH_KNOTS ( 'NONE', 3,
 ( #1540, #5925, #655, #5190 ),
 .UNSPECIFIED., .F., .F.,
 ( 4, 4 ),
 ( 0.000000000000000000, 1.000000000000000000 ),
 .UNSPECIFIED. ) ;
#2968 = ORIENTED_EDGE ( 'NONE', *, *, #2248, .F. ) ;
#2969 = CYLINDRICAL_SURFACE ( 'NONE', #7633, 0.8890000000000009006 ) ;
#2970 = LINE ( 'NONE', #3863, #11208 ) ;
#2971 = VERTEX_POINT ( 'NONE', #433 ) ;
#2972 = DIRECTION ( 'NONE',  ( 1.000000000000000000, -0.000000000000000000, -0.000000000000000000 ) ) ;
#2973 = ORIENTED_EDGE ( 'NONE', *, *, #3095, .T. ) ;
#2974 = DIRECTION ( 'NONE',  ( 2.434699615406045218E-16, 0.000000000000000000, 1.000000000000000000 ) ) ;
#2975 = ORIENTED_EDGE ( 'NONE', *, *, #9345, .T. ) ;
#2976 = EDGE_CURVE ( 'NONE', #10583, #9103, #11621, .T. ) ;
#2977 = ORIENTED_EDGE ( 'NONE', *, *, #1498, .F. ) ;
#2978 = CARTESIAN_POINT ( 'NONE',  ( 0.000000000000000000, 0.000000000000000000, -120.0000000000000568 ) ) ;
#2979 = EDGE_CURVE ( 'NONE', #7166, #10528, #1432, .T. ) ;
#2980 = ORIENTED_EDGE ( 'NONE', *, *, #10721, .T. ) ;
#2981 = VECTOR ( 'NONE', #9961, 1000.000000000000114 ) ;
#2982 = ORIENTED_EDGE ( 'NONE', *, *, #6448, .T. ) ;
#2984 = VERTEX_POINT ( 'NONE', #4180 ) ;
#2983 = DIRECTION ( 'NONE',  ( 0.000000000000000000, 1.000000000000000000, -0.000000000000000000 ) ) ;
#2985 = DIRECTION ( 'NONE',  ( 1.000000000000000000, -0.000000000000000000, -0.000000000000000000 ) ) ;
#2986 = CARTESIAN_POINT ( 'NONE',  ( 8.000000000000000000, 151.9999999999999716, -120.0000000000000142 ) ) ;
#2987 = CARTESIAN_POINT ( 'NONE',  ( 22.50000000000002842, 57.72328822863980236, -118.5699999999999932 ) ) ;
#2988 = VERTEX_POINT ( 'NONE', #4073 ) ;
#2989 = CARTESIAN_POINT ( 'NONE',  ( 16.00000000000000000, 57.72328822863980236, -109.9800000000000040 ) ) ;
#2990 = ORIENTED_EDGE ( 'NONE', *, *, #2813, .T. ) ;
#2991 = AXIS2_PLACEMENT_3D ( 'NONE', #11645, #11703, #755 ) ;
#2992 = DIRECTION ( 'NONE',  ( -1.000000000000000000, 0.000000000000000000, 0.000000000000000000 ) ) ;
#2993 = EDGE_LOOP ( 'NONE', ( #9837, #159, #7928, #6047 ) ) ;
#2994 = LINE ( 'NONE', #8496, #8282 ) ;
#2995 = EDGE_CURVE ( 'NONE', #522, #9619, #1666, .T. ) ;
#2996 = VERTEX_POINT ( 'NONE', #2522 ) ;
#2998 = ORIENTED_EDGE ( 'NONE', *, *, #2611, .F. ) ;
#2997 = CARTESIAN_POINT ( 'NONE',  ( 0.000000000000000000, 5.876227615702155127, -129.6741622229982340 ) ) ;
#2999 = CARTESIAN_POINT ( 'NONE',  ( 12.99999999999998934, 138.2956002692076538, -95.50000000000000000 ) ) ;
#3000 = CARTESIAN_POINT ( 'NONE',  ( 13.00000000000000888, 10.00000000000000711, -34.50000000000000000 ) ) ;
#3001 = CARTESIAN_POINT ( 'NONE',  ( -0.000000000000000000, 0.3121677647737837180, -5.938610986647637091 ) ) ;
#3002 = EDGE_CURVE ( 'NONE', #11773, #2078, #4647, .T. ) ;
#3003 = AXIS2_PLACEMENT_3D ( 'NONE', #5634, #423, #9524 ) ;
#3004 = LINE ( 'NONE', #1263, #7397 ) ;
#3005 = CARTESIAN_POINT ( 'NONE',  ( -0.002000000000000265454, 117.5000000000000000, -16.00000000000002132 ) ) ;
#3006 = ORIENTED_EDGE ( 'NONE', *, *, #10300, .T. ) ;
#3007 = LINE ( 'NONE', #6670, #1792 ) ;
#3008 = EDGE_CURVE ( 'NONE', #7941, #10726, #9245, .T. ) ;
#3009 = ORIENTED_EDGE ( 'NONE', *, *, #4029, .F. ) ;
#3010 = CARTESIAN_POINT ( 'NONE',  ( -0.7500000000000006661, 8.318019484660531759, -130.0000000000000000 ) ) ;
#3011 = AXIS2_PLACEMENT_3D ( 'NONE', #9197, #3805, #5666 ) ;
#3012 = ORIENTED_EDGE ( 'NONE', *, *, #4122, .T. ) ;
#3013 = PLANE ( 'NONE',  #11719 ) ;
#3014 = EDGE_CURVE ( 'NONE', #1421, #10620, #3182, .T. ) ;
#3015 = FACE_BOUND ( 'NONE', #9277, .T. ) ;
#3016 = VECTOR ( 'NONE', #1699, 1000.000000000000000 ) ;
#3017 = VECTOR ( 'NONE', #5105, 1000.000000000000000 ) ;
#3018 = VECTOR ( 'NONE', #10883, 1000.000000000000000 ) ;
#3019 = DIRECTION ( 'NONE',  ( -2.434699615406045218E-16, 0.000000000000000000, -1.000000000000000000 ) ) ;
#3020 = EDGE_CURVE ( 'NONE', #4644, #5364, #8685, .T. ) ;
#3021 = EDGE_LOOP ( 'NONE', ( #10691, #2890, #5150, #8577 ) ) ;
#3022 = CARTESIAN_POINT ( 'NONE',  ( 8.000000000000000000, 0.000000000000000000, 0.000000000000000000 ) ) ;
#3023 = ORIENTED_EDGE ( 'NONE', *, *, #4856, .F. ) ;
#3024 = LINE ( 'NONE', #9427, #5231 ) ;
#3025 = ADVANCED_FACE ( 'NONE', ( #7015 ), #3237, .T. ) ;
#3026 = ORIENTED_EDGE ( 'NONE', *, *, #2370, .T. ) ;
#3027 = AXIS2_PLACEMENT_3D ( 'NONE', #1027, #10179, #5451 ) ;
#3028 = VECTOR ( 'NONE', #7561, 1000.000000000000000 ) ;
#3029 = AXIS2_PLACEMENT_3D ( 'NONE', #8233, #940, #10871 ) ;
#3030 = CARTESIAN_POINT ( 'NONE',  ( 14.99999999999999822, 234.9495164012875819, -122.1292931739947392 ) ) ;
#3031 = EDGE_CURVE ( 'NONE', #1564, #3370, #10486, .T. ) ;
#3032 = DIRECTION ( 'NONE',  ( 1.000000000000000000, 0.000000000000000000, 0.000000000000000000 ) ) ;
#3033 = ORIENTED_EDGE ( 'NONE', *, *, #1242, .T. ) ;
#3034 = LINE ( 'NONE', #1665, #1889 ) ;
#3035 = LINE ( 'NONE', #6698, #6634 ) ;
#3036 = DIRECTION ( 'NONE',  ( 0.000000000000000000, 1.000000000000000000, 1.267377881992188131E-16 ) ) ;
#3037 = ORIENTED_EDGE ( 'NONE', *, *, #54, .T. ) ;
#3038 = CYLINDRICAL_SURFACE ( 'NONE', #9617, 2.750000000000002665 ) ;
#3039 = VECTOR ( 'NONE', #1285, 1000.000000000000000 ) ;
#3040 = VERTEX_POINT ( 'NONE', #5200 ) ;
#3041 = DIRECTION ( 'NONE',  ( 0.000000000000000000, 0.000000000000000000, 1.000000000000000000 ) ) ;
#3042 = CARTESIAN_POINT ( 'NONE',  ( 8.000000000000000000, 46.49999999999998579, -10.00000000000000888 ) ) ;
#3043 = ORIENTED_EDGE ( 'NONE', *, *, #10115, .F. ) ;
#3044 = DIRECTION ( 'NONE',  ( 0.000000000000000000, 1.267377881992188131E-16, -1.000000000000000000 ) ) ;
#3045 = ORIENTED_EDGE ( 'NONE', *, *, #1414, .F. ) ;
#3046 = PLANE ( 'NONE',  #1430 ) ;
#3047 = ADVANCED_FACE ( 'NONE', ( #8860 ), #4233, .T. ) ;
#3048 = CARTESIAN_POINT ( 'NONE',  ( 12.99999999999998757, 115.5000000000000142, -67.00000000000000000 ) ) ;
#3049 = EDGE_CURVE ( 'NONE', #10852, #1756, #455, .T. ) ;
#3050 = CARTESIAN_POINT ( 'NONE',  ( 12.95843050365776961, 58.36687280861243465, -119.2653260760224470 ) ) ;
#3051 = ORIENTED_EDGE ( 'NONE', *, *, #9218, .F. ) ;
#3052 = DIRECTION ( 'NONE',  ( 0.000000000000000000, 0.000000000000000000, 1.000000000000000000 ) ) ;
#3053 = ORIENTED_EDGE ( 'NONE', *, *, #6346, .T. ) ;
#3054 = DIRECTION ( 'NONE',  ( -2.434699615406045218E-16, 0.000000000000000000, -1.000000000000000000 ) ) ;
#3055 = DIRECTION ( 'NONE',  ( -1.000000000000000000, -0.000000000000000000, -0.000000000000000000 ) ) ;
#3056 = CIRCLE ( 'NONE', #9716, 8.000000000000005329 ) ;
#3057 = ORIENTED_EDGE ( 'NONE', *, *, #9011, .T. ) ;
#3059 = EDGE_LOOP ( 'NONE', ( #1913, #4163, #98, #47 ) ) ;
#3058 = CARTESIAN_POINT ( 'NONE',  ( -0.000000000000000000, 1.752603144442837380, -127.3609951030241234 ) ) ;
#3061 = ORIENTED_EDGE ( 'NONE', *, *, #6185, .T. ) ;
#3060 = DIRECTION ( 'NONE',  ( 1.000000000000000000, 0.000000000000000000, 0.000000000000000000 ) ) ;
#3062 = ADVANCED_FACE ( 'NONE', ( #7078 ), #551, .F. ) ;
#3063 = AXIS2_PLACEMENT_3D ( 'NONE', #113, #4635, #2794 ) ;
#3064 = CARTESIAN_POINT ( 'NONE',  ( 7.990000000000000213, 17.99999999999998934, -52.50000000000003553 ) ) ;
#3065 = CARTESIAN_POINT ( 'NONE',  ( -0.000000000000000000, 0.6700196821222402788, -4.328319043921872833 ) ) ;
#3066 = PLANE ( 'NONE',  #2607 ) ;
#3067 = DIRECTION ( 'NONE',  ( 1.000000000000000000, -0.000000000000000000, -0.000000000000000000 ) ) ;
#3068 = ORIENTED_EDGE ( 'NONE', *, *, #7541, .T. ) ;
#3069 = DIRECTION ( 'NONE',  ( -1.000000000000000000, 0.000000000000000000, 0.000000000000000000 ) ) ;
#3070 = ORIENTED_EDGE ( 'NONE', *, *, #10685, .F. ) ;
#3071 = AXIS2_PLACEMENT_3D ( 'NONE', #9475, #1271, #10184 ) ;
#3072 = CARTESIAN_POINT ( 'NONE',  ( 8.000000000000000000, 217.0000000000000284, -52.50000000000000711 ) ) ;
#3073 = EDGE_CURVE ( 'NONE', #4566, #7804, #1990, .T. ) ;
#3074 = PLANE ( 'NONE',  #10914 ) ;
#3075 = FACE_OUTER_BOUND ( 'NONE', #2767, .T. ) ;
#3076 = DIRECTION ( 'NONE',  ( 1.000000000000000000, 0.000000000000000000, 0.000000000000000000 ) ) ;
#3077 = DIRECTION ( 'NONE',  ( 0.000000000000000000, 1.000000000000000000, 1.267377881992188131E-16 ) ) ;
#3078 = CIRCLE ( 'NONE', #6726, 5.999999999999998224 ) ;
#3079 = DIRECTION ( 'NONE',  ( 1.000000000000000000, -0.000000000000000000, -0.000000000000000000 ) ) ;
#3080 = DIRECTION ( 'NONE',  ( 0.000000000000000000, 0.000000000000000000, -1.000000000000000000 ) ) ;
#3081 = FACE_OUTER_BOUND ( 'NONE', #4863, .T. ) ;
#3082 = ADVANCED_FACE ( 'NONE', ( #9694 ), #1492, .T. ) ;
#3083 = VECTOR ( 'NONE', #2614, 1000.000000000000000 ) ;
#3084 = CARTESIAN_POINT ( 'NONE',  ( 0.000000000000000000, 119.5000000000000000, -91.50000000000000000 ) ) ;
#3085 = PLANE ( 'NONE',  #5855 ) ;
#3086 = ORIENTED_EDGE ( 'NONE', *, *, #8629, .T. ) ;
#3087 = CARTESIAN_POINT ( 'NONE',  ( 8.000000000000000000, 42.49999999999998579, -67.00000000000001421 ) ) ;
#3088 = CARTESIAN_POINT ( 'NONE',  ( 15.00000000000000000, 234.9289712317434748, -7.551432062671825207 ) ) ;
#3089 = ORIENTED_EDGE ( 'NONE', *, *, #875, .T. ) ;
#3090 = CARTESIAN_POINT ( 'NONE',  ( -0.000000000000000000, 230.6716809560620050, -0.6700196821319066576 ) ) ;
#3091 = LINE ( 'NONE', #294, #6109 ) ;
#3092 = VERTEX_POINT ( 'NONE', #5328 ) ;
#3093 = LINE ( 'NONE', #3988, #11349 ) ;
#3094 = CARTESIAN_POINT ( 'NONE',  ( 14.86869354863676307, 135.9280050152813999, -89.68255645757714944 ) ) ;
#3095 = EDGE_CURVE ( 'NONE', #10957, #902, #8658, .T. ) ;
#3096 = ORIENTED_EDGE ( 'NONE', *, *, #679, .F. ) ;
#3097 = AXIS2_PLACEMENT_3D ( 'NONE', #7971, #3413, #9939 ) ;
#3098 = CARTESIAN_POINT ( 'NONE',  ( 0.000000000000000000, 192.5000000000000000, -9.999999999999989342 ) ) ;
#3099 = CARTESIAN_POINT ( 'NONE',  ( 0.000000000000000000, 192.5000000000000000, -38.49999999999999289 ) ) ;
#3100 = DIRECTION ( 'NONE',  ( 0.000000000000000000, 0.000000000000000000, -1.000000000000000000 ) ) ;
#3101 = ADVANCED_FACE ( 'NONE', ( #6423 ), #8987, .F. ) ;
#3102 = VERTEX_POINT ( 'NONE', #1807 ) ;
#3103 = LINE ( 'NONE', #7606, #515 ) ;
#3104 = VERTEX_POINT ( 'NONE', #966 ) ;
#3105 = CARTESIAN_POINT ( 'NONE',  ( 14.86869354863676307, 62.73828822863980292, -106.4799999999999898 ) ) ;
#3106 = CARTESIAN_POINT ( 'NONE',  ( 13.00000000000000178, 224.9999999999999716, -95.49999999999998579 ) ) ;
#3107 = AXIS2_PLACEMENT_3D ( 'NONE', #3022, #2186, #5829 ) ;
#3108 = EDGE_CURVE ( 'NONE', #5942, #2185, #6487, .T. ) ;
#3109 = ADVANCED_FACE ( 'NONE', ( #786, #9872 ), #728, .T. ) ;
#3110 = ORIENTED_EDGE ( 'NONE', *, *, #7430, .T. ) ;
#3111 = CARTESIAN_POINT ( 'NONE',  ( -0.002000000000000265454, 16.00000000000001066, -122.0000000000000000 ) ) ;
#3112 = DIRECTION ( 'NONE',  ( 0.000000000000000000, 0.000000000000000000, 1.000000000000000000 ) ) ;
#3113 = VECTOR ( 'NONE', #8621, 1000.000000000000000 ) ;
#3114 = DIRECTION ( 'NONE',  ( -1.267377881992188131E-16, -1.000000000000000000, -1.267377881992188131E-16 ) ) ;
#3115 = CARTESIAN_POINT ( 'NONE',  ( -0.000000000000000000, 8.398604535903544388, -0.01592449610950215019 ) ) ;
#3116 = FACE_OUTER_BOUND ( 'NONE', #1140, .T. ) ;
#3117 = LINE ( 'NONE', #2168, #10085 ) ;
#3118 = CARTESIAN_POINT ( 'NONE',  ( 8.608058645153510824, 33.47460347616389953, -111.0086431271155618 ) ) ;
#3119 = ORIENTED_EDGE ( 'NONE', *, *, #3408, .F. ) ;
#3120 = VERTEX_POINT ( 'NONE', #7265 ) ;
#3121 = LINE ( 'NONE', #11264, #8480 ) ;
#3122 = EDGE_LOOP ( 'NONE', ( #2619, #5237, #833, #6083 ) ) ;
#3123 = EDGE_CURVE ( 'NONE', #3040, #2154, #3702, .T. ) ;
#3124 = CIRCLE ( 'NONE', #11331, 5.999999999999998224 ) ;
#3125 = CARTESIAN_POINT ( 'NONE',  ( 9.606982363309167994, 82.99999999999998579, -89.86955307601832033 ) ) ;
#3126 = CARTESIAN_POINT ( 'NONE',  ( 13.00000000000001421, 117.5000000000000000, -8.000000000000015987 ) ) ;
#3127 = VECTOR ( 'NONE', #1156, 1000.000000000000000 ) ;
#3128 = AXIS2_PLACEMENT_3D ( 'NONE', #8081, #2574, #11729 ) ;
#3129 = CARTESIAN_POINT ( 'NONE',  ( 8.000000000000000000, 87.66800501528138057, -91.41255645757715342 ) ) ;
#3130 = PLANE ( 'NONE',  #11312 ) ;
#3131 = ORIENTED_EDGE ( 'NONE', *, *, #854, .F. ) ;
#3132 = CARTESIAN_POINT ( 'NONE',  ( 24.00000000000000000, 39.65328822863979497, -118.4194297400666187 ) ) ;
#3133 = ORIENTED_EDGE ( 'NONE', *, *, #1151, .T. ) ;
#3134 = DIRECTION ( 'NONE',  ( 1.000000000000000000, -0.000000000000000000, -0.000000000000000000 ) ) ;
#3135 = VECTOR ( 'NONE', #5385, 1000.000000000000000 ) ;
#3136 = CARTESIAN_POINT ( 'NONE',  ( 13.00000000000001066, 35.07313939997077767, -112.9800000000000040 ) ) ;
#3137 = APPLICATION_PROTOCOL_DEFINITION ( 'draft international standard', 'automotive_design', 1998, #1805 ) ;
#3138 = VERTEX_POINT ( 'NONE', #2582 ) ;
#3139 = DIRECTION ( 'NONE',  ( 0.000000000000000000, 0.000000000000000000, 1.000000000000000000 ) ) ;
#3140 = DIRECTION ( 'NONE',  ( 0.000000000000000000, 1.000000000000000000, 1.267377881992188131E-16 ) ) ;
#3141 = ADVANCED_FACE ( 'NONE', ( #10775 ), #11676, .F. ) ;
#3142 = VERTEX_POINT ( 'NONE', #844 ) ;
#3143 = CARTESIAN_POINT ( 'NONE',  ( 8.000000000000000000, 26.73828822863974253, -20.51360740926767079 ) ) ;
#3144 = CIRCLE ( 'NONE', #10020, 6.119999999999986784 ) ;
#3145 = LINE ( 'NONE', #1342, #7978 ) ;
#3146 = CARTESIAN_POINT ( 'NONE',  ( 13.00000000000001421, 42.49999999999999289, -109.2998511713309995 ) ) ;
#3147 = CONICAL_SURFACE ( 'NONE', #7732, 5.999999999999998224, 0.3490658503988612882 ) ;
#3148 = B_SPLINE_SURFACE_WITH_KNOTS ( 'NONE', 5, 3, ( 
 ( #9915, #5368, #6406, #2625 ),
 ( #10038, #950, #8189, #5244 ),
 ( #9028, #3638, #10880, #3389 ),
 ( #705, #7057, #10690, #8126 ),
 ( #2502, #824, #1658, #11772 ),
 ( #8009, #11658, #3449, #7116 ),
 ( #10753, #2562, #6218, #9854 ),
 ( #7602, #4770, #6527, #10280 ) ),
 .UNSPECIFIED., .F., .F., .F.,
 ( 6, 2, 6 ),
 ( 4, 4 ),
 ( 0.000000000000000000, 0.5000000000000000000, 1.000000000000000000 ),
 ( -0.007749999999999999077, 0.008750000000000000833 ),
 .UNSPECIFIED. ) ;
#3149 = ORIENTED_EDGE ( 'NONE', *, *, #1123, .T. ) ;
#3150 = CARTESIAN_POINT ( 'NONE',  ( 13.00000000000001243, 8.000000000000000000, -16.00000000000003553 ) ) ;
#3151 = EDGE_CURVE ( 'NONE', #4834, #9099, #7135, .T. ) ;
#3152 = LINE ( 'NONE', #10335, #4972 ) ;
#3153 = CARTESIAN_POINT ( 'NONE',  ( 14.86869354863676307, 30.73828822863980292, -109.4799999999999898 ) ) ;
#3154 = CARTESIAN_POINT ( 'NONE',  ( 14.86869354863667247, 57.72328822863980236, -109.9800000000000040 ) ) ;
#3155 = CONICAL_SURFACE ( 'NONE', #11190, 3.000000000000002665, 0.3490658503988592343 ) ;
#3156 = LINE ( 'NONE', #10399, #7992 ) ;
#3157 = CARTESIAN_POINT ( 'NONE',  ( 15.00000000000000000, 125.5000000000000000, -121.9999999999999858 ) ) ;
#3158 = EDGE_CURVE ( 'NONE', #3092, #9115, #9255, .T. ) ;
#3159 = ORIENTED_EDGE ( 'NONE', *, *, #1049, .F. ) ;
#3160 = CARTESIAN_POINT ( 'NONE',  ( 8.000000000000000000, 73.10504876423827625, -19.01360740926761395 ) ) ;
#3161 = ORIENTED_EDGE ( 'NONE', *, *, #1355, .T. ) ;
#3162 = DIRECTION ( 'NONE',  ( 0.000000000000000000, 0.000000000000000000, 1.000000000000000000 ) ) ;
#3163 = LINE ( 'NONE', #4052, #7904 ) ;
#3164 = AXIS2_PLACEMENT_3D ( 'NONE', #1967, #6928, #10560 ) ;
#3165 = EDGE_LOOP ( 'NONE', ( #7404, #646, #1833, #3086, #11765, #4171, #3801 ) ) ;
#3166 = ADVANCED_FACE ( 'NONE', ( #11016 ), #1592, .T. ) ;
#3167 = DIRECTION ( 'NONE',  ( 1.000000000000000000, -0.000000000000000000, -0.000000000000000000 ) ) ;
#3168 = CARTESIAN_POINT ( 'NONE',  ( -0.000000000000000000, 231.5651816003102113, -128.8204644799923813 ) ) ;
#3169 = VECTOR ( 'NONE', #6300, 1000.000000000000114 ) ;
#3170 = FACE_OUTER_BOUND ( 'NONE', #4521, .T. ) ;
#3171 = CARTESIAN_POINT ( 'NONE',  ( -0.000000000000000000, 5.813654505065516176, -0.3399011760276969274 ) ) ;
#3172 = EDGE_CURVE ( 'NONE', #6839, #5473, #2762, .T. ) ;
#3173 = CARTESIAN_POINT ( 'NONE',  ( 9.676656908812763191, 135.2606641137312238, -38.50000000000000711 ) ) ;
#3174 = DIRECTION ( 'NONE',  ( -1.000000000000000000, 0.000000000000000000, 0.000000000000000000 ) ) ;
#3175 = DIRECTION ( 'NONE',  ( 1.000000000000000000, -0.000000000000000000, -0.000000000000000000 ) ) ;
#3176 = EDGE_LOOP ( 'NONE', ( #7974, #3070, #6323, #249 ) ) ;
#3177 = AXIS2_PLACEMENT_3D ( 'NONE', #8325, #621, #3775 ) ;
#3178 = ORIENTED_EDGE ( 'NONE', *, *, #4331, .T. ) ;
#3179 = DIRECTION ( 'NONE',  ( 0.000000000000000000, 0.000000000000000000, -1.000000000000000000 ) ) ;
#3180 = PLANE ( 'NONE',  #2217 ) ;
#3181 = AXIS2_PLACEMENT_3D ( 'NONE', #5813, #10303, #2886 ) ;
#3182 = LINE ( 'NONE', #5935, #829 ) ;
#3183 = EDGE_CURVE ( 'NONE', #934, #6516, #7199, .T. ) ;
#3184 = EDGE_CURVE ( 'NONE', #7795, #3104, #8027, .T. ) ;
#3185 = CARTESIAN_POINT ( 'NONE',  ( 15.00000000000000000, 226.9999999999999716, -8.000000000000001776 ) ) ;
#3186 = DIRECTION ( 'NONE',  ( -1.267377881992188131E-16, -1.000000000000000000, -1.267377881992188131E-16 ) ) ;
#3187 = VERTEX_POINT ( 'NONE', #3534 ) ;
#3188 = DIRECTION ( 'NONE',  ( 1.000000000000000000, -0.000000000000000000, -0.000000000000000000 ) ) ;
#3189 = EDGE_LOOP ( 'NONE', ( #4120, #3811, #1237, #4068 ) ) ;
#3190 = CARTESIAN_POINT ( 'NONE',  ( 14.86869354863674175, 64.23828822863977450, -28.51360740926766368 ) ) ;
#3191 = CIRCLE ( 'NONE', #11606, 6.120000000000000107 ) ;
#3192 = AXIS2_PLACEMENT_3D ( 'NONE', #603, #2525, #2583 ) ;
#3193 = PLANE ( 'NONE',  #7879 ) ;
#3194 = CIRCLE ( 'NONE', #6268, 6.000000000000000000 ) ;
#3195 = EDGE_CURVE ( 'NONE', #8880, #9801, #9109, .T. ) ;
#3196 = EDGE_LOOP ( 'NONE', ( #10155, #1033, #6226, #3766 ) ) ;
#3197 = CARTESIAN_POINT ( 'NONE',  ( 14.86869354863676307, 62.73828822863980292, -106.4799999999999898 ) ) ;
#3198 = CARTESIAN_POINT ( 'NONE',  ( 15.00000000000000533, 234.9941331045453410, -8.953622124569934115 ) ) ;
#3199 = ORIENTED_EDGE ( 'NONE', *, *, #5864, .F. ) ;
#3200 = CARTESIAN_POINT ( 'NONE',  ( -0.000000000000000000, 234.8995630920004203, -7.271350624667626050 ) ) ;
#3201 = EDGE_LOOP ( 'NONE', ( #9201, #10542, #2734, #5350 ) ) ;
#3202 = ORIENTED_EDGE ( 'NONE', *, *, #4315, .F. ) ;
#3203 = PLANE ( 'NONE',  #5432 ) ;
#3204 = FACE_BOUND ( 'NONE', #8402, .T. ) ;
#3205 = AXIS2_PLACEMENT_3D ( 'NONE', #1371, #8674, #484 ) ;
#3206 = AXIS2_PLACEMENT_3D ( 'NONE', #8152, #675, #5151 ) ;
#3207 = DIRECTION ( 'NONE',  ( -0.000000000000000000, 1.000000000000000000, 1.267377881992188131E-16 ) ) ;
#3208 = VERTEX_POINT ( 'NONE', #9047 ) ;
#3209 = DIRECTION ( 'NONE',  ( -1.000000000000000000, 0.000000000000000000, 2.434699615406045218E-16 ) ) ;
#3210 = CARTESIAN_POINT ( 'NONE',  ( 8.000000000000000000, 224.9999999999999147, -66.99999999999998579 ) ) ;
#3211 = EDGE_CURVE ( 'NONE', #10736, #10781, #4484, .T. ) ;
#3212 = DIRECTION ( 'NONE',  ( 0.000000000000000000, 1.267377881992188131E-16, -1.000000000000000000 ) ) ;
#3213 = CIRCLE ( 'NONE', #4156, 8.000000000000005329 ) ;
#3214 = CARTESIAN_POINT ( 'NONE',  ( 15.00000000000000178, 0.3399011760277385608, -5.813654505065457556 ) ) ;
#3215 = EDGE_LOOP ( 'NONE', ( #2696, #7895, #7304, #3240 ) ) ;
#3216 = CARTESIAN_POINT ( 'NONE',  ( 0.000000000000000000, 42.49999999999999289, -63.00000000000001421 ) ) ;
#3217 = VERTEX_POINT ( 'NONE', #6361 ) ;
#3218 = CARTESIAN_POINT ( 'NONE',  ( 0.000000000000000000, 226.9999999999999716, -124.7499999999999716 ) ) ;
#3219 = ORIENTED_EDGE ( 'NONE', *, *, #4570, .T. ) ;
#3220 = FACE_BOUND ( 'NONE', #5235, .T. ) ;
#3221 = ADVANCED_FACE ( 'NONE', ( #909 ), #4546, .T. ) ;
#3222 = VECTOR ( 'NONE', #3790, 1000.000000000000000 ) ;
#3224 = EDGE_LOOP ( 'NONE', ( #130, #9984, #4212, #9730 ) ) ;
#3223 = CARTESIAN_POINT ( 'NONE',  ( 16.00000000000000000, 62.73828822863980292, -106.4799999999999898 ) ) ;
#3225 = DIRECTION ( 'NONE',  ( -2.434699615406045218E-16, 0.000000000000000000, -1.000000000000000000 ) ) ;
#3226 = EDGE_CURVE ( 'NONE', #11275, #9815, #10379, .T. ) ;
#3227 = LINE ( 'NONE', #4112, #10009 ) ;
#3228 = LINE ( 'NONE', #2388, #928 ) ;
#3229 = CARTESIAN_POINT ( 'NONE',  ( 8.000000000000000000, 217.0000000000000284, -52.50000000000000711 ) ) ;
#3230 = CARTESIAN_POINT ( 'NONE',  ( 22.50000000000002842, 55.99339401947915462, -130.0000000000000000 ) ) ;
#3231 = VERTEX_POINT ( 'NONE', #4006 ) ;
#3232 = DIRECTION ( 'NONE',  ( 1.000000000000000000, 0.000000000000000000, 0.000000000000000000 ) ) ;
#3233 = ORIENTED_EDGE ( 'NONE', *, *, #2843, .F. ) ;
#3234 = DIRECTION ( 'NONE',  ( 0.000000000000000000, 0.000000000000000000, 1.000000000000000000 ) ) ;
#3235 = EDGE_CURVE ( 'NONE', #10671, #4108, #1201, .T. ) ;
#3236 = DIRECTION ( 'NONE',  ( 1.000000000000000000, 0.000000000000000000, 0.000000000000000000 ) ) ;
#3237 = CYLINDRICAL_SURFACE ( 'NONE', #10770, 3.000000000000009770 ) ;
#3238 = CYLINDRICAL_SURFACE ( 'NONE', #1098, 0.8890000000000009006 ) ;
#3239 = ORIENTED_EDGE ( 'NONE', *, *, #4118, .T. ) ;
#3240 = ORIENTED_EDGE ( 'NONE', *, *, #8636, .T. ) ;
#3241 = ORIENTED_EDGE ( 'NONE', *, *, #987, .F. ) ;
#3242 = CARTESIAN_POINT ( 'NONE',  ( 11.00000000000000711, 60.61072315750126904, -99.49426316724060371 ) ) ;
#3243 = ORIENTED_EDGE ( 'NONE', *, *, #4886, .F. ) ;
#3244 = EDGE_CURVE ( 'NONE', #5772, #1116, #1261, .T. ) ;
#3245 = ADVANCED_FACE ( 'NONE', ( #6780 ), #4844, .T. ) ;
#3246 = CARTESIAN_POINT ( 'NONE',  ( -0.7500000000000006661, 234.2830808016391870, -2.928932188134526271 ) ) ;
#3247 = VERTEX_POINT ( 'NONE', #2043 ) ;
#3248 = VECTOR ( 'NONE', #7402, 1000.000000000000000 ) ;
#3249 = CARTESIAN_POINT ( 'NONE',  ( 13.00000000000001421, 224.9999999999999716, -8.000000000000001776 ) ) ;
#3250 = ORIENTED_EDGE ( 'NONE', *, *, #2976, .F. ) ;
#3251 = LINE ( 'NONE', #2252, #10482 ) ;
#3252 = CARTESIAN_POINT ( 'NONE',  ( 8.000000000000000000, 217.0000000000000284, -52.50000000000000711 ) ) ;
#3253 = CARTESIAN_POINT ( 'NONE',  ( 14.86869354863667247, 35.75328822863979639, -118.5699999999999932 ) ) ;
#3254 = VERTEX_POINT ( 'NONE', #372 ) ;
#3255 = ORIENTED_EDGE ( 'NONE', *, *, #3259, .F. ) ;
#3256 = DIRECTION ( 'NONE',  ( 0.000000000000000000, 0.000000000000000000, 1.000000000000000000 ) ) ;
#3257 = DIRECTION ( 'NONE',  ( 0.000000000000000000, 0.1537070062818711724, 0.9881164689548822544 ) ) ;
#3258 = VECTOR ( 'NONE', #1598, 1000.000000000000000 ) ;
#3259 = EDGE_CURVE ( 'NONE', #690, #8211, #6604, .T. ) ;
#3260 = DIRECTION ( 'NONE',  ( 1.000000000000000000, -0.000000000000000000, -0.000000000000000000 ) ) ;
#3261 = DIRECTION ( 'NONE',  ( 0.000000000000000000, -0.07710059492488814670, 0.9970233188156776283 ) ) ;
#3262 = CARTESIAN_POINT ( 'NONE',  ( 3.851859888774471706E-31, 117.5000000000000000, -122.0000000000000000 ) ) ;
#3263 = CARTESIAN_POINT ( 'NONE',  ( 14.99999999999999645, 0.04853950053082028288, -7.899840187021740512 ) ) ;
#3264 = ORIENTED_EDGE ( 'NONE', *, *, #10320, .T. ) ;
#3265 = DIRECTION ( 'NONE',  ( 0.000000000000000000, 1.000000000000000000, 1.267377881992188131E-16 ) ) ;
#3266 = DIRECTION ( 'NONE',  ( 1.000000000000000000, -0.000000000000000000, -0.000000000000000000 ) ) ;
#3267 = ORIENTED_EDGE ( 'NONE', *, *, #11156, .F. ) ;
#3268 = AXIS2_PLACEMENT_3D ( 'NONE', #669, #8989, #4303 ) ;
#3269 = CARTESIAN_POINT ( 'NONE',  ( 8.000000000000000000, 0.000000000000000000, 0.000000000000000000 ) ) ;
#3271 = ORIENTED_EDGE ( 'NONE', *, *, #1334, .T. ) ;
#3270 = DIRECTION ( 'NONE',  ( -1.000000000000000000, 0.000000000000000000, 0.000000000000000000 ) ) ;
#3272 = CARTESIAN_POINT ( 'NONE',  ( -0.000000000000000000, 234.9941331045453694, -121.0463778754363773 ) ) ;
#3273 = DIRECTION ( 'NONE',  ( 0.000000000000000000, 0.000000000000000000, 1.000000000000000000 ) ) ;
#3274 = ORIENTED_EDGE ( 'NONE', *, *, #11205, .T. ) ;
#3275 = FACE_OUTER_BOUND ( 'NONE', #64, .T. ) ;
#3276 = ORIENTED_EDGE ( 'NONE', *, *, #2537, .F. ) ;
#3277 = AXIS2_PLACEMENT_3D ( 'NONE', #11472, #10521, #1467 ) ;
#3278 = LINE ( 'NONE', #11482, #4124 ) ;
#3279 = DIRECTION ( 'NONE',  ( 0.000000000000000000, 0.000000000000000000, 1.000000000000000000 ) ) ;
#3280 = EDGE_LOOP ( 'NONE', ( #6623, #11690 ) ) ;
#3281 = EDGE_CURVE ( 'NONE', #1426, #678, #9466, .T. ) ;
#3282 = ORIENTED_EDGE ( 'NONE', *, *, #10580, .F. ) ;
#3283 = DIRECTION ( 'NONE',  ( 0.000000000000000000, 1.267377881992188131E-16, -1.000000000000000000 ) ) ;
#3284 = AXIS2_PLACEMENT_3D ( 'NONE', #10743, #5232, #7933 ) ;
#3285 = CYLINDRICAL_SURFACE ( 'NONE', #6803, 3.000000000000009770 ) ;
#3286 = DIRECTION ( 'NONE',  ( 0.000000000000000000, 0.1537070062818697014, -0.9881164689548824764 ) ) ;
#3287 = CARTESIAN_POINT ( 'NONE',  ( 3.300000000000000711, 20.37152769304129762, -24.51360740926765658 ) ) ;
#3288 = CARTESIAN_POINT ( 'NONE',  ( 16.00000000000000000, 62.73828822863980292, -106.4799999999999898 ) ) ;
#3289 = DIRECTION ( 'NONE',  ( -1.000000000000000000, 0.000000000000000000, 0.000000000000000000 ) ) ;
#3290 = ORIENTED_EDGE ( 'NONE', *, *, #10745, .T. ) ;
#3291 = ADVANCED_FACE ( 'NONE', ( #3893, #10176 ), #11197, .F. ) ;
#3292 = VERTEX_POINT ( 'NONE', #9348 ) ;
#3293 = CARTESIAN_POINT ( 'NONE',  ( 16.00000000000000000, 73.10504876423827625, -24.51360740926764592 ) ) ;
#3294 = ORIENTED_EDGE ( 'NONE', *, *, #3431, .F. ) ;
#3295 = CARTESIAN_POINT ( 'NONE',  ( 6.999999999999999112, 8.000000000000000000, -119.2500000000000000 ) ) ;
#3296 = EDGE_CURVE ( 'NONE', #4822, #6006, #7669, .T. ) ;
#3297 = VECTOR ( 'NONE', #492, 1000.000000000000000 ) ;
#3298 = AXIS2_PLACEMENT_3D ( 'NONE', #2020, #9380, #9258 ) ;
#3299 = DIRECTION ( 'NONE',  ( -1.000000000000000000, -0.000000000000000000, -0.000000000000000000 ) ) ;
#3300 = PLANE ( 'NONE',  #1755 ) ;
#3301 = ORIENTED_EDGE ( 'NONE', *, *, #8345, .T. ) ;
#3302 = DIRECTION ( 'NONE',  ( 1.000000000000000000, 0.000000000000000000, 0.000000000000000000 ) ) ;
#3303 = CARTESIAN_POINT ( 'NONE',  ( 15.00000000000000178, 234.9658986701702474, -8.147671564234677533 ) ) ;
#3304 = EDGE_CURVE ( 'NONE', #6464, #10204, #11158, .T. ) ;
#3305 = CARTESIAN_POINT ( 'NONE',  ( 0.000000000000000000, 226.9999999999999716, -8.000000000000001776 ) ) ;
#3306 = CARTESIAN_POINT ( 'NONE',  ( -0.000000000000000000, 229.1200491926701943, -0.3250135059101185719 ) ) ;
#3307 = VERTEX_POINT ( 'NONE', #3000 ) ;
#3308 = FACE_OUTER_BOUND ( 'NONE', #8820, .T. ) ;
#3309 = VECTOR ( 'NONE', #480, 1000.000000000000000 ) ;
#3310 = CIRCLE ( 'NONE', #2758, 5.500000000000029310 ) ;
#3311 = B_SPLINE_CURVE_WITH_KNOTS ( 'NONE', 3,
 ( #7251, #8013, #10884, #7061, #2693, #2507, #9980, #8906, #9791, #11662, #3454, #10759, #9719, #707, #9917, #6220, #5370, #9030, #11774, #3574, #6036, #3391, #7246, #2383, #9675, #4216, #4947, #460, #7760, #1647 ),
 .UNSPECIFIED., .F., .F.,
 ( 4, 2, 2, 2, 2, 2, 2, 2, 2, 2, 2, 2, 2, 2, 4 ),
 ( 0.01239689964889501179, 0.01377424983497683650, 0.01515160002105866294, 0.01584027511409958483, 0.01652895020714050672, 0.01721762530018142862, 0.01756196284670189303, 0.01790630039322235398, 0.01825063793974281492, 0.01859497548626327587, 0.01928365057930423246, 0.01997232567234519252, 0.02066100076538614910, 0.02203835095146804146, 0.02341570113754993035 ),
 .UNSPECIFIED. ) ;
#3312 = DIRECTION ( 'NONE',  ( 1.000000000000000000, -0.000000000000000000, -0.000000000000000000 ) ) ;
#3313 = PLANE ( 'NONE',  #4200 ) ;
#3314 = DIRECTION ( 'NONE',  ( 1.217349807703022609E-16, 0.000000000000000000, 1.000000000000000000 ) ) ;
#3315 = AXIS2_PLACEMENT_3D ( 'NONE', #2022, #4095, #3041 ) ;
#3316 = FACE_OUTER_BOUND ( 'NONE', #3059, .T. ) ;
#3317 = EDGE_CURVE ( 'NONE', #3662, #10908, #4656, .T. ) ;
#3318 = EDGE_CURVE ( 'NONE', #8379, #2863, #8440, .T. ) ;
#3319 = CARTESIAN_POINT ( 'NONE',  ( 15.00000000000000000, 0.000000000000000000, -10.00000000000000000 ) ) ;
#3320 = EDGE_LOOP ( 'NONE', ( #6617, #3333, #2898, #3861, #8133, #3926 ) ) ;
#3321 = DIRECTION ( 'NONE',  ( 0.000000000000000000, 0.000000000000000000, 1.000000000000000000 ) ) ;
#3322 = ORIENTED_EDGE ( 'NONE', *, *, #9895, .F. ) ;
#3323 = CARTESIAN_POINT ( 'NONE',  ( 13.00000000000001066, -0.001000000000001000089, -112.9800000000000040 ) ) ;
#3324 = ORIENTED_EDGE ( 'NONE', *, *, #679, .T. ) ;
#3325 = AXIS2_PLACEMENT_3D ( 'NONE', #989, #100, #11758 ) ;
#3327 = VERTEX_POINT ( 'NONE', #5696 ) ;
#3326 = CARTESIAN_POINT ( 'NONE',  ( 13.00000000000000178, 219.2540333075851322, -120.0000000000000000 ) ) ;
#3328 = DIRECTION ( 'NONE',  ( 0.000000000000000000, 0.000000000000000000, -1.000000000000000000 ) ) ;
#3329 = DIRECTION ( 'NONE',  ( 0.000000000000000000, 0.000000000000000000, 1.000000000000000000 ) ) ;
#3330 = DIRECTION ( 'NONE',  ( -1.000000000000000000, 0.000000000000000000, 0.000000000000000000 ) ) ;
#3331 = EDGE_LOOP ( 'NONE', ( #6989, #400, #185, #3241 ) ) ;
#3332 = LINE ( 'NONE', #7954, #8183 ) ;
#3333 = ORIENTED_EDGE ( 'NONE', *, *, #11488, .F. ) ;
#3334 = ADVANCED_FACE ( 'NONE', ( #8505 ), #10301, .F. ) ;
#3335 = CARTESIAN_POINT ( 'NONE',  ( 16.00000000000000000, 130.8480050152814158, -39.72355645757715337 ) ) ;
#3336 = CARTESIAN_POINT ( 'NONE',  ( 0.000000000000000000, 152.0000000000000000, 0.000000000000000000 ) ) ;
#3337 = EDGE_LOOP ( 'NONE', ( #5471, #11172, #378, #3386 ) ) ;
#3338 = DIRECTION ( 'NONE',  ( -1.000000000000000000, 0.000000000000000000, 0.000000000000000000 ) ) ;
#3339 = ORIENTED_EDGE ( 'NONE', *, *, #40, .F. ) ;
#3340 = DIRECTION ( 'NONE',  ( 0.000000000000000000, 1.000000000000000000, 1.267377881992188131E-16 ) ) ;
#3341 = CARTESIAN_POINT ( 'NONE',  ( 8.000000000000000000, 30.73828822863979582, -60.98000000000003240 ) ) ;
#3342 = EDGE_CURVE ( 'NONE', #8749, #1000, #11310, .T. ) ;
#3343 = DIRECTION ( 'NONE',  ( 1.000000000000000000, 0.000000000000000000, 0.000000000000000000 ) ) ;
#3344 = DIRECTION ( 'NONE',  ( 0.000000000000000000, 0.000000000000000000, -1.000000000000000000 ) ) ;
#3345 = AXIS2_PLACEMENT_3D ( 'NONE', #3980, #1286, #506 ) ;
#3346 = EDGE_CURVE ( 'NONE', #3693, #10781, #4082, .T. ) ;
#3347 = DIRECTION ( 'NONE',  ( 0.000000000000000000, -0.07710059492488814670, -0.9970233188156776283 ) ) ;
#3348 = DIRECTION ( 'NONE',  ( 0.000000000000000000, 0.000000000000000000, -1.000000000000000000 ) ) ;
#3349 = EDGE_LOOP ( 'NONE', ( #8866, #7522, #4436, #2663 ) ) ;
#3350 = ORIENTED_EDGE ( 'NONE', *, *, #10773, .T. ) ;
#3351 = ORIENTED_EDGE ( 'NONE', *, *, #6985, .F. ) ;
#3352 = CARTESIAN_POINT ( 'NONE',  ( 15.75000000000000000, 0.000000000000000000, -8.318019484660537088 ) ) ;
#3353 = LINE ( 'NONE', #2713, #10858 ) ;
#3354 = VERTEX_POINT ( 'NONE', #5630 ) ;
#3355 = AXIS2_PLACEMENT_3D ( 'NONE', #5263, #5199, #3977 ) ;
#3356 = CIRCLE ( 'NONE', #336, 2.750000000000002665 ) ;
#3357 = DIRECTION ( 'NONE',  ( -1.000000000000000000, -0.000000000000000000, -0.000000000000000000 ) ) ;
#3358 = PLANE ( 'NONE',  #8635 ) ;
#3359 = ORIENTED_EDGE ( 'NONE', *, *, #4698, .F. ) ;
#3360 = ADVANCED_FACE ( 'NONE', ( #1082 ), #1023, .F. ) ;
#3361 = CARTESIAN_POINT ( 'NONE',  ( 24.00000000000000000, 37.25328822863976796, 0.000000000000000000 ) ) ;
#3362 = LINE ( 'NONE', #8638, #8444 ) ;
#3363 = EDGE_CURVE ( 'NONE', #6460, #9508, #8784, .T. ) ;
#3364 = ORIENTED_EDGE ( 'NONE', *, *, #5906, .F. ) ;
#3365 = CARTESIAN_POINT ( 'NONE',  ( 15.00000000000000000, 218.9999999999999716, -121.9999999999999716 ) ) ;
#3366 = DIRECTION ( 'NONE',  ( 0.000000000000000000, 0.000000000000000000, 1.000000000000000000 ) ) ;
#3367 = AXIS2_PLACEMENT_3D ( 'NONE', #3458, #8076, #8250 ) ;
#3368 = PLANE ( 'NONE',  #10277 ) ;
#3369 = EDGE_LOOP ( 'NONE', ( #10637, #10305, #2917, #31 ) ) ;
#3370 = VERTEX_POINT ( 'NONE', #5975 ) ;
#3371 = CARTESIAN_POINT ( 'NONE',  ( 24.00000000000000000, 30.31453842403295340, 2.344247023372283856 ) ) ;
#3372 = EDGE_CURVE ( 'NONE', #5077, #1611, #420, .T. ) ;
#3373 = CONICAL_SURFACE ( 'NONE', #9130, 3.000000000000002665, 0.3490658503988593453 ) ;
#3374 = CARTESIAN_POINT ( 'NONE',  ( 16.00000000000000000, 30.31453842403295340, 2.344247023372283856 ) ) ;
#3375 = CARTESIAN_POINT ( 'NONE',  ( 8.000000000000000000, 155.9999999999999716, -9.999999999999994671 ) ) ;
#3376 = CARTESIAN_POINT ( 'NONE',  ( 8.000000000000000000, 188.5000000000000000, -122.0000000000000000 ) ) ;
#3377 = ORIENTED_EDGE ( 'NONE', *, *, #5108, .F. ) ;
#3378 = CARTESIAN_POINT ( 'NONE',  ( 11.35422209636350566, 152.0000000000000284, -78.95643707479732143 ) ) ;
#3379 = ORIENTED_EDGE ( 'NONE', *, *, #6626, .F. ) ;
#3380 = LINE ( 'NONE', #1524, #8587 ) ;
#3381 = CIRCLE ( 'NONE', #11244, 3.000000000000002665 ) ;
#3382 = CIRCLE ( 'NONE', #7615, 3.000000000000002665 ) ;
#3383 = ORIENTED_EDGE ( 'NONE', *, *, #7324, .T. ) ;
#3384 = FACE_OUTER_BOUND ( 'NONE', #3201, .T. ) ;
#3385 = VECTOR ( 'NONE', #5694, 1000.000000000000000 ) ;
#3386 = ORIENTED_EDGE ( 'NONE', *, *, #9591, .F. ) ;
#3387 = ADVANCED_FACE ( 'NONE', ( #1475 ), #6096, .F. ) ;
#3388 = ADVANCED_FACE ( 'NONE', ( #1314 ), #11422, .F. ) ;
#3390 = VERTEX_POINT ( 'NONE', #4961 ) ;
#3389 = CARTESIAN_POINT ( 'NONE',  ( -0.7500000000000006661, 235.0000000000000000, -123.3639610306789365 ) ) ;
#3391 = CARTESIAN_POINT ( 'NONE',  ( 11.20639144443318180, 86.21992760312983251, -95.50000000000002842 ) ) ;
#3392 = AXIS2_PLACEMENT_3D ( 'NONE', #7085, #793, #9055 ) ;
#3393 = LINE ( 'NONE', #827, #5595 ) ;
#3394 = CARTESIAN_POINT ( 'NONE',  ( -0.000000000000000000, 232.3609951029988565, -128.2473968555611634 ) ) ;
#3395 = CIRCLE ( 'NONE', #11433, 0.8890000000000009006 ) ;
#3396 = CARTESIAN_POINT ( 'NONE',  ( 56.31128874149275276, 57.72328822863980236, -109.9800000000000040 ) ) ;
#3397 = CARTESIAN_POINT ( 'NONE',  ( 7.990000000000000213, 219.7500000000000284, -77.50000000000000000 ) ) ;
#3398 = ORIENTED_EDGE ( 'NONE', *, *, #6262, .T. ) ;
#3399 = DIRECTION ( 'NONE',  ( 0.3420201433256636059, 0.9368954554425702463, -0.07245086010912099583 ) ) ;
#3400 = ORIENTED_EDGE ( 'NONE', *, *, #11672, .F. ) ;
#3401 = FACE_OUTER_BOUND ( 'NONE', #2009, .T. ) ;
#3402 = DIRECTION ( 'NONE',  ( 0.000000000000000000, 1.000000000000000000, -0.000000000000000000 ) ) ;
#3403 = ORIENTED_EDGE ( 'NONE', *, *, #9595, .T. ) ;
#3404 = ORIENTED_EDGE ( 'NONE', *, *, #1682, .T. ) ;
#3405 = CARTESIAN_POINT ( 'NONE',  ( 11.41421356237310114, 34.49596033877155321, -111.9799999999999898 ) ) ;
#3406 = CIRCLE ( 'NONE', #6683, 1.143000000000005123 ) ;
#3407 = ORIENTED_EDGE ( 'NONE', *, *, #5033, .F. ) ;
#3408 = EDGE_CURVE ( 'NONE', #1630, #6574, #9734, .T. ) ;
#3409 = CARTESIAN_POINT ( 'NONE',  ( 0.000000000000000000, 10.00000000000000711, -95.50000000000001421 ) ) ;
#3410 = DIRECTION ( 'NONE',  ( 0.000000000000000000, 1.000000000000000000, 1.267377881992188131E-16 ) ) ;
#3411 = CARTESIAN_POINT ( 'NONE',  ( 5.839999999999999858, 102.9080050152813897, -40.61255645757714916 ) ) ;
#3412 = FACE_OUTER_BOUND ( 'NONE', #4747, .T. ) ;
#3413 = DIRECTION ( 'NONE',  ( 0.000000000000000000, 1.000000000000000000, -0.000000000000000000 ) ) ;
#3414 = ORIENTED_EDGE ( 'NONE', *, *, #9392, .T. ) ;
#3415 = VERTEX_POINT ( 'NONE', #10633 ) ;
#3416 = ORIENTED_EDGE ( 'NONE', *, *, #9974, .T. ) ;
#3417 = CARTESIAN_POINT ( 'NONE',  ( 12.99999999999999645, 192.5000000000000000, -38.50000000000000000 ) ) ;
#3418 = DIRECTION ( 'NONE',  ( -2.434699615406045218E-16, 0.000000000000000000, -1.000000000000000000 ) ) ;
#3419 = ORIENTED_EDGE ( 'NONE', *, *, #2720, .F. ) ;
#3420 = AXIS2_PLACEMENT_3D ( 'NONE', #8716, #1460, #9667 ) ;
#3421 = EDGE_CURVE ( 'NONE', #11005, #2789, #1037, .T. ) ;
#3422 = CARTESIAN_POINT ( 'NONE',  ( 0.000000000000000000, 156.0000000000000000, 0.000000000000000000 ) ) ;
#3423 = EDGE_LOOP ( 'NONE', ( #6059, #2450, #4776, #135 ) ) ;
#3424 = LINE ( 'NONE', #10727, #8436 ) ;
#3425 = CARTESIAN_POINT ( 'NONE',  ( 8.000000000000000000, 131.2044457761841727, -95.50000000000000000 ) ) ;
#3426 = CARTESIAN_POINT ( 'NONE',  ( 12.99999999999999645, 57.92616706691555351, -121.9999999999999858 ) ) ;
#3427 = CARTESIAN_POINT ( 'NONE',  ( 15.00000000000000000, 232.3609951029751812, -1.752603144429220716 ) ) ;
#3428 = LINE ( 'NONE', #3554, #5933 ) ;
#3429 = DIRECTION ( 'NONE',  ( 0.000000000000000000, 0.000000000000000000, -1.000000000000000000 ) ) ;
#3430 = ORIENTED_EDGE ( 'NONE', *, *, #10322, .T. ) ;
#3431 = EDGE_CURVE ( 'NONE', #451, #5885, #10776, .T. ) ;
#3432 = VERTEX_POINT ( 'NONE', #5923 ) ;
#3433 = CARTESIAN_POINT ( 'NONE',  ( 8.000000000000000000, 151.9999999999999716, -63.00000000000000000 ) ) ;
#3434 = EDGE_CURVE ( 'NONE', #7293, #84, #3227, .T. ) ;
#3435 = ORIENTED_EDGE ( 'NONE', *, *, #3421, .F. ) ;
#3436 = AXIS2_PLACEMENT_3D ( 'NONE', #7180, #10817, #9914 ) ;
#3437 = FACE_OUTER_BOUND ( 'NONE', #4215, .T. ) ;
#3438 = CARTESIAN_POINT ( 'NONE',  ( 14.86869354863676307, 154.4716895539514496, -78.45788136388650003 ) ) ;
#3439 = CARTESIAN_POINT ( 'NONE',  ( 0.000000000000000000, 8.496496751003460758E-15, -38.50000000000002132 ) ) ;
#3440 = CARTESIAN_POINT ( 'NONE',  ( 16.00000000000000000, 73.10504876423827625, -24.51360740926764592 ) ) ;
#3441 = DIRECTION ( 'NONE',  ( -1.000000000000000000, 0.000000000000000000, 0.000000000000000000 ) ) ;
#3442 = ORIENTED_EDGE ( 'NONE', *, *, #11129, .F. ) ;
#3443 = DIRECTION ( 'NONE',  ( -1.000000000000000000, 1.267377881992188377E-16, 1.638342670903701786E-32 ) ) ;
#3444 = CIRCLE ( 'NONE', #2123, 0.8890000000000009006 ) ;
#3445 = EDGE_CURVE ( 'NONE', #2849, #10265, #4261, .T. ) ;
#3446 = VERTEX_POINT ( 'NONE', #6039 ) ;
#3447 = FACE_OUTER_BOUND ( 'NONE', #6864, .T. ) ;
#3448 = DIRECTION ( 'NONE',  ( 1.000000000000000000, -0.000000000000000000, 0.000000000000000000 ) ) ;
#3450 = VERTEX_POINT ( 'NONE', #8845 ) ;
#3449 = CARTESIAN_POINT ( 'NONE',  ( 4.750000000000000000, 228.3639610306789223, -130.0000000000000000 ) ) ;
#3451 = ADVANCED_FACE ( 'NONE', ( #7886, #3170 ), #651, .F. ) ;
#3452 = PLANE ( 'NONE',  #4626 ) ;
#3453 = FACE_OUTER_BOUND ( 'NONE', #8547, .T. ) ;
#3454 = CARTESIAN_POINT ( 'NONE',  ( 11.63741702282820256, 88.54868873556137032, -95.50000000000002842 ) ) ;
#3455 = LINE ( 'NONE', #6224, #8302 ) ;
#3456 = DIRECTION ( 'NONE',  ( 0.000000000000000000, -1.000000000000000000, 0.000000000000000000 ) ) ;
#3457 = ORIENTED_EDGE ( 'NONE', *, *, #6482, .T. ) ;
#3458 = CARTESIAN_POINT ( 'NONE',  ( 8.000000000000000000, 62.73828822863980292, -55.47999999999998977 ) ) ;
#3459 = PLANE ( 'NONE',  #11050 ) ;
#3460 = DIRECTION ( 'NONE',  ( 0.000000000000000000, 1.267377881992188131E-16, -1.000000000000000000 ) ) ;
#3461 = EDGE_CURVE ( 'NONE', #2472, #4494, #4061, .T. ) ;
#3462 = ORIENTED_EDGE ( 'NONE', *, *, #3281, .T. ) ;
#3463 = CARTESIAN_POINT ( 'NONE',  ( 8.000000000000000000, 217.0000000000000284, -52.50000000000000711 ) ) ;
#3464 = EDGE_CURVE ( 'NONE', #5540, #5735, #7718, .T. ) ;
#3465 = AXIS2_PLACEMENT_3D ( 'NONE', #11793, #4367, #2526 ) ;
#3466 = CARTESIAN_POINT ( 'NONE',  ( 8.000000000000000000, 46.50000000000000000, -122.0000000000000000 ) ) ;
#3467 = CARTESIAN_POINT ( 'NONE',  ( 13.00000000000001421, 82.99999999999998579, -8.000000000000001776 ) ) ;
#3468 = CARTESIAN_POINT ( 'NONE',  ( 13.00000000000000178, 226.9999999999999716, -38.49999999999999289 ) ) ;
#3469 = FACE_OUTER_BOUND ( 'NONE', #11479, .T. ) ;
#3470 = CARTESIAN_POINT ( 'NONE',  ( 16.00000000000000000, 29.23828822863977805, -28.51360740926766368 ) ) ;
#3471 = ORIENTED_EDGE ( 'NONE', *, *, #7578, .T. ) ;
#3472 = ORIENTED_EDGE ( 'NONE', *, *, #2773, .T. ) ;
#3473 = EDGE_CURVE ( 'NONE', #4256, #2415, #10473, .T. ) ;
#3474 = VERTEX_POINT ( 'NONE', #2282 ) ;
#3475 = CARTESIAN_POINT ( 'NONE',  ( 10.24999999999523048, -3.903127820947815962E-16, -6.636038969321074177 ) ) ;
#3476 = EDGE_CURVE ( 'NONE', #6085, #2598, #9574, .T. ) ;
#3477 = DIRECTION ( 'NONE',  ( -1.267377881992188131E-16, -1.000000000000000000, -1.267377881992188131E-16 ) ) ;
#3478 = EDGE_LOOP ( 'NONE', ( #16, #5325 ) ) ;
#3479 = DIRECTION ( 'NONE',  ( -2.434699615406045218E-16, 0.000000000000000000, -1.000000000000000000 ) ) ;
#3480 = AXIS2_PLACEMENT_3D ( 'NONE', #11000, #2985, #6647 ) ;
#3481 = DIRECTION ( 'NONE',  ( 1.000000000000000000, 0.000000000000000000, 0.000000000000000000 ) ) ;
#3482 = CARTESIAN_POINT ( 'NONE',  ( 14.86869354863676307, 154.4716895539514496, -72.45788136388648581 ) ) ;
#3483 = EDGE_LOOP ( 'NONE', ( #3264, #8531, #474, #1373 ) ) ;
#3484 = CARTESIAN_POINT ( 'NONE',  ( 24.00000000000000000, 37.29637922330119437, -119.0693178686808551 ) ) ;
#3485 = CYLINDRICAL_SURFACE ( 'NONE', #6762, 0.8890000000000009006 ) ;
#3486 = LINE ( 'NONE', #10796, #8575 ) ;
#3487 = CARTESIAN_POINT ( 'NONE',  ( 14.99999999999999822, 234.6749864940899499, -5.879950807330590834 ) ) ;
#3488 = DIRECTION ( 'NONE',  ( -1.000000000000000000, 0.000000000000000000, 0.000000000000000000 ) ) ;
#3489 = ADVANCED_FACE ( 'NONE', ( #10526 ), #8671, .T. ) ;
#3490 = DIRECTION ( 'NONE',  ( 0.000000000000000000, 1.267377881992188131E-16, -1.000000000000000000 ) ) ;
#3491 = EDGE_LOOP ( 'NONE', ( #10046, #11187, #2124, #5290 ) ) ;
#3492 = VERTEX_POINT ( 'NONE', #6942 ) ;
#3493 = CARTESIAN_POINT ( 'NONE',  ( 13.00000000000000178, 226.9999999999999716, -120.0000000000000000 ) ) ;
#3494 = CIRCLE ( 'NONE', #6578, 6.120000000000014317 ) ;
#3495 = AXIS2_PLACEMENT_3D ( 'NONE', #5576, #11140, #266 ) ;
#3496 = ORIENTED_EDGE ( 'NONE', *, *, #4795, .T. ) ;
#3497 = DIRECTION ( 'NONE',  ( 0.000000000000000000, 0.000000000000000000, -1.000000000000000000 ) ) ;
#3498 = CARTESIAN_POINT ( 'NONE',  ( 22.50000000000002842, 35.75328822863979639, -118.5699999999999932 ) ) ;
#3499 = EDGE_CURVE ( 'NONE', #8832, #2845, #4850, .T. ) ;
#3500 = DIRECTION ( 'NONE',  ( 0.9396107080206423934, 0.3419903295172999624, 0.01320348020772468128 ) ) ;
#3501 = DIRECTION ( 'NONE',  ( 0.000000000000000000, 0.000000000000000000, -1.000000000000000000 ) ) ;
#3502 = EDGE_CURVE ( 'NONE', #3693, #11654, #5374, .T. ) ;
#3503 = AXIS2_PLACEMENT_3D ( 'NONE', #10238, #204, #1144 ) ;
#3504 = DIRECTION ( 'NONE',  ( 0.000000000000000000, 0.000000000000000000, -1.000000000000000000 ) ) ;
#3505 = ORIENTED_EDGE ( 'NONE', *, *, #2290, .F. ) ;
#3506 = DIRECTION ( 'NONE',  ( 0.000000000000000000, -4.336808689942021187E-16, 1.000000000000000000 ) ) ;
#3507 = VECTOR ( 'NONE', #5323, 1000.000000000000000 ) ;
#3508 = ORIENTED_EDGE ( 'NONE', *, *, #11064, .T. ) ;
#3509 = DIRECTION ( 'NONE',  ( -1.000000000000000000, -0.000000000000000000, -0.000000000000000000 ) ) ;
#3510 = VECTOR ( 'NONE', #4166, 1000.000000000000000 ) ;
#3512 = VERTEX_POINT ( 'NONE', #6158 ) ;
#3511 = CARTESIAN_POINT ( 'NONE',  ( 14.86869354863676307, 154.4716895539514496, -75.45788136388650003 ) ) ;
#3513 = VECTOR ( 'NONE', #7039, 1000.000000000000114 ) ;
#3514 = EDGE_CURVE ( 'NONE', #9019, #5984, #2630, .T. ) ;
#3515 = CARTESIAN_POINT ( 'NONE',  ( 0.000000000000000000, 115.4999999999999858, -34.50000000000000000 ) ) ;
#3516 = CARTESIAN_POINT ( 'NONE',  ( 8.000000000000000000, 36.14661514183582369, -107.4800000000000040 ) ) ;
#3517 = DIRECTION ( 'NONE',  ( 1.000000000000000000, -0.000000000000000000, -0.000000000000000000 ) ) ;
#3518 = DIRECTION ( 'NONE',  ( -1.000000000000000000, -0.000000000000000000, -0.000000000000000000 ) ) ;
#3519 = DIRECTION ( 'NONE',  ( 1.000000000000000000, -0.000000000000000000, -0.000000000000000000 ) ) ;
#3520 = ORIENTED_EDGE ( 'NONE', *, *, #1270, .T. ) ;
#3521 = CARTESIAN_POINT ( 'NONE',  ( 56.31128874149275276, 62.73828822863980292, -109.4799999999999898 ) ) ;
#3522 = DIRECTION ( 'NONE',  ( 0.000000000000000000, 1.267377881992188131E-16, -1.000000000000000000 ) ) ;
#3523 = ORIENTED_EDGE ( 'NONE', *, *, #2995, .T. ) ;
#3524 = LINE ( 'NONE', #10830, #2907 ) ;
#3525 = ORIENTED_EDGE ( 'NONE', *, *, #458, .T. ) ;
#3526 = CARTESIAN_POINT ( 'NONE',  ( 22.50000000000002842, 35.80084424507770535, -119.1849687610681769 ) ) ;
#3527 = VECTOR ( 'NONE', #4153, 1000.000000000000000 ) ;
#3528 = AXIS2_PLACEMENT_3D ( 'NONE', #2187, #10377, #281 ) ;
#3529 = EDGE_CURVE ( 'NONE', #9600, #883, #3901, .T. ) ;
#3530 = DIRECTION ( 'NONE',  ( 1.000000000000000000, -0.000000000000000000, -0.000000000000000000 ) ) ;
#3531 = EDGE_CURVE ( 'NONE', #5071, #10100, #10825, .T. ) ;
#3532 = B_SPLINE_CURVE_WITH_KNOTS ( 'NONE', 3,
 ( #4986, #2193, #3198, #2307, #3303, #5948, #5040, #9435, #1231, #5837, #7644, #3088, #10384, #9493, #4931, #8943, #5573, #2417, #1700, #3487, #2539, #4382, #1026, #3427, #7986, #5345, #6256, #9004, #4663, #7922, #8817, #803, #7095, #746, #2603, #10730, #10668, #8046, #11694, #1925, #11637, #3718, #7157, #9894, #4440, #11018, #6127 ),
 .UNSPECIFIED., .F., .F.,
 ( 4, 1, 1, 1, 1, 1, 1, 2, 2, 1, 1, 1, 1, 1, 1, 2, 2, 2, 1, 1, 1, 1, 1, 1, 1, 2, 2, 1, 1, 1, 1, 1, 1, 2, 2, 4 ),
 ( 0.000000000000000000, 0.06249999999998598343, 0.09374999999997882250, 0.1093749999999749506, 0.1171874999999732020, 0.1210937499999725497, 0.1230468749999722305, 0.1240234374999718420, 0.1249999999999714534, 0.1874999999999574785, 0.2187499999999502343, 0.2343749999999462097, 0.2421874999999436839, 0.2460937499999424349, 0.2480468749999423794, 0.2490234374999417688, 0.2499999999999411582, 0.4999999999997073452, 0.6249999999995905497, 0.6874999999995298205, 0.7187499999994972910, 0.7343749999994810818, 0.7421874999994728661, 0.7460937499994709787, 0.7480468749994699795, 0.7490234374994695354, 0.7499999999994690913, 0.8124999999995602407, 0.8437499999996058708, 0.8593749999996286304, 0.8671874999996423972, 0.8710937499996492805, 0.8730468749996527222, 0.8740234374996567190, 0.8749999999996608269, 1.000000000000000000 ),
 .UNSPECIFIED. ) ;
#3533 = FACE_OUTER_BOUND ( 'NONE', #10243, .T. ) ;
#3534 = CARTESIAN_POINT ( 'NONE',  ( 13.00000000000000000, 219.2540333075851322, -9.999999999999987566 ) ) ;
#3535 = LINE ( 'NONE', #4547, #4867 ) ;
#3536 = DIRECTION ( 'NONE',  ( 1.000000000000000000, 0.000000000000000000, 0.000000000000000000 ) ) ;
#3537 = FACE_OUTER_BOUND ( 'NONE', #11409, .T. ) ;
#3538 = ORIENTED_EDGE ( 'NONE', *, *, #8957, .F. ) ;
#3539 = ORIENTED_EDGE ( 'NONE', *, *, #7919, .T. ) ;
#3540 = CARTESIAN_POINT ( 'NONE',  ( -0.7500000000000006661, 0.7169191983608323993, -2.928932188134525827 ) ) ;
#3541 = DIRECTION ( 'NONE',  ( -2.434699615406045218E-16, 0.000000000000000000, -1.000000000000000000 ) ) ;
#3542 = EDGE_LOOP ( 'NONE', ( #5711, #8330, #2135, #3006 ) ) ;
#3543 = DIRECTION ( 'NONE',  ( -1.000000000000000000, -0.000000000000000000, -0.000000000000000000 ) ) ;
#3544 = CIRCLE ( 'NONE', #10047, 5.500000000000032863 ) ;
#3545 = DIRECTION ( 'NONE',  ( -1.000000000000000000, 0.000000000000000000, 2.434699615406045218E-16 ) ) ;
#3546 = CARTESIAN_POINT ( 'NONE',  ( 56.31128874149275276, 57.67573221220188628, -119.1849687610681769 ) ) ;
#3547 = CARTESIAN_POINT ( 'NONE',  ( -0.002000000000000265454, 16.00000000000000355, -8.000000000000026645 ) ) ;
#3548 = EDGE_LOOP ( 'NONE', ( #11680, #8304, #11817, #3568 ) ) ;
#3549 = ADVANCED_FACE ( 'NONE', ( #6348 ), #2751, .F. ) ;
#3550 = EDGE_CURVE ( 'NONE', #7548, #868, #5970, .T. ) ;
#3551 = CARTESIAN_POINT ( 'NONE',  ( 13.00000000000001421, 226.9999999999999716, -8.000000000000001776 ) ) ;
#3552 = VECTOR ( 'NONE', #8026, 1000.000000000000000 ) ;
#3553 = CARTESIAN_POINT ( 'NONE',  ( 8.000000000000000000, 151.9999999999999716, -34.49999999999999289 ) ) ;
#3554 = CARTESIAN_POINT ( 'NONE',  ( 14.86869354863674175, 58.23828822863978161, -34.51360740926766368 ) ) ;
#3555 = CARTESIAN_POINT ( 'NONE',  ( 8.000000000000000000, 115.4999999999999858, -122.0000000000000000 ) ) ;
#3556 = ORIENTED_EDGE ( 'NONE', *, *, #122, .T. ) ;
#3557 = AXIS2_PLACEMENT_3D ( 'NONE', #8411, #8288, #2075 ) ;
#3558 = ORIENTED_EDGE ( 'NONE', *, *, #5257, .F. ) ;
#3559 = ADVANCED_FACE ( 'NONE', ( #4471 ), #10942, .T. ) ;
#3560 = CARTESIAN_POINT ( 'NONE',  ( 8.000000000000000000, 36.14661514183582369, -107.4800000000000040 ) ) ;
#3561 = VECTOR ( 'NONE', #8673, 1000.000000000000000 ) ;
#3562 = CARTESIAN_POINT ( 'NONE',  ( 6.999999999999999112, 226.9999999999999716, -115.8799999999999812 ) ) ;
#3563 = DIRECTION ( 'NONE',  ( 0.000000000000000000, 0.000000000000000000, 1.000000000000000000 ) ) ;
#3564 = ORIENTED_EDGE ( 'NONE', *, *, #10741, .T. ) ;
#3565 = DIRECTION ( 'NONE',  ( -0.000000000000000000, 0.9970233188156774062, 0.07710059492489097777 ) ) ;
#3566 = ORIENTED_EDGE ( 'NONE', *, *, #4762, .F. ) ;
#3567 = LINE ( 'NONE', #8293, #11073 ) ;
#3568 = ORIENTED_EDGE ( 'NONE', *, *, #4632, .F. ) ;
#3569 = CARTESIAN_POINT ( 'NONE',  ( 0.000000000000000000, 7.979415714894989776E-15, -34.50000000000001421 ) ) ;
#3570 = AXIS2_PLACEMENT_3D ( 'NONE', #10094, #11104, #4759 ) ;
#3571 = EDGE_CURVE ( 'NONE', #623, #9498, #7121, .T. ) ;
#3573 = ORIENTED_EDGE ( 'NONE', *, *, #8578, .T. ) ;
#3572 = CARTESIAN_POINT ( 'NONE',  ( 10.99763215082884926, 62.60807958474750023, -34.50000000000002842 ) ) ;
#3574 = CARTESIAN_POINT ( 'NONE',  ( 11.62978344339164494, 86.77361349971324955, -95.49999999999998579 ) ) ;
#3575 = LINE ( 'NONE', #4281, #1200 ) ;
#3576 = CARTESIAN_POINT ( 'NONE',  ( -0.000000000000000000, 226.6013954639532528, -129.9840755038905229 ) ) ;
#3577 = DIRECTION ( 'NONE',  ( 0.000000000000000000, 1.000000000000000000, 0.000000000000000000 ) ) ;
#3578 = CARTESIAN_POINT ( 'NONE',  ( 14.86869354863678439, 203.4716895539514780, -14.45788136388648226 ) ) ;
#3579 = VECTOR ( 'NONE', #7921, 1000.000000000000000 ) ;
#3580 = AXIS2_PLACEMENT_3D ( 'NONE', #8945, #1637, #2671 ) ;
#3581 = VERTEX_POINT ( 'NONE', #9095 ) ;
#3582 = CYLINDRICAL_SURFACE ( 'NONE', #6446, 8.000000000000005329 ) ;
#3583 = LINE ( 'NONE', #5440, #8762 ) ;
#3584 = VERTEX_POINT ( 'NONE', #3578 ) ;
#3585 = ORIENTED_EDGE ( 'NONE', *, *, #458, .F. ) ;
#3586 = FACE_BOUND ( 'NONE', #6275, .T. ) ;
#3587 = ADVANCED_FACE ( 'NONE', ( #9 ), #9034, .T. ) ;
#3588 = AXIS2_PLACEMENT_3D ( 'NONE', #718, #3522, #1603 ) ;
#3589 = CIRCLE ( 'NONE', #9891, 6.119999999999986784 ) ;
#3590 = AXIS2_PLACEMENT_3D ( 'NONE', #10823, #4348, #6410 ) ;
#3591 = ADVANCED_FACE ( 'NONE', ( #1599 ), #7252, .T. ) ;
#3592 = CARTESIAN_POINT ( 'NONE',  ( 16.00000000000000000, 64.23828822863977450, -20.51360740926767079 ) ) ;
#3593 = DIRECTION ( 'NONE',  ( 1.000000000000000000, -0.000000000000000000, -0.000000000000000000 ) ) ;
#3594 = DIRECTION ( 'NONE',  ( 1.000000000000000000, -0.000000000000000000, -0.000000000000000000 ) ) ;
#3595 = CARTESIAN_POINT ( 'NONE',  ( 6.999999999999999112, 117.5000000000000000, -128.1200000000000045 ) ) ;
#3596 = FACE_OUTER_BOUND ( 'NONE', #5602, .T. ) ;
#3597 = CARTESIAN_POINT ( 'NONE',  ( 13.00000000000001421, 78.99999999999998579, -9.999999999999998224 ) ) ;
#3598 = ORIENTED_EDGE ( 'NONE', *, *, #8717, .F. ) ;
#3599 = VERTEX_POINT ( 'NONE', #10761 ) ;
#3600 = CIRCLE ( 'NONE', #7247, 3.680148828669058236 ) ;
#3601 = ORIENTED_EDGE ( 'NONE', *, *, #7937, .T. ) ;
#3602 = DIRECTION ( 'NONE',  ( 0.000000000000000000, 0.000000000000000000, 1.000000000000000000 ) ) ;
#3603 = CARTESIAN_POINT ( 'NONE',  ( 8.000000000000000000, 156.0000000000000000, -12.17448594233234971 ) ) ;
#3604 = ORIENTED_EDGE ( 'NONE', *, *, #6704, .F. ) ;
#3605 = DIRECTION ( 'NONE',  ( 1.000000000000000000, 0.000000000000000000, 0.000000000000000000 ) ) ;
#3606 = EDGE_CURVE ( 'NONE', #5018, #5585, #1854, .T. ) ;
#3607 = LINE ( 'NONE', #11805, #5169 ) ;
#3608 = VERTEX_POINT ( 'NONE', #8072 ) ;
#3609 = CARTESIAN_POINT ( 'NONE',  ( 8.000000000000001776, 119.5000000000000000, -114.2540333075851606 ) ) ;
#3610 = ORIENTED_EDGE ( 'NONE', *, *, #2492, .F. ) ;
#3611 = DIRECTION ( 'NONE',  ( -0.9396926207859105373, 4.188538737676915344E-17, -0.3420201433256624957 ) ) ;
#3612 = EDGE_CURVE ( 'NONE', #6851, #10620, #2568, .T. ) ;
#3613 = CARTESIAN_POINT ( 'NONE',  ( 16.00000000000000000, 30.73828822863979582, -55.48000000000000398 ) ) ;
#3614 = ORIENTED_EDGE ( 'NONE', *, *, #4300, .F. ) ;
#3615 = DIRECTION ( 'NONE',  ( 0.000000000000000000, 0.000000000000000000, 1.000000000000000000 ) ) ;
#3616 = LINE ( 'NONE', #3555, #4530 ) ;
#3617 = ORIENTED_EDGE ( 'NONE', *, *, #4081, .T. ) ;
#3618 = VECTOR ( 'NONE', #5563, 1000.000000000000000 ) ;
#3619 = EDGE_CURVE ( 'NONE', #4571, #6085, #8248, .T. ) ;
#3620 = EDGE_LOOP ( 'NONE', ( #3705, #5504 ) ) ;
#3621 = CARTESIAN_POINT ( 'NONE',  ( 13.00000000000000178, 226.9999999999999716, -91.49999999999998579 ) ) ;
#3622 = ADVANCED_FACE ( 'NONE', ( #11722 ), #9859, .F. ) ;
#3623 = ORIENTED_EDGE ( 'NONE', *, *, #6032, .F. ) ;
#3624 = LINE ( 'NONE', #48, #4811 ) ;
#3625 = CARTESIAN_POINT ( 'NONE',  ( 8.000000000000000000, 188.5000000000000000, -122.0000000000000000 ) ) ;
#3626 = CARTESIAN_POINT ( 'NONE',  ( 13.00000000000001421, 117.5000000000000000, -8.000000000000015987 ) ) ;
#3627 = CARTESIAN_POINT ( 'NONE',  ( 16.00000000000000000, 58.23828822863978161, -34.51360740926766368 ) ) ;
#3628 = ORIENTED_EDGE ( 'NONE', *, *, #432, .F. ) ;
#3629 = FACE_BOUND ( 'NONE', #4848, .T. ) ;
#3630 = FACE_OUTER_BOUND ( 'NONE', #11650, .T. ) ;
#3631 = ORIENTED_EDGE ( 'NONE', *, *, #4762, .T. ) ;
#3632 = CARTESIAN_POINT ( 'NONE',  ( 15.00000000000000355, 1.289136877457388142, -126.8921151137136007 ) ) ;
#3633 = ORIENTED_EDGE ( 'NONE', *, *, #18, .F. ) ;
#3634 = VERTEX_POINT ( 'NONE', #4352 ) ;
#3635 = CARTESIAN_POINT ( 'NONE',  ( 11.33727371064744283, 131.8039536813881796, -91.50000000000000000 ) ) ;
#3636 = EDGE_CURVE ( 'NONE', #8460, #1604, #3455, .T. ) ;
#3637 = AXIS2_PLACEMENT_3D ( 'NONE', #5793, #5213, #4824 ) ;
#3639 = VERTEX_POINT ( 'NONE', #7187 ) ;
#3638 = CARTESIAN_POINT ( 'NONE',  ( 10.24999999999523048, 235.0000000000000284, -123.3639610306789365 ) ) ;
#3640 = CARTESIAN_POINT ( 'NONE',  ( 12.99999999999998401, 91.34711482990273623, -91.50000000000000000 ) ) ;
#3641 = DIRECTION ( 'NONE',  ( -1.267377881992188131E-16, -1.000000000000000000, -1.267377881992188131E-16 ) ) ;
#3642 = AXIS2_PLACEMENT_3D ( 'NONE', #1372, #3175, #10076 ) ;
#3643 = DIRECTION ( 'NONE',  ( 1.000000000000000000, 0.000000000000000000, 0.000000000000000000 ) ) ;
#3644 = EDGE_LOOP ( 'NONE', ( #6296, #2503 ) ) ;
#3645 = LINE ( 'NONE', #8976, #3755 ) ;
#3646 = ORIENTED_EDGE ( 'NONE', *, *, #4944, .F. ) ;
#3647 = CARTESIAN_POINT ( 'NONE',  ( 0.000000000000000000, 152.0000000000000000, -95.50000000000000000 ) ) ;
#3648 = ORIENTED_EDGE ( 'NONE', *, *, #6329, .T. ) ;
#3649 = CARTESIAN_POINT ( 'NONE',  ( 15.00000000000000000, 117.5000000000000000, -5.250000000000020428 ) ) ;
#3650 = VECTOR ( 'NONE', #2010, 1000.000000000000000 ) ;
#3651 = CARTESIAN_POINT ( 'NONE',  ( 14.86869354863674175, 58.23828822863978161, -20.51360740926767079 ) ) ;
#3652 = FACE_OUTER_BOUND ( 'NONE', #9645, .T. ) ;
#3653 = CARTESIAN_POINT ( 'NONE',  ( 0.000000000000000000, 119.5000000000000000, 0.000000000000000000 ) ) ;
#3654 = CARTESIAN_POINT ( 'NONE',  ( 8.000000000000000000, 35.23828822863978161, -20.51360740926767079 ) ) ;
#3655 = EDGE_CURVE ( 'NONE', #9743, #1206, #10979, .T. ) ;
#3656 = FACE_OUTER_BOUND ( 'NONE', #9318, .T. ) ;
#3657 = VECTOR ( 'NONE', #8042, 1000.000000000000000 ) ;
#3658 = ORIENTED_EDGE ( 'NONE', *, *, #3668, .T. ) ;
#3659 = EDGE_LOOP ( 'NONE', ( #387, #9076, #6791, #7840, #7330, #6384, #5770, #10763 ) ) ;
#3660 = DIRECTION ( 'NONE',  ( 0.000000000000000000, 1.000000000000000000, 1.267377881992188131E-16 ) ) ;
#3661 = CARTESIAN_POINT ( 'NONE',  ( -0.000000000000000000, 0.02297867386380209390, -8.393628246401922510 ) ) ;
#3662 = VERTEX_POINT ( 'NONE', #5739 ) ;
#3663 = CARTESIAN_POINT ( 'NONE',  ( 16.00000000000000000, 0.000000000000000000, 0.000000000000000000 ) ) ;
#3664 = CARTESIAN_POINT ( 'NONE',  ( 24.00000000000000000, 53.79894496530376813, -118.7342236949738066 ) ) ;
#3665 = ORIENTED_EDGE ( 'NONE', *, *, #10115, .T. ) ;
#3666 = LINE ( 'NONE', #7217, #9583 ) ;
#3667 = DIRECTION ( 'NONE',  ( -0.000000000000000000, 0.000000000000000000, 1.000000000000000000 ) ) ;
#3668 = EDGE_CURVE ( 'NONE', #6150, #5759, #4890, .T. ) ;
#3669 = DIRECTION ( 'NONE',  ( -1.000000000000000000, 0.000000000000000000, 0.000000000000000000 ) ) ;
#3670 = ORIENTED_EDGE ( 'NONE', *, *, #4487, .F. ) ;
#3671 = LINE ( 'NONE', #1939, #3830 ) ;
#3672 = CARTESIAN_POINT ( 'NONE',  ( 12.99999999999998757, 119.5000000000000284, -38.50000000000000711 ) ) ;
#3673 = VECTOR ( 'NONE', #7281, 1000.000000000000114 ) ;
#3674 = ORIENTED_EDGE ( 'NONE', *, *, #1565, .F. ) ;
#3675 = ORIENTED_EDGE ( 'NONE', *, *, #488, .T. ) ;
#3676 = CARTESIAN_POINT ( 'NONE',  ( 8.000000000000000000, 7.999999999999992895, -67.00000000000001421 ) ) ;
#3677 = EDGE_CURVE ( 'NONE', #39, #7124, #10286, .T. ) ;
#3678 = ORIENTED_EDGE ( 'NONE', *, *, #3981, .T. ) ;
#3679 = AXIS2_PLACEMENT_3D ( 'NONE', #7029, #8755, #4314 ) ;
#3680 = CARTESIAN_POINT ( 'NONE',  ( 8.000000000000007105, 119.5000000000000000, -67.00000000000000000 ) ) ;
#3681 = VECTOR ( 'NONE', #9356, 1000.000000000000000 ) ;
#3682 = ADVANCED_FACE ( 'NONE', ( #5797, #5682 ), #2924, .F. ) ;
#3683 = LINE ( 'NONE', #2134, #11054 ) ;
#3684 = ORIENTED_EDGE ( 'NONE', *, *, #11287, .T. ) ;
#3685 = CARTESIAN_POINT ( 'NONE',  ( 12.99999999999998757, 152.0000000000000000, -120.0000000000000142 ) ) ;
#3686 = DIRECTION ( 'NONE',  ( 0.000000000000000000, 0.000000000000000000, 1.000000000000000000 ) ) ;
#3687 = ORIENTED_EDGE ( 'NONE', *, *, #612, .T. ) ;
#3688 = CARTESIAN_POINT ( 'NONE',  ( 15.00000000000000178, 0.04356628226239084301, -122.0219033350652325 ) ) ;
#3689 = ORIENTED_EDGE ( 'NONE', *, *, #7313, .T. ) ;
#3690 = CARTESIAN_POINT ( 'NONE',  ( 16.00000000000000000, 64.23828822863977450, -28.51360740926766368 ) ) ;
#3691 = VECTOR ( 'NONE', #8695, 1000.000000000000000 ) ;
#3692 = VECTOR ( 'NONE', #6900, 1000.000000000000000 ) ;
#3693 = VERTEX_POINT ( 'NONE', #9452 ) ;
#3694 = DIRECTION ( 'NONE',  ( -2.434699615406045218E-16, 0.000000000000000000, -1.000000000000000000 ) ) ;
#3695 = CARTESIAN_POINT ( 'NONE',  ( 24.00000000000000000, 0.000000000000000000, 0.000000000000000000 ) ) ;
#3697 = ORIENTED_EDGE ( 'NONE', *, *, #7573, .F. ) ;
#3696 = LINE ( 'NONE', #2868, #6817 ) ;
#3698 = EDGE_CURVE ( 'NONE', #10675, #11796, #2575, .T. ) ;
#3699 = FACE_OUTER_BOUND ( 'NONE', #496, .T. ) ;
#3700 = CARTESIAN_POINT ( 'NONE',  ( 5.839999999999999858, 203.4716895539514780, -18.34688136388648516 ) ) ;
#3701 = EDGE_CURVE ( 'NONE', #7723, #2494, #6261, .T. ) ;
#3702 = CIRCLE ( 'NONE', #4838, 3.000000000000002665 ) ;
#3703 = VECTOR ( 'NONE', #2276, 1000.000000000000000 ) ;
#3704 = DIRECTION ( 'NONE',  ( 1.217349807703022609E-16, 0.000000000000000000, 1.000000000000000000 ) ) ;
#3705 = ORIENTED_EDGE ( 'NONE', *, *, #6679, .F. ) ;
#3706 = DIRECTION ( 'NONE',  ( 4.713731853622281881E-16, 0.000000000000000000, 1.000000000000000000 ) ) ;
#3707 = ORIENTED_EDGE ( 'NONE', *, *, #10284, .F. ) ;
#3708 = DIRECTION ( 'NONE',  ( 0.000000000000000000, -1.000000000000000000, -1.267377881992188377E-16 ) ) ;
#3709 = CARTESIAN_POINT ( 'NONE',  ( 6.999999999999999112, 226.9999999999999716, -8.000000000000001776 ) ) ;
#3710 = VECTOR ( 'NONE', #67, 1000.000000000000000 ) ;
#3711 = VECTOR ( 'NONE', #1720, 1000.000000000000000 ) ;
#3712 = DIRECTION ( 'NONE',  ( 0.000000000000000000, 0.000000000000000000, 1.000000000000000000 ) ) ;
#3713 = CARTESIAN_POINT ( 'NONE',  ( 14.86869354863676307, 203.4716895539514780, -75.45788136388648581 ) ) ;
#3714 = ADVANCED_FACE ( 'NONE', ( #4775 ), #9396, .T. ) ;
#3715 = CARTESIAN_POINT ( 'NONE',  ( 16.00000000000000000, 73.10504876423827625, -24.51360740926764592 ) ) ;
#3716 = CARTESIAN_POINT ( 'NONE',  ( 3.851859888774471706E-31, 226.9999999999999716, -8.000000000000001776 ) ) ;
#3717 = VECTOR ( 'NONE', #10680, 1000.000000000000000 ) ;
#3718 = CARTESIAN_POINT ( 'NONE',  ( 14.99999999999999822, 227.1118176867174725, -0.04931381778093771318 ) ) ;
#3719 = DIRECTION ( 'NONE',  ( -1.000000000000000000, -0.000000000000000000, -0.000000000000000000 ) ) ;
#3720 = ORIENTED_EDGE ( 'NONE', *, *, #9611, .T. ) ;
#3721 = ORIENTED_EDGE ( 'NONE', *, *, #9096, .F. ) ;
#3722 = CARTESIAN_POINT ( 'NONE',  ( 15.75000000000000000, 10.00000000000000000, 0.000000000000000000 ) ) ;
#3723 = CARTESIAN_POINT ( 'NONE',  ( 22.50000000000002842, 35.75328822863979639, -118.5699999999999932 ) ) ;
#3724 = ORIENTED_EDGE ( 'NONE', *, *, #6618, .F. ) ;
#3725 = FACE_OUTER_BOUND ( 'NONE', #10698, .T. ) ;
#3726 = DIRECTION ( 'NONE',  ( 0.000000000000000000, 0.000000000000000000, -1.000000000000000000 ) ) ;
#3727 = VECTOR ( 'NONE', #4660, 1000.000000000000000 ) ;
#3728 = ORIENTED_EDGE ( 'NONE', *, *, #1839, .T. ) ;
#3729 = ADVANCED_FACE ( 'NONE', ( #3880 ), #6592, .F. ) ;
#3730 = CARTESIAN_POINT ( 'NONE',  ( 8.000000000000000000, 7.999999999999992895, -120.0000000000000284 ) ) ;
#3731 = CARTESIAN_POINT ( 'NONE',  ( 3.851859888774471706E-31, 117.5000000000000000, -122.0000000000000000 ) ) ;
#3732 = CARTESIAN_POINT ( 'NONE',  ( 10.29889642673287398, 34.09001809963149299, -109.7317664773598125 ) ) ;
#3733 = DIRECTION ( 'NONE',  ( 0.000000000000000000, 0.000000000000000000, 1.000000000000000000 ) ) ;
#3734 = ORIENTED_EDGE ( 'NONE', *, *, #4275, .T. ) ;
#3735 = AXIS2_PLACEMENT_3D ( 'NONE', #9166, #4419, #3712 ) ;
#3736 = VERTEX_POINT ( 'NONE', #11002 ) ;
#3737 = CARTESIAN_POINT ( 'NONE',  ( 12.95843050365776072, 35.10970364866715698, -119.2653260760224327 ) ) ;
#3738 = EDGE_CURVE ( 'NONE', #4699, #6581, #1233, .T. ) ;
#3739 = VERTEX_POINT ( 'NONE', #11120 ) ;
#3740 = CARTESIAN_POINT ( 'NONE',  ( 13.00000000000000178, 226.9999999999999716, -66.99999999999998579 ) ) ;
#3741 = AXIS2_PLACEMENT_3D ( 'NONE', #3756, #2983, #2920 ) ;
#3742 = ORIENTED_EDGE ( 'NONE', *, *, #9664, .T. ) ;
#3743 = DIRECTION ( 'NONE',  ( -1.000000000000000000, 0.000000000000000000, 0.000000000000000000 ) ) ;
#3744 = DIRECTION ( 'NONE',  ( -1.000000000000000000, 1.267377881992188377E-16, 1.638342670903701786E-32 ) ) ;
#3745 = VECTOR ( 'NONE', #6572, 1000.000000000000000 ) ;
#3746 = CARTESIAN_POINT ( 'NONE',  ( -0.000000000000000000, 226.9667967126743235, -0.04030434950313121351 ) ) ;
#3747 = ORIENTED_EDGE ( 'NONE', *, *, #1041, .T. ) ;
#3748 = CARTESIAN_POINT ( 'NONE',  ( 24.00000000000000000, 41.43008558386880935, -130.0000000000000000 ) ) ;
#3749 = ORIENTED_EDGE ( 'NONE', *, *, #1927, .T. ) ;
#3750 = CARTESIAN_POINT ( 'NONE',  ( 6.999999999999999112, 226.9999999999999716, -121.9999999999999716 ) ) ;
#3751 = EDGE_CURVE ( 'NONE', #4369, #2032, #193, .T. ) ;
#3752 = ORIENTED_EDGE ( 'NONE', *, *, #5740, .F. ) ;
#3753 = VERTEX_POINT ( 'NONE', #9211 ) ;
#3754 = CARTESIAN_POINT ( 'NONE',  ( 0.000000000000000000, 152.0000000000000000, 0.000000000000000000 ) ) ;
#3755 = VECTOR ( 'NONE', #2571, 1000.000000000000114 ) ;
#3757 = VERTEX_POINT ( 'NONE', #5559 ) ;
#3756 = CARTESIAN_POINT ( 'NONE',  ( 0.000000000000000000, 152.0000000000000000, 0.000000000000000000 ) ) ;
#3758 = DIRECTION ( 'NONE',  ( 0.000000000000000000, 1.267377881992188131E-16, -1.000000000000000000 ) ) ;
#3759 = CARTESIAN_POINT ( 'NONE',  ( 24.00000000000000000, 37.25328822863976796, -109.9800000000000040 ) ) ;
#3760 = DIRECTION ( 'NONE',  ( 0.000000000000000000, 0.000000000000000000, -1.000000000000000000 ) ) ;
#3761 = ORIENTED_EDGE ( 'NONE', *, *, #9357, .T. ) ;
#3762 = LINE ( 'NONE', #1074, #5687 ) ;
#3763 = ORIENTED_EDGE ( 'NONE', *, *, #7729, .F. ) ;
#3764 = DIRECTION ( 'NONE',  ( -1.000000000000000000, -0.000000000000000000, -0.000000000000000000 ) ) ;
#3765 = AXIS2_PLACEMENT_3D ( 'NONE', #131, #2875, #4652 ) ;
#3766 = ORIENTED_EDGE ( 'NONE', *, *, #409, .F. ) ;
#3767 = DIRECTION ( 'NONE',  ( 0.000000000000000000, 0.000000000000000000, 1.000000000000000000 ) ) ;
#3768 = EDGE_CURVE ( 'NONE', #3370, #4971, #6533, .T. ) ;
#3769 = EDGE_CURVE ( 'NONE', #3933, #8399, #8310, .T. ) ;
#3770 = CARTESIAN_POINT ( 'NONE',  ( 8.000000000000000000, 217.0000000000000284, -74.75000000000000000 ) ) ;
#3771 = AXIS2_PLACEMENT_3D ( 'NONE', #787, #9938, #7847 ) ;
#3772 = VECTOR ( 'NONE', #2844, 1000.000000000000000 ) ;
#3773 = CARTESIAN_POINT ( 'NONE',  ( 0.000000000000000000, 188.5000000000000000, -9.999999999999989342 ) ) ;
#3774 = DIRECTION ( 'NONE',  ( -1.000000000000000000, 0.000000000000000000, 0.000000000000000000 ) ) ;
#3775 = DIRECTION ( 'NONE',  ( 0.000000000000000000, 0.000000000000000000, -1.000000000000000000 ) ) ;
#3776 = CARTESIAN_POINT ( 'NONE',  ( 8.000000000000000000, 0.000000000000000000, 0.000000000000000000 ) ) ;
#3777 = ORIENTED_EDGE ( 'NONE', *, *, #7453, .T. ) ;
#3778 = CARTESIAN_POINT ( 'NONE',  ( 10.24999999999523048, 10.00000000000000000, 0.000000000000000000 ) ) ;
#3779 = ORIENTED_EDGE ( 'NONE', *, *, #10819, .T. ) ;
#3780 = CARTESIAN_POINT ( 'NONE',  ( 4.750000000000000000, 8.318019484660531759, -130.0000000000000000 ) ) ;
#3781 = VECTOR ( 'NONE', #4727, 1000.000000000000000 ) ;
#3782 = CIRCLE ( 'NONE', #8941, 3.000000000000002665 ) ;
#3783 = VECTOR ( 'NONE', #418, 1000.000000000000000 ) ;
#3784 = ADVANCED_FACE ( 'NONE', ( #6649 ), #11063, .F. ) ;
#3785 = CARTESIAN_POINT ( 'NONE',  ( 24.00000000000000000, 39.67763149197581640, -118.7342236949735792 ) ) ;
#3786 = VECTOR ( 'NONE', #4535, 1000.000000000000000 ) ;
#3787 = DIRECTION ( 'NONE',  ( 0.000000000000000000, 0.000000000000000000, 1.000000000000000000 ) ) ;
#3788 = AXIS2_PLACEMENT_3D ( 'NONE', #342, #5781, #10383 ) ;
#3789 = VECTOR ( 'NONE', #1167, 1000.000000000000114 ) ;
#3790 = DIRECTION ( 'NONE',  ( 0.000000000000000000, 0.000000000000000000, -1.000000000000000000 ) ) ;
#3791 = VERTEX_POINT ( 'NONE', #1187 ) ;
#3792 = CARTESIAN_POINT ( 'NONE',  ( 6.999999999999999112, 117.5000000000000000, -8.000000000000015987 ) ) ;
#3793 = CARTESIAN_POINT ( 'NONE',  ( 8.000000000000000000, 188.4999999999999432, -120.0000000000000000 ) ) ;
#3794 = VERTEX_POINT ( 'NONE', #9271 ) ;
#3795 = CARTESIAN_POINT ( 'NONE',  ( 8.000000000000000000, 42.49999999999998579, -63.00000000000001421 ) ) ;
#3796 = EDGE_CURVE ( 'NONE', #9123, #2675, #4831, .T. ) ;
#3797 = AXIS2_PLACEMENT_3D ( 'NONE', #1328, #2241, #2181 ) ;
#3798 = ORIENTED_EDGE ( 'NONE', *, *, #11012, .F. ) ;
#3799 = DIRECTION ( 'NONE',  ( -1.000000000000000000, 0.000000000000000000, 0.000000000000000000 ) ) ;
#3800 =( NAMED_UNIT ( * ) PLANE_ANGLE_UNIT ( ) SI_UNIT ( $, .RADIAN. ) );
#3801 = ORIENTED_EDGE ( 'NONE', *, *, #11601, .T. ) ;
#3802 = LINE ( 'NONE', #8410, #1487 ) ;
#3803 = CARTESIAN_POINT ( 'NONE',  ( 13.00000000000001243, 156.0000000000000000, -14.11008170117470861 ) ) ;
#3804 = EDGE_CURVE ( 'NONE', #7623, #7751, #1809, .T. ) ;
#3805 = DIRECTION ( 'NONE',  ( -1.000000000000000000, 0.000000000000000000, 0.000000000000000000 ) ) ;
#3806 = ORIENTED_EDGE ( 'NONE', *, *, #7502, .T. ) ;
#3807 = CARTESIAN_POINT ( 'NONE',  ( 8.000000000000000000, 119.5000000000000000, -122.0000000000000000 ) ) ;
#3808 = ORIENTED_EDGE ( 'NONE', *, *, #8838, .F. ) ;
#3809 = CARTESIAN_POINT ( 'NONE',  ( 11.35418164575955657, 152.0000000000000000, -13.95931037301546240 ) ) ;
#3810 = ADVANCED_FACE ( 'NONE', ( #4205 ), #11406, .F. ) ;
#3811 = ORIENTED_EDGE ( 'NONE', *, *, #10195, .T. ) ;
#3812 = VERTEX_POINT ( 'NONE', #11520 ) ;
#3813 = AXIS2_PLACEMENT_3D ( 'NONE', #1175, #1235, #7534 ) ;
#3815 = ORIENTED_EDGE ( 'NONE', *, *, #5583, .F. ) ;
#3814 = CARTESIAN_POINT ( 'NONE',  ( 56.31128874149275276, 35.23828822863978161, -34.51360740926766368 ) ) ;
#3816 = DIRECTION ( 'NONE',  ( 0.000000000000000000, 0.000000000000000000, -1.000000000000000000 ) ) ;
#3817 = CARTESIAN_POINT ( 'NONE',  ( 6.999999999999999112, 8.000000000000000000, -122.0000000000000000 ) ) ;
#3818 = DIRECTION ( 'NONE',  ( 0.000000000000000000, 0.000000000000000000, -1.000000000000000000 ) ) ;
#3819 = EDGE_CURVE ( 'NONE', #916, #812, #10402, .T. ) ;
#3820 = ORIENTED_EDGE ( 'NONE', *, *, #11566, .F. ) ;
#3821 = CARTESIAN_POINT ( 'NONE',  ( 14.99999999999999822, 7.551432062655107025, -0.07102876826125571752 ) ) ;
#3822 = ORIENTED_EDGE ( 'NONE', *, *, #11371, .F. ) ;
#3823 = CARTESIAN_POINT ( 'NONE',  ( 5.839999999999999858, 135.9280050152813999, -91.79355645757715365 ) ) ;
#3824 = AXIS2_PLACEMENT_3D ( 'NONE', #3305, #6975, #2255 ) ;
#3825 = ORIENTED_EDGE ( 'NONE', *, *, #2067, .T. ) ;
#3826 = LINE ( 'NONE', #6481, #9065 ) ;
#3827 = ORIENTED_EDGE ( 'NONE', *, *, #1868, .F. ) ;
#3828 = EDGE_CURVE ( 'NONE', #10082, #3639, #10788, .T. ) ;
#3829 = FACE_OUTER_BOUND ( 'NONE', #5594, .T. ) ;
#3830 = VECTOR ( 'NONE', #377, 1000.000000000000000 ) ;
#3831 = DIRECTION ( 'NONE',  ( -0.9383655030301724098, -0.3456445901832279621, -4.380623086284773000E-17 ) ) ;
#3832 = CARTESIAN_POINT ( 'NONE',  ( 14.86869354863676307, 130.8480050152814158, -37.61255645757714206 ) ) ;
#3833 = CARTESIAN_POINT ( 'NONE',  ( -0.000000000000000000, 7.588048092398238076, -0.07162475718804772740 ) ) ;
#3834 = EDGE_CURVE ( 'NONE', #1543, #51, #5034, .T. ) ;
#3835 = ADVANCED_FACE ( 'NONE', ( #3316 ), #6765, .F. ) ;
#3836 = FACE_OUTER_BOUND ( 'NONE', #9023, .T. ) ;
#3837 = CARTESIAN_POINT ( 'NONE',  ( 15.00000000000000000, 226.9999999999999716, -121.9999999999999716 ) ) ;
#3838 = ORIENTED_EDGE ( 'NONE', *, *, #10547, .T. ) ;
#3839 = ORIENTED_EDGE ( 'NONE', *, *, #8062, .T. ) ;
#3840 = CARTESIAN_POINT ( 'NONE',  ( 12.00000000000000711, -0.001000000000001000089, -118.9800000000000182 ) ) ;
#3841 = VERTEX_POINT ( 'NONE', #3157 ) ;
#3842 = VECTOR ( 'NONE', #11221, 1000.000000000000000 ) ;
#3843 = LINE ( 'NONE', #4613, #10752 ) ;
#3844 = FACE_OUTER_BOUND ( 'NONE', #9943, .T. ) ;
#3845 = DIRECTION ( 'NONE',  ( 1.000000000000000000, -0.000000000000000000, -0.000000000000000000 ) ) ;
#3846 = EDGE_CURVE ( 'NONE', #5501, #2462, #10618, .T. ) ;
#3847 = EDGE_CURVE ( 'NONE', #658, #8722, #518, .T. ) ;
#3848 = CARTESIAN_POINT ( 'NONE',  ( 11.06891820560791828, 34.42607075317047105, -119.3448104879956446 ) ) ;
#3849 = ORIENTED_EDGE ( 'NONE', *, *, #6531, .T. ) ;
#3850 = DIRECTION ( 'NONE',  ( 1.217349807703022609E-16, 0.000000000000000000, 1.000000000000000000 ) ) ;
#3851 = ORIENTED_EDGE ( 'NONE', *, *, #245, .T. ) ;
#3852 = PLANE ( 'NONE',  #6360 ) ;
#3853 = VERTEX_POINT ( 'NONE', #6081 ) ;
#3854 = DIRECTION ( 'NONE',  ( 0.000000000000000000, 1.000000000000000000, -0.000000000000000000 ) ) ;
#3855 = AXIS2_PLACEMENT_3D ( 'NONE', #562, #4193, #11506 ) ;
#3856 = VERTEX_POINT ( 'NONE', #9612 ) ;
#3857 = CARTESIAN_POINT ( 'NONE',  ( 15.00000000000000000, 231.8921151137916183, -128.7108631223698012 ) ) ;
#3858 = APPLICATION_CONTEXT ( 'automotive_design' ) ;
#3859 = APPLICATION_PROTOCOL_DEFINITION ( 'draft international standard', 'automotive_design', 1998, #3858 ) ;
#3860 = ADVANCED_FACE ( 'NONE', ( #11463 ), #6023, .T. ) ;
#3861 = ORIENTED_EDGE ( 'NONE', *, *, #4651, .F. ) ;
#3862 = CARTESIAN_POINT ( 'NONE',  ( 8.000000000000000000, 135.9261055670181690, -38.50000000000000711 ) ) ;
#3863 = CARTESIAN_POINT ( 'NONE',  ( 8.000000000000000000, 60.22328822863980236, -118.5699999999999932 ) ) ;
#3864 = ORIENTED_EDGE ( 'NONE', *, *, #8582, .F. ) ;
#3865 = LINE ( 'NONE', #10208, #4523 ) ;
#3866 = EDGE_LOOP ( 'NONE', ( #7343, #9370, #7626, #6641, #5066, #6776, #4872, #10626 ) ) ;
#3867 = CARTESIAN_POINT ( 'NONE',  ( 8.000000000000000000, 17.99999999999998934, -52.50000000000003553 ) ) ;
#3868 = ORIENTED_EDGE ( 'NONE', *, *, #3502, .F. ) ;
#3869 = ORIENTED_EDGE ( 'NONE', *, *, #4350, .T. ) ;
#3870 = CYLINDRICAL_SURFACE ( 'NONE', #8862, 0.8890000000000009006 ) ;
#3871 = ORIENTED_EDGE ( 'NONE', *, *, #10628, .F. ) ;
#3872 = CIRCLE ( 'NONE', #8459, 2.750000000000000888 ) ;
#3873 = DIRECTION ( 'NONE',  ( -0.000000000000000000, -0.000000000000000000, 1.000000000000000000 ) ) ;
#3874 = VERTEX_POINT ( 'NONE', #9663 ) ;
#3875 = EDGE_CURVE ( 'NONE', #9134, #11612, #1520, .T. ) ;
#3876 = DIRECTION ( 'NONE',  ( 1.217349807703022609E-16, 0.000000000000000000, 1.000000000000000000 ) ) ;
#3877 = DIRECTION ( 'NONE',  ( 0.3420201433256633283, 0.9285257543539330305, -0.1444373395661677217 ) ) ;
#3878 = CARTESIAN_POINT ( 'NONE',  ( 7.990000000000000213, 20.75000000000000000, -77.50000000000008527 ) ) ;
#3879 = EDGE_CURVE ( 'NONE', #2662, #2811, #5961, .T. ) ;
#3880 = FACE_OUTER_BOUND ( 'NONE', #8493, .T. ) ;
#3881 = ORIENTED_EDGE ( 'NONE', *, *, #519, .F. ) ;
#3882 = VECTOR ( 'NONE', #9125, 1000.000000000000000 ) ;
#3883 = CARTESIAN_POINT ( 'NONE',  ( 14.99999999999999822, 7.930236141644201986, -0.04655870106444354867 ) ) ;
#3884 = ORIENTED_EDGE ( 'NONE', *, *, #10981, .T. ) ;
#3885 = LINE ( 'NONE', #10292, #2110 ) ;
#3886 = CARTESIAN_POINT ( 'NONE',  ( 16.00000000000000000, 203.4716895539514780, -14.45788136388648226 ) ) ;
#3887 = ORIENTED_EDGE ( 'NONE', *, *, #612, .F. ) ;
#3888 = ADVANCED_FACE ( 'NONE', ( #5851 ), #3992, .T. ) ;
#3889 = VECTOR ( 'NONE', #4602, 1000.000000000000000 ) ;
#3890 = PLANE ( 'NONE',  #6214 ) ;
#3891 = CIRCLE ( 'NONE', #5412, 6.119999999999986784 ) ;
#3892 = PLANE ( 'NONE',  #499 ) ;
#3893 = FACE_BOUND ( 'NONE', #4882, .T. ) ;
#3894 = CARTESIAN_POINT ( 'NONE',  ( 8.000000000000000000, 7.999999999999992895, -67.00000000000001421 ) ) ;
#3895 = DIRECTION ( 'NONE',  ( -1.000000000000000000, 0.000000000000000000, 0.000000000000000000 ) ) ;
#3896 = CARTESIAN_POINT ( 'NONE',  ( 11.00000000000000711, 59.10387585112115261, -118.9800000000000182 ) ) ;
#3897 = EDGE_CURVE ( 'NONE', #2078, #9310, #1456, .T. ) ;
#3898 = ORIENTED_EDGE ( 'NONE', *, *, #1448, .T. ) ;
#3899 = VERTEX_POINT ( 'NONE', #7821 ) ;
#3900 = CYLINDRICAL_SURFACE ( 'NONE', #4070, 1.000000000000000888 ) ;
#3901 = CIRCLE ( 'NONE', #10969, 6.120000000000000107 ) ;
#3902 = EDGE_LOOP ( 'NONE', ( #856, #1007, #2531, #8713, #6414 ) ) ;
#3903 = AXIS2_PLACEMENT_3D ( 'NONE', #17, #2930, #9216 ) ;
#3904 = EDGE_CURVE ( 'NONE', #9128, #3841, #5115, .T. ) ;
#3905 = ORIENTED_EDGE ( 'NONE', *, *, #10232, .F. ) ;
#3906 = VECTOR ( 'NONE', #6878, 1000.000000000000000 ) ;
#3907 = CARTESIAN_POINT ( 'NONE',  ( 15.00000000000000000, 226.9999999999999716, -8.000000000000001776 ) ) ;
#3908 = AXIS2_PLACEMENT_3D ( 'NONE', #9024, #4460, #11768 ) ;
#3909 = CARTESIAN_POINT ( 'NONE',  ( 56.31128874149275276, 73.10504876423827625, -24.51360740926764592 ) ) ;
#3910 = DIRECTION ( 'NONE',  ( 0.000000000000000000, 0.000000000000000000, 1.000000000000000000 ) ) ;
#3911 = EDGE_LOOP ( 'NONE', ( #9379, #10974, #1287, #9453, #9161 ) ) ;
#3912 = CYLINDRICAL_SURFACE ( 'NONE', #5099, 8.000000000000007105 ) ;
#3913 = ORIENTED_EDGE ( 'NONE', *, *, #2484, .T. ) ;
#3914 = EDGE_LOOP ( 'NONE', ( #142, #7936, #582, #313 ) ) ;
#3915 = CARTESIAN_POINT ( 'NONE',  ( 14.87634217800315994, 35.80361154891890862, -119.1846470130656712 ) ) ;
#3916 = CIRCLE ( 'NONE', #3528, 3.000000000000002665 ) ;
#3917 = ADVANCED_FACE ( 'NONE', ( #9507 ), #1301, .T. ) ;
#3918 = ADVANCED_FACE ( 'NONE', ( #4047 ), #7702, .F. ) ;
#3919 = ORIENTED_EDGE ( 'NONE', *, *, #3108, .T. ) ;
#3920 = CARTESIAN_POINT ( 'NONE',  ( 14.99999999999999822, 226.8523284361074843, -129.9658986701701622 ) ) ;
#3921 = CARTESIAN_POINT ( 'NONE',  ( 8.000000000000000000, 82.99999999999995737, -10.00000000000000533 ) ) ;
#3922 = VERTEX_POINT ( 'NONE', #5909 ) ;
#3923 = AXIS2_PLACEMENT_3D ( 'NONE', #2760, #3530, #8920 ) ;
#3924 = DIRECTION ( 'NONE',  ( 0.000000000000000000, 0.000000000000000000, 1.000000000000000000 ) ) ;
#3925 = CARTESIAN_POINT ( 'NONE',  ( 56.31128874149275276, 154.4716895539514496, -20.45788136388649292 ) ) ;
#3926 = ORIENTED_EDGE ( 'NONE', *, *, #6051, .F. ) ;
#3927 = LINE ( 'NONE', #8413, #2814 ) ;
#3928 = ORIENTED_EDGE ( 'NONE', *, *, #8986, .T. ) ;
#3929 = DIRECTION ( 'NONE',  ( -1.267377881992188131E-16, -1.000000000000000000, -1.267377881992188131E-16 ) ) ;
#3930 = VERTEX_POINT ( 'NONE', #878 ) ;
#3931 = CARTESIAN_POINT ( 'NONE',  ( 16.00000000000000000, 154.4716895539514496, -75.45788136388650003 ) ) ;
#3932 = CARTESIAN_POINT ( 'NONE',  ( 8.000000000000000000, 82.99999999999995737, -67.00000000000000000 ) ) ;
#3933 = VERTEX_POINT ( 'NONE', #7298 ) ;
#3934 = LINE ( 'NONE', #5338, #6141 ) ;
#3935 = ADVANCED_FACE ( 'NONE', ( #3629, #1649 ), #4333, .T. ) ;
#3936 = AXIS2_PLACEMENT_3D ( 'NONE', #11241, #2091, #6468 ) ;
#3937 = CARTESIAN_POINT ( 'NONE',  ( 15.75000000000000000, 232.0710678118654755, -0.7169191983608350638 ) ) ;
#3938 = ORIENTED_EDGE ( 'NONE', *, *, #7569, .F. ) ;
#3939 = DIRECTION ( 'NONE',  ( -1.000000000000000000, 0.000000000000000000, 0.000000000000000000 ) ) ;
#3940 = FACE_OUTER_BOUND ( 'NONE', #8137, .T. ) ;
#3941 = CARTESIAN_POINT ( 'NONE',  ( 12.98604631900890993, 58.36396493753851900, -119.1725625957793966 ) ) ;
#3942 = EDGE_LOOP ( 'NONE', ( #6585, #3724, #256, #10214 ) ) ;
#3943 = DIRECTION ( 'NONE',  ( 0.000000000000000000, -1.000000000000000000, 0.000000000000000000 ) ) ;
#3944 = VERTEX_POINT ( 'NONE', #7173 ) ;
#3945 = AXIS2_PLACEMENT_3D ( 'NONE', #2676, #4511, #5356 ) ;
#3946 = DIRECTION ( 'NONE',  ( -2.434699615406045218E-16, 0.000000000000000000, -1.000000000000000000 ) ) ;
#3947 = CARTESIAN_POINT ( 'NONE',  ( 0.000000000000000000, 115.4999999999999858, 0.000000000000000000 ) ) ;
#3948 = CIRCLE ( 'NONE', #5076, 5.500000000000032863 ) ;
#3949 = VERTEX_POINT ( 'NONE', #4268 ) ;
#3950 = EDGE_CURVE ( 'NONE', #8775, #3584, #1581, .T. ) ;
#3952 = VERTEX_POINT ( 'NONE', #10810 ) ;
#3951 = CARTESIAN_POINT ( 'NONE',  ( 8.000000000000000000, 20.37152769304129762, -24.51360740926765658 ) ) ;
#3953 = LINE ( 'NONE', #11195, #6663 ) ;
#3954 = DIRECTION ( 'NONE',  ( -1.000000000000000000, -0.000000000000000000, -0.000000000000000000 ) ) ;
#3955 = DIRECTION ( 'NONE',  ( 0.000000000000000000, 0.000000000000000000, 1.000000000000000000 ) ) ;
#3956 = VECTOR ( 'NONE', #6836, 1000.000000000000000 ) ;
#3957 = DIRECTION ( 'NONE',  ( -1.000000000000000000, 0.000000000000000000, 0.000000000000000000 ) ) ;
#3958 = LINE ( 'NONE', #7622, #8370 ) ;
#3959 = B_SPLINE_CURVE_WITH_KNOTS ( 'NONE', 3,
 ( #9856, #7, #8069, #3640 ),
 .UNSPECIFIED., .F., .F.,
 ( 4, 4 ),
 ( 0.01205836115780747030, 0.01737936763294102571 ),
 .UNSPECIFIED. ) ;
#3960 = EDGE_CURVE ( 'NONE', #10100, #791, #7233, .T. ) ;
#3961 = ORIENTED_EDGE ( 'NONE', *, *, #7791, .T. ) ;
#3962 = DIRECTION ( 'NONE',  ( 0.000000000000000000, 0.000000000000000000, 1.000000000000000000 ) ) ;
#3963 = ORIENTED_EDGE ( 'NONE', *, *, #4570, .F. ) ;
#3964 = DIRECTION ( 'NONE',  ( 0.000000000000000000, 0.000000000000000000, -1.000000000000000000 ) ) ;
#3965 = CARTESIAN_POINT ( 'NONE',  ( 14.86869354863674175, 29.23828822863977805, -28.51360740926766368 ) ) ;
#3966 = VECTOR ( 'NONE', #5699, 1000.000000000000000 ) ;
#3967 = ORIENTED_EDGE ( 'NONE', *, *, #1471, .F. ) ;
#3968 = EDGE_CURVE ( 'NONE', #10100, #7959, #11834, .T. ) ;
#3969 = AXIS2_PLACEMENT_3D ( 'NONE', #2605, #6195, #11754 ) ;
#3970 = CIRCLE ( 'NONE', #725, 2.750000000000002665 ) ;
#3971 = FACE_OUTER_BOUND ( 'NONE', #611, .T. ) ;
#3972 = VERTEX_POINT ( 'NONE', #9081 ) ;
#3973 = CARTESIAN_POINT ( 'NONE',  ( 8.000000000000000000, 217.0000000000000284, -58.61999999999999034 ) ) ;
#3974 = ADVANCED_FACE ( 'NONE', ( #8058 ), #6272, .F. ) ;
#3975 = CIRCLE ( 'NONE', #5110, 5.500000000000032863 ) ;
#3976 = CIRCLE ( 'NONE', #10656, 0.8890000000000009006 ) ;
#3977 = DIRECTION ( 'NONE',  ( 0.000000000000000000, 0.000000000000000000, -1.000000000000000000 ) ) ;
#3978 = ORIENTED_EDGE ( 'NONE', *, *, #7791, .F. ) ;
#3979 = DIRECTION ( 'NONE',  ( -1.000000000000000000, 0.000000000000000000, 0.000000000000000000 ) ) ;
#3980 = CARTESIAN_POINT ( 'NONE',  ( 14.86869354863676307, 30.73828822863979582, -55.48000000000000398 ) ) ;
#3981 = EDGE_CURVE ( 'NONE', #10333, #872, #3144, .T. ) ;
#3982 = ORIENTED_EDGE ( 'NONE', *, *, #2795, .T. ) ;
#3983 = EDGE_CURVE ( 'NONE', #8830, #8773, #475, .T. ) ;
#3984 = DIRECTION ( 'NONE',  ( -0.9396926207859105373, 4.188538737676915344E-17, -0.3420201433256624957 ) ) ;
#3985 = LINE ( 'NONE', #9816, #9237 ) ;
#3986 = AXIS2_PLACEMENT_3D ( 'NONE', #1113, #9375, #9922 ) ;
#3987 = EDGE_LOOP ( 'NONE', ( #7980, #8486 ) ) ;
#3988 = CARTESIAN_POINT ( 'NONE',  ( 0.000000000000000000, 117.5000000000000000, -10.75000000000001066 ) ) ;
#3989 = ORIENTED_EDGE ( 'NONE', *, *, #5580, .T. ) ;
#3990 = DIRECTION ( 'NONE',  ( -1.000000000000000000, 0.000000000000000000, 0.000000000000000000 ) ) ;
#3991 = DIRECTION ( 'NONE',  ( -1.000000000000000000, 0.000000000000000000, 0.000000000000000000 ) ) ;
#3992 = PLANE ( 'NONE',  #9633 ) ;
#3993 = ORIENTED_EDGE ( 'NONE', *, *, #8143, .T. ) ;
#3994 = EDGE_CURVE ( 'NONE', #6813, #1959, #11358, .T. ) ;
#3995 = DIRECTION ( 'NONE',  ( 0.000000000000000000, -1.000000000000000000, 0.000000000000000000 ) ) ;
#3996 = EDGE_LOOP ( 'NONE', ( #4003, #4812, #6153, #1073 ) ) ;
#3997 = CARTESIAN_POINT ( 'NONE',  ( 3.300000000000000711, 20.37152769304129407, -24.51360740926765658 ) ) ;
#3998 = LINE ( 'NONE', #311, #11730 ) ;
#3999 = VECTOR ( 'NONE', #7707, 1000.000000000000000 ) ;
#4000 = EDGE_LOOP ( 'NONE', ( #7038, #5872, #2876, #3523, #1557, #5725 ) ) ;
#4001 = B_SPLINE_SURFACE_WITH_KNOTS ( 'NONE', 5, 3, ( 
 ( #1500, #2469, #7089, #9704 ),
 ( #10339, #6001, #9446, #1240 ),
 ( #4311, #10724, #2533, #301 ),
 ( #3937, #7600, #4884, #8542 ),
 ( #9647, #7801, #11445, #3246 ),
 ( #8644, #567, #4196, #11572 ),
 ( #5839, #6868, #4140, #449 ),
 ( #2359, #4034, #4933, #7863 ) ),
 .UNSPECIFIED., .F., .F., .F.,
 ( 6, 2, 6 ),
 ( 4, 4 ),
 ( 0.000000000000000000, 0.5000000000000000000, 1.000000000000000000 ),
 ( -0.007749999999999999077, 0.008750000000000000833 ),
 .UNSPECIFIED. ) ;
#4003 = ORIENTED_EDGE ( 'NONE', *, *, #5524, .F. ) ;
#4002 = CARTESIAN_POINT ( 'NONE',  ( -0.000000000000000000, 8.147671564234697072, -129.9658986701701906 ) ) ;
#4004 = CARTESIAN_POINT ( 'NONE',  ( 11.36473137403326561, 139.1467379295363855, -95.50000000000001421 ) ) ;
#4005 = AXIS2_PLACEMENT_3D ( 'NONE', #9400, #6596, #310 ) ;
#4006 = CARTESIAN_POINT ( 'NONE',  ( 12.99999999999997868, 46.50000000000004263, -95.50000000000001421 ) ) ;
#4007 = CARTESIAN_POINT ( 'NONE',  ( -0.000000000000000000, 0.3250135059101285639, -5.879950807330090790 ) ) ;
#4008 = EDGE_CURVE ( 'NONE', #11152, #2234, #7171, .T. ) ;
#4009 = CYLINDRICAL_SURFACE ( 'NONE', #6645, 2.750000000000002665 ) ;
#4010 = CARTESIAN_POINT ( 'NONE',  ( 14.86869354863674175, 64.23828822863977450, -20.51360740926767079 ) ) ;
#4011 = CARTESIAN_POINT ( 'NONE',  ( 5.839999999999999858, 130.8480050152814158, -40.61255645757714916 ) ) ;
#4012 = ORIENTED_EDGE ( 'NONE', *, *, #5300, .F. ) ;
#4013 = ORIENTED_EDGE ( 'NONE', *, *, #642, .F. ) ;
#4014 = DIRECTION ( 'NONE',  ( -1.000000000000000000, -0.000000000000000000, -0.000000000000000000 ) ) ;
#4015 = ORIENTED_EDGE ( 'NONE', *, *, #1510, .T. ) ;
#4016 = VECTOR ( 'NONE', #704, 1000.000000000000000 ) ;
#4017 = CARTESIAN_POINT ( 'NONE',  ( 16.00000000000000000, 130.8480050152814158, -40.61255645757714916 ) ) ;
#4018 = LINE ( 'NONE', #10127, #1721 ) ;
#4019 = EDGE_CURVE ( 'NONE', #8916, #10448, #7998, .T. ) ;
#4020 = DIRECTION ( 'NONE',  ( 1.000000000000000000, -0.000000000000000000, -0.000000000000000000 ) ) ;
#4021 = ADVANCED_FACE ( 'NONE', ( #11648 ), #10027, .F. ) ;
#4022 = FACE_BOUND ( 'NONE', #10389, .T. ) ;
#4023 = AXIS2_PLACEMENT_3D ( 'NONE', #2670, #1762, #3615 ) ;
#4024 = EDGE_LOOP ( 'NONE', ( #11504, #4161, #9264, #3721, #852, #11481, #9642, #5214, #5269, #699 ) ) ;
#4025 = CARTESIAN_POINT ( 'NONE',  ( 8.000000000000000000, 235.0000000000000000, 0.000000000000000000 ) ) ;
#4026 = ORIENTED_EDGE ( 'NONE', *, *, #11552, .T. ) ;
#4027 = CARTESIAN_POINT ( 'NONE',  ( 8.000000000000003553, 156.0000000000000000, -91.50000000000000000 ) ) ;
#4028 = VECTOR ( 'NONE', #1662, 1000.000000000000000 ) ;
#4029 = EDGE_CURVE ( 'NONE', #1154, #8903, #1715, .T. ) ;
#4030 = CARTESIAN_POINT ( 'NONE',  ( 12.58578643762691485, 34.92237799263760678, -111.9799999999999898 ) ) ;
#4031 = CARTESIAN_POINT ( 'NONE',  ( 13.00000000000001421, 10.00000000000000711, -8.000000000000001776 ) ) ;
#4032 = LINE ( 'NONE', #5103, #8335 ) ;
#4033 = ORIENTED_EDGE ( 'NONE', *, *, #4244, .T. ) ;
#4034 = CARTESIAN_POINT ( 'NONE',  ( 10.24999999999523048, 235.0000000000000284, -10.00000000000000000 ) ) ;
#4035 = CARTESIAN_POINT ( 'NONE',  ( -0.000000000000000000, 227.0680105058688412, -0.04644721058050233636 ) ) ;
#4036 = CARTESIAN_POINT ( 'NONE',  ( 15.00000000000000533, 5.843758583631334602, -129.6669079913996825 ) ) ;
#4037 = ADVANCED_FACE ( 'NONE', ( #5358 ), #10744, .T. ) ;
#4038 = CARTESIAN_POINT ( 'NONE',  ( 5.839999999999999858, 30.73828822863979937, -106.4799999999999898 ) ) ;
#4039 = ORIENTED_EDGE ( 'NONE', *, *, #7908, .T. ) ;
#4040 = PLANE ( 'NONE',  #7165 ) ;
#4041 = PLANE ( 'NONE',  #1525 ) ;
#4042 = CARTESIAN_POINT ( 'NONE',  ( 12.99999999999998757, 119.5000000000000000, -122.0000000000000000 ) ) ;
#4043 = EDGE_CURVE ( 'NONE', #1701, #9619, #10410, .T. ) ;
#4044 = VECTOR ( 'NONE', #6802, 1000.000000000000000 ) ;
#4045 = LINE ( 'NONE', #2267, #318 ) ;
#4046 = DIRECTION ( 'NONE',  ( 0.000000000000000000, 1.000000000000000000, 7.542275982507857147E-17 ) ) ;
#4047 = FACE_OUTER_BOUND ( 'NONE', #1956, .T. ) ;
#4048 = VERTEX_POINT ( 'NONE', #2679 ) ;
#4049 = FACE_OUTER_BOUND ( 'NONE', #1009, .T. ) ;
#4050 = ORIENTED_EDGE ( 'NONE', *, *, #5456, .F. ) ;
#4051 = FACE_OUTER_BOUND ( 'NONE', #2853, .T. ) ;
#4052 = CARTESIAN_POINT ( 'NONE',  ( 22.50000000000002842, 35.80084424507770535, -119.1849687610681769 ) ) ;
#4053 = AXIS2_PLACEMENT_3D ( 'NONE', #7115, #2801, #7243 ) ;
#4054 = ORIENTED_EDGE ( 'NONE', *, *, #4118, .F. ) ;
#4055 = EDGE_CURVE ( 'NONE', #6182, #8423, #11771, .T. ) ;
#4056 = EDGE_CURVE ( 'NONE', #3217, #11428, #760, .T. ) ;
#4058 = ORIENTED_EDGE ( 'NONE', *, *, #2183, .F. ) ;
#4057 = DIRECTION ( 'NONE',  ( 1.000000000000000000, 0.000000000000000000, 0.000000000000000000 ) ) ;
#4059 = CARTESIAN_POINT ( 'NONE',  ( 8.000000000000005329, 152.0000000000000000, -80.37120516238456958 ) ) ;
#4060 = CIRCLE ( 'NONE', #7520, 3.000000000000002665 ) ;
#4061 = LINE ( 'NONE', #536, #462 ) ;
#4062 = CARTESIAN_POINT ( 'NONE',  ( -0.000000000000000000, 0.3228582868787119864, -5.889708198871192124 ) ) ;
#4063 = DIRECTION ( 'NONE',  ( 1.000000000000000000, -0.000000000000000000, -0.000000000000000000 ) ) ;
#4064 = DIRECTION ( 'NONE',  ( -0.000000000000000000, 1.000000000000000000, 1.181088324069315694E-16 ) ) ;
#4065 = CARTESIAN_POINT ( 'NONE',  ( 0.000000000000000000, 0.000000000000000000, -120.0000000000000568 ) ) ;
#4066 = ORIENTED_EDGE ( 'NONE', *, *, #2365, .T. ) ;
#4067 = LINE ( 'NONE', #11427, #9784 ) ;
#4068 = ORIENTED_EDGE ( 'NONE', *, *, #7113, .F. ) ;
#4069 = CARTESIAN_POINT ( 'NONE',  ( 8.000000000000000000, 203.4716895539514780, -11.95788136388645206 ) ) ;
#4070 = AXIS2_PLACEMENT_3D ( 'NONE', #3840, #1088, #5638 ) ;
#4071 = EDGE_CURVE ( 'NONE', #5940, #5688, #10146, .T. ) ;
#4072 = LINE ( 'NONE', #11377, #10996 ) ;
#4073 = CARTESIAN_POINT ( 'NONE',  ( 14.86869354863676307, 62.73828822863980292, -52.47999999999997556 ) ) ;
#4074 = AXIS2_PLACEMENT_3D ( 'NONE', #5306, #2498, #4210 ) ;
#4075 = CARTESIAN_POINT ( 'NONE',  ( 13.00000000000001421, 188.5000000000000000, -9.999999999999998224 ) ) ;
#4076 = PLANE ( 'NONE',  #6151 ) ;
#4077 = ORIENTED_EDGE ( 'NONE', *, *, #4886, .T. ) ;
#4078 = CARTESIAN_POINT ( 'NONE',  ( 8.000000000000000000, 115.4999999999999574, -63.00000000000000000 ) ) ;
#4079 = ORIENTED_EDGE ( 'NONE', *, *, #9974, .F. ) ;
#4080 = FACE_OUTER_BOUND ( 'NONE', #4681, .T. ) ;
#4081 = EDGE_CURVE ( 'NONE', #1133, #426, #7590, .T. ) ;
#4082 = CIRCLE ( 'NONE', #840, 8.000000000000007105 ) ;
#4083 = AXIS2_PLACEMENT_3D ( 'NONE', #765, #1411, #1527 ) ;
#4084 = ORIENTED_EDGE ( 'NONE', *, *, #3318, .T. ) ;
#4085 = DIRECTION ( 'NONE',  ( -1.267377881992188131E-16, -1.000000000000000000, -1.267377881992188131E-16 ) ) ;
#4086 = ORIENTED_EDGE ( 'NONE', *, *, #4029, .T. ) ;
#4087 = DIRECTION ( 'NONE',  ( -1.000000000000000000, 0.000000000000000000, 0.000000000000000000 ) ) ;
#4088 = LINE ( 'NONE', #1338, #1640 ) ;
#4089 = ORIENTED_EDGE ( 'NONE', *, *, #10051, .T. ) ;
#4090 = DIRECTION ( 'NONE',  ( 0.000000000000000000, 0.000000000000000000, 1.000000000000000000 ) ) ;
#4091 = AXIS2_PLACEMENT_3D ( 'NONE', #9331, #6715, #1072 ) ;
#4092 = CARTESIAN_POINT ( 'NONE',  ( -0.000000000000000000, 228.5708269634583019, -0.2157597551307611217 ) ) ;
#4093 = EDGE_CURVE ( 'NONE', #10785, #8283, #2970, .T. ) ;
#4094 = EDGE_LOOP ( 'NONE', ( #9102, #3271, #4226, #9186 ) ) ;
#4095 = DIRECTION ( 'NONE',  ( -1.000000000000000000, 0.000000000000000000, 0.000000000000000000 ) ) ;
#4096 = DIRECTION ( 'NONE',  ( 0.9396107836348562836, -0.3399548345460173260, 0.03952576053514085530 ) ) ;
#4097 = EDGE_CURVE ( 'NONE', #3450, #3187, #4576, .T. ) ;
#4098 = DIRECTION ( 'NONE',  ( 0.000000000000000000, 1.000000000000000000, -0.000000000000000000 ) ) ;
#4099 = VECTOR ( 'NONE', #5180, 1000.000000000000000 ) ;
#4100 = FACE_OUTER_BOUND ( 'NONE', #11464, .T. ) ;
#4101 = DIRECTION ( 'NONE',  ( 0.000000000000000000, 0.000000000000000000, 1.000000000000000000 ) ) ;
#4102 = CARTESIAN_POINT ( 'NONE',  ( 16.00000000000000000, 53.82328822863979667, -109.9800000000000040 ) ) ;
#4103 = EDGE_LOOP ( 'NONE', ( #7953, #7407, #10717, #8836, #654, #1526, #278, #7098, #1858, #7528, #7374, #4280 ) ) ;
#4104 = FACE_OUTER_BOUND ( 'NONE', #5683, .T. ) ;
#4105 = EDGE_CURVE ( 'NONE', #7907, #2185, #978, .T. ) ;
#4106 = DIRECTION ( 'NONE',  ( 0.000000000000000000, 0.000000000000000000, 1.000000000000000000 ) ) ;
#4107 = AXIS2_PLACEMENT_3D ( 'NONE', #11517, #3260, #9715 ) ;
#4108 = VERTEX_POINT ( 'NONE', #3685 ) ;
#4109 = DIRECTION ( 'NONE',  ( -1.000000000000000000, -0.000000000000000000, -0.000000000000000000 ) ) ;
#4110 = CARTESIAN_POINT ( 'NONE',  ( -0.000000000000000000, 234.9547626456272837, -122.0489247672418145 ) ) ;
#4111 = AXIS2_PLACEMENT_3D ( 'NONE', #5511, #6486, #785 ) ;
#4112 = CARTESIAN_POINT ( 'NONE',  ( 0.000000000000000000, 188.5000000000000000, -91.49999999999998579 ) ) ;
#4113 = FACE_BOUND ( 'NONE', #3620, .T. ) ;
#4114 = DIRECTION ( 'NONE',  ( 0.000000000000000000, 0.000000000000000000, -1.000000000000000000 ) ) ;
#4115 = DIRECTION ( 'NONE',  ( 0.000000000000000000, 0.000000000000000000, -1.000000000000000000 ) ) ;
#4116 = VERTEX_POINT ( 'NONE', #996 ) ;
#4117 = CARTESIAN_POINT ( 'NONE',  ( 15.00000000000000000, 37.48318243780042280, -130.0000000000000000 ) ) ;
#4118 = EDGE_CURVE ( 'NONE', #1659, #11128, #5265, .T. ) ;
#4119 = VECTOR ( 'NONE', #1446, 1000.000000000000000 ) ;
#4120 = ORIENTED_EDGE ( 'NONE', *, *, #9392, .F. ) ;
#4121 = FACE_OUTER_BOUND ( 'NONE', #10531, .T. ) ;
#4122 = EDGE_CURVE ( 'NONE', #1087, #3949, #8525, .T. ) ;
#4123 = DIRECTION ( 'NONE',  ( -1.000000000000000000, -0.000000000000000000, -0.000000000000000000 ) ) ;
#4124 = VECTOR ( 'NONE', #8911, 1000.000000000000000 ) ;
#4125 = CARTESIAN_POINT ( 'NONE',  ( 15.00000000000000000, 226.9999999999999716, -8.000000000000001776 ) ) ;
#4126 = LINE ( 'NONE', #434, #7229 ) ;
#4127 = ORIENTED_EDGE ( 'NONE', *, *, #7313, .F. ) ;
#4128 = VERTEX_POINT ( 'NONE', #1114 ) ;
#4129 = ORIENTED_EDGE ( 'NONE', *, *, #8627, .F. ) ;
#4130 = EDGE_CURVE ( 'NONE', #7099, #7648, #10267, .T. ) ;
#4131 = CARTESIAN_POINT ( 'NONE',  ( 14.86869354863667247, 36.23873799335598989, -122.0000000000000000 ) ) ;
#4132 = VECTOR ( 'NONE', #2682, 1000.000000000000000 ) ;
#4133 = PLANE ( 'NONE',  #3637 ) ;
#4134 = CIRCLE ( 'NONE', #524, 6.119999999999998330 ) ;
#4135 = LINE ( 'NONE', #3249, #75 ) ;
#4136 = CIRCLE ( 'NONE', #6844, 2.750000000000002665 ) ;
#4137 = EDGE_LOOP ( 'NONE', ( #2690, #4358, #8096, #4175 ) ) ;
#4138 = PLANE ( 'NONE',  #5310 ) ;
#4139 = DIRECTION ( 'NONE',  ( 1.000000000000000000, -0.000000000000000000, -0.000000000000000000 ) ) ;
#4140 = CARTESIAN_POINT ( 'NONE',  ( 4.750000000000000000, 235.0000000000000284, -8.318019484660529983 ) ) ;
#4141 = EDGE_CURVE ( 'NONE', #5828, #3247, #8963, .T. ) ;
#4142 = CARTESIAN_POINT ( 'NONE',  ( -0.000000000000000000, 228.8536590318503556, -0.2689950434184019135 ) ) ;
#4143 = ORIENTED_EDGE ( 'NONE', *, *, #7729, .T. ) ;
#4144 = ORIENTED_EDGE ( 'NONE', *, *, #3304, .F. ) ;
#4145 = CARTESIAN_POINT ( 'NONE',  ( 0.000000000000000000, 82.99999999999998579, 0.000000000000000000 ) ) ;
#4146 = DIRECTION ( 'NONE',  ( -1.000000000000000000, -0.000000000000000000, -0.000000000000000000 ) ) ;
#4147 = AXIS2_PLACEMENT_3D ( 'NONE', #8618, #8446, #9410 ) ;
#4148 = VECTOR ( 'NONE', #3541, 1000.000000000000000 ) ;
#4149 = VECTOR ( 'NONE', #6543, 1000.000000000000000 ) ;
#4150 = LINE ( 'NONE', #3098, #10605 ) ;
#4151 = ADVANCED_FACE ( 'NONE', ( #2790 ), #9142, .T. ) ;
#4152 = CARTESIAN_POINT ( 'NONE',  ( 8.000000000000000000, 33.25328822863979639, -111.3712958405723441 ) ) ;
#4153 = DIRECTION ( 'NONE',  ( 1.000000000000000000, -0.000000000000000000, -0.000000000000000000 ) ) ;
#4154 = VECTOR ( 'NONE', #2392, 1000.000000000000000 ) ;
#4155 = VECTOR ( 'NONE', #6514, 1000.000000000000000 ) ;
#4156 = AXIS2_PLACEMENT_3D ( 'NONE', #1772, #1836, #10742 ) ;
#4157 = CARTESIAN_POINT ( 'NONE',  ( 15.00000000000000000, 0.1004369079981304452, -7.271350624633737603 ) ) ;
#4158 = ORIENTED_EDGE ( 'NONE', *, *, #1188, .F. ) ;
#4159 = DIRECTION ( 'NONE',  ( -0.000000000000000000, 0.1537070062818709504, 0.9881164689548822544 ) ) ;
#4160 = DIRECTION ( 'NONE',  ( 0.000000000000000000, 0.000000000000000000, 1.000000000000000000 ) ) ;
#4161 = ORIENTED_EDGE ( 'NONE', *, *, #3461, .T. ) ;
#4163 = ORIENTED_EDGE ( 'NONE', *, *, #7324, .F. ) ;
#4162 = CARTESIAN_POINT ( 'NONE',  ( 12.99999999999998757, 188.5000000000000000, -120.0000000000000000 ) ) ;
#4164 = ADVANCED_FACE ( 'NONE', ( #10327 ), #6631, .F. ) ;
#4165 = CARTESIAN_POINT ( 'NONE',  ( -0.000000000000000000, 227.2510667397194766, -129.9409209874893349 ) ) ;
#4166 = DIRECTION ( 'NONE',  ( 1.217349807703022609E-16, 0.000000000000000000, 1.000000000000000000 ) ) ;
#4167 = PLANE ( 'NONE',  #6076 ) ;
#4168 = ORIENTED_EDGE ( 'NONE', *, *, #9342, .F. ) ;
#4169 = CARTESIAN_POINT ( 'NONE',  ( 15.00000000000000000, 226.9999999999999716, -113.9999999999999574 ) ) ;
#4170 = FACE_OUTER_BOUND ( 'NONE', #7065, .T. ) ;
#4171 = ORIENTED_EDGE ( 'NONE', *, *, #854, .T. ) ;
#4172 = EDGE_LOOP ( 'NONE', ( #8787, #7550, #3913, #2546 ) ) ;
#4173 = PLANE ( 'NONE',  #283 ) ;
#4174 = EDGE_CURVE ( 'NONE', #3104, #2032, #9111, .T. ) ;
#4175 = ORIENTED_EDGE ( 'NONE', *, *, #10793, .T. ) ;
#4176 = FACE_OUTER_BOUND ( 'NONE', #10567, .T. ) ;
#4177 = CIRCLE ( 'NONE', #4373, 3.680148828669072003 ) ;
#4178 = EDGE_CURVE ( 'NONE', #9061, #6116, #6820, .T. ) ;
#4179 = EDGE_CURVE ( 'NONE', #10331, #6813, #3035, .T. ) ;
#4180 = CARTESIAN_POINT ( 'NONE',  ( 8.000000000000000000, 35.23828822863978161, -12.01360740926763704 ) ) ;
#4181 = DIRECTION ( 'NONE',  ( -1.000000000000000000, 0.000000000000000000, 0.000000000000000000 ) ) ;
#4182 = DIRECTION ( 'NONE',  ( 0.000000000000000000, 1.267377881992188131E-16, -1.000000000000000000 ) ) ;
#4183 = EDGE_LOOP ( 'NONE', ( #10706, #5743, #8166, #8266 ) ) ;
#4184 = ORIENTED_EDGE ( 'NONE', *, *, #11088, .F. ) ;
#4185 = ORIENTED_EDGE ( 'NONE', *, *, #6531, .F. ) ;
#4186 = DIRECTION ( 'NONE',  ( 0.000000000000000000, 0.000000000000000000, 1.000000000000000000 ) ) ;
#4187 = VECTOR ( 'NONE', #2025, 1000.000000000000000 ) ;
#4188 = DIRECTION ( 'NONE',  ( 2.168404344971007389E-16, -3.469446951953611822E-15, 1.000000000000000000 ) ) ;
#4189 = VERTEX_POINT ( 'NONE', #942 ) ;
#4190 = EDGE_CURVE ( 'NONE', #9684, #5152, #8353, .T. ) ;
#4191 = EDGE_CURVE ( 'NONE', #10528, #4399, #2910, .T. ) ;
#4192 = CARTESIAN_POINT ( 'NONE',  ( 13.00000000000001421, 117.5000000000000000, -8.000000000000015987 ) ) ;
#4193 = DIRECTION ( 'NONE',  ( -1.000000000000000000, 0.000000000000000000, 0.000000000000000000 ) ) ;
#4194 = FACE_BOUND ( 'NONE', #7290, .T. ) ;
#4195 = CARTESIAN_POINT ( 'NONE',  ( 0.000000000000000000, 152.0000000000000000, 0.000000000000000000 ) ) ;
#4196 = CARTESIAN_POINT ( 'NONE',  ( 4.750000000000000000, 235.0000000000000284, -6.636038969321061742 ) ) ;
#4197 = DIRECTION ( 'NONE',  ( 0.3420201433256638834, -0.9396926207859102043, -0.000000000000000000 ) ) ;
#4198 = ORIENTED_EDGE ( 'NONE', *, *, #3123, .T. ) ;
#4199 = CARTESIAN_POINT ( 'NONE',  ( 0.000000000000000000, 192.5000000000000000, -34.49999999999998579 ) ) ;
#4200 = AXIS2_PLACEMENT_3D ( 'NONE', #5166, #10615, #1516 ) ;
#4201 = EDGE_CURVE ( 'NONE', #1837, #188, #10436, .T. ) ;
#4202 = CARTESIAN_POINT ( 'NONE',  ( 5.839999999999999858, 203.4716895539514780, -17.45788136388648581 ) ) ;
#4203 = DIRECTION ( 'NONE',  ( -1.000000000000000000, 0.000000000000000000, 0.000000000000000000 ) ) ;
#4204 = VECTOR ( 'NONE', #36, 1000.000000000000000 ) ;
#4205 = FACE_OUTER_BOUND ( 'NONE', #8804, .T. ) ;
#4206 = CARTESIAN_POINT ( 'NONE',  ( 14.99999999999999822, 0.05327122286053572603, -7.830009952698198994 ) ) ;
#4207 = EDGE_LOOP ( 'NONE', ( #10049, #3623, #6266, #10152 ) ) ;
#4208 = CARTESIAN_POINT ( 'NONE',  ( 12.99999999999999289, 125.2459666924148394, -120.0000000000000142 ) ) ;
#4209 = ORIENTED_EDGE ( 'NONE', *, *, #5718, .F. ) ;
#4210 = DIRECTION ( 'NONE',  ( 0.000000000000000000, 0.000000000000000000, 1.000000000000000000 ) ) ;
#4211 = EDGE_CURVE ( 'NONE', #6180, #10659, #3948, .T. ) ;
#4212 = ORIENTED_EDGE ( 'NONE', *, *, #8306, .T. ) ;
#4213 = EDGE_CURVE ( 'NONE', #8476, #10331, #11388, .T. ) ;
#4215 = EDGE_LOOP ( 'NONE', ( #5390, #7599, #5674, #8361 ) ) ;
#4214 = LINE ( 'NONE', #3111, #9484 ) ;
#4216 = CARTESIAN_POINT ( 'NONE',  ( 9.975186291430999219, 85.17563553642466445, -95.50000000000001421 ) ) ;
#4217 = DIRECTION ( 'NONE',  ( 1.000000000000000000, -0.000000000000000000, -0.000000000000000000 ) ) ;
#4218 = DIRECTION ( 'NONE',  ( 0.000000000000000000, 0.000000000000000000, -1.000000000000000000 ) ) ;
#4219 = ORIENTED_EDGE ( 'NONE', *, *, #5469, .T. ) ;
#4220 = DIRECTION ( 'NONE',  ( -1.000000000000000000, 0.000000000000000000, 0.000000000000000000 ) ) ;
#4221 = ORIENTED_EDGE ( 'NONE', *, *, #2106, .T. ) ;
#4222 = VECTOR ( 'NONE', #4463, 1000.000000000000000 ) ;
#4223 = DIRECTION ( 'NONE',  ( -0.9396926207859105373, 0.000000000000000000, 0.3420201433256624957 ) ) ;
#4224 = DIRECTION ( 'NONE',  ( 1.000000000000000000, -0.000000000000000000, -0.000000000000000000 ) ) ;
#4225 = ORIENTED_EDGE ( 'NONE', *, *, #7495, .T. ) ;
#4226 = ORIENTED_EDGE ( 'NONE', *, *, #1395, .T. ) ;
#4227 = LINE ( 'NONE', #7010, #11344 ) ;
#4228 = ADVANCED_FACE ( 'NONE', ( #6866 ), #8699, .F. ) ;
#4229 = VERTEX_POINT ( 'NONE', #6808 ) ;
#4230 = EDGE_CURVE ( 'NONE', #3492, #8296, #11451, .T. ) ;
#4231 = LINE ( 'NONE', #9584, #6422 ) ;
#4232 = DIRECTION ( 'NONE',  ( 0.000000000000000000, 0.000000000000000000, -1.000000000000000000 ) ) ;
#4233 = CYLINDRICAL_SURFACE ( 'NONE', #634, 3.000000000000002665 ) ;
#4234 = EDGE_CURVE ( 'NONE', #3949, #1087, #329, .T. ) ;
#4235 =( BOUNDED_CURVE ( )  B_SPLINE_CURVE ( 3, ( #2457, #5934, #6904, #6170 ),
 .UNSPECIFIED., .F., .F. ) 
 B_SPLINE_CURVE_WITH_KNOTS ( ( 4, 4 ),
 ( 6.074439002425098266, 6.363785632121876645 ),
 .UNSPECIFIED. ) 
 CURVE ( )  GEOMETRIC_REPRESENTATION_ITEM ( )  RATIONAL_B_SPLINE_CURVE ( ( 1.000000000000000000, 0.9930353710674998391, 0.9930353710674998391, 1.000000000000000000 ) ) 
 REPRESENTATION_ITEM ( '' )  );
#4236 = PLANE ( 'NONE',  #11812 ) ;
#4237 = PLANE ( 'NONE',  #3465 ) ;
#4238 = ORIENTED_EDGE ( 'NONE', *, *, #2826, .T. ) ;
#4239 = ORIENTED_EDGE ( 'NONE', *, *, #7755, .T. ) ;
#4240 = ORIENTED_EDGE ( 'NONE', *, *, #2959, .T. ) ;
#4241 = DIRECTION ( 'NONE',  ( 0.000000000000000000, 0.000000000000000000, 1.000000000000000000 ) ) ;
#4242 = DIRECTION ( 'NONE',  ( 1.000000000000000000, -0.000000000000000000, -0.000000000000000000 ) ) ;
#4243 = ORIENTED_EDGE ( 'NONE', *, *, #8068, .F. ) ;
#4244 = EDGE_CURVE ( 'NONE', #6650, #11697, #8586, .T. ) ;
#4245 = LINE ( 'NONE', #7979, #6720 ) ;
#4246 = ORIENTED_EDGE ( 'NONE', *, *, #6395, .F. ) ;
#4247 = VECTOR ( 'NONE', #7462, 1000.000000000000000 ) ;
#4248 = CYLINDRICAL_SURFACE ( 'NONE', #8810, 3.000000000000002665 ) ;
#4249 = CIRCLE ( 'NONE', #11150, 5.500000000000032863 ) ;
#4250 = LINE ( 'NONE', #11535, #3258 ) ;
#4251 = FACE_OUTER_BOUND ( 'NONE', #2463, .T. ) ;
#4252 = ORIENTED_EDGE ( 'NONE', *, *, #335, .F. ) ;
#4253 = DIRECTION ( 'NONE',  ( -1.000000000000000000, -0.000000000000000000, -0.000000000000000000 ) ) ;
#4254 = LINE ( 'NONE', #7451, #11011 ) ;
#4255 = CARTESIAN_POINT ( 'NONE',  ( -0.000000000000000000, 234.9495164012955968, -7.870706826040928306 ) ) ;
#4256 = VERTEX_POINT ( 'NONE', #447 ) ;
#4257 = EDGE_CURVE ( 'NONE', #9508, #2831, #1440, .T. ) ;
#4258 = ORIENTED_EDGE ( 'NONE', *, *, #4043, .T. ) ;
#4259 = DIRECTION ( 'NONE',  ( 0.000000000000000000, 0.000000000000000000, 1.000000000000000000 ) ) ;
#4260 = EDGE_CURVE ( 'NONE', #2996, #5431, #7008, .T. ) ;
#4261 = CIRCLE ( 'NONE', #10572, 6.120000000000000107 ) ;
#4262 = VECTOR ( 'NONE', #7318, 1000.000000000000114 ) ;
#4263 = FACE_OUTER_BOUND ( 'NONE', #11440, .T. ) ;
#4264 = LINE ( 'NONE', #9840, #8043 ) ;
#4265 = FACE_OUTER_BOUND ( 'NONE', #6759, .T. ) ;
#4266 = AXIS2_PLACEMENT_3D ( 'NONE', #3262, #8712, #4101 ) ;
#4267 = AXIS2_PLACEMENT_3D ( 'NONE', #6462, #10934, #10153 ) ;
#4268 = CARTESIAN_POINT ( 'NONE',  ( 14.86869354863676307, 30.73828822863979582, -58.48000000000001108 ) ) ;
#4269 = ORIENTED_EDGE ( 'NONE', *, *, #5240, .F. ) ;
#4270 = CARTESIAN_POINT ( 'NONE',  ( 12.18439545407920654, 151.9999999999999716, -78.58513792824740563 ) ) ;
#4271 = ORIENTED_EDGE ( 'NONE', *, *, #1380, .F. ) ;
#4272 = DIRECTION ( 'NONE',  ( 0.000000000000000000, 0.000000000000000000, 1.000000000000000000 ) ) ;
#4273 = EDGE_LOOP ( 'NONE', ( #2932, #9324, #4340, #741, #3096, #4731 ) ) ;
#4274 = CARTESIAN_POINT ( 'NONE',  ( 0.000000000000000000, 119.5000000000000000, 0.000000000000000000 ) ) ;
#4275 = EDGE_CURVE ( 'NONE', #5667, #6659, #4088, .T. ) ;
#4276 = VERTEX_POINT ( 'NONE', #5895 ) ;
#4277 = VECTOR ( 'NONE', #9713, 1000.000000000000000 ) ;
#4278 = CARTESIAN_POINT ( 'NONE',  ( 14.86869354863676307, 30.73828822863979582, -55.48000000000000398 ) ) ;
#4280 = ORIENTED_EDGE ( 'NONE', *, *, #10352, .T. ) ;
#4279 = DIRECTION ( 'NONE',  ( 0.000000000000000000, 1.000000000000000000, 1.267377881992188131E-16 ) ) ;
#4281 = CARTESIAN_POINT ( 'NONE',  ( 0.000000000000000000, 46.50000000000000000, -38.50000000000001421 ) ) ;
#4282 = LINE ( 'NONE', #6940, #3783 ) ;
#4283 = LINE ( 'NONE', #4409, #1936 ) ;
#4284 = CARTESIAN_POINT ( 'NONE',  ( 8.000000000000000000, 0.000000000000000000, 0.000000000000000000 ) ) ;
#4285 = ORIENTED_EDGE ( 'NONE', *, *, #8918, .F. ) ;
#4286 = DIRECTION ( 'NONE',  ( -1.000000000000000000, 0.000000000000000000, 0.000000000000000000 ) ) ;
#4287 = ORIENTED_EDGE ( 'NONE', *, *, #4130, .F. ) ;
#4288 = LINE ( 'NONE', #9682, #6250 ) ;
#4289 = VECTOR ( 'NONE', #76, 1000.000000000000000 ) ;
#4290 = DIRECTION ( 'NONE',  ( -1.000000000000000000, -0.000000000000000000, -0.000000000000000000 ) ) ;
#4291 = ORIENTED_EDGE ( 'NONE', *, *, #1946, .F. ) ;
#4292 = ORIENTED_EDGE ( 'NONE', *, *, #7867, .T. ) ;
#4293 = DIRECTION ( 'NONE',  ( 0.000000000000000000, 0.000000000000000000, -1.000000000000000000 ) ) ;
#4294 = EDGE_CURVE ( 'NONE', #5759, #5984, #10499, .T. ) ;
#4295 = ORIENTED_EDGE ( 'NONE', *, *, #4230, .F. ) ;
#4296 = AXIS2_PLACEMENT_3D ( 'NONE', #4202, #9660, #11294 ) ;
#4297 = CARTESIAN_POINT ( 'NONE',  ( 14.86869354863678439, 154.4716895539514496, -14.45788136388648937 ) ) ;
#4298 = CARTESIAN_POINT ( 'NONE',  ( 15.00000000000000000, 224.9999999999999716, -129.9999999999999716 ) ) ;
#4299 = DIRECTION ( 'NONE',  ( 0.000000000000000000, 0.000000000000000000, -1.000000000000000000 ) ) ;
#4300 = EDGE_CURVE ( 'NONE', #2382, #5787, #11393, .T. ) ;
#4301 = AXIS2_PLACEMENT_3D ( 'NONE', #5160, #11571, #3366 ) ;
#4302 = CYLINDRICAL_SURFACE ( 'NONE', #3771, 0.8890000000000009006 ) ;
#4303 = DIRECTION ( 'NONE',  ( 0.000000000000000000, 0.000000000000000000, 1.000000000000000000 ) ) ;
#4304 = ORIENTED_EDGE ( 'NONE', *, *, #1255, .F. ) ;
#4305 = VERTEX_POINT ( 'NONE', #7808 ) ;
#4306 = ORIENTED_EDGE ( 'NONE', *, *, #11560, .T. ) ;
#4307 = CARTESIAN_POINT ( 'NONE',  ( 10.24999999999523048, 8.318019484660537088, 0.000000000000000000 ) ) ;
#4308 = DIRECTION ( 'NONE',  ( -1.000000000000000000, -0.000000000000000000, -0.000000000000000000 ) ) ;
#4309 = ORIENTED_EDGE ( 'NONE', *, *, #2829, .T. ) ;
#4310 = CIRCLE ( 'NONE', #7406, 3.680148828669058236 ) ;
#4311 = CARTESIAN_POINT ( 'NONE',  ( 15.75000000000000000, 228.3639610306789223, 1.301042606982605321E-15 ) ) ;
#4312 = CARTESIAN_POINT ( 'NONE',  ( 8.000000000000000000, 0.000000000000000000, 0.000000000000000000 ) ) ;
#4313 = ORIENTED_EDGE ( 'NONE', *, *, #10103, .F. ) ;
#4314 = DIRECTION ( 'NONE',  ( 0.000000000000000000, 0.000000000000000000, -1.000000000000000000 ) ) ;
#4315 = EDGE_CURVE ( 'NONE', #9194, #5332, #4032, .T. ) ;
#4316 = CARTESIAN_POINT ( 'NONE',  ( 16.00000000000000000, 58.23828822863978161, -14.51360740926766901 ) ) ;
#4317 = CARTESIAN_POINT ( 'NONE',  ( 0.000000000000000000, 224.9999999999999716, -91.49999999999998579 ) ) ;
#4318 = DIRECTION ( 'NONE',  ( 0.000000000000000000, 1.000000000000000000, 1.267377881992188131E-16 ) ) ;
#4319 = AXIS2_PLACEMENT_3D ( 'NONE', #2018, #10269, #4694 ) ;
#4320 = CARTESIAN_POINT ( 'NONE',  ( 8.000000000000000000, 115.4999999999999858, -122.0000000000000000 ) ) ;
#4321 = VERTEX_POINT ( 'NONE', #6754 ) ;
#4322 = ORIENTED_EDGE ( 'NONE', *, *, #8068, .T. ) ;
#4323 = FACE_OUTER_BOUND ( 'NONE', #10374, .T. ) ;
#4324 = EDGE_CURVE ( 'NONE', #2799, #10800, #8533, .T. ) ;
#4325 = ORIENTED_EDGE ( 'NONE', *, *, #5632, .F. ) ;
#4326 = CIRCLE ( 'NONE', #169, 3.000000000000002665 ) ;
#4327 = VECTOR ( 'NONE', #1160, 1000.000000000000000 ) ;
#4328 = CARTESIAN_POINT ( 'NONE',  ( 8.000000000000014211, 78.99999999999998579, -10.00000000000000888 ) ) ;
#4329 = EDGE_CURVE ( 'NONE', #6570, #11809, #9548, .T. ) ;
#4330 = LINE ( 'NONE', #3438, #929 ) ;
#4331 = EDGE_CURVE ( 'NONE', #5938, #1887, #7862, .T. ) ;
#4332 = CARTESIAN_POINT ( 'NONE',  ( 8.000000000000000000, 156.0000000000000000, -80.74127678544064679 ) ) ;
#4333 = PLANE ( 'NONE',  #846 ) ;
#4334 = ORIENTED_EDGE ( 'NONE', *, *, #519, .T. ) ;
#4335 = CARTESIAN_POINT ( 'NONE',  ( 0.000000000000000000, 156.0000000000000000, -9.999999999999994671 ) ) ;
#4336 = ORIENTED_EDGE ( 'NONE', *, *, #3879, .F. ) ;
#4337 = CARTESIAN_POINT ( 'NONE',  ( 8.000000000000000000, 73.10504876423827625, -24.51360740926764592 ) ) ;
#4338 = AXIS2_PLACEMENT_3D ( 'NONE', #2765, #1926, #11136 ) ;
#4339 = VECTOR ( 'NONE', #4862, 1000.000000000000000 ) ;
#4340 = ORIENTED_EDGE ( 'NONE', *, *, #1945, .F. ) ;
#4341 = DIRECTION ( 'NONE',  ( 0.000000000000000000, 0.000000000000000000, 1.000000000000000000 ) ) ;
#4342 = CIRCLE ( 'NONE', #9335, 2.750000000000002665 ) ;
#4344 = EDGE_LOOP ( 'NONE', ( #6242, #821, #6910, #2159, #10397, #5096, #2621 ) ) ;
#4343 = PLANE ( 'NONE',  #5846 ) ;
#4345 = AXIS2_PLACEMENT_3D ( 'NONE', #9038, #10829, #7255 ) ;
#4346 = AXIS2_PLACEMENT_3D ( 'NONE', #8974, #8287, #11226 ) ;
#4347 = DIRECTION ( 'NONE',  ( 0.000000000000000000, -4.336808689942021187E-16, 1.000000000000000000 ) ) ;
#4348 = DIRECTION ( 'NONE',  ( 1.000000000000000000, -0.000000000000000000, -0.000000000000000000 ) ) ;
#4349 = VECTOR ( 'NONE', #2616, 1000.000000000000000 ) ;
#4350 = EDGE_CURVE ( 'NONE', #5205, #7800, #3532, .T. ) ;
#4351 = PLANE ( 'NONE',  #1164 ) ;
#4352 = CARTESIAN_POINT ( 'NONE',  ( 15.00000000000000000, 218.9999999999999716, -8.000000000000003553 ) ) ;
#4353 = DIRECTION ( 'NONE',  ( 1.000000000000000000, -0.000000000000000000, -0.000000000000000000 ) ) ;
#4354 = ORIENTED_EDGE ( 'NONE', *, *, #7514, .T. ) ;
#4355 = FACE_OUTER_BOUND ( 'NONE', #3215, .T. ) ;
#4356 = CYLINDRICAL_SURFACE ( 'NONE', #4740, 6.119999999999986784 ) ;
#4357 = VERTEX_POINT ( 'NONE', #2823 ) ;
#4358 = ORIENTED_EDGE ( 'NONE', *, *, #3183, .T. ) ;
#4359 = CARTESIAN_POINT ( 'NONE',  ( 0.000000000000000000, 224.9999999999999716, -34.49999999999998579 ) ) ;
#4360 = VECTOR ( 'NONE', #5599, 1000.000000000000114 ) ;
#4361 = ORIENTED_EDGE ( 'NONE', *, *, #9553, .F. ) ;
#4362 = CARTESIAN_POINT ( 'NONE',  ( 0.000000000000000000, 235.0000000000000000, -120.0000000000000000 ) ) ;
#4363 = LINE ( 'NONE', #1491, #3552 ) ;
#4364 = EDGE_CURVE ( 'NONE', #7259, #3231, #1571, .T. ) ;
#4365 = DIRECTION ( 'NONE',  ( -1.000000000000000000, 0.000000000000000000, 0.000000000000000000 ) ) ;
#4366 = DIRECTION ( 'NONE',  ( 0.000000000000000000, 1.267377881992188131E-16, -1.000000000000000000 ) ) ;
#4367 = DIRECTION ( 'NONE',  ( 0.3420201433256636059, 0.9368954554425702463, -0.07245086010912099583 ) ) ;
#4368 = EDGE_LOOP ( 'NONE', ( #2597, #1105, #6000, #8568 ) ) ;
#4369 = VERTEX_POINT ( 'NONE', #5284 ) ;
#4370 = CARTESIAN_POINT ( 'NONE',  ( 15.75000000000000000, 0.000000000000000000, -10.00000000000000000 ) ) ;
#4371 = DIRECTION ( 'NONE',  ( 0.000000000000000000, 0.000000000000000000, -1.000000000000000000 ) ) ;
#4372 = ORIENTED_EDGE ( 'NONE', *, *, #11578, .F. ) ;
#4373 = AXIS2_PLACEMENT_3D ( 'NONE', #999, #11766, #1718 ) ;
#4374 = EDGE_CURVE ( 'NONE', #4706, #8351, #8535, .T. ) ;
#4375 = CYLINDRICAL_SURFACE ( 'NONE', #10126, 2.750000000000002665 ) ;
#4376 = DIRECTION ( 'NONE',  ( 0.000000000000000000, 0.000000000000000000, -1.000000000000000000 ) ) ;
#4377 = ORIENTED_EDGE ( 'NONE', *, *, #123, .T. ) ;
#4378 = ADVANCED_FACE ( 'NONE', ( #8105 ), #146, .F. ) ;
#4379 = CARTESIAN_POINT ( 'NONE',  ( 56.31128874149275276, 30.73828822863980292, -106.4799999999999898 ) ) ;
#4380 = PLANE ( 'NONE',  #1568 ) ;
#4381 = CARTESIAN_POINT ( 'NONE',  ( 12.99999999999998757, 119.5000000000000000, -122.0000000000000000 ) ) ;
#4382 = CARTESIAN_POINT ( 'NONE',  ( 14.99999999999999822, 234.3299803178635727, -4.328319043880290984 ) ) ;
#4383 = AXIS2_PLACEMENT_3D ( 'NONE', #11336, #2309, #4090 ) ;
#4384 = DIRECTION ( 'NONE',  ( 0.000000000000000000, 0.000000000000000000, -1.000000000000000000 ) ) ;
#4385 = CARTESIAN_POINT ( 'NONE',  ( 0.000000000000000000, 8.496496751003460758E-15, -67.00000000000001421 ) ) ;
#4386 = ORIENTED_EDGE ( 'NONE', *, *, #1355, .F. ) ;
#4387 = ORIENTED_EDGE ( 'NONE', *, *, #3834, .T. ) ;
#4388 = CARTESIAN_POINT ( 'NONE',  ( -0.002000000000000265454, 218.9999999999999716, -121.9999999999999716 ) ) ;
#4389 = EDGE_CURVE ( 'NONE', #3292, #2254, #4693, .T. ) ;
#4390 = ORIENTED_EDGE ( 'NONE', *, *, #9043, .F. ) ;
#4391 = AXIS2_PLACEMENT_3D ( 'NONE', #6128, #9830, #8163 ) ;
#4392 = PLANE ( 'NONE',  #3945 ) ;
#4393 = DIRECTION ( 'NONE',  ( 0.000000000000000000, -0.07710059492488814670, 0.9970233188156776283 ) ) ;
#4394 = CARTESIAN_POINT ( 'NONE',  ( 0.000000000000000000, 188.5000000000000000, -34.49999999999999289 ) ) ;
#4395 = DIRECTION ( 'NONE',  ( 1.000000000000000000, -0.000000000000000000, -0.000000000000000000 ) ) ;
#4396 = CARTESIAN_POINT ( 'NONE',  ( 24.00000000000000000, 37.25328822863976796, -118.5699999999999932 ) ) ;
#4397 = EDGE_CURVE ( 'NONE', #1195, #4321, #4254, .T. ) ;
#4398 = CARTESIAN_POINT ( 'NONE',  ( 8.000000000000000000, 18.00000000000000000, -83.62000000000008981 ) ) ;
#4399 = VERTEX_POINT ( 'NONE', #6070 ) ;
#4400 = DIRECTION ( 'NONE',  ( 0.000000000000000000, 0.000000000000000000, -1.000000000000000000 ) ) ;
#4401 = AXIS2_PLACEMENT_3D ( 'NONE', #917, #10909, #2592 ) ;
#4402 = CARTESIAN_POINT ( 'NONE',  ( 8.000000000000000000, 140.6515642543785702, -95.50000000000000000 ) ) ;
#4403 = ADVANCED_FACE ( 'NONE', ( #9709 ), #82, .T. ) ;
#4405 = ORIENTED_EDGE ( 'NONE', *, *, #8488, .F. ) ;
#4404 = LINE ( 'NONE', #5430, #6228 ) ;
#4406 = VECTOR ( 'NONE', #1962, 1000.000000000000000 ) ;
#4407 = CARTESIAN_POINT ( 'NONE',  ( 14.86869354863674175, 29.23828822863977805, -28.51360740926766368 ) ) ;
#4408 = CYLINDRICAL_SURFACE ( 'NONE', #6477, 2.750000000000002665 ) ;
#4409 = CARTESIAN_POINT ( 'NONE',  ( 8.000000000000000000, 7.999999999999992895, -67.00000000000001421 ) ) ;
#4410 = CARTESIAN_POINT ( 'NONE',  ( 8.000000000000000000, 7.999999999999992895, -38.50000000000002132 ) ) ;
#4411 = FACE_OUTER_BOUND ( 'NONE', #4818, .T. ) ;
#4412 = ORIENTED_EDGE ( 'NONE', *, *, #4736, .T. ) ;
#4413 = DIRECTION ( 'NONE',  ( -1.000000000000000000, -0.000000000000000000, -0.000000000000000000 ) ) ;
#4414 = DIRECTION ( 'NONE',  ( 0.000000000000000000, 0.000000000000000000, 1.000000000000000000 ) ) ;
#4415 = EDGE_LOOP ( 'NONE', ( #4695, #1275, #8409, #8472 ) ) ;
#4416 = CARTESIAN_POINT ( 'NONE',  ( -0.002000000000000265454, 8.000000000000000000, -16.00000000000003197 ) ) ;
#4417 = ADVANCED_FACE ( 'NONE', ( #683 ), #2476, .F. ) ;
#4418 = EDGE_CURVE ( 'NONE', #4305, #416, #9765, .T. ) ;
#4419 = DIRECTION ( 'NONE',  ( -1.000000000000000000, 0.000000000000000000, 0.000000000000000000 ) ) ;
#4420 = LINE ( 'NONE', #3467, #10054 ) ;
#4421 = AXIS2_PLACEMENT_3D ( 'NONE', #9040, #6295, #7069 ) ;
#4422 = DIRECTION ( 'NONE',  ( 0.000000000000000000, 0.000000000000000000, 1.000000000000000000 ) ) ;
#4423 = PLANE ( 'NONE',  #5881 ) ;
#4424 = PLANE ( 'NONE',  #4604 ) ;
#4425 = ORIENTED_EDGE ( 'NONE', *, *, #3211, .T. ) ;
#4426 = ORIENTED_EDGE ( 'NONE', *, *, #1387, .T. ) ;
#4427 = CARTESIAN_POINT ( 'NONE',  ( 0.000000000000000000, 10.00000000000000711, 0.000000000000000000 ) ) ;
#4428 = LINE ( 'NONE', #6308, #8371 ) ;
#4429 = ORIENTED_EDGE ( 'NONE', *, *, #7195, .T. ) ;
#4430 = DIRECTION ( 'NONE',  ( -1.000000000000000000, -0.000000000000000000, -0.000000000000000000 ) ) ;
#4431 = EDGE_CURVE ( 'NONE', #1588, #8184, #3004, .T. ) ;
#4432 = CIRCLE ( 'NONE', #7332, 2.750000000000002665 ) ;
#4433 = CARTESIAN_POINT ( 'NONE',  ( 13.00000000000001421, 46.50000000000000000, -10.00000000000000888 ) ) ;
#4434 = DIRECTION ( 'NONE',  ( 0.000000000000000000, 1.000000000000000000, 1.267377881992188131E-16 ) ) ;
#4435 = CARTESIAN_POINT ( 'NONE',  ( 5.839999999999999858, 130.8480050152814158, -39.72355645757715337 ) ) ;
#4436 = ORIENTED_EDGE ( 'NONE', *, *, #5763, .T. ) ;
#4437 = LINE ( 'NONE', #11810, #11304 ) ;
#4438 = DIRECTION ( 'NONE',  ( 0.000000000000000000, 1.000000000000000000, 1.267377881992188131E-16 ) ) ;
#4439 = CARTESIAN_POINT ( 'NONE',  ( 0.000000000000000000, 10.00000000000000711, -63.00000000000001421 ) ) ;
#4440 = CARTESIAN_POINT ( 'NONE',  ( 15.00000000000000178, 226.6013954640721124, -0.01592449610950109548 ) ) ;
#4441 = LINE ( 'NONE', #9954, #774 ) ;
#4442 = CARTESIAN_POINT ( 'NONE',  ( 8.000000000000000000, 119.5000000000000000, -122.0000000000000000 ) ) ;
#4443 = ORIENTED_EDGE ( 'NONE', *, *, #394, .T. ) ;
#4444 = ORIENTED_EDGE ( 'NONE', *, *, #5718, .T. ) ;
#4445 = DIRECTION ( 'NONE',  ( -2.434699615406045218E-16, 0.000000000000000000, -1.000000000000000000 ) ) ;
#4446 = ADVANCED_FACE ( 'NONE', ( #4963 ), #3066, .F. ) ;
#4447 = CIRCLE ( 'NONE', #1979, 8.000000000000007105 ) ;
#4448 = VECTOR ( 'NONE', #7208, 1000.000000000000000 ) ;
#4449 = ORIENTED_EDGE ( 'NONE', *, *, #6541, .T. ) ;
#4450 = CARTESIAN_POINT ( 'NONE',  ( 8.000000000000000000, 0.000000000000000000, 0.000000000000000000 ) ) ;
#4451 = DIRECTION ( 'NONE',  ( 1.000000000000000000, -0.000000000000000000, -0.000000000000000000 ) ) ;
#4452 = CARTESIAN_POINT ( 'NONE',  ( 12.99999999999997691, 36.81111617885218834, -130.1045436402808377 ) ) ;
#4453 = EDGE_CURVE ( 'NONE', #9681, #4929, #6546, .T. ) ;
#4454 = VECTOR ( 'NONE', #3704, 1000.000000000000000 ) ;
#4455 = CARTESIAN_POINT ( 'NONE',  ( 14.86869354863678439, 73.10504876423827625, -21.51360740926764592 ) ) ;
#4456 = EDGE_LOOP ( 'NONE', ( #7742, #5057, #6263, #8190 ) ) ;
#4457 = CARTESIAN_POINT ( 'NONE',  ( 15.00000000000000178, 0.2974676904994958404, -123.9925641690238081 ) ) ;
#4458 = CIRCLE ( 'NONE', #9451, 5.500000000000032863 ) ;
#4459 = EDGE_LOOP ( 'NONE', ( #1120, #4885, #10097, #9119 ) ) ;
#4460 = DIRECTION ( 'NONE',  ( 1.000000000000000000, 0.000000000000000000, 0.000000000000000000 ) ) ;
#4461 = ADVANCED_FACE ( 'NONE', ( #3836 ), #2046, .F. ) ;
#4462 = CARTESIAN_POINT ( 'NONE',  ( 13.00000000000001421, 119.5000000000000000, -8.000000000000001776 ) ) ;
#4463 = DIRECTION ( 'NONE',  ( 0.000000000000000000, 1.000000000000000000, 1.267377881992188131E-16 ) ) ;
#4464 = AXIS2_PLACEMENT_3D ( 'NONE', #6986, #3212, #5000 ) ;
#4466 = ORIENTED_EDGE ( 'NONE', *, *, #2427, .T. ) ;
#4465 = CARTESIAN_POINT ( 'NONE',  ( 8.000000000000000000, 7.999999999999992895, -63.00000000000001421 ) ) ;
#4467 = AXIS2_PLACEMENT_3D ( 'NONE', #6280, #4522, #7305 ) ;
#4468 = LINE ( 'NONE', #9092, #5196 ) ;
#4469 = CARTESIAN_POINT ( 'NONE',  ( 13.00000000000000178, 226.9999999999999716, -120.0000000000000000 ) ) ;
#4470 = DIRECTION ( 'NONE',  ( 0.000000000000000000, 1.000000000000000000, -0.000000000000000000 ) ) ;
#4471 = FACE_OUTER_BOUND ( 'NONE', #1239, .T. ) ;
#4472 = EDGE_CURVE ( 'NONE', #7049, #1844, #7201, .T. ) ;
#4473 = EDGE_LOOP ( 'NONE', ( #1704, #2977 ) ) ;
#4474 = DIRECTION ( 'NONE',  ( -1.000000000000000000, -0.000000000000000000, -0.000000000000000000 ) ) ;
#4475 = LINE ( 'NONE', #11007, #3618 ) ;
#4476 = ORIENTED_EDGE ( 'NONE', *, *, #9082, .F. ) ;
#4477 = ORIENTED_EDGE ( 'NONE', *, *, #9714, .T. ) ;
#4478 = CARTESIAN_POINT ( 'NONE',  ( 8.000000000000000000, 64.27261534519762165, -34.50000000000000711 ) ) ;
#4479 = VECTOR ( 'NONE', #2728, 1000.000000000000000 ) ;
#4480 = ADVANCED_FACE ( 'NONE', ( #263 ), #6782, .F. ) ;
#4481 = CARTESIAN_POINT ( 'NONE',  ( 13.00000000000000178, 226.9999999999999716, -91.49999999999998579 ) ) ;
#4482 = CARTESIAN_POINT ( 'NONE',  ( 0.000000000000000000, 115.4999999999999858, 0.000000000000000000 ) ) ;
#4483 = AXIS2_PLACEMENT_3D ( 'NONE', #842, #6236, #11787 ) ;
#4484 = LINE ( 'NONE', #11790, #2561 ) ;
#4485 = DIRECTION ( 'NONE',  ( 0.000000000000000000, 1.000000000000000000, 1.267377881992188131E-16 ) ) ;
#4486 = ADVANCED_FACE ( 'NONE', ( #5867 ), #7621, .T. ) ;
#4487 = EDGE_CURVE ( 'NONE', #3187, #267, #8617, .T. ) ;
#4488 = CARTESIAN_POINT ( 'NONE',  ( 0.000000000000000000, 8.496496751003460758E-15, -38.50000000000002132 ) ) ;
#4489 = DIRECTION ( 'NONE',  ( 0.000000000000000000, 0.000000000000000000, -1.000000000000000000 ) ) ;
#4490 = EDGE_LOOP ( 'NONE', ( #4377, #8210, #116, #6773 ) ) ;
#4491 = ORIENTED_EDGE ( 'NONE', *, *, #1724, .T. ) ;
#4492 = ORIENTED_EDGE ( 'NONE', *, *, #7832, .F. ) ;
#4493 = FACE_OUTER_BOUND ( 'NONE', #5515, .T. ) ;
#4494 = VERTEX_POINT ( 'NONE', #1985 ) ;
#4495 = DIRECTION ( 'NONE',  ( 0.000000000000000000, 0.000000000000000000, 1.000000000000000000 ) ) ;
#4496 = CIRCLE ( 'NONE', #11196, 3.000000000000002665 ) ;
#4497 = DIRECTION ( 'NONE',  ( 1.000000000000000000, -0.000000000000000000, -0.000000000000000000 ) ) ;
#4498 = ORIENTED_EDGE ( 'NONE', *, *, #4698, .T. ) ;
#4499 = CARTESIAN_POINT ( 'NONE',  ( 12.62270622169982204, 31.96446159463141257, -34.50000000000001421 ) ) ;
#4500 = LINE ( 'NONE', #37, #627 ) ;
#4501 = ADVANCED_FACE ( 'NONE', ( #3116 ), #7507, .T. ) ;
#4502 = AXIS2_PLACEMENT_3D ( 'NONE', #105, #3799, #4755 ) ;
#4503 = CARTESIAN_POINT ( 'NONE',  ( 24.00000000000000000, 20.70680969495466428, 3.221059285881714196 ) ) ;
#4504 = DIRECTION ( 'NONE',  ( 1.000000000000000000, -0.000000000000000000, -0.000000000000000000 ) ) ;
#4505 = DIRECTION ( 'NONE',  ( 1.217349807703022609E-16, 0.000000000000000000, 1.000000000000000000 ) ) ;
#4506 = ORIENTED_EDGE ( 'NONE', *, *, #6906, .T. ) ;
#4507 = AXIS2_PLACEMENT_3D ( 'NONE', #4814, #11227, #5542 ) ;
#4508 = VERTEX_POINT ( 'NONE', #10361 ) ;
#4509 = CARTESIAN_POINT ( 'NONE',  ( 13.00000000000001421, 115.4999999999999858, -8.000000000000001776 ) ) ;
#4510 = EDGE_LOOP ( 'NONE', ( #11325, #4580, #4185, #11625 ) ) ;
#4511 = DIRECTION ( 'NONE',  ( 0.000000000000000000, 1.267377881992188131E-16, -1.000000000000000000 ) ) ;
#4512 = VECTOR ( 'NONE', #2113, 1000.000000000000000 ) ;
#4513 = DIRECTION ( 'NONE',  ( 1.000000000000000000, -0.000000000000000000, -2.434699615406045218E-16 ) ) ;
#4514 = ADVANCED_FACE ( 'NONE', ( #2167 ), #9409, .T. ) ;
#4515 = ORIENTED_EDGE ( 'NONE', *, *, #81, .F. ) ;
#4516 = DIRECTION ( 'NONE',  ( 1.217349807703022609E-16, 0.000000000000000000, 1.000000000000000000 ) ) ;
#4517 = CARTESIAN_POINT ( 'NONE',  ( 0.000000000000000000, 8.000000000000000000, -122.0000000000000000 ) ) ;
#4518 = ORIENTED_EDGE ( 'NONE', *, *, #783, .F. ) ;
#4519 = CARTESIAN_POINT ( 'NONE',  ( 15.00000000000000178, 0.3250135059101532664, -124.1200491926703364 ) ) ;
#4520 = ORIENTED_EDGE ( 'NONE', *, *, #1578, .T. ) ;
#4521 = EDGE_LOOP ( 'NONE', ( #9782, #11232 ) ) ;
#4522 = DIRECTION ( 'NONE',  ( -1.000000000000000000, -0.000000000000000000, -0.000000000000000000 ) ) ;
#4523 = VECTOR ( 'NONE', #1234, 1000.000000000000000 ) ;
#4524 = ADVANCED_FACE ( 'NONE', ( #1316 ), #2615, .T. ) ;
#4526 = ORIENTED_EDGE ( 'NONE', *, *, #3950, .F. ) ;
#4525 = CARTESIAN_POINT ( 'NONE',  ( 8.000000000000000000, 18.00000000000000000, -77.50000000000008527 ) ) ;
#4527 = CARTESIAN_POINT ( 'NONE',  ( 14.86869354863678439, 203.4716895539514780, -17.45788136388648581 ) ) ;
#4528 = DIRECTION ( 'NONE',  ( 1.000000000000000000, -0.000000000000000000, -0.000000000000000000 ) ) ;
#4529 = CARTESIAN_POINT ( 'NONE',  ( 0.000000000000000000, 9.999999999999992895, 0.000000000000000000 ) ) ;
#4530 = VECTOR ( 'NONE', #2480, 1000.000000000000000 ) ;
#4531 = ORIENTED_EDGE ( 'NONE', *, *, #10496, .F. ) ;
#4532 = VECTOR ( 'NONE', #4889, 1000.000000000000000 ) ;
#4533 = DIRECTION ( 'NONE',  ( 0.000000000000000000, 0.000000000000000000, -1.000000000000000000 ) ) ;
#4534 = EDGE_LOOP ( 'NONE', ( #1428, #6035, #5101, #5278, #90, #9399 ) ) ;
#4535 = DIRECTION ( 'NONE',  ( -1.267377881992188131E-16, -1.000000000000000000, -1.267377881992188131E-16 ) ) ;
#4536 = ORIENTED_EDGE ( 'NONE', *, *, #1213, .F. ) ;
#4537 = DIRECTION ( 'NONE',  ( 1.000000000000000000, 0.000000000000000000, 0.000000000000000000 ) ) ;
#4538 = EDGE_LOOP ( 'NONE', ( #4390, #10067, #6014, #9259 ) ) ;
#4539 = CARTESIAN_POINT ( 'NONE',  ( 11.00000000000000711, -0.001000000000001000089, -112.9800000000000040 ) ) ;
#4540 = VECTOR ( 'NONE', #11079, 1000.000000000000000 ) ;
#4541 = EDGE_CURVE ( 'NONE', #3856, #416, #8386, .T. ) ;
#4542 = AXIS2_PLACEMENT_3D ( 'NONE', #9758, #4308, #7976 ) ;
#4543 = AXIS2_PLACEMENT_3D ( 'NONE', #7996, #4451, #9841 ) ;
#4544 = DIRECTION ( 'NONE',  ( -1.267377881992188131E-16, -1.000000000000000000, -1.267377881992188131E-16 ) ) ;
#4545 = CARTESIAN_POINT ( 'NONE',  ( 8.000000000000000000, 17.99999999999998934, -46.38000000000003098 ) ) ;
#4546 = PLANE ( 'NONE',  #5817 ) ;
#4547 = CARTESIAN_POINT ( 'NONE',  ( 0.000000000000000000, 10.00000000000000711, -38.50000000000002132 ) ) ;
#4548 = CARTESIAN_POINT ( 'NONE',  ( 0.000000000000000000, 156.0000000000000000, -120.0000000000000142 ) ) ;
#4549 = ADVANCED_FACE ( 'NONE', ( #4906 ), #4009, .F. ) ;
#4550 = ORIENTED_EDGE ( 'NONE', *, *, #10864, .T. ) ;
#4551 = VECTOR ( 'NONE', #9736, 1000.000000000000000 ) ;
#4552 = ORIENTED_EDGE ( 'NONE', *, *, #6666, .F. ) ;
#4553 = CARTESIAN_POINT ( 'NONE',  ( 16.00000000000000000, 20.37152769304129762, -24.51360740926765658 ) ) ;
#4554 = FACE_OUTER_BOUND ( 'NONE', #1050, .T. ) ;
#4555 = ORIENTED_EDGE ( 'NONE', *, *, #7365, .T. ) ;
#4556 = DIRECTION ( 'NONE',  ( 1.217349807703022609E-16, 0.000000000000000000, 1.000000000000000000 ) ) ;
#4557 = CARTESIAN_POINT ( 'NONE',  ( 14.86869354863680570, 20.37152769304129762, -27.51360740926764947 ) ) ;
#4558 = EDGE_CURVE ( 'NONE', #4108, #11415, #11135, .T. ) ;
#4559 = ORIENTED_EDGE ( 'NONE', *, *, #5964, .T. ) ;
#4560 = ORIENTED_EDGE ( 'NONE', *, *, #8616, .F. ) ;
#4561 = DIRECTION ( 'NONE',  ( 0.000000000000000000, 0.000000000000000000, 1.000000000000000000 ) ) ;
#4562 = DIRECTION ( 'NONE',  ( 1.000000000000000000, -0.000000000000000000, -2.434699615406045218E-16 ) ) ;
#4563 = DIRECTION ( 'NONE',  ( -1.000000000000000000, 0.000000000000000000, 0.000000000000000000 ) ) ;
#4564 = CARTESIAN_POINT ( 'NONE',  ( 13.00000000000001421, 152.0000000000000000, -8.000000000000001776 ) ) ;
#4565 = CARTESIAN_POINT ( 'NONE',  ( 15.00000000000000000, 37.48318243780046544, -130.0000000000000000 ) ) ;
#4566 = VERTEX_POINT ( 'NONE', #6606 ) ;
#4567 = ORIENTED_EDGE ( 'NONE', *, *, #10994, .F. ) ;
#4568 = CARTESIAN_POINT ( 'NONE',  ( 12.63153878766975602, 35.16010205750371398, -120.3633785090966626 ) ) ;
#4569 = EDGE_CURVE ( 'NONE', #3354, #10700, #11199, .T. ) ;
#4570 = EDGE_CURVE ( 'NONE', #1959, #10080, #3278, .T. ) ;
#4571 = VERTEX_POINT ( 'NONE', #2390 ) ;
#4572 = CARTESIAN_POINT ( 'NONE',  ( 16.00000000000000000, 135.9280050152813999, -92.68255645757714944 ) ) ;
#4573 = VECTOR ( 'NONE', #6086, 1000.000000000000000 ) ;
#4574 = DIRECTION ( 'NONE',  ( 0.000000000000000000, 0.000000000000000000, 1.000000000000000000 ) ) ;
#4575 = ORIENTED_EDGE ( 'NONE', *, *, #269, .F. ) ;
#4576 = LINE ( 'NONE', #6454, #5665 ) ;
#4577 = CARTESIAN_POINT ( 'NONE',  ( 0.000000000000000000, 0.000000000000000000, -10.00000000000000000 ) ) ;
#4578 = ORIENTED_EDGE ( 'NONE', *, *, #2130, .T. ) ;
#4579 = CARTESIAN_POINT ( 'NONE',  ( 8.000000000000000000, 141.2993698534433804, -91.50000000000000000 ) ) ;
#4580 = ORIENTED_EDGE ( 'NONE', *, *, #7107, .T. ) ;
#4581 = DIRECTION ( 'NONE',  ( 0.000000000000000000, 1.267377881992188131E-16, -1.000000000000000000 ) ) ;
#4582 = VECTOR ( 'NONE', #383, 1000.000000000000000 ) ;
#4583 = ADVANCED_FACE ( 'NONE', ( #3401 ), #7005, .F. ) ;
#4584 = DIRECTION ( 'NONE',  ( -2.434699615406045218E-16, 0.000000000000000000, -1.000000000000000000 ) ) ;
#4585 = DIRECTION ( 'NONE',  ( 0.000000000000000000, 1.000000000000000000, 1.267377881992188131E-16 ) ) ;
#4587 = ORIENTED_EDGE ( 'NONE', *, *, #4487, .T. ) ;
#4586 = DIRECTION ( 'NONE',  ( 0.000000000000000000, 1.267377881992188131E-16, -1.000000000000000000 ) ) ;
#4588 = CARTESIAN_POINT ( 'NONE',  ( 0.000000000000000000, 8.496496751003460758E-15, -67.00000000000001421 ) ) ;
#4589 = CARTESIAN_POINT ( 'NONE',  ( 0.000000000000000000, 224.9999999999998579, -130.0000000000000000 ) ) ;
#4590 = DIRECTION ( 'NONE',  ( 0.3420201433256633838, -0.9285257543539331415, -0.1444373395661665282 ) ) ;
#4591 = VERTEX_POINT ( 'NONE', #10529 ) ;
#4592 = DIRECTION ( 'NONE',  ( 0.000000000000000000, 0.000000000000000000, 1.000000000000000000 ) ) ;
#4593 = ORIENTED_EDGE ( 'NONE', *, *, #6901, .T. ) ;
#4594 = CARTESIAN_POINT ( 'NONE',  ( 12.18423435410921130, 152.0000000000000284, -72.33054565730306251 ) ) ;
#4595 = EDGE_CURVE ( 'NONE', #9405, #1620, #7890, .T. ) ;
#4596 = ORIENTED_EDGE ( 'NONE', *, *, #7283, .T. ) ;
#4597 = CARTESIAN_POINT ( 'NONE',  ( 12.99999999999998934, 130.8480050152814158, -40.61255645757714916 ) ) ;
#4598 = EDGE_CURVE ( 'NONE', #8910, #9275, #10831, .T. ) ;
#4599 = CIRCLE ( 'NONE', #227, 8.000000000000005329 ) ;
#4600 = FACE_BOUND ( 'NONE', #10754, .T. ) ;
#4601 = DIRECTION ( 'NONE',  ( 0.000000000000000000, 1.000000000000000000, -0.000000000000000000 ) ) ;
#4602 = DIRECTION ( 'NONE',  ( -1.267377881992188131E-16, -1.000000000000000000, -1.267377881992188131E-16 ) ) ;
#4603 = CARTESIAN_POINT ( 'NONE',  ( 8.000000000000000000, 42.49999999999999289, -122.0000000000000000 ) ) ;
#4604 = AXIS2_PLACEMENT_3D ( 'NONE', #2584, #7203, #7017 ) ;
#4605 = DIRECTION ( 'NONE',  ( 0.000000000000000000, 1.267377881992188131E-16, -1.000000000000000000 ) ) ;
#4606 = EDGE_CURVE ( 'NONE', #3753, #10842, #3356, .T. ) ;
#4607 = ORIENTED_EDGE ( 'NONE', *, *, #1485, .T. ) ;
#4608 = CARTESIAN_POINT ( 'NONE',  ( 12.99999999999998224, 83.00000000000004263, -38.50000000000001421 ) ) ;
#4609 = CARTESIAN_POINT ( 'NONE',  ( -0.000000000000000000, 0.04644721058050194085, -7.931989494130944784 ) ) ;
#4610 = ORIENTED_EDGE ( 'NONE', *, *, #6847, .T. ) ;
#4611 = CYLINDRICAL_SURFACE ( 'NONE', #7102, 3.000000000000002665 ) ;
#4612 = EDGE_CURVE ( 'NONE', #3639, #5194, #4288, .T. ) ;
#4613 = CARTESIAN_POINT ( 'NONE',  ( 13.00000000000000178, 226.9999999999999716, -38.49999999999999289 ) ) ;
#4614 = ORIENTED_EDGE ( 'NONE', *, *, #3235, .T. ) ;
#4615 = CARTESIAN_POINT ( 'NONE',  ( 14.86869354863678439, 154.4716895539514496, -20.45788136388649292 ) ) ;
#4616 = CARTESIAN_POINT ( 'NONE',  ( 11.00000000000000711, 34.38238282101592347, -119.1052051816216277 ) ) ;
#4617 = ORIENTED_EDGE ( 'NONE', *, *, #5212, .T. ) ;
#4618 = EDGE_CURVE ( 'NONE', #8830, #1966, #7957, .T. ) ;
#4619 = CARTESIAN_POINT ( 'NONE',  ( 8.000000000000000000, 117.5000000000000000, -122.0000000000000000 ) ) ;
#4620 = CARTESIAN_POINT ( 'NONE',  ( 6.999999999999999112, 226.9999999999999716, -121.9999999999999716 ) ) ;
#4621 = VECTOR ( 'NONE', #9823, 1000.000000000000000 ) ;
#4622 = ORIENTED_EDGE ( 'NONE', *, *, #11205, .F. ) ;
#4623 = EDGE_LOOP ( 'NONE', ( #5564, #1747 ) ) ;
#4624 = CARTESIAN_POINT ( 'NONE',  ( 11.06891820560791828, 34.42607075317047105, -119.3448104879956446 ) ) ;
#4625 = ORIENTED_EDGE ( 'NONE', *, *, #8665, .T. ) ;
#4626 = AXIS2_PLACEMENT_3D ( 'NONE', #4407, #8904, #4347 ) ;
#4627 = CARTESIAN_POINT ( 'NONE',  ( 15.00000000000000178, 228.8536590318693129, -129.7310049565485883 ) ) ;
#4628 = ORIENTED_EDGE ( 'NONE', *, *, #3172, .T. ) ;
#4629 = CARTESIAN_POINT ( 'NONE',  ( 5.839999999999999858, 130.8480050152814158, -40.61255645757714916 ) ) ;
#4630 = CARTESIAN_POINT ( 'NONE',  ( 14.86869354863676307, 30.73828822863979582, -55.48000000000000398 ) ) ;
#4631 = ADVANCED_FACE ( 'NONE', ( #9796 ), #10638, .T. ) ;
#4632 = EDGE_CURVE ( 'NONE', #10604, #9982, #2967, .T. ) ;
#4633 = DIRECTION ( 'NONE',  ( 0.000000000000000000, 1.000000000000000000, 1.267377881992188131E-16 ) ) ;
#4634 = ORIENTED_EDGE ( 'NONE', *, *, #5116, .T. ) ;
#4635 = DIRECTION ( 'NONE',  ( -1.000000000000000000, -0.000000000000000000, -0.000000000000000000 ) ) ;
#4636 = ORIENTED_EDGE ( 'NONE', *, *, #5524, .T. ) ;
#4637 = ORIENTED_EDGE ( 'NONE', *, *, #5681, .T. ) ;
#4638 = DIRECTION ( 'NONE',  ( -1.000000000000000000, -0.000000000000000000, -0.000000000000000000 ) ) ;
#4639 = CARTESIAN_POINT ( 'NONE',  ( 10.24999999999523048, 0.000000000000000000, -120.0000000000000142 ) ) ;
#4640 = ORIENTED_EDGE ( 'NONE', *, *, #4612, .F. ) ;
#4641 = DIRECTION ( 'NONE',  ( 0.000000000000000000, 0.000000000000000000, 1.000000000000000000 ) ) ;
#4642 = EDGE_LOOP ( 'NONE', ( #7224, #6114, #5614, #6068 ) ) ;
#4644 = VERTEX_POINT ( 'NONE', #7720 ) ;
#4643 = CARTESIAN_POINT ( 'NONE',  ( 8.000000000000000000, 224.9999999999999716, -122.0000000000000000 ) ) ;
#4645 = CARTESIAN_POINT ( 'NONE',  ( 12.95843050365776961, 58.36687280861243465, -119.2653260760224470 ) ) ;
#4646 = FACE_BOUND ( 'NONE', #2021, .T. ) ;
#4647 = CIRCLE ( 'NONE', #5985, 6.120000000000000107 ) ;
#4648 = AXIS2_PLACEMENT_3D ( 'NONE', #721, #5138, #659 ) ;
#4649 = DIRECTION ( 'NONE',  ( -0.000000000000000000, 0.000000000000000000, 1.000000000000000000 ) ) ;
#4650 = VERTEX_POINT ( 'NONE', #11365 ) ;
#4651 = EDGE_CURVE ( 'NONE', #3922, #1701, #7770, .T. ) ;
#4652 = DIRECTION ( 'NONE',  ( 0.000000000000000000, 0.000000000000000000, 1.000000000000000000 ) ) ;
#4653 = ORIENTED_EDGE ( 'NONE', *, *, #9876, .T. ) ;
#4654 = CARTESIAN_POINT ( 'NONE',  ( 15.00000000000000000, 226.9999999999999716, -121.9999999999999716 ) ) ;
#4655 = LINE ( 'NONE', #961, #1224 ) ;
#4656 = CIRCLE ( 'NONE', #2944, 2.750000000000002665 ) ;
#4657 = CARTESIAN_POINT ( 'NONE',  ( -0.000000000000000000, 7.931989494132078988, -129.9535527894194331 ) ) ;
#4658 = DIRECTION ( 'NONE',  ( 1.000000000000000000, -0.000000000000000000, -0.000000000000000000 ) ) ;
#4659 = CARTESIAN_POINT ( 'NONE',  ( 56.31128874149275276, 64.23828822863977450, -28.51360740926766368 ) ) ;
#4660 = DIRECTION ( 'NONE',  ( 0.000000000000000000, 0.07710059492488061106, 0.9970233188156781834 ) ) ;
#4661 = EDGE_CURVE ( 'NONE', #2062, #1555, #593, .T. ) ;
#4662 = AXIS2_PLACEMENT_3D ( 'NONE', #8490, #306, #7493 ) ;
#4663 = CARTESIAN_POINT ( 'NONE',  ( 15.00000000000000000, 229.3120182745945499, -0.3691609211824345982 ) ) ;
#4664 = VECTOR ( 'NONE', #1161, 1000.000000000000000 ) ;
#4665 = FACE_OUTER_BOUND ( 'NONE', #6785, .T. ) ;
#4666 = ORIENTED_EDGE ( 'NONE', *, *, #10109, .T. ) ;
#4667 = DIRECTION ( 'NONE',  ( -1.000000000000000000, 0.000000000000000000, 0.000000000000000000 ) ) ;
#4668 = CARTESIAN_POINT ( 'NONE',  ( -0.000000000000000000, 0.1241292020506875177, -7.014924349529741754 ) ) ;
#4669 = ORIENTED_EDGE ( 'NONE', *, *, #1341, .T. ) ;
#4670 = CARTESIAN_POINT ( 'NONE',  ( 0.000000000000000000, 226.9999999999999716, -5.249999999999999112 ) ) ;
#4671 = DIRECTION ( 'NONE',  ( 0.000000000000000000, 1.000000000000000000, -0.000000000000000000 ) ) ;
#4672 = VECTOR ( 'NONE', #8205, 1000.000000000000000 ) ;
#4673 = EDGE_CURVE ( 'NONE', #7972, #3952, #6946, .T. ) ;
#4674 = CARTESIAN_POINT ( 'NONE',  ( 16.00000000000000000, 62.73828822863980292, -105.5909999999999940 ) ) ;
#4675 = DIRECTION ( 'NONE',  ( 0.000000000000000000, 0.000000000000000000, -1.000000000000000000 ) ) ;
#4676 = EDGE_CURVE ( 'NONE', #6180, #9801, #5092, .T. ) ;
#4677 = CARTESIAN_POINT ( 'NONE',  ( 14.86869354863667247, 35.75328822863979639, -118.5699999999999932 ) ) ;
#4678 = VERTEX_POINT ( 'NONE', #2284 ) ;
#4679 = CARTESIAN_POINT ( 'NONE',  ( 14.86869354863676307, 102.9080050152813897, -40.61255645757714916 ) ) ;
#4680 = DIRECTION ( 'NONE',  ( -0.9396926207859105373, 4.188538737676915344E-17, -0.3420201433256624957 ) ) ;
#4681 = EDGE_LOOP ( 'NONE', ( #8631, #10881, #5285, #11670 ) ) ;
#4682 = CIRCLE ( 'NONE', #4296, 0.8890000000000009006 ) ;
#4683 = FACE_OUTER_BOUND ( 'NONE', #6722, .T. ) ;
#4684 = ORIENTED_EDGE ( 'NONE', *, *, #7908, .F. ) ;
#4685 = EDGE_CURVE ( 'NONE', #5421, #2259, #9576, .T. ) ;
#4686 = DIRECTION ( 'NONE',  ( 1.000000000000000000, -0.000000000000000000, -0.000000000000000000 ) ) ;
#4687 = CARTESIAN_POINT ( 'NONE',  ( 15.00000000000000355, 227.0489247672895203, -129.9547626456273406 ) ) ;
#4688 = AXIS2_PLACEMENT_3D ( 'NONE', #4572, #1110, #11098 ) ;
#4689 = DIRECTION ( 'NONE',  ( -0.7071067811865474617, 0.7071067811865474617, 0.000000000000000000 ) ) ;
#4690 = ORIENTED_EDGE ( 'NONE', *, *, #4329, .F. ) ;
#4691 = CARTESIAN_POINT ( 'NONE',  ( 8.000000000000000000, 7.999999999999992895, -34.50000000000001421 ) ) ;
#4692 = DIRECTION ( 'NONE',  ( 0.000000000000000000, 0.000000000000000000, -1.000000000000000000 ) ) ;
#4693 = CIRCLE ( 'NONE', #7761, 2.750000000000002665 ) ;
#4694 = DIRECTION ( 'NONE',  ( 0.000000000000000000, 0.000000000000000000, 1.000000000000000000 ) ) ;
#4695 = ORIENTED_EDGE ( 'NONE', *, *, #8173, .F. ) ;
#4696 = CARTESIAN_POINT ( 'NONE',  ( 14.99999999999999822, 5.197685476669827942, -129.5030772555810188 ) ) ;
#4697 = ORIENTED_EDGE ( 'NONE', *, *, #8160, .T. ) ;
#4698 = EDGE_CURVE ( 'NONE', #2675, #5649, #1422, .T. ) ;
#4699 = VERTEX_POINT ( 'NONE', #4169 ) ;
#4700 = CARTESIAN_POINT ( 'NONE',  ( 8.843412680230029466, 151.9999999999999716, -12.88818932642789861 ) ) ;
#4701 = ORIENTED_EDGE ( 'NONE', *, *, #1071, .T. ) ;
#4702 = ORIENTED_EDGE ( 'NONE', *, *, #10926, .T. ) ;
#4703 = ADVANCED_FACE ( 'NONE', ( #482 ), #7781, .F. ) ;
#4704 = ADVANCED_FACE ( 'NONE', ( #10110 ), #6227, .T. ) ;
#4706 = VERTEX_POINT ( 'NONE', #11781 ) ;
#4705 = CARTESIAN_POINT ( 'NONE',  ( 0.000000000000000000, 42.49999999999999289, 0.000000000000000000 ) ) ;
#4707 = DIRECTION ( 'NONE',  ( 1.000000000000000000, 0.000000000000000000, 0.000000000000000000 ) ) ;
#4708 = CYLINDRICAL_SURFACE ( 'NONE', #8172, 0.8890000000000009006 ) ;
#4709 = CARTESIAN_POINT ( 'NONE',  ( 0.000000000000000000, 42.49999999999999289, -38.50000000000001421 ) ) ;
#4710 = ORIENTED_EDGE ( 'NONE', *, *, #3502, .T. ) ;
#4711 = CARTESIAN_POINT ( 'NONE',  ( 15.00000000000000355, 9.550326329247472046, 3.500493302428485103E-19 ) ) ;
#4712 = ORIENTED_EDGE ( 'NONE', *, *, #11827, .T. ) ;
#4713 = CARTESIAN_POINT ( 'NONE',  ( 16.00000000000000000, 20.37152769304129762, -25.65660740926765726 ) ) ;
#4714 = AXIS2_PLACEMENT_3D ( 'NONE', #10405, #8548, #2034 ) ;
#4715 = ORIENTED_EDGE ( 'NONE', *, *, #5605, .T. ) ;
#4716 = DIRECTION ( 'NONE',  ( -1.000000000000000000, 0.000000000000000000, 0.000000000000000000 ) ) ;
#4717 = ADVANCED_FACE ( 'NONE', ( #10887 ), #3582, .T. ) ;
#4718 = ADVANCED_FACE ( 'NONE', ( #7190 ), #5376, .T. ) ;
#4720 = ORIENTED_EDGE ( 'NONE', *, *, #233, .F. ) ;
#4719 = CARTESIAN_POINT ( 'NONE',  ( 14.86869354863676307, 62.73828822863980292, -58.47999999999999687 ) ) ;
#4721 = AXIS2_PLACEMENT_3D ( 'NONE', #10488, #5769, #9418 ) ;
#4722 = AXIS2_PLACEMENT_3D ( 'NONE', #10733, #2541, #9831 ) ;
#4723 = CARTESIAN_POINT ( 'NONE',  ( 8.848754504955500977, 140.2918635536963166, -95.50000000000000000 ) ) ;
#4724 = CARTESIAN_POINT ( 'NONE',  ( 0.000000000000000000, 152.0000000000000000, -9.999999999999994671 ) ) ;
#4725 = CARTESIAN_POINT ( 'NONE',  ( 0.000000000000000000, 224.9999999999999716, -38.49999999999999289 ) ) ;
#4726 = DIRECTION ( 'NONE',  ( -1.000000000000000000, 0.000000000000000000, 0.000000000000000000 ) ) ;
#4727 = DIRECTION ( 'NONE',  ( -1.267377881992188131E-16, -1.000000000000000000, -1.267377881992188131E-16 ) ) ;
#4728 = ORIENTED_EDGE ( 'NONE', *, *, #8957, .T. ) ;
#4729 = EDGE_LOOP ( 'NONE', ( #11745, #7269, #466, #5303 ) ) ;
#4730 = LINE ( 'NONE', #4794, #6770 ) ;
#4731 = ORIENTED_EDGE ( 'NONE', *, *, #432, .T. ) ;
#4732 = VECTOR ( 'NONE', #1205, 1000.000000000000114 ) ;
#4733 = COLOUR_RGB ( '',0.7921568627450980005, 0.8196078431372548767, 0.9333333333333333481 ) ;
#4734 = CIRCLE ( 'NONE', #9692, 8.500000000000028422 ) ;
#4735 = CARTESIAN_POINT ( 'NONE',  ( 3.851859888774471706E-31, 117.5000000000000000, -128.1200000000000045 ) ) ;
#4736 = EDGE_CURVE ( 'NONE', #6017, #8391, #9496, .T. ) ;
#4737 = CARTESIAN_POINT ( 'NONE',  ( 15.00000000000000000, 226.9999999999999716, -8.000000000000001776 ) ) ;
#4738 = ORIENTED_EDGE ( 'NONE', *, *, #6626, .T. ) ;
#4739 = CARTESIAN_POINT ( 'NONE',  ( 8.000000000000000000, 30.73828822863979582, -49.97999999999996845 ) ) ;
#4740 = AXIS2_PLACEMENT_3D ( 'NONE', #1424, #11609, #8729 ) ;
#4741 = DIRECTION ( 'NONE',  ( 0.000000000000000000, 0.000000000000000000, 1.000000000000000000 ) ) ;
#4742 = VECTOR ( 'NONE', #8758, 1000.000000000000000 ) ;
#4743 = CONICAL_SURFACE ( 'NONE', #8754, 3.000000000000002665, 0.3490658503988592343 ) ;
#4744 = FACE_OUTER_BOUND ( 'NONE', #5317, .T. ) ;
#4745 = DIRECTION ( 'NONE',  ( 0.000000000000000000, 0.000000000000000000, -1.000000000000000000 ) ) ;
#4746 = DIRECTION ( 'NONE',  ( 0.000000000000000000, 1.000000000000000000, -3.016910393003142859E-16 ) ) ;
#4747 = EDGE_LOOP ( 'NONE', ( #5260, #5882, #11381, #10665 ) ) ;
#4748 = EDGE_CURVE ( 'NONE', #3853, #5421, #5858, .T. ) ;
#4749 = FACE_OUTER_BOUND ( 'NONE', #5369, .T. ) ;
#4750 = EDGE_LOOP ( 'NONE', ( #5494, #9459, #10071, #11797 ) ) ;
#4751 = DIRECTION ( 'NONE',  ( 0.000000000000000000, 1.000000000000000000, 0.000000000000000000 ) ) ;
#4752 = AXIS2_PLACEMENT_3D ( 'NONE', #3129, #9588, #6907 ) ;
#4753 = EDGE_CURVE ( 'NONE', #5071, #8334, #8197, .T. ) ;
#4754 = ORIENTED_EDGE ( 'NONE', *, *, #7764, .T. ) ;
#4755 = DIRECTION ( 'NONE',  ( 0.000000000000000000, 0.000000000000000000, 1.000000000000000000 ) ) ;
#4756 = ORIENTED_EDGE ( 'NONE', *, *, #5678, .T. ) ;
#4757 = CARTESIAN_POINT ( 'NONE',  ( 13.00000000000001421, 156.0000000000000000, -8.000000000000001776 ) ) ;
#4758 = DIRECTION ( 'NONE',  ( -1.000000000000000000, -0.000000000000000000, -0.000000000000000000 ) ) ;
#4759 = DIRECTION ( 'NONE',  ( 0.000000000000000000, 0.000000000000000000, 1.000000000000000000 ) ) ;
#4760 = ORIENTED_EDGE ( 'NONE', *, *, #4364, .T. ) ;
#4761 = CARTESIAN_POINT ( 'NONE',  ( 15.00000000000000000, 7.907703953254756613, -129.9519776914197848 ) ) ;
#4762 = EDGE_CURVE ( 'NONE', #7259, #8566, #6478, .T. ) ;
#4763 = ORIENTED_EDGE ( 'NONE', *, *, #5732, .F. ) ;
#4764 = CARTESIAN_POINT ( 'NONE',  ( 16.00000000000000000, 154.4716895539514496, -74.56888136388649002 ) ) ;
#4765 = VERTEX_POINT ( 'NONE', #6350 ) ;
#4766 = CARTESIAN_POINT ( 'NONE',  ( 10.28363739374354502, 82.99999999999998579, -91.50000000000000000 ) ) ;
#4767 = CARTESIAN_POINT ( 'NONE',  ( 0.000000000000000000, 78.99999999999998579, -38.50000000000001421 ) ) ;
#4768 = EDGE_LOOP ( 'NONE', ( #5700, #5606, #9771, #8295 ) ) ;
#4769 = AXIS2_PLACEMENT_3D ( 'NONE', #2430, #3443, #11653 ) ;
#4771 = EDGE_LOOP ( 'NONE', ( #4837, #5171, #1812, #7326 ) ) ;
#4770 = CARTESIAN_POINT ( 'NONE',  ( 10.24999999999523048, 225.0000000000000000, -130.0000000000000000 ) ) ;
#4772 = EDGE_CURVE ( 'NONE', #2512, #1208, #1733, .T. ) ;
#4773 = PLANE ( 'NONE',  #2341 ) ;
#4774 = CARTESIAN_POINT ( 'NONE',  ( 6.999999999999999112, 117.5000000000000000, -8.000000000000015987 ) ) ;
#4775 = FACE_OUTER_BOUND ( 'NONE', #11303, .T. ) ;
#4776 = ORIENTED_EDGE ( 'NONE', *, *, #7113, .T. ) ;
#4777 = CARTESIAN_POINT ( 'NONE',  ( 14.99999999999999822, 5.879950807330097007, -0.3250135059101282864 ) ) ;
#4778 = ORIENTED_EDGE ( 'NONE', *, *, #6724, .F. ) ;
#4779 = PLANE ( 'NONE',  #6711 ) ;
#4780 = AXIS2_PLACEMENT_3D ( 'NONE', #5551, #1125, #4641 ) ;
#4781 = EDGE_CURVE ( 'NONE', #5364, #2925, #4310, .T. ) ;
#4782 = CARTESIAN_POINT ( 'NONE',  ( 8.000000000000000000, 224.9999999999999716, -122.0000000000000000 ) ) ;
#4783 = ORIENTED_EDGE ( 'NONE', *, *, #2089, .F. ) ;
#4784 = CARTESIAN_POINT ( 'NONE',  ( -0.000000000000000000, 5.938610986652173906, -129.6878322352274040 ) ) ;
#4785 = VECTOR ( 'NONE', #9300, 1000.000000000000000 ) ;
#4786 = PLANE ( 'NONE',  #1678 ) ;
#4787 = CARTESIAN_POINT ( 'NONE',  ( 12.58578643762691485, 58.55419846464198486, -111.9799999999999898 ) ) ;
#4788 = CARTESIAN_POINT ( 'NONE',  ( -0.000000000000000000, 3.434818399701781377, -1.179535519996225412 ) ) ;
#4789 = DIRECTION ( 'NONE',  ( 1.000000000000000000, -0.000000000000000000, -0.000000000000000000 ) ) ;
#4790 = FACE_OUTER_BOUND ( 'NONE', #2348, .T. ) ;
#4791 = VERTEX_POINT ( 'NONE', #957 ) ;
#4792 = EDGE_CURVE ( 'NONE', #7972, #1435, #2238, .T. ) ;
#4793 = EDGE_LOOP ( 'NONE', ( #11300, #8201, #309, #2321 ) ) ;
#4794 = CARTESIAN_POINT ( 'NONE',  ( 8.000000000000000000, 78.99999999999998579, -122.0000000000000000 ) ) ;
#4795 = EDGE_CURVE ( 'NONE', #2988, #8391, #3645, .T. ) ;
#4796 = ORIENTED_EDGE ( 'NONE', *, *, #7270, .F. ) ;
#4797 = AXIS2_PLACEMENT_3D ( 'NONE', #5521, #9881, #6371 ) ;
#4798 = CARTESIAN_POINT ( 'NONE',  ( 16.00000000000000000, 102.9080050152813897, -40.61255645757714916 ) ) ;
#4799 = CARTESIAN_POINT ( 'NONE',  ( 0.000000000000000000, 156.0000000000000000, -34.49999999999999289 ) ) ;
#4800 = FACE_OUTER_BOUND ( 'NONE', #9316, .T. ) ;
#4801 = ORIENTED_EDGE ( 'NONE', *, *, #5145, .T. ) ;
#4802 = EDGE_CURVE ( 'NONE', #4804, #11092, #7254, .T. ) ;
#4803 = DIRECTION ( 'NONE',  ( 0.000000000000000000, 1.000000000000000000, -0.000000000000000000 ) ) ;
#4804 = VERTEX_POINT ( 'NONE', #5438 ) ;
#4805 = LINE ( 'NONE', #3915, #10026 ) ;
#4806 = CIRCLE ( 'NONE', #6356, 0.8890000000000009006 ) ;
#4807 = ORIENTED_EDGE ( 'NONE', *, *, #6033, .F. ) ;
#4808 = DIRECTION ( 'NONE',  ( -1.000000000000000000, -0.000000000000000000, -0.000000000000000000 ) ) ;
#4809 = CARTESIAN_POINT ( 'NONE',  ( 15.00000000000000000, 234.6685234676182574, -124.1490493520361156 ) ) ;
#4810 = LINE ( 'NONE', #7585, #3789 ) ;
#4811 = VECTOR ( 'NONE', #3286, 1000.000000000000114 ) ;
#4812 = ORIENTED_EDGE ( 'NONE', *, *, #4122, .F. ) ;
#4813 = DIRECTION ( 'NONE',  ( 0.000000000000000000, 1.000000000000000000, 1.267377881992188131E-16 ) ) ;
#4814 = CARTESIAN_POINT ( 'NONE',  ( 16.00000000000000000, 135.9280050152813999, -92.68255645757714944 ) ) ;
#4815 = ORIENTED_EDGE ( 'NONE', *, *, #8082, .T. ) ;
#4816 = EDGE_CURVE ( 'NONE', #27, #4321, #10045, .T. ) ;
#4817 = DIRECTION ( 'NONE',  ( 0.000000000000000000, 1.267377881992188131E-16, -1.000000000000000000 ) ) ;
#4818 = EDGE_LOOP ( 'NONE', ( #1499, #9569, #2865, #1994, #8289, #2374, #8299 ) ) ;
#4819 = CARTESIAN_POINT ( 'NONE',  ( 15.00000000000000178, 8.398604535847812969, -129.9840755038905229 ) ) ;
#4820 = ORIENTED_EDGE ( 'NONE', *, *, #3304, .T. ) ;
#4821 = LINE ( 'NONE', #8539, #1595 ) ;
#4822 = VERTEX_POINT ( 'NONE', #5319 ) ;
#4823 = CONICAL_SURFACE ( 'NONE', #5969, 2.999999999999992450, 0.3490658503988588457 ) ;
#4824 = DIRECTION ( 'NONE',  ( 0.000000000000000000, 0.000000000000000000, 1.000000000000000000 ) ) ;
#4825 = CIRCLE ( 'NONE', #46, 2.750000000000002665 ) ;
#4826 = ORIENTED_EDGE ( 'NONE', *, *, #9864, .T. ) ;
#4827 = FACE_OUTER_BOUND ( 'NONE', #7926, .T. ) ;
#4828 = ADVANCED_FACE ( 'NONE', ( #4355 ), #9037, .F. ) ;
#4829 = DIRECTION ( 'NONE',  ( 0.000000000000000000, 0.000000000000000000, 1.000000000000000000 ) ) ;
#4830 = PLANE ( 'NONE',  #1465 ) ;
#4831 = LINE ( 'NONE', #2987, #7916 ) ;
#4832 = EDGE_LOOP ( 'NONE', ( #4728, #652, #9415, #2672 ) ) ;
#4833 = CARTESIAN_POINT ( 'NONE',  ( 15.00000000000000000, 5.889708198871209888, -0.3228582868787117088 ) ) ;
#4834 = VERTEX_POINT ( 'NONE', #11004 ) ;
#4835 = PLANE ( 'NONE',  #8019 ) ;
#4836 = LINE ( 'NONE', #7709, #3703 ) ;
#4837 = ORIENTED_EDGE ( 'NONE', *, *, #1546, .F. ) ;
#4838 = AXIS2_PLACEMENT_3D ( 'NONE', #8207, #10953, #10117 ) ;
#4840 = ORIENTED_EDGE ( 'NONE', *, *, #10183, .F. ) ;
#4839 = CARTESIAN_POINT ( 'NONE',  ( 0.000000000000000000, 226.9999999999999716, -8.000000000000001776 ) ) ;
#4841 = VECTOR ( 'NONE', #8390, 1000.000000000000000 ) ;
#4842 = EDGE_CURVE ( 'NONE', #1756, #10852, #7221, .T. ) ;
#4843 = PLANE ( 'NONE',  #10471 ) ;
#4844 = PLANE ( 'NONE',  #9808 ) ;
#4845 = CARTESIAN_POINT ( 'NONE',  ( 14.86869354863678439, 154.4716895539514496, -17.45788136388649292 ) ) ;
#4846 = CARTESIAN_POINT ( 'NONE',  ( 0.000000000000000000, 119.5000000000000000, -67.00000000000000000 ) ) ;
#4847 = CARTESIAN_POINT ( 'NONE',  ( 16.00000000000000000, 135.9280050152813999, -92.68255645757714944 ) ) ;
#4848 = EDGE_LOOP ( 'NONE', ( #11185, #662 ) ) ;
#4849 = DIRECTION ( 'NONE',  ( 0.000000000000000000, 0.000000000000000000, 1.000000000000000000 ) ) ;
#4850 = CIRCLE ( 'NONE', #10207, 0.8890000000000009006 ) ;
#4851 = ORIENTED_EDGE ( 'NONE', *, *, #8627, .T. ) ;
#4852 = AXIS2_PLACEMENT_3D ( 'NONE', #3709, #11009, #2816 ) ;
#4853 = CARTESIAN_POINT ( 'NONE',  ( 4.750000000000000000, -1.821459649775647449E-15, -123.3639610306789365 ) ) ;
#4854 = EDGE_CURVE ( 'NONE', #4822, #8677, #907, .T. ) ;
#4855 = EDGE_CURVE ( 'NONE', #4256, #11057, #2753, .T. ) ;
#4856 = EDGE_CURVE ( 'NONE', #11497, #7293, #3762, .T. ) ;
#4857 = VECTOR ( 'NONE', #2031, 1000.000000000000000 ) ;
#4858 = AXIS2_PLACEMENT_3D ( 'NONE', #3569, #4581, #1782 ) ;
#4859 = CYLINDRICAL_SURFACE ( 'NONE', #8667, 3.000000000000002665 ) ;
#4860 = DIRECTION ( 'NONE',  ( 0.000000000000000000, 0.000000000000000000, 1.000000000000000000 ) ) ;
#4861 = ORIENTED_EDGE ( 'NONE', *, *, #9449, .T. ) ;
#4862 = DIRECTION ( 'NONE',  ( -0.000000000000000000, 0.07710059492488814670, 0.9970233188156776283 ) ) ;
#4863 = EDGE_LOOP ( 'NONE', ( #5227, #2229, #6948, #3089 ) ) ;
#4864 = DIRECTION ( 'NONE',  ( 0.000000000000000000, 0.000000000000000000, 1.000000000000000000 ) ) ;
#4865 = VERTEX_POINT ( 'NONE', #8431 ) ;
#4866 = DIRECTION ( 'NONE',  ( -1.267377881992188131E-16, -1.000000000000000000, -1.267377881992188131E-16 ) ) ;
#4867 = VECTOR ( 'NONE', #7323, 1000.000000000000000 ) ;
#4868 = ORIENTED_EDGE ( 'NONE', *, *, #716, .F. ) ;
#4869 = ADVANCED_FACE ( 'NONE', ( #7658 ), #308, .T. ) ;
#4870 = FACE_OUTER_BOUND ( 'NONE', #10134, .T. ) ;
#4871 = LINE ( 'NONE', #7351, #5313 ) ;
#4872 = ORIENTED_EDGE ( 'NONE', *, *, #716, .T. ) ;
#4873 = CIRCLE ( 'NONE', #10801, 8.000000000000007105 ) ;
#4874 = CARTESIAN_POINT ( 'NONE',  ( -0.002000000000000265454, 109.4999999999999858, -121.9999999999999858 ) ) ;
#4875 = DIRECTION ( 'NONE',  ( 1.000000000000000000, -0.000000000000000000, -0.000000000000000000 ) ) ;
#4876 = ORIENTED_EDGE ( 'NONE', *, *, #1270, .F. ) ;
#4877 = CARTESIAN_POINT ( 'NONE',  ( 16.00000000000000000, 87.66800501528138057, -92.30155645757714922 ) ) ;
#4878 = CARTESIAN_POINT ( 'NONE',  ( 14.99999999999999822, 7.748933260300637116, -129.9409209874864928 ) ) ;
#4879 = ORIENTED_EDGE ( 'NONE', *, *, #8734, .T. ) ;
#4880 = LINE ( 'NONE', #2204, #11171 ) ;
#4881 = CARTESIAN_POINT ( 'NONE',  ( 24.00000000000000000, 0.000000000000000000, -109.9800000000000040 ) ) ;
#4882 = EDGE_LOOP ( 'NONE', ( #11292, #3267 ) ) ;
#4883 = CIRCLE ( 'NONE', #874, 0.8890000000000009006 ) ;
#4884 = CARTESIAN_POINT ( 'NONE',  ( 4.750000000000000000, 232.0710678118655039, -0.7169191983608350638 ) ) ;
#4885 = ORIENTED_EDGE ( 'NONE', *, *, #10857, .T. ) ;
#4886 = EDGE_CURVE ( 'NONE', #5036, #1154, #6717, .T. ) ;
#4887 = CARTESIAN_POINT ( 'NONE',  ( 12.99999999999999467, 156.0000000000000000, -91.50000000000000000 ) ) ;
#4888 = VECTOR ( 'NONE', #397, 1000.000000000000000 ) ;
#4889 = DIRECTION ( 'NONE',  ( 1.000000000000000000, -0.000000000000000000, -0.000000000000000000 ) ) ;
#4890 = LINE ( 'NONE', #1247, #101 ) ;
#4891 = ORIENTED_EDGE ( 'NONE', *, *, #4856, .T. ) ;
#4892 = CARTESIAN_POINT ( 'NONE',  ( 12.99999999999998401, 83.98889520066013858, -91.50000000000000000 ) ) ;
#4893 = ORIENTED_EDGE ( 'NONE', *, *, #7136, .F. ) ;
#4894 = AXIS2_PLACEMENT_3D ( 'NONE', #8859, #6693, #4232 ) ;
#4895 = CARTESIAN_POINT ( 'NONE',  ( 8.000000000000012434, 115.4999999999999858, -15.74596669241484825 ) ) ;
#4896 = DIRECTION ( 'NONE',  ( -1.000000000000000000, -0.000000000000000000, -0.000000000000000000 ) ) ;
#4897 = ADVANCED_FACE ( 'NONE', ( #6767 ), #10290, .F. ) ;
#4898 = AXIS2_PLACEMENT_3D ( 'NONE', #10178, #7671, #6667 ) ;
#4899 = ORIENTED_EDGE ( 'NONE', *, *, #6433, .F. ) ;
#4901 = ORIENTED_EDGE ( 'NONE', *, *, #4541, .F. ) ;
#4900 = CARTESIAN_POINT ( 'NONE',  ( 8.000000000000000000, 156.0000000000000000, -122.0000000000000000 ) ) ;
#4903 = ORIENTED_EDGE ( 'NONE', *, *, #9595, .F. ) ;
#4902 = DIRECTION ( 'NONE',  ( 0.000000000000000000, 0.000000000000000000, 1.000000000000000000 ) ) ;
#4904 = DIRECTION ( 'NONE',  ( -1.000000000000000000, 0.000000000000000000, 0.000000000000000000 ) ) ;
#4905 = CARTESIAN_POINT ( 'NONE',  ( 8.000000000000000000, 60.22328822863980236, -111.3712958405723441 ) ) ;
#4906 = FACE_OUTER_BOUND ( 'NONE', #1359, .T. ) ;
#4907 = CARTESIAN_POINT ( 'NONE',  ( 8.000000000000000000, 33.33055307269049905, -119.5692362767728554 ) ) ;
#4908 = ORIENTED_EDGE ( 'NONE', *, *, #5590, .F. ) ;
#4909 = DIRECTION ( 'NONE',  ( 0.000000000000000000, 0.000000000000000000, 1.000000000000000000 ) ) ;
#4910 = VERTEX_POINT ( 'NONE', #10347 ) ;
#4911 = CARTESIAN_POINT ( 'NONE',  ( -0.7500000000000006661, -1.821459649775647449E-15, -123.3639610306789365 ) ) ;
#4912 = EDGE_CURVE ( 'NONE', #633, #3791, #6258, .T. ) ;
#4913 = VECTOR ( 'NONE', #6397, 1000.000000000000000 ) ;
#4914 = LINE ( 'NONE', #8573, #4582 ) ;
#4915 = CARTESIAN_POINT ( 'NONE',  ( 0.000000000000000000, 192.5000000000000000, -120.0000000000000000 ) ) ;
#4916 = EDGE_CURVE ( 'NONE', #1611, #6182, #3103, .T. ) ;
#4917 = FACE_OUTER_BOUND ( 'NONE', #4415, .T. ) ;
#4918 = VECTOR ( 'NONE', #779, 1000.000000000000000 ) ;
#4919 = VERTEX_POINT ( 'NONE', #4892 ) ;
#4920 = VECTOR ( 'NONE', #1218, 1000.000000000000114 ) ;
#4921 = CIRCLE ( 'NONE', #5111, 6.000000000000001776 ) ;
#4922 = DIRECTION ( 'NONE',  ( 1.000000000000000000, -0.000000000000000000, -0.000000000000000000 ) ) ;
#4923 = ORIENTED_EDGE ( 'NONE', *, *, #2585, .T. ) ;
#4924 = EDGE_CURVE ( 'NONE', #5938, #9712, #8312, .T. ) ;
#4925 = DIRECTION ( 'NONE',  ( 0.000000000000000000, 0.000000000000000000, -1.000000000000000000 ) ) ;
#4926 = AXIS2_PLACEMENT_3D ( 'NONE', #7762, #517, #1518 ) ;
#4927 = LINE ( 'NONE', #2850, #10524 ) ;
#4928 = DIRECTION ( 'NONE',  ( -1.000000000000000000, 0.000000000000000000, 0.000000000000000000 ) ) ;
#4929 = VERTEX_POINT ( 'NONE', #1015 ) ;
#4930 = DIRECTION ( 'NONE',  ( 1.000000000000000000, 0.000000000000000000, 0.000000000000000000 ) ) ;
#4931 = CARTESIAN_POINT ( 'NONE',  ( 15.00000000000000178, 234.7310049565854797, -6.146340968172916419 ) ) ;
#4932 = ORIENTED_EDGE ( 'NONE', *, *, #473, .F. ) ;
#4933 = CARTESIAN_POINT ( 'NONE',  ( 4.750000000000000000, 235.0000000000000284, -10.00000000000000000 ) ) ;
#4934 = ORIENTED_EDGE ( 'NONE', *, *, #6599, .F. ) ;
#4935 = CARTESIAN_POINT ( 'NONE',  ( 14.86869354863676307, 62.73828822863980292, -106.4799999999999898 ) ) ;
#4936 = EDGE_LOOP ( 'NONE', ( #10545, #6166, #1489, #5175 ) ) ;
#4937 = PLANE ( 'NONE',  #5915 ) ;
#4938 = PLANE ( 'NONE',  #8065 ) ;
#4939 = EDGE_CURVE ( 'NONE', #3853, #3102, #5684, .T. ) ;
#4940 = VECTOR ( 'NONE', #6192, 1000.000000000000000 ) ;
#4941 = EDGE_LOOP ( 'NONE', ( #2287, #3697, #2028, #734, #6779, #6247, #5001 ) ) ;
#4942 = CYLINDRICAL_SURFACE ( 'NONE', #93, 2.750000000000002665 ) ;
#4943 = VECTOR ( 'NONE', #10985, 1000.000000000000000 ) ;
#4944 = EDGE_CURVE ( 'NONE', #4048, #10876, #5800, .T. ) ;
#4945 = DIRECTION ( 'NONE',  ( -0.9396926207859105373, 0.000000000000000000, 0.3420201433256624957 ) ) ;
#4946 = PLANE ( 'NONE',  #10237 ) ;
#4947 = CARTESIAN_POINT ( 'NONE',  ( 9.591657601211210249, 84.92134990346666257, -95.50000000000001421 ) ) ;
#4948 = PLANE ( 'NONE',  #7803 ) ;
#4949 = CARTESIAN_POINT ( 'NONE',  ( -0.002000000000000265454, 125.5000000000000000, -121.9999999999999858 ) ) ;
#4950 = ORIENTED_EDGE ( 'NONE', *, *, #5453, .T. ) ;
#4951 = DIRECTION ( 'NONE',  ( 1.000000000000000000, 0.000000000000000000, 0.000000000000000000 ) ) ;
#4952 = VERTEX_POINT ( 'NONE', #11066 ) ;
#4953 = FACE_OUTER_BOUND ( 'NONE', #7009, .T. ) ;
#4954 = CARTESIAN_POINT ( 'NONE',  ( 8.000000000000000000, 7.999999999999992895, -38.50000000000002132 ) ) ;
#4955 = ADVANCED_FACE ( 'NONE', ( #7549 ), #9398, .F. ) ;
#4956 = AXIS2_PLACEMENT_3D ( 'NONE', #11525, #10684, #3265 ) ;
#4957 = ORIENTED_EDGE ( 'NONE', *, *, #11271, .F. ) ;
#4958 = CARTESIAN_POINT ( 'NONE',  ( 14.86869354863676307, 203.4716895539514780, -72.45788136388647160 ) ) ;
#4959 = CARTESIAN_POINT ( 'NONE',  ( -40.07650960536592777, 77.47676686162368753, -121.9999999999999858 ) ) ;
#4960 = CIRCLE ( 'NONE', #9182, 2.750000000000002665 ) ;
#4961 = CARTESIAN_POINT ( 'NONE',  ( 13.00000000000000178, 224.9999999999999716, -66.99999999999998579 ) ) ;
#4962 = CARTESIAN_POINT ( 'NONE',  ( -0.000000000000000000, 7.888182313281961733, -0.04931381778104092228 ) ) ;
#4963 = FACE_OUTER_BOUND ( 'NONE', #7944, .T. ) ;
#4964 = CARTESIAN_POINT ( 'NONE',  ( 56.31128874149275276, 154.4716895539514496, -78.45788136388650003 ) ) ;
#4965 = PLANE ( 'NONE',  #5354 ) ;
#4966 = ORIENTED_EDGE ( 'NONE', *, *, #11735, .F. ) ;
#4967 = CARTESIAN_POINT ( 'NONE',  ( -0.002000000000000265454, 15.74596669241485536, -120.0000000000000284 ) ) ;
#4968 = VERTEX_POINT ( 'NONE', #11299 ) ;
#4969 = CARTESIAN_POINT ( 'NONE',  ( 3.851859888774471706E-31, 226.9999999999999716, -121.9999999999999716 ) ) ;
#4970 = EDGE_CURVE ( 'NONE', #868, #8813, #7817, .T. ) ;
#4971 = VERTEX_POINT ( 'NONE', #6988 ) ;
#4972 = VECTOR ( 'NONE', #4146, 1000.000000000000000 ) ;
#4973 = CARTESIAN_POINT ( 'NONE',  ( 56.31128874149275276, 154.4716895539514496, -17.45788136388649292 ) ) ;
#4974 = CARTESIAN_POINT ( 'NONE',  ( 56.31128874149275276, 62.73828822863980292, -55.47999999999998977 ) ) ;
#4975 = ADVANCED_FACE ( 'NONE', ( #4049 ), #3373, .T. ) ;
#4976 = DIRECTION ( 'NONE',  ( 0.000000000000000000, 0.000000000000000000, 1.000000000000000000 ) ) ;
#4977 = VECTOR ( 'NONE', #7159, 1000.000000000000114 ) ;
#4978 = VERTEX_POINT ( 'NONE', #7822 ) ;
#4979 = CARTESIAN_POINT ( 'NONE',  ( 8.000000000000000000, 30.73828822863979582, -55.48000000000000398 ) ) ;
#4980 = ORIENTED_EDGE ( 'NONE', *, *, #5991, .F. ) ;
#4981 = DIRECTION ( 'NONE',  ( 1.000000000000000000, 0.000000000000000000, 0.000000000000000000 ) ) ;
#4982 = VECTOR ( 'NONE', #8131, 1000.000000000000000 ) ;
#4983 = EDGE_CURVE ( 'NONE', #9963, #3736, #9614, .T. ) ;
#4984 = ORIENTED_EDGE ( 'NONE', *, *, #1867, .F. ) ;
#4985 = CARTESIAN_POINT ( 'NONE',  ( 16.00000000000000000, 0.000000000000000000, 0.000000000000000000 ) ) ;
#4986 = CARTESIAN_POINT ( 'NONE',  ( 15.00000000000000000, 235.0000000000000000, -10.00000000000000000 ) ) ;
#4987 = ORIENTED_EDGE ( 'NONE', *, *, #9975, .F. ) ;
#4988 = CARTESIAN_POINT ( 'NONE',  ( -0.000000000000000000, 234.9514604994691922, -7.899840187022536320 ) ) ;
#4989 = ORIENTED_EDGE ( 'NONE', *, *, #5329, .F. ) ;
#4990 = CARTESIAN_POINT ( 'NONE',  ( 10.24999999999523048, 0.000000000000000000, -10.00000000000000000 ) ) ;
#4991 = DIRECTION ( 'NONE',  ( 0.9396926207859098712, -0.000000000000000000, -0.3420201433256644385 ) ) ;
#4992 = ORIENTED_EDGE ( 'NONE', *, *, #5952, .T. ) ;
#4993 = DIRECTION ( 'NONE',  ( -2.434699615406045218E-16, 0.000000000000000000, -1.000000000000000000 ) ) ;
#4994 = CARTESIAN_POINT ( 'NONE',  ( 3.851859888774471706E-31, 8.000000000000000000, -14.12000000000002409 ) ) ;
#4995 = CIRCLE ( 'NONE', #1951, 0.8890000000000009006 ) ;
#4996 = CARTESIAN_POINT ( 'NONE',  ( 12.99999999999999467, 10.00000000000000711, -114.2540333075851606 ) ) ;
#4997 = ADVANCED_FACE ( 'NONE', ( #6931 ), #1305, .T. ) ;
#4998 = DIRECTION ( 'NONE',  ( 0.000000000000000000, 0.000000000000000000, 1.000000000000000000 ) ) ;
#4999 = EDGE_CURVE ( 'NONE', #7441, #10574, #2428, .T. ) ;
#5000 = DIRECTION ( 'NONE',  ( 0.000000000000000000, 1.000000000000000000, 1.267377881992188131E-16 ) ) ;
#5001 = ORIENTED_EDGE ( 'NONE', *, *, #8050, .T. ) ;
#5002 = CARTESIAN_POINT ( 'NONE',  ( 9.683672901654187370, 152.0000000000000000, -79.67846346531140966 ) ) ;
#5003 = ORIENTED_EDGE ( 'NONE', *, *, #250, .F. ) ;
#5004 = DIRECTION ( 'NONE',  ( 1.000000000000000000, -0.000000000000000000, -0.000000000000000000 ) ) ;
#5005 = LINE ( 'NONE', #7661, #9622 ) ;
#5006 = CIRCLE ( 'NONE', #2918, 3.000000000000002665 ) ;
#5007 = ORIENTED_EDGE ( 'NONE', *, *, #10109, .F. ) ;
#5008 = PLANE ( 'NONE',  #7868 ) ;
#5009 = LINE ( 'NONE', #1468, #5460 ) ;
#5010 = DIRECTION ( 'NONE',  ( 0.000000000000000000, 0.000000000000000000, 1.000000000000000000 ) ) ;
#5011 = ADVANCED_FACE ( 'NONE', ( #11352 ), #9665, .F. ) ;
#5012 = DIRECTION ( 'NONE',  ( -1.000000000000000000, 0.000000000000000000, 0.000000000000000000 ) ) ;
#5013 = DIRECTION ( 'NONE',  ( 0.000000000000000000, 0.000000000000000000, 1.000000000000000000 ) ) ;
#5014 = DIRECTION ( 'NONE',  ( 1.000000000000000000, -0.000000000000000000, -0.000000000000000000 ) ) ;
#5015 = DIRECTION ( 'NONE',  ( 0.000000000000000000, 0.000000000000000000, 1.000000000000000000 ) ) ;
#5016 = LINE ( 'NONE', #5586, #4785 ) ;
#5017 = ORIENTED_EDGE ( 'NONE', *, *, #6743, .F. ) ;
#5018 = VERTEX_POINT ( 'NONE', #5172 ) ;
#5019 = CARTESIAN_POINT ( 'NONE',  ( 8.000000000000010658, 10.00000000000000711, -38.50000000000002132 ) ) ;
#5020 = VECTOR ( 'NONE', #11087, 1000.000000000000000 ) ;
#5021 = VECTOR ( 'NONE', #3660, 1000.000000000000000 ) ;
#5022 = CARTESIAN_POINT ( 'NONE',  ( 0.000000000000000000, 226.9999999999999716, -128.1199999999999477 ) ) ;
#5023 = EDGE_CURVE ( 'NONE', #8886, #11152, #119, .T. ) ;
#5024 = DIRECTION ( 'NONE',  ( 0.8891264907159912578, -0.3236155771181805085, -0.3236155771181805085 ) ) ;
#5025 = VECTOR ( 'NONE', #6664, 1000.000000000000000 ) ;
#5026 = AXIS2_PLACEMENT_3D ( 'NONE', #6884, #3055, #254 ) ;
#5027 = FACE_OUTER_BOUND ( 'NONE', #8502, .T. ) ;
#5028 = VERTEX_POINT ( 'NONE', #3160 ) ;
#5029 = VERTEX_POINT ( 'NONE', #6825 ) ;
#5030 = ORIENTED_EDGE ( 'NONE', *, *, #5482, .F. ) ;
#5031 = DIRECTION ( 'NONE',  ( 1.000000000000000000, -0.000000000000000000, -0.000000000000000000 ) ) ;
#5032 = VERTEX_POINT ( 'NONE', #10458 ) ;
#5033 = EDGE_CURVE ( 'NONE', #10912, #8460, #5911, .T. ) ;
#5034 = CIRCLE ( 'NONE', #4266, 6.120000000000000107 ) ;
#5035 = AXIS2_PLACEMENT_3D ( 'NONE', #9202, #59, #1063 ) ;
#5036 = VERTEX_POINT ( 'NONE', #4102 ) ;
#5037 = EDGE_CURVE ( 'NONE', #3922, #7272, #5946, .T. ) ;
#5038 = CARTESIAN_POINT ( 'NONE',  ( 12.63153878766974891, 58.31647439977584924, -120.3633785090966626 ) ) ;
#5039 = CARTESIAN_POINT ( 'NONE',  ( 16.00000000000000000, 55.99339401947915462, -130.0000000000000000 ) ) ;
#5040 = CARTESIAN_POINT ( 'NONE',  ( 15.00000000000000355, 234.9564337177377809, -7.978096664942968985 ) ) ;
#5041 = ORIENTED_EDGE ( 'NONE', *, *, #613, .T. ) ;
#5042 = FACE_OUTER_BOUND ( 'NONE', #10259, .T. ) ;
#5043 = ORIENTED_EDGE ( 'NONE', *, *, #2720, .T. ) ;
#5044 = CIRCLE ( 'NONE', #9268, 5.500000000000032863 ) ;
#5045 = ORIENTED_EDGE ( 'NONE', *, *, #11585, .F. ) ;
#5046 = CARTESIAN_POINT ( 'NONE',  ( 16.00000000000000000, 53.82328822863980378, -118.4194297400666187 ) ) ;
#5047 = CARTESIAN_POINT ( 'NONE',  ( 16.00000000000000000, 62.73828822863980292, -52.47999999999997556 ) ) ;
#5048 = EDGE_CURVE ( 'NONE', #10082, #5028, #2736, .T. ) ;
#5049 = PLANE ( 'NONE',  #1965 ) ;
#5050 = DIRECTION ( 'NONE',  ( 1.000000000000000000, -0.000000000000000000, -0.000000000000000000 ) ) ;
#5051 = VECTOR ( 'NONE', #2292, 1000.000000000000000 ) ;
#5052 = DIRECTION ( 'NONE',  ( -1.000000000000000000, 0.000000000000000000, 0.000000000000000000 ) ) ;
#5053 = DIRECTION ( 'NONE',  ( 1.000000000000000000, -0.000000000000000000, -0.000000000000000000 ) ) ;
#5054 = EDGE_CURVE ( 'NONE', #11057, #5439, #8179, .T. ) ;
#5055 = ORIENTED_EDGE ( 'NONE', *, *, #10805, .F. ) ;
#5056 = CARTESIAN_POINT ( 'NONE',  ( 15.00000000000000000, 0.1729438554697910191, -6.658247161005736103 ) ) ;
#5057 = ORIENTED_EDGE ( 'NONE', *, *, #6914, .F. ) ;
#5058 = CARTESIAN_POINT ( 'NONE',  ( 8.000000000000000000, 125.7699044635446057, -38.50000000000000711 ) ) ;
#5059 = EDGE_LOOP ( 'NONE', ( #11154, #11795, #10346, #9940, #3684, #10340, #951, #6376, #8315 ) ) ;
#5060 = DIRECTION ( 'NONE',  ( 1.000000000000000000, 0.000000000000000000, 0.000000000000000000 ) ) ;
#5061 = VECTOR ( 'NONE', #11180, 1000.000000000000000 ) ;
#5062 = EDGE_CURVE ( 'NONE', #7488, #11564, #3191, .T. ) ;
#5063 = ADVANCED_FACE ( 'NONE', ( #9779 ), #8893, .F. ) ;
#5064 = ORIENTED_EDGE ( 'NONE', *, *, #7489, .F. ) ;
#5066 = ORIENTED_EDGE ( 'NONE', *, *, #9204, .F. ) ;
#5065 = DIRECTION ( 'NONE',  ( 0.000000000000000000, 0.000000000000000000, 1.000000000000000000 ) ) ;
#5067 = CARTESIAN_POINT ( 'NONE',  ( -0.000000000000000000, 234.6749864940893531, -124.1200491926790761 ) ) ;
#5068 = AXIS2_PLACEMENT_3D ( 'NONE', #11789, #21, #8085 ) ;
#5069 = CARTESIAN_POINT ( 'NONE',  ( 0.000000000000000000, 42.49999999999999289, -10.00000000000000888 ) ) ;
#5070 = PLANE ( 'NONE',  #9343 ) ;
#5071 = VERTEX_POINT ( 'NONE', #11708 ) ;
#5072 = CARTESIAN_POINT ( 'NONE',  ( 0.000000000000000000, 8.496496751003460758E-15, -67.00000000000001421 ) ) ;
#5073 = LINE ( 'NONE', #5320, #926 ) ;
#5074 = ORIENTED_EDGE ( 'NONE', *, *, #3897, .F. ) ;
#5075 = DIRECTION ( 'NONE',  ( 0.000000000000000000, 0.1537070062818697014, -0.9881164689548824764 ) ) ;
#5076 = AXIS2_PLACEMENT_3D ( 'NONE', #52, #10988, #9312 ) ;
#5077 = VERTEX_POINT ( 'NONE', #10989 ) ;
#5078 = CARTESIAN_POINT ( 'NONE',  ( 15.00000000000000000, 36.23873799335598989, -122.0000000000000000 ) ) ;
#5079 = EDGE_CURVE ( 'NONE', #8813, #10583, #956, .T. ) ;
#5080 = ADVANCED_FACE ( 'NONE', ( #3630 ), #8237, .T. ) ;
#5081 = ORIENTED_EDGE ( 'NONE', *, *, #8681, .F. ) ;
#5082 = DIRECTION ( 'NONE',  ( 0.000000000000000000, 0.000000000000000000, -1.000000000000000000 ) ) ;
#5083 = VECTOR ( 'NONE', #4223, 1000.000000000000114 ) ;
#5084 = CARTESIAN_POINT ( 'NONE',  ( 12.99999999999998579, 105.9214085087922541, -38.50000000000000711 ) ) ;
#5085 = DIRECTION ( 'NONE',  ( -1.000000000000000000, 0.000000000000000000, 0.000000000000000000 ) ) ;
#5086 = VERTEX_POINT ( 'NONE', #4398 ) ;
#5087 = ORIENTED_EDGE ( 'NONE', *, *, #6490, .T. ) ;
#5088 = ORIENTED_EDGE ( 'NONE', *, *, #5732, .T. ) ;
#5089 = DIRECTION ( 'NONE',  ( 0.000000000000000000, 0.000000000000000000, -1.000000000000000000 ) ) ;
#5090 = ORIENTED_EDGE ( 'NONE', *, *, #2017, .T. ) ;
#5091 = VECTOR ( 'NONE', #8714, 1000.000000000000000 ) ;
#5092 = B_SPLINE_CURVE_WITH_KNOTS ( 'NONE', 3,
 ( #1479, #717, #3173, #11608, #10475, #10581 ),
 .UNSPECIFIED., .F., .F.,
 ( 4, 2, 4 ),
 ( 7.518945123577808411E-07, 0.002704889474914648657, 0.005409027055316939676 ),
 .UNSPECIFIED. ) ;
#5093 = EDGE_CURVE ( 'NONE', #8953, #11454, #9020, .T. ) ;
#5094 = DIRECTION ( 'NONE',  ( 1.000000000000000000, -0.000000000000000000, -2.434699615406045218E-16 ) ) ;
#5095 = EDGE_LOOP ( 'NONE', ( #532, #3026, #1112, #11067 ) ) ;
#5096 = ORIENTED_EDGE ( 'NONE', *, *, #4071, .F. ) ;
#5097 = VECTOR ( 'NONE', #10013, 1000.000000000000000 ) ;
#5098 = LINE ( 'NONE', #1502, #6380 ) ;
#5099 = AXIS2_PLACEMENT_3D ( 'NONE', #8225, #6505, #5587 ) ;
#5100 = FACE_OUTER_BOUND ( 'NONE', #5059, .T. ) ;
#5101 = ORIENTED_EDGE ( 'NONE', *, *, #5681, .F. ) ;
#5102 = LINE ( 'NONE', #8532, #2454 ) ;
#5103 = CARTESIAN_POINT ( 'NONE',  ( 8.000000000000000000, 152.0000000000000000, -122.0000000000000000 ) ) ;
#5104 = EDGE_CURVE ( 'NONE', #10022, #6017, #7174, .T. ) ;
#5105 = DIRECTION ( 'NONE',  ( 1.000000000000000000, -0.000000000000000000, -0.000000000000000000 ) ) ;
#5106 = EDGE_LOOP ( 'NONE', ( #3033, #7535, #5896, #5685 ) ) ;
#5107 = CARTESIAN_POINT ( 'NONE',  ( 0.000000000000000000, 224.9999999999999716, -95.49999999999998579 ) ) ;
#5108 = EDGE_CURVE ( 'NONE', #1620, #3492, #8001, .T. ) ;
#5109 = VECTOR ( 'NONE', #4181, 1000.000000000000000 ) ;
#5110 = AXIS2_PLACEMENT_3D ( 'NONE', #713, #4286, #8015 ) ;
#5111 = AXIS2_PLACEMENT_3D ( 'NONE', #11001, #4528, #1726 ) ;
#5112 = CARTESIAN_POINT ( 'NONE',  ( 11.06891820560791828, 34.42607075317047105, -119.3448104879956446 ) ) ;
#5113 = DIRECTION ( 'NONE',  ( 1.000000000000000000, -0.000000000000000000, -0.000000000000000000 ) ) ;
#5114 = DIRECTION ( 'NONE',  ( 0.000000000000000000, 1.000000000000000000, -0.000000000000000000 ) ) ;
#5115 = LINE ( 'NONE', #4949, #6794 ) ;
#5116 = EDGE_CURVE ( 'NONE', #5403, #2956, #9870, .T. ) ;
#5117 = AXIS2_PLACEMENT_3D ( 'NONE', #9251, #3743, #10205 ) ;
#5118 = CIRCLE ( 'NONE', #548, 3.000000000000009770 ) ;
#5119 = CARTESIAN_POINT ( 'NONE',  ( 14.99999999999999822, 0.3314765323828421928, -5.850950647959110462 ) ) ;
#5120 = ORIENTED_EDGE ( 'NONE', *, *, #10708, .F. ) ;
#5121 = CYLINDRICAL_SURFACE ( 'NONE', #8777, 2.749999999999996447 ) ;
#5122 = ORIENTED_EDGE ( 'NONE', *, *, #11582, .T. ) ;
#5123 = CARTESIAN_POINT ( 'NONE',  ( 8.000000000000000000, 188.4999999999999432, -62.99999999999998579 ) ) ;
#5124 = ORIENTED_EDGE ( 'NONE', *, *, #5366, .T. ) ;
#5125 = ADVANCED_FACE ( 'NONE', ( #2553 ), #8120, .F. ) ;
#5127 = ORIENTED_EDGE ( 'NONE', *, *, #11513, .F. ) ;
#5126 = CARTESIAN_POINT ( 'NONE',  ( 12.99999999999997335, 10.00000000000006395, -91.50000000000001421 ) ) ;
#5128 = CARTESIAN_POINT ( 'NONE',  ( -0.000000000000000000, 229.1863454949348409, -129.6600988239719356 ) ) ;
#5129 = DIRECTION ( 'NONE',  ( 0.000000000000000000, 1.267377881992188131E-16, -1.000000000000000000 ) ) ;
#5130 = ORIENTED_EDGE ( 'NONE', *, *, #6186, .T. ) ;
#5131 = FACE_BOUND ( 'NONE', #10386, .T. ) ;
#5132 = ADVANCED_FACE ( 'NONE', ( #7108 ), #1778, .T. ) ;
#5133 = ORIENTED_EDGE ( 'NONE', *, *, #11736, .T. ) ;
#5134 = CARTESIAN_POINT ( 'NONE',  ( 15.00000000000000000, 8.000000000000000000, -122.0000000000000000 ) ) ;
#5135 = CARTESIAN_POINT ( 'NONE',  ( 14.86869354863676307, 102.9080050152813897, -37.61255645757714206 ) ) ;
#5136 = ORIENTED_EDGE ( 'NONE', *, *, #11371, .T. ) ;
#5137 = EDGE_LOOP ( 'NONE', ( #933, #8469, #3761, #6370 ) ) ;
#5138 = DIRECTION ( 'NONE',  ( 1.000000000000000000, 0.000000000000000000, 0.000000000000000000 ) ) ;
#5139 = ORIENTED_EDGE ( 'NONE', *, *, #1904, .F. ) ;
#5140 = CARTESIAN_POINT ( 'NONE',  ( 13.00000000000000178, 156.0000000000000000, -67.00000000000000000 ) ) ;
#5141 = CIRCLE ( 'NONE', #5538, 5.500000000000032863 ) ;
#5142 = CARTESIAN_POINT ( 'NONE',  ( 15.00000000000000000, 109.4999999999999858, -8.000000000000017764 ) ) ;
#5143 = CARTESIAN_POINT ( 'NONE',  ( 0.000000000000000000, 8.496496751003460758E-15, -38.50000000000002132 ) ) ;
#5144 = EDGE_CURVE ( 'NONE', #10557, #2019, #7234, .T. ) ;
#5145 = EDGE_CURVE ( 'NONE', #6755, #6568, #6209, .T. ) ;
#5146 = FACE_OUTER_BOUND ( 'NONE', #5475, .T. ) ;
#5147 = DIRECTION ( 'NONE',  ( -1.000000000000000000, -0.000000000000000000, -0.000000000000000000 ) ) ;
#5148 = ORIENTED_EDGE ( 'NONE', *, *, #4558, .T. ) ;
#5149 = VERTEX_POINT ( 'NONE', #1651 ) ;
#5150 = ORIENTED_EDGE ( 'NONE', *, *, #3768, .T. ) ;
#5151 = DIRECTION ( 'NONE',  ( 0.000000000000000000, 0.000000000000000000, 1.000000000000000000 ) ) ;
#5152 = VERTEX_POINT ( 'NONE', #761 ) ;
#5153 = VECTOR ( 'NONE', #8936, 1000.000000000000000 ) ;
#5154 = FACE_OUTER_BOUND ( 'NONE', #7482, .T. ) ;
#5155 = ORIENTED_EDGE ( 'NONE', *, *, #8393, .T. ) ;
#5156 = CONICAL_SURFACE ( 'NONE', #2694, 3.000000000000002665, 0.3490658503988593453 ) ;
#5157 = ADVANCED_FACE ( 'NONE', ( #6334 ), #880, .F. ) ;
#5158 = ORIENTED_EDGE ( 'NONE', *, *, #8265, .F. ) ;
#5159 = PLANE ( 'NONE',  #10104 ) ;
#5160 = CARTESIAN_POINT ( 'NONE',  ( 0.000000000000000000, 152.0000000000000000, 0.000000000000000000 ) ) ;
#5161 = CARTESIAN_POINT ( 'NONE',  ( -0.000000000000000000, 227.0489247672448130, -0.04523735437266248466 ) ) ;
#5162 = ORIENTED_EDGE ( 'NONE', *, *, #385, .F. ) ;
#5163 = CARTESIAN_POINT ( 'NONE',  ( 8.000000000000000000, 66.73828822863980292, -28.51360740926766368 ) ) ;
#5164 = VECTOR ( 'NONE', #4808, 1000.000000000000000 ) ;
#5165 = LINE ( 'NONE', #3374, #2981 ) ;
#5166 = CARTESIAN_POINT ( 'NONE',  ( 15.00000000000000000, 226.9999999999999716, -8.000000000000001776 ) ) ;
#5167 = PLANE ( 'NONE',  #7445 ) ;
#5168 = EDGE_CURVE ( 'NONE', #6092, #7474, #6701, .T. ) ;
#5169 = VECTOR ( 'NONE', #2835, 1000.000000000000000 ) ;
#5170 = DIRECTION ( 'NONE',  ( 1.000000000000000000, -0.000000000000000000, -0.000000000000000000 ) ) ;
#5171 = ORIENTED_EDGE ( 'NONE', *, *, #8484, .T. ) ;
#5172 = CARTESIAN_POINT ( 'NONE',  ( 12.99999999999998934, 125.2459666924148678, -9.999999999999998224 ) ) ;
#5173 = ORIENTED_EDGE ( 'NONE', *, *, #3828, .T. ) ;
#5174 = CARTESIAN_POINT ( 'NONE',  ( 13.00000000000000178, 226.9999999999999716, -91.49999999999998579 ) ) ;
#5175 = ORIENTED_EDGE ( 'NONE', *, *, #7611, .F. ) ;
#5176 = LINE ( 'NONE', #8005, #6969 ) ;
#5177 = VERTEX_POINT ( 'NONE', #8354 ) ;
#5178 = AXIS2_PLACEMENT_3D ( 'NONE', #1618, #6364, #7139 ) ;
#5179 = EDGE_CURVE ( 'NONE', #8880, #5332, #8536, .T. ) ;
#5181 = VERTEX_POINT ( 'NONE', #6573 ) ;
#5180 = DIRECTION ( 'NONE',  ( -1.000000000000000000, 0.000000000000000000, 0.000000000000000000 ) ) ;
#5182 = DIRECTION ( 'NONE',  ( -1.000000000000000000, 0.000000000000000000, 0.000000000000000000 ) ) ;
#5183 = CARTESIAN_POINT ( 'NONE',  ( -0.000000000000000000, 234.9540378777805927, -122.0603914069607754 ) ) ;
#5184 = DIRECTION ( 'NONE',  ( 0.000000000000000000, 0.000000000000000000, 1.000000000000000000 ) ) ;
#5185 = CARTESIAN_POINT ( 'NONE',  ( 7.990000000000000213, 18.00000000000000000, -77.50000000000008527 ) ) ;
#5186 = ORIENTED_EDGE ( 'NONE', *, *, #8360, .T. ) ;
#5187 = FACE_BOUND ( 'NONE', #1911, .T. ) ;
#5188 = VERTEX_POINT ( 'NONE', #5726 ) ;
#5189 = VECTOR ( 'NONE', #7025, 1000.000000000000000 ) ;
#5190 = CARTESIAN_POINT ( 'NONE',  ( 0.000000000000000000, 235.0000000000000000, -120.0000000000000000 ) ) ;
#5191 = CARTESIAN_POINT ( 'NONE',  ( 8.000000000000003553, 82.99999999999998579, -88.50399509887967042 ) ) ;
#5192 = EDGE_LOOP ( 'NONE', ( #4957, #6881, #7990, #555 ) ) ;
#5193 = ORIENTED_EDGE ( 'NONE', *, *, #11100, .F. ) ;
#5194 = VERTEX_POINT ( 'NONE', #2139 ) ;
#5195 = EDGE_CURVE ( 'NONE', #522, #10946, #11223, .T. ) ;
#5196 = VECTOR ( 'NONE', #11775, 1000.000000000000000 ) ;
#5197 = DIRECTION ( 'NONE',  ( 0.000000000000000000, 0.000000000000000000, 1.000000000000000000 ) ) ;
#5198 = CIRCLE ( 'NONE', #1976, 0.8890000000000009006 ) ;
#5199 = DIRECTION ( 'NONE',  ( 1.000000000000000000, -0.000000000000000000, -0.000000000000000000 ) ) ;
#5200 = CARTESIAN_POINT ( 'NONE',  ( 16.00000000000000000, 87.66800501528138057, -94.41255645757715342 ) ) ;
#5201 = DIRECTION ( 'NONE',  ( 1.000000000000000000, -0.000000000000000000, -0.000000000000000000 ) ) ;
#5202 = FACE_OUTER_BOUND ( 'NONE', #9191, .T. ) ;
#5203 = ADVANCED_FACE ( 'NONE', ( #9438 ), #1896, .T. ) ;
#5204 = ORIENTED_EDGE ( 'NONE', *, *, #10507, .F. ) ;
#5205 = VERTEX_POINT ( 'NONE', #6636 ) ;
#5206 = ORIENTED_EDGE ( 'NONE', *, *, #9906, .F. ) ;
#5207 = CARTESIAN_POINT ( 'NONE',  ( 10.24999999999523048, 6.636038969321074177, 3.903127820947815962E-16 ) ) ;
#5208 = CARTESIAN_POINT ( 'NONE',  ( 16.00000000000000000, 20.37152769304129762, -21.51360740926766368 ) ) ;
#5209 = VERTEX_POINT ( 'NONE', #1115 ) ;
#5210 = AXIS2_PLACEMENT_3D ( 'NONE', #8512, #4014, #4909 ) ;
#5211 = EDGE_CURVE ( 'NONE', #2026, #9436, #2052, .T. ) ;
#5212 = EDGE_CURVE ( 'NONE', #2154, #9500, #292, .T. ) ;
#5213 = DIRECTION ( 'NONE',  ( 0.000000000000000000, 1.000000000000000000, -0.000000000000000000 ) ) ;
#5214 = ORIENTED_EDGE ( 'NONE', *, *, #4191, .F. ) ;
#5215 = CIRCLE ( 'NONE', #9802, 8.000000000000005329 ) ;
#5216 = VECTOR ( 'NONE', #1308, 1000.000000000000000 ) ;
#5217 = CARTESIAN_POINT ( 'NONE',  ( 3.851859888774471706E-31, 226.9999999999999716, -14.11999999999998856 ) ) ;
#5218 = CARTESIAN_POINT ( 'NONE',  ( 12.99999999999998934, 132.4430293158257257, -91.50000000000000000 ) ) ;
#5219 = DIRECTION ( 'NONE',  ( 1.000000000000000000, -0.000000000000000000, -0.000000000000000000 ) ) ;
#5220 = LINE ( 'NONE', #2604, #8995 ) ;
#5221 = CARTESIAN_POINT ( 'NONE',  ( 8.000000000000000000, 217.0000000000000284, -71.37999999999999545 ) ) ;
#5222 = ORIENTED_EDGE ( 'NONE', *, *, #10156, .F. ) ;
#5223 = ORIENTED_EDGE ( 'NONE', *, *, #3983, .T. ) ;
#5224 = CARTESIAN_POINT ( 'NONE',  ( 8.000000000000000000, 0.000000000000000000, 0.000000000000000000 ) ) ;
#5225 = VECTOR ( 'NONE', #1536, 1000.000000000000000 ) ;
#5226 = EDGE_CURVE ( 'NONE', #10596, #7070, #7478, .T. ) ;
#5227 = ORIENTED_EDGE ( 'NONE', *, *, #9637, .F. ) ;
#5228 = DIRECTION ( 'NONE',  ( -1.000000000000000000, 0.000000000000000000, 0.000000000000000000 ) ) ;
#5229 = LINE ( 'NONE', #5479, #8186 ) ;
#5230 = AXIS2_PLACEMENT_3D ( 'NONE', #9017, #6208, #2491 ) ;
#5231 = VECTOR ( 'NONE', #4866, 1000.000000000000000 ) ;
#5232 = DIRECTION ( 'NONE',  ( 1.000000000000000000, 0.000000000000000000, 0.000000000000000000 ) ) ;
#5233 = DIRECTION ( 'NONE',  ( 1.000000000000000000, -0.000000000000000000, -0.000000000000000000 ) ) ;
#5234 = DIRECTION ( 'NONE',  ( -1.000000000000000000, -0.000000000000000000, -0.000000000000000000 ) ) ;
#5235 = EDGE_LOOP ( 'NONE', ( #1537, #2554 ) ) ;
#5236 = CARTESIAN_POINT ( 'NONE',  ( -0.002000000000000265454, 115.4999999999999858, -15.74596669241485536 ) ) ;
#5237 = ORIENTED_EDGE ( 'NONE', *, *, #3151, .T. ) ;
#5238 = FACE_BOUND ( 'NONE', #1781, .T. ) ;
#5239 = ORIENTED_EDGE ( 'NONE', *, *, #389, .F. ) ;
#5240 = EDGE_CURVE ( 'NONE', #8604, #2659, #6655, .T. ) ;
#5241 = CIRCLE ( 'NONE', #1821, 6.120000000000000107 ) ;
#5242 = DIRECTION ( 'NONE',  ( -0.000000000000000000, -0.07710059492488814670, 0.9970233188156776283 ) ) ;
#5243 = CARTESIAN_POINT ( 'NONE',  ( 8.000000000000000000, 7.999999999999992895, -10.00000000000001421 ) ) ;
#5245 = ORIENTED_EDGE ( 'NONE', *, *, #5261, .T. ) ;
#5244 = CARTESIAN_POINT ( 'NONE',  ( -0.7500000000000006661, 235.0000000000000000, -121.6819805153394753 ) ) ;
#5246 = CARTESIAN_POINT ( 'NONE',  ( 0.000000000000000000, 46.50000000000000000, -91.50000000000001421 ) ) ;
#5247 = FACE_OUTER_BOUND ( 'NONE', #9627, .T. ) ;
#5248 = DIRECTION ( 'NONE',  ( -1.000000000000000000, -0.000000000000000000, -0.000000000000000000 ) ) ;
#5249 = CARTESIAN_POINT ( 'NONE',  ( 0.000000000000000000, 224.9999999999999716, -62.99999999999998579 ) ) ;
#5250 = PLANE ( 'NONE',  #11814 ) ;
#5251 = ORIENTED_EDGE ( 'NONE', *, *, #2350, .F. ) ;
#5252 = DIRECTION ( 'NONE',  ( 1.000000000000000000, 0.000000000000000000, 0.000000000000000000 ) ) ;
#5253 = AXIS2_PLACEMENT_3D ( 'NONE', #3651, #5446, #7381 ) ;
#5254 = FACE_OUTER_BOUND ( 'NONE', #3483, .T. ) ;
#5255 = EDGE_LOOP ( 'NONE', ( #2214, #2543 ) ) ;
#5256 = CARTESIAN_POINT ( 'NONE',  ( 8.000000000000000000, 46.49999999999998579, -67.00000000000001421 ) ) ;
#5257 = EDGE_CURVE ( 'NONE', #5885, #2996, #3927, .T. ) ;
#5258 = EDGE_LOOP ( 'NONE', ( #7058, #10165, #6691, #8946, #5870, #3255 ) ) ;
#5259 = DIRECTION ( 'NONE',  ( 1.000000000000000000, -0.000000000000000000, -0.000000000000000000 ) ) ;
#5260 = ORIENTED_EDGE ( 'NONE', *, *, #8986, .F. ) ;
#5261 = EDGE_CURVE ( 'NONE', #1435, #6557, #10330, .T. ) ;
#5262 = LINE ( 'NONE', #10772, #1423 ) ;
#5263 = CARTESIAN_POINT ( 'NONE',  ( 16.00000000000000000, 62.73828822863980292, -106.4799999999999898 ) ) ;
#5264 = DIRECTION ( 'NONE',  ( 1.000000000000000000, -0.000000000000000000, -0.000000000000000000 ) ) ;
#5265 = CIRCLE ( 'NONE', #2231, 0.8890000000000009006 ) ;
#5266 = B_SPLINE_CURVE_WITH_KNOTS ( 'NONE', 3,
 ( #2936, #4723, #6603, #8383, #4004, #143, #7616, #2999 ),
 .UNSPECIFIED., .F., .F.,
 ( 4, 2, 2, 4 ),
 ( 7.599414888697279894E-07, 0.002765065485940372287, 0.004147218258166105939, 0.005529371030391840025 ),
 .UNSPECIFIED. ) ;
#5267 = CARTESIAN_POINT ( 'NONE',  ( 0.000000000000000000, 7.979415714894989776E-15, -63.00000000000001421 ) ) ;
#5268 = CYLINDRICAL_SURFACE ( 'NONE', #5380, 6.120000000000000107 ) ;
#5269 = ORIENTED_EDGE ( 'NONE', *, *, #2979, .F. ) ;
#5270 = EDGE_CURVE ( 'NONE', #1176, #6092, #3865, .T. ) ;
#5271 = EDGE_LOOP ( 'NONE', ( #900, #4636, #7889, #4932 ) ) ;
#5272 = ORIENTED_EDGE ( 'NONE', *, *, #8140, .T. ) ;
#5273 = DIRECTION ( 'NONE',  ( 0.000000000000000000, 0.000000000000000000, 1.000000000000000000 ) ) ;
#5274 = CARTESIAN_POINT ( 'NONE',  ( 56.31128874149275276, 57.72328822863980236, -109.9800000000000040 ) ) ;
#5275 = ORIENTED_EDGE ( 'NONE', *, *, #5226, .F. ) ;
#5276 = CIRCLE ( 'NONE', #8907, 5.500000000000032863 ) ;
#5277 = LINE ( 'NONE', #6816, #5954 ) ;
#5278 = ORIENTED_EDGE ( 'NONE', *, *, #3296, .F. ) ;
#5279 = CARTESIAN_POINT ( 'NONE',  ( 14.86869354863676307, 154.4716895539514496, -72.45788136388648581 ) ) ;
#5280 = ORIENTED_EDGE ( 'NONE', *, *, #5625, .T. ) ;
#5281 = ADVANCED_FACE ( 'NONE', ( #11231 ), #7532, .F. ) ;
#5282 = CARTESIAN_POINT ( 'NONE',  ( 12.99999999999997335, 10.00000000000006395, -67.00000000000001421 ) ) ;
#5283 = CARTESIAN_POINT ( 'NONE',  ( 3.851859888774471706E-31, 8.000000000000000000, -122.0000000000000000 ) ) ;
#5284 = CARTESIAN_POINT ( 'NONE',  ( 12.99999999999999467, 119.5000000000000000, -114.2540333075851606 ) ) ;
#5285 = ORIENTED_EDGE ( 'NONE', *, *, #6549, .F. ) ;
#5286 = EDGE_CURVE ( 'NONE', #8775, #11652, #11027, .T. ) ;
#5287 = DIRECTION ( 'NONE',  ( 1.000000000000000000, 0.000000000000000000, 0.000000000000000000 ) ) ;
#5288 = VECTOR ( 'NONE', #3943, 1000.000000000000000 ) ;
#5289 = LINE ( 'NONE', #1828, #5878 ) ;
#5290 = ORIENTED_EDGE ( 'NONE', *, *, #1003, .T. ) ;
#5291 = ORIENTED_EDGE ( 'NONE', *, *, #5093, .F. ) ;
#5292 = LINE ( 'NONE', #6015, #1236 ) ;
#5293 = ORIENTED_EDGE ( 'NONE', *, *, #4364, .F. ) ;
#5294 = AXIS2_PLACEMENT_3D ( 'NONE', #38, #10191, #2841 ) ;
#5295 = AXIS2_PLACEMENT_3D ( 'NONE', #6741, #3079, #10597 ) ;
#5296 = CARTESIAN_POINT ( 'NONE',  ( 15.00000000000000000, 224.9999999999999716, -129.9999999999999716 ) ) ;
#5297 = FACE_OUTER_BOUND ( 'NONE', #87, .T. ) ;
#5298 = DIRECTION ( 'NONE',  ( 0.000000000000000000, 0.000000000000000000, -1.000000000000000000 ) ) ;
#5299 = DIRECTION ( 'NONE',  ( 1.000000000000000000, 0.000000000000000000, 0.000000000000000000 ) ) ;
#5300 = EDGE_CURVE ( 'NONE', #7363, #789, #10147, .T. ) ;
#5301 = ADVANCED_FACE ( 'NONE', ( #6457 ), #11047, .T. ) ;
#5302 = CARTESIAN_POINT ( 'NONE',  ( 56.31128874149275276, 102.9080050152813897, -40.61255645757714916 ) ) ;
#5303 = ORIENTED_EDGE ( 'NONE', *, *, #6608, .F. ) ;
#5304 = CARTESIAN_POINT ( 'NONE',  ( 5.839999999999999858, 135.9280050152813999, -93.57155645757715945 ) ) ;
#5305 = ORIENTED_EDGE ( 'NONE', *, *, #6901, .F. ) ;
#5306 = CARTESIAN_POINT ( 'NONE',  ( 14.86869354863678439, 73.10504876423827625, -24.51360740926764592 ) ) ;
#5307 = DIRECTION ( 'NONE',  ( 0.000000000000000000, 0.000000000000000000, 1.000000000000000000 ) ) ;
#5309 = ORIENTED_EDGE ( 'NONE', *, *, #2126, .T. ) ;
#5308 = LINE ( 'NONE', #4465, #8331 ) ;
#5310 = AXIS2_PLACEMENT_3D ( 'NONE', #2306, #4930, #7807 ) ;
#5311 = DIRECTION ( 'NONE',  ( 0.000000000000000000, 1.267377881992188131E-16, -1.000000000000000000 ) ) ;
#5312 = CARTESIAN_POINT ( 'NONE',  ( 8.000000000000000000, 82.99999999999995737, -34.50000000000000711 ) ) ;
#5313 = VECTOR ( 'NONE', #8408, 1000.000000000000000 ) ;
#5314 = CARTESIAN_POINT ( 'NONE',  ( 14.86869354863667247, 57.72328822863980236, -109.9800000000000040 ) ) ;
#5315 = CARTESIAN_POINT ( 'NONE',  ( 8.000000000000000000, 7.999999999999992895, -63.00000000000001421 ) ) ;
#5316 = CARTESIAN_POINT ( 'NONE',  ( 16.00000000000000000, 135.9280050152813999, -92.68255645757714944 ) ) ;
#5317 = EDGE_LOOP ( 'NONE', ( #6653, #5309, #11821, #10018, #9597, #7712, #6253, #2640, #3573 ) ) ;
#5318 = EDGE_CURVE ( 'NONE', #4116, #5910, #1504, .T. ) ;
#5319 = CARTESIAN_POINT ( 'NONE',  ( 8.000000000000000000, 156.0000000000000000, -70.17448594233233905 ) ) ;
#5320 = CARTESIAN_POINT ( 'NONE',  ( 8.000000000000000000, 46.50000000000000000, -122.0000000000000000 ) ) ;
#5321 = EDGE_LOOP ( 'NONE', ( #1574, #4587, #5361, #9403 ) ) ;
#5322 = EDGE_LOOP ( 'NONE', ( #5347, #9419, #5041, #5955 ) ) ;
#5323 = DIRECTION ( 'NONE',  ( 1.000000000000000000, 0.000000000000000000, 0.000000000000000000 ) ) ;
#5324 = AXIS2_PLACEMENT_3D ( 'NONE', #277, #5880, #4976 ) ;
#5325 = ORIENTED_EDGE ( 'NONE', *, *, #407, .F. ) ;
#5326 = LINE ( 'NONE', #3770, #6982 ) ;
#5327 = DIRECTION ( 'NONE',  ( 0.000000000000000000, -0.000000000000000000, 1.000000000000000000 ) ) ;
#5328 = CARTESIAN_POINT ( 'NONE',  ( 12.99999999999999822, 156.0000000000000000, -78.80568102659827900 ) ) ;
#5329 = EDGE_CURVE ( 'NONE', #8032, #10766, #10388, .T. ) ;
#5330 = CARTESIAN_POINT ( 'NONE',  ( 0.000000000000000000, 235.0000000000000000, -10.00000000000000000 ) ) ;
#5331 = CARTESIAN_POINT ( 'NONE',  ( 7.990000000000000213, 217.0000000000000284, -52.50000000000000711 ) ) ;
#5332 = VERTEX_POINT ( 'NONE', #2418 ) ;
#5333 = VERTEX_POINT ( 'NONE', #450 ) ;
#5334 = CARTESIAN_POINT ( 'NONE',  ( 8.000000000000000000, 7.999999999999992895, -63.00000000000001421 ) ) ;
#5335 = CARTESIAN_POINT ( 'NONE',  ( 8.000000000000000000, 60.16829050924108913, -119.3777202483804132 ) ) ;
#5336 = ORIENTED_EDGE ( 'NONE', *, *, #9544, .T. ) ;
#5337 = DIRECTION ( 'NONE',  ( -1.000000000000000000, 0.000000000000000000, 0.000000000000000000 ) ) ;
#5338 = CARTESIAN_POINT ( 'NONE',  ( 0.000000000000000000, 192.5000000000000000, -66.99999999999998579 ) ) ;
#5339 = CARTESIAN_POINT ( 'NONE',  ( 16.00000000000000000, 102.9080050152813897, -40.61255645757714916 ) ) ;
#5340 = ORIENTED_EDGE ( 'NONE', *, *, #3363, .F. ) ;
#5341 = ADVANCED_FACE ( 'NONE', ( #5042 ), #2360, .F. ) ;
#5342 = CYLINDRICAL_SURFACE ( 'NONE', #2926, 2.750000000000002665 ) ;
#5343 = ADVANCED_FACE ( 'NONE', ( #9551 ), #9653, .T. ) ;
#5344 = CARTESIAN_POINT ( 'NONE',  ( 12.99999999999998224, 83.00000000000004263, -10.00000000000000533 ) ) ;
#5345 = CARTESIAN_POINT ( 'NONE',  ( 15.00000000000000178, 230.4251934011054175, -0.6939598060876830399 ) ) ;
#5346 = AXIS2_PLACEMENT_3D ( 'NONE', #5951, #1509, #9601 ) ;
#5347 = ORIENTED_EDGE ( 'NONE', *, *, #7195, .F. ) ;
#5348 = CARTESIAN_POINT ( 'NONE',  ( 5.839999999999999858, 62.73828822863980292, -56.36899999999998556 ) ) ;
#5349 = LINE ( 'NONE', #4320, #8737 ) ;
#5350 = ORIENTED_EDGE ( 'NONE', *, *, #11220, .T. ) ;
#5351 = EDGE_LOOP ( 'NONE', ( #4640, #6212, #790, #6184 ) ) ;
#5352 = LINE ( 'NONE', #10866, #11359 ) ;
#5353 = VERTEX_POINT ( 'NONE', #11337 ) ;
#5354 = AXIS2_PLACEMENT_3D ( 'NONE', #9241, #6504, #11093 ) ;
#5355 = EDGE_CURVE ( 'NONE', #1208, #7124, #3382, .T. ) ;
#5356 = DIRECTION ( 'NONE',  ( 0.000000000000000000, 1.000000000000000000, 1.267377881992188131E-16 ) ) ;
#5357 = FACE_OUTER_BOUND ( 'NONE', #890, .T. ) ;
#5358 = FACE_OUTER_BOUND ( 'NONE', #5805, .T. ) ;
#5359 = ORIENTED_EDGE ( 'NONE', *, *, #5647, .F. ) ;
#5360 = CARTESIAN_POINT ( 'NONE',  ( 15.00000000000000000, 0.000000000000000000, -10.00000000000000000 ) ) ;
#5361 = ORIENTED_EDGE ( 'NONE', *, *, #10412, .T. ) ;
#5362 = LINE ( 'NONE', #3748, #10688 ) ;
#5363 = AXIS2_PLACEMENT_3D ( 'NONE', #1051, #4686, #8347 ) ;
#5364 = VERTEX_POINT ( 'NONE', #6920 ) ;
#5365 = CARTESIAN_POINT ( 'NONE',  ( 8.000000000000007105, 156.0000000000000000, -63.00000000000000000 ) ) ;
#5366 = EDGE_CURVE ( 'NONE', #8051, #10196, #3145, .T. ) ;
#5367 = EDGE_CURVE ( 'NONE', #5794, #11173, #3616, .T. ) ;
#5369 = EDGE_LOOP ( 'NONE', ( #5656, #7291, #3734, #3290, #3614, #5454, #8127, #9707, #9689, #1383, #4684, #6752, #8021, #9799 ) ) ;
#5368 = CARTESIAN_POINT ( 'NONE',  ( 10.24999999999523048, 235.0000000000000284, -120.0000000000000142 ) ) ;
#5370 = CARTESIAN_POINT ( 'NONE',  ( 11.86636227086754580, 87.43065668384731737, -95.50000000000002842 ) ) ;
#5371 = DIRECTION ( 'NONE',  ( 0.000000000000000000, 1.000000000000000000, 1.267377881992188131E-16 ) ) ;
#5372 = CARTESIAN_POINT ( 'NONE',  ( 6.999999999999999112, 226.9999999999999716, -5.249999999999999112 ) ) ;
#5373 = DIRECTION ( 'NONE',  ( -1.000000000000000000, 0.000000000000000000, 0.000000000000000000 ) ) ;
#5374 = LINE ( 'NONE', #6290, #6957 ) ;
#5375 = ORIENTED_EDGE ( 'NONE', *, *, #9178, .F. ) ;
#5376 = CYLINDRICAL_SURFACE ( 'NONE', #8543, 3.000000000000002665 ) ;
#5377 = CARTESIAN_POINT ( 'NONE',  ( 9.676170411635970581, 126.4351502841275448, -38.50000000000000711 ) ) ;
#5378 = VERTEX_POINT ( 'NONE', #749 ) ;
#5379 = DIRECTION ( 'NONE',  ( 0.000000000000000000, 0.000000000000000000, -1.000000000000000000 ) ) ;
#5380 = AXIS2_PLACEMENT_3D ( 'NONE', #8926, #8029, #4489 ) ;
#5381 = EDGE_CURVE ( 'NONE', #7558, #2869, #9691, .T. ) ;
#5382 = LINE ( 'NONE', #10055, #6806 ) ;
#5383 = PLANE ( 'NONE',  #5465 ) ;
#5384 = VECTOR ( 'NONE', #4585, 1000.000000000000000 ) ;
#5385 = DIRECTION ( 'NONE',  ( -1.267377881992188131E-16, -1.000000000000000000, -1.267377881992188131E-16 ) ) ;
#5386 = CARTESIAN_POINT ( 'NONE',  ( 12.99999999999998224, 79.00000000000004263, -91.50000000000000000 ) ) ;
#5387 = PLANE ( 'NONE',  #6850 ) ;
#5388 = CARTESIAN_POINT ( 'NONE',  ( 0.000000000000000000, 156.0000000000000000, -91.50000000000000000 ) ) ;
#5389 = ORIENTED_EDGE ( 'NONE', *, *, #2795, .F. ) ;
#5390 = ORIENTED_EDGE ( 'NONE', *, *, #11447, .F. ) ;
#5391 = CARTESIAN_POINT ( 'NONE',  ( 10.24999999999523048, 2.928932188134525827, -0.7169191983608323993 ) ) ;
#5392 = ORIENTED_EDGE ( 'NONE', *, *, #5381, .T. ) ;
#5393 = CARTESIAN_POINT ( 'NONE',  ( 10.24999999999523048, 10.00000000000000000, -130.0000000000000000 ) ) ;
#5394 = CIRCLE ( 'NONE', #260, 2.999999999999992450 ) ;
#5395 = CYLINDRICAL_SURFACE ( 'NONE', #1184, 3.000000000000009770 ) ;
#5396 = EDGE_CURVE ( 'NONE', #8745, #2859, #11573, .T. ) ;
#5397 = CARTESIAN_POINT ( 'NONE',  ( 8.000000000000000000, 217.0000000000000284, -77.50000000000000000 ) ) ;
#5398 = ADVANCED_BREP_SHAPE_REPRESENTATION ( 'Control Box 2', ( #5823, #192 ), #8765 ) ;
#5399 = VERTEX_POINT ( 'NONE', #9955 ) ;
#5400 = DIRECTION ( 'NONE',  ( 0.9396107080206423934, -0.3419903295173000179, 0.01320348020771855077 ) ) ;
#5401 = CARTESIAN_POINT ( 'NONE',  ( 0.000000000000000000, 18.00000000000000000, -80.25000000000008527 ) ) ;
#5402 = LINE ( 'NONE', #8942, #6493 ) ;
#5403 = VERTEX_POINT ( 'NONE', #7925 ) ;
#5404 = LINE ( 'NONE', #1572, #10710 ) ;
#5405 = DIRECTION ( 'NONE',  ( 1.000000000000000000, -0.000000000000000000, -0.000000000000000000 ) ) ;
#5406 = EDGE_LOOP ( 'NONE', ( #5074, #2086, #5714, #3728 ) ) ;
#5407 = EDGE_CURVE ( 'NONE', #4834, #9681, #7788, .T. ) ;
#5408 = VERTEX_POINT ( 'NONE', #10919 ) ;
#5409 = DIRECTION ( 'NONE',  ( -1.000000000000000000, -0.000000000000000000, -0.000000000000000000 ) ) ;
#5410 = EDGE_CURVE ( 'NONE', #5688, #7272, #9897, .T. ) ;
#5411 = CIRCLE ( 'NONE', #8856, 0.8890000000000009006 ) ;
#5412 = AXIS2_PLACEMENT_3D ( 'NONE', #4969, #10306, #3234 ) ;
#5413 = ORIENTED_EDGE ( 'NONE', *, *, #6106, .T. ) ;
#5414 = DIRECTION ( 'NONE',  ( -1.000000000000000000, 0.000000000000000000, 0.000000000000000000 ) ) ;
#5415 = FACE_OUTER_BOUND ( 'NONE', #7175, .T. ) ;
#5416 = DIRECTION ( 'NONE',  ( -1.267377881992188131E-16, -1.000000000000000000, -1.267377881992188131E-16 ) ) ;
#5417 = ORIENTED_EDGE ( 'NONE', *, *, #9835, .T. ) ;
#5418 = DIRECTION ( 'NONE',  ( 0.000000000000000000, 0.000000000000000000, -1.000000000000000000 ) ) ;
#5419 = VECTOR ( 'NONE', #3954, 1000.000000000000000 ) ;
#5420 = CARTESIAN_POINT ( 'NONE',  ( 8.000000000000000000, 97.82990446354459380, -38.50000000000000711 ) ) ;
#5421 = VERTEX_POINT ( 'NONE', #10862 ) ;
#5422 = FACE_OUTER_BOUND ( 'NONE', #4490, .T. ) ;
#5423 = AXIS2_PLACEMENT_3D ( 'NONE', #11414, #5857, #8552 ) ;
#5424 = ADVANCED_FACE ( 'NONE', ( #2724 ), #10015, .T. ) ;
#5425 = ORIENTED_EDGE ( 'NONE', *, *, #5593, .F. ) ;
#5426 = PLANE ( 'NONE',  #4858 ) ;
#5427 = CARTESIAN_POINT ( 'NONE',  ( 24.00000000000000000, 53.82328822863979667, -109.9800000000000040 ) ) ;
#5428 = ORIENTED_EDGE ( 'NONE', *, *, #6679, .T. ) ;
#5429 = VECTOR ( 'NONE', #7934, 1000.000000000000114 ) ;
#5431 = VERTEX_POINT ( 'NONE', #9070 ) ;
#5430 = CARTESIAN_POINT ( 'NONE',  ( 16.00000000000000000, 73.10504876423827625, -23.37060740926764879 ) ) ;
#5432 = AXIS2_PLACEMENT_3D ( 'NONE', #7814, #7991, #2544 ) ;
#5433 = DIRECTION ( 'NONE',  ( -0.9396926207859105373, 0.000000000000000000, 0.3420201433256624957 ) ) ;
#5434 = CYLINDRICAL_SURFACE ( 'NONE', #9892, 0.8890000000000009006 ) ;
#5435 = DIRECTION ( 'NONE',  ( 0.3420201433256638834, -0.000000000000000000, 0.9396926207859102043 ) ) ;
#5436 = CARTESIAN_POINT ( 'NONE',  ( 76.85600359412816829, 59.07160888220155925, -122.0000000000000000 ) ) ;
#5437 = VERTEX_POINT ( 'NONE', #6130 ) ;
#5438 = CARTESIAN_POINT ( 'NONE',  ( 13.00000000000000888, 35.07313939997078478, -118.5962590220323278 ) ) ;
#5439 = VERTEX_POINT ( 'NONE', #1763 ) ;
#5440 = CARTESIAN_POINT ( 'NONE',  ( 13.00000000000000178, 226.9999999999999716, -38.49999999999999289 ) ) ;
#5441 = VERTEX_POINT ( 'NONE', #867 ) ;
#5442 = EDGE_CURVE ( 'NONE', #3432, #10903, #2432, .T. ) ;
#5443 = ORIENTED_EDGE ( 'NONE', *, *, #2001, .F. ) ;
#5444 = FACE_OUTER_BOUND ( 'NONE', #8218, .T. ) ;
#5445 = VECTOR ( 'NONE', #10978, 1000.000000000000000 ) ;
#5446 = DIRECTION ( 'NONE',  ( -1.000000000000000000, 0.000000000000000000, 0.000000000000000000 ) ) ;
#5447 = CARTESIAN_POINT ( 'NONE',  ( 8.000000000000000000, 102.9080050152813897, -46.11255645757718469 ) ) ;
#5448 = VECTOR ( 'NONE', #4109, 1000.000000000000000 ) ;
#5449 = CARTESIAN_POINT ( 'NONE',  ( 13.00000000000001421, 152.0000000000000000, -8.000000000000001776 ) ) ;
#5450 = DIRECTION ( 'NONE',  ( -1.267377881992188131E-16, -1.000000000000000000, -1.267377881992188131E-16 ) ) ;
#5451 = DIRECTION ( 'NONE',  ( 0.000000000000000000, 0.000000000000000000, 1.000000000000000000 ) ) ;
#5452 = ORIENTED_EDGE ( 'NONE', *, *, #7258, .F. ) ;
#5453 = EDGE_CURVE ( 'NONE', #902, #10957, #4136, .T. ) ;
#5454 = ORIENTED_EDGE ( 'NONE', *, *, #1963, .F. ) ;
#5455 = CARTESIAN_POINT ( 'NONE',  ( 0.000000000000000000, 224.9999999999998579, 0.000000000000000000 ) ) ;
#5456 = EDGE_CURVE ( 'NONE', #11652, #6453, #5289, .T. ) ;
#5457 = DIRECTION ( 'NONE',  ( 0.000000000000000000, 0.000000000000000000, 1.000000000000000000 ) ) ;
#5458 = ORIENTED_EDGE ( 'NONE', *, *, #982, .T. ) ;
#5459 = CARTESIAN_POINT ( 'NONE',  ( 56.31128874149275276, 135.9280050152813999, -92.68255645757714944 ) ) ;
#5460 = VECTOR ( 'NONE', #3270, 1000.000000000000000 ) ;
#5461 = ORIENTED_EDGE ( 'NONE', *, *, #5033, .T. ) ;
#5462 = ORIENTED_EDGE ( 'NONE', *, *, #11794, .F. ) ;
#5463 = CARTESIAN_POINT ( 'NONE',  ( 10.99662709215431100, 30.86788563371642269, -34.50000000000001421 ) ) ;
#5464 = CARTESIAN_POINT ( 'NONE',  ( 16.00000000000000000, 64.23828822863977450, -28.51360740926766368 ) ) ;
#5465 = AXIS2_PLACEMENT_3D ( 'NONE', #4482, #4601, #9108 ) ;
#5466 = FACE_OUTER_BOUND ( 'NONE', #4936, .T. ) ;
#5467 = ORIENTED_EDGE ( 'NONE', *, *, #5023, .F. ) ;
#5468 = LINE ( 'NONE', #748, #4977 ) ;
#5469 = EDGE_CURVE ( 'NONE', #4952, #2827, #8048, .T. ) ;
#5470 = DIRECTION ( 'NONE',  ( -1.000000000000000000, -0.000000000000000000, -0.000000000000000000 ) ) ;
#5471 = ORIENTED_EDGE ( 'NONE', *, *, #11827, .F. ) ;
#5472 = VECTOR ( 'NONE', #3140, 1000.000000000000000 ) ;
#5473 = VERTEX_POINT ( 'NONE', #9131 ) ;
#5474 = DIRECTION ( 'NONE',  ( -1.000000000000000000, -0.000000000000000000, -0.000000000000000000 ) ) ;
#5475 = EDGE_LOOP ( 'NONE', ( #6798, #2474, #11298, #3359 ) ) ;
#5476 = CARTESIAN_POINT ( 'NONE',  ( 15.00000000000000711, 234.9840755038905513, -121.6013954652213442 ) ) ;
#5477 = ADVANCED_FACE ( 'NONE', ( #932 ), #3368, .T. ) ;
#5478 = AXIS2_PLACEMENT_3D ( 'NONE', #8017, #4413, #4592 ) ;
#5479 = CARTESIAN_POINT ( 'NONE',  ( 13.00000000000000178, 226.9999999999999716, -62.99999999999998579 ) ) ;
#5480 = ORIENTED_EDGE ( 'NONE', *, *, #10213, .T. ) ;
#5481 = CARTESIAN_POINT ( 'NONE',  ( 16.00000000000000000, 87.66800501528138057, -91.41255645757715342 ) ) ;
#5482 = EDGE_CURVE ( 'NONE', #2675, #11101, #10670, .T. ) ;
#5483 = DIRECTION ( 'NONE',  ( 0.000000000000000000, 1.267377881992188131E-16, -1.000000000000000000 ) ) ;
#5484 = ORIENTED_EDGE ( 'NONE', *, *, #5367, .F. ) ;
#5485 = CARTESIAN_POINT ( 'NONE',  ( 15.00000000000000000, 0.3258377770018003328, -124.1237723842975953 ) ) ;
#5486 = ORIENTED_EDGE ( 'NONE', *, *, #8812, .T. ) ;
#5487 = CARTESIAN_POINT ( 'NONE',  ( 0.000000000000000000, 119.5000000000000000, -38.50000000000000711 ) ) ;
#5488 = ORIENTED_EDGE ( 'NONE', *, *, #11657, .T. ) ;
#5489 = CARTESIAN_POINT ( 'NONE',  ( 8.000000000000000000, 17.99999999999998934, -55.25000000000003553 ) ) ;
#5490 = CARTESIAN_POINT ( 'NONE',  ( -0.7500000000000006661, 0.000000000000000000, -121.6819805153394753 ) ) ;
#5491 = AXIS2_PLACEMENT_3D ( 'NONE', #11764, #3441, #9909 ) ;
#5492 = CARTESIAN_POINT ( 'NONE',  ( 13.00000000000001421, 156.0000000000000000, -8.000000000000001776 ) ) ;
#5494 = ORIENTED_EDGE ( 'NONE', *, *, #11460, .F. ) ;
#5493 = CYLINDRICAL_SURFACE ( 'NONE', #9100, 2.750000000000002665 ) ;
#5495 = EDGE_CURVE ( 'NONE', #366, #8463, #5349, .T. ) ;
#5496 = CARTESIAN_POINT ( 'NONE',  ( 15.00000000000000000, 55.99339401947922568, -130.0000000000000000 ) ) ;
#5497 = CARTESIAN_POINT ( 'NONE',  ( 56.31128874149275276, 35.75328822863979639, -118.5699999999999932 ) ) ;
#5498 = DIRECTION ( 'NONE',  ( -1.000000000000000000, -0.000000000000000000, -0.000000000000000000 ) ) ;
#5499 = AXIS2_PLACEMENT_3D ( 'NONE', #5267, #4366, #8147 ) ;
#5500 = AXIS2_PLACEMENT_3D ( 'NONE', #3253, #4197, #6072 ) ;
#5501 = VERTEX_POINT ( 'NONE', #11639 ) ;
#5502 = AXIS2_PLACEMENT_3D ( 'NONE', #2094, #5616, #1011 ) ;
#5503 = CARTESIAN_POINT ( 'NONE',  ( 56.31128874149275276, 203.4716895539514780, -75.45788136388648581 ) ) ;
#5504 = ORIENTED_EDGE ( 'NONE', *, *, #3834, .F. ) ;
#5505 = CARTESIAN_POINT ( 'NONE',  ( 8.000000000000000000, 125.7699044635446057, -38.50000000000000711 ) ) ;
#5506 = ORIENTED_EDGE ( 'NONE', *, *, #189, .F. ) ;
#5507 = LINE ( 'NONE', #6416, #10011 ) ;
#5508 = CIRCLE ( 'NONE', #7042, 2.750000000000002665 ) ;
#5509 = LINE ( 'NONE', #4481, #8692 ) ;
#5510 = EDGE_CURVE ( 'NONE', #2845, #8832, #1667, .T. ) ;
#5511 = CARTESIAN_POINT ( 'NONE',  ( 14.86869354863676307, 87.66800501528138057, -91.41255645757715342 ) ) ;
#5512 = DIRECTION ( 'NONE',  ( 0.000000000000000000, 0.000000000000000000, -1.000000000000000000 ) ) ;
#5513 = CYLINDRICAL_SURFACE ( 'NONE', #9476, 6.119999999999997442 ) ;
#5514 = CARTESIAN_POINT ( 'NONE',  ( 24.00000000000000000, 18.33533016946223171, 2.852162470805220007 ) ) ;
#5515 = EDGE_LOOP ( 'NONE', ( #1988, #7150, #11080, #239 ) ) ;
#5516 = VECTOR ( 'NONE', #1230, 1000.000000000000000 ) ;
#5517 = VERTEX_POINT ( 'NONE', #7160 ) ;
#5518 = CARTESIAN_POINT ( 'NONE',  ( 15.00000000000000000, 117.5000000000000000, -16.00000000000002132 ) ) ;
#5519 = PLANE ( 'NONE',  #9520 ) ;
#5520 = ORIENTED_EDGE ( 'NONE', *, *, #10564, .T. ) ;
#5521 = CARTESIAN_POINT ( 'NONE',  ( 0.000000000000000000, 42.49999999999999289, 0.000000000000000000 ) ) ;
#5522 = EDGE_LOOP ( 'NONE', ( #9754, #9334, #3250, #4559, #6402, #503, #4129, #719 ) ) ;
#5523 = DIRECTION ( 'NONE',  ( -0.9396926207859105373, 0.000000000000000000, 0.3420201433256624957 ) ) ;
#5524 = EDGE_CURVE ( 'NONE', #3949, #9743, #10799, .T. ) ;
#5525 = EDGE_CURVE ( 'NONE', #478, #1229, #805, .T. ) ;
#5526 = CARTESIAN_POINT ( 'NONE',  ( 15.00000000000000000, 117.5000000000000000, -122.0000000000000000 ) ) ;
#5527 = LINE ( 'NONE', #3730, #10758 ) ;
#5528 = DIRECTION ( 'NONE',  ( -1.000000000000000000, 0.000000000000000000, 0.000000000000000000 ) ) ;
#5529 = ORIENTED_EDGE ( 'NONE', *, *, #9582, .F. ) ;
#5530 = CARTESIAN_POINT ( 'NONE',  ( 16.00000000000000000, 102.9080050152813897, -40.61255645757714916 ) ) ;
#5531 = DIRECTION ( 'NONE',  ( 0.000000000000000000, 0.000000000000000000, 1.000000000000000000 ) ) ;
#5532 = AXIS2_PLACEMENT_3D ( 'NONE', #3105, #1192, #6769 ) ;
#5533 = ORIENTED_EDGE ( 'NONE', *, *, #6073, .T. ) ;
#5534 = DIRECTION ( 'NONE',  ( -1.000000000000000000, -0.000000000000000000, -0.000000000000000000 ) ) ;
#5535 = EDGE_LOOP ( 'NONE', ( #1340, #5305, #5776, #10493 ) ) ;
#5536 = ADVANCED_FACE ( 'NONE', ( #1886 ), #9421, .T. ) ;
#5537 = CARTESIAN_POINT ( 'NONE',  ( 15.00000000000000355, 225.4496736711630263, -130.0000000000000284 ) ) ;
#5538 = AXIS2_PLACEMENT_3D ( 'NONE', #4337, #2377, #3321 ) ;
#5539 = CARTESIAN_POINT ( 'NONE',  ( 13.00000000000000178, 226.9999999999999716, -38.49999999999999289 ) ) ;
#5540 = VERTEX_POINT ( 'NONE', #2780 ) ;
#5541 = CARTESIAN_POINT ( 'NONE',  ( 16.00000000000000000, 73.10504876423827625, -24.51360740926764592 ) ) ;
#5542 = DIRECTION ( 'NONE',  ( 0.000000000000000000, 0.000000000000000000, -1.000000000000000000 ) ) ;
#5543 = DIRECTION ( 'NONE',  ( 1.000000000000000000, 0.000000000000000000, 0.000000000000000000 ) ) ;
#5544 = ORIENTED_EDGE ( 'NONE', *, *, #347, .T. ) ;
#5545 = CARTESIAN_POINT ( 'NONE',  ( 15.00000000000000888, 0.04596212221935076780, -122.0603914069630775 ) ) ;
#5546 = ORIENTED_EDGE ( 'NONE', *, *, #7457, .T. ) ;
#5547 = ORIENTED_EDGE ( 'NONE', *, *, #9454, .T. ) ;
#5548 = CARTESIAN_POINT ( 'NONE',  ( 12.99999999999998934, 132.4430293158257257, -91.50000000000000000 ) ) ;
#5549 = VECTOR ( 'NONE', #8187, 1000.000000000000000 ) ;
#5550 = VERTEX_POINT ( 'NONE', #9185 ) ;
#5551 = CARTESIAN_POINT ( 'NONE',  ( 56.31128874149275276, 135.9280050152813999, -92.68255645757714944 ) ) ;
#5552 = ORIENTED_EDGE ( 'NONE', *, *, #245, .F. ) ;
#5553 = ADVANCED_FACE ( 'NONE', ( #8458 ), #3912, .T. ) ;
#5555 = EDGE_LOOP ( 'NONE', ( #6201, #183, #9685, #7645 ) ) ;
#5554 = LINE ( 'NONE', #9207, #681 ) ;
#5556 = CARTESIAN_POINT ( 'NONE',  ( 0.000000000000000000, 82.99999999999998579, -63.00000000000000000 ) ) ;
#5557 = DIRECTION ( 'NONE',  ( 4.713731853622286812E-16, 0.000000000000000000, 1.000000000000000000 ) ) ;
#5558 = AXIS2_PLACEMENT_3D ( 'NONE', #4679, #1318, #8619 ) ;
#5559 = CARTESIAN_POINT ( 'NONE',  ( 8.000000000000000000, 46.50000000000000000, -12.01360740926763881 ) ) ;
#5560 = EDGE_LOOP ( 'NONE', ( #11059, #672 ) ) ;
#5561 = DIRECTION ( 'NONE',  ( 0.000000000000000000, 0.000000000000000000, -1.000000000000000000 ) ) ;
#5562 = ORIENTED_EDGE ( 'NONE', *, *, #4389, .T. ) ;
#5563 = DIRECTION ( 'NONE',  ( 0.000000000000000000, 1.000000000000000000, 1.267377881992188131E-16 ) ) ;
#5564 = ORIENTED_EDGE ( 'NONE', *, *, #8950, .F. ) ;
#5565 = CARTESIAN_POINT ( 'NONE',  ( 12.99999999999999822, 156.0000000000000000, -72.11008170117470684 ) ) ;
#5566 = EDGE_CURVE ( 'NONE', #3856, #5441, #10135, .T. ) ;
#5567 = CIRCLE ( 'NONE', #1532, 3.000000000000002665 ) ;
#5569 = ORIENTED_EDGE ( 'NONE', *, *, #3819, .F. ) ;
#5568 = LINE ( 'NONE', #10114, #2581 ) ;
#5570 = CARTESIAN_POINT ( 'NONE',  ( 7.990000000000000213, 17.99999999999998934, -49.75000000000002842 ) ) ;
#5571 = CARTESIAN_POINT ( 'NONE',  ( 15.00000000000000000, 8.000000000000000000, -8.000000000000028422 ) ) ;
#5572 = CARTESIAN_POINT ( 'NONE',  ( 8.000000000000000000, 7.999999999999992895, -34.50000000000001421 ) ) ;
#5573 = CARTESIAN_POINT ( 'NONE',  ( 15.00000000000000178, 234.6878322352272903, -5.938610986651220891 ) ) ;
#5574 = LINE ( 'NONE', #1810, #8182 ) ;
#5575 = VERTEX_POINT ( 'NONE', #4565 ) ;
#5576 = CARTESIAN_POINT ( 'NONE',  ( 14.86869354863676307, 62.73828822863980292, -55.47999999999998977 ) ) ;
#5577 = CARTESIAN_POINT ( 'NONE',  ( 5.839999999999999858, 87.66800501528138057, -91.41255645757715342 ) ) ;
#5578 = ORIENTED_EDGE ( 'NONE', *, *, #10613, .F. ) ;
#5579 = CARTESIAN_POINT ( 'NONE',  ( 0.000000000000000000, 217.0000000000000284, -49.75000000000000000 ) ) ;
#5580 = EDGE_CURVE ( 'NONE', #6497, #9247, #8400, .T. ) ;
#5581 = LINE ( 'NONE', #8517, #1737 ) ;
#5582 = DIRECTION ( 'NONE',  ( 0.000000000000000000, 0.000000000000000000, -1.000000000000000000 ) ) ;
#5583 = EDGE_CURVE ( 'NONE', #10766, #1555, #8171, .T. ) ;
#5584 = CARTESIAN_POINT ( 'NONE',  ( 5.839999999999999858, 203.4716895539514780, -17.45788136388648581 ) ) ;
#5585 = VERTEX_POINT ( 'NONE', #10079 ) ;
#5586 = CARTESIAN_POINT ( 'NONE',  ( 0.000000000000000000, 82.99999999999998579, -34.50000000000000000 ) ) ;
#5587 = DIRECTION ( 'NONE',  ( 0.000000000000000000, 0.000000000000000000, -1.000000000000000000 ) ) ;
#5588 = VECTOR ( 'NONE', #4829, 1000.000000000000000 ) ;
#5589 = ORIENTED_EDGE ( 'NONE', *, *, #11026, .T. ) ;
#5590 = EDGE_CURVE ( 'NONE', #11539, #10659, #6687, .T. ) ;
#5591 = ORIENTED_EDGE ( 'NONE', *, *, #6087, .F. ) ;
#5592 = CARTESIAN_POINT ( 'NONE',  ( 11.00000000000000533, 59.09419363626361843, -119.1052051816216135 ) ) ;
#5593 = EDGE_CURVE ( 'NONE', #10443, #8794, #7426, .T. ) ;
#5594 = EDGE_LOOP ( 'NONE', ( #7189, #10365, #2098, #4127, #10084, #9635, #7494, #4754, #10404, #1906, #11626 ) ) ;
#5595 = VECTOR ( 'NONE', #6221, 1000.000000000000000 ) ;
#5596 = CARTESIAN_POINT ( 'NONE',  ( 15.00000000000000178, 228.9925641690342104, -129.7025323094832174 ) ) ;
#5597 = CARTESIAN_POINT ( 'NONE',  ( 15.00000000000000000, 226.9999999999999716, -121.9999999999999716 ) ) ;
#5598 = VERTEX_POINT ( 'NONE', #7519 ) ;
#5599 = DIRECTION ( 'NONE',  ( -0.9396926207859105373, 4.188538737676915344E-17, -0.3420201433256624957 ) ) ;
#5600 = CARTESIAN_POINT ( 'NONE',  ( -0.002000000000000265454, 226.9999999999999716, -8.000000000000001776 ) ) ;
#5601 = CARTESIAN_POINT ( 'NONE',  ( 56.31128874149275276, 87.66800501528138057, -88.41255645757713921 ) ) ;
#5602 = EDGE_LOOP ( 'NONE', ( #10681, #8592, #10167, #5480 ) ) ;
#5603 = CARTESIAN_POINT ( 'NONE',  ( 13.00000000000000888, 58.40343705730882817, -118.5962590220323136 ) ) ;
#5604 = ORIENTED_EDGE ( 'NONE', *, *, #10352, .F. ) ;
#5605 = EDGE_CURVE ( 'NONE', #3354, #7484, #11153, .T. ) ;
#5606 = ORIENTED_EDGE ( 'NONE', *, *, #4055, .T. ) ;
#5607 = CARTESIAN_POINT ( 'NONE',  ( 9.684088151427088675, 152.0000000000000284, -13.23747653448875283 ) ) ;
#5608 = EDGE_CURVE ( 'NONE', #8953, #3247, #2957, .T. ) ;
#5609 = VECTOR ( 'NONE', #7084, 1000.000000000000000 ) ;
#5610 = VERTEX_POINT ( 'NONE', #3672 ) ;
#5611 = ORIENTED_EDGE ( 'NONE', *, *, #7594, .T. ) ;
#5612 = DIRECTION ( 'NONE',  ( 0.000000000000000000, 0.000000000000000000, 1.000000000000000000 ) ) ;
#5614 = ORIENTED_EDGE ( 'NONE', *, *, #4676, .F. ) ;
#5613 = DIRECTION ( 'NONE',  ( 1.000000000000000000, -0.000000000000000000, -2.434699615406045218E-16 ) ) ;
#5615 = LINE ( 'NONE', #2093, #5588 ) ;
#5616 = DIRECTION ( 'NONE',  ( -1.000000000000000000, 1.267377881992188377E-16, 1.638342670903701786E-32 ) ) ;
#5617 = VECTOR ( 'NONE', #4438, 1000.000000000000000 ) ;
#5618 = AXIS2_PLACEMENT_3D ( 'NONE', #8897, #702, #7825 ) ;
#5619 = DIRECTION ( 'NONE',  ( 0.000000000000000000, 0.000000000000000000, -1.000000000000000000 ) ) ;
#5620 = ORIENTED_EDGE ( 'NONE', *, *, #3372, .T. ) ;
#5621 = CARTESIAN_POINT ( 'NONE',  ( 14.99999999999999822, 8.033203287323344099, -0.04030434950313169923 ) ) ;
#5622 = VERTEX_POINT ( 'NONE', #3793 ) ;
#5623 = CARTESIAN_POINT ( 'NONE',  ( 0.000000000000000000, 117.5000000000000000, -128.1200000000000045 ) ) ;
#5624 = CARTESIAN_POINT ( 'NONE',  ( 15.00000000000000000, 0.000000000000000000, -120.0000000000000142 ) ) ;
#5625 = EDGE_CURVE ( 'NONE', #8727, #2608, #353, .T. ) ;
#5626 = AXIS2_PLACEMENT_3D ( 'NONE', #7833, #9677, #4218 ) ;
#5627 = AXIS2_PLACEMENT_3D ( 'NONE', #3750, #4638, #1900 ) ;
#5628 = CARTESIAN_POINT ( 'NONE',  ( -0.000000000000000000, 0.1729438554713442766, -123.3417528390097573 ) ) ;
#5629 = CARTESIAN_POINT ( 'NONE',  ( 8.000000000000000000, 18.00000000000000000, -77.50000000000008527 ) ) ;
#5630 = CARTESIAN_POINT ( 'NONE',  ( 13.00000000000000178, 119.5000000000000000, -67.00000000000000000 ) ) ;
#5631 = DIRECTION ( 'NONE',  ( -1.000000000000000000, 0.000000000000000000, 0.000000000000000000 ) ) ;
#5632 = EDGE_CURVE ( 'NONE', #9068, #11610, #2819, .T. ) ;
#5633 = AXIS2_PLACEMENT_3D ( 'NONE', #10562, #9720, #2269 ) ;
#5634 = CARTESIAN_POINT ( 'NONE',  ( 0.000000000000000000, 115.4999999999999858, 0.000000000000000000 ) ) ;
#5635 = AXIS2_PLACEMENT_3D ( 'NONE', #23, #8259, #4485 ) ;
#5636 = PLANE ( 'NONE',  #1106 ) ;
#5637 = ORIENTED_EDGE ( 'NONE', *, *, #1380, .T. ) ;
#5638 = DIRECTION ( 'NONE',  ( 0.000000000000000000, 0.000000000000000000, 1.000000000000000000 ) ) ;
#5639 = EDGE_CURVE ( 'NONE', #8283, #6978, #1940, .T. ) ;
#5640 = ORIENTED_EDGE ( 'NONE', *, *, #4418, .F. ) ;
#5641 = CARTESIAN_POINT ( 'NONE',  ( 15.75000000000000000, 2.928932188134526271, -129.2830808016391870 ) ) ;
#5642 = DIRECTION ( 'NONE',  ( 0.000000000000000000, 0.000000000000000000, -1.000000000000000000 ) ) ;
#5643 = CIRCLE ( 'NONE', #483, 2.750000000000002665 ) ;
#5644 = ORIENTED_EDGE ( 'NONE', *, *, #8654, .F. ) ;
#5645 = LINE ( 'NONE', #9296, #5762 ) ;
#5646 = DIRECTION ( 'NONE',  ( 0.000000000000000000, 1.267377881992188131E-16, -1.000000000000000000 ) ) ;
#5647 = EDGE_CURVE ( 'NONE', #9500, #2278, #9513, .T. ) ;
#5648 = DIRECTION ( 'NONE',  ( -0.000000000000000000, 1.000000000000000000, 0.000000000000000000 ) ) ;
#5649 = VERTEX_POINT ( 'NONE', #97 ) ;
#5650 = DIRECTION ( 'NONE',  ( 1.000000000000000000, -0.000000000000000000, -0.000000000000000000 ) ) ;
#5651 = CARTESIAN_POINT ( 'NONE',  ( 8.000000000000000000, 192.5000000000000000, -122.0000000000000000 ) ) ;
#5652 = ORIENTED_EDGE ( 'NONE', *, *, #9204, .T. ) ;
#5653 = AXIS2_PLACEMENT_3D ( 'NONE', #11416, #8839, #4279 ) ;
#5654 = CARTESIAN_POINT ( 'NONE',  ( 0.000000000000000000, 10.00000000000000711, 0.000000000000000000 ) ) ;
#5655 = EDGE_CURVE ( 'NONE', #3933, #6243, #5771, .T. ) ;
#5656 = ORIENTED_EDGE ( 'NONE', *, *, #7277, .F. ) ;
#5657 = LINE ( 'NONE', #9307, #10343 ) ;
#5658 = CARTESIAN_POINT ( 'NONE',  ( 15.00000000000000178, 234.6669079913991141, -124.1562414163699941 ) ) ;
#5659 = AXIS2_PLACEMENT_3D ( 'NONE', #1283, #4928, #8583 ) ;
#5660 = EDGE_CURVE ( 'NONE', #11327, #2859, #7403, .T. ) ;
#5661 = CARTESIAN_POINT ( 'NONE',  ( 12.99999999999999645, 192.5000000000000000, -62.99999999999998579 ) ) ;
#5662 = ORIENTED_EDGE ( 'NONE', *, *, #2089, .T. ) ;
#5663 = LINE ( 'NONE', #4757, #4155 ) ;
#5664 = DIRECTION ( 'NONE',  ( 1.000000000000000000, -0.000000000000000000, -0.000000000000000000 ) ) ;
#5665 = VECTOR ( 'NONE', #290, 1000.000000000000000 ) ;
#5666 = DIRECTION ( 'NONE',  ( 0.000000000000000000, 0.000000000000000000, 1.000000000000000000 ) ) ;
#5667 = VERTEX_POINT ( 'NONE', #2900 ) ;
#5668 = LINE ( 'NONE', #1117, #5803 ) ;
#5669 = B_SPLINE_CURVE_WITH_KNOTS ( 'NONE', 3,
 ( #1077, #7442, #11069, #5565 ),
 .UNSPECIFIED., .F., .F.,
 ( 4, 4 ),
 ( 7.484680500913268261E-07, 0.005362129724276356105 ),
 .UNSPECIFIED. ) ;
#5670 = ORIENTED_EDGE ( 'NONE', *, *, #3499, .F. ) ;
#5671 = CARTESIAN_POINT ( 'NONE',  ( 6.999999999999999112, 226.9999999999999716, -128.1199999999999477 ) ) ;
#5672 = EDGE_LOOP ( 'NONE', ( #11008, #7141, #11178, #25, #2587 ) ) ;
#5673 = LINE ( 'NONE', #242, #1921 ) ;
#5674 = ORIENTED_EDGE ( 'NONE', *, *, #4260, .T. ) ;
#5675 = AXIS2_PLACEMENT_3D ( 'NONE', #375, #4726, #11261 ) ;
#5677 = ORIENTED_EDGE ( 'NONE', *, *, #3473, .T. ) ;
#5676 = LINE ( 'NONE', #3814, #5061 ) ;
#5678 = EDGE_CURVE ( 'NONE', #2771, #11568, #6562, .T. ) ;
#5679 = DIRECTION ( 'NONE',  ( 1.000000000000000000, 0.000000000000000000, 0.000000000000000000 ) ) ;
#5680 = DIRECTION ( 'NONE',  ( -1.000000000000000000, -0.000000000000000000, -0.000000000000000000 ) ) ;
#5681 = EDGE_CURVE ( 'NONE', #6006, #5177, #2003, .T. ) ;
#5682 = FACE_OUTER_BOUND ( 'NONE', #10548, .T. ) ;
#5683 = EDGE_LOOP ( 'NONE', ( #7479, #5158, #3496, #8650 ) ) ;
#5684 = LINE ( 'NONE', #6652, #340 ) ;
#5685 = ORIENTED_EDGE ( 'NONE', *, *, #5749, .F. ) ;
#5686 = DIRECTION ( 'NONE',  ( -1.000000000000000000, -0.000000000000000000, -0.000000000000000000 ) ) ;
#5687 = VECTOR ( 'NONE', #361, 1000.000000000000000 ) ;
#5688 = VERTEX_POINT ( 'NONE', #334 ) ;
#5689 = CARTESIAN_POINT ( 'NONE',  ( 24.00000000000000000, 72.93278329533596605, -11.34509962371895320 ) ) ;
#5690 = EDGE_LOOP ( 'NONE', ( #107, #8975, #4225, #6518 ) ) ;
#5691 = CARTESIAN_POINT ( 'NONE',  ( -0.000000000000000000, 5.879950807330756923, -129.6749864940900920 ) ) ;
#5692 = CIRCLE ( 'NONE', #9690, 8.500000000000028422 ) ;
#5693 = AXIS2_PLACEMENT_3D ( 'NONE', #4620, #279, #10315 ) ;
#5694 = DIRECTION ( 'NONE',  ( -1.000000000000000000, 0.000000000000000000, 0.000000000000000000 ) ) ;
#5695 = EDGE_CURVE ( 'NONE', #2845, #3432, #1437, .T. ) ;
#5696 = CARTESIAN_POINT ( 'NONE',  ( 8.000000000000000000, 87.66800501528138057, -85.91255645757711079 ) ) ;
#5697 = CARTESIAN_POINT ( 'NONE',  ( 10.81535410170221034, 59.19858313670096095, -109.2296293652452022 ) ) ;
#5698 = DIRECTION ( 'NONE',  ( 0.000000000000000000, 1.000000000000000000, 1.267377881992188131E-16 ) ) ;
#5699 = DIRECTION ( 'NONE',  ( 0.000000000000000000, 0.000000000000000000, 1.000000000000000000 ) ) ;
#5700 = ORIENTED_EDGE ( 'NONE', *, *, #4916, .T. ) ;
#5701 = CARTESIAN_POINT ( 'NONE',  ( 8.000000000000000000, 7.999999999999992895, -120.0000000000000284 ) ) ;
#5702 = ORIENTED_EDGE ( 'NONE', *, *, #9345, .F. ) ;
#5703 = VECTOR ( 'NONE', #4064, 1000.000000000000000 ) ;
#5704 = VECTOR ( 'NONE', #3477, 1000.000000000000000 ) ;
#5705 = VECTOR ( 'NONE', #2042, 1000.000000000000000 ) ;
#5706 = EDGE_CURVE ( 'NONE', #10044, #11514, #8690, .T. ) ;
#5707 = CARTESIAN_POINT ( 'NONE',  ( 14.86869354863676307, 154.4716895539514496, -75.45788136388650003 ) ) ;
#5708 = DIRECTION ( 'NONE',  ( 0.000000000000000000, 1.000000000000000000, -0.000000000000000000 ) ) ;
#5709 = CONICAL_SURFACE ( 'NONE', #9901, 3.000000000000002665, 0.3490658503988593453 ) ;
#5710 = CARTESIAN_POINT ( 'NONE',  ( 11.00000000000000711, 34.37270060615843192, -118.9800000000000182 ) ) ;
#5711 = ORIENTED_EDGE ( 'NONE', *, *, #9171, .F. ) ;
#5712 = DIRECTION ( 'NONE',  ( 0.000000000000000000, 1.000000000000000000, 1.267377881992188131E-16 ) ) ;
#5713 = ORIENTED_EDGE ( 'NONE', *, *, #1533, .T. ) ;
#5714 = ORIENTED_EDGE ( 'NONE', *, *, #409, .T. ) ;
#5715 = LINE ( 'NONE', #9368, #4664 ) ;
#5716 = EDGE_CURVE ( 'NONE', #3739, #10769, #8520, .T. ) ;
#5717 = ORIENTED_EDGE ( 'NONE', *, *, #11321, .T. ) ;
#5718 = EDGE_CURVE ( 'NONE', #1604, #5071, #1331, .T. ) ;
#5719 = LINE ( 'NONE', #1165, #5164 ) ;
#5720 = CARTESIAN_POINT ( 'NONE',  ( 14.99999999999999645, 234.6600988239728451, -124.1863454949364467 ) ) ;
#5721 = LINE ( 'NONE', #2072, #7261 ) ;
#5722 = VERTEX_POINT ( 'NONE', #3132 ) ;
#5723 = DIRECTION ( 'NONE',  ( -1.000000000000000000, 0.000000000000000000, 0.000000000000000000 ) ) ;
#5724 = DIRECTION ( 'NONE',  ( 1.000000000000000000, -0.000000000000000000, -0.000000000000000000 ) ) ;
#5725 = ORIENTED_EDGE ( 'NONE', *, *, #7421, .F. ) ;
#5726 = CARTESIAN_POINT ( 'NONE',  ( 12.99999999999998224, 83.00000000000004263, -63.00000000000000000 ) ) ;
#5727 = ORIENTED_EDGE ( 'NONE', *, *, #599, .T. ) ;
#5728 = LINE ( 'NONE', #9315, #10500 ) ;
#5729 = ORIENTED_EDGE ( 'NONE', *, *, #1196, .T. ) ;
#5730 = CYLINDRICAL_SURFACE ( 'NONE', #1997, 6.120000000000000107 ) ;
#5731 = DIRECTION ( 'NONE',  ( 1.000000000000000000, 0.000000000000000000, 0.000000000000000000 ) ) ;
#5732 = EDGE_CURVE ( 'NONE', #7464, #1604, #497, .T. ) ;
#5733 = ORIENTED_EDGE ( 'NONE', *, *, #7832, .T. ) ;
#5734 = CYLINDRICAL_SURFACE ( 'NONE', #4780, 3.000000000000002665 ) ;
#5735 = VERTEX_POINT ( 'NONE', #388 ) ;
#5736 = CARTESIAN_POINT ( 'NONE',  ( 8.000000000000000000, 135.9280050152813999, -92.68255645757714944 ) ) ;
#5737 = DIRECTION ( 'NONE',  ( -0.9396926207859105373, 4.188538737676915344E-17, -0.3420201433256624957 ) ) ;
#5738 = CARTESIAN_POINT ( 'NONE',  ( 8.000000000000000000, 109.7540333075851180, -120.0000000000000142 ) ) ;
#5739 = CARTESIAN_POINT ( 'NONE',  ( 7.990000000000000213, 17.99999999999998934, -55.25000000000003553 ) ) ;
#5740 = EDGE_CURVE ( 'NONE', #8794, #10443, #1296, .T. ) ;
#5741 = ORIENTED_EDGE ( 'NONE', *, *, #3073, .T. ) ;
#5742 = CARTESIAN_POINT ( 'NONE',  ( 11.00000000000000711, -0.001000000000001000089, -112.9800000000000040 ) ) ;
#5743 = ORIENTED_EDGE ( 'NONE', *, *, #6906, .F. ) ;
#5744 = DIRECTION ( 'NONE',  ( 0.000000000000000000, 0.000000000000000000, 1.000000000000000000 ) ) ;
#5745 = CIRCLE ( 'NONE', #11459, 2.750000000000002665 ) ;
#5746 = ORIENTED_EDGE ( 'NONE', *, *, #552, .F. ) ;
#5747 = DIRECTION ( 'NONE',  ( -2.434699615406045218E-16, 0.000000000000000000, -1.000000000000000000 ) ) ;
#5748 = ADVANCED_FACE ( 'NONE', ( #10433, #3971 ), #5884, .T. ) ;
#5749 = EDGE_CURVE ( 'NONE', #3736, #3739, #3194, .T. ) ;
#5750 = ORIENTED_EDGE ( 'NONE', *, *, #2105, .T. ) ;
#5752 = EDGE_LOOP ( 'NONE', ( #922, #7162, #7158, #7823 ) ) ;
#5751 = CARTESIAN_POINT ( 'NONE',  ( -0.000000000000000000, 7.951075232758512357, -129.9547626456274259 ) ) ;
#5753 = AXIS2_PLACEMENT_3D ( 'NONE', #4619, #5650, #11368 ) ;
#5754 = CARTESIAN_POINT ( 'NONE',  ( 15.37322393044969182, 36.11346938870277512, -120.0000000000000284 ) ) ;
#5755 = CARTESIAN_POINT ( 'NONE',  ( 13.00000000000000178, 226.9999999999999716, -95.49999999999998579 ) ) ;
#5756 = CARTESIAN_POINT ( 'NONE',  ( 13.00000000000000888, 32.27391778573066716, -34.50000000000000711 ) ) ;
#5757 = DIRECTION ( 'NONE',  ( 1.000000000000000000, -0.000000000000000000, -0.000000000000000000 ) ) ;
#5758 = DIRECTION ( 'NONE',  ( -1.267377881992188131E-16, -1.000000000000000000, -1.267377881992188131E-16 ) ) ;
#5759 = VERTEX_POINT ( 'NONE', #10372 ) ;
#5760 = CARTESIAN_POINT ( 'NONE',  ( 12.99999999999999289, 152.0000000000000284, -9.999999999999994671 ) ) ;
#5761 = EDGE_LOOP ( 'NONE', ( #8236, #2387, #6494, #2714 ) ) ;
#5762 = VECTOR ( 'NONE', #1095, 1000.000000000000000 ) ;
#5763 = EDGE_CURVE ( 'NONE', #2869, #7558, #2633, .T. ) ;
#5764 = CARTESIAN_POINT ( 'NONE',  ( 10.14114858486522586, 82.99999999999998579, -90.69465471414784474 ) ) ;
#5765 = DIRECTION ( 'NONE',  ( 1.217349807703022609E-16, 0.000000000000000000, 1.000000000000000000 ) ) ;
#5766 = FACE_OUTER_BOUND ( 'NONE', #6045, .T. ) ;
#5767 = VECTOR ( 'NONE', #6926, 1000.000000000000000 ) ;
#5768 = LINE ( 'NONE', #4915, #10961 ) ;
#5769 = DIRECTION ( 'NONE',  ( -1.000000000000000000, 0.000000000000000000, 0.000000000000000000 ) ) ;
#5770 = ORIENTED_EDGE ( 'NONE', *, *, #1415, .F. ) ;
#5771 = LINE ( 'NONE', #42, #8935 ) ;
#5772 = VERTEX_POINT ( 'NONE', #9541 ) ;
#5773 = ORIENTED_EDGE ( 'NONE', *, *, #5453, .F. ) ;
#5774 = CARTESIAN_POINT ( 'NONE',  ( 12.00000000000000711, -0.001000000000001000089, -112.9800000000000040 ) ) ;
#5775 = EDGE_CURVE ( 'NONE', #7235, #6978, #11443, .T. ) ;
#5776 = ORIENTED_EDGE ( 'NONE', *, *, #5300, .T. ) ;
#5777 = CARTESIAN_POINT ( 'NONE',  ( 16.00000000000000000, 62.73828822863980292, -58.47999999999999687 ) ) ;
#5778 = DIRECTION ( 'NONE',  ( 0.000000000000000000, 0.000000000000000000, -1.000000000000000000 ) ) ;
#5779 = CIRCLE ( 'NONE', #6556, 5.500000000000032863 ) ;
#5780 = ORIENTED_EDGE ( 'NONE', *, *, #389, .T. ) ;
#5781 = DIRECTION ( 'NONE',  ( 1.000000000000000000, -0.000000000000000000, -0.000000000000000000 ) ) ;
#5782 = AXIS2_PLACEMENT_3D ( 'NONE', #2264, #9558, #1348 ) ;
#5783 = CARTESIAN_POINT ( 'NONE',  ( 0.000000000000000000, 8.000000000000000000, -115.8799999999999955 ) ) ;
#5784 = EDGE_CURVE ( 'NONE', #1206, #9743, #8571, .T. ) ;
#5785 = EDGE_LOOP ( 'NONE', ( #7524, #859 ) ) ;
#5786 = DIRECTION ( 'NONE',  ( 0.000000000000000000, 0.000000000000000000, 1.000000000000000000 ) ) ;
#5787 = VERTEX_POINT ( 'NONE', #10544 ) ;
#5788 = CARTESIAN_POINT ( 'NONE',  ( 5.839999999999999858, 130.8480050152814158, -41.50155645757715206 ) ) ;
#5789 = ORIENTED_EDGE ( 'NONE', *, *, #2697, .T. ) ;
#5790 = CARTESIAN_POINT ( 'NONE',  ( 12.99999999999998401, 83.98889520066013858, -91.50000000000000000 ) ) ;
#5791 = LINE ( 'NONE', #9444, #9385 ) ;
#5792 = ORIENTED_EDGE ( 'NONE', *, *, #10926, .F. ) ;
#5793 = CARTESIAN_POINT ( 'NONE',  ( 0.000000000000000000, 42.49999999999999289, 0.000000000000000000 ) ) ;
#5794 = VERTEX_POINT ( 'NONE', #4078 ) ;
#5795 = CARTESIAN_POINT ( 'NONE',  ( 12.99999999999998224, 83.00000000000004263, -67.00000000000000000 ) ) ;
#5796 = FACE_OUTER_BOUND ( 'NONE', #1150, .T. ) ;
#5797 = FACE_BOUND ( 'NONE', #4623, .T. ) ;
#5798 = ADVANCED_FACE ( 'NONE', ( #7737 ), #8748, .F. ) ;
#5799 = ORIENTED_EDGE ( 'NONE', *, *, #2080, .T. ) ;
#5800 = LINE ( 'NONE', #5742, #6835 ) ;
#5801 = EDGE_LOOP ( 'NONE', ( #3610, #6306, #3839, #6705 ) ) ;
#5802 = CARTESIAN_POINT ( 'NONE',  ( 5.839999999999999858, 203.4716895539514780, -75.45788136388648581 ) ) ;
#5803 = VECTOR ( 'NONE', #2141, 1000.000000000000000 ) ;
#5804 = DIRECTION ( 'NONE',  ( 0.000000000000000000, -0.1537070062818697014, 0.9881164689548824764 ) ) ;
#5805 = EDGE_LOOP ( 'NONE', ( #5852, #5087, #11003, #2100 ) ) ;
#5806 = EDGE_CURVE ( 'NONE', #9963, #5181, #534, .T. ) ;
#5808 = ORIENTED_EDGE ( 'NONE', *, *, #6608, .T. ) ;
#5807 = CARTESIAN_POINT ( 'NONE',  ( -0.000000000000000000, 5.889708198872517286, -129.6771417131215571 ) ) ;
#5809 = CARTESIAN_POINT ( 'NONE',  ( 0.000000000000000000, 82.99999999999998579, 0.000000000000000000 ) ) ;
#5810 = DIRECTION ( 'NONE',  ( 0.000000000000000000, 1.000000000000000000, -0.000000000000000000 ) ) ;
#5811 = CARTESIAN_POINT ( 'NONE',  ( 8.000000000000000000, 156.0000000000000000, -120.0000000000000142 ) ) ;
#5812 = EDGE_CURVE ( 'NONE', #10782, #8035, #7041, .T. ) ;
#5813 = CARTESIAN_POINT ( 'NONE',  ( 16.00000000000000000, 154.4716895539514496, -17.45788136388649292 ) ) ;
#5814 = DIRECTION ( 'NONE',  ( 1.000000000000000000, 0.000000000000000000, 0.000000000000000000 ) ) ;
#5815 = ORIENTED_EDGE ( 'NONE', *, *, #6635, .F. ) ;
#5816 = CARTESIAN_POINT ( 'NONE',  ( 16.00000000000000000, 87.66800501528138057, -91.41255645757715342 ) ) ;
#5817 = AXIS2_PLACEMENT_3D ( 'NONE', #3653, #7322, #144 ) ;
#5818 = EDGE_LOOP ( 'NONE', ( #11556, #4425, #6176, #5206 ) ) ;
#5819 = AXIS2_PLACEMENT_3D ( 'NONE', #9514, #8607, #10518 ) ;
#5820 = CARTESIAN_POINT ( 'NONE',  ( 15.75000000000000000, -1.821459649775647449E-15, -123.3639610306789365 ) ) ;
#5821 = DIRECTION ( 'NONE',  ( -1.000000000000000000, -0.000000000000000000, -0.000000000000000000 ) ) ;
#5822 = EDGE_CURVE ( 'NONE', #6755, #8953, #11384, .T. ) ;
#5823 = MANIFOLD_SOLID_BREP ( 'Fillet1', #9733 ) ;
#5824 = ADVANCED_FACE ( 'NONE', ( #11799 ), #2407, .T. ) ;
#5825 = FACE_BOUND ( 'NONE', #2535, .T. ) ;
#5826 = EDGE_LOOP ( 'NONE', ( #3815, #8311 ) ) ;
#5827 = CARTESIAN_POINT ( 'NONE',  ( 14.86869354863667247, 35.80084424507770535, -119.1849687610681769 ) ) ;
#5828 = VERTEX_POINT ( 'NONE', #3603 ) ;
#5829 = DIRECTION ( 'NONE',  ( 0.000000000000000000, 0.000000000000000000, 1.000000000000000000 ) ) ;
#5830 = CARTESIAN_POINT ( 'NONE',  ( 8.000000000000000000, 17.99999999999998934, -52.50000000000003553 ) ) ;
#5831 = VECTOR ( 'NONE', #10922, 1000.000000000000000 ) ;
#5832 = CARTESIAN_POINT ( 'NONE',  ( 15.00000000000000000, 8.000000000000000000, -124.7500000000000000 ) ) ;
#5833 = ADVANCED_FACE ( 'NONE', ( #7209 ), #855, .F. ) ;
#5834 = ORIENTED_EDGE ( 'NONE', *, *, #3768, .F. ) ;
#5835 = CIRCLE ( 'NONE', #869, 3.000000000000002665 ) ;
#5836 = LINE ( 'NONE', #564, #6082 ) ;
#5837 = CARTESIAN_POINT ( 'NONE',  ( 15.00000000000000000, 234.9535527894194900, -7.931989494132069218 ) ) ;
#5838 = ORIENTED_EDGE ( 'NONE', *, *, #347, .F. ) ;
#5839 = CARTESIAN_POINT ( 'NONE',  ( 15.75000000000000000, 235.0000000000000000, -8.318019484660529983 ) ) ;
#5840 = CARTESIAN_POINT ( 'NONE',  ( -0.000000000000000000, 234.5030772555560930, -5.197685476635006019 ) ) ;
#5841 = ORIENTED_EDGE ( 'NONE', *, *, #6013, .T. ) ;
#5842 = CARTESIAN_POINT ( 'NONE',  ( 16.00000000000000000, 73.10504876423827625, -25.65660740926765371 ) ) ;
#5843 = ORIENTED_EDGE ( 'NONE', *, *, #3244, .F. ) ;
#5844 = DIRECTION ( 'NONE',  ( 0.000000000000000000, 0.000000000000000000, 1.000000000000000000 ) ) ;
#5845 = CARTESIAN_POINT ( 'NONE',  ( 8.000000000000000000, 7.999999999999992895, -38.50000000000002132 ) ) ;
#5846 = AXIS2_PLACEMENT_3D ( 'NONE', #8965, #4586, #769 ) ;
#5847 = CARTESIAN_POINT ( 'NONE',  ( 14.86869354863676307, 30.73828822863980292, -106.4799999999999898 ) ) ;
#5848 = VECTOR ( 'NONE', #3957, 1000.000000000000000 ) ;
#5849 = CARTESIAN_POINT ( 'NONE',  ( 8.000000000000000000, 78.99999999999998579, -122.0000000000000000 ) ) ;
#5850 = EDGE_CURVE ( 'NONE', #8283, #382, #10722, .T. ) ;
#5851 = FACE_OUTER_BOUND ( 'NONE', #850, .T. ) ;
#5852 = ORIENTED_EDGE ( 'NONE', *, *, #7204, .F. ) ;
#5853 = DIRECTION ( 'NONE',  ( -1.000000000000000000, -0.000000000000000000, -0.000000000000000000 ) ) ;
#5854 = ORIENTED_EDGE ( 'NONE', *, *, #11396, .T. ) ;
#5855 = AXIS2_PLACEMENT_3D ( 'NONE', #7686, #10380, #2190 ) ;
#5856 = CARTESIAN_POINT ( 'NONE',  ( 6.999999999999999112, 10.75000000000000000, -122.0000000000000000 ) ) ;
#5857 = DIRECTION ( 'NONE',  ( -1.000000000000000000, 0.000000000000000000, 0.000000000000000000 ) ) ;
#5858 = CIRCLE ( 'NONE', #10070, 0.8890000000000009006 ) ;
#5859 = ORIENTED_EDGE ( 'NONE', *, *, #8082, .F. ) ;
#5860 = ADVANCED_FACE ( 'NONE', ( #11744 ), #10846, .F. ) ;
#5862 = EDGE_LOOP ( 'NONE', ( #10519, #3884, #2050, #2337, #241, #5834, #7004, #1481 ) ) ;
#5861 = CARTESIAN_POINT ( 'NONE',  ( 8.872221257575773734, 63.82543509805192627, -34.50000000000000711 ) ) ;
#5863 = CYLINDRICAL_SURFACE ( 'NONE', #1107, 6.120000000000000107 ) ;
#5864 = EDGE_CURVE ( 'NONE', #9825, #9363, #1559, .T. ) ;
#5865 = DIRECTION ( 'NONE',  ( -1.000000000000000000, 0.000000000000000000, 0.000000000000000000 ) ) ;
#5866 = CARTESIAN_POINT ( 'NONE',  ( -0.000000000000000000, 0.3196337395946993731, -5.904355495544551857 ) ) ;
#5867 = FACE_OUTER_BOUND ( 'NONE', #557, .T. ) ;
#5868 = DIRECTION ( 'NONE',  ( -1.000000000000000000, 0.000000000000000000, 0.000000000000000000 ) ) ;
#5869 = DIRECTION ( 'NONE',  ( 0.000000000000000000, 0.000000000000000000, -1.000000000000000000 ) ) ;
#5870 = ORIENTED_EDGE ( 'NONE', *, *, #8629, .F. ) ;
#5871 = DIRECTION ( 'NONE',  ( 0.000000000000000000, 0.000000000000000000, 1.000000000000000000 ) ) ;
#5872 = ORIENTED_EDGE ( 'NONE', *, *, #167, .T. ) ;
#5873 = CARTESIAN_POINT ( 'NONE',  ( 0.000000000000000000, 78.99999999999998579, 0.000000000000000000 ) ) ;
#5874 = VERTEX_POINT ( 'NONE', #5208 ) ;
#5875 = VECTOR ( 'NONE', #95, 1000.000000000000000 ) ;
#5876 = DIRECTION ( 'NONE',  ( 0.000000000000000000, 0.000000000000000000, -1.000000000000000000 ) ) ;
#5877 = EDGE_CURVE ( 'NONE', #7474, #7830, #3353, .T. ) ;
#5878 = VECTOR ( 'NONE', #5470, 1000.000000000000000 ) ;
#5879 = DIRECTION ( 'NONE',  ( 1.000000000000000000, -0.000000000000000000, -2.434699615406045218E-16 ) ) ;
#5880 = DIRECTION ( 'NONE',  ( -1.000000000000000000, 0.000000000000000000, 0.000000000000000000 ) ) ;
#5881 = AXIS2_PLACEMENT_3D ( 'NONE', #10840, #9695, #6174 ) ;
#5882 = ORIENTED_EDGE ( 'NONE', *, *, #7881, .F. ) ;
#5883 = AXIS2_PLACEMENT_3D ( 'NONE', #437, #7799, #2244 ) ;
#5884 = PLANE ( 'NONE',  #161 ) ;
#5885 = VERTEX_POINT ( 'NONE', #8806 ) ;
#5886 = LINE ( 'NONE', #8634, #9772 ) ;
#5887 = EDGE_CURVE ( 'NONE', #5431, #2996, #6483, .T. ) ;
#5888 = EDGE_CURVE ( 'NONE', #7804, #2869, #2658, .T. ) ;
#5889 = VECTOR ( 'NONE', #6294, 1000.000000000000000 ) ;
#5890 = CIRCLE ( 'NONE', #9534, 8.000000000000007105 ) ;
#5891 = VECTOR ( 'NONE', #287, 1000.000000000000000 ) ;
#5892 = DIRECTION ( 'NONE',  ( -1.267377881992188131E-16, -1.000000000000000000, -1.267377881992188131E-16 ) ) ;
#5893 = DIRECTION ( 'NONE',  ( 0.000000000000000000, 0.000000000000000000, 1.000000000000000000 ) ) ;
#5894 = PLANE ( 'NONE',  #7048 ) ;
#5895 = CARTESIAN_POINT ( 'NONE',  ( 0.000000000000000000, 18.00000000000000000, -74.75000000000008527 ) ) ;
#5896 = ORIENTED_EDGE ( 'NONE', *, *, #1081, .T. ) ;
#5897 = CARTESIAN_POINT ( 'NONE',  ( 8.000000000000000000, 60.16085224226479511, -119.4739079060004769 ) ) ;
#5898 = CARTESIAN_POINT ( 'NONE',  ( -0.000000000000000000, 229.0956445044568000, -0.3196337395947120297 ) ) ;
#5899 = PLANE ( 'NONE',  #2750 ) ;
#5900 = VECTOR ( 'NONE', #5085, 1000.000000000000000 ) ;
#5901 = ORIENTED_EDGE ( 'NONE', *, *, #642, .T. ) ;
#5902 = LINE ( 'NONE', #6640, #8499 ) ;
#5903 = VECTOR ( 'NONE', #2788, 1000.000000000000000 ) ;
#5904 = CARTESIAN_POINT ( 'NONE',  ( 16.00000000000000000, 87.66800501528138057, -92.30155645757714922 ) ) ;
#5905 = DIRECTION ( 'NONE',  ( -1.267377881992188131E-16, -1.000000000000000000, -1.267377881992188131E-16 ) ) ;
#5906 = EDGE_CURVE ( 'NONE', #8379, #3474, #4428, .T. ) ;
#5907 = CARTESIAN_POINT ( 'NONE',  ( 8.000000000000000000, 7.999999999999992895, -10.00000000000001421 ) ) ;
#5908 = FACE_OUTER_BOUND ( 'NONE', #8549, .T. ) ;
#5909 = CARTESIAN_POINT ( 'NONE',  ( 12.99999999999998579, 99.89460152177055363, -38.50000000000000711 ) ) ;
#5910 = VERTEX_POINT ( 'NONE', #7912 ) ;
#5911 = LINE ( 'NONE', #9563, #1657 ) ;
#5912 = ORIENTED_EDGE ( 'NONE', *, *, #10563, .T. ) ;
#5913 = LINE ( 'NONE', #10407, #2468 ) ;
#5914 = CARTESIAN_POINT ( 'NONE',  ( 15.00000000000000000, 8.000000000000000000, -10.75000000000002309 ) ) ;
#5915 = AXIS2_PLACEMENT_3D ( 'NONE', #8415, #6575, #9440 ) ;
#5916 = ORIENTED_EDGE ( 'NONE', *, *, #11089, .T. ) ;
#5917 = ADVANCED_FACE ( 'NONE', ( #10658 ), #6119, .T. ) ;
#5918 = CARTESIAN_POINT ( 'NONE',  ( 8.000000000000014211, 188.5000000000000000, -9.999999999999994671 ) ) ;
#5919 = CARTESIAN_POINT ( 'NONE',  ( 0.000000000000000000, 226.9999999999999716, -10.75000000000000355 ) ) ;
#5920 = FACE_OUTER_BOUND ( 'NONE', #1894, .T. ) ;
#5921 = B_SPLINE_CURVE_WITH_KNOTS ( 'NONE', 3,
 ( #9826, #4499, #1824, #7152, #5463, #10794, #9124, #8220 ),
 .UNSPECIFIED., .F., .F.,
 ( 4, 2, 2, 4 ),
 ( 0.003637515934745457272, 0.005111714399175386163, 0.006585912863605315054, 0.009534309792465178041 ),
 .UNSPECIFIED. ) ;
#5922 = AXIS2_PLACEMENT_3D ( 'NONE', #3422, #6709, #10600 ) ;
#5923 = CARTESIAN_POINT ( 'NONE',  ( 16.00000000000000000, 30.73828822863980292, -107.3689999999999856 ) ) ;
#5924 = CARTESIAN_POINT ( 'NONE',  ( 8.000000000000010658, 156.0000000000000000, -38.50000000000000711 ) ) ;
#5925 = CARTESIAN_POINT ( 'NONE',  ( 10.00000000000026645, 235.0000000000000000, -120.0000000000000000 ) ) ;
#5926 = CYLINDRICAL_SURFACE ( 'NONE', #9135, 0.8890000000000009006 ) ;
#5927 = CARTESIAN_POINT ( 'NONE',  ( 15.00000000000000000, 0.000000000000000000, -120.0000000000000142 ) ) ;
#5928 = EDGE_LOOP ( 'NONE', ( #1221, #6898 ) ) ;
#5929 = EDGE_CURVE ( 'NONE', #9123, #10528, #1623, .T. ) ;
#5930 = ORIENTED_EDGE ( 'NONE', *, *, #11736, .F. ) ;
#5931 = DIRECTION ( 'NONE',  ( -1.000000000000000000, -0.000000000000000000, -0.000000000000000000 ) ) ;
#5932 = EDGE_CURVE ( 'NONE', #11389, #8100, #9817, .T. ) ;
#5933 = VECTOR ( 'NONE', #7035, 1000.000000000000114 ) ;
#5934 = CARTESIAN_POINT ( 'NONE',  ( 13.00000000000001066, 35.11029899452380221, -119.0767868613206986 ) ) ;
#5935 = CARTESIAN_POINT ( 'NONE',  ( 8.000000000000000000, 78.99999999999998579, -122.0000000000000000 ) ) ;
#5936 = CARTESIAN_POINT ( 'NONE',  ( 13.00000000000001066, 152.0000000000000000, -20.18446276741022061 ) ) ;
#5937 = VECTOR ( 'NONE', #5248, 1000.000000000000000 ) ;
#5938 = VERTEX_POINT ( 'NONE', #7144 ) ;
#5939 = ADVANCED_FACE ( 'NONE', ( #10784 ), #2590, .T. ) ;
#5940 = VERTEX_POINT ( 'NONE', #2830 ) ;
#5941 = SURFACE_STYLE_FILL_AREA ( #8579 ) ;
#5942 = VERTEX_POINT ( 'NONE', #9174 ) ;
#5943 = VECTOR ( 'NONE', #2366, 1000.000000000000000 ) ;
#5944 = ADVANCED_FACE ( 'NONE', ( #4554 ), #5519, .F. ) ;
#5945 = CARTESIAN_POINT ( 'NONE',  ( 12.95843050365776961, 58.36687280861243465, -119.2653260760224470 ) ) ;
#5946 = B_SPLINE_CURVE_WITH_KNOTS ( 'NONE', 3,
 ( #7766, #11408, #817, #9143, #6145, #5420 ),
 .UNSPECIFIED., .F., .F.,
 ( 4, 2, 4 ),
 ( 0.01617621574957441369, 0.01885598460543778943, 0.02153575346130116863 ),
 .UNSPECIFIED. ) ;
#5947 = DIRECTION ( 'NONE',  ( 0.000000000000000000, 0.000000000000000000, -1.000000000000000000 ) ) ;
#5948 = CARTESIAN_POINT ( 'NONE',  ( 15.00000000000000000, 234.9596956504968830, -8.033203287338336551 ) ) ;
#5949 = ADVANCED_FACE ( 'NONE', ( #6430 ), #9999, .T. ) ;
#5950 = VERTEX_POINT ( 'NONE', #3723 ) ;
#5951 = CARTESIAN_POINT ( 'NONE',  ( 8.000000000000000000, 130.8480050152814158, -40.61255645757714916 ) ) ;
#5952 = EDGE_CURVE ( 'NONE', #11353, #5437, #915, .T. ) ;
#5953 = CARTESIAN_POINT ( 'NONE',  ( 0.000000000000000000, 227.0697638583555715, -0.04655870106443862205 ) ) ;
#5954 = VECTOR ( 'NONE', #10451, 1000.000000000000000 ) ;
#5955 = ORIENTED_EDGE ( 'NONE', *, *, #5211, .T. ) ;
#5956 = DIRECTION ( 'NONE',  ( -1.000000000000000000, 0.000000000000000000, 0.000000000000000000 ) ) ;
#5957 = CARTESIAN_POINT ( 'NONE',  ( 0.000000000000000000, 188.5000000000000000, 0.000000000000000000 ) ) ;
#5958 = CONICAL_SURFACE ( 'NONE', #806, 3.000000000000009770, 0.3490658503988593453 ) ;
#5959 = CARTESIAN_POINT ( 'NONE',  ( 16.00000000000000000, 39.67763149197581640, -118.7342236949735792 ) ) ;
#5960 = CARTESIAN_POINT ( 'NONE',  ( 0.000000000000000000, 10.00000000000000711, -91.50000000000001421 ) ) ;
#5961 = LINE ( 'NONE', #6930, #6206 ) ;
#5962 = EDGE_CURVE ( 'NONE', #9815, #8000, #11023, .T. ) ;
#5963 = ORIENTED_EDGE ( 'NONE', *, *, #6712, .T. ) ;
#5964 = EDGE_CURVE ( 'NONE', #10583, #7548, #2655, .T. ) ;
#5965 = CARTESIAN_POINT ( 'NONE',  ( 14.86869354863676307, 154.4716895539514496, -75.45788136388650003 ) ) ;
#5966 = ORIENTED_EDGE ( 'NONE', *, *, #7170, .F. ) ;
#5967 = CARTESIAN_POINT ( 'NONE',  ( 13.00000000000001066, 58.37376206662401046, -118.9800000000000182 ) ) ;
#5968 = LINE ( 'NONE', #6089, #457 ) ;
#5969 = AXIS2_PLACEMENT_3D ( 'NONE', #10041, #5182, #1660 ) ;
#5970 = B_SPLINE_CURVE_WITH_KNOTS ( 'NONE', 3,
 ( #4529, #2508, #8195, #832 ),
 .UNSPECIFIED., .F., .F.,
 ( 4, 4 ),
 ( 0.000000000000000000, 1.000000000000000000 ),
 .UNSPECIFIED. ) ;
#5971 = VERTEX_POINT ( 'NONE', #421 ) ;
#5973 = EDGE_LOOP ( 'NONE', ( #11838, #7063, #2982, #1942 ) ) ;
#5972 = CARTESIAN_POINT ( 'NONE',  ( -0.000000000000000000, 0.05907901251483572980, -122.2510667397369133 ) ) ;
#5974 = CYLINDRICAL_SURFACE ( 'NONE', #7798, 6.119999999999986784 ) ;
#5975 = CARTESIAN_POINT ( 'NONE',  ( 24.00000000000000000, 53.82328822863980378, -118.4194297400666187 ) ) ;
#5976 = FACE_BOUND ( 'NONE', #9756, .T. ) ;
#5977 = EDGE_LOOP ( 'NONE', ( #2143, #753, #8851, #3282 ) ) ;
#5978 = EDGE_CURVE ( 'NONE', #1619, #7648, #3782, .T. ) ;
#5979 = CARTESIAN_POINT ( 'NONE',  ( 14.86869354863676307, 30.73828822863980292, -103.4799999999999898 ) ) ;
#5980 = CARTESIAN_POINT ( 'NONE',  ( 8.000000000000000000, 117.5000000000000000, -8.000000000000015987 ) ) ;
#5981 = ORIENTED_EDGE ( 'NONE', *, *, #7867, .F. ) ;
#5982 = VERTEX_POINT ( 'NONE', #5811 ) ;
#5983 = CARTESIAN_POINT ( 'NONE',  ( 16.00000000000000000, 73.10504876423827625, -21.51360740926764592 ) ) ;
#5984 = VERTEX_POINT ( 'NONE', #5924 ) ;
#5985 = AXIS2_PLACEMENT_3D ( 'NONE', #9748, #11551, #3344 ) ;
#5986 = AXIS2_PLACEMENT_3D ( 'NONE', #11082, #9117, #6611 ) ;
#5987 = CARTESIAN_POINT ( 'NONE',  ( 9.273899107006560172, 82.99999999999997158, -89.50838229559833792 ) ) ;
#5988 = CARTESIAN_POINT ( 'NONE',  ( 12.99999999999998934, 133.8614085087922660, -38.50000000000000711 ) ) ;
#5989 = EDGE_CURVE ( 'NONE', #5622, #9970, #9575, .T. ) ;
#5990 = CARTESIAN_POINT ( 'NONE',  ( 16.00000000000000000, 30.73828822863979582, -58.48000000000001108 ) ) ;
#5991 = EDGE_CURVE ( 'NONE', #2032, #7589, #6781, .T. ) ;
#5992 = AXIS2_PLACEMENT_3D ( 'NONE', #8561, #11074, #10359 ) ;
#5993 = CIRCLE ( 'NONE', #2364, 2.750000000000002665 ) ;
#5994 = DIRECTION ( 'NONE',  ( 2.434699615406045218E-16, 0.000000000000000000, 1.000000000000000000 ) ) ;
#5995 = CARTESIAN_POINT ( 'NONE',  ( 0.000000000000000000, 156.0000000000000000, -67.00000000000000000 ) ) ;
#5996 = VERTEX_POINT ( 'NONE', #5756 ) ;
#5997 = VERTEX_POINT ( 'NONE', #8506 ) ;
#5998 = ORIENTED_EDGE ( 'NONE', *, *, #9582, .T. ) ;
#5999 = PRESENTATION_STYLE_ASSIGNMENT (( #1385 ) ) ;
#6000 = ORIENTED_EDGE ( 'NONE', *, *, #5964, .F. ) ;
#6001 = CARTESIAN_POINT ( 'NONE',  ( 10.24999999999523048, 226.6819805153394327, 0.000000000000000000 ) ) ;
#6002 = AXIS2_PLACEMENT_3D ( 'NONE', #8600, #410, #1352 ) ;
#6003 = CIRCLE ( 'NONE', #8294, 6.119999999999996554 ) ;
#6004 = EDGE_CURVE ( 'NONE', #11612, #9405, #205, .T. ) ;
#6005 = CARTESIAN_POINT ( 'NONE',  ( 11.36565913159767405, 132.7097258894169158, -95.49999999999997158 ) ) ;
#6006 = VERTEX_POINT ( 'NONE', #6605 ) ;
#6007 = FACE_BOUND ( 'NONE', #2396, .T. ) ;
#6008 = CARTESIAN_POINT ( 'NONE',  ( 56.31128874149275276, 57.23783846392360886, -122.0000000000000000 ) ) ;
#6009 = FACE_OUTER_BOUND ( 'NONE', #8937, .T. ) ;
#6010 = CARTESIAN_POINT ( 'NONE',  ( -0.000000000000000000, 234.6308390788205713, -5.687981725402778466 ) ) ;
#6011 = ORIENTED_EDGE ( 'NONE', *, *, #3008, .F. ) ;
#6012 = VECTOR ( 'NONE', #4445, 1000.000000000000000 ) ;
#6013 = EDGE_CURVE ( 'NONE', #10785, #7166, #10216, .T. ) ;
#6014 = ORIENTED_EDGE ( 'NONE', *, *, #4618, .T. ) ;
#6015 = CARTESIAN_POINT ( 'NONE',  ( 24.00000000000000000, 56.22775325041630623, -118.4543491076126713 ) ) ;
#6016 = DIRECTION ( 'NONE',  ( 1.000000000000000000, 0.000000000000000000, 0.000000000000000000 ) ) ;
#6017 = VERTEX_POINT ( 'NONE', #8441 ) ;
#6018 = EDGE_CURVE ( 'NONE', #5441, #11441, #262, .T. ) ;
#6019 = CARTESIAN_POINT ( 'NONE',  ( 8.000000000000010658, 188.5000000000000000, -38.50000000000000711 ) ) ;
#6020 = AXIS2_PLACEMENT_3D ( 'NONE', #8738, #3236, #6052 ) ;
#6021 = FACE_OUTER_BOUND ( 'NONE', #10655, .T. ) ;
#6022 = FACE_OUTER_BOUND ( 'NONE', #722, .T. ) ;
#6023 = CYLINDRICAL_SURFACE ( 'NONE', #5633, 3.000000000000002665 ) ;
#6024 = EDGE_LOOP ( 'NONE', ( #1266, #4426, #1016, #9641 ) ) ;
#6025 = DIRECTION ( 'NONE',  ( 0.000000000000000000, 0.000000000000000000, -1.000000000000000000 ) ) ;
#6026 = ORIENTED_EDGE ( 'NONE', *, *, #5495, .F. ) ;
#6027 = DIRECTION ( 'NONE',  ( -1.000000000000000000, -0.000000000000000000, -0.000000000000000000 ) ) ;
#6028 = ORIENTED_EDGE ( 'NONE', *, *, #11407, .T. ) ;
#6029 = CARTESIAN_POINT ( 'NONE',  ( 8.000000000000000000, 17.99999999999998934, -52.50000000000003553 ) ) ;
#6030 = AXIS2_PLACEMENT_3D ( 'NONE', #3223, #10467, #10413 ) ;
#6031 = ORIENTED_EDGE ( 'NONE', *, *, #9477, .T. ) ;
#6032 = EDGE_CURVE ( 'NONE', #1564, #1374, #11198, .T. ) ;
#6033 = EDGE_CURVE ( 'NONE', #913, #219, #3589, .T. ) ;
#6035 = ORIENTED_EDGE ( 'NONE', *, *, #7072, .T. ) ;
#6034 = FACE_OUTER_BOUND ( 'NONE', #11385, .T. ) ;
#6036 = CARTESIAN_POINT ( 'NONE',  ( 11.49924116589121148, 86.57961203191473487, -95.50000000000001421 ) ) ;
#6037 = CARTESIAN_POINT ( 'NONE',  ( -0.000000000000000000, 233.7108631224289468, -126.8921151138271739 ) ) ;
#6038 = CIRCLE ( 'NONE', #4894, 0.8890000000000009006 ) ;
#6039 = CARTESIAN_POINT ( 'NONE',  ( 13.00000000000001421, 154.4716895539514496, -13.77773253521743690 ) ) ;
#6040 = ORIENTED_EDGE ( 'NONE', *, *, #6129, .F. ) ;
#6041 = CARTESIAN_POINT ( 'NONE',  ( 16.00000000000000000, 135.9280050152813999, -89.68255645757714944 ) ) ;
#6042 = ORIENTED_EDGE ( 'NONE', *, *, #2959, .F. ) ;
#6043 = DIRECTION ( 'NONE',  ( 1.000000000000000000, 0.000000000000000000, 0.000000000000000000 ) ) ;
#6044 = CARTESIAN_POINT ( 'NONE',  ( 8.000000000000000000, 152.0000000000000000, -122.0000000000000000 ) ) ;
#6045 = EDGE_LOOP ( 'NONE', ( #3777, #4992, #2482, #8848 ) ) ;
#6046 = AXIS2_PLACEMENT_3D ( 'NONE', #9196, #3744, #1058 ) ;
#6047 = ORIENTED_EDGE ( 'NONE', *, *, #6555, .T. ) ;
#6048 = CARTESIAN_POINT ( 'NONE',  ( 10.75617520675960392, 58.69859322693005765, -108.4831657356829879 ) ) ;
#6049 = VERTEX_POINT ( 'NONE', #653 ) ;
#6050 = EDGE_LOOP ( 'NONE', ( #8688, #9183 ) ) ;
#6051 = EDGE_CURVE ( 'NONE', #10946, #7272, #3975, .T. ) ;
#6052 = DIRECTION ( 'NONE',  ( 0.000000000000000000, 0.000000000000000000, -1.000000000000000000 ) ) ;
#6053 = DIRECTION ( 'NONE',  ( -1.000000000000000000, -0.000000000000000000, -0.000000000000000000 ) ) ;
#6054 = DIRECTION ( 'NONE',  ( 0.000000000000000000, 0.000000000000000000, -1.000000000000000000 ) ) ;
#6055 = ORIENTED_EDGE ( 'NONE', *, *, #2708, .T. ) ;
#6056 = ORIENTED_EDGE ( 'NONE', *, *, #9975, .T. ) ;
#6057 = ORIENTED_EDGE ( 'NONE', *, *, #10580, .T. ) ;
#6058 = FILL_AREA_STYLE_COLOUR ( '', #4733 ) ;
#6059 = ORIENTED_EDGE ( 'NONE', *, *, #1395, .F. ) ;
#6060 = AXIS2_PLACEMENT_3D ( 'NONE', #1857, #10945, #5561 ) ;
#6061 = ADVANCED_FACE ( 'NONE', ( #3275 ), #5250, .T. ) ;
#6062 = DIRECTION ( 'NONE',  ( 0.000000000000000000, 0.000000000000000000, 1.000000000000000000 ) ) ;
#6063 = CIRCLE ( 'NONE', #712, 0.8890000000000009006 ) ;
#6064 = CARTESIAN_POINT ( 'NONE',  ( 6.999999999999999112, 8.000000000000000000, -8.000000000000028422 ) ) ;
#6065 = AXIS2_PLACEMENT_3D ( 'NONE', #568, #1289, #8701 ) ;
#6066 = DIRECTION ( 'NONE',  ( 1.000000000000000000, 0.000000000000000000, 0.000000000000000000 ) ) ;
#6067 = CIRCLE ( 'NONE', #7984, 3.680148828669054684 ) ;
#6068 = ORIENTED_EDGE ( 'NONE', *, *, #7573, .T. ) ;
#6069 = DIRECTION ( 'NONE',  ( 0.000000000000000000, 1.000000000000000000, 0.000000000000000000 ) ) ;
#6070 = CARTESIAN_POINT ( 'NONE',  ( 14.86869354863667247, 35.75328822863979639, -109.9800000000000040 ) ) ;
#6071 = CARTESIAN_POINT ( 'NONE',  ( 13.00000000000001243, 154.4716895539514496, -17.45788136388649292 ) ) ;
#6072 = DIRECTION ( 'NONE',  ( 0.000000000000000000, -0.000000000000000000, 1.000000000000000000 ) ) ;
#6073 = EDGE_CURVE ( 'NONE', #3933, #4791, #3332, .T. ) ;
#6074 = ORIENTED_EDGE ( 'NONE', *, *, #11077, .F. ) ;
#6075 = LINE ( 'NONE', #10504, #4277 ) ;
#6076 = AXIS2_PLACEMENT_3D ( 'NONE', #481, #11665, #7122 ) ;
#6077 = CIRCLE ( 'NONE', #2272, 8.000000000000005329 ) ;
#6078 = ADVANCED_FACE ( 'NONE', ( #591 ), #4167, .F. ) ;
#6079 = CARTESIAN_POINT ( 'NONE',  ( 13.00000000000001421, 119.5000000000000000, -8.000000000000001776 ) ) ;
#6080 = DIRECTION ( 'NONE',  ( 1.000000000000000000, -0.000000000000000000, -0.000000000000000000 ) ) ;
#6081 = CARTESIAN_POINT ( 'NONE',  ( 5.839999999999999858, 203.4716895539514780, -76.34688136388648161 ) ) ;
#6082 = VECTOR ( 'NONE', #4087, 1000.000000000000000 ) ;
#6083 = ORIENTED_EDGE ( 'NONE', *, *, #4453, .F. ) ;
#6084 = CARTESIAN_POINT ( 'NONE',  ( 8.000000000000000000, 192.5000000000000000, -122.0000000000000000 ) ) ;
#6085 = VERTEX_POINT ( 'NONE', #8786 ) ;
#6086 = DIRECTION ( 'NONE',  ( -2.434699615406045218E-16, 0.000000000000000000, -1.000000000000000000 ) ) ;
#6087 = EDGE_CURVE ( 'NONE', #4791, #10821, #3228, .T. ) ;
#6088 = ORIENTED_EDGE ( 'NONE', *, *, #500, .T. ) ;
#6089 = CARTESIAN_POINT ( 'NONE',  ( 14.86869354863674175, 35.23828822863978161, -34.51360740926766368 ) ) ;
#6090 = ORIENTED_EDGE ( 'NONE', *, *, #10311, .T. ) ;
#6092 = VERTEX_POINT ( 'NONE', #8909 ) ;
#6091 = CARTESIAN_POINT ( 'NONE',  ( 24.00000000000000000, 52.04649087341079650, -130.0000000000000000 ) ) ;
#6093 = ADVANCED_FACE ( 'NONE', ( #6225 ), #2332, .T. ) ;
#6094 = CARTESIAN_POINT ( 'NONE',  ( 0.000000000000000000, 234.9289712317227554, -122.4485679376419256 ) ) ;
#6095 = FACE_OUTER_BOUND ( 'NONE', #4024, .T. ) ;
#6096 = PLANE ( 'NONE',  #7545 ) ;
#6097 = ORIENTED_EDGE ( 'NONE', *, *, #1339, .F. ) ;
#6098 = CARTESIAN_POINT ( 'NONE',  ( 14.86869354863667247, 57.72328822863980236, -118.5699999999999932 ) ) ;
#6099 = EDGE_LOOP ( 'NONE', ( #8990, #6426, #960, #7193, #8855, #9367, #4868, #8852, #3243, #764 ) ) ;
#6100 = CARTESIAN_POINT ( 'NONE',  ( 0.000000000000000000, 8.000000000000000000, -5.250000000000031974 ) ) ;
#6101 = DIRECTION ( 'NONE',  ( 0.000000000000000000, 1.000000000000000000, 7.542275982507857147E-17 ) ) ;
#6102 = VERTEX_POINT ( 'NONE', #6894 ) ;
#6103 = ADVANCED_FACE ( 'NONE', ( #7835 ), #6859, .T. ) ;
#6104 = ORIENTED_EDGE ( 'NONE', *, *, #2090, .T. ) ;
#6105 = CARTESIAN_POINT ( 'NONE',  ( 8.565201702689027030, 57.57720189397033295, -107.6857165961353928 ) ) ;
#6106 = EDGE_CURVE ( 'NONE', #7800, #868, #9794, .T. ) ;
#6107 = ORIENTED_EDGE ( 'NONE', *, *, #4685, .T. ) ;
#6108 = DIRECTION ( 'NONE',  ( 0.000000000000000000, 0.000000000000000000, 1.000000000000000000 ) ) ;
#6109 = VECTOR ( 'NONE', #3929, 1000.000000000000000 ) ;
#6110 = CARTESIAN_POINT ( 'NONE',  ( 0.000000000000000000, 224.9999999999998579, -130.0000000000000000 ) ) ;
#6111 = CARTESIAN_POINT ( 'NONE',  ( 11.34510201693647424, 106.6364889479764315, -38.50000000000000711 ) ) ;
#6112 = DIRECTION ( 'NONE',  ( -2.434699615406045218E-16, 0.000000000000000000, -1.000000000000000000 ) ) ;
#6113 = LINE ( 'NONE', #5388, #2902 ) ;
#6114 = ORIENTED_EDGE ( 'NONE', *, *, #3195, .T. ) ;
#6115 = EDGE_LOOP ( 'NONE', ( #9666, #11212 ) ) ;
#6116 = VERTEX_POINT ( 'NONE', #6041 ) ;
#6117 = CARTESIAN_POINT ( 'NONE',  ( 4.750000000000000000, 0.000000000000000000, -8.318019484660537088 ) ) ;
#6118 = EDGE_CURVE ( 'NONE', #780, #2988, #7888, .T. ) ;
#6119 = CYLINDRICAL_SURFACE ( 'NONE', #4542, 6.000000000000000000 ) ;
#6120 = ORIENTED_EDGE ( 'NONE', *, *, #875, .F. ) ;
#6121 = CARTESIAN_POINT ( 'NONE',  ( 0.000000000000000000, 8.496496751003460758E-15, -38.50000000000002132 ) ) ;
#6122 = ORIENTED_EDGE ( 'NONE', *, *, #11824, .T. ) ;
#6123 = AXIS2_PLACEMENT_3D ( 'NONE', #8652, #9176, #974 ) ;
#6124 = DIRECTION ( 'NONE',  ( 1.000000000000000000, -0.000000000000000000, -2.434699615406045218E-16 ) ) ;
#6125 = EDGE_LOOP ( 'NONE', ( #2198, #1560, #8090, #7081, #8676, #4295, #3377 ) ) ;
#6126 = DIRECTION ( 'NONE',  ( 1.217349807703022609E-16, 0.000000000000000000, 1.000000000000000000 ) ) ;
#6127 = CARTESIAN_POINT ( 'NONE',  ( 15.00000000000000000, 224.9999999999999716, 0.000000000000000000 ) ) ;
#6128 = CARTESIAN_POINT ( 'NONE',  ( 0.000000000000000000, 8.496496751003460758E-15, -67.00000000000001421 ) ) ;
#6129 = EDGE_CURVE ( 'NONE', #2768, #916, #5890, .T. ) ;
#6130 = CARTESIAN_POINT ( 'NONE',  ( 8.000000000000003553, 156.0000000000000000, -95.50000000000000000 ) ) ;
#6131 = ORIENTED_EDGE ( 'NONE', *, *, #250, .T. ) ;
#6132 = VERTEX_POINT ( 'NONE', #7003 ) ;
#6133 = CARTESIAN_POINT ( 'NONE',  ( 5.839999999999999858, 154.4716895539514496, -18.34688136388649227 ) ) ;
#6134 = AXIS2_PLACEMENT_3D ( 'NONE', #10068, #1035, #6311 ) ;
#6135 = ORIENTED_EDGE ( 'NONE', *, *, #3226, .T. ) ;
#6136 = DIRECTION ( 'NONE',  ( -1.000000000000000000, 0.000000000000000000, 0.000000000000000000 ) ) ;
#6137 = LINE ( 'NONE', #2424, #6736 ) ;
#6138 = EDGE_CURVE ( 'NONE', #2874, #3874, #3600, .T. ) ;
#6139 = DIRECTION ( 'NONE',  ( 0.000000000000000000, 0.000000000000000000, 1.000000000000000000 ) ) ;
#6140 = CARTESIAN_POINT ( 'NONE',  ( 7.990000000000000213, 17.99999999999998934, -52.50000000000003553 ) ) ;
#6141 = VECTOR ( 'NONE', #10506, 1000.000000000000000 ) ;
#6142 = DIRECTION ( 'NONE',  ( -1.000000000000000000, 1.267377881992188377E-16, 1.638342670903701786E-32 ) ) ;
#6143 = ORIENTED_EDGE ( 'NONE', *, *, #9294, .F. ) ;
#6144 = ADVANCED_FACE ( 'NONE', ( #5131, #11480, #4113, #7778, #5187, #10527, #5976, #9626, #10635, #2446, #1420 ), #5070, .T. ) ;
#6145 = CARTESIAN_POINT ( 'NONE',  ( 8.838882117856487142, 98.16059989742969094, -38.50000000000000711 ) ) ;
#6146 = ORIENTED_EDGE ( 'NONE', *, *, #7262, .T. ) ;
#6147 = DIRECTION ( 'NONE',  ( -0.000000000000000000, 1.000000000000000000, 1.267377881992188131E-16 ) ) ;
#6148 = ORIENTED_EDGE ( 'NONE', *, *, #7857, .F. ) ;
#6149 = DIRECTION ( 'NONE',  ( 0.000000000000000000, 1.000000000000000000, -0.000000000000000000 ) ) ;
#6150 = VERTEX_POINT ( 'NONE', #9195 ) ;
#6151 = AXIS2_PLACEMENT_3D ( 'NONE', #11380, #4182, #3077 ) ;
#6153 = ORIENTED_EDGE ( 'NONE', *, *, #473, .T. ) ;
#6152 = CARTESIAN_POINT ( 'NONE',  ( 12.62079908786872195, 61.51367909297801617, -34.50000000000000000 ) ) ;
#6154 = EDGE_CURVE ( 'NONE', #1972, #9250, #7416, .T. ) ;
#6155 = FACE_OUTER_BOUND ( 'NONE', #10513, .T. ) ;
#6156 = CARTESIAN_POINT ( 'NONE',  ( 0.000000000000000000, 234.9534412989358714, -122.0697638583511520 ) ) ;
#6157 = CARTESIAN_POINT ( 'NONE',  ( 8.000000000000000000, 217.0000000000000284, -55.25000000000000711 ) ) ;
#6158 = CARTESIAN_POINT ( 'NONE',  ( 12.99999999999998934, 8.000000000000000000, -113.9999999999999858 ) ) ;
#6159 = ORIENTED_EDGE ( 'NONE', *, *, #7204, .T. ) ;
#6160 = CARTESIAN_POINT ( 'NONE',  ( 14.86869354863676307, 30.73828822863979582, -55.48000000000000398 ) ) ;
#6161 = VERTEX_POINT ( 'NONE', #6291 ) ;
#6162 = AXIS2_PLACEMENT_3D ( 'NONE', #3695, #3448, #2559 ) ;
#6163 = DIRECTION ( 'NONE',  ( 1.000000000000000000, -0.000000000000000000, -0.000000000000000000 ) ) ;
#6164 = CARTESIAN_POINT ( 'NONE',  ( 3.300000000000000711, 73.10504876423827625, -24.51360740926764592 ) ) ;
#6165 = ORIENTED_EDGE ( 'NONE', *, *, #768, .T. ) ;
#6166 = ORIENTED_EDGE ( 'NONE', *, *, #2784, .T. ) ;
#6167 = CARTESIAN_POINT ( 'NONE',  ( 12.00000000000000711, 34.70916916570458000, -111.9800000000000040 ) ) ;
#6168 = EDGE_CURVE ( 'NONE', #8566, #6516, #11102, .T. ) ;
#6169 = AXIS2_PLACEMENT_3D ( 'NONE', #7893, #3338, #5871 ) ;
#6170 = CARTESIAN_POINT ( 'NONE',  ( 12.95843050365776072, 35.10970364866715698, -119.2653260760224327 ) ) ;
#6171 = EDGE_CURVE ( 'NONE', #478, #6587, #11164, .T. ) ;
#6172 = DIRECTION ( 'NONE',  ( 1.000000000000000000, 0.000000000000000000, 0.000000000000000000 ) ) ;
#6173 = DIRECTION ( 'NONE',  ( 0.000000000000000000, 1.267377881992188131E-16, -1.000000000000000000 ) ) ;
#6174 = DIRECTION ( 'NONE',  ( 2.434699615406045218E-16, 0.000000000000000000, 1.000000000000000000 ) ) ;
#6175 = CARTESIAN_POINT ( 'NONE',  ( 12.99999999999998579, 102.9080050152813897, -36.93240762890808782 ) ) ;
#6176 = ORIENTED_EDGE ( 'NONE', *, *, #2033, .T. ) ;
#6177 = EDGE_LOOP ( 'NONE', ( #1102, #10663, #9916, #9592 ) ) ;
#6178 = CARTESIAN_POINT ( 'NONE',  ( 14.86869354863676307, 87.66800501528138057, -94.41255645757715342 ) ) ;
#6179 = CARTESIAN_POINT ( 'NONE',  ( 5.839999999999999858, 30.73828822863979227, -55.48000000000000398 ) ) ;
#6180 = VERTEX_POINT ( 'NONE', #3862 ) ;
#6181 = VECTOR ( 'NONE', #2974, 1000.000000000000000 ) ;
#6182 = VERTEX_POINT ( 'NONE', #2074 ) ;
#6183 = CARTESIAN_POINT ( 'NONE',  ( 15.00000000000000000, 0.000000000000000000, 0.000000000000000000 ) ) ;
#6184 = ORIENTED_EDGE ( 'NONE', *, *, #7748, .F. ) ;
#6185 = EDGE_CURVE ( 'NONE', #8704, #11669, #8753, .T. ) ;
#6186 = EDGE_CURVE ( 'NONE', #11353, #9212, #5663, .T. ) ;
#6187 = AXIS2_PLACEMENT_3D ( 'NONE', #9890, #9951, #94 ) ;
#6188 = DIRECTION ( 'NONE',  ( -2.434699615406045218E-16, 0.000000000000000000, -1.000000000000000000 ) ) ;
#6189 = VECTOR ( 'NONE', #10350, 1000.000000000000000 ) ;
#6190 = CARTESIAN_POINT ( 'NONE',  ( 8.000000000000001776, 10.00000000000000711, -114.2540333075851606 ) ) ;
#6191 = DIRECTION ( 'NONE',  ( 1.000000000000000000, -0.000000000000000000, -0.000000000000000000 ) ) ;
#6192 = DIRECTION ( 'NONE',  ( -1.000000000000000000, 0.000000000000000000, 0.000000000000000000 ) ) ;
#6193 = CARTESIAN_POINT ( 'NONE',  ( 0.000000000000000000, 217.0000000000000284, -77.50000000000000000 ) ) ;
#6194 = CARTESIAN_POINT ( 'NONE',  ( 16.00000000000000000, 0.000000000000000000, 0.000000000000000000 ) ) ;
#6195 = DIRECTION ( 'NONE',  ( 1.000000000000000000, -0.000000000000000000, -0.000000000000000000 ) ) ;
#6196 = EDGE_LOOP ( 'NONE', ( #8928, #8121, #11685, #4313 ) ) ;
#6197 = ORIENTED_EDGE ( 'NONE', *, *, #3796, .F. ) ;
#6198 = FACE_OUTER_BOUND ( 'NONE', #5672, .T. ) ;
#6199 = VECTOR ( 'NONE', #3114, 1000.000000000000000 ) ;
#6200 = VECTOR ( 'NONE', #10449, 1000.000000000000000 ) ;
#6201 = ORIENTED_EDGE ( 'NONE', *, *, #2370, .F. ) ;
#6202 = ADVANCED_FACE ( 'NONE', ( #8352 ), #10145, .F. ) ;
#6203 = DIRECTION ( 'NONE',  ( 0.000000000000000000, 0.000000000000000000, -1.000000000000000000 ) ) ;
#6204 = DIRECTION ( 'NONE',  ( 0.9396926207859099822, 0.000000000000000000, -0.3420201433256643275 ) ) ;
#6205 = DIRECTION ( 'NONE',  ( 1.000000000000000000, -0.000000000000000000, -0.000000000000000000 ) ) ;
#6206 = VECTOR ( 'NONE', #8827, 1000.000000000000000 ) ;
#6207 = VECTOR ( 'NONE', #11734, 1000.000000000000000 ) ;
#6208 = DIRECTION ( 'NONE',  ( -1.000000000000000000, -0.000000000000000000, -0.000000000000000000 ) ) ;
#6209 = LINE ( 'NONE', #9844, #4132 ) ;
#6210 = EDGE_LOOP ( 'NONE', ( #6427, #542, #11109, #9116, #2960, #1916 ) ) ;
#6211 = FACE_OUTER_BOUND ( 'NONE', #6899, .T. ) ;
#6212 = ORIENTED_EDGE ( 'NONE', *, *, #3828, .F. ) ;
#6213 = CARTESIAN_POINT ( 'NONE',  ( 0.000000000000000000, 117.5000000000000000, -119.2500000000000000 ) ) ;
#6214 = AXIS2_PLACEMENT_3D ( 'NONE', #1919, #201, #369 ) ;
#6215 = FACE_OUTER_BOUND ( 'NONE', #9084, .T. ) ;
#6216 = LINE ( 'NONE', #5243, #4222 ) ;
#6217 = EDGE_CURVE ( 'NONE', #4108, #7795, #3802, .T. ) ;
#6219 = ORIENTED_EDGE ( 'NONE', *, *, #5286, .T. ) ;
#6218 = CARTESIAN_POINT ( 'NONE',  ( 4.750000000000000000, 226.6819805153394327, -130.0000000000000000 ) ) ;
#6220 = CARTESIAN_POINT ( 'NONE',  ( 11.88063807263194249, 87.54788100747441604, -95.50000000000000000 ) ) ;
#6221 = DIRECTION ( 'NONE',  ( 1.217349807703022609E-16, 0.000000000000000000, 1.000000000000000000 ) ) ;
#6222 = CARTESIAN_POINT ( 'NONE',  ( 8.000000000000000000, 217.0000000000000284, -77.50000000000000000 ) ) ;
#6223 = CARTESIAN_POINT ( 'NONE',  ( 0.000000000000000000, 119.5000000000000000, 0.000000000000000000 ) ) ;
#6224 = CARTESIAN_POINT ( 'NONE',  ( 56.31128874149275276, 35.80084424507770535, -119.1849687610681769 ) ) ;
#6225 = FACE_OUTER_BOUND ( 'NONE', #7458, .T. ) ;
#6226 = ORIENTED_EDGE ( 'NONE', *, *, #7792, .T. ) ;
#6227 = CYLINDRICAL_SURFACE ( 'NONE', #5478, 3.000000000000002665 ) ;
#6228 = VECTOR ( 'NONE', #10936, 1000.000000000000000 ) ;
#6229 = DIRECTION ( 'NONE',  ( 1.000000000000000000, -0.000000000000000000, -0.000000000000000000 ) ) ;
#6230 = ORIENTED_EDGE ( 'NONE', *, *, #8007, .T. ) ;
#6231 = EDGE_LOOP ( 'NONE', ( #1329, #58, #8150, #5148 ) ) ;
#6232 = CARTESIAN_POINT ( 'NONE',  ( 16.00000000000000000, 0.000000000000000000, 0.000000000000000000 ) ) ;
#6233 = EDGE_CURVE ( 'NONE', #673, #6284, #1953, .T. ) ;
#6234 = EDGE_CURVE ( 'NONE', #2062, #8032, #10297, .T. ) ;
#6235 = CONICAL_SURFACE ( 'NONE', #4111, 3.000000000000002665, 0.3490658503988593453 ) ;
#6236 = DIRECTION ( 'NONE',  ( -1.000000000000000000, -0.000000000000000000, -0.000000000000000000 ) ) ;
#6237 = FACE_BOUND ( 'NONE', #6050, .T. ) ;
#6238 = DIRECTION ( 'NONE',  ( 0.000000000000000000, 0.000000000000000000, 1.000000000000000000 ) ) ;
#6239 = VECTOR ( 'NONE', #11510, 1000.000000000000000 ) ;
#6240 = FACE_OUTER_BOUND ( 'NONE', #770, .T. ) ;
#6241 = CARTESIAN_POINT ( 'NONE',  ( 13.00000000000001421, 8.000000000000000000, -8.000000000000028422 ) ) ;
#6242 = ORIENTED_EDGE ( 'NONE', *, *, #5367, .T. ) ;
#6243 = VERTEX_POINT ( 'NONE', #289 ) ;
#6244 = ORIENTED_EDGE ( 'NONE', *, *, #9449, .F. ) ;
#6245 = DIRECTION ( 'NONE',  ( -1.267377881992188131E-16, -1.000000000000000000, -1.267377881992188131E-16 ) ) ;
#6246 = CARTESIAN_POINT ( 'NONE',  ( 56.31128874149275276, 35.23828822863978161, -28.51360740926766368 ) ) ;
#6247 = ORIENTED_EDGE ( 'NONE', *, *, #5168, .F. ) ;
#6248 = DIRECTION ( 'NONE',  ( 1.000000000000000000, -0.000000000000000000, -0.000000000000000000 ) ) ;
#6249 = ADVANCED_FACE ( 'NONE', ( #7188 ), #8470, .F. ) ;
#6250 = VECTOR ( 'NONE', #9628, 1000.000000000000000 ) ;
#6251 = DIRECTION ( 'NONE',  ( -1.000000000000000000, 0.000000000000000000, 0.000000000000000000 ) ) ;
#6252 = DIRECTION ( 'NONE',  ( 0.000000000000000000, -0.9881164689548822544, 0.1537070062818711724 ) ) ;
#6253 = ORIENTED_EDGE ( 'NONE', *, *, #1282, .T. ) ;
#6254 = FACE_OUTER_BOUND ( 'NONE', #2727, .T. ) ;
#6255 = LINE ( 'NONE', #4439, #4940 ) ;
#6256 = CARTESIAN_POINT ( 'NONE',  ( 15.00000000000000533, 229.8023145233556193, -0.4969227444549803030 ) ) ;
#6257 = DIRECTION ( 'NONE',  ( -1.000000000000000000, 0.000000000000000000, 0.000000000000000000 ) ) ;
#6258 = CIRCLE ( 'NONE', #3765, 2.999999999999992450 ) ;
#6259 = CARTESIAN_POINT ( 'NONE',  ( 14.86869354863676307, 30.73828822863979582, -58.48000000000001108 ) ) ;
#6260 = ORIENTED_EDGE ( 'NONE', *, *, #5270, .F. ) ;
#6261 =( BOUNDED_CURVE ( )  B_SPLINE_CURVE ( 3, ( #2151, #8546, #3941, #3050 ),
 .UNSPECIFIED., .F., .F. ) 
 B_SPLINE_CURVE_WITH_KNOTS ( ( 4, 4 ),
 ( 6.074439002425098266, 6.363785632121888192 ),
 .UNSPECIFIED. ) 
 CURVE ( )  GEOMETRIC_REPRESENTATION_ITEM ( )  RATIONAL_B_SPLINE_CURVE ( ( 1.000000000000000000, 0.9930353710674992840, 0.9930353710674992840, 1.000000000000000000 ) ) 
 REPRESENTATION_ITEM ( '' )  );
#6262 = EDGE_CURVE ( 'NONE', #4910, #2598, #1057, .T. ) ;
#6263 = ORIENTED_EDGE ( 'NONE', *, *, #5318, .F. ) ;
#6264 = LINE ( 'NONE', #9073, #7927 ) ;
#6265 = ADVANCED_FACE ( 'NONE', ( #7475 ), #2969, .F. ) ;
#6266 = ORIENTED_EDGE ( 'NONE', *, *, #3031, .T. ) ;
#6267 = AXIS2_PLACEMENT_3D ( 'NONE', #2897, #6441, #8398 ) ;
#6268 = AXIS2_PLACEMENT_3D ( 'NONE', #6800, #3188, #4186 ) ;
#6269 = CARTESIAN_POINT ( 'NONE',  ( 8.000000000000000000, 7.999999999999992895, -10.00000000000001421 ) ) ;
#6270 = DIRECTION ( 'NONE',  ( 0.000000000000000000, 0.000000000000000000, -1.000000000000000000 ) ) ;
#6271 = CARTESIAN_POINT ( 'NONE',  ( 8.000000000000000000, 152.0000000000000000, -70.54455756538843048 ) ) ;
#6272 = CYLINDRICAL_SURFACE ( 'NONE', #11546, 1.142999999999998240 ) ;
#6273 = ORIENTED_EDGE ( 'NONE', *, *, #3612, .F. ) ;
#6274 = DIRECTION ( 'NONE',  ( 1.000000000000000000, 0.000000000000000000, 0.000000000000000000 ) ) ;
#6275 = EDGE_LOOP ( 'NONE', ( #10673, #333 ) ) ;
#6276 = CARTESIAN_POINT ( 'NONE',  ( 56.31128874149275276, 29.23828822863977805, -28.51360740926766368 ) ) ;
#6277 = VECTOR ( 'NONE', #11622, 1000.000000000000114 ) ;
#6278 = MECHANICAL_DESIGN_GEOMETRIC_PRESENTATION_REPRESENTATION (  '', ( #2839 ), #9147 ) ;
#6279 = ORIENTED_EDGE ( 'NONE', *, *, #1893, .T. ) ;
#6280 = CARTESIAN_POINT ( 'NONE',  ( 56.31128874149275276, 87.66800501528138057, -91.41255645757715342 ) ) ;
#6281 = VECTOR ( 'NONE', #259, 1000.000000000000000 ) ;
#6282 = EDGE_CURVE ( 'NONE', #8184, #789, #10664, .T. ) ;
#6284 = VERTEX_POINT ( 'NONE', #6630 ) ;
#6283 = DIRECTION ( 'NONE',  ( 1.000000000000000000, -0.000000000000000000, -0.000000000000000000 ) ) ;
#6285 = VECTOR ( 'NONE', #7643, 1000.000000000000000 ) ;
#6286 = CARTESIAN_POINT ( 'NONE',  ( 8.000000000000000000, 192.5000000000000000, -122.0000000000000000 ) ) ;
#6287 = CARTESIAN_POINT ( 'NONE',  ( -0.000000000000000000, 227.1001598129771537, -129.9514604994694196 ) ) ;
#6288 = AXIS2_PLACEMENT_3D ( 'NONE', #2678, #11647, #4574 ) ;
#6289 = CARTESIAN_POINT ( 'NONE',  ( 8.000000000000000000, 0.000000000000000000, 0.000000000000000000 ) ) ;
#6290 = CARTESIAN_POINT ( 'NONE',  ( 15.00000000000000000, 8.000000000000000000, -8.000000000000028422 ) ) ;
#6291 = CARTESIAN_POINT ( 'NONE',  ( 8.000000000000000000, 17.99999999999998934, -58.62000000000003297 ) ) ;
#6292 = ORIENTED_EDGE ( 'NONE', *, *, #2169, .F. ) ;
#6293 = DIRECTION ( 'NONE',  ( -1.000000000000000000, 0.000000000000000000, 0.000000000000000000 ) ) ;
#6294 = DIRECTION ( 'NONE',  ( -1.000000000000000000, 0.000000000000000000, 0.000000000000000000 ) ) ;
#6295 = DIRECTION ( 'NONE',  ( -1.000000000000000000, 0.000000000000000000, 0.000000000000000000 ) ) ;
#6296 = ORIENTED_EDGE ( 'NONE', *, *, #4842, .T. ) ;
#6297 = CARTESIAN_POINT ( 'NONE',  ( 16.00000000000000000, 35.23828822863978161, -28.51360740926766368 ) ) ;
#6298 = EDGE_CURVE ( 'NONE', #2278, #9500, #7444, .T. ) ;
#6299 = CARTESIAN_POINT ( 'NONE',  ( 13.00000000000001421, 218.9999999999999716, -8.000000000000001776 ) ) ;
#6300 = DIRECTION ( 'NONE',  ( 0.000000000000000000, 0.1537070062818709504, 0.9881164689548822544 ) ) ;
#6301 = DIRECTION ( 'NONE',  ( 4.713731853622281881E-16, 0.000000000000000000, 1.000000000000000000 ) ) ;
#6302 = DIRECTION ( 'NONE',  ( 0.000000000000000000, 0.000000000000000000, 1.000000000000000000 ) ) ;
#6303 = EDGE_CURVE ( 'NONE', #11240, #4128, #3034, .T. ) ;
#6304 = CARTESIAN_POINT ( 'NONE',  ( 8.000000000000000000, 58.23828822863978161, -12.01360740926763881 ) ) ;
#6305 = DIRECTION ( 'NONE',  ( 1.000000000000000000, -0.000000000000000000, -0.000000000000000000 ) ) ;
#6306 = ORIENTED_EDGE ( 'NONE', *, *, #1123, .F. ) ;
#6307 = FACE_OUTER_BOUND ( 'NONE', #2148, .T. ) ;
#6308 = CARTESIAN_POINT ( 'NONE',  ( 13.00000000000001421, 152.0000000000000000, -8.000000000000001776 ) ) ;
#6309 = ADVANCED_FACE ( 'NONE', ( #4411 ), #182, .T. ) ;
#6310 = ORIENTED_EDGE ( 'NONE', *, *, #7430, .F. ) ;
#6311 = DIRECTION ( 'NONE',  ( 0.000000000000000000, 0.000000000000000000, 1.000000000000000000 ) ) ;
#6312 = VECTOR ( 'NONE', #2555, 1000.000000000000000 ) ;
#6313 = DIRECTION ( 'NONE',  ( -1.000000000000000000, -0.000000000000000000, -0.000000000000000000 ) ) ;
#6314 = CARTESIAN_POINT ( 'NONE',  ( 7.990000000000000213, 18.00000000000000000, -71.38000000000008072 ) ) ;
#6315 = EDGE_LOOP ( 'NONE', ( #6716, #9456, #6385, #3471 ) ) ;
#6316 = CARTESIAN_POINT ( 'NONE',  ( 24.00000000000000000, 39.65328822863979497, -109.9800000000000040 ) ) ;
#6317 = EDGE_CURVE ( 'NONE', #8035, #10782, #3406, .T. ) ;
#6318 = FACE_OUTER_BOUND ( 'NONE', #194, .T. ) ;
#6319 = VECTOR ( 'NONE', #4584, 1000.000000000000000 ) ;
#6320 = FACE_OUTER_BOUND ( 'NONE', #3644, .T. ) ;
#6321 = DIRECTION ( 'NONE',  ( 1.000000000000000000, -0.000000000000000000, -0.000000000000000000 ) ) ;
#6322 = ORIENTED_EDGE ( 'NONE', *, *, #4661, .T. ) ;
#6323 = ORIENTED_EDGE ( 'NONE', *, *, #6373, .T. ) ;
#6324 = CARTESIAN_POINT ( 'NONE',  ( 8.000000000000000000, 42.49999999999998579, -95.50000000000001421 ) ) ;
#6325 = EDGE_CURVE ( 'NONE', #2949, #1116, #8951, .T. ) ;
#6326 = ORIENTED_EDGE ( 'NONE', *, *, #3529, .F. ) ;
#6327 = AXIS2_PLACEMENT_3D ( 'NONE', #5957, #6761, #351 ) ;
#6328 = CARTESIAN_POINT ( 'NONE',  ( 8.000000000000010658, 78.99999999999998579, -38.50000000000000711 ) ) ;
#6329 = EDGE_CURVE ( 'NONE', #8815, #9194, #3251, .T. ) ;
#6330 = DIRECTION ( 'NONE',  ( 0.000000000000000000, 1.000000000000000000, 1.267377881992188131E-16 ) ) ;
#6331 = ADVANCED_FACE ( 'NONE', ( #6007, #9434 ), #4138, .F. ) ;
#6332 = DIRECTION ( 'NONE',  ( 0.000000000000000000, 0.000000000000000000, -1.000000000000000000 ) ) ;
#6333 = DIRECTION ( 'NONE',  ( 1.000000000000000000, 0.000000000000000000, 0.000000000000000000 ) ) ;
#6334 = FACE_OUTER_BOUND ( 'NONE', #2993, .T. ) ;
#6335 = ORIENTED_EDGE ( 'NONE', *, *, #6233, .T. ) ;
#6336 = DIRECTION ( 'NONE',  ( 1.000000000000000000, 0.000000000000000000, 0.000000000000000000 ) ) ;
#6337 = VECTOR ( 'NONE', #5373, 1000.000000000000000 ) ;
#6338 = EDGE_LOOP ( 'NONE', ( #10033, #6824, #9154, #9005 ) ) ;
#6339 = LINE ( 'NONE', #9971, #661 ) ;
#6340 = PLANE ( 'NONE',  #6162 ) ;
#6342 = EDGE_LOOP ( 'NONE', ( #912, #7026, #200, #9723 ) ) ;
#6341 = DIRECTION ( 'NONE',  ( 1.000000000000000000, -0.000000000000000000, -0.000000000000000000 ) ) ;
#6343 = EDGE_CURVE ( 'NONE', #2447, #9671, #505, .T. ) ;
#6344 = DIRECTION ( 'NONE',  ( 0.000000000000000000, 1.000000000000000000, 1.267377881992188131E-16 ) ) ;
#6345 = CARTESIAN_POINT ( 'NONE',  ( 12.00000000000000711, 58.76740729157500454, -111.9800000000000040 ) ) ;
#6346 = EDGE_CURVE ( 'NONE', #3231, #4494, #5102, .T. ) ;
#6347 = DIRECTION ( 'NONE',  ( 0.000000000000000000, 0.000000000000000000, 1.000000000000000000 ) ) ;
#6348 = FACE_OUTER_BOUND ( 'NONE', #9930, .T. ) ;
#6349 = ORIENTED_EDGE ( 'NONE', *, *, #11435, .T. ) ;
#6350 = CARTESIAN_POINT ( 'NONE',  ( 16.00000000000000000, 62.73828822863980292, -107.3689999999999856 ) ) ;
#6351 = CARTESIAN_POINT ( 'NONE',  ( 12.99999999999998757, 117.5000000000000000, -122.0000000000000000 ) ) ;
#6352 = ORIENTED_EDGE ( 'NONE', *, *, #8437, .F. ) ;
#6353 = DIRECTION ( 'NONE',  ( 1.217349807703022609E-16, 0.000000000000000000, 1.000000000000000000 ) ) ;
#6354 = ORIENTED_EDGE ( 'NONE', *, *, #11201, .T. ) ;
#6355 = CARTESIAN_POINT ( 'NONE',  ( 0.000000000000000000, 192.5000000000000000, 0.000000000000000000 ) ) ;
#6356 = AXIS2_PLACEMENT_3D ( 'NONE', #4017, #8450, #5876 ) ;
#6357 = FACE_BOUND ( 'NONE', #6412, .T. ) ;
#6358 = CARTESIAN_POINT ( 'NONE',  ( 6.999999999999999112, 229.7499999999999716, -8.000000000000001776 ) ) ;
#6359 = EDGE_CURVE ( 'NONE', #1250, #3307, #10551, .T. ) ;
#6360 = AXIS2_PLACEMENT_3D ( 'NONE', #7521, #6744, #9543 ) ;
#6361 = CARTESIAN_POINT ( 'NONE',  ( 24.00000000000000000, 37.25328822863976796, -109.9800000000000040 ) ) ;
#6362 = FACE_OUTER_BOUND ( 'NONE', #8643, .T. ) ;
#6363 = LINE ( 'NONE', #847, #4540 ) ;
#6364 = DIRECTION ( 'NONE',  ( 0.000000000000000000, 1.267377881992188131E-16, -1.000000000000000000 ) ) ;
#6365 = VERTEX_POINT ( 'NONE', #3087 ) ;
#6366 = EDGE_LOOP ( 'NONE', ( #6146, #6657, #4637, #9389 ) ) ;
#6367 = ORIENTED_EDGE ( 'NONE', *, *, #1893, .F. ) ;
#6368 = FACE_OUTER_BOUND ( 'NONE', #8039, .T. ) ;
#6369 = DIRECTION ( 'NONE',  ( -1.000000000000000000, 0.000000000000000000, 0.000000000000000000 ) ) ;
#6370 = ORIENTED_EDGE ( 'NONE', *, *, #8665, .F. ) ;
#6371 = DIRECTION ( 'NONE',  ( 0.000000000000000000, 0.000000000000000000, 1.000000000000000000 ) ) ;
#6372 = VECTOR ( 'NONE', #8841, 1000.000000000000000 ) ;
#6373 = EDGE_CURVE ( 'NONE', #6116, #825, #10441, .T. ) ;
#6374 = ORIENTED_EDGE ( 'NONE', *, *, #938, .T. ) ;
#6375 = CARTESIAN_POINT ( 'NONE',  ( 8.000000000000000000, 42.49999999999999289, -107.4800000000000040 ) ) ;
#6376 = ORIENTED_EDGE ( 'NONE', *, *, #7360, .T. ) ;
#6377 = ADVANCED_FACE ( 'NONE', ( #1445 ), #5709, .T. ) ;
#6378 = LINE ( 'NONE', #862, #4204 ) ;
#6379 = DIRECTION ( 'NONE',  ( -1.000000000000000000, -0.000000000000000000, -0.000000000000000000 ) ) ;
#6380 = VECTOR ( 'NONE', #6191, 1000.000000000000000 ) ;
#6381 = CARTESIAN_POINT ( 'NONE',  ( 0.000000000000000000, 224.9999999999998579, -130.0000000000000000 ) ) ;
#6382 = FACE_OUTER_BOUND ( 'NONE', #4183, .T. ) ;
#6383 = DIRECTION ( 'NONE',  ( 0.000000000000000000, 1.000000000000000000, 1.267377881992188131E-16 ) ) ;
#6384 = ORIENTED_EDGE ( 'NONE', *, *, #8567, .T. ) ;
#6385 = ORIENTED_EDGE ( 'NONE', *, *, #2611, .T. ) ;
#6386 = LINE ( 'NONE', #4388, #7563 ) ;
#6387 = ADVANCED_FACE ( 'NONE', ( #4194, #11450 ), #5894, .T. ) ;
#6388 = CIRCLE ( 'NONE', #1388, 0.8890000000000009006 ) ;
#6389 = ORIENTED_EDGE ( 'NONE', *, *, #9463, .T. ) ;
#6390 = DIRECTION ( 'NONE',  ( 1.217349807703022609E-16, 0.000000000000000000, 1.000000000000000000 ) ) ;
#6391 = CARTESIAN_POINT ( 'NONE',  ( 8.000000000000000000, 130.8480050152814158, -46.11255645757718469 ) ) ;
#6392 = DIRECTION ( 'NONE',  ( -1.948048600688777372E-17, -0.1537070062818709781, -0.9881164689548822544 ) ) ;
#6393 = ORIENTED_EDGE ( 'NONE', *, *, #488, .F. ) ;
#6394 = DIRECTION ( 'NONE',  ( 1.000000000000000000, -0.000000000000000000, -0.000000000000000000 ) ) ;
#6395 = EDGE_CURVE ( 'NONE', #2570, #9880, #1311, .T. ) ;
#6396 = VECTOR ( 'NONE', #5498, 1000.000000000000000 ) ;
#6397 = DIRECTION ( 'NONE',  ( 1.836317643389813277E-32, 1.000000000000000000, 7.542275982507857147E-17 ) ) ;
#6398 = ORIENTED_EDGE ( 'NONE', *, *, #3346, .T. ) ;
#6399 = DIRECTION ( 'NONE',  ( 1.000000000000000000, 0.000000000000000000, 0.000000000000000000 ) ) ;
#6400 = AXIS2_PLACEMENT_3D ( 'NONE', #7378, #4716, #11785 ) ;
#6401 = VERTEX_POINT ( 'NONE', #8641 ) ;
#6402 = ORIENTED_EDGE ( 'NONE', *, *, #489, .F. ) ;
#6403 = DIRECTION ( 'NONE',  ( -1.000000000000000000, -0.000000000000000000, -0.000000000000000000 ) ) ;
#6404 = ADVANCED_FACE ( 'NONE', ( #1337 ), #11333, .F. ) ;
#6405 = AXIS2_PLACEMENT_3D ( 'NONE', #1775, #2735, #3563 ) ;
#6407 = ORIENTED_EDGE ( 'NONE', *, *, #7828, .F. ) ;
#6406 = CARTESIAN_POINT ( 'NONE',  ( 4.750000000000000000, 235.0000000000000284, -120.0000000000000142 ) ) ;
#6408 = AXIS2_PLACEMENT_3D ( 'NONE', #7537, #7596, #8651 ) ;
#6409 = DIRECTION ( 'NONE',  ( 0.000000000000000000, 0.000000000000000000, 1.000000000000000000 ) ) ;
#6410 = DIRECTION ( 'NONE',  ( 0.000000000000000000, 0.000000000000000000, -1.000000000000000000 ) ) ;
#6411 = CARTESIAN_POINT ( 'NONE',  ( 14.86869354863667247, 37.48318243780042280, -130.0000000000000000 ) ) ;
#6412 = EDGE_LOOP ( 'NONE', ( #8060, #7775 ) ) ;
#6413 = CARTESIAN_POINT ( 'NONE',  ( 13.00000000000001066, 34.43291315879984182, -110.3171984987382217 ) ) ;
#6414 = ORIENTED_EDGE ( 'NONE', *, *, #3847, .T. ) ;
#6415 = DIRECTION ( 'NONE',  ( 1.000000000000000000, -0.000000000000000000, -2.434699615406045218E-16 ) ) ;
#6416 = CARTESIAN_POINT ( 'NONE',  ( 0.000000000000000000, 235.0000000000000000, 0.000000000000000000 ) ) ;
#6417 = CIRCLE ( 'NONE', #1609, 3.000000000000009770 ) ;
#6418 = EDGE_CURVE ( 'NONE', #7567, #569, #6865, .T. ) ;
#6419 = EDGE_CURVE ( 'NONE', #11497, #5177, #5836, .T. ) ;
#6420 = DIRECTION ( 'NONE',  ( 1.217349807703022609E-16, 0.000000000000000000, 1.000000000000000000 ) ) ;
#6421 = DIRECTION ( 'NONE',  ( 0.000000000000000000, 1.000000000000000000, 0.000000000000000000 ) ) ;
#6422 = VECTOR ( 'NONE', #8626, 1000.000000000000000 ) ;
#6423 = FACE_OUTER_BOUND ( 'NONE', #9821, .T. ) ;
#6424 = FACE_OUTER_BOUND ( 'NONE', #1694, .T. ) ;
#6425 = FACE_OUTER_BOUND ( 'NONE', #849, .T. ) ;
#6426 = ORIENTED_EDGE ( 'NONE', *, *, #11806, .T. ) ;
#6427 = ORIENTED_EDGE ( 'NONE', *, *, #6298, .F. ) ;
#6428 = ORIENTED_EDGE ( 'NONE', *, *, #4999, .T. ) ;
#6429 = DIRECTION ( 'NONE',  ( 0.000000000000000000, 1.000000000000000000, 1.267377881992188131E-16 ) ) ;
#6430 = FACE_OUTER_BOUND ( 'NONE', #11121, .T. ) ;
#6431 = ORIENTED_EDGE ( 'NONE', *, *, #6359, .F. ) ;
#6432 = DIRECTION ( 'NONE',  ( 0.000000000000000000, 0.000000000000000000, 1.000000000000000000 ) ) ;
#6433 = EDGE_CURVE ( 'NONE', #60, #6851, #9651, .T. ) ;
#6434 = AXIS2_PLACEMENT_3D ( 'NONE', #9448, #9266, #10341 ) ;
#6435 = CARTESIAN_POINT ( 'NONE',  ( 16.00000000000000000, 154.4716895539514496, -17.45788136388649292 ) ) ;
#6436 = ORIENTED_EDGE ( 'NONE', *, *, #3677, .F. ) ;
#6437 = VECTOR ( 'NONE', #2253, 1000.000000000000000 ) ;
#6438 = DIRECTION ( 'NONE',  ( 0.7071067811865475727, 0.7071067811865475727, 0.000000000000000000 ) ) ;
#6439 = DIRECTION ( 'NONE',  ( -0.000000000000000000, -0.000000000000000000, -1.000000000000000000 ) ) ;
#6440 = VECTOR ( 'NONE', #11041, 1000.000000000000000 ) ;
#6441 = DIRECTION ( 'NONE',  ( -1.000000000000000000, 0.000000000000000000, 0.000000000000000000 ) ) ;
#6442 = CARTESIAN_POINT ( 'NONE',  ( 13.00000000000001421, 224.9999999999999716, -8.000000000000001776 ) ) ;
#6443 = DIRECTION ( 'NONE',  ( 1.000000000000000000, -0.000000000000000000, -0.000000000000000000 ) ) ;
#6444 = EDGE_LOOP ( 'NONE', ( #3558, #3294, #10432, #11624 ) ) ;
#6445 = ORIENTED_EDGE ( 'NONE', *, *, #7405, .T. ) ;
#6446 = AXIS2_PLACEMENT_3D ( 'NONE', #11667, #9862, #2698 ) ;
#6447 = DIRECTION ( 'NONE',  ( -1.000000000000000000, -0.000000000000000000, -0.000000000000000000 ) ) ;
#6448 = EDGE_CURVE ( 'NONE', #2303, #9970, #7746, .T. ) ;
#6449 = ORIENTED_EDGE ( 'NONE', *, *, #8648, .T. ) ;
#6450 = CARTESIAN_POINT ( 'NONE',  ( 14.99999999999999822, 234.9506861822142412, -122.1118176867369840 ) ) ;
#6451 = VECTOR ( 'NONE', #111, 1000.000000000000000 ) ;
#6452 = CARTESIAN_POINT ( 'NONE',  ( 15.00000000000000000, 117.5000000000000000, -8.000000000000015987 ) ) ;
#6453 = VERTEX_POINT ( 'NONE', #8698 ) ;
#6454 = CARTESIAN_POINT ( 'NONE',  ( -0.002000000000000265454, 219.2540333075851322, -9.999999999999985789 ) ) ;
#6455 = EDGE_CURVE ( 'NONE', #5353, #11275, #6753, .T. ) ;
#6456 = ORIENTED_EDGE ( 'NONE', *, *, #9294, .T. ) ;
#6457 = FACE_OUTER_BOUND ( 'NONE', #6593, .T. ) ;
#6458 = VERTEX_POINT ( 'NONE', #7688 ) ;
#6459 = CARTESIAN_POINT ( 'NONE',  ( 16.00000000000000000, 73.10504876423827625, -27.51360740926764947 ) ) ;
#6460 = VERTEX_POINT ( 'NONE', #11392 ) ;
#6461 = ORIENTED_EDGE ( 'NONE', *, *, #10708, .T. ) ;
#6462 = CARTESIAN_POINT ( 'NONE',  ( 14.86869354863676307, 30.73828822863980292, -106.4799999999999898 ) ) ;
#6463 = ADVANCED_FACE ( 'NONE', ( #1569 ), #8045, .T. ) ;
#6464 = VERTEX_POINT ( 'NONE', #7985 ) ;
#6465 = AXIS2_PLACEMENT_3D ( 'NONE', #1059, #2858, #3036 ) ;
#6466 = CARTESIAN_POINT ( 'NONE',  ( 13.00000000000000178, 226.9999999999999716, -34.49999999999998579 ) ) ;
#6467 = ORIENTED_EDGE ( 'NONE', *, *, #10646, .T. ) ;
#6469 = ORIENTED_EDGE ( 'NONE', *, *, #11070, .F. ) ;
#6468 = DIRECTION ( 'NONE',  ( 0.000000000000000000, 0.000000000000000000, 1.000000000000000000 ) ) ;
#6470 = LINE ( 'NONE', #8637, #10175 ) ;
#6471 = CARTESIAN_POINT ( 'NONE',  ( 10.21939599851684122, 35.07736985525743734, -108.2877940815096451 ) ) ;
#6472 = DIRECTION ( 'NONE',  ( 1.000000000000000000, 0.000000000000000000, 0.000000000000000000 ) ) ;
#6473 = VECTOR ( 'NONE', #6101, 1000.000000000000000 ) ;
#6474 = ADVANCED_FACE ( 'NONE', ( #6318 ), #10860, .F. ) ;
#6475 = VECTOR ( 'NONE', #7636, 1000.000000000000000 ) ;
#6476 = ORIENTED_EDGE ( 'NONE', *, *, #8280, .F. ) ;
#6477 = AXIS2_PLACEMENT_3D ( 'NONE', #6222, #893, #7119 ) ;
#6478 = LINE ( 'NONE', #71, #1272 ) ;
#6479 = ORIENTED_EDGE ( 'NONE', *, *, #11488, .T. ) ;
#6480 = CARTESIAN_POINT ( 'NONE',  ( 8.000000000000000000, 119.4999999999999716, -38.50000000000000711 ) ) ;
#6481 = CARTESIAN_POINT ( 'NONE',  ( 8.000000000000000000, 152.0000000000000000, -122.0000000000000000 ) ) ;
#6482 = EDGE_CURVE ( 'NONE', #10182, #7235, #10729, .T. ) ;
#6483 = CIRCLE ( 'NONE', #8744, 0.8890000000000009006 ) ;
#6484 = AXIS2_PLACEMENT_3D ( 'NONE', #6511, #993, #7527 ) ;
#6485 = DIRECTION ( 'NONE',  ( -1.000000000000000000, 0.000000000000000000, 0.000000000000000000 ) ) ;
#6486 = DIRECTION ( 'NONE',  ( -1.000000000000000000, 0.000000000000000000, 0.000000000000000000 ) ) ;
#6487 = LINE ( 'NONE', #2821, #3889 ) ;
#6488 = CARTESIAN_POINT ( 'NONE',  ( 13.00000000000000178, 226.9999999999999716, -9.999999999999985789 ) ) ;
#6489 = EDGE_CURVE ( 'NONE', #1890, #8677, #9953, .T. ) ;
#6490 = EDGE_CURVE ( 'NONE', #7918, #3639, #3486, .T. ) ;
#6491 = CARTESIAN_POINT ( 'NONE',  ( 13.00000000000000178, 226.9999999999999716, -95.49999999999998579 ) ) ;
#6492 = DIRECTION ( 'NONE',  ( -1.000000000000000000, 0.000000000000000000, 0.000000000000000000 ) ) ;
#6493 = VECTOR ( 'NONE', #8876, 1000.000000000000000 ) ;
#6494 = ORIENTED_EDGE ( 'NONE', *, *, #10103, .T. ) ;
#6495 = DIRECTION ( 'NONE',  ( 1.000000000000000000, 0.000000000000000000, 0.000000000000000000 ) ) ;
#6496 = DIRECTION ( 'NONE',  ( -1.000000000000000000, 0.000000000000000000, 0.000000000000000000 ) ) ;
#6497 = VERTEX_POINT ( 'NONE', #2538 ) ;
#6498 = FACE_OUTER_BOUND ( 'NONE', #8803, .T. ) ;
#6499 = DIRECTION ( 'NONE',  ( 1.000000000000000000, -0.000000000000000000, -0.000000000000000000 ) ) ;
#6500 = DIRECTION ( 'NONE',  ( -1.000000000000000000, 0.000000000000000000, 0.000000000000000000 ) ) ;
#6501 = CARTESIAN_POINT ( 'NONE',  ( 12.99999999999998224, 83.00000000000004263, -34.50000000000000711 ) ) ;
#6502 = ADVANCED_FACE ( 'NONE', ( #7219 ), #5159, .T. ) ;
#6503 = CARTESIAN_POINT ( 'NONE',  ( 8.000000000000000000, 0.000000000000000000, 0.000000000000000000 ) ) ;
#6504 = DIRECTION ( 'NONE',  ( 0.000000000000000000, 1.188166764367676342E-16, -1.000000000000000000 ) ) ;
#6505 = DIRECTION ( 'NONE',  ( 1.000000000000000000, 0.000000000000000000, 0.000000000000000000 ) ) ;
#6506 = VERTEX_POINT ( 'NONE', #3426 ) ;
#6507 = VECTOR ( 'NONE', #1136, 1000.000000000000000 ) ;
#6508 = ORIENTED_EDGE ( 'NONE', *, *, #7897, .F. ) ;
#6509 = CARTESIAN_POINT ( 'NONE',  ( 15.00000000000000178, 228.5708269634907310, -129.7842402448126791 ) ) ;
#6510 = AXIS2_PLACEMENT_3D ( 'NONE', #1181, #11239, #7858 ) ;
#6511 = CARTESIAN_POINT ( 'NONE',  ( 14.86869354863676307, 203.4716895539514780, -75.45788136388648581 ) ) ;
#6512 = EDGE_CURVE ( 'NONE', #10821, #623, #6255, .T. ) ;
#6513 = ORIENTED_EDGE ( 'NONE', *, *, #8023, .T. ) ;
#6514 = DIRECTION ( 'NONE',  ( -2.434699615406045218E-16, 0.000000000000000000, -1.000000000000000000 ) ) ;
#6515 = DIRECTION ( 'NONE',  ( 1.217349807703022609E-16, 0.000000000000000000, 1.000000000000000000 ) ) ;
#6516 = VERTEX_POINT ( 'NONE', #2416 ) ;
#6517 = CARTESIAN_POINT ( 'NONE',  ( 8.000000000000000000, 7.999999999999992895, -34.50000000000001421 ) ) ;
#6518 = ORIENTED_EDGE ( 'NONE', *, *, #923, .F. ) ;
#6519 = CARTESIAN_POINT ( 'NONE',  ( 15.00000000000000178, 0.07102876826231002694, -122.4485679373581348 ) ) ;
#6520 = ORIENTED_EDGE ( 'NONE', *, *, #9568, .F. ) ;
#6521 = FACE_OUTER_BOUND ( 'NONE', #8927, .T. ) ;
#6522 = AXIS2_PLACEMENT_3D ( 'NONE', #9896, #7220, #9006 ) ;
#6523 = EDGE_LOOP ( 'NONE', ( #8405, #3133 ) ) ;
#6524 = DIRECTION ( 'NONE',  ( 0.000000000000000000, 1.000000000000000000, 1.267377881992188131E-16 ) ) ;
#6525 = EDGE_LOOP ( 'NONE', ( #3009, #11498, #5486, #5901 ) ) ;
#6526 = EDGE_CURVE ( 'NONE', #6570, #2729, #5402, .T. ) ;
#6528 = ORIENTED_EDGE ( 'NONE', *, *, #2962, .T. ) ;
#6527 = CARTESIAN_POINT ( 'NONE',  ( 4.750000000000000000, 225.0000000000000000, -130.0000000000000000 ) ) ;
#6529 = DIRECTION ( 'NONE',  ( 0.000000000000000000, -0.1537070062818709504, -0.9881164689548822544 ) ) ;
#6530 = CARTESIAN_POINT ( 'NONE',  ( 56.31128874149275276, 58.23828822863978161, -28.51360740926766368 ) ) ;
#6531 = EDGE_CURVE ( 'NONE', #2096, #1887, #9828, .T. ) ;
#6532 = VECTOR ( 'NONE', #3479, 1000.000000000000000 ) ;
#6533 = LINE ( 'NONE', #1012, #2950 ) ;
#6534 = ORIENTED_EDGE ( 'NONE', *, *, #53, .T. ) ;
#6535 = CARTESIAN_POINT ( 'NONE',  ( 56.31128874149275276, 57.72328822863980236, -109.9800000000000040 ) ) ;
#6536 = ORIENTED_EDGE ( 'NONE', *, *, #5054, .F. ) ;
#6537 = DIRECTION ( 'NONE',  ( 0.000000000000000000, 0.000000000000000000, 1.000000000000000000 ) ) ;
#6538 = EDGE_LOOP ( 'NONE', ( #2378, #1920, #5620, #2515, #4756, #2964, #3982, #10095 ) ) ;
#6539 = DIRECTION ( 'NONE',  ( 1.217349807703022609E-16, 0.000000000000000000, 1.000000000000000000 ) ) ;
#6540 = VECTOR ( 'NONE', #5337, 1000.000000000000000 ) ;
#6541 = EDGE_CURVE ( 'NONE', #11092, #7723, #7156, .T. ) ;
#6542 = CARTESIAN_POINT ( 'NONE',  ( 0.000000000000000000, 0.2606057747632933297, -123.8324847131424633 ) ) ;
#6543 = DIRECTION ( 'NONE',  ( 0.9396107080206423934, 0.3419903295172999624, 0.01320348020772468128 ) ) ;
#6544 = CARTESIAN_POINT ( 'NONE',  ( 16.00000000000000000, 30.73828822863979582, -55.48000000000000398 ) ) ;
#6545 = FACE_OUTER_BOUND ( 'NONE', #2809, .T. ) ;
#6546 = LINE ( 'NONE', #11078, #9295 ) ;
#6547 = CARTESIAN_POINT ( 'NONE',  ( 8.000000000000000000, 188.5000000000000000, -122.0000000000000000 ) ) ;
#6548 = VECTOR ( 'NONE', #5905, 1000.000000000000000 ) ;
#6549 = EDGE_CURVE ( 'NONE', #5152, #6365, #1506, .T. ) ;
#6550 = ORIENTED_EDGE ( 'NONE', *, *, #4431, .T. ) ;
#6551 = DIRECTION ( 'NONE',  ( 0.000000000000000000, 0.000000000000000000, 1.000000000000000000 ) ) ;
#6552 = ORIENTED_EDGE ( 'NONE', *, *, #8226, .F. ) ;
#6553 = CARTESIAN_POINT ( 'NONE',  ( 10.24999999999523048, 8.318019484660531759, -130.0000000000000000 ) ) ;
#6554 = DIRECTION ( 'NONE',  ( -1.000000000000000000, 0.000000000000000000, -0.000000000000000000 ) ) ;
#6555 = EDGE_CURVE ( 'NONE', #10800, #1457, #1695, .T. ) ;
#6556 = AXIS2_PLACEMENT_3D ( 'NONE', #11179, #5414, #11829 ) ;
#6557 = VERTEX_POINT ( 'NONE', #620 ) ;
#6558 = DIRECTION ( 'NONE',  ( 0.000000000000000000, 1.267377881992188131E-16, -1.000000000000000000 ) ) ;
#6559 = CARTESIAN_POINT ( 'NONE',  ( 5.839999999999999858, 30.73828822863980292, -107.3689999999999856 ) ) ;
#6560 = DIRECTION ( 'NONE',  ( 1.000000000000000000, -0.000000000000000000, -0.000000000000000000 ) ) ;
#6561 = DIRECTION ( 'NONE',  ( 0.000000000000000000, 0.000000000000000000, 1.000000000000000000 ) ) ;
#6562 = LINE ( 'NONE', #10193, #10086 ) ;
#6563 = VECTOR ( 'NONE', #5075, 1000.000000000000114 ) ;
#6564 = ORIENTED_EDGE ( 'NONE', *, *, #3095, .F. ) ;
#6565 = LINE ( 'NONE', #10197, #2008 ) ;
#6566 = EDGE_CURVE ( 'NONE', #1899, #9128, #745, .T. ) ;
#6567 = EDGE_CURVE ( 'NONE', #3584, #8351, #9893, .T. ) ;
#6568 = VERTEX_POINT ( 'NONE', #11570 ) ;
#6569 = CARTESIAN_POINT ( 'NONE',  ( 15.00000000000000533, 235.0000000000000284, -120.9052319265972102 ) ) ;
#6570 = VERTEX_POINT ( 'NONE', #5344 ) ;
#6571 = CARTESIAN_POINT ( 'NONE',  ( 14.86869354863676307, 135.9280050152813999, -95.68255645757716366 ) ) ;
#6572 = DIRECTION ( 'NONE',  ( 0.000000000000000000, -1.000000000000000000, 0.000000000000000000 ) ) ;
#6573 = CARTESIAN_POINT ( 'NONE',  ( 16.00000000000000000, 58.23828822863978161, -14.51360740926767079 ) ) ;
#6574 = VERTEX_POINT ( 'NONE', #8104 ) ;
#6575 = DIRECTION ( 'NONE',  ( 0.3420201433256637724, -2.834968433877373703E-16, -0.9396926207859102043 ) ) ;
#6576 = ORIENTED_EDGE ( 'NONE', *, *, #5932, .T. ) ;
#6577 = CARTESIAN_POINT ( 'NONE',  ( 22.50000000000002842, 57.72328822863980236, -109.9800000000000040 ) ) ;
#6578 = AXIS2_PLACEMENT_3D ( 'NONE', #10915, #1040, #4675 ) ;
#6579 = CARTESIAN_POINT ( 'NONE',  ( 4.750000000000000000, 0.000000000000000000, -121.6819805153394753 ) ) ;
#6580 = CIRCLE ( 'NONE', #3298, 6.680148828669050687 ) ;
#6581 = VERTEX_POINT ( 'NONE', #3365 ) ;
#6582 = CARTESIAN_POINT ( 'NONE',  ( 16.00000000000000000, 53.79894496530376813, -118.7342236949738066 ) ) ;
#6583 = EDGE_CURVE ( 'NONE', #2815, #10479, #2475, .T. ) ;
#6584 = LINE ( 'NONE', #4767, #10896 ) ;
#6585 = ORIENTED_EDGE ( 'NONE', *, *, #1485, .F. ) ;
#6587 = VERTEX_POINT ( 'NONE', #3553 ) ;
#6586 = LINE ( 'NONE', #4643, #11569 ) ;
#6588 = FACE_OUTER_BOUND ( 'NONE', #6366, .T. ) ;
#6589 = FACE_OUTER_BOUND ( 'NONE', #11471, .T. ) ;
#6590 = AXIS2_PLACEMENT_3D ( 'NONE', #1730, #10885, #10043 ) ;
#6591 = AXIS2_PLACEMENT_3D ( 'NONE', #3463, #5259, #4293 ) ;
#6592 = PLANE ( 'NONE',  #2371 ) ;
#6593 = EDGE_LOOP ( 'NONE', ( #3658, #2082, #8395, #7651 ) ) ;
#6594 = CARTESIAN_POINT ( 'NONE',  ( 15.00000000000000000, 6.007435830981615155, -0.2974676904990724013 ) ) ;
#6595 = VERTEX_POINT ( 'NONE', #5218 ) ;
#6596 = DIRECTION ( 'NONE',  ( 0.000000000000000000, 1.000000000000000000, -0.000000000000000000 ) ) ;
#6597 = DIRECTION ( 'NONE',  ( 0.000000000000000000, 0.000000000000000000, -1.000000000000000000 ) ) ;
#6598 = ORIENTED_EDGE ( 'NONE', *, *, #2235, .T. ) ;
#6599 = EDGE_CURVE ( 'NONE', #5181, #1028, #682, .T. ) ;
#6600 = AXIS2_PLACEMENT_3D ( 'NONE', #10225, #8428, #1131 ) ;
#6601 = CONICAL_SURFACE ( 'NONE', #4267, 3.000000000000002665, 0.3490658503988593453 ) ;
#6602 = CARTESIAN_POINT ( 'NONE',  ( -0.000000000000000000, 8.393628246449836183, -129.9770213261362244 ) ) ;
#6603 = CARTESIAN_POINT ( 'NONE',  ( 9.693730543464560867, 139.9239259665421002, -95.50000000000000000 ) ) ;
#6604 = LINE ( 'NONE', #3832, #1802 ) ;
#6605 = CARTESIAN_POINT ( 'NONE',  ( 8.000000000000007105, 156.0000000000000000, -67.00000000000000000 ) ) ;
#6606 = CARTESIAN_POINT ( 'NONE',  ( 3.300000000000000711, 20.37152769304129762, -25.65660740926765371 ) ) ;
#6607 = FACE_OUTER_BOUND ( 'NONE', #229, .T. ) ;
#6608 = EDGE_CURVE ( 'NONE', #11783, #7607, #217, .T. ) ;
#6609 = ORIENTED_EDGE ( 'NONE', *, *, #866, .F. ) ;
#6610 = EDGE_LOOP ( 'NONE', ( #6871, #6629, #11828, #1064, #9530 ) ) ;
#6611 = DIRECTION ( 'NONE',  ( 0.000000000000000000, 1.000000000000000000, 1.267377881992188131E-16 ) ) ;
#6612 = ORIENTED_EDGE ( 'NONE', *, *, #1441, .F. ) ;
#6613 = ADVANCED_FACE ( 'NONE', ( #1826 ), #2722, .F. ) ;
#6614 = CIRCLE ( 'NONE', #10426, 5.500000000000032863 ) ;
#6615 = PLANE ( 'NONE',  #8095 ) ;
#6616 = CARTESIAN_POINT ( 'NONE',  ( 15.00000000000000000, 57.23783846392366570, -122.0000000000000000 ) ) ;
#6617 = ORIENTED_EDGE ( 'NONE', *, *, #167, .F. ) ;
#6618 = EDGE_CURVE ( 'NONE', #5399, #9967, #11031, .T. ) ;
#6619 = DIRECTION ( 'NONE',  ( 1.000000000000000000, -0.000000000000000000, -0.000000000000000000 ) ) ;
#6620 = ORIENTED_EDGE ( 'NONE', *, *, #2266, .T. ) ;
#6621 = AXIS2_PLACEMENT_3D ( 'NONE', #2317, #5050, #629 ) ;
#6622 = LINE ( 'NONE', #7739, #11322 ) ;
#6623 = ORIENTED_EDGE ( 'NONE', *, *, #4257, .F. ) ;
#6624 = CARTESIAN_POINT ( 'NONE',  ( 0.000000000000000000, 46.50000000000000000, 0.000000000000000000 ) ) ;
#6625 = ORIENTED_EDGE ( 'NONE', *, *, #7525, .F. ) ;
#6626 = EDGE_CURVE ( 'NONE', #1556, #11284, #6870, .T. ) ;
#6627 = CARTESIAN_POINT ( 'NONE',  ( 15.00000000000000000, 226.0463778762123468, -129.9941331045454262 ) ) ;
#6628 = FACE_OUTER_BOUND ( 'NONE', #8420, .T. ) ;
#6629 = ORIENTED_EDGE ( 'NONE', *, *, #7299, .F. ) ;
#6630 = CARTESIAN_POINT ( 'NONE',  ( 8.000000000000000000, 135.9280050152813999, -98.18255645757719208 ) ) ;
#6631 = CYLINDRICAL_SURFACE ( 'NONE', #9661, 0.8890000000000009006 ) ;
#6632 = ADVANCED_FACE ( 'NONE', ( #4744 ), #11151, .F. ) ;
#6633 = ORIENTED_EDGE ( 'NONE', *, *, #2033, .F. ) ;
#6634 = VECTOR ( 'NONE', #7353, 1000.000000000000000 ) ;
#6635 = EDGE_CURVE ( 'NONE', #10479, #10182, #11218, .T. ) ;
#6636 = CARTESIAN_POINT ( 'NONE',  ( 15.00000000000000000, 235.0000000000000000, -10.00000000000000000 ) ) ;
#6637 = ORIENTED_EDGE ( 'NONE', *, *, #783, .T. ) ;
#6638 = CARTESIAN_POINT ( 'NONE',  ( 15.00000000000000178, 5.850950647957801287, -129.6685234676171490 ) ) ;
#6639 = ORIENTED_EDGE ( 'NONE', *, *, #3804, .T. ) ;
#6640 = CARTESIAN_POINT ( 'NONE',  ( 13.00000000000000178, 226.9999999999999716, -34.49999999999998579 ) ) ;
#6641 = ORIENTED_EDGE ( 'NONE', *, *, #4397, .F. ) ;
#6642 = DIRECTION ( 'NONE',  ( 0.000000000000000000, -0.9970233188156776283, 0.07710059492488814670 ) ) ;
#6643 = FACE_OUTER_BOUND ( 'NONE', #1303, .T. ) ;
#6644 = ORIENTED_EDGE ( 'NONE', *, *, #1132, .F. ) ;
#6645 = AXIS2_PLACEMENT_3D ( 'NONE', #1146, #4789, #8445 ) ;
#6646 = LINE ( 'NONE', #9390, #1633 ) ;
#6647 = DIRECTION ( 'NONE',  ( 0.000000000000000000, 0.000000000000000000, 1.000000000000000000 ) ) ;
#6648 = DIRECTION ( 'NONE',  ( 1.000000000000000000, -0.000000000000000000, -0.000000000000000000 ) ) ;
#6649 = FACE_OUTER_BOUND ( 'NONE', #3349, .T. ) ;
#6650 = VERTEX_POINT ( 'NONE', #6616 ) ;
#6651 = ADVANCED_FACE ( 'NONE', ( #157, #4800 ), #10253, .F. ) ;
#6652 = CARTESIAN_POINT ( 'NONE',  ( 16.00000000000000000, 203.4716895539514780, -76.34688136388648161 ) ) ;
#6653 = ORIENTED_EDGE ( 'NONE', *, *, #2857, .T. ) ;
#6654 = CYLINDRICAL_SURFACE ( 'NONE', #7278, 3.000000000000002665 ) ;
#6655 = CIRCLE ( 'NONE', #9680, 2.749999999999995559 ) ;
#6656 = CARTESIAN_POINT ( 'NONE',  ( 0.000000000000000000, 78.99999999999998579, -10.00000000000000355 ) ) ;
#6657 = ORIENTED_EDGE ( 'NONE', *, *, #1714, .T. ) ;
#6659 = VERTEX_POINT ( 'NONE', #6381 ) ;
#6658 = CARTESIAN_POINT ( 'NONE',  ( -0.000000000000000000, 6.429173036587523704, -129.7842402448763153 ) ) ;
#6660 = VECTOR ( 'NONE', #2602, 1000.000000000000000 ) ;
#6661 = AXIS2_PLACEMENT_3D ( 'NONE', #221, #6443, #10976 ) ;
#6662 = DIRECTION ( 'NONE',  ( -1.000000000000000000, 0.000000000000000000, 0.000000000000000000 ) ) ;
#6663 = VECTOR ( 'NONE', #7448, 1000.000000000000000 ) ;
#6664 = DIRECTION ( 'NONE',  ( -1.000000000000000000, 0.000000000000000000, 0.000000000000000000 ) ) ;
#6665 = DIRECTION ( 'NONE',  ( 1.000000000000000000, -0.000000000000000000, -0.000000000000000000 ) ) ;
#6666 = EDGE_CURVE ( 'NONE', #6460, #5209, #7786, .T. ) ;
#6667 = DIRECTION ( 'NONE',  ( 0.000000000000000000, 1.000000000000000000, 1.267377881992188131E-16 ) ) ;
#6668 = CARTESIAN_POINT ( 'NONE',  ( 12.99999999999998757, 8.000000000000000000, -122.0000000000000000 ) ) ;
#6669 = ORIENTED_EDGE ( 'NONE', *, *, #1451, .F. ) ;
#6670 = CARTESIAN_POINT ( 'NONE',  ( 13.00000000000000178, 226.9999999999999716, -62.99999999999998579 ) ) ;
#6671 = ORIENTED_EDGE ( 'NONE', *, *, #11552, .F. ) ;
#6672 = CARTESIAN_POINT ( 'NONE',  ( 10.24999999999523048, 6.636038969321063519, -130.0000000000000000 ) ) ;
#6673 = AXIS2_PLACEMENT_3D ( 'NONE', #6668, #8509, #10304 ) ;
#6674 = VECTOR ( 'NONE', #7505, 1000.000000000000000 ) ;
#6675 = AXIS2_PLACEMENT_3D ( 'NONE', #11295, #9450, #8308 ) ;
#6676 = CARTESIAN_POINT ( 'NONE',  ( 5.839999999999999858, 102.9080050152813897, -41.50155645757715206 ) ) ;
#6677 = DIRECTION ( 'NONE',  ( 0.000000000000000000, 0.000000000000000000, -1.000000000000000000 ) ) ;
#6678 = ORIENTED_EDGE ( 'NONE', *, *, #10051, .F. ) ;
#6679 = EDGE_CURVE ( 'NONE', #51, #1543, #1461, .T. ) ;
#6680 = DIRECTION ( 'NONE',  ( 0.000000000000000000, 0.000000000000000000, -1.000000000000000000 ) ) ;
#6681 = AXIS2_PLACEMENT_3D ( 'NONE', #6351, #6415, #9926 ) ;
#6682 = DIRECTION ( 'NONE',  ( -1.000000000000000000, -0.000000000000000000, -0.000000000000000000 ) ) ;
#6683 = AXIS2_PLACEMENT_3D ( 'NONE', #5541, #2136, #396 ) ;
#6684 = CIRCLE ( 'NONE', #9535, 0.8890000000000009006 ) ;
#6685 = FACE_BOUND ( 'NONE', #9997, .T. ) ;
#6686 = ORIENTED_EDGE ( 'NONE', *, *, #10062, .F. ) ;
#6687 = LINE ( 'NONE', #9301, #919 ) ;
#6688 = LINE ( 'NONE', #10494, #4044 ) ;
#6689 = EDGE_LOOP ( 'NONE', ( #4050, #11265, #9923, #11281 ) ) ;
#6690 = CARTESIAN_POINT ( 'NONE',  ( 0.000000000000000000, 17.99999999999998934, -52.50000000000003553 ) ) ;
#6691 = ORIENTED_EDGE ( 'NONE', *, *, #4211, .F. ) ;
#6692 = EDGE_CURVE ( 'NONE', #6911, #1723, #5692, .T. ) ;
#6693 = DIRECTION ( 'NONE',  ( 1.000000000000000000, -0.000000000000000000, -0.000000000000000000 ) ) ;
#6694 = DIRECTION ( 'NONE',  ( 1.000000000000000000, -0.000000000000000000, -0.000000000000000000 ) ) ;
#6695 = DIRECTION ( 'NONE',  ( 1.000000000000000000, 0.000000000000000000, 0.000000000000000000 ) ) ;
#6696 = ORIENTED_EDGE ( 'NONE', *, *, #9775, .F. ) ;
#6697 = DIRECTION ( 'NONE',  ( -1.267377881992188131E-16, -1.000000000000000000, -1.267377881992188131E-16 ) ) ;
#6698 = CARTESIAN_POINT ( 'NONE',  ( -0.002000000000000265454, 224.9999999999999716, -114.2540333075851322 ) ) ;
#6699 = AXIS2_PLACEMENT_3D ( 'NONE', #10112, #9215, #10349 ) ;
#6700 = ORIENTED_EDGE ( 'NONE', *, *, #8514, .T. ) ;
#6701 = LINE ( 'NONE', #7418, #6451 ) ;
#6702 = ORIENTED_EDGE ( 'NONE', *, *, #9218, .T. ) ;
#6703 = DIRECTION ( 'NONE',  ( 1.217349807703022609E-16, 0.000000000000000000, 1.000000000000000000 ) ) ;
#6704 = EDGE_CURVE ( 'NONE', #7415, #3327, #10487, .T. ) ;
#6705 = ORIENTED_EDGE ( 'NONE', *, *, #6171, .F. ) ;
#6706 = CARTESIAN_POINT ( 'NONE',  ( 24.00000000000000000, 56.18466019416416657, -119.0116052741088026 ) ) ;
#6707 = FACE_OUTER_BOUND ( 'NONE', #1361, .T. ) ;
#6708 = ORIENTED_EDGE ( 'NONE', *, *, #4179, .F. ) ;
#6709 = DIRECTION ( 'NONE',  ( 0.000000000000000000, 1.000000000000000000, -0.000000000000000000 ) ) ;
#6710 = ORIENTED_EDGE ( 'NONE', *, *, #5261, .F. ) ;
#6711 = AXIS2_PLACEMENT_3D ( 'NONE', #5802, #2992, #3162 ) ;
#6712 = EDGE_CURVE ( 'NONE', #2606, #624, #6063, .T. ) ;
#6713 = PLANE ( 'NONE',  #6434 ) ;
#6714 = DIRECTION ( 'NONE',  ( -1.000000000000000000, 0.000000000000000000, 0.000000000000000000 ) ) ;
#6715 = DIRECTION ( 'NONE',  ( -1.000000000000000000, 0.000000000000000000, 0.000000000000000000 ) ) ;
#6716 = ORIENTED_EDGE ( 'NONE', *, *, #5469, .F. ) ;
#6717 = LINE ( 'NONE', #2989, #5288 ) ;
#6718 = ORIENTED_EDGE ( 'NONE', *, *, #9152, .F. ) ;
#6719 = CARTESIAN_POINT ( 'NONE',  ( -0.002000000000000265454, 115.4999999999999858, -114.2540333075851606 ) ) ;
#6720 = VECTOR ( 'NONE', #3357, 1000.000000000000000 ) ;
#6721 = CARTESIAN_POINT ( 'NONE',  ( 3.851859888774471706E-31, 226.9999999999999716, -1.880000000000015437 ) ) ;
#6722 = EDGE_LOOP ( 'NONE', ( #7659, #2586, #5443, #2340 ) ) ;
#6723 = ADVANCED_FACE ( 'NONE', ( #5466 ), #7339, .F. ) ;
#6724 = EDGE_CURVE ( 'NONE', #9712, #10061, #10973, .T. ) ;
#6725 = CARTESIAN_POINT ( 'NONE',  ( -0.000000000000000000, 1.179535520014484362, -126.5651816003545491 ) ) ;
#6726 = AXIS2_PLACEMENT_3D ( 'NONE', #9502, #2085, #299 ) ;
#6727 = DIRECTION ( 'NONE',  ( 0.000000000000000000, 0.000000000000000000, -1.000000000000000000 ) ) ;
#6728 = DIRECTION ( 'NONE',  ( -0.9396926207859105373, 0.000000000000000000, 0.3420201433256624957 ) ) ;
#6729 = CARTESIAN_POINT ( 'NONE',  ( -0.000000000000000000, 4.574806598872521057, -0.6939598060918241718 ) ) ;
#6730 = DIRECTION ( 'NONE',  ( 0.000000000000000000, 0.000000000000000000, 1.000000000000000000 ) ) ;
#6731 = CARTESIAN_POINT ( 'NONE',  ( 14.86869354863680570, 20.37152769304129762, -24.51360740926765658 ) ) ;
#6732 = ORIENTED_EDGE ( 'NONE', *, *, #6819, .T. ) ;
#6733 = CARTESIAN_POINT ( 'NONE',  ( 8.000000000000010658, 42.49999999999999289, -38.50000000000000711 ) ) ;
#6734 = ORIENTED_EDGE ( 'NONE', *, *, #5775, .T. ) ;
#6735 = CARTESIAN_POINT ( 'NONE',  ( -0.7500000000000006661, 0.7169191983608358409, -127.0710678118655039 ) ) ;
#6736 = VECTOR ( 'NONE', #8889, 1000.000000000000000 ) ;
#6737 = EDGE_CURVE ( 'NONE', #7589, #5333, #8223, .T. ) ;
#6738 = CARTESIAN_POINT ( 'NONE',  ( 56.31128874149275276, 30.73828822863980292, -109.4799999999999898 ) ) ;
#6739 = DIRECTION ( 'NONE',  ( -1.000000000000000000, -0.000000000000000000, -0.000000000000000000 ) ) ;
#6740 = ORIENTED_EDGE ( 'NONE', *, *, #9990, .T. ) ;
#6741 = CARTESIAN_POINT ( 'NONE',  ( 5.839999999999999858, 30.73828822863979582, -55.48000000000000398 ) ) ;
#6742 = ORIENTED_EDGE ( 'NONE', *, *, #3875, .T. ) ;
#6743 = EDGE_CURVE ( 'NONE', #4399, #7464, #7400, .T. ) ;
#6744 = DIRECTION ( 'NONE',  ( 0.000000000000000000, 1.267377881992188131E-16, -1.000000000000000000 ) ) ;
#6745 = DIRECTION ( 'NONE',  ( 1.000000000000000000, -0.000000000000000000, -0.000000000000000000 ) ) ;
#6746 = AXIS2_PLACEMENT_3D ( 'NONE', #5331, #6305, #7906 ) ;
#6747 = ADVANCED_FACE ( 'NONE', ( #11090 ), #1128, .T. ) ;
#6748 = CARTESIAN_POINT ( 'NONE',  ( 8.000000000000012434, 119.5000000000000000, -15.74596669241484825 ) ) ;
#6749 = LINE ( 'NONE', #7967, #11206 ) ;
#6750 = CARTESIAN_POINT ( 'NONE',  ( 8.000000000000000000, 78.99999999999995737, -67.00000000000000000 ) ) ;
#6751 = VECTOR ( 'NONE', #2718, 1000.000000000000000 ) ;
#6752 = ORIENTED_EDGE ( 'NONE', *, *, #4816, .F. ) ;
#6753 = LINE ( 'NONE', #2192, #3039 ) ;
#6754 = CARTESIAN_POINT ( 'NONE',  ( 24.00000000000000000, 41.43008558386880935, -130.0000000000000000 ) ) ;
#6755 = VERTEX_POINT ( 'NONE', #4075 ) ;
#6756 = CARTESIAN_POINT ( 'NONE',  ( 0.000000000000000000, 234.9519776914198133, -7.907703953254758389 ) ) ;
#6757 = DIRECTION ( 'NONE',  ( 1.000000000000000000, 0.000000000000000000, 0.000000000000000000 ) ) ;
#6758 = ADVANCED_FACE ( 'NONE', ( #4022, #3015, #386, #1274, #7734, #6685, #11272, #5825, #7574, #6797, #11379, #7681 ), #7634, .F. ) ;
#6759 = EDGE_LOOP ( 'NONE', ( #5043, #1542, #11175, #4934 ) ) ;
#6760 = DIRECTION ( 'NONE',  ( -1.000000000000000000, -0.000000000000000000, -0.000000000000000000 ) ) ;
#6761 = DIRECTION ( 'NONE',  ( 0.000000000000000000, 1.000000000000000000, -0.000000000000000000 ) ) ;
#6762 = AXIS2_PLACEMENT_3D ( 'NONE', #1567, #617, #8939 ) ;
#6763 = DIRECTION ( 'NONE',  ( 0.000000000000000000, 0.000000000000000000, 1.000000000000000000 ) ) ;
#6764 = CARTESIAN_POINT ( 'NONE',  ( 13.00000000000001243, 156.0000000000000000, -20.80568102659827545 ) ) ;
#6765 = PLANE ( 'NONE',  #4464 ) ;
#6766 = ORIENTED_EDGE ( 'NONE', *, *, #10981, .F. ) ;
#6767 = FACE_OUTER_BOUND ( 'NONE', #148, .T. ) ;
#6768 = ORIENTED_EDGE ( 'NONE', *, *, #2624, .F. ) ;
#6769 = DIRECTION ( 'NONE',  ( 0.000000000000000000, 0.000000000000000000, 1.000000000000000000 ) ) ;
#6770 = VECTOR ( 'NONE', #10181, 1000.000000000000000 ) ;
#6771 = ADVANCED_FACE ( 'NONE', ( #10313 ), #3238, .F. ) ;
#6772 = FACE_OUTER_BOUND ( 'NONE', #8313, .T. ) ;
#6773 = ORIENTED_EDGE ( 'NONE', *, *, #3372, .F. ) ;
#6774 = AXIS2_PLACEMENT_3D ( 'NONE', #3287, #6955, #10591 ) ;
#6776 = ORIENTED_EDGE ( 'NONE', *, *, #8812, .F. ) ;
#6775 = CARTESIAN_POINT ( 'NONE',  ( 11.00000000000000711, 34.37270060615843192, -118.9800000000000182 ) ) ;
#6777 = VECTOR ( 'NONE', #10623, 1000.000000000000000 ) ;
#6779 = ORIENTED_EDGE ( 'NONE', *, *, #5877, .F. ) ;
#6778 = CARTESIAN_POINT ( 'NONE',  ( 13.00000000000001243, 42.49999999999999289, -13.83345858059862721 ) ) ;
#6780 = FACE_OUTER_BOUND ( 'NONE', #3369, .T. ) ;
#6781 = LINE ( 'NONE', #10302, #7238 ) ;
#6782 = PLANE ( 'NONE',  #3003 ) ;
#6783 = DIRECTION ( 'NONE',  ( -1.000000000000000000, -0.000000000000000000, -0.000000000000000000 ) ) ;
#6784 = CARTESIAN_POINT ( 'NONE',  ( 10.02989387811190802, 33.99210917899169715, -109.9627200842914903 ) ) ;
#6785 = EDGE_LOOP ( 'NONE', ( #10279, #11681, #7282, #9678 ) ) ;
#6786 = EDGE_CURVE ( 'NONE', #3327, #6132, #7424, .T. ) ;
#6787 = ORIENTED_EDGE ( 'NONE', *, *, #8437, .T. ) ;
#6788 = DIRECTION ( 'NONE',  ( 0.000000000000000000, 1.000000000000000000, -0.000000000000000000 ) ) ;
#6789 = EDGE_CURVE ( 'NONE', #7099, #6943, #2665, .T. ) ;
#6790 = VECTOR ( 'NONE', #2884, 1000.000000000000000 ) ;
#6791 = ORIENTED_EDGE ( 'NONE', *, *, #3158, .F. ) ;
#6792 = AXIS2_PLACEMENT_3D ( 'NONE', #526, #3266, #4341 ) ;
#6793 = CARTESIAN_POINT ( 'NONE',  ( 10.20061949072754359, 82.99999999999998579, -90.85023846839786188 ) ) ;
#6794 = VECTOR ( 'NONE', #8771, 1000.000000000000000 ) ;
#6795 = CIRCLE ( 'NONE', #2576, 6.119999999999986784 ) ;
#6796 = CARTESIAN_POINT ( 'NONE',  ( 8.000000000000000000, 115.4999999999999574, -67.00000000000000000 ) ) ;
#6797 = FACE_BOUND ( 'NONE', #2741, .T. ) ;
#6798 = ORIENTED_EDGE ( 'NONE', *, *, #5482, .T. ) ;
#6799 = EDGE_CURVE ( 'NONE', #3634, #11555, #6849, .T. ) ;
#6800 = CARTESIAN_POINT ( 'NONE',  ( 14.86869354863674175, 58.23828822863978161, -20.51360740926767079 ) ) ;
#6801 = ORIENTED_EDGE ( 'NONE', *, *, #2436, .F. ) ;
#6802 = DIRECTION ( 'NONE',  ( -1.000000000000000000, -0.000000000000000000, -0.000000000000000000 ) ) ;
#6803 = AXIS2_PLACEMENT_3D ( 'NONE', #664, #10537, #6954 ) ;
#6804 = CARTESIAN_POINT ( 'NONE',  ( 5.839999999999999858, 102.9080050152813897, -39.72355645757715337 ) ) ;
#6805 = SHAPE_DEFINITION_REPRESENTATION ( #2104, #5398 ) ;
#6806 = VECTOR ( 'NONE', #11014, 1000.000000000000000 ) ;
#6807 = DIRECTION ( 'NONE',  ( -2.434699615406045218E-16, 0.000000000000000000, -1.000000000000000000 ) ) ;
#6808 = CARTESIAN_POINT ( 'NONE',  ( 5.839999999999999858, 154.4716895539514496, -16.56888136388649002 ) ) ;
#6809 = ORIENTED_EDGE ( 'NONE', *, *, #9721, .F. ) ;
#6810 = ADVANCED_FACE ( 'NONE', ( #4917 ), #2631, .T. ) ;
#6811 = CARTESIAN_POINT ( 'NONE',  ( -0.000000000000000000, 234.5901580875375600, -5.522346110056342461 ) ) ;
#6812 = CARTESIAN_POINT ( 'NONE',  ( 13.00000000000001421, 8.000000000000000000, -8.000000000000028422 ) ) ;
#6813 = VERTEX_POINT ( 'NONE', #1216 ) ;
#6814 = LINE ( 'NONE', #9319, #295 ) ;
#6815 = FACE_OUTER_BOUND ( 'NONE', #11043, .T. ) ;
#6816 = CARTESIAN_POINT ( 'NONE',  ( 13.00000000000001421, 192.5000000000000000, -8.000000000000001776 ) ) ;
#6817 = VECTOR ( 'NONE', #10998, 1000.000000000000000 ) ;
#6818 = LINE ( 'NONE', #7818, #11006 ) ;
#6819 = EDGE_CURVE ( 'NONE', #6049, #163, #4134, .T. ) ;
#6820 = CIRCLE ( 'NONE', #4507, 3.000000000000002665 ) ;
#6821 = DIRECTION ( 'NONE',  ( 0.9396926207859098712, -0.000000000000000000, -0.3420201433256644385 ) ) ;
#6822 = B_SPLINE_CURVE_WITH_KNOTS ( 'NONE', 3,
 ( #9261, #4700, #5607, #3809, #8358, #184 ),
 .UNSPECIFIED., .F., .F.,
 ( 4, 2, 4 ),
 ( 7.543283570534591887E-07, 0.002727371680928924493, 0.005453989033500796120 ),
 .UNSPECIFIED. ) ;
#6823 = DIRECTION ( 'NONE',  ( 0.000000000000000000, 1.267377881992188131E-16, -1.000000000000000000 ) ) ;
#6824 = ORIENTED_EDGE ( 'NONE', *, *, #2680, .T. ) ;
#6825 = CARTESIAN_POINT ( 'NONE',  ( 8.000000000000000000, 224.9999999999999147, -95.49999999999998579 ) ) ;
#6826 = VERTEX_POINT ( 'NONE', #9539 ) ;
#6827 = DIRECTION ( 'NONE',  ( -1.000000000000000000, -0.000000000000000000, -0.000000000000000000 ) ) ;
#6828 = CARTESIAN_POINT ( 'NONE',  ( 16.00000000000000000, 135.9280050152813999, -93.57155645757715945 ) ) ;
#6829 = ORIENTED_EDGE ( 'NONE', *, *, #2511, .F. ) ;
#6830 = DIRECTION ( 'NONE',  ( -0.9396926207859105373, 0.000000000000000000, 0.3420201433256624957 ) ) ;
#6831 = EDGE_CURVE ( 'NONE', #1575, #8745, #9640, .T. ) ;
#6832 = CARTESIAN_POINT ( 'NONE',  ( 0.000000000000000000, 235.0000000000000284, -120.4496736707195765 ) ) ;
#6833 = DIRECTION ( 'NONE',  ( 1.000000000000000000, 0.000000000000000000, 0.000000000000000000 ) ) ;
#6834 = CARTESIAN_POINT ( 'NONE',  ( -0.000000000000000000, 5.831711049885557330, -0.3358105694561705490 ) ) ;
#6835 = VECTOR ( 'NONE', #11249, 1000.000000000000000 ) ;
#6836 = DIRECTION ( 'NONE',  ( -1.000000000000000000, 0.000000000000000000, 0.000000000000000000 ) ) ;
#6837 = DIRECTION ( 'NONE',  ( 1.000000000000000000, -0.000000000000000000, -0.000000000000000000 ) ) ;
#6838 = DIRECTION ( 'NONE',  ( 1.000000000000000000, -0.000000000000000000, -0.000000000000000000 ) ) ;
#6839 = VERTEX_POINT ( 'NONE', #5936 ) ;
#6840 = ORIENTED_EDGE ( 'NONE', *, *, #8997, .T. ) ;
#6841 = CARTESIAN_POINT ( 'NONE',  ( 12.99999999999997868, 42.50000000000003553, -95.50000000000001421 ) ) ;
#6842 = EDGE_CURVE ( 'NONE', #4508, #6182, #332, .T. ) ;
#6843 = VECTOR ( 'NONE', #2345, 1000.000000000000000 ) ;
#6844 = AXIS2_PLACEMENT_3D ( 'NONE', #11819, #1573, #3429 ) ;
#6845 = FACE_OUTER_BOUND ( 'NONE', #6115, .T. ) ;
#6846 = EDGE_CURVE ( 'NONE', #8511, #1966, #2250, .T. ) ;
#6847 = EDGE_CURVE ( 'NONE', #8198, #5688, #8576, .T. ) ;
#6848 = CARTESIAN_POINT ( 'NONE',  ( 13.00000000000001421, 152.0000000000000000, -8.000000000000001776 ) ) ;
#6849 = LINE ( 'NONE', #3185, #7454 ) ;
#6850 = AXIS2_PLACEMENT_3D ( 'NONE', #3776, #10120, #968 ) ;
#6851 = VERTEX_POINT ( 'NONE', #1381 ) ;
#6852 = VECTOR ( 'NONE', #11134, 1000.000000000000000 ) ;
#6853 = VECTOR ( 'NONE', #10299, 1000.000000000000000 ) ;
#6854 = DIRECTION ( 'NONE',  ( -1.000000000000000000, 0.000000000000000000, 0.000000000000000000 ) ) ;
#6855 = ORIENTED_EDGE ( 'NONE', *, *, #3020, .F. ) ;
#6856 = DIRECTION ( 'NONE',  ( 0.000000000000000000, 1.000000000000000000, 1.267377881992188131E-16 ) ) ;
#6857 = EDGE_LOOP ( 'NONE', ( #436, #4322, #307, #7207 ) ) ;
#6858 = ADVANCED_FACE ( 'NONE', ( #5027 ), #493, .F. ) ;
#6859 = CONICAL_SURFACE ( 'NONE', #11432, 3.000000000000009770, 0.3490658503988593453 ) ;
#6860 = CIRCLE ( 'NONE', #1688, 8.000000000000005329 ) ;
#6861 = EDGE_CURVE ( 'NONE', #10329, #676, #4126, .T. ) ;
#6862 = ORIENTED_EDGE ( 'NONE', *, *, #3531, .T. ) ;
#6863 = FACE_OUTER_BOUND ( 'NONE', #6523, .T. ) ;
#6864 = EDGE_LOOP ( 'NONE', ( #11529, #1198, #11644, #6923, #7468, #10890, #11163, #3822 ) ) ;
#6865 = LINE ( 'NONE', #5039, #4742 ) ;
#6866 = FACE_OUTER_BOUND ( 'NONE', #8016, .T. ) ;
#6867 = ORIENTED_EDGE ( 'NONE', *, *, #4595, .F. ) ;
#6868 = CARTESIAN_POINT ( 'NONE',  ( 10.24999999999523048, 235.0000000000000284, -8.318019484660529983 ) ) ;
#6869 = CARTESIAN_POINT ( 'NONE',  ( -0.000000000000000000, 229.1102918011295344, -0.3228582868787125415 ) ) ;
#6870 = CIRCLE ( 'NONE', #10849, 0.8890000000000009006 ) ;
#6871 = ORIENTED_EDGE ( 'NONE', *, *, #1471, .T. ) ;
#6872 = CARTESIAN_POINT ( 'NONE',  ( 6.999999999999999112, 117.5000000000000000, -122.0000000000000000 ) ) ;
#6873 = CARTESIAN_POINT ( 'NONE',  ( 14.86869354863676307, 130.8480050152814158, -37.61255645757714206 ) ) ;
#6874 = CARTESIAN_POINT ( 'NONE',  ( 3.851859888774471706E-31, 8.000000000000000000, -128.1199999999999761 ) ) ;
#6875 = ADVANCED_FACE ( 'NONE', ( #8988 ), #4302, .F. ) ;
#6876 = DIRECTION ( 'NONE',  ( -0.000000000000000000, -0.000000000000000000, 1.000000000000000000 ) ) ;
#6877 = CARTESIAN_POINT ( 'NONE',  ( 14.86869354863678439, 73.10504876423827625, -24.51360740926764592 ) ) ;
#6878 = DIRECTION ( 'NONE',  ( 1.217349807703022609E-16, 0.000000000000000000, 1.000000000000000000 ) ) ;
#6879 = ORIENTED_EDGE ( 'NONE', *, *, #4055, .F. ) ;
#6880 = CARTESIAN_POINT ( 'NONE',  ( 14.99999999999999645, 3.853999910007051752E-17, -9.094768074528621682 ) ) ;
#6881 = ORIENTED_EDGE ( 'NONE', *, *, #10592, .T. ) ;
#6882 = CARTESIAN_POINT ( 'NONE',  ( 15.00000000000000000, 57.67573221220188628, -119.1849687610681769 ) ) ;
#6883 = ORIENTED_EDGE ( 'NONE', *, *, #2355, .T. ) ;
#6884 = CARTESIAN_POINT ( 'NONE',  ( 0.000000000000000000, 8.000000000000000000, -8.000000000000028422 ) ) ;
#6885 = VECTOR ( 'NONE', #6827, 1000.000000000000000 ) ;
#6886 = ADVANCED_FACE ( 'NONE', ( #3412 ), #1553, .T. ) ;
#6887 = ORIENTED_EDGE ( 'NONE', *, *, #9060, .T. ) ;
#6888 = FACE_BOUND ( 'NONE', #9159, .T. ) ;
#6889 = ADVANCED_FACE ( 'NONE', ( #6240 ), #8934, .T. ) ;
#6890 = CARTESIAN_POINT ( 'NONE',  ( 8.000000000000000000, 64.27261534519762165, -34.50000000000000711 ) ) ;
#6891 = CARTESIAN_POINT ( 'NONE',  ( -0.000000000000000000, 234.9770213261361960, -121.6063717535549245 ) ) ;
#6892 = CIRCLE ( 'NONE', #571, 3.000000000000009770 ) ;
#6893 = DIRECTION ( 'NONE',  ( 0.000000000000000000, 0.000000000000000000, 1.000000000000000000 ) ) ;
#6894 = CARTESIAN_POINT ( 'NONE',  ( 11.06891820560793072, 59.05050570410911348, -119.3448104879956730 ) ) ;
#6895 = ORIENTED_EDGE ( 'NONE', *, *, #11470, .F. ) ;
#6896 = DIRECTION ( 'NONE',  ( 1.000000000000000000, -0.000000000000000000, -0.000000000000000000 ) ) ;
#6897 = LINE ( 'NONE', #9470, #5703 ) ;
#6898 = ORIENTED_EDGE ( 'NONE', *, *, #5812, .F. ) ;
#6899 = EDGE_LOOP ( 'NONE', ( #5223, #11698, #7794, #1248 ) ) ;
#6900 = DIRECTION ( 'NONE',  ( -1.000000000000000000, 0.000000000000000000, 0.000000000000000000 ) ) ;
#6901 = EDGE_CURVE ( 'NONE', #7363, #1588, #8736, .T. ) ;
#6902 = EDGE_LOOP ( 'NONE', ( #5773, #6456, #11484, #7419 ) ) ;
#6903 = VECTOR ( 'NONE', #1044, 1000.000000000000000 ) ;
#6904 = CARTESIAN_POINT ( 'NONE',  ( 12.98604631900891349, 35.11261151974104422, -119.1725625957794108 ) ) ;
#6905 = DIRECTION ( 'NONE',  ( 0.000000000000000000, 1.000000000000000000, 1.267377881992188131E-16 ) ) ;
#6906 = EDGE_CURVE ( 'NONE', #39, #2512, #4326, .T. ) ;
#6907 = DIRECTION ( 'NONE',  ( 0.000000000000000000, 0.000000000000000000, 1.000000000000000000 ) ) ;
#6908 = VECTOR ( 'NONE', #4393, 1000.000000000000000 ) ;
#6909 = EDGE_LOOP ( 'NONE', ( #2990, #118 ) ) ;
#6910 = ORIENTED_EDGE ( 'NONE', *, *, #5195, .T. ) ;
#6911 = VERTEX_POINT ( 'NONE', #6304 ) ;
#6912 = CARTESIAN_POINT ( 'NONE',  ( 8.000000000000000000, 33.25328822863979639, -109.9800000000000040 ) ) ;
#6913 = ORIENTED_EDGE ( 'NONE', *, *, #8932, .T. ) ;
#6914 = EDGE_CURVE ( 'NONE', #5910, #5205, #1259, .T. ) ;
#6915 = DIRECTION ( 'NONE',  ( 0.000000000000000000, 0.1537070062818711724, 0.9881164689548822544 ) ) ;
#6916 = FACE_OUTER_BOUND ( 'NONE', #1531, .T. ) ;
#6917 = EDGE_LOOP ( 'NONE', ( #6552, #11316, #4334, #7109 ) ) ;
#6918 = DIRECTION ( 'NONE',  ( -2.434699615406045218E-16, 0.000000000000000000, -1.000000000000000000 ) ) ;
#6919 = CARTESIAN_POINT ( 'NONE',  ( 15.00000000000000000, 235.0000000000000000, -129.9999999999999716 ) ) ;
#6920 = CARTESIAN_POINT ( 'NONE',  ( 13.00000000000000000, 152.0000000000000000, -72.73129996036276168 ) ) ;
#6921 = CIRCLE ( 'NONE', #9015, 8.000000000000005329 ) ;
#6922 = EDGE_CURVE ( 'NONE', #11428, #5950, #11677, .T. ) ;
#6923 = ORIENTED_EDGE ( 'NONE', *, *, #8997, .F. ) ;
#6924 = LINE ( 'NONE', #5107, #2372 ) ;
#6925 = EDGE_CURVE ( 'NONE', #9247, #5794, #6959, .T. ) ;
#6926 = DIRECTION ( 'NONE',  ( -1.000000000000000000, -0.000000000000000000, -0.000000000000000000 ) ) ;
#6927 = VECTOR ( 'NONE', #9425, 1000.000000000000000 ) ;
#6928 = DIRECTION ( 'NONE',  ( 1.000000000000000000, -0.000000000000000000, -0.000000000000000000 ) ) ;
#6929 = CARTESIAN_POINT ( 'NONE',  ( 56.31128874149275276, 58.23828822863978161, -14.51360740926766901 ) ) ;
#6930 = CARTESIAN_POINT ( 'NONE',  ( 13.00000000000001421, 46.50000000000000000, -8.000000000000001776 ) ) ;
#6931 = FACE_OUTER_BOUND ( 'NONE', #7422, .T. ) ;
#6932 = ORIENTED_EDGE ( 'NONE', *, *, #6087, .T. ) ;
#6933 = CARTESIAN_POINT ( 'NONE',  ( 0.000000000000000000, 8.000000000000000000, -8.000000000000028422 ) ) ;
#6934 = PLANE ( 'NONE',  #10777 ) ;
#6935 = ADVANCED_FACE ( 'NONE', ( #3469 ), #7138, .F. ) ;
#6936 = VECTOR ( 'NONE', #8129, 1000.000000000000000 ) ;
#6937 = ORIENTED_EDGE ( 'NONE', *, *, #9165, .F. ) ;
#6939 = ORIENTED_EDGE ( 'NONE', *, *, #7594, .F. ) ;
#6938 = CARTESIAN_POINT ( 'NONE',  ( -0.000000000000000000, 0.05048359870437853225, -122.1292931739628358 ) ) ;
#6940 = CARTESIAN_POINT ( 'NONE',  ( 13.66779235237665091, 28.54475470674052318, -130.0000000000000000 ) ) ;
#6941 = VECTOR ( 'NONE', #10131, 1000.000000000000000 ) ;
#6942 = CARTESIAN_POINT ( 'NONE',  ( 8.000000000000000000, 82.99999999999995737, -95.50000000000000000 ) ) ;
#6943 = VERTEX_POINT ( 'NONE', #10650 ) ;
#6944 = DIRECTION ( 'NONE',  ( -1.000000000000000000, -0.000000000000000000, -0.000000000000000000 ) ) ;
#6945 = EDGE_LOOP ( 'NONE', ( #5130, #2023, #10924, #1268 ) ) ;
#6946 = LINE ( 'NONE', #5979, #5083 ) ;
#6947 = LINE ( 'NONE', #10582, #4154 ) ;
#6948 = ORIENTED_EDGE ( 'NONE', *, *, #6512, .T. ) ;
#6949 = ORIENTED_EDGE ( 'NONE', *, *, #1213, .T. ) ;
#6950 = CARTESIAN_POINT ( 'NONE',  ( 12.99999999999998934, 226.9999999999999716, -113.9999999999999574 ) ) ;
#6951 = ADVANCED_FACE ( 'NONE', ( #1683 ), #4423, .F. ) ;
#6952 = AXIS2_PLACEMENT_3D ( 'NONE', #1616, #5264, #4299 ) ;
#6953 = AXIS2_PLACEMENT_3D ( 'NONE', #11743, #1689, #3602 ) ;
#6954 = DIRECTION ( 'NONE',  ( 0.000000000000000000, 0.000000000000000000, 1.000000000000000000 ) ) ;
#6955 = DIRECTION ( 'NONE',  ( 1.000000000000000000, -0.000000000000000000, -0.000000000000000000 ) ) ;
#6956 = ADVANCED_FACE ( 'NONE', ( #1743 ), #4236, .F. ) ;
#6957 = VECTOR ( 'NONE', #2695, 1000.000000000000000 ) ;
#6958 = AXIS2_PLACEMENT_3D ( 'NONE', #4539, #8202, #10948 ) ;
#6959 = LINE ( 'NONE', #2403, #5109 ) ;
#6960 = FACE_BOUND ( 'NONE', #1765, .T. ) ;
#6961 = ORIENTED_EDGE ( 'NONE', *, *, #9687, .F. ) ;
#6962 = ORIENTED_EDGE ( 'NONE', *, *, #11119, .F. ) ;
#6963 = VERTEX_POINT ( 'NONE', #7905 ) ;
#6964 = DIRECTION ( 'NONE',  ( 0.000000000000000000, -1.000000000000000000, -7.542275982507857147E-17 ) ) ;
#6965 = ADVANCED_FACE ( 'NONE', ( #5146 ), #8800, .T. ) ;
#6966 = ORIENTED_EDGE ( 'NONE', *, *, #3960, .T. ) ;
#6967 = FACE_OUTER_BOUND ( 'NONE', #4456, .T. ) ;
#6968 = AXIS2_PLACEMENT_3D ( 'NONE', #10162, #1971, #5619 ) ;
#6969 = VECTOR ( 'NONE', #3509, 1000.000000000000000 ) ;
#6970 = CARTESIAN_POINT ( 'NONE',  ( 0.000000000000000000, 226.9999999999999716, -119.2499999999999716 ) ) ;
#6971 = EDGE_CURVE ( 'NONE', #1426, #5439, #7016, .T. ) ;
#6972 = ORIENTED_EDGE ( 'NONE', *, *, #6233, .F. ) ;
#6973 = DIRECTION ( 'NONE',  ( 0.000000000000000000, 0.000000000000000000, 1.000000000000000000 ) ) ;
#6974 = CARTESIAN_POINT ( 'NONE',  ( 8.000000000000000000, 7.999999999999992895, -95.50000000000001421 ) ) ;
#6975 = DIRECTION ( 'NONE',  ( -1.000000000000000000, -0.000000000000000000, -0.000000000000000000 ) ) ;
#6976 = CARTESIAN_POINT ( 'NONE',  ( 0.000000000000000000, 235.0000000000000284, -9.094768074473643438 ) ) ;
#6977 = AXIS2_PLACEMENT_3D ( 'NONE', #1513, #752, #8821 ) ;
#6978 = VERTEX_POINT ( 'NONE', #7970 ) ;
#6979 = FACE_OUTER_BOUND ( 'NONE', #10622, .T. ) ;
#6980 = EDGE_CURVE ( 'NONE', #5408, #4508, #9751, .T. ) ;
#6981 = CARTESIAN_POINT ( 'NONE',  ( 11.00000000000000533, 34.34519893143837521, -118.6243631721766718 ) ) ;
#6982 = VECTOR ( 'NONE', #2160, 1000.000000000000000 ) ;
#6983 = ADVANCED_FACE ( 'NONE', ( #9810 ), #1617, .F. ) ;
#6984 = FACE_OUTER_BOUND ( 'NONE', #3189, .T. ) ;
#6985 = EDGE_CURVE ( 'NONE', #219, #913, #7614, .T. ) ;
#6986 = CARTESIAN_POINT ( 'NONE',  ( 0.000000000000000000, 7.979415714894989776E-15, -91.50000000000001421 ) ) ;
#6987 = EDGE_LOOP ( 'NONE', ( #6219, #8732 ) ) ;
#6988 = CARTESIAN_POINT ( 'NONE',  ( 24.00000000000000000, 53.82328822863979667, -109.9800000000000040 ) ) ;
#6989 = ORIENTED_EDGE ( 'NONE', *, *, #8378, .F. ) ;
#6990 = DIRECTION ( 'NONE',  ( 0.000000000000000000, 0.000000000000000000, 1.000000000000000000 ) ) ;
#6991 = ORIENTED_EDGE ( 'NONE', *, *, #8062, .F. ) ;
#6992 = LINE ( 'NONE', #9848, #10771 ) ;
#6993 = CIRCLE ( 'NONE', #3164, 2.750000000000002665 ) ;
#6994 = ORIENTED_EDGE ( 'NONE', *, *, #6359, .T. ) ;
#6996 = ORIENTED_EDGE ( 'NONE', *, *, #139, .F. ) ;
#6995 = DIRECTION ( 'NONE',  ( 0.000000000000000000, 0.000000000000000000, -1.000000000000000000 ) ) ;
#6997 = CARTESIAN_POINT ( 'NONE',  ( -0.000000000000000000, 230.4251934011363403, -129.3060401938996336 ) ) ;
#6998 = ADVANCED_FACE ( 'NONE', ( #4665 ), #207, .T. ) ;
#6999 = LINE ( 'NONE', #6157, #7678 ) ;
#7000 = CIRCLE ( 'NONE', #1847, 3.000000000000002665 ) ;
#7001 = CARTESIAN_POINT ( 'NONE',  ( -0.002000000000000265454, 224.9999999999999716, -15.74596669241484115 ) ) ;
#7002 = ORIENTED_EDGE ( 'NONE', *, *, #3363, .T. ) ;
#7003 = CARTESIAN_POINT ( 'NONE',  ( 8.000000000000000000, 93.16730984652038217, -91.50000000000000000 ) ) ;
#7004 = ORIENTED_EDGE ( 'NONE', *, *, #3031, .F. ) ;
#7005 = CYLINDRICAL_SURFACE ( 'NONE', #9670, 2.750000000000002665 ) ;
#7006 = FACE_OUTER_BOUND ( 'NONE', #8262, .T. ) ;
#7007 = EDGE_LOOP ( 'NONE', ( #1254, #8867 ) ) ;
#7008 = CIRCLE ( 'NONE', #501, 0.8890000000000009006 ) ;
#7009 = EDGE_LOOP ( 'NONE', ( #1717, #11741 ) ) ;
#7010 = CARTESIAN_POINT ( 'NONE',  ( 13.00000000000001421, 10.00000000000000711, -8.000000000000001776 ) ) ;
#7011 = FACE_BOUND ( 'NONE', #11329, .T. ) ;
#7012 = AXIS2_PLACEMENT_3D ( 'NONE', #8849, #2513, #11540 ) ;
#7013 = LINE ( 'NONE', #4545, #1269 ) ;
#7014 = ADVANCED_FACE ( 'NONE', ( #3656 ), #5636, .T. ) ;
#7015 = FACE_OUTER_BOUND ( 'NONE', #7771, .T. ) ;
#7016 = LINE ( 'NONE', #2460, #11417 ) ;
#7017 = DIRECTION ( 'NONE',  ( 0.000000000000000000, 0.000000000000000000, 1.000000000000000000 ) ) ;
#7018 = ORIENTED_EDGE ( 'NONE', *, *, #2324, .T. ) ;
#7019 = ORIENTED_EDGE ( 'NONE', *, *, #6692, .T. ) ;
#7020 = VERTEX_POINT ( 'NONE', #7387 ) ;
#7021 = CARTESIAN_POINT ( 'NONE',  ( 56.31128874149275276, 130.8480050152814158, -43.61255645757716337 ) ) ;
#7022 = EDGE_LOOP ( 'NONE', ( #1671, #5746, #9698, #578 ) ) ;
#7023 = EDGE_CURVE ( 'NONE', #8379, #5018, #24, .T. ) ;
#7024 = CARTESIAN_POINT ( 'NONE',  ( 5.839999999999999858, 62.73828822863980292, -55.47999999999998977 ) ) ;
#7025 = DIRECTION ( 'NONE',  ( 0.000000000000000000, 0.000000000000000000, -1.000000000000000000 ) ) ;
#7026 = ORIENTED_EDGE ( 'NONE', *, *, #4748, .F. ) ;
#7027 = EDGE_CURVE ( 'NONE', #3307, #10596, #147, .T. ) ;
#7028 = AXIS2_PLACEMENT_3D ( 'NONE', #11553, #730, #3347 ) ;
#7029 = CARTESIAN_POINT ( 'NONE',  ( 8.000000000000000000, 217.0000000000000284, -77.50000000000000000 ) ) ;
#7030 = AXIS2_PLACEMENT_3D ( 'NONE', #11214, #9242, #3733 ) ;
#7031 = VECTOR ( 'NONE', #247, 1000.000000000000000 ) ;
#7032 = EDGE_LOOP ( 'NONE', ( #8601, #5245, #8700, #1787, #10977, #9814, #2573 ) ) ;
#7033 = CARTESIAN_POINT ( 'NONE',  ( 8.000000000000000000, 7.999999999999992895, -67.00000000000001421 ) ) ;
#7034 = CARTESIAN_POINT ( 'NONE',  ( 8.000000000000000000, 203.4716895539514780, -17.45788136388648581 ) ) ;
#7035 = DIRECTION ( 'NONE',  ( -0.9396926207859100932, 0.000000000000000000, -0.3420201433256641055 ) ) ;
#7036 = DIRECTION ( 'NONE',  ( 0.000000000000000000, 1.000000000000000000, 1.267377881992188131E-16 ) ) ;
#7037 = ORIENTED_EDGE ( 'NONE', *, *, #8504, .F. ) ;
#7038 = ORIENTED_EDGE ( 'NONE', *, *, #9648, .F. ) ;
#7039 = DIRECTION ( 'NONE',  ( 0.000000000000000000, 0.07710059492489097777, -0.9970233188156774062 ) ) ;
#7040 = EDGE_CURVE ( 'NONE', #9212, #5982, #8326, .T. ) ;
#7041 = CIRCLE ( 'NONE', #10469, 1.143000000000005123 ) ;
#7042 = AXIS2_PLACEMENT_3D ( 'NONE', #5597, #3032, #2852 ) ;
#7043 = CARTESIAN_POINT ( 'NONE',  ( 8.000000000000000000, 192.4999999999999432, -95.49999999999998579 ) ) ;
#7044 = DIRECTION ( 'NONE',  ( 0.000000000000000000, 0.000000000000000000, -1.000000000000000000 ) ) ;
#7045 = DIRECTION ( 'NONE',  ( 0.000000000000000000, 1.267377881992188131E-16, -1.000000000000000000 ) ) ;
#7046 = DIRECTION ( 'NONE',  ( 1.000000000000000000, -0.000000000000000000, -0.000000000000000000 ) ) ;
#7047 = ADVANCED_FACE ( 'NONE', ( #8209, #3596 ), #5387, .F. ) ;
#7048 = AXIS2_PLACEMENT_3D ( 'NONE', #4985, #8585, #5947 ) ;
#7049 = VERTEX_POINT ( 'NONE', #10901 ) ;
#7050 = CARTESIAN_POINT ( 'NONE',  ( 8.842931756964794943, 152.0000000000000284, -80.02776934398670505 ) ) ;
#7051 = ORIENTED_EDGE ( 'NONE', *, *, #6018, .T. ) ;
#7052 = LINE ( 'NONE', #6882, #1710 ) ;
#7053 = ORIENTED_EDGE ( 'NONE', *, *, #1330, .F. ) ;
#7054 = CARTESIAN_POINT ( 'NONE',  ( 12.99999999999999645, 152.0000000000000000, -78.18446276741022416 ) ) ;
#7055 = ADVANCED_FACE ( 'NONE', ( #11019 ), #10242, .T. ) ;
#7056 = ORIENTED_EDGE ( 'NONE', *, *, #2365, .F. ) ;
#7058 = ORIENTED_EDGE ( 'NONE', *, *, #8882, .F. ) ;
#7057 = CARTESIAN_POINT ( 'NONE',  ( 10.24999999999523048, 234.2830808016391870, -127.0710678118655039 ) ) ;
#7059 = CARTESIAN_POINT ( 'NONE',  ( 11.34090464329352521, 156.0000000000000000, -21.46949002778289639 ) ) ;
#7060 = CARTESIAN_POINT ( 'NONE',  ( -0.000000000000000000, 229.1562414163695394, -129.6669079913988583 ) ) ;
#7061 = CARTESIAN_POINT ( 'NONE',  ( 9.591515204885689982, 90.41478590586524433, -95.49999999999998579 ) ) ;
#7062 = DIRECTION ( 'NONE',  ( 0.000000000000000000, 4.336808689942021187E-16, -1.000000000000000000 ) ) ;
#7063 = ORIENTED_EDGE ( 'NONE', *, *, #7641, .F. ) ;
#7064 = DIRECTION ( 'NONE',  ( 0.000000000000000000, -0.07710059492488814670, -0.9970233188156776283 ) ) ;
#7065 = EDGE_LOOP ( 'NONE', ( #4980, #2173, #6534, #10501, #4079, #2245, #9473, #7410 ) ) ;
#7066 = DIRECTION ( 'NONE',  ( 0.000000000000000000, 0.000000000000000000, -1.000000000000000000 ) ) ;
#7067 = LINE ( 'NONE', #2514, #4918 ) ;
#7068 = ORIENTED_EDGE ( 'NONE', *, *, #6567, .T. ) ;
#7069 = DIRECTION ( 'NONE',  ( 0.000000000000000000, 0.000000000000000000, 1.000000000000000000 ) ) ;
#7070 = VERTEX_POINT ( 'NONE', #2887 ) ;
#7071 = LINE ( 'NONE', #9800, #2189 ) ;
#7072 = EDGE_CURVE ( 'NONE', #84, #5177, #10955, .T. ) ;
#7073 = EDGE_CURVE ( 'NONE', #7784, #2415, #7508, .T. ) ;
#7074 = ORIENTED_EDGE ( 'NONE', *, *, #3226, .F. ) ;
#7075 = LINE ( 'NONE', #8796, #1253 ) ;
#7076 = VECTOR ( 'NONE', #6027, 1000.000000000000000 ) ;
#7077 = CARTESIAN_POINT ( 'NONE',  ( 8.000000000000000000, 60.22328822863980236, -111.3712958405723441 ) ) ;
#7078 = FACE_OUTER_BOUND ( 'NONE', #10962, .T. ) ;
#7079 = DIRECTION ( 'NONE',  ( -1.000000000000000000, 0.000000000000000000, 0.000000000000000000 ) ) ;
#7080 = CARTESIAN_POINT ( 'NONE',  ( 8.000000000000000000, 82.99999999999998579, -120.0000000000000142 ) ) ;
#7081 = ORIENTED_EDGE ( 'NONE', *, *, #605, .F. ) ;
#7082 = ORIENTED_EDGE ( 'NONE', *, *, #7828, .T. ) ;
#7083 = EDGE_LOOP ( 'NONE', ( #4058, #9742, #10610, #10738, #3219, #9175, #4168, #11111 ) ) ;
#7084 = DIRECTION ( 'NONE',  ( 0.000000000000000000, 1.000000000000000000, 1.267377881992188131E-16 ) ) ;
#7085 = CARTESIAN_POINT ( 'NONE',  ( 0.000000000000000000, 10.00000000000000711, 0.000000000000000000 ) ) ;
#7086 = ORIENTED_EDGE ( 'NONE', *, *, #11077, .T. ) ;
#7087 = VECTOR ( 'NONE', #9973, 1000.000000000000114 ) ;
#7088 = EDGE_CURVE ( 'NONE', #7804, #4566, #1470, .T. ) ;
#7089 = CARTESIAN_POINT ( 'NONE',  ( 4.750000000000000000, 225.0000000000000000, 0.000000000000000000 ) ) ;
#7090 = ORIENTED_EDGE ( 'NONE', *, *, #696, .T. ) ;
#7091 = CARTESIAN_POINT ( 'NONE',  ( 22.50000000000002842, 55.99339401947914752, -130.0000000000000284 ) ) ;
#7092 = CIRCLE ( 'NONE', #10336, 6.120000000000000107 ) ;
#7093 = DIRECTION ( 'NONE',  ( -2.434699615406045218E-16, 0.000000000000000000, -1.000000000000000000 ) ) ;
#7094 = CARTESIAN_POINT ( 'NONE',  ( 0.000000000000000000, 46.50000000000000000, 0.000000000000000000 ) ) ;
#7095 = CARTESIAN_POINT ( 'NONE',  ( 14.99999999999999467, 229.1562414163690562, -0.3330920086010065173 ) ) ;
#7096 = PLANE ( 'NONE',  #4391 ) ;
#7097 = CARTESIAN_POINT ( 'NONE',  ( 16.00000000000000000, 20.37152769304129762, -24.51360740926765658 ) ) ;
#7098 = ORIENTED_EDGE ( 'NONE', *, *, #7489, .T. ) ;
#7099 = VERTEX_POINT ( 'NONE', #2940 ) ;
#7100 = CARTESIAN_POINT ( 'NONE',  ( 12.99999999999998757, 156.0000000000000000, -120.0000000000000142 ) ) ;
#7101 = ADVANCED_FACE ( 'NONE', ( #6607 ), #10059, .T. ) ;
#7102 = AXIS2_PLACEMENT_3D ( 'NONE', #5459, #7331, #6432 ) ;
#7103 = EDGE_LOOP ( 'NONE', ( #10802, #2300, #11728, #9593 ) ) ;
#7104 = DIRECTION ( 'NONE',  ( 1.000000000000000000, -0.000000000000000000, -0.000000000000000000 ) ) ;
#7105 = DIRECTION ( 'NONE',  ( 1.000000000000000000, -0.000000000000000000, -0.000000000000000000 ) ) ;
#7106 = DIRECTION ( 'NONE',  ( -1.000000000000000000, -0.000000000000000000, -0.000000000000000000 ) ) ;
#7107 = EDGE_CURVE ( 'NONE', #10061, #1887, #6363, .T. ) ;
#7108 = FACE_OUTER_BOUND ( 'NONE', #7536, .T. ) ;
#7109 = ORIENTED_EDGE ( 'NONE', *, *, #1565, .T. ) ;
#7110 = CARTESIAN_POINT ( 'NONE',  ( 14.86869354863676307, 62.73828822863980292, -55.47999999999998977 ) ) ;
#7111 = ORIENTED_EDGE ( 'NONE', *, *, #9420, .T. ) ;
#7112 = CYLINDRICAL_SURFACE ( 'NONE', #10401, 6.120000000000000107 ) ;
#7113 = EDGE_CURVE ( 'NONE', #11240, #8916, #5574, .T. ) ;
#7114 = CIRCLE ( 'NONE', #1369, 8.500000000000028422 ) ;
#7115 = CARTESIAN_POINT ( 'NONE',  ( 8.000000000000000000, 18.00000000000000000, -77.50000000000008527 ) ) ;
#7117 = ORIENTED_EDGE ( 'NONE', *, *, #10564, .F. ) ;
#7116 = CARTESIAN_POINT ( 'NONE',  ( -0.7500000000000006661, 228.3639610306789223, -130.0000000000000000 ) ) ;
#7118 = LINE ( 'NONE', #2565, #70 ) ;
#7119 = DIRECTION ( 'NONE',  ( 0.000000000000000000, 0.000000000000000000, -1.000000000000000000 ) ) ;
#7120 = FACE_OUTER_BOUND ( 'NONE', #7447, .T. ) ;
#7121 = LINE ( 'NONE', #5315, #8290 ) ;
#7122 = DIRECTION ( 'NONE',  ( 0.000000000000000000, -0.1537070062818709504, -0.9881164689548822544 ) ) ;
#7123 = ADVANCED_FACE ( 'NONE', ( #6425 ), #9225, .T. ) ;
#7124 = VERTEX_POINT ( 'NONE', #911 ) ;
#7125 = AXIS2_PLACEMENT_3D ( 'NONE', #8914, #3460, #7129 ) ;
#7126 = DIRECTION ( 'NONE',  ( -2.434699615406045218E-16, 0.000000000000000000, -1.000000000000000000 ) ) ;
#7127 = LINE ( 'NONE', #2449, #1676 ) ;
#7128 = ORIENTED_EDGE ( 'NONE', *, *, #11435, .F. ) ;
#7129 = DIRECTION ( 'NONE',  ( 0.000000000000000000, 1.000000000000000000, 1.267377881992188131E-16 ) ) ;
#7130 = EDGE_LOOP ( 'NONE', ( #10686, #3742, #7586, #11426 ) ) ;
#7131 = CARTESIAN_POINT ( 'NONE',  ( 10.21866409714967183, 58.39884134331163068, -108.2875276911975817 ) ) ;
#7132 = VECTOR ( 'NONE', #8221, 1000.000000000000000 ) ;
#7133 = LINE ( 'NONE', #2579, #11366 ) ;
#7134 = DIRECTION ( 'NONE',  ( -1.000000000000000000, -0.000000000000000000, -0.000000000000000000 ) ) ;
#7135 = LINE ( 'NONE', #2648, #1995 ) ;
#7136 = EDGE_CURVE ( 'NONE', #3899, #2815, #1147, .T. ) ;
#7137 = ADVANCED_FACE ( 'NONE', ( #10476 ), #11367, .F. ) ;
#7138 = CYLINDRICAL_SURFACE ( 'NONE', #10287, 0.8890000000000009006 ) ;
#7139 = DIRECTION ( 'NONE',  ( 0.000000000000000000, 1.000000000000000000, 1.267377881992188131E-16 ) ) ;
#7140 = EDGE_LOOP ( 'NONE', ( #4783, #11138, #8253, #7090 ) ) ;
#7141 = ORIENTED_EDGE ( 'NONE', *, *, #139, .T. ) ;
#7142 = ORIENTED_EDGE ( 'NONE', *, *, #7881, .T. ) ;
#7143 = CARTESIAN_POINT ( 'NONE',  ( 10.24999999999523048, 0.7169191983608323993, -2.928932188134525827 ) ) ;
#7144 = CARTESIAN_POINT ( 'NONE',  ( 12.99999999999998224, 79.00000000000004263, -67.00000000000000000 ) ) ;
#7145 = AXIS2_PLACEMENT_3D ( 'NONE', #9762, #2413, #8875 ) ;
#7146 = ORIENTED_EDGE ( 'NONE', *, *, #7740, .T. ) ;
#7147 = AXIS2_PLACEMENT_3D ( 'NONE', #11628, #9942, #5273 ) ;
#7148 = LINE ( 'NONE', #1816, #11296 ) ;
#7149 = ORIENTED_EDGE ( 'NONE', *, *, #4855, .F. ) ;
#7150 = ORIENTED_EDGE ( 'NONE', *, *, #3819, .T. ) ;
#7151 = AXIS2_PLACEMENT_3D ( 'NONE', #10713, #6173, #6905 ) ;
#7152 = CARTESIAN_POINT ( 'NONE',  ( 11.41192132054907304, 31.12764301193135097, -34.50000000000002132 ) ) ;
#7153 = CONICAL_SURFACE ( 'NONE', #1991, 3.000000000000002665, 0.3490658503988592343 ) ;
#7154 = DIRECTION ( 'NONE',  ( 1.000000000000000000, 0.000000000000000000, 0.000000000000000000 ) ) ;
#7155 = EDGE_CURVE ( 'NONE', #11669, #8704, #9332, .T. ) ;
#7156 = LINE ( 'NONE', #1634, #2848 ) ;
#7157 = CARTESIAN_POINT ( 'NONE',  ( 15.00000000000000000, 227.1001598129777790, -0.04853950053076600685 ) ) ;
#7158 = ORIENTED_EDGE ( 'NONE', *, *, #7956, .F. ) ;
#7159 = DIRECTION ( 'NONE',  ( -0.9396926207859105373, 0.000000000000000000, 0.3420201433256624957 ) ) ;
#7160 = CARTESIAN_POINT ( 'NONE',  ( 15.00000000000000000, 117.5000000000000000, -124.7500000000000000 ) ) ;
#7161 = VERTEX_POINT ( 'NONE', #8564 ) ;
#7162 = ORIENTED_EDGE ( 'NONE', *, *, #2295, .T. ) ;
#7163 = LINE ( 'NONE', #9958, #7379 ) ;
#7164 = VECTOR ( 'NONE', #6833, 1000.000000000000000 ) ;
#7165 = AXIS2_PLACEMENT_3D ( 'NONE', #7696, #1576, #11577 ) ;
#7166 = VERTEX_POINT ( 'NONE', #9351 ) ;
#7167 = DIRECTION ( 'NONE',  ( 1.000000000000000000, -0.000000000000000000, -0.000000000000000000 ) ) ;
#7168 = DIRECTION ( 'NONE',  ( 0.000000000000000000, 0.000000000000000000, -1.000000000000000000 ) ) ;
#7169 = FACE_OUTER_BOUND ( 'NONE', #8791, .T. ) ;
#7170 = EDGE_CURVE ( 'NONE', #7959, #7851, #7982, .T. ) ;
#7171 = CIRCLE ( 'NONE', #6405, 5.500000000000032863 ) ;
#7172 = VECTOR ( 'NONE', #2783, 1000.000000000000000 ) ;
#7173 = CARTESIAN_POINT ( 'NONE',  ( 12.99999999999998934, 133.5604097613552028, -95.50000000000000000 ) ) ;
#7174 = LINE ( 'NONE', #7301, #9503 ) ;
#7175 = EDGE_LOOP ( 'NONE', ( #2408, #2626, #3520, #3301 ) ) ;
#7176 = CARTESIAN_POINT ( 'NONE',  ( 8.000000000000000000, 217.0000000000000284, -83.61999999999999034 ) ) ;
#7177 = VERTEX_POINT ( 'NONE', #9525 ) ;
#7178 = FACE_OUTER_BOUND ( 'NONE', #5351, .T. ) ;
#7179 = AXIS2_PLACEMENT_3D ( 'NONE', #9636, #9693, #1377 ) ;
#7180 = CARTESIAN_POINT ( 'NONE',  ( 56.31128874149275276, 35.75328822863979639, -118.5699999999999932 ) ) ;
#7181 = EDGE_CURVE ( 'NONE', #4678, #3856, #3958, .T. ) ;
#7183 = ORIENTED_EDGE ( 'NONE', *, *, #9624, .F. ) ;
#7182 = CARTESIAN_POINT ( 'NONE',  ( 8.000000000000000000, 82.99999999999998579, -122.0000000000000000 ) ) ;
#7184 = PLANE ( 'NONE',  #1376 ) ;
#7185 = DIRECTION ( 'NONE',  ( 0.000000000000000000, 1.000000000000000000, 1.267377881992188131E-16 ) ) ;
#7186 = CARTESIAN_POINT ( 'NONE',  ( 12.99999999999999645, 192.5000000000000000, -95.49999999999998579 ) ) ;
#7187 = CARTESIAN_POINT ( 'NONE',  ( 14.86869354863678439, 73.10504876423827625, -27.51360740926764947 ) ) ;
#7188 = FACE_OUTER_BOUND ( 'NONE', #6610, .T. ) ;
#7189 = ORIENTED_EDGE ( 'NONE', *, *, #8203, .T. ) ;
#7190 = FACE_OUTER_BOUND ( 'NONE', #8234, .T. ) ;
#7191 = VECTOR ( 'NONE', #11403, 1000.000000000000000 ) ;
#7192 = CARTESIAN_POINT ( 'NONE',  ( 0.000000000000000000, 9.999999999999992895, 0.000000000000000000 ) ) ;
#7193 = ORIENTED_EDGE ( 'NONE', *, *, #4191, .T. ) ;
#7194 = CARTESIAN_POINT ( 'NONE',  ( 8.000000000000000000, 115.4999999999999574, -95.50000000000000000 ) ) ;
#7195 = EDGE_CURVE ( 'NONE', #2570, #9436, #322, .T. ) ;
#7196 = AXIS2_PLACEMENT_3D ( 'NONE', #3626, #1646, #2732 ) ;
#7197 = FACE_OUTER_BOUND ( 'NONE', #8083, .T. ) ;
#7198 = DIRECTION ( 'NONE',  ( 0.000000000000000000, 0.000000000000000000, 1.000000000000000000 ) ) ;
#7199 = LINE ( 'NONE', #8923, #1398 ) ;
#7200 = PLANE ( 'NONE',  #5635 ) ;
#7201 = CIRCLE ( 'NONE', #3181, 0.8890000000000009006 ) ;
#7202 = CARTESIAN_POINT ( 'NONE',  ( 26.28603933218311539, 39.53932756082289046, -118.4238295060603434 ) ) ;
#7203 = DIRECTION ( 'NONE',  ( -1.000000000000000000, 0.000000000000000000, 0.000000000000000000 ) ) ;
#7204 = EDGE_CURVE ( 'NONE', #7918, #8346, #3381, .T. ) ;
#7205 = EDGE_LOOP ( 'NONE', ( #10230, #8742 ) ) ;
#7206 = ORIENTED_EDGE ( 'NONE', *, *, #10311, .F. ) ;
#7207 = ORIENTED_EDGE ( 'NONE', *, *, #7806, .F. ) ;
#7208 = DIRECTION ( 'NONE',  ( -1.000000000000000000, 0.000000000000000000, 0.000000000000000000 ) ) ;
#7209 = FACE_OUTER_BOUND ( 'NONE', #11574, .T. ) ;
#7210 = ORIENTED_EDGE ( 'NONE', *, *, #5929, .F. ) ;
#7211 = CARTESIAN_POINT ( 'NONE',  ( 3.851859888774471706E-31, 226.9999999999999716, -115.8799999999999812 ) ) ;
#7212 = ADVANCED_FACE ( 'NONE', ( #4790 ), #5926, .F. ) ;
#7213 = EDGE_CURVE ( 'NONE', #1972, #3736, #1317, .T. ) ;
#7214 = DIRECTION ( 'NONE',  ( 1.000000000000000000, -0.000000000000000000, -0.000000000000000000 ) ) ;
#7215 = CARTESIAN_POINT ( 'NONE',  ( 13.00000000000000178, 226.9999999999999716, -9.999999999999985789 ) ) ;
#7216 = ORIENTED_EDGE ( 'NONE', *, *, #1945, .T. ) ;
#7217 = CARTESIAN_POINT ( 'NONE',  ( 13.00000000000001421, 156.0000000000000000, -8.000000000000001776 ) ) ;
#7218 = LINE ( 'NONE', #2721, #5617 ) ;
#7219 = FACE_OUTER_BOUND ( 'NONE', #7749, .T. ) ;
#7220 = DIRECTION ( 'NONE',  ( 1.000000000000000000, -0.000000000000000000, -0.000000000000000000 ) ) ;
#7221 = CIRCLE ( 'NONE', #6060, 0.8890000000000009006 ) ;
#7222 = CARTESIAN_POINT ( 'NONE',  ( 8.000000000000000000, 7.999999999999992895, -38.50000000000002132 ) ) ;
#7223 = ORIENTED_EDGE ( 'NONE', *, *, #7981, .T. ) ;
#7224 = ORIENTED_EDGE ( 'NONE', *, *, #5179, .F. ) ;
#7225 = FACE_OUTER_BOUND ( 'NONE', #297, .T. ) ;
#7226 = EDGE_CURVE ( 'NONE', #3791, #633, #8938, .T. ) ;
#7227 = ADVANCED_FACE ( 'NONE', ( #11314 ), #11200, .T. ) ;
#7228 = ORIENTED_EDGE ( 'NONE', *, *, #8940, .F. ) ;
#7229 = VECTOR ( 'NONE', #7793, 1000.000000000000000 ) ;
#7230 = VECTOR ( 'NONE', #4505, 1000.000000000000000 ) ;
#7231 = DIRECTION ( 'NONE',  ( 0.000000000000000000, 0.000000000000000000, 1.000000000000000000 ) ) ;
#7232 = CARTESIAN_POINT ( 'NONE',  ( 12.99999999999998046, 58.34779847115012785, -119.2895124013490289 ) ) ;
#7233 = LINE ( 'NONE', #4452, #5429 ) ;
#7234 = LINE ( 'NONE', #10746, #9309 ) ;
#7235 = VERTEX_POINT ( 'NONE', #3896 ) ;
#7236 = DIRECTION ( 'NONE',  ( -1.000000000000000000, -0.000000000000000000, -0.000000000000000000 ) ) ;
#7237 = VECTOR ( 'NONE', #6229, 1000.000000000000000 ) ;
#7238 = VECTOR ( 'NONE', #8385, 1000.000000000000000 ) ;
#7239 = ORIENTED_EDGE ( 'NONE', *, *, #1992, .T. ) ;
#7240 = CARTESIAN_POINT ( 'NONE',  ( 8.000000000000000000, 26.73828822863975319, -28.51360740926766368 ) ) ;
#7241 = AXIS2_PLACEMENT_3D ( 'NONE', #2384, #4217, #3328 ) ;
#7242 = ADVANCED_FACE ( 'NONE', ( #10362 ), #2114, .T. ) ;
#7243 = DIRECTION ( 'NONE',  ( 0.000000000000000000, 0.000000000000000000, -1.000000000000000000 ) ) ;
#7245 = ORIENTED_EDGE ( 'NONE', *, *, #575, .F. ) ;
#7244 = CARTESIAN_POINT ( 'NONE',  ( 11.41333910162618714, 62.34798610075035441, -34.50000000000002132 ) ) ;
#7246 = CARTESIAN_POINT ( 'NONE',  ( 11.04195969246464415, 86.05240994918730735, -95.50000000000001421 ) ) ;
#7247 = AXIS2_PLACEMENT_3D ( 'NONE', #1477, #10762, #2569 ) ;
#7248 = LINE ( 'NONE', #6286, #6936 ) ;
#7249 = CARTESIAN_POINT ( 'NONE',  ( -0.000000000000000000, 225.9052319253291898, -130.0000000000000000 ) ) ;
#7250 = VECTOR ( 'NONE', #3314, 1000.000000000000000 ) ;
#7251 = CARTESIAN_POINT ( 'NONE',  ( 8.000000000000000000, 91.34806008110659548, -95.50000000000000000 ) ) ;
#7252 = PLANE ( 'NONE',  #6590 ) ;
#7253 = ORIENTED_EDGE ( 'NONE', *, *, #6567, .F. ) ;
#7254 = LINE ( 'NONE', #6413, #10445 ) ;
#7255 = DIRECTION ( 'NONE',  ( 0.000000000000000000, 0.000000000000000000, -1.000000000000000000 ) ) ;
#7256 = ORIENTED_EDGE ( 'NONE', *, *, #6819, .F. ) ;
#7257 = DIRECTION ( 'NONE',  ( 1.217349807703022609E-16, 0.000000000000000000, 1.000000000000000000 ) ) ;
#7258 = EDGE_CURVE ( 'NONE', #11273, #8241, #264, .T. ) ;
#7259 = VERTEX_POINT ( 'NONE', #424 ) ;
#7260 = DIRECTION ( 'NONE',  ( 1.000000000000000000, 0.000000000000000000, 0.000000000000000000 ) ) ;
#7261 = VECTOR ( 'NONE', #4689, 1000.000000000000114 ) ;
#7262 = EDGE_CURVE ( 'NONE', #11497, #9825, #3117, .T. ) ;
#7263 = FACE_BOUND ( 'NONE', #11166, .T. ) ;
#7264 = CARTESIAN_POINT ( 'NONE',  ( 24.00000000000000000, 37.29191626311541796, -119.0116052741088595 ) ) ;
#7265 = CARTESIAN_POINT ( 'NONE',  ( 6.999999999999999112, 117.5000000000000000, -124.7500000000000000 ) ) ;
#7266 = DIRECTION ( 'NONE',  ( 0.000000000000000000, 1.000000000000000000, 1.267377881992188131E-16 ) ) ;
#7267 = CARTESIAN_POINT ( 'NONE',  ( 6.999999999999999112, 226.9999999999999716, -8.000000000000001776 ) ) ;
#7268 = PLANE ( 'NONE',  #2326 ) ;
#7269 = ORIENTED_EDGE ( 'NONE', *, *, #3619, .T. ) ;
#7270 = EDGE_CURVE ( 'NONE', #11128, #4765, #10420, .T. ) ;
#7271 = ORIENTED_EDGE ( 'NONE', *, *, #3571, .F. ) ;
#7272 = VERTEX_POINT ( 'NONE', #2227 ) ;
#7273 = FACE_OUTER_BOUND ( 'NONE', #11048, .T. ) ;
#7274 = DIRECTION ( 'NONE',  ( 0.000000000000000000, 1.000000000000000000, 1.267377881992188131E-16 ) ) ;
#7275 = VERTEX_POINT ( 'NONE', #3230 ) ;
#7276 = DIRECTION ( 'NONE',  ( 0.000000000000000000, 0.000000000000000000, -1.000000000000000000 ) ) ;
#7277 = EDGE_CURVE ( 'NONE', #3142, #5575, #6897, .T. ) ;
#7278 = AXIS2_PLACEMENT_3D ( 'NONE', #9457, #5686, #5744 ) ;
#7279 = LINE ( 'NONE', #151, #9424 ) ;
#7280 = DIRECTION ( 'NONE',  ( 0.000000000000000000, 0.000000000000000000, 1.000000000000000000 ) ) ;
#7281 = DIRECTION ( 'NONE',  ( 0.9396926207859098712, 0.000000000000000000, -0.3420201433256645496 ) ) ;
#7282 = ORIENTED_EDGE ( 'NONE', *, *, #3904, .T. ) ;
#7283 = EDGE_CURVE ( 'NONE', #11284, #11796, #7721, .T. ) ;
#7284 = CARTESIAN_POINT ( 'NONE',  ( 56.31128874149275276, 58.23828822863978161, -14.51360740926767079 ) ) ;
#7285 = CARTESIAN_POINT ( 'NONE',  ( 8.000000000000000000, 87.66800501528138057, -91.41255645757715342 ) ) ;
#7286 = AXIS2_PLACEMENT_3D ( 'NONE', #3072, #6499, #6677 ) ;
#7287 = ADVANCED_FACE ( 'NONE', ( #7006 ), #10530, .F. ) ;
#7288 = PLANE ( 'NONE',  #8419 ) ;
#7289 = DIRECTION ( 'NONE',  ( 0.000000000000000000, 0.000000000000000000, -1.000000000000000000 ) ) ;
#7290 = EDGE_LOOP ( 'NONE', ( #3674, #9986 ) ) ;
#7291 = ORIENTED_EDGE ( 'NONE', *, *, #303, .T. ) ;
#7292 = CARTESIAN_POINT ( 'NONE',  ( 24.00000000000000000, 54.47535434791442555, -130.0000000000000000 ) ) ;
#7293 = VERTEX_POINT ( 'NONE', #8077 ) ;
#7294 = VECTOR ( 'NONE', #4504, 1000.000000000000000 ) ;
#7295 = DIRECTION ( 'NONE',  ( 0.000000000000000000, 0.000000000000000000, 1.000000000000000000 ) ) ;
#7296 = LINE ( 'NONE', #1713, #8194 ) ;
#7297 = ORIENTED_EDGE ( 'NONE', *, *, #583, .T. ) ;
#7298 = CARTESIAN_POINT ( 'NONE',  ( 13.00000000000000888, 42.49999999999999289, -38.50000000000000711 ) ) ;
#7299 = EDGE_CURVE ( 'NONE', #7839, #7706, #9889, .T. ) ;
#7300 = EDGE_CURVE ( 'NONE', #11610, #9068, #8741, .T. ) ;
#7301 = CARTESIAN_POINT ( 'NONE',  ( 14.86869354863676307, 62.73828822863980292, -58.47999999999999687 ) ) ;
#7302 = ORIENTED_EDGE ( 'NONE', *, *, #11305, .F. ) ;
#7303 = CARTESIAN_POINT ( 'NONE',  ( 14.99999999999999467, 2.639004897058021992, -128.2473968556178363 ) ) ;
#7304 = ORIENTED_EDGE ( 'NONE', *, *, #836, .T. ) ;
#7305 = DIRECTION ( 'NONE',  ( 0.000000000000000000, 0.000000000000000000, 1.000000000000000000 ) ) ;
#7306 = CARTESIAN_POINT ( 'NONE',  ( 10.24999999999523048, 0.000000000000000000, -121.6819805153394753 ) ) ;
#7308 = ORIENTED_EDGE ( 'NONE', *, *, #7919, .F. ) ;
#7307 = CARTESIAN_POINT ( 'NONE',  ( 16.00000000000000000, 30.73828822863980292, -103.4799999999999898 ) ) ;
#7309 = CARTESIAN_POINT ( 'NONE',  ( 12.99999999999999467, 188.5000000000000000, -95.49999999999998579 ) ) ;
#7310 = CARTESIAN_POINT ( 'NONE',  ( 8.563619516378656371, 35.90006667137757290, -107.6851407274133123 ) ) ;
#7311 = DIRECTION ( 'NONE',  ( 0.000000000000000000, 0.000000000000000000, -1.000000000000000000 ) ) ;
#7312 = ORIENTED_EDGE ( 'NONE', *, *, #626, .T. ) ;
#7313 = EDGE_CURVE ( 'NONE', #2472, #1384, #5073, .T. ) ;
#7314 = DIRECTION ( 'NONE',  ( 0.000000000000000000, 1.000000000000000000, 0.000000000000000000 ) ) ;
#7315 = CARTESIAN_POINT ( 'NONE',  ( 8.838882117856476484, 126.1005998974296887, -38.50000000000000711 ) ) ;
#7316 = ORIENTED_EDGE ( 'NONE', *, *, #2784, .F. ) ;
#7317 = CARTESIAN_POINT ( 'NONE',  ( 8.000000000000000000, 152.0000000000000000, -122.0000000000000000 ) ) ;
#7318 = DIRECTION ( 'NONE',  ( 0.9396107836348562836, -0.3399548345460173260, 0.03952576053514085530 ) ) ;
#7319 = FACE_BOUND ( 'NONE', #2433, .T. ) ;
#7320 = DIRECTION ( 'NONE',  ( 0.000000000000000000, 0.000000000000000000, -1.000000000000000000 ) ) ;
#7321 = AXIS2_PLACEMENT_3D ( 'NONE', #1220, #4981, #3080 ) ;
#7322 = DIRECTION ( 'NONE',  ( 0.000000000000000000, 1.000000000000000000, -0.000000000000000000 ) ) ;
#7323 = DIRECTION ( 'NONE',  ( -1.000000000000000000, 0.000000000000000000, 0.000000000000000000 ) ) ;
#7324 = EDGE_CURVE ( 'NONE', #7293, #10503, #7067, .T. ) ;
#7325 = DIRECTION ( 'NONE',  ( 0.000000000000000000, 1.000000000000000000, 1.267377881992188131E-16 ) ) ;
#7326 = ORIENTED_EDGE ( 'NONE', *, *, #9285, .F. ) ;
#7327 = ORIENTED_EDGE ( 'NONE', *, *, #3529, .T. ) ;
#7328 = DIRECTION ( 'NONE',  ( 0.000000000000000000, 0.000000000000000000, -1.000000000000000000 ) ) ;
#7329 = CARTESIAN_POINT ( 'NONE',  ( -0.000000000000000000, 0.03410132982979143662, -8.147671564206742545 ) ) ;
#7330 = ORIENTED_EDGE ( 'NONE', *, *, #4854, .F. ) ;
#7331 = DIRECTION ( 'NONE',  ( -1.000000000000000000, -0.000000000000000000, -0.000000000000000000 ) ) ;
#7332 = AXIS2_PLACEMENT_3D ( 'NONE', #2029, #4707, #3816 ) ;
#7333 = VECTOR ( 'NONE', #7512, 1000.000000000000000 ) ;
#7334 = ORIENTED_EDGE ( 'NONE', *, *, #2740, .T. ) ;
#7335 = ADVANCED_FACE ( 'NONE', ( #10639 ), #1541, .F. ) ;
#7336 = FACE_OUTER_BOUND ( 'NONE', #11288, .T. ) ;
#7337 = CARTESIAN_POINT ( 'NONE',  ( 0.000000000000000000, 152.0000000000000000, -91.50000000000000000 ) ) ;
#7338 = AXIS2_PLACEMENT_3D ( 'NONE', #324, #2171, #3962 ) ;
#7339 = CYLINDRICAL_SURFACE ( 'NONE', #8359, 6.119999999999997442 ) ;
#7340 = EDGE_LOOP ( 'NONE', ( #8743, #6639 ) ) ;
#7341 = DIRECTION ( 'NONE',  ( -1.000000000000000000, 0.000000000000000000, 0.000000000000000000 ) ) ;
#7342 = DIRECTION ( 'NONE',  ( -1.267377881992188131E-16, -1.000000000000000000, -1.267377881992188131E-16 ) ) ;
#7343 = ORIENTED_EDGE ( 'NONE', *, *, #1330, .T. ) ;
#7344 = ORIENTED_EDGE ( 'NONE', *, *, #9515, .T. ) ;
#7345 = DIRECTION ( 'NONE',  ( -2.434699615406045218E-16, 0.000000000000000000, -1.000000000000000000 ) ) ;
#7346 = AXIS2_PLACEMENT_3D ( 'NONE', #5143, #602, #9993 ) ;
#7347 = CIRCLE ( 'NONE', #6591, 6.119999999999986784 ) ;
#7348 = EDGE_LOOP ( 'NONE', ( #8521, #7704, #10348, #4444, #8809, #1606 ) ) ;
#7349 = EDGE_CURVE ( 'NONE', #5517, #3120, #7127, .T. ) ;
#7350 = LINE ( 'NONE', #3740, #11579 ) ;
#7351 = CARTESIAN_POINT ( 'NONE',  ( 14.86869354863667425, 57.67573221220188628, -119.1849687610681627 ) ) ;
#7352 = ORIENTED_EDGE ( 'NONE', *, *, #8541, .F. ) ;
#7353 = DIRECTION ( 'NONE',  ( -1.000000000000000000, -0.000000000000000000, -0.000000000000000000 ) ) ;
#7354 = AXIS2_PLACEMENT_3D ( 'NONE', #1366, #5129, #11478 ) ;
#7355 = DIRECTION ( 'NONE',  ( -0.9396926207859105373, 4.188538737676915344E-17, -0.3420201433256624957 ) ) ;
#7356 = ORIENTED_EDGE ( 'NONE', *, *, #272, .F. ) ;
#7357 = DIRECTION ( 'NONE',  ( -1.000000000000000000, -0.000000000000000000, -0.000000000000000000 ) ) ;
#7358 = AXIS2_PLACEMENT_3D ( 'NONE', #11126, #838, #3767 ) ;
#7359 = PRODUCT ( 'Control Box 2', 'Control Box 2', '', ( #8757 ) ) ;
#7360 = EDGE_CURVE ( 'NONE', #2984, #7784, #8789, .T. ) ;
#7361 = ORIENTED_EDGE ( 'NONE', *, *, #4802, .T. ) ;
#7362 = LINE ( 'NONE', #9913, #10211 ) ;
#7363 = VERTEX_POINT ( 'NONE', #7958 ) ;
#7364 = FACE_OUTER_BOUND ( 'NONE', #5690, .T. ) ;
#7365 = EDGE_CURVE ( 'NONE', #4978, #10321, #7628, .T. ) ;
#7366 = ADVANCED_FACE ( 'NONE', ( #4170 ), #11727, .F. ) ;
#7367 = VECTOR ( 'NONE', #4516, 1000.000000000000000 ) ;
#7369 = ORIENTED_EDGE ( 'NONE', *, *, #7597, .F. ) ;
#7368 = CARTESIAN_POINT ( 'NONE',  ( 6.999999999999999112, 117.5000000000000000, -1.880000000000015437 ) ) ;
#7370 = VECTOR ( 'NONE', #9501, 1000.000000000000000 ) ;
#7371 = DIRECTION ( 'NONE',  ( -0.000000000000000000, 1.000000000000000000, 0.000000000000000000 ) ) ;
#7372 = LINE ( 'NONE', #4469, #2069 ) ;
#7373 = DIRECTION ( 'NONE',  ( 0.000000000000000000, 1.000000000000000000, -0.000000000000000000 ) ) ;
#7374 = ORIENTED_EDGE ( 'NONE', *, *, #10878, .T. ) ;
#7375 = DIRECTION ( 'NONE',  ( 0.000000000000000000, 0.000000000000000000, 1.000000000000000000 ) ) ;
#7376 = EDGE_LOOP ( 'NONE', ( #6074, #528, #7228, #10423 ) ) ;
#7377 = DIRECTION ( 'NONE',  ( 1.217349807703022609E-16, 0.000000000000000000, 1.000000000000000000 ) ) ;
#7378 = CARTESIAN_POINT ( 'NONE',  ( 8.000000000000000000, 135.9280050152813999, -92.68255645757714944 ) ) ;
#7379 = VECTOR ( 'NONE', #5474, 1000.000000000000000 ) ;
#7380 = ADVANCED_FACE ( 'NONE', ( #9629 ), #4356, .F. ) ;
#7381 = DIRECTION ( 'NONE',  ( 0.000000000000000000, 0.000000000000000000, 1.000000000000000000 ) ) ;
#7382 = CARTESIAN_POINT ( 'NONE',  ( -0.002000000000000265454, 109.7540333075851322, -120.0000000000000142 ) ) ;
#7383 = VECTOR ( 'NONE', #6420, 1000.000000000000000 ) ;
#7384 = DIRECTION ( 'NONE',  ( 1.000000000000000000, -0.000000000000000000, -0.000000000000000000 ) ) ;
#7385 = LINE ( 'NONE', #5572, #8305 ) ;
#7386 = DIRECTION ( 'NONE',  ( 0.000000000000000000, 1.000000000000000000, -0.000000000000000000 ) ) ;
#7387 = CARTESIAN_POINT ( 'NONE',  ( 16.00000000000000000, 102.9080050152813897, -43.61255645757716337 ) ) ;
#7388 = ORIENTED_EDGE ( 'NONE', *, *, #4970, .T. ) ;
#7389 = VERTEX_POINT ( 'NONE', #8850 ) ;
#7390 = CARTESIAN_POINT ( 'NONE',  ( -0.7500000000000006661, 10.00000000000000000, 0.000000000000000000 ) ) ;
#7391 = DIRECTION ( 'NONE',  ( 0.000000000000000000, 0.000000000000000000, 1.000000000000000000 ) ) ;
#7392 = EDGE_LOOP ( 'NONE', ( #8355, #6883, #2336, #6520 ) ) ;
#7393 = FACE_OUTER_BOUND ( 'NONE', #3337, .T. ) ;
#7394 = AXIS2_PLACEMENT_3D ( 'NONE', #9559, #3990, #6763 ) ;
#7395 = PLANE ( 'NONE',  #8025 ) ;
#7396 = EDGE_LOOP ( 'NONE', ( #5458, #3324, #9203, #11587 ) ) ;
#7397 = VECTOR ( 'NONE', #4063, 1000.000000000000000 ) ;
#7398 = LINE ( 'NONE', #863, #438 ) ;
#7399 = AXIS2_PLACEMENT_3D ( 'NONE', #8798, #6172, #392 ) ;
#7400 = LINE ( 'NONE', #4677, #3222 ) ;
#7401 = VERTEX_POINT ( 'NONE', #541 ) ;
#7402 = DIRECTION ( 'NONE',  ( -2.434699615406045218E-16, 0.000000000000000000, -1.000000000000000000 ) ) ;
#7403 = LINE ( 'NONE', #1100, #3772 ) ;
#7404 = ORIENTED_EDGE ( 'NONE', *, *, #9952, .F. ) ;
#7405 = EDGE_CURVE ( 'NONE', #1000, #10574, #6947, .T. ) ;
#7406 = AXIS2_PLACEMENT_3D ( 'NONE', #1795, #1912, #3706 ) ;
#7407 = ORIENTED_EDGE ( 'NONE', *, *, #1341, .F. ) ;
#7408 = CARTESIAN_POINT ( 'NONE',  ( 12.99999999999998224, 83.00000000000004263, -120.0000000000000142 ) ) ;
#7409 = EDGE_CURVE ( 'NONE', #6587, #7401, #9741, .T. ) ;
#7410 = ORIENTED_EDGE ( 'NONE', *, *, #6737, .F. ) ;
#7411 = LINE ( 'NONE', #3084, #3842 ) ;
#7412 = CARTESIAN_POINT ( 'NONE',  ( -0.002000000000000265454, 109.7540333075851464, -10.00000000000000000 ) ) ;
#7413 = AXIS2_PLACEMENT_3D ( 'NONE', #1522, #467, #2273 ) ;
#7414 =( LENGTH_UNIT ( ) NAMED_UNIT ( * ) SI_UNIT ( .MILLI., .METRE. ) );
#7415 = VERTEX_POINT ( 'NONE', #5191 ) ;
#7416 = LINE ( 'NONE', #2632, #10868 ) ;
#7417 = CARTESIAN_POINT ( 'NONE',  ( 11.34074725892626567, 156.0000000000000000, -13.44620973003527986 ) ) ;
#7418 = CARTESIAN_POINT ( 'NONE',  ( 8.000000000000000000, 119.5000000000000000, -122.0000000000000000 ) ) ;
#7419 = ORIENTED_EDGE ( 'NONE', *, *, #1041, .F. ) ;
#7420 = DIRECTION ( 'NONE',  ( -1.000000000000000000, 0.000000000000000000, 0.000000000000000000 ) ) ;
#7421 = EDGE_CURVE ( 'NONE', #2462, #1701, #9683, .T. ) ;
#7422 = EDGE_LOOP ( 'NONE', ( #1191, #6637, #720, #7813, #8227, #11641, #4077, #4086 ) ) ;
#7423 = DIRECTION ( 'NONE',  ( 4.713731853622286812E-16, 0.000000000000000000, 1.000000000000000000 ) ) ;
#7424 = CIRCLE ( 'NONE', #4752, 5.500000000000032863 ) ;
#7425 = ORIENTED_EDGE ( 'NONE', *, *, #4329, .T. ) ;
#7426 = CIRCLE ( 'NONE', #10644, 0.8890000000000009006 ) ;
#7427 = ORIENTED_EDGE ( 'NONE', *, *, #4244, .F. ) ;
#7429 = EDGE_LOOP ( 'NONE', ( #7767, #8646, #4596, #3564 ) ) ;
#7428 = DIRECTION ( 'NONE',  ( 0.000000000000000000, 1.000000000000000000, -0.000000000000000000 ) ) ;
#7430 = EDGE_CURVE ( 'NONE', #3581, #11123, #11823, .T. ) ;
#7431 = CARTESIAN_POINT ( 'NONE',  ( 0.000000000000000000, 226.9999999999999716, -121.9999999999999716 ) ) ;
#7432 = DIRECTION ( 'NONE',  ( -1.000000000000000000, -0.000000000000000000, -0.000000000000000000 ) ) ;
#7433 = DIRECTION ( 'NONE',  ( -1.000000000000000000, 0.000000000000000000, 0.000000000000000000 ) ) ;
#7434 = VECTOR ( 'NONE', #10714, 1000.000000000000000 ) ;
#7435 = VERTEX_POINT ( 'NONE', #9797 ) ;
#7436 = AXIS2_PLACEMENT_3D ( 'NONE', #11257, #3060, #1199 ) ;
#7437 = CARTESIAN_POINT ( 'NONE',  ( 13.00000000000001421, 78.99999999999998579, -8.000000000000001776 ) ) ;
#7438 = ORIENTED_EDGE ( 'NONE', *, *, #6482, .F. ) ;
#7439 = CARTESIAN_POINT ( 'NONE',  ( 9.684088151427081570, 152.0000000000000284, -71.23747653448877770 ) ) ;
#7440 = ADVANCED_FACE ( 'NONE', ( #5254 ), #3459, .F. ) ;
#7441 = VERTEX_POINT ( 'NONE', #9985 ) ;
#7442 = CARTESIAN_POINT ( 'NONE',  ( 9.671398856146149470, 156.0000000000000000, -70.80776560735249348 ) ) ;
#7443 = B_SPLINE_CURVE_WITH_KNOTS ( 'NONE', 3,
 ( #6110, #1550, #7901, #4298 ),
 .UNSPECIFIED., .F., .F.,
 ( 4, 4 ),
 ( 0.000000000000000000, 1.000000000000000000 ),
 .UNSPECIFIED. ) ;
#7444 = CIRCLE ( 'NONE', #4346, 3.000000000000002665 ) ;
#7445 = AXIS2_PLACEMENT_3D ( 'NONE', #10454, #5114, #8711 ) ;
#7447 = EDGE_LOOP ( 'NONE', ( #9875, #6273, #4899, #3720 ) ) ;
#7446 = CARTESIAN_POINT ( 'NONE',  ( -0.000000000000000000, 7.939608593039420015, -129.9540378777806495 ) ) ;
#7448 = DIRECTION ( 'NONE',  ( 0.000000000000000000, 0.000000000000000000, -1.000000000000000000 ) ) ;
#7449 = CARTESIAN_POINT ( 'NONE',  ( 13.00000000000001066, 58.40343705730879975, -112.9800000000000040 ) ) ;
#7450 = CARTESIAN_POINT ( 'NONE',  ( 0.000000000000000000, 156.0000000000000000, 0.000000000000000000 ) ) ;
#7451 = CARTESIAN_POINT ( 'NONE',  ( 24.00000000000000000, 20.70680969495466428, 3.221059285881714196 ) ) ;
#7452 = DIRECTION ( 'NONE',  ( 1.217349807703022609E-16, 0.000000000000000000, 1.000000000000000000 ) ) ;
#7453 = EDGE_CURVE ( 'NONE', #2303, #11353, #899, .T. ) ;
#7454 = VECTOR ( 'NONE', #2122, 1000.000000000000000 ) ;
#7455 = ORIENTED_EDGE ( 'NONE', *, *, #3464, .T. ) ;
#7456 = CARTESIAN_POINT ( 'NONE',  ( 10.00000000000026645, 224.9999999999999716, 0.000000000000000000 ) ) ;
#7457 = EDGE_CURVE ( 'NONE', #2789, #11005, #9532, .T. ) ;
#7458 = EDGE_LOOP ( 'NONE', ( #11640, #1650, #2685, #7352, #595 ) ) ;
#7459 = DIRECTION ( 'NONE',  ( 1.000000000000000000, -0.000000000000000000, -0.000000000000000000 ) ) ;
#7460 = CARTESIAN_POINT ( 'NONE',  ( 13.00000000000001421, 109.4999999999999858, -8.000000000000001776 ) ) ;
#7461 = LINE ( 'NONE', #2895, #2132 ) ;
#7462 = DIRECTION ( 'NONE',  ( -1.000000000000000000, -0.000000000000000000, -0.000000000000000000 ) ) ;
#7463 = DIRECTION ( 'NONE',  ( -1.000000000000000000, 0.000000000000000000, 0.000000000000000000 ) ) ;
#7464 = VERTEX_POINT ( 'NONE', #8375 ) ;
#7465 = DIRECTION ( 'NONE',  ( 1.000000000000000000, -0.000000000000000000, -0.000000000000000000 ) ) ;
#7466 = ADVANCED_FACE ( 'NONE', ( #8314 ), #2636, .T. ) ;
#7467 = DIRECTION ( 'NONE',  ( 0.9396107080206423934, -0.3419903295173000179, 0.01320348020771855077 ) ) ;
#7468 = ORIENTED_EDGE ( 'NONE', *, *, #9011, .F. ) ;
#7469 = CIRCLE ( 'NONE', #9364, 3.000000000000002665 ) ;
#7470 = DIRECTION ( 'NONE',  ( -1.000000000000000000, 0.000000000000000000, 0.000000000000000000 ) ) ;
#7471 = ORIENTED_EDGE ( 'NONE', *, *, #5989, .T. ) ;
#7472 = CARTESIAN_POINT ( 'NONE',  ( 15.00000000000000000, 233.8204644800233325, -126.5651816003620098 ) ) ;
#7473 = CARTESIAN_POINT ( 'NONE',  ( 0.000000000000000000, 42.49999999999999289, -91.50000000000001421 ) ) ;
#7474 = VERTEX_POINT ( 'NONE', #6480 ) ;
#7475 = FACE_OUTER_BOUND ( 'NONE', #6444, .T. ) ;
#7476 = DIRECTION ( 'NONE',  ( 0.000000000000000000, 0.000000000000000000, -1.000000000000000000 ) ) ;
#7477 = ADVANCED_FACE ( 'NONE', ( #8252 ), #10048, .T. ) ;
#7478 = LINE ( 'NONE', #6517, #7966 ) ;
#7479 = ORIENTED_EDGE ( 'NONE', *, *, #5104, .F. ) ;
#7480 = CARTESIAN_POINT ( 'NONE',  ( 14.86869354863676307, 30.73828822863980292, -103.4799999999999898 ) ) ;
#7481 = ORIENTED_EDGE ( 'NONE', *, *, #1656, .T. ) ;
#7482 = EDGE_LOOP ( 'NONE', ( #2108, #2325, #8196, #2968 ) ) ;
#7483 = CYLINDRICAL_SURFACE ( 'NONE', #5035, 3.000000000000009770 ) ;
#7484 = VERTEX_POINT ( 'NONE', #13 ) ;
#7485 = CARTESIAN_POINT ( 'NONE',  ( 8.000000000000000000, 7.999999999999992895, -38.50000000000002132 ) ) ;
#7486 = ORIENTED_EDGE ( 'NONE', *, *, #123, .F. ) ;
#7488 = VERTEX_POINT ( 'NONE', #1859 ) ;
#7487 = CARTESIAN_POINT ( 'NONE',  ( 11.00000000000000711, 59.13137752584121642, -112.9800000000000040 ) ) ;
#7489 = EDGE_CURVE ( 'NONE', #4369, #1163, #180, .T. ) ;
#7490 = CARTESIAN_POINT ( 'NONE',  ( 16.00000000000000000, 62.73828822863980292, -109.4799999999999898 ) ) ;
#7491 = CARTESIAN_POINT ( 'NONE',  ( 13.00000000000000178, 224.9999999999999716, -38.49999999999999289 ) ) ;
#7492 = VECTOR ( 'NONE', #32, 1000.000000000000000 ) ;
#7493 = DIRECTION ( 'NONE',  ( 0.000000000000000000, 0.000000000000000000, -1.000000000000000000 ) ) ;
#7494 = ORIENTED_EDGE ( 'NONE', *, *, #9786, .T. ) ;
#7495 = EDGE_CURVE ( 'NONE', #10671, #1292, #2877, .T. ) ;
#7496 = CARTESIAN_POINT ( 'NONE',  ( 15.00000000000000178, 7.014924349530292425, -0.1241292020506652438 ) ) ;
#7497 = ORIENTED_EDGE ( 'NONE', *, *, #2484, .F. ) ;
#7498 = FACE_OUTER_BOUND ( 'NONE', #6909, .T. ) ;
#7499 = FACE_OUTER_BOUND ( 'NONE', #2912, .T. ) ;
#7500 = ORIENTED_EDGE ( 'NONE', *, *, #1, .F. ) ;
#7501 = CARTESIAN_POINT ( 'NONE',  ( 8.000000000000000000, 33.25328822863979639, -118.6665193973932020 ) ) ;
#7502 = EDGE_CURVE ( 'NONE', #6826, #7830, #9546, .T. ) ;
#7503 = LINE ( 'NONE', #11131, #5705 ) ;
#7504 = DIRECTION ( 'NONE',  ( 0.000000000000000000, 0.000000000000000000, -1.000000000000000000 ) ) ;
#7505 = DIRECTION ( 'NONE',  ( 1.217349807703022609E-16, 0.000000000000000000, 1.000000000000000000 ) ) ;
#7506 = VECTOR ( 'NONE', #5147, 1000.000000000000000 ) ;
#7507 = PLANE ( 'NONE',  #8719 ) ;
#7508 = LINE ( 'NONE', #83, #2833 ) ;
#7509 = ORIENTED_EDGE ( 'NONE', *, *, #4792, .T. ) ;
#7510 = LINE ( 'NONE', #2049, #7899 ) ;
#7511 = CARTESIAN_POINT ( 'NONE',  ( 4.750000000000000000, 6.636038969321063519, -130.0000000000000000 ) ) ;
#7512 = DIRECTION ( 'NONE',  ( -1.267377881992188131E-16, -1.000000000000000000, -1.267377881992188131E-16 ) ) ;
#7513 = EDGE_CURVE ( 'NONE', #7751, #7623, #1486, .T. ) ;
#7514 = EDGE_CURVE ( 'NONE', #9220, #9051, #3583, .T. ) ;
#7515 = CARTESIAN_POINT ( 'NONE',  ( 56.31128874149275276, 154.4716895539514496, -75.45788136388650003 ) ) ;
#7516 = FACE_OUTER_BOUND ( 'NONE', #238, .T. ) ;
#7517 = DIRECTION ( 'NONE',  ( -1.000000000000000000, -0.000000000000000000, -0.000000000000000000 ) ) ;
#7518 = ORIENTED_EDGE ( 'NONE', *, *, #11201, .F. ) ;
#7519 = CARTESIAN_POINT ( 'NONE',  ( 14.86869354863676307, 102.9080050152813897, -43.61255645757716337 ) ) ;
#7520 = AXIS2_PLACEMENT_3D ( 'NONE', #4527, #11599, #6409 ) ;
#7521 = CARTESIAN_POINT ( 'NONE',  ( 0.000000000000000000, 7.979415714894989776E-15, -91.50000000000001421 ) ) ;
#7522 = ORIENTED_EDGE ( 'NONE', *, *, #5888, .T. ) ;
#7523 = CARTESIAN_POINT ( 'NONE',  ( 14.86869354863676307, 87.66800501528138057, -88.41255645757713921 ) ) ;
#7524 = ORIENTED_EDGE ( 'NONE', *, *, #3431, .T. ) ;
#7525 = EDGE_CURVE ( 'NONE', #9600, #1543, #9101, .T. ) ;
#7526 = CARTESIAN_POINT ( 'NONE',  ( 14.99999999999999822, 226.9667967128449675, -129.9596956504967693 ) ) ;
#7527 = DIRECTION ( 'NONE',  ( 0.000000000000000000, 0.000000000000000000, 1.000000000000000000 ) ) ;
#7528 = ORIENTED_EDGE ( 'NONE', *, *, #563, .T. ) ;
#7529 = DIRECTION ( 'NONE',  ( -1.267377881992188131E-16, -1.000000000000000000, -1.267377881992188131E-16 ) ) ;
#7530 = CARTESIAN_POINT ( 'NONE',  ( 8.000000000000000000, 156.0000000000000000, -12.17448594233234971 ) ) ;
#7531 = ORIENTED_EDGE ( 'NONE', *, *, #2829, .F. ) ;
#7532 = PLANE ( 'NONE',  #4319 ) ;
#7533 = ORIENTED_EDGE ( 'NONE', *, *, #1533, .F. ) ;
#7534 = DIRECTION ( 'NONE',  ( 0.000000000000000000, -1.000000000000000000, 0.000000000000000000 ) ) ;
#7535 = ORIENTED_EDGE ( 'NONE', *, *, #6692, .F. ) ;
#7536 = EDGE_LOOP ( 'NONE', ( #11755, #4013, #5652, #7695 ) ) ;
#7537 = CARTESIAN_POINT ( 'NONE',  ( 8.000000000000000000, 203.4716895539514780, -75.45788136388648581 ) ) ;
#7538 = ORIENTED_EDGE ( 'NONE', *, *, #1368, .F. ) ;
#7539 = CYLINDRICAL_SURFACE ( 'NONE', #393, 2.750000000000002665 ) ;
#7540 = ORIENTED_EDGE ( 'NONE', *, *, #5116, .F. ) ;
#7541 = EDGE_CURVE ( 'NONE', #4276, #11005, #1076, .T. ) ;
#7542 = DIRECTION ( 'NONE',  ( 0.000000000000000000, 0.000000000000000000, 1.000000000000000000 ) ) ;
#7543 = FACE_BOUND ( 'NONE', #9412, .T. ) ;
#7544 = LINE ( 'NONE', #3759, #1878 ) ;
#7545 = AXIS2_PLACEMENT_3D ( 'NONE', #4284, #11363, #3273 ) ;
#7546 = AXIS2_PLACEMENT_3D ( 'NONE', #3947, #11252, #11527 ) ;
#7547 = DIRECTION ( 'NONE',  ( -1.000000000000000000, -0.000000000000000000, -0.000000000000000000 ) ) ;
#7548 = VERTEX_POINT ( 'NONE', #7192 ) ;
#7549 = FACE_OUTER_BOUND ( 'NONE', #11442, .T. ) ;
#7550 = ORIENTED_EDGE ( 'NONE', *, *, #11129, .T. ) ;
#7551 = DIRECTION ( 'NONE',  ( 0.000000000000000000, 0.000000000000000000, -1.000000000000000000 ) ) ;
#7552 = FACE_OUTER_BOUND ( 'NONE', #10932, .T. ) ;
#7553 = EDGE_CURVE ( 'NONE', #2234, #5364, #8972, .T. ) ;
#7554 = ORIENTED_EDGE ( 'NONE', *, *, #6138, .T. ) ;
#7555 = VECTOR ( 'NONE', #2551, 1000.000000000000000 ) ;
#7556 = CIRCLE ( 'NONE', #7727, 2.750000000000002665 ) ;
#7558 = VERTEX_POINT ( 'NONE', #4713 ) ;
#7557 = DIRECTION ( 'NONE',  ( 0.000000000000000000, 0.000000000000000000, 1.000000000000000000 ) ) ;
#7559 = CARTESIAN_POINT ( 'NONE',  ( 5.839999999999999858, 154.4716895539514496, -75.45788136388650003 ) ) ;
#7560 = CARTESIAN_POINT ( 'NONE',  ( 0.000000000000000000, 46.50000000000000000, -10.00000000000000888 ) ) ;
#7561 = DIRECTION ( 'NONE',  ( 0.000000000000000000, 1.000000000000000000, 1.267377881992188131E-16 ) ) ;
#7562 = CARTESIAN_POINT ( 'NONE',  ( 8.000000000000000000, 7.999999999999992895, -91.50000000000001421 ) ) ;
#7563 = VECTOR ( 'NONE', #5409, 1000.000000000000000 ) ;
#7564 = DIRECTION ( 'NONE',  ( 1.000000000000000000, -0.000000000000000000, -0.000000000000000000 ) ) ;
#7565 = ORIENTED_EDGE ( 'NONE', *, *, #4753, .F. ) ;
#7566 = FACE_OUTER_BOUND ( 'NONE', #9957, .T. ) ;
#7567 = VERTEX_POINT ( 'NONE', #11068 ) ;
#7568 = CARTESIAN_POINT ( 'NONE',  ( 15.75000000000000000, 8.318019484660531759, -130.0000000000000000 ) ) ;
#7569 = EDGE_CURVE ( 'NONE', #11394, #3415, #73, .T. ) ;
#7570 = CARTESIAN_POINT ( 'NONE',  ( 8.000000000000007105, 46.50000000000000000, -63.00000000000001421 ) ) ;
#7571 = VECTOR ( 'NONE', #8983, 1000.000000000000000 ) ;
#7572 = LINE ( 'NONE', #6738, #4247 ) ;
#7573 = EDGE_CURVE ( 'NONE', #6180, #5332, #4475, .T. ) ;
#7574 = FACE_BOUND ( 'NONE', #9813, .T. ) ;
#7575 = ORIENTED_EDGE ( 'NONE', *, *, #1673, .F. ) ;
#7576 = CARTESIAN_POINT ( 'NONE',  ( 13.00000000000001421, 115.4999999999999858, -8.000000000000001776 ) ) ;
#7577 = VECTOR ( 'NONE', #6830, 1000.000000000000114 ) ;
#7578 = EDGE_CURVE ( 'NONE', #7913, #2827, #10309, .T. ) ;
#7579 = ORIENTED_EDGE ( 'NONE', *, *, #3073, .F. ) ;
#7580 = DIRECTION ( 'NONE',  ( 0.9396107836348561726, 0.3399548345460183252, 0.03952576053513463805 ) ) ;
#7581 = ORIENTED_EDGE ( 'NONE', *, *, #7349, .T. ) ;
#7582 = CARTESIAN_POINT ( 'NONE',  ( 15.00000000000000355, 234.3060401939229109, -125.4251934011754201 ) ) ;
#7583 = VECTOR ( 'NONE', #5892, 1000.000000000000000 ) ;
#7584 = CARTESIAN_POINT ( 'NONE',  ( 16.00000000000000000, 30.73828822863980292, -106.4799999999999898 ) ) ;
#7585 = CARTESIAN_POINT ( 'NONE',  ( 17.34033876565984400, 36.65289351730264400, -110.8796052886628587 ) ) ;
#7586 = ORIENTED_EDGE ( 'NONE', *, *, #3476, .F. ) ;
#7587 = DIRECTION ( 'NONE',  ( 1.000000000000000000, -0.000000000000000000, -0.000000000000000000 ) ) ;
#7588 = CARTESIAN_POINT ( 'NONE',  ( 16.00000000000000000, 203.4716895539514780, -17.45788136388648581 ) ) ;
#7589 = VERTEX_POINT ( 'NONE', #253 ) ;
#7590 = CIRCLE ( 'NONE', #10053, 0.8890000000000009006 ) ;
#7591 = CARTESIAN_POINT ( 'NONE',  ( 14.86869354863676307, 30.73828822863980292, -109.4799999999999898 ) ) ;
#7592 = ORIENTED_EDGE ( 'NONE', *, *, #7792, .F. ) ;
#7593 = CARTESIAN_POINT ( 'NONE',  ( 14.99999999999999467, 5.831711049887094767, -129.6641894305453775 ) ) ;
#7594 = EDGE_CURVE ( 'NONE', #1229, #5585, #3056, .T. ) ;
#7595 = ORIENTED_EDGE ( 'NONE', *, *, #8378, .T. ) ;
#7596 = DIRECTION ( 'NONE',  ( -1.000000000000000000, 0.000000000000000000, 0.000000000000000000 ) ) ;
#7597 = EDGE_CURVE ( 'NONE', #8832, #10903, #5913, .T. ) ;
#7598 = LINE ( 'NONE', #4881, #11468 ) ;
#7599 = ORIENTED_EDGE ( 'NONE', *, *, #5257, .T. ) ;
#7600 = CARTESIAN_POINT ( 'NONE',  ( 10.24999999999523048, 232.0710678118655039, -0.7169191983608350638 ) ) ;
#7601 = ORIENTED_EDGE ( 'NONE', *, *, #1832, .T. ) ;
#7602 = CARTESIAN_POINT ( 'NONE',  ( 15.75000000000000000, 224.9999999999999716, -130.0000000000000000 ) ) ;
#7603 = CARTESIAN_POINT ( 'NONE',  ( 8.000000000000000000, 18.00000000000000000, -80.25000000000008527 ) ) ;
#7604 = CARTESIAN_POINT ( 'NONE',  ( 6.999999999999999112, 229.7499999999999716, -121.9999999999999716 ) ) ;
#7605 = ORIENTED_EDGE ( 'NONE', *, *, #7748, .T. ) ;
#7606 = CARTESIAN_POINT ( 'NONE',  ( 56.31128874149275276, 29.23828822863977805, -28.51360740926766368 ) ) ;
#7607 = VERTEX_POINT ( 'NONE', #8661 ) ;
#7608 = DIRECTION ( 'NONE',  ( -1.000000000000000000, -0.000000000000000000, -0.000000000000000000 ) ) ;
#7609 = VECTOR ( 'NONE', #3984, 1000.000000000000114 ) ;
#7610 = DIRECTION ( 'NONE',  ( 0.000000000000000000, 1.000000000000000000, 1.267377881992188131E-16 ) ) ;
#7611 = EDGE_CURVE ( 'NONE', #6049, #4650, #10460, .T. ) ;
#7612 = ORIENTED_EDGE ( 'NONE', *, *, #3606, .F. ) ;
#7613 = DIRECTION ( 'NONE',  ( 1.217349807703022609E-16, 0.000000000000000000, 1.000000000000000000 ) ) ;
#7614 = CIRCLE ( 'NONE', #2431, 6.119999999999986784 ) ;
#7615 = AXIS2_PLACEMENT_3D ( 'NONE', #4935, #8591, #7864 ) ;
#7616 = CARTESIAN_POINT ( 'NONE',  ( 12.59919588706148730, 138.5223547925884588, -95.50000000000001421 ) ) ;
#7617 = CIRCLE ( 'NONE', #9137, 2.750000000000002665 ) ;
#7618 = CARTESIAN_POINT ( 'NONE',  ( 0.000000000000000000, 156.0000000000000000, 0.000000000000000000 ) ) ;
#7619 = CARTESIAN_POINT ( 'NONE',  ( 10.03577754491409912, 59.48232579870354897, -109.9578438561261748 ) ) ;
#7620 = EDGE_CURVE ( 'NONE', #7124, #1208, #10677, .T. ) ;
#7621 = PLANE ( 'NONE',  #4898 ) ;
#7622 = CARTESIAN_POINT ( 'NONE',  ( 0.000000000000000000, 192.5000000000000000, -91.49999999999998579 ) ) ;
#7623 = VERTEX_POINT ( 'NONE', #3823 ) ;
#7624 = CARTESIAN_POINT ( 'NONE',  ( 8.000000000000000000, 62.73828822863980292, -49.97999999999995424 ) ) ;
#7625 = ADVANCED_FACE ( 'NONE', ( #11301, #7498 ), #2215, .F. ) ;
#7626 = ORIENTED_EDGE ( 'NONE', *, *, #4816, .T. ) ;
#7627 = CARTESIAN_POINT ( 'NONE',  ( -0.7500000000000006661, 6.636038969321063519, -130.0000000000000000 ) ) ;
#7628 = CIRCLE ( 'NONE', #1295, 2.750000000000002665 ) ;
#7629 = AXIS2_PLACEMENT_3D ( 'NONE', #6098, #3399, #7064 ) ;
#7630 = CIRCLE ( 'NONE', #2442, 0.8890000000000009006 ) ;
#7631 = CARTESIAN_POINT ( 'NONE',  ( 8.000000000000000000, 7.999999999999992895, -91.50000000000001421 ) ) ;
#7632 = ADVANCED_FACE ( 'NONE', ( #4051 ), #4835, .T. ) ;
#7633 = AXIS2_PLACEMENT_3D ( 'NONE', #11723, #2909, #2014 ) ;
#7634 = PLANE ( 'NONE',  #158 ) ;
#7635 = ORIENTED_EDGE ( 'NONE', *, *, #10245, .T. ) ;
#7636 = DIRECTION ( 'NONE',  ( 0.000000000000000000, 0.07710059492488814670, -0.9970233188156776283 ) ) ;
#7637 = ORIENTED_EDGE ( 'NONE', *, *, #11657, .F. ) ;
#7638 = ORIENTED_EDGE ( 'NONE', *, *, #6317, .T. ) ;
#7639 = DIRECTION ( 'NONE',  ( 0.000000000000000000, 0.000000000000000000, -1.000000000000000000 ) ) ;
#7640 = CARTESIAN_POINT ( 'NONE',  ( 13.00000000000001066, 35.07313939997077767, -112.3942135623731104 ) ) ;
#7641 = EDGE_CURVE ( 'NONE', #2303, #10158, #3885, .T. ) ;
#7642 = EDGE_LOOP ( 'NONE', ( #8063, #762, #1754, #8991, #4033, #2405 ) ) ;
#7643 = DIRECTION ( 'NONE',  ( -1.000000000000000000, 0.000000000000000000, 0.000000000000000000 ) ) ;
#7644 = CARTESIAN_POINT ( 'NONE',  ( 15.00000000000000178, 234.9534412989354735, -7.930236141643925762 ) ) ;
#7645 = ORIENTED_EDGE ( 'NONE', *, *, #1682, .F. ) ;
#7646 = CARTESIAN_POINT ( 'NONE',  ( 0.000000000000000000, 152.0000000000000000, -38.50000000000000000 ) ) ;
#7647 = CARTESIAN_POINT ( 'NONE',  ( 15.00000000000000000, 5.687981725412421419, -129.6308390788275346 ) ) ;
#7648 = VERTEX_POINT ( 'NONE', #11124 ) ;
#7649 = DIRECTION ( 'NONE',  ( -1.000000000000000000, -0.000000000000000000, -0.000000000000000000 ) ) ;
#7650 = CARTESIAN_POINT ( 'NONE',  ( 8.000000000000010658, 192.5000000000000000, -34.49999999999998579 ) ) ;
#7651 = ORIENTED_EDGE ( 'NONE', *, *, #10195, .F. ) ;
#7652 = CARTESIAN_POINT ( 'NONE',  ( 16.00000000000000000, 203.4716895539514780, -75.45788136388648581 ) ) ;
#7653 = ADVANCED_FACE ( 'NONE', ( #9511 ), #2929, .F. ) ;
#7654 = LINE ( 'NONE', #2150, #8560 ) ;
#7655 = ADVANCED_FACE ( 'NONE', ( #4953 ), #4779, .F. ) ;
#7656 = DIRECTION ( 'NONE',  ( 0.000000000000000000, 1.267377881992188131E-16, -1.000000000000000000 ) ) ;
#7657 = ORIENTED_EDGE ( 'NONE', *, *, #7088, .T. ) ;
#7658 = FACE_OUTER_BOUND ( 'NONE', #6945, .T. ) ;
#7659 = ORIENTED_EDGE ( 'NONE', *, *, #3281, .F. ) ;
#7660 = DIRECTION ( 'NONE',  ( 0.000000000000000000, -3.469446951953611822E-15, 1.000000000000000000 ) ) ;
#7661 = CARTESIAN_POINT ( 'NONE',  ( 12.99999999999999112, 57.72328822863980236, -109.2998511713309853 ) ) ;
#7662 = EDGE_LOOP ( 'NONE', ( #2980, #6159 ) ) ;
#7664 = ORIENTED_EDGE ( 'NONE', *, *, #8418, .F. ) ;
#7663 = CARTESIAN_POINT ( 'NONE',  ( -0.000000000000000000, 7.978096664942992078, -129.9564337177376103 ) ) ;
#7665 = CIRCLE ( 'NONE', #1933, 0.8890000000000009006 ) ;
#7667 = ORIENTED_EDGE ( 'NONE', *, *, #10337, .T. ) ;
#7666 = FACE_OUTER_BOUND ( 'NONE', #2120, .T. ) ;
#7668 = EDGE_CURVE ( 'NONE', #1163, #366, #10229, .T. ) ;
#7669 = LINE ( 'NONE', #2937, #6790 ) ;
#7670 = CARTESIAN_POINT ( 'NONE',  ( -0.000000000000000000, 7.870706826038263770, -0.05048359870428081875 ) ) ;
#7671 = DIRECTION ( 'NONE',  ( 0.000000000000000000, 1.267377881992188131E-16, -1.000000000000000000 ) ) ;
#7672 = DIRECTION ( 'NONE',  ( 0.000000000000000000, 0.000000000000000000, 1.000000000000000000 ) ) ;
#7673 = DIRECTION ( 'NONE',  ( -1.000000000000000000, -0.000000000000000000, -0.000000000000000000 ) ) ;
#7674 = ORIENTED_EDGE ( 'NONE', *, *, #4651, .T. ) ;
#7675 = EDGE_LOOP ( 'NONE', ( #1871, #9141, #6028, #3061 ) ) ;
#7676 = DIRECTION ( 'NONE',  ( -1.000000000000000000, 0.000000000000000000, 0.000000000000000000 ) ) ;
#7677 = VERTEX_POINT ( 'NONE', #2037 ) ;
#7678 = VECTOR ( 'NONE', #2443, 1000.000000000000000 ) ;
#7679 = EDGE_CURVE ( 'NONE', #3092, #10503, #8494, .T. ) ;
#7680 = CARTESIAN_POINT ( 'NONE',  ( 6.999999999999999112, 117.5000000000000000, -14.12000000000001698 ) ) ;
#7681 = FACE_OUTER_BOUND ( 'NONE', #10025, .T. ) ;
#7682 = ORIENTED_EDGE ( 'NONE', *, *, #5822, .F. ) ;
#7683 = CARTESIAN_POINT ( 'NONE',  ( 16.00000000000000000, 0.000000000000000000, 0.000000000000000000 ) ) ;
#7684 = ORIENTED_EDGE ( 'NONE', *, *, #6234, .T. ) ;
#7685 = ADVANCED_FACE ( 'NONE', ( #11188 ), #6654, .T. ) ;
#7686 = CARTESIAN_POINT ( 'NONE',  ( 0.000000000000000000, 7.979415714894989776E-15, -91.50000000000001421 ) ) ;
#7687 = ORIENTED_EDGE ( 'NONE', *, *, #5240, .T. ) ;
#7688 = CARTESIAN_POINT ( 'NONE',  ( 8.000000000000000000, 20.37152769304129762, -30.01360740926768855 ) ) ;
#7689 = VECTOR ( 'NONE', #3207, 1000.000000000000000 ) ;
#7690 = DIRECTION ( 'NONE',  ( 1.000000000000000000, -0.000000000000000000, -2.434699615406045218E-16 ) ) ;
#7691 = VERTEX_POINT ( 'NONE', #9565 ) ;
#7692 = DIRECTION ( 'NONE',  ( 0.000000000000000000, -4.336808689942021187E-16, 1.000000000000000000 ) ) ;
#7693 = CARTESIAN_POINT ( 'NONE',  ( -0.000000000000000000, 234.6641894305443543, -5.831711049885681675 ) ) ;
#7694 = CARTESIAN_POINT ( 'NONE',  ( 15.00000000000000000, 7.588048092460796035, -129.9283752428139280 ) ) ;
#7695 = ORIENTED_EDGE ( 'NONE', *, *, #18, .T. ) ;
#7696 = CARTESIAN_POINT ( 'NONE',  ( 56.31128874149275276, 37.48318243780042280, -130.0000000000000000 ) ) ;
#7697 = DIRECTION ( 'NONE',  ( 1.000000000000000000, 0.000000000000000000, 0.000000000000000000 ) ) ;
#7698 = EDGE_CURVE ( 'NONE', #2747, #1154, #1358, .T. ) ;
#7699 = AXIS2_PLACEMENT_3D ( 'NONE', #9964, #8177, #9016 ) ;
#7700 = DIRECTION ( 'NONE',  ( 0.000000000000000000, 0.000000000000000000, -1.000000000000000000 ) ) ;
#7701 = CYLINDRICAL_SURFACE ( 'NONE', #9150, 8.000000000000007105 ) ;
#7702 = PLANE ( 'NONE',  #10220 ) ;
#7703 = EDGE_CURVE ( 'NONE', #3370, #9299, #11251, .T. ) ;
#7704 = ORIENTED_EDGE ( 'NONE', *, *, #8681, .T. ) ;
#7705 = DIRECTION ( 'NONE',  ( 0.000000000000000000, 0.000000000000000000, 1.000000000000000000 ) ) ;
#7706 = VERTEX_POINT ( 'NONE', #4895 ) ;
#7707 = DIRECTION ( 'NONE',  ( -1.000000000000000000, -0.000000000000000000, -0.000000000000000000 ) ) ;
#7708 = VECTOR ( 'NONE', #1622, 1000.000000000000114 ) ;
#7709 = CARTESIAN_POINT ( 'NONE',  ( 56.31128874149275276, 203.4716895539514780, -78.45788136388648581 ) ) ;
#7710 = ADVANCED_FACE ( 'NONE', ( #8605 ), #363, .F. ) ;
#7711 = ADVANCED_FACE ( 'NONE', ( #6211 ), #5121, .F. ) ;
#7712 = ORIENTED_EDGE ( 'NONE', *, *, #7937, .F. ) ;
#7713 = AXIS2_PLACEMENT_3D ( 'NONE', #384, #8628, #4741 ) ;
#7715 = VERTEX_POINT ( 'NONE', #10568 ) ;
#7714 = LINE ( 'NONE', #2439, #9279 ) ;
#7716 = CONICAL_SURFACE ( 'NONE', #5423, 3.000000000000002665, 0.3490658503988593453 ) ;
#7717 = CARTESIAN_POINT ( 'NONE',  ( -0.000000000000000000, 234.9596956504968261, -121.9667967126630828 ) ) ;
#7718 = LINE ( 'NONE', #7001, #7164 ) ;
#7719 = CARTESIAN_POINT ( 'NONE',  ( -0.000000000000000000, 5.522346110054510149, -0.4098419124696388027 ) ) ;
#7720 = CARTESIAN_POINT ( 'NONE',  ( 13.00000000000000178, 152.0000000000000000, -67.00000000000000000 ) ) ;
#7721 = LINE ( 'NONE', #7838, #7237 ) ;
#7722 = DIRECTION ( 'NONE',  ( -1.000000000000000000, -0.000000000000000000, -0.000000000000000000 ) ) ;
#7723 = VERTEX_POINT ( 'NONE', #5967 ) ;
#7724 = ORIENTED_EDGE ( 'NONE', *, *, #7213, .F. ) ;
#7725 = DIRECTION ( 'NONE',  ( 0.000000000000000000, 0.000000000000000000, -1.000000000000000000 ) ) ;
#7726 = AXIS2_PLACEMENT_3D ( 'NONE', #6544, #2111, #7504 ) ;
#7727 = AXIS2_PLACEMENT_3D ( 'NONE', #6872, #9605, #11400 ) ;
#7728 = EDGE_CURVE ( 'NONE', #2382, #6650, #7052, .T. ) ;
#7729 = EDGE_CURVE ( 'NONE', #7706, #5550, #8003, .T. ) ;
#7730 = CARTESIAN_POINT ( 'NONE',  ( 8.523511948613052169, 83.00000000000000000, -88.87606352680548127 ) ) ;
#7731 = CARTESIAN_POINT ( 'NONE',  ( 5.839999999999999858, 135.9280050152813999, -92.68255645757714944 ) ) ;
#7732 = AXIS2_PLACEMENT_3D ( 'NONE', #1024, #5631, #10954 ) ;
#7733 = CARTESIAN_POINT ( 'NONE',  ( 12.17631601310775480, 106.2875378937851139, -38.50000000000000711 ) ) ;
#7734 = FACE_BOUND ( 'NONE', #4459, .T. ) ;
#7735 = CARTESIAN_POINT ( 'NONE',  ( 13.00000000000000178, 226.9999999999999716, -66.99999999999998579 ) ) ;
#7736 = ORIENTED_EDGE ( 'NONE', *, *, #5212, .F. ) ;
#7737 = FACE_OUTER_BOUND ( 'NONE', #8138, .T. ) ;
#7738 = ORIENTED_EDGE ( 'NONE', *, *, #7894, .T. ) ;
#7739 = CARTESIAN_POINT ( 'NONE',  ( 16.00000000000000000, 30.73828822863979582, -54.59100000000000108 ) ) ;
#7740 = EDGE_CURVE ( 'NONE', #3874, #4919, #9927, .T. ) ;
#7741 = VECTOR ( 'NONE', #1256, 1000.000000000000000 ) ;
#7742 = ORIENTED_EDGE ( 'NONE', *, *, #4350, .F. ) ;
#7743 = CARTESIAN_POINT ( 'NONE',  ( 14.86869354863676307, 102.9080050152813897, -37.61255645757714206 ) ) ;
#7744 = EDGE_LOOP ( 'NONE', ( #2612, #6335, #3707, #5589, #8594, #9631, #9198, #11557 ) ) ;
#7745 = CIRCLE ( 'NONE', #10807, 2.750000000000002665 ) ;
#7746 = LINE ( 'NONE', #9492, #6285 ) ;
#7747 = DIRECTION ( 'NONE',  ( 0.000000000000000000, 0.000000000000000000, -1.000000000000000000 ) ) ;
#7748 = EDGE_CURVE ( 'NONE', #5194, #5028, #5141, .T. ) ;
#7749 = EDGE_LOOP ( 'NONE', ( #4518, #3633, #10640, #4039 ) ) ;
#7750 = CYLINDRICAL_SURFACE ( 'NONE', #3824, 6.119999999999986784 ) ;
#7751 = VERTEX_POINT ( 'NONE', #5304 ) ;
#7752 = CARTESIAN_POINT ( 'NONE',  ( -0.000000000000000000, 229.0613890133551251, -0.3121677647738372863 ) ) ;
#7753 = ORIENTED_EDGE ( 'NONE', *, *, #10994, .T. ) ;
#7754 = CARTESIAN_POINT ( 'NONE',  ( 56.31128874149275276, 203.4716895539514780, -75.45788136388648581 ) ) ;
#7755 = EDGE_CURVE ( 'NONE', #6650, #2447, #469, .T. ) ;
#7756 = DIRECTION ( 'NONE',  ( 0.000000000000000000, 1.000000000000000000, -0.000000000000000000 ) ) ;
#7757 = DIRECTION ( 'NONE',  ( -1.000000000000000000, -0.000000000000000000, -0.000000000000000000 ) ) ;
#7758 = AXIS2_PLACEMENT_3D ( 'NONE', #2547, #1579, #6203 ) ;
#7759 = CARTESIAN_POINT ( 'NONE',  ( 5.839999999999999858, 30.73828822863979582, -56.36899999999999977 ) ) ;
#7760 = CARTESIAN_POINT ( 'NONE',  ( 8.404740079254535701, 84.20811605120057663, -95.50000000000001421 ) ) ;
#7761 = AXIS2_PLACEMENT_3D ( 'NONE', #6193, #5219, #9829 ) ;
#7762 = CARTESIAN_POINT ( 'NONE',  ( 16.00000000000000000, 30.73828822863979582, -55.48000000000000398 ) ) ;
#7763 = CARTESIAN_POINT ( 'NONE',  ( 13.00000000000000178, 226.9999999999999716, -95.49999999999998579 ) ) ;
#7764 = EDGE_CURVE ( 'NONE', #7161, #10785, #391, .T. ) ;
#7765 = ORIENTED_EDGE ( 'NONE', *, *, #5932, .F. ) ;
#7766 = CARTESIAN_POINT ( 'NONE',  ( 12.99999999999998579, 99.89460152177055363, -38.50000000000000711 ) ) ;
#7767 = ORIENTED_EDGE ( 'NONE', *, *, #8140, .F. ) ;
#7768 = LINE ( 'NONE', #11410, #4573 ) ;
#7769 = FACE_OUTER_BOUND ( 'NONE', #2218, .T. ) ;
#7770 = CIRCLE ( 'NONE', #7012, 3.680148828669058236 ) ;
#7771 = EDGE_LOOP ( 'NONE', ( #4987, #3339, #9439, #6479 ) ) ;
#7772 = CARTESIAN_POINT ( 'NONE',  ( 7.990000000000000213, 217.0000000000000284, -80.25000000000000000 ) ) ;
#7773 = EDGE_CURVE ( 'NONE', #4791, #9498, #2495, .T. ) ;
#7775 = ORIENTED_EDGE ( 'NONE', *, *, #7965, .F. ) ;
#7774 = DIRECTION ( 'NONE',  ( -1.000000000000000000, 0.000000000000000000, 0.000000000000000000 ) ) ;
#7776 = CARTESIAN_POINT ( 'NONE',  ( -0.000000000000000000, 227.7286493753222487, -129.8995630920141195 ) ) ;
#7777 = CARTESIAN_POINT ( 'NONE',  ( 16.00000000000000000, 29.23828822863977805, -28.51360740926766368 ) ) ;
#7778 = FACE_BOUND ( 'NONE', #5560, .T. ) ;
#7779 = ADVANCED_FACE ( 'NONE', ( #4104 ), #10316, .T. ) ;
#7780 = AXIS2_PLACEMENT_3D ( 'NONE', #6535, #3995, #9336 ) ;
#7781 = CYLINDRICAL_SURFACE ( 'NONE', #8155, 2.750000000000002665 ) ;
#7782 = CARTESIAN_POINT ( 'NONE',  ( 16.00000000000000000, 62.73828822863980292, -107.3689999999999856 ) ) ;
#7783 = ORIENTED_EDGE ( 'NONE', *, *, #6129, .T. ) ;
#7784 = VERTEX_POINT ( 'NONE', #10621 ) ;
#7785 = LINE ( 'NONE', #11429, #3692 ) ;
#7786 = CIRCLE ( 'NONE', #11802, 6.120000000000014317 ) ;
#7787 = CARTESIAN_POINT ( 'NONE',  ( 9.712238057742252906, 82.99999999999998579, -89.99506032939571298 ) ) ;
#7788 = CIRCLE ( 'NONE', #3969, 0.8890000000000009006 ) ;
#7789 = DIRECTION ( 'NONE',  ( 0.000000000000000000, 0.000000000000000000, 1.000000000000000000 ) ) ;
#7790 = DIRECTION ( 'NONE',  ( 0.000000000000000000, 0.000000000000000000, 1.000000000000000000 ) ) ;
#7791 = EDGE_CURVE ( 'NONE', #6963, #10091, #7940, .T. ) ;
#7792 = EDGE_CURVE ( 'NONE', #9310, #5086, #2866, .T. ) ;
#7793 = DIRECTION ( 'NONE',  ( -1.000000000000000000, 0.000000000000000000, 0.000000000000000000 ) ) ;
#7794 = ORIENTED_EDGE ( 'NONE', *, *, #6846, .T. ) ;
#7795 = VERTEX_POINT ( 'NONE', #4208 ) ;
#7796 = AXIS2_PLACEMENT_3D ( 'NONE', #1276, #558, #11499 ) ;
#7797 = ORIENTED_EDGE ( 'NONE', *, *, #4201, .T. ) ;
#7798 = AXIS2_PLACEMENT_3D ( 'NONE', #7884, #7949, #5010 ) ;
#7799 = DIRECTION ( 'NONE',  ( 1.000000000000000000, -0.000000000000000000, -0.000000000000000000 ) ) ;
#7800 = VERTEX_POINT ( 'NONE', #10748 ) ;
#7801 = CARTESIAN_POINT ( 'NONE',  ( 10.24999999999523048, 234.2830808016391870, -2.928932188134526715 ) ) ;
#7802 = VECTOR ( 'NONE', #7529, 1000.000000000000000 ) ;
#7803 = AXIS2_PLACEMENT_3D ( 'NONE', #11584, #8826, #3261 ) ;
#7804 = VERTEX_POINT ( 'NONE', #9846 ) ;
#7805 = DIRECTION ( 'NONE',  ( 0.000000000000000000, -0.000000000000000000, -1.000000000000000000 ) ) ;
#7806 = EDGE_CURVE ( 'NONE', #9768, #690, #1653, .T. ) ;
#7807 = DIRECTION ( 'NONE',  ( 0.000000000000000000, 0.000000000000000000, -1.000000000000000000 ) ) ;
#7808 = CARTESIAN_POINT ( 'NONE',  ( 13.00000000000000178, 224.9999999999999716, -91.49999999999998579 ) ) ;
#7809 = LINE ( 'NONE', #3143, #8597 ) ;
#7810 = CARTESIAN_POINT ( 'NONE',  ( -0.000000000000000000, 234.8270561445283988, -6.658247161050923957 ) ) ;
#7811 = ORIENTED_EDGE ( 'NONE', *, *, #1517, .F. ) ;
#7812 = VECTOR ( 'NONE', #5528, 1000.000000000000000 ) ;
#7813 = ORIENTED_EDGE ( 'NONE', *, *, #272, .T. ) ;
#7814 = CARTESIAN_POINT ( 'NONE',  ( 14.86869354863667247, 35.75328822863979639, -118.5699999999999932 ) ) ;
#7815 = DIRECTION ( 'NONE',  ( 1.000000000000000000, 0.000000000000000000, 0.000000000000000000 ) ) ;
#7816 = LINE ( 'NONE', #2594, #5767 ) ;
#7817 = B_SPLINE_CURVE_WITH_KNOTS ( 'NONE', 3,
 ( #10164, #4711, #9455, #251, #1973, #5621, #1190, #8373, #1134, #195, #3883, #3821, #7496, #11122, #2927, #6594, #1249, #10227, #4833, #4777, #8492, #10682, #8603, #521, #11523, #2493, #577, #11465, #7938, #10514, #3214, #8772, #1458, #5119, #1408, #5056, #4157, #635, #9509, #4206, #10566, #7873, #3263, #11588, #2320, #6880, #3319 ),
 .UNSPECIFIED., .F., .F.,
 ( 4, 1, 1, 1, 1, 1, 1, 2, 2, 1, 1, 1, 1, 1, 1, 2, 2, 2, 1, 1, 1, 1, 1, 1, 1, 2, 2, 1, 1, 1, 1, 1, 1, 2, 2, 4 ),
 ( 0.000000000000000000, 0.06250000000001840195, 0.09375000000002760292, 0.1093750000000321965, 0.1171875000000346945, 0.1210937500000361516, 0.1230468750000366790, 0.1240234375000367067, 0.1250000000000367484, 0.1875000000000359435, 0.2187500000000355271, 0.2343750000000352496, 0.2421875000000350275, 0.2460937500000348610, 0.2480468750000346667, 0.2490234375000345834, 0.2500000000000344724, 0.5000000000000157652, 0.6250000000000063283, 0.6875000000000016653, 0.7187499999999992228, 0.7343749999999980016, 0.7421874999999973355, 0.7460937499999971134, 0.7480468749999968914, 0.7490234374999966693, 0.7499999999999965583, 0.8124999999999896749, 0.8437499999999862332, 0.8593749999999844569, 0.8671874999999836797, 0.8710937499999831246, 0.8730468749999830136, 0.8740234374999830136, 0.8749999999999829026, 1.000000000000000000 ),
 .UNSPECIFIED. ) ;
#7818 = CARTESIAN_POINT ( 'NONE',  ( 16.00000000000000000, 20.37152769304129762, -25.65660740926765371 ) ) ;
#7819 = LINE ( 'NONE', #5960, #11627 ) ;
#7820 = EDGE_CURVE ( 'NONE', #6243, #10821, #7768, .T. ) ;
#7821 = CARTESIAN_POINT ( 'NONE',  ( 8.000000000000001776, 33.39756076297029352, -120.0000000000000284 ) ) ;
#7822 = CARTESIAN_POINT ( 'NONE',  ( 6.999999999999999112, 226.9999999999999716, -124.7499999999999716 ) ) ;
#7823 = ORIENTED_EDGE ( 'NONE', *, *, #6831, .T. ) ;
#7824 = DIRECTION ( 'NONE',  ( 1.000000000000000000, -0.000000000000000000, -0.000000000000000000 ) ) ;
#7825 = DIRECTION ( 'NONE',  ( 0.000000000000000000, 1.000000000000000000, 1.267377881992188131E-16 ) ) ;
#7826 = AXIS2_PLACEMENT_3D ( 'NONE', #6276, #945, #3506 ) ;
#7827 = ORIENTED_EDGE ( 'NONE', *, *, #9454, .F. ) ;
#7828 = EDGE_CURVE ( 'NONE', #6595, #7484, #3380, .T. ) ;
#7830 = VERTEX_POINT ( 'NONE', #5058 ) ;
#7829 = CARTESIAN_POINT ( 'NONE',  ( -0.000000000000000000, 0.01592449610950219183, -121.6013954641017278 ) ) ;
#7831 = CARTESIAN_POINT ( 'NONE',  ( -0.000000000000000000, 227.1699900472946752, -129.9467287771415158 ) ) ;
#7832 = EDGE_CURVE ( 'NONE', #9681, #4834, #2677, .T. ) ;
#7833 = CARTESIAN_POINT ( 'NONE',  ( 5.839999999999999858, 62.73828822863980292, -55.47999999999998977 ) ) ;
#7834 = ORIENTED_EDGE ( 'NONE', *, *, #10773, .F. ) ;
#7835 = FACE_OUTER_BOUND ( 'NONE', #5271, .T. ) ;
#7836 = EDGE_LOOP ( 'NONE', ( #291, #5717, #11595, #3849 ) ) ;
#7837 = CARTESIAN_POINT ( 'NONE',  ( 0.000000000000000000, 82.99999999999998579, -120.0000000000000142 ) ) ;
#7838 = CARTESIAN_POINT ( 'NONE',  ( 16.00000000000000000, 203.4716895539514780, -18.34688136388648516 ) ) ;
#7839 = VERTEX_POINT ( 'NONE', #523 ) ;
#7840 = ORIENTED_EDGE ( 'NONE', *, *, #2237, .T. ) ;
#7841 = CARTESIAN_POINT ( 'NONE',  ( 0.000000000000000000, 8.496496751003460758E-15, -10.00000000000001421 ) ) ;
#7842 = ORIENTED_EDGE ( 'NONE', *, *, #1228, .F. ) ;
#7843 = VECTOR ( 'NONE', #3257, 1000.000000000000114 ) ;
#7844 = ADVANCED_FACE ( 'NONE', ( #8895 ), #8831, .F. ) ;
#7845 = DIRECTION ( 'NONE',  ( -1.000000000000000000, 0.000000000000000000, 0.000000000000000000 ) ) ;
#7846 = DIRECTION ( 'NONE',  ( 1.217349807703022609E-16, 0.000000000000000000, 1.000000000000000000 ) ) ;
#7847 = DIRECTION ( 'NONE',  ( 0.000000000000000000, 0.000000000000000000, -1.000000000000000000 ) ) ;
#7848 = LINE ( 'NONE', #5995, #2518 ) ;
#7849 = AXIS2_PLACEMENT_3D ( 'NONE', #6289, #9920, #6347 ) ;
#7850 = EDGE_CURVE ( 'NONE', #883, #51, #10813, .T. ) ;
#7851 = VERTEX_POINT ( 'NONE', #11837 ) ;
#7852 = ORIENTED_EDGE ( 'NONE', *, *, #3318, .F. ) ;
#7853 = ORIENTED_EDGE ( 'NONE', *, *, #10089, .T. ) ;
#7854 = DIRECTION ( 'NONE',  ( 0.000000000000000000, 0.000000000000000000, 1.000000000000000000 ) ) ;
#7855 = ORIENTED_EDGE ( 'NONE', *, *, #1918, .F. ) ;
#7856 = ADVANCED_FACE ( 'NONE', ( #5422 ), #8122, .F. ) ;
#7857 = EDGE_CURVE ( 'NONE', #9275, #8910, #7469, .T. ) ;
#7858 = DIRECTION ( 'NONE',  ( 0.000000000000000000, 0.000000000000000000, 1.000000000000000000 ) ) ;
#7859 = ORIENTED_EDGE ( 'NONE', *, *, #3049, .F. ) ;
#7860 = CARTESIAN_POINT ( 'NONE',  ( 16.00000000000000000, 154.4716895539514496, -78.45788136388650003 ) ) ;
#7861 = CARTESIAN_POINT ( 'NONE',  ( 8.000000000000000000, 46.50000000000000000, -122.0000000000000000 ) ) ;
#7862 = LINE ( 'NONE', #8642, #6239 ) ;
#7863 = CARTESIAN_POINT ( 'NONE',  ( -0.7500000000000006661, 235.0000000000000000, -10.00000000000000000 ) ) ;
#7864 = DIRECTION ( 'NONE',  ( 0.000000000000000000, 0.000000000000000000, 1.000000000000000000 ) ) ;
#7865 = ORIENTED_EDGE ( 'NONE', *, *, #6922, .T. ) ;
#7866 = CARTESIAN_POINT ( 'NONE',  ( 16.00000000000000000, 203.4716895539514780, -72.45788136388647160 ) ) ;
#7867 = EDGE_CURVE ( 'NONE', #6557, #3952, #11646, .T. ) ;
#7868 = AXIS2_PLACEMENT_3D ( 'NONE', #8837, #10465, #1529 ) ;
#7869 = FACE_OUTER_BOUND ( 'NONE', #4172, .T. ) ;
#7870 = CARTESIAN_POINT ( 'NONE',  ( 8.000000000000000000, 58.23828822863978161, -12.01360740926763881 ) ) ;
#7871 = CARTESIAN_POINT ( 'NONE',  ( 5.839999999999999858, 203.4716895539514780, -75.45788136388648581 ) ) ;
#7872 = CARTESIAN_POINT ( 'NONE',  ( 8.000000000000000000, 217.0000000000000284, -77.50000000000000000 ) ) ;
#7873 = CARTESIAN_POINT ( 'NONE',  ( 15.00000000000000000, 0.04931381778104204638, -7.888182313281899560 ) ) ;
#7874 = ORIENTED_EDGE ( 'NONE', *, *, #6704, .T. ) ;
#7875 = DIRECTION ( 'NONE',  ( -1.000000000000000000, -0.000000000000000000, -0.000000000000000000 ) ) ;
#7876 = ORIENTED_EDGE ( 'NONE', *, *, #6985, .T. ) ;
#7877 = PLANE ( 'NONE',  #5618 ) ;
#7878 = UNCERTAINTY_MEASURE_WITH_UNIT (LENGTH_MEASURE( 1.000000000000000082E-05 ), #11559, 'distance_accuracy_value', 'NONE');
#7879 = AXIS2_PLACEMENT_3D ( 'NONE', #4588, #3758, #2871 ) ;
#7880 = ORIENTED_EDGE ( 'NONE', *, *, #4257, .T. ) ;
#7881 = EDGE_CURVE ( 'NONE', #780, #10832, #2293, .T. ) ;
#7883 = ORIENTED_EDGE ( 'NONE', *, *, #9812, .T. ) ;
#7882 = DIRECTION ( 'NONE',  ( 0.000000000000000000, 0.000000000000000000, -1.000000000000000000 ) ) ;
#7884 = CARTESIAN_POINT ( 'NONE',  ( 0.000000000000000000, 226.9999999999999716, -8.000000000000001776 ) ) ;
#7885 = PLANE ( 'NONE',  #8625 ) ;
#7886 = FACE_BOUND ( 'NONE', #10956, .T. ) ;
#7887 = VERTEX_POINT ( 'NONE', #9199 ) ;
#7888 = LINE ( 'NONE', #9679, #4551 ) ;
#7889 = ORIENTED_EDGE ( 'NONE', *, *, #5784, .F. ) ;
#7890 = LINE ( 'NONE', #7837, #3956 ) ;
#7891 = DIRECTION ( 'NONE',  ( 0.000000000000000000, 0.000000000000000000, 1.000000000000000000 ) ) ;
#7892 = ORIENTED_EDGE ( 'NONE', *, *, #2156, .F. ) ;
#7893 = CARTESIAN_POINT ( 'NONE',  ( 8.000000000000000000, 203.4716895539514780, -17.45788136388648581 ) ) ;
#7894 = EDGE_CURVE ( 'NONE', #3944, #6595, #4177, .T. ) ;
#7895 = ORIENTED_EDGE ( 'NONE', *, *, #3008, .T. ) ;
#7896 = LINE ( 'NONE', #4416, #3507 ) ;
#7897 = EDGE_CURVE ( 'NONE', #794, #4650, #10889, .T. ) ;
#7898 = AXIS2_PLACEMENT_3D ( 'NONE', #3551, #4562, #10795 ) ;
#7899 = VECTOR ( 'NONE', #6429, 1000.000000000000000 ) ;
#7900 = DIRECTION ( 'NONE',  ( -1.000000000000000000, -0.000000000000000000, -0.000000000000000000 ) ) ;
#7901 = CARTESIAN_POINT ( 'NONE',  ( 10.00000000000026645, 224.9999999999999716, -130.0000000000000000 ) ) ;
#7902 = CARTESIAN_POINT ( 'NONE',  ( 56.31128874149275276, 154.4716895539514496, -75.45788136388650003 ) ) ;
#7903 = AXIS2_PLACEMENT_3D ( 'NONE', #9625, #1419, #8725 ) ;
#7904 = VECTOR ( 'NONE', #5804, 1000.000000000000114 ) ;
#7905 = CARTESIAN_POINT ( 'NONE',  ( 12.99999999999997868, 42.50000000000003553, -91.50000000000001421 ) ) ;
#7906 = DIRECTION ( 'NONE',  ( 0.000000000000000000, 0.000000000000000000, -1.000000000000000000 ) ) ;
#7907 = VERTEX_POINT ( 'NONE', #4579 ) ;
#7908 = EDGE_CURVE ( 'NONE', #4321, #7567, #5362, .T. ) ;
#7909 = VERTEX_POINT ( 'NONE', #11049 ) ;
#7910 = ORIENTED_EDGE ( 'NONE', *, *, #10281, .F. ) ;
#7911 = DIRECTION ( 'NONE',  ( 0.000000000000000000, 1.000000000000000000, -0.000000000000000000 ) ) ;
#7912 = CARTESIAN_POINT ( 'NONE',  ( 0.000000000000000000, 235.0000000000000000, -10.00000000000000000 ) ) ;
#7913 = VERTEX_POINT ( 'NONE', #7176 ) ;
#7914 = EDGE_CURVE ( 'NONE', #7623, #11669, #10991, .T. ) ;
#7915 = CARTESIAN_POINT ( 'NONE',  ( 15.00000000000000000, 10.00000000000012079, -130.0000000000000000 ) ) ;
#7916 = VECTOR ( 'NONE', #3818, 1000.000000000000000 ) ;
#7917 = VECTOR ( 'NONE', #7929, 1000.000000000000000 ) ;
#7918 = VERTEX_POINT ( 'NONE', #6459 ) ;
#7919 = EDGE_CURVE ( 'NONE', #11555, #3930, #3567, .T. ) ;
#7920 = CARTESIAN_POINT ( 'NONE',  ( 11.48687343806956562, 58.73061877350104254, -120.4115301153672135 ) ) ;
#7921 = DIRECTION ( 'NONE',  ( -0.9396926207859106484, 0.000000000000000000, 0.3420201433256624401 ) ) ;
#7922 = CARTESIAN_POINT ( 'NONE',  ( 14.99999999999999645, 229.2283741422636467, -0.3495352817163459580 ) ) ;
#7923 = EDGE_CURVE ( 'NONE', #8527, #3142, #1675, .T. ) ;
#7924 = DIRECTION ( 'NONE',  ( 4.713731853622286812E-16, 0.000000000000000000, 1.000000000000000000 ) ) ;
#7925 = CARTESIAN_POINT ( 'NONE',  ( 16.00000000000000000, 30.73828822863979582, -52.47999999999998977 ) ) ;
#7926 = EDGE_LOOP ( 'NONE', ( #4826, #11524, #6428, #9262 ) ) ;
#7927 = VECTOR ( 'NONE', #9010, 1000.000000000000000 ) ;
#7928 = ORIENTED_EDGE ( 'NONE', *, *, #4324, .T. ) ;
#7929 = DIRECTION ( 'NONE',  ( -1.000000000000000000, 0.000000000000000000, 0.000000000000000000 ) ) ;
#7930 = CARTESIAN_POINT ( 'NONE',  ( 0.000000000000000000, 82.99999999999998579, -95.50000000000000000 ) ) ;
#7931 = AXIS2_PLACEMENT_3D ( 'NONE', #4973, #431, #7789 ) ;
#7932 = DIRECTION ( 'NONE',  ( 0.000000000000000000, 7.542275982507857147E-17, -1.000000000000000000 ) ) ;
#7933 = DIRECTION ( 'NONE',  ( 0.000000000000000000, 0.000000000000000000, -1.000000000000000000 ) ) ;
#7934 = DIRECTION ( 'NONE',  ( -1.948048600688758575E-17, -0.1537070062818697014, 0.9881164689548824764 ) ) ;
#7935 = ADVANCED_FACE ( 'NONE', ( #1061 ), #4937, .T. ) ;
#7936 = ORIENTED_EDGE ( 'NONE', *, *, #9381, .T. ) ;
#7937 = EDGE_CURVE ( 'NONE', #7887, #10700, #9499, .T. ) ;
#7938 = CARTESIAN_POINT ( 'NONE',  ( 14.99999999999999822, 0.3691609211832835302, -5.687981725401596300 ) ) ;
#7939 = VERTEX_POINT ( 'NONE', #3146 ) ;
#7940 = LINE ( 'NONE', #5174, #9549 ) ;
#7941 = VERTEX_POINT ( 'NONE', #11286 ) ;
#7942 = FACE_OUTER_BOUND ( 'NONE', #9208, .T. ) ;
#7943 = CONICAL_SURFACE ( 'NONE', #7394, 3.000000000000009770, 0.3490658503988593453 ) ;
#7944 = EDGE_LOOP ( 'NONE', ( #2440, #7471, #6718, #6686 ) ) ;
#7945 = VECTOR ( 'NONE', #2358, 1000.000000000000000 ) ;
#7947 = ORIENTED_EDGE ( 'NONE', *, *, #10507, .T. ) ;
#7946 = DIRECTION ( 'NONE',  ( 0.000000000000000000, 0.000000000000000000, -1.000000000000000000 ) ) ;
#7948 = DIRECTION ( 'NONE',  ( -1.000000000000000000, 0.000000000000000000, 0.000000000000000000 ) ) ;
#7949 = DIRECTION ( 'NONE',  ( -1.000000000000000000, -0.000000000000000000, -0.000000000000000000 ) ) ;
#7950 = FACE_BOUND ( 'NONE', #11543, .T. ) ;
#7951 = AXIS2_PLACEMENT_3D ( 'NONE', #6358, #10897, #7320 ) ;
#7952 = CARTESIAN_POINT ( 'NONE',  ( 8.000000000000000000, 217.0000000000000284, -58.62000000000000455 ) ) ;
#7953 = ORIENTED_EDGE ( 'NONE', *, *, #6343, .F. ) ;
#7954 = CARTESIAN_POINT ( 'NONE',  ( 13.00000000000001421, 42.49999999999999289, -8.000000000000001776 ) ) ;
#7955 = ORIENTED_EDGE ( 'NONE', *, *, #5655, .F. ) ;
#7956 = EDGE_CURVE ( 'NONE', #1575, #2874, #3091, .T. ) ;
#7957 = LINE ( 'NONE', #6100, #1084 ) ;
#7958 = CARTESIAN_POINT ( 'NONE',  ( 5.839999999999999858, 87.66800501528138057, -92.30155645757714922 ) ) ;
#7959 = VERTEX_POINT ( 'NONE', #2079 ) ;
#7960 = VECTOR ( 'NONE', #4474, 1000.000000000000000 ) ;
#7961 = ORIENTED_EDGE ( 'NONE', *, *, #4842, .F. ) ;
#7962 = CARTESIAN_POINT ( 'NONE',  ( 11.00000000000000711, 34.34519893143838232, -112.9800000000000040 ) ) ;
#7963 = ORIENTED_EDGE ( 'NONE', *, *, #5740, .T. ) ;
#7964 = CARTESIAN_POINT ( 'NONE',  ( 8.000000000000000000, 62.73828822863980292, -106.4799999999999898 ) ) ;
#7965 = EDGE_CURVE ( 'NONE', #8773, #8830, #9727, .T. ) ;
#7966 = VECTOR ( 'NONE', #4633, 1000.000000000000000 ) ;
#7967 = CARTESIAN_POINT ( 'NONE',  ( 56.31128874149275276, 57.72328822863980236, -118.5699999999999932 ) ) ;
#7968 = DIRECTION ( 'NONE',  ( 0.000000000000000000, 0.000000000000000000, -1.000000000000000000 ) ) ;
#7969 = EDGE_CURVE ( 'NONE', #6826, #8211, #8978, .T. ) ;
#7970 = CARTESIAN_POINT ( 'NONE',  ( 11.00000000000000533, 59.13137752584121642, -118.6243631721766576 ) ) ;
#7971 = CARTESIAN_POINT ( 'NONE',  ( 0.000000000000000000, 115.4999999999999858, 0.000000000000000000 ) ) ;
#7972 = VERTEX_POINT ( 'NONE', #7480 ) ;
#7973 = ORIENTED_EDGE ( 'NONE', *, *, #949, .F. ) ;
#7974 = ORIENTED_EDGE ( 'NONE', *, *, #11192, .F. ) ;
#7975 = CARTESIAN_POINT ( 'NONE',  ( 0.000000000000000000, 78.99999999999998579, 0.000000000000000000 ) ) ;
#7976 = DIRECTION ( 'NONE',  ( 0.000000000000000000, 0.000000000000000000, 1.000000000000000000 ) ) ;
#7977 = ORIENTED_EDGE ( 'NONE', *, *, #10466, .T. ) ;
#7978 = VECTOR ( 'NONE', #1511, 1000.000000000000000 ) ;
#7979 = CARTESIAN_POINT ( 'NONE',  ( 56.31128874149275276, 203.4716895539514780, -72.45788136388647160 ) ) ;
#7980 = ORIENTED_EDGE ( 'NONE', *, *, #5062, .T. ) ;
#7981 = EDGE_CURVE ( 'NONE', #633, #4865, #5728, .T. ) ;
#7982 = CIRCLE ( 'NONE', #6673, 8.000000000000007105 ) ;
#7983 = DIRECTION ( 'NONE',  ( 0.000000000000000000, 0.000000000000000000, -1.000000000000000000 ) ) ;
#7984 = AXIS2_PLACEMENT_3D ( 'NONE', #10283, #1908, #5557 ) ;
#7985 = CARTESIAN_POINT ( 'NONE',  ( 16.00000000000000000, 30.73828822863980292, -109.4799999999999898 ) ) ;
#7986 = CARTESIAN_POINT ( 'NONE',  ( 14.99999999999999822, 231.5651816002688292, -1.179535519990704273 ) ) ;
#7987 = CARTESIAN_POINT ( 'NONE',  ( 5.839999999999999858, 102.9080050152813897, -40.61255645757714916 ) ) ;
#7988 = DIRECTION ( 'NONE',  ( 1.217349807703022609E-16, 0.000000000000000000, 1.000000000000000000 ) ) ;
#7989 = ORIENTED_EDGE ( 'NONE', *, *, #5179, .T. ) ;
#7990 = ORIENTED_EDGE ( 'NONE', *, *, #10378, .T. ) ;
#7991 = DIRECTION ( 'NONE',  ( 0.3420201433256640500, -0.9368954554425701353, -0.07245086010912098196 ) ) ;
#7992 = VECTOR ( 'NONE', #6821, 1000.000000000000114 ) ;
#7993 = EDGE_CURVE ( 'NONE', #3512, #9122, #236, .T. ) ;
#7994 = CYLINDRICAL_SURFACE ( 'NONE', #9490, 0.8890000000000009006 ) ;
#7995 = LINE ( 'NONE', #2548, #3083 ) ;
#7996 = CARTESIAN_POINT ( 'NONE',  ( 0.000000000000000000, 217.0000000000000284, -77.50000000000000000 ) ) ;
#7997 = PLANE ( 'NONE',  #9232 ) ;
#7998 = LINE ( 'NONE', #3376, #7367 ) ;
#7999 = VECTOR ( 'NONE', #864, 1000.000000000000000 ) ;
#8000 = VERTEX_POINT ( 'NONE', #5603 ) ;
#8001 = LINE ( 'NONE', #10811, #1452 ) ;
#8002 = ORIENTED_EDGE ( 'NONE', *, *, #2979, .T. ) ;
#8003 = LINE ( 'NONE', #5236, #6312 ) ;
#8004 = VERTEX_POINT ( 'NONE', #10210 ) ;
#8005 = CARTESIAN_POINT ( 'NONE',  ( 0.000000000000000000, 226.9999999999999716, -1.880000000000015437 ) ) ;
#8006 = CARTESIAN_POINT ( 'NONE',  ( 16.00000000000000000, 154.4716895539514496, -18.34688136388649227 ) ) ;
#8007 = EDGE_CURVE ( 'NONE', #1521, #5996, #6580, .T. ) ;
#8008 = ADVANCED_FACE ( 'NONE', ( #2199 ), #3038, .F. ) ;
#8010 = ORIENTED_EDGE ( 'NONE', *, *, #6329, .F. ) ;
#8009 = CARTESIAN_POINT ( 'NONE',  ( 15.75000000000000000, 228.3639610306789223, -130.0000000000000000 ) ) ;
#8011 = CARTESIAN_POINT ( 'NONE',  ( 16.00000000000000000, 203.4716895539514780, -74.56888136388647581 ) ) ;
#8012 = CARTESIAN_POINT ( 'NONE',  ( 8.000000000000000000, 35.23828822863978161, -28.51360740926766368 ) ) ;
#8013 = CARTESIAN_POINT ( 'NONE',  ( 8.404132744949764700, 91.12822435046504665, -95.50000000000001421 ) ) ;
#8014 = DIRECTION ( 'NONE',  ( 0.000000000000000000, 1.000000000000000000, -0.000000000000000000 ) ) ;
#8015 = DIRECTION ( 'NONE',  ( 0.000000000000000000, 0.000000000000000000, 1.000000000000000000 ) ) ;
#8016 = EDGE_LOOP ( 'NONE', ( #10209, #6393, #370, #11194 ) ) ;
#8017 = CARTESIAN_POINT ( 'NONE',  ( 56.31128874149275276, 87.66800501528138057, -91.41255645757715342 ) ) ;
#8018 = CARTESIAN_POINT ( 'NONE',  ( 8.000000000000000000, 58.23828822863978161, -12.01360740926763881 ) ) ;
#8019 = AXIS2_PLACEMENT_3D ( 'NONE', #8550, #11354, #2275 ) ;
#8020 = ORIENTED_EDGE ( 'NONE', *, *, #2248, .T. ) ;
#8021 = ORIENTED_EDGE ( 'NONE', *, *, #11119, .T. ) ;
#8022 = CARTESIAN_POINT ( 'NONE',  ( 9.123298358146104903, 57.83791619268129836, -107.8888471665652844 ) ) ;
#8023 = EDGE_CURVE ( 'NONE', #3390, #11441, #5668, .T. ) ;
#8024 = CYLINDRICAL_SURFACE ( 'NONE', #3923, 2.750000000000002665 ) ;
#8025 = AXIS2_PLACEMENT_3D ( 'NONE', #8998, #6251, #7280 ) ;
#8026 = DIRECTION ( 'NONE',  ( -1.000000000000000000, 0.000000000000000000, 0.000000000000000000 ) ) ;
#8027 = LINE ( 'NONE', #11733, #1223 ) ;
#8028 = DIRECTION ( 'NONE',  ( 0.000000000000000000, 0.000000000000000000, -1.000000000000000000 ) ) ;
#8029 = DIRECTION ( 'NONE',  ( 1.000000000000000000, -0.000000000000000000, -0.000000000000000000 ) ) ;
#8030 = EDGE_LOOP ( 'NONE', ( #8245, #121, #5916, #7427, #4239 ) ) ;
#8031 = ORIENTED_EDGE ( 'NONE', *, *, #2857, .F. ) ;
#8032 = VERTEX_POINT ( 'NONE', #5788 ) ;
#8033 = CARTESIAN_POINT ( 'NONE',  ( -0.7500000000000006661, 0.000000000000000000, -10.00000000000000000 ) ) ;
#8034 = DIRECTION ( 'NONE',  ( -1.000000000000000000, -0.000000000000000000, -0.000000000000000000 ) ) ;
#8035 = VERTEX_POINT ( 'NONE', #5842 ) ;
#8036 = CONICAL_SURFACE ( 'NONE', #9566, 3.000000000000002665, 0.3490658503988593453 ) ;
#8037 = CARTESIAN_POINT ( 'NONE',  ( 15.00000000000000000, 117.5000000000000000, -8.000000000000015987 ) ) ;
#8038 = EDGE_CURVE ( 'NONE', #9247, #5188, #3985, .T. ) ;
#8039 = EDGE_LOOP ( 'NONE', ( #7297, #1654 ) ) ;
#8040 = CARTESIAN_POINT ( 'NONE',  ( 0.000000000000000000, 115.4999999999999858, -38.50000000000000711 ) ) ;
#8041 = ORIENTED_EDGE ( 'NONE', *, *, #500, .F. ) ;
#8042 = DIRECTION ( 'NONE',  ( -0.000000000000000000, -0.1537070062818709504, -0.9881164689548822544 ) ) ;
#8043 = VECTOR ( 'NONE', #2488, 1000.000000000000000 ) ;
#8044 = PLANE ( 'NONE',  #7145 ) ;
#8045 = PLANE ( 'NONE',  #1119 ) ;
#8046 = CARTESIAN_POINT ( 'NONE',  ( 15.00000000000000000, 227.4119519075969436, -0.07162475718681268755 ) ) ;
#8047 = LINE ( 'NONE', #10731, #7294 ) ;
#8048 = LINE ( 'NONE', #5221, #9136 ) ;
#8049 = ORIENTED_EDGE ( 'NONE', *, *, #9463, .F. ) ;
#8050 = EDGE_CURVE ( 'NONE', #6092, #9194, #9878, .T. ) ;
#8051 = VERTEX_POINT ( 'NONE', #11798 ) ;
#8052 = CARTESIAN_POINT ( 'NONE',  ( 14.86869354863676307, 154.4716895539514496, -78.45788136388650003 ) ) ;
#8053 = EDGE_CURVE ( 'NONE', #5971, #10598, #8647, .T. ) ;
#8054 = ORIENTED_EDGE ( 'NONE', *, *, #2740, .F. ) ;
#8055 = DIRECTION ( 'NONE',  ( 0.000000000000000000, 0.000000000000000000, 1.000000000000000000 ) ) ;
#8056 = CARTESIAN_POINT ( 'NONE',  ( 16.00000000000000000, 135.9280050152813999, -91.79355645757715365 ) ) ;
#8057 = AXIS2_PLACEMENT_3D ( 'NONE', #10970, #6438, #10072 ) ;
#8058 = FACE_OUTER_BOUND ( 'NONE', #222, .T. ) ;
#8059 = DIRECTION ( 'NONE',  ( -0.9396926207859106484, 0.000000000000000000, 0.3420201433256624401 ) ) ;
#8060 = ORIENTED_EDGE ( 'NONE', *, *, #3983, .F. ) ;
#8061 = CARTESIAN_POINT ( 'NONE',  ( 15.00000000000000000, 0.3121677647739952710, -124.0613890133551394 ) ) ;
#8062 = EDGE_CURVE ( 'NONE', #5473, #6587, #8093, .T. ) ;
#8063 = ORIENTED_EDGE ( 'NONE', *, *, #54, .F. ) ;
#8064 = CARTESIAN_POINT ( 'NONE',  ( 5.839999999999999858, 30.73828822863979582, -54.59100000000000108 ) ) ;
#8065 = AXIS2_PLACEMENT_3D ( 'NONE', #4038, #452, #9885 ) ;
#8067 = EDGE_LOOP ( 'NONE', ( #6710, #11024, #11146, #5981 ) ) ;
#8066 = DIRECTION ( 'NONE',  ( 0.000000000000000000, 1.000000000000000000, 1.267377881992188131E-16 ) ) ;
#8068 = EDGE_CURVE ( 'NONE', #9674, #11539, #2657, .T. ) ;
#8069 = CARTESIAN_POINT ( 'NONE',  ( 11.33335156052298842, 91.95389656515490628, -91.50000000000000000 ) ) ;
#8070 = LINE ( 'NONE', #8130, #171 ) ;
#8071 = DIRECTION ( 'NONE',  ( 0.000000000000000000, 1.000000000000000000, 1.267377881992188131E-16 ) ) ;
#8072 = CARTESIAN_POINT ( 'NONE',  ( 13.00000000000000178, 224.9999999999999716, -34.49999999999998579 ) ) ;
#8073 = DIRECTION ( 'NONE',  ( 0.000000000000000000, 1.000000000000000000, 1.267377881992188131E-16 ) ) ;
#8074 = ORIENTED_EDGE ( 'NONE', *, *, #2277, .F. ) ;
#8075 = VECTOR ( 'NONE', #10822, 1000.000000000000000 ) ;
#8076 = DIRECTION ( 'NONE',  ( -1.000000000000000000, 0.000000000000000000, 0.000000000000000000 ) ) ;
#8077 = CARTESIAN_POINT ( 'NONE',  ( 12.99999999999999467, 188.5000000000000000, -91.49999999999998579 ) ) ;
#8078 = ORIENTED_EDGE ( 'NONE', *, *, #2782, .F. ) ;
#8079 = EDGE_CURVE ( 'NONE', #2278, #3874, #2258, .T. ) ;
#8080 = EDGE_LOOP ( 'NONE', ( #5670, #8153, #11398, #2380 ) ) ;
#8081 = CARTESIAN_POINT ( 'NONE',  ( 8.000000000000000000, 0.000000000000000000, 0.000000000000000000 ) ) ;
#8082 = EDGE_CURVE ( 'NONE', #7909, #3120, #8097, .T. ) ;
#8083 = EDGE_LOOP ( 'NONE', ( #3233, #11455, #986, #8020, #7117, #2634, #5239, #8624 ) ) ;
#8084 = CARTESIAN_POINT ( 'NONE',  ( 0.000000000000000000, 17.99999999999998934, -49.75000000000002842 ) ) ;
#8085 = DIRECTION ( 'NONE',  ( 0.000000000000000000, 0.000000000000000000, 1.000000000000000000 ) ) ;
#8086 = B_SPLINE_CURVE_WITH_KNOTS ( 'NONE', 3,
 ( #10693, #7059, #2748, #10756 ),
 .UNSPECIFIED., .F., .F.,
 ( 4, 4 ),
 ( 0.01929576592525386602, 0.02468622555166969865 ),
 .UNSPECIFIED. ) ;
#8087 = DIRECTION ( 'NONE',  ( -1.000000000000000000, -0.000000000000000000, -0.000000000000000000 ) ) ;
#8088 = CARTESIAN_POINT ( 'NONE',  ( 5.000000000000001776, 235.0000000000000000, -10.00000000000000000 ) ) ;
#8089 = FACE_BOUND ( 'NONE', #5826, .T. ) ;
#8090 = ORIENTED_EDGE ( 'NONE', *, *, #5495, .T. ) ;
#8091 = ADVANCED_FACE ( 'NONE', ( #6307 ), #638, .T. ) ;
#8092 = EDGE_LOOP ( 'NONE', ( #4304, #6467, #8691, #2796 ) ) ;
#8093 = LINE ( 'NONE', #2529, #4448 ) ;
#8094 = ADVANCED_FACE ( 'NONE', ( #7273 ), #5899, .F. ) ;
#8095 = AXIS2_PLACEMENT_3D ( 'NONE', #10251, #5708, #11210 ) ;
#8096 = ORIENTED_EDGE ( 'NONE', *, *, #6168, .F. ) ;
#8097 = CIRCLE ( 'NONE', #6953, 2.750000000000002665 ) ;
#8098 = FACE_OUTER_BOUND ( 'NONE', #3176, .T. ) ;
#8099 = CARTESIAN_POINT ( 'NONE',  ( 8.000000000000000000, 7.999999999999992895, -120.0000000000000284 ) ) ;
#8100 = VERTEX_POINT ( 'NONE', #3417 ) ;
#8101 = VECTOR ( 'NONE', #2165, 1000.000000000000000 ) ;
#8102 = CIRCLE ( 'NONE', #7358, 6.120000000000000107 ) ;
#8103 = DIRECTION ( 'NONE',  ( 0.000000000000000000, 0.000000000000000000, 1.000000000000000000 ) ) ;
#8104 = CARTESIAN_POINT ( 'NONE',  ( 13.00000000000000888, 78.99999999999998579, -34.50000000000000000 ) ) ;
#8105 = FACE_OUTER_BOUND ( 'NONE', #958, .T. ) ;
#8106 = CARTESIAN_POINT ( 'NONE',  ( 8.000000000000000000, 224.9999999999999147, -91.49999999999998579 ) ) ;
#8107 = ADVANCED_FACE ( 'NONE', ( #4493 ), #10845, .T. ) ;
#8108 = DIRECTION ( 'NONE',  ( 1.217349807703022609E-16, 0.000000000000000000, 1.000000000000000000 ) ) ;
#8109 = ORIENTED_EDGE ( 'NONE', *, *, #797, .T. ) ;
#8110 = VERTEX_POINT ( 'NONE', #736 ) ;
#8111 = CARTESIAN_POINT ( 'NONE',  ( 8.000000000000000000, 78.99999999999995737, -120.0000000000000142 ) ) ;
#8112 = VECTOR ( 'NONE', #8657, 1000.000000000000000 ) ;
#8113 = EDGE_LOOP ( 'NONE', ( #9089, #3598, #10029, #3556 ) ) ;
#8114 = LINE ( 'NONE', #7930, #1439 ) ;
#8115 = ADVANCED_FACE ( 'NONE', ( #8151 ), #2201, .T. ) ;
#8116 = PLANE ( 'NONE',  #11247 ) ;
#8117 = AXIS2_PLACEMENT_3D ( 'NONE', #10257, #11155, #2961 ) ;
#8118 = CARTESIAN_POINT ( 'NONE',  ( 15.00000000000000000, 8.000000000000000000, -8.000000000000028422 ) ) ;
#8119 = EDGE_CURVE ( 'NONE', #9500, #3327, #2889, .T. ) ;
#8120 = PLANE ( 'NONE',  #5491 ) ;
#8121 = ORIENTED_EDGE ( 'NONE', *, *, #11513, .T. ) ;
#8122 = PLANE ( 'NONE',  #7826 ) ;
#8123 = ORIENTED_EDGE ( 'NONE', *, *, #2057, .F. ) ;
#8124 = CYLINDRICAL_SURFACE ( 'NONE', #3908, 8.000000000000005329 ) ;
#8125 = CARTESIAN_POINT ( 'NONE',  ( 14.86869354863676307, 102.9080050152813897, -43.61255645757716337 ) ) ;
#8127 = ORIENTED_EDGE ( 'NONE', *, *, #1753, .T. ) ;
#8126 = CARTESIAN_POINT ( 'NONE',  ( -0.7500000000000006661, 234.2830808016391870, -127.0710678118655039 ) ) ;
#8128 = ADVANCED_FACE ( 'NONE', ( #6368 ), #85, .F. ) ;
#8129 = DIRECTION ( 'NONE',  ( 1.217349807703022609E-16, 0.000000000000000000, 1.000000000000000000 ) ) ;
#8130 = CARTESIAN_POINT ( 'NONE',  ( 8.000000000000000000, 33.26072993160060065, -118.7627514873122152 ) ) ;
#8131 = DIRECTION ( 'NONE',  ( -2.434699615406045218E-16, 0.000000000000000000, -1.000000000000000000 ) ) ;
#8132 = DIRECTION ( 'NONE',  ( -1.000000000000000000, -0.000000000000000000, -0.000000000000000000 ) ) ;
#8133 = ORIENTED_EDGE ( 'NONE', *, *, #5037, .T. ) ;
#8134 = DIRECTION ( 'NONE',  ( 1.000000000000000000, 0.000000000000000000, 0.000000000000000000 ) ) ;
#8135 = VECTOR ( 'NONE', #6876, 1000.000000000000000 ) ;
#8136 = CARTESIAN_POINT ( 'NONE',  ( 13.00000000000000178, 226.9999999999999716, -95.49999999999998579 ) ) ;
#8137 = EDGE_LOOP ( 'NONE', ( #2497, #5133, #10314, #9788 ) ) ;
#8138 = EDGE_LOOP ( 'NONE', ( #4851, #10886, #5003, #10982 ) ) ;
#8139 = CARTESIAN_POINT ( 'NONE',  ( 12.99999999999998757, 78.99999999999998579, -120.0000000000000142 ) ) ;
#8140 = EDGE_CURVE ( 'NONE', #1556, #10675, #2828, .T. ) ;
#8141 = VECTOR ( 'NONE', #10925, 1000.000000000000000 ) ;
#8142 = FACE_OUTER_BOUND ( 'NONE', #5106, .T. ) ;
#8143 = EDGE_CURVE ( 'NONE', #9674, #9768, #1981, .T. ) ;
#8144 = FACE_OUTER_BOUND ( 'NONE', #10937, .T. ) ;
#8145 = CARTESIAN_POINT ( 'NONE',  ( 14.86869354863678439, 203.4716895539514780, -17.45788136388648581 ) ) ;
#8146 = CARTESIAN_POINT ( 'NONE',  ( 14.86869354863676307, 102.9080050152813897, -40.61255645757714916 ) ) ;
#8147 = DIRECTION ( 'NONE',  ( 0.000000000000000000, 1.000000000000000000, 1.267377881992188131E-16 ) ) ;
#8148 = CARTESIAN_POINT ( 'NONE',  ( 5.839999999999999858, 87.66800501528138057, -90.52355645757714342 ) ) ;
#8149 = ORIENTED_EDGE ( 'NONE', *, *, #8854, .T. ) ;
#8150 = ORIENTED_EDGE ( 'NONE', *, *, #6217, .F. ) ;
#8151 = FACE_OUTER_BOUND ( 'NONE', #4368, .T. ) ;
#8152 = CARTESIAN_POINT ( 'NONE',  ( 12.00000000000000711, -0.001000000000001000089, -112.9800000000000040 ) ) ;
#8153 = ORIENTED_EDGE ( 'NONE', *, *, #7597, .T. ) ;
#8154 = FACE_BOUND ( 'NONE', #9780, .T. ) ;
#8155 = AXIS2_PLACEMENT_3D ( 'NONE', #3229, #6896, #2334 ) ;
#8156 = ORIENTED_EDGE ( 'NONE', *, *, #7270, .T. ) ;
#8157 = DIRECTION ( 'NONE',  ( -1.000000000000000000, 0.000000000000000000, 0.000000000000000000 ) ) ;
#8158 = ORIENTED_EDGE ( 'NONE', *, *, #11578, .T. ) ;
#8159 = EDGE_CURVE ( 'NONE', #11508, #10594, #4730, .T. ) ;
#8160 = EDGE_CURVE ( 'NONE', #7800, #4116, #11811, .T. ) ;
#8161 = DIRECTION ( 'NONE',  ( -1.000000000000000000, -0.000000000000000000, -0.000000000000000000 ) ) ;
#8162 = CARTESIAN_POINT ( 'NONE',  ( 8.000000000000000000, 7.999999999999992895, -67.00000000000001421 ) ) ;
#8163 = DIRECTION ( 'NONE',  ( 0.000000000000000000, 1.000000000000000000, 1.267377881992188131E-16 ) ) ;
#8164 = AXIS2_PLACEMENT_3D ( 'NONE', #1716, #3565, #8959 ) ;
#8165 = DIRECTION ( 'NONE',  ( 0.000000000000000000, 0.000000000000000000, -1.000000000000000000 ) ) ;
#8166 = ORIENTED_EDGE ( 'NONE', *, *, #3677, .T. ) ;
#8167 = EDGE_LOOP ( 'NONE', ( #2921, #8980, #10958, #3881 ) ) ;
#8168 = DIRECTION ( 'NONE',  ( -2.434699615406045218E-16, 0.000000000000000000, -1.000000000000000000 ) ) ;
#8169 = ORIENTED_EDGE ( 'NONE', *, *, #10170, .F. ) ;
#8170 = AXIS2_PLACEMENT_3D ( 'NONE', #7285, #3669, #1157 ) ;
#8171 = CIRCLE ( 'NONE', #6661, 0.8890000000000009006 ) ;
#8172 = AXIS2_PLACEMENT_3D ( 'NONE', #357, #6648, #2030 ) ;
#8173 = EDGE_CURVE ( 'NONE', #10022, #2988, #2545, .T. ) ;
#8174 = CARTESIAN_POINT ( 'NONE',  ( 0.000000000000000000, 0.000000000000000000, -10.00000000000000000 ) ) ;
#8175 = LINE ( 'NONE', #7232, #9344 ) ;
#8176 = ORIENTED_EDGE ( 'NONE', *, *, #10337, .F. ) ;
#8177 = DIRECTION ( 'NONE',  ( -1.000000000000000000, 0.000000000000000000, 0.000000000000000000 ) ) ;
#8178 = DIRECTION ( 'NONE',  ( -1.000000000000000000, -0.000000000000000000, -0.000000000000000000 ) ) ;
#8179 = LINE ( 'NONE', #11835, #4913 ) ;
#8180 = ORIENTED_EDGE ( 'NONE', *, *, #9906, .T. ) ;
#8181 = CARTESIAN_POINT ( 'NONE',  ( 15.00000000000000000, 0.6700196821338354480, -125.6716809560898014 ) ) ;
#8182 = VECTOR ( 'NONE', #1869, 1000.000000000000000 ) ;
#8183 = VECTOR ( 'NONE', #2510, 1000.000000000000000 ) ;
#8184 = VERTEX_POINT ( 'NONE', #9228 ) ;
#8185 = LINE ( 'NONE', #7240, #11738 ) ;
#8186 = VECTOR ( 'NONE', #5416, 1000.000000000000000 ) ;
#8187 = DIRECTION ( 'NONE',  ( -1.000000000000000000, 0.000000000000000000, 0.000000000000000000 ) ) ;
#8188 = ADVANCED_FACE ( 'NONE', ( #9173 ), #3900, .F. ) ;
#8190 = ORIENTED_EDGE ( 'NONE', *, *, #8160, .F. ) ;
#8189 = CARTESIAN_POINT ( 'NONE',  ( 4.750000000000000000, 235.0000000000000284, -121.6819805153394753 ) ) ;
#8191 = VECTOR ( 'NONE', #10326, 1000.000000000000000 ) ;
#8192 = DIRECTION ( 'NONE',  ( 0.000000000000000000, 1.000000000000000000, 1.267377881992188131E-16 ) ) ;
#8193 = DIRECTION ( 'NONE',  ( 0.000000000000000000, -0.07710059492488814670, 0.9970233188156776283 ) ) ;
#8194 = VECTOR ( 'NONE', #6139, 1000.000000000000000 ) ;
#8195 = CARTESIAN_POINT ( 'NONE',  ( 10.00000000000026645, 10.00000000000000000, 0.000000000000000000 ) ) ;
#8196 = ORIENTED_EDGE ( 'NONE', *, *, #7569, .T. ) ;
#8197 = LINE ( 'NONE', #10828, #901 ) ;
#8198 = VERTEX_POINT ( 'NONE', #4608 ) ;
#8199 = CARTESIAN_POINT ( 'NONE',  ( 11.34453188882338992, 127.1192834300133256, -38.50000000000000711 ) ) ;
#8200 = ORIENTED_EDGE ( 'NONE', *, *, #211, .T. ) ;
#8201 = ORIENTED_EDGE ( 'NONE', *, *, #4130, .T. ) ;
#8202 = DIRECTION ( 'NONE',  ( 1.000000000000000000, -0.000000000000000000, 0.000000000000000000 ) ) ;
#8203 = EDGE_CURVE ( 'NONE', #934, #9354, #8448, .T. ) ;
#8204 = B_SPLINE_SURFACE_WITH_KNOTS ( 'NONE', 5, 3, ( 
 ( #1751, #5393, #9059, #268 ),
 ( #7568, #6553, #3780, #3010 ),
 ( #9291, #6672, #7511, #7627 ),
 ( #5641, #9355, #10308, #11266 ),
 ( #8392, #1209, #9531, #6735 ),
 ( #5820, #11320, #4853, #4911 ),
 ( #9087, #7306, #6579, #5490 ),
 ( #11840, #4639, #9320, #1004 ) ),
 .UNSPECIFIED., .F., .F., .F.,
 ( 6, 2, 6 ),
 ( 4, 4 ),
 ( 0.000000000000000000, 0.5000000000000000000, 1.000000000000000000 ),
 ( -0.007749999999999999077, 0.008750000000000000833 ),
 .UNSPECIFIED. ) ;
#8205 = DIRECTION ( 'NONE',  ( 0.000000000000000000, 1.000000000000000000, 1.267377881992188131E-16 ) ) ;
#8206 = CARTESIAN_POINT ( 'NONE',  ( 11.00000000000000711, 59.13137752584121642, -112.9800000000000040 ) ) ;
#8207 = CARTESIAN_POINT ( 'NONE',  ( 16.00000000000000000, 87.66800501528138057, -91.41255645757715342 ) ) ;
#8208 = FACE_OUTER_BOUND ( 'NONE', #5752, .T. ) ;
#8209 = FACE_BOUND ( 'NONE', #3280, .T. ) ;
#8210 = ORIENTED_EDGE ( 'NONE', *, *, #6842, .T. ) ;
#8211 = VERTEX_POINT ( 'NONE', #10906 ) ;
#8212 = DIRECTION ( 'NONE',  ( 1.000000000000000000, -0.000000000000000000, -0.000000000000000000 ) ) ;
#8213 = CARTESIAN_POINT ( 'NONE',  ( 0.000000000000000000, 156.0000000000000000, -95.50000000000000000 ) ) ;
#8214 = CARTESIAN_POINT ( 'NONE',  ( 8.000000000000000000, 57.72328822863980236, -107.4800000000000040 ) ) ;
#8215 = EDGE_CURVE ( 'NONE', #2591, #6365, #10244, .T. ) ;
#8216 = AXIS2_PLACEMENT_3D ( 'NONE', #2620, #7420, #57 ) ;
#8217 = DIRECTION ( 'NONE',  ( 0.000000000000000000, 0.000000000000000000, 1.000000000000000000 ) ) ;
#8218 = EDGE_LOOP ( 'NONE', ( #3457, #6734, #4089, #3646, #5251, #6996 ) ) ;
#8219 = EDGE_LOOP ( 'NONE', ( #11372, #2191, #4555, #1841 ) ) ;
#8220 = CARTESIAN_POINT ( 'NONE',  ( 8.000000000000000000, 29.20396111208193446, -34.50000000000000711 ) ) ;
#8221 = DIRECTION ( 'NONE',  ( 7.345270573559252012E-32, -1.000000000000000000, 3.016910393003142366E-16 ) ) ;
#8222 = ADVANCED_FACE ( 'NONE', ( #8328 ), #10064, .F. ) ;
#8223 = LINE ( 'NONE', #1884, #5875 ) ;
#8224 = FACE_OUTER_BOUND ( 'NONE', #7836, .T. ) ;
#8225 = CARTESIAN_POINT ( 'NONE',  ( -0.002000000000000265454, 117.5000000000000000, -122.0000000000000000 ) ) ;
#8226 = EDGE_CURVE ( 'NONE', #4229, #7049, #9998, .T. ) ;
#8227 = ORIENTED_EDGE ( 'NONE', *, *, #9657, .T. ) ;
#8228 = CARTESIAN_POINT ( 'NONE',  ( 13.00000000000001421, 192.5000000000000000, -8.000000000000001776 ) ) ;
#8229 = EDGE_CURVE ( 'NONE', #5585, #2863, #7510, .T. ) ;
#8230 = ORIENTED_EDGE ( 'NONE', *, *, #4855, .T. ) ;
#8231 = VECTOR ( 'NONE', #10861, 1000.000000000000000 ) ;
#8232 = FACE_BOUND ( 'NONE', #2563, .T. ) ;
#8233 = CARTESIAN_POINT ( 'NONE',  ( 0.000000000000000000, 8.000000000000000000, -122.0000000000000000 ) ) ;
#8234 = EDGE_LOOP ( 'NONE', ( #8805, #6148, #9542, #2346 ) ) ;
#8235 = CARTESIAN_POINT ( 'NONE',  ( 8.000000000000000000, 10.00000000000000711, -122.0000000000000000 ) ) ;
#8236 = ORIENTED_EDGE ( 'NONE', *, *, #8215, .F. ) ;
#8237 = CYLINDRICAL_SURFACE ( 'NONE', #2623, 3.000000000000009770 ) ;
#8238 = EDGE_LOOP ( 'NONE', ( #10, #2073, #2752, #6090 ) ) ;
#8239 = CARTESIAN_POINT ( 'NONE',  ( 16.00000000000000000, 203.4716895539514780, -75.45788136388648581 ) ) ;
#8240 = VECTOR ( 'NONE', #6204, 1000.000000000000000 ) ;
#8241 = VERTEX_POINT ( 'NONE', #5518 ) ;
#8242 = CARTESIAN_POINT ( 'NONE',  ( 13.00000000000001243, 119.5000000000000000, -15.74596669241485536 ) ) ;
#8243 = ADVANCED_FACE ( 'NONE', ( #9353 ), #1149, .F. ) ;
#8245 = ORIENTED_EDGE ( 'NONE', *, *, #6343, .T. ) ;
#8244 = DIRECTION ( 'NONE',  ( 2.168404344971006896E-16, -1.734723475976805517E-15, 1.000000000000000000 ) ) ;
#8246 = DIRECTION ( 'NONE',  ( 0.000000000000000000, -0.000000000000000000, 1.000000000000000000 ) ) ;
#8247 = DIRECTION ( 'NONE',  ( 0.000000000000000000, 0.000000000000000000, -1.000000000000000000 ) ) ;
#8248 = LINE ( 'NONE', #5249, #3710 ) ;
#8249 = ORIENTED_EDGE ( 'NONE', *, *, #6217, .T. ) ;
#8250 = DIRECTION ( 'NONE',  ( 0.000000000000000000, 0.000000000000000000, 1.000000000000000000 ) ) ;
#8251 = ORIENTED_EDGE ( 'NONE', *, *, #11687, .F. ) ;
#8252 = FACE_OUTER_BOUND ( 'NONE', #9550, .T. ) ;
#8253 = ORIENTED_EDGE ( 'NONE', *, *, #2995, .F. ) ;
#8254 = DIRECTION ( 'NONE',  ( -1.000000000000000000, 1.267377881992188377E-16, 1.638342670903701786E-32 ) ) ;
#8255 = ADVANCED_FACE ( 'NONE', ( #10959 ), #971, .F. ) ;
#8256 = DIRECTION ( 'NONE',  ( 1.000000000000000000, 0.000000000000000000, 0.000000000000000000 ) ) ;
#8257 = CARTESIAN_POINT ( 'NONE',  ( 16.00000000000000000, 20.37152769304129762, -24.51360740926765658 ) ) ;
#8258 = DIRECTION ( 'NONE',  ( 0.000000000000000000, 1.000000000000000000, -0.000000000000000000 ) ) ;
#8259 = DIRECTION ( 'NONE',  ( 0.000000000000000000, 1.267377881992188131E-16, -1.000000000000000000 ) ) ;
#8260 = EDGE_CURVE ( 'NONE', #10270, #8296, #4249, .T. ) ;
#8261 = DIRECTION ( 'NONE',  ( 0.000000000000000000, -0.1537070062818697014, 0.9881164689548824764 ) ) ;
#8262 = EDGE_LOOP ( 'NONE', ( #6991, #9527, #4520, #9861 ) ) ;
#8263 = CARTESIAN_POINT ( 'NONE',  ( 16.00000000000000000, 30.73828822863980292, -106.4799999999999898 ) ) ;
#8264 = CARTESIAN_POINT ( 'NONE',  ( 13.00000000000001066, 58.40343705730879975, -112.9800000000000040 ) ) ;
#8265 = EDGE_CURVE ( 'NONE', #2988, #10022, #8274, .T. ) ;
#8266 = ORIENTED_EDGE ( 'NONE', *, *, #7620, .T. ) ;
#8267 = CARTESIAN_POINT ( 'NONE',  ( 14.86869354863676307, 135.9280050152813999, -92.68255645757714944 ) ) ;
#8268 = CIRCLE ( 'NONE', #3480, 3.000000000000009770 ) ;
#8269 = VECTOR ( 'NONE', #10965, 1000.000000000000114 ) ;
#8270 = ORIENTED_EDGE ( 'NONE', *, *, #4606, .T. ) ;
#8271 = FACE_OUTER_BOUND ( 'NONE', #3659, .T. ) ;
#8272 = CARTESIAN_POINT ( 'NONE',  ( 16.00000000000000000, 62.73828822863980292, -106.4799999999999898 ) ) ;
#8273 = ADVANCED_FACE ( 'NONE', ( #1427 ), #2233, .F. ) ;
#8274 = CIRCLE ( 'NONE', #10963, 3.000000000000009770 ) ;
#8275 = ORIENTED_EDGE ( 'NONE', *, *, #7981, .F. ) ;
#8276 = LINE ( 'NONE', #6442, #3248 ) ;
#8277 = CARTESIAN_POINT ( 'NONE',  ( 14.97526221724508488, 57.68450040536095713, -118.5685024890683792 ) ) ;
#8278 = ORIENTED_EDGE ( 'NONE', *, *, #2277, .T. ) ;
#8279 = CARTESIAN_POINT ( 'NONE',  ( 6.999999999999999112, 117.5000000000000000, -122.0000000000000000 ) ) ;
#8280 = EDGE_CURVE ( 'NONE', #6943, #7099, #2353, .T. ) ;
#8281 = AXIS2_PLACEMENT_3D ( 'NONE', #10369, #4020, #2056 ) ;
#8282 = VECTOR ( 'NONE', #2216, 1000.000000000000000 ) ;
#8283 = VERTEX_POINT ( 'NONE', #2289 ) ;
#8284 = CARTESIAN_POINT ( 'NONE',  ( 15.00000000000000355, 234.6504647182844963, -124.2283741422694447 ) ) ;
#8285 = ADVANCED_FACE ( 'NONE', ( #4121 ), #487, .F. ) ;
#8286 = VERTEX_POINT ( 'NONE', #6841 ) ;
#8287 = DIRECTION ( 'NONE',  ( 1.000000000000000000, -0.000000000000000000, -0.000000000000000000 ) ) ;
#8288 = DIRECTION ( 'NONE',  ( 1.000000000000000000, -0.000000000000000000, -0.000000000000000000 ) ) ;
#8289 = ORIENTED_EDGE ( 'NONE', *, *, #8443, .T. ) ;
#8290 = VECTOR ( 'NONE', #9921, 1000.000000000000000 ) ;
#8291 = CARTESIAN_POINT ( 'NONE',  ( -0.000000000000000000, 226.6063717535907642, -0.02297867386380232288 ) ) ;
#8292 = VERTEX_POINT ( 'NONE', #5019 ) ;
#8293 = CARTESIAN_POINT ( 'NONE',  ( -0.002000000000000265454, 125.5000000000000000, -8.000000000000014211 ) ) ;
#8294 = AXIS2_PLACEMENT_3D ( 'NONE', #11289, #6760, #5844 ) ;
#8295 = ORIENTED_EDGE ( 'NONE', *, *, #8412, .F. ) ;
#8296 = VERTEX_POINT ( 'NONE', #11318 ) ;
#8297 = DIRECTION ( 'NONE',  ( 0.000000000000000000, 1.000000000000000000, 0.000000000000000000 ) ) ;
#8298 = CARTESIAN_POINT ( 'NONE',  ( 6.999999999999999112, 226.9999999999999716, -14.11999999999998856 ) ) ;
#8299 = ORIENTED_EDGE ( 'NONE', *, *, #7764, .F. ) ;
#8300 = DIRECTION ( 'NONE',  ( -1.000000000000000000, 0.000000000000000000, 0.000000000000000000 ) ) ;
#8301 = ORIENTED_EDGE ( 'NONE', *, *, #3421, .T. ) ;
#8302 = VECTOR ( 'NONE', #3518, 1000.000000000000000 ) ;
#8304 = ORIENTED_EDGE ( 'NONE', *, *, #10745, .F. ) ;
#8303 = PLANE ( 'NONE',  #1260 ) ;
#8305 = VECTOR ( 'NONE', #8324, 1000.000000000000000 ) ;
#8306 = EDGE_CURVE ( 'NONE', #10102, #11204, #831, .T. ) ;
#8307 = FACE_OUTER_BOUND ( 'NONE', #8219, .T. ) ;
#8308 = DIRECTION ( 'NONE',  ( 0.000000000000000000, 0.000000000000000000, -1.000000000000000000 ) ) ;
#8309 = EDGE_CURVE ( 'NONE', #9768, #9674, #9058, .T. ) ;
#8310 = LINE ( 'NONE', #4709, #2007 ) ;
#8311 = ORIENTED_EDGE ( 'NONE', *, *, #1757, .F. ) ;
#8312 = LINE ( 'NONE', #7437, #10452 ) ;
#8313 = EDGE_LOOP ( 'NONE', ( #937, #2683, #4701, #11202 ) ) ;
#8314 = FACE_OUTER_BOUND ( 'NONE', #2347, .T. ) ;
#8315 = ORIENTED_EDGE ( 'NONE', *, *, #7073, .T. ) ;
#8316 = DIRECTION ( 'NONE',  ( -1.000000000000000000, 0.000000000000000000, 0.000000000000000000 ) ) ;
#8317 = AXIS2_PLACEMENT_3D ( 'NONE', #9805, #8256, #2817 ) ;
#8318 =( BOUNDED_CURVE ( )  B_SPLINE_CURVE ( 3, ( #10138, #1831, #5592, #9244 ),
 .UNSPECIFIED., .F., .F. ) 
 B_SPLINE_CURVE_WITH_KNOTS ( ( 4, 4 ),
 ( 2.559417093465668369, 2.932846348835307371 ),
 .UNSPECIFIED. ) 
 CURVE ( )  GEOMETRIC_REPRESENTATION_ITEM ( )  RATIONAL_B_SPLINE_CURVE ( ( 1.000000000000000000, 0.9884129373836231247, 0.9884129373836231247, 1.000000000000000000 ) ) 
 REPRESENTATION_ITEM ( '' )  );
#8319 = CARTESIAN_POINT ( 'NONE',  ( -0.000000000000000000, 0.3358105694564950117, -124.1682889501154534 ) ) ;
#8320 = DIRECTION ( 'NONE',  ( 0.000000000000000000, 1.000000000000000000, 1.267377881992188131E-16 ) ) ;
#8321 = ADVANCED_FACE ( 'NONE', ( #1267 ), #10364, .F. ) ;
#8322 = VECTOR ( 'NONE', #1066, 1000.000000000000000 ) ;
#8323 = DIRECTION ( 'NONE',  ( 0.000000000000000000, -1.000000000000000000, 0.000000000000000000 ) ) ;
#8324 = DIRECTION ( 'NONE',  ( 0.000000000000000000, 1.000000000000000000, 1.267377881992188131E-16 ) ) ;
#8325 = CARTESIAN_POINT ( 'NONE',  ( 16.00000000000000000, 130.8480050152814158, -40.61255645757714916 ) ) ;
#8326 = LINE ( 'NONE', #4548, #9696 ) ;
#8327 = ORIENTED_EDGE ( 'NONE', *, *, #153, .T. ) ;
#8328 = FACE_OUTER_BOUND ( 'NONE', #2220, .T. ) ;
#8329 = CARTESIAN_POINT ( 'NONE',  ( -0.000000000000000000, 0.2157597551303397920, -6.429173036559457266 ) ) ;
#8330 = ORIENTED_EDGE ( 'NONE', *, *, #9819, .T. ) ;
#8331 = VECTOR ( 'NONE', #8066, 1000.000000000000000 ) ;
#8332 = DIRECTION ( 'NONE',  ( 1.000000000000000000, 0.000000000000000000, 0.000000000000000000 ) ) ;
#8333 = CARTESIAN_POINT ( 'NONE',  ( 56.31128874149275276, 29.23828822863977450, -20.51360740926767079 ) ) ;
#8334 = VERTEX_POINT ( 'NONE', #5078 ) ;
#8335 = VECTOR ( 'NONE', #8759, 1000.000000000000000 ) ;
#8336 = ADVANCED_FACE ( 'NONE', ( #1207 ), #9472, .T. ) ;
#8337 = DIRECTION ( 'NONE',  ( -1.000000000000000000, -0.000000000000000000, -0.000000000000000000 ) ) ;
#8338 = CARTESIAN_POINT ( 'NONE',  ( 16.00000000000000000, 35.23828822863978161, -34.51360740926766368 ) ) ;
#8339 = CARTESIAN_POINT ( 'NONE',  ( 0.000000000000000000, 78.99999999999998579, -91.50000000000000000 ) ) ;
#8340 = ORIENTED_EDGE ( 'NONE', *, *, #9401, .F. ) ;
#8341 = CARTESIAN_POINT ( 'NONE',  ( 10.00000000000026645, 0.000000000000000000, -120.0000000000000000 ) ) ;
#8342 = CARTESIAN_POINT ( 'NONE',  ( 0.000000000000000000, 46.50000000000000000, 0.000000000000000000 ) ) ;
#8343 = ORIENTED_EDGE ( 'NONE', *, *, #2436, .T. ) ;
#8344 = CARTESIAN_POINT ( 'NONE',  ( 8.000000000000000000, 135.9280050152813999, -92.68255645757714944 ) ) ;
#8345 = EDGE_CURVE ( 'NONE', #872, #10333, #3891, .T. ) ;
#8346 = VERTEX_POINT ( 'NONE', #5983 ) ;
#8347 = DIRECTION ( 'NONE',  ( 0.000000000000000000, 0.000000000000000000, -1.000000000000000000 ) ) ;
#8348 = CARTESIAN_POINT ( 'NONE',  ( 15.00000000000000000, 235.0000000000000000, -120.0000000000000142 ) ) ;
#8349 = VECTOR ( 'NONE', #8059, 1000.000000000000000 ) ;
#8350 = CARTESIAN_POINT ( 'NONE',  ( 5.839999999999999858, 62.73828822863980292, -106.4799999999999898 ) ) ;
#8351 = VERTEX_POINT ( 'NONE', #4069 ) ;
#8352 = FACE_OUTER_BOUND ( 'NONE', #4137, .T. ) ;
#8353 = LINE ( 'NONE', #8235, #10249 ) ;
#8354 = CARTESIAN_POINT ( 'NONE',  ( 8.000000000000007105, 188.5000000000000000, -66.99999999999998579 ) ) ;
#8355 = ORIENTED_EDGE ( 'NONE', *, *, #3879, .T. ) ;
#8356 = CARTESIAN_POINT ( 'NONE',  ( 15.00000000000000000, 9.094768074471959451, -130.0000000000000000 ) ) ;
#8357 = ORIENTED_EDGE ( 'NONE', *, *, #3464, .F. ) ;
#8358 = CARTESIAN_POINT ( 'NONE',  ( 12.18423435410922906, 152.0000000000000284, -14.33054565730306606 ) ) ;
#8359 = AXIS2_PLACEMENT_3D ( 'NONE', #10917, #9127, #930 ) ;
#8360 = EDGE_CURVE ( 'NONE', #6574, #11508, #7785, .T. ) ;
#8361 = ORIENTED_EDGE ( 'NONE', *, *, #10366, .F. ) ;
#8362 = LINE ( 'NONE', #4042, #4406 ) ;
#8363 = LINE ( 'NONE', #5492, #2687 ) ;
#8364 = EDGE_LOOP ( 'NONE', ( #1811, #11589, #9847, #6 ) ) ;
#8366 = EDGE_LOOP ( 'NONE', ( #7302, #2203, #5808, #2485 ) ) ;
#8365 = FACE_OUTER_BOUND ( 'NONE', #6538, .T. ) ;
#8367 = CARTESIAN_POINT ( 'NONE',  ( 8.000000000000014211, 42.49999999999999289, -10.00000000000000888 ) ) ;
#8368 = CYLINDRICAL_SURFACE ( 'NONE', #920, 5.999999999999998224 ) ;
#8369 = CARTESIAN_POINT ( 'NONE',  ( 0.000000000000000000, 152.0000000000000000, 0.000000000000000000 ) ) ;
#8370 = VECTOR ( 'NONE', #3174, 1000.000000000000000 ) ;
#8371 = VECTOR ( 'NONE', #3418, 1000.000000000000000 ) ;
#8372 = VECTOR ( 'NONE', #953, 1000.000000000000000 ) ;
#8373 = CARTESIAN_POINT ( 'NONE',  ( 15.00000000000000533, 7.951075232754572397, -0.04523735437266292181 ) ) ;
#8374 = ORIENTED_EDGE ( 'NONE', *, *, #826, .T. ) ;
#8375 = CARTESIAN_POINT ( 'NONE',  ( 14.86869354863667247, 35.75328822863979639, -118.5699999999999932 ) ) ;
#8376 = DIRECTION ( 'NONE',  ( 0.000000000000000000, 0.000000000000000000, 1.000000000000000000 ) ) ;
#8377 = ADVANCED_FACE ( 'NONE', ( #7566 ), #10535, .F. ) ;
#8378 = EDGE_CURVE ( 'NONE', #8763, #747, #3007, .T. ) ;
#8379 = VERTEX_POINT ( 'NONE', #5760 ) ;
#8380 = VECTOR ( 'NONE', #6807, 1000.000000000000000 ) ;
#8381 = AXIS2_PLACEMENT_3D ( 'NONE', #7871, #11519, #10510 ) ;
#8382 = CARTESIAN_POINT ( 'NONE',  ( 8.000000000000000000, 78.99999999999995737, -91.50000000000000000 ) ) ;
#8383 = CARTESIAN_POINT ( 'NONE',  ( 10.94858855980715973, 139.3445389839531288, -95.49999999999998579 ) ) ;
#8384 = DIRECTION ( 'NONE',  ( 0.000000000000000000, -0.000000000000000000, -1.000000000000000000 ) ) ;
#8385 = DIRECTION ( 'NONE',  ( 1.217349807703022609E-16, 0.000000000000000000, 1.000000000000000000 ) ) ;
#8386 = LINE ( 'NONE', #7562, #4512 ) ;
#8387 = CARTESIAN_POINT ( 'NONE',  ( 0.000000000000000000, 8.496496751003460758E-15, -10.00000000000001421 ) ) ;
#8388 = VECTOR ( 'NONE', #4563, 1000.000000000000000 ) ;
#8389 = ORIENTED_EDGE ( 'NONE', *, *, #8500, .T. ) ;
#8390 = DIRECTION ( 'NONE',  ( 1.000000000000000000, -0.000000000000000000, -0.000000000000000000 ) ) ;
#8391 = VERTEX_POINT ( 'NONE', #7624 ) ;
#8392 = CARTESIAN_POINT ( 'NONE',  ( 15.75000000000000000, 0.7169191983608358409, -127.0710678118655039 ) ) ;
#8393 = EDGE_CURVE ( 'NONE', #7435, #7589, #3121, .T. ) ;
#8394 = CARTESIAN_POINT ( 'NONE',  ( 13.00000000000000178, 226.9999999999999716, -34.49999999999998579 ) ) ;
#8395 = ORIENTED_EDGE ( 'NONE', *, *, #8717, .T. ) ;
#8396 = CARTESIAN_POINT ( 'NONE',  ( 13.00000000000000178, 119.5000000000000000, -63.00000000000000000 ) ) ;
#8397 = CARTESIAN_POINT ( 'NONE',  ( 8.000000000000000000, 33.31572421501480363, -119.4739079060005338 ) ) ;
#8398 = DIRECTION ( 'NONE',  ( 0.000000000000000000, 0.000000000000000000, 1.000000000000000000 ) ) ;
#8399 = VERTEX_POINT ( 'NONE', #6733 ) ;
#8400 = LINE ( 'NONE', #7576, #11413 ) ;
#8401 = VECTOR ( 'NONE', #3946, 1000.000000000000000 ) ;
#8402 = EDGE_LOOP ( 'NONE', ( #5859, #3051 ) ) ;
#8403 = LINE ( 'NONE', #11277, #8881 ) ;
#8404 = ADVANCED_FACE ( 'NONE', ( #9042, #1607 ), #2452, .T. ) ;
#8405 = ORIENTED_EDGE ( 'NONE', *, *, #40, .T. ) ;
#8406 = DIRECTION ( 'NONE',  ( -1.267377881992188131E-16, -1.000000000000000000, -1.267377881992188131E-16 ) ) ;
#8407 = AXIS2_PLACEMENT_3D ( 'NONE', #1879, #4497, #3726 ) ;
#8408 = DIRECTION ( 'NONE',  ( 0.000000000000000000, 0.1537070062818709504, 0.9881164689548822544 ) ) ;
#8409 = ORIENTED_EDGE ( 'NONE', *, *, #2235, .F. ) ;
#8410 = CARTESIAN_POINT ( 'NONE',  ( 13.00000000000000178, 226.9999999999999716, -120.0000000000000000 ) ) ;
#8411 = CARTESIAN_POINT ( 'NONE',  ( 8.000000000000000000, 117.5000000000000000, -122.0000000000000000 ) ) ;
#8412 = EDGE_CURVE ( 'NONE', #1611, #2771, #3124, .T. ) ;
#8413 = CARTESIAN_POINT ( 'NONE',  ( 16.00000000000000000, 62.73828822863980292, -54.59099999999998687 ) ) ;
#8414 = EDGE_LOOP ( 'NONE', ( #9132, #7018, #498, #9433 ) ) ;
#8415 = CARTESIAN_POINT ( 'NONE',  ( 14.86869354863674175, 58.23828822863978161, -34.51360740926766368 ) ) ;
#8416 = ORIENTED_EDGE ( 'NONE', *, *, #10418, .T. ) ;
#8417 = CARTESIAN_POINT ( 'NONE',  ( 12.09455213574368138, 83.65924605976131545, -91.50000000000000000 ) ) ;
#8418 = EDGE_CURVE ( 'NONE', #9122, #3693, #7896, .T. ) ;
#8419 = AXIS2_PLACEMENT_3D ( 'NONE', #7987, #3488, #2540 ) ;
#8420 = EDGE_LOOP ( 'NONE', ( #6122, #10272, #209, #4271 ) ) ;
#8421 = PLANE ( 'NONE',  #11691 ) ;
#8422 = DIRECTION ( 'NONE',  ( 0.000000000000000000, 0.000000000000000000, -1.000000000000000000 ) ) ;
#8423 = VERTEX_POINT ( 'NONE', #2517 ) ;
#8424 = CARTESIAN_POINT ( 'NONE',  ( 8.000000000000000000, 62.73828822863980292, -100.9799999999999613 ) ) ;
#8425 = CARTESIAN_POINT ( 'NONE',  ( 24.00000000000000000, 53.82328822863979667, 0.000000000000000000 ) ) ;
#8426 = DIRECTION ( 'NONE',  ( 0.000000000000000000, 0.000000000000000000, 1.000000000000000000 ) ) ;
#8427 = CIRCLE ( 'NONE', #9950, 3.000000000000002665 ) ;
#8428 = DIRECTION ( 'NONE',  ( 1.000000000000000000, -0.000000000000000000, -0.000000000000000000 ) ) ;
#8429 = EDGE_CURVE ( 'NONE', #2831, #9508, #7347, .T. ) ;
#8430 = ORIENTED_EDGE ( 'NONE', *, *, #9365, .F. ) ;
#8431 = CARTESIAN_POINT ( 'NONE',  ( 8.000000000000000000, 20.37152769304129762, -19.01360740926762816 ) ) ;
#8432 = ORIENTED_EDGE ( 'NONE', *, *, #5168, .T. ) ;
#8433 = CARTESIAN_POINT ( 'NONE',  ( 13.00000000000001421, 156.0000000000000000, -8.000000000000001776 ) ) ;
#8434 = CARTESIAN_POINT ( 'NONE',  ( 8.000000000000000000, 224.9999999999999147, -34.49999999999998579 ) ) ;
#8435 = VERTEX_POINT ( 'NONE', #11671 ) ;
#8436 = VECTOR ( 'NONE', #5400, 1000.000000000000114 ) ;
#8437 = EDGE_CURVE ( 'NONE', #284, #9818, #5993, .T. ) ;
#8438 = CARTESIAN_POINT ( 'NONE',  ( 0.000000000000000000, 9.999999999999992895, -130.0000000000000000 ) ) ;
#8439 = CARTESIAN_POINT ( 'NONE',  ( 0.000000000000000000, 224.9999999999999716, 0.000000000000000000 ) ) ;
#8440 = LINE ( 'NONE', #4724, #5025 ) ;
#8441 = CARTESIAN_POINT ( 'NONE',  ( 8.000000000000000000, 62.73828822863980292, -60.98000000000001819 ) ) ;
#8442 = ADVANCED_FACE ( 'NONE', ( #1544 ), #8917, .T. ) ;
#8443 = EDGE_CURVE ( 'NONE', #8715, #7166, #128, .T. ) ;
#8444 = VECTOR ( 'NONE', #10439, 999.9999999999998863 ) ;
#8445 = DIRECTION ( 'NONE',  ( 0.000000000000000000, 0.000000000000000000, -1.000000000000000000 ) ) ;
#8446 = DIRECTION ( 'NONE',  ( 0.000000000000000000, 1.267377881992188131E-16, -1.000000000000000000 ) ) ;
#8447 = EDGE_LOOP ( 'NONE', ( #11191, #3023, #8828, #265 ) ) ;
#8448 = LINE ( 'NONE', #5701, #5021 ) ;
#8449 = EDGE_LOOP ( 'NONE', ( #11604, #11181 ) ) ;
#8450 = DIRECTION ( 'NONE',  ( 1.000000000000000000, -0.000000000000000000, -0.000000000000000000 ) ) ;
#8451 = VECTOR ( 'NONE', #2470, 1000.000000000000000 ) ;
#8452 = DIRECTION ( 'NONE',  ( 0.000000000000000000, 0.000000000000000000, 1.000000000000000000 ) ) ;
#8453 = DIRECTION ( 'NONE',  ( 0.000000000000000000, 0.000000000000000000, 1.000000000000000000 ) ) ;
#8454 = ADVANCED_FACE ( 'NONE', ( #781 ), #8981, .F. ) ;
#8455 = ADVANCED_FACE ( 'NONE', ( #1736, #11544 ), #8853, .T. ) ;
#8456 = DIRECTION ( 'NONE',  ( 0.000000000000000000, -0.000000000000000000, 1.000000000000000000 ) ) ;
#8457 = ORIENTED_EDGE ( 'NONE', *, *, #5716, .F. ) ;
#8458 = FACE_OUTER_BOUND ( 'NONE', #4103, .T. ) ;
#8459 = AXIS2_PLACEMENT_3D ( 'NONE', #6064, #10728, #11692 ) ;
#8460 = VERTEX_POINT ( 'NONE', #3526 ) ;
#8461 = CARTESIAN_POINT ( 'NONE',  ( 8.000000000000000000, 7.999999999999992895, -120.0000000000000284 ) ) ;
#8462 = PLANE ( 'NONE',  #8508 ) ;
#8463 = VERTEX_POINT ( 'NONE', #7194 ) ;
#8464 = FACE_OUTER_BOUND ( 'NONE', #10652, .T. ) ;
#8465 = CARTESIAN_POINT ( 'NONE',  ( 15.00000000000000000, 234.9409209874542626, -122.2510667398584019 ) ) ;
#8466 = CARTESIAN_POINT ( 'NONE',  ( 8.000000000000000000, 192.4999999999999432, -9.999999999999991118 ) ) ;
#8467 = CARTESIAN_POINT ( 'NONE',  ( 0.000000000000000000, 192.5000000000000000, 0.000000000000000000 ) ) ;
#8468 = ADVANCED_FACE ( 'NONE', ( #9686 ), #4173, .T. ) ;
#8469 = ORIENTED_EDGE ( 'NONE', *, *, #4569, .T. ) ;
#8470 = PLANE ( 'NONE',  #5117 ) ;
#8471 = DIRECTION ( 'NONE',  ( 0.000000000000000000, 0.000000000000000000, 1.000000000000000000 ) ) ;
#8472 = ORIENTED_EDGE ( 'NONE', *, *, #4795, .F. ) ;
#8473 = CARTESIAN_POINT ( 'NONE',  ( 15.00000000000000000, 117.5000000000000000, -8.000000000000015987 ) ) ;
#8474 = EDGE_LOOP ( 'NONE', ( #7356, #9314, #6165, #9227 ) ) ;
#8475 = CARTESIAN_POINT ( 'NONE',  ( 14.99999999999999822, 5.522346110074998649, -129.5901580875509751 ) ) ;
#8476 = VERTEX_POINT ( 'NONE', #6950 ) ;
#8477 = FACE_OUTER_BOUND ( 'NONE', #3196, .T. ) ;
#8478 = AXIS2_PLACEMENT_3D ( 'NONE', #4125, #11378, #7968 ) ;
#8479 = CARTESIAN_POINT ( 'NONE',  ( 12.99999999999997868, 46.50000000000004263, -63.00000000000001421 ) ) ;
#8480 = VECTOR ( 'NONE', #3069, 1000.000000000000000 ) ;
#8481 = VERTEX_POINT ( 'NONE', #1484 ) ;
#8482 = FACE_OUTER_BOUND ( 'NONE', #9554, .T. ) ;
#8483 = CARTESIAN_POINT ( 'NONE',  ( 0.000000000000000000, 9.999999999999992895, -130.0000000000000000 ) ) ;
#8484 = EDGE_CURVE ( 'NONE', #3608, #8722, #2395, .T. ) ;
#8486 = ORIENTED_EDGE ( 'NONE', *, *, #2221, .T. ) ;
#8485 = CARTESIAN_POINT ( 'NONE',  ( 13.00000000000001421, 78.99999999999998579, -8.000000000000001776 ) ) ;
#8487 = DIRECTION ( 'NONE',  ( 0.000000000000000000, 1.267377881992188131E-16, -1.000000000000000000 ) ) ;
#8488 = EDGE_CURVE ( 'NONE', #9288, #10536, #4227, .T. ) ;
#8489 = AXIS2_PLACEMENT_3D ( 'NONE', #1799, #7260, #6597 ) ;
#8490 = CARTESIAN_POINT ( 'NONE',  ( 5.839999999999999858, 135.9280050152813999, -92.68255645757714944 ) ) ;
#8491 = EDGE_LOOP ( 'NONE', ( #11391, #5966, #10540, #6966 ) ) ;
#8492 = CARTESIAN_POINT ( 'NONE',  ( 14.99999999999999822, 5.876227615702354967, -0.3258377770018559549 ) ) ;
#8493 = EDGE_LOOP ( 'NONE', ( #3131, #7989, #3202, #8010 ) ) ;
#8494 = LINE ( 'NONE', #8433, #8401 ) ;
#8495 = EDGE_LOOP ( 'NONE', ( #6972, #1225, #11351, #11547, #11716, #10709, #11229, #3864 ) ) ;
#8496 = CARTESIAN_POINT ( 'NONE',  ( 8.000000000000000000, 42.49999999999999289, -122.0000000000000000 ) ) ;
#8497 = ORIENTED_EDGE ( 'NONE', *, *, #1203, .F. ) ;
#8498 = AXIS2_PLACEMENT_3D ( 'NONE', #8908, #711, #1663 ) ;
#8499 = VECTOR ( 'NONE', #10392, 1000.000000000000000 ) ;
#8500 = EDGE_CURVE ( 'NONE', #4048, #5353, #9603, .T. ) ;
#8502 = EDGE_LOOP ( 'NONE', ( #5569, #6040, #2942, #1645, #10246, #11169, #2312, #4292, #8640, #2170, #439, #837 ) ) ;
#8501 = DIRECTION ( 'NONE',  ( -1.000000000000000000, -0.000000000000000000, -0.000000000000000000 ) ) ;
#8503 = DIRECTION ( 'NONE',  ( 0.000000000000000000, 0.000000000000000000, 1.000000000000000000 ) ) ;
#8504 = EDGE_CURVE ( 'NONE', #5828, #11454, #7071, .T. ) ;
#8505 = FACE_OUTER_BOUND ( 'NONE', #10268, .T. ) ;
#8506 = CARTESIAN_POINT ( 'NONE',  ( 7.990000000000000213, 217.0000000000000284, -49.75000000000000000 ) ) ;
#8507 = CARTESIAN_POINT ( 'NONE',  ( 0.000000000000000000, 152.0000000000000000, -120.0000000000000142 ) ) ;
#8508 = AXIS2_PLACEMENT_3D ( 'NONE', #5654, #8523, #11095 ) ;
#8509 = DIRECTION ( 'NONE',  ( 1.000000000000000000, -0.000000000000000000, -2.434699615406045218E-16 ) ) ;
#8510 = ADVANCED_FACE ( 'NONE', ( #2038 ), #2879, .T. ) ;
#8511 = VERTEX_POINT ( 'NONE', #10113 ) ;
#8512 = CARTESIAN_POINT ( 'NONE',  ( 0.000000000000000000, 117.5000000000000000, -8.000000000000015987 ) ) ;
#8513 = ORIENTED_EDGE ( 'NONE', *, *, #6980, .T. ) ;
#8514 = EDGE_CURVE ( 'NONE', #9243, #2863, #3826, .T. ) ;
#8515 = FACE_OUTER_BOUND ( 'NONE', #11784, .T. ) ;
#8516 = VECTOR ( 'NONE', #7845, 1000.000000000000000 ) ;
#8517 = CARTESIAN_POINT ( 'NONE',  ( 13.00000000000000178, 226.9999999999999716, -34.49999999999998579 ) ) ;
#8518 = CARTESIAN_POINT ( 'NONE',  ( 6.999999999999999112, 8.000000000000000000, -122.0000000000000000 ) ) ;
#8519 = DIRECTION ( 'NONE',  ( -1.000000000000000000, 0.000000000000000000, 0.000000000000000000 ) ) ;
#8520 = LINE ( 'NONE', #11274, #11616 ) ;
#8521 = ORIENTED_EDGE ( 'NONE', *, *, #742, .F. ) ;
#8522 = VECTOR ( 'NONE', #3312, 1000.000000000000000 ) ;
#8523 = DIRECTION ( 'NONE',  ( 0.000000000000000000, 1.000000000000000000, -0.000000000000000000 ) ) ;
#8524 = ADVANCED_FACE ( 'NONE', ( #7499 ), #136, .T. ) ;
#8525 = CIRCLE ( 'NONE', #1265, 3.000000000000009770 ) ;
#8526 = EDGE_CURVE ( 'NONE', #3040, #2278, #9104, .T. ) ;
#8527 = VERTEX_POINT ( 'NONE', #5624 ) ;
#8528 = LINE ( 'NONE', #1614, #10438 ) ;
#8529 = VECTOR ( 'NONE', #9013, 1000.000000000000000 ) ;
#8530 = CARTESIAN_POINT ( 'NONE',  ( 14.86869354863667247, 57.23783846392360886, -122.0000000000000000 ) ) ;
#8531 = ORIENTED_EDGE ( 'NONE', *, *, #8616, .T. ) ;
#8532 = CARTESIAN_POINT ( 'NONE',  ( 13.00000000000001421, 46.50000000000000000, -8.000000000000001776 ) ) ;
#8533 = LINE ( 'NONE', #5783, #1849 ) ;
#8534 = ORIENTED_EDGE ( 'NONE', *, *, #10455, .T. ) ;
#8535 = CIRCLE ( 'NONE', #1078, 5.500000000000032863 ) ;
#8536 = LINE ( 'NONE', #7646, #10636 ) ;
#8537 = CARTESIAN_POINT ( 'NONE',  ( 15.00000000000000355, 5.813654505068219791, -129.6600988239750052 ) ) ;
#8538 = ORIENTED_EDGE ( 'NONE', *, *, #8588, .T. ) ;
#8539 = CARTESIAN_POINT ( 'NONE',  ( 8.000000000000000000, 7.999999999999992895, -120.0000000000000284 ) ) ;
#8540 = FACE_OUTER_BOUND ( 'NONE', #7392, .T. ) ;
#8541 = EDGE_CURVE ( 'NONE', #2494, #5971, #9278, .T. ) ;
#8542 = CARTESIAN_POINT ( 'NONE',  ( -0.7500000000000006661, 232.0710678118654755, -0.7169191983608350638 ) ) ;
#8543 = AXIS2_PLACEMENT_3D ( 'NONE', #5503, #9983, #11 ) ;
#8544 = DIRECTION ( 'NONE',  ( 1.000000000000000000, -0.000000000000000000, -0.000000000000000000 ) ) ;
#8545 = FACE_OUTER_BOUND ( 'NONE', #11256, .T. ) ;
#8546 = CARTESIAN_POINT ( 'NONE',  ( 13.00000000000001066, 58.36627746275576101, -119.0767868613206986 ) ) ;
#8547 = EDGE_LOOP ( 'NONE', ( #9877, #1075, #5336, #3525 ) ) ;
#8548 = DIRECTION ( 'NONE',  ( -1.000000000000000000, -0.000000000000000000, -0.000000000000000000 ) ) ;
#8549 = EDGE_LOOP ( 'NONE', ( #2394, #11591, #1168, #10847 ) ) ;
#8550 = CARTESIAN_POINT ( 'NONE',  ( 0.000000000000000000, 8.496496751003460758E-15, -95.50000000000001421 ) ) ;
#8551 = VECTOR ( 'NONE', #9966, 1000.000000000000000 ) ;
#8552 = DIRECTION ( 'NONE',  ( 0.000000000000000000, 0.000000000000000000, 1.000000000000000000 ) ) ;
#8553 = VERTEX_POINT ( 'NONE', #4478 ) ;
#8554 = EDGE_CURVE ( 'NONE', #2971, #10185, #8102, .T. ) ;
#8556 = ORIENTED_EDGE ( 'NONE', *, *, #879, .F. ) ;
#8555 = CARTESIAN_POINT ( 'NONE',  ( 0.000000000000000000, 9.550326329284061444, -130.0000000000000284 ) ) ;
#8557 = VECTOR ( 'NONE', #11425, 1000.000000000000000 ) ;
#8558 = VECTOR ( 'NONE', #7467, 1000.000000000000114 ) ;
#8559 = DIRECTION ( 'NONE',  ( -1.267377881992188131E-16, -1.000000000000000000, -1.267377881992188131E-16 ) ) ;
#8560 = VECTOR ( 'NONE', #11242, 1000.000000000000000 ) ;
#8561 = CARTESIAN_POINT ( 'NONE',  ( 7.990000000000000213, 219.7500000000000284, -52.50000000000000711 ) ) ;
#8562 = CARTESIAN_POINT ( 'NONE',  ( -0.000000000000000000, 1.289136877557392813, -3.107884886185985351 ) ) ;
#8563 = DIRECTION ( 'NONE',  ( -1.267377881992188131E-16, -1.000000000000000000, -1.267377881992188131E-16 ) ) ;
#8564 = CARTESIAN_POINT ( 'NONE',  ( 8.000000000000000000, 62.73828822863980292, -111.9800000000000182 ) ) ;
#8565 = FACE_OUTER_BOUND ( 'NONE', #4000, .T. ) ;
#8566 = VERTEX_POINT ( 'NONE', #8139 ) ;
#8567 = EDGE_CURVE ( 'NONE', #4822, #9363, #5669, .T. ) ;
#8568 = ORIENTED_EDGE ( 'NONE', *, *, #5079, .F. ) ;
#8569 = CARTESIAN_POINT ( 'NONE',  ( 16.00000000000000000, 130.8480050152814158, -40.61255645757714916 ) ) ;
#8570 = ORIENTED_EDGE ( 'NONE', *, *, #9702, .F. ) ;
#8571 = CIRCLE ( 'NONE', #11419, 5.500000000000032863 ) ;
#8572 = CIRCLE ( 'NONE', #2840, 3.000000000000002665 ) ;
#8573 = CARTESIAN_POINT ( 'NONE',  ( 8.000000000000000000, 7.999999999999992895, -63.00000000000001421 ) ) ;
#8574 = FACE_OUTER_BOUND ( 'NONE', #8865, .T. ) ;
#8575 = VECTOR ( 'NONE', #1760, 1000.000000000000000 ) ;
#8576 = LINE ( 'NONE', #1433, #5900 ) ;
#8577 = ORIENTED_EDGE ( 'NONE', *, *, #181, .T. ) ;
#8578 = EDGE_CURVE ( 'NONE', #11486, #7907, #2946, .T. ) ;
#8579 = FILL_AREA_STYLE ('',( #6058 ) ) ;
#8580 = ORIENTED_EDGE ( 'NONE', *, *, #8588, .F. ) ;
#8581 = EDGE_LOOP ( 'NONE', ( #11466, #10293, #2774, #4477 ) ) ;
#8582 = EDGE_CURVE ( 'NONE', #6284, #5333, #9803, .T. ) ;
#8583 = DIRECTION ( 'NONE',  ( 0.000000000000000000, 0.000000000000000000, 1.000000000000000000 ) ) ;
#8584 = ORIENTED_EDGE ( 'NONE', *, *, #5381, .F. ) ;
#8585 = DIRECTION ( 'NONE',  ( 1.000000000000000000, 0.000000000000000000, 0.000000000000000000 ) ) ;
#8586 = LINE ( 'NONE', #6008, #4888 ) ;
#8587 = VECTOR ( 'NONE', #1410, 1000.000000000000000 ) ;
#8588 = EDGE_CURVE ( 'NONE', #4865, #6458, #3310, .T. ) ;
#8589 = ORIENTED_EDGE ( 'NONE', *, *, #3769, .T. ) ;
#8590 = ADVANCED_FACE ( 'NONE', ( #3586, #1860 ), #199, .T. ) ;
#8591 = DIRECTION ( 'NONE',  ( 1.000000000000000000, -0.000000000000000000, -0.000000000000000000 ) ) ;
#8592 = ORIENTED_EDGE ( 'NONE', *, *, #6262, .F. ) ;
#8593 = CARTESIAN_POINT ( 'NONE',  ( 14.99999999999999822, 7.888182313287003034, -129.9506861822190729 ) ) ;
#8594 = ORIENTED_EDGE ( 'NONE', *, *, #11404, .F. ) ;
#8595 = CARTESIAN_POINT ( 'NONE',  ( 8.000000000000000000, 18.00000000000000000, -77.50000000000008527 ) ) ;
#8596 = DIRECTION ( 'NONE',  ( 0.000000000000000000, 1.000000000000000000, 1.267377881992188131E-16 ) ) ;
#8597 = VECTOR ( 'NONE', #7692, 1000.000000000000000 ) ;
#8598 = DIRECTION ( 'NONE',  ( 1.000000000000000000, -0.000000000000000000, -0.000000000000000000 ) ) ;
#8599 = CARTESIAN_POINT ( 'NONE',  ( 14.86869354863676307, 102.9080050152813897, -40.61255645757714916 ) ) ;
#8600 = CARTESIAN_POINT ( 'NONE',  ( 15.00000000000000000, 226.9999999999999716, -121.9999999999999716 ) ) ;
#8601 = ORIENTED_EDGE ( 'NONE', *, *, #10520, .F. ) ;
#8602 = ADVANCED_FACE ( 'NONE', ( #5444 ), #903, .T. ) ;
#8603 = CARTESIAN_POINT ( 'NONE',  ( 15.00000000000000355, 3.107884886184406170, -1.289136877559703631 ) ) ;
#8604 = VERTEX_POINT ( 'NONE', #3649 ) ;
#8605 = FACE_OUTER_BOUND ( 'NONE', #9866, .T. ) ;
#8606 = AXIS2_PLACEMENT_3D ( 'NONE', #677, #9388, #8808 ) ;
#8607 = DIRECTION ( 'NONE',  ( 0.000000000000000000, -1.000000000000000000, 0.000000000000000000 ) ) ;
#8608 = ORIENTED_EDGE ( 'NONE', *, *, #9533, .F. ) ;
#8609 = FACE_OUTER_BOUND ( 'NONE', #6525, .T. ) ;
#8611 = ORIENTED_EDGE ( 'NONE', *, *, #8484, .F. ) ;
#8610 = CARTESIAN_POINT ( 'NONE',  ( -0.000000000000000000, 0.04853950053084803151, -122.1001598129786032 ) ) ;
#8612 = CONICAL_SURFACE ( 'NONE', #5558, 3.000000000000009770, 0.3490658503988593453 ) ;
#8613 = CARTESIAN_POINT ( 'NONE',  ( -0.000000000000000000, 234.7025323094943587, -123.9925641691401523 ) ) ;
#8614 = DIRECTION ( 'NONE',  ( 0.9396926207859102043, -0.000000000000000000, -0.3420201433256638834 ) ) ;
#8615 = CARTESIAN_POINT ( 'NONE',  ( 0.000000000000000000, 9.999999999999992895, 0.000000000000000000 ) ) ;
#8616 = EDGE_CURVE ( 'NONE', #8423, #10136, #4655, .T. ) ;
#8617 = LINE ( 'NONE', #11313, #9865 ) ;
#8618 = CARTESIAN_POINT ( 'NONE',  ( 0.000000000000000000, 8.496496751003460758E-15, -10.00000000000001421 ) ) ;
#8619 = DIRECTION ( 'NONE',  ( 0.000000000000000000, 0.000000000000000000, 1.000000000000000000 ) ) ;
#8620 = ORIENTED_EDGE ( 'NONE', *, *, #138, .T. ) ;
#8621 = DIRECTION ( 'NONE',  ( -1.000000000000000000, -0.000000000000000000, -0.000000000000000000 ) ) ;
#8622 = ORIENTED_EDGE ( 'NONE', *, *, #8050, .F. ) ;
#8623 = DIRECTION ( 'NONE',  ( 0.000000000000000000, 0.000000000000000000, 1.000000000000000000 ) ) ;
#8624 = ORIENTED_EDGE ( 'NONE', *, *, #9820, .F. ) ;
#8625 = AXIS2_PLACEMENT_3D ( 'NONE', #5314, #5435, #3577 ) ;
#8626 = DIRECTION ( 'NONE',  ( 1.000000000000000000, 0.000000000000000000, 0.000000000000000000 ) ) ;
#8627 = EDGE_CURVE ( 'NONE', #9982, #5910, #5507, .T. ) ;
#8628 = DIRECTION ( 'NONE',  ( -1.000000000000000000, -0.000000000000000000, -0.000000000000000000 ) ) ;
#8629 = EDGE_CURVE ( 'NONE', #8211, #9801, #2180, .T. ) ;
#8630 = CARTESIAN_POINT ( 'NONE',  ( 16.00000000000000000, 154.4716895539514496, -17.45788136388649292 ) ) ;
#8631 = ORIENTED_EDGE ( 'NONE', *, *, #507, .T. ) ;
#8632 = DIRECTION ( 'NONE',  ( 1.000000000000000000, 0.000000000000000000, 0.000000000000000000 ) ) ;
#8633 = ORIENTED_EDGE ( 'NONE', *, *, #11643, .T. ) ;
#8634 = CARTESIAN_POINT ( 'NONE',  ( 56.31128874149275276, 55.99339401947915462, -130.0000000000000000 ) ) ;
#8635 = AXIS2_PLACEMENT_3D ( 'NONE', #4312, #8157, #11808 ) ;
#8636 = EDGE_CURVE ( 'NONE', #11204, #10102, #841, .T. ) ;
#8637 = CARTESIAN_POINT ( 'NONE',  ( 13.00000000000000178, 226.9999999999999716, -95.49999999999998579 ) ) ;
#8638 = CARTESIAN_POINT ( 'NONE',  ( 14.77194494771420175, 63.81439012175005132, -130.0000000000000000 ) ) ;
#8639 = CIRCLE ( 'NONE', #7699, 5.500000000000032863 ) ;
#8640 = ORIENTED_EDGE ( 'NONE', *, *, #8703, .T. ) ;
#8641 = CARTESIAN_POINT ( 'NONE',  ( 12.99999999999998757, 119.5000000000000284, -34.50000000000000000 ) ) ;
#8642 = CARTESIAN_POINT ( 'NONE',  ( 0.000000000000000000, 78.99999999999998579, -67.00000000000000000 ) ) ;
#8643 = EDGE_LOOP ( 'NONE', ( #3379, #5272, #1773, #1901 ) ) ;
#8644 = CARTESIAN_POINT ( 'NONE',  ( 15.75000000000000000, 235.0000000000000000, -6.636038969321060854 ) ) ;
#8645 = CARTESIAN_POINT ( 'NONE',  ( -0.000000000000000000, 234.9840755038905229, -8.398604535849514718 ) ) ;
#8646 = ORIENTED_EDGE ( 'NONE', *, *, #10466, .F. ) ;
#8647 = LINE ( 'NONE', #9054, #10002 ) ;
#8648 = EDGE_CURVE ( 'NONE', #7939, #4494, #5005, .T. ) ;
#8649 = FACE_OUTER_BOUND ( 'NONE', #1062, .T. ) ;
#8650 = ORIENTED_EDGE ( 'NONE', *, *, #4736, .F. ) ;
#8651 = DIRECTION ( 'NONE',  ( 0.000000000000000000, 0.000000000000000000, 1.000000000000000000 ) ) ;
#8652 = CARTESIAN_POINT ( 'NONE',  ( 6.999999999999999112, 8.000000000000000000, -8.000000000000028422 ) ) ;
#8653 = LINE ( 'NONE', #11401, #7689 ) ;
#8654 = EDGE_CURVE ( 'NONE', #6813, #5029, #9567, .T. ) ;
#8655 = LINE ( 'NONE', #459, #8135 ) ;
#8656 = DIRECTION ( 'NONE',  ( 1.000000000000000000, -0.000000000000000000, -0.000000000000000000 ) ) ;
#8657 = DIRECTION ( 'NONE',  ( 0.000000000000000000, 1.000000000000000000, 1.267377881992188131E-16 ) ) ;
#8658 = CIRCLE ( 'NONE', #2179, 2.750000000000002665 ) ;
#8659 = DIRECTION ( 'NONE',  ( -0.7068436752707133452, -0.7026365502154134912, -0.08169392285337390147 ) ) ;
#8660 = ORIENTED_EDGE ( 'NONE', *, *, #1282, .F. ) ;
#8661 = CARTESIAN_POINT ( 'NONE',  ( 8.000000000000007105, 192.5000000000000000, -62.99999999999998579 ) ) ;
#8662 = AXIS2_PLACEMENT_3D ( 'NONE', #4427, #7911, #4241 ) ;
#8663 = CARTESIAN_POINT ( 'NONE',  ( 8.000000000000000000, 57.32996131544378926, -107.4800000000000040 ) ) ;
#8664 = EDGE_LOOP ( 'NONE', ( #2654, #11630, #1585, #9845, #10995 ) ) ;
#8665 = EDGE_CURVE ( 'NONE', #4644, #485, #1252, .T. ) ;
#8666 = EDGE_CURVE ( 'NONE', #10718, #4978, #2157, .T. ) ;
#8667 = AXIS2_PLACEMENT_3D ( 'NONE', #3909, #5821, #3787 ) ;
#8668 = CARTESIAN_POINT ( 'NONE',  ( 14.86869354863678439, 73.10504876423827625, -21.51360740926764592 ) ) ;
#8669 = AXIS2_PLACEMENT_3D ( 'NONE', #4597, #8254, #74 ) ;
#8670 = FACE_OUTER_BOUND ( 'NONE', #8167, .T. ) ;
#8671 = PLANE ( 'NONE',  #7903 ) ;
#8672 = DIRECTION ( 'NONE',  ( 0.000000000000000000, 0.000000000000000000, 1.000000000000000000 ) ) ;
#8673 = DIRECTION ( 'NONE',  ( -0.000000000000000000, -0.07710059492488814670, -0.9970233188156776283 ) ) ;
#8674 = DIRECTION ( 'NONE',  ( -1.000000000000000000, -0.000000000000000000, -0.000000000000000000 ) ) ;
#8675 = LINE ( 'NONE', #10192, #6903 ) ;
#8676 = ORIENTED_EDGE ( 'NONE', *, *, #8260, .T. ) ;
#8677 = VERTEX_POINT ( 'NONE', #9340 ) ;
#8678 = DIRECTION ( 'NONE',  ( 1.000000000000000000, 0.000000000000000000, 0.000000000000000000 ) ) ;
#8679 = VECTOR ( 'NONE', #7062, 1000.000000000000000 ) ;
#8680 = AXIS2_PLACEMENT_3D ( 'NONE', #5224, #5956, #2420 ) ;
#8681 = EDGE_CURVE ( 'NONE', #232, #8460, #3163, .T. ) ;
#8682 = LINE ( 'NONE', #3409, #8516 ) ;
#8683 = AXIS2_PLACEMENT_3D ( 'NONE', #2808, #6472, #3760 ) ;
#8684 = CIRCLE ( 'NONE', #11749, 2.750000000000002665 ) ;
#8685 = LINE ( 'NONE', #6848, #3297 ) ;
#8686 = CARTESIAN_POINT ( 'NONE',  ( 13.00000000000001421, 119.5000000000000000, -8.000000000000001776 ) ) ;
#8687 = ORIENTED_EDGE ( 'NONE', *, *, #7226, .T. ) ;
#8688 = ORIENTED_EDGE ( 'NONE', *, *, #8636, .F. ) ;
#8689 = ORIENTED_EDGE ( 'NONE', *, *, #11700, .T. ) ;
#8690 = LINE ( 'NONE', #6912, #10462 ) ;
#8691 = ORIENTED_EDGE ( 'NONE', *, *, #8693, .F. ) ;
#8692 = VECTOR ( 'NONE', #4544, 1000.000000000000000 ) ;
#8693 = EDGE_CURVE ( 'NONE', #2019, #9441, #2994, .T. ) ;
#8694 = ORIENTED_EDGE ( 'NONE', *, *, #2130, .F. ) ;
#8695 = DIRECTION ( 'NONE',  ( -1.000000000000000000, -0.000000000000000000, -0.000000000000000000 ) ) ;
#8696 = ORIENTED_EDGE ( 'NONE', *, *, #2524, .F. ) ;
#8697 = CIRCLE ( 'NONE', #6621, 2.750000000000002665 ) ;
#8698 = CARTESIAN_POINT ( 'NONE',  ( 14.86869354863678439, 203.4716895539514780, -20.45788136388648581 ) ) ;
#8699 = PLANE ( 'NONE',  #137 ) ;
#8700 = ORIENTED_EDGE ( 'NONE', *, *, #1861, .F. ) ;
#8701 = DIRECTION ( 'NONE',  ( 0.000000000000000000, 0.000000000000000000, 1.000000000000000000 ) ) ;
#8702 = EDGE_LOOP ( 'NONE', ( #10325, #6671 ) ) ;
#8703 = EDGE_CURVE ( 'NONE', #3952, #10557, #4458, .T. ) ;
#8704 = VERTEX_POINT ( 'NONE', #6828 ) ;
#8705 = CARTESIAN_POINT ( 'NONE',  ( 16.00000000000000000, 154.4716895539514496, -75.45788136388650003 ) ) ;
#8706 = CARTESIAN_POINT ( 'NONE',  ( 8.000000000000000000, 0.000000000000000000, 0.000000000000000000 ) ) ;
#8707 = EDGE_CURVE ( 'NONE', #2956, #3949, #3998, .T. ) ;
#8708 = AXIS2_PLACEMENT_3D ( 'NONE', #4450, #9903, #7231 ) ;
#8709 = DIRECTION ( 'NONE',  ( 0.000000000000000000, 1.000000000000000000, 1.267377881992188131E-16 ) ) ;
#8710 = AXIS2_PLACEMENT_3D ( 'NONE', #11706, #6142, #9777 ) ;
#8711 = DIRECTION ( 'NONE',  ( 0.000000000000000000, 0.000000000000000000, 1.000000000000000000 ) ) ;
#8712 = DIRECTION ( 'NONE',  ( -1.000000000000000000, -0.000000000000000000, -0.000000000000000000 ) ) ;
#8713 = ORIENTED_EDGE ( 'NONE', *, *, #2266, .F. ) ;
#8714 = DIRECTION ( 'NONE',  ( -1.000000000000000000, -0.000000000000000000, -0.000000000000000000 ) ) ;
#8715 = VERTEX_POINT ( 'NONE', #8663 ) ;
#8716 = CARTESIAN_POINT ( 'NONE',  ( 5.839999999999999858, 154.4716895539514496, -75.45788136388650003 ) ) ;
#8717 = EDGE_CURVE ( 'NONE', #5984, #10448, #471, .T. ) ;
#8718 = CARTESIAN_POINT ( 'NONE',  ( 12.99999999999999289, 152.0000000000000284, -38.50000000000000000 ) ) ;
#8719 = AXIS2_PLACEMENT_3D ( 'NONE', #10419, #9286, #6730 ) ;
#8720 = EDGE_LOOP ( 'NONE', ( #10353, #7605 ) ) ;
#8722 = VERTEX_POINT ( 'NONE', #8434 ) ;
#8721 = FACE_OUTER_BOUND ( 'NONE', #1495, .T. ) ;
#8723 = ADVANCED_FACE ( 'NONE', ( #9402 ), #11189, .F. ) ;
#8724 = CARTESIAN_POINT ( 'NONE',  ( -0.000000000000000000, 229.4776538899481864, -129.5901580875277546 ) ) ;
#8725 = DIRECTION ( 'NONE',  ( 0.000000000000000000, 1.000000000000000000, 1.267377881992188131E-16 ) ) ;
#8726 = CARTESIAN_POINT ( 'NONE',  ( 0.000000000000000000, 0.000000000000000000, 0.000000000000000000 ) ) ;
#8727 = VERTEX_POINT ( 'NONE', #6721 ) ;
#8728 = DIRECTION ( 'NONE',  ( 0.000000000000000000, 0.000000000000000000, 1.000000000000000000 ) ) ;
#8729 = DIRECTION ( 'NONE',  ( 0.000000000000000000, 0.000000000000000000, 1.000000000000000000 ) ) ;
#8730 = ORIENTED_EDGE ( 'NONE', *, *, #3612, .T. ) ;
#8731 = EDGE_CURVE ( 'NONE', #3390, #4305, #1360, .T. ) ;
#8732 = ORIENTED_EDGE ( 'NONE', *, *, #9553, .T. ) ;
#8733 = DIRECTION ( 'NONE',  ( 0.000000000000000000, 0.000000000000000000, -1.000000000000000000 ) ) ;
#8734 = EDGE_CURVE ( 'NONE', #1630, #10594, #10463, .T. ) ;
#8735 = ORIENTED_EDGE ( 'NONE', *, *, #7679, .F. ) ;
#8736 = CIRCLE ( 'NONE', #3192, 0.8890000000000009006 ) ;
#8737 = VECTOR ( 'NONE', #7988, 1000.000000000000000 ) ;
#8738 = CARTESIAN_POINT ( 'NONE',  ( 6.999999999999999112, 120.2500000000000000, -8.000000000000015987 ) ) ;
#8739 = DIRECTION ( 'NONE',  ( 0.000000000000000000, 0.000000000000000000, -1.000000000000000000 ) ) ;
#8740 = DIRECTION ( 'NONE',  ( 0.000000000000000000, 1.000000000000000000, -0.000000000000000000 ) ) ;
#8741 = CIRCLE ( 'NONE', #918, 6.119999999999986784 ) ;
#8742 = ORIENTED_EDGE ( 'NONE', *, *, #1049, .T. ) ;
#8743 = ORIENTED_EDGE ( 'NONE', *, *, #7513, .T. ) ;
#8744 = AXIS2_PLACEMENT_3D ( 'NONE', #10907, #610, #4371 ) ;
#8745 = VERTEX_POINT ( 'NONE', #1193 ) ;
#8746 = CIRCLE ( 'NONE', #3590, 6.120000000000000107 ) ;
#8747 = ADVANCED_FACE ( 'NONE', ( #7769 ), #7716, .T. ) ;
#8748 = PLANE ( 'NONE',  #2068 ) ;
#8749 = VERTEX_POINT ( 'NONE', #3106 ) ;
#8750 = PLANE ( 'NONE',  #6510 ) ;
#8751 = ORIENTED_EDGE ( 'NONE', *, *, #9171, .T. ) ;
#8752 = VECTOR ( 'NONE', #656, 1000.000000000000114 ) ;
#8753 = CIRCLE ( 'NONE', #733, 0.8890000000000009006 ) ;
#8754 = AXIS2_PLACEMENT_3D ( 'NONE', #6877, #5052, #10561 ) ;
#8755 = DIRECTION ( 'NONE',  ( 1.000000000000000000, -0.000000000000000000, -0.000000000000000000 ) ) ;
#8756 = PLANE ( 'NONE',  #3855 ) ;
#8757 = PRODUCT_CONTEXT ( 'NONE', #3858, 'mechanical' ) ;
#8758 = DIRECTION ( 'NONE',  ( 0.000000000000000000, 1.000000000000000000, -0.000000000000000000 ) ) ;
#8759 = DIRECTION ( 'NONE',  ( 1.217349807703022609E-16, 0.000000000000000000, 1.000000000000000000 ) ) ;
#8760 = ADVANCED_FACE ( 'NONE', ( #6772 ), #10408, .T. ) ;
#8761 = CARTESIAN_POINT ( 'NONE',  ( -0.000000000000000000, 227.0603914069625375, -0.04596212221934827674 ) ) ;
#8762 = VECTOR ( 'NONE', #959, 1000.000000000000000 ) ;
#8763 = VERTEX_POINT ( 'NONE', #415 ) ;
#8764 = LINE ( 'NONE', #4199, #7917 ) ;
#8765 =( GEOMETRIC_REPRESENTATION_CONTEXT ( 3 ) GLOBAL_UNCERTAINTY_ASSIGNED_CONTEXT ( ( #11593 ) ) GLOBAL_UNIT_ASSIGNED_CONTEXT ( ( #7414, #3800, #11042 ) ) REPRESENTATION_CONTEXT ( 'NONE', 'WORKASPACE' ) );
#8766 = LINE ( 'NONE', #6079, #11376 ) ;
#8767 = VECTOR ( 'NONE', #10888, 1000.000000000000000 ) ;
#8768 = LINE ( 'NONE', #3498, #6908 ) ;
#8769 = EDGE_CURVE ( 'NONE', #8910, #7691, #4836, .T. ) ;
#8770 = CARTESIAN_POINT ( 'NONE',  ( 14.86869354863676307, 130.8480050152814158, -43.61255645757716337 ) ) ;
#8771 = DIRECTION ( 'NONE',  ( 1.000000000000000000, 0.000000000000000000, 0.000000000000000000 ) ) ;
#8772 = CARTESIAN_POINT ( 'NONE',  ( 15.00000000000000000, 0.3358105694561936971, -5.831711049885523579 ) ) ;
#8773 = VERTEX_POINT ( 'NONE', #5914 ) ;
#8774 = DIRECTION ( 'NONE',  ( -1.000000000000000000, 0.000000000000000000, 0.000000000000000000 ) ) ;
#8775 = VERTEX_POINT ( 'NONE', #3886 ) ;
#8776 = LINE ( 'NONE', #3323, #10021 ) ;
#8777 = AXIS2_PLACEMENT_3D ( 'NONE', #6933, #7875, #700 ) ;
#8778 = ORIENTED_EDGE ( 'NONE', *, *, #7993, .F. ) ;
#8780 = ORIENTED_EDGE ( 'NONE', *, *, #9474, .T. ) ;
#8779 = CARTESIAN_POINT ( 'NONE',  ( 15.00000000000000000, 8.000000000000000000, -122.0000000000000000 ) ) ;
#8781 = ADVANCED_FACE ( 'NONE', ( #7552 ), #10294, .F. ) ;
#8782 = CARTESIAN_POINT ( 'NONE',  ( -0.000000000000000000, 227.1118176867160514, -129.9506861822195276 ) ) ;
#8783 = CIRCLE ( 'NONE', #8606, 1.142999999999991356 ) ;
#8784 = LINE ( 'NONE', #7952, #3309 ) ;
#8785 = EDGE_LOOP ( 'NONE', ( #1798, #11500, #8982, #4252 ) ) ;
#8786 = CARTESIAN_POINT ( 'NONE',  ( 8.000000000000000000, 224.9999999999999147, -62.99999999999998579 ) ) ;
#8787 = ORIENTED_EDGE ( 'NONE', *, *, #6847, .F. ) ;
#8788 = CARTESIAN_POINT ( 'NONE',  ( 16.00000000000000000, 203.4716895539514780, -75.45788136388648581 ) ) ;
#8789 = LINE ( 'NONE', #8018, #6473 ) ;
#8790 = ORIENTED_EDGE ( 'NONE', *, *, #11601, .F. ) ;
#8791 = EDGE_LOOP ( 'NONE', ( #4158, #4923, #10921, #670 ) ) ;
#8792 = CARTESIAN_POINT ( 'NONE',  ( 6.999999999999999112, 8.000000000000000000, -122.0000000000000000 ) ) ;
#8793 = EDGE_CURVE ( 'NONE', #10180, #7909, #10687, .T. ) ;
#8794 = VERTEX_POINT ( 'NONE', #8064 ) ;
#8795 = CIRCLE ( 'NONE', #6123, 6.119999999999998330 ) ;
#8796 = CARTESIAN_POINT ( 'NONE',  ( 56.31128874149275276, 30.73828822863980292, -103.4799999999999898 ) ) ;
#8797 = ADVANCED_FACE ( 'NONE', ( #5238, #7942 ), #581, .T. ) ;
#8798 = CARTESIAN_POINT ( 'NONE',  ( 16.00000000000000000, 73.10504876423827625, -24.51360740926764592 ) ) ;
#8799 = CARTESIAN_POINT ( 'NONE',  ( 8.000000000000000000, 107.9861055670181429, -38.50000000000000711 ) ) ;
#8800 = PLANE ( 'NONE',  #7028 ) ;
#8801 = CARTESIAN_POINT ( 'NONE',  ( 5.839999999999999858, 62.73828822863980292, -105.5909999999999940 ) ) ;
#8802 = CIRCLE ( 'NONE', #5363, 6.120000000000014317 ) ;
#8803 = EDGE_LOOP ( 'NONE', ( #2212, #1851, #641, #10338 ) ) ;
#8804 = EDGE_LOOP ( 'NONE', ( #2892, #4219, #9785, #2998 ) ) ;
#8805 = ORIENTED_EDGE ( 'NONE', *, *, #8769, .F. ) ;
#8806 = CARTESIAN_POINT ( 'NONE',  ( 5.839999999999999858, 62.73828822863980292, -54.59099999999998687 ) ) ;
#8807 = ORIENTED_EDGE ( 'NONE', *, *, #7728, .F. ) ;
#8808 = DIRECTION ( 'NONE',  ( 0.000000000000000000, 0.000000000000000000, -1.000000000000000000 ) ) ;
#8809 = ORIENTED_EDGE ( 'NONE', *, *, #4753, .T. ) ;
#8810 = AXIS2_PLACEMENT_3D ( 'NONE', #4379, #10855, #4561 ) ;
#8811 = ADVANCED_FACE ( 'NONE', ( #7178 ), #9246, .T. ) ;
#8812 = EDGE_CURVE ( 'NONE', #2747, #5722, #6992, .T. ) ;
#8813 = VERTEX_POINT ( 'NONE', #11469 ) ;
#8814 = CARTESIAN_POINT ( 'NONE',  ( 12.59855834899779303, 133.3332945514567029, -95.50000000000004263 ) ) ;
#8815 = VERTEX_POINT ( 'NONE', #1655 ) ;
#8816 = DIRECTION ( 'NONE',  ( 0.000000000000000000, 0.000000000000000000, 1.000000000000000000 ) ) ;
#8817 = CARTESIAN_POINT ( 'NONE',  ( 15.00000000000000000, 229.1863454949335335, -0.3399011760275140737 ) ) ;
#8818 = DIRECTION ( 'NONE',  ( -1.000000000000000000, 0.000000000000000000, 2.434699615406045218E-16 ) ) ;
#8819 = CARTESIAN_POINT ( 'NONE',  ( -0.000000000000000000, 234.9506861822188739, -7.888182313283493841 ) ) ;
#8820 = EDGE_LOOP ( 'NONE', ( #4690, #998, #3687, #7635 ) ) ;
#8821 = DIRECTION ( 'NONE',  ( 0.000000000000000000, 0.000000000000000000, 1.000000000000000000 ) ) ;
#8822 = ADVANCED_FACE ( 'NONE', ( #1589 ), #7877, .F. ) ;
#8823 = VECTOR ( 'NONE', #4991, 1000.000000000000114 ) ;
#8824 = LINE ( 'NONE', #10676, #140 ) ;
#8825 = FACE_BOUND ( 'NONE', #9341, .T. ) ;
#8826 = DIRECTION ( 'NONE',  ( 0.7071067811865473507, -0.7050019497356829756, -0.05451835350490553261 ) ) ;
#8827 = DIRECTION ( 'NONE',  ( -2.434699615406045218E-16, 0.000000000000000000, -1.000000000000000000 ) ) ;
#8828 = ORIENTED_EDGE ( 'NONE', *, *, #6419, .T. ) ;
#8829 = CARTESIAN_POINT ( 'NONE',  ( 12.99999999999999645, 152.0000000000000000, -78.18446276741022416 ) ) ;
#8830 = VERTEX_POINT ( 'NONE', #11712 ) ;
#8831 = PLANE ( 'NONE',  #4956 ) ;
#8832 = VERTEX_POINT ( 'NONE', #2434 ) ;
#8833 = FACE_OUTER_BOUND ( 'NONE', #2725, .T. ) ;
#8834 = VECTOR ( 'NONE', #9031, 1000.000000000000000 ) ;
#8835 = ADVANCED_FACE ( 'NONE', ( #3447 ), #7153, .T. ) ;
#8836 = ORIENTED_EDGE ( 'NONE', *, *, #2455, .T. ) ;
#8837 = CARTESIAN_POINT ( 'NONE',  ( 24.00000000000000000, 39.65328822863979497, 0.000000000000000000 ) ) ;
#8838 = EDGE_CURVE ( 'NONE', #8423, #1521, #5968, .T. ) ;
#8840 = ORIENTED_EDGE ( 'NONE', *, *, #8345, .F. ) ;
#8839 = DIRECTION ( 'NONE',  ( 0.000000000000000000, 1.267377881992188131E-16, -1.000000000000000000 ) ) ;
#8841 = DIRECTION ( 'NONE',  ( -1.000000000000000000, 0.000000000000000000, 0.000000000000000000 ) ) ;
#8842 = CARTESIAN_POINT ( 'NONE',  ( -0.000000000000000000, 234.7310049565695920, -123.8536590320672559 ) ) ;
#8843 = LINE ( 'NONE', #2567, #4028 ) ;
#8844 = AXIS2_PLACEMENT_3D ( 'NONE', #11203, #9413, #9529 ) ;
#8845 = CARTESIAN_POINT ( 'NONE',  ( 8.000000000000000000, 219.2540333075851322, -9.999999999999985789 ) ) ;
#8846 = VERTEX_POINT ( 'NONE', #4402 ) ;
#8847 = CARTESIAN_POINT ( 'NONE',  ( 6.999999999999999112, 226.9999999999999716, -8.000000000000001776 ) ) ;
#8848 = ORIENTED_EDGE ( 'NONE', *, *, #6448, .F. ) ;
#8849 = CARTESIAN_POINT ( 'NONE',  ( 12.99999999999998579, 102.9080050152813897, -40.61255645757714916 ) ) ;
#8850 = CARTESIAN_POINT ( 'NONE',  ( 12.99999999999998757, 109.7540333075851322, -120.0000000000000142 ) ) ;
#8851 = ORIENTED_EDGE ( 'NONE', *, *, #5108, .T. ) ;
#8852 = ORIENTED_EDGE ( 'NONE', *, *, #7698, .T. ) ;
#8853 = PLANE ( 'NONE',  #4648 ) ;
#8854 = EDGE_CURVE ( 'NONE', #219, #8727, #5176, .T. ) ;
#8855 = ORIENTED_EDGE ( 'NONE', *, *, #10378, .F. ) ;
#8856 = AXIS2_PLACEMENT_3D ( 'NONE', #330, #3845, #10427 ) ;
#8857 = VECTOR ( 'NONE', #10893, 1000.000000000000000 ) ;
#8858 = LINE ( 'NONE', #10485, #5051 ) ;
#8859 = CARTESIAN_POINT ( 'NONE',  ( 16.00000000000000000, 203.4716895539514780, -17.45788136388648581 ) ) ;
#8860 = FACE_OUTER_BOUND ( 'NONE', #5322, .T. ) ;
#8861 = VECTOR ( 'NONE', #5012, 1000.000000000000000 ) ;
#8862 = AXIS2_PLACEMENT_3D ( 'NONE', #3931, #1345, #2144 ) ;
#8863 = CARTESIAN_POINT ( 'NONE',  ( 8.000000000000000000, 26.73828822863974253, -20.51360740926767079 ) ) ;
#8864 = CARTESIAN_POINT ( 'NONE',  ( 0.000000000000000000, 7.979415714894989776E-15, -120.0000000000000284 ) ) ;
#8865 = EDGE_LOOP ( 'NONE', ( #10653, #6576, #10913, #3398 ) ) ;
#8866 = ORIENTED_EDGE ( 'NONE', *, *, #7088, .F. ) ;
#8867 = ORIENTED_EDGE ( 'NONE', *, *, #4374, .T. ) ;
#8868 = CARTESIAN_POINT ( 'NONE',  ( -0.7500000000000006661, 6.636038969321073289, 3.903127820947815962E-16 ) ) ;
#8869 = DIRECTION ( 'NONE',  ( -1.000000000000000000, 0.000000000000000000, 0.000000000000000000 ) ) ;
#8870 = ORIENTED_EDGE ( 'NONE', *, *, #9253, .T. ) ;
#8871 = ADVANCED_FACE ( 'NONE', ( #8962 ), #640, .T. ) ;
#8872 = DIRECTION ( 'NONE',  ( -1.000000000000000000, 0.000000000000000000, 0.000000000000000000 ) ) ;
#8873 = CIRCLE ( 'NONE', #5627, 2.750000000000002665 ) ;
#8874 = ORIENTED_EDGE ( 'NONE', *, *, #1071, .F. ) ;
#8875 = DIRECTION ( 'NONE',  ( 0.000000000000000000, 1.000000000000000000, 1.267377881992188131E-16 ) ) ;
#8876 = DIRECTION ( 'NONE',  ( -2.434699615406045218E-16, 0.000000000000000000, -1.000000000000000000 ) ) ;
#8877 = DIRECTION ( 'NONE',  ( 0.000000000000000000, 0.1537070062818648997, -0.9881164689548832536 ) ) ;
#8878 = DIRECTION ( 'NONE',  ( -2.434699615406045218E-16, 0.000000000000000000, -1.000000000000000000 ) ) ;
#8879 = CARTESIAN_POINT ( 'NONE',  ( 26.28603933218482069, 53.93724889645501008, -118.4238295060601871 ) ) ;
#8880 = VERTEX_POINT ( 'NONE', #8718 ) ;
#8881 = VECTOR ( 'NONE', #6745, 1000.000000000000000 ) ;
#8882 = EDGE_CURVE ( 'NONE', #11539, #690, #2764, .T. ) ;
#8883 = EDGE_LOOP ( 'NONE', ( #1159, #3798, #235, #7724 ) ) ;
#8884 = CARTESIAN_POINT ( 'NONE',  ( 12.99999999999997335, 10.00000000000006395, -95.50000000000001421 ) ) ;
#8885 = ADVANCED_FACE ( 'NONE', ( #8833 ), #6934, .T. ) ;
#8886 = VERTEX_POINT ( 'NONE', #7054 ) ;
#8887 = FACE_OUTER_BOUND ( 'NONE', #1020, .T. ) ;
#8888 = VECTOR ( 'NONE', #5450, 1000.000000000000000 ) ;
#8889 = DIRECTION ( 'NONE',  ( 0.000000000000000000, -1.000000000000000000, 0.000000000000000000 ) ) ;
#8890 = DIRECTION ( 'NONE',  ( 1.000000000000000000, 0.000000000000000000, 0.000000000000000000 ) ) ;
#8891 = CARTESIAN_POINT ( 'NONE',  ( 12.99999999999999822, 156.0000000000000000, -78.80568102659827900 ) ) ;
#8892 = DIRECTION ( 'NONE',  ( 0.000000000000000000, 0.000000000000000000, 1.000000000000000000 ) ) ;
#8893 = PLANE ( 'NONE',  #2247 ) ;
#8894 = ORIENTED_EDGE ( 'NONE', *, *, #6282, .T. ) ;
#8895 = FACE_OUTER_BOUND ( 'NONE', #7376, .T. ) ;
#8896 = EDGE_LOOP ( 'NONE', ( #8840, #9654 ) ) ;
#8897 = CARTESIAN_POINT ( 'NONE',  ( 0.000000000000000000, 7.979415714894989776E-15, -91.50000000000001421 ) ) ;
#8898 = ADVANCED_FACE ( 'NONE', ( #3384 ), #7112, .F. ) ;
#8899 = CIRCLE ( 'NONE', #3936, 2.750000000000002665 ) ;
#8900 = ORIENTED_EDGE ( 'NONE', *, *, #5145, .F. ) ;
#8901 = AXIS2_PLACEMENT_3D ( 'NONE', #5600, #2015, #10092 ) ;
#8903 = VERTEX_POINT ( 'NONE', #9668 ) ;
#8902 = FACE_OUTER_BOUND ( 'NONE', #3548, .T. ) ;
#8904 = DIRECTION ( 'NONE',  ( 0.3420201433256647716, -0.9396926207859098712, -4.075267123698726485E-16 ) ) ;
#8905 = LINE ( 'NONE', #5497, #3018 ) ;
#8906 = CARTESIAN_POINT ( 'NONE',  ( 11.05140792750494860, 89.27430946897355568, -95.50000000000001421 ) ) ;
#8907 = AXIS2_PLACEMENT_3D ( 'NONE', #10870, #6136, #8055 ) ;
#8908 = CARTESIAN_POINT ( 'NONE',  ( 0.000000000000000000, 7.979415714894989776E-15, -34.50000000000001421 ) ) ;
#8909 = CARTESIAN_POINT ( 'NONE',  ( 8.000000000000007105, 119.5000000000000000, -63.00000000000000000 ) ) ;
#8910 = VERTEX_POINT ( 'NONE', #1464 ) ;
#8911 = DIRECTION ( 'NONE',  ( 1.000000000000000000, 0.000000000000000000, 0.000000000000000000 ) ) ;
#8912 = DIRECTION ( 'NONE',  ( 1.217349807703022609E-16, 0.000000000000000000, 1.000000000000000000 ) ) ;
#8913 = VERTEX_POINT ( 'NONE', #10750 ) ;
#8914 = CARTESIAN_POINT ( 'NONE',  ( 0.000000000000000000, 7.979415714894989776E-15, -91.50000000000001421 ) ) ;
#8915 = AXIS2_PLACEMENT_3D ( 'NONE', #2810, #1669, #10764 ) ;
#8916 = VERTEX_POINT ( 'NONE', #5123 ) ;
#8917 = PLANE ( 'NONE',  #1803 ) ;
#8918 = EDGE_CURVE ( 'NONE', #5378, #9815, #8776, .T. ) ;
#8919 = PLANE ( 'NONE',  #3277 ) ;
#8920 = DIRECTION ( 'NONE',  ( 0.000000000000000000, 0.000000000000000000, -1.000000000000000000 ) ) ;
#8921 = VECTOR ( 'NONE', #2972, 1000.000000000000000 ) ;
#8922 = CARTESIAN_POINT ( 'NONE',  ( 14.86869354863674175, 35.23828822863978161, -14.51360740926767079 ) ) ;
#8923 = CARTESIAN_POINT ( 'NONE',  ( 14.82757274641989120, 57.56409631986317521, -120.0000000000000142 ) ) ;
#8924 = ADVANCED_FACE ( 'NONE', ( #1002 ), #5426, .F. ) ;
#8925 = CARTESIAN_POINT ( 'NONE',  ( 0.000000000000000000, 188.5000000000000000, 0.000000000000000000 ) ) ;
#8926 = CARTESIAN_POINT ( 'NONE',  ( 8.000000000000000000, 17.99999999999998934, -52.50000000000003553 ) ) ;
#8927 = EDGE_LOOP ( 'NONE', ( #252, #43, #4617, #427 ) ) ;
#8928 = ORIENTED_EDGE ( 'NONE', *, *, #269, .T. ) ;
#8929 = EDGE_LOOP ( 'NONE', ( #7531, #9471 ) ) ;
#8930 = DIRECTION ( 'NONE',  ( 0.000000000000000000, 0.000000000000000000, 1.000000000000000000 ) ) ;
#8931 =( NAMED_UNIT ( * ) SI_UNIT ( $, .STERADIAN. ) SOLID_ANGLE_UNIT ( ) );
#8932 = EDGE_CURVE ( 'NONE', #6595, #7715, #9776, .T. ) ;
#8933 = VERTEX_POINT ( 'NONE', #8242 ) ;
#8934 = CONICAL_SURFACE ( 'NONE', #1664, 2.999999999999992450, 0.3490658503988588457 ) ;
#8935 = VECTOR ( 'NONE', #7342, 1000.000000000000000 ) ;
#8936 = DIRECTION ( 'NONE',  ( -1.000000000000000000, -0.000000000000000000, -0.000000000000000000 ) ) ;
#8937 = EDGE_LOOP ( 'NONE', ( #598, #3351, #8149, #5280 ) ) ;
#8938 = CIRCLE ( 'NONE', #10468, 2.999999999999992450 ) ;
#8939 = DIRECTION ( 'NONE',  ( 0.000000000000000000, 0.000000000000000000, -1.000000000000000000 ) ) ;
#8940 = EDGE_CURVE ( 'NONE', #4968, #10061, #7362, .T. ) ;
#8941 = AXIS2_PLACEMENT_3D ( 'NONE', #4845, #6665, #3955 ) ;
#8942 = CARTESIAN_POINT ( 'NONE',  ( 13.00000000000001421, 82.99999999999998579, -8.000000000000001776 ) ) ;
#8943 = CARTESIAN_POINT ( 'NONE',  ( 15.00000000000000178, 234.7025323095028284, -6.007435830988453240 ) ) ;
#8944 = DIRECTION ( 'NONE',  ( 0.000000000000000000, 0.000000000000000000, 1.000000000000000000 ) ) ;
#8945 = CARTESIAN_POINT ( 'NONE',  ( 14.86869354863667247, 35.75328822863979639, -118.5699999999999932 ) ) ;
#8946 = ORIENTED_EDGE ( 'NONE', *, *, #4676, .T. ) ;
#8947 = EDGE_LOOP ( 'NONE', ( #8633, #5562 ) ) ;
#8948 = DIRECTION ( 'NONE',  ( 1.000000000000000000, -0.000000000000000000, -0.000000000000000000 ) ) ;
#8949 = AXIS2_PLACEMENT_3D ( 'NONE', #10702, #2335, #10765 ) ;
#8950 = EDGE_CURVE ( 'NONE', #10321, #4978, #8873, .T. ) ;
#8951 = CIRCLE ( 'NONE', #3788, 8.000000000000005329 ) ;
#8952 = VECTOR ( 'NONE', #106, 1000.000000000000000 ) ;
#8953 = VERTEX_POINT ( 'NONE', #947 ) ;
#8954 = CARTESIAN_POINT ( 'NONE',  ( 15.00000000000000000, 235.0000000000000000, -120.0000000000000142 ) ) ;
#8955 = ADVANCED_FACE ( 'NONE', ( #10877 ), #7483, .T. ) ;
#8956 = CYLINDRICAL_SURFACE ( 'NONE', #6288, 3.000000000000002665 ) ;
#8957 = EDGE_CURVE ( 'NONE', #4357, #6182, #8185, .T. ) ;
#8958 = DIRECTION ( 'NONE',  ( 1.000000000000000000, -0.000000000000000000, -0.000000000000000000 ) ) ;
#8959 = DIRECTION ( 'NONE',  ( 0.000000000000000000, -0.07710059492489097777, 0.9970233188156774062 ) ) ;
#8960 = ORIENTED_EDGE ( 'NONE', *, *, #10805, .T. ) ;
#8961 = CARTESIAN_POINT ( 'NONE',  ( 15.00000000000000000, 0.2689950434189554707, -123.8536590318500146 ) ) ;
#8962 = FACE_OUTER_BOUND ( 'NONE', #8883, .T. ) ;
#8963 = B_SPLINE_CURVE_WITH_KNOTS ( 'NONE', 3,
 ( #7530, #1170, #7417, #3803 ),
 .UNSPECIFIED., .F., .F.,
 ( 4, 4 ),
 ( 7.484680500926310451E-07, 0.005362129724276370850 ),
 .UNSPECIFIED. ) ;
#8964 = VECTOR ( 'NONE', #10947, 1000.000000000000000 ) ;
#8966 = ORIENTED_EDGE ( 'NONE', *, *, #4912, .T. ) ;
#8965 = CARTESIAN_POINT ( 'NONE',  ( 0.000000000000000000, 7.979415714894989776E-15, -63.00000000000001421 ) ) ;
#8967 = ADVANCED_FACE ( 'NONE', ( #6521 ), #1960, .T. ) ;
#8968 = CARTESIAN_POINT ( 'NONE',  ( 11.00000000000000711, 34.34519893143837521, -112.9800000000000040 ) ) ;
#8969 = DIRECTION ( 'NONE',  ( -1.000000000000000000, -0.000000000000000000, -0.000000000000000000 ) ) ;
#8970 = ADVANCED_FACE ( 'NONE', ( #117 ), #6601, .T. ) ;
#8971 = LINE ( 'NONE', #1728, #5937 ) ;
#8972 = B_SPLINE_CURVE_WITH_KNOTS ( 'NONE', 3,
 ( #2812, #1914, #7439, #2755, #4594, #134 ),
 .UNSPECIFIED., .F., .F.,
 ( 4, 2, 4 ),
 ( 7.543283570604107881E-07, 0.002727371680928919722, 0.005453989033500779640 ),
 .UNSPECIFIED. ) ;
#8973 = CARTESIAN_POINT ( 'NONE',  ( -0.002000000000000265454, 226.9999999999999716, -121.9999999999999716 ) ) ;
#8974 = CARTESIAN_POINT ( 'NONE',  ( 14.86869354863676307, 87.66800501528138057, -91.41255645757715342 ) ) ;
#8975 = ORIENTED_EDGE ( 'NONE', *, *, #3235, .F. ) ;
#8976 = CARTESIAN_POINT ( 'NONE',  ( 14.86869354863676307, 62.73828822863980292, -52.47999999999997556 ) ) ;
#8977 = CARTESIAN_POINT ( 'NONE',  ( 6.999999999999999112, 226.9999999999999716, -121.9999999999999716 ) ) ;
#8978 = CIRCLE ( 'NONE', #3813, 3.680148828669072003 ) ;
#8979 = ORIENTED_EDGE ( 'NONE', *, *, #7023, .F. ) ;
#8980 = ORIENTED_EDGE ( 'NONE', *, *, #8226, .T. ) ;
#8981 = PLANE ( 'NONE',  #3128 ) ;
#8982 = ORIENTED_EDGE ( 'NONE', *, *, #10923, .T. ) ;
#8983 = DIRECTION ( 'NONE',  ( -0.000000000000000000, -1.000000000000000000, -0.000000000000000000 ) ) ;
#8984 = CIRCLE ( 'NONE', #5346, 5.500000000000032863 ) ;
#8985 = FACE_OUTER_BOUND ( 'NONE', #6210, .T. ) ;
#8986 = EDGE_CURVE ( 'NONE', #10832, #10022, #2622, .T. ) ;
#8987 = CYLINDRICAL_SURFACE ( 'NONE', #9056, 1.142999999999998240 ) ;
#8988 = FACE_OUTER_BOUND ( 'NONE', #2065, .T. ) ;
#8989 = DIRECTION ( 'NONE',  ( -1.000000000000000000, 0.000000000000000000, 0.000000000000000000 ) ) ;
#8990 = ORIENTED_EDGE ( 'NONE', *, *, #1094, .F. ) ;
#8991 = ORIENTED_EDGE ( 'NONE', *, *, #7728, .T. ) ;
#8992 = CARTESIAN_POINT ( 'NONE',  ( -0.7500000000000006661, -3.903127820947815962E-16, -6.636038969321073289 ) ) ;
#8993 = EDGE_LOOP ( 'NONE', ( #898, #4198 ) ) ;
#8994 = LINE ( 'NONE', #10125, #11679 ) ;
#8995 = VECTOR ( 'NONE', #8878, 1000.000000000000000 ) ;
#8996 = CARTESIAN_POINT ( 'NONE',  ( 0.000000000000000000, 156.0000000000000000, -63.00000000000000000 ) ) ;
#8997 = EDGE_CURVE ( 'NONE', #3474, #3446, #10980, .T. ) ;
#8998 = CARTESIAN_POINT ( 'NONE',  ( 3.300000000000000711, 73.10504876423827625, -24.51360740926764592 ) ) ;
#8999 = ORIENTED_EDGE ( 'NONE', *, *, #11770, .F. ) ;
#9000 = ADVANCED_FACE ( 'NONE', ( #10034 ), #1406, .T. ) ;
#9001 = VECTOR ( 'NONE', #6390, 1000.000000000000000 ) ;
#9002 = CARTESIAN_POINT ( 'NONE',  ( 22.50000000000002842, 57.72328822863980236, -118.5699999999999932 ) ) ;
#9003 = DIRECTION ( 'NONE',  ( 0.000000000000000000, 1.000000000000000000, -0.000000000000000000 ) ) ;
#9004 = CARTESIAN_POINT ( 'NONE',  ( 15.00000000000000000, 229.4776538899384946, -0.4098419124683350123 ) ) ;
#9005 = ORIENTED_EDGE ( 'NONE', *, *, #2339, .F. ) ;
#9006 = DIRECTION ( 'NONE',  ( 0.000000000000000000, 0.000000000000000000, -1.000000000000000000 ) ) ;
#9007 = DIRECTION ( 'NONE',  ( -0.9396926207859105373, 4.188538737676915344E-17, -0.3420201433256624957 ) ) ;
#9008 = ORIENTED_EDGE ( 'NONE', *, *, #8360, .F. ) ;
#9009 = ORIENTED_EDGE ( 'NONE', *, *, #3461, .F. ) ;
#9010 = DIRECTION ( 'NONE',  ( -2.434699615406045218E-16, 0.000000000000000000, -1.000000000000000000 ) ) ;
#9011 = EDGE_CURVE ( 'NONE', #9243, #3474, #6822, .T. ) ;
#9012 = ORIENTED_EDGE ( 'NONE', *, *, #10005, .T. ) ;
#9013 = DIRECTION ( 'NONE',  ( -1.000000000000000000, 0.000000000000000000, 0.000000000000000000 ) ) ;
#9014 = CARTESIAN_POINT ( 'NONE',  ( 7.990000000000000213, 17.99999999999998934, -46.38000000000003098 ) ) ;
#9015 = AXIS2_PLACEMENT_3D ( 'NONE', #6241, #9874, #1554 ) ;
#9016 = DIRECTION ( 'NONE',  ( 0.000000000000000000, 0.000000000000000000, 1.000000000000000000 ) ) ;
#9017 = CARTESIAN_POINT ( 'NONE',  ( 56.31128874149275276, 73.10504876423827625, -24.51360740926764592 ) ) ;
#9018 = EDGE_CURVE ( 'NONE', #5399, #3662, #10098, .T. ) ;
#9019 = VERTEX_POINT ( 'NONE', #5365 ) ;
#9020 = LINE ( 'NONE', #4335, #8551 ) ;
#9021 = ORIENTED_EDGE ( 'NONE', *, *, #6234, .F. ) ;
#9022 = DIRECTION ( 'NONE',  ( 1.000000000000000000, -0.000000000000000000, -0.000000000000000000 ) ) ;
#9023 = EDGE_LOOP ( 'NONE', ( #9071, #3045, #944, #5275 ) ) ;
#9024 = CARTESIAN_POINT ( 'NONE',  ( -0.002000000000000265454, 117.5000000000000000, -8.000000000000015987 ) ) ;
#9025 = ADVANCED_FACE ( 'NONE', ( #822 ), #8124, .T. ) ;
#9026 = AXIS2_PLACEMENT_3D ( 'NONE', #11714, #887, #10037 ) ;
#9027 = LINE ( 'NONE', #8125, #7087 ) ;
#9029 = VERTEX_POINT ( 'NONE', #3690 ) ;
#9028 = CARTESIAN_POINT ( 'NONE',  ( 15.75000000000000000, 235.0000000000000000, -123.3639610306789365 ) ) ;
#9030 = CARTESIAN_POINT ( 'NONE',  ( 11.81285107482877983, 87.20309785156464955, -95.50000000000002842 ) ) ;
#9031 = DIRECTION ( 'NONE',  ( -2.434699615406045218E-16, 0.000000000000000000, -1.000000000000000000 ) ) ;
#9032 = CARTESIAN_POINT ( 'NONE',  ( 10.75712325401886460, 34.77737828394580077, -108.4835107966660104 ) ) ;
#9033 = DIRECTION ( 'NONE',  ( -1.000000000000000000, 0.000000000000000000, -0.000000000000000000 ) ) ;
#9034 = CYLINDRICAL_SURFACE ( 'NONE', #2757, 8.000000000000007105 ) ;
#9035 = ORIENTED_EDGE ( 'NONE', *, *, #5355, .T. ) ;
#9036 = VECTOR ( 'NONE', #2922, 1000.000000000000114 ) ;
#9037 = CYLINDRICAL_SURFACE ( 'NONE', #11788, 2.750000000000002665 ) ;
#9038 = CARTESIAN_POINT ( 'NONE',  ( 7.990000000000000213, 18.00000000000000000, -77.50000000000008527 ) ) ;
#9039 = ORIENTED_EDGE ( 'NONE', *, *, #5978, .T. ) ;
#9040 = CARTESIAN_POINT ( 'NONE',  ( 8.000000000000000000, 154.4716895539514496, -17.45788136388649292 ) ) ;
#9041 = ORIENTED_EDGE ( 'NONE', *, *, #1546, .T. ) ;
#9042 = FACE_BOUND ( 'NONE', #8702, .T. ) ;
#9043 = EDGE_CURVE ( 'NONE', #8773, #8511, #6339, .T. ) ;
#9044 = EDGE_CURVE ( 'NONE', #6574, #1837, #5902, .T. ) ;
#9045 = LINE ( 'NONE', #9869, #4289 ) ;
#9046 = DIRECTION ( 'NONE',  ( 1.000000000000000000, 0.000000000000000000, 0.000000000000000000 ) ) ;
#9047 = CARTESIAN_POINT ( 'NONE',  ( 7.990000000000000213, 217.0000000000000284, -74.75000000000000000 ) ) ;
#9048 = LINE ( 'NONE', #1808, #8888 ) ;
#9049 = DIRECTION ( 'NONE',  ( 0.000000000000000000, 1.000000000000000000, 1.267377881992188131E-16 ) ) ;
#9050 = DIRECTION ( 'NONE',  ( -1.000000000000000000, 0.000000000000000000, 0.000000000000000000 ) ) ;
#9051 = VERTEX_POINT ( 'NONE', #11235 ) ;
#9052 = ORIENTED_EDGE ( 'NONE', *, *, #7514, .F. ) ;
#9053 = ORIENTED_EDGE ( 'NONE', *, *, #5407, .T. ) ;
#9054 = CARTESIAN_POINT ( 'NONE',  ( 14.86869354863667247, 57.72328822863980236, -118.5699999999999932 ) ) ;
#9055 = DIRECTION ( 'NONE',  ( 0.000000000000000000, 0.000000000000000000, 1.000000000000000000 ) ) ;
#9056 = AXIS2_PLACEMENT_3D ( 'NONE', #3715, #7384, #5512 ) ;
#9057 = ORIENTED_EDGE ( 'NONE', *, *, #6712, .F. ) ;
#9058 = CIRCLE ( 'NONE', #628, 3.000000000000009770 ) ;
#9059 = CARTESIAN_POINT ( 'NONE',  ( 4.750000000000000000, 10.00000000000000000, -130.0000000000000000 ) ) ;
#9060 = EDGE_CURVE ( 'NONE', #10596, #2949, #1121, .T. ) ;
#9061 = VERTEX_POINT ( 'NONE', #2260 ) ;
#9062 = ORIENTED_EDGE ( 'NONE', *, *, #1203, .T. ) ;
#9063 = AXIS2_PLACEMENT_3D ( 'NONE', #954, #8014, #11779 ) ;
#9064 = LINE ( 'NONE', #3484, #1545 ) ;
#9065 = VECTOR ( 'NONE', #6539, 1000.000000000000000 ) ;
#9066 = FACE_OUTER_BOUND ( 'NONE', #8364, .T. ) ;
#9067 = CARTESIAN_POINT ( 'NONE',  ( 0.000000000000000000, 117.5000000000000000, -122.0000000000000000 ) ) ;
#9068 = VERTEX_POINT ( 'NONE', #5671 ) ;
#9069 = DIRECTION ( 'NONE',  ( 1.000000000000000000, -0.000000000000000000, -0.000000000000000000 ) ) ;
#9070 = CARTESIAN_POINT ( 'NONE',  ( 16.00000000000000000, 62.73828822863980292, -56.36899999999998556 ) ) ;
#9071 = ORIENTED_EDGE ( 'NONE', *, *, #7027, .F. ) ;
#9072 = ORIENTED_EDGE ( 'NONE', *, *, #10916, .T. ) ;
#9073 = CARTESIAN_POINT ( 'NONE',  ( 13.00000000000001421, 224.9999999999999716, -8.000000000000001776 ) ) ;
#9074 = ADVANCED_FACE ( 'NONE', ( #10273 ), #3870, .F. ) ;
#9075 = CIRCLE ( 'NONE', #1039, 6.120000000000000107 ) ;
#9076 = ORIENTED_EDGE ( 'NONE', *, *, #11672, .T. ) ;
#9077 = CYLINDRICAL_SURFACE ( 'NONE', #2991, 6.119999999999986784 ) ;
#9078 = CARTESIAN_POINT ( 'NONE',  ( 12.99999999999998224, 83.00000000000004263, -95.50000000000000000 ) ) ;
#9079 = ORIENTED_EDGE ( 'NONE', *, *, #7502, .F. ) ;
#9080 = AXIS2_PLACEMENT_3D ( 'NONE', #5830, #2006, #7639 ) ;
#9081 = CARTESIAN_POINT ( 'NONE',  ( 22.50000000000002842, 35.75328822863979639, -109.9800000000000040 ) ) ;
#9082 = EDGE_CURVE ( 'NONE', #5550, #1284, #6814, .T. ) ;
#9083 = DIRECTION ( 'NONE',  ( 1.000000000000000000, -0.000000000000000000, -0.000000000000000000 ) ) ;
#9084 = EDGE_LOOP ( 'NONE', ( #1505, #11382, #2701, #5088 ) ) ;
#9085 = CARTESIAN_POINT ( 'NONE',  ( 15.00000000000000178, 0.3228582868787690519, -124.1102918011296339 ) ) ;
#9086 = DIRECTION ( 'NONE',  ( -1.000000000000000000, -0.000000000000000000, -0.000000000000000000 ) ) ;
#9087 = CARTESIAN_POINT ( 'NONE',  ( 15.75000000000000000, 0.000000000000000000, -121.6819805153394753 ) ) ;
#9088 = CONICAL_SURFACE ( 'NONE', #5253, 6.000000000000000000, 0.3490658503988612882 ) ;
#9089 = ORIENTED_EDGE ( 'NONE', *, *, #4019, .T. ) ;
#9091 = ORIENTED_EDGE ( 'NONE', *, *, #3960, .F. ) ;
#9090 = DIRECTION ( 'NONE',  ( 0.7068436752707117909, -0.7026365502154100495, 0.08169392285341756099 ) ) ;
#9092 = CARTESIAN_POINT ( 'NONE',  ( 8.000000000000000000, 7.999999999999992895, -34.50000000000001421 ) ) ;
#9093 = CARTESIAN_POINT ( 'NONE',  ( 24.00000000000000000, 0.000000000000000000, -130.0000000000000000 ) ) ;
#9094 = DIRECTION ( 'NONE',  ( -1.000000000000000000, 0.000000000000000000, 0.000000000000000000 ) ) ;
#9095 = CARTESIAN_POINT ( 'NONE',  ( 3.300000000000000711, 73.10504876423827625, -25.65660740926763950 ) ) ;
#9096 = EDGE_CURVE ( 'NONE', #2019, #7939, #10334, .T. ) ;
#9097 = VERTEX_POINT ( 'NONE', #6706 ) ;
#9098 = CARTESIAN_POINT ( 'NONE',  ( 24.00000000000000000, 0.000000000000000000, -130.0000000000000000 ) ) ;
#9099 = VERTEX_POINT ( 'NONE', #4764 ) ;
#9100 = AXIS2_PLACEMENT_3D ( 'NONE', #4525, #6341, #5 ) ;
#9101 = LINE ( 'NONE', #5623, #8964 ) ;
#9102 = ORIENTED_EDGE ( 'NONE', *, *, #4294, .F. ) ;
#9103 = VERTEX_POINT ( 'NONE', #2978 ) ;
#9104 = LINE ( 'NONE', #1917, #8857 ) ;
#9105 = ADVANCED_FACE ( 'NONE', ( #10215 ), #2952, .T. ) ;
#9106 = CIRCLE ( 'NONE', #9849, 0.8890000000000009006 ) ;
#9107 = CARTESIAN_POINT ( 'NONE',  ( 14.86869354863678439, 154.4716895539514496, -17.45788136388649292 ) ) ;
#9108 = DIRECTION ( 'NONE',  ( 0.000000000000000000, 0.000000000000000000, 1.000000000000000000 ) ) ;
#9109 = LINE ( 'NONE', #3468, #3135 ) ;
#9110 = EDGE_CURVE ( 'NONE', #870, #4591, #9634, .T. ) ;
#9111 = CIRCLE ( 'NONE', #3557, 8.000000000000007105 ) ;
#9112 = EDGE_CURVE ( 'NONE', #4919, #10196, #10511, .T. ) ;
#9113 = DIRECTION ( 'NONE',  ( -1.000000000000000000, 0.000000000000000000, 0.000000000000000000 ) ) ;
#9114 = ORIENTED_EDGE ( 'NONE', *, *, #1138, .F. ) ;
#9115 = VERTEX_POINT ( 'NONE', #2916 ) ;
#9116 = ORIENTED_EDGE ( 'NONE', *, *, #2295, .F. ) ;
#9117 = DIRECTION ( 'NONE',  ( 0.000000000000000000, 1.267377881992188131E-16, -1.000000000000000000 ) ) ;
#9118 = DIRECTION ( 'NONE',  ( 0.3420201433256644941, -7.087421084693433025E-17, 0.9396926207859099822 ) ) ;
#9119 = ORIENTED_EDGE ( 'NONE', *, *, #7453, .F. ) ;
#9120 = LINE ( 'NONE', #8214, #7492 ) ;
#9121 = PLANE ( 'NONE',  #1570 ) ;
#9122 = VERTEX_POINT ( 'NONE', #3150 ) ;
#9123 = VERTEX_POINT ( 'NONE', #6577 ) ;
#9124 = CARTESIAN_POINT ( 'NONE',  ( 8.872479216507432653, 29.65127361252664784, -34.50000000000000711 ) ) ;
#9125 = DIRECTION ( 'NONE',  ( -1.000000000000000000, -0.000000000000000000, -0.000000000000000000 ) ) ;
#9126 = ADVANCED_FACE ( 'NONE', ( #1293 ), #4942, .F. ) ;
#9127 = DIRECTION ( 'NONE',  ( -1.000000000000000000, -0.000000000000000000, -0.000000000000000000 ) ) ;
#9128 = VERTEX_POINT ( 'NONE', #11341 ) ;
#9129 = CARTESIAN_POINT ( 'NONE',  ( 8.000000000000000000, 119.4999999999999716, -34.50000000000000000 ) ) ;
#9130 = AXIS2_PLACEMENT_3D ( 'NONE', #5965, #10619, #7705 ) ;
#9131 = CARTESIAN_POINT ( 'NONE',  ( 12.99999999999999289, 152.0000000000000284, -34.49999999999999289 ) ) ;
#9132 = ORIENTED_EDGE ( 'NONE', *, *, #4541, .T. ) ;
#9133 = DIRECTION ( 'NONE',  ( 0.000000000000000000, 1.000000000000000000, 7.542275982507857147E-17 ) ) ;
#9134 = VERTEX_POINT ( 'NONE', #2083 ) ;
#9135 = AXIS2_PLACEMENT_3D ( 'NONE', #1264, #3067, #4115 ) ;
#9136 = VECTOR ( 'NONE', #11696, 1000.000000000000000 ) ;
#9137 = AXIS2_PLACEMENT_3D ( 'NONE', #3817, #5680, #9210 ) ;
#9138 = CARTESIAN_POINT ( 'NONE',  ( 15.00000000000000178, 229.1102918011310976, -129.6771417131186013 ) ) ;
#9139 = LINE ( 'NONE', #10927, #1488 ) ;
#9140 = ADVANCED_FACE ( 'NONE', ( #8477 ), #5730, .F. ) ;
#9141 = ORIENTED_EDGE ( 'NONE', *, *, #7513, .F. ) ;
#9142 = CYLINDRICAL_SURFACE ( 'NONE', #8901, 8.000000000000005329 ) ;
#9143 = CARTESIAN_POINT ( 'NONE',  ( 9.676170411635972357, 98.49515028412754702, -38.50000000000000711 ) ) ;
#9144 = EDGE_LOOP ( 'NONE', ( #9615, #7239, #2376, #9079 ) ) ;
#9145 = CARTESIAN_POINT ( 'NONE',  ( 14.99999999999999467, 4.574806598938115698, -129.3060401939740132 ) ) ;
#9146 = DIRECTION ( 'NONE',  ( -1.000000000000000000, 0.000000000000000000, 0.000000000000000000 ) ) ;
#9147 =( GEOMETRIC_REPRESENTATION_CONTEXT ( 3 ) GLOBAL_UNCERTAINTY_ASSIGNED_CONTEXT ( ( #7878 ) ) GLOBAL_UNIT_ASSIGNED_CONTEXT ( ( #11559, #2530, #8931 ) ) REPRESENTATION_CONTEXT ( 'NONE', 'WORKASPACE' ) );
#9148 = ORIENTED_EDGE ( 'NONE', *, *, #3211, .F. ) ;
#9149 = CARTESIAN_POINT ( 'NONE',  ( 9.669233213339092359, 131.1787412112236382, -91.50000000000000000 ) ) ;
#9150 = AXIS2_PLACEMENT_3D ( 'NONE', #574, #9662, #1455 ) ;
#9151 = LINE ( 'NONE', #948, #6319 ) ;
#9152 = EDGE_CURVE ( 'NONE', #5437, #9970, #4880, .T. ) ;
#9154 = ORIENTED_EDGE ( 'NONE', *, *, #9786, .F. ) ;
#9153 = LINE ( 'NONE', #11715, #133 ) ;
#9155 = AXIS2_PLACEMENT_3D ( 'NONE', #9598, #3302, #2357 ) ;
#9156 = DIRECTION ( 'NONE',  ( 0.000000000000000000, 0.000000000000000000, -1.000000000000000000 ) ) ;
#9157 = DIRECTION ( 'NONE',  ( 1.000000000000000000, -0.000000000000000000, -0.000000000000000000 ) ) ;
#9158 = DIRECTION ( 'NONE',  ( 0.000000000000000000, 1.000000000000000000, 1.267377881992188131E-16 ) ) ;
#9159 = EDGE_LOOP ( 'NONE', ( #1750, #8608 ) ) ;
#9160 = CARTESIAN_POINT ( 'NONE',  ( 13.00000000000001421, 42.49999999999999289, -8.000000000000001776 ) ) ;
#9161 = ORIENTED_EDGE ( 'NONE', *, *, #4999, .F. ) ;
#9162 = DIRECTION ( 'NONE',  ( 1.000000000000000000, -0.000000000000000000, -0.000000000000000000 ) ) ;
#9163 = DIRECTION ( 'NONE',  ( 1.217349807703022609E-16, 0.000000000000000000, 1.000000000000000000 ) ) ;
#9164 = AXIS2_PLACEMENT_3D ( 'NONE', #11782, #9162, #1797 ) ;
#9165 = EDGE_CURVE ( 'NONE', #2768, #3899, #4821, .T. ) ;
#9166 = CARTESIAN_POINT ( 'NONE',  ( 14.86869354863674175, 58.23828822863978161, -28.51360740926766368 ) ) ;
#9167 = LINE ( 'NONE', #7382, #10612 ) ;
#9168 = DIRECTION ( 'NONE',  ( 0.000000000000000000, 0.000000000000000000, -1.000000000000000000 ) ) ;
#9169 = DIRECTION ( 'NONE',  ( -1.000000000000000000, -0.000000000000000000, -0.000000000000000000 ) ) ;
#9170 = CARTESIAN_POINT ( 'NONE',  ( 13.00000000000000178, 226.9999999999999716, -9.999999999999985789 ) ) ;
#9171 = EDGE_CURVE ( 'NONE', #2659, #8435, #3093, .T. ) ;
#9172 = ORIENTED_EDGE ( 'NONE', *, *, #9517, .T. ) ;
#9173 = FACE_OUTER_BOUND ( 'NONE', #1769, .T. ) ;
#9174 = CARTESIAN_POINT ( 'NONE',  ( 12.99999999999999467, 152.0000000000000000, -91.50000000000000000 ) ) ;
#9175 = ORIENTED_EDGE ( 'NONE', *, *, #104, .T. ) ;
#9176 = DIRECTION ( 'NONE',  ( -1.000000000000000000, -0.000000000000000000, -0.000000000000000000 ) ) ;
#9177 = AXIS2_PLACEMENT_3D ( 'NONE', #9911, #6336, #1842 ) ;
#9178 = EDGE_CURVE ( 'NONE', #4650, #794, #6003, .T. ) ;
#9179 = EDGE_LOOP ( 'NONE', ( #3043, #3068, #8301, #2737 ) ) ;
#9180 = LINE ( 'NONE', #4615, #6941 ) ;
#9181 = DIRECTION ( 'NONE',  ( 0.000000000000000000, 0.000000000000000000, -1.000000000000000000 ) ) ;
#9182 = AXIS2_PLACEMENT_3D ( 'NONE', #4737, #11145, #11267 ) ;
#9183 = ORIENTED_EDGE ( 'NONE', *, *, #8306, .F. ) ;
#9184 = CARTESIAN_POINT ( 'NONE',  ( 14.86869354863680570, 20.37152769304129762, -21.51360740926766368 ) ) ;
#9185 = CARTESIAN_POINT ( 'NONE',  ( 13.00000000000001243, 115.4999999999999858, -15.74596669241485536 ) ) ;
#9186 = ORIENTED_EDGE ( 'NONE', *, *, #3514, .T. ) ;
#9187 = EDGE_LOOP ( 'NONE', ( #7149, #5677, #732, #6349 ) ) ;
#9188 = CYLINDRICAL_SURFACE ( 'NONE', #9469, 2.999999999999992450 ) ;
#9189 = ADVANCED_FACE ( 'NONE', ( #403 ), #4040, .F. ) ;
#9190 = ADVANCED_FACE ( 'NONE', ( #6979 ), #11642, .F. ) ;
#9191 = EDGE_LOOP ( 'NONE', ( #10478, #4550, #1822, #3827 ) ) ;
#9192 = CIRCLE ( 'NONE', #6522, 2.750000000000002665 ) ;
#9193 = CARTESIAN_POINT ( 'NONE',  ( 15.00000000000000178, 234.8270561443966074, -123.3417528395278424 ) ) ;
#9194 = VERTEX_POINT ( 'NONE', #3433 ) ;
#9195 = CARTESIAN_POINT ( 'NONE',  ( 13.00000000000000888, 188.5000000000000000, -38.50000000000000711 ) ) ;
#9196 = CARTESIAN_POINT ( 'NONE',  ( 12.99999999999998046, 58.23828822863978161, -28.51360740926766368 ) ) ;
#9197 = CARTESIAN_POINT ( 'NONE',  ( 8.000000000000000000, 102.9080050152813897, -40.61255645757714916 ) ) ;
#9198 = ORIENTED_EDGE ( 'NONE', *, *, #8578, .F. ) ;
#9199 = CARTESIAN_POINT ( 'NONE',  ( 8.000000000000003553, 119.5000000000000000, -91.50000000000000000 ) ) ;
#9200 = AXIS2_PLACEMENT_3D ( 'NONE', #1454, #5113, #7044 ) ;
#9201 = ORIENTED_EDGE ( 'NONE', *, *, #10864, .F. ) ;
#9202 = CARTESIAN_POINT ( 'NONE',  ( 56.31128874149275276, 130.8480050152814158, -40.61255645757714916 ) ) ;
#9203 = ORIENTED_EDGE ( 'NONE', *, *, #1196, .F. ) ;
#9204 = EDGE_CURVE ( 'NONE', #5722, #1195, #1397, .T. ) ;
#9205 = CARTESIAN_POINT ( 'NONE',  ( 6.999999999999999112, 226.9999999999999716, -1.880000000000015437 ) ) ;
#9206 = ORIENTED_EDGE ( 'NONE', *, *, #189, .T. ) ;
#9208 = EDGE_LOOP ( 'NONE', ( #4506, #1685 ) ) ;
#9207 = CARTESIAN_POINT ( 'NONE',  ( 56.31128874149275276, 35.75328822863979639, -109.9800000000000040 ) ) ;
#9209 = DIRECTION ( 'NONE',  ( -1.000000000000000000, 0.000000000000000000, 0.000000000000000000 ) ) ;
#9210 = DIRECTION ( 'NONE',  ( 0.000000000000000000, 0.000000000000000000, 1.000000000000000000 ) ) ;
#9211 = CARTESIAN_POINT ( 'NONE',  ( 15.00000000000000000, 8.000000000000000000, -119.2500000000000000 ) ) ;
#9212 = VERTEX_POINT ( 'NONE', #7100 ) ;
#9213 = DIRECTION ( 'NONE',  ( -0.000000000000000000, 0.07710059492488814670, -0.9970233188156776283 ) ) ;
#9214 = EDGE_LOOP ( 'NONE', ( #559, #2406, #4901, #112 ) ) ;
#9215 = DIRECTION ( 'NONE',  ( 1.000000000000000000, -0.000000000000000000, -0.000000000000000000 ) ) ;
#9216 = DIRECTION ( 'NONE',  ( 0.000000000000000000, 0.000000000000000000, 1.000000000000000000 ) ) ;
#9217 = AXIS2_PLACEMENT_3D ( 'NONE', #7584, #6694, #9431 ) ;
#9218 = EDGE_CURVE ( 'NONE', #3120, #7909, #7556, .T. ) ;
#9220 = VERTEX_POINT ( 'NONE', #625 ) ;
#9219 = CARTESIAN_POINT ( 'NONE',  ( -0.000000000000000000, 0.3399011760282632522, -124.1863454949362335 ) ) ;
#9221 = DIRECTION ( 'NONE',  ( 0.000000000000000000, 1.267377881992188131E-16, -1.000000000000000000 ) ) ;
#9222 = CARTESIAN_POINT ( 'NONE',  ( 13.00000000000001066, 58.40343705730881396, -112.3942135623731104 ) ) ;
#9223 = DIRECTION ( 'NONE',  ( 0.000000000000000000, 1.000000000000000000, -0.000000000000000000 ) ) ;
#9224 = DIRECTION ( 'NONE',  ( -1.267377881992188131E-16, -1.000000000000000000, -1.267377881992188131E-16 ) ) ;
#9225 = CYLINDRICAL_SURFACE ( 'NONE', #3027, 2.999999999999992450 ) ;
#9226 = EDGE_CURVE ( 'NONE', #9097, #11101, #5292, .T. ) ;
#9227 = ORIENTED_EDGE ( 'NONE', *, *, #6032, .T. ) ;
#9228 = CARTESIAN_POINT ( 'NONE',  ( 16.00000000000000000, 87.66800501528138057, -90.52355645757714342 ) ) ;
#9229 = CARTESIAN_POINT ( 'NONE',  ( -0.000000000000000000, 0.04356628226238812296, -7.978096664935253379 ) ) ;
#9230 = EDGE_LOOP ( 'NONE', ( #11020, #5506, #6120, #10124 ) ) ;
#9231 = FACE_BOUND ( 'NONE', #7007, .T. ) ;
#9232 = AXIS2_PLACEMENT_3D ( 'NONE', #3439, #9656, #8192 ) ;
#9233 = CARTESIAN_POINT ( 'NONE',  ( 12.99999999999998757, 226.9999999999999716, -121.9999999999999716 ) ) ;
#9234 = CARTESIAN_POINT ( 'NONE',  ( 0.000000000000000000, 8.496496751003460758E-15, -95.50000000000001421 ) ) ;
#9235 = LINE ( 'NONE', #2600, #7132 ) ;
#9236 = CIRCLE ( 'NONE', #9429, 8.000000000000005329 ) ;
#9237 = VECTOR ( 'NONE', #6245, 1000.000000000000000 ) ;
#9238 = CARTESIAN_POINT ( 'NONE',  ( 11.02324204220095716, 34.40038142092408435, -119.2282342228242129 ) ) ;
#9239 = ORIENTED_EDGE ( 'NONE', *, *, #6925, .F. ) ;
#9240 = EDGE_CURVE ( 'NONE', #8749, #5029, #6924, .T. ) ;
#9241 = CARTESIAN_POINT ( 'NONE',  ( 15.00000000000000000, 226.9999999999999716, -8.000000000000001776 ) ) ;
#9242 = DIRECTION ( 'NONE',  ( -1.000000000000000000, -0.000000000000000000, -0.000000000000000000 ) ) ;
#9243 = VERTEX_POINT ( 'NONE', #11456 ) ;
#9244 = CARTESIAN_POINT ( 'NONE',  ( 11.00000000000000711, 59.10387585112115261, -118.9800000000000182 ) ) ;
#9245 = CIRCLE ( 'NONE', #8478, 2.750000000000002665 ) ;
#9246 = CONICAL_SURFACE ( 'NONE', #4074, 3.000000000000002665, 0.3490658503988592343 ) ;
#9247 = VERTEX_POINT ( 'NONE', #10611 ) ;
#9248 = CARTESIAN_POINT ( 'NONE',  ( 15.00000000000000355, 234.8995630919016548, -122.7286493757664800 ) ) ;
#9249 = DIRECTION ( 'NONE',  ( 0.000000000000000000, 0.000000000000000000, 1.000000000000000000 ) ) ;
#9250 = VERTEX_POINT ( 'NONE', #5163 ) ;
#9251 = CARTESIAN_POINT ( 'NONE',  ( 8.000000000000000000, 0.000000000000000000, 0.000000000000000000 ) ) ;
#9252 = CARTESIAN_POINT ( 'NONE',  ( 14.86869354863667247, 35.75328822863979639, -109.9800000000000040 ) ) ;
#9253 = EDGE_CURVE ( 'NONE', #10185, #2971, #9075, .T. ) ;
#9254 = ADVANCED_FACE ( 'NONE', ( #6198 ), #3203, .T. ) ;
#9255 = CIRCLE ( 'NONE', #92, 3.680148828669058236 ) ;
#9256 = DIRECTION ( 'NONE',  ( 1.000000000000000000, 0.000000000000000000, 0.000000000000000000 ) ) ;
#9257 = ORIENTED_EDGE ( 'NONE', *, *, #6346, .F. ) ;
#9258 = DIRECTION ( 'NONE',  ( 0.000000000000000000, -1.000000000000000000, 0.000000000000000000 ) ) ;
#9259 = ORIENTED_EDGE ( 'NONE', *, *, #2537, .T. ) ;
#9260 = ORIENTED_EDGE ( 'NONE', *, *, #11585, .T. ) ;
#9261 = CARTESIAN_POINT ( 'NONE',  ( 8.000000000000000000, 152.0000000000000000, -12.54455756538841626 ) ) ;
#9262 = ORIENTED_EDGE ( 'NONE', *, *, #7405, .F. ) ;
#9263 = CARTESIAN_POINT ( 'NONE',  ( 12.99999999999998046, 58.23828822863978161, -35.19375623793671792 ) ) ;
#9264 = ORIENTED_EDGE ( 'NONE', *, *, #8648, .F. ) ;
#9265 = VECTOR ( 'NONE', #7547, 1000.000000000000000 ) ;
#9267 = ORIENTED_EDGE ( 'NONE', *, *, #2511, .T. ) ;
#9266 = DIRECTION ( 'NONE',  ( 0.000000000000000000, 1.000000000000000000, -0.000000000000000000 ) ) ;
#9268 = AXIS2_PLACEMENT_3D ( 'NONE', #8344, #7470, #1046 ) ;
#9269 = DIRECTION ( 'NONE',  ( 0.000000000000000000, 0.000000000000000000, -1.000000000000000000 ) ) ;
#9270 = LINE ( 'NONE', #127, #7031 ) ;
#9271 = CARTESIAN_POINT ( 'NONE',  ( 15.00000000000000000, 226.9999999999999716, -16.00000000000000711 ) ) ;
#9272 = ORIENTED_EDGE ( 'NONE', *, *, #5593, .T. ) ;
#9273 = ADVANCED_FACE ( 'NONE', ( #9770 ), #9834, .T. ) ;
#9274 = DIRECTION ( 'NONE',  ( -2.434699615406045218E-16, 0.000000000000000000, -1.000000000000000000 ) ) ;
#9275 = VERTEX_POINT ( 'NONE', #7866 ) ;
#9276 = CARTESIAN_POINT ( 'NONE',  ( 8.000000000000000000, 18.00000000000000000, -74.75000000000008527 ) ) ;
#9277 = EDGE_LOOP ( 'NONE', ( #10296, #7086, #4336, #877 ) ) ;
#9278 = LINE ( 'NONE', #9989, #4262 ) ;
#9279 = VECTOR ( 'NONE', #1530, 1000.000000000000000 ) ;
#9280 = CARTESIAN_POINT ( 'NONE',  ( -0.000000000000000000, 0.1004369079992960545, -122.7286493753778700 ) ) ;
#9281 = LINE ( 'NONE', #4959, #10087 ) ;
#9282 = AXIS2_PLACEMENT_3D ( 'NONE', #1243, #5613, #8244 ) ;
#9283 = DIRECTION ( 'NONE',  ( 0.000000000000000000, 0.000000000000000000, 1.000000000000000000 ) ) ;
#9284 = LINE ( 'NONE', #6488, #10790 ) ;
#9285 = EDGE_CURVE ( 'NONE', #2673, #658, #8764, .T. ) ;
#9286 = DIRECTION ( 'NONE',  ( -1.000000000000000000, 0.000000000000000000, 0.000000000000000000 ) ) ;
#9287 = DIRECTION ( 'NONE',  ( 0.7071067811865450192, -0.6987038558001065214, -0.1086872664577936964 ) ) ;
#9288 = VERTEX_POINT ( 'NONE', #8884 ) ;
#9289 = DIRECTION ( 'NONE',  ( -1.000000000000000000, 0.000000000000000000, 0.000000000000000000 ) ) ;
#9290 = ORIENTED_EDGE ( 'NONE', *, *, #1255, .T. ) ;
#9291 = CARTESIAN_POINT ( 'NONE',  ( 15.75000000000000000, 6.636038969321063519, -130.0000000000000000 ) ) ;
#9292 = DIRECTION ( 'NONE',  ( 0.000000000000000000, 0.000000000000000000, 1.000000000000000000 ) ) ;
#9293 = CARTESIAN_POINT ( 'NONE',  ( 16.00000000000000000, 73.10504876423827625, -25.65660740926764660 ) ) ;
#9294 = EDGE_CURVE ( 'NONE', #902, #5997, #1450, .T. ) ;
#9295 = VECTOR ( 'NONE', #5757, 1000.000000000000000 ) ;
#9296 = CARTESIAN_POINT ( 'NONE',  ( 8.000000000000000000, 7.999999999999992895, -10.00000000000001421 ) ) ;
#9297 = DIRECTION ( 'NONE',  ( 1.000000000000000000, -0.000000000000000000, -0.000000000000000000 ) ) ;
#9298 = CARTESIAN_POINT ( 'NONE',  ( 8.000000000000000000, 58.23828822863978161, -20.51360740926767079 ) ) ;
#9299 = VERTEX_POINT ( 'NONE', #5046 ) ;
#9300 = DIRECTION ( 'NONE',  ( -1.000000000000000000, 0.000000000000000000, 0.000000000000000000 ) ) ;
#9301 = CARTESIAN_POINT ( 'NONE',  ( 14.86869354863676307, 130.8480050152814158, -43.61255645757716337 ) ) ;
#9302 = VECTOR ( 'NONE', #321, 1000.000000000000000 ) ;
#9303 = EDGE_LOOP ( 'NONE', ( #11250, #9072 ) ) ;
#9304 = CYLINDRICAL_SURFACE ( 'NONE', #9824, 1.000000000000000888 ) ;
#9305 = EDGE_LOOP ( 'NONE', ( #2509, #7579, #9956, #5392 ) ) ;
#9306 = EDGE_CURVE ( 'NONE', #9099, #4929, #11550, .T. ) ;
#9307 = CARTESIAN_POINT ( 'NONE',  ( 13.00000000000000178, 226.9999999999999716, -66.99999999999998579 ) ) ;
#9308 = CARTESIAN_POINT ( 'NONE',  ( 16.00000000000000000, 203.4716895539514780, -16.56888136388648292 ) ) ;
#9309 = VECTOR ( 'NONE', #10873, 1000.000000000000000 ) ;
#9310 = VERTEX_POINT ( 'NONE', #689 ) ;
#9311 = DIRECTION ( 'NONE',  ( -1.267377881992188131E-16, -1.000000000000000000, -1.267377881992188131E-16 ) ) ;
#9312 = DIRECTION ( 'NONE',  ( 0.000000000000000000, 0.000000000000000000, 1.000000000000000000 ) ) ;
#9313 = CARTESIAN_POINT ( 'NONE',  ( 0.000000000000000000, 8.496496751003460758E-15, -10.00000000000001421 ) ) ;
#9314 = ORIENTED_EDGE ( 'NONE', *, *, #10065, .F. ) ;
#9315 = CARTESIAN_POINT ( 'NONE',  ( 14.86869354863680570, 20.37152769304129762, -21.51360740926766368 ) ) ;
#9316 = EDGE_LOOP ( 'NONE', ( #1652, #8497, #988, #7111, #7019, #243, #7216, #11139 ) ) ;
#9317 = ADVANCED_FACE ( 'NONE', ( #3308 ), #2362, .T. ) ;
#9318 = EDGE_LOOP ( 'NONE', ( #5461, #5081, #6962, #4984 ) ) ;
#9319 = CARTESIAN_POINT ( 'NONE',  ( 13.00000000000001421, 115.4999999999999858, -8.000000000000001776 ) ) ;
#9320 = CARTESIAN_POINT ( 'NONE',  ( 4.750000000000000000, -0.000000000000000000, -120.0000000000000142 ) ) ;
#9321 = AXIS2_PLACEMENT_3D ( 'NONE', #1999, #11211, #3910 ) ;
#9322 = ORIENTED_EDGE ( 'NONE', *, *, #11460, .T. ) ;
#9323 = VECTOR ( 'NONE', #5712, 1000.000000000000000 ) ;
#9324 = ORIENTED_EDGE ( 'NONE', *, *, #10188, .F. ) ;
#9325 = EDGE_CURVE ( 'NONE', #10536, #916, #6075, .T. ) ;
#9326 = ADVANCED_FACE ( 'NONE', ( #4323 ), #11182, .T. ) ;
#9328 = ORIENTED_EDGE ( 'NONE', *, *, #671, .F. ) ;
#9327 = DIRECTION ( 'NONE',  ( 0.000000000000000000, 0.000000000000000000, 1.000000000000000000 ) ) ;
#9329 = FACE_OUTER_BOUND ( 'NONE', #3021, .T. ) ;
#9330 = CARTESIAN_POINT ( 'NONE',  ( 8.000000000000010658, 156.0000000000000000, -34.50000000000000000 ) ) ;
#9331 = CARTESIAN_POINT ( 'NONE',  ( 8.000000000000000000, 30.73828822863979582, -55.48000000000000398 ) ) ;
#9332 = CIRCLE ( 'NONE', #11038, 0.8890000000000009006 ) ;
#9333 = PRESENTATION_LAYER_ASSIGNMENT (  '', '', ( #2839 ) ) ;
#9334 = ORIENTED_EDGE ( 'NONE', *, *, #10078, .T. ) ;
#9335 = AXIS2_PLACEMENT_3D ( 'NONE', #10631, #2506, #9623 ) ;
#9336 = DIRECTION ( 'NONE',  ( 0.000000000000000000, -0.000000000000000000, -1.000000000000000000 ) ) ;
#9337 = VERTEX_POINT ( 'NONE', #6133 ) ;
#9338 = CARTESIAN_POINT ( 'NONE',  ( 24.00000000000000000, 53.82328822863980378, -118.4194297400666187 ) ) ;
#9339 = ORIENTED_EDGE ( 'NONE', *, *, #138, .F. ) ;
#9340 = CARTESIAN_POINT ( 'NONE',  ( 8.000000000000000000, 156.0000000000000000, -80.74127678544064679 ) ) ;
#9341 = EDGE_LOOP ( 'NONE', ( #1621, #970 ) ) ;
#9342 = EDGE_CURVE ( 'NONE', #6581, #1899, #6386, .T. ) ;
#9343 = AXIS2_PLACEMENT_3D ( 'NONE', #8726, #5723, #3924 ) ;
#9344 = VECTOR ( 'NONE', #6392, 1000.000000000000227 ) ;
#9345 = EDGE_CURVE ( 'NONE', #3753, #284, #935, .T. ) ;
#9346 = CARTESIAN_POINT ( 'NONE',  ( -0.000000000000000000, 0.4098419124739164365, -124.4776538899587166 ) ) ;
#9347 = FACE_OUTER_BOUND ( 'NONE', #7130, .T. ) ;
#9348 = CARTESIAN_POINT ( 'NONE',  ( 0.000000000000000000, 217.0000000000000284, -74.75000000000000000 ) ) ;
#9349 = CARTESIAN_POINT ( 'NONE',  ( 11.05875508359070558, 59.10999242430239065, -108.9624730440255860 ) ) ;
#9350 = CARTESIAN_POINT ( 'NONE',  ( 0.000000000000000000, 156.0000000000000000, 0.000000000000000000 ) ) ;
#9351 = CARTESIAN_POINT ( 'NONE',  ( 11.27662841389872206, 59.03069301722980811, -108.6725952114099982 ) ) ;
#9352 = ORIENTED_EDGE ( 'NONE', *, *, #1510, .F. ) ;
#9353 = FACE_OUTER_BOUND ( 'NONE', #9305, .T. ) ;
#9354 = VERTEX_POINT ( 'NONE', #8111 ) ;
#9355 = CARTESIAN_POINT ( 'NONE',  ( 10.24999999999523048, 2.928932188134526715, -129.2830808016391870 ) ) ;
#9356 = DIRECTION ( 'NONE',  ( 1.217349807703022609E-16, 0.000000000000000000, 1.000000000000000000 ) ) ;
#9357 = EDGE_CURVE ( 'NONE', #10700, #485, #10083, .T. ) ;
#9358 = FACE_OUTER_BOUND ( 'NONE', #2754, .T. ) ;
#9359 = CARTESIAN_POINT ( 'NONE',  ( 8.000000000000000000, 217.0000000000000284, -46.38000000000001677 ) ) ;
#9360 = DIRECTION ( 'NONE',  ( 0.000000000000000000, 0.000000000000000000, -1.000000000000000000 ) ) ;
#9361 = ORIENTED_EDGE ( 'NONE', *, *, #9864, .F. ) ;
#9362 = CARTESIAN_POINT ( 'NONE',  ( 5.839999999999999858, 30.73828822863979582, -55.48000000000000398 ) ) ;
#9363 = VERTEX_POINT ( 'NONE', #11822 ) ;
#9364 = AXIS2_PLACEMENT_3D ( 'NONE', #8239, #6399, #4400 ) ;
#9365 = EDGE_CURVE ( 'NONE', #267, #2673, #9900, .T. ) ;
#9366 = LINE ( 'NONE', #8461, #2532 ) ;
#9367 = ORIENTED_EDGE ( 'NONE', *, *, #11418, .T. ) ;
#9368 = CARTESIAN_POINT ( 'NONE',  ( 0.000000000000000000, 46.50000000000000000, -67.00000000000001421 ) ) ;
#9369 = EDGE_CURVE ( 'NONE', #3639, #10082, #666, .T. ) ;
#9370 = ORIENTED_EDGE ( 'NONE', *, *, #1867, .T. ) ;
#9371 = CARTESIAN_POINT ( 'NONE',  ( 15.00000000000000178, 226.6063717541368590, -129.9770213261361391 ) ) ;
#9372 = VECTOR ( 'NONE', #5242, 1000.000000000000000 ) ;
#9373 = PLANE ( 'NONE',  #10483 ) ;
#9374 = ORIENTED_EDGE ( 'NONE', *, *, #5580, .F. ) ;
#9375 = DIRECTION ( 'NONE',  ( 0.000000000000000000, 1.267377881992188131E-16, -1.000000000000000000 ) ) ;
#9376 = CARTESIAN_POINT ( 'NONE',  ( 8.000000000000000000, 82.99999999999998579, -122.0000000000000000 ) ) ;
#9377 = ORIENTED_EDGE ( 'NONE', *, *, #5605, .F. ) ;
#9378 = CARTESIAN_POINT ( 'NONE',  ( 0.000000000000000000, 224.9999999999998579, 0.000000000000000000 ) ) ;
#9379 = ORIENTED_EDGE ( 'NONE', *, *, #1934, .T. ) ;
#9380 = DIRECTION ( 'NONE',  ( -1.000000000000000000, 1.267377881992188377E-16, 1.638342670903701786E-32 ) ) ;
#9381 = EDGE_CURVE ( 'NONE', #4305, #4678, #10803, .T. ) ;
#9382 = VERTEX_POINT ( 'NONE', #1888 ) ;
#9383 = DIRECTION ( 'NONE',  ( 1.000000000000000000, -0.000000000000000000, -0.000000000000000000 ) ) ;
#9384 = LINE ( 'NONE', #3094, #1729 ) ;
#9385 = VECTOR ( 'NONE', #2261, 1000.000000000000000 ) ;
#9386 = EDGE_LOOP ( 'NONE', ( #4361, #861, #11332, #4526 ) ) ;
#9387 = EDGE_CURVE ( 'NONE', #883, #9600, #5241, .T. ) ;
#9388 = DIRECTION ( 'NONE',  ( 1.000000000000000000, -0.000000000000000000, -0.000000000000000000 ) ) ;
#9389 = ORIENTED_EDGE ( 'NONE', *, *, #6419, .F. ) ;
#9391 = ORIENTED_EDGE ( 'NONE', *, *, #6303, .T. ) ;
#9390 = CARTESIAN_POINT ( 'NONE',  ( 0.000000000000000000, 78.99999999999998579, -95.50000000000000000 ) ) ;
#9392 = EDGE_CURVE ( 'NONE', #6150, #11240, #1706, .T. ) ;
#9393 = CARTESIAN_POINT ( 'NONE',  ( 16.00000000000000000, 0.000000000000000000, 0.000000000000000000 ) ) ;
#9394 = PLANE ( 'NONE',  #6675 ) ;
#9395 = AXIS2_PLACEMENT_3D ( 'NONE', #4798, #11209, #11269 ) ;
#9396 = CYLINDRICAL_SURFACE ( 'NONE', #2196, 3.000000000000002665 ) ;
#9397 = ORIENTED_EDGE ( 'NONE', *, *, #10141, .F. ) ;
#9398 = PLANE ( 'NONE',  #7780 ) ;
#9399 = ORIENTED_EDGE ( 'NONE', *, *, #6489, .F. ) ;
#9400 = CARTESIAN_POINT ( 'NONE',  ( 0.000000000000000000, 78.99999999999998579, 0.000000000000000000 ) ) ;
#9401 = EDGE_CURVE ( 'NONE', #1974, #10479, #10310, .T. ) ;
#9402 = FACE_OUTER_BOUND ( 'NONE', #4538, .T. ) ;
#9403 = ORIENTED_EDGE ( 'NONE', *, *, #1817, .T. ) ;
#9405 = VERTEX_POINT ( 'NONE', #7408 ) ;
#9404 = LINE ( 'NONE', #4900, #10599 ) ;
#9406 = DIRECTION ( 'NONE',  ( 0.000000000000000000, 1.000000000000000000, -0.000000000000000000 ) ) ;
#9407 = DIRECTION ( 'NONE',  ( 0.000000000000000000, 0.000000000000000000, -1.000000000000000000 ) ) ;
#9408 = CARTESIAN_POINT ( 'NONE',  ( -0.000000000000000000, 2.639004897008045969, -1.752603144432387960 ) ) ;
#9409 = PLANE ( 'NONE',  #693 ) ;
#9410 = DIRECTION ( 'NONE',  ( 0.000000000000000000, 1.000000000000000000, 1.267377881992188131E-16 ) ) ;
#9411 = ADVANCED_FACE ( 'NONE', ( #7225 ), #9188, .T. ) ;
#9412 = EDGE_LOOP ( 'NONE', ( #2138, #1043 ) ) ;
#9413 = DIRECTION ( 'NONE',  ( -1.000000000000000000, -0.000000000000000000, -0.000000000000000000 ) ) ;
#9414 = EDGE_CURVE ( 'NONE', #6102, #7235, #8318, .T. ) ;
#9415 = ORIENTED_EDGE ( 'NONE', *, *, #6980, .F. ) ;
#9416 = DIRECTION ( 'NONE',  ( 0.000000000000000000, 0.000000000000000000, 1.000000000000000000 ) ) ;
#9417 = CARTESIAN_POINT ( 'NONE',  ( 8.000000000000000000, 217.0000000000000284, -71.38000000000000966 ) ) ;
#9418 = DIRECTION ( 'NONE',  ( 0.000000000000000000, 0.000000000000000000, 1.000000000000000000 ) ) ;
#9419 = ORIENTED_EDGE ( 'NONE', *, *, #11545, .F. ) ;
#9420 = EDGE_CURVE ( 'NONE', #3757, #6911, #5352, .T. ) ;
#9421 = PLANE ( 'NONE',  #714 ) ;
#9422 = AXIS2_PLACEMENT_3D ( 'NONE', #1725, #5311, #5371 ) ;
#9423 = ORIENTED_EDGE ( 'NONE', *, *, #1310, .F. ) ;
#9424 = VECTOR ( 'NONE', #7459, 1000.000000000000000 ) ;
#9425 = DIRECTION ( 'NONE',  ( 0.000000000000000000, 1.000000000000000000, 1.267377881992188131E-16 ) ) ;
#9426 = ORIENTED_EDGE ( 'NONE', *, *, #4300, .T. ) ;
#9427 = CARTESIAN_POINT ( 'NONE',  ( 13.00000000000000178, 226.9999999999999716, -38.49999999999999289 ) ) ;
#9428 = VERTEX_POINT ( 'NONE', #7292 ) ;
#9429 = AXIS2_PLACEMENT_3D ( 'NONE', #4192, #6124, #10012 ) ;
#9430 = CARTESIAN_POINT ( 'NONE',  ( 12.00000000000000711, 34.70916916570458000, -111.9800000000000040 ) ) ;
#9431 = DIRECTION ( 'NONE',  ( 0.000000000000000000, 0.000000000000000000, -1.000000000000000000 ) ) ;
#9432 = LINE ( 'NONE', #10203, #4943 ) ;
#9433 = ORIENTED_EDGE ( 'NONE', *, *, #5566, .F. ) ;
#9434 = FACE_OUTER_BOUND ( 'NONE', #44, .T. ) ;
#9435 = CARTESIAN_POINT ( 'NONE',  ( 15.00000000000000178, 234.9547626456271985, -7.951075232758492817 ) ) ;
#9436 = VERTEX_POINT ( 'NONE', #8052 ) ;
#9437 = EDGE_CURVE ( 'NONE', #791, #7851, #11699, .T. ) ;
#9438 = FACE_OUTER_BOUND ( 'NONE', #5321, .T. ) ;
#9439 = ORIENTED_EDGE ( 'NONE', *, *, #3846, .T. ) ;
#9440 = DIRECTION ( 'NONE',  ( 0.000000000000000000, -1.000000000000000000, 3.016910393003142859E-16 ) ) ;
#9441 = VERTEX_POINT ( 'NONE', #6324 ) ;
#9442 = CARTESIAN_POINT ( 'NONE',  ( 0.000000000000000000, 226.9999999999999716, -121.9999999999999716 ) ) ;
#9443 = CIRCLE ( 'NONE', #276, 6.120000000000000107 ) ;
#9444 = CARTESIAN_POINT ( 'NONE',  ( 16.00000000000000000, 20.70680969495466428, 3.221059285881714196 ) ) ;
#9445 = ORIENTED_EDGE ( 'NONE', *, *, #6799, .T. ) ;
#9446 = CARTESIAN_POINT ( 'NONE',  ( 4.750000000000000000, 226.6819805153394327, 0.000000000000000000 ) ) ;
#9447 = EDGE_LOOP ( 'NONE', ( #5729, #10357, #10464, #5389 ) ) ;
#9448 = CARTESIAN_POINT ( 'NONE',  ( 0.000000000000000000, 192.5000000000000000, 0.000000000000000000 ) ) ;
#9449 = EDGE_CURVE ( 'NONE', #5874, #633, #7163, .T. ) ;
#9450 = DIRECTION ( 'NONE',  ( 0.3420201433256638834, 0.9396926207859102043, 0.000000000000000000 ) ) ;
#9451 = AXIS2_PLACEMENT_3D ( 'NONE', #2101, #9458, #4106 ) ;
#9452 = CARTESIAN_POINT ( 'NONE',  ( 15.00000000000000000, 8.000000000000000000, -16.00000000000003197 ) ) ;
#9453 = ORIENTED_EDGE ( 'NONE', *, *, #10403, .F. ) ;
#9454 = EDGE_CURVE ( 'NONE', #8749, #10331, #6264, .T. ) ;
#9455 = CARTESIAN_POINT ( 'NONE',  ( 15.00000000000000533, 8.953622124505937308, -0.005866895454587779321 ) ) ;
#9456 = ORIENTED_EDGE ( 'NONE', *, *, #2759, .F. ) ;
#9457 = CARTESIAN_POINT ( 'NONE',  ( 56.31128874149275276, 154.4716895539514496, -17.45788136388649292 ) ) ;
#9458 = DIRECTION ( 'NONE',  ( -1.000000000000000000, 0.000000000000000000, 0.000000000000000000 ) ) ;
#9459 = ORIENTED_EDGE ( 'NONE', *, *, #8707, .T. ) ;
#9460 = AXIS2_PLACEMENT_3D ( 'NONE', #7872, #5170, #3100 ) ;
#9462 = ORIENTED_EDGE ( 'NONE', *, *, #6004, .F. ) ;
#9461 = CARTESIAN_POINT ( 'NONE',  ( -0.000000000000000000, 0.3691609211853301153, -124.3120182746050233 ) ) ;
#9463 = EDGE_CURVE ( 'NONE', #8933, #6401, #810, .T. ) ;
#9465 = ORIENTED_EDGE ( 'NONE', *, *, #2350, .T. ) ;
#9464 = CARTESIAN_POINT ( 'NONE',  ( 8.000000000000000000, 73.10504876423827625, -24.51360740926764592 ) ) ;
#9466 = LINE ( 'NONE', #7560, #11348 ) ;
#9467 = CARTESIAN_POINT ( 'NONE',  ( 0.000000000000000000, 9.094768074527671331, -5.590417451878372377E-17 ) ) ;
#9468 = DIRECTION ( 'NONE',  ( 0.000000000000000000, 1.000000000000000000, -0.000000000000000000 ) ) ;
#9469 = AXIS2_PLACEMENT_3D ( 'NONE', #1767, #11035, #2847 ) ;
#9470 = CARTESIAN_POINT ( 'NONE',  ( 15.00000000000000000, 235.0000000000000000, -129.9999999999999716 ) ) ;
#9471 = ORIENTED_EDGE ( 'NONE', *, *, #9306, .F. ) ;
#9472 = CYLINDRICAL_SURFACE ( 'NONE', #10569, 3.000000000000009770 ) ;
#9473 = ORIENTED_EDGE ( 'NONE', *, *, #8582, .T. ) ;
#9474 = EDGE_CURVE ( 'NONE', #9134, #1163, #871, .T. ) ;
#9475 = CARTESIAN_POINT ( 'NONE',  ( 16.00000000000000000, 203.4716895539514780, -75.45788136388648581 ) ) ;
#9476 = AXIS2_PLACEMENT_3D ( 'NONE', #11791, #9169, #9936 ) ;
#9477 = EDGE_CURVE ( 'NONE', #5403, #1087, #1103, .T. ) ;
#9478 = EDGE_CURVE ( 'NONE', #7715, #11486, #5044, .T. ) ;
#9479 = CARTESIAN_POINT ( 'NONE',  ( 12.99999999999997868, 46.50000000000004263, -91.50000000000001421 ) ) ;
#9480 = CARTESIAN_POINT ( 'NONE',  ( 16.00000000000000000, 154.4716895539514496, -17.45788136388649292 ) ) ;
#9481 = EDGE_LOOP ( 'NONE', ( #1961, #8357, #7910, #8611 ) ) ;
#9482 = DIRECTION ( 'NONE',  ( 0.000000000000000000, -1.000000000000000000, 0.000000000000000000 ) ) ;
#9483 = EDGE_LOOP ( 'NONE', ( #3110, #1001 ) ) ;
#9484 = VECTOR ( 'NONE', #4057, 1000.000000000000000 ) ;
#9485 = PLANE ( 'NONE',  #10734 ) ;
#9486 = DIRECTION ( 'NONE',  ( 0.000000000000000000, 0.000000000000000000, 1.000000000000000000 ) ) ;
#9487 = AXIS2_PLACEMENT_3D ( 'NONE', #1635, #7386, #1507 ) ;
#9488 = ADVANCED_FACE ( 'NONE', ( #3081 ), #8462, .T. ) ;
#9489 = FACE_OUTER_BOUND ( 'NONE', #3320, .T. ) ;
#9490 = AXIS2_PLACEMENT_3D ( 'NONE', #2487, #7167, #691 ) ;
#9491 = ORIENTED_EDGE ( 'NONE', *, *, #9544, .F. ) ;
#9492 = CARTESIAN_POINT ( 'NONE',  ( 0.000000000000000000, 188.5000000000000000, -95.49999999999998579 ) ) ;
#9493 = CARTESIAN_POINT ( 'NONE',  ( 15.00000000000000000, 234.7842402448759174, -6.429173036581817158 ) ) ;
#9494 = EDGE_LOOP ( 'NONE', ( #7142, #9977 ) ) ;
#9495 = LINE ( 'NONE', #1288, #8231 ) ;
#9496 = CIRCLE ( 'NONE', #3367, 5.500000000000032863 ) ;
#9497 = CARTESIAN_POINT ( 'NONE',  ( 16.00000000000000000, 130.8480050152814158, -41.50155645757715206 ) ) ;
#9498 = VERTEX_POINT ( 'NONE', #3795 ) ;
#9499 = LINE ( 'NONE', #3807, #566 ) ;
#9500 = VERTEX_POINT ( 'NONE', #7523 ) ;
#9501 = DIRECTION ( 'NONE',  ( 1.217349807703022609E-16, 0.000000000000000000, 1.000000000000000000 ) ) ;
#9502 = CARTESIAN_POINT ( 'NONE',  ( 14.86869354863674175, 58.23828822863978161, -28.51360740926766368 ) ) ;
#9503 = VECTOR ( 'NONE', #7355, 1000.000000000000114 ) ;
#9504 = ADVANCED_FACE ( 'NONE', ( #4683 ), #225, .T. ) ;
#9505 = DIRECTION ( 'NONE',  ( 4.713731853622286812E-16, 0.000000000000000000, 1.000000000000000000 ) ) ;
#9506 = DIRECTION ( 'NONE',  ( 1.000000000000000000, -0.000000000000000000, -0.000000000000000000 ) ) ;
#9507 = FACE_OUTER_BOUND ( 'NONE', #8030, .T. ) ;
#9508 = VERTEX_POINT ( 'NONE', #3973 ) ;
#9509 = CARTESIAN_POINT ( 'NONE',  ( 14.99999999999999822, 0.05907901251447175012, -7.748933260266702483 ) ) ;
#9510 = ORIENTED_EDGE ( 'NONE', *, *, #1068, .F. ) ;
#9511 = FACE_OUTER_BOUND ( 'NONE', #316, .T. ) ;
#9512 = AXIS2_PLACEMENT_3D ( 'NONE', #11495, #10593, #554 ) ;
#9513 = CIRCLE ( 'NONE', #2251, 3.000000000000002665 ) ;
#9514 = CARTESIAN_POINT ( 'NONE',  ( 15.00000000000000000, 226.9999999999999716, -8.000000000000001776 ) ) ;
#9515 = EDGE_CURVE ( 'NONE', #9967, #5399, #8684, .T. ) ;
#9516 = ORIENTED_EDGE ( 'NONE', *, *, #2652, .T. ) ;
#9517 = EDGE_CURVE ( 'NONE', #4571, #11783, #6565, .T. ) ;
#9518 = PLANE ( 'NONE',  #11756 ) ;
#9519 = AXIS2_PLACEMENT_3D ( 'NONE', #3336, #3402, #11483 ) ;
#9520 = AXIS2_PLACEMENT_3D ( 'NONE', #5577, #6369, #7391 ) ;
#9521 = LINE ( 'NONE', #317, #6281 ) ;
#9522 = DIRECTION ( 'NONE',  ( 0.000000000000000000, 0.000000000000000000, 1.000000000000000000 ) ) ;
#9523 = CARTESIAN_POINT ( 'NONE',  ( -0.000000000000000000, 5.843758583630570769, -0.3330920086010675241 ) ) ;
#9524 = DIRECTION ( 'NONE',  ( 0.000000000000000000, 0.000000000000000000, 1.000000000000000000 ) ) ;
#9525 = CARTESIAN_POINT ( 'NONE',  ( 8.000000000000000000, 115.4999999999999574, -34.50000000000000000 ) ) ;
#9526 = CARTESIAN_POINT ( 'NONE',  ( 11.16714491489485539, 34.40603470526907870, -108.8182616835456002 ) ) ;
#9527 = ORIENTED_EDGE ( 'NONE', *, *, #3172, .F. ) ;
#9528 = ORIENTED_EDGE ( 'NONE', *, *, #4598, .T. ) ;
#9529 = DIRECTION ( 'NONE',  ( 0.000000000000000000, 0.000000000000000000, 1.000000000000000000 ) ) ;
#9530 = ORIENTED_EDGE ( 'NONE', *, *, #10768, .T. ) ;
#9531 = CARTESIAN_POINT ( 'NONE',  ( 4.750000000000000000, 0.7169191983608357299, -127.0710678118655039 ) ) ;
#9532 = CIRCLE ( 'NONE', #4345, 2.750000000000002665 ) ;
#9533 = EDGE_CURVE ( 'NONE', #8110, #6161, #860, .T. ) ;
#9534 = AXIS2_PLACEMENT_3D ( 'NONE', #11538, #4353, #5013 ) ;
#9535 = AXIS2_PLACEMENT_3D ( 'NONE', #461, #6205, #6270 ) ;
#9536 = LINE ( 'NONE', #4799, #3127 ) ;
#9537 = ADVANCED_FACE ( 'NONE', ( #2129 ), #9304, .F. ) ;
#9538 = AXIS2_PLACEMENT_3D ( 'NONE', #4629, #10266, #1169 ) ;
#9539 = CARTESIAN_POINT ( 'NONE',  ( 12.99999999999998934, 127.8346015217705940, -38.50000000000000711 ) ) ;
#9540 = ORIENTED_EDGE ( 'NONE', *, *, #4178, .F. ) ;
#9541 = CARTESIAN_POINT ( 'NONE',  ( 12.99999999999997868, 15.74596669241484470, -10.00000000000001066 ) ) ;
#9542 = ORIENTED_EDGE ( 'NONE', *, *, #335, .T. ) ;
#9543 = DIRECTION ( 'NONE',  ( 0.000000000000000000, 1.000000000000000000, 1.267377881992188131E-16 ) ) ;
#9544 = EDGE_CURVE ( 'NONE', #2254, #1796, #8403, .T. ) ;
#9545 = CARTESIAN_POINT ( 'NONE',  ( 3.851859888774471706E-31, 8.000000000000000000, -115.8799999999999955 ) ) ;
#9546 = B_SPLINE_CURVE_WITH_KNOTS ( 'NONE', 3,
 ( #1017, #197, #8199, #5377, #7315, #5505 ),
 .UNSPECIFIED., .F., .F.,
 ( 4, 2, 4 ),
 ( 0.01617621574957436512, 0.01885598460543774085, 0.02153575346130112006 ),
 .UNSPECIFIED. ) ;
#9547 = DIRECTION ( 'NONE',  ( 0.000000000000000000, 0.000000000000000000, 1.000000000000000000 ) ) ;
#9548 = LINE ( 'NONE', #565, #7945 ) ;
#9549 = VECTOR ( 'NONE', #9616, 1000.000000000000000 ) ;
#9550 = EDGE_LOOP ( 'NONE', ( #2103, #1928, #7565, #6862, #946 ) ) ;
#9551 = FACE_OUTER_BOUND ( 'NONE', #2915, .T. ) ;
#9552 = DIRECTION ( 'NONE',  ( 0.000000000000000000, 1.000000000000000000, -0.000000000000000000 ) ) ;
#9553 = EDGE_CURVE ( 'NONE', #11652, #8775, #3916, .T. ) ;
#9554 = EDGE_LOOP ( 'NONE', ( #103, #4498, #3037, #2397 ) ) ;
#9555 = CARTESIAN_POINT ( 'NONE',  ( 8.000000000000000000, 10.00000000000000711, -122.0000000000000000 ) ) ;
#9556 = ADVANCED_FACE ( 'NONE', ( #1222 ), #1280, .F. ) ;
#9557 = DIRECTION ( 'NONE',  ( 0.000000000000000000, 0.000000000000000000, -1.000000000000000000 ) ) ;
#9558 = DIRECTION ( 'NONE',  ( 1.000000000000000000, -0.000000000000000000, -0.000000000000000000 ) ) ;
#9559 = CARTESIAN_POINT ( 'NONE',  ( 14.86869354863676307, 130.8480050152814158, -40.61255645757714916 ) ) ;
#9560 = DIRECTION ( 'NONE',  ( 1.000000000000000000, 0.000000000000000000, 0.000000000000000000 ) ) ;
#9561 = CARTESIAN_POINT ( 'NONE',  ( 56.31128874149275276, 102.9080050152813897, -37.61255645757714206 ) ) ;
#9562 = EDGE_LOOP ( 'NONE', ( #5055, #5488, #186, #1241, #7455, #3472, #8874, #6644 ) ) ;
#9563 = CARTESIAN_POINT ( 'NONE',  ( 26.34322221077056625, 39.62119164346512434, -118.7407858253224475 ) ) ;
#9564 = ORIENTED_EDGE ( 'NONE', *, *, #5695, .T. ) ;
#9565 = CARTESIAN_POINT ( 'NONE',  ( 14.86869354863676307, 203.4716895539514780, -78.45788136388648581 ) ) ;
#9566 = AXIS2_PLACEMENT_3D ( 'NONE', #2723, #6257, #11695 ) ;
#9567 = LINE ( 'NONE', #4782, #6189 ) ;
#9568 = EDGE_CURVE ( 'NONE', #2662, #2096, #5715, .T. ) ;
#9569 = ORIENTED_EDGE ( 'NONE', *, *, #7620, .F. ) ;
#9571 = ORIENTED_EDGE ( 'NONE', *, *, #7155, .T. ) ;
#9570 = CARTESIAN_POINT ( 'NONE',  ( 0.000000000000000000, 18.00000000000000000, -77.50000000000008527 ) ) ;
#9572 = CIRCLE ( 'NONE', #782, 6.120000000000000107 ) ;
#9573 = CARTESIAN_POINT ( 'NONE',  ( -0.000000000000000000, 234.6771417131202497, -124.1102918011471132 ) ) ;
#9574 = LINE ( 'NONE', #2331, #3510 ) ;
#9575 = LINE ( 'NONE', #1367, #6674 ) ;
#9576 = LINE ( 'NONE', #1370, #508 ) ;
#9577 = CARTESIAN_POINT ( 'NONE',  ( 8.000000000000000000, 0.000000000000000000, 0.000000000000000000 ) ) ;
#9578 = DIRECTION ( 'NONE',  ( 0.000000000000000000, 1.000000000000000000, 1.267377881992188131E-16 ) ) ;
#9579 = EDGE_LOOP ( 'NONE', ( #3322, #1732, #1219 ) ) ;
#9580 = ORIENTED_EDGE ( 'NONE', *, *, #11293, .F. ) ;
#9581 = DIRECTION ( 'NONE',  ( 0.000000000000000000, 0.000000000000000000, -1.000000000000000000 ) ) ;
#9582 = EDGE_CURVE ( 'NONE', #1974, #1604, #4805, .T. ) ;
#9583 = VECTOR ( 'NONE', #6188, 1000.000000000000000 ) ;
#9584 = CARTESIAN_POINT ( 'NONE',  ( -0.002000000000000265454, 10.00000000000000711, -15.74596669241486602 ) ) ;
#9585 = CIRCLE ( 'NONE', #6746, 6.120000000000014317 ) ;
#9586 = DIRECTION ( 'NONE',  ( -1.000000000000000000, -0.000000000000000000, -0.000000000000000000 ) ) ;
#9587 = EDGE_CURVE ( 'NONE', #6497, #9619, #3024, .T. ) ;
#9588 = DIRECTION ( 'NONE',  ( -1.000000000000000000, 0.000000000000000000, 0.000000000000000000 ) ) ;
#9589 = ORIENTED_EDGE ( 'NONE', *, *, #8079, .F. ) ;
#9590 = SURFACE_SIDE_STYLE ('',( #5941 ) ) ;
#9591 = EDGE_CURVE ( 'NONE', #4189, #6365, #337, .T. ) ;
#9592 = ORIENTED_EDGE ( 'NONE', *, *, #8950, .T. ) ;
#9593 = ORIENTED_EDGE ( 'NONE', *, *, #4056, .F. ) ;
#9594 = CARTESIAN_POINT ( 'NONE',  ( 16.00000000000000000, 20.37152769304129762, -24.51360740926765658 ) ) ;
#9595 = EDGE_CURVE ( 'NONE', #11394, #99, #7385, .T. ) ;
#9596 = VECTOR ( 'NONE', #2806, 1000.000000000000000 ) ;
#9597 = ORIENTED_EDGE ( 'NONE', *, *, #9357, .F. ) ;
#9598 = CARTESIAN_POINT ( 'NONE',  ( 16.00000000000000000, 154.4716895539514496, -75.45788136388650003 ) ) ;
#9599 = CARTESIAN_POINT ( 'NONE',  ( 12.99999999999998757, 226.9999999999999716, -121.9999999999999716 ) ) ;
#9600 = VERTEX_POINT ( 'NONE', #3595 ) ;
#9601 = DIRECTION ( 'NONE',  ( 0.000000000000000000, 0.000000000000000000, 1.000000000000000000 ) ) ;
#9602 = CARTESIAN_POINT ( 'NONE',  ( -0.000000000000000000, 234.6504647182852068, -5.771625857734936638 ) ) ;
#9603 =( BOUNDED_CURVE ( )  B_SPLINE_CURVE ( 3, ( #7962, #11613, #3405, #6167 ),
 .UNSPECIFIED., .F., .F. ) 
 B_SPLINE_CURVE_WITH_KNOTS ( ( 4, 4 ),
 ( 3.141592653589793116, 4.712388980384689674 ),
 .UNSPECIFIED. ) 
 CURVE ( )  GEOMETRIC_REPRESENTATION_ITEM ( )  RATIONAL_B_SPLINE_CURVE ( ( 1.000000000000000000, 0.8047378541243649375, 0.8047378541243649375, 1.000000000000000000 ) ) 
 REPRESENTATION_ITEM ( '' )  );
#9604 = ORIENTED_EDGE ( 'NONE', *, *, #6789, .T. ) ;
#9605 = DIRECTION ( 'NONE',  ( -1.000000000000000000, -0.000000000000000000, -0.000000000000000000 ) ) ;
#9606 = DIRECTION ( 'NONE',  ( 0.000000000000000000, 0.000000000000000000, 1.000000000000000000 ) ) ;
#9607 = CARTESIAN_POINT ( 'NONE',  ( 13.00000000000000178, 226.9999999999999716, -34.49999999999998579 ) ) ;
#9608 = DIRECTION ( 'NONE',  ( 0.000000000000000000, 0.000000000000000000, -1.000000000000000000 ) ) ;
#9609 = ADVANCED_FACE ( 'NONE', ( #910 ), #2885, .T. ) ;
#9610 = FACE_OUTER_BOUND ( 'NONE', #6342, .T. ) ;
#9611 = EDGE_CURVE ( 'NONE', #60, #1421, #145, .T. ) ;
#9612 = CARTESIAN_POINT ( 'NONE',  ( 8.000000000000003553, 192.5000000000000000, -91.49999999999998579 ) ) ;
#9613 = CIRCLE ( 'NONE', #7898, 8.000000000000005329 ) ;
#9614 = LINE ( 'NONE', #1356, #5091 ) ;
#9615 = ORIENTED_EDGE ( 'NONE', *, *, #11752, .T. ) ;
#9616 = DIRECTION ( 'NONE',  ( -1.267377881992188131E-16, -1.000000000000000000, -1.267377881992188131E-16 ) ) ;
#9617 = AXIS2_PLACEMENT_3D ( 'NONE', #3867, #346, #10332 ) ;
#9618 = DIRECTION ( 'NONE',  ( 0.000000000000000000, 0.000000000000000000, -1.000000000000000000 ) ) ;
#9619 = VERTEX_POINT ( 'NONE', #10899 ) ;
#9620 = AXIS2_PLACEMENT_3D ( 'NONE', #3397, #5865, #9522 ) ;
#9621 = LINE ( 'NONE', #5919, #5448 ) ;
#9622 = VECTOR ( 'NONE', #1137, 1000.000000000000000 ) ;
#9623 = DIRECTION ( 'NONE',  ( 0.000000000000000000, 0.000000000000000000, -1.000000000000000000 ) ) ;
#9624 = EDGE_CURVE ( 'NONE', #5408, #2984, #102, .T. ) ;
#9625 = CARTESIAN_POINT ( 'NONE',  ( 0.000000000000000000, 8.496496751003460758E-15, -67.00000000000001421 ) ) ;
#9626 = FACE_BOUND ( 'NONE', #165, .T. ) ;
#9627 = EDGE_LOOP ( 'NONE', ( #6937, #1952, #10804, #1897 ) ) ;
#9628 = DIRECTION ( 'NONE',  ( -0.9396926207859106484, 4.188538737676914728E-17, -0.3420201433256624401 ) ) ;
#9629 = FACE_OUTER_BOUND ( 'NONE', #9728, .T. ) ;
#9630 = EDGE_LOOP ( 'NONE', ( #1396, #6994, #1941, #6887 ) ) ;
#9631 = ORIENTED_EDGE ( 'NONE', *, *, #4105, .F. ) ;
#9632 = DIRECTION ( 'NONE',  ( 1.000000000000000000, -0.000000000000000000, -0.000000000000000000 ) ) ;
#9633 = AXIS2_PLACEMENT_3D ( 'NONE', #1407, #7656, #11297 ) ;
#9634 = CIRCLE ( 'NONE', #6408, 5.500000000000032863 ) ;
#9635 = ORIENTED_EDGE ( 'NONE', *, *, #990, .T. ) ;
#9636 = CARTESIAN_POINT ( 'NONE',  ( 15.00000000000000000, 117.5000000000000000, -8.000000000000015987 ) ) ;
#9637 = EDGE_CURVE ( 'NONE', #6243, #8292, #3535, .T. ) ;
#9638 = AXIS2_PLACEMENT_3D ( 'NONE', #8705, #8948, #2483 ) ;
#9639 = DIRECTION ( 'NONE',  ( 2.168404344971006896E-16, -1.062518129035793399E-14, 1.000000000000000000 ) ) ;
#9640 = LINE ( 'NONE', #10539, #10461 ) ;
#9641 = ORIENTED_EDGE ( 'NONE', *, *, #826, .F. ) ;
#9642 = ORIENTED_EDGE ( 'NONE', *, *, #11770, .T. ) ;
#9643 = ORIENTED_EDGE ( 'NONE', *, *, #11707, .F. ) ;
#9644 = DIRECTION ( 'NONE',  ( 0.000000000000000000, -0.000000000000000000, 1.000000000000000000 ) ) ;
#9645 = EDGE_LOOP ( 'NONE', ( #5733, #9053 ) ) ;
#9646 = ADVANCED_FACE ( 'NONE', ( #8208 ), #7200, .F. ) ;
#9647 = CARTESIAN_POINT ( 'NONE',  ( 15.75000000000000000, 234.2830808016391870, -2.928932188134526271 ) ) ;
#9648 = EDGE_CURVE ( 'NONE', #5598, #2462, #6417, .T. ) ;
#9649 = DIRECTION ( 'NONE',  ( -1.267377881992188131E-16, -1.000000000000000000, -1.267377881992188131E-16 ) ) ;
#9650 = VECTOR ( 'NONE', #11580, 1000.000000000000000 ) ;
#9651 = LINE ( 'NONE', #7861, #5516 ) ;
#9652 = CARTESIAN_POINT ( 'NONE',  ( 0.000000000000000000, 156.0000000000000000, -38.50000000000000000 ) ) ;
#9653 = PLANE ( 'NONE',  #5500 ) ;
#9654 = ORIENTED_EDGE ( 'NONE', *, *, #3981, .F. ) ;
#9655 = DIRECTION ( 'NONE',  ( 0.000000000000000000, 1.000000000000000000, -0.000000000000000000 ) ) ;
#9656 = DIRECTION ( 'NONE',  ( 0.000000000000000000, 1.267377881992188131E-16, -1.000000000000000000 ) ) ;
#9657 = EDGE_CURVE ( 'NONE', #1374, #9299, #11075, .T. ) ;
#9658 = CARTESIAN_POINT ( 'NONE',  ( 8.000000000000000000, 78.99999999999995737, -63.00000000000000000 ) ) ;
#9659 = CIRCLE ( 'NONE', #7196, 8.000000000000005329 ) ;
#9660 = DIRECTION ( 'NONE',  ( 1.000000000000000000, -0.000000000000000000, -0.000000000000000000 ) ) ;
#9661 = AXIS2_PLACEMENT_3D ( 'NONE', #7588, #5664, #11045 ) ;
#9662 = DIRECTION ( 'NONE',  ( 1.000000000000000000, 0.000000000000000000, 0.000000000000000000 ) ) ;
#9663 = CARTESIAN_POINT ( 'NONE',  ( 12.99999999999998401, 87.66800501528138057, -95.09270528624620056 ) ) ;
#9664 = EDGE_CURVE ( 'NONE', #11389, #2598, #967, .T. ) ;
#9665 = PLANE ( 'NONE',  #7413 ) ;
#9666 = ORIENTED_EDGE ( 'NONE', *, *, #538, .T. ) ;
#9667 = DIRECTION ( 'NONE',  ( 0.000000000000000000, 0.000000000000000000, -1.000000000000000000 ) ) ;
#9668 = CARTESIAN_POINT ( 'NONE',  ( 16.00000000000000000, 39.65328822863979497, -118.4194297400666187 ) ) ;
#9669 = ADVANCED_FACE ( 'NONE', ( #6545 ), #3147, .T. ) ;
#9670 = AXIS2_PLACEMENT_3D ( 'NONE', #9740, #1602, #8728 ) ;
#9671 = VERTEX_POINT ( 'NONE', #2707 ) ;
#9672 = DIRECTION ( 'NONE',  ( -1.000000000000000000, 0.000000000000000000, 0.000000000000000000 ) ) ;
#9674 = VERTEX_POINT ( 'NONE', #10177 ) ;
#9673 = CARTESIAN_POINT ( 'NONE',  ( 5.839999999999999858, 130.8480050152814158, -40.61255645757714916 ) ) ;
#9675 = CARTESIAN_POINT ( 'NONE',  ( 10.52301057019735886, 85.59439930128925766, -95.50000000000002842 ) ) ;
#9676 = CARTESIAN_POINT ( 'NONE',  ( -0.000000000000000000, 229.8023145233736670, -129.5030772555375904 ) ) ;
#9677 = DIRECTION ( 'NONE',  ( 1.000000000000000000, -0.000000000000000000, -0.000000000000000000 ) ) ;
#9678 = ORIENTED_EDGE ( 'NONE', *, *, #11735, .T. ) ;
#9679 = CARTESIAN_POINT ( 'NONE',  ( 56.31128874149275276, 62.73828822863980292, -52.47999999999997556 ) ) ;
#9680 = AXIS2_PLACEMENT_3D ( 'NONE', #8473, #5543, #2911 ) ;
#9681 = VERTEX_POINT ( 'NONE', #79 ) ;
#9682 = CARTESIAN_POINT ( 'NONE',  ( 14.86869354863678439, 73.10504876423827625, -27.51360740926764947 ) ) ;
#9683 = LINE ( 'NONE', #5135, #8752 ) ;
#9684 = VERTEX_POINT ( 'NONE', #1742 ) ;
#9685 = ORIENTED_EDGE ( 'NONE', *, *, #10171, .T. ) ;
#9686 = FACE_OUTER_BOUND ( 'NONE', #2516, .T. ) ;
#9687 = EDGE_CURVE ( 'NONE', #2608, #8727, #6795, .T. ) ;
#9688 = ADVANCED_FACE ( 'NONE', ( #6362 ), #11017, .F. ) ;
#9689 = ORIENTED_EDGE ( 'NONE', *, *, #10065, .T. ) ;
#9690 = AXIS2_PLACEMENT_3D ( 'NONE', #9298, #7463, #10074 ) ;
#9691 = CIRCLE ( 'NONE', #9882, 1.142999999999998240 ) ;
#9692 = AXIS2_PLACEMENT_3D ( 'NONE', #8012, #772, #10757 ) ;
#9693 = DIRECTION ( 'NONE',  ( 1.000000000000000000, 0.000000000000000000, 0.000000000000000000 ) ) ;
#9694 = FACE_OUTER_BOUND ( 'NONE', #11141, .T. ) ;
#9695 = DIRECTION ( 'NONE',  ( -1.000000000000000000, 0.000000000000000000, 2.434699615406045218E-16 ) ) ;
#9696 = VECTOR ( 'NONE', #6492, 1000.000000000000000 ) ;
#9697 = VECTOR ( 'NONE', #1538, 1000.000000000000000 ) ;
#9698 = ORIENTED_EDGE ( 'NONE', *, *, #10078, .F. ) ;
#9699 = AXIS2_PLACEMENT_3D ( 'NONE', #10678, #8890, #815 ) ;
#9700 = CARTESIAN_POINT ( 'NONE',  ( 16.00000000000000000, 20.37152769304129762, -23.37060740926766300 ) ) ;
#9701 = ORIENTED_EDGE ( 'NONE', *, *, #3342, .F. ) ;
#9702 = EDGE_CURVE ( 'NONE', #1630, #1426, #9284, .T. ) ;
#9703 = B_SPLINE_CURVE_WITH_KNOTS ( 'NONE', 3,
 ( #6890, #5861, #417, #3572, #7244, #1593, #6152, #9976 ),
 .UNSPECIFIED., .F., .F.,
 ( 4, 2, 2, 4 ),
 ( 7.862134783044942236E-07, 0.002939733420552286067, 0.004409207024089274035, 0.005878680627626263304 ),
 .UNSPECIFIED. ) ;
#9704 = CARTESIAN_POINT ( 'NONE',  ( -0.7500000000000006661, 224.9999999999999716, 0.000000000000000000 ) ) ;
#9705 = EDGE_LOOP ( 'NONE', ( #7955, #5533, #6932, #10318 ) ) ;
#9706 = CARTESIAN_POINT ( 'NONE',  ( 8.000000000000000000, 224.9999999999999147, -38.49999999999999289 ) ) ;
#9707 = ORIENTED_EDGE ( 'NONE', *, *, #11213, .F. ) ;
#9708 = DIRECTION ( 'NONE',  ( -1.000000000000000000, -0.000000000000000000, -0.000000000000000000 ) ) ;
#9709 = FACE_OUTER_BOUND ( 'NONE', #5977, .T. ) ;
#9710 = ADVANCED_FACE ( 'NONE', ( #6424 ), #5513, .F. ) ;
#9711 = CARTESIAN_POINT ( 'NONE',  ( 0.000000000000000000, 234.7393942252364809, -6.167515286892226278 ) ) ;
#9712 = VERTEX_POINT ( 'NONE', #5386 ) ;
#9713 = DIRECTION ( 'NONE',  ( -1.000000000000000000, -0.000000000000000000, -0.000000000000000000 ) ) ;
#9714 = EDGE_CURVE ( 'NONE', #4256, #5772, #9048, .T. ) ;
#9715 = DIRECTION ( 'NONE',  ( 0.000000000000000000, 0.000000000000000000, 1.000000000000000000 ) ) ;
#9716 = AXIS2_PLACEMENT_3D ( 'NONE', #2155, #2099, #7660 ) ;
#9717 = CARTESIAN_POINT ( 'NONE',  ( 14.86869354863676307, 30.73828822863979582, -52.47999999999998977 ) ) ;
#9718 = CARTESIAN_POINT ( 'NONE',  ( 16.00000000000000000, 203.4716895539514780, -75.45788136388648581 ) ) ;
#9719 = CARTESIAN_POINT ( 'NONE',  ( 11.81545361521385473, 88.12438922231092420, -95.49999999999997158 ) ) ;
#9720 = DIRECTION ( 'NONE',  ( -1.000000000000000000, -0.000000000000000000, -0.000000000000000000 ) ) ;
#9721 = EDGE_CURVE ( 'NONE', #11092, #1974, #4235, .T. ) ;
#9722 = DIRECTION ( 'NONE',  ( 1.217349807703022609E-16, 0.000000000000000000, 1.000000000000000000 ) ) ;
#9723 = ORIENTED_EDGE ( 'NONE', *, *, #10440, .T. ) ;
#9724 = CARTESIAN_POINT ( 'NONE',  ( 56.31128874149275276, 130.8480050152814158, -37.61255645757714206 ) ) ;
#9725 = ORIENTED_EDGE ( 'NONE', *, *, #7226, .F. ) ;
#9726 = DIRECTION ( 'NONE',  ( -0.9396926207859100932, 0.000000000000000000, -0.3420201433256641055 ) ) ;
#9727 = CIRCLE ( 'NONE', #756, 2.749999999999995559 ) ;
#9728 = EDGE_LOOP ( 'NONE', ( #4325, #10630, #3678, #4876 ) ) ;
#9730 = ORIENTED_EDGE ( 'NONE', *, *, #836, .F. ) ;
#9729 = CARTESIAN_POINT ( 'NONE',  ( 0.000000000000000000, 0.000000000000000000, -120.0000000000000568 ) ) ;
#9731 = CYLINDRICAL_SURFACE ( 'NONE', #7241, 0.8890000000000009006 ) ;
#9732 = DIRECTION ( 'NONE',  ( 0.000000000000000000, 0.000000000000000000, 1.000000000000000000 ) ) ;
#9733 = CLOSED_SHELL ( 'NONE', ( #11137, #10017, #7380, #2499, #2947, #10941, #374, #9960, #6723, #7711, #11631, #4583, #4717, #3974, #3784, #9688, #115, #11144, #9074, #2578, #4378, #7212, #8273, #10609, #10660, #3334, #8255, #5860, #9556, #4703, #9140, #10252, #1566, #8008, #3810, #26, #4524, #1139, #10428, #530, #9908, #9000, #1549, #2344, #6103, #6810, #11473, #6377, #8970, #2931, #198, #8955, #5080, #9850, #9273, #7242, #4704, #4037, #8336, #3860, #3714, #9411, #1212, #10966, #3917, #1104, #6758, #4997, #3559, #2421, #5424, #9254, #5343, #11306, #6093, #1612, #1727, #6651, #904, #10589, #7137, #6249, #3221, #8781, #9317, #7653, #7287, #285, #2954, #10900, #2208, #754, #6858, #1978, #10031, #5011, #8454, #10692, #4446, #6404, #7366, #6632, #6998, #7477, #527, #2045, #9190, #9669, #7935, #9924, #8747, #2745, #976, #1698, #10894, #4403, #11046, #8094, #8285, #1855, #4228, #4869, #3245, #663, #811, #1768, #3141, #8107, #5824, #10351, #11777, #6956, #1482, #1800, #1031, #7047, #5281, #5125, #3387, #8885, #4480, #10484, #5341, #3729, #4514, #6463, #3549, #11114, #9488, #8510, #11501, #2385, #8760, #1462, #6613, #1987, #5798, #6144, #3047, #5748, #7123, #2195, #465, #8797, #1281, #1108, #9750, #808, #2805, #3109, #7466, #7856, #5939, #7440, #11374, #3360, #5917, #11516, #10385, #8967, #512, #11634, #8590, #4718, #8404, #7685, #6387, #3025, #2400, #1429, #1707, #820, #3935, #6886, #8455, #6078, #1378, #4955, #1025, #10938, #164, #9189, #9969, #9105, #924, #6309, #8811, #2368, #9326, #8871, #5949, #9949, #7779, #1783, #6889, #553, #3166, #8835, #10850, #8091, #4975, #441, #6747, #6951, #4417, #9609, #1801, #10262, #9504, #10345, #5536, #326, #11248, #3451, #2550, #9887, #312, #8898, #4549, #11355, #11076, #258, #3291, #69, #1740, #2478, #6983, #11649, #2311, #5477, #7335, #472, #1712, #3489, #4631, #10217, #3835, #1171, #3062, #5063, #1643, #3918, #1909, #11431, #11260, #7844, #7632, #7055, #8468, #3888, #7227, #2610, #10834, #1639, #6202, #1162, #2142, #9646, #10129, #6061, #8822, #2239, #2279, #3388, #3082, #10968, #10601, #8222, #7101, #4461, #314, #5203, #4486, #3622, #5301, #2894, #8924, #4501, #8188, #8602, #9537, #2054, #2523, #3591, #8442, #6502, #5132, #1776, #1846, #1353, #6965, #8524, #2595, #11436, #7014, #2016, #6935, #5833, #11339, #1591, #10755, #331, #6265, #5944, #4021, #419, #1053, #10128, #851, #9804, #11278, #10983, #6875, #8128, #6771, #7655, #11494, #8321, #4164, #7710, #8243, #15, #3101, #9025, #4151, #5553, #11620, #11528, #3587, #2681, #7625, #5157, #8723, #6331, #9710, #10952, #9737, #8377, #4897, #729, #6474, #9126, #3682, #10627, #4828, #10867, #381, #906, #8115, #350, #10258 ) ) ;
#9734 = LINE ( 'NONE', #589, #5225 ) ;
#9735 = ORIENTED_EDGE ( 'NONE', *, *, #657, .F. ) ;
#9736 = DIRECTION ( 'NONE',  ( -1.000000000000000000, -0.000000000000000000, -0.000000000000000000 ) ) ;
#9737 = ADVANCED_FACE ( 'NONE', ( #7011, #6845 ), #9746, .F. ) ;
#9738 = B_SPLINE_CURVE_WITH_KNOTS ( 'NONE', 3,
 ( #160, #3118, #11315, #6784, #3732, #10421, #2228, #2842, #9526, #11236 ),
 .UNSPECIFIED., .F., .F.,
 ( 4, 2, 2, 2, 4 ),
 ( 2.418142213792243051E-07, 0.002205808198365943103, 0.003308591390438239514, 0.003859982986474369288, 0.004411374582510498195 ),
 .UNSPECIFIED. ) ;
#9739 = ORIENTED_EDGE ( 'NONE', *, *, #1132, .T. ) ;
#9740 = CARTESIAN_POINT ( 'NONE',  ( 0.000000000000000000, 8.000000000000000000, -122.0000000000000000 ) ) ;
#9741 = LINE ( 'NONE', #6044, #546 ) ;
#9742 = ORIENTED_EDGE ( 'NONE', *, *, #4213, .T. ) ;
#9743 = VERTEX_POINT ( 'NONE', #3341 ) ;
#9744 = DIRECTION ( 'NONE',  ( 1.000000000000000000, -0.000000000000000000, 0.000000000000000000 ) ) ;
#9745 = VECTOR ( 'NONE', #7673, 1000.000000000000000 ) ;
#9746 = PLANE ( 'NONE',  #6020 ) ;
#9747 = CARTESIAN_POINT ( 'NONE',  ( 15.00000000000000000, 226.9999999999999716, -124.7499999999999716 ) ) ;
#9748 = CARTESIAN_POINT ( 'NONE',  ( 7.990000000000000213, 18.00000000000000000, -77.50000000000008527 ) ) ;
#9749 = EDGE_CURVE ( 'NONE', #9288, #812, #8682, .T. ) ;
#9750 = ADVANCED_FACE ( 'NONE', ( #4176 ), #3285, .T. ) ;
#9751 = LINE ( 'NONE', #8863, #6277 ) ;
#9752 = FACE_OUTER_BOUND ( 'NONE', #6231, .T. ) ;
#9753 = AXIS2_PLACEMENT_3D ( 'NONE', #1711, #630, #7168 ) ;
#9754 = ORIENTED_EDGE ( 'NONE', *, *, #4275, .F. ) ;
#9755 = EDGE_LOOP ( 'NONE', ( #6407, #6913, #8660, #7842 ) ) ;
#9756 = EDGE_LOOP ( 'NONE', ( #2973, #4950 ) ) ;
#9757 = CARTESIAN_POINT ( 'NONE',  ( 15.75000000000000000, 6.636038969321073289, 3.903127820947815962E-16 ) ) ;
#9758 = CARTESIAN_POINT ( 'NONE',  ( 56.31128874149275276, 58.23828822863978161, -20.51360740926767079 ) ) ;
#9759 = ORIENTED_EDGE ( 'NONE', *, *, #4569, .F. ) ;
#9760 = LINE ( 'NONE', #11632, #11084 ) ;
#9761 = ORIENTED_EDGE ( 'NONE', *, *, #7553, .F. ) ;
#9762 = CARTESIAN_POINT ( 'NONE',  ( 0.000000000000000000, 8.496496751003460758E-15, -95.50000000000001421 ) ) ;
#9763 = EDGE_CURVE ( 'NONE', #9115, #8886, #2781, .T. ) ;
#9764 = DIRECTION ( 'NONE',  ( 0.9396107836348561726, 0.3399548345460183252, 0.03952576053513463805 ) ) ;
#9765 = LINE ( 'NONE', #4317, #5848 ) ;
#9766 = DIRECTION ( 'NONE',  ( -2.434699615406045218E-16, 0.000000000000000000, -1.000000000000000000 ) ) ;
#9767 = CARTESIAN_POINT ( 'NONE',  ( 8.000000000000000000, 115.4999999999999858, -122.0000000000000000 ) ) ;
#9768 = VERTEX_POINT ( 'NONE', #600 ) ;
#9769 = ORIENTED_EDGE ( 'NONE', *, *, #8119, .T. ) ;
#9770 = FACE_OUTER_BOUND ( 'NONE', #8785, .T. ) ;
#9771 = ORIENTED_EDGE ( 'NONE', *, *, #10320, .F. ) ;
#9772 = VECTOR ( 'NONE', #10376, 1000.000000000000000 ) ;
#9773 = CYLINDRICAL_SURFACE ( 'NONE', #7758, 0.8890000000000009006 ) ;
#9774 = FACE_OUTER_BOUND ( 'NONE', #969, .T. ) ;
#9775 = EDGE_CURVE ( 'NONE', #2949, #1250, #4231, .T. ) ;
#9776 = B_SPLINE_CURVE_WITH_KNOTS ( 'NONE', 3,
 ( #5548, #3635, #9149, #2797 ),
 .UNSPECIFIED., .F., .F.,
 ( 4, 4 ),
 ( 0.02100885060399364582, 0.02635585088552277327 ),
 .UNSPECIFIED. ) ;
#9777 = DIRECTION ( 'NONE',  ( 0.000000000000000000, -1.000000000000000000, 0.000000000000000000 ) ) ;
#9778 = EDGE_LOOP ( 'NONE', ( #468, #448, #2351, #7736 ) ) ;
#9779 = FACE_OUTER_BOUND ( 'NONE', #9214, .T. ) ;
#9780 = EDGE_LOOP ( 'NONE', ( #178, #9057 ) ) ;
#9781 = CARTESIAN_POINT ( 'NONE',  ( 8.000000000000000000, 62.73828822863980292, -106.4799999999999898 ) ) ;
#9782 = ORIENTED_EDGE ( 'NONE', *, *, #2759, .T. ) ;
#9783 = CARTESIAN_POINT ( 'NONE',  ( 16.00000000000000000, 0.000000000000000000, 0.000000000000000000 ) ) ;
#9784 = VECTOR ( 'NONE', #3232, 1000.000000000000000 ) ;
#9785 = ORIENTED_EDGE ( 'NONE', *, *, #2669, .T. ) ;
#9786 = EDGE_CURVE ( 'NONE', #10355, #7161, #6614, .T. ) ;
#9788 = ORIENTED_EDGE ( 'NONE', *, *, #11446, .T. ) ;
#9787 = CARTESIAN_POINT ( 'NONE',  ( 10.28363739374354502, 82.99999999999998579, -91.50000000000000000 ) ) ;
#9789 = FACE_OUTER_BOUND ( 'NONE', #9144, .T. ) ;
#9790 = LINE ( 'NONE', #649, #2645 ) ;
#9791 = CARTESIAN_POINT ( 'NONE',  ( 11.21499885006686803, 89.10677971852780388, -95.50000000000001421 ) ) ;
#9792 = AXIS2_PLACEMENT_3D ( 'NONE', #8263, #9632, #8733 ) ;
#9793 = DIRECTION ( 'NONE',  ( 0.000000000000000000, 0.000000000000000000, 1.000000000000000000 ) ) ;
#9794 = LINE ( 'NONE', #1600, #10654 ) ;
#9795 = ORIENTED_EDGE ( 'NONE', *, *, #1402, .F. ) ;
#9796 = FACE_OUTER_BOUND ( 'NONE', #3491, .T. ) ;
#9797 = CARTESIAN_POINT ( 'NONE',  ( 12.99999999999998757, 119.5000000000000284, -95.50000000000000000 ) ) ;
#9798 = ORIENTED_EDGE ( 'NONE', *, *, #8918, .T. ) ;
#9799 = ORIENTED_EDGE ( 'NONE', *, *, #742, .T. ) ;
#9800 = CARTESIAN_POINT ( 'NONE',  ( 8.000000000000000000, 156.0000000000000000, -122.0000000000000000 ) ) ;
#9801 = VERTEX_POINT ( 'NONE', #5988 ) ;
#9802 = AXIS2_PLACEMENT_3D ( 'NONE', #3126, #5879, #2896 ) ;
#9803 = CIRCLE ( 'NONE', #6400, 5.500000000000032863 ) ;
#9804 = ADVANCED_FACE ( 'NONE', ( #491 ), #3180, .F. ) ;
#9805 = CARTESIAN_POINT ( 'NONE',  ( 15.00000000000000000, 0.000000000000000000, 0.000000000000000000 ) ) ;
#9806 = DIRECTION ( 'NONE',  ( -0.000000000000000000, -0.07710059492488814670, -0.9970233188156776283 ) ) ;
#9807 = DIRECTION ( 'NONE',  ( 1.000000000000000000, -0.000000000000000000, -2.434699615406045218E-16 ) ) ;
#9808 = AXIS2_PLACEMENT_3D ( 'NONE', #7618, #5810, #9283 ) ;
#9809 = VECTOR ( 'NONE', #1642, 1000.000000000000000 ) ;
#9810 = FACE_OUTER_BOUND ( 'NONE', #4729, .T. ) ;
#9811 = FACE_OUTER_BOUND ( 'NONE', #10990, .T. ) ;
#9812 = EDGE_CURVE ( 'NONE', #10158, #5622, #8858, .T. ) ;
#9813 = EDGE_LOOP ( 'NONE', ( #9052, #7667, #7595, #8041 ) ) ;
#9814 = ORIENTED_EDGE ( 'NONE', *, *, #8703, .F. ) ;
#9815 = VERTEX_POINT ( 'NONE', #1548 ) ;
#9816 = CARTESIAN_POINT ( 'NONE',  ( 13.00000000000000178, 226.9999999999999716, -62.99999999999998579 ) ) ;
#9817 = LINE ( 'NONE', #11684, #5704 ) ;
#9818 = VERTEX_POINT ( 'NONE', #2399 ) ;
#9819 = EDGE_CURVE ( 'NONE', #2659, #8604, #108, .T. ) ;
#9820 = EDGE_CURVE ( 'NONE', #1619, #3446, #1490, .T. ) ;
#9821 = EDGE_LOOP ( 'NONE', ( #3905, #6310, #8620, #7638 ) ) ;
#9822 = AXIS2_PLACEMENT_3D ( 'NONE', #9965, #7046, #10930 ) ;
#9823 = DIRECTION ( 'NONE',  ( -1.000000000000000000, -0.000000000000000000, -0.000000000000000000 ) ) ;
#9824 = AXIS2_PLACEMENT_3D ( 'NONE', #5774, #4751, #2064 ) ;
#9825 = VERTEX_POINT ( 'NONE', #5140 ) ;
#9826 = CARTESIAN_POINT ( 'NONE',  ( 13.00000000000000888, 32.27391778573066716, -34.50000000000000711 ) ) ;
#9827 = CYLINDRICAL_SURFACE ( 'NONE', #3679, 6.120000000000000107 ) ;
#9828 = LINE ( 'NONE', #7033, #7999 ) ;
#9829 = DIRECTION ( 'NONE',  ( 0.000000000000000000, 0.000000000000000000, -1.000000000000000000 ) ) ;
#9830 = DIRECTION ( 'NONE',  ( 0.000000000000000000, 1.267377881992188131E-16, -1.000000000000000000 ) ) ;
#9831 = DIRECTION ( 'NONE',  ( 0.000000000000000000, 0.000000000000000000, -1.000000000000000000 ) ) ;
#9832 = ORIENTED_EDGE ( 'NONE', *, *, #4924, .F. ) ;
#9833 = EDGE_LOOP ( 'NONE', ( #6855, #4625, #9948, #10865 ) ) ;
#9834 = CYLINDRICAL_SURFACE ( 'NONE', #2564, 3.000000000000002665 ) ;
#9835 = EDGE_CURVE ( 'NONE', #10204, #7972, #7075, .T. ) ;
#9836 = EDGE_CURVE ( 'NONE', #9068, #10333, #10711, .T. ) ;
#9837 = ORIENTED_EDGE ( 'NONE', *, *, #2585, .F. ) ;
#9838 = CARTESIAN_POINT ( 'NONE',  ( 12.99999999999999467, 152.0000000000000000, -95.50000000000000000 ) ) ;
#9839 = CIRCLE ( 'NONE', #1626, 2.750000000000002665 ) ;
#9840 = CARTESIAN_POINT ( 'NONE',  ( -0.002000000000000265454, 226.9999999999999716, -16.00000000000000711 ) ) ;
#9841 = DIRECTION ( 'NONE',  ( 0.000000000000000000, 0.000000000000000000, -1.000000000000000000 ) ) ;
#9842 = CARTESIAN_POINT ( 'NONE',  ( 14.86869354863674175, 35.23828822863978161, -28.51360740926766368 ) ) ;
#9843 = EDGE_LOOP ( 'NONE', ( #10595, #11807, #1189, #11116 ) ) ;
#9844 = CARTESIAN_POINT ( 'NONE',  ( 13.00000000000001421, 188.5000000000000000, -8.000000000000001776 ) ) ;
#9845 = ORIENTED_EDGE ( 'NONE', *, *, #5639, .T. ) ;
#9846 = CARTESIAN_POINT ( 'NONE',  ( 3.300000000000000711, 20.37152769304129762, -23.37060740926766300 ) ) ;
#9847 = ORIENTED_EDGE ( 'NONE', *, *, #8393, .F. ) ;
#9848 = CARTESIAN_POINT ( 'NONE',  ( 24.00000000000000000, 39.65328822863979497, 0.000000000000000000 ) ) ;
#9849 = AXIS2_PLACEMENT_3D ( 'NONE', #873, #7104, #3497 ) ;
#9850 = ADVANCED_FACE ( 'NONE', ( #2520 ), #1325, .T. ) ;
#9851 = PLANE ( 'NONE',  #3436 ) ;
#9852 = PLANE ( 'NONE',  #255 ) ;
#9853 = AXIS2_PLACEMENT_3D ( 'NONE', #3252, #4875, #10442 ) ;
#9855 = ORIENTED_EDGE ( 'NONE', *, *, #2904, .F. ) ;
#9854 = CARTESIAN_POINT ( 'NONE',  ( -0.7500000000000006661, 226.6819805153394327, -130.0000000000000000 ) ) ;
#9856 = CARTESIAN_POINT ( 'NONE',  ( 8.000000000000000000, 93.16730984652038217, -91.50000000000000000 ) ) ;
#9857 = CARTESIAN_POINT ( 'NONE',  ( 13.00000000000001243, 117.5000000000000000, -16.00000000000002132 ) ) ;
#9858 = CARTESIAN_POINT ( 'NONE',  ( 8.000000000000000000, 60.07901569430931232, -120.0000000000000142 ) ) ;
#9859 = PLANE ( 'NONE',  #8498 ) ;
#9860 = DIRECTION ( 'NONE',  ( -1.267377881992188131E-16, -1.000000000000000000, -1.267377881992188131E-16 ) ) ;
#9861 = ORIENTED_EDGE ( 'NONE', *, *, #7409, .F. ) ;
#9862 = DIRECTION ( 'NONE',  ( 1.000000000000000000, 0.000000000000000000, 0.000000000000000000 ) ) ;
#9863 = DIRECTION ( 'NONE',  ( 1.217349807703022609E-16, 0.000000000000000000, 1.000000000000000000 ) ) ;
#9864 = EDGE_CURVE ( 'NONE', #1000, #3599, #4072, .T. ) ;
#9865 = VECTOR ( 'NONE', #8563, 1000.000000000000000 ) ;
#9866 = EDGE_LOOP ( 'NONE', ( #5741, #7657 ) ) ;
#9867 = DIRECTION ( 'NONE',  ( 1.000000000000000000, 0.000000000000000000, 0.000000000000000000 ) ) ;
#9868 = EDGE_CURVE ( 'NONE', #10204, #6464, #5835, .T. ) ;
#9869 = CARTESIAN_POINT ( 'NONE',  ( 14.86869354863678439, 203.4716895539514780, -20.45788136388648581 ) ) ;
#9870 = CIRCLE ( 'NONE', #703, 3.000000000000009770 ) ;
#9871 = DIRECTION ( 'NONE',  ( 0.000000000000000000, 0.000000000000000000, 1.000000000000000000 ) ) ;
#9872 = FACE_OUTER_BOUND ( 'NONE', #7662, .T. ) ;
#9873 = CARTESIAN_POINT ( 'NONE',  ( 15.00000000000000000, 235.0000000000000000, -10.00000000000000000 ) ) ;
#9874 = DIRECTION ( 'NONE',  ( 1.000000000000000000, -0.000000000000000000, -2.434699615406045218E-16 ) ) ;
#9875 = ORIENTED_EDGE ( 'NONE', *, *, #3014, .T. ) ;
#9876 = EDGE_CURVE ( 'NONE', #6453, #4706, #9045, .T. ) ;
#9877 = ORIENTED_EDGE ( 'NONE', *, *, #10005, .F. ) ;
#9878 = LINE ( 'NONE', #5334, #5609 ) ;
#9879 = DIRECTION ( 'NONE',  ( -1.000000000000000000, -0.000000000000000000, -0.000000000000000000 ) ) ;
#9880 = VERTEX_POINT ( 'NONE', #11674 ) ;
#9881 = DIRECTION ( 'NONE',  ( 0.000000000000000000, 1.000000000000000000, -0.000000000000000000 ) ) ;
#9882 = AXIS2_PLACEMENT_3D ( 'NONE', #7097, #5405, #7289 ) ;
#9883 = CARTESIAN_POINT ( 'NONE',  ( 8.000000000000000000, 46.49999999999998579, -95.50000000000001421 ) ) ;
#9884 = CARTESIAN_POINT ( 'NONE',  ( 24.00000000000000000, 39.00122210936514477, -130.0000000000000000 ) ) ;
#9885 = DIRECTION ( 'NONE',  ( 0.000000000000000000, 0.000000000000000000, 1.000000000000000000 ) ) ;
#9886 = ORIENTED_EDGE ( 'NONE', *, *, #6512, .F. ) ;
#9887 = ADVANCED_FACE ( 'NONE', ( #2646 ), #8024, .F. ) ;
#9888 = DIRECTION ( 'NONE',  ( 0.000000000000000000, 1.000000000000000000, 1.267377881992188131E-16 ) ) ;
#9889 = CIRCLE ( 'NONE', #2066, 8.000000000000005329 ) ;
#9890 = CARTESIAN_POINT ( 'NONE',  ( 0.000000000000000000, 119.5000000000000000, 0.000000000000000000 ) ) ;
#9891 = AXIS2_PLACEMENT_3D ( 'NONE', #8847, #6944, #10578 ) ;
#9892 = AXIS2_PLACEMENT_3D ( 'NONE', #11718, #9157, #8247 ) ;
#9893 = LINE ( 'NONE', #10667, #3579 ) ;
#9894 = CARTESIAN_POINT ( 'NONE',  ( 15.00000000000000000, 227.0922960467456733, -0.04802230858021411947 ) ) ;
#9895 = EDGE_CURVE ( 'NONE', #4919, #8051, #5509, .T. ) ;
#9896 = CARTESIAN_POINT ( 'NONE',  ( 7.990000000000000213, 217.0000000000000284, -77.50000000000000000 ) ) ;
#9897 = LINE ( 'NONE', #7222, #11237 ) ;
#9898 = ORIENTED_EDGE ( 'NONE', *, *, #3550, .T. ) ;
#9899 = ORIENTED_EDGE ( 'NONE', *, *, #7349, .F. ) ;
#9900 = LINE ( 'NONE', #8228, #476 ) ;
#9901 = AXIS2_PLACEMENT_3D ( 'NONE', #3197, #11282, #3139 ) ;
#9902 = ORIENTED_EDGE ( 'NONE', *, *, #2870, .F. ) ;
#9903 = DIRECTION ( 'NONE',  ( -1.000000000000000000, 0.000000000000000000, 0.000000000000000000 ) ) ;
#9904 = CYLINDRICAL_SURFACE ( 'NONE', #9699, 8.000000000000007105 ) ;
#9905 = DIRECTION ( 'NONE',  ( 0.000000000000000000, 0.000000000000000000, -1.000000000000000000 ) ) ;
#9906 = EDGE_CURVE ( 'NONE', #132, #8913, #963, .T. ) ;
#9907 = AXIS2_PLACEMENT_3D ( 'NONE', #1938, #1097, #2955 ) ;
#9908 = ADVANCED_FACE ( 'NONE', ( #7197 ), #3155, .T. ) ;
#9909 = DIRECTION ( 'NONE',  ( 0.000000000000000000, 0.000000000000000000, 1.000000000000000000 ) ) ;
#9910 = ORIENTED_EDGE ( 'NONE', *, *, #10183, .T. ) ;
#9911 = CARTESIAN_POINT ( 'NONE',  ( 16.00000000000000000, 62.73828822863980292, -55.47999999999998977 ) ) ;
#9912 = ORIENTED_EDGE ( 'NONE', *, *, #1151, .F. ) ;
#9913 = CARTESIAN_POINT ( 'NONE',  ( 8.000000000000000000, 7.999999999999992895, -91.50000000000001421 ) ) ;
#9914 = DIRECTION ( 'NONE',  ( 0.000000000000000000, -0.07710059492488814670, 0.9970233188156776283 ) ) ;
#9916 = ORIENTED_EDGE ( 'NONE', *, *, #2596, .T. ) ;
#9915 = CARTESIAN_POINT ( 'NONE',  ( 15.75000000000000000, 235.0000000000000000, -120.0000000000000142 ) ) ;
#9917 = CARTESIAN_POINT ( 'NONE',  ( 11.88128432141203383, 87.77983934624612061, -95.50000000000002842 ) ) ;
#9918 = CARTESIAN_POINT ( 'NONE',  ( 14.86869354863676307, 87.66800501528138057, -94.41255645757715342 ) ) ;
#9919 = CARTESIAN_POINT ( 'NONE',  ( 8.000000000000000000, 115.4999999999999574, -38.50000000000000711 ) ) ;
#9920 = DIRECTION ( 'NONE',  ( -1.000000000000000000, 0.000000000000000000, 0.000000000000000000 ) ) ;
#9921 = DIRECTION ( 'NONE',  ( 0.000000000000000000, 1.000000000000000000, 1.267377881992188131E-16 ) ) ;
#9922 = DIRECTION ( 'NONE',  ( 0.000000000000000000, 1.000000000000000000, 1.267377881992188131E-16 ) ) ;
#9923 = ORIENTED_EDGE ( 'NONE', *, *, #3950, .T. ) ;
#9924 = ADVANCED_FACE ( 'NONE', ( #11731 ), #120, .T. ) ;
#9925 = DIRECTION ( 'NONE',  ( 0.000000000000000000, 0.000000000000000000, 1.000000000000000000 ) ) ;
#9926 = DIRECTION ( 'NONE',  ( 2.168404344971006896E-16, 0.000000000000000000, 1.000000000000000000 ) ) ;
#9927 = CIRCLE ( 'NONE', #4769, 3.680148828669058236 ) ;
#9928 = VERTEX_POINT ( 'NONE', #6299 ) ;
#9929 = CARTESIAN_POINT ( 'NONE',  ( 8.000000000000000000, 192.5000000000000000, -122.0000000000000000 ) ) ;
#9930 = EDGE_LOOP ( 'NONE', ( #807, #8589, #8556, #10201 ) ) ;
#9931 = DIRECTION ( 'NONE',  ( 0.000000000000000000, 0.000000000000000000, -1.000000000000000000 ) ) ;
#9932 = DIRECTION ( 'NONE',  ( 0.000000000000000000, 0.000000000000000000, 1.000000000000000000 ) ) ;
#9933 = VECTOR ( 'NONE', #1092, 1000.000000000000000 ) ;
#9934 = DIRECTION ( 'NONE',  ( -2.434699615406045218E-16, 0.000000000000000000, -1.000000000000000000 ) ) ;
#9935 = DIRECTION ( 'NONE',  ( 1.000000000000000000, 0.000000000000000000, 0.000000000000000000 ) ) ;
#9936 = DIRECTION ( 'NONE',  ( 0.000000000000000000, 0.000000000000000000, 1.000000000000000000 ) ) ;
#9937 = EDGE_CURVE ( 'NONE', #3757, #678, #1738, .T. ) ;
#9938 = DIRECTION ( 'NONE',  ( 1.000000000000000000, -0.000000000000000000, -0.000000000000000000 ) ) ;
#9939 = DIRECTION ( 'NONE',  ( 0.000000000000000000, 0.000000000000000000, 1.000000000000000000 ) ) ;
#9940 = ORIENTED_EDGE ( 'NONE', *, *, #5226, .T. ) ;
#9941 = ORIENTED_EDGE ( 'NONE', *, *, #8514, .F. ) ;
#9942 = DIRECTION ( 'NONE',  ( -1.000000000000000000, 0.000000000000000000, 0.000000000000000000 ) ) ;
#9943 = EDGE_LOOP ( 'NONE', ( #4246, #4429, #10747, #2481 ) ) ;
#9944 = FACE_OUTER_BOUND ( 'NONE', #7022, .T. ) ;
#9945 = VECTOR ( 'NONE', #9766, 1000.000000000000000 ) ;
#9946 = CARTESIAN_POINT ( 'NONE',  ( 12.99999999999999822, 154.4716895539514496, -75.45788136388650003 ) ) ;
#9947 = FACE_OUTER_BOUND ( 'NONE', #10719, .T. ) ;
#9948 = ORIENTED_EDGE ( 'NONE', *, *, #962, .F. ) ;
#9949 = ADVANCED_FACE ( 'NONE', ( #8142 ), #9088, .T. ) ;
#9950 = AXIS2_PLACEMENT_3D ( 'NONE', #11720, #3517, #9732 ) ;
#9951 = DIRECTION ( 'NONE',  ( 0.000000000000000000, 1.000000000000000000, -0.000000000000000000 ) ) ;
#9952 = EDGE_CURVE ( 'NONE', #5610, #1176, #5382, .T. ) ;
#9953 = LINE ( 'NONE', #11636, #367 ) ;
#9954 = CARTESIAN_POINT ( 'NONE',  ( 16.00000000000000000, 154.4716895539514496, -18.34688136388649227 ) ) ;
#9955 = CARTESIAN_POINT ( 'NONE',  ( 0.000000000000000000, 17.99999999999998934, -55.25000000000003553 ) ) ;
#9956 = ORIENTED_EDGE ( 'NONE', *, *, #10495, .T. ) ;
#9957 = EDGE_LOOP ( 'NONE', ( #1690, #1382, #8374, #8870 ) ) ;
#9958 = CARTESIAN_POINT ( 'NONE',  ( 56.31128874149275276, 20.37152769304129762, -21.51360740926766368 ) ) ;
#9959 = ORIENTED_EDGE ( 'NONE', *, *, #7409, .T. ) ;
#9960 = ADVANCED_FACE ( 'NONE', ( #19 ), #9991, .F. ) ;
#9961 = DIRECTION ( 'NONE',  ( 0.000000000000000000, 0.07710059492489097777, -0.9970233188156774062 ) ) ;
#9962 = CARTESIAN_POINT ( 'NONE',  ( 16.00000000000000000, 203.4716895539514780, -20.45788136388648581 ) ) ;
#9963 = VERTEX_POINT ( 'NONE', #3592 ) ;
#9964 = CARTESIAN_POINT ( 'NONE',  ( 8.000000000000000000, 62.73828822863980292, -55.47999999999998977 ) ) ;
#9965 = CARTESIAN_POINT ( 'NONE',  ( 8.000000000000000000, 226.9999999999999716, -121.9999999999999716 ) ) ;
#9966 = DIRECTION ( 'NONE',  ( -1.000000000000000000, 0.000000000000000000, 0.000000000000000000 ) ) ;
#9967 = VERTEX_POINT ( 'NONE', #8084 ) ;
#9968 = CARTESIAN_POINT ( 'NONE',  ( 15.00000000000000178, 0.02297867386380355453, -121.6063717536008824 ) ) ;
#9969 = ADVANCED_FACE ( 'NONE', ( #7319, #2704, #7263, #4600, #6357, #1804, #1862 ), #784, .T. ) ;
#9970 = VERTEX_POINT ( 'NONE', #10950 ) ;
#9971 = CARTESIAN_POINT ( 'NONE',  ( 0.000000000000000000, 8.000000000000000000, -10.75000000000002309 ) ) ;
#9972 = CIRCLE ( 'NONE', #4421, 5.500000000000032863 ) ;
#9973 = DIRECTION ( 'NONE',  ( -0.9396926207859105373, 4.188538737676915344E-17, -0.3420201433256624957 ) ) ;
#9974 = EDGE_CURVE ( 'NONE', #8846, #1292, #905, .T. ) ;
#9975 = EDGE_CURVE ( 'NONE', #7020, #5598, #5262, .T. ) ;
#9977 = ORIENTED_EDGE ( 'NONE', *, *, #1904, .T. ) ;
#9976 = CARTESIAN_POINT ( 'NONE',  ( 12.99999999999998046, 61.20265867154897421, -34.50000000000000711 ) ) ;
#9978 = FACE_OUTER_BOUND ( 'NONE', #606, .T. ) ;
#9979 = LINE ( 'NONE', #9093, #11238 ) ;
#9980 = CARTESIAN_POINT ( 'NONE',  ( 10.70981650793178375, 89.58819425646059642, -95.50000000000001421 ) ) ;
#9981 = CARTESIAN_POINT ( 'NONE',  ( 6.999999999999999112, 117.5000000000000000, -122.0000000000000000 ) ) ;
#9982 = VERTEX_POINT ( 'NONE', #4362 ) ;
#9983 = DIRECTION ( 'NONE',  ( -1.000000000000000000, -0.000000000000000000, -0.000000000000000000 ) ) ;
#9984 = ORIENTED_EDGE ( 'NONE', *, *, #10093, .T. ) ;
#9985 = CARTESIAN_POINT ( 'NONE',  ( 8.000000000000000000, 192.5000000000000000, -120.0000000000000000 ) ) ;
#9986 = ORIENTED_EDGE ( 'NONE', *, *, #4472, .F. ) ;
#9987 = CARTESIAN_POINT ( 'NONE',  ( -0.002000000000000265454, 119.5000000000000000, -15.74596669241485536 ) ) ;
#9988 = ORIENTED_EDGE ( 'NONE', *, *, #11293, .T. ) ;
#9989 = CARTESIAN_POINT ( 'NONE',  ( 14.87634217800316527, 57.67296490836068301, -119.1846470130656712 ) ) ;
#9990 = EDGE_CURVE ( 'NONE', #7415, #676, #7133, .T. ) ;
#9991 = CYLINDRICAL_SURFACE ( 'NONE', #4483, 2.749999999999995559 ) ;
#9992 = DIRECTION ( 'NONE',  ( 1.000000000000000000, 0.000000000000000000, 0.000000000000000000 ) ) ;
#9993 = DIRECTION ( 'NONE',  ( 0.000000000000000000, 1.000000000000000000, 1.267377881992188131E-16 ) ) ;
#9994 = DIRECTION ( 'NONE',  ( -1.267377881992188131E-16, -1.000000000000000000, -1.267377881992188131E-16 ) ) ;
#9995 = DIRECTION ( 'NONE',  ( 0.000000000000000000, 0.000000000000000000, 1.000000000000000000 ) ) ;
#9996 = ORIENTED_EDGE ( 'NONE', *, *, #2638, .T. ) ;
#9997 = EDGE_LOOP ( 'NONE', ( #7765, #9996, #9172, #6612 ) ) ;
#9998 = LINE ( 'NONE', #2712, #4841 ) ;
#9999 = PLANE ( 'NONE',  #2263 ) ;
#10000 = AXIS2_PLACEMENT_3D ( 'NONE', #3411, #11493, #8739 ) ;
#10001 = ORIENTED_EDGE ( 'NONE', *, *, #8229, .F. ) ;
#10002 = VECTOR ( 'NONE', #792, 1000.000000000000000 ) ;
#10003 = CARTESIAN_POINT ( 'NONE',  ( 14.86869354863676307, 135.9280050152813999, -89.68255645757714944 ) ) ;
#10004 = DIRECTION ( 'NONE',  ( -1.267377881992188131E-16, -1.000000000000000000, -1.267377881992188131E-16 ) ) ;
#10005 = EDGE_CURVE ( 'NONE', #3292, #3208, #5326, .T. ) ;
#10006 = ORIENTED_EDGE ( 'NONE', *, *, #2455, .F. ) ;
#10007 = FACE_OUTER_BOUND ( 'NONE', #8474, .T. ) ;
#10008 = EDGE_LOOP ( 'NONE', ( #2766, #11767, #7554, #7146, #10854, #5792, #2941 ) ) ;
#10009 = VECTOR ( 'NONE', #3330, 1000.000000000000000 ) ;
#10010 = DIRECTION ( 'NONE',  ( 0.000000000000000000, 0.07710059492488814670, -0.9970233188156776283 ) ) ;
#10011 = VECTOR ( 'NONE', #10052, 1000.000000000000000 ) ;
#10012 = DIRECTION ( 'NONE',  ( 2.168404344971007389E-16, 0.000000000000000000, 1.000000000000000000 ) ) ;
#10013 = DIRECTION ( 'NONE',  ( 0.000000000000000000, -1.000000000000000000, -7.542275982507857147E-17 ) ) ;
#10014 = CYLINDRICAL_SURFACE ( 'NONE', #10910, 3.000000000000002665 ) ;
#10015 = PLANE ( 'NONE',  #3580 ) ;
#10016 = EDGE_LOOP ( 'NONE', ( #4243, #2152, #607, #4466 ) ) ;
#10017 = ADVANCED_FACE ( 'NONE', ( #315 ), #1019, .F. ) ;
#10018 = ORIENTED_EDGE ( 'NONE', *, *, #962, .T. ) ;
#10019 = CARTESIAN_POINT ( 'NONE',  ( 13.00000000000001421, 119.5000000000000000, -8.000000000000001776 ) ) ;
#10020 = AXIS2_PLACEMENT_3D ( 'NONE', #11763, #8178, #8892 ) ;
#10021 = VECTOR ( 'NONE', #8297, 1000.000000000000000 ) ;
#10022 = VERTEX_POINT ( 'NONE', #4719 ) ;
#10023 = CARTESIAN_POINT ( 'NONE',  ( 14.99999999999999822, 227.0680105058816309, -129.9535527894193763 ) ) ;
#10024 = CARTESIAN_POINT ( 'NONE',  ( 14.86869354863667247, 35.75328822863979639, -118.5699999999999932 ) ) ;
#10025 = EDGE_LOOP ( 'NONE', ( #8327, #3871, #8979, #11701, #6840, #5780, #1135, #7682, #4801, #10111, #11340, #8534, #5136, #4628, #3149, #8049, #10523, #1478, #10579, #8200, #429, #11820, #5045, #8180, #5838, #10584, #8230, #2012, #2288, #8570, #1958, #1856, #7797, #5789, #6230, #10194, #6431, #7575, #8778, #6042, #4405, #5930, #9290, #6449, #9257, #5293, #3631, #10943, #687, #7538, #5604, #196, #9462, #2437, #8780, #5064, #1968, #8696, #7738, #7082, #9377, #6469, #10827, #1469, #2471, #3199, #11096, #4891, #3383, #8735, #72, #338, #3675, #3919, #293, #6801, #4614, #8249, #10006, #10844, #10892, #6354, #9361, #9701, #5547, #11532, #7973, #1547, #7312, #9041, #8430, #3670, #7637 ) ) ;
#10026 = VECTOR ( 'NONE', #7580, 1000.000000000000114 ) ;
#10027 = CYLINDRICAL_SURFACE ( 'NONE', #660, 0.8890000000000009006 ) ;
#10028 = DIRECTION ( 'NONE',  ( 0.000000000000000000, 0.000000000000000000, -1.000000000000000000 ) ) ;
#10029 = ORIENTED_EDGE ( 'NONE', *, *, #3514, .F. ) ;
#10030 = CARTESIAN_POINT ( 'NONE',  ( 15.00000000000000000, 0.04655870106443005946, -122.0697638583556710 ) ) ;
#10031 = ADVANCED_FACE ( 'NONE', ( #3829 ), #3890, .F. ) ;
#10032 = DIRECTION ( 'NONE',  ( 1.000000000000000000, 0.000000000000000000, -0.000000000000000000 ) ) ;
#10033 = ORIENTED_EDGE ( 'NONE', *, *, #5355, .F. ) ;
#10034 = FACE_OUTER_BOUND ( 'NONE', #11489, .T. ) ;
#10035 = AXIS2_PLACEMENT_3D ( 'NONE', #3951, #6485, #7557 ) ;
#10036 = CARTESIAN_POINT ( 'NONE',  ( 12.99999999999999645, 192.5000000000000000, -9.999999999999991118 ) ) ;
#10037 = DIRECTION ( 'NONE',  ( 0.000000000000000000, 0.000000000000000000, 1.000000000000000000 ) ) ;
#10039 = ORIENTED_EDGE ( 'NONE', *, *, #4260, .F. ) ;
#10038 = CARTESIAN_POINT ( 'NONE',  ( 15.75000000000000000, 235.0000000000000000, -121.6819805153394753 ) ) ;
#10040 = EDGE_CURVE ( 'NONE', #6458, #4865, #2391, .T. ) ;
#10041 = CARTESIAN_POINT ( 'NONE',  ( 14.86869354863680570, 20.37152769304129762, -24.51360740926765658 ) ) ;
#10042 = CARTESIAN_POINT ( 'NONE',  ( 13.00000000000000178, 188.5000000000000000, -62.99999999999998579 ) ) ;
#10043 = DIRECTION ( 'NONE',  ( 0.000000000000000000, -0.07710059492488061106, -0.9970233188156781834 ) ) ;
#10044 = VERTEX_POINT ( 'NONE', #7501 ) ;
#10045 = LINE ( 'NONE', #9098, #1091 ) ;
#10046 = ORIENTED_EDGE ( 'NONE', *, *, #5660, .F. ) ;
#10047 = AXIS2_PLACEMENT_3D ( 'NONE', #5736, #3939, #7542 ) ;
#10048 = PLANE ( 'NONE',  #11430 ) ;
#10049 = ORIENTED_EDGE ( 'NONE', *, *, #9657, .F. ) ;
#10050 = LINE ( 'NONE', #9987, #1194 ) ;
#10051 = EDGE_CURVE ( 'NONE', #6978, #10876, #11193, .T. ) ;
#10052 = DIRECTION ( 'NONE',  ( -0.000000000000000000, -0.000000000000000000, 1.000000000000000000 ) ) ;
#10053 = AXIS2_PLACEMENT_3D ( 'NONE', #176, #10206, #7476 ) ;
#10054 = VECTOR ( 'NONE', #9934, 1000.000000000000000 ) ;
#10055 = CARTESIAN_POINT ( 'NONE',  ( 13.00000000000001421, 119.5000000000000000, -8.000000000000001776 ) ) ;
#10056 = FACE_OUTER_BOUND ( 'NONE', #3542, .T. ) ;
#10057 = DIRECTION ( 'NONE',  ( 0.000000000000000000, 0.000000000000000000, -1.000000000000000000 ) ) ;
#10058 = DIRECTION ( 'NONE',  ( 1.000000000000000000, -0.000000000000000000, -0.000000000000000000 ) ) ;
#10059 = PLANE ( 'NONE',  #11615 ) ;
#10060 = ORIENTED_EDGE ( 'NONE', *, *, #2882, .T. ) ;
#10061 = VERTEX_POINT ( 'NONE', #8382 ) ;
#10062 = EDGE_CURVE ( 'NONE', #5982, #5437, #9404, .T. ) ;
#10063 = EDGE_LOOP ( 'NONE', ( #5291, #28, #125, #1449 ) ) ;
#10064 = PLANE ( 'NONE',  #5986 ) ;
#10065 = EDGE_CURVE ( 'NONE', #10163, #569, #5568, .T. ) ;
#10066 = CARTESIAN_POINT ( 'NONE',  ( 14.86869354863674175, 58.23828822863978161, -14.51360740926766901 ) ) ;
#10067 = ORIENTED_EDGE ( 'NONE', *, *, #7965, .T. ) ;
#10068 = CARTESIAN_POINT ( 'NONE',  ( 8.000000000000000000, 0.000000000000000000, 0.000000000000000000 ) ) ;
#10069 = DIRECTION ( 'NONE',  ( 1.000000000000000000, -0.000000000000000000, -0.000000000000000000 ) ) ;
#10070 = AXIS2_PLACEMENT_3D ( 'NONE', #834, #11726, #4533 ) ;
#10071 = ORIENTED_EDGE ( 'NONE', *, *, #4234, .T. ) ;
#10072 = DIRECTION ( 'NONE',  ( 0.000000000000000000, 0.000000000000000000, -1.000000000000000000 ) ) ;
#10073 = CARTESIAN_POINT ( 'NONE',  ( 0.000000000000000000, 8.000000000000000000, -122.0000000000000000 ) ) ;
#10074 = DIRECTION ( 'NONE',  ( 0.000000000000000000, 0.000000000000000000, 1.000000000000000000 ) ) ;
#10075 = ORIENTED_EDGE ( 'NONE', *, *, #5442, .T. ) ;
#10076 = DIRECTION ( 'NONE',  ( 0.000000000000000000, 0.000000000000000000, -1.000000000000000000 ) ) ;
#10077 = VECTOR ( 'NONE', #9722, 1000.000000000000000 ) ;
#10078 = EDGE_CURVE ( 'NONE', #5667, #9103, #10295, .T. ) ;
#10079 = CARTESIAN_POINT ( 'NONE',  ( 8.000000000000000000, 125.2459666924148110, -9.999999999999998224 ) ) ;
#10080 = VERTEX_POINT ( 'NONE', #3326 ) ;
#10081 = B_SPLINE_CURVE_WITH_KNOTS ( 'NONE', 3,
 ( #1631, #1880, #7730, #2291, #5987, #3125, #7787, #11207, #10367, #5764, #6793, #11375, #405, #4766 ),
 .UNSPECIFIED., .F., .F.,
 ( 4, 2, 2, 2, 2, 2, 4 ),
 ( 0.01340887903113284485, 0.01436161726040050858, 0.01531435548966817231, 0.01579072460430200331, 0.01626709371893583778, 0.01674346283356966877, 0.01721983194820349977 ),
 .UNSPECIFIED. ) ;
#10082 = VERTEX_POINT ( 'NONE', #8668 ) ;
#10083 = LINE ( 'NONE', #3676, #5831 ) ;
#10084 = ORIENTED_EDGE ( 'NONE', *, *, #891, .T. ) ;
#10085 = VECTOR ( 'NONE', #5758, 1000.000000000000000 ) ;
#10086 = VECTOR ( 'NONE', #4746, 1000.000000000000000 ) ;
#10087 = VECTOR ( 'NONE', #1142, 1000.000000000000114 ) ;
#10088 = LINE ( 'NONE', #7412, #6440 ) ;
#10089 = EDGE_CURVE ( 'NONE', #11654, #3512, #7714, .T. ) ;
#10090 = DIRECTION ( 'NONE',  ( -1.267377881992188131E-16, -1.000000000000000000, -1.267377881992188131E-16 ) ) ;
#10091 = VERTEX_POINT ( 'NONE', #5126 ) ;
#10092 = DIRECTION ( 'NONE',  ( 0.000000000000000000, 0.000000000000000000, -1.000000000000000000 ) ) ;
#10093 = EDGE_CURVE ( 'NONE', #7941, #10102, #9621, .T. ) ;
#10094 = CARTESIAN_POINT ( 'NONE',  ( 14.86869354863676307, 154.4716895539514496, -75.45788136388650003 ) ) ;
#10095 = ORIENTED_EDGE ( 'NONE', *, *, #5806, .T. ) ;
#10096 = CARTESIAN_POINT ( 'NONE',  ( 14.99999999999999645, 0.03410132982979358074, -121.8523284357949024 ) ) ;
#10097 = ORIENTED_EDGE ( 'NONE', *, *, #6186, .F. ) ;
#10098 = LINE ( 'NONE', #5489, #3711 ) ;
#10099 = CIRCLE ( 'NONE', #4543, 2.750000000000002665 ) ;
#10100 = VERTEX_POINT ( 'NONE', #1416 ) ;
#10102 = VERTEX_POINT ( 'NONE', #11360 ) ;
#10101 = CARTESIAN_POINT ( 'NONE',  ( 11.41421356237310114, 58.98061611850804553, -111.9799999999999898 ) ) ;
#10103 = EDGE_CURVE ( 'NONE', #2588, #5152, #11474, .T. ) ;
#10104 = AXIS2_PLACEMENT_3D ( 'NONE', #4503, #10606, #2668 ) ;
#10105 = LINE ( 'NONE', #1907, #1770 ) ;
#10106 = PLANE ( 'NONE',  #1297 ) ;
#10107 = CARTESIAN_POINT ( 'NONE',  ( -0.002000000000000265454, 119.5000000000000000, -114.2540333075851606 ) ) ;
#10108 = ORIENTED_EDGE ( 'NONE', *, *, #233, .T. ) ;
#10109 = EDGE_CURVE ( 'NONE', #941, #11654, #4873, .T. ) ;
#10110 = FACE_OUTER_BOUND ( 'NONE', #9778, .T. ) ;
#10111 = ORIENTED_EDGE ( 'NONE', *, *, #1138, .T. ) ;
#10112 = CARTESIAN_POINT ( 'NONE',  ( 8.000000000000000000, 217.0000000000000284, -77.50000000000000000 ) ) ;
#10113 = CARTESIAN_POINT ( 'NONE',  ( 6.999999999999999112, 8.000000000000000000, -10.75000000000002842 ) ) ;
#10114 = CARTESIAN_POINT ( 'NONE',  ( 24.00000000000000000, 52.04649087341079650, -130.0000000000000000 ) ) ;
#10115 = EDGE_CURVE ( 'NONE', #4276, #2793, #5643, .T. ) ;
#10116 = FACE_OUTER_BOUND ( 'NONE', #7140, .T. ) ;
#10117 = DIRECTION ( 'NONE',  ( 0.000000000000000000, 0.000000000000000000, -1.000000000000000000 ) ) ;
#10118 = CARTESIAN_POINT ( 'NONE',  ( 8.000000000000000000, 7.999999999999992895, -63.00000000000001421 ) ) ;
#10119 = DIRECTION ( 'NONE',  ( 0.000000000000000000, 0.000000000000000000, 1.000000000000000000 ) ) ;
#10120 = DIRECTION ( 'NONE',  ( -1.000000000000000000, 0.000000000000000000, 0.000000000000000000 ) ) ;
#10121 = ORIENTED_EDGE ( 'NONE', *, *, #8038, .T. ) ;
#10122 = CARTESIAN_POINT ( 'NONE',  ( 15.00000000000000000, 224.9999999999999716, 0.000000000000000000 ) ) ;
#10123 = CARTESIAN_POINT ( 'NONE',  ( 0.000000000000000000, 0.000000000000000000, -10.00000000000000000 ) ) ;
#10124 = ORIENTED_EDGE ( 'NONE', *, *, #3571, .T. ) ;
#10125 = CARTESIAN_POINT ( 'NONE',  ( 8.000000000000000000, 42.49999999999999289, -122.0000000000000000 ) ) ;
#10126 = AXIS2_PLACEMENT_3D ( 'NONE', #5397, #7214, #11688 ) ;
#10127 = CARTESIAN_POINT ( 'NONE',  ( 8.000000000000000000, 46.50000000000000000, -122.0000000000000000 ) ) ;
#10128 = ADVANCED_FACE ( 'NONE', ( #6034 ), #9518, .F. ) ;
#10129 = ADVANCED_FACE ( 'NONE', ( #8721 ), #2328, .F. ) ;
#10130 = DIRECTION ( 'NONE',  ( 0.000000000000000000, 1.000000000000000000, 1.267377881992188131E-16 ) ) ;
#10131 = DIRECTION ( 'NONE',  ( -0.9396926207859106484, 4.188538737676914728E-17, -0.3420201433256624401 ) ) ;
#10132 = CARTESIAN_POINT ( 'NONE',  ( 0.000000000000000000, 192.5000000000000000, -62.99999999999998579 ) ) ;
#10133 = VECTOR ( 'NONE', #8596, 1000.000000000000000 ) ;
#10134 = EDGE_LOOP ( 'NONE', ( #1306, #11659, #8156, #1735 ) ) ;
#10135 = LINE ( 'NONE', #5651, #2060 ) ;
#10136 = VERTEX_POINT ( 'NONE', #2381 ) ;
#10137 = EDGE_LOOP ( 'NONE', ( #11081, #2846, #300, #9206 ) ) ;
#10138 = CARTESIAN_POINT ( 'NONE',  ( 11.06891820560793072, 59.05050570410911348, -119.3448104879956730 ) ) ;
#10139 = EDGE_LOOP ( 'NONE', ( #8031, #11253, #10221, #6055 ) ) ;
#10140 = VECTOR ( 'NONE', #5731, 1000.000000000000000 ) ;
#10141 = EDGE_CURVE ( 'NONE', #3231, #1384, #5009, .T. ) ;
#10142 = CARTESIAN_POINT ( 'NONE',  ( 15.00000000000000355, 230.6716809557322847, -129.3299803181273546 ) ) ;
#10143 = DIRECTION ( 'NONE',  ( 1.000000000000000000, -0.000000000000000000, -0.000000000000000000 ) ) ;
#10144 = ORIENTED_EDGE ( 'NONE', *, *, #5962, .T. ) ;
#10145 = PLANE ( 'NONE',  #3986 ) ;
#10146 = LINE ( 'NONE', #9376, #888 ) ;
#10147 = LINE ( 'NONE', #4877, #8921 ) ;
#10148 = EDGE_LOOP ( 'NONE', ( #2088, #11361 ) ) ;
#10149 = CARTESIAN_POINT ( 'NONE',  ( 15.00000000000000178, 0.1241292020525060491, -122.9850756504928455 ) ) ;
#10151 = ORIENTED_EDGE ( 'NONE', *, *, #1625, .F. ) ;
#10150 = CONICAL_SURFACE ( 'NONE', #2703, 3.000000000000002665, 0.3490658503988593453 ) ;
#10152 = ORIENTED_EDGE ( 'NONE', *, *, #7703, .T. ) ;
#10153 = DIRECTION ( 'NONE',  ( 0.000000000000000000, 0.000000000000000000, 1.000000000000000000 ) ) ;
#10154 = ORIENTED_EDGE ( 'NONE', *, *, #10040, .F. ) ;
#10155 = ORIENTED_EDGE ( 'NONE', *, *, #1448, .F. ) ;
#10156 = EDGE_CURVE ( 'NONE', #5517, #10180, #9839, .T. ) ;
#10158 = VERTEX_POINT ( 'NONE', #4162 ) ;
#10157 = DIRECTION ( 'NONE',  ( 1.000000000000000000, 0.000000000000000000, 0.000000000000000000 ) ) ;
#10159 = AXIS2_PLACEMENT_3D ( 'NONE', #8037, #6016, #796 ) ;
#10160 = LINE ( 'NONE', #5556, #9596 ) ;
#10161 = LINE ( 'NONE', #3099, #11815 ) ;
#10162 = CARTESIAN_POINT ( 'NONE',  ( 16.00000000000000000, 20.37152769304129762, -24.51360740926765658 ) ) ;
#10163 = VERTEX_POINT ( 'NONE', #6091 ) ;
#10164 = CARTESIAN_POINT ( 'NONE',  ( 15.00000000000000000, 10.00000000000012079, 0.000000000000000000 ) ) ;
#10165 = ORIENTED_EDGE ( 'NONE', *, *, #5590, .T. ) ;
#10166 = DIRECTION ( 'NONE',  ( 0.000000000000000000, -1.000000000000000000, 3.016910393003142859E-16 ) ) ;
#10167 = ORIENTED_EDGE ( 'NONE', *, *, #2118, .F. ) ;
#10168 = DIRECTION ( 'NONE',  ( 0.000000000000000000, -0.1537070062818709504, -0.9881164689548822544 ) ) ;
#10169 = CIRCLE ( 'NONE', #4053, 6.120000000000000107 ) ;
#10170 = EDGE_CURVE ( 'NONE', #7959, #941, #4214, .T. ) ;
#10171 = EDGE_CURVE ( 'NONE', #10543, #870, #11531, .T. ) ;
#10172 = CARTESIAN_POINT ( 'NONE',  ( -0.000000000000000000, 0.6939598061055206601, -125.4251934011697216 ) ) ;
#10173 = B_SPLINE_CURVE_WITH_KNOTS ( 'NONE', 3,
 ( #10549, #8814, #2354, #6005, #10666, #561, #2473, #3425 ),
 .UNSPECIFIED., .F., .F.,
 ( 4, 2, 2, 4 ),
 ( 0.01248103184038601605, 0.01387349058574818828, 0.01526594933111036223, 0.01805086682183471361 ),
 .UNSPECIFIED. ) ;
#10174 = DIRECTION ( 'NONE',  ( 0.000000000000000000, 1.000000000000000000, -0.000000000000000000 ) ) ;
#10175 = VECTOR ( 'NONE', #4085, 1000.000000000000000 ) ;
#10176 = FACE_OUTER_BOUND ( 'NONE', #10148, .T. ) ;
#10177 = CARTESIAN_POINT ( 'NONE',  ( 16.00000000000000000, 130.8480050152814158, -43.61255645757716337 ) ) ;
#10178 = CARTESIAN_POINT ( 'NONE',  ( 0.000000000000000000, 8.496496751003460758E-15, -10.00000000000001421 ) ) ;
#10179 = DIRECTION ( 'NONE',  ( -1.000000000000000000, -0.000000000000000000, -0.000000000000000000 ) ) ;
#10180 = VERTEX_POINT ( 'NONE', #645 ) ;
#10181 = DIRECTION ( 'NONE',  ( 1.217349807703022609E-16, 0.000000000000000000, 1.000000000000000000 ) ) ;
#10182 = VERTEX_POINT ( 'NONE', #6775 ) ;
#10183 = EDGE_CURVE ( 'NONE', #1179, #4765, #1835, .T. ) ;
#10184 = DIRECTION ( 'NONE',  ( 0.000000000000000000, 0.000000000000000000, -1.000000000000000000 ) ) ;
#10185 = VERTEX_POINT ( 'NONE', #2219 ) ;
#10186 = DIRECTION ( 'NONE',  ( -1.000000000000000000, -0.000000000000000000, -0.000000000000000000 ) ) ;
#10187 = CARTESIAN_POINT ( 'NONE',  ( 0.000000000000000000, 8.496496751003460758E-15, -38.50000000000002132 ) ) ;
#10188 = EDGE_CURVE ( 'NONE', #8553, #1837, #9703, .T. ) ;
#10189 = VECTOR ( 'NONE', #3667, 1000.000000000000000 ) ;
#10190 = AXIS2_PLACEMENT_3D ( 'NONE', #5816, #11373, #3179 ) ;
#10191 = DIRECTION ( 'NONE',  ( -1.000000000000000000, 0.000000000000000000, 0.000000000000000000 ) ) ;
#10192 = CARTESIAN_POINT ( 'NONE',  ( 56.31128874149275276, 154.4716895539514496, -72.45788136388648581 ) ) ;
#10193 = CARTESIAN_POINT ( 'NONE',  ( 16.00000000000000000, 58.23828822863978161, -34.51360740926766368 ) ) ;
#10194 = ORIENTED_EDGE ( 'NONE', *, *, #1414, .T. ) ;
#10195 = EDGE_CURVE ( 'NONE', #6150, #10448, #1786, .T. ) ;
#10196 = VERTEX_POINT ( 'NONE', #9787 ) ;
#10197 = CARTESIAN_POINT ( 'NONE',  ( 13.00000000000000178, 226.9999999999999716, -62.99999999999998579 ) ) ;
#10198 = EDGE_CURVE ( 'NONE', #9436, #2026, #4496, .T. ) ;
#10199 = AXIS2_PLACEMENT_3D ( 'NONE', #6411, #4590, #11664 ) ;
#10200 = VECTOR ( 'NONE', #597, 1000.000000000000000 ) ;
#10201 = ORIENTED_EDGE ( 'NONE', *, *, #7773, .F. ) ;
#10202 = FACE_OUTER_BOUND ( 'NONE', #8414, .T. ) ;
#10203 = CARTESIAN_POINT ( 'NONE',  ( 13.00000000000001421, 192.5000000000000000, -8.000000000000001776 ) ) ;
#10204 = VERTEX_POINT ( 'NONE', #7307 ) ;
#10205 = DIRECTION ( 'NONE',  ( 0.000000000000000000, 0.000000000000000000, 1.000000000000000000 ) ) ;
#10206 = DIRECTION ( 'NONE',  ( 1.000000000000000000, -0.000000000000000000, -0.000000000000000000 ) ) ;
#10207 = AXIS2_PLACEMENT_3D ( 'NONE', #10576, #2386, #1793 ) ;
#10208 = CARTESIAN_POINT ( 'NONE',  ( 0.000000000000000000, 119.5000000000000000, -63.00000000000000000 ) ) ;
#10209 = ORIENTED_EDGE ( 'NONE', *, *, #2708, .F. ) ;
#10210 = CARTESIAN_POINT ( 'NONE',  ( 7.990000000000000213, 217.0000000000000284, -55.25000000000000711 ) ) ;
#10211 = VECTOR ( 'NONE', #11053, 1000.000000000000000 ) ;
#10212 = ORIENTED_EDGE ( 'NONE', *, *, #220, .T. ) ;
#10213 = EDGE_CURVE ( 'NONE', #7607, #6085, #5308, .T. ) ;
#10214 = ORIENTED_EDGE ( 'NONE', *, *, #3317, .T. ) ;
#10215 = FACE_OUTER_BOUND ( 'NONE', #8067, .T. ) ;
#10216 = B_SPLINE_CURVE_WITH_KNOTS ( 'NONE', 3,
 ( #4905, #320, #10239, #7619, #2044, #5697, #9349, #1145 ),
 .UNSPECIFIED., .F., .F.,
 ( 4, 2, 2, 4 ),
 ( 2.438103360687391708E-07, 0.002220949306283381310, 0.003331302054257022881, 0.004441654802230665319 ),
 .UNSPECIFIED. ) ;
#10217 = ADVANCED_FACE ( 'NONE', ( #1850 ), #4343, .F. ) ;
#10218 = ORIENTED_EDGE ( 'NONE', *, *, #8007, .F. ) ;
#10219 = DIRECTION ( 'NONE',  ( 1.000000000000000000, 0.000000000000000000, 0.000000000000000000 ) ) ;
#10220 = AXIS2_PLACEMENT_3D ( 'NONE', #11350, #6823, #10456 ) ;
#10221 = ORIENTED_EDGE ( 'NONE', *, *, #3108, .F. ) ;
#10222 = VECTOR ( 'NONE', #166, 1000.000000000000000 ) ;
#10223 = CARTESIAN_POINT ( 'NONE',  ( 12.99999999999998757, 117.5000000000000000, -122.0000000000000000 ) ) ;
#10224 = DIRECTION ( 'NONE',  ( 0.000000000000000000, 0.000000000000000000, 1.000000000000000000 ) ) ;
#10225 = CARTESIAN_POINT ( 'NONE',  ( 16.00000000000000000, 203.4716895539514780, -17.45788136388648581 ) ) ;
#10226 = ORIENTED_EDGE ( 'NONE', *, *, #10878, .F. ) ;
#10227 = CARTESIAN_POINT ( 'NONE',  ( 15.00000000000000000, 5.904355495544582055, -0.3196337395946981519 ) ) ;
#10228 = ORIENTED_EDGE ( 'NONE', *, *, #2067, .F. ) ;
#10229 = LINE ( 'NONE', #6719, #6885 ) ;
#10230 = ORIENTED_EDGE ( 'NONE', *, *, #8260, .F. ) ;
#10231 = DIRECTION ( 'NONE',  ( 0.000000000000000000, 0.000000000000000000, 1.000000000000000000 ) ) ;
#10232 = EDGE_CURVE ( 'NONE', #11123, #10782, #4404, .T. ) ;
#10233 = VECTOR ( 'NONE', #4123, 1000.000000000000000 ) ;
#10234 = ORIENTED_EDGE ( 'NONE', *, *, #5632, .T. ) ;
#10235 = CARTESIAN_POINT ( 'NONE',  ( 0.000000000000000000, 7.551432062676174617, -129.9289712317437591 ) ) ;
#10236 = CARTESIAN_POINT ( 'NONE',  ( 8.000000000000000000, 7.999999999999992895, -91.50000000000001421 ) ) ;
#10237 = AXIS2_PLACEMENT_3D ( 'NONE', #11461, #4098, #10398 ) ;
#10238 = CARTESIAN_POINT ( 'NONE',  ( 16.00000000000000000, 30.73828822863980292, -106.4799999999999898 ) ) ;
#10239 = CARTESIAN_POINT ( 'NONE',  ( 9.200536043700823896, 59.78632884356899524, -110.6168247020152648 ) ) ;
#10240 = EDGE_CURVE ( 'NONE', #5649, #9097, #9153, .T. ) ;
#10241 = DIRECTION ( 'NONE',  ( 0.000000000000000000, 0.000000000000000000, 1.000000000000000000 ) ) ;
#10242 = PLANE ( 'NONE',  #2262 ) ;
#10243 = EDGE_LOOP ( 'NONE', ( #9267, #7581, #6702, #1174 ) ) ;
#10244 = LINE ( 'NONE', #1029, #2935 ) ;
#10245 = EDGE_CURVE ( 'NONE', #11263, #11809, #11597, .T. ) ;
#10246 = ORIENTED_EDGE ( 'NONE', *, *, #11268, .T. ) ;
#10247 = CARTESIAN_POINT ( 'NONE',  ( 14.86869354863676307, 203.4716895539514780, -75.45788136388648581 ) ) ;
#10248 = FACE_OUTER_BOUND ( 'NONE', #2719, .T. ) ;
#10249 = VECTOR ( 'NONE', #6515, 1000.000000000000000 ) ;
#10250 = CARTESIAN_POINT ( 'NONE',  ( 14.86869354863676307, 62.73828822863980292, -109.4799999999999898 ) ) ;
#10251 = CARTESIAN_POINT ( 'NONE',  ( 0.000000000000000000, 224.9999999999999716, 0.000000000000000000 ) ) ;
#10252 = ADVANCED_FACE ( 'NONE', ( #889 ), #5493, .F. ) ;
#10253 = PLANE ( 'NONE',  #6267 ) ;
#10254 = EDGE_LOOP ( 'NONE', ( #1349, #8278, #520, #3887 ) ) ;
#10255 = CARTESIAN_POINT ( 'NONE',  ( 13.00000000000001421, 156.0000000000000000, -8.000000000000001776 ) ) ;
#10256 = LINE ( 'NONE', #11387, #6927 ) ;
#10257 = CARTESIAN_POINT ( 'NONE',  ( 8.000000000000000000, 217.0000000000000284, -52.50000000000000711 ) ) ;
#10258 = ADVANCED_FACE ( 'NONE', ( #8902 ), #3148, .T. ) ;
#10259 = EDGE_LOOP ( 'NONE', ( #8176, #10108, #1512, #6609 ) ) ;
#10260 = CARTESIAN_POINT ( 'NONE',  ( 13.00000000000001243, 10.00000000000000711, -15.74596669241486602 ) ) ;
#10261 = CARTESIAN_POINT ( 'NONE',  ( 15.00000000000000000, 227.0603914069881739, -129.9540378777805358 ) ) ;
#10262 = ADVANCED_FACE ( 'NONE', ( #244 ), #2803, .F. ) ;
#10263 = VECTOR ( 'NONE', #1955, 1000.000000000000000 ) ;
#10264 = DIRECTION ( 'NONE',  ( 0.000000000000000000, 1.000000000000000000, -0.000000000000000000 ) ) ;
#10265 = VERTEX_POINT ( 'NONE', #7368 ) ;
#10266 = DIRECTION ( 'NONE',  ( 1.000000000000000000, -0.000000000000000000, -0.000000000000000000 ) ) ;
#10267 = LINE ( 'NONE', #3925, #2411 ) ;
#10268 = EDGE_LOOP ( 'NONE', ( #3752, #6279, #5963, #7834 ) ) ;
#10269 = DIRECTION ( 'NONE',  ( -1.000000000000000000, 0.000000000000000000, 0.000000000000000000 ) ) ;
#10270 = VERTEX_POINT ( 'NONE', #304 ) ;
#10271 = CARTESIAN_POINT ( 'NONE',  ( 14.99999999999999467, 7.899840187024294913, -129.9514604994692775 ) ) ;
#10272 = ORIENTED_EDGE ( 'NONE', *, *, #7181, .T. ) ;
#10273 = FACE_OUTER_BOUND ( 'NONE', #3122, .T. ) ;
#10274 = LINE ( 'NONE', #11457, #7843 ) ;
#10275 = AXIS2_PLACEMENT_3D ( 'NONE', #5283, #9708, #8816 ) ;
#10276 = EDGE_LOOP ( 'NONE', ( #3978, #4712, #10534, #5127 ) ) ;
#10277 = AXIS2_PLACEMENT_3D ( 'NONE', #4385, #3490, #7036 ) ;
#10278 = FACE_OUTER_BOUND ( 'NONE', #2818, .T. ) ;
#10279 = ORIENTED_EDGE ( 'NONE', *, *, #9342, .T. ) ;
#10280 = CARTESIAN_POINT ( 'NONE',  ( -0.7500000000000006661, 224.9999999999999716, -130.0000000000000000 ) ) ;
#10281 = EDGE_CURVE ( 'NONE', #8722, #5540, #6586, .T. ) ;
#10282 = DIRECTION ( 'NONE',  ( 2.168404344971006896E-16, -5.204170427930416550E-15, 1.000000000000000000 ) ) ;
#10283 = CARTESIAN_POINT ( 'NONE',  ( 13.00000000000001243, 154.4716895539514496, -17.45788136388649292 ) ) ;
#10284 = EDGE_CURVE ( 'NONE', #8846, #6284, #3544, .T. ) ;
#10285 = B_SPLINE_CURVE_WITH_KNOTS ( 'NONE', 3,
 ( #2441, #6832, #3272, #6891, #11534, #7717, #11362, #4110, #5183, #11600, #6156, #6094, #1365, #10575, #8842, #8613, #1418, #1473, #9573, #5067, #10525, #535, #6037, #3394, #3168, #6997, #9676, #8724, #1534, #10470, #5128, #2281, #7060, #10694, #479, #2330, #7776, #11420, #4165, #7831, #11477, #8782, #6287, #1661, #3576, #7249, #4589 ),
 .UNSPECIFIED., .F., .F.,
 ( 4, 1, 1, 1, 1, 1, 1, 2, 2, 1, 1, 1, 1, 1, 1, 2, 2, 2, 1, 1, 1, 1, 1, 1, 1, 2, 2, 1, 1, 1, 1, 1, 1, 2, 2, 4 ),
 ( 0.000000000000000000, 0.06249999999986888266, 0.09374999999980213050, 0.1093749999997686295, 0.1171874999997518790, 0.1210937499997452038, 0.1230468749997435940, 0.1240234374997430250, 0.1249999999997424283, 0.1874999999997113975, 0.2187499999996955491, 0.2343749999996858902, 0.2421874999996797284, 0.2460937499996766753, 0.2480468749996758981, 0.2490234374996755096, 0.2499999999996750932, 0.4999999999996225242, 0.6249999999995963229, 0.6874999999995832223, 0.7187499999995787814, 0.7343749999995760058, 0.7421874999995741184, 0.7460937499995714539, 0.7480468749995717870, 0.7490234374995740074, 0.7499999999995763389, 0.8124999999998360201, 0.8437499999999686917, 0.8593750000000328626, 0.8671875000000650591, 0.8710937500000809353, 0.8730468750000888178, 0.8740234375000929257, 0.8750000000000971445, 1.000000000000000000 ),
 .UNSPECIFIED. ) ;
#10286 = LINE ( 'NONE', #10344, #4857 ) ;
#10287 = AXIS2_PLACEMENT_3D ( 'NONE', #10778, #5201, #6054 ) ;
#10288 = ORIENTED_EDGE ( 'NONE', *, *, #9990, .F. ) ;
#10289 = AXIS2_PLACEMENT_3D ( 'NONE', #2692, #2807, #2749 ) ;
#10290 = CYLINDRICAL_SURFACE ( 'NONE', #4714, 2.750000000000002665 ) ;
#10291 = ORIENTED_EDGE ( 'NONE', *, *, #2664, .F. ) ;
#10292 = CARTESIAN_POINT ( 'NONE',  ( 13.00000000000001421, 188.5000000000000000, -8.000000000000001776 ) ) ;
#10293 = ORIENTED_EDGE ( 'NONE', *, *, #10533, .T. ) ;
#10294 = PLANE ( 'NONE',  #7546 ) ;
#10295 = B_SPLINE_CURVE_WITH_KNOTS ( 'NONE', 3,
 ( #8438, #8555, #2934, #6602, #4002, #141, #7663, #5751, #7446, #4657, #1197, #10235, #1141, #6658, #2041, #2880, #4784, #257, #5807, #5691, #2997, #2107, #11255, #3058, #6725, #10172, #10354, #9346, #9461, #11307, #9219, #8319, #1079, #11071, #6542, #5628, #9280, #1364, #5972, #10522, #6938, #2280, #8610, #477, #7829, #10629, #9729 ),
 .UNSPECIFIED., .F., .F.,
 ( 4, 1, 1, 1, 1, 1, 1, 2, 2, 1, 1, 1, 1, 1, 1, 2, 2, 2, 1, 1, 1, 1, 1, 1, 1, 2, 2, 1, 1, 1, 1, 1, 1, 2, 2, 4 ),
 ( 0.000000000000000000, 0.06250000000004085621, 0.09375000000006117329, 0.1093750000000714567, 0.1171875000000765915, 0.1210937500000791589, 0.1230468750000802275, 0.1240234375000805467, 0.1250000000000808520, 0.1875000000000898170, 0.2187500000000940359, 0.2343750000000962286, 0.2421875000000979217, 0.2460937500000993372, 0.2480468750001001144, 0.2490234375001011691, 0.2500000000001021960, 0.5000000000001549871, 0.6250000000001794120, 0.6875000000001938449, 0.7187500000002010614, 0.7343750000002036149, 0.7421875000002059464, 0.7460937500002060574, 0.7480468750002060574, 0.7490234375002060574, 0.7500000000002060574, 0.8125000000001678657, 0.8437500000001487699, 0.8593750000001380007, 0.8671875000001326717, 0.8710937500001300071, 0.8730468750001274536, 0.8740234375001262324, 0.8750000000001250111, 1.000000000000000000 ),
 .UNSPECIFIED. ) ;
#10296 = ORIENTED_EDGE ( 'NONE', *, *, #4924, .T. ) ;
#10297 = CIRCLE ( 'NONE', #9538, 0.8890000000000009006 ) ;
#10298 = CARTESIAN_POINT ( 'NONE',  ( 11.00000000000000711, 59.13137752584121642, -112.9800000000000040 ) ) ;
#10299 = DIRECTION ( 'NONE',  ( 0.000000000000000000, 1.000000000000000000, 1.267377881992188131E-16 ) ) ;
#10300 = EDGE_CURVE ( 'NONE', #8481, #8435, #8899, .T. ) ;
#10301 = CYLINDRICAL_SURFACE ( 'NONE', #7726, 0.8890000000000009006 ) ;
#10302 = CARTESIAN_POINT ( 'NONE',  ( 8.000000000000000000, 119.5000000000000000, -122.0000000000000000 ) ) ;
#10303 = DIRECTION ( 'NONE',  ( 1.000000000000000000, -0.000000000000000000, -0.000000000000000000 ) ) ;
#10304 = DIRECTION ( 'NONE',  ( 2.168404344971006896E-16, 1.235990476633473950E-14, 1.000000000000000000 ) ) ;
#10305 = ORIENTED_EDGE ( 'NONE', *, *, #1610, .T. ) ;
#10306 = DIRECTION ( 'NONE',  ( -1.000000000000000000, -0.000000000000000000, -0.000000000000000000 ) ) ;
#10307 = ORIENTED_EDGE ( 'NONE', *, *, #4912, .F. ) ;
#10308 = CARTESIAN_POINT ( 'NONE',  ( 4.750000000000000000, 2.928932188134526715, -129.2830808016391870 ) ) ;
#10309 = CIRCLE ( 'NONE', #6699, 6.119999999999986784 ) ;
#10310 =( BOUNDED_CURVE ( )  B_SPLINE_CURVE ( 3, ( #3737, #4568, #2674, #4624 ),
 .UNSPECIFIED., .F., .F. ) 
 B_SPLINE_CURVE_WITH_KNOTS ( ( 4, 4 ),
 ( 6.172944893837003733, 8.651761662360408778 ),
 .UNSPECIFIED. ) 
 CURVE ( )  GEOMETRIC_REPRESENTATION_ITEM ( )  RATIONAL_B_SPLINE_CURVE ( ( 1.000000000000000000, 0.5502371788429336608, 0.5502371788429336608, 1.000000000000000000 ) ) 
 REPRESENTATION_ITEM ( '' )  );
#10311 = EDGE_CURVE ( 'NONE', #10876, #11275, #80, .T. ) ;
#10312 = CARTESIAN_POINT ( 'NONE',  ( 12.99999999999998401, 91.34711482990273623, -91.50000000000000000 ) ) ;
#10313 = FACE_OUTER_BOUND ( 'NONE', #6917, .T. ) ;
#10314 = ORIENTED_EDGE ( 'NONE', *, *, #9749, .T. ) ;
#10315 = DIRECTION ( 'NONE',  ( 0.000000000000000000, 0.000000000000000000, 1.000000000000000000 ) ) ;
#10316 = CONICAL_SURFACE ( 'NONE', #14, 3.000000000000009770, 0.3490658503988593453 ) ;
#10317 = CARTESIAN_POINT ( 'NONE',  ( 8.000000000000000000, 217.0000000000000284, -46.38000000000000256 ) ) ;
#10318 = ORIENTED_EDGE ( 'NONE', *, *, #7820, .F. ) ;
#10319 = DIRECTION ( 'NONE',  ( -1.267377881992188131E-16, -1.000000000000000000, -1.267377881992188131E-16 ) ) ;
#10320 = EDGE_CURVE ( 'NONE', #2771, #8423, #5676, .T. ) ;
#10321 = VERTEX_POINT ( 'NONE', #2149 ) ;
#10322 = EDGE_CURVE ( 'NONE', #7259, #5032, #6646, .T. ) ;
#10323 = AXIS2_PLACEMENT_3D ( 'NONE', #7024, #8872, #6062 ) ;
#10324 = LINE ( 'NONE', #5539, #5891 ) ;
#10325 = ORIENTED_EDGE ( 'NONE', *, *, #10440, .F. ) ;
#10326 = DIRECTION ( 'NONE',  ( -1.000000000000000000, -0.000000000000000000, -0.000000000000000000 ) ) ;
#10327 = FACE_OUTER_BOUND ( 'NONE', #7429, .T. ) ;
#10328 = PRODUCT_RELATED_PRODUCT_CATEGORY ( 'part', '', ( #7359 ) ) ;
#10329 = VERTEX_POINT ( 'NONE', #5795 ) ;
#10330 = LINE ( 'NONE', #7591, #7609 ) ;
#10331 = VERTEX_POINT ( 'NONE', #1905 ) ;
#10332 = DIRECTION ( 'NONE',  ( 0.000000000000000000, 0.000000000000000000, -1.000000000000000000 ) ) ;
#10333 = VERTEX_POINT ( 'NONE', #11115 ) ;
#10334 = LINE ( 'NONE', #298, #6200 ) ;
#10335 = CARTESIAN_POINT ( 'NONE',  ( 56.31128874149275276, 37.48318243780042280, -130.0000000000000000 ) ) ;
#10336 = AXIS2_PLACEMENT_3D ( 'NONE', #3792, #7722, #6561 ) ;
#10337 = EDGE_CURVE ( 'NONE', #9220, #8763, #1127, .T. ) ;
#10338 = ORIENTED_EDGE ( 'NONE', *, *, #5583, .T. ) ;
#10339 = CARTESIAN_POINT ( 'NONE',  ( 15.75000000000000000, 226.6819805153394327, 0.000000000000000000 ) ) ;
#10340 = ORIENTED_EDGE ( 'NONE', *, *, #365, .T. ) ;
#10341 = DIRECTION ( 'NONE',  ( 0.000000000000000000, 0.000000000000000000, 1.000000000000000000 ) ) ;
#10342 = CARTESIAN_POINT ( 'NONE',  ( 12.99999999999999467, 156.0000000000000000, -95.50000000000000000 ) ) ;
#10343 = VECTOR ( 'NONE', #1109, 1000.000000000000000 ) ;
#10344 = CARTESIAN_POINT ( 'NONE',  ( 56.31128874149275276, 62.73828822863980292, -103.4799999999999898 ) ) ;
#10345 = ADVANCED_FACE ( 'NONE', ( #1183 ), #3046, .F. ) ;
#10346 = ORIENTED_EDGE ( 'NONE', *, *, #9060, .F. ) ;
#10347 = CARTESIAN_POINT ( 'NONE',  ( 8.000000000000000000, 192.4999999999999432, -38.50000000000000000 ) ) ;
#10348 = ORIENTED_EDGE ( 'NONE', *, *, #3636, .T. ) ;
#10349 = DIRECTION ( 'NONE',  ( 0.000000000000000000, 0.000000000000000000, -1.000000000000000000 ) ) ;
#10350 = DIRECTION ( 'NONE',  ( 1.217349807703022609E-16, 0.000000000000000000, 1.000000000000000000 ) ) ;
#10351 = ADVANCED_FACE ( 'NONE', ( #4827 ), #6713, .T. ) ;
#10352 = EDGE_CURVE ( 'NONE', #7389, #9671, #11761, .T. ) ;
#10353 = ORIENTED_EDGE ( 'NONE', *, *, #11036, .T. ) ;
#10355 = VERTEX_POINT ( 'NONE', #8424 ) ;
#10354 = CARTESIAN_POINT ( 'NONE',  ( -0.000000000000000000, 0.4969227444653944170, -124.8023145233930933 ) ) ;
#10357 = ORIENTED_EDGE ( 'NONE', *, *, #7213, .T. ) ;
#10356 = CARTESIAN_POINT ( 'NONE',  ( 24.00000000000000000, 56.22328822863982367, -118.5120883615640253 ) ) ;
#10358 = B_SPLINE_CURVE_WITH_KNOTS ( 'NONE', 3,
 ( #11554, #731, #11740, #11678, #1744, #788 ),
 .UNSPECIFIED., .F., .F.,
 ( 4, 2, 4 ),
 ( 0.01424136364674950458, 0.01693725860870978067, 0.01963315357067006023 ),
 .UNSPECIFIED. ) ;
#10359 = DIRECTION ( 'NONE',  ( 0.000000000000000000, 0.000000000000000000, 1.000000000000000000 ) ) ;
#10360 = CARTESIAN_POINT ( 'NONE',  ( -0.000000000000000000, 5.197685476631564327, -0.4969227444574043639 ) ) ;
#10361 = CARTESIAN_POINT ( 'NONE',  ( 14.86869354863674175, 29.23828822863977450, -20.51360740926767079 ) ) ;
#10362 = FACE_OUTER_BOUND ( 'NONE', #9386, .T. ) ;
#10363 = EDGE_LOOP ( 'NONE', ( #955, #7592 ) ) ;
#10364 = PLANE ( 'NONE',  #7338 ) ;
#10365 = ORIENTED_EDGE ( 'NONE', *, *, #11470, .T. ) ;
#10366 = EDGE_CURVE ( 'NONE', #451, #5431, #3696, .T. ) ;
#10367 = CARTESIAN_POINT ( 'NONE',  ( 9.994447742873095564, 82.99999999999998579, -90.40144149110898297 ) ) ;
#10368 = VECTOR ( 'NONE', #9146, 1000.000000000000000 ) ;
#10369 = CARTESIAN_POINT ( 'NONE',  ( 14.86869354863678439, 154.4716895539514496, -17.45788136388649292 ) ) ;
#10370 = DIRECTION ( 'NONE',  ( 1.000000000000000000, -0.000000000000000000, -0.000000000000000000 ) ) ;
#10371 = CARTESIAN_POINT ( 'NONE',  ( 8.000000000000000000, 66.73828822863980292, -20.51360740926767079 ) ) ;
#10372 = CARTESIAN_POINT ( 'NONE',  ( 13.00000000000000888, 156.0000000000000000, -38.50000000000000711 ) ) ;
#10373 = VECTOR ( 'NONE', #3299, 1000.000000000000000 ) ;
#10374 = EDGE_LOOP ( 'NONE', ( #8513, #4622, #10703, #7183 ) ) ;
#10375 = AXIS2_PLACEMENT_3D ( 'NONE', #10247, #89, #8217 ) ;
#10376 = DIRECTION ( 'NONE',  ( -1.000000000000000000, -0.000000000000000000, -0.000000000000000000 ) ) ;
#10377 = DIRECTION ( 'NONE',  ( 1.000000000000000000, 0.000000000000000000, 0.000000000000000000 ) ) ;
#10378 = EDGE_CURVE ( 'NONE', #3972, #4399, #5554, .T. ) ;
#10379 =( BOUNDED_CURVE ( )  B_SPLINE_CURVE ( 3, ( #319, #4787, #9222, #7449 ),
 .UNSPECIFIED., .F., .F. ) 
 B_SPLINE_CURVE_WITH_KNOTS ( ( 4, 4 ),
 ( 4.712388980384689674, 6.283185307179586232 ),
 .UNSPECIFIED. ) 
 CURVE ( )  GEOMETRIC_REPRESENTATION_ITEM ( )  RATIONAL_B_SPLINE_CURVE ( ( 1.000000000000000000, 0.8047378541243649375, 0.8047378541243649375, 1.000000000000000000 ) ) 
 REPRESENTATION_ITEM ( '' )  );
#10380 = DIRECTION ( 'NONE',  ( 0.000000000000000000, 1.267377881992188131E-16, -1.000000000000000000 ) ) ;
#10381 = AXIS2_PLACEMENT_3D ( 'NONE', #149, #6495, #1813 ) ;
#10382 = EDGE_LOOP ( 'NONE', ( #4715, #11216, #3601, #9759 ) ) ;
#10383 = DIRECTION ( 'NONE',  ( 0.000000000000000000, -1.734723475976805911E-15, 1.000000000000000000 ) ) ;
#10384 = CARTESIAN_POINT ( 'NONE',  ( 15.00000000000000355, 234.8758707979576741, -7.014924349559569450 ) ) ;
#10385 = ADVANCED_FACE ( 'NONE', ( #8365 ), #8303, .T. ) ;
#10386 = EDGE_LOOP ( 'NONE', ( #1386, #6961 ) ) ;
#10387 = FACE_OUTER_BOUND ( 'NONE', #6024, .T. ) ;
#10388 = LINE ( 'NONE', #9497, #3017 ) ;
#10389 = EDGE_LOOP ( 'NONE', ( #1093, #3961, #4575, #10780 ) ) ;
#10390 = DIRECTION ( 'NONE',  ( -0.9396926207859107594, 0.000000000000000000, 0.3420201433256619961 ) ) ;
#10391 = ORIENTED_EDGE ( 'NONE', *, *, #11328, .T. ) ;
#10392 = DIRECTION ( 'NONE',  ( -1.267377881992188131E-16, -1.000000000000000000, -1.267377881992188131E-16 ) ) ;
#10393 = EDGE_CURVE ( 'NONE', #8004, #5997, #6993, .T. ) ;
#10394 = AXIS2_PLACEMENT_3D ( 'NONE', #8272, #7154, #1881 ) ;
#10395 = CARTESIAN_POINT ( 'NONE',  ( 14.86869354863676307, 135.9280050152813999, -95.68255645757716366 ) ) ;
#10396 = AXIS2_PLACEMENT_3D ( 'NONE', #6355, #2702, #10231 ) ;
#10397 = ORIENTED_EDGE ( 'NONE', *, *, #5410, .F. ) ;
#10398 = DIRECTION ( 'NONE',  ( 0.000000000000000000, 0.000000000000000000, 1.000000000000000000 ) ) ;
#10399 = CARTESIAN_POINT ( 'NONE',  ( 14.86869354863674175, 42.49999999999999289, -14.51360740926767079 ) ) ;
#10400 = AXIS2_PLACEMENT_3D ( 'NONE', #8145, #4365, #4422 ) ;
#10401 = AXIS2_PLACEMENT_3D ( 'NONE', #6029, #2557, #11592 ) ;
#10402 = LINE ( 'NONE', #576, #3906 ) ;
#10403 = EDGE_CURVE ( 'NONE', #10574, #5029, #4045, .T. ) ;
#10404 = ORIENTED_EDGE ( 'NONE', *, *, #4093, .T. ) ;
#10405 = CARTESIAN_POINT ( 'NONE',  ( 0.000000000000000000, 117.5000000000000000, -122.0000000000000000 ) ) ;
#10406 = EDGE_LOOP ( 'NONE', ( #348, #4607, #3838, #11725 ) ) ;
#10407 = CARTESIAN_POINT ( 'NONE',  ( 16.00000000000000000, 30.73828822863980292, -105.5909999999999940 ) ) ;
#10408 = PLANE ( 'NONE',  #5819 ) ;
#10409 = ORIENTED_EDGE ( 'NONE', *, *, #2962, .F. ) ;
#10410 = CIRCLE ( 'NONE', #8710, 3.680148828669058236 ) ;
#10411 = AXIS2_PLACEMENT_3D ( 'NONE', #6624, #3854, #9486 ) ;
#10412 = EDGE_CURVE ( 'NONE', #267, #1870, #4150, .T. ) ;
#10414 = ORIENTED_EDGE ( 'NONE', *, *, #8159, .F. ) ;
#10413 = DIRECTION ( 'NONE',  ( 0.000000000000000000, 0.000000000000000000, -1.000000000000000000 ) ) ;
#10415 = FACE_OUTER_BOUND ( 'NONE', #5406, .T. ) ;
#10416 = DIRECTION ( 'NONE',  ( 1.000000000000000000, -0.000000000000000000, -0.000000000000000000 ) ) ;
#10417 = CARTESIAN_POINT ( 'NONE',  ( -0.000000000000000000, 7.899840187021766269, -0.04853950053081981797 ) ) ;
#10418 = EDGE_CURVE ( 'NONE', #1659, #1179, #10614, .T. ) ;
#10419 = CARTESIAN_POINT ( 'NONE',  ( 13.00000000000001066, -0.001000000000001000089, -112.9800000000000040 ) ) ;
#10420 = LINE ( 'NONE', #7782, #8557 ) ;
#10421 = CARTESIAN_POINT ( 'NONE',  ( 10.68331787763148277, 34.22993606517200504, -109.3582994448473471 ) ) ;
#10422 = ORIENTED_EDGE ( 'NONE', *, *, #6490, .F. ) ;
#10423 = ORIENTED_EDGE ( 'NONE', *, *, #2355, .F. ) ;
#10424 = DIRECTION ( 'NONE',  ( 0.000000000000000000, 0.000000000000000000, 1.000000000000000000 ) ) ;
#10425 = ORIENTED_EDGE ( 'NONE', *, *, #7850, .T. ) ;
#10426 = AXIS2_PLACEMENT_3D ( 'NONE', #7964, #10588, #5197 ) ;
#10427 = DIRECTION ( 'NONE',  ( 0.000000000000000000, 0.000000000000000000, -1.000000000000000000 ) ) ;
#10428 = ADVANCED_FACE ( 'NONE', ( #2423 ), #7943, .T. ) ;
#10429 = EDGE_CURVE ( 'NONE', #9299, #5036, #516, .T. ) ;
#10430 = CARTESIAN_POINT ( 'NONE',  ( 6.999999999999999112, 8.000000000000000000, -8.000000000000028422 ) ) ;
#10431 = CARTESIAN_POINT ( 'NONE',  ( 16.00000000000000000, 0.000000000000000000, 0.000000000000000000 ) ) ;
#10432 = ORIENTED_EDGE ( 'NONE', *, *, #10366, .T. ) ;
#10433 = FACE_BOUND ( 'NONE', #8929, .T. ) ;
#10434 = VECTOR ( 'NONE', #406, 1000.000000000000000 ) ;
#10435 = CARTESIAN_POINT ( 'NONE',  ( 8.000000000000000000, 219.2540333075850754, -120.0000000000000000 ) ) ;
#10436 = CIRCLE ( 'NONE', #6046, 6.680148828669054240 ) ;
#10437 = LINE ( 'NONE', #2249, #7583 ) ;
#10438 = VECTOR ( 'NONE', #9806, 1000.000000000000000 ) ;
#10439 = DIRECTION ( 'NONE',  ( 0.7028676492929106789, -0.7113206503240701029, 0.000000000000000000 ) ) ;
#10440 = EDGE_CURVE ( 'NONE', #3102, #2259, #4883, .T. ) ;
#10441 = LINE ( 'NONE', #1391, #8191 ) ;
#10442 = DIRECTION ( 'NONE',  ( 0.000000000000000000, 0.000000000000000000, -1.000000000000000000 ) ) ;
#10443 = VERTEX_POINT ( 'NONE', #7759 ) ;
#10444 = CARTESIAN_POINT ( 'NONE',  ( 8.000000000000000000, 115.4999999999999858, -114.2540333075851606 ) ) ;
#10445 = VECTOR ( 'NONE', #9213, 1000.000000000000000 ) ;
#10446 = CARTESIAN_POINT ( 'NONE',  ( 0.000000000000000000, 234.6685234676171490, -5.850950647958686801 ) ) ;
#10447 = CARTESIAN_POINT ( 'NONE',  ( 15.00000000000000000, 5.771625857739833165, -129.6504647182886458 ) ) ;
#10448 = VERTEX_POINT ( 'NONE', #6019 ) ;
#10449 = DIRECTION ( 'NONE',  ( 0.9396926207859102043, -0.000000000000000000, -0.3420201433256638834 ) ) ;
#10450 = CARTESIAN_POINT ( 'NONE',  ( 16.00000000000000000, 58.23828822863978161, -28.51360740926766368 ) ) ;
#10451 = DIRECTION ( 'NONE',  ( -2.434699615406045218E-16, 0.000000000000000000, -1.000000000000000000 ) ) ;
#10452 = VECTOR ( 'NONE', #11186, 1000.000000000000000 ) ;
#10453 = LINE ( 'NONE', #5907, #7191 ) ;
#10454 = CARTESIAN_POINT ( 'NONE',  ( 0.000000000000000000, 188.5000000000000000, 0.000000000000000000 ) ) ;
#10455 = EDGE_CURVE ( 'NONE', #11369, #1459, #2223, .T. ) ;
#10456 = DIRECTION ( 'NONE',  ( 0.000000000000000000, 1.000000000000000000, 1.267377881992188131E-16 ) ) ;
#10457 = VERTEX_POINT ( 'NONE', #5959 ) ;
#10458 = CARTESIAN_POINT ( 'NONE',  ( 8.000000000000000000, 78.99999999999995737, -95.50000000000000000 ) ) ;
#10459 = VERTEX_POINT ( 'NONE', #6981 ) ;
#10460 = LINE ( 'NONE', #1307, #3999 ) ;
#10461 = VECTOR ( 'NONE', #8519, 1000.000000000000000 ) ;
#10462 = VECTOR ( 'NONE', #9644, 1000.000000000000000 ) ;
#10463 = LINE ( 'NONE', #6656, #5216 ) ;
#10464 = ORIENTED_EDGE ( 'NONE', *, *, #4983, .F. ) ;
#10465 = DIRECTION ( 'NONE',  ( -0.000000000000000000, 1.000000000000000000, 0.000000000000000000 ) ) ;
#10466 = EDGE_CURVE ( 'NONE', #11284, #1556, #4682, .T. ) ;
#10467 = DIRECTION ( 'NONE',  ( 1.000000000000000000, -0.000000000000000000, -0.000000000000000000 ) ) ;
#10468 = AXIS2_PLACEMENT_3D ( 'NONE', #6731, #6837, #7672 ) ;
#10469 = AXIS2_PLACEMENT_3D ( 'NONE', #3293, #4922, #2299 ) ;
#10470 = CARTESIAN_POINT ( 'NONE',  ( -0.000000000000000000, 229.2283741422661194, -129.6504647182825636 ) ) ;
#10471 = AXIS2_PLACEMENT_3D ( 'NONE', #5809, #10174, #4902 ) ;
#10472 = EDGE_CURVE ( 'NONE', #7435, #4369, #8766, .T. ) ;
#10473 = LINE ( 'NONE', #5069, #8861 ) ;
#10474 = CARTESIAN_POINT ( 'NONE',  ( -0.000000000000000000, 7.748933260267133249, -0.05907901251446315283 ) ) ;
#10475 = CARTESIAN_POINT ( 'NONE',  ( 12.17631601310774947, 134.2275378937851542, -38.50000000000000711 ) ) ;
#10476 = FACE_OUTER_BOUND ( 'NONE', #11083, .T. ) ;
#10477 = LINE ( 'NONE', #2286, #10517 ) ;
#10478 = ORIENTED_EDGE ( 'NONE', *, *, #2221, .F. ) ;
#10479 = VERTEX_POINT ( 'NONE', #5112 ) ;
#10480 = CARTESIAN_POINT ( 'NONE',  ( 56.31128874149275276, 30.73828822863979582, -55.48000000000000398 ) ) ;
#10481 = AXIS2_PLACEMENT_3D ( 'NONE', #2699, #3764, #6537 ) ;
#10482 = VECTOR ( 'NONE', #3979, 1000.000000000000000 ) ;
#10483 = AXIS2_PLACEMENT_3D ( 'NONE', #8467, #10264, #9249 ) ;
#10484 = ADVANCED_FACE ( 'NONE', ( #7869 ), #4946, .T. ) ;
#10485 = CARTESIAN_POINT ( 'NONE',  ( 0.000000000000000000, 188.5000000000000000, -120.0000000000000000 ) ) ;
#10486 = LINE ( 'NONE', #10649, #1790 ) ;
#10487 = CIRCLE ( 'NONE', #8170, 5.500000000000032863 ) ;
#10488 = CARTESIAN_POINT ( 'NONE',  ( 14.86869354863676307, 62.73828822863980292, -55.47999999999998977 ) ) ;
#10489 = DIRECTION ( 'NONE',  ( 1.000000000000000000, 0.000000000000000000, 0.000000000000000000 ) ) ;
#10490 = EDGE_LOOP ( 'NONE', ( #6352, #1324 ) ) ;
#10491 = ORIENTED_EDGE ( 'NONE', *, *, #2669, .F. ) ;
#10492 = DIRECTION ( 'NONE',  ( -1.267377881992188131E-16, -1.000000000000000000, -1.267377881992188131E-16 ) ) ;
#10493 = ORIENTED_EDGE ( 'NONE', *, *, #2904, .T. ) ;
#10494 = CARTESIAN_POINT ( 'NONE',  ( 56.31128874149275276, 20.37152769304129762, -27.51360740926764947 ) ) ;
#10495 = EDGE_CURVE ( 'NONE', #4566, #7558, #6818, .T. ) ;
#10496 = EDGE_CURVE ( 'NONE', #3584, #6453, #1065, .T. ) ;
#10497 = CARTESIAN_POINT ( 'NONE',  ( 16.00000000000000000, 30.73828822863979582, -54.59100000000000108 ) ) ;
#10498 = DIRECTION ( 'NONE',  ( -1.000000000000000000, 0.000000000000000000, 0.000000000000000000 ) ) ;
#10499 = LINE ( 'NONE', #9652, #6437 ) ;
#10500 = VECTOR ( 'NONE', #10390, 1000.000000000000114 ) ;
#10501 = ORIENTED_EDGE ( 'NONE', *, *, #923, .T. ) ;
#10502 = CARTESIAN_POINT ( 'NONE',  ( -0.000000000000000000, 234.9409209874850148, -7.748933260277286905 ) ) ;
#10503 = VERTEX_POINT ( 'NONE', #4887 ) ;
#10504 = CARTESIAN_POINT ( 'NONE',  ( -0.002000000000000265454, 10.00000000000000711, -114.2540333075851606 ) ) ;
#10505 = CARTESIAN_POINT ( 'NONE',  ( 6.999999999999999112, 120.2500000000000000, -122.0000000000000000 ) ) ;
#10506 = DIRECTION ( 'NONE',  ( -1.000000000000000000, 0.000000000000000000, 0.000000000000000000 ) ) ;
#10507 = EDGE_CURVE ( 'NONE', #3208, #1796, #7745, .T. ) ;
#10508 = AXIS2_PLACEMENT_3D ( 'NONE', #1442, #5094, #4188 ) ;
#10509 = CARTESIAN_POINT ( 'NONE',  ( 14.86869354863676307, 203.4716895539514780, -72.45788136388647160 ) ) ;
#10510 = DIRECTION ( 'NONE',  ( 0.000000000000000000, 0.000000000000000000, -1.000000000000000000 ) ) ;
#10511 = B_SPLINE_CURVE_WITH_KNOTS ( 'NONE', 3,
 ( #5790, #8417, #454, #11110 ),
 .UNSPECIFIED., .F., .F.,
 ( 4, 4 ),
 ( 0.03860239961663659847, 0.04152784961747897630 ),
 .UNSPECIFIED. ) ;
#10512 = CARTESIAN_POINT ( 'NONE',  ( 14.86869354863678439, 73.10504876423827625, -24.51360740926764592 ) ) ;
#10513 = EDGE_LOOP ( 'NONE', ( #5591, #1319, #7271, #9886 ) ) ;
#10514 = CARTESIAN_POINT ( 'NONE',  ( 15.00000000000000178, 0.3495352817167810544, -5.771625857734341558 ) ) ;
#10515 = ORIENTED_EDGE ( 'NONE', *, *, #4939, .F. ) ;
#10516 = DIRECTION ( 'NONE',  ( -1.000000000000000000, 0.000000000000000000, 0.000000000000000000 ) ) ;
#10517 = VECTOR ( 'NONE', #9578, 1000.000000000000000 ) ;
#10518 = DIRECTION ( 'NONE',  ( 0.000000000000000000, -0.000000000000000000, -1.000000000000000000 ) ) ;
#10519 = ORIENTED_EDGE ( 'NONE', *, *, #11213, .T. ) ;
#10520 = EDGE_CURVE ( 'NONE', #1435, #7972, #2593, .T. ) ;
#10521 = DIRECTION ( 'NONE',  ( 0.000000000000000000, 1.000000000000000000, -0.000000000000000000 ) ) ;
#10523 = ORIENTED_EDGE ( 'NONE', *, *, #2652, .F. ) ;
#10522 = CARTESIAN_POINT ( 'NONE',  ( -0.000000000000000000, 0.05327122286072445007, -122.1699900473036990 ) ) ;
#10524 = VECTOR ( 'NONE', #11160, 1000.000000000000114 ) ;
#10525 = CARTESIAN_POINT ( 'NONE',  ( 0.000000000000000000, 234.6741622229993709, -124.1237723842963163 ) ) ;
#10526 = FACE_OUTER_BOUND ( 'NONE', #5137, .T. ) ;
#10527 = FACE_BOUND ( 'NONE', #3478, .T. ) ;
#10528 = VERTEX_POINT ( 'NONE', #3154 ) ;
#10529 = CARTESIAN_POINT ( 'NONE',  ( 8.000000000000000000, 203.4716895539514780, -80.95788136388651424 ) ) ;
#10530 = PLANE ( 'NONE',  #9519 ) ;
#10531 = EDGE_LOOP ( 'NONE', ( #4778, #9832, #3178, #510 ) ) ;
#10532 = LINE ( 'NONE', #4117, #6563 ) ;
#10533 = EDGE_CURVE ( 'NONE', #1116, #2415, #10453, .T. ) ;
#10534 = ORIENTED_EDGE ( 'NONE', *, *, #507, .F. ) ;
#10535 = CYLINDRICAL_SURFACE ( 'NONE', #5210, 6.120000000000000107 ) ;
#10536 = VERTEX_POINT ( 'NONE', #4996 ) ;
#10537 = DIRECTION ( 'NONE',  ( -1.000000000000000000, -0.000000000000000000, -0.000000000000000000 ) ) ;
#10538 = CARTESIAN_POINT ( 'NONE',  ( 8.839167000735999480, 107.6552978295501788, -38.50000000000000711 ) ) ;
#10539 = CARTESIAN_POINT ( 'NONE',  ( 0.000000000000000000, 115.4999999999999858, -91.50000000000000000 ) ) ;
#10540 = ORIENTED_EDGE ( 'NONE', *, *, #3968, .F. ) ;
#10541 = EDGE_CURVE ( 'NONE', #4699, #3794, #8655, .T. ) ;
#10542 = ORIENTED_EDGE ( 'NONE', *, *, #5062, .F. ) ;
#10543 = VERTEX_POINT ( 'NONE', #10509 ) ;
#10544 = CARTESIAN_POINT ( 'NONE',  ( 15.00000000000000000, 224.9999999999999716, -129.9999999999999716 ) ) ;
#10545 = ORIENTED_EDGE ( 'NONE', *, *, #797, .F. ) ;
#10546 = FACE_OUTER_BOUND ( 'NONE', #8092, .T. ) ;
#10547 = EDGE_CURVE ( 'NONE', #10908, #3662, #8697, .T. ) ;
#10548 = EDGE_LOOP ( 'NONE', ( #2297, #10234 ) ) ;
#10549 = CARTESIAN_POINT ( 'NONE',  ( 12.99999999999998934, 133.5604097613552028, -95.50000000000000000 ) ) ;
#10550 = ORIENTED_EDGE ( 'NONE', *, *, #2410, .F. ) ;
#10551 = LINE ( 'NONE', #4031, #8380 ) ;
#10552 = DIRECTION ( 'NONE',  ( -1.000000000000000000, -0.000000000000000000, -0.000000000000000000 ) ) ;
#10553 = EDGE_CURVE ( 'NONE', #11809, #7839, #2613, .T. ) ;
#10554 = CYLINDRICAL_SURFACE ( 'NONE', #4383, 6.120000000000000107 ) ;
#10555 = EDGE_CURVE ( 'NONE', #8903, #10457, #5165, .T. ) ;
#10556 = CARTESIAN_POINT ( 'NONE',  ( -0.000000000000000000, 231.8921151137790559, -1.289136877548356042 ) ) ;
#10557 = VERTEX_POINT ( 'NONE', #3560 ) ;
#10558 = DIRECTION ( 'NONE',  ( -1.000000000000000000, -0.000000000000000000, -0.000000000000000000 ) ) ;
#10559 = ORIENTED_EDGE ( 'NONE', *, *, #153, .F. ) ;
#10560 = DIRECTION ( 'NONE',  ( 0.000000000000000000, 0.000000000000000000, -1.000000000000000000 ) ) ;
#10561 = DIRECTION ( 'NONE',  ( 0.000000000000000000, 0.000000000000000000, 1.000000000000000000 ) ) ;
#10562 = CARTESIAN_POINT ( 'NONE',  ( 56.31128874149275276, 30.73828822863980292, -106.4799999999999898 ) ) ;
#10563 = EDGE_CURVE ( 'NONE', #624, #2606, #9106, .T. ) ;
#10564 = EDGE_CURVE ( 'NONE', #5828, #3415, #5276, .T. ) ;
#10565 = AXIS2_PLACEMENT_3D ( 'NONE', #10838, #9935, #10057 ) ;
#10566 = CARTESIAN_POINT ( 'NONE',  ( 15.00000000000000533, 0.05048359870428287960, -7.870706826038158077 ) ) ;
#10567 = EDGE_LOOP ( 'NONE', ( #10634, #7540, #6031, #3012 ) ) ;
#10568 = CARTESIAN_POINT ( 'NONE',  ( 8.000000000000000000, 130.5566401771193625, -91.50000000000000000 ) ) ;
#10569 = AXIS2_PLACEMENT_3D ( 'NONE', #10480, #5931, #4849 ) ;
#10570 = DIRECTION ( 'NONE',  ( 0.000000000000000000, 0.000000000000000000, 1.000000000000000000 ) ) ;
#10571 = ORIENTED_EDGE ( 'NONE', *, *, #7993, .T. ) ;
#10572 = AXIS2_PLACEMENT_3D ( 'NONE', #2444, #2224, #6893 ) ;
#10574 = VERTEX_POINT ( 'NONE', #7043 ) ;
#10573 = CARTESIAN_POINT ( 'NONE',  ( 0.000000000000000000, 10.00000000000000711, -67.00000000000001421 ) ) ;
#10575 = CARTESIAN_POINT ( 'NONE',  ( -0.000000000000000000, 234.7842402448486325, -123.5708269638298731 ) ) ;
#10576 = CARTESIAN_POINT ( 'NONE',  ( 5.839999999999999858, 30.73828822863980292, -106.4799999999999898 ) ) ;
#10577 = ORIENTED_EDGE ( 'NONE', *, *, #11794, .T. ) ;
#10578 = DIRECTION ( 'NONE',  ( 0.000000000000000000, 0.000000000000000000, 1.000000000000000000 ) ) ;
#10579 = ORIENTED_EDGE ( 'NONE', *, *, #9082, .T. ) ;
#10580 = EDGE_CURVE ( 'NONE', #11612, #3492, #8114, .T. ) ;
#10581 = CARTESIAN_POINT ( 'NONE',  ( 12.99999999999998934, 133.8614085087922660, -38.50000000000000711 ) ) ;
#10582 = CARTESIAN_POINT ( 'NONE',  ( 0.000000000000000000, 192.5000000000000000, -95.49999999999998579 ) ) ;
#10583 = VERTEX_POINT ( 'NONE', #8174 ) ;
#10584 = ORIENTED_EDGE ( 'NONE', *, *, #9714, .F. ) ;
#10585 = CARTESIAN_POINT ( 'NONE',  ( 11.27662841389872206, 59.03069301722980811, -108.6725952114099982 ) ) ;
#10586 = AXIS2_PLACEMENT_3D ( 'NONE', #7604, #1910, #2873 ) ;
#10587 = AXIS2_PLACEMENT_3D ( 'NONE', #10993, #884, #7423 ) ;
#10588 = DIRECTION ( 'NONE',  ( -1.000000000000000000, 0.000000000000000000, 0.000000000000000000 ) ) ;
#10589 = ADVANCED_FACE ( 'NONE', ( #8887 ), #814, .F. ) ;
#10590 = AXIS2_PLACEMENT_3D ( 'NONE', #7450, #9223, #6302 ) ;
#10591 = DIRECTION ( 'NONE',  ( 0.000000000000000000, 0.000000000000000000, -1.000000000000000000 ) ) ;
#10592 = EDGE_CURVE ( 'NONE', #5950, #3972, #8824, .T. ) ;
#10593 = DIRECTION ( 'NONE',  ( -1.000000000000000000, -0.000000000000000000, -0.000000000000000000 ) ) ;
#10594 = VERTEX_POINT ( 'NONE', #4328 ) ;
#10595 = ORIENTED_EDGE ( 'NONE', *, *, #1714, .F. ) ;
#10596 = VERTEX_POINT ( 'NONE', #1771 ) ;
#10597 = DIRECTION ( 'NONE',  ( 0.000000000000000000, 0.000000000000000000, -1.000000000000000000 ) ) ;
#10598 = VERTEX_POINT ( 'NONE', #11760 ) ;
#10599 = VECTOR ( 'NONE', #7613, 1000.000000000000000 ) ;
#10600 = DIRECTION ( 'NONE',  ( 0.000000000000000000, 0.000000000000000000, 1.000000000000000000 ) ) ;
#10601 = ADVANCED_FACE ( 'NONE', ( #1709 ), #4392, .F. ) ;
#10602 = DIRECTION ( 'NONE',  ( 0.7071067811865475727, -0.7071067811865475727, 0.000000000000000000 ) ) ;
#10603 = DIRECTION ( 'NONE',  ( 0.000000000000000000, 1.267377881992188131E-16, -1.000000000000000000 ) ) ;
#10604 = VERTEX_POINT ( 'NONE', #8954 ) ;
#10605 = VECTOR ( 'NONE', #1299, 1000.000000000000000 ) ;
#10606 = DIRECTION ( 'NONE',  ( -0.000000000000000000, 0.9881164689548832536, 0.1537070062818648997 ) ) ;
#10607 = CARTESIAN_POINT ( 'NONE',  ( 16.00000000000000000, 62.73828822863980292, -55.47999999999998977 ) ) ;
#10608 = CARTESIAN_POINT ( 'NONE',  ( -0.000000000000000000, 227.0219033350635414, -0.04356628226238849072 ) ) ;
#10609 = ADVANCED_FACE ( 'NONE', ( #3437 ), #7994, .F. ) ;
#10610 = ORIENTED_EDGE ( 'NONE', *, *, #4179, .T. ) ;
#10611 = CARTESIAN_POINT ( 'NONE',  ( 12.99999999999998757, 115.5000000000000142, -63.00000000000000000 ) ) ;
#10612 = VECTOR ( 'NONE', #9046, 1000.000000000000000 ) ;
#10613 = EDGE_CURVE ( 'NONE', #11327, #1575, #1515, .T. ) ;
#10614 = LINE ( 'NONE', #2367, #8522 ) ;
#10615 = DIRECTION ( 'NONE',  ( 0.000000000000000000, 1.188166764367676342E-16, -1.000000000000000000 ) ) ;
#10616 = AXIS2_PLACEMENT_3D ( 'NONE', #9599, #7690, #11334 ) ;
#10617 = LINE ( 'NONE', #11405, #2656 ) ;
#10618 = LINE ( 'NONE', #9561, #11737 ) ;
#10619 = DIRECTION ( 'NONE',  ( -1.000000000000000000, 0.000000000000000000, 0.000000000000000000 ) ) ;
#10620 = VERTEX_POINT ( 'NONE', #6328 ) ;
#10621 = CARTESIAN_POINT ( 'NONE',  ( 8.000000000000000000, 42.49999999999999289, -12.01360740926763881 ) ) ;
#10622 = EDGE_LOOP ( 'NONE', ( #7601, #35, #1687, #10288, #7874, #11711 ) ) ;
#10623 = DIRECTION ( 'NONE',  ( -1.000000000000000000, -0.000000000000000000, -0.000000000000000000 ) ) ;
#10624 = PRODUCT_DEFINITION_CONTEXT ( 'detailed design', #1805, 'design' ) ;
#10625 = AXIS2_PLACEMENT_3D ( 'NONE', #5072, #2448, #10701 ) ;
#10626 = ORIENTED_EDGE ( 'NONE', *, *, #4056, .T. ) ;
#10627 = ADVANCED_FACE ( 'NONE', ( #5415 ), #9077, .F. ) ;
#10628 = EDGE_CURVE ( 'NONE', #5018, #3930, #9659, .T. ) ;
#10630 = ORIENTED_EDGE ( 'NONE', *, *, #9836, .T. ) ;
#10629 = CARTESIAN_POINT ( 'NONE',  ( -0.000000000000000000, 1.029615604772551810E-16, -120.9052319254775796 ) ) ;
#10631 = CARTESIAN_POINT ( 'NONE',  ( 7.990000000000000213, 217.0000000000000284, -52.50000000000000711 ) ) ;
#10632 = PLANE ( 'NONE',  #11097 ) ;
#10633 = CARTESIAN_POINT ( 'NONE',  ( 8.000000000000000000, 156.0000000000000000, -22.74127678544063258 ) ) ;
#10634 = ORIENTED_EDGE ( 'NONE', *, *, #8707, .F. ) ;
#10635 = FACE_BOUND ( 'NONE', #2274, .T. ) ;
#10636 = VECTOR ( 'NONE', #177, 1000.000000000000000 ) ;
#10637 = ORIENTED_EDGE ( 'NONE', *, *, #7679, .T. ) ;
#10638 = PLANE ( 'NONE',  #10625 ) ;
#10639 = FACE_OUTER_BOUND ( 'NONE', #3331, .T. ) ;
#10640 = ORIENTED_EDGE ( 'NONE', *, *, #4397, .T. ) ;
#10641 = EDGE_LOOP ( 'NONE', ( #11475, #4531, #7068, #325 ) ) ;
#10642 = DIRECTION ( 'NONE',  ( -2.434699615406045218E-16, 0.000000000000000000, -1.000000000000000000 ) ) ;
#10643 = AXIS2_PLACEMENT_3D ( 'NONE', #3837, #1986, #1086 ) ;
#10644 = AXIS2_PLACEMENT_3D ( 'NONE', #9362, #6619, #985 ) ;
#10645 = CIRCLE ( 'NONE', #5502, 3.680148828669072003 ) ;
#10646 = EDGE_CURVE ( 'NONE', #8286, #9441, #10806, .T. ) ;
#10647 = DIRECTION ( 'NONE',  ( 4.713731853622281881E-16, 0.000000000000000000, 1.000000000000000000 ) ) ;
#10648 = CARTESIAN_POINT ( 'NONE',  ( 15.00000000000000000, 226.9999999999999716, -5.249999999999999112 ) ) ;
#10649 = CARTESIAN_POINT ( 'NONE',  ( 24.00000000000000000, 62.60636636205423144, -4.841399395084549084 ) ) ;
#10650 = CARTESIAN_POINT ( 'NONE',  ( 16.00000000000000000, 154.4716895539514496, -14.45788136388648937 ) ) ;
#10651 = CARTESIAN_POINT ( 'NONE',  ( 14.86869354863667247, 35.80084424507770535, -119.1849687610681769 ) ) ;
#10652 = EDGE_LOOP ( 'NONE', ( #150, #10812, #5417, #7509 ) ) ;
#10653 = ORIENTED_EDGE ( 'NONE', *, *, #9664, .F. ) ;
#10654 = VECTOR ( 'NONE', #3456, 1000.000000000000000 ) ;
#10655 = EDGE_LOOP ( 'NONE', ( #5193, #7961, #4015, #68 ) ) ;
#10656 = AXIS2_PLACEMENT_3D ( 'NONE', #8350, #10143, #11099 ) ;
#10657 = CARTESIAN_POINT ( 'NONE',  ( 4.750000000000000000, 0.7169191983608323993, -2.928932188134525827 ) ) ;
#10658 = FACE_OUTER_BOUND ( 'NONE', #10905, .T. ) ;
#10659 = VERTEX_POINT ( 'NONE', #6391 ) ;
#10660 = ADVANCED_FACE ( 'NONE', ( #4263 ), #9773, .F. ) ;
#10661 = DIRECTION ( 'NONE',  ( 0.000000000000000000, 1.000000000000000000, 1.267377881992188131E-16 ) ) ;
#10662 = LINE ( 'NONE', #7215, #6751 ) ;
#10663 = ORIENTED_EDGE ( 'NONE', *, *, #1498, .T. ) ;
#10664 = CIRCLE ( 'NONE', #11825, 0.8890000000000009006 ) ;
#10665 = ORIENTED_EDGE ( 'NONE', *, *, #8265, .T. ) ;
#10666 = CARTESIAN_POINT ( 'NONE',  ( 10.94968796096697616, 132.5119892690796348, -95.50000000000001421 ) ) ;
#10667 = CARTESIAN_POINT ( 'NONE',  ( 14.86869354863678439, 203.4716895539514780, -14.45788136388648226 ) ) ;
#10668 = CARTESIAN_POINT ( 'NONE',  ( 15.00000000000000178, 227.7286493753568095, -0.1004369079959897132 ) ) ;
#10669 = DIRECTION ( 'NONE',  ( -1.000000000000000000, -0.000000000000000000, -0.000000000000000000 ) ) ;
#10670 = LINE ( 'NONE', #8879, #11803 ) ;
#10671 = VERTEX_POINT ( 'NONE', #9838 ) ;
#10672 = EDGE_CURVE ( 'NONE', #5787, #10604, #1412, .T. ) ;
#10673 = ORIENTED_EDGE ( 'NONE', *, *, #10741, .F. ) ;
#10674 = DIRECTION ( 'NONE',  ( -1.000000000000000000, 0.000000000000000000, 0.000000000000000000 ) ) ;
#10675 = VERTEX_POINT ( 'NONE', #9308 ) ;
#10676 = CARTESIAN_POINT ( 'NONE',  ( 22.50000000000002842, 35.75328822863979639, -109.9800000000000040 ) ) ;
#10677 = CIRCLE ( 'NONE', #5532, 3.000000000000002665 ) ;
#10678 = CARTESIAN_POINT ( 'NONE',  ( -0.002000000000000265454, 8.000000000000000000, -8.000000000000028422 ) ) ;
#10679 = PLANE ( 'NONE',  #3284 ) ;
#10680 = DIRECTION ( 'NONE',  ( 0.000000000000000000, 0.000000000000000000, -1.000000000000000000 ) ) ;
#10681 = ORIENTED_EDGE ( 'NONE', *, *, #3476, .T. ) ;
#10682 = CARTESIAN_POINT ( 'NONE',  ( 15.00000000000000000, 4.328319043923189113, -0.6700196821216635179 ) ) ;
#10683 = ORIENTED_EDGE ( 'NONE', *, *, #7923, .T. ) ;
#10684 = DIRECTION ( 'NONE',  ( 0.000000000000000000, 1.267377881992188131E-16, -1.000000000000000000 ) ) ;
#10685 = EDGE_CURVE ( 'NONE', #6116, #9061, #2236, .T. ) ;
#10686 = ORIENTED_EDGE ( 'NONE', *, *, #2638, .F. ) ;
#10687 = LINE ( 'NONE', #6213, #6777 ) ;
#10688 = VECTOR ( 'NONE', #7357, 1000.000000000000000 ) ;
#10689 = ORIENTED_EDGE ( 'NONE', *, *, #987, .T. ) ;
#10691 = ORIENTED_EDGE ( 'NONE', *, *, #10429, .F. ) ;
#10690 = CARTESIAN_POINT ( 'NONE',  ( 4.750000000000000000, 234.2830808016391870, -127.0710678118655039 ) ) ;
#10692 = ADVANCED_FACE ( 'NONE', ( #8232, #1891, #10202 ), #49, .F. ) ;
#10693 = CARTESIAN_POINT ( 'NONE',  ( 13.00000000000001243, 156.0000000000000000, -20.80568102659827545 ) ) ;
#10694 = CARTESIAN_POINT ( 'NONE',  ( 0.000000000000000000, 229.1490493520414020, -129.6685234676170353 ) ) ;
#10695 = CARTESIAN_POINT ( 'NONE',  ( 15.00000000000000000, 16.00000000000001421, -122.0000000000000000 ) ) ;
#10696 = VECTOR ( 'NONE', #6524, 1000.000000000000000 ) ;
#10697 = DIRECTION ( 'NONE',  ( -0.9383655030301724098, -0.3456445901832279066, -4.289233892001344429E-17 ) ) ;
#10698 = EDGE_LOOP ( 'NONE', ( #4634, #9322 ) ) ;
#10699 = CARTESIAN_POINT ( 'NONE',  ( 24.00000000000000000, 53.79894496530376813, -118.7342236949738066 ) ) ;
#10700 = VERTEX_POINT ( 'NONE', #3680 ) ;
#10701 = DIRECTION ( 'NONE',  ( 0.000000000000000000, 1.000000000000000000, 1.267377881992188131E-16 ) ) ;
#10702 = CARTESIAN_POINT ( 'NONE',  ( 8.000000000000000000, 0.000000000000000000, 0.000000000000000000 ) ) ;
#10703 = ORIENTED_EDGE ( 'NONE', *, *, #2017, .F. ) ;
#10704 = FACE_OUTER_BOUND ( 'NONE', #9579, .T. ) ;
#10705 = EDGE_CURVE ( 'NONE', #2591, #2588, #7350, .T. ) ;
#10706 = ORIENTED_EDGE ( 'NONE', *, *, #4772, .F. ) ;
#10707 = CARTESIAN_POINT ( 'NONE',  ( 8.000000000000000000, 57.32996131544378926, -107.4800000000000040 ) ) ;
#10708 = EDGE_CURVE ( 'NONE', #7839, #11159, #10088, .T. ) ;
#10709 = ORIENTED_EDGE ( 'NONE', *, *, #7894, .F. ) ;
#10710 = VECTOR ( 'NONE', #10798, 1000.000000000000000 ) ;
#10711 = LINE ( 'NONE', #5022, #10233 ) ;
#10712 = CARTESIAN_POINT ( 'NONE',  ( 15.00000000000000000, 16.00000000000000355, -8.000000000000026645 ) ) ;
#10713 = CARTESIAN_POINT ( 'NONE',  ( 0.000000000000000000, 7.979415714894989776E-15, -120.0000000000000284 ) ) ;
#10714 = DIRECTION ( 'NONE',  ( -0.7068434322755180466, -0.7068434322755180466, -0.02728964085381910612 ) ) ;
#10715 = PLANE ( 'NONE',  #3097 ) ;
#10716 = VECTOR ( 'NONE', #4430, 1000.000000000000000 ) ;
#10717 = ORIENTED_EDGE ( 'NONE', *, *, #3904, .F. ) ;
#10718 = VERTEX_POINT ( 'NONE', #9747 ) ;
#10719 = EDGE_LOOP ( 'NONE', ( #1528, #9012, #7947, #9491 ) ) ;
#10720 = DIRECTION ( 'NONE',  ( -1.000000000000000000, -0.000000000000000000, -0.000000000000000000 ) ) ;
#10721 = EDGE_CURVE ( 'NONE', #8346, #7918, #2409, .T. ) ;
#10722 = LINE ( 'NONE', #5335, #11245 ) ;
#10723 = ORIENTED_EDGE ( 'NONE', *, *, #7457, .F. ) ;
#10724 = CARTESIAN_POINT ( 'NONE',  ( 10.24999999999523048, 228.3639610306789223, 1.301042606982605518E-15 ) ) ;
#10725 = DIRECTION ( 'NONE',  ( 0.000000000000000000, -0.1537070062818711724, -0.9881164689548822544 ) ) ;
#10726 = VERTEX_POINT ( 'NONE', #10648 ) ;
#10727 = CARTESIAN_POINT ( 'NONE',  ( 14.97526221724508488, 57.68450040536095713, -118.5685024890683792 ) ) ;
#10728 = DIRECTION ( 'NONE',  ( -1.000000000000000000, -0.000000000000000000, -0.000000000000000000 ) ) ;
#10729 = LINE ( 'NONE', #802, #936 ) ;
#10730 = CARTESIAN_POINT ( 'NONE',  ( 15.00000000000000711, 228.3417528389817619, -0.1729438554669370243 ) ) ;
#10731 = CARTESIAN_POINT ( 'NONE',  ( 8.000000000000000000, 18.00000000000000000, -83.62000000000008981 ) ) ;
#10732 = EDGE_CURVE ( 'NONE', #2675, #10598, #6749, .T. ) ;
#10733 = CARTESIAN_POINT ( 'NONE',  ( 5.839999999999999858, 30.73828822863980292, -106.4799999999999898 ) ) ;
#10734 = AXIS2_PLACEMENT_3D ( 'NONE', #1278, #11108, #10032 ) ;
#10735 = EDGE_LOOP ( 'NONE', ( #5640, #11234, #6513, #10869 ) ) ;
#10736 = VERTEX_POINT ( 'NONE', #5142 ) ;
#10737 = CARTESIAN_POINT ( 'NONE',  ( 3.851859888774471706E-31, 117.5000000000000000, -8.000000000000015987 ) ) ;
#10738 = ORIENTED_EDGE ( 'NONE', *, *, #3994, .T. ) ;
#10739 = VECTOR ( 'NONE', #5433, 1000.000000000000114 ) ;
#10740 = CARTESIAN_POINT ( 'NONE',  ( 0.000000000000000000, 42.49999999999999289, -95.50000000000001421 ) ) ;
#10741 = EDGE_CURVE ( 'NONE', #11796, #10675, #6038, .T. ) ;
#10742 = DIRECTION ( 'NONE',  ( 2.168404344971007389E-16, 0.000000000000000000, 1.000000000000000000 ) ) ;
#10743 = CARTESIAN_POINT ( 'NONE',  ( 16.00000000000000000, 0.000000000000000000, 0.000000000000000000 ) ) ;
#10744 = CYLINDRICAL_SURFACE ( 'NONE', #5230, 3.000000000000002665 ) ;
#10745 = EDGE_CURVE ( 'NONE', #6659, #5787, #7443, .T. ) ;
#10746 = CARTESIAN_POINT ( 'NONE',  ( 8.000000000000000000, 57.72328822863980236, -107.4800000000000040 ) ) ;
#10747 = ORIENTED_EDGE ( 'NONE', *, *, #10198, .T. ) ;
#10748 = CARTESIAN_POINT ( 'NONE',  ( 15.00000000000000000, 224.9999999999999716, 0.000000000000000000 ) ) ;
#10749 = EDGE_LOOP ( 'NONE', ( #8584, #1393 ) ) ;
#10750 = CARTESIAN_POINT ( 'NONE',  ( 13.00000000000001421, 16.00000000000000711, -8.000000000000001776 ) ) ;
#10751 = CIRCLE ( 'NONE', #1014, 6.120000000000000107 ) ;
#10752 = VECTOR ( 'NONE', #10004, 1000.000000000000000 ) ;
#10754 = EDGE_LOOP ( 'NONE', ( #4269, #1476 ) ) ;
#10753 = CARTESIAN_POINT ( 'NONE',  ( 15.75000000000000000, 226.6819805153394327, -130.0000000000000000 ) ) ;
#10755 = ADVANCED_FACE ( 'NONE', ( #4870 ), #339, .F. ) ;
#10756 = CARTESIAN_POINT ( 'NONE',  ( 8.000000000000000000, 156.0000000000000000, -22.74127678544063258 ) ) ;
#10757 = DIRECTION ( 'NONE',  ( 0.000000000000000000, 0.000000000000000000, 1.000000000000000000 ) ) ;
#10758 = VECTOR ( 'NONE', #11813, 1000.000000000000000 ) ;
#10759 = CARTESIAN_POINT ( 'NONE',  ( 11.77770741040551883, 88.23318066257401426, -95.50000000000000000 ) ) ;
#10760 = AXIS2_PLACEMENT_3D ( 'NONE', #5873, #6788, #1375 ) ;
#10761 = CARTESIAN_POINT ( 'NONE',  ( 12.99999999999999645, 192.5000000000000000, -120.0000000000000000 ) ) ;
#10762 = DIRECTION ( 'NONE',  ( -1.000000000000000000, 1.267377881992188377E-16, 1.638342670903701786E-32 ) ) ;
#10763 = ORIENTED_EDGE ( 'NONE', *, *, #2090, .F. ) ;
#10764 = DIRECTION ( 'NONE',  ( 0.000000000000000000, 0.000000000000000000, 1.000000000000000000 ) ) ;
#10765 = DIRECTION ( 'NONE',  ( 0.000000000000000000, 0.000000000000000000, 1.000000000000000000 ) ) ;
#10766 = VERTEX_POINT ( 'NONE', #601 ) ;
#10767 = DIRECTION ( 'NONE',  ( 0.000000000000000000, 0.000000000000000000, -1.000000000000000000 ) ) ;
#10768 = EDGE_CURVE ( 'NONE', #11263, #7177, #11549, .T. ) ;
#10769 = VERTEX_POINT ( 'NONE', #8922 ) ;
#10770 = AXIS2_PLACEMENT_3D ( 'NONE', #1379, #6053, #11437 ) ;
#10771 = VECTOR ( 'NONE', #10815, 1000.000000000000000 ) ;
#10772 = CARTESIAN_POINT ( 'NONE',  ( 56.31128874149275276, 102.9080050152813897, -43.61255645757716337 ) ) ;
#10773 = EDGE_CURVE ( 'NONE', #10443, #624, #2521, .T. ) ;
#10774 = CARTESIAN_POINT ( 'NONE',  ( 0.000000000000000000, 8.496496751003460758E-15, -38.50000000000002132 ) ) ;
#10775 = FACE_OUTER_BOUND ( 'NONE', #10735, .T. ) ;
#10776 = CIRCLE ( 'NONE', #5626, 0.8890000000000009006 ) ;
#10777 = AXIS2_PLACEMENT_3D ( 'NONE', #4274, #6149, #10570 ) ;
#10778 = CARTESIAN_POINT ( 'NONE',  ( 16.00000000000000000, 30.73828822863980292, -106.4799999999999898 ) ) ;
#10779 = LINE ( 'NONE', #1494, #7506 ) ;
#10780 = ORIENTED_EDGE ( 'NONE', *, *, #10705, .F. ) ;
#10781 = VERTEX_POINT ( 'NONE', #10712 ) ;
#10782 = VERTEX_POINT ( 'NONE', #11619 ) ;
#10783 = CARTESIAN_POINT ( 'NONE',  ( 4.750000000000000000, 6.636038969321074177, 3.903127820947815962E-16 ) ) ;
#10784 = FACE_OUTER_BOUND ( 'NONE', #4768, .T. ) ;
#10785 = VERTEX_POINT ( 'NONE', #7077 ) ;
#10786 = CARTESIAN_POINT ( 'NONE',  ( 15.00000000000000000, 10.00000000000012079, 0.000000000000000000 ) ) ;
#10787 = ORIENTED_EDGE ( 'NONE', *, *, #7525, .T. ) ;
#10788 = CIRCLE ( 'NONE', #1405, 3.000000000000002665 ) ;
#10789 = LINE ( 'NONE', #11748, #3673 ) ;
#10790 = VECTOR ( 'NONE', #9994, 1000.000000000000000 ) ;
#10791 = EDGE_LOOP ( 'NONE', ( #9855, #1705 ) ) ;
#10792 = EDGE_CURVE ( 'NONE', #8000, #7723, #8528, .T. ) ;
#10793 = EDGE_CURVE ( 'NONE', #8566, #9354, #4363, .T. ) ;
#10794 = CARTESIAN_POINT ( 'NONE',  ( 9.734723548469577992, 30.11622679933975633, -34.50000000000000711 ) ) ;
#10795 = DIRECTION ( 'NONE',  ( 2.168404344971007389E-16, 0.000000000000000000, 1.000000000000000000 ) ) ;
#10796 = CARTESIAN_POINT ( 'NONE',  ( 56.31128874149275276, 73.10504876423827625, -27.51360740926764947 ) ) ;
#10797 = DIRECTION ( 'NONE',  ( -1.000000000000000000, 0.000000000000000000, 0.000000000000000000 ) ) ;
#10798 = DIRECTION ( 'NONE',  ( -0.000000000000000000, -1.000000000000000000, -0.000000000000000000 ) ) ;
#10799 = LINE ( 'NONE', #6259, #525 ) ;
#10800 = VERTEX_POINT ( 'NONE', #9545 ) ;
#10801 = AXIS2_PLACEMENT_3D ( 'NONE', #8779, #1312, #7882 ) ;
#10802 = ORIENTED_EDGE ( 'NONE', *, *, #11418, .F. ) ;
#10803 = LINE ( 'NONE', #3621, #5445 ) ;
#10804 = ORIENTED_EDGE ( 'NONE', *, *, #9437, .F. ) ;
#10805 = EDGE_CURVE ( 'NONE', #9928, #3634, #11330, .T. ) ;
#10806 = LINE ( 'NONE', #10740, #8529 ) ;
#10807 = AXIS2_PLACEMENT_3D ( 'NONE', #2206, #1350, #9608 ) ;
#10808 = DIRECTION ( 'NONE',  ( 2.168404344971007389E-16, 0.000000000000000000, 1.000000000000000000 ) ) ;
#10809 = DIRECTION ( 'NONE',  ( 0.000000000000000000, 1.000000000000000000, -0.000000000000000000 ) ) ;
#10810 = CARTESIAN_POINT ( 'NONE',  ( 8.000000000000000000, 30.73828822863980292, -100.9799999999999613 ) ) ;
#10811 = CARTESIAN_POINT ( 'NONE',  ( 8.000000000000000000, 82.99999999999998579, -122.0000000000000000 ) ) ;
#10812 = ORIENTED_EDGE ( 'NONE', *, *, #9868, .F. ) ;
#10813 = LINE ( 'NONE', #882, #11276 ) ;
#10814 = ORIENTED_EDGE ( 'NONE', *, *, #10232, .T. ) ;
#10815 = DIRECTION ( 'NONE',  ( 0.000000000000000000, 0.000000000000000000, -1.000000000000000000 ) ) ;
#10816 = AXIS2_PLACEMENT_3D ( 'NONE', #10774, #9221, #8320 ) ;
#10817 = DIRECTION ( 'NONE',  ( -0.000000000000000000, 0.9970233188156776283, 0.07710059492488814670 ) ) ;
#10818 = AXIS2_PLACEMENT_3D ( 'NONE', #206, #1204, #5698 ) ;
#10819 = EDGE_CURVE ( 'NONE', #5353, #5378, #1823, .T. ) ;
#10821 = VERTEX_POINT ( 'NONE', #2458 ) ;
#10820 = DIRECTION ( 'NONE',  ( 1.217349807703022609E-16, 0.000000000000000000, 1.000000000000000000 ) ) ;
#10822 = DIRECTION ( 'NONE',  ( -0.000000000000000000, -0.000000000000000000, 1.000000000000000000 ) ) ;
#10823 = CARTESIAN_POINT ( 'NONE',  ( 8.000000000000000000, 17.99999999999998934, -52.50000000000003553 ) ) ;
#10824 = DIRECTION ( 'NONE',  ( 0.000000000000000000, 0.000000000000000000, -1.000000000000000000 ) ) ;
#10825 = LINE ( 'NONE', #5436, #644 ) ;
#10826 = CARTESIAN_POINT ( 'NONE',  ( 16.00000000000000000, 87.66800501528138057, -91.41255645757715342 ) ) ;
#10827 = ORIENTED_EDGE ( 'NONE', *, *, #3020, .T. ) ;
#10828 = CARTESIAN_POINT ( 'NONE',  ( 56.31128874149275276, 36.23873799335598989, -122.0000000000000000 ) ) ;
#10829 = DIRECTION ( 'NONE',  ( 1.000000000000000000, -0.000000000000000000, -0.000000000000000000 ) ) ;
#10830 = CARTESIAN_POINT ( 'NONE',  ( 0.000000000000000000, 8.000000000000000000, -124.7500000000000000 ) ) ;
#10831 = CIRCLE ( 'NONE', #11395, 3.000000000000002665 ) ;
#10832 = VERTEX_POINT ( 'NONE', #5777 ) ;
#10833 = DIRECTION ( 'NONE',  ( -1.000000000000000000, -0.000000000000000000, -0.000000000000000000 ) ) ;
#10834 = ADVANCED_FACE ( 'NONE', ( #11279 ), #3085, .F. ) ;
#10835 = CARTESIAN_POINT ( 'NONE',  ( 13.00000000000001421, 119.5000000000000000, -8.000000000000001776 ) ) ;
#10836 = AXIS2_PLACEMENT_3D ( 'NONE', #2213, #2153, #3052 ) ;
#10837 = CYLINDRICAL_SURFACE ( 'NONE', #11013, 2.749999999999995559 ) ;
#10838 = CARTESIAN_POINT ( 'NONE',  ( 16.00000000000000000, 0.000000000000000000, 0.000000000000000000 ) ) ;
#10839 = DIRECTION ( 'NONE',  ( -1.000000000000000000, -0.000000000000000000, -0.000000000000000000 ) ) ;
#10840 = CARTESIAN_POINT ( 'NONE',  ( 13.00000000000001421, 119.5000000000000000, -8.000000000000001776 ) ) ;
#10841 = CARTESIAN_POINT ( 'NONE',  ( 15.00000000000000000, 226.9999999999999716, -119.2499999999999716 ) ) ;
#10842 = VERTEX_POINT ( 'NONE', #5832 ) ;
#10843 = ORIENTED_EDGE ( 'NONE', *, *, #10188, .T. ) ;
#10844 = ORIENTED_EDGE ( 'NONE', *, *, #6566, .F. ) ;
#10845 = PLANE ( 'NONE',  #8662 ) ;
#10846 = CYLINDRICAL_SURFACE ( 'NONE', #3206, 1.000000000000000888 ) ;
#10847 = ORIENTED_EDGE ( 'NONE', *, *, #5048, .F. ) ;
#10848 = CARTESIAN_POINT ( 'NONE',  ( 6.999999999999999112, 117.5000000000000000, -115.8799999999999955 ) ) ;
#10849 = AXIS2_PLACEMENT_3D ( 'NONE', #5584, #2778, #2058 ) ;
#10850 = ADVANCED_FACE ( 'NONE', ( #9489 ), #11386, .T. ) ;
#10851 = VECTOR ( 'NONE', #162, 1000.000000000000000 ) ;
#10852 = VERTEX_POINT ( 'NONE', #6804 ) ;
#10853 = LINE ( 'NONE', #3547, #4621 ) ;
#10854 = ORIENTED_EDGE ( 'NONE', *, *, #9895, .T. ) ;
#10855 = DIRECTION ( 'NONE',  ( -1.000000000000000000, -0.000000000000000000, -0.000000000000000000 ) ) ;
#10856 = LINE ( 'NONE', #2667, #11342 ) ;
#10857 = EDGE_CURVE ( 'NONE', #10158, #9212, #10437, .T. ) ;
#10858 = VECTOR ( 'NONE', #7274, 1000.000000000000000 ) ;
#10859 = VECTOR ( 'NONE', #3831, 1000.000000000000114 ) ;
#10860 = CYLINDRICAL_SURFACE ( 'NONE', #11254, 6.120000000000000107 ) ;
#10861 = DIRECTION ( 'NONE',  ( -1.000000000000000000, -0.000000000000000000, -0.000000000000000000 ) ) ;
#10862 = CARTESIAN_POINT ( 'NONE',  ( 5.839999999999999858, 203.4716895539514780, -74.56888136388647581 ) ) ;
#10863 = ORIENTED_EDGE ( 'NONE', *, *, #5525, .F. ) ;
#10864 = EDGE_CURVE ( 'NONE', #11564, #8110, #7013, .T. ) ;
#10865 = ORIENTED_EDGE ( 'NONE', *, *, #7553, .T. ) ;
#10866 = CARTESIAN_POINT ( 'NONE',  ( 8.000000000000000000, 58.23828822863978161, -12.01360740926763881 ) ) ;
#10867 = ADVANCED_FACE ( 'NONE', ( #6237, #843 ), #1739, .F. ) ;
#10868 = VECTOR ( 'NONE', #11044, 1000.000000000000114 ) ;
#10869 = ORIENTED_EDGE ( 'NONE', *, *, #2324, .F. ) ;
#10870 = CARTESIAN_POINT ( 'NONE',  ( 8.000000000000000000, 154.4716895539514496, -17.45788136388649292 ) ) ;
#10871 = DIRECTION ( 'NONE',  ( 0.000000000000000000, 0.000000000000000000, 1.000000000000000000 ) ) ;
#10872 = DIRECTION ( 'NONE',  ( 0.000000000000000000, 0.000000000000000000, 1.000000000000000000 ) ) ;
#10873 = DIRECTION ( 'NONE',  ( 0.000000000000000000, 1.000000000000000000, 0.000000000000000000 ) ) ;
#10874 = ORIENTED_EDGE ( 'NONE', *, *, #11177, .T. ) ;
#10875 = CARTESIAN_POINT ( 'NONE',  ( 15.00000000000000533, 0.005866895454588224278, -121.0463778754976687 ) ) ;
#10876 = VERTEX_POINT ( 'NONE', #8206 ) ;
#10877 = FACE_OUTER_BOUND ( 'NONE', #6857, .T. ) ;
#10878 = EDGE_CURVE ( 'NONE', #11411, #7389, #9167, .T. ) ;
#10879 = FACE_OUTER_BOUND ( 'NONE', #3866, .T. ) ;
#10881 = ORIENTED_EDGE ( 'NONE', *, *, #9591, .T. ) ;
#10880 = CARTESIAN_POINT ( 'NONE',  ( 4.750000000000000000, 235.0000000000000284, -123.3639610306789365 ) ) ;
#10882 = LINE ( 'NONE', #2691, #10739 ) ;
#10883 = DIRECTION ( 'NONE',  ( -1.000000000000000000, -0.000000000000000000, -0.000000000000000000 ) ) ;
#10884 = CARTESIAN_POINT ( 'NONE',  ( 8.804410221027620054, 90.90007708518653828, -95.50000000000000000 ) ) ;
#10885 = DIRECTION ( 'NONE',  ( 0.000000000000000000, -0.9970233188156781834, 0.07710059492488061106 ) ) ;
#10886 = ORIENTED_EDGE ( 'NONE', *, *, #6914, .T. ) ;
#10887 = FACE_OUTER_BOUND ( 'NONE', #11444, .T. ) ;
#10888 = DIRECTION ( 'NONE',  ( 1.000000000000000000, -0.000000000000000000, -0.000000000000000000 ) ) ;
#10889 = CIRCLE ( 'NONE', #3063, 6.119999999999996554 ) ;
#10890 = ORIENTED_EDGE ( 'NONE', *, *, #2106, .F. ) ;
#10891 = LINE ( 'NONE', #7317, #1006 ) ;
#10892 = ORIENTED_EDGE ( 'NONE', *, *, #104, .F. ) ;
#10893 = DIRECTION ( 'NONE',  ( -1.000000000000000000, -0.000000000000000000, -0.000000000000000000 ) ) ;
#10894 = ADVANCED_FACE ( 'NONE', ( #8144 ), #5383, .F. ) ;
#10895 = DIRECTION ( 'NONE',  ( -1.000000000000000000, 0.000000000000000000, 0.000000000000000000 ) ) ;
#10896 = VECTOR ( 'NONE', #8300, 1000.000000000000000 ) ;
#10897 = DIRECTION ( 'NONE',  ( 1.000000000000000000, 0.000000000000000000, 0.000000000000000000 ) ) ;
#10898 = CARTESIAN_POINT ( 'NONE',  ( 0.000000000000000000, 224.9999999999999716, 0.000000000000000000 ) ) ;
#10899 = CARTESIAN_POINT ( 'NONE',  ( 12.99999999999998579, 105.9214085087922541, -38.50000000000000711 ) ) ;
#10900 = ADVANCED_FACE ( 'NONE', ( #1022 ), #2705, .T. ) ;
#10901 = CARTESIAN_POINT ( 'NONE',  ( 16.00000000000000000, 154.4716895539514496, -16.56888136388649002 ) ) ;
#10902 = DIRECTION ( 'NONE',  ( 0.000000000000000000, 1.000000000000000000, 1.267377881992188131E-16 ) ) ;
#10903 = VERTEX_POINT ( 'NONE', #11015 ) ;
#10904 = EDGE_LOOP ( 'NONE', ( #7361, #2456, #5998, #4763, #1409 ) ) ;
#10905 = EDGE_LOOP ( 'NONE', ( #1126, #1148, #3419, #1582 ) ) ;
#10906 = CARTESIAN_POINT ( 'NONE',  ( 12.99999999999998934, 130.8480050152814158, -36.93240762890808782 ) ) ;
#10907 = CARTESIAN_POINT ( 'NONE',  ( 16.00000000000000000, 62.73828822863980292, -55.47999999999998977 ) ) ;
#10908 = VERTEX_POINT ( 'NONE', #5570 ) ;
#10909 = DIRECTION ( 'NONE',  ( 1.000000000000000000, -0.000000000000000000, -0.000000000000000000 ) ) ;
#10910 = AXIS2_PLACEMENT_3D ( 'NONE', #1827, #10669, #8944 ) ;
#10911 = CARTESIAN_POINT ( 'NONE',  ( 12.99999999999997691, 35.23828822863978161, -35.19375623793671082 ) ) ;
#10912 = VERTEX_POINT ( 'NONE', #7264 ) ;
#10913 = ORIENTED_EDGE ( 'NONE', *, *, #11305, .T. ) ;
#10914 = AXIS2_PLACEMENT_3D ( 'NONE', #11086, #6558, #10130 ) ;
#10915 = CARTESIAN_POINT ( 'NONE',  ( 7.990000000000000213, 217.0000000000000284, -77.50000000000000000 ) ) ;
#10916 = EDGE_CURVE ( 'NONE', #5149, #5874, #2601, .T. ) ;
#10917 = CARTESIAN_POINT ( 'NONE',  ( 0.000000000000000000, 8.000000000000000000, -8.000000000000028422 ) ) ;
#10918 = FACE_OUTER_BOUND ( 'NONE', #8495, .T. ) ;
#10919 = CARTESIAN_POINT ( 'NONE',  ( 8.000000000000000000, 26.73828822863974253, -20.51360740926767079 ) ) ;
#10920 = ORIENTED_EDGE ( 'NONE', *, *, #4802, .F. ) ;
#10921 = ORIENTED_EDGE ( 'NONE', *, *, #407, .T. ) ;
#10922 = DIRECTION ( 'NONE',  ( 0.000000000000000000, 1.000000000000000000, 1.267377881992188131E-16 ) ) ;
#10923 = EDGE_CURVE ( 'NONE', #7691, #10543, #7000, .T. ) ;
#10924 = ORIENTED_EDGE ( 'NONE', *, *, #10062, .T. ) ;
#10925 = DIRECTION ( 'NONE',  ( -2.434699615406045218E-16, 0.000000000000000000, -1.000000000000000000 ) ) ;
#10926 = EDGE_CURVE ( 'NONE', #10329, #8051, #4420, .T. ) ;
#10927 = CARTESIAN_POINT ( 'NONE',  ( 8.000000000000000000, 7.999999999999992895, -95.50000000000001421 ) ) ;
#10928 = ORIENTED_EDGE ( 'NONE', *, *, #1334, .F. ) ;
#10929 = CARTESIAN_POINT ( 'NONE',  ( 11.34090464329351633, 156.0000000000000000, -79.46949002778291060 ) ) ;
#10930 = DIRECTION ( 'NONE',  ( 0.000000000000000000, 0.000000000000000000, 1.000000000000000000 ) ) ;
#10931 = DIRECTION ( 'NONE',  ( -1.000000000000000000, -0.000000000000000000, -0.000000000000000000 ) ) ;
#10932 = EDGE_LOOP ( 'NONE', ( #4476, #3763, #3967, #8074 ) ) ;
#10933 = CARTESIAN_POINT ( 'NONE',  ( 15.00000000000000178, 3.434818399789253629, -128.8204644800916583 ) ) ;
#10934 = DIRECTION ( 'NONE',  ( -1.000000000000000000, 0.000000000000000000, 0.000000000000000000 ) ) ;
#10935 = VECTOR ( 'NONE', #1111, 1000.000000000000000 ) ;
#10937 = EDGE_LOOP ( 'NONE', ( #2429, #5578, #1590, #2161 ) ) ;
#10936 = DIRECTION ( 'NONE',  ( 1.000000000000000000, -0.000000000000000000, -0.000000000000000000 ) ) ;
#10938 = ADVANCED_FACE ( 'NONE', ( #10951 ), #1806, .F. ) ;
#10939 = PLANE ( 'NONE',  #9422 ) ;
#10940 = CARTESIAN_POINT ( 'NONE',  ( 9.121953653534182749, 35.63933932800733118, -107.8883577341126738 ) ) ;
#10941 = ADVANCED_FACE ( 'NONE', ( #3533 ), #77, .F. ) ;
#10942 = PLANE ( 'NONE',  #10199 ) ;
#10943 = ORIENTED_EDGE ( 'NONE', *, *, #6168, .T. ) ;
#10944 = AXIS2_PLACEMENT_3D ( 'NONE', #7431, #11061, #1969 ) ;
#10945 = DIRECTION ( 'NONE',  ( 1.000000000000000000, -0.000000000000000000, -0.000000000000000000 ) ) ;
#10946 = VERTEX_POINT ( 'NONE', #5447 ) ;
#10947 = DIRECTION ( 'NONE',  ( -1.000000000000000000, -0.000000000000000000, -0.000000000000000000 ) ) ;
#10948 = DIRECTION ( 'NONE',  ( 0.000000000000000000, 0.000000000000000000, -1.000000000000000000 ) ) ;
#10949 = CIRCLE ( 'NONE', #2174, 6.119999999999986784 ) ;
#10950 = CARTESIAN_POINT ( 'NONE',  ( 8.000000000000003553, 188.5000000000000000, -95.49999999999998579 ) ) ;
#10951 = FACE_OUTER_BOUND ( 'NONE', #5192, .T. ) ;
#10952 = ADVANCED_FACE ( 'NONE', ( #10056 ), #10837, .F. ) ;
#10953 = DIRECTION ( 'NONE',  ( 1.000000000000000000, 0.000000000000000000, 0.000000000000000000 ) ) ;
#10954 = DIRECTION ( 'NONE',  ( 0.000000000000000000, 0.000000000000000000, 1.000000000000000000 ) ) ;
#10955 = LINE ( 'NONE', #6547, #533 ) ;
#10956 = EDGE_LOOP ( 'NONE', ( #3585, #5204 ) ) ;
#10957 = VERTEX_POINT ( 'NONE', #1922 ) ;
#10958 = ORIENTED_EDGE ( 'NONE', *, *, #4472, .T. ) ;
#10959 = FACE_OUTER_BOUND ( 'NONE', #8080, .T. ) ;
#10960 = CARTESIAN_POINT ( 'NONE',  ( -0.000000000000000000, 0.04523735437266301201, -7.951075232754579503 ) ) ;
#10961 = VECTOR ( 'NONE', #11323, 1000.000000000000000 ) ;
#10962 = EDGE_LOOP ( 'NONE', ( #11526, #11065, #7883, #4291 ) ) ;
#10963 = AXIS2_PLACEMENT_3D ( 'NONE', #380, #2338, #10424 ) ;
#10964 = LINE ( 'NONE', #2715, #6532 ) ;
#10965 = DIRECTION ( 'NONE',  ( -0.9396926207859107594, 4.188538737676909797E-17, -0.3420201433256619961 ) ) ;
#10966 = ADVANCED_FACE ( 'NONE', ( #8985 ), #6235, .T. ) ;
#10967 = ORIENTED_EDGE ( 'NONE', *, *, #3606, .T. ) ;
#10968 = ADVANCED_FACE ( 'NONE', ( #10116 ), #2647, .T. ) ;
#10969 = AXIS2_PLACEMENT_3D ( 'NONE', #9981, #8132, #9793 ) ;
#10970 = CARTESIAN_POINT ( 'NONE',  ( 24.00000000000000000, 56.22328822863982367, 0.000000000000000000 ) ) ;
#10971 = VECTOR ( 'NONE', #5747, 1000.000000000000000 ) ;
#10972 = CARTESIAN_POINT ( 'NONE',  ( 8.000000000000000000, 15.74596669241485536, -120.0000000000000284 ) ) ;
#10973 = LINE ( 'NONE', #8339, #8388 ) ;
#10974 = ORIENTED_EDGE ( 'NONE', *, *, #3994, .F. ) ;
#10975 = CARTESIAN_POINT ( 'NONE',  ( 16.00000000000000000, 30.73828822863979582, -56.36899999999999977 ) ) ;
#10976 = DIRECTION ( 'NONE',  ( 0.000000000000000000, 0.000000000000000000, -1.000000000000000000 ) ) ;
#10977 = ORIENTED_EDGE ( 'NONE', *, *, #11228, .F. ) ;
#10978 = DIRECTION ( 'NONE',  ( -1.267377881992188131E-16, -1.000000000000000000, -1.267377881992188131E-16 ) ) ;
#10979 = CIRCLE ( 'NONE', #4091, 5.500000000000032863 ) ;
#10980 = CIRCLE ( 'NONE', #10587, 3.680148828669054684 ) ;
#10981 = EDGE_CURVE ( 'NONE', #9428, #9097, #908, .T. ) ;
#10982 = ORIENTED_EDGE ( 'NONE', *, *, #4632, .T. ) ;
#10983 = ADVANCED_FACE ( 'NONE', ( #3652 ), #3892, .F. ) ;
#10984 = CARTESIAN_POINT ( 'NONE',  ( 15.00000000000000000, 227.9850756505370271, -129.8758707978733185 ) ) ;
#10985 = DIRECTION ( 'NONE',  ( -2.434699615406045218E-16, 0.000000000000000000, -1.000000000000000000 ) ) ;
#10986 = ORIENTED_EDGE ( 'NONE', *, *, #9587, .F. ) ;
#10987 = VECTOR ( 'NONE', #6447, 1000.000000000000000 ) ;
#10988 = DIRECTION ( 'NONE',  ( -1.000000000000000000, 0.000000000000000000, 0.000000000000000000 ) ) ;
#10989 = CARTESIAN_POINT ( 'NONE',  ( 16.00000000000000000, 29.23828822863977450, -20.51360740926767079 ) ) ;
#10990 = EDGE_LOOP ( 'NONE', ( #979, #3993 ) ) ;
#10991 = LINE ( 'NONE', #11710, #1326 ) ;
#10992 = EDGE_LOOP ( 'NONE', ( #6260, #8790, #3648, #8622 ) ) ;
#10993 = CARTESIAN_POINT ( 'NONE',  ( 13.00000000000001243, 154.4716895539514496, -17.45788136388649292 ) ) ;
#10994 = EDGE_CURVE ( 'NONE', #6755, #1777, #2109, .T. ) ;
#10995 = ORIENTED_EDGE ( 'NONE', *, *, #5775, .F. ) ;
#10996 = VECTOR ( 'NONE', #11434, 1000.000000000000000 ) ;
#10997 = FACE_OUTER_BOUND ( 'NONE', #10063, .T. ) ;
#10999 = ORIENTED_EDGE ( 'NONE', *, *, #7299, .T. ) ;
#10998 = DIRECTION ( 'NONE',  ( 1.000000000000000000, -0.000000000000000000, -0.000000000000000000 ) ) ;
#11000 = CARTESIAN_POINT ( 'NONE',  ( 14.86869354863676307, 130.8480050152814158, -40.61255645757714916 ) ) ;
#11001 = CARTESIAN_POINT ( 'NONE',  ( 14.86869354863674175, 35.23828822863978161, -20.51360740926767079 ) ) ;
#11002 = CARTESIAN_POINT ( 'NONE',  ( 14.86869354863674175, 64.23828822863977450, -20.51360740926767079 ) ) ;
#11003 = ORIENTED_EDGE ( 'NONE', *, *, #9369, .T. ) ;
#11004 = CARTESIAN_POINT ( 'NONE',  ( 5.839999999999999858, 154.4716895539514496, -74.56888136388649002 ) ) ;
#11005 = VERTEX_POINT ( 'NONE', #371 ) ;
#11006 = VECTOR ( 'NONE', #8598, 1000.000000000000000 ) ;
#11007 = CARTESIAN_POINT ( 'NONE',  ( 8.000000000000000000, 7.999999999999992895, -38.50000000000002132 ) ) ;
#11008 = ORIENTED_EDGE ( 'NONE', *, *, #6635, .T. ) ;
#11009 = DIRECTION ( 'NONE',  ( -1.000000000000000000, -0.000000000000000000, -0.000000000000000000 ) ) ;
#11010 = EDGE_CURVE ( 'NONE', #1028, #5077, #11421, .T. ) ;
#11011 = VECTOR ( 'NONE', #8877, 1000.000000000000000 ) ;
#11012 = EDGE_CURVE ( 'NONE', #1723, #9250, #3953, .T. ) ;
#11013 = AXIS2_PLACEMENT_3D ( 'NONE', #2820, #7134, #1864 ) ;
#11014 = DIRECTION ( 'NONE',  ( -2.434699615406045218E-16, 0.000000000000000000, -1.000000000000000000 ) ) ;
#11015 = CARTESIAN_POINT ( 'NONE',  ( 16.00000000000000000, 30.73828822863980292, -105.5909999999999940 ) ) ;
#11016 = FACE_OUTER_BOUND ( 'NONE', #10641, .T. ) ;
#11017 = CYLINDRICAL_SURFACE ( 'NONE', #11562, 0.8890000000000009006 ) ;
#11018 = CARTESIAN_POINT ( 'NONE',  ( 14.99999999999999289, 225.9052319254479073, 4.856322230938136992E-17 ) ) ;
#11019 = FACE_OUTER_BOUND ( 'NONE', #8581, .T. ) ;
#11020 = ORIENTED_EDGE ( 'NONE', *, *, #879, .T. ) ;
#11021 = ORIENTED_EDGE ( 'NONE', *, *, #10412, .F. ) ;
#11022 = DIRECTION ( 'NONE',  ( -0.9396926207859105373, 0.000000000000000000, 0.3420201433256624957 ) ) ;
#11023 = LINE ( 'NONE', #8264, #170 ) ;
#11024 = ORIENTED_EDGE ( 'NONE', *, *, #4792, .F. ) ;
#11025 = PLANE ( 'NONE',  #4797 ) ;
#11026 = EDGE_CURVE ( 'NONE', #8846, #11576, #5266, .T. ) ;
#11027 = CIRCLE ( 'NONE', #2422, 3.000000000000002665 ) ;
#11028 = LINE ( 'NONE', #1628, #5153 ) ;
#11029 = LINE ( 'NONE', #7337, #11142 ) ;
#11030 = DIRECTION ( 'NONE',  ( 1.000000000000000000, -0.000000000000000000, -0.000000000000000000 ) ) ;
#11031 = CIRCLE ( 'NONE', #9907, 2.750000000000002665 ) ;
#11032 = ORIENTED_EDGE ( 'NONE', *, *, #1934, .F. ) ;
#11033 = DIRECTION ( 'NONE',  ( 0.000000000000000000, 0.000000000000000000, 1.000000000000000000 ) ) ;
#11034 = CARTESIAN_POINT ( 'NONE',  ( 13.00000000000001421, 119.5000000000000000, -8.000000000000001776 ) ) ;
#11035 = DIRECTION ( 'NONE',  ( -1.000000000000000000, -0.000000000000000000, -0.000000000000000000 ) ) ;
#11036 = EDGE_CURVE ( 'NONE', #5028, #5194, #11040, .T. ) ;
#11037 = ORIENTED_EDGE ( 'NONE', *, *, #11026, .F. ) ;
#11038 = AXIS2_PLACEMENT_3D ( 'NONE', #4847, #7564, #11262 ) ;
#11039 = VECTOR ( 'NONE', #10492, 1000.000000000000000 ) ;
#11040 = CIRCLE ( 'NONE', #2265, 5.500000000000032863 ) ;
#11041 = DIRECTION ( 'NONE',  ( 1.000000000000000000, 0.000000000000000000, 0.000000000000000000 ) ) ;
#11042 =( NAMED_UNIT ( * ) SI_UNIT ( $, .STERADIAN. ) SOLID_ANGLE_UNIT ( ) );
#11043 = EDGE_LOOP ( 'NONE', ( #8900, #7753, #4536, #8251 ) ) ;
#11044 = DIRECTION ( 'NONE',  ( -0.9396926207859100932, 0.3420201433256641055, 0.000000000000000000 ) ) ;
#11045 = DIRECTION ( 'NONE',  ( 0.000000000000000000, 0.000000000000000000, -1.000000000000000000 ) ) ;
#11046 = ADVANCED_FACE ( 'NONE', ( #7666 ), #4843, .T. ) ;
#11047 = PLANE ( 'NONE',  #6465 ) ;
#11048 = EDGE_LOOP ( 'NONE', ( #1638, #3566, #3430, #6895 ) ) ;
#11049 = CARTESIAN_POINT ( 'NONE',  ( 6.999999999999999112, 117.5000000000000000, -119.2500000000000000 ) ) ;
#11050 = AXIS2_PLACEMENT_3D ( 'NONE', #1670, #1734, #10166 ) ;
#11051 = VECTOR ( 'NONE', #8073, 1000.000000000000000 ) ;
#11052 = ORIENTED_EDGE ( 'NONE', *, *, #7277, .T. ) ;
#11053 = DIRECTION ( 'NONE',  ( 0.000000000000000000, 1.000000000000000000, 1.267377881992188131E-16 ) ) ;
#11054 = VECTOR ( 'NONE', #1227, 1000.000000000000000 ) ;
#11055 = EDGE_CURVE ( 'NONE', #1890, #84, #202, .T. ) ;
#11056 = ORIENTED_EDGE ( 'NONE', *, *, #10672, .T. ) ;
#11057 = VERTEX_POINT ( 'NONE', #6778 ) ;
#11059 = ORIENTED_EDGE ( 'NONE', *, *, #9253, .F. ) ;
#11058 = DIRECTION ( 'NONE',  ( -1.000000000000000000, 0.000000000000000000, 0.000000000000000000 ) ) ;
#11060 = AXIS2_PLACEMENT_3D ( 'NONE', #6503, #5648, #8456 ) ;
#11061 = DIRECTION ( 'NONE',  ( -1.000000000000000000, -0.000000000000000000, -0.000000000000000000 ) ) ;
#11062 = DIRECTION ( 'NONE',  ( 0.7071067811865474617, 0.7071067811865474617, 0.000000000000000000 ) ) ;
#11063 = CYLINDRICAL_SURFACE ( 'NONE', #6968, 1.142999999999994687 ) ;
#11064 = EDGE_CURVE ( 'NONE', #10044, #10459, #11072, .T. ) ;
#11065 = ORIENTED_EDGE ( 'NONE', *, *, #10857, .F. ) ;
#11066 = CARTESIAN_POINT ( 'NONE',  ( 7.990000000000000213, 217.0000000000000284, -71.37999999999998124 ) ) ;
#11067 = ORIENTED_EDGE ( 'NONE', *, *, #10171, .F. ) ;
#11068 = CARTESIAN_POINT ( 'NONE',  ( 16.00000000000000000, 41.43008558386880935, -130.0000000000000000 ) ) ;
#11069 = CARTESIAN_POINT ( 'NONE',  ( 11.34074725892625857, 156.0000000000000000, -71.44620973003527808 ) ) ;
#11070 = EDGE_CURVE ( 'NONE', #4644, #3354, #1982, .T. ) ;
#11071 = CARTESIAN_POINT ( 'NONE',  ( 0.000000000000000000, 0.3314765323828298693, -124.1490493520407910 ) ) ;
#11072 = LINE ( 'NONE', #2883, #4149 ) ;
#11073 = VECTOR ( 'NONE', #7236, 1000.000000000000000 ) ;
#11074 = DIRECTION ( 'NONE',  ( -1.000000000000000000, 0.000000000000000000, 0.000000000000000000 ) ) ;
#11075 = LINE ( 'NONE', #1083, #3727 ) ;
#11076 = ADVANCED_FACE ( 'NONE', ( #10415 ), #5863, .F. ) ;
#11077 = EDGE_CURVE ( 'NONE', #9712, #2811, #9521, .T. ) ;
#11078 = CARTESIAN_POINT ( 'NONE',  ( 16.00000000000000000, 154.4716895539514496, -76.34688136388649582 ) ) ;
#11079 = DIRECTION ( 'NONE',  ( 1.217349807703022609E-16, 0.000000000000000000, 1.000000000000000000 ) ) ;
#11080 = ORIENTED_EDGE ( 'NONE', *, *, #9749, .F. ) ;
#11081 = ORIENTED_EDGE ( 'NONE', *, *, #3769, .F. ) ;
#11082 = CARTESIAN_POINT ( 'NONE',  ( 0.000000000000000000, 7.979415714894989776E-15, -34.50000000000001421 ) ) ;
#11083 = EDGE_LOOP ( 'NONE', ( #10001, #6939, #10863, #114, #9959, #4221, #6700 ) ) ;
#11084 = VECTOR ( 'NONE', #6915, 1000.000000000000114 ) ;
#11085 = CYLINDRICAL_SURFACE ( 'NONE', #7286, 6.120000000000000107 ) ;
#11086 = CARTESIAN_POINT ( 'NONE',  ( 0.000000000000000000, 8.496496751003460758E-15, -95.50000000000001421 ) ) ;
#11087 = DIRECTION ( 'NONE',  ( 0.000000000000000000, 1.000000000000000000, 1.267377881992188131E-16 ) ) ;
#11088 = EDGE_CURVE ( 'NONE', #791, #3899, #1313, .T. ) ;
#11089 = EDGE_CURVE ( 'NONE', #6506, #11697, #9281, .T. ) ;
#11090 = FACE_OUTER_BOUND ( 'NONE', #7205, .T. ) ;
#11091 = VECTOR ( 'NONE', #4318, 1000.000000000000000 ) ;
#11092 = VERTEX_POINT ( 'NONE', #1080 ) ;
#11093 = DIRECTION ( 'NONE',  ( 0.000000000000000000, 1.000000000000000000, 1.188166764367676342E-16 ) ) ;
#11094 = DIRECTION ( 'NONE',  ( 1.000000000000000000, -0.000000000000000000, -0.000000000000000000 ) ) ;
#11095 = DIRECTION ( 'NONE',  ( 0.000000000000000000, 0.000000000000000000, 1.000000000000000000 ) ) ;
#11096 = ORIENTED_EDGE ( 'NONE', *, *, #7262, .F. ) ;
#11097 = AXIS2_PLACEMENT_3D ( 'NONE', #6223, #4470, #5184 ) ;
#11098 = DIRECTION ( 'NONE',  ( 0.000000000000000000, 0.000000000000000000, -1.000000000000000000 ) ) ;
#11099 = DIRECTION ( 'NONE',  ( 0.000000000000000000, 0.000000000000000000, -1.000000000000000000 ) ) ;
#11100 = EDGE_CURVE ( 'NONE', #10852, #1133, #7503, .T. ) ;
#11101 = VERTEX_POINT ( 'NONE', #10356 ) ;
#11102 = LINE ( 'NONE', #2854, #7802 ) ;
#11103 = CARTESIAN_POINT ( 'NONE',  ( 12.99999999999997868, 139.4129807147371309, -91.50000000000000000 ) ) ;
#11104 = DIRECTION ( 'NONE',  ( 1.000000000000000000, -0.000000000000000000, -0.000000000000000000 ) ) ;
#11105 = ORIENTED_EDGE ( 'NONE', *, *, #9285, .T. ) ;
#11106 = CARTESIAN_POINT ( 'NONE',  ( 15.00000000000000533, 7.271350624742382251, -129.8995630920052804 ) ) ;
#11107 = CIRCLE ( 'NONE', #2519, 8.000000000000007105 ) ;
#11108 = DIRECTION ( 'NONE',  ( 0.000000000000000000, 0.000000000000000000, 1.000000000000000000 ) ) ;
#11109 = ORIENTED_EDGE ( 'NONE', *, *, #6138, .F. ) ;
#11110 = CARTESIAN_POINT ( 'NONE',  ( 10.28363739374354502, 82.99999999999998579, -91.50000000000000000 ) ) ;
#11111 = ORIENTED_EDGE ( 'NONE', *, *, #3738, .F. ) ;
#11112 = CARTESIAN_POINT ( 'NONE',  ( 22.50000000000002842, 37.48318243780042280, -130.0000000000000000 ) ) ;
#11113 = ORIENTED_EDGE ( 'NONE', *, *, #9387, .T. ) ;
#11114 = ADVANCED_FACE ( 'NONE', ( #9347 ), #4786, .F. ) ;
#11116 = ORIENTED_EDGE ( 'NONE', *, *, #3296, .T. ) ;
#11115 = CARTESIAN_POINT ( 'NONE',  ( 3.851859888774471706E-31, 226.9999999999999716, -128.1199999999999477 ) ) ;
#11117 = CARTESIAN_POINT ( 'NONE',  ( 15.00000000000000000, 109.4999999999999858, -121.9999999999999858 ) ) ;
#11118 = DIRECTION ( 'NONE',  ( -1.267377881992188131E-16, -1.000000000000000000, -1.267377881992188131E-16 ) ) ;
#11119 = EDGE_CURVE ( 'NONE', #27, #232, #4282, .T. ) ;
#11120 = CARTESIAN_POINT ( 'NONE',  ( 14.86869354863674175, 58.23828822863978161, -14.51360740926767079 ) ) ;
#11121 = EDGE_LOOP ( 'NONE', ( #168, #596, #6536, #7128, #12, #5090, #8457, #402 ) ) ;
#11122 = CARTESIAN_POINT ( 'NONE',  ( 15.00000000000000178, 6.429173036559867604, -0.2157597551303232497 ) ) ;
#11123 = VERTEX_POINT ( 'NONE', #1597 ) ;
#11124 = CARTESIAN_POINT ( 'NONE',  ( 14.86869354863678439, 154.4716895539514496, -20.45788136388649292 ) ) ;
#11125 = EDGE_LOOP ( 'NONE', ( #3364, #4084, #9941, #3057 ) ) ;
#11126 = CARTESIAN_POINT ( 'NONE',  ( 3.851859888774471706E-31, 117.5000000000000000, -8.000000000000015987 ) ) ;
#11127 = VECTOR ( 'NONE', #7257, 1000.000000000000000 ) ;
#11128 = VERTEX_POINT ( 'NONE', #587 ) ;
#11129 = EDGE_CURVE ( 'NONE', #8198, #5188, #9790, .T. ) ;
#11130 = DIRECTION ( 'NONE',  ( 0.000000000000000000, 0.000000000000000000, 1.000000000000000000 ) ) ;
#11131 = CARTESIAN_POINT ( 'NONE',  ( 16.00000000000000000, 102.9080050152813897, -39.72355645757715337 ) ) ;
#11132 = AXIS2_PLACEMENT_3D ( 'NONE', #8425, #744, #7805 ) ;
#11133 = DIRECTION ( 'NONE',  ( 0.000000000000000000, 0.000000000000000000, -1.000000000000000000 ) ) ;
#11134 = DIRECTION ( 'NONE',  ( -2.434699615406045218E-16, 0.000000000000000000, -1.000000000000000000 ) ) ;
#11135 = LINE ( 'NONE', #8507, #11583 ) ;
#11136 = DIRECTION ( 'NONE',  ( 0.000000000000000000, 0.000000000000000000, -1.000000000000000000 ) ) ;
#11137 = ADVANCED_FACE ( 'NONE', ( #5920 ), #5974, .F. ) ;
#11138 = ORIENTED_EDGE ( 'NONE', *, *, #9587, .T. ) ;
#11139 = ORIENTED_EDGE ( 'NONE', *, *, #2290, .T. ) ;
#11140 = DIRECTION ( 'NONE',  ( 1.000000000000000000, -0.000000000000000000, -0.000000000000000000 ) ) ;
#11141 = EDGE_LOOP ( 'NONE', ( #1290, #4610, #590, #636 ) ) ;
#11142 = VECTOR ( 'NONE', #2838, 1000.000000000000000 ) ;
#11143 = FACE_OUTER_BOUND ( 'NONE', #5095, .T. ) ;
#11144 = ADVANCED_FACE ( 'NONE', ( #8670 ), #9731, .F. ) ;
#11145 = DIRECTION ( 'NONE',  ( 1.000000000000000000, 0.000000000000000000, 0.000000000000000000 ) ) ;
#11146 = ORIENTED_EDGE ( 'NONE', *, *, #4673, .T. ) ;
#11147 = DIRECTION ( 'NONE',  ( 0.000000000000000000, 1.000000000000000000, 1.267377881992188131E-16 ) ) ;
#11148 = CARTESIAN_POINT ( 'NONE',  ( 8.000000000000012434, 10.00000000000000711, -15.74596669241486246 ) ) ;
#11149 = CIRCLE ( 'NONE', #6952, 2.750000000000002665 ) ;
#11150 = AXIS2_PLACEMENT_3D ( 'NONE', #428, #7676, #8623 ) ;
#11151 = PLANE ( 'NONE',  #5294 ) ;
#11152 = VERTEX_POINT ( 'NONE', #4059 ) ;
#11153 = LINE ( 'NONE', #11034, #10851 ) ;
#11154 = ORIENTED_EDGE ( 'NONE', *, *, #10533, .F. ) ;
#11155 = DIRECTION ( 'NONE',  ( 1.000000000000000000, -0.000000000000000000, -0.000000000000000000 ) ) ;
#11156 = EDGE_CURVE ( 'NONE', #5997, #8004, #4342, .T. ) ;
#11157 = EDGE_CURVE ( 'NONE', #9982, #6659, #10285, .T. ) ;
#11158 = CIRCLE ( 'NONE', #3503, 3.000000000000002665 ) ;
#11159 = VERTEX_POINT ( 'NONE', #11776 ) ;
#11160 = DIRECTION ( 'NONE',  ( -0.9396926207859100932, 0.3420201433256641055, 0.000000000000000000 ) ) ;
#11161 = CARTESIAN_POINT ( 'NONE',  ( 15.00000000000000533, 234.5030772555511760, -124.8023145233963476 ) ) ;
#11162 = CARTESIAN_POINT ( 'NONE',  ( 13.00000000000000178, 226.9999999999999716, -120.0000000000000000 ) ) ;
#11163 = ORIENTED_EDGE ( 'NONE', *, *, #1578, .F. ) ;
#11164 = LINE ( 'NONE', #4691, #2081 ) ;
#11165 = CARTESIAN_POINT ( 'NONE',  ( 8.000000000000000000, 141.2993698534433804, -91.50000000000000000 ) ) ;
#11166 = EDGE_LOOP ( 'NONE', ( #6829, #5222 ) ) ;
#11167 = VECTOR ( 'NONE', #2211, 1000.000000000000000 ) ;
#11168 = CARTESIAN_POINT ( 'NONE',  ( 16.00000000000000000, 203.4716895539514780, -17.45788136388648581 ) ) ;
#11169 = ORIENTED_EDGE ( 'NONE', *, *, #5706, .T. ) ;
#11170 = CARTESIAN_POINT ( 'NONE',  ( 15.00000000000000178, 6.167515286949189601, -129.7393942252402042 ) ) ;
#11171 = VECTOR ( 'NONE', #1177, 1000.000000000000000 ) ;
#11172 = ORIENTED_EDGE ( 'NONE', *, *, #2314, .F. ) ;
#11173 = VERTEX_POINT ( 'NONE', #9919 ) ;
#11174 = DIRECTION ( 'NONE',  ( 0.000000000000000000, 0.000000000000000000, 1.000000000000000000 ) ) ;
#11175 = ORIENTED_EDGE ( 'NONE', *, *, #1298, .F. ) ;
#11176 = CARTESIAN_POINT ( 'NONE',  ( 56.31128874149275276, 57.72328822863980236, -118.5699999999999932 ) ) ;
#11177 = EDGE_CURVE ( 'NONE', #6943, #1619, #2628, .T. ) ;
#11178 = ORIENTED_EDGE ( 'NONE', *, *, #11064, .F. ) ;
#11179 = CARTESIAN_POINT ( 'NONE',  ( 8.000000000000000000, 30.73828822863980292, -106.4799999999999898 ) ) ;
#11181 = ORIENTED_EDGE ( 'NONE', *, *, #10547, .F. ) ;
#11180 = DIRECTION ( 'NONE',  ( -1.000000000000000000, -0.000000000000000000, -0.000000000000000000 ) ) ;
#11182 = CONICAL_SURFACE ( 'NONE', #6977, 6.000000000000001776, 0.3490658503988613437 ) ;
#11183 = PLANE ( 'NONE',  #813 ) ;
#11184 = CARTESIAN_POINT ( 'NONE',  ( 24.00000000000000000, 37.25328822863976796, -118.5120883615641105 ) ) ;
#11185 = ORIENTED_EDGE ( 'NONE', *, *, #6185, .F. ) ;
#11186 = DIRECTION ( 'NONE',  ( -2.434699615406045218E-16, 0.000000000000000000, -1.000000000000000000 ) ) ;
#11187 = ORIENTED_EDGE ( 'NONE', *, *, #1258, .T. ) ;
#11188 = FACE_OUTER_BOUND ( 'NONE', #2542, .T. ) ;
#11189 = CYLINDRICAL_SURFACE ( 'NONE', #5026, 2.749999999999996447 ) ;
#11190 = AXIS2_PLACEMENT_3D ( 'NONE', #9107, #10895, #9932 ) ;
#11191 = ORIENTED_EDGE ( 'NONE', *, *, #3434, .F. ) ;
#11192 = EDGE_CURVE ( 'NONE', #9061, #673, #8, .T. ) ;
#11194 = ORIENTED_EDGE ( 'NONE', *, *, #2126, .F. ) ;
#11193 = LINE ( 'NONE', #10298, #7741 ) ;
#11195 = CARTESIAN_POINT ( 'NONE',  ( 8.000000000000000000, 66.73828822863980292, -28.51360740926766368 ) ) ;
#11196 = AXIS2_PLACEMENT_3D ( 'NONE', #3511, #6283, #2746 ) ;
#11197 = PLANE ( 'NONE',  #5992 ) ;
#11198 = LINE ( 'NONE', #10699, #9697 ) ;
#11199 = LINE ( 'NONE', #4846, #9302 ) ;
#11200 = PLANE ( 'NONE',  #4147 ) ;
#11201 = EDGE_CURVE ( 'NONE', #10080, #3599, #7372, .T. ) ;
#11202 = ORIENTED_EDGE ( 'NONE', *, *, #949, .T. ) ;
#11203 = CARTESIAN_POINT ( 'NONE',  ( 6.999999999999999112, 226.9999999999999716, -8.000000000000001776 ) ) ;
#11204 = VERTEX_POINT ( 'NONE', #5372 ) ;
#11205 = EDGE_CURVE ( 'NONE', #10769, #4508, #4921, .T. ) ;
#11206 = VECTOR ( 'NONE', #665, 1000.000000000000000 ) ;
#11207 = CARTESIAN_POINT ( 'NONE',  ( 9.906027415864068431, 82.99999999999998579, -90.26089910215051759 ) ) ;
#11208 = VECTOR ( 'NONE', #1954, 1000.000000000000000 ) ;
#11209 = DIRECTION ( 'NONE',  ( 1.000000000000000000, 0.000000000000000000, 0.000000000000000000 ) ) ;
#11210 = DIRECTION ( 'NONE',  ( 0.000000000000000000, 0.000000000000000000, 1.000000000000000000 ) ) ;
#11211 = DIRECTION ( 'NONE',  ( -1.000000000000000000, 0.000000000000000000, 0.000000000000000000 ) ) ;
#11212 = ORIENTED_EDGE ( 'NONE', *, *, #3445, .T. ) ;
#11213 = EDGE_CURVE ( 'NONE', #10163, #9428, #9979, .T. ) ;
#11214 = CARTESIAN_POINT ( 'NONE',  ( 3.851859888774471706E-31, 226.9999999999999716, -8.000000000000001776 ) ) ;
#11215 = FACE_OUTER_BOUND ( 'NONE', #10276, .T. ) ;
#11216 = ORIENTED_EDGE ( 'NONE', *, *, #1228, .T. ) ;
#11217 = CARTESIAN_POINT ( 'NONE',  ( 56.31128874149275276, 30.73828822863979582, -52.47999999999998977 ) ) ;
#11218 =( BOUNDED_CURVE ( )  B_SPLINE_CURVE ( 3, ( #3848, #9238, #4616, #5710 ),
 .UNSPECIFIED., .F., .F. ) 
 B_SPLINE_CURVE_WITH_KNOTS ( ( 4, 4 ),
 ( 2.559417093465695014, 2.932846348835305594 ),
 .UNSPECIFIED. ) 
 CURVE ( )  GEOMETRIC_REPRESENTATION_ITEM ( )  RATIONAL_B_SPLINE_CURVE ( ( 1.000000000000000000, 0.9884129373836249011, 0.9884129373836249011, 1.000000000000000000 ) ) 
 REPRESENTATION_ITEM ( '' )  );
#11219 = ORIENTED_EDGE ( 'NONE', *, *, #1753, .F. ) ;
#11220 = EDGE_CURVE ( 'NONE', #6161, #8110, #8746, .T. ) ;
#11221 = DIRECTION ( 'NONE',  ( -1.000000000000000000, 0.000000000000000000, 0.000000000000000000 ) ) ;
#11222 = CARTESIAN_POINT ( 'NONE',  ( 15.00000000000000355, 229.0956445044594716, -129.6803662604006604 ) ) ;
#11223 = CIRCLE ( 'NONE', #3011, 5.500000000000032863 ) ;
#11224 = LINE ( 'NONE', #11162, #1122 ) ;
#11225 = EDGE_LOOP ( 'NONE', ( #2076, #10491 ) ) ;
#11226 = DIRECTION ( 'NONE',  ( 0.000000000000000000, 0.000000000000000000, 1.000000000000000000 ) ) ;
#11227 = DIRECTION ( 'NONE',  ( 1.000000000000000000, 0.000000000000000000, 0.000000000000000000 ) ) ;
#11228 = EDGE_CURVE ( 'NONE', #10557, #359, #723, .T. ) ;
#11229 = ORIENTED_EDGE ( 'NONE', *, *, #2642, .T. ) ;
#11230 = EDGE_CURVE ( 'NONE', #3450, #5540, #11804, .T. ) ;
#11231 = FACE_OUTER_BOUND ( 'NONE', #8113, .T. ) ;
#11232 = ORIENTED_EDGE ( 'NONE', *, *, #1246, .T. ) ;
#11233 = CARTESIAN_POINT ( 'NONE',  ( 15.00000000000000000, 8.000000000000000000, -8.000000000000028422 ) ) ;
#11234 = ORIENTED_EDGE ( 'NONE', *, *, #8731, .F. ) ;
#11235 = CARTESIAN_POINT ( 'NONE',  ( 13.00000000000000888, 46.50000000000000000, -38.50000000000000711 ) ) ;
#11236 = CARTESIAN_POINT ( 'NONE',  ( 11.27662841389838810, 34.44588344004966984, -108.6725952114119593 ) ) ;
#11237 = VECTOR ( 'NONE', #6383, 1000.000000000000000 ) ;
#11238 = VECTOR ( 'NONE', #66, 1000.000000000000000 ) ;
#11239 = DIRECTION ( 'NONE',  ( -1.000000000000000000, 0.000000000000000000, 0.000000000000000000 ) ) ;
#11240 = VERTEX_POINT ( 'NONE', #10042 ) ;
#11241 = CARTESIAN_POINT ( 'NONE',  ( 6.999999999999999112, 117.5000000000000000, -8.000000000000015987 ) ) ;
#11242 = DIRECTION ( 'NONE',  ( 0.000000000000000000, 1.000000000000000000, 1.267377881992188131E-16 ) ) ;
#11243 = DIRECTION ( 'NONE',  ( -1.267377881992188131E-16, -1.000000000000000000, -1.267377881992188131E-16 ) ) ;
#11244 = AXIS2_PLACEMENT_3D ( 'NONE', #376, #2285, #2047 ) ;
#11245 = VECTOR ( 'NONE', #11629, 1000.000000000000114 ) ;
#11246 = ORIENTED_EDGE ( 'NONE', *, *, #5093, .T. ) ;
#11247 = AXIS2_PLACEMENT_3D ( 'NONE', #50, #7045, #6330 ) ;
#11248 = ADVANCED_FACE ( 'NONE', ( #3453 ), #4408, .F. ) ;
#11249 = DIRECTION ( 'NONE',  ( 0.000000000000000000, 1.000000000000000000, 0.000000000000000000 ) ) ;
#11250 = ORIENTED_EDGE ( 'NONE', *, *, #2560, .T. ) ;
#11251 = LINE ( 'NONE', #9338, #6507 ) ;
#11252 = DIRECTION ( 'NONE',  ( 0.000000000000000000, 1.000000000000000000, -0.000000000000000000 ) ) ;
#11253 = ORIENTED_EDGE ( 'NONE', *, *, #4105, .T. ) ;
#11254 = AXIS2_PLACEMENT_3D ( 'NONE', #9067, #4253, #11693 ) ;
#11256 = EDGE_LOOP ( 'NONE', ( #1124, #7074, #7206, #6678, #2128, #2256, #5841, #8002, #4372, #616 ) ) ;
#11255 = CARTESIAN_POINT ( 'NONE',  ( -0.000000000000000000, 3.107884886165161564, -128.7108631223784130 ) ) ;
#11257 = CARTESIAN_POINT ( 'NONE',  ( 16.00000000000000000, 35.23828822863978161, -20.51360740926767079 ) ) ;
#11258 = CARTESIAN_POINT ( 'NONE',  ( 13.00000000000001421, 152.0000000000000000, -8.000000000000001776 ) ) ;
#11259 = CARTESIAN_POINT ( 'NONE',  ( -0.000000000000000000, 6.658247161007582626, -0.1729438554697542152 ) ) ;
#11260 = ADVANCED_FACE ( 'NONE', ( #5247 ), #10106, .F. ) ;
#11261 = DIRECTION ( 'NONE',  ( 0.000000000000000000, 0.000000000000000000, 1.000000000000000000 ) ) ;
#11262 = DIRECTION ( 'NONE',  ( 0.000000000000000000, 0.000000000000000000, -1.000000000000000000 ) ) ;
#11263 = VERTEX_POINT ( 'NONE', #5312 ) ;
#11264 = CARTESIAN_POINT ( 'NONE',  ( 0.000000000000000000, 119.5000000000000000, -95.50000000000000000 ) ) ;
#11265 = ORIENTED_EDGE ( 'NONE', *, *, #5286, .F. ) ;
#11266 = CARTESIAN_POINT ( 'NONE',  ( -0.7500000000000006661, 2.928932188134526271, -129.2830808016391870 ) ) ;
#11267 = DIRECTION ( 'NONE',  ( 0.000000000000000000, 0.000000000000000000, -1.000000000000000000 ) ) ;
#11268 = EDGE_CURVE ( 'NONE', #2815, #10044, #8070, .T. ) ;
#11269 = DIRECTION ( 'NONE',  ( 0.000000000000000000, 0.000000000000000000, -1.000000000000000000 ) ) ;
#11270 = CARTESIAN_POINT ( 'NONE',  ( 13.00000000000000000, 154.4716895539514496, -71.77773253521743868 ) ) ;
#11271 = EDGE_CURVE ( 'NONE', #5950, #7464, #8905, .T. ) ;
#11272 = FACE_BOUND ( 'NONE', #9705, .T. ) ;
#11273 = VERTEX_POINT ( 'NONE', #9857 ) ;
#11274 = CARTESIAN_POINT ( 'NONE',  ( 14.86869354863674175, 35.23828822863978161, -14.51360740926767079 ) ) ;
#11275 = VERTEX_POINT ( 'NONE', #6345 ) ;
#11276 = VECTOR ( 'NONE', #2684, 1000.000000000000000 ) ;
#11277 = CARTESIAN_POINT ( 'NONE',  ( 8.000000000000000000, 217.0000000000000284, -80.25000000000000000 ) ) ;
#11278 = ADVANCED_FACE ( 'NONE', ( #1789 ), #5434, .F. ) ;
#11279 = FACE_OUTER_BOUND ( 'NONE', #10139, .T. ) ;
#11280 = VECTOR ( 'NONE', #154, 1000.000000000000000 ) ;
#11281 = ORIENTED_EDGE ( 'NONE', *, *, #10496, .T. ) ;
#11282 = DIRECTION ( 'NONE',  ( -1.000000000000000000, 0.000000000000000000, 0.000000000000000000 ) ) ;
#11283 = DIRECTION ( 'NONE',  ( 0.000000000000000000, 1.000000000000000000, -0.000000000000000000 ) ) ;
#11284 = VERTEX_POINT ( 'NONE', #3700 ) ;
#11285 = CARTESIAN_POINT ( 'NONE',  ( -0.000000000000000000, 227.9850756504938829, -0.1241292020512600874 ) ) ;
#11286 = CARTESIAN_POINT ( 'NONE',  ( 15.00000000000000000, 226.9999999999999716, -10.75000000000000355 ) ) ;
#11287 = EDGE_CURVE ( 'NONE', #7070, #4357, #4734, .T. ) ;
#11288 = EDGE_LOOP ( 'NONE', ( #1830, #10550, #5030, #6197 ) ) ;
#11289 = CARTESIAN_POINT ( 'NONE',  ( 3.851859888774471706E-31, 8.000000000000000000, -8.000000000000028422 ) ) ;
#11290 = PLANE ( 'NONE',  #218 ) ;
#11291 = VECTOR ( 'NONE', #4096, 1000.000000000000114 ) ;
#11292 = ORIENTED_EDGE ( 'NONE', *, *, #10393, .F. ) ;
#11293 = EDGE_CURVE ( 'NONE', #11454, #1777, #7654, .T. ) ;
#11294 = DIRECTION ( 'NONE',  ( 0.000000000000000000, 0.000000000000000000, -1.000000000000000000 ) ) ;
#11295 = CARTESIAN_POINT ( 'NONE',  ( 14.86869354863667247, 57.72328822863980236, -109.9800000000000040 ) ) ;
#11296 = VECTOR ( 'NONE', #4556, 1000.000000000000000 ) ;
#11297 = DIRECTION ( 'NONE',  ( 0.000000000000000000, 1.000000000000000000, 1.267377881992188131E-16 ) ) ;
#11298 = ORIENTED_EDGE ( 'NONE', *, *, #10240, .F. ) ;
#11299 = CARTESIAN_POINT ( 'NONE',  ( 8.000000000000003553, 46.50000000000000000, -91.50000000000001421 ) ) ;
#11300 = ORIENTED_EDGE ( 'NONE', *, *, #6789, .F. ) ;
#11301 = FACE_BOUND ( 'NONE', #10490, .T. ) ;
#11302 = CARTESIAN_POINT ( 'NONE',  ( 13.00000000000001421, 224.9999999999999716, -8.000000000000001776 ) ) ;
#11303 = EDGE_LOOP ( 'NONE', ( #2451, #639, #9035, #6436 ) ) ;
#11304 = VECTOR ( 'NONE', #9888, 1000.000000000000000 ) ;
#11305 = EDGE_CURVE ( 'NONE', #8100, #4910, #10161, .T. ) ;
#11306 = ADVANCED_FACE ( 'NONE', ( #8545 ), #9394, .T. ) ;
#11308 = ORIENTED_EDGE ( 'NONE', *, *, #9868, .T. ) ;
#11307 = CARTESIAN_POINT ( 'NONE',  ( -0.000000000000000000, 0.3495352817178203342, -124.2283741422690184 ) ) ;
#11309 = DIRECTION ( 'NONE',  ( -1.000000000000000000, 0.000000000000000000, 0.000000000000000000 ) ) ;
#11310 = LINE ( 'NONE', #5755, #6199 ) ;
#11311 = CARTESIAN_POINT ( 'NONE',  ( 0.000000000000000000, 7.907703953254338280, -0.04802230858021792198 ) ) ;
#11312 = AXIS2_PLACEMENT_3D ( 'NONE', #10431, #10489, #2242 ) ;
#11313 = CARTESIAN_POINT ( 'NONE',  ( 13.00000000000000178, 226.9999999999999716, -9.999999999999985789 ) ) ;
#11314 = FACE_OUTER_BOUND ( 'NONE', #1829, .T. ) ;
#11315 = CARTESIAN_POINT ( 'NONE',  ( 9.197106703332604383, 33.68899943589339330, -110.6190554993135038 ) ) ;
#11316 = ORIENTED_EDGE ( 'NONE', *, *, #583, .F. ) ;
#11317 = ORIENTED_EDGE ( 'NONE', *, *, #9240, .F. ) ;
#11318 = CARTESIAN_POINT ( 'NONE',  ( 8.000000000000000000, 83.98794994945610881, -95.50000000000000000 ) ) ;
#11319 = ORIENTED_EDGE ( 'NONE', *, *, #6395, .T. ) ;
#11320 = CARTESIAN_POINT ( 'NONE',  ( 10.24999999999523048, -1.821459649775647449E-15, -123.3639610306789365 ) ) ;
#11321 = EDGE_CURVE ( 'NONE', #5938, #2662, #1070, .T. ) ;
#11322 = VECTOR ( 'NONE', #3134, 1000.000000000000000 ) ;
#11323 = DIRECTION ( 'NONE',  ( -1.000000000000000000, 0.000000000000000000, 0.000000000000000000 ) ) ;
#11324 = DIRECTION ( 'NONE',  ( 0.000000000000000000, 0.000000000000000000, -1.000000000000000000 ) ) ;
#11325 = ORIENTED_EDGE ( 'NONE', *, *, #8940, .T. ) ;
#11326 = DIRECTION ( 'NONE',  ( 0.000000000000000000, -0.000000000000000000, -1.000000000000000000 ) ) ;
#11327 = VERTEX_POINT ( 'NONE', #3048 ) ;
#11328 = EDGE_CURVE ( 'NONE', #2793, #2789, #2923, .T. ) ;
#11329 = EDGE_LOOP ( 'NONE', ( #11836, #2333 ) ) ;
#11330 = LINE ( 'NONE', #11675, #2798 ) ;
#11331 = AXIS2_PLACEMENT_3D ( 'NONE', #6297, #1672, #10767 ) ;
#11332 = ORIENTED_EDGE ( 'NONE', *, *, #2302, .T. ) ;
#11333 = PLANE ( 'NONE',  #547 ) ;
#11334 = DIRECTION ( 'NONE',  ( 2.168404344971006896E-16, 0.000000000000000000, 1.000000000000000000 ) ) ;
#11335 = ORIENTED_EDGE ( 'NONE', *, *, #1, .T. ) ;
#11336 = CARTESIAN_POINT ( 'NONE',  ( 0.000000000000000000, 117.5000000000000000, -8.000000000000015987 ) ) ;
#11337 = CARTESIAN_POINT ( 'NONE',  ( 12.00000000000000711, 34.70916916570458000, -111.9800000000000040 ) ) ;
#11338 = CARTESIAN_POINT ( 'NONE',  ( 14.99999999999999822, 6.658247161150600668, -129.8270561445346516 ) ) ;
#11339 = ADVANCED_FACE ( 'NONE', ( #5796 ), #4708, .F. ) ;
#11340 = ORIENTED_EDGE ( 'NONE', *, *, #208, .F. ) ;
#11341 = CARTESIAN_POINT ( 'NONE',  ( 12.99999999999998757, 125.5000000000000000, -122.0000000000000000 ) ) ;
#11342 = VECTOR ( 'NONE', #6379, 1000.000000000000000 ) ;
#11343 = DIRECTION ( 'NONE',  ( 0.000000000000000000, 0.000000000000000000, -1.000000000000000000 ) ) ;
#11344 = VECTOR ( 'NONE', #10642, 1000.000000000000000 ) ;
#11345 = CARTESIAN_POINT ( 'NONE',  ( 56.31128874149275276, 130.8480050152814158, -40.61255645757714916 ) ) ;
#11346 = DIRECTION ( 'NONE',  ( 1.000000000000000000, -0.000000000000000000, -0.000000000000000000 ) ) ;
#11347 = CARTESIAN_POINT ( 'NONE',  ( 8.000000000000010658, 78.99999999999998579, -34.50000000000000000 ) ) ;
#11348 = VECTOR ( 'NONE', #4904, 1000.000000000000000 ) ;
#11349 = VECTOR ( 'NONE', #7649, 1000.000000000000000 ) ;
#11350 = CARTESIAN_POINT ( 'NONE',  ( 0.000000000000000000, 7.979415714894989776E-15, -120.0000000000000284 ) ) ;
#11351 = ORIENTED_EDGE ( 'NONE', *, *, #684, .T. ) ;
#11352 = FACE_OUTER_BOUND ( 'NONE', #4510, .T. ) ;
#11353 = VERTEX_POINT ( 'NONE', #10342 ) ;
#11354 = DIRECTION ( 'NONE',  ( 0.000000000000000000, 1.267377881992188131E-16, -1.000000000000000000 ) ) ;
#11355 = ADVANCED_FACE ( 'NONE', ( #4646, #6589 ), #4830, .F. ) ;
#11356 = CARTESIAN_POINT ( 'NONE',  ( 0.000000000000000000, 152.0000000000000000, -67.00000000000000000 ) ) ;
#11357 = ORIENTED_EDGE ( 'NONE', *, *, #1402, .T. ) ;
#11358 = CIRCLE ( 'NONE', #9822, 8.000000000000007105 ) ;
#11359 = VECTOR ( 'NONE', #9133, 1000.000000000000000 ) ;
#11361 = ORIENTED_EDGE ( 'NONE', *, *, #1625, .T. ) ;
#11360 = CARTESIAN_POINT ( 'NONE',  ( 6.999999999999999112, 226.9999999999999716, -10.75000000000000355 ) ) ;
#11362 = CARTESIAN_POINT ( 'NONE',  ( -0.000000000000000000, 234.9564337177375819, -122.0219033350577007 ) ) ;
#11363 = DIRECTION ( 'NONE',  ( -1.000000000000000000, 0.000000000000000000, 0.000000000000000000 ) ) ;
#11364 = CARTESIAN_POINT ( 'NONE',  ( 0.000000000000000000, 0.3258377770018534569, -5.876227615702364737 ) ) ;
#11365 = CARTESIAN_POINT ( 'NONE',  ( 3.851859888774471706E-31, 8.000000000000000000, -1.880000000000030980 ) ) ;
#11366 = VECTOR ( 'NONE', #1679, 1000.000000000000000 ) ;
#11367 = PLANE ( 'NONE',  #1876 ) ;
#11368 = DIRECTION ( 'NONE',  ( 0.000000000000000000, 0.000000000000000000, 1.000000000000000000 ) ) ;
#11369 = VERTEX_POINT ( 'NONE', #6764 ) ;
#11370 = FACE_OUTER_BOUND ( 'NONE', #9303, .T. ) ;
#11371 = EDGE_CURVE ( 'NONE', #1459, #6839, #6067, .T. ) ;
#11372 = ORIENTED_EDGE ( 'NONE', *, *, #11713, .T. ) ;
#11373 = DIRECTION ( 'NONE',  ( 1.000000000000000000, -0.000000000000000000, -0.000000000000000000 ) ) ;
#11374 = ADVANCED_FACE ( 'NONE', ( #1130 ), #8368, .T. ) ;
#11375 = CARTESIAN_POINT ( 'NONE',  ( 10.27618921990289103, 82.99999999999998579, -91.17076600793637908 ) ) ;
#11376 = VECTOR ( 'NONE', #1453, 1000.000000000000000 ) ;
#11377 = CARTESIAN_POINT ( 'NONE',  ( 13.00000000000001421, 192.5000000000000000, -8.000000000000001776 ) ) ;
#11378 = DIRECTION ( 'NONE',  ( 1.000000000000000000, 0.000000000000000000, 0.000000000000000000 ) ) ;
#11379 = FACE_BOUND ( 'NONE', #3165, .T. ) ;
#11380 = CARTESIAN_POINT ( 'NONE',  ( 0.000000000000000000, 7.979415714894989776E-15, -63.00000000000001421 ) ) ;
#11381 = ORIENTED_EDGE ( 'NONE', *, *, #6118, .T. ) ;
#11382 = ORIENTED_EDGE ( 'NONE', *, *, #1068, .T. ) ;
#11383 = EDGE_CURVE ( 'NONE', #9818, #284, #7617, .T. ) ;
#11384 = LINE ( 'NONE', #2349, #11039 ) ;
#11385 = EDGE_LOOP ( 'NONE', ( #5727, #7684 ) ) ;
#11386 = CONICAL_SURFACE ( 'NONE', #5659, 3.000000000000009770, 0.3490658503988593453 ) ;
#11387 = CARTESIAN_POINT ( 'NONE',  ( 8.000000000000000000, 7.999999999999992895, -120.0000000000000284 ) ) ;
#11388 = CIRCLE ( 'NONE', #10616, 8.000000000000007105 ) ;
#11389 = VERTEX_POINT ( 'NONE', #7491 ) ;
#11390 = LINE ( 'NONE', #952, #9036 ) ;
#11391 = ORIENTED_EDGE ( 'NONE', *, *, #9437, .T. ) ;
#11392 = CARTESIAN_POINT ( 'NONE',  ( 7.990000000000000213, 217.0000000000000284, -58.62000000000001876 ) ) ;
#11393 = LINE ( 'NONE', #6919, #4119 ) ;
#11394 = VERTEX_POINT ( 'NONE', #9330 ) ;
#11395 = AXIS2_PLACEMENT_3D ( 'NONE', #8788, #6043, #4114 ) ;
#11396 = EDGE_CURVE ( 'NONE', #8435, #8481, #3970, .T. ) ;
#11397 = CARTESIAN_POINT ( 'NONE',  ( -0.000000000000000000, 233.8204644800343601, -3.434818399709675063 ) ) ;
#11398 = ORIENTED_EDGE ( 'NONE', *, *, #1883, .T. ) ;
#11399 = ORIENTED_EDGE ( 'NONE', *, *, #3342, .T. ) ;
#11400 = DIRECTION ( 'NONE',  ( 0.000000000000000000, 0.000000000000000000, 1.000000000000000000 ) ) ;
#11401 = CARTESIAN_POINT ( 'NONE',  ( 15.00000000000000000, 226.9999999999999716, -121.9999999999999716 ) ) ;
#11402 = VECTOR ( 'NONE', #9274, 1000.000000000000000 ) ;
#11403 = DIRECTION ( 'NONE',  ( 0.000000000000000000, 1.000000000000000000, 1.267377881992188131E-16 ) ) ;
#11404 = EDGE_CURVE ( 'NONE', #2185, #11576, #10645, .T. ) ;
#11405 = CARTESIAN_POINT ( 'NONE',  ( 8.000000000000000000, 7.999999999999992895, -95.50000000000001421 ) ) ;
#11406 = CYLINDRICAL_SURFACE ( 'NONE', #9460, 6.120000000000000107 ) ;
#11407 = EDGE_CURVE ( 'NONE', #7751, #8704, #9270, .T. ) ;
#11408 = CARTESIAN_POINT ( 'NONE',  ( 12.17585307141815676, 99.52826635815527823, -38.50000000000000711 ) ) ;
#11409 = EDGE_LOOP ( 'NONE', ( #6026, #224, #442, #10212 ) ) ;
#11410 = CARTESIAN_POINT ( 'NONE',  ( 13.00000000000001421, 10.00000000000000711, -8.000000000000001776 ) ) ;
#11411 = VERTEX_POINT ( 'NONE', #5738 ) ;
#11412 = AXIS2_PLACEMENT_3D ( 'NONE', #3731, #7517, #1042 ) ;
#11413 = VECTOR ( 'NONE', #3019, 1000.000000000000000 ) ;
#11414 = CARTESIAN_POINT ( 'NONE',  ( 14.86869354863676307, 87.66800501528138057, -91.41255645757715342 ) ) ;
#11415 = VERTEX_POINT ( 'NONE', #2986 ) ;
#11416 = CARTESIAN_POINT ( 'NONE',  ( 0.000000000000000000, 7.979415714894989776E-15, -120.0000000000000284 ) ) ;
#11417 = VECTOR ( 'NONE', #6112, 1000.000000000000000 ) ;
#11418 = EDGE_CURVE ( 'NONE', #3972, #3217, #7544, .T. ) ;
#11419 = AXIS2_PLACEMENT_3D ( 'NONE', #4979, #6854, #7854 ) ;
#11420 = CARTESIAN_POINT ( 'NONE',  ( -0.000000000000000000, 227.4119519075769063, -129.9283752428190724 ) ) ;
#11421 = CIRCLE ( 'NONE', #7436, 6.000000000000001776 ) ;
#11422 = PLANE ( 'NONE',  #7354 ) ;
#11423 = CARTESIAN_POINT ( 'NONE',  ( 0.000000000000000000, 8.496496751003460758E-15, -95.50000000000001421 ) ) ;
#11424 = DIRECTION ( 'NONE',  ( -1.000000000000000000, -0.000000000000000000, -0.000000000000000000 ) ) ;
#11425 = DIRECTION ( 'NONE',  ( 1.000000000000000000, -0.000000000000000000, -0.000000000000000000 ) ) ;
#11426 = ORIENTED_EDGE ( 'NONE', *, *, #3619, .F. ) ;
#11427 = CARTESIAN_POINT ( 'NONE',  ( -0.002000000000000265454, 226.9999999999999716, -113.9999999999999574 ) ) ;
#11428 = VERTEX_POINT ( 'NONE', #11184 ) ;
#11429 = CARTESIAN_POINT ( 'NONE',  ( 0.000000000000000000, 78.99999999999998579, -34.50000000000000711 ) ) ;
#11430 = AXIS2_PLACEMENT_3D ( 'NONE', #4654, #1975, #3708 ) ;
#11431 = ADVANCED_FACE ( 'NONE', ( #3940 ), #2872, .T. ) ;
#11432 = AXIS2_PLACEMENT_3D ( 'NONE', #6160, #4220, #8672 ) ;
#11433 = AXIS2_PLACEMENT_3D ( 'NONE', #2369, #9506, #2210 ) ;
#11434 = DIRECTION ( 'NONE',  ( -2.434699615406045218E-16, 0.000000000000000000, -1.000000000000000000 ) ) ;
#11435 = EDGE_CURVE ( 'NONE', #7784, #11057, #3156, .T. ) ;
#11436 = ADVANCED_FACE ( 'NONE', ( #4100 ), #4948, .T. ) ;
#11437 = DIRECTION ( 'NONE',  ( 0.000000000000000000, 0.000000000000000000, 1.000000000000000000 ) ) ;
#11438 = AXIS2_PLACEMENT_3D ( 'NONE', #9480, #3076, #11324 ) ;
#11439 = DIRECTION ( 'NONE',  ( -1.000000000000000000, 0.000000000000000000, 2.434699615406045218E-16 ) ) ;
#11440 = EDGE_LOOP ( 'NONE', ( #4054, #8416, #9910, #4796 ) ) ;
#11441 = VERTEX_POINT ( 'NONE', #3210 ) ;
#11442 = EDGE_LOOP ( 'NONE', ( #7210, #413, #2527, #8158 ) ) ;
#11443 = LINE ( 'NONE', #3242, #4339 ) ;
#11444 = EDGE_LOOP ( 'NONE', ( #10060, #818, #9795, #9328, #9260, #5120, #10999, #4143 ) ) ;
#11445 = CARTESIAN_POINT ( 'NONE',  ( 4.750000000000000000, 234.2830808016391870, -2.928932188134526715 ) ) ;
#11446 = EDGE_CURVE ( 'NONE', #812, #9441, #10617, .T. ) ;
#11447 = EDGE_CURVE ( 'NONE', #5885, #451, #3395, .T. ) ;
#11448 = LINE ( 'NONE', #680, #2163 ) ;
#11449 = ORIENTED_EDGE ( 'NONE', *, *, #10520, .T. ) ;
#11450 = FACE_OUTER_BOUND ( 'NONE', #2419, .T. ) ;
#11451 = LINE ( 'NONE', #6974, #5472 ) ;
#11452 = VECTOR ( 'NONE', #6147, 1000.000000000000000 ) ;
#11453 = CARTESIAN_POINT ( 'NONE',  ( -0.000000000000000000, 234.9283752428110574, -7.588048092417197132 ) ) ;
#11454 = VERTEX_POINT ( 'NONE', #3375 ) ;
#11455 = ORIENTED_EDGE ( 'NONE', *, *, #2730, .T. ) ;
#11456 = CARTESIAN_POINT ( 'NONE',  ( 8.000000000000000000, 152.0000000000000000, -12.54455756538841626 ) ) ;
#11457 = CARTESIAN_POINT ( 'NONE',  ( 24.00000000000000000, 70.56130376984425823, -10.97620280864248343 ) ) ;
#11458 = LINE ( 'NONE', #8996, #5943 ) ;
#11459 = AXIS2_PLACEMENT_3D ( 'NONE', #2919, #10219, #8422 ) ;
#11460 = EDGE_CURVE ( 'NONE', #2956, #5403, #2084, .T. ) ;
#11461 = CARTESIAN_POINT ( 'NONE',  ( 0.000000000000000000, 82.99999999999998579, 0.000000000000000000 ) ) ;
#11462 = PLANE ( 'NONE',  #1304 ) ;
#11463 = FACE_OUTER_BOUND ( 'NONE', #11682, .T. ) ;
#11464 = EDGE_LOOP ( 'NONE', ( #7865, #9510, #3407, #7053 ) ) ;
#11465 = CARTESIAN_POINT ( 'NONE',  ( 14.99999999999999822, 0.4098419124699618221, -5.522346110054036750 ) ) ;
#11466 = ORIENTED_EDGE ( 'NONE', *, *, #3244, .T. ) ;
#11467 = DIRECTION ( 'NONE',  ( 0.000000000000000000, 0.000000000000000000, 1.000000000000000000 ) ) ;
#11468 = VECTOR ( 'NONE', #456, 1000.000000000000000 ) ;
#11469 = CARTESIAN_POINT ( 'NONE',  ( 15.00000000000000000, 0.000000000000000000, -10.00000000000000000 ) ) ;
#11470 = EDGE_CURVE ( 'NONE', #9354, #5032, #2425, .T. ) ;
#11471 = EDGE_LOOP ( 'NONE', ( #592, #3898 ) ) ;
#11472 = CARTESIAN_POINT ( 'NONE',  ( 0.000000000000000000, 224.9999999999999716, 0.000000000000000000 ) ) ;
#11473 = ADVANCED_FACE ( 'NONE', ( #5908 ), #4743, .T. ) ;
#11475 = ORIENTED_EDGE ( 'NONE', *, *, #9876, .F. ) ;
#11474 = LINE ( 'NONE', #10573, #4099 ) ;
#11476 = VECTOR ( 'NONE', #3543, 1000.000000000000000 ) ;
#11477 = CARTESIAN_POINT ( 'NONE',  ( -0.000000000000000000, 227.1292931739581888, -129.9495164012966768 ) ) ;
#11478 = DIRECTION ( 'NONE',  ( 0.000000000000000000, 1.000000000000000000, 1.267377881992188131E-16 ) ) ;
#11479 = EDGE_LOOP ( 'NONE', ( #7369, #556, #9564, #10075 ) ) ;
#11480 = FACE_BOUND ( 'NONE', #8896, .T. ) ;
#11481 = ORIENTED_EDGE ( 'NONE', *, *, #11228, .T. ) ;
#11482 = CARTESIAN_POINT ( 'NONE',  ( -0.002000000000000265454, 219.2540333075851322, -120.0000000000000000 ) ) ;
#11483 = DIRECTION ( 'NONE',  ( 0.000000000000000000, 0.000000000000000000, 1.000000000000000000 ) ) ;
#11484 = ORIENTED_EDGE ( 'NONE', *, *, #11156, .T. ) ;
#11485 = FACE_BOUND ( 'NONE', #10749, .T. ) ;
#11486 = VERTEX_POINT ( 'NONE', #1300 ) ;
#11487 = CARTESIAN_POINT ( 'NONE',  ( 24.00000000000000000, 0.000000000000000000, 0.000000000000000000 ) ) ;
#11488 = EDGE_CURVE ( 'NONE', #2462, #5598, #5118, .T. ) ;
#11489 = EDGE_LOOP ( 'NONE', ( #1055, #4653, #6292, #7253 ) ) ;
#11490 = EDGE_CURVE ( 'NONE', #5421, #3853, #360, .T. ) ;
#11491 = CARTESIAN_POINT ( 'NONE',  ( 12.99999999999999822, 154.4716895539514496, -75.45788136388650003 ) ) ;
#11492 = VECTOR ( 'NONE', #3186, 1000.000000000000000 ) ;
#11493 = DIRECTION ( 'NONE',  ( 1.000000000000000000, -0.000000000000000000, -0.000000000000000000 ) ) ;
#11494 = ADVANCED_FACE ( 'NONE', ( #9610 ), #408, .F. ) ;
#11495 = CARTESIAN_POINT ( 'NONE',  ( 56.31128874149275276, 62.73828822863980292, -55.47999999999998977 ) ) ;
#11496 = EDGE_LOOP ( 'NONE', ( #1874, #9898, #2389, #4697 ) ) ;
#11497 = VERTEX_POINT ( 'NONE', #2318 ) ;
#11498 = ORIENTED_EDGE ( 'NONE', *, *, #7698, .F. ) ;
#11499 = DIRECTION ( 'NONE',  ( 0.000000000000000000, 0.000000000000000000, -1.000000000000000000 ) ) ;
#11500 = ORIENTED_EDGE ( 'NONE', *, *, #8769, .T. ) ;
#11501 = ADVANCED_FACE ( 'NONE', ( #6984 ), #5167, .F. ) ;
#11502 = CIRCLE ( 'NONE', #9217, 0.8890000000000009006 ) ;
#11503 = PLANE ( 'NONE',  #766 ) ;
#11504 = ORIENTED_EDGE ( 'NONE', *, *, #891, .F. ) ;
#11505 = FACE_OUTER_BOUND ( 'NONE', #6315, .T. ) ;
#11506 = DIRECTION ( 'NONE',  ( 0.000000000000000000, 0.000000000000000000, 1.000000000000000000 ) ) ;
#11507 = VECTOR ( 'NONE', #11660, 1000.000000000000000 ) ;
#11508 = VERTEX_POINT ( 'NONE', #11347 ) ;
#11509 = DIRECTION ( 'NONE',  ( -1.000000000000000000, -0.000000000000000000, -0.000000000000000000 ) ) ;
#11510 = DIRECTION ( 'NONE',  ( -1.000000000000000000, 0.000000000000000000, 0.000000000000000000 ) ) ;
#11511 = CARTESIAN_POINT ( 'NONE',  ( 11.27662841389838810, 34.44588344004966984, -108.6725952114119593 ) ) ;
#11512 = CARTESIAN_POINT ( 'NONE',  ( 0.000000000000000000, 227.4485679373586891, -0.07102876826159729151 ) ) ;
#11513 = EDGE_CURVE ( 'NONE', #10091, #9684, #7819, .T. ) ;
#11514 = VERTEX_POINT ( 'NONE', #4152 ) ;
#11515 = CARTESIAN_POINT ( 'NONE',  ( 8.000000000000000000, 217.0000000000000284, -49.75000000000000000 ) ) ;
#11516 = ADVANCED_FACE ( 'NONE', ( #4265 ), #11462, .F. ) ;
#11517 = CARTESIAN_POINT ( 'NONE',  ( 14.86869354863678439, 203.4716895539514780, -17.45788136388648581 ) ) ;
#11518 = FACE_OUTER_BOUND ( 'NONE', #2115, .T. ) ;
#11519 = DIRECTION ( 'NONE',  ( 1.000000000000000000, -0.000000000000000000, -0.000000000000000000 ) ) ;
#11520 = CARTESIAN_POINT ( 'NONE',  ( 8.000000000000000000, 151.9999999999999716, -91.50000000000000000 ) ) ;
#11521 = ORIENTED_EDGE ( 'NONE', *, *, #8793, .T. ) ;
#11522 = AXIS2_PLACEMENT_3D ( 'NONE', #10898, #8258, #6238 ) ;
#11523 = CARTESIAN_POINT ( 'NONE',  ( 14.99999999999999822, 1.179535519997608750, -3.434818399699758995 ) ) ;
#11524 = ORIENTED_EDGE ( 'NONE', *, *, #2870, .T. ) ;
#11525 = CARTESIAN_POINT ( 'NONE',  ( 0.000000000000000000, 7.979415714894989776E-15, -91.50000000000001421 ) ) ;
#11526 = ORIENTED_EDGE ( 'NONE', *, *, #7040, .F. ) ;
#11527 = DIRECTION ( 'NONE',  ( 0.000000000000000000, 0.000000000000000000, 1.000000000000000000 ) ) ;
#11528 = ADVANCED_FACE ( 'NONE', ( #6022 ), #7701, .T. ) ;
#11529 = ORIENTED_EDGE ( 'NONE', *, *, #2730, .F. ) ;
#11530 = VECTOR ( 'NONE', #22, 1000.000000000000000 ) ;
#11532 = ORIENTED_EDGE ( 'NONE', *, *, #4213, .F. ) ;
#11531 = LINE ( 'NONE', #4958, #7577 ) ;
#11533 = VECTOR ( 'NONE', #364, 1000.000000000000000 ) ;
#11534 = CARTESIAN_POINT ( 'NONE',  ( -0.000000000000000000, 234.9658986701702190, -121.8523284357680865 ) ) ;
#11535 = CARTESIAN_POINT ( 'NONE',  ( 8.000000000000000000, 152.0000000000000000, -122.0000000000000000 ) ) ;
#11536 = DIRECTION ( 'NONE',  ( 0.000000000000000000, 0.000000000000000000, -1.000000000000000000 ) ) ;
#11537 = ORIENTED_EDGE ( 'NONE', *, *, #10089, .F. ) ;
#11538 = CARTESIAN_POINT ( 'NONE',  ( 8.000000000000000000, 8.000000000000000000, -122.0000000000000000 ) ) ;
#11539 = VERTEX_POINT ( 'NONE', #8770 ) ;
#11540 = DIRECTION ( 'NONE',  ( 0.000000000000000000, -1.000000000000000000, 0.000000000000000000 ) ) ;
#11541 = DIRECTION ( 'NONE',  ( -1.000000000000000000, -0.000000000000000000, -0.000000000000000000 ) ) ;
#11542 = ORIENTED_EDGE ( 'NONE', *, *, #11100, .T. ) ;
#11543 = EDGE_LOOP ( 'NONE', ( #6598, #4412 ) ) ;
#11544 = FACE_OUTER_BOUND ( 'NONE', #9494, .T. ) ;
#11545 = EDGE_CURVE ( 'NONE', #9880, #2570, #8572, .T. ) ;
#11546 = AXIS2_PLACEMENT_3D ( 'NONE', #3440, #5233, #9905 ) ;
#11547 = ORIENTED_EDGE ( 'NONE', *, *, #9478, .F. ) ;
#11548 = DIRECTION ( 'NONE',  ( -1.000000000000000000, 0.000000000000000000, 0.000000000000000000 ) ) ;
#11549 = LINE ( 'NONE', #2133, #885 ) ;
#11550 = CIRCLE ( 'NONE', #9638, 0.8890000000000009006 ) ;
#11551 = DIRECTION ( 'NONE',  ( 1.000000000000000000, -0.000000000000000000, -0.000000000000000000 ) ) ;
#11552 = EDGE_CURVE ( 'NONE', #2259, #3102, #6684, .T. ) ;
#11553 = CARTESIAN_POINT ( 'NONE',  ( 24.00000000000000000, 64.99922232721269211, -5.026440822904822525 ) ) ;
#11554 = CARTESIAN_POINT ( 'NONE',  ( 13.00000000000001066, 152.0000000000000000, -20.18446276741022061 ) ) ;
#11555 = VERTEX_POINT ( 'NONE', #1580 ) ;
#11556 = ORIENTED_EDGE ( 'NONE', *, *, #671, .T. ) ;
#11557 = ORIENTED_EDGE ( 'NONE', *, *, #684, .F. ) ;
#11558 = CARTESIAN_POINT ( 'NONE',  ( 15.75000000000000000, 0.7169191983608323993, -2.928932188134525827 ) ) ;
#11559 =( LENGTH_UNIT ( ) NAMED_UNIT ( * ) SI_UNIT ( .MILLI., .METRE. ) );
#11560 = EDGE_CURVE ( 'NONE', #1384, #5032, #9139, .T. ) ;
#11561 = ORIENTED_EDGE ( 'NONE', *, *, #9648, .T. ) ;
#11562 = AXIS2_PLACEMENT_3D ( 'NONE', #2822, #2763, #1984 ) ;
#11563 = CARTESIAN_POINT ( 'NONE',  ( 10.00000000000026645, 10.00000000000000000, -130.0000000000000000 ) ) ;
#11564 = VERTEX_POINT ( 'NONE', #9014 ) ;
#11565 = DIRECTION ( 'NONE',  ( -0.000000000000000000, 0.000000000000000000, 1.000000000000000000 ) ) ;
#11566 = EDGE_CURVE ( 'NONE', #6516, #6506, #8175, .T. ) ;
#11567 = FACE_OUTER_BOUND ( 'NONE', #3423, .T. ) ;
#11568 = VERTEX_POINT ( 'NONE', #3627 ) ;
#11569 = VECTOR ( 'NONE', #3876, 1000.000000000000000 ) ;
#11570 = CARTESIAN_POINT ( 'NONE',  ( 13.00000000000000888, 188.5000000000000000, -34.50000000000000000 ) ) ;
#11571 = DIRECTION ( 'NONE',  ( 0.000000000000000000, 1.000000000000000000, -0.000000000000000000 ) ) ;
#11572 = CARTESIAN_POINT ( 'NONE',  ( -0.7500000000000006661, 235.0000000000000000, -6.636038969321060854 ) ) ;
#11573 = LINE ( 'NONE', #9767, #7230 ) ;
#11574 = EDGE_LOOP ( 'NONE', ( #9272, #7963 ) ) ;
#11575 = AXIS2_PLACEMENT_3D ( 'NONE', #9842, #8958, #10872 ) ;
#11576 = VERTEX_POINT ( 'NONE', #11704 ) ;
#11577 = DIRECTION ( 'NONE',  ( 0.000000000000000000, -0.1537070062818697014, 0.9881164689548824764 ) ) ;
#11578 = EDGE_CURVE ( 'NONE', #10598, #10528, #7296, .T. ) ;
#11579 = VECTOR ( 'NONE', #8406, 1000.000000000000000 ) ;
#11580 = DIRECTION ( 'NONE',  ( 0.000000000000000000, 1.000000000000000000, 1.267377881992188131E-16 ) ) ;
#11581 = CYLINDRICAL_SURFACE ( 'NONE', #9200, 0.8890000000000009006 ) ;
#11582 = EDGE_CURVE ( 'NONE', #4804, #7464, #11762, .T. ) ;
#11583 = VECTOR ( 'NONE', #2939, 1000.000000000000000 ) ;
#11584 = CARTESIAN_POINT ( 'NONE',  ( 24.00000000000000000, 27.92168245887564737, 2.159205595552490919 ) ) ;
#11585 = EDGE_CURVE ( 'NONE', #132, #11159, #3213, .T. ) ;
#11586 = DIRECTION ( 'NONE',  ( 0.000000000000000000, 0.000000000000000000, -1.000000000000000000 ) ) ;
#11587 = ORIENTED_EDGE ( 'NONE', *, *, #767, .F. ) ;
#11588 = CARTESIAN_POINT ( 'NONE',  ( 15.00000000000000000, 0.04802230858021769994, -7.907703953254336504 ) ) ;
#11589 = ORIENTED_EDGE ( 'NONE', *, *, #5991, .T. ) ;
#11590 = CARTESIAN_POINT ( 'NONE',  ( 15.00000000000000000, 226.9999999999999716, -121.9999999999999716 ) ) ;
#11591 = ORIENTED_EDGE ( 'NONE', *, *, #4612, .T. ) ;
#11592 = DIRECTION ( 'NONE',  ( 0.000000000000000000, 0.000000000000000000, -1.000000000000000000 ) ) ;
#11593 = UNCERTAINTY_MEASURE_WITH_UNIT (LENGTH_MEASURE( 1.000000000000000082E-05 ), #7414, 'distance_accuracy_value', 'NONE');
#11594 = AXIS2_PLACEMENT_3D ( 'NONE', #4517, #10931, #5786 ) ;
#11595 = ORIENTED_EDGE ( 'NONE', *, *, #9568, .T. ) ;
#11596 = DIRECTION ( 'NONE',  ( -1.000000000000000000, 0.000000000000000000, 0.000000000000000000 ) ) ;
#11598 = ORIENTED_EDGE ( 'NONE', *, *, #6541, .F. ) ;
#11597 = LINE ( 'NONE', #7182, #2398 ) ;
#11599 = DIRECTION ( 'NONE',  ( 1.000000000000000000, -0.000000000000000000, -0.000000000000000000 ) ) ;
#11600 = CARTESIAN_POINT ( 'NONE',  ( -0.000000000000000000, 234.9535527894194900, -122.0680105058680311 ) ) ;
#11601 = EDGE_CURVE ( 'NONE', #8815, #1176, #5229, .T. ) ;
#11602 = FACE_OUTER_BOUND ( 'NONE', #6099, .T. ) ;
#11603 = DIRECTION ( 'NONE',  ( 1.000000000000000000, -0.000000000000000000, -0.000000000000000000 ) ) ;
#11604 = ORIENTED_EDGE ( 'NONE', *, *, #3317, .F. ) ;
#11605 = DIRECTION ( 'NONE',  ( 0.000000000000000000, 1.000000000000000000, 1.267377881992188131E-16 ) ) ;
#11606 = AXIS2_PLACEMENT_3D ( 'NONE', #55, #9083, #3504 ) ;
#11607 = ORIENTED_EDGE ( 'NONE', *, *, #6861, .F. ) ;
#11608 = CARTESIAN_POINT ( 'NONE',  ( 11.34510201693647069, 134.5764889479763724, -38.50000000000000711 ) ) ;
#11609 = DIRECTION ( 'NONE',  ( -1.000000000000000000, -0.000000000000000000, -0.000000000000000000 ) ) ;
#11610 = VERTEX_POINT ( 'NONE', #3562 ) ;
#11611 = LINE ( 'NONE', #9929, #11127 ) ;
#11612 = VERTEX_POINT ( 'NONE', #9078 ) ;
#11613 = CARTESIAN_POINT ( 'NONE',  ( 11.00000000000000533, 34.34519893143838232, -112.3942135623731104 ) ) ;
#11614 = EDGE_LOOP ( 'NONE', ( #2466, #800, #6135, #4285 ) ) ;
#11615 = AXIS2_PLACEMENT_3D ( 'NONE', #4488, #2709, #9049 ) ;
#11616 = VECTOR ( 'NONE', #6964, 1000.000000000000000 ) ;
#11617 = VECTOR ( 'NONE', #8969, 1000.000000000000000 ) ;
#11618 = DIRECTION ( 'NONE',  ( -0.9396926207859106484, 0.000000000000000000, 0.3420201433256624401 ) ) ;
#11619 = CARTESIAN_POINT ( 'NONE',  ( 16.00000000000000000, 73.10504876423827625, -23.37060740926764169 ) ) ;
#11620 = ADVANCED_FACE ( 'NONE', ( #5357 ), #9904, .T. ) ;
#11621 = LINE ( 'NONE', #2402, #2552 ) ;
#11622 = DIRECTION ( 'NONE',  ( 0.9396926207859098712, 0.3420201433256645496, 0.000000000000000000 ) ) ;
#11623 = FACE_OUTER_BOUND ( 'NONE', #2914, .T. ) ;
#11624 = ORIENTED_EDGE ( 'NONE', *, *, #5887, .T. ) ;
#11625 = ORIENTED_EDGE ( 'NONE', *, *, #91, .F. ) ;
#11626 = ORIENTED_EDGE ( 'NONE', *, *, #2467, .T. ) ;
#11627 = VECTOR ( 'NONE', #4203, 1000.000000000000000 ) ;
#11628 = CARTESIAN_POINT ( 'NONE',  ( 14.86869354863676307, 130.8480050152814158, -40.61255645757714916 ) ) ;
#11629 = DIRECTION ( 'NONE',  ( 0.000000000000000000, -0.07710059492488814670, -0.9970233188156776283 ) ) ;
#11630 = ORIENTED_EDGE ( 'NONE', *, *, #697, .F. ) ;
#11631 = ADVANCED_FACE ( 'NONE', ( #7169 ), #694, .F. ) ;
#11632 = CARTESIAN_POINT ( 'NONE',  ( 16.00000000000000000, 70.56130376984425823, -10.97620280864248343 ) ) ;
#11633 = ORIENTED_EDGE ( 'NONE', *, *, #11287, .F. ) ;
#11634 = ADVANCED_FACE ( 'NONE', ( #2549 ), #8956, .T. ) ;
#11635 = CARTESIAN_POINT ( 'NONE',  ( 11.06891820560793072, 59.05050570410911348, -119.3448104879956730 ) ) ;
#11636 = CARTESIAN_POINT ( 'NONE',  ( 8.000000000000000000, 156.0000000000000000, -122.0000000000000000 ) ) ;
#11637 = CARTESIAN_POINT ( 'NONE',  ( 14.99999999999999645, 227.1292931739609173, -0.05048359870410312061 ) ) ;
#11638 = FACE_BOUND ( 'NONE', #10791, .T. ) ;
#11639 = CARTESIAN_POINT ( 'NONE',  ( 16.00000000000000000, 102.9080050152813897, -37.61255645757714206 ) ) ;
#11640 = ORIENTED_EDGE ( 'NONE', *, *, #10792, .F. ) ;
#11641 = ORIENTED_EDGE ( 'NONE', *, *, #10429, .T. ) ;
#11642 = PLANE ( 'NONE',  #8680 ) ;
#11643 = EDGE_CURVE ( 'NONE', #2254, #3292, #10099, .T. ) ;
#11644 = ORIENTED_EDGE ( 'NONE', *, *, #9820, .T. ) ;
#11645 = CARTESIAN_POINT ( 'NONE',  ( 0.000000000000000000, 226.9999999999999716, -121.9999999999999716 ) ) ;
#11646 = CIRCLE ( 'NONE', #8216, 5.500000000000032863 ) ;
#11647 = DIRECTION ( 'NONE',  ( -1.000000000000000000, -0.000000000000000000, -0.000000000000000000 ) ) ;
#11648 = FACE_OUTER_BOUND ( 'NONE', #5535, .T. ) ;
#11649 = ADVANCED_FACE ( 'NONE', ( #9774 ), #8116, .T. ) ;
#11650 = EDGE_LOOP ( 'NONE', ( #9912, #6056, #11561, #11750 ) ) ;
#11651 = CARTESIAN_POINT ( 'NONE',  ( 16.00000000000000000, 30.73828822863979582, -55.48000000000000398 ) ) ;
#11652 = VERTEX_POINT ( 'NONE', #9962 ) ;
#11653 = DIRECTION ( 'NONE',  ( 0.000000000000000000, -1.000000000000000000, 0.000000000000000000 ) ) ;
#11654 = VERTEX_POINT ( 'NONE', #2489 ) ;
#11655 = DIRECTION ( 'NONE',  ( -1.000000000000000000, 0.000000000000000000, 0.000000000000000000 ) ) ;
#11656 = CIRCLE ( 'NONE', #2878, 8.000000000000007105 ) ;
#11657 = EDGE_CURVE ( 'NONE', #9928, #3187, #6077, .T. ) ;
#11659 = ORIENTED_EDGE ( 'NONE', *, *, #11700, .F. ) ;
#11658 = CARTESIAN_POINT ( 'NONE',  ( 10.24999999999523048, 228.3639610306789223, -130.0000000000000000 ) ) ;
#11660 = DIRECTION ( 'NONE',  ( -1.000000000000000000, 0.000000000000000000, 0.000000000000000000 ) ) ;
#11661 = CARTESIAN_POINT ( 'NONE',  ( 56.31128874149275276, 135.9280050152813999, -95.68255645757716366 ) ) ;
#11662 = CARTESIAN_POINT ( 'NONE',  ( 11.50692343685342856, 88.74562081922721291, -95.50000000000001421 ) ) ;
#11663 = CIRCLE ( 'NONE', #1158, 5.999999999999998224 ) ;
#11664 = DIRECTION ( 'NONE',  ( 0.000000000000000000, -0.1537070062818697014, 0.9881164689548824764 ) ) ;
#11665 = DIRECTION ( 'NONE',  ( 0.000000000000000000, -0.9881164689548823654, 0.1537070062818709781 ) ) ;
#11666 = EDGE_LOOP ( 'NONE', ( #10151, #3749, #973, #5340 ) ) ;
#11667 = CARTESIAN_POINT ( 'NONE',  ( -0.002000000000000265454, 117.5000000000000000, -8.000000000000015987 ) ) ;
#11668 = DIRECTION ( 'NONE',  ( 0.000000000000000000, 0.000000000000000000, -1.000000000000000000 ) ) ;
#11669 = VERTEX_POINT ( 'NONE', #8056 ) ;
#11670 = ORIENTED_EDGE ( 'NONE', *, *, #4190, .F. ) ;
#11671 = CARTESIAN_POINT ( 'NONE',  ( 6.999999999999999112, 117.5000000000000000, -10.75000000000001776 ) ) ;
#11672 = EDGE_CURVE ( 'NONE', #9436, #9115, #4330, .T. ) ;
#11673 = EDGE_CURVE ( 'NONE', #4229, #9337, #7630, .T. ) ;
#11674 = CARTESIAN_POINT ( 'NONE',  ( 16.00000000000000000, 154.4716895539514496, -72.45788136388648581 ) ) ;
#11675 = CARTESIAN_POINT ( 'NONE',  ( -0.002000000000000265454, 218.9999999999999716, -8.000000000000003553 ) ) ;
#11676 = PLANE ( 'NONE',  #11522 ) ;
#11677 = LINE ( 'NONE', #7202, #7434 ) ;
#11678 = CARTESIAN_POINT ( 'NONE',  ( 9.683672901654185594, 152.0000000000000000, -21.67846346531139190 ) ) ;
#11679 = VECTOR ( 'NONE', #1932, 1000.000000000000000 ) ;
#11680 = ORIENTED_EDGE ( 'NONE', *, *, #10672, .F. ) ;
#11681 = ORIENTED_EDGE ( 'NONE', *, *, #6566, .T. ) ;
#11682 = EDGE_LOOP ( 'NONE', ( #4144, #4238, #11449, #226 ) ) ;
#11683 = CARTESIAN_POINT ( 'NONE',  ( 10.24999999999523048, 0.000000000000000000, -8.318019484660537088 ) ) ;
#11684 = CARTESIAN_POINT ( 'NONE',  ( 13.00000000000000178, 226.9999999999999716, -38.49999999999999289 ) ) ;
#11685 = ORIENTED_EDGE ( 'NONE', *, *, #4190, .T. ) ;
#11686 = PLANE ( 'NONE',  #975 ) ;
#11687 = EDGE_CURVE ( 'NONE', #6568, #99, #758, .T. ) ;
#11688 = DIRECTION ( 'NONE',  ( 0.000000000000000000, 0.000000000000000000, -1.000000000000000000 ) ) ;
#11689 = PLANE ( 'NONE',  #1764 ) ;
#11690 = ORIENTED_EDGE ( 'NONE', *, *, #8429, .F. ) ;
#11691 = AXIS2_PLACEMENT_3D ( 'NONE', #11176, #6642, #1180 ) ;
#11692 = DIRECTION ( 'NONE',  ( 0.000000000000000000, 0.000000000000000000, 1.000000000000000000 ) ) ;
#11693 = DIRECTION ( 'NONE',  ( 0.000000000000000000, 0.000000000000000000, 1.000000000000000000 ) ) ;
#11694 = CARTESIAN_POINT ( 'NONE',  ( 15.00000000000000178, 227.2510667397301916, -0.05907901251380039825 ) ) ;
#11695 = DIRECTION ( 'NONE',  ( 0.000000000000000000, 0.000000000000000000, 1.000000000000000000 ) ) ;
#11696 = DIRECTION ( 'NONE',  ( 1.000000000000000000, -0.000000000000000000, -0.000000000000000000 ) ) ;
#11697 = VERTEX_POINT ( 'NONE', #8530 ) ;
#11698 = ORIENTED_EDGE ( 'NONE', *, *, #9043, .T. ) ;
#11699 = LINE ( 'NONE', #3493, #4479 ) ;
#11700 = EDGE_CURVE ( 'NONE', #11128, #1659, #3976, .T. ) ;
#11701 = ORIENTED_EDGE ( 'NONE', *, *, #5906, .T. ) ;
#11702 = CIRCLE ( 'NONE', #618, 8.000000000000007105 ) ;
#11703 = DIRECTION ( 'NONE',  ( -1.000000000000000000, -0.000000000000000000, -0.000000000000000000 ) ) ;
#11704 = CARTESIAN_POINT ( 'NONE',  ( 12.99999999999998934, 138.2956002692076538, -95.50000000000000000 ) ) ;
#11705 = DIRECTION ( 'NONE',  ( 0.000000000000000000, 0.000000000000000000, 1.000000000000000000 ) ) ;
#11706 = CARTESIAN_POINT ( 'NONE',  ( 12.99999999999998579, 102.9080050152813897, -40.61255645757714916 ) ) ;
#11707 = EDGE_CURVE ( 'NONE', #7389, #9405, #11224, .T. ) ;
#11708 = CARTESIAN_POINT ( 'NONE',  ( 14.86869354863667247, 36.23873799335598989, -122.0000000000000000 ) ) ;
#11709 = ORIENTED_EDGE ( 'NONE', *, *, #10628, .T. ) ;
#11710 = CARTESIAN_POINT ( 'NONE',  ( 16.00000000000000000, 135.9280050152813999, -91.79355645757715365 ) ) ;
#11711 = ORIENTED_EDGE ( 'NONE', *, *, #6786, .T. ) ;
#11712 = CARTESIAN_POINT ( 'NONE',  ( 15.00000000000000000, 8.000000000000000000, -5.250000000000031974 ) ) ;
#11713 = EDGE_CURVE ( 'NONE', #1594, #10718, #5508, .T. ) ;
#11714 = CARTESIAN_POINT ( 'NONE',  ( 0.000000000000000000, 156.0000000000000000, 0.000000000000000000 ) ) ;
#11716 = ORIENTED_EDGE ( 'NONE', *, *, #8932, .F. ) ;
#11715 = CARTESIAN_POINT ( 'NONE',  ( 26.20426493083491337, 53.99351502169094630, -118.7568459043808389 ) ) ;
#11717 = LINE ( 'NONE', #1596, #8834 ) ;
#11718 = CARTESIAN_POINT ( 'NONE',  ( 16.00000000000000000, 135.9280050152813999, -92.68255645757714944 ) ) ;
#11719 = AXIS2_PLACEMENT_3D ( 'NONE', #10187, #5646, #1211 ) ;
#11720 = CARTESIAN_POINT ( 'NONE',  ( 14.86869354863676307, 135.9280050152813999, -92.68255645757714944 ) ) ;
#11721 = AXIS2_PLACEMENT_3D ( 'NONE', #545, #8678, #9581 ) ;
#11722 = FACE_OUTER_BOUND ( 'NONE', #2131, .T. ) ;
#11723 = CARTESIAN_POINT ( 'NONE',  ( 16.00000000000000000, 62.73828822863980292, -55.47999999999998977 ) ) ;
#11724 = EDGE_CURVE ( 'NONE', #10543, #7691, #1882, .T. ) ;
#11725 = ORIENTED_EDGE ( 'NONE', *, *, #9018, .F. ) ;
#11726 = DIRECTION ( 'NONE',  ( 1.000000000000000000, -0.000000000000000000, -0.000000000000000000 ) ) ;
#11727 = PLANE ( 'NONE',  #8949 ) ;
#11728 = ORIENTED_EDGE ( 'NONE', *, *, #6922, .F. ) ;
#11729 = DIRECTION ( 'NONE',  ( 0.000000000000000000, 0.000000000000000000, 1.000000000000000000 ) ) ;
#11730 = VECTOR ( 'NONE', #4896, 1000.000000000000000 ) ;
#11731 = FACE_OUTER_BOUND ( 'NONE', #4273, .T. ) ;
#11732 = CARTESIAN_POINT ( 'NONE',  ( 0.000000000000000000, 117.5000000000000000, -122.0000000000000000 ) ) ;
#11733 = CARTESIAN_POINT ( 'NONE',  ( -0.002000000000000265454, 125.2459666924148394, -120.0000000000000142 ) ) ;
#11734 = DIRECTION ( 'NONE',  ( 1.217349807703022609E-16, 0.000000000000000000, 1.000000000000000000 ) ) ;
#11735 = EDGE_CURVE ( 'NONE', #3841, #6581, #2966, .T. ) ;
#11736 = EDGE_CURVE ( 'NONE', #8286, #9288, #3683, .T. ) ;
#11737 = VECTOR ( 'NONE', #464, 1000.000000000000000 ) ;
#11738 = VECTOR ( 'NONE', #11839, 1000.000000000000114 ) ;
#11739 = DIRECTION ( 'NONE',  ( 0.000000000000000000, 0.000000000000000000, 1.000000000000000000 ) ) ;
#11740 = CARTESIAN_POINT ( 'NONE',  ( 11.35422209636351631, 152.0000000000000284, -20.95643707479730011 ) ) ;
#11741 = ORIENTED_EDGE ( 'NONE', *, *, #11490, .T. ) ;
#11742 = ORIENTED_EDGE ( 'NONE', *, *, #10040, .T. ) ;
#11743 = CARTESIAN_POINT ( 'NONE',  ( 6.999999999999999112, 117.5000000000000000, -122.0000000000000000 ) ) ;
#11744 = FACE_OUTER_BOUND ( 'NONE', #11614, .T. ) ;
#11745 = ORIENTED_EDGE ( 'NONE', *, *, #9517, .F. ) ;
#11746 = CARTESIAN_POINT ( 'NONE',  ( 8.000000000000000000, 203.4716895539514780, -69.95788136388644318 ) ) ;
#11747 = LINE ( 'NONE', #3546, #964 ) ;
#11748 = CARTESIAN_POINT ( 'NONE',  ( 8.000000000000000000, 35.23828822863978161, -12.01360740926763704 ) ) ;
#11749 = AXIS2_PLACEMENT_3D ( 'NONE', #6690, #2901, #4925 ) ;
#11750 = ORIENTED_EDGE ( 'NONE', *, *, #3846, .F. ) ;
#11751 = CARTESIAN_POINT ( 'NONE',  ( 8.000000000000000000, 217.0000000000000284, -77.50000000000000000 ) ) ;
#11752 = EDGE_CURVE ( 'NONE', #6826, #5610, #10324, .T. ) ;
#11753 = CARTESIAN_POINT ( 'NONE',  ( 14.87634217800315994, 35.80361154891890862, -119.1846470130656712 ) ) ;
#11754 = DIRECTION ( 'NONE',  ( 0.000000000000000000, 0.000000000000000000, -1.000000000000000000 ) ) ;
#11755 = ORIENTED_EDGE ( 'NONE', *, *, #10555, .F. ) ;
#11756 = AXIS2_PLACEMENT_3D ( 'NONE', #9673, #7774, #5065 ) ;
#11757 = ORIENTED_EDGE ( 'NONE', *, *, #11490, .F. ) ;
#11758 = DIRECTION ( 'NONE',  ( 0.000000000000000000, 0.000000000000000000, 1.000000000000000000 ) ) ;
#11759 = EDGE_LOOP ( 'NONE', ( #5644, #6708, #7827, #2888 ) ) ;
#11760 = CARTESIAN_POINT ( 'NONE',  ( 14.86869354863667247, 57.72328822863980236, -118.5699999999999932 ) ) ;
#11761 = CIRCLE ( 'NONE', #9282, 8.000000000000007105 ) ;
#11762 = LINE ( 'NONE', #10024, #1474 ) ;
#11763 = CARTESIAN_POINT ( 'NONE',  ( 3.851859888774471706E-31, 226.9999999999999716, -121.9999999999999716 ) ) ;
#11764 = CARTESIAN_POINT ( 'NONE',  ( 8.000000000000000000, 0.000000000000000000, 0.000000000000000000 ) ) ;
#11765 = ORIENTED_EDGE ( 'NONE', *, *, #3195, .F. ) ;
#11766 = DIRECTION ( 'NONE',  ( -1.000000000000000000, 1.267377881992188377E-16, 1.638342670903701786E-32 ) ) ;
#11767 = ORIENTED_EDGE ( 'NONE', *, *, #7956, .T. ) ;
#11768 = DIRECTION ( 'NONE',  ( 0.000000000000000000, 0.000000000000000000, -1.000000000000000000 ) ) ;
#11769 = AXIS2_PLACEMENT_3D ( 'NONE', #2761, #6421, #5327 ) ;
#11770 = EDGE_CURVE ( 'NONE', #359, #4399, #4810, .T. ) ;
#11771 = CIRCLE ( 'NONE', #11575, 5.999999999999998224 ) ;
#11773 = VERTEX_POINT ( 'NONE', #1950 ) ;
#11772 = CARTESIAN_POINT ( 'NONE',  ( -0.7500000000000006661, 232.0710678118654755, -129.2830808016391870 ) ) ;
#11774 = CARTESIAN_POINT ( 'NONE',  ( 11.77419509428876232, 87.09332981377043836, -95.50000000000001421 ) ) ;
#11775 = DIRECTION ( 'NONE',  ( 0.000000000000000000, 1.000000000000000000, 1.267377881992188131E-16 ) ) ;
#11776 = CARTESIAN_POINT ( 'NONE',  ( 12.99999999999998579, 109.7540333075851748, -10.00000000000000178 ) ) ;
#11777 = ADVANCED_FACE ( 'NONE', ( #6628 ), #9373, .T. ) ;
#11778 = CARTESIAN_POINT ( 'NONE',  ( 0.000000000000000000, 46.50000000000000000, -63.00000000000001421 ) ) ;
#11779 = DIRECTION ( 'NONE',  ( 0.000000000000000000, 0.000000000000000000, 1.000000000000000000 ) ) ;
#11780 = ORIENTED_EDGE ( 'NONE', *, *, #5887, .F. ) ;
#11781 = CARTESIAN_POINT ( 'NONE',  ( 8.000000000000000000, 203.4716895539514780, -22.95788136388651779 ) ) ;
#11782 = CARTESIAN_POINT ( 'NONE',  ( 5.839999999999999858, 135.9280050152813999, -92.68255645757714944 ) ) ;
#11783 = VERTEX_POINT ( 'NONE', #5661 ) ;
#11784 = EDGE_LOOP ( 'NONE', ( #11757, #6107, #4026, #10515 ) ) ;
#11785 = DIRECTION ( 'NONE',  ( 0.000000000000000000, 0.000000000000000000, 1.000000000000000000 ) ) ;
#11786 = EDGE_CURVE ( 'NONE', #11697, #5971, #4871, .T. ) ;
#11787 = DIRECTION ( 'NONE',  ( 0.000000000000000000, 0.000000000000000000, 1.000000000000000000 ) ) ;
#11788 = AXIS2_PLACEMENT_3D ( 'NONE', #2635, #897, #7375 ) ;
#11789 = CARTESIAN_POINT ( 'NONE',  ( 0.000000000000000000, 10.00000000000000711, 0.000000000000000000 ) ) ;
#11790 = CARTESIAN_POINT ( 'NONE',  ( 15.00000000000000000, 226.9999999999999716, -8.000000000000001776 ) ) ;
#11791 = CARTESIAN_POINT ( 'NONE',  ( 0.000000000000000000, 8.000000000000000000, -8.000000000000028422 ) ) ;
#11792 = CARTESIAN_POINT ( 'NONE',  ( 0.000000000000000000, 10.00000000000000711, -34.50000000000001421 ) ) ;
#11793 = CARTESIAN_POINT ( 'NONE',  ( 14.86869354863667247, 57.72328822863980236, -118.5699999999999932 ) ) ;
#11794 = EDGE_CURVE ( 'NONE', #8241, #11555, #6860, .T. ) ;
#11795 = ORIENTED_EDGE ( 'NONE', *, *, #6325, .F. ) ;
#11796 = VERTEX_POINT ( 'NONE', #2906 ) ;
#11797 = ORIENTED_EDGE ( 'NONE', *, *, #9477, .F. ) ;
#11798 = CARTESIAN_POINT ( 'NONE',  ( 12.99999999999998224, 83.00000000000004263, -91.50000000000000000 ) ) ;
#11799 = FACE_OUTER_BOUND ( 'NONE', #6196, .T. ) ;
#11800 = ORIENTED_EDGE ( 'NONE', *, *, #8838, .T. ) ;
#11801 = CYLINDRICAL_SURFACE ( 'NONE', #4401, 0.8890000000000009006 ) ;
#11802 = AXIS2_PLACEMENT_3D ( 'NONE', #983, #6560, #9360 ) ;
#11803 = VECTOR ( 'NONE', #686, 999.9999999999998863 ) ;
#11804 = CIRCLE ( 'NONE', #10289, 8.000000000000005329 ) ;
#11805 = CARTESIAN_POINT ( 'NONE',  ( 8.000000000000000000, 17.99999999999998934, -49.75000000000002842 ) ) ;
#11806 = EDGE_CURVE ( 'NONE', #3254, #9123, #5721, .T. ) ;
#11807 = ORIENTED_EDGE ( 'NONE', *, *, #5864, .T. ) ;
#11808 = DIRECTION ( 'NONE',  ( 0.000000000000000000, 0.000000000000000000, 1.000000000000000000 ) ) ;
#11809 = VERTEX_POINT ( 'NONE', #3921 ) ;
#11810 = CARTESIAN_POINT ( 'NONE',  ( 8.000000000000000000, 7.999999999999992895, -91.50000000000001421 ) ) ;
#11811 = B_SPLINE_CURVE_WITH_KNOTS ( 'NONE', 3,
 ( #10122, #7456, #1929, #5455 ),
 .UNSPECIFIED., .F., .F.,
 ( 4, 4 ),
 ( 0.000000000000000000, 1.000000000000000000 ),
 .UNSPECIFIED. ) ;
#11812 = AXIS2_PLACEMENT_3D ( 'NONE', #8925, #8740, #1493 ) ;
#11813 = DIRECTION ( 'NONE',  ( 0.000000000000000000, 1.000000000000000000, 1.267377881992188131E-16 ) ) ;
#11814 = AXIS2_PLACEMENT_3D ( 'NONE', #11423, #537, #11605 ) ;
#11815 = VECTOR ( 'NONE', #6714, 1000.000000000000000 ) ;
#11816 = DIRECTION ( 'NONE',  ( 0.000000000000000000, 1.000000000000000000, 0.000000000000000000 ) ) ;
#11817 = ORIENTED_EDGE ( 'NONE', *, *, #11157, .F. ) ;
#11818 = FACE_OUTER_BOUND ( 'NONE', #5818, .T. ) ;
#11819 = CARTESIAN_POINT ( 'NONE',  ( 0.000000000000000000, 217.0000000000000284, -52.50000000000000711 ) ) ;
#11820 = ORIENTED_EDGE ( 'NONE', *, *, #2080, .F. ) ;
#11821 = ORIENTED_EDGE ( 'NONE', *, *, #4008, .T. ) ;
#11822 = CARTESIAN_POINT ( 'NONE',  ( 12.99999999999999822, 156.0000000000000000, -72.11008170117470684 ) ) ;
#11823 = CIRCLE ( 'NONE', #2837, 1.142999999999991356 ) ;
#11824 = EDGE_CURVE ( 'NONE', #7677, #4678, #9432, .T. ) ;
#11825 = AXIS2_PLACEMENT_3D ( 'NONE', #10826, #7587, #230 ) ;
#11826 = AXIS2_PLACEMENT_3D ( 'NONE', #9718, #8656, #631 ) ;
#11827 = EDGE_CURVE ( 'NONE', #6963, #4189, #1054, .T. ) ;
#11828 = ORIENTED_EDGE ( 'NONE', *, *, #10553, .F. ) ;
#11829 = DIRECTION ( 'NONE',  ( 0.000000000000000000, 0.000000000000000000, 1.000000000000000000 ) ) ;
#11830 = CARTESIAN_POINT ( 'NONE',  ( 13.00000000000001421, 115.4999999999999858, -8.000000000000001776 ) ) ;
#11831 = DIRECTION ( 'NONE',  ( -0.9396926207859105373, 4.188538737676915344E-17, -0.3420201433256624957 ) ) ;
#11832 = ORIENTED_EDGE ( 'NONE', *, *, #1757, .T. ) ;
#11833 = FACE_OUTER_BOUND ( 'NONE', #4642, .T. ) ;
#11834 = LINE ( 'NONE', #2617, #7555 ) ;
#11835 = CARTESIAN_POINT ( 'NONE',  ( 13.00000000000001243, 58.23828822863978161, -13.83345858059862721 ) ) ;
#11836 = ORIENTED_EDGE ( 'NONE', *, *, #10300, .F. ) ;
#11837 = CARTESIAN_POINT ( 'NONE',  ( 12.99999999999997513, 15.74596669241490332, -120.0000000000000284 ) ) ;
#11838 = ORIENTED_EDGE ( 'NONE', *, *, #9812, .F. ) ;
#11839 = DIRECTION ( 'NONE',  ( 0.9396926207859100932, 0.3420201433256641055, 0.000000000000000000 ) ) ;
#11840 = CARTESIAN_POINT ( 'NONE',  ( 15.75000000000000000, 0.000000000000000000, -120.0000000000000142 ) ) ;
ENDSEC;
END-ISO-10303-21;
