ISO-10303-21;
HEADER;
FILE_DESCRIPTION (( 'STEP AP214' ),
    '1' );
FILE_NAME ('Motor bracket.STEP',
    '2026-05-30T22:09:53',
    ( '' ),
    ( '' ),
    'SwSTEP 2.0',
    'SolidWorks 2025',
    '' );
FILE_SCHEMA (( 'AUTOMOTIVE_DESIGN' ));
ENDSEC;

DATA;
#1 = ORIENTED_EDGE ( 'NONE', *, *, #512, .T. ) ;
#2 = DIRECTION ( 'NONE',  ( 0.000000000000000000, 0.000000000000000000, -1.000000000000000000 ) ) ;
#3 = ORIENTED_EDGE ( 'NONE', *, *, #1971, .F. ) ;
#4 = CARTESIAN_POINT ( 'NONE',  ( 25.00000000000000000, -4.567655651437481978, 9.999999999999996447 ) ) ;
#5 = CARTESIAN_POINT ( 'NONE',  ( -9.959397220407284479, 1.605690266744321359, 11.60088873469925730 ) ) ;
#6 = DIRECTION ( 'NONE',  ( -0.000000000000000000, -0.000000000000000000, 1.000000000000000000 ) ) ;
#7 = DIRECTION ( 'NONE',  ( -0.000000000000000000, -1.000000000000000000, -0.000000000000000000 ) ) ;
#8 = EDGE_CURVE ( 'NONE', #717, #1374, #2021, .T. ) ;
#9 = CARTESIAN_POINT ( 'NONE',  ( -7.250000000000001776, -7.500000000000001776, 9.000000000000001776 ) ) ;
#10 = CARTESIAN_POINT ( 'NONE',  ( -10.62290440040644413, -2.595342505659629762, 10.12078161587580993 ) ) ;
#11 = CARTESIAN_POINT ( 'NONE',  ( 24.96323030222453099, -11.14831181680633776, -0.000000000000000000 ) ) ;
#12 = CARTESIAN_POINT ( 'NONE',  ( 7.645878040263102804, -5.499999999999995559, 10.00000000000000000 ) ) ;
#13 = EDGE_CURVE ( 'NONE', #2577, #2798, #1302, .T. ) ;
#14 = ORIENTED_EDGE ( 'NONE', *, *, #2009, .T. ) ;
#15 = CARTESIAN_POINT ( 'NONE',  ( 24.56984848098349516, 15.74264068711928388, 18.31574345988526531 ) ) ;
#16 = CARTESIAN_POINT ( 'NONE',  ( 19.90274797230054205, -5.499999999999998224, 10.00000000000000000 ) ) ;
#17 = ORIENTED_EDGE ( 'NONE', *, *, #1644, .T. ) ;
#18 = CARTESIAN_POINT ( 'NONE',  ( 24.98129492320729739, -3.342995692102506577, 10.05238521053202660 ) ) ;
#19 = CARTESIAN_POINT ( 'NONE',  ( -10.48127525827754170, 1.670691441675003386, 11.64880945308997440 ) ) ;
#20 = VERTEX_POINT ( 'NONE', #1792 ) ;
#21 = CYLINDRICAL_SURFACE ( 'NONE', #1455, 2.649999999999999467 ) ;
#22 = CARTESIAN_POINT ( 'NONE',  ( 21.43681960915023410, 17.31270112373460890, -0.000000000000000000 ) ) ;
#23 = AXIS2_PLACEMENT_3D ( 'NONE', #688, #1612, #2794 ) ;
#24 = VECTOR ( 'NONE', #2866, 1000.000000000000000 ) ;
#25 = DIRECTION ( 'NONE',  ( 0.000000000000000000, 0.000000000000000000, -1.000000000000000000 ) ) ;
#26 = CARTESIAN_POINT ( 'NONE',  ( -14.02726693941859892, -2.477057035225141313, 10.13629565570612456 ) ) ;
#27 = CARTESIAN_POINT ( 'NONE',  ( -22.16126510039816822, 4.454708609096453387, 17.95012642868070429 ) ) ;
#28 = CARTESIAN_POINT ( 'NONE',  ( 9.164392362189664354, -3.415413414051388763, 10.04520352523487148 ) ) ;
#29 = VECTOR ( 'NONE', #1130, 1000.000000000000000 ) ;
#30 = CIRCLE ( 'NONE', #291, 1.699999999999993072 ) ;
#31 = EDGE_CURVE ( 'NONE', #816, #2707, #2622, .T. ) ;
#32 = CARTESIAN_POINT ( 'NONE',  ( -14.04721207962316498, 4.500000000000002665, 20.00000000000000000 ) ) ;
#33 = CIRCLE ( 'NONE', #1760, 2.650000000000001243 ) ;
#34 = ORIENTED_EDGE ( 'NONE', *, *, #1858, .T. ) ;
#35 = CARTESIAN_POINT ( 'NONE',  ( -1.365156379121047481, 7.727491431788147125, 43.45023383628613800 ) ) ;
#36 = CIRCLE ( 'NONE', #1855, 3.500000000000003109 ) ;
#37 = CARTESIAN_POINT ( 'NONE',  ( 24.99379728023453850, -3.849964211646193402, 10.01737126152357327 ) ) ;
#38 = CARTESIAN_POINT ( 'NONE',  ( 25.00000000000000000, -9.500000000000001776, 10.50000000000000000 ) ) ;
#39 = ORIENTED_EDGE ( 'NONE', *, *, #2984, .F. ) ;
#40 = CARTESIAN_POINT ( 'NONE',  ( -20.06602029980065893, -17.29151111969115462, 10.00000000000000000 ) ) ;
#41 = CARTESIAN_POINT ( 'NONE',  ( 24.97041118191287268, 12.76709463842845516, -0.000000000000000000 ) ) ;
#42 = CARTESIAN_POINT ( 'NONE',  ( -24.96158215313581863, -11.17383650504385884, 0.000000000000000000 ) ) ;
#43 = CARTESIAN_POINT ( 'NONE',  ( 9.899494936611663576, 4.600000000000001421, 15.10050506338833998 ) ) ;
#44 = CARTESIAN_POINT ( 'NONE',  ( -25.00000000000000355, 11.50000000000000355, 10.00000000000000000 ) ) ;
#45 = CARTESIAN_POINT ( 'NONE',  ( 24.96275297342342014, -11.15581159539118516, 0.000000000000000000 ) ) ;
#46 = CARTESIAN_POINT ( 'NONE',  ( -10.35615758860398650, 4.500000000000003553, 19.99999999999998934 ) ) ;
#47 = CARTESIAN_POINT ( 'NONE',  ( 24.38238383107439589, 15.20614336679828860, 11.72968832984183507 ) ) ;
#48 = CARTESIAN_POINT ( 'NONE',  ( -6.417730612374794141, 4.550000000000001599, 15.45732040844986521 ) ) ;
#49 = B_SPLINE_CURVE_WITH_KNOTS ( 'NONE', 3,
 ( #2546, #452, #1611, #189 ),
 .UNSPECIFIED., .F., .F.,
 ( 4, 4 ),
 ( 0.9836343817992103666, 1.000000000000000000 ),
 .UNSPECIFIED. ) ;
#50 = ADVANCED_FACE ( 'NONE', ( #2263 ), #890, .F. ) ;
#51 = ORIENTED_EDGE ( 'NONE', *, *, #1090, .F. ) ;
#52 = LINE ( 'NONE', #2344, #2625 ) ;
#53 = CARTESIAN_POINT ( 'NONE',  ( 9.166666666666667851, -3.818019484660533536, 10.00000000000000000 ) ) ;
#54 = EDGE_CURVE ( 'NONE', #1963, #1598, #1593, .T. ) ;
#55 = VERTEX_POINT ( 'NONE', #2539 ) ;
#56 = CARTESIAN_POINT ( 'NONE',  ( -18.80086673387979701, -17.45273504251816377, 10.00000000000000000 ) ) ;
#57 = CARTESIAN_POINT ( 'NONE',  ( 7.249999999999999112, -7.500000000000000888, 10.00000000000000000 ) ) ;
#58 = CARTESIAN_POINT ( 'NONE',  ( -24.96054868209439803, -11.18945616260126386, -0.000000000000000000 ) ) ;
#59 = CARTESIAN_POINT ( 'NONE',  ( -9.899494936611667129, 4.600000000000001421, 34.89949493661166713 ) ) ;
#60 = CARTESIAN_POINT ( 'NONE',  ( -12.98743836548582564, -2.266296892763243420, 10.16450942456512507 ) ) ;
#61 = CARTESIAN_POINT ( 'NONE',  ( -21.42932106166151840, 4.500000000000002665, 20.00000000000000355 ) ) ;
#62 = PLANE ( 'NONE',  #1806 ) ;
#63 = CARTESIAN_POINT ( 'NONE',  ( 23.24264068711927678, 17.06984848098350227, 28.14370336508476456 ) ) ;
#64 = CARTESIAN_POINT ( 'NONE',  ( -1.323733570148938554, 3.333103879404248460, 13.57289789064071606 ) ) ;
#65 = CARTESIAN_POINT ( 'NONE',  ( -2.548626016902666880, -5.499999999999998224, 10.00000000000000000 ) ) ;
#66 = ORIENTED_EDGE ( 'NONE', *, *, #2401, .T. ) ;
#67 = B_SPLINE_CURVE_WITH_KNOTS ( 'NONE', 3,
 ( #783, #2692, #2230, #1715 ),
 .UNSPECIFIED., .F., .F.,
 ( 4, 4 ),
 ( 0.000000000000000000, 1.000000000000000000 ),
 .UNSPECIFIED. ) ;
#68 = CARTESIAN_POINT ( 'NONE',  ( -11.72835575696554855, 4.462716590586948584, 18.08472835243892263 ) ) ;
#69 = CARTESIAN_POINT ( 'NONE',  ( -11.43773831037050037, 4.471120460891529369, 18.24618418318078028 ) ) ;
#70 = CARTESIAN_POINT ( 'NONE',  ( 20.28823441113859261, -17.24171583967976318, 9.999999999999996447 ) ) ;
#71 = ORIENTED_EDGE ( 'NONE', *, *, #2412, .F. ) ;
#72 = CARTESIAN_POINT ( 'NONE',  ( -17.42263900974150559, 17.50000000000000000, 31.22106501623584407 ) ) ;
#73 = ORIENTED_EDGE ( 'NONE', *, *, #753, .T. ) ;
#74 = CARTESIAN_POINT ( 'NONE',  ( 24.95701862109391911, 12.94722095435579945, -0.000000000000000000 ) ) ;
#75 = EDGE_CURVE ( 'NONE', #2694, #2912, #2249, .T. ) ;
#76 = CARTESIAN_POINT ( 'NONE',  ( -1.689661181245907695, 7.584983917870350645, 36.37895737653924755 ) ) ;
#77 = CYLINDRICAL_SURFACE ( 'NONE', #1395, 5.250000000000000000 ) ;
#78 = CARTESIAN_POINT ( 'NONE',  ( 24.76202757288279344, -12.69403798166780462, -0.000000000000000000 ) ) ;
#79 = DIRECTION ( 'NONE',  ( 0.9417642707968382210, -0.000000000000000000, 0.3362737846613971793 ) ) ;
#80 = B_SPLINE_CURVE_WITH_KNOTS ( 'NONE', 3,
 ( #464, #2851, #256, #2373 ),
 .UNSPECIFIED., .F., .F.,
 ( 4, 4 ),
 ( 0.000000000000000000, 1.000000000000000000 ),
 .UNSPECIFIED. ) ;
#81 = CARTESIAN_POINT ( 'NONE',  ( 24.98862808051647733, 12.42754889467856394, 10.03184805937443791 ) ) ;
#82 = CARTESIAN_POINT ( 'NONE',  ( -3.260393425532601697, 5.772727272727278702, 43.21043202976644437 ) ) ;
#83 = AXIS2_PLACEMENT_3D ( 'NONE', #209, #2105, #2 ) ;
#84 = ORIENTED_EDGE ( 'NONE', *, *, #1555, .F. ) ;
#85 = CYLINDRICAL_SURFACE ( 'NONE', #1948, 3.500000000000003109 ) ;
#86 = AXIS2_PLACEMENT_3D ( 'NONE', #2589, #495, #755 ) ;
#87 = FACE_OUTER_BOUND ( 'NONE', #591, .T. ) ;
#88 = ORIENTED_EDGE ( 'NONE', *, *, #2006, .T. ) ;
#89 = CARTESIAN_POINT ( 'NONE',  ( -5.123475382979801651, 4.500000000000002665, 42.77638883463117736 ) ) ;
#90 = AXIS2_PLACEMENT_3D ( 'NONE', #815, #326, #1023 ) ;
#91 = ORIENTED_EDGE ( 'NONE', *, *, #1396, .T. ) ;
#92 = DIRECTION ( 'NONE',  ( -0.000000000000000000, -0.000000000000000000, 1.000000000000000000 ) ) ;
#93 = EDGE_CURVE ( 'NONE', #194, #2788, #577, .T. ) ;
#94 = DIRECTION ( 'NONE',  ( 0.000000000000000000, 0.000000000000000000, -1.000000000000000000 ) ) ;
#95 = CARTESIAN_POINT ( 'NONE',  ( -21.51917060109848734, 17.30686894127696362, 19.74836847280709407 ) ) ;
#96 = CARTESIAN_POINT ( 'NONE',  ( 3.337137406711481624, 5.576129323546326511, 36.00544948425314118 ) ) ;
#97 = EDGE_CURVE ( 'NONE', #2523, #2723, #1629, .T. ) ;
#98 = DIRECTION ( 'NONE',  ( 1.000000000000000000, 9.912705577010325549E-17, -0.000000000000000000 ) ) ;
#99 = CARTESIAN_POINT ( 'NONE',  ( 20.74309113938370430, 17.42688385134633933, 21.92184717284363060 ) ) ;
#100 = CARTESIAN_POINT ( 'NONE',  ( -25.00000000000000000, 13.51837661840735727, 28.14370336508475390 ) ) ;
#101 = EDGE_LOOP ( 'NONE', ( #207, #133 ) ) ;
#102 = CARTESIAN_POINT ( 'NONE',  ( -9.899494936611667129, 4.500000000000002665, 34.89949493661166713 ) ) ;
#103 = DIRECTION ( 'NONE',  ( -0.000000000000000000, -0.000000000000000000, 1.000000000000000000 ) ) ;
#104 = ORIENTED_EDGE ( 'NONE', *, *, #2112, .T. ) ;
#105 = DIRECTION ( 'NONE',  ( 1.000000000000000000, 0.000000000000000000, 0.000000000000000000 ) ) ;
#106 = VERTEX_POINT ( 'NONE', #320 ) ;
#107 = DIRECTION ( 'NONE',  ( 0.000000000000000000, 0.000000000000000000, -1.000000000000000000 ) ) ;
#108 = CARTESIAN_POINT ( 'NONE',  ( -17.35412195973690075, -5.499999999999997335, 10.00000000000000000 ) ) ;
#109 = CARTESIAN_POINT ( 'NONE',  ( -2.513859825965446326, 6.941450572873194780, 36.22262785091655957 ) ) ;
#110 = CARTESIAN_POINT ( 'NONE',  ( 0.8689859736685802138, 7.894880557705917568, 43.48033129814555053 ) ) ;
#111 = CARTESIAN_POINT ( 'NONE',  ( -24.11770737106708751, 15.65182514012251858, 12.47093800414179476 ) ) ;
#112 = CARTESIAN_POINT ( 'NONE',  ( -9.899494343373550720, 1.605191401992901445, 11.60052859285309879 ) ) ;
#113 = ADVANCED_FACE ( 'NONE', ( #1854 ), #547, .F. ) ;
#114 = CARTESIAN_POINT ( 'NONE',  ( -15.15000000000000036, -7.500000000000001776, 0.000000000000000000 ) ) ;
#115 = CARTESIAN_POINT ( 'NONE',  ( -3.469446951953614189E-15, -17.50000000000000000, 25.00000000000000000 ) ) ;
#116 = EDGE_CURVE ( 'NONE', #1990, #3027, #1998, .T. ) ;
#117 = DIRECTION ( 'NONE',  ( 0.000000000000000000, 0.000000000000000000, -1.000000000000000000 ) ) ;
#118 = VERTEX_POINT ( 'NONE', #2703 ) ;
#119 = CARTESIAN_POINT ( 'NONE',  ( 9.899494936611660023, 4.500000000000002665, 33.19949493661166429 ) ) ;
#120 = CARTESIAN_POINT ( 'NONE',  ( 24.98726040311239771, -10.78115891241996849, 10.00000000000000000 ) ) ;
#121 = ORIENTED_EDGE ( 'NONE', *, *, #2171, .F. ) ;
#122 = DIRECTION ( 'NONE',  ( 0.000000000000000000, 1.000000000000000000, 0.000000000000000000 ) ) ;
#123 = ORIENTED_EDGE ( 'NONE', *, *, #923, .T. ) ;
#124 = CARTESIAN_POINT ( 'NONE',  ( -9.783191459581679794, 4.484963071303980975, 18.60050506035803508 ) ) ;
#125 = PRODUCT_DEFINITION_SHAPE ( 'NONE', 'NONE',  #2828 ) ;
#126 = CARTESIAN_POINT ( 'NONE',  ( 9.869972183913571229, 1.605157353236315920, 11.60050502496125979 ) ) ;
#127 = DIRECTION ( 'NONE',  ( 0.000000000000000000, 0.000000000000000000, -1.000000000000000000 ) ) ;
#128 = CARTESIAN_POINT ( 'NONE',  ( -22.43141390903736365, 17.00428313320231055, 17.19355096136942862 ) ) ;
#129 = CARTESIAN_POINT ( 'NONE',  ( -9.850000000000004974, -7.500000000000001776, 0.000000000000000000 ) ) ;
#130 = LINE ( 'NONE', #335, #1310 ) ;
#131 = CARTESIAN_POINT ( 'NONE',  ( 18.99999999999999289, 17.50000000000000000, 26.80352701436645191 ) ) ;
#132 = CARTESIAN_POINT ( 'NONE',  ( -12.87522373529501074, 3.145069325666312032, 13.25793865050858855 ) ) ;
#133 = ORIENTED_EDGE ( 'NONE', *, *, #2288, .T. ) ;
#134 = AXIS2_PLACEMENT_3D ( 'NONE', #1254, #1770, #127 ) ;
#135 = EDGE_CURVE ( 'NONE', #1647, #470, #1064, .T. ) ;
#136 = CARTESIAN_POINT ( 'NONE',  ( -10.44355381464216137, 4.484166546021207012, 18.56680421298997175 ) ) ;
#137 = CARTESIAN_POINT ( 'NONE',  ( 27.50000000000000355, 4.500000000000002665, 18.31801948466053531 ) ) ;
#138 = AXIS2_PLACEMENT_3D ( 'NONE', #389, #165, #1097 ) ;
#139 = VERTEX_POINT ( 'NONE', #2476 ) ;
#140 = ORIENTED_EDGE ( 'NONE', *, *, #811, .T. ) ;
#141 = CIRCLE ( 'NONE', #437, 1.700000000000000178 ) ;
#142 = AXIS2_PLACEMENT_3D ( 'NONE', #1870, #1161, #1119 ) ;
#143 = CARTESIAN_POINT ( 'NONE',  ( -3.469446951953614189E-15, 17.50000000000000000, 25.00000000000000000 ) ) ;
#144 = CARTESIAN_POINT ( 'NONE',  ( 2.945809415713682711, 6.398091361819777667, 43.26417322763177964 ) ) ;
#145 = CARTESIAN_POINT ( 'NONE',  ( -22.45680520154214577, 16.99347469883351991, 17.12244041644714798 ) ) ;
#146 = CARTESIAN_POINT ( 'NONE',  ( -8.220641265746287729, 2.128909909118744448, 12.02941885773154951 ) ) ;
#147 = CARTESIAN_POINT ( 'NONE',  ( 9.899494936611663576, 4.600000000000001421, 15.10050506338833998 ) ) ;
#148 = CYLINDRICAL_SURFACE ( 'NONE', #2481, 11.50000000000000355 ) ;
#149 = ORIENTED_EDGE ( 'NONE', *, *, #2270, .T. ) ;
#150 = CARTESIAN_POINT ( 'NONE',  ( 6.417730612374791477, 4.500000000000003553, 34.54267959155013301 ) ) ;
#151 = PRODUCT_RELATED_PRODUCT_CATEGORY ( 'part', '', ( #2965 ) ) ;
#152 = ORIENTED_EDGE ( 'NONE', *, *, #1551, .T. ) ;
#153 = ORIENTED_EDGE ( 'NONE', *, *, #2026, .F. ) ;
#154 = CARTESIAN_POINT ( 'NONE',  ( -25.00000000000000355, 17.50000000000000000, 10.00000000000000000 ) ) ;
#155 = EDGE_CURVE ( 'NONE', #1084, #663, #384, .T. ) ;
#156 = B_SPLINE_CURVE_WITH_KNOTS ( 'NONE', 3,
 ( #2082, #1564, #2517, #2271, #1322, #160, #924, #2070, #909, #2303, #173, #655, #670, #2503, #1336, #2776, #685, #1091, #880, #202, #2027, #626, #1546, #1135, #1104, #2489, #2961, #2039, #2978, #2745, #186, #425, #1122, #1348, #2286, #2994, #896, #2759, #1624, #58, #2391, #42, #2791, #1884, #1433 ),
 .UNSPECIFIED., .F., .F.,
 ( 4, 1, 1, 1, 1, 1, 1, 2, 2, 1, 1, 1, 1, 1, 2, 2, 2, 1, 1, 1, 1, 1, 1, 2, 2, 1, 1, 1, 1, 1, 1, 2, 2, 4 ),
 ( 0.000000000000000000, 0.06250000000000224820, 0.09375000000000337230, 0.1093750000000034833, 0.1171875000000030531, 0.1210937500000033584, 0.1230468750000034833, 0.1240234375000034972, 0.1250000000000035250, 0.1874999999999960865, 0.2187499999999927280, 0.2343749999999914235, 0.2421874999999906741, 0.2460937499999902855, 0.2480468749999899802, 0.2499999999999897304, 0.4999999999999980016, 0.6250000000000026645, 0.6875000000000051070, 0.7187500000000063283, 0.7343750000000066613, 0.7421875000000069944, 0.7460937500000072164, 0.7480468750000069944, 0.7500000000000068834, 0.8125000000000045519, 0.8437500000000036637, 0.8593750000000033307, 0.8671875000000032196, 0.8710937500000033307, 0.8730468750000034417, 0.8740234375000034417, 0.8750000000000034417, 1.000000000000000000 ),
 .UNSPECIFIED. ) ;
#157 = CARTESIAN_POINT ( 'NONE',  ( 9.056909480231794873, 1.742129656571551832, 11.70326972046263236 ) ) ;
#158 = PLANE ( 'NONE',  #477 ) ;
#159 = CARTESIAN_POINT ( 'NONE',  ( -22.40394367951947530, 17.01580952573327465, 17.27048375200189056 ) ) ;
#160 = CARTESIAN_POINT ( 'NONE',  ( -18.57342869667206742, -17.46775652039751137, -0.000000000000000000 ) ) ;
#161 = CARTESIAN_POINT ( 'NONE',  ( -11.35981603015773622, 2.006070664191582864, 11.91955550553568699 ) ) ;
#162 = FILL_AREA_STYLE_COLOUR ( '', #1653 ) ;
#163 = CARTESIAN_POINT ( 'NONE',  ( 9.899494936611663576, 4.600000000000001421, 18.60050506338833998 ) ) ;
#164 = VERTEX_POINT ( 'NONE', #2244 ) ;
#165 = DIRECTION ( 'NONE',  ( 0.000000000000000000, 1.000000000000000000, 0.000000000000000000 ) ) ;
#166 = ORIENTED_EDGE ( 'NONE', *, *, #54, .F. ) ;
#167 = ORIENTED_EDGE ( 'NONE', *, *, #2598, .F. ) ;
#168 = CARTESIAN_POINT ( 'NONE',  ( 24.97213459186649942, -3.013930177784451381, 10.07803952305624406 ) ) ;
#169 = CARTESIAN_POINT ( 'NONE',  ( 7.698766061128855753, 2.477012546371715196, 12.37464969952991112 ) ) ;
#170 = CARTESIAN_POINT ( 'NONE',  ( -24.80733600496615665, -0.4636652125710625238, 10.53957244087447975 ) ) ;
#171 = ADVANCED_FACE ( 'NONE', ( #2446 ), #148, .F. ) ;
#172 = CARTESIAN_POINT ( 'NONE',  ( -24.78164490597621850, 14.07381585939117485, 10.61152262019220949 ) ) ;
#173 = CARTESIAN_POINT ( 'NONE',  ( -18.65581159539133438, -17.46275297342340238, 0.000000000000000000 ) ) ;
#174 = CARTESIAN_POINT ( 'NONE',  ( 17.00000000000000000, -17.50000000000000000, 10.00000000000000000 ) ) ;
#175 = FACE_OUTER_BOUND ( 'NONE', #405, .T. ) ;
#176 = CARTESIAN_POINT ( 'NONE',  ( -24.22635956278532987, 15.63533447088056150, -0.000000000000000000 ) ) ;
#177 = CARTESIAN_POINT ( 'NONE',  ( 10.90166147126556417, -2.498675450702056100, 10.13355238840700068 ) ) ;
#178 = VERTEX_POINT ( 'NONE', #163 ) ;
#179 = DIRECTION ( 'NONE',  ( 0.000000000000000000, 0.000000000000000000, -1.000000000000000000 ) ) ;
#180 = ORIENTED_EDGE ( 'NONE', *, *, #2659, .F. ) ;
#181 = EDGE_LOOP ( 'NONE', ( #2074, #2091, #1372, #1694 ) ) ;
#182 = AXIS2_PLACEMENT_3D ( 'NONE', #298, #254, #723 ) ;
#183 = CARTESIAN_POINT ( 'NONE',  ( 12.25397137622621635, 2.594561628462088709, 12.50987579799348737 ) ) ;
#184 = CIRCLE ( 'NONE', #1159, 3.500000000000003109 ) ;
#185 = CARTESIAN_POINT ( 'NONE',  ( -24.87380017912514418, -1.255085610745416913, 10.35343368321314905 ) ) ;
#186 = CARTESIAN_POINT ( 'NONE',  ( -24.73135443956425306, -12.83463632702373936, -0.000000000000000000 ) ) ;
#187 = CARTESIAN_POINT ( 'NONE',  ( 22.65685424949238680, -16.92646464131133754, 3.166666666666666075 ) ) ;
#188 = VECTOR ( 'NONE', #740, 1000.000000000000000 ) ;
#189 = CARTESIAN_POINT ( 'NONE',  ( 9.542679591550131235, 4.484344679145450208, 18.58226938762520675 ) ) ;
#190 = CARTESIAN_POINT ( 'NONE',  ( -21.29955588556629209, 17.34362801322673420, 0.000000000000000000 ) ) ;
#191 = AXIS2_PLACEMENT_3D ( 'NONE', #2175, #79, #2013 ) ;
#192 = CARTESIAN_POINT ( 'NONE',  ( -13.35705042378744523, 4.172634944430297921, 15.82792066267743891 ) ) ;
#193 = EDGE_CURVE ( 'NONE', #988, #243, #2281, .T. ) ;
#194 = VERTEX_POINT ( 'NONE', #1324 ) ;
#195 = DIRECTION ( 'NONE',  ( 0.000000000000000000, 0.000000000000000000, -1.000000000000000000 ) ) ;
#196 = ORIENTED_EDGE ( 'NONE', *, *, #2133, .T. ) ;
#197 = ORIENTED_EDGE ( 'NONE', *, *, #1728, .T. ) ;
#198 = PRODUCT_CONTEXT ( 'NONE', #1439, 'mechanical' ) ;
#199 = ORIENTED_EDGE ( 'NONE', *, *, #75, .F. ) ;
#200 = CARTESIAN_POINT ( 'NONE',  ( 13.21157809575181297, 3.533645583760979036, 13.96784633297652078 ) ) ;
#201 = CARTESIAN_POINT ( 'NONE',  ( -24.89115098552402472, 13.53680937480866397, 10.30484122587238183 ) ) ;
#202 = CARTESIAN_POINT ( 'NONE',  ( -20.29420013620392282, -17.24040090647291734, 0.000000000000000000 ) ) ;
#203 = B_SPLINE_CURVE_WITH_KNOTS ( 'NONE', 3,
 ( #1867, #518, #3017, #917 ),
 .UNSPECIFIED., .F., .F.,
 ( 4, 4 ),
 ( 0.000000000000000000, 1.000000000000000000 ),
 .UNSPECIFIED. ) ;
#204 = LINE ( 'NONE', #2532, #956 ) ;
#205 = CARTESIAN_POINT ( 'NONE',  ( -11.80444072122941890, 4.460054911469417682, 18.03756314654988202 ) ) ;
#206 = CARTESIAN_POINT ( 'NONE',  ( 11.49930004791747784, -2.344509672014900126, 10.15359997892401367 ) ) ;
#207 = ORIENTED_EDGE ( 'NONE', *, *, #193, .T. ) ;
#208 = EDGE_CURVE ( 'NONE', #550, #2897, #1082, .T. ) ;
#209 = CARTESIAN_POINT ( 'NONE',  ( 9.899494936611660023, 4.500000000000002665, 34.89949493661166713 ) ) ;
#210 = ORIENTED_EDGE ( 'NONE', *, *, #1628, .F. ) ;
#211 = CARTESIAN_POINT ( 'NONE',  ( 24.97095854400023995, 12.75892280891171815, 10.08133314840474171 ) ) ;
#212 = CARTESIAN_POINT ( 'NONE',  ( 24.99999999999999645, 11.50000000000000711, 0.000000000000000000 ) ) ;
#213 = CARTESIAN_POINT ( 'NONE',  ( 24.86828465174840730, -1.189961465993537582, 10.36888040209207595 ) ) ;
#214 = ORIENTED_EDGE ( 'NONE', *, *, #3020, .F. ) ;
#215 = CARTESIAN_POINT ( 'NONE',  ( 12.15411356372134755, 4.444336055614879655, 17.79214294900542725 ) ) ;
#216 = CARTESIAN_POINT ( 'NONE',  ( 19.26976190333520123, 17.50000000000000355, 0.000000000000000000 ) ) ;
#217 = CARTESIAN_POINT ( 'NONE',  ( -6.862294597632468296, 3.208404624823817830, 13.36096911028275791 ) ) ;
#218 = B_SPLINE_CURVE_WITH_KNOTS ( 'NONE', 3,
 ( #3028, #445, #32, #940 ),
 .UNSPECIFIED., .F., .F.,
 ( 4, 4 ),
 ( 0.000000000000000000, 1.000000000000000000 ),
 .UNSPECIFIED. ) ;
#219 =( NAMED_UNIT ( * ) PLANE_ANGLE_UNIT ( ) SI_UNIT ( $, .RADIAN. ) );
#220 = CARTESIAN_POINT ( 'NONE',  ( -3.469446951953614189E-15, 4.599999999999999645, 25.00000000000000000 ) ) ;
#221 = CARTESIAN_POINT ( 'NONE',  ( -12.34486628088972537, 4.430477154031949638, 17.61700571760390233 ) ) ;
#222 = CARTESIAN_POINT ( 'NONE',  ( 9.929777847797723211, -2.921104756335946018, 10.08654858347466998 ) ) ;
#223 = ORIENTED_EDGE ( 'NONE', *, *, #2063, .T. ) ;
#224 = FACE_OUTER_BOUND ( 'NONE', #1615, .T. ) ;
#225 = EDGE_CURVE ( 'NONE', #20, #2718, #204, .T. ) ;
#226 = ORIENTED_EDGE ( 'NONE', *, *, #548, .T. ) ;
#227 = CARTESIAN_POINT ( 'NONE',  ( 24.92272146240221531, 13.31181369324747266, 10.21642533235918648 ) ) ;
#228 = CARTESIAN_POINT ( 'NONE',  ( 18.99999999999999289, 17.50000000000000000, 8.487783554549372056 ) ) ;
#229 = CARTESIAN_POINT ( 'NONE',  ( 24.12184339841715541, 2.550280672365244694, 12.45935469625695369 ) ) ;
#230 = DIRECTION ( 'NONE',  ( 0.3362737846613972903, 0.000000000000000000, 0.9417642707968381099 ) ) ;
#231 = ADVANCED_FACE ( 'NONE', ( #1873 ), #882, .F. ) ;
#232 = B_SPLINE_CURVE_WITH_KNOTS ( 'NONE', 3,
 ( #507, #555, #2371, #766 ),
 .UNSPECIFIED., .F., .F.,
 ( 4, 4 ),
 ( 0.000000000000000000, 1.000000000000000000 ),
 .UNSPECIFIED. ) ;
#233 = CARTESIAN_POINT ( 'NONE',  ( 13.15793718501483234, 4.273643539516691625, 16.37845513983671708 ) ) ;
#234 = AXIS2_PLACEMENT_3D ( 'NONE', #1422, #286, #998 ) ;
#235 = CARTESIAN_POINT ( 'NONE',  ( 19.62775270184288345, 17.49647986272725220, -0.000000000000000000 ) ) ;
#236 = CARTESIAN_POINT ( 'NONE',  ( -25.00000000000000355, -9.859717789879418604, 10.00000000000000000 ) ) ;
#237 = AXIS2_PLACEMENT_3D ( 'NONE', #1616, #1460, #1503 ) ;
#238 = DIRECTION ( 'NONE',  ( -0.000000000000000000, -0.000000000000000000, 1.000000000000000000 ) ) ;
#239 = CARTESIAN_POINT ( 'NONE',  ( -9.175355812431893909, -3.434902953564863193, 10.04698979104360035 ) ) ;
#240 = CIRCLE ( 'NONE', #2340, 2.649999999999997691 ) ;
#241 = CARTESIAN_POINT ( 'NONE',  ( -3.469446951953614189E-15, 4.500000000000003553, 25.00000000000000000 ) ) ;
#242 = AXIS2_PLACEMENT_3D ( 'NONE', #2654, #1983, #1045 ) ;
#243 = VERTEX_POINT ( 'NONE', #1352 ) ;
#244 = AXIS2_PLACEMENT_3D ( 'NONE', #1856, #665, #696 ) ;
#245 = CARTESIAN_POINT ( 'NONE',  ( 22.45137398615026925, -5.499999999999998224, 10.00000000000000000 ) ) ;
#246 = B_SPLINE_CURVE_WITH_KNOTS ( 'NONE', 3,
 ( #694, #1677, #2596, #503, #733, #707, #747, #35, #2814, #1635, #718, #3031, #2122, #1170 ),
 .UNSPECIFIED., .F., .F.,
 ( 4, 2, 2, 2, 2, 2, 4 ),
 ( 0.001296476770900320107, 0.002343607750012887889, 0.003390738729125455236, 0.003914304218681738910, 0.004437869708238022584, 0.004961435197794306258, 0.005485000687350589932 ),
 .UNSPECIFIED. ) ;
#247 = ORIENTED_EDGE ( 'NONE', *, *, #97, .T. ) ;
#248 = CARTESIAN_POINT ( 'NONE',  ( 20.00918830920366887, 17.50000000000000000, 28.14370336508476811 ) ) ;
#249 = CARTESIAN_POINT ( 'NONE',  ( 9.899494936611663576, 4.600000000000001421, 15.10050506338833998 ) ) ;
#250 = EDGE_CURVE ( 'NONE', #2387, #1443, #1350, .T. ) ;
#251 = CARTESIAN_POINT ( 'NONE',  ( 19.69116882454313711, -17.50000000000000000, 3.166666666666666075 ) ) ;
#252 = DIRECTION ( 'NONE',  ( -0.000000000000000000, -0.000000000000000000, 1.000000000000000000 ) ) ;
#253 = CARTESIAN_POINT ( 'NONE',  ( 10.68633436713792051, 1.724442158112213797, 11.68806081976749134 ) ) ;
#254 = DIRECTION ( 'NONE',  ( 0.000000000000000000, 0.000000000000000000, -1.000000000000000000 ) ) ;
#255 = ADVANCED_FACE ( 'NONE', ( #2319 ), #3010, .F. ) ;
#256 = CARTESIAN_POINT ( 'NONE',  ( 10.05267002082240779, 4.500000000000003553, 19.37140698626109980 ) ) ;
#257 = CARTESIAN_POINT ( 'NONE',  ( 3.260393425532595923, 5.772727272727274261, 36.02813831572418479 ) ) ;
#258 = DIRECTION ( 'NONE',  ( 1.000000000000000000, 0.000000000000000000, 0.000000000000000000 ) ) ;
#259 = CARTESIAN_POINT ( 'NONE',  ( 3.347273413267260356, 3.547715183628907365, 13.99791243891654169 ) ) ;
#260 = ORIENTED_EDGE ( 'NONE', *, *, #1140, .T. ) ;
#261 = CARTESIAN_POINT ( 'NONE',  ( 17.75000000000000000, -7.500000000000001776, 10.00000000000000000 ) ) ;
#262 = ORIENTED_EDGE ( 'NONE', *, *, #1682, .F. ) ;
#263 = CARTESIAN_POINT ( 'NONE',  ( -25.00000000000000000, -10.84558441227157033, 3.166666666666666075 ) ) ;
#264 = CARTESIAN_POINT ( 'NONE',  ( -9.928112276507375711, 1.605158507251952305, 11.60050505850714764 ) ) ;
#265 = CARTESIAN_POINT ( 'NONE',  ( -20.32313464526345470, -17.23394665175591456, 10.00000000000000000 ) ) ;
#266 = DIRECTION ( 'NONE',  ( 0.000000000000000000, -1.000000000000000000, 0.000000000000000000 ) ) ;
#267 = CARTESIAN_POINT ( 'NONE',  ( -24.96323030222451322, -11.14831181680704475, 9.999999999999998224 ) ) ;
#268 = EDGE_CURVE ( 'NONE', #566, #2788, #911, .T. ) ;
#269 = DIRECTION ( 'NONE',  ( 1.000000000000000000, 0.000000000000000000, 0.000000000000000000 ) ) ;
#270 = FACE_OUTER_BOUND ( 'NONE', #2552, .T. ) ;
#271 = DIRECTION ( 'NONE',  ( -0.000000000000000000, -0.000000000000000000, 1.000000000000000000 ) ) ;
#272 = CARTESIAN_POINT ( 'NONE',  ( 4.933882199839737304, 4.500000000000002665, 35.38997851921126880 ) ) ;
#273 = CARTESIAN_POINT ( 'NONE',  ( -25.00000000000000000, -9.500000000000001776, 10.00000000000000000 ) ) ;
#274 = CARTESIAN_POINT ( 'NONE',  ( 15.15000000000000036, -7.500000000000001776, 9.000000000000001776 ) ) ;
#275 = EDGE_LOOP ( 'NONE', ( #556, #223, #2550, #488 ) ) ;
#276 = CARTESIAN_POINT ( 'NONE',  ( 0.000000000000000000, 0.000000000000000000, 10.00000000000000000 ) ) ;
#277 = CARTESIAN_POINT ( 'NONE',  ( 22.65685424949238680, -16.92646464131133754, 10.50000000000000000 ) ) ;
#278 = ORIENTED_EDGE ( 'NONE', *, *, #2792, .F. ) ;
#279 = DIRECTION ( 'NONE',  ( 0.000000000000000000, 0.000000000000000000, -1.000000000000000000 ) ) ;
#280 = CARTESIAN_POINT ( 'NONE',  ( 21.39551179393786384, 17.32152283589191200, -0.000000000000000000 ) ) ;
#281 = CARTESIAN_POINT ( 'NONE',  ( -24.98161706090896317, -10.78506964780512689, 10.00000000000000355 ) ) ;
#282 = CARTESIAN_POINT ( 'NONE',  ( 6.862330408746149857, 3.208367738772146538, 13.36090683359131859 ) ) ;
#283 = AXIS2_PLACEMENT_3D ( 'NONE', #848, #1301, #1997 ) ;
#284 = CARTESIAN_POINT ( 'NONE',  ( 9.849999999999999645, -7.500000000000001776, 10.00000000000000000 ) ) ;
#285 = CARTESIAN_POINT ( 'NONE',  ( -14.98828786941153268, -2.876300721930324933, 10.09075919949863476 ) ) ;
#286 = DIRECTION ( 'NONE',  ( -0.000000000000000000, -1.000000000000000000, -0.000000000000000000 ) ) ;
#287 = CARTESIAN_POINT ( 'NONE',  ( 4.191391830195493107, 4.719287343838701076, 35.71045465059431478 ) ) ;
#288 = VECTOR ( 'NONE', #2364, 1000.000000000000000 ) ;
#289 = ADVANCED_FACE ( 'NONE', ( #2778 ), #2520, .F. ) ;
#290 = CARTESIAN_POINT ( 'NONE',  ( 24.80832105788850583, 13.95694793111011300, 10.53681371364262453 ) ) ;
#291 = AXIS2_PLACEMENT_3D ( 'NONE', #2420, #349, #1271 ) ;
#292 = CARTESIAN_POINT ( 'NONE',  ( -19.00000000000000355, 17.50000000000000000, -1.340176350718322640 ) ) ;
#293 = ORIENTED_EDGE ( 'NONE', *, *, #2513, .F. ) ;
#294 = FACE_OUTER_BOUND ( 'NONE', #2989, .T. ) ;
#295 = CARTESIAN_POINT ( 'NONE',  ( -9.166666666666667851, -5.499999999999998224, 10.00000000000000000 ) ) ;
#296 = ORIENTED_EDGE ( 'NONE', *, *, #2042, .F. ) ;
#297 = CARTESIAN_POINT ( 'NONE',  ( -20.33463632702376600, -17.23135443956430990, 10.00000000000000178 ) ) ;
#298 = CARTESIAN_POINT ( 'NONE',  ( -9.850000000000001421, -7.500000000000001776, 9.000000000000001776 ) ) ;
#299 = LINE ( 'NONE', #1918, #638 ) ;
#300 = CARTESIAN_POINT ( 'NONE',  ( -15.15000000000000213, -7.500000000000001776, 10.00000000000000000 ) ) ;
#301 = CARTESIAN_POINT ( 'NONE',  ( -9.945732112343845799, -2.891991236531196385, 10.08792070852411804 ) ) ;
#302 = CARTESIAN_POINT ( 'NONE',  ( -9.899494343373550720, 1.605191401992901445, 11.60052859285309879 ) ) ;
#303 = CARTESIAN_POINT ( 'NONE',  ( 3.325576667438895573, 3.544619110137686047, 13.99132492038778075 ) ) ;
#304 = CARTESIAN_POINT ( 'NONE',  ( 24.13939887335196133, 15.61930013636088610, 12.41018904670411160 ) ) ;
#305 = CARTESIAN_POINT ( 'NONE',  ( -19.00000000000000355, 17.50000000000000000, 18.31574345981705676 ) ) ;
#306 = EDGE_LOOP ( 'NONE', ( #429, #1 ) ) ;
#307 = EDGE_CURVE ( 'NONE', #1245, #1430, #360, .T. ) ;
#308 = CARTESIAN_POINT ( 'NONE',  ( -9.899494936611663576, 4.600000000000001421, 15.10050506338833998 ) ) ;
#309 = CARTESIAN_POINT ( 'NONE',  ( 25.00000000000000000, -9.500000000000001776, 10.00000000000000000 ) ) ;
#310 = ORIENTED_EDGE ( 'NONE', *, *, #93, .F. ) ;
#311 = FACE_BOUND ( 'NONE', #2859, .T. ) ;
#312 = EDGE_LOOP ( 'NONE', ( #797, #1973, #2136, #140 ) ) ;
#313 = CARTESIAN_POINT ( 'NONE',  ( 24.97118661485185598, 12.75537696343109317, 0.000000000000000000 ) ) ;
#314 = CARTESIAN_POINT ( 'NONE',  ( -3.196836566911952282, 5.935543273008490495, 36.04692846489186309 ) ) ;
#315 = CARTESIAN_POINT ( 'NONE',  ( -15.38214050475136574, -3.111823524539932606, 10.06998898800884668 ) ) ;
#316 = CARTESIAN_POINT ( 'NONE',  ( -22.15448540102694253, 4.455898183620703890, 17.96911357226965578 ) ) ;
#317 = B_SPLINE_CURVE_WITH_KNOTS ( 'NONE', 3,
 ( #2640, #272, #2377, #969, #287, #1213, #1999, #2193, #96, #1967 ),
 .UNSPECIFIED., .F., .F.,
 ( 4, 2, 2, 2, 4 ),
 ( 8.673617379884034509E-19, 0.0006269061319315168091, 0.001253812263863032751, 0.001880718395794548584, 0.002507624527726064634 ),
 .UNSPECIFIED. ) ;
#318 = CARTESIAN_POINT ( 'NONE',  ( -9.899494936611663576, 4.600000000000001421, 18.60050506338833998 ) ) ;
#319 = LINE ( 'NONE', #531, #288 ) ;
#320 = CARTESIAN_POINT ( 'NONE',  ( 9.899494936611663576, 4.600000000000001421, 16.80050506338834282 ) ) ;
#321 = CARTESIAN_POINT ( 'NONE',  ( -3.438869926213964590, 5.403441025777415696, 43.17802571621897556 ) ) ;
#322 = ORIENTED_EDGE ( 'NONE', *, *, #792, .T. ) ;
#323 = DIRECTION ( 'NONE',  ( 0.000000000000000000, 0.000000000000000000, -1.000000000000000000 ) ) ;
#324 = EDGE_CURVE ( 'NONE', #2751, #550, #2986, .T. ) ;
#325 = ORIENTED_EDGE ( 'NONE', *, *, #2808, .F. ) ;
#326 = DIRECTION ( 'NONE',  ( -0.000000000000000000, -1.000000000000000000, -0.000000000000000000 ) ) ;
#327 = ORIENTED_EDGE ( 'NONE', *, *, #1628, .T. ) ;
#328 = CARTESIAN_POINT ( 'NONE',  ( 9.542679591550131235, 4.600000000000001421, 31.41773061237479325 ) ) ;
#329 = ADVANCED_FACE ( 'NONE', ( #270 ), #77, .F. ) ;
#330 = CARTESIAN_POINT ( 'NONE',  ( 6.850816215794701236, 3.220542900635905870, 13.38118093599282865 ) ) ;
#331 = CARTESIAN_POINT ( 'NONE',  ( 16.20378990698346300, -3.770565019329048972, 10.02967776274147305 ) ) ;
#332 = CYLINDRICAL_SURFACE ( 'NONE', #134, 1.700000000000000178 ) ;
#333 = CARTESIAN_POINT ( 'NONE',  ( -20.73192659503748914, 17.42819577673383691, 21.95311445993110766 ) ) ;
#334 = CARTESIAN_POINT ( 'NONE',  ( 6.417730612374791477, 4.550000000000001599, 34.54267959155013301 ) ) ;
#335 = CARTESIAN_POINT ( 'NONE',  ( -2.061103132934158013E-15, -17.50000000000000000, 13.50000000000000178 ) ) ;
#336 = CARTESIAN_POINT ( 'NONE',  ( -24.92553719958660352, 13.29093143838477786, -0.000000000000000000 ) ) ;
#337 = CIRCLE ( 'NONE', #234, 3.500000000000003109 ) ;
#338 = DIRECTION ( 'NONE',  ( -0.000000000000000000, -1.000000000000000000, -0.000000000000000000 ) ) ;
#339 = ORIENTED_EDGE ( 'NONE', *, *, #2460, .F. ) ;
#340 = DIRECTION ( 'NONE',  ( 0.000000000000000000, 0.000000000000000000, -1.000000000000000000 ) ) ;
#341 = CARTESIAN_POINT ( 'NONE',  ( 22.51372479145267036, -16.46861133733215254, 10.00000000000000178 ) ) ;
#342 = ORIENTED_EDGE ( 'NONE', *, *, #683, .T. ) ;
#343 = CARTESIAN_POINT ( 'NONE',  ( 9.899494936611663576, 4.500000000000002665, 18.60050506338833998 ) ) ;
#344 = AXIS2_PLACEMENT_3D ( 'NONE', #1509, #2201, #1038 ) ;
#345 = EDGE_LOOP ( 'NONE', ( #1986, #631, #538, #664, #1779 ) ) ;
#346 = EDGE_CURVE ( 'NONE', #2718, #194, #2576, .T. ) ;
#347 = CARTESIAN_POINT ( 'NONE',  ( 9.899494936611663576, 4.600000000000001421, 13.40050506338833891 ) ) ;
#348 = DIRECTION ( 'NONE',  ( 1.000000000000000000, 0.000000000000000000, 0.000000000000000000 ) ) ;
#349 = DIRECTION ( 'NONE',  ( -0.000000000000000000, -1.000000000000000000, -0.000000000000000000 ) ) ;
#350 = DIRECTION ( 'NONE',  ( -0.000000000000000000, -0.000000000000000000, 1.000000000000000000 ) ) ;
#351 = ADVANCED_FACE ( 'NONE', ( #2590, #2457, #2441 ), #158, .F. ) ;
#352 = FACE_OUTER_BOUND ( 'NONE', #1115, .T. ) ;
#353 = CARTESIAN_POINT ( 'NONE',  ( 9.542679591550131235, 4.550000000000001599, 31.41773061237479325 ) ) ;
#354 = CARTESIAN_POINT ( 'NONE',  ( -24.97213167365170250, 12.74080498683755991, -0.000000000000000000 ) ) ;
#355 = CARTESIAN_POINT ( 'NONE',  ( -23.24264068711928388, 17.06984848098349872, 18.31574345988525465 ) ) ;
#356 = ORIENTED_EDGE ( 'NONE', *, *, #868, .T. ) ;
#357 = CARTESIAN_POINT ( 'NONE',  ( 17.73826656031332760, 4.500000000000002665, 20.00000000000000000 ) ) ;
#358 = FACE_OUTER_BOUND ( 'NONE', #1478, .T. ) ;
#359 = ORIENTED_EDGE ( 'NONE', *, *, #1070, .F. ) ;
#360 = B_SPLINE_CURVE_WITH_KNOTS ( 'NONE', 3,
 ( #1626, #466, #1391, #2334, #428, #412, #239, #1338, #2290, #1166, #3037, #937, #2274, #1407, #1012, #1706, #301, #1178, #10, #1240, #2821, #2350, #1226, #2869, #966, #1905, #1935, #2158, #948, #511, #496, #712, #1192, #60, #2853, #1952, #1641, #2840, #741, #772, #997, #2361, #2128, #2638, #26, #543, #1468, #1671, #2574, #285, #2407, #2393, #2605, #1436, #315, #2145, #1920, #2173, #1453, #725, #482, #2375, #1211, #1686 ),
 .UNSPECIFIED., .F., .F.,
 ( 4, 2, 2, 2, 1, 1, 1, 1, 1, 2, 2, 2, 2, 2, 1, 1, 1, 1, 2, 2, 2, 2, 2, 1, 1, 1, 1, 1, 2, 2, 2, 2, 2, 1, 1, 1, 1, 2, 2, 2, 4 ),
 ( 0.000000000000000000, 0.1249999999998731015, 0.1874999999998096523, 0.2187499999997779276, 0.2343749999997619404, 0.2421874999997540856, 0.2460937499997501998, 0.2480468749997484235, 0.2490234374997477296, 0.2495117187497473965, 0.2499999999997470912, 0.3124999999997253308, 0.3437499999997145617, 0.3593749999997092326, 0.3671874999997060685, 0.3710937499997039590, 0.3730468749997029598, 0.3740234374997030709, 0.3745117187497031819, 0.3749999999997032929, 0.4999999999996891376, 0.5624999999996820321, 0.5937499999996785904, 0.6093749999996765920, 0.6171874999996755928, 0.6210937499996753708, 0.6230468749996750377, 0.6240234374996748157, 0.6245117187496747047, 0.6249999999996747047, 0.6874999999997096767, 0.7187499999997274402, 0.7343749999997363220, 0.7421874999997407629, 0.7460937499997429834, 0.7480468749997439826, 0.7490234374997446487, 0.7495117187497449818, 0.7499999999997454259, 0.8749999999998727684, 1.000000000000000000 ),
 .UNSPECIFIED. ) ;
#361 = CARTESIAN_POINT ( 'NONE',  ( 6.773749023841117989, 3.303876082644817469, 13.52413170322729385 ) ) ;
#362 = ORIENTED_EDGE ( 'NONE', *, *, #951, .T. ) ;
#363 = CARTESIAN_POINT ( 'NONE',  ( -9.664031454608958072, 4.484743108603319151, 18.59470567074459524 ) ) ;
#364 = CARTESIAN_POINT ( 'NONE',  ( 7.362630625163353315, 2.742421954162373332, 12.68818507634041026 ) ) ;
#365 = CARTESIAN_POINT ( 'NONE',  ( 3.120242175462897727, 6.095190489560675218, 43.23518317892946783 ) ) ;
#366 = CARTESIAN_POINT ( 'NONE',  ( -24.12197366037456447, 15.64548490500317435, 12.45898988620357173 ) ) ;
#367 = CARTESIAN_POINT ( 'NONE',  ( -9.056443765086550357, 1.742279728299255259, 11.70338511975173823 ) ) ;
#368 = CARTESIAN_POINT ( 'NONE',  ( -11.47686163989242658, 2.070127608836276778, 11.97581689596952792 ) ) ;
#369 = EDGE_CURVE ( 'NONE', #1836, #1486, #596, .T. ) ;
#370 = CARTESIAN_POINT ( 'NONE',  ( -3.337009428502871522, 5.576457170147037345, 36.00548732013254494 ) ) ;
#371 = CARTESIAN_POINT ( 'NONE',  ( -24.97206464792547820, 12.74185933244113400, 0.000000000000000000 ) ) ;
#372 = ORIENTED_EDGE ( 'NONE', *, *, #863, .T. ) ;
#373 = CARTESIAN_POINT ( 'NONE',  ( 14.04721205896513680, 4.500000000000002665, 20.00000000000000000 ) ) ;
#374 = DIRECTION ( 'NONE',  ( -0.000000000000000000, -0.000000000000000000, 1.000000000000000000 ) ) ;
#375 = ORIENTED_EDGE ( 'NONE', *, *, #1591, .F. ) ;
#376 = ORIENTED_EDGE ( 'NONE', *, *, #2006, .F. ) ;
#377 = CARTESIAN_POINT ( 'NONE',  ( 22.27690643479712307, 4.434958248975811479, 17.62626271425565250 ) ) ;
#378 = CARTESIAN_POINT ( 'NONE',  ( 9.385595351177407508, 1.653847034253289383, 11.63597785251848649 ) ) ;
#379 = CARTESIAN_POINT ( 'NONE',  ( 15.67600753199576502, -3.319160443233998947, 10.05440923169270562 ) ) ;
#380 = DIRECTION ( 'NONE',  ( 0.000000000000000000, 0.000000000000000000, -1.000000000000000000 ) ) ;
#381 = CARTESIAN_POINT ( 'NONE',  ( 5.123475382979795434, 4.500000000000003553, 35.29563014098700080 ) ) ;
#382 = CARTESIAN_POINT ( 'NONE',  ( -9.899494936611667129, 4.600000000000001421, 34.89949493661166713 ) ) ;
#383 = DIRECTION ( 'NONE',  ( -4.440892098500624584E-15, 0.000000000000000000, 1.000000000000000000 ) ) ;
#384 = LINE ( 'NONE', #2717, #2572 ) ;
#385 = EDGE_CURVE ( 'NONE', #1330, #904, #2276, .T. ) ;
#386 = AXIS2_PLACEMENT_3D ( 'NONE', #1099, #677, #1603 ) ;
#387 = EDGE_LOOP ( 'NONE', ( #2164, #2971, #391, #2324 ) ) ;
#388 = AXIS2_PLACEMENT_3D ( 'NONE', #2629, #474, #536 ) ;
#389 = CARTESIAN_POINT ( 'NONE',  ( 11.59949493661166464, 4.600000000000001421, 15.10050506338833998 ) ) ;
#390 = CIRCLE ( 'NONE', #1896, 1.699999999999996625 ) ;
#391 = ORIENTED_EDGE ( 'NONE', *, *, #369, .T. ) ;
#392 = VERTEX_POINT ( 'NONE', #2652 ) ;
#393 = CIRCLE ( 'NONE', #1117, 1.700000000000001954 ) ;
#394 = CARTESIAN_POINT ( 'NONE',  ( 22.85225639951354282, 4.203991335531093831, 16.01494460178448520 ) ) ;
#395 = CARTESIAN_POINT ( 'NONE',  ( 8.239872567113305735, 2.117532051500748302, 12.01900056399777839 ) ) ;
#396 = CARTESIAN_POINT ( 'NONE',  ( 9.899494936611660023, 4.600000000000001421, 34.89949493661166713 ) ) ;
#397 = CARTESIAN_POINT ( 'NONE',  ( -19.00000000000000355, 17.50000000000000000, 26.80352701436643770 ) ) ;
#398 = CARTESIAN_POINT ( 'NONE',  ( -7.511348281282134387, 2.621469226238437145, 12.54127432753113069 ) ) ;
#399 = DIRECTION ( 'NONE',  ( 0.000000000000000000, 0.000000000000000000, -1.000000000000000000 ) ) ;
#400 = CARTESIAN_POINT ( 'NONE',  ( 19.74607865066887413, 17.50000000000000711, 24.71406822080703591 ) ) ;
#401 = CARTESIAN_POINT ( 'NONE',  ( -12.30582271292661112, 2.635644174715326749, 12.55806691055103919 ) ) ;
#402 = EDGE_LOOP ( 'NONE', ( #814, #3 ) ) ;
#403 = CARTESIAN_POINT ( 'NONE',  ( -27.50000000000000355, 1.571067811865478170, 10.71691919836083251 ) ) ;
#404 = EDGE_CURVE ( 'NONE', #732, #1359, #1797, .T. ) ;
#405 = EDGE_LOOP ( 'NONE', ( #2507, #2708, #540, #2213 ) ) ;
#406 = CARTESIAN_POINT ( 'NONE',  ( 12.49999999999999822, -7.500000000000001776, 10.00000000000000000 ) ) ;
#407 = DIRECTION ( 'NONE',  ( 0.000000000000000000, -0.000000000000000000, 1.000000000000000000 ) ) ;
#408 = CARTESIAN_POINT ( 'NONE',  ( -22.87637475388911312, 4.189700553412805561, 15.94739903190248143 ) ) ;
#409 = CARTESIAN_POINT ( 'NONE',  ( -24.99542043726956209, 12.16472744042437171, 10.01282546767583348 ) ) ;
#410 = CARTESIAN_POINT ( 'NONE',  ( -7.316048444256456840, 2.781707490382625991, 12.73827169075796917 ) ) ;
#411 = CARTESIAN_POINT ( 'NONE',  ( 3.121987308833474639, 6.091799705096575757, 36.06848524882344265 ) ) ;
#412 = CARTESIAN_POINT ( 'NONE',  ( -9.078582851401954201, -3.515973653096919449, 10.04239680394911183 ) ) ;
#413 = CARTESIAN_POINT ( 'NONE',  ( 15.46678279259784361, -3.168588653882825401, 10.06538106083122130 ) ) ;
#414 = ORIENTED_EDGE ( 'NONE', *, *, #1030, .F. ) ;
#415 = B_SPLINE_CURVE_WITH_KNOTS ( 'NONE', 3,
 ( #2588, #236, #2348, #281, #2111, #494, #1207, #1419, #267, #1902, #2849, #522, #1700, #979, #1681, #2155, #2141, #2614, #2168, #2884, #1448, #1431, #1204, #2649, #2404, #2388, #1930, #1882, #751, #1188, #297, #265, #40, #721, #1479, #1668, #56, #2633, #961, #2586, #1916, #2817, #993, #1223, #1946 ),
 .UNSPECIFIED., .F., .F.,
 ( 4, 1, 1, 1, 1, 1, 1, 2, 2, 1, 1, 1, 1, 1, 2, 2, 2, 1, 1, 1, 1, 1, 1, 2, 2, 1, 1, 1, 1, 1, 1, 2, 2, 4 ),
 ( 0.000000000000000000, 0.06250000000000263678, 0.09375000000000413558, 0.1093750000000049127, 0.1171875000000052874, 0.1210937500000052180, 0.1230468750000051487, 0.1240234375000050793, 0.1250000000000049960, 0.1874999999999988898, 0.2187499999999958089, 0.2343749999999944766, 0.2421874999999940881, 0.2460937499999941158, 0.2480468749999944211, 0.2499999999999947264, 0.5000000000000422995, 0.6250000000000663913, 0.6875000000000780487, 0.7187500000000842659, 0.7343750000000877076, 0.7421875000000893730, 0.7460937500000899281, 0.7480468750000903722, 0.7500000000000909273, 0.8125000000000986988, 0.8437500000001025846, 0.8593750000001044720, 0.8671875000001054712, 0.8710937500001062483, 0.8730468750001066924, 0.8740234375001065814, 0.8750000000001065814, 1.000000000000000000 ),
 .UNSPECIFIED. ) ;
#416 = CYLINDRICAL_SURFACE ( 'NONE', #1399, 2.000000000000000000 ) ;
#417 = ORIENTED_EDGE ( 'NONE', *, *, #991, .T. ) ;
#418 = DIRECTION ( 'NONE',  ( -0.000000000000000000, -0.000000000000000000, 1.000000000000000000 ) ) ;
#419 = ADVANCED_FACE ( 'NONE', ( #1515 ), #332, .F. ) ;
#420 = CARTESIAN_POINT ( 'NONE',  ( 11.14937740758767681, 4.477128515249304108, 18.37678825057955834 ) ) ;
#421 = CARTESIAN_POINT ( 'NONE',  ( 13.18721464437522606, 4.259864845773472020, 16.30125881485914618 ) ) ;
#422 = CARTESIAN_POINT ( 'NONE',  ( -22.26546980395929864, 4.434148487350109136, 17.65829200346179562 ) ) ;
#423 = CARTESIAN_POINT ( 'NONE',  ( -9.542679591550138340, 4.484344679145448431, 18.58226938762520675 ) ) ;
#424 = EDGE_CURVE ( 'NONE', #1443, #1898, #837, .T. ) ;
#425 = CARTESIAN_POINT ( 'NONE',  ( -24.73394665175592166, -12.82313464526333036, 0.000000000000000000 ) ) ;
#426 = CARTESIAN_POINT ( 'NONE',  ( 24.42646464131133754, -15.15685424949238147, -0.5000000000000004441 ) ) ;
#427 = CYLINDRICAL_SURFACE ( 'NONE', #2830, 3.500000000000003109 ) ;
#428 = CARTESIAN_POINT ( 'NONE',  ( -8.796210093565401067, -3.770565018779912236, 10.02967776276437917 ) ) ;
#429 = ORIENTED_EDGE ( 'NONE', *, *, #2769, .T. ) ;
#430 = CARTESIAN_POINT ( 'NONE',  ( 27.50000000000000355, 3.783080801639167490, 12.92893218813452805 ) ) ;
#431 = AXIS2_PLACEMENT_3D ( 'NONE', #1212, #1180, #757 ) ;
#432 = ORIENTED_EDGE ( 'NONE', *, *, #2437, .F. ) ;
#433 = ORIENTED_EDGE ( 'NONE', *, *, #608, .F. ) ;
#434 = AXIS2_PLACEMENT_3D ( 'NONE', #1234, #103, #784 ) ;
#435 = LINE ( 'NONE', #906, #781 ) ;
#436 = CARTESIAN_POINT ( 'NONE',  ( 11.86908405746138584, 4.457454774468287972, 17.99456923403882769 ) ) ;
#437 = AXIS2_PLACEMENT_3D ( 'NONE', #1580, #2777, #2519 ) ;
#438 = CARTESIAN_POINT ( 'NONE',  ( -6.739271140296626328, 3.342981037901706642, 13.59486746021537762 ) ) ;
#439 = VECTOR ( 'NONE', #1785, 1000.000000000000000 ) ;
#440 = EDGE_CURVE ( 'NONE', #2452, #1834, #2725, .T. ) ;
#441 = CARTESIAN_POINT ( 'NONE',  ( 9.542679591550127682, 4.500000000000002665, 31.41773061237479325 ) ) ;
#442 = DIRECTION ( 'NONE',  ( -0.000000000000000000, -1.000000000000000000, -0.000000000000000000 ) ) ;
#443 = CARTESIAN_POINT ( 'NONE',  ( -13.21386315674513057, 3.536821443904839768, 13.97453371919168319 ) ) ;
#444 = EDGE_LOOP ( 'NONE', ( #1850, #2524, #2077, #197, #1539, #310 ) ) ;
#445 = CARTESIAN_POINT ( 'NONE',  ( -17.73826657064234169, 4.500000000000002665, 20.00000000000000000 ) ) ;
#446 = ORIENTED_EDGE ( 'NONE', *, *, #457, .F. ) ;
#447 = CARTESIAN_POINT ( 'NONE',  ( 9.542679591550131235, 4.550000000000001599, 18.58226938762520675 ) ) ;
#448 = CARTESIAN_POINT ( 'NONE',  ( 24.15243428217871369, 2.473138205198146977, 12.37368223931014732 ) ) ;
#449 = CARTESIAN_POINT ( 'NONE',  ( 11.81012483475494612, 4.459839763656287204, 18.03387152084542322 ) ) ;
#450 = CARTESIAN_POINT ( 'NONE',  ( 20.21313303726128652, 17.47386023064256477, -0.000000000000000000 ) ) ;
#451 = CARTESIAN_POINT ( 'NONE',  ( -7.698775460277609284, 2.477017712229040658, 12.37464229057755105 ) ) ;
#452 = CARTESIAN_POINT ( 'NONE',  ( 9.783191794323101931, 4.484963077542313492, 18.60050506749978183 ) ) ;
#453 = CARTESIAN_POINT ( 'NONE',  ( -22.93924748202416097, 16.79222146073411892, -0.000000000000000000 ) ) ;
#454 = CARTESIAN_POINT ( 'NONE',  ( 10.01171213077638278, -2.876300721829497142, 10.09075919950914013 ) ) ;
#455 = ADVANCED_FACE ( 'NONE', ( #2936 ), #2189, .T. ) ;
#456 = EDGE_LOOP ( 'NONE', ( #2248, #2449 ) ) ;
#457 = EDGE_CURVE ( 'NONE', #1647, #1084, #1073, .T. ) ;
#458 = DIRECTION ( 'NONE',  ( -1.000000000000000000, 0.000000000000000000, -0.000000000000000000 ) ) ;
#459 = ORIENTED_EDGE ( 'NONE', *, *, #1648, .T. ) ;
#460 = CARTESIAN_POINT ( 'NONE',  ( 24.97254518314595373, 12.73435911594464365, 10.07688962611359429 ) ) ;
#461 = FACE_OUTER_BOUND ( 'NONE', #2785, .T. ) ;
#462 = CARTESIAN_POINT ( 'NONE',  ( 12.86180152136819821, 3.131498513198200939, 13.23636002577935145 ) ) ;
#463 = CARTESIAN_POINT ( 'NONE',  ( -24.96042352575689449, 12.90387037574277862, 10.11083739234625867 ) ) ;
#464 = CARTESIAN_POINT ( 'NONE',  ( 9.542679591550131235, 4.484344679145450208, 18.58226938762520675 ) ) ;
#465 = DIRECTION ( 'NONE',  ( -0.000000000000000000, -0.000000000000000000, 1.000000000000000000 ) ) ;
#466 = CARTESIAN_POINT ( 'NONE',  ( -7.849440147873594675, -5.005942352183268440, 9.999999999999996447 ) ) ;
#467 = CARTESIAN_POINT ( 'NONE',  ( 15.05426788814901506, -2.891991236744496874, 10.08792070849689004 ) ) ;
#468 = EDGE_LOOP ( 'NONE', ( #939, #2953, #1583, #2862 ) ) ;
#469 = CARTESIAN_POINT ( 'NONE',  ( 19.00000000000000711, 17.50000000000000000, 0.000000000000000000 ) ) ;
#470 = VERTEX_POINT ( 'NONE', #2238 ) ;
#471 = EDGE_CURVE ( 'NONE', #1878, #1096, #1547, .T. ) ;
#472 = CARTESIAN_POINT ( 'NONE',  ( 24.97487326866488999, 12.69730224481576286, 10.07036961812870501 ) ) ;
#473 = FACE_OUTER_BOUND ( 'NONE', #2279, .T. ) ;
#474 = DIRECTION ( 'NONE',  ( -0.000000000000000000, -1.000000000000000000, -0.000000000000000000 ) ) ;
#475 = CARTESIAN_POINT ( 'NONE',  ( 25.00000000000000000, -10.84558441227157033, 3.166666666666666075 ) ) ;
#476 = CARTESIAN_POINT ( 'NONE',  ( 12.14829381544512543, 2.513470017381091548, 12.41762920006971527 ) ) ;
#477 = AXIS2_PLACEMENT_3D ( 'NONE', #559, #2472, #2011 ) ;
#478 = CARTESIAN_POINT ( 'NONE',  ( 9.899494936611660023, 17.50000000000000000, 36.59949493661166287 ) ) ;
#479 = FACE_OUTER_BOUND ( 'NONE', #181, .T. ) ;
#480 = AXIS2_PLACEMENT_3D ( 'NONE', #2661, #1021, #2896 ) ;
#481 = CARTESIAN_POINT ( 'NONE',  ( 17.75000000000000000, -7.500000000000001776, 10.00000000000000000 ) ) ;
#482 = CARTESIAN_POINT ( 'NONE',  ( -16.21723472517151166, -3.756888520825351740, 10.02825220326488775 ) ) ;
#483 = CIRCLE ( 'NONE', #1065, 1.699999999999996625 ) ;
#484 = CARTESIAN_POINT ( 'NONE',  ( 8.125188177996061967, -4.552163663011919326, 10.00565044065436382 ) ) ;
#485 = CIRCLE ( 'NONE', #1164, 3.500000000000003109 ) ;
#486 = ORIENTED_EDGE ( 'NONE', *, *, #1090, .T. ) ;
#487 = DIRECTION ( 'NONE',  ( 0.000000000000000000, 1.000000000000000000, 0.000000000000000000 ) ) ;
#488 = ORIENTED_EDGE ( 'NONE', *, *, #1839, .F. ) ;
#489 = CARTESIAN_POINT ( 'NONE',  ( 24.97925722194064235, -3.263016267008594262, 10.05809197191222992 ) ) ;
#490 = CARTESIAN_POINT ( 'NONE',  ( -10.53316187789801894, 1.683003907071667804, 11.65792680119842117 ) ) ;
#491 = EDGE_CURVE ( 'NONE', #605, #2294, #2823, .T. ) ;
#492 = DIRECTION ( 'NONE',  ( 0.000000000000000000, -0.000000000000000000, 1.000000000000000000 ) ) ;
#493 = CARTESIAN_POINT ( 'NONE',  ( 24.80046015527141989, 13.99234971330007937, 0.000000000000000000 ) ) ;
#494 = CARTESIAN_POINT ( 'NONE',  ( -24.96775652039750071, -11.07342869668087459, 10.00000000000000000 ) ) ;
#495 = DIRECTION ( 'NONE',  ( 0.000000000000000000, 1.000000000000000000, 0.000000000000000000 ) ) ;
#496 = CARTESIAN_POINT ( 'NONE',  ( -11.50449669228814820, -2.315349664153889542, 10.15681688330634636 ) ) ;
#497 = DIRECTION ( 'NONE',  ( 0.000000000000000000, 0.000000000000000000, -1.000000000000000000 ) ) ;
#498 = B_SPLINE_CURVE_WITH_KNOTS ( 'NONE', 3,
 ( #1675, #1958, #65, #2149 ),
 .UNSPECIFIED., .F., .F.,
 ( 4, 4 ),
 ( 0.000000000000000000, 1.000000000000000000 ),
 .UNSPECIFIED. ) ;
#499 = CARTESIAN_POINT ( 'NONE',  ( 24.99999999999999645, 17.50000000000000000, 10.00000000000000000 ) ) ;
#500 = LINE ( 'NONE', #1214, #2045 ) ;
#501 = DIRECTION ( 'NONE',  ( 0.000000000000000000, 0.000000000000000000, -1.000000000000000000 ) ) ;
#502 = ORIENTED_EDGE ( 'NONE', *, *, #346, .T. ) ;
#503 = CARTESIAN_POINT ( 'NONE',  ( -2.520650964818883288, 6.953645602314200147, 43.32881427875210534 ) ) ;
#504 = CARTESIAN_POINT ( 'NONE',  ( -25.00000000000000000, -9.500000000000001776, 6.833333333326575776 ) ) ;
#505 = CARTESIAN_POINT ( 'NONE',  ( -10.79623021909309877, 1.753188026962777313, 11.71053043609965627 ) ) ;
#506 = ORIENTED_EDGE ( 'NONE', *, *, #792, .F. ) ;
#507 = CARTESIAN_POINT ( 'NONE',  ( -25.00000000000000000, -9.500000000000001776, 0.000000000000000000 ) ) ;
#508 = CARTESIAN_POINT ( 'NONE',  ( 24.99999999999999645, 12.04322422617046229, -0.000000000000000000 ) ) ;
#509 = CARTESIAN_POINT ( 'NONE',  ( 10.35615758274632370, 4.500000000000003553, 19.99999998786742594 ) ) ;
#510 = DIRECTION ( 'NONE',  ( -0.000000000000000000, -0.000000000000000000, 1.000000000000000000 ) ) ;
#511 = CARTESIAN_POINT ( 'NONE',  ( -10.97047954014207960, -2.477742352311708363, 10.13620868753315385 ) ) ;
#512 = EDGE_CURVE ( 'NONE', #1315, #930, #1354, .T. ) ;
#513 = LINE ( 'NONE', #1688, #722 ) ;
#514 = CARTESIAN_POINT ( 'NONE',  ( 2.616470098409865663, 3.452499252993648682, 13.80059811663122282 ) ) ;
#515 = CARTESIAN_POINT ( 'NONE',  ( 23.24264068711927678, 17.06984848098350227, 8.487783554549372056 ) ) ;
#516 = CARTESIAN_POINT ( 'NONE',  ( -25.00000000000000000, 13.51837661840735727, -1.340176350718322640 ) ) ;
#517 = ORIENTED_EDGE ( 'NONE', *, *, #1013, .F. ) ;
#518 = CARTESIAN_POINT ( 'NONE',  ( -19.00000000000000355, 17.50000000000000000, 8.934509004788811382 ) ) ;
#519 = CARTESIAN_POINT ( 'NONE',  ( -17.00000000000000000, -17.50000000000000000, 6.833333333326575776 ) ) ;
#520 = CARTESIAN_POINT ( 'NONE',  ( 19.69116882454313711, -17.50000000000000000, 10.50000000000000000 ) ) ;
#521 = ORIENTED_EDGE ( 'NONE', *, *, #1087, .F. ) ;
#522 = CARTESIAN_POINT ( 'NONE',  ( -24.94318119179083837, -11.45882179267148260, 9.999999999999998224 ) ) ;
#523 = CARTESIAN_POINT ( 'NONE',  ( -25.00000000000000355, 17.50000000000000000, 10.00000000000000000 ) ) ;
#524 = AXIS2_PLACEMENT_3D ( 'NONE', #527, #1953, #497 ) ;
#525 = CARTESIAN_POINT ( 'NONE',  ( -3.469446951953614189E-15, 4.500000000000002665, 43.50000000000000000 ) ) ;
#526 = DIRECTION ( 'NONE',  ( -0.000000000000000000, -0.000000000000000000, 1.000000000000000000 ) ) ;
#527 = CARTESIAN_POINT ( 'NONE',  ( 9.899494936611663576, 17.50000000000000000, 15.10050506338833998 ) ) ;
#528 = CARTESIAN_POINT ( 'NONE',  ( 4.667435036789552960, 3.758446647995627998, 14.48915864084135485 ) ) ;
#529 = VECTOR ( 'NONE', #2465, 1000.000000000000000 ) ;
#530 = EDGE_CURVE ( 'NONE', #2864, #1374, #1646, .T. ) ;
#531 = CARTESIAN_POINT ( 'NONE',  ( -7.250000000000001776, -7.500000000000001776, 10.00000000000000000 ) ) ;
#532 = CARTESIAN_POINT ( 'NONE',  ( 24.26291797155875329, 15.42129723243120587, 12.06426296278606536 ) ) ;
#533 = VECTOR ( 'NONE', #599, 1000.000000000000000 ) ;
#534 = CARTESIAN_POINT ( 'NONE',  ( -4.926359862274869883, 4.500000000000003553, 42.83320107739488236 ) ) ;
#535 = ORIENTED_EDGE ( 'NONE', *, *, #1252, .T. ) ;
#536 = DIRECTION ( 'NONE',  ( 0.000000000000000000, 0.000000000000000000, -1.000000000000000000 ) ) ;
#537 = CARTESIAN_POINT ( 'NONE',  ( 24.91964488169654146, -11.68296219499569411, 10.00000000000000000 ) ) ;
#538 = ORIENTED_EDGE ( 'NONE', *, *, #1013, .T. ) ;
#539 = CARTESIAN_POINT ( 'NONE',  ( -3.867686380757741399E-10, 3.289808274840941849, 13.50000001682739459 ) ) ;
#540 = ORIENTED_EDGE ( 'NONE', *, *, #1914, .F. ) ;
#541 = FACE_BOUND ( 'NONE', #585, .T. ) ;
#542 = DIRECTION ( 'NONE',  ( 0.000000000000000000, 0.000000000000000000, -1.000000000000000000 ) ) ;
#543 = CARTESIAN_POINT ( 'NONE',  ( -14.09833852905521212, -2.498675450807905651, 10.13355238839382899 ) ) ;
#544 = CARTESIAN_POINT ( 'NONE',  ( 20.38270357526695165, -17.22037001426541281, -0.000000000000000000 ) ) ;
#545 = CARTESIAN_POINT ( 'NONE',  ( 12.49999999999999822, -7.500000000000001776, 0.000000000000000000 ) ) ;
#546 = CARTESIAN_POINT ( 'NONE',  ( 24.99999999999999289, 13.51837661840735727, 18.31574345981707097 ) ) ;
#547 = CYLINDRICAL_SURFACE ( 'NONE', #1153, 1.700000000000000178 ) ;
#548 = EDGE_CURVE ( 'NONE', #55, #904, #2854, .T. ) ;
#549 = CYLINDRICAL_SURFACE ( 'NONE', #1114, 1.700000000000000178 ) ;
#550 = VERTEX_POINT ( 'NONE', #2639 ) ;
#551 = DIRECTION ( 'NONE',  ( -0.000000000000000000, -1.000000000000000000, -0.000000000000000000 ) ) ;
#552 = EDGE_CURVE ( 'NONE', #1385, #1265, #2336, .T. ) ;
#553 = CARTESIAN_POINT ( 'NONE',  ( 24.44481069548809060, -13.84020667006013738, 9.999999999999998224 ) ) ;
#554 = EDGE_LOOP ( 'NONE', ( #1248, #2311, #1945, #1667 ) ) ;
#555 = CARTESIAN_POINT ( 'NONE',  ( -25.00000000000000000, -9.500000000000001776, 3.333333333333335702 ) ) ;
#556 = ORIENTED_EDGE ( 'NONE', *, *, #2308, .F. ) ;
#557 = CARTESIAN_POINT ( 'NONE',  ( 22.12936734323703192, 4.460114253119552785, 18.03945889937320146 ) ) ;
#558 = CARTESIAN_POINT ( 'NONE',  ( -3.466826896137443687E-15, 8.000000000000001776, 36.50000000000000711 ) ) ;
#559 = CARTESIAN_POINT ( 'NONE',  ( 0.000000000000000000, 0.000000000000000000, 0.000000000000000000 ) ) ;
#560 = CARTESIAN_POINT ( 'NONE',  ( 19.67345919746554372, -17.36163745975246542, -0.000000000000000000 ) ) ;
#561 = CARTESIAN_POINT ( 'NONE',  ( 9.899494936611660023, 4.600000000000001421, 31.39949493661166358 ) ) ;
#562 = DIRECTION ( 'NONE',  ( -0.000000000000000000, -1.000000000000000000, -0.000000000000000000 ) ) ;
#563 = CARTESIAN_POINT ( 'NONE',  ( 24.19989091481385302, 15.52512589393266396, 12.24077577122758775 ) ) ;
#564 = CARTESIAN_POINT ( 'NONE',  ( -20.00918830920367952, 17.50000000000000000, 8.487783554549370280 ) ) ;
#565 = EDGE_CURVE ( 'NONE', #785, #2419, #337, .T. ) ;
#566 = VERTEX_POINT ( 'NONE', #967 ) ;
#567 = CARTESIAN_POINT ( 'NONE',  ( -9.899494936611667129, 17.50000000000000000, 33.19949493661167139 ) ) ;
#568 = CARTESIAN_POINT ( 'NONE',  ( 24.86163745975088801, -12.17345919746564142, 9.999999999999998224 ) ) ;
#569 = EDGE_CURVE ( 'NONE', #2432, #2968, #513, .T. ) ;
#570 = ORIENTED_EDGE ( 'NONE', *, *, #155, .F. ) ;
#571 = DIRECTION ( 'NONE',  ( -0.000000000000000000, -1.000000000000000000, -0.000000000000000000 ) ) ;
#572 = ORIENTED_EDGE ( 'NONE', *, *, #887, .T. ) ;
#573 = DIRECTION ( 'NONE',  ( 9.912705577010325549E-17, -1.000000000000000000, 0.000000000000000000 ) ) ;
#574 = CARTESIAN_POINT ( 'NONE',  ( 8.995810162828911771, 1.762567733801319259, 11.71915312804566511 ) ) ;
#575 = CARTESIAN_POINT ( 'NONE',  ( -3.121550639417384421, 6.092615380361398714, 36.06860705187384042 ) ) ;
#576 = CARTESIAN_POINT ( 'NONE',  ( 0.6989835426440207389, 7.933989764747762408, 43.48760706091795214 ) ) ;
#577 = CIRCLE ( 'NONE', #2083, 18.49999999999999645 ) ;
#578 = CARTESIAN_POINT ( 'NONE',  ( -23.74024791505541643, 16.13200556850926048, 13.52804636512845526 ) ) ;
#579 = CARTESIAN_POINT ( 'NONE',  ( 25.00000000000000000, -9.500000000000001776, 10.00000000000000000 ) ) ;
#580 = AXIS2_PLACEMENT_3D ( 'NONE', #2235, #92, #1493 ) ;
#581 = CARTESIAN_POINT ( 'NONE',  ( -9.542679591550138340, 4.500000000000003553, 31.41773061237479325 ) ) ;
#582 = DIRECTION ( 'NONE',  ( -0.000000000000000000, -1.000000000000000000, -0.000000000000000000 ) ) ;
#583 = CARTESIAN_POINT ( 'NONE',  ( -21.01837661840735905, 17.50000000000000000, 28.14370336508475390 ) ) ;
#584 = CIRCLE ( 'NONE', #2681, 18.49999999999999645 ) ;
#585 = EDGE_LOOP ( 'NONE', ( #1926, #765 ) ) ;
#586 = FACE_OUTER_BOUND ( 'NONE', #387, .T. ) ;
#587 = AXIS2_PLACEMENT_3D ( 'NONE', #1872, #1705, #1685 ) ;
#588 = CARTESIAN_POINT ( 'NONE',  ( 24.79151111969106225, -12.56602029980414592, 10.00000000000000000 ) ) ;
#589 = VERTEX_POINT ( 'NONE', #302 ) ;
#590 = CARTESIAN_POINT ( 'NONE',  ( 6.661107662528534590, 3.434865695422119725, 13.76683239322396979 ) ) ;
#591 = EDGE_LOOP ( 'NONE', ( #799, #1558, #1929, #2879, #841, #1749 ) ) ;
#592 = CARTESIAN_POINT ( 'NONE',  ( -6.417730612374798582, 4.550000000000001599, 34.54267959155013301 ) ) ;
#593 = EDGE_CURVE ( 'NONE', #1524, #663, #2463, .T. ) ;
#594 = CARTESIAN_POINT ( 'NONE',  ( 9.899494936611660023, 4.600000000000001421, 36.59949493661166997 ) ) ;
#595 = CARTESIAN_POINT ( 'NONE',  ( -1.376202627155242331, 7.737496676487896075, 36.42240336706490922 ) ) ;
#596 = LINE ( 'NONE', #1529, #1446 ) ;
#597 = CARTESIAN_POINT ( 'NONE',  ( -24.12160728501651619, 15.64602967550720791, 12.46001595257462924 ) ) ;
#598 = CARTESIAN_POINT ( 'NONE',  ( -9.089396429758313189, 1.731920149896556405, 11.69537941048521823 ) ) ;
#599 = DIRECTION ( 'NONE',  ( -0.000000000000000000, 1.000000000000000000, -0.000000000000000000 ) ) ;
#600 = CARTESIAN_POINT ( 'NONE',  ( -24.80886072789218488, 13.95444253727339223, -0.000000000000000000 ) ) ;
#601 = VERTEX_POINT ( 'NONE', #381 ) ;
#602 = DIRECTION ( 'NONE',  ( 0.000000000000000000, 0.000000000000000000, 1.000000000000000000 ) ) ;
#603 = CARTESIAN_POINT ( 'NONE',  ( 9.899494936611660023, 4.500000000000002665, 36.59949493661166997 ) ) ;
#604 = EDGE_LOOP ( 'NONE', ( #2635, #2771, #1167, #260, #810, #1278, #2403, #2434, #955, #2831, #1837, #2722, #121, #2765 ) ) ;
#605 = VERTEX_POINT ( 'NONE', #1545 ) ;
#606 = CYLINDRICAL_SURFACE ( 'NONE', #580, 2.649999999999999467 ) ;
#607 = CARTESIAN_POINT ( 'NONE',  ( 7.998697951253552318, 2.268281656347942654, 12.15930584353481692 ) ) ;
#608 = EDGE_CURVE ( 'NONE', #20, #2751, #2713, .T. ) ;
#609 = CARTESIAN_POINT ( 'NONE',  ( -2.848049352384174782, 6.541785966223399917, 36.14230873418352985 ) ) ;
#610 = CARTESIAN_POINT ( 'NONE',  ( -17.00000000000000000, -17.50000000000000000, 3.333333333333335702 ) ) ;
#611 = CARTESIAN_POINT ( 'NONE',  ( -24.03384406406364704, 15.77171192984011583, 12.70580456159952654 ) ) ;
#612 = CARTESIAN_POINT ( 'NONE',  ( -8.375526859081249498, 2.040026353053841834, 11.94903895676784344 ) ) ;
#613 = ADVANCED_FACE ( 'NONE', ( #1335 ), #2993, .F. ) ;
#614 = DIRECTION ( 'NONE',  ( -0.000000000000000000, -1.000000000000000000, -0.000000000000000000 ) ) ;
#615 = CARTESIAN_POINT ( 'NONE',  ( 22.61405468006234187, 16.92301716961582514, 16.68204943972892451 ) ) ;
#616 = CARTESIAN_POINT ( 'NONE',  ( -12.83374364130773770, 3.103260023425557623, 13.19195702573391848 ) ) ;
#617 = ORIENTED_EDGE ( 'NONE', *, *, #731, .F. ) ;
#618 = DIRECTION ( 'NONE',  ( -0.000000000000000000, -0.000000000000000000, 1.000000000000000000 ) ) ;
#619 = DIRECTION ( 'NONE',  ( 0.000000000000000000, 0.000000000000000000, -1.000000000000000000 ) ) ;
#620 = ORIENTED_EDGE ( 'NONE', *, *, #440, .T. ) ;
#621 = DIRECTION ( 'NONE',  ( -0.000000000000000000, -1.000000000000000000, -0.000000000000000000 ) ) ;
#622 = DIRECTION ( 'NONE',  ( 0.000000000000000000, 1.000000000000000000, 0.000000000000000000 ) ) ;
#623 = CARTESIAN_POINT ( 'NONE',  ( 8.248626729812572833, 2.112385510087668283, 12.01429271920066633 ) ) ;
#624 = DIRECTION ( 'NONE',  ( -0.000000000000000000, -1.000000000000000000, -0.000000000000000000 ) ) ;
#625 = CARTESIAN_POINT ( 'NONE',  ( -20.68810865817319211, 17.43317575665428265, 22.07583044089990665 ) ) ;
#626 = CARTESIAN_POINT ( 'NONE',  ( -22.51372479144922423, -16.46861133734971006, -0.000000000000000000 ) ) ;
#627 = CARTESIAN_POINT ( 'NONE',  ( 3.334852265616219835, 5.581983255620437845, 43.19710092854464989 ) ) ;
#628 = CARTESIAN_POINT ( 'NONE',  ( 22.76451383414486784, 16.84957986757184756, 16.26067536303148842 ) ) ;
#629 = AXIS2_PLACEMENT_3D ( 'NONE', #1136, #2505, #2072 ) ;
#630 = EDGE_CURVE ( 'NONE', #2118, #2432, #2431, .T. ) ;
#631 = ORIENTED_EDGE ( 'NONE', *, *, #324, .T. ) ;
#632 = AXIS2_PLACEMENT_3D ( 'NONE', #1639, #1189, #2570 ) ;
#633 = DIRECTION ( 'NONE',  ( -0.000000000000000000, -1.000000000000000000, -0.000000000000000000 ) ) ;
#634 = VECTOR ( 'NONE', #2005, 1000.000000000000000 ) ;
#635 = ORIENTED_EDGE ( 'NONE', *, *, #2460, .T. ) ;
#636 = ORIENTED_EDGE ( 'NONE', *, *, #1457, .T. ) ;
#637 = CIRCLE ( 'NONE', #1360, 3.500000000000003109 ) ;
#638 = VECTOR ( 'NONE', #754, 1000.000000000000114 ) ;
#639 = CARTESIAN_POINT ( 'NONE',  ( 7.511341714251484447, 2.621469235541739717, 12.54128074707386453 ) ) ;
#640 = CARTESIAN_POINT ( 'NONE',  ( -22.89750193053340510, 4.176867104256948515, 15.88823051798923025 ) ) ;
#641 = CARTESIAN_POINT ( 'NONE',  ( -22.34861182569088101, 17.03850919879273818, 17.42544546876250067 ) ) ;
#642 = B_SPLINE_CURVE_WITH_KNOTS ( 'NONE', 3,
 ( #108, #1041, #2917, #2685 ),
 .UNSPECIFIED., .F., .F.,
 ( 4, 4 ),
 ( 0.000000000000000000, 1.000000000000000000 ),
 .UNSPECIFIED. ) ;
#643 = CARTESIAN_POINT ( 'NONE',  ( -6.417730612374794141, 4.072257838165779020, 15.45732040844986521 ) ) ;
#644 = CARTESIAN_POINT ( 'NONE',  ( 2.261043160002988550, 7.177298488359301842, 36.27628373454786725 ) ) ;
#645 = CARTESIAN_POINT ( 'NONE',  ( 21.28759846632520691, 17.34607026751842440, 20.39690657654664463 ) ) ;
#646 = EDGE_LOOP ( 'NONE', ( #149, #2405, #226, #1474, #210, #886 ) ) ;
#647 = ADVANCED_FACE ( 'NONE', ( #908 ), #922, .F. ) ;
#648 = CARTESIAN_POINT ( 'NONE',  ( 9.166666666666667851, 4.500000000000002665, 18.31801948466053531 ) ) ;
#649 = VERTEX_POINT ( 'NONE', #423 ) ;
#650 = EDGE_CURVE ( 'NONE', #649, #1963, #1842, .T. ) ;
#651 = CARTESIAN_POINT ( 'NONE',  ( -5.738717417570546431, 3.948970656554131597, 15.03319418864030332 ) ) ;
#652 = CARTESIAN_POINT ( 'NONE',  ( 13.25896611800385116, 3.602762745315818194, 14.11731166696099393 ) ) ;
#653 = CARTESIAN_POINT ( 'NONE',  ( -22.20960693697865196, 4.445713877509429146, 17.81474086919666533 ) ) ;
#654 = CARTESIAN_POINT ( 'NONE',  ( -25.00000000000000355, 11.50000000000000355, 10.00000000000000000 ) ) ;
#655 = CARTESIAN_POINT ( 'NONE',  ( -18.95882179264737033, -17.44318119179454030, 0.000000000000000000 ) ) ;
#656 = CARTESIAN_POINT ( 'NONE',  ( 25.00000000000000000, -10.84558441227157033, -0.5000000000000004441 ) ) ;
#657 = CYLINDRICAL_SURFACE ( 'NONE', #1259, 3.499999999999999556 ) ;
#658 = CARTESIAN_POINT ( 'NONE',  ( 9.899494936611663576, 4.500000000000002665, 15.10050506338833998 ) ) ;
#659 = CARTESIAN_POINT ( 'NONE',  ( 10.98049337126984248, -2.474703559208431436, 10.13659444531245590 ) ) ;
#660 = CARTESIAN_POINT ( 'NONE',  ( -12.86246925131123042, 3.132171025957550370, 13.23742185727774157 ) ) ;
#661 = ORIENTED_EDGE ( 'NONE', *, *, #919, .T. ) ;
#662 = CARTESIAN_POINT ( 'NONE',  ( 19.00000000000000711, 17.50000000000000000, 0.000000000000000000 ) ) ;
#663 = VERTEX_POINT ( 'NONE', #2543 ) ;
#664 = ORIENTED_EDGE ( 'NONE', *, *, #2715, .T. ) ;
#665 = DIRECTION ( 'NONE',  ( 0.000000000000000000, 0.000000000000000000, 1.000000000000000000 ) ) ;
#666 = EDGE_CURVE ( 'NONE', #1203, #1633, #1617, .T. ) ;
#667 = CARTESIAN_POINT ( 'NONE',  ( 12.98615396998369143, 4.333132666139407618, 16.75423524390135199 ) ) ;
#668 = CARTESIAN_POINT ( 'NONE',  ( -24.67031328830423220, 0.5797825138599057571, 10.92331659437624936 ) ) ;
#669 = DIRECTION ( 'NONE',  ( -0.000000000000000000, -0.000000000000000000, 1.000000000000000000 ) ) ;
#670 = CARTESIAN_POINT ( 'NONE',  ( -19.38800354522581770, -17.40070399956568892, -0.000000000000000000 ) ) ;
#671 = CARTESIAN_POINT ( 'NONE',  ( -20.25537696343134542, 17.47118661485186664, 0.000000000000000000 ) ) ;
#672 = CARTESIAN_POINT ( 'NONE',  ( 14.02952046077390413, -2.477742352590671437, 10.13620868749776527 ) ) ;
#673 = ORIENTED_EDGE ( 'NONE', *, *, #116, .F. ) ;
#674 = CARTESIAN_POINT ( 'NONE',  ( -3.469446951953614189E-15, 17.50000000000000000, 25.00000000000000000 ) ) ;
#675 = AXIS2_PLACEMENT_3D ( 'NONE', #1526, #2436, #2469 ) ;
#676 = ORIENTED_EDGE ( 'NONE', *, *, #1570, .F. ) ;
#677 = DIRECTION ( 'NONE',  ( -0.000000000000000000, -1.000000000000000000, -0.000000000000000000 ) ) ;
#678 = VECTOR ( 'NONE', #1942, 1000.000000000000000 ) ;
#679 = CARTESIAN_POINT ( 'NONE',  ( -9.899494936611667129, 4.500000000000002665, 34.89949493661166713 ) ) ;
#680 = ORIENTED_EDGE ( 'NONE', *, *, #307, .F. ) ;
#681 = CARTESIAN_POINT ( 'NONE',  ( 12.96572023691561171, 3.237981127057254049, 13.40848337750837338 ) ) ;
#682 = CIRCLE ( 'NONE', #1357, 11.50000000000000355 ) ;
#683 = EDGE_CURVE ( 'NONE', #118, #816, #739, .T. ) ;
#684 = CARTESIAN_POINT ( 'NONE',  ( 20.11136467621506441, 17.47953920210211720, -0.000000000000000000 ) ) ;
#685 = CARTESIAN_POINT ( 'NONE',  ( -20.24910431134724575, -17.25026667957705229, -0.000000000000000000 ) ) ;
#686 = AXIS2_PLACEMENT_3D ( 'NONE', #2559, #1684, #2616 ) ;
#687 = DIRECTION ( 'NONE',  ( -9.912705577010325549E-17, 1.000000000000000000, -0.000000000000000000 ) ) ;
#688 = CARTESIAN_POINT ( 'NONE',  ( -25.00000000000000000, -17.50000000000000000, 10.00000000000000000 ) ) ;
#689 = CARTESIAN_POINT ( 'NONE',  ( 15.44424682690629425, -3.153275186347169967, 10.06660314318369309 ) ) ;
#690 = EDGE_LOOP ( 'NONE', ( #39, #278 ) ) ;
#691 = DIRECTION ( 'NONE',  ( 0.000000000000000000, 0.000000000000000000, -1.000000000000000000 ) ) ;
#692 = ORIENTED_EDGE ( 'NONE', *, *, #471, .T. ) ;
#693 = CARTESIAN_POINT ( 'NONE',  ( 24.99586735236160706, 12.14178239933080583, 10.01157384270544703 ) ) ;
#694 = CARTESIAN_POINT ( 'NONE',  ( -3.260393425532601697, 5.772727272727278702, 43.21043202976644437 ) ) ;
#695 = CARTESIAN_POINT ( 'NONE',  ( 24.14262217781566022, 2.498205783659666945, 12.40116189943223901 ) ) ;
#696 = DIRECTION ( 'NONE',  ( 1.000000000000000000, 0.000000000000000000, 0.000000000000000000 ) ) ;
#697 = CARTESIAN_POINT ( 'NONE',  ( 12.88548246707681422, 3.155488117333042464, 13.27460003791519938 ) ) ;
#698 = CARTESIAN_POINT ( 'NONE',  ( 20.24080498683750662, 17.47213167365170960, -0.000000000000000000 ) ) ;
#699 = EDGE_CURVE ( 'NONE', #1315, #1510, #1669, .T. ) ;
#700 = CARTESIAN_POINT ( 'NONE',  ( 2.515307548400444571, 6.939973627752367591, 36.22230453028186048 ) ) ;
#701 = CARTESIAN_POINT ( 'NONE',  ( -20.27758290887896919, 17.46970892325670022, -0.000000000000000000 ) ) ;
#702 = ADVANCED_FACE ( 'NONE', ( #541, #2390, #2372, #1917, #2887, #2170 ), #2587, .F. ) ;
#703 = ORIENTED_EDGE ( 'NONE', *, *, #1782, .T. ) ;
#704 = CARTESIAN_POINT ( 'NONE',  ( -9.899494936611667129, 4.500000000000002665, 34.89949493661166713 ) ) ;
#705 = ORIENTED_EDGE ( 'NONE', *, *, #2322, .T. ) ;
#706 = CARTESIAN_POINT ( 'NONE',  ( -1.048530260677526416, 3.316841907499360254, 13.54475498503721020 ) ) ;
#707 = CARTESIAN_POINT ( 'NONE',  ( -1.831761572150707673, 7.487547755476025024, 43.40966765939328553 ) ) ;
#708 = CARTESIAN_POINT ( 'NONE',  ( -25.00000000000000000, -10.84558441227157033, -0.5000000000000004441 ) ) ;
#709 = CARTESIAN_POINT ( 'NONE',  ( 11.20332837701205619, 1.927371585001120824, 11.85242281151326438 ) ) ;
#710 = CARTESIAN_POINT ( 'NONE',  ( -24.98328844384534264, 12.55461604068429615, 10.04680218088282118 ) ) ;
#711 = CYLINDRICAL_SURFACE ( 'NONE', #2730, 3.499999999999999556 ) ;
#712 = CARTESIAN_POINT ( 'NONE',  ( -12.02280004017044668, -2.249986136413330229, 10.16707988633074855 ) ) ;
#713 = CARTESIAN_POINT ( 'NONE',  ( 7.849422897010779998, -5.005984220534806184, 10.00000000000000355 ) ) ;
#714 = ORIENTED_EDGE ( 'NONE', *, *, #1731, .F. ) ;
#715 = ADVANCED_FACE ( 'NONE', ( #1683, #2615 ), #1450, .F. ) ;
#716 = FACE_OUTER_BOUND ( 'NONE', #1055, .T. ) ;
#717 = VERTEX_POINT ( 'NONE', #1009 ) ;
#718 = CARTESIAN_POINT ( 'NONE',  ( -0.6951630931418169013, 7.934737282801552105, 43.48774626271260502 ) ) ;
#719 = CARTESIAN_POINT ( 'NONE',  ( -19.69116882454313711, -17.50000000000000000, 3.166666666666666075 ) ) ;
#720 = DIRECTION ( 'NONE',  ( 0.000000000000000000, 0.000000000000000000, 1.000000000000000000 ) ) ;
#721 = CARTESIAN_POINT ( 'NONE',  ( -19.67345919745955385, -17.36163745975104078, 9.999999999999998224 ) ) ;
#722 = VECTOR ( 'NONE', #1936, 1000.000000000000000 ) ;
#723 = DIRECTION ( 'NONE',  ( -1.000000000000000000, 0.000000000000000000, -0.000000000000000000 ) ) ;
#724 = CARTESIAN_POINT ( 'NONE',  ( 6.417730612374794141, 4.072257838165779908, 15.45732040844986699 ) ) ;
#725 = CARTESIAN_POINT ( 'NONE',  ( -15.83560763801432358, -3.415413414229693245, 10.04520352522381899 ) ) ;
#726 = CARTESIAN_POINT ( 'NONE',  ( 24.96381011650186110, -11.13913753701174159, -0.000000000000000000 ) ) ;
#727 = DIRECTION ( 'NONE',  ( 0.000000000000000000, -0.000000000000000000, 1.000000000000000000 ) ) ;
#728 = AXIS2_PLACEMENT_3D ( 'NONE', #1736, #2010, #2666 ) ;
#729 = CARTESIAN_POINT ( 'NONE',  ( 20.00918830920366887, 17.50000000000000000, 8.487783554549372056 ) ) ;
#730 = LINE ( 'NONE', #261, #2827 ) ;
#731 = EDGE_CURVE ( 'NONE', #106, #834, #2876, .T. ) ;
#732 = VERTEX_POINT ( 'NONE', #478 ) ;
#733 = CARTESIAN_POINT ( 'NONE',  ( -2.266209081930171010, 7.190253629457269646, 43.36298318746315061 ) ) ;
#734 = CARTESIAN_POINT ( 'NONE',  ( -25.00000000000000000, -10.84558441227157033, 10.50000000000000000 ) ) ;
#735 = CARTESIAN_POINT ( 'NONE',  ( -10.38202127893598892, 1.650404862960553665, 11.63379171303625093 ) ) ;
#736 = EDGE_CURVE ( 'NONE', #2419, #1238, #1176, .T. ) ;
#737 = ORIENTED_EDGE ( 'NONE', *, *, #424, .T. ) ;
#738 = CARTESIAN_POINT ( 'NONE',  ( 21.42932106166151840, 4.500000000000002665, 19.99999999999999645 ) ) ;
#739 = LINE ( 'NONE', #1404, #24 ) ;
#740 = DIRECTION ( 'NONE',  ( -0.000000000000000000, -0.000000000000000000, 1.000000000000000000 ) ) ;
#741 = CARTESIAN_POINT ( 'NONE',  ( -13.91161986535544592, -2.443132549786545926, 10.14062577515529107 ) ) ;
#742 = CARTESIAN_POINT ( 'NONE',  ( 24.96514697419009465, -11.11751818676150272, -0.000000000000000000 ) ) ;
#743 = B_SPLINE_CURVE_WITH_KNOTS ( 'NONE', 3,
 ( #1962, #1748, #1054, #2679, #590, #800, #361, #2898, #1282, #2217, #330, #282, #1209, #981, #2252, #364, #2456, #1781, #1285, #639, #2220, #169, #1088, #607, #2710, #1769, #1752, #818, #1995, #395, #623, #1100, #2900, #2935, #836, #802, #2726, #1561, #2697, #574, #1542, #157, #2024, #378, #2958, #847, #1319, #1980, #126, #1527 ),
 .UNSPECIFIED., .F., .F.,
 ( 4, 2, 2, 1, 2, 2, 2, 2, 2, 2, 1, 2, 2, 2, 1, 1, 2, 2, 2, 2, 2, 2, 2, 1, 2, 1, 2, 4 ),
 ( 0.000000000000000000, 0.08732230527157835986, 0.1091528815894729498, 0.1200681697484202448, 0.1227969917881570755, 0.1255258138278939339, 0.1309834579073677063, 0.1746446105431585516, 0.1855598987021061519, 0.1882887207418431907, 0.1910175427815802296, 0.1964751868610543073, 0.2183057631789506736, 0.2401363394968470399, 0.2455939835763212564, 0.2483228056160583785, 0.2496872166359272172, 0.2510516276557960280, 0.2619669158147465704, 0.2837974921326474886, 0.2947127802915978090, 0.2974416023313352087, 0.3001704243710726638, 0.3056280684505472967, 0.3274586447684460500, 0.3383739329273955376, 0.3438315770068703370, 0.3492892210863450808 ),
 .UNSPECIFIED. ) ;
#744 = CARTESIAN_POINT ( 'NONE',  ( 2.764315248214085585, 3.470107773333965362, 13.83611752010934559 ) ) ;
#745 = CARTESIAN_POINT ( 'NONE',  ( -20.00918830920367952, 17.50000000000000000, 18.31574345981705676 ) ) ;
#746 = ORIENTED_EDGE ( 'NONE', *, *, #346, .F. ) ;
#747 = CARTESIAN_POINT ( 'NONE',  ( -1.678925844818015767, 7.575965033826441264, 43.42433142778035204 ) ) ;
#748 = DIRECTION ( 'NONE',  ( 0.000000000000000000, 0.000000000000000000, -1.000000000000000000 ) ) ;
#749 = CARTESIAN_POINT ( 'NONE',  ( -11.01859899831041822, 1.836925060180575109, 11.77511417708028141 ) ) ;
#750 = EDGE_LOOP ( 'NONE', ( #293, #2538, #88, #199 ) ) ;
#751 = CARTESIAN_POINT ( 'NONE',  ( -20.38270357526591425, -17.22037001426606651, 10.00000000000000000 ) ) ;
#752 = DIRECTION ( 'NONE',  ( 0.000000000000000000, -0.000000000000000000, -1.000000000000000000 ) ) ;
#753 = EDGE_CURVE ( 'NONE', #2019, #2645, #1011, .T. ) ;
#754 = DIRECTION ( 'NONE',  ( 0.3362737846613971238, 0.000000000000000000, -0.9417642707968381099 ) ) ;
#755 = DIRECTION ( 'NONE',  ( 0.000000000000000000, -0.000000000000000000, 1.000000000000000000 ) ) ;
#756 = CARTESIAN_POINT ( 'NONE',  ( -12.50000000000000178, -7.500000000000001776, 10.00000000000000000 ) ) ;
#757 = DIRECTION ( 'NONE',  ( 0.000000000000000000, 0.000000000000000000, -1.000000000000000000 ) ) ;
#758 = CARTESIAN_POINT ( 'NONE',  ( 2.987755689214737664, 3.498550531427093713, 13.89462996358768443 ) ) ;
#759 = CARTESIAN_POINT ( 'NONE',  ( 21.01837661840734839, 17.50000000000000000, 8.487783554549372056 ) ) ;
#760 = CARTESIAN_POINT ( 'NONE',  ( -0.5129110987696925417, 3.295179333655051224, 13.50830838104566922 ) ) ;
#761 = CARTESIAN_POINT ( 'NONE',  ( -4.732931574194202184, 4.528526541654898985, 42.88540176997976516 ) ) ;
#762 = ORIENTED_EDGE ( 'NONE', *, *, #2769, .F. ) ;
#763 = DIRECTION ( 'NONE',  ( 1.000000000000000000, 0.000000000000000000, 0.000000000000000000 ) ) ;
#764 = DIRECTION ( 'NONE',  ( -0.000000000000000000, -0.000000000000000000, 1.000000000000000000 ) ) ;
#765 = ORIENTED_EDGE ( 'NONE', *, *, #1822, .T. ) ;
#766 = CARTESIAN_POINT ( 'NONE',  ( -25.00000000000000000, -9.500000000000001776, 10.00000000000000000 ) ) ;
#767 = ORIENTED_EDGE ( 'NONE', *, *, #2496, .F. ) ;
#768 = CARTESIAN_POINT ( 'NONE',  ( 24.93972667018416445, 13.13727501343849546, -0.000000000000000000 ) ) ;
#769 = AXIS2_PLACEMENT_3D ( 'NONE', #853, #582, #1501 ) ;
#770 = EDGE_CURVE ( 'NONE', #605, #1717, #2203, .T. ) ;
#771 = CARTESIAN_POINT ( 'NONE',  ( -9.899494936611663576, 17.50000000000000000, 13.40050506338834246 ) ) ;
#772 = CARTESIAN_POINT ( 'NONE',  ( -13.96967465081669602, -2.459853128413576950, 10.13848517089469858 ) ) ;
#773 = CARTESIAN_POINT ( 'NONE',  ( 24.74514677812020480, -12.77259670012839976, -0.000000000000000000 ) ) ;
#774 = CARTESIAN_POINT ( 'NONE',  ( 6.107278051788254558, 4.015935160805838677, 15.25161228857967899 ) ) ;
#775 = AXIS2_PLACEMENT_3D ( 'NONE', #2134, #1425, #458 ) ;
#776 = EDGE_CURVE ( 'NONE', #1931, #1245, #1306, .T. ) ;
#777 = CARTESIAN_POINT ( 'NONE',  ( 24.99999999999999289, 13.51837661840735727, 8.487783554549372056 ) ) ;
#778 = CARTESIAN_POINT ( 'NONE',  ( -5.032737152436250305, 3.822466891365106978, 14.65968124346675161 ) ) ;
#779 = CIRCLE ( 'NONE', #2491, 5.249999999999999112 ) ;
#780 = CARTESIAN_POINT ( 'NONE',  ( -3.841541712153345500, 4.951964529623663402, 43.09754899357503888 ) ) ;
#781 = VECTOR ( 'NONE', #230, 1000.000000000000114 ) ;
#782 = EDGE_LOOP ( 'NONE', ( #2298, #1618, #2167, #1894 ) ) ;
#783 = CARTESIAN_POINT ( 'NONE',  ( 16.99999999999999289, -17.50000000000000000, 0.000000000000000000 ) ) ;
#784 = DIRECTION ( 'NONE',  ( 1.000000000000000000, 0.000000000000000000, 0.000000000000000000 ) ) ;
#785 = VERTEX_POINT ( 'NONE', #328 ) ;
#786 = FACE_OUTER_BOUND ( 'NONE', #1219, .T. ) ;
#787 = ORIENTED_EDGE ( 'NONE', *, *, #650, .T. ) ;
#788 = DIRECTION ( 'NONE',  ( -0.000000000000000000, -1.000000000000000000, -0.000000000000000000 ) ) ;
#789 = DIRECTION ( 'NONE',  ( -0.000000000000000000, -1.000000000000000000, -0.000000000000000000 ) ) ;
#790 = CARTESIAN_POINT ( 'NONE',  ( 20.35388211953989313, -17.22697700661934661, -0.000000000000000000 ) ) ;
#791 = CARTESIAN_POINT ( 'NONE',  ( -8.231434312082718918, 2.122511683862096543, 12.02356016109920667 ) ) ;
#792 = EDGE_CURVE ( 'NONE', #2370, #649, #1215, .T. ) ;
#793 = DIRECTION ( 'NONE',  ( -0.000000000000000000, -1.000000000000000000, -0.000000000000000000 ) ) ;
#794 = CARTESIAN_POINT ( 'NONE',  ( 24.16755385469461714, 15.57610315685463753, 12.33133854844068544 ) ) ;
#795 = EDGE_CURVE ( 'NONE', #2864, #2387, #2696, .T. ) ;
#796 = CARTESIAN_POINT ( 'NONE',  ( -24.56984848098349872, 15.74264068711928743, 28.14370336508475390 ) ) ;
#797 = ORIENTED_EDGE ( 'NONE', *, *, #2753, .F. ) ;
#798 = CARTESIAN_POINT ( 'NONE',  ( 23.59790113425336600, -15.38883566270454040, 10.00000000000000000 ) ) ;
#799 = ORIENTED_EDGE ( 'NONE', *, *, #569, .F. ) ;
#800 = CARTESIAN_POINT ( 'NONE',  ( 6.739210947423191378, 3.343048235853523842, 13.59499390776685779 ) ) ;
#801 = ORIENTED_EDGE ( 'NONE', *, *, #2581, .F. ) ;
#802 = CARTESIAN_POINT ( 'NONE',  ( 8.834862426294369797, 1.822006284677929244, 11.76583904840900985 ) ) ;
#803 = CARTESIAN_POINT ( 'NONE',  ( 15.82464418826888242, -3.434902954139624764, 10.04698979100733602 ) ) ;
#804 = CARTESIAN_POINT ( 'NONE',  ( -24.98670230349453902, -3.589824606745435354, 10.03724136707642600 ) ) ;
#805 = CARTESIAN_POINT ( 'NONE',  ( -20.73032236822487917, 17.42838288871628905, 21.95760723802822412 ) ) ;
#806 = PLANE ( 'NONE',  #191 ) ;
#807 = CARTESIAN_POINT ( 'NONE',  ( 3.689294378117895956, 5.091384518163121875, 43.12886595574624238 ) ) ;
#808 = CARTESIAN_POINT ( 'NONE',  ( 23.05237395026601988, 16.69062914454492486, 15.45449782343145628 ) ) ;
#809 = CARTESIAN_POINT ( 'NONE',  ( -20.00918830920367952, 17.50000000000000000, -1.340176350718322640 ) ) ;
#810 = ORIENTED_EDGE ( 'NONE', *, *, #1968, .T. ) ;
#811 = EDGE_CURVE ( 'NONE', #649, #1840, #2022, .T. ) ;
#812 = CARTESIAN_POINT ( 'NONE',  ( -25.00000000000000355, 17.50000000000000000, 0.000000000000000000 ) ) ;
#813 = CARTESIAN_POINT ( 'NONE',  ( 24.99999999999999645, -10.22422808152066764, 9.999999999999996447 ) ) ;
#814 = ORIENTED_EDGE ( 'NONE', *, *, #1551, .F. ) ;
#815 = CARTESIAN_POINT ( 'NONE',  ( 9.899494936611660023, 4.600000000000001421, 34.89949493661166713 ) ) ;
#816 = VERTEX_POINT ( 'NONE', #2219 ) ;
#817 = CARTESIAN_POINT ( 'NONE',  ( 22.85689183855857820, 4.201279430756913236, 16.00196264758172049 ) ) ;
#818 = CARTESIAN_POINT ( 'NONE',  ( 8.221885086372875406, 2.128173120125510742, 12.02873899068081975 ) ) ;
#819 = CARTESIAN_POINT ( 'NONE',  ( -21.42932106166151840, 4.500000000000002665, 20.00000000000000355 ) ) ;
#820 = CARTESIAN_POINT ( 'NONE',  ( -24.98184461859488792, -3.365413991719556464, 10.05084574031618239 ) ) ;
#821 = CARTESIAN_POINT ( 'NONE',  ( -24.12004803467389635, 15.64834852303384061, 12.46438277011704088 ) ) ;
#822 = CARTESIAN_POINT ( 'NONE',  ( 9.899494936611663576, 4.500000000000002665, 11.60050506338833998 ) ) ;
#823 = AXIS2_PLACEMENT_3D ( 'NONE', #308, #2400, #1428 ) ;
#824 = DIRECTION ( 'NONE',  ( 0.000000000000000000, 0.000000000000000000, 1.000000000000000000 ) ) ;
#825 = CARTESIAN_POINT ( 'NONE',  ( -25.00000000000000000, -17.50000000000000000, 10.00000000000000000 ) ) ;
#826 = AXIS2_PLACEMENT_3D ( 'NONE', #704, #1632, #501 ) ;
#827 = VECTOR ( 'NONE', #1969, 1000.000000000000000 ) ;
#828 = ORIENTED_EDGE ( 'NONE', *, *, #1839, .T. ) ;
#829 = LINE ( 'NONE', #2660, #1994 ) ;
#830 = CIRCLE ( 'NONE', #242, 3.499999999999999556 ) ;
#831 = CYLINDRICAL_SURFACE ( 'NONE', #962, 5.250000000000000000 ) ;
#832 = ORIENTED_EDGE ( 'NONE', *, *, #2076, .F. ) ;
#833 = LINE ( 'NONE', #1734, #1604 ) ;
#834 = VERTEX_POINT ( 'NONE', #347 ) ;
#835 = CARTESIAN_POINT ( 'NONE',  ( 22.07073947475139875, 4.468779594235611441, 18.20365139468868421 ) ) ;
#836 = CARTESIAN_POINT ( 'NONE',  ( 8.668167879596797576, 1.891885471610090796, 11.82215289612602582 ) ) ;
#837 = LINE ( 'NONE', #2686, #1062 ) ;
#838 = CARTESIAN_POINT ( 'NONE',  ( -8.667671589739667226, 1.892115125389489005, 11.82234110779479863 ) ) ;
#839 = CARTESIAN_POINT ( 'NONE',  ( 3.838103726845386365, 4.954732117903629884, 43.09828165502347730 ) ) ;
#840 = CARTESIAN_POINT ( 'NONE',  ( -24.97581739029812198, 12.68006067835959527, -0.000000000000000000 ) ) ;
#841 = ORIENTED_EDGE ( 'NONE', *, *, #307, .T. ) ;
#842 = DIRECTION ( 'NONE',  ( 1.000000000000000000, 0.000000000000000000, 0.000000000000000000 ) ) ;
#843 = PLANE ( 'NONE',  #138 ) ;
#844 = EDGE_LOOP ( 'NONE', ( #2970, #992 ) ) ;
#845 = CARTESIAN_POINT ( 'NONE',  ( -9.899494936611663576, 4.600000000000001421, 15.10050506338833998 ) ) ;
#846 = CARTESIAN_POINT ( 'NONE',  ( -9.542679591550138340, 4.484344679145448431, 18.58226938762520675 ) ) ;
#847 = CARTESIAN_POINT ( 'NONE',  ( 9.677009792871784200, 1.613671594721846958, 11.60655499992602202 ) ) ;
#848 = CARTESIAN_POINT ( 'NONE',  ( -12.50000000000000178, -7.500000000000001776, 0.000000000000000000 ) ) ;
#849 = ADVANCED_FACE ( 'NONE', ( #2187 ), #606, .F. ) ;
#850 = CARTESIAN_POINT ( 'NONE',  ( -22.23638253886250027, 17.08249609690172122, 17.73975344426647283 ) ) ;
#851 = LINE ( 'NONE', #822, #1954 ) ;
#852 = LINE ( 'NONE', #2655, #827 ) ;
#853 = CARTESIAN_POINT ( 'NONE',  ( -9.899494936611667129, 17.50000000000000000, 34.89949493661166713 ) ) ;
#854 = ORIENTED_EDGE ( 'NONE', *, *, #1292, .T. ) ;
#855 = CARTESIAN_POINT ( 'NONE',  ( -27.50000000000000355, 4.500000000000002665, 20.00000000000000000 ) ) ;
#856 = ORIENTED_EDGE ( 'NONE', *, *, #2308, .T. ) ;
#857 = EDGE_LOOP ( 'NONE', ( #247, #2541, #2216, #2468, #2510, #1098, #51, #2031, #1024, #737, #2628, #322, #787, #1409, #1480 ) ) ;
#858 = B_SPLINE_CURVE_WITH_KNOTS ( 'NONE', 3,
 ( #985, #2592, #1194, #2160, #2807, #514, #744, #758, #1408, #2335, #2621, #303, #259, #2130, #1423, #1642, #2575, #2872, #528, #1456, #2395, #1228, #1937, #1181, #1438, #774, #1709, #999 ),
 .UNSPECIFIED., .F., .F.,
 ( 4, 2, 2, 2, 1, 1, 2, 2, 2, 2, 1, 1, 2, 2, 2, 4 ),
 ( 0.5014419982857100111, 0.6260814987142853116, 0.6884012489285729064, 0.7195611240357168148, 0.7351410615892888245, 0.7429310303660747739, 0.7468260147544676375, 0.7507209991428606122, 0.8130407493571463196, 0.8442006244642891177, 0.8597805620178605723, 0.8675705307946461886, 0.8714655151830390523, 0.8753604995714318049, 0.9376802497857159580, 1.000000000000000000 ),
 .UNSPECIFIED. ) ;
#859 = CARTESIAN_POINT ( 'NONE',  ( -6.417730612374798582, 4.500000000000002665, 34.54267959155013301 ) ) ;
#860 = CARTESIAN_POINT ( 'NONE',  ( -24.89536610198139144, -1.526820501966309473, 10.29303642199572089 ) ) ;
#861 = CARTESIAN_POINT ( 'NONE',  ( 18.68012886295229791, -17.46116826695486068, -0.000000000000000000 ) ) ;
#862 = CARTESIAN_POINT ( 'NONE',  ( -6.970473103072755805, 3.095229290474260431, 13.17504670285240564 ) ) ;
#863 = EDGE_CURVE ( 'NONE', #2662, #1598, #1698, .T. ) ;
#864 = CARTESIAN_POINT ( 'NONE',  ( -12.50000000000000178, -7.500000000000001776, 9.000000000000001776 ) ) ;
#865 = CARTESIAN_POINT ( 'NONE',  ( -24.95739115093868676, 12.96907564703720084, 0.000000000000000000 ) ) ;
#866 = CARTESIAN_POINT ( 'NONE',  ( 11.20419742895068005, -2.411623507846425873, 10.14469645399725373 ) ) ;
#867 = VECTOR ( 'NONE', #2906, 1000.000000000000000 ) ;
#868 = EDGE_CURVE ( 'NONE', #2680, #1775, #879, .T. ) ;
#869 = ORIENTED_EDGE ( 'NONE', *, *, #569, .T. ) ;
#870 = CARTESIAN_POINT ( 'NONE',  ( 9.166666666666667851, 4.500000000000002665, 16.63603896932107062 ) ) ;
#871 = VECTOR ( 'NONE', #972, 1000.000000000000000 ) ;
#872 = ORIENTED_EDGE ( 'NONE', *, *, #1710, .F. ) ;
#873 = CARTESIAN_POINT ( 'NONE',  ( -3.469446951953614189E-15, 17.50000000000000000, 25.00000000000000000 ) ) ;
#874 = AXIS2_PLACEMENT_3D ( 'NONE', #2492, #2243, #2226 ) ;
#875 = VECTOR ( 'NONE', #1794, 1000.000000000000000 ) ;
#876 = CARTESIAN_POINT ( 'NONE',  ( 11.15748462624959814, 1.905653964302090442, 11.83424230197934612 ) ) ;
#877 = CARTESIAN_POINT ( 'NONE',  ( -24.95163842822667277, -2.420970257299606576, 10.13544082962507176 ) ) ;
#878 = CARTESIAN_POINT ( 'NONE',  ( -24.99448137671880943, 12.20883068304348029, 10.01545538923129186 ) ) ;
#879 = B_SPLINE_CURVE_WITH_KNOTS ( 'NONE', 3,
 ( #1056, #1284, #1993, #2933, #835, #1780, #557, #2455, #1040, #1541, #1086, #377, #1979, #1025, #1318, #2709, #2484, #2915, #394, #1720, #817, #2250, #1750, #2651, #2682, #1511, #229, #695, #448, #1331, #2264, #2327, #2035, #2313, #1158, #2957, #213, #3004, #2079, #3018, #1793, #2724, #1560, #168, #2972, #489, #1664, #1880, #1895, #18, #37, #4, #943 ),
 .UNSPECIFIED., .F., .F.,
 ( 4, 1, 1, 1, 1, 1, 1, 2, 2, 1, 1, 1, 1, 1, 1, 2, 2, 1, 1, 1, 1, 2, 2, 1, 1, 1, 1, 1, 1, 1, 2, 2, 1, 1, 1, 1, 1, 1, 2, 2, 4 ),
 ( 0.000000000000000000, 0.06249999999997954414, 0.09374999999996931621, 0.1093749999999637512, 0.1171874999999609479, 0.1210937499999595462, 0.1230468749999586997, 0.1240234374999584221, 0.1249999999999581446, 0.1874999999999526490, 0.2187499999999501787, 0.2343749999999489575, 0.2421874999999487355, 0.2460937499999486522, 0.2480468749999489297, 0.2490234374999490685, 0.2499999999999491518, 0.3749999999999555356, 0.4374999999999586442, 0.4687499999999603650, 0.4843749999999610312, 0.4921874999999614197, 0.4999999999999618083, 0.6249999999999676925, 0.6874999999999706901, 0.7187499999999721334, 0.7343749999999727995, 0.7421874999999731326, 0.7460937499999734657, 0.7480468749999735767, 0.7490234374999735767, 0.7499999999999735767, 0.8124999999999774625, 0.8437499999999793499, 0.8593749999999803491, 0.8671874999999809042, 0.8710937499999811262, 0.8730468749999812372, 0.8740234374999813483, 0.8749999999999814593, 1.000000000000000000 ),
 .UNSPECIFIED. ) ;
#880 = CARTESIAN_POINT ( 'NONE',  ( -20.28823441113642900, -17.24171583968018595, -0.000000000000000000 ) ) ;
#881 = CARTESIAN_POINT ( 'NONE',  ( -10.23059762910467008, 1.625384181861682542, 11.61527067108977995 ) ) ;
#882 = CYLINDRICAL_SURFACE ( 'NONE', #1544, 3.499999999999999556 ) ;
#883 = CARTESIAN_POINT ( 'NONE',  ( -12.81471524732485179, 4.372734516457271070, 17.04997769275051311 ) ) ;
#884 = ADVANCED_FACE ( 'NONE', ( #294 ), #2916, .T. ) ;
#885 = CARTESIAN_POINT ( 'NONE',  ( 14.15947873496560305, -2.519000748735434669, 10.13070445147425147 ) ) ;
#886 = ORIENTED_EDGE ( 'NONE', *, *, #1231, .T. ) ;
#887 = EDGE_CURVE ( 'NONE', #2707, #816, #1890, .T. ) ;
#888 = LINE ( 'NONE', #603, #634 ) ;
#889 = EDGE_LOOP ( 'NONE', ( #2218, #14 ) ) ;
#890 = CYLINDRICAL_SURFACE ( 'NONE', #1695, 2.649999999999999467 ) ;
#891 = CARTESIAN_POINT ( 'NONE',  ( -9.899494936611667129, 4.600000000000001421, 34.89949493661166713 ) ) ;
#892 = CARTESIAN_POINT ( 'NONE',  ( 11.55819118074405694, 4.468112391843217956, 18.18457308355043978 ) ) ;
#893 = CARTESIAN_POINT ( 'NONE',  ( 12.68342979153057470, 4.393750763752244382, 17.23651796974650097 ) ) ;
#894 = CARTESIAN_POINT ( 'NONE',  ( -24.19027823267362720, 2.373277941462115237, 12.26769693189821275 ) ) ;
#895 = CARTESIAN_POINT ( 'NONE',  ( 19.00000000000000711, 17.50000000000000000, 0.000000000000000000 ) ) ;
#896 = CARTESIAN_POINT ( 'NONE',  ( -24.95273504251814956, -11.30086673388130691, -0.000000000000000000 ) ) ;
#897 = CARTESIAN_POINT ( 'NONE',  ( 24.42646464131133754, -15.15685424949237969, 3.166666666666666075 ) ) ;
#898 = CARTESIAN_POINT ( 'NONE',  ( -23.41667621713531133, 16.44840541204447248, -0.000000000000000000 ) ) ;
#899 = CARTESIAN_POINT ( 'NONE',  ( -13.16005721865066036, 3.463856117207825047, 13.82374107921758899 ) ) ;
#900 = CARTESIAN_POINT ( 'NONE',  ( 9.617859495539347492, -3.111823524349019987, 10.06998898802475217 ) ) ;
#901 = EDGE_LOOP ( 'NONE', ( #1947, #2836, #2383, #1369 ) ) ;
#902 = CARTESIAN_POINT ( 'NONE',  ( 27.50000000000000355, 4.500000000000002665, 20.00000000000000000 ) ) ;
#903 = ADVANCED_FACE ( 'NONE', ( #1200 ), #1868, .T. ) ;
#904 = VERTEX_POINT ( 'NONE', #2567 ) ;
#905 = EDGE_LOOP ( 'NONE', ( #854, #2908, #372, #166 ) ) ;
#906 = CARTESIAN_POINT ( 'NONE',  ( -25.00000000000000355, 4.500000000000002665, 10.00000000000000000 ) ) ;
#907 = CARTESIAN_POINT ( 'NONE',  ( 11.21161531922875909, 1.931351613249806531, 11.85576161331821687 ) ) ;
#908 = FACE_OUTER_BOUND ( 'NONE', #2899, .T. ) ;
#909 = CARTESIAN_POINT ( 'NONE',  ( -18.64831181680571248, -17.46323030222453099, -0.000000000000000000 ) ) ;
#910 = CARTESIAN_POINT ( 'NONE',  ( 9.899494936611663576, 4.500000000000002665, 15.10050506338833998 ) ) ;
#911 = LINE ( 'NONE', #2561, #2332 ) ;
#912 = VERTEX_POINT ( 'NONE', #2137 ) ;
#913 = CYLINDRICAL_SURFACE ( 'NONE', #237, 3.499999999999999556 ) ;
#914 = VECTOR ( 'NONE', #622, 1000.000000000000000 ) ;
#915 = ORIENTED_EDGE ( 'NONE', *, *, #1457, .F. ) ;
#916 = CARTESIAN_POINT ( 'NONE',  ( -2.758536983162949596, 3.463289903773356659, 13.81780752325571449 ) ) ;
#917 = CARTESIAN_POINT ( 'NONE',  ( -19.00000000000000355, 17.50000000000000000, 26.80352701436643770 ) ) ;
#918 = CIRCLE ( 'NONE', #2435, 3.499999999999999556 ) ;
#919 = EDGE_CURVE ( 'NONE', #1265, #106, #52, .T. ) ;
#920 = CARTESIAN_POINT ( 'NONE',  ( -17.75000000000000355, -7.500000000000000888, 10.00000000000000000 ) ) ;
#921 = CARTESIAN_POINT ( 'NONE',  ( 11.23693352772081333, 1.943682996076570024, 11.86610467984148265 ) ) ;
#922 = CYLINDRICAL_SURFACE ( 'NONE', #1155, 3.500000000000003109 ) ;
#923 = EDGE_CURVE ( 'NONE', #2658, #2844, #1202, .T. ) ;
#924 = CARTESIAN_POINT ( 'NONE',  ( -18.61751818675935866, -17.46514697419009110, -0.000000000000000000 ) ) ;
#925 = CARTESIAN_POINT ( 'NONE',  ( 0.8711043850625770357, 7.894414991924143976, 36.46819795828513122 ) ) ;
#926 = CARTESIAN_POINT ( 'NONE',  ( -21.49234971330022503, 17.30046015527136660, 0.000000000000000000 ) ) ;
#927 = CARTESIAN_POINT ( 'NONE',  ( 14.27731397022979820, -2.559296821015166756, 10.12540151191754312 ) ) ;
#928 = ORIENTED_EDGE ( 'NONE', *, *, #1140, .F. ) ;
#929 = DIRECTION ( 'NONE',  ( -0.000000000000000000, -0.000000000000000000, 1.000000000000000000 ) ) ;
#930 = VERTEX_POINT ( 'NONE', #1444 ) ;
#931 = CARTESIAN_POINT ( 'NONE',  ( 24.86864438284120382, 13.65328976623677804, 10.36787294356941125 ) ) ;
#932 = CARTESIAN_POINT ( 'NONE',  ( -25.00000000000000000, -9.500000000000001776, 3.166666666666666075 ) ) ;
#933 = CARTESIAN_POINT ( 'NONE',  ( 12.89659610440010162, 3.166821946114611652, 13.29281641457598795 ) ) ;
#934 = CARTESIAN_POINT ( 'NONE',  ( -24.99526984078626057, 12.17210213096300109, 10.01324722635507136 ) ) ;
#935 = ADVANCED_FACE ( 'NONE', ( #2384 ), #1220, .F. ) ;
#936 = DIRECTION ( 'NONE',  ( 1.000000000000000000, 0.000000000000000000, 0.000000000000000000 ) ) ;
#937 = CARTESIAN_POINT ( 'NONE',  ( -9.555753174034165909, -3.153275185710136874, 10.06660314323509731 ) ) ;
#938 = DIRECTION ( 'NONE',  ( 0.3362737846613972348, 0.000000000000000000, 0.9417642707968381099 ) ) ;
#939 = ORIENTED_EDGE ( 'NONE', *, *, #2166, .F. ) ;
#940 = CARTESIAN_POINT ( 'NONE',  ( -10.35615758860398650, 4.500000000000003553, 19.99999999999998934 ) ) ;
#941 = ORIENTED_EDGE ( 'NONE', *, *, #2928, .F. ) ;
#942 = DIRECTION ( 'NONE',  ( 0.000000000000000000, 0.000000000000000000, -1.000000000000000000 ) ) ;
#943 = CARTESIAN_POINT ( 'NONE',  ( 25.00000000000000000, -5.499999999999998224, 10.00000000000000000 ) ) ;
#944 = FACE_OUTER_BOUND ( 'NONE', #1680, .T. ) ;
#945 = CYLINDRICAL_SURFACE ( 'NONE', #1019, 3.499999999999999556 ) ;
#946 = CARTESIAN_POINT ( 'NONE',  ( 24.96803546036947452, 12.80200781502057339, -0.000000000000000000 ) ) ;
#947 = CARTESIAN_POINT ( 'NONE',  ( -12.50000000000000178, -7.500000000000001776, 9.000000000000001776 ) ) ;
#948 = CARTESIAN_POINT ( 'NONE',  ( -10.97144585522569571, -2.477448599184270961, 10.13624592005026059 ) ) ;
#949 = CARTESIAN_POINT ( 'NONE',  ( 24.94318119179293802, -11.45882179265684009, 0.000000000000000000 ) ) ;
#950 = CARTESIAN_POINT ( 'NONE',  ( 8.782765274959466240, -3.756888520686896715, 10.02825220327179423 ) ) ;
#951 = EDGE_CURVE ( 'NONE', #2370, #1898, #2087, .T. ) ;
#952 = CARTESIAN_POINT ( 'NONE',  ( 24.99999999999999289, 12.50918830920367952, -1.340176350718322640 ) ) ;
#953 = EDGE_CURVE ( 'NONE', #243, #1662, #829, .T. ) ;
#954 = CARTESIAN_POINT ( 'NONE',  ( 9.899494936611663576, 17.50000000000000000, 13.40050506338834246 ) ) ;
#955 = ORIENTED_EDGE ( 'NONE', *, *, #2099, .F. ) ;
#956 = VECTOR ( 'NONE', #2981, 1000.000000000000114 ) ;
#957 = CARTESIAN_POINT ( 'NONE',  ( -18.34558441227157033, -17.50000000000000000, -0.5000000000000004441 ) ) ;
#958 = CARTESIAN_POINT ( 'NONE',  ( 18.34558441227157033, -17.50000000000000000, 6.833333333326575776 ) ) ;
#959 = AXIS2_PLACEMENT_3D ( 'NONE', #249, #2845, #748 ) ;
#960 = ORIENTED_EDGE ( 'NONE', *, *, #2792, .T. ) ;
#961 = CARTESIAN_POINT ( 'NONE',  ( -18.70343804146893163, -17.45961266232562892, 10.00000000000000178 ) ) ;
#962 = AXIS2_PLACEMENT_3D ( 'NONE', #2451, #764, #2647 ) ;
#963 = CARTESIAN_POINT ( 'NONE',  ( 24.89621877336217892, 13.50516555435486943, -0.000000000000000000 ) ) ;
#964 = AXIS2_PLACEMENT_3D ( 'NONE', #1036, #1507, #2861 ) ;
#965 = CARTESIAN_POINT ( 'NONE',  ( -12.50000000000000178, -7.500000000000001776, 10.00000000000000000 ) ) ;
#966 = CARTESIAN_POINT ( 'NONE',  ( -10.95587335793194050, -2.482209473310990511, 10.13563189776623652 ) ) ;
#967 = CARTESIAN_POINT ( 'NONE',  ( 17.42263900974149848, 4.500000000000002665, 31.22106501623584407 ) ) ;
#968 = VECTOR ( 'NONE', #2333, 1000.000000000000000 ) ;
#969 = CARTESIAN_POINT ( 'NONE',  ( 4.373138599500528301, 4.635948716907029699, 35.63798964421263094 ) ) ;
#970 = AXIS2_PLACEMENT_3D ( 'NONE', #1838, #2328, #2787 ) ;
#971 = PRODUCT_DEFINITION_FORMATION_WITH_SPECIFIED_SOURCE ( 'ANY', '', #2965, .NOT_KNOWN. ) ;
#972 = DIRECTION ( 'NONE',  ( 9.912705577010325549E-17, -1.000000000000000000, 0.000000000000000000 ) ) ;
#973 = ORIENTED_EDGE ( 'NONE', *, *, #731, .T. ) ;
#974 = ADVANCED_FACE ( 'NONE', ( #586 ), #2705, .F. ) ;
#975 = DIRECTION ( 'NONE',  ( -0.000000000000000000, -1.000000000000000000, -0.000000000000000000 ) ) ;
#976 = CARTESIAN_POINT ( 'NONE',  ( -24.42646464131133754, -15.15685424949238147, -0.5000000000000004441 ) ) ;
#977 = CARTESIAN_POINT ( 'NONE',  ( 18.61751818676859571, -17.46514697419006978, 9.999999999999998224 ) ) ;
#978 = ORIENTED_EDGE ( 'NONE', *, *, #2513, .T. ) ;
#979 = CARTESIAN_POINT ( 'NONE',  ( -24.82739771679554508, -12.35661883942129080, 10.00000000000000178 ) ) ;
#980 = CARTESIAN_POINT ( 'NONE',  ( 24.79851519346043531, 14.00097878517024874, -0.000000000000000000 ) ) ;
#981 = CARTESIAN_POINT ( 'NONE',  ( 7.098277164792072824, 2.969756238522772485, 12.98561693097263792 ) ) ;
#982 = CARTESIAN_POINT ( 'NONE',  ( 9.899494936611660023, 4.600000000000001421, 33.19949493661166429 ) ) ;
#983 = CARTESIAN_POINT ( 'NONE',  ( -25.00000000000000355, 11.50000000000000178, 3.333333333333333037 ) ) ;
#984 = CARTESIAN_POINT ( 'NONE',  ( 24.75026667957670767, -12.74910431134926014, -0.000000000000000000 ) ) ;
#985 = CARTESIAN_POINT ( 'NONE',  ( -3.867686380757741399E-10, 3.289808274840941849, 13.50000001682739459 ) ) ;
#986 = CARTESIAN_POINT ( 'NONE',  ( -3.392436381745844276, 3.554203223843938719, 14.01175406439284110 ) ) ;
#987 = CARTESIAN_POINT ( 'NONE',  ( -20.00918830920367952, 17.50000000000000000, 28.14370336508475390 ) ) ;
#988 = VERTEX_POINT ( 'NONE', #567 ) ;
#989 = CARTESIAN_POINT ( 'NONE',  ( -18.34558441227157033, -17.50000000000000000, 10.50000000000000000 ) ) ;
#990 = CARTESIAN_POINT ( 'NONE',  ( 19.38800354528711267, -17.40070399955410352, 10.00000000000000355 ) ) ;
#991 = EDGE_CURVE ( 'NONE', #2645, #2680, #2113, .T. ) ;
#992 = ORIENTED_EDGE ( 'NONE', *, *, #404, .T. ) ;
#993 = CARTESIAN_POINT ( 'NONE',  ( -18.28115891242265789, -17.48726040311239771, 10.00000000000000178 ) ) ;
#994 = CARTESIAN_POINT ( 'NONE',  ( 24.97087603441184100, 12.76009791289817130, -0.000000000000000000 ) ) ;
#995 = ADVANCED_FACE ( 'NONE', ( #2909 ), #85, .F. ) ;
#996 = CARTESIAN_POINT ( 'NONE',  ( 9.899494936611660023, 4.500000000000002665, 38.39949493661166713 ) ) ;
#997 = CARTESIAN_POINT ( 'NONE',  ( -13.99873563725031289, -2.468457190245402444, 10.13738855255212989 ) ) ;
#998 = DIRECTION ( 'NONE',  ( 0.000000000000000000, 0.000000000000000000, -1.000000000000000000 ) ) ;
#999 = CARTESIAN_POINT ( 'NONE',  ( 6.417730612374794141, 4.072257838165779908, 15.45732040844986699 ) ) ;
#1000 = CARTESIAN_POINT ( 'NONE',  ( 24.99999999999999289, 13.51837661840735727, 28.14370336508476811 ) ) ;
#1001 = CARTESIAN_POINT ( 'NONE',  ( 24.99999999999999645, 11.50000000000000000, 10.00000000000000000 ) ) ;
#1002 = CARTESIAN_POINT ( 'NONE',  ( -25.00000000000000000, 11.50000000000000178, -1.340176350718322640 ) ) ;
#1003 = ORIENTED_EDGE ( 'NONE', *, *, #552, .F. ) ;
#1004 = CARTESIAN_POINT ( 'NONE',  ( -11.63738844883323686, 4.465652786873052449, 18.13865215716055701 ) ) ;
#1005 = CARTESIAN_POINT ( 'NONE',  ( 20.29420013620400809, -17.24040090647294576, 10.00000000000000000 ) ) ;
#1006 = ORIENTED_EDGE ( 'NONE', *, *, #75, .T. ) ;
#1007 = CARTESIAN_POINT ( 'NONE',  ( -9.899494936611663576, 4.600000000000001421, 11.60050506338833998 ) ) ;
#1008 = EDGE_LOOP ( 'NONE', ( #1865, #2464, #1586, #1791, #2736, #1492 ) ) ;
#1009 = CARTESIAN_POINT ( 'NONE',  ( -9.899494936611667129, 4.600000000000001421, 38.39949493661166713 ) ) ;
#1010 = AXIS2_PLACEMENT_3D ( 'NONE', #2053, #2499, #1572 ) ;
#1011 = CIRCLE ( 'NONE', #1751, 11.50000000000000355 ) ;
#1012 = CARTESIAN_POINT ( 'NONE',  ( -9.575113312446321245, -3.140236056030249134, 10.06765831922530907 ) ) ;
#1013 = EDGE_CURVE ( 'NONE', #550, #3003, #1487, .T. ) ;
#1014 = CARTESIAN_POINT ( 'NONE',  ( 24.74040090647291734, -12.79420013620401875, 0.000000000000000000 ) ) ;
#1015 = CARTESIAN_POINT ( 'NONE',  ( -9.385724642086078262, 1.644168072494879951, 11.62789517055274402 ) ) ;
#1016 = DIRECTION ( 'NONE',  ( -9.912705577010325549E-17, 1.000000000000000000, 0.000000000000000000 ) ) ;
#1017 = CARTESIAN_POINT ( 'NONE',  ( 24.83737069547832021, 13.81840262645309636, 10.45545765197627652 ) ) ;
#1018 = CARTESIAN_POINT ( 'NONE',  ( -21.01837661840735905, 17.50000000000000000, 8.487783554549370280 ) ) ;
#1019 = AXIS2_PLACEMENT_3D ( 'NONE', #2358, #571, #1991 ) ;
#1020 = ORIENTED_EDGE ( 'NONE', *, *, #2042, .T. ) ;
#1021 = DIRECTION ( 'NONE',  ( -0.000000000000000000, -1.000000000000000000, -0.000000000000000000 ) ) ;
#1022 = ORIENTED_EDGE ( 'NONE', *, *, #1396, .F. ) ;
#1023 = DIRECTION ( 'NONE',  ( 0.000000000000000000, 0.000000000000000000, -1.000000000000000000 ) ) ;
#1024 = ORIENTED_EDGE ( 'NONE', *, *, #250, .T. ) ;
#1025 = CARTESIAN_POINT ( 'NONE',  ( 22.66535227358461313, 4.302237589017214425, 16.53838602330835172 ) ) ;
#1026 = CARTESIAN_POINT ( 'NONE',  ( -2.259769079356650057, 7.178360661369087126, 36.27653806860752894 ) ) ;
#1027 = CARTESIAN_POINT ( 'NONE',  ( -24.99771222425713901, -4.421238916222884008, 10.00640711691637463 ) ) ;
#1028 = CARTESIAN_POINT ( 'NONE',  ( 18.67383650504399384, -17.46158215313582573, 0.000000000000000000 ) ) ;
#1029 = DIRECTION ( 'NONE',  ( -0.000000000000000000, -1.000000000000000000, -0.000000000000000000 ) ) ;
#1030 = EDGE_CURVE ( 'NONE', #1359, #2179, #1233, .T. ) ;
#1031 = CARTESIAN_POINT ( 'NONE',  ( -9.899494767704300813, 4.484966772533475421, 18.60061795031753462 ) ) ;
#1032 = CARTESIAN_POINT ( 'NONE',  ( 20.73927567326291665, 17.42733358674401245, 21.93253272084913164 ) ) ;
#1033 = CARTESIAN_POINT ( 'NONE',  ( -6.417730612374794141, 4.600000000000001421, 15.45732040844986344 ) ) ;
#1034 = ORIENTED_EDGE ( 'NONE', *, *, #93, .T. ) ;
#1035 = CARTESIAN_POINT ( 'NONE',  ( -9.899494936611663576, 4.500000000000002665, 13.40050506338833891 ) ) ;
#1036 = CARTESIAN_POINT ( 'NONE',  ( 12.49999999999999822, -7.500000000000001776, 10.00000000000000000 ) ) ;
#1037 = VERTEX_POINT ( 'NONE', #1246 ) ;
#1038 = DIRECTION ( 'NONE',  ( 1.000000000000000000, 0.000000000000000000, 0.000000000000000000 ) ) ;
#1039 = ORIENTED_EDGE ( 'NONE', *, *, #2832, .F. ) ;
#1040 = CARTESIAN_POINT ( 'NONE',  ( 22.14267040120037677, 4.457920816793868646, 18.00220251706304708 ) ) ;
#1041 = CARTESIAN_POINT ( 'NONE',  ( -19.90274797315793265, -5.499999999999998224, 10.00000000000000000 ) ) ;
#1042 = CARTESIAN_POINT ( 'NONE',  ( -12.50000000000000178, -7.500000000000001776, 0.000000000000000000 ) ) ;
#1043 = CARTESIAN_POINT ( 'NONE',  ( -24.98235984895133299, -3.386923490186368291, 10.04940279244731727 ) ) ;
#1044 = CARTESIAN_POINT ( 'NONE',  ( -22.45736490481492353, 16.99323492919864265, 17.12087291826979651 ) ) ;
#1045 = DIRECTION ( 'NONE',  ( 0.000000000000000000, 0.000000000000000000, -1.000000000000000000 ) ) ;
#1046 = DIRECTION ( 'NONE',  ( 0.000000000000000000, 1.000000000000000000, 0.000000000000000000 ) ) ;
#1047 = DIRECTION ( 'NONE',  ( -0.000000000000000000, 1.000000000000000000, -0.000000000000000000 ) ) ;
#1048 = ORIENTED_EDGE ( 'NONE', *, *, #2063, .F. ) ;
#1049 = CARTESIAN_POINT ( 'NONE',  ( -10.92583252957729734, 4.480213956226423377, 18.45577867407321193 ) ) ;
#1050 = EDGE_CURVE ( 'NONE', #118, #2150, #390, .T. ) ;
#1051 = FACE_OUTER_BOUND ( 'NONE', #554, .T. ) ;
#1052 = B_SPLINE_SURFACE_WITH_KNOTS ( 'NONE', 5, 3, ( 
 ( #1989, #1764, #295, #1221 ),
 ( #2153, #53, #1697, #1463 ),
 ( #2752, #2738, #1777, #1341 ),
 ( #1835, #1537, #1557, #403 ),
 ( #430, #1356, #2987, #2480 ),
 ( #1314, #870, #2706, #2051 ),
 ( #137, #648, #3000, #2064 ),
 ( #902, #2296, #2246, #855 ) ),
 .UNSPECIFIED., .F., .F., .F.,
 ( 6, 2, 6 ),
 ( 4, 4 ),
 ( 0.000000000000000000, 0.5000000000000000000, 1.000000000000000000 ),
 ( -0.02750000000000000361, 0.02750000000000000361 ),
 .UNSPECIFIED. ) ;
#1053 = ORIENTED_EDGE ( 'NONE', *, *, #324, .F. ) ;
#1054 = CARTESIAN_POINT ( 'NONE',  ( 6.419554439716570471, 3.769931814422786243, 14.47647407460267566 ) ) ;
#1055 = EDGE_LOOP ( 'NONE', ( #1296, #2413, #1327, #2355 ) ) ;
#1056 = CARTESIAN_POINT ( 'NONE',  ( 21.42932106166151840, 4.500000000000002665, 19.99999999999999645 ) ) ;
#1057 = FACE_OUTER_BOUND ( 'NONE', #2140, .T. ) ;
#1058 = CARTESIAN_POINT ( 'NONE',  ( 16.87475141860159766, -4.552055011047324129, 10.00565290718884803 ) ) ;
#1059 = CARTESIAN_POINT ( 'NONE',  ( 2.263126511876898395, 7.192397475837247534, 43.36331815680238577 ) ) ;
#1060 = CARTESIAN_POINT ( 'NONE',  ( 16.99999999999999289, -17.50000000000000000, 0.000000000000000000 ) ) ;
#1061 = CARTESIAN_POINT ( 'NONE',  ( -8.902426905218092656, 1.795576537910602344, 11.74493365506754650 ) ) ;
#1062 = VECTOR ( 'NONE', #624, 1000.000000000000000 ) ;
#1063 = CARTESIAN_POINT ( 'NONE',  ( -3.441430757419676745, 5.398403790315253303, 35.97385128507023921 ) ) ;
#1064 = LINE ( 'NONE', #825, #867 ) ;
#1065 = AXIS2_PLACEMENT_3D ( 'NONE', #2670, #793, #1323 ) ;
#1066 = ORIENTED_EDGE ( 'NONE', *, *, #2545, .F. ) ;
#1067 = CARTESIAN_POINT ( 'NONE',  ( 6.417730612374791477, 4.600000000000001421, 34.54267959155013301 ) ) ;
#1068 = CIRCLE ( 'NONE', #728, 5.250000000000000000 ) ;
#1069 = CARTESIAN_POINT ( 'NONE',  ( 7.249999999999999112, -7.500000000000000888, 9.000000000000001776 ) ) ;
#1070 = EDGE_CURVE ( 'NONE', #2150, #2707, #1263, .T. ) ;
#1071 = EDGE_LOOP ( 'NONE', ( #1250, #2955 ) ) ;
#1072 = DIRECTION ( 'NONE',  ( 0.000000000000000000, 1.000000000000000000, 0.000000000000000000 ) ) ;
#1073 = B_SPLINE_CURVE_WITH_KNOTS ( 'NONE', 3,
 ( #2253, #2699, #610, #2888 ),
 .UNSPECIFIED., .F., .F.,
 ( 4, 4 ),
 ( 0.000000000000000000, 1.000000000000000000 ),
 .UNSPECIFIED. ) ;
#1074 = DIRECTION ( 'NONE',  ( 0.000000000000000000, 1.000000000000000000, 0.000000000000000000 ) ) ;
#1075 = CARTESIAN_POINT ( 'NONE',  ( 16.38143855515837188, -3.955494794665688651, 10.02261162875540812 ) ) ;
#1076 = CARTESIAN_POINT ( 'NONE',  ( 9.899494936611660023, 17.50000000000000000, 34.89949493661166713 ) ) ;
#1077 = CARTESIAN_POINT ( 'NONE',  ( -23.28897348444364823, 16.55706295120365468, 14.79188004607474483 ) ) ;
#1078 = CARTESIAN_POINT ( 'NONE',  ( -8.194218531521466176, 2.144761611155967085, 12.04394244349713361 ) ) ;
#1079 = CARTESIAN_POINT ( 'NONE',  ( -5.123475382979801651, 4.500000000000002665, 25.00000000000000000 ) ) ;
#1080 = DIRECTION ( 'NONE',  ( 0.000000000000000000, 0.000000000000000000, 1.000000000000000000 ) ) ;
#1081 = ORIENTED_EDGE ( 'NONE', *, *, #699, .T. ) ;
#1082 = B_SPLINE_CURVE_WITH_KNOTS ( 'NONE', 3,
 ( #1985, #2002, #2257, #1094, #2939, #840, #2029, #2964, #1759, #354, #371, #865, #336, #1276, #1799, #1258, #2690, #600, #1291, #2084, #1816, #176, #898, #453, #1831, #2805, #1108, #2547, #3026, #2044, #2748, #926, #190, #1125, #2996, #1149, #2762, #1861, #701, #1595, #1566, #671, #2305, #1379, #2060 ),
 .UNSPECIFIED., .F., .F.,
 ( 4, 1, 1, 1, 1, 1, 1, 2, 2, 1, 1, 1, 1, 1, 2, 2, 2, 1, 1, 1, 1, 1, 1, 2, 2, 1, 1, 1, 1, 1, 1, 2, 2, 4 ),
 ( 0.000000000000000000, 0.06250000000002944867, 0.09375000000004392320, 0.1093750000000514866, 0.1171875000000553169, 0.1210937500000571765, 0.1230468750000580785, 0.1240234375000582034, 0.1250000000000583145, 0.1875000000000659195, 0.2187500000000698885, 0.2343750000000717204, 0.2421875000000724976, 0.2460937500000728029, 0.2480468750000729417, 0.2500000000000730527, 0.5000000000001093570, 0.6250000000001271205, 0.6875000000001358913, 0.7187500000001405542, 0.7343750000001431077, 0.7421875000001438849, 0.7460937500001442180, 0.7480468750001441069, 0.7500000000001438849, 0.8125000000001213474, 0.8437500000001096900, 0.8593750000001042499, 0.8671875000001015854, 0.8710937500001002531, 0.8730468750000994760, 0.8740234375000991429, 0.8750000000000988098, 1.000000000000000000 ),
 .UNSPECIFIED. ) ;
#1083 = CARTESIAN_POINT ( 'NONE',  ( -3.260393425532602585, 5.772727272727275150, -0.05100000000037019365 ) ) ;
#1084 = VERTEX_POINT ( 'NONE', #2675 ) ;
#1085 = VERTEX_POINT ( 'NONE', #1763 ) ;
#1086 = CARTESIAN_POINT ( 'NONE',  ( 22.14590847410756425, 4.457374849947163931, 17.99313400946795127 ) ) ;
#1087 = EDGE_CURVE ( 'NONE', #663, #470, #67, .T. ) ;
#1088 = CARTESIAN_POINT ( 'NONE',  ( 7.806568431212996373, 2.399966349129377008, 12.29277632410222587 ) ) ;
#1089 = CARTESIAN_POINT ( 'NONE',  ( 1.689555693603898678, 7.584825332958989641, 43.42494496314492380 ) ) ;
#1090 = EDGE_CURVE ( 'NONE', #2864, #2309, #2727, .T. ) ;
#1091 = CARTESIAN_POINT ( 'NONE',  ( -20.27259670012723092, -17.24514677812040020, -0.000000000000000000 ) ) ;
#1092 = CARTESIAN_POINT ( 'NONE',  ( -11.27426965607547693, 1.962167677018621159, 11.88166340310622004 ) ) ;
#1093 =( LENGTH_UNIT ( ) NAMED_UNIT ( * ) SI_UNIT ( .MILLI., .METRE. ) );
#1094 = CARTESIAN_POINT ( 'NONE',  ( -24.98621279568172326, 12.46376753457046860, -0.000000000000000000 ) ) ;
#1095 = CARTESIAN_POINT ( 'NONE',  ( 11.62894009434879017, -2.321154497913367809, 10.15680855107545888 ) ) ;
#1096 = VERTEX_POINT ( 'NONE', #1067 ) ;
#1097 = DIRECTION ( 'NONE',  ( 0.000000000000000000, -0.000000000000000000, 1.000000000000000000 ) ) ;
#1098 = ORIENTED_EDGE ( 'NONE', *, *, #1933, .T. ) ;
#1099 = CARTESIAN_POINT ( 'NONE',  ( -3.469446951953614189E-15, 4.599999999999999645, 25.00000000000000000 ) ) ;
#1100 = CARTESIAN_POINT ( 'NONE',  ( 8.316272464214364391, 2.072915065646938615, 11.97831918493276859 ) ) ;
#1101 = EDGE_CURVE ( 'NONE', #1840, #589, #1863, .T. ) ;
#1102 = CARTESIAN_POINT ( 'NONE',  ( -23.31915300834214122, 3.853898408538530607, 14.70735963855657857 ) ) ;
#1103 = CARTESIAN_POINT ( 'NONE',  ( -24.79321226571963521, 14.02423676578626655, 10.57912721320331428 ) ) ;
#1104 = CARTESIAN_POINT ( 'NONE',  ( -24.44481069549033947, -13.84020667004860883, -0.000000000000000000 ) ) ;
#1105 = CARTESIAN_POINT ( 'NONE',  ( 18.65440774644223154, -17.46284223153559623, 9.999999999999998224 ) ) ;
#1106 = ADVANCED_FACE ( 'NONE', ( #1814 ), #1897, .T. ) ;
#1107 = CARTESIAN_POINT ( 'NONE',  ( 9.899494936611660023, 4.500000000000002665, 34.89949493661166713 ) ) ;
#1108 = CARTESIAN_POINT ( 'NONE',  ( -21.68662480002478077, 17.25408143987723619, -0.000000000000000000 ) ) ;
#1109 = CARTESIAN_POINT ( 'NONE',  ( 14.12548864542300464, -2.507887520448774499, 10.13220094723992659 ) ) ;
#1110 = CARTESIAN_POINT ( 'NONE',  ( -12.87268839156311984, 3.142503329050841288, 13.25385260511153973 ) ) ;
#1111 = ORIENTED_EDGE ( 'NONE', *, *, #3002, .T. ) ;
#1112 = VECTOR ( 'NONE', #2069, 1000.000000000000000 ) ;
#1113 = CARTESIAN_POINT ( 'NONE',  ( 7.645878040263102804, -5.499999999999995559, 10.00000000000000000 ) ) ;
#1114 = AXIS2_PLACEMENT_3D ( 'NONE', #2398, #1742, #117 ) ;
#1115 = EDGE_LOOP ( 'NONE', ( #1941, #2106, #915, #1961, #1139, #356 ) ) ;
#1116 = CARTESIAN_POINT ( 'NONE',  ( -5.164960114915740697, 3.845936651658692806, 14.72500924064872585 ) ) ;
#1117 = AXIS2_PLACEMENT_3D ( 'NONE', #43, #2114, #2100 ) ;
#1118 = AXIS2_PLACEMENT_3D ( 'NONE', #2945, #2439, #348 ) ;
#1119 = DIRECTION ( 'NONE',  ( 0.000000000000000000, 0.000000000000000000, 1.000000000000000000 ) ) ;
#1120 = CARTESIAN_POINT ( 'NONE',  ( -24.87612001787637084, -1.283042494453062510, 10.34693677102562326 ) ) ;
#1121 = CARTESIAN_POINT ( 'NONE',  ( -24.96660732774892821, 12.82206076126995242, 10.09351911170883476 ) ) ;
#1122 = CARTESIAN_POINT ( 'NONE',  ( -24.79151111969111554, -12.56602029980434310, 0.000000000000000000 ) ) ;
#1123 = CARTESIAN_POINT ( 'NONE',  ( 24.42646464131133754, -15.15685424949238147, 10.50000000000000000 ) ) ;
#1124 = SURFACE_STYLE_FILL_AREA ( #2059 ) ;
#1125 = CARTESIAN_POINT ( 'NONE',  ( -21.00516555434728616, 17.39621877336544031, -0.000000000000000000 ) ) ;
#1126 = CARTESIAN_POINT ( 'NONE',  ( -13.38001286376964138, 3.827733885412690995, 14.66648157836236166 ) ) ;
#1127 = CARTESIAN_POINT ( 'NONE',  ( 10.38415882913773203, -2.693507022261271810, 10.10936835348720564 ) ) ;
#1128 = ADVANCED_FACE ( 'NONE', ( #944 ), #2251, .T. ) ;
#1129 = ORIENTED_EDGE ( 'NONE', *, *, #1346, .T. ) ;
#1130 = DIRECTION ( 'NONE',  ( -0.000000000000000000, -1.000000000000000000, -0.000000000000000000 ) ) ;
#1131 = EDGE_LOOP ( 'NONE', ( #2613, #2417 ) ) ;
#1132 = EDGE_LOOP ( 'NONE', ( #1412, #34, #1571, #676 ) ) ;
#1133 = CARTESIAN_POINT ( 'NONE',  ( 9.899499495451394182, 1.605191478406505778, 11.60052864793117244 ) ) ;
#1134 = DIRECTION ( 'NONE',  ( -0.000000000000000000, -1.000000000000000000, -0.000000000000000000 ) ) ;
#1135 = CARTESIAN_POINT ( 'NONE',  ( -24.05634297115475917, -14.75221454576741564, -0.000000000000000000 ) ) ;
#1136 = CARTESIAN_POINT ( 'NONE',  ( 9.899494936611660023, 4.500000000000002665, 34.89949493661166713 ) ) ;
#1137 = CARTESIAN_POINT ( 'NONE',  ( -12.97370045838333752, 3.246674571575571377, 13.42352663160107973 ) ) ;
#1138 = CARTESIAN_POINT ( 'NONE',  ( 14.03138921039145437, -2.478312076884737092, 10.13613575212387197 ) ) ;
#1139 = ORIENTED_EDGE ( 'NONE', *, *, #2643, .T. ) ;
#1140 = EDGE_CURVE ( 'NONE', #470, #2495, #1721, .T. ) ;
#1141 = CARTESIAN_POINT ( 'NONE',  ( 5.123475382979794546, 6.500000000000002665, -0.05100000000037019365 ) ) ;
#1142 = EDGE_LOOP ( 'NONE', ( #2813, #1329, #2104, #2197 ) ) ;
#1143 = ADVANCED_FACE ( 'NONE', ( #1488 ), #2676, .F. ) ;
#1144 = CARTESIAN_POINT ( 'NONE',  ( 24.81329291174777651, 13.93403004349329777, 10.52288960020333874 ) ) ;
#1145 = CARTESIAN_POINT ( 'NONE',  ( 12.82186784159813975, 3.091528370879529586, 13.17407521987916041 ) ) ;
#1146 = CARTESIAN_POINT ( 'NONE',  ( 20.79093143839640945, 17.42553719958606706, -0.000000000000000000 ) ) ;
#1147 = CARTESIAN_POINT ( 'NONE',  ( -7.098330447766448614, 2.969722955733933301, 12.98556911245998613 ) ) ;
#1148 = LINE ( 'NONE', #2761, #1950 ) ;
#1149 = CARTESIAN_POINT ( 'NONE',  ( -20.44722095435248477, 17.45701862109535796, -0.000000000000000000 ) ) ;
#1150 = CARTESIAN_POINT ( 'NONE',  ( -13.26123963224400448, 3.606254373553906767, 14.12509506394251702 ) ) ;
#1151 = CARTESIAN_POINT ( 'NONE',  ( 9.801531311418717252, -2.996310109723744564, 10.07982533839057560 ) ) ;
#1152 = EDGE_LOOP ( 'NONE', ( #620, #856 ) ) ;
#1153 = AXIS2_PLACEMENT_3D ( 'NONE', #2553, #1441, #1692 ) ;
#1154 = CARTESIAN_POINT ( 'NONE',  ( 17.42263900974150204, 17.50000000000000000, 31.22106501623584407 ) ) ;
#1155 = AXIS2_PLACEMENT_3D ( 'NONE', #2790, #1134, #2774 ) ;
#1156 = ORIENTED_EDGE ( 'NONE', *, *, #2265, .T. ) ;
#1157 = CARTESIAN_POINT ( 'NONE',  ( 24.99999999999999645, 11.64172143601947340, 10.00000000000000533 ) ) ;
#1158 = CARTESIAN_POINT ( 'NONE',  ( 24.85713477089909773, -1.062832620166781927, 10.40010662276845288 ) ) ;
#1159 = AXIS2_PLACEMENT_3D ( 'NONE', #2386, #1716, #323 ) ;
#1160 = ADVANCED_FACE ( 'NONE', ( #1051 ), #1732, .F. ) ;
#1161 = DIRECTION ( 'NONE',  ( -0.000000000000000000, 1.000000000000000000, -0.000000000000000000 ) ) ;
#1162 = VECTOR ( 'NONE', #2867, 1000.000000000000000 ) ;
#1163 = CARTESIAN_POINT ( 'NONE',  ( 20.46907564704384441, 17.45739115093837412, 0.000000000000000000 ) ) ;
#1164 = AXIS2_PLACEMENT_3D ( 'NONE', #382, #1304, #2937 ) ;
#1165 = FACE_OUTER_BOUND ( 'NONE', #2003, .T. ) ;
#1166 = CARTESIAN_POINT ( 'NONE',  ( -9.488311725529518625, -3.199542472420672912, 10.06296587836504663 ) ) ;
#1167 = ORIENTED_EDGE ( 'NONE', *, *, #135, .T. ) ;
#1168 = CARTESIAN_POINT ( 'NONE',  ( -9.542679591550140117, 4.600000000000001421, 31.41773061237479325 ) ) ;
#1169 = ORIENTED_EDGE ( 'NONE', *, *, #1875, .T. ) ;
#1170 = CARTESIAN_POINT ( 'NONE',  ( -3.469446972765737021E-15, 8.000000000000001776, 43.50000000000000000 ) ) ;
#1171 = CARTESIAN_POINT ( 'NONE',  ( -17.00000000000000000, -17.50000000000000000, 3.166666666666666075 ) ) ;
#1172 = CARTESIAN_POINT ( 'NONE',  ( 25.00000000000000000, -10.84558441227157033, 10.50000000000000000 ) ) ;
#1173 = CARTESIAN_POINT ( 'NONE',  ( -25.00000000000000000, -9.500000000000001776, 0.000000000000000000 ) ) ;
#1174 = CARTESIAN_POINT ( 'NONE',  ( -8.199494936611660734, 4.600000000000001421, 15.10050506338833998 ) ) ;
#1175 = EDGE_CURVE ( 'NONE', #1355, #1898, #184, .T. ) ;
#1176 = LINE ( 'NONE', #2110, #2182 ) ;
#1177 = CARTESIAN_POINT ( 'NONE',  ( 3.197106048181635352, 5.934852932682773030, 36.04684879460347702 ) ) ;
#1178 = CARTESIAN_POINT ( 'NONE',  ( -10.26484916187304464, -2.742562366354020398, 10.10366811868911618 ) ) ;
#1179 = EDGE_CURVE ( 'NONE', #2234, #2202, #2135, .T. ) ;
#1180 = DIRECTION ( 'NONE',  ( -0.000000000000000000, -1.000000000000000000, -0.000000000000000000 ) ) ;
#1181 = CARTESIAN_POINT ( 'NONE',  ( 5.317144468113057520, 3.872657915393264538, 14.79474593288392192 ) ) ;
#1182 = ORIENTED_EDGE ( 'NONE', *, *, #1235, .F. ) ;
#1183 = CARTESIAN_POINT ( 'NONE',  ( 21.01837661840734839, 17.50000000000000000, 28.14370336508476811 ) ) ;
#1184 = LINE ( 'NONE', #2354, #1753 ) ;
#1185 = ORIENTED_EDGE ( 'NONE', *, *, #2247, .T. ) ;
#1186 = CARTESIAN_POINT ( 'NONE',  ( -25.00000000000000000, -9.500000000000001776, 10.50000000000000000 ) ) ;
#1187 = CARTESIAN_POINT ( 'NONE',  ( 17.00000000000000000, -17.50000000000000000, 3.166666666666666075 ) ) ;
#1188 = CARTESIAN_POINT ( 'NONE',  ( -20.35388211953929982, -17.22697700661971965, 10.00000000000000000 ) ) ;
#1189 = DIRECTION ( 'NONE',  ( -0.000000000000000000, -1.000000000000000000, -0.000000000000000000 ) ) ;
#1190 = ADVANCED_FACE ( 'NONE', ( #87 ), #831, .F. ) ;
#1191 = LINE ( 'NONE', #284, #2188 ) ;
#1192 = CARTESIAN_POINT ( 'NONE',  ( -12.73882872742602501, -2.250006935115585360, 10.16707688296139089 ) ) ;
#1193 = CARTESIAN_POINT ( 'NONE',  ( 24.99530648363632679, -10.33706529361075255, -0.000000000000000000 ) ) ;
#1194 = CARTESIAN_POINT ( 'NONE',  ( 1.043908491588672938, 3.311584946399071860, 13.53335859484396941 ) ) ;
#1195 = ADVANCED_FACE ( 'NONE', ( #358 ), #1052, .T. ) ;
#1196 = CARTESIAN_POINT ( 'NONE',  ( -3.469446951953614189E-15, 4.500000000000002665, 25.00000000000000000 ) ) ;
#1197 = CARTESIAN_POINT ( 'NONE',  ( 9.899494936611660023, 17.50000000000000000, 33.19949493661167139 ) ) ;
#1198 = VERTEX_POINT ( 'NONE', #1328 ) ;
#1199 = CARTESIAN_POINT ( 'NONE',  ( 25.00000000000000000, -9.500000000000001776, 0.000000000000000000 ) ) ;
#1200 = FACE_OUTER_BOUND ( 'NONE', #604, .T. ) ;
#1201 = CARTESIAN_POINT ( 'NONE',  ( 18.28506964783420230, -17.48161706090895251, 10.00000000000000355 ) ) ;
#1202 = CIRCLE ( 'NONE', #959, 3.499999999999999556 ) ;
#1203 = VERTEX_POINT ( 'NONE', #662 ) ;
#1204 = CARTESIAN_POINT ( 'NONE',  ( -22.88883566269630876, -16.09790113425690805, 9.999999999999996447 ) ) ;
#1205 = CIRCLE ( 'NONE', #2927, 1.700000000000000178 ) ;
#1206 = CARTESIAN_POINT ( 'NONE',  ( 21.45444253727419337, 17.30886072789215646, -0.000000000000000000 ) ) ;
#1207 = CARTESIAN_POINT ( 'NONE',  ( -24.96514697419009465, -11.11751818676391146, 10.00000000000000000 ) ) ;
#1208 = AXIS2_PLACEMENT_3D ( 'NONE', #2852, #2573, #2127 ) ;
#1209 = CARTESIAN_POINT ( 'NONE',  ( 6.970430231753375949, 3.095276421046596393, 13.17512622722315108 ) ) ;
#1210 = LINE ( 'NONE', #525, #2881 ) ;
#1211 = CARTESIAN_POINT ( 'NONE',  ( -17.15057710299890203, -5.005984220558292286, 9.999999999999998224 ) ) ;
#1212 = CARTESIAN_POINT ( 'NONE',  ( -9.899494936611667129, 4.500000000000002665, 34.89949493661166713 ) ) ;
#1213 = CARTESIAN_POINT ( 'NONE',  ( 3.858327027232138828, 4.938232747451452020, 35.83489348575227496 ) ) ;
#1214 = CARTESIAN_POINT ( 'NONE',  ( 24.99999999999999645, 17.50000000000000000, 0.000000000000000000 ) ) ;
#1215 = B_SPLINE_CURVE_WITH_KNOTS ( 'NONE', 3,
 ( #2023, #1251, #1767, #1298 ),
 .UNSPECIFIED., .F., .F.,
 ( 4, 4 ),
 ( 0.000000000000000000, 1.000000000000000000 ),
 .UNSPECIFIED. ) ;
#1216 = CARTESIAN_POINT ( 'NONE',  ( 24.73199625250123646, 14.29990697116158316, 10.75056803517449744 ) ) ;
#1217 = EDGE_CURVE ( 'NONE', #2019, #1238, #1256, .T. ) ;
#1218 = CARTESIAN_POINT ( 'NONE',  ( 9.899494936611660023, 4.600000000000001421, 34.89949493661166713 ) ) ;
#1219 = EDGE_LOOP ( 'NONE', ( #1048, #1568, #828, #1185 ) ) ;
#1220 = CYLINDRICAL_SURFACE ( 'NONE', #388, 1.700000000000000178 ) ;
#1221 = CARTESIAN_POINT ( 'NONE',  ( -27.50000000000000355, -5.499999999999998224, 10.00000000000000000 ) ) ;
#1222 = ORIENTED_EDGE ( 'NONE', *, *, #1746, .F. ) ;
#1223 = CARTESIAN_POINT ( 'NONE',  ( -17.72422808152335350, -17.50000000000000000, 9.999999999999996447 ) ) ;
#1224 = CARTESIAN_POINT ( 'NONE',  ( 24.99999999999999645, 11.50000000000000711, 0.000000000000000000 ) ) ;
#1225 = DIRECTION ( 'NONE',  ( 0.000000000000000000, 0.000000000000000000, -1.000000000000000000 ) ) ;
#1226 = CARTESIAN_POINT ( 'NONE',  ( -10.91738733437486175, -2.494197143631505575, 10.13403896478316213 ) ) ;
#1227 = CARTESIAN_POINT ( 'NONE',  ( 22.25221454578505487, -16.55634297114740505, -0.000000000000000000 ) ) ;
#1228 = CARTESIAN_POINT ( 'NONE',  ( 4.904532854119897145, 3.799813150328902989, 14.59826710789477566 ) ) ;
#1229 = CARTESIAN_POINT ( 'NONE',  ( -5.100014064095092614, 3.834388486249801886, 14.69251959286997788 ) ) ;
#1230 = CARTESIAN_POINT ( 'NONE',  ( -4.353819398988430400, 4.643427424029368922, 42.98144861796712490 ) ) ;
#1231 = EDGE_CURVE ( 'NONE', #2796, #3029, #2018, .T. ) ;
#1232 = VERTEX_POINT ( 'NONE', #150 ) ;
#1233 = LINE ( 'NONE', #119, #529 ) ;
#1234 = CARTESIAN_POINT ( 'NONE',  ( -3.469446951953614189E-15, 4.500000000000002665, -0.05100000000037019365 ) ) ;
#1235 = EDGE_CURVE ( 'NONE', #732, #2942, #888, .T. ) ;
#1236 = EDGE_LOOP ( 'NONE', ( #2511, #1821, #535, #17 ) ) ;
#1237 = FACE_OUTER_BOUND ( 'NONE', #905, .T. ) ;
#1238 = VERTEX_POINT ( 'NONE', #1569 ) ;
#1239 = CARTESIAN_POINT ( 'NONE',  ( 24.75408143987745291, 14.18662480002780946, -0.000000000000000000 ) ) ;
#1240 = CARTESIAN_POINT ( 'NONE',  ( -10.72268602996590126, -2.559296820942557726, 10.12540151192790816 ) ) ;
#1241 = CARTESIAN_POINT ( 'NONE',  ( 12.49999999999999822, -7.500000000000001776, 9.000000000000001776 ) ) ;
#1242 = LINE ( 'NONE', #1274, #2192 ) ;
#1243 = CARTESIAN_POINT ( 'NONE',  ( 24.99693374236552401, 12.07816146355002473, 10.00858732383231242 ) ) ;
#1244 = CARTESIAN_POINT ( 'NONE',  ( -24.56984848098350227, 15.74264068711928743, 18.31574345988525465 ) ) ;
#1245 = VERTEX_POINT ( 'NONE', #1584 ) ;
#1246 = CARTESIAN_POINT ( 'NONE',  ( -3.466826896137443687E-15, 8.000000000000001776, 36.50000000000000711 ) ) ;
#1247 = CARTESIAN_POINT ( 'NONE',  ( 24.96116826695482871, -11.18012886295229436, 10.00000000000000178 ) ) ;
#1248 = ORIENTED_EDGE ( 'NONE', *, *, #8, .F. ) ;
#1249 = LINE ( 'NONE', #343, #2733 ) ;
#1250 = ORIENTED_EDGE ( 'NONE', *, *, #1644, .F. ) ;
#1251 = CARTESIAN_POINT ( 'NONE',  ( -10.05267002351979855, 4.500000000000003553, 19.37140698996127597 ) ) ;
#1252 = EDGE_CURVE ( 'NONE', #988, #1447, #1790, .T. ) ;
#1253 = AXIS2_PLACEMENT_3D ( 'NONE', #1783, #1964, #1286 ) ;
#1254 = CARTESIAN_POINT ( 'NONE',  ( -9.899494936611663576, 4.500000000000002665, 15.10050506338833998 ) ) ;
#1255 = CARTESIAN_POINT ( 'NONE',  ( -17.75000000000000355, -7.500000000000000888, 9.000000000000001776 ) ) ;
#1256 = CIRCLE ( 'NONE', #2338, 3.500000000000003109 ) ;
#1257 = DIRECTION ( 'NONE',  ( -0.000000000000000000, 1.000000000000000000, -0.000000000000000000 ) ) ;
#1258 = CARTESIAN_POINT ( 'NONE',  ( -24.82152283589203279, 13.89551179393514424, -0.000000000000000000 ) ) ;
#1259 = AXIS2_PLACEMENT_3D ( 'NONE', #910, #2043, #2963 ) ;
#1260 = CARTESIAN_POINT ( 'NONE',  ( -5.123475382979801651, 4.500000000000002665, 42.77638883463117736 ) ) ;
#1261 = AXIS2_PLACEMENT_3D ( 'NONE', #545, #2669, #2921 ) ;
#1262 = VERTEX_POINT ( 'NONE', #1113 ) ;
#1263 = LINE ( 'NONE', #1035, #678 ) ;
#1264 = CARTESIAN_POINT ( 'NONE',  ( 24.72697700661949227, -12.85388211953980253, 9.999999999999998224 ) ) ;
#1265 = VERTEX_POINT ( 'NONE', #2278 ) ;
#1266 = DIRECTION ( 'NONE',  ( -0.000000000000000000, -0.000000000000000000, 1.000000000000000000 ) ) ;
#1267 = EDGE_LOOP ( 'NONE', ( #517, #1466, #1630, #1719, #262, #2632, #570, #1461 ) ) ;
#1268 = CARTESIAN_POINT ( 'NONE',  ( -9.899494936611663576, 4.600000000000001421, 15.10050506338833998 ) ) ;
#1269 = CARTESIAN_POINT ( 'NONE',  ( 9.542679591550131235, 4.484344679145450208, 18.58226938762520675 ) ) ;
#1270 = EDGE_CURVE ( 'NONE', #1238, #2931, #2627, .T. ) ;
#1271 = DIRECTION ( 'NONE',  ( 0.000000000000000000, 0.000000000000000000, -1.000000000000000000 ) ) ;
#1272 = DIRECTION ( 'NONE',  ( -0.000000000000000000, -1.000000000000000000, -0.000000000000000000 ) ) ;
#1273 = CARTESIAN_POINT ( 'NONE',  ( -20.64154123233476312, 17.43817907980151105, 22.20624660724421418 ) ) ;
#1274 = CARTESIAN_POINT ( 'NONE',  ( 9.899494936611663576, 4.500000000000002665, 13.40050506338833891 ) ) ;
#1275 = LINE ( 'NONE', #1548, #1553 ) ;
#1276 = CARTESIAN_POINT ( 'NONE',  ( -24.87055518753455985, 13.64241071414128470, -0.000000000000000000 ) ) ;
#1277 = DIRECTION ( 'NONE',  ( -0.000000000000000000, -1.000000000000000000, -0.000000000000000000 ) ) ;
#1278 = ORIENTED_EDGE ( 'NONE', *, *, #1401, .T. ) ;
#1279 = DIRECTION ( 'NONE',  ( 0.000000000000000000, 1.000000000000000000, 0.000000000000000000 ) ) ;
#1280 = CARTESIAN_POINT ( 'NONE',  ( 24.96158215313582573, -11.17383650504385528, 10.00000000000000000 ) ) ;
#1281 = ORIENTED_EDGE ( 'NONE', *, *, #2416, .T. ) ;
#1282 = CARTESIAN_POINT ( 'NONE',  ( 6.825740521965938612, 3.247342543133979742, 13.42650277826011163 ) ) ;
#1283 = EDGE_LOOP ( 'NONE', ( #1714, #1022, #2739, #2262 ) ) ;
#1284 = CARTESIAN_POINT ( 'NONE',  ( 21.58515269091227395, 4.500000000000003553, 19.56357983469872153 ) ) ;
#1285 = CARTESIAN_POINT ( 'NONE',  ( 7.466820590978673344, 2.657188906120323324, 12.58405304540568004 ) ) ;
#1286 = DIRECTION ( 'NONE',  ( 0.000000000000000000, 0.000000000000000000, 1.000000000000000000 ) ) ;
#1287 = CARTESIAN_POINT ( 'NONE',  ( -24.27562386940461892, 15.41641557712299715, 12.02867897983697354 ) ) ;
#1288 = CARTESIAN_POINT ( 'NONE',  ( -8.968754661951798823, 1.771987911162458795, 11.72650011436607898 ) ) ;
#1289 = CARTESIAN_POINT ( 'NONE',  ( -11.44169372064198065, 2.050346966391619397, 11.95837891074981485 ) ) ;
#1290 = CARTESIAN_POINT ( 'NONE',  ( 4.729396534014097320, 4.500000000000003553, 42.88996945555545182 ) ) ;
#1291 = CARTESIAN_POINT ( 'NONE',  ( -24.80628720576148893, 13.96617328463360330, -0.000000000000000000 ) ) ;
#1292 = EDGE_CURVE ( 'NONE', #1963, #2454, #918, .T. ) ;
#1293 = ORIENTED_EDGE ( 'NONE', *, *, #1235, .T. ) ;
#1294 = CARTESIAN_POINT ( 'NONE',  ( 12.49999999999999822, -7.500000000000001776, 10.00000000000000000 ) ) ;
#1295 = DIRECTION ( 'NONE',  ( -0.000000000000000000, -1.000000000000000000, -0.000000000000000000 ) ) ;
#1296 = ORIENTED_EDGE ( 'NONE', *, *, #2775, .F. ) ;
#1297 = EDGE_LOOP ( 'NONE', ( #2260, #459, #1397, #502, #1034, #636, #1976 ) ) ;
#1298 = CARTESIAN_POINT ( 'NONE',  ( -9.542679591550138340, 4.484344679145448431, 18.58226938762520675 ) ) ;
#1299 = CARTESIAN_POINT ( 'NONE',  ( 9.899499495451394182, 1.605191478406505778, 11.60052864793117244 ) ) ;
#1300 = CARTESIAN_POINT ( 'NONE',  ( -2.122048856736480804, 7.288804191737996874, 36.30346473966057630 ) ) ;
#1301 = DIRECTION ( 'NONE',  ( -0.000000000000000000, -0.000000000000000000, 1.000000000000000000 ) ) ;
#1302 = CIRCLE ( 'NONE', #1010, 18.49999999999999645 ) ;
#1303 = CARTESIAN_POINT ( 'NONE',  ( -20.73225660535404913, 17.42815731485658048, 21.95219023705283945 ) ) ;
#1304 = DIRECTION ( 'NONE',  ( -0.000000000000000000, -1.000000000000000000, -0.000000000000000000 ) ) ;
#1305 = CARTESIAN_POINT ( 'NONE',  ( -11.85052695425975244, 2.301592349339223187, 12.19281540529150121 ) ) ;
#1306 = CIRCLE ( 'NONE', #675, 5.250000000000000000 ) ;
#1307 = CARTESIAN_POINT ( 'NONE',  ( 3.435873648934264502, 5.407721135595978446, 43.17859857410319080 ) ) ;
#1308 = CARTESIAN_POINT ( 'NONE',  ( 20.73498720984853705, 17.42783755703291959, 21.94454293932140487 ) ) ;
#1309 = CARTESIAN_POINT ( 'NONE',  ( -12.67751426978205131, 2.951267858217046403, 12.96453781509314673 ) ) ;
#1310 = VECTOR ( 'NONE', #1257, 1000.000000000000000 ) ;
#1311 = ORIENTED_EDGE ( 'NONE', *, *, #1401, .F. ) ;
#1312 = ADVANCED_FACE ( 'NONE', ( #2969 ), #2720, .T. ) ;
#1313 =( GEOMETRIC_REPRESENTATION_CONTEXT ( 3 ) GLOBAL_UNCERTAINTY_ASSIGNED_CONTEXT ( ( #2948 ) ) GLOBAL_UNIT_ASSIGNED_CONTEXT ( ( #2096, #1573, #1373 ) ) REPRESENTATION_CONTEXT ( 'NONE', 'WORKASPACE' ) );
#1314 = CARTESIAN_POINT ( 'NONE',  ( 27.50000000000000355, 4.500000000000002665, 16.63603896932107062 ) ) ;
#1315 = VERTEX_POINT ( 'NONE', #1069 ) ;
#1316 = ADVANCED_FACE ( 'NONE', ( #2941, #2261 ), #843, .F. ) ;
#1317 = EDGE_LOOP ( 'NONE', ( #2925, #1020, #1490, #3015, #2678 ) ) ;
#1318 = CARTESIAN_POINT ( 'NONE',  ( 22.76332889114891600, 4.253404262053569695, 16.26399389997203215 ) ) ;
#1319 = CARTESIAN_POINT ( 'NONE',  ( 9.772751329193235748, 1.608196463206945870, 11.60265613109348770 ) ) ;
#1320 = CARTESIAN_POINT ( 'NONE',  ( 0.1746416660469830850, 8.000000000000005329, 43.50000000000000711 ) ) ;
#1321 = CARTESIAN_POINT ( 'NONE',  ( -20.71096217759182423, 17.43061257881247172, 22.01182715241253973 ) ) ;
#1322 = CARTESIAN_POINT ( 'NONE',  ( -18.48184655815871125, -17.47271893613617166, -0.000000000000000000 ) ) ;
#1323 = DIRECTION ( 'NONE',  ( 0.000000000000000000, 0.000000000000000000, -1.000000000000000000 ) ) ;
#1324 = CARTESIAN_POINT ( 'NONE',  ( -3.469446951953614189E-15, 17.50000000000000000, 43.50000000000000000 ) ) ;
#1325 = CARTESIAN_POINT ( 'NONE',  ( -12.25367532438278850, 2.594356246502494745, 12.50963097252398804 ) ) ;
#1326 = B_SPLINE_CURVE_WITH_KNOTS ( 'NONE', 3,
 ( #112, #2688, #1015, #598, #367, #2949, #1772, #1288, #1061, #1955, #838, #2701, #612, #1530, #2474, #2890, #791, #146, #1078, #1725, #2254, #3024, #2544, #451, #1578, #398, #1592, #2057, #1377, #1813, #3008, #410, #1147, #862, #217, #2318, #2530, #1843, #1828, #1796, #438, #2729, #2714, #1364, #1609, #643 ),
 .UNSPECIFIED., .F., .F.,
 ( 4, 2, 2, 2, 1, 2, 2, 2, 2, 1, 1, 2, 2, 2, 1, 2, 2, 1, 2, 2, 2, 2, 1, 2, 2, 4 ),
 ( 0.6505585061278860159, 0.6942386928619050934, 0.6996987162036575336, 0.7024287278745336982, 0.7051587395454098628, 0.7160787862289145211, 0.7379188795959237268, 0.7488389262794281631, 0.7502039321148661344, 0.7515689379503041057, 0.7542989496211800482, 0.7597589729629319333, 0.7815990663299382524, 0.8034391596969445715, 0.8088991830386962345, 0.8116291947095719550, 0.8129942005450098153, 0.8143592063804476755, 0.8252792530639506685, 0.8689594397979626406, 0.8744194631397140816, 0.8771494748105899131, 0.8798794864814656336, 0.8907995331649688486, 0.9126396265319750567, 1.000000000000000000 ),
 .UNSPECIFIED. ) ;
#1327 = ORIENTED_EDGE ( 'NONE', *, *, #2509, .T. ) ;
#1328 = CARTESIAN_POINT ( 'NONE',  ( 9.850000000000001421, -7.500000000000001776, 0.000000000000000000 ) ) ;
#1329 = ORIENTED_EDGE ( 'NONE', *, *, #953, .T. ) ;
#1330 = VERTEX_POINT ( 'NONE', #2032 ) ;
#1331 = CARTESIAN_POINT ( 'NONE',  ( 24.33343689010856536, 2.000822634349975093, 11.86676853730680392 ) ) ;
#1332 = ADVANCED_FACE ( 'NONE', ( #1807 ), #416, .T. ) ;
#1333 = CARTESIAN_POINT ( 'NONE',  ( 9.899494936611663576, 4.600000000000001421, 11.60050506338833998 ) ) ;
#1334 = CARTESIAN_POINT ( 'NONE',  ( -23.72261108504775962, 3.396969142988193191, 13.57743985670869336 ) ) ;
#1335 = FACE_OUTER_BOUND ( 'NONE', #2582, .T. ) ;
#1336 = CARTESIAN_POINT ( 'NONE',  ( -20.08290229884378064, -17.28480718579320907, -0.000000000000000000 ) ) ;
#1337 = FACE_OUTER_BOUND ( 'NONE', #750, .T. ) ;
#1338 = CARTESIAN_POINT ( 'NONE',  ( -9.323992468788762977, -3.319160442637623998, 10.05440923173469514 ) ) ;
#1339 = CARTESIAN_POINT ( 'NONE',  ( 14.02855414568153769, -2.477448599460378098, 10.13624592001523084 ) ) ;
#1340 = ORIENTED_EDGE ( 'NONE', *, *, #2811, .T. ) ;
#1341 = CARTESIAN_POINT ( 'NONE',  ( -27.50000000000000355, -2.136038969321069736, 10.00000000000000000 ) ) ;
#1342 = ORIENTED_EDGE ( 'NONE', *, *, #2847, .T. ) ;
#1343 = CARTESIAN_POINT ( 'NONE',  ( -5.372244546306960800, 3.882936818451781846, 14.83159153853907775 ) ) ;
#1344 = CARTESIAN_POINT ( 'NONE',  ( 13.17553749987569311, 4.265528440344353633, 16.33263630954501622 ) ) ;
#1345 = CARTESIAN_POINT ( 'NONE',  ( -22.58854101363798605, 4.340552024618273386, 16.75350270356180005 ) ) ;
#1346 = EDGE_CURVE ( 'NONE', #2294, #2370, #218, .T. ) ;
#1347 = CARTESIAN_POINT ( 'NONE',  ( -24.96352595288479392, 12.86359891848481674, 10.10214877267064360 ) ) ;
#1348 = CARTESIAN_POINT ( 'NONE',  ( -24.86163745975098038, -12.17345919746598959, -0.000000000000000000 ) ) ;
#1349 = CARTESIAN_POINT ( 'NONE',  ( 25.00000000000000000, -9.500000000000001776, 3.166666666666666075 ) ) ;
#1350 = CIRCLE ( 'NONE', #2873, 11.50000000000000355 ) ;
#1351 = DIRECTION ( 'NONE',  ( 0.000000000000000000, 0.000000000000000000, -1.000000000000000000 ) ) ;
#1352 = CARTESIAN_POINT ( 'NONE',  ( -9.899494936611667129, 17.50000000000000000, 36.59949493661166287 ) ) ;
#1353 = CARTESIAN_POINT ( 'NONE',  ( 14.03548549061540562, -2.479562264510279501, 10.13597521493932696 ) ) ;
#1354 = CIRCLE ( 'NONE', #2973, 5.249999999999999112 ) ;
#1355 = VERTEX_POINT ( 'NONE', #2766 ) ;
#1356 = CARTESIAN_POINT ( 'NONE',  ( 9.166666666666667851, 3.783080801639167490, 12.92893218813452805 ) ) ;
#1357 = AXIS2_PLACEMENT_3D ( 'NONE', #2210, #1519, #383 ) ;
#1358 = ORIENTED_EDGE ( 'NONE', *, *, #2617, .T. ) ;
#1359 = VERTEX_POINT ( 'NONE', #1197 ) ;
#1360 = AXIS2_PLACEMENT_3D ( 'NONE', #59, #1420, #1225 ) ;
#1361 = AXIS2_PLACEMENT_3D ( 'NONE', #1042, #2901, #2205 ) ;
#1362 = CARTESIAN_POINT ( 'NONE',  ( 12.67665018105489949, 2.950481521549827679, 12.96341234774146933 ) ) ;
#1363 = CARTESIAN_POINT ( 'NONE',  ( -24.76498544412402225, 14.14269272382684406, 10.65817890640525434 ) ) ;
#1364 = CARTESIAN_POINT ( 'NONE',  ( -6.419567705042540595, 3.769900856278287637, 14.47637911426595281 ) ) ;
#1365 = DIRECTION ( 'NONE',  ( 1.000000000000000000, 0.000000000000000000, 0.000000000000000000 ) ) ;
#1366 = DIRECTION ( 'NONE',  ( 0.000000000000000000, 0.000000000000000000, 1.000000000000000000 ) ) ;
#1367 = CARTESIAN_POINT ( 'NONE',  ( -13.23049597113411480, 3.560436740060922034, 14.02478011079058362 ) ) ;
#1368 = CARTESIAN_POINT ( 'NONE',  ( 15.51168827536189454, -3.199542473045173363, 10.06296587831645617 ) ) ;
#1369 = ORIENTED_EDGE ( 'NONE', *, *, #1087, .T. ) ;
#1370 = CARTESIAN_POINT ( 'NONE',  ( 18.99999999999999289, 17.50000000000000000, 26.80352701436645191 ) ) ;
#1371 = ORIENTED_EDGE ( 'NONE', *, *, #2753, .T. ) ;
#1372 = ORIENTED_EDGE ( 'NONE', *, *, #3035, .T. ) ;
#1373 =( NAMED_UNIT ( * ) SI_UNIT ( $, .STERADIAN. ) SOLID_ANGLE_UNIT ( ) );
#1374 = VERTEX_POINT ( 'NONE', #2323 ) ;
#1375 = CARTESIAN_POINT ( 'NONE',  ( 11.38399610353570246, 2.016665130201832135, 11.92737730660244644 ) ) ;
#1376 = DIRECTION ( 'NONE',  ( 1.000000000000000000, 0.000000000000000000, 0.000000000000000000 ) ) ;
#1377 = CARTESIAN_POINT ( 'NONE',  ( -7.437037319862633389, 2.681351636810364258, 12.61326136429545031 ) ) ;
#1378 = SURFACE_SIDE_STYLE ('',( #1124 ) ) ;
#1379 = CARTESIAN_POINT ( 'NONE',  ( -19.54322422613907051, 17.50000000000000711, -0.000000000000000000 ) ) ;
#1380 = CARTESIAN_POINT ( 'NONE',  ( -11.86337933076456252, 4.457688873189758816, 17.99844063409912565 ) ) ;
#1381 = CARTESIAN_POINT ( 'NONE',  ( 14.06320079154740021, -2.488099230954386787, 10.13485629198546256 ) ) ;
#1382 = ORIENTED_EDGE ( 'NONE', *, *, #1891, .F. ) ;
#1383 = EDGE_CURVE ( 'NONE', #3027, #1203, #1827, .T. ) ;
#1384 = DIRECTION ( 'NONE',  ( -0.000000000000000000, 0.000000000000000000, -1.000000000000000000 ) ) ;
#1385 = VERTEX_POINT ( 'NONE', #954 ) ;
#1386 = CARTESIAN_POINT ( 'NONE',  ( -4.962216778507189119, 3.809989877105103950, 14.62566126380370690 ) ) ;
#1387 = CARTESIAN_POINT ( 'NONE',  ( 18.99999999999999289, 17.50000000000000000, 28.14370336508476811 ) ) ;
#1388 = CARTESIAN_POINT ( 'NONE',  ( 10.44587591019916317, 4.484158331241160589, 18.56650643561649261 ) ) ;
#1389 = CARTESIAN_POINT ( 'NONE',  ( 13.11686640691622152, 3.409840561824737382, 13.71828179143510695 ) ) ;
#1390 = CARTESIAN_POINT ( 'NONE',  ( -24.99045355611420760, 12.36016547909157381, 10.02673565462101379 ) ) ;
#1391 = CARTESIAN_POINT ( 'NONE',  ( -8.125248581886834742, -4.552055010334028040, 10.00565290719321077 ) ) ;
#1392 = DIRECTION ( 'NONE',  ( 0.000000000000000000, 1.000000000000000000, 0.000000000000000000 ) ) ;
#1393 = ORIENTED_EDGE ( 'NONE', *, *, #2715, .F. ) ;
#1394 = DIRECTION ( 'NONE',  ( -0.000000000000000000, -0.000000000000000000, 1.000000000000000000 ) ) ;
#1395 = AXIS2_PLACEMENT_3D ( 'NONE', #756, #526, #258 ) ;
#1396 = EDGE_CURVE ( 'NONE', #1426, #601, #1184, .T. ) ;
#1397 = ORIENTED_EDGE ( 'NONE', *, *, #225, .T. ) ;
#1398 = CARTESIAN_POINT ( 'NONE',  ( -25.00000000000000000, -12.19116882454314066, -0.5000000000000004441 ) ) ;
#1399 = AXIS2_PLACEMENT_3D ( 'NONE', #1141, #929, #1645 ) ;
#1400 = CARTESIAN_POINT ( 'NONE',  ( 19.69116882454313711, -17.50000000000000000, 6.833333333326575776 ) ) ;
#1401 = EDGE_CURVE ( 'NONE', #1775, #2202, #2556, .T. ) ;
#1402 = CARTESIAN_POINT ( 'NONE',  ( 13.15784043977780193, 3.461037981931202268, 13.81815285258645076 ) ) ;
#1403 = CIRCLE ( 'NONE', #2293, 3.499999999999999556 ) ;
#1404 = CARTESIAN_POINT ( 'NONE',  ( -9.899494936611663576, 4.500000000000002665, 16.80050506338833927 ) ) ;
#1405 = AXIS2_PLACEMENT_3D ( 'NONE', #1899, #2837, #279 ) ;
#1406 = DIRECTION ( 'NONE',  ( -0.000000000000000000, -1.000000000000000000, -0.000000000000000000 ) ) ;
#1407 = CARTESIAN_POINT ( 'NONE',  ( -9.571884104286780826, -3.142404208346187833, 10.06748201090159434 ) ) ;
#1408 = CARTESIAN_POINT ( 'NONE',  ( 3.099893661623663199, 3.513279404869316558, 13.92519445102526099 ) ) ;
#1409 = ORIENTED_EDGE ( 'NONE', *, *, #54, .T. ) ;
#1410 = CARTESIAN_POINT ( 'NONE',  ( 21.01837661840734839, 17.50000000000000000, -1.340176350718322640 ) ) ;
#1411 = CARTESIAN_POINT ( 'NONE',  ( -25.00000000000000355, 17.50000000000000000, 10.00000000000000000 ) ) ;
#1412 = ORIENTED_EDGE ( 'NONE', *, *, #863, .F. ) ;
#1413 = CARTESIAN_POINT ( 'NONE',  ( -24.42646464131133754, -15.15685424949237969, 6.833333333326575776 ) ) ;
#1414 = ADVANCED_FACE ( 'NONE', ( #1864, #2120 ), #2829, .F. ) ;
#1415 = CARTESIAN_POINT ( 'NONE',  ( -3.469446951953614189E-15, 4.500000000000002665, 25.00000000000000000 ) ) ;
#1416 = FACE_OUTER_BOUND ( 'NONE', #1132, .T. ) ;
#1417 = CARTESIAN_POINT ( 'NONE',  ( 21.46617328463401364, 17.30628720576147472, -0.000000000000000000 ) ) ;
#1418 = EDGE_CURVE ( 'NONE', #930, #2234, #730, .T. ) ;
#1419 = CARTESIAN_POINT ( 'NONE',  ( -24.96381011650186110, -11.13913753701296905, 9.999999999999998224 ) ) ;
#1420 = DIRECTION ( 'NONE',  ( -0.000000000000000000, -1.000000000000000000, -0.000000000000000000 ) ) ;
#1421 = CARTESIAN_POINT ( 'NONE',  ( -25.00000000000000355, 11.50000000000000711, 0.000000000000000000 ) ) ;
#1422 = CARTESIAN_POINT ( 'NONE',  ( 9.899494936611660023, 4.600000000000001421, 34.89949493661166713 ) ) ;
#1423 = CARTESIAN_POINT ( 'NONE',  ( 3.793138417324483758, 3.613867303161800937, 14.13986292497103037 ) ) ;
#1424 = CARTESIAN_POINT ( 'NONE',  ( 23.24264068711927678, 17.06984848098350227, -1.340176350718322640 ) ) ;
#1425 = DIRECTION ( 'NONE',  ( 0.000000000000000000, 0.000000000000000000, -1.000000000000000000 ) ) ;
#1426 = VERTEX_POINT ( 'NONE', #2579 ) ;
#1427 = CARTESIAN_POINT ( 'NONE',  ( 25.00000000000000000, -9.500000000000001776, 6.666666666667040886 ) ) ;
#1428 = DIRECTION ( 'NONE',  ( 0.000000000000000000, 0.000000000000000000, -1.000000000000000000 ) ) ;
#1429 = CARTESIAN_POINT ( 'NONE',  ( 18.34558441227157033, -17.50000000000000000, -0.5000000000000004441 ) ) ;
#1430 = VERTEX_POINT ( 'NONE', #2339 ) ;
#1431 = CARTESIAN_POINT ( 'NONE',  ( -23.96861133734862292, -15.01372479144556138, 9.999999999999998224 ) ) ;
#1432 = CARTESIAN_POINT ( 'NONE',  ( 21.47065087873841449, 17.30530036076100231, 0.000000000000000000 ) ) ;
#1433 = CARTESIAN_POINT ( 'NONE',  ( -25.00000000000000000, -9.500000000000001776, 0.000000000000000000 ) ) ;
#1434 = ADVANCED_FACE ( 'NONE', ( #224 ), #3014, .F. ) ;
#1435 = DIRECTION ( 'NONE',  ( 1.000000000000000000, 0.000000000000000000, 0.000000000000000000 ) ) ;
#1436 = CARTESIAN_POINT ( 'NONE',  ( -15.34240352768348181, -3.085873023449775765, 10.07214298769000393 ) ) ;
#1437 = CARTESIAN_POINT ( 'NONE',  ( 19.18296219499561772, -17.41964488169771386, -0.000000000000000000 ) ) ;
#1438 = CARTESIAN_POINT ( 'NONE',  ( 5.620943350597460864, 3.927543449242623552, 14.96332206238541218 ) ) ;
#1439 = APPLICATION_CONTEXT ( 'automotive_design' ) ;
#1440 = CARTESIAN_POINT ( 'NONE',  ( 24.99999999999999289, 13.51837661840735727, -1.340176350718322640 ) ) ;
#1441 = DIRECTION ( 'NONE',  ( -0.000000000000000000, -1.000000000000000000, -0.000000000000000000 ) ) ;
#1442 = CARTESIAN_POINT ( 'NONE',  ( -21.01837661840735905, 17.50000000000000000, 18.31574345981705676 ) ) ;
#1443 = VERTEX_POINT ( 'NONE', #1168 ) ;
#1444 = CARTESIAN_POINT ( 'NONE',  ( 17.75000000000000000, -7.500000000000001776, 9.000000000000001776 ) ) ;
#1445 = CARTESIAN_POINT ( 'NONE',  ( 24.95738211885191760, -11.23599893125698479, 10.00000000000000000 ) ) ;
#1446 = VECTOR ( 'NONE', #350, 1000.000000000000000 ) ;
#1447 = VERTEX_POINT ( 'NONE', #1661 ) ;
#1448 = CARTESIAN_POINT ( 'NONE',  ( -24.46401693113775266, -14.03726525034871742, 10.00000000000000000 ) ) ;
#1449 = VECTOR ( 'NONE', #2428, 1000.000000000000000 ) ;
#1450 = PLANE ( 'NONE',  #182 ) ;
#1451 = STYLED_ITEM ( 'NONE', ( #2980 ), #2014 ) ;
#1452 = CARTESIAN_POINT ( 'NONE',  ( 9.899494936611660023, 17.50000000000000000, 34.89949493661166713 ) ) ;
#1453 = CARTESIAN_POINT ( 'NONE',  ( -15.42058252272181207, -3.137351549065275691, 10.06789357597093115 ) ) ;
#1454 = CARTESIAN_POINT ( 'NONE',  ( 20.58213934606883555, -17.17211976388625061, -0.000000000000000000 ) ) ;
#1455 = AXIS2_PLACEMENT_3D ( 'NONE', #2125, #6, #1652 ) ;
#1456 = CARTESIAN_POINT ( 'NONE',  ( 4.804682704135055715, 3.782300181177635778, 14.55163294944719254 ) ) ;
#1457 = EDGE_CURVE ( 'NONE', #2788, #3027, #2797, .T. ) ;
#1458 = CARTESIAN_POINT ( 'NONE',  ( 24.97024298745296278, 12.76974026847988064, 10.08333712736683019 ) ) ;
#1459 = ADVANCED_FACE ( 'NONE', ( #2310 ), #2089, .F. ) ;
#1460 = DIRECTION ( 'NONE',  ( -0.000000000000000000, -1.000000000000000000, -0.000000000000000000 ) ) ;
#1461 = ORIENTED_EDGE ( 'NONE', *, *, #2598, .T. ) ;
#1462 = CARTESIAN_POINT ( 'NONE',  ( -3.469446951953614189E-15, 4.500000000000003553, 25.00000000000000000 ) ) ;
#1463 = CARTESIAN_POINT ( 'NONE',  ( -27.50000000000000355, -3.818019484660533536, 10.00000000000000000 ) ) ;
#1464 = ORIENTED_EDGE ( 'NONE', *, *, #13, .T. ) ;
#1465 = CARTESIAN_POINT ( 'NONE',  ( 9.542679591550133011, 4.600000000000001421, 18.58226938762520675 ) ) ;
#1466 = ORIENTED_EDGE ( 'NONE', *, *, #208, .T. ) ;
#1467 = CARTESIAN_POINT ( 'NONE',  ( 21.31214556515402947, 17.33860941430630476, -0.000000000000000000 ) ) ;
#1468 = CARTESIAN_POINT ( 'NONE',  ( -14.25772664214975904, -2.546260859418414402, 10.12648562903736682 ) ) ;
#1469 = CARTESIAN_POINT ( 'NONE',  ( -22.15721827745300843, 4.455421508844426448, 17.96145991179425394 ) ) ;
#1470 = CARTESIAN_POINT ( 'NONE',  ( 9.899494936611663576, 4.600000000000001421, 15.10050506338833998 ) ) ;
#1471 = DIRECTION ( 'NONE',  ( 1.000000000000000000, 0.000000000000000000, 0.000000000000000000 ) ) ;
#1472 = CARTESIAN_POINT ( 'NONE',  ( 24.99793384790222106, 12.00248008710656222, 10.00578644043181065 ) ) ;
#1473 = CARTESIAN_POINT ( 'NONE',  ( -19.00000000000000355, 17.50000000000000000, 28.14370336508475390 ) ) ;
#1474 = ORIENTED_EDGE ( 'NONE', *, *, #385, .F. ) ;
#1475 = ADVANCED_FACE ( 'NONE', ( #2784 ), #2365, .F. ) ;
#1476 = CARTESIAN_POINT ( 'NONE',  ( -11.52962216593780909, 4.468834576539269854, 18.19929050089507427 ) ) ;
#1477 = CARTESIAN_POINT ( 'NONE',  ( 24.95273504251813179, -11.30086673388123408, 10.00000000000000000 ) ) ;
#1478 = EDGE_LOOP ( 'NONE', ( #506, #2229, #1778, #941, #680, #84, #2985, #1311, #2695, #2536, #1862, #376, #2498, #1039, #1521, #1554, #801, #2595, #1978 ) ) ;
#1479 = CARTESIAN_POINT ( 'NONE',  ( -19.18296219499111999, -17.41964488169665515, 9.999999999999998224 ) ) ;
#1480 = ORIENTED_EDGE ( 'NONE', *, *, #1570, .T. ) ;
#1481 = CARTESIAN_POINT ( 'NONE',  ( 20.84188192237133563, -17.10244928630973504, -0.000000000000000000 ) ) ;
#1482 = DIRECTION ( 'NONE',  ( -0.000000000000000000, -1.000000000000000000, -0.000000000000000000 ) ) ;
#1483 = CARTESIAN_POINT ( 'NONE',  ( 15.14999999999999680, -7.500000000000001776, 0.000000000000000000 ) ) ;
#1484 = CARTESIAN_POINT ( 'NONE',  ( 24.13544763554661898, 15.62527887565641116, 12.42125483523777518 ) ) ;
#1485 = CARTESIAN_POINT ( 'NONE',  ( -25.00000000000000000, 13.51837661840735727, 18.31574345981705676 ) ) ;
#1486 = VERTEX_POINT ( 'NONE', #274 ) ;
#1487 = LINE ( 'NONE', #812, #1449 ) ;
#1488 = FACE_OUTER_BOUND ( 'NONE', #646, .T. ) ;
#1489 = EDGE_CURVE ( 'NONE', #2751, #605, #2812, .T. ) ;
#1490 = ORIENTED_EDGE ( 'NONE', *, *, #2528, .F. ) ;
#1491 = LINE ( 'NONE', #2913, #2142 ) ;
#1492 = ORIENTED_EDGE ( 'NONE', *, *, #2808, .T. ) ;
#1493 = DIRECTION ( 'NONE',  ( 1.000000000000000000, 0.000000000000000000, 0.000000000000000000 ) ) ;
#1494 = EDGE_CURVE ( 'NONE', #1910, #2562, #1599, .T. ) ;
#1495 = CARTESIAN_POINT ( 'NONE',  ( -19.00000000000000355, 17.50000000000000000, 0.000000000000000000 ) ) ;
#1496 = AXIS2_PLACEMENT_3D ( 'NONE', #523, #266, #752 ) ;
#1497 = CARTESIAN_POINT ( 'NONE',  ( -24.98301147778433773, -3.414814578993279337, 10.04757784866417403 ) ) ;
#1498 = DIRECTION ( 'NONE',  ( 0.000000000000000000, 0.000000000000000000, -1.000000000000000000 ) ) ;
#1499 = CIRCLE ( 'NONE', #1650, 1.700000000000000178 ) ;
#1500 = DIRECTION ( 'NONE',  ( 0.000000000000000000, -0.000000000000000000, 1.000000000000000000 ) ) ;
#1501 = DIRECTION ( 'NONE',  ( 0.000000000000000000, 0.000000000000000000, -1.000000000000000000 ) ) ;
#1502 = AXIS2_PLACEMENT_3D ( 'NONE', #1452, #1406, #25 ) ;
#1503 = DIRECTION ( 'NONE',  ( 0.000000000000000000, 0.000000000000000000, -1.000000000000000000 ) ) ;
#1504 = CIRCLE ( 'NONE', #1261, 2.649999999999997691 ) ;
#1505 = ORIENTED_EDGE ( 'NONE', *, *, #31, .F. ) ;
#1506 = DIRECTION ( 'NONE',  ( 0.000000000000000000, 1.000000000000000000, 0.000000000000000000 ) ) ;
#1507 = DIRECTION ( 'NONE',  ( -0.000000000000000000, -0.000000000000000000, 1.000000000000000000 ) ) ;
#1508 = ORIENTED_EDGE ( 'NONE', *, *, #1971, .T. ) ;
#1509 = CARTESIAN_POINT ( 'NONE',  ( 12.49999999999999822, -7.500000000000001776, 9.000000000000001776 ) ) ;
#1510 = VERTEX_POINT ( 'NONE', #2075 ) ;
#1511 = CARTESIAN_POINT ( 'NONE',  ( 24.09035576651511690, 2.627617046794250566, 12.54753857513763826 ) ) ;
#1512 = B_SPLINE_SURFACE_WITH_KNOTS ( 'NONE', 5, 3, ( 
 ( #1387, #2326, #228, #2093 ),
 ( #248, #2342, #729, #2161 ),
 ( #1183, #1674, #759, #1410 ),
 ( #63, #1938, #515, #1424 ),
 ( #1889, #15, #2810, #2353 ),
 ( #1000, #546, #777, #1440 ),
 ( #1660, #2826, #2119, #952 ),
 ( #1711, #2593, #2379, #2641 ) ),
 .UNSPECIFIED., .F., .F., .F.,
 ( 6, 2, 6 ),
 ( 4, 4 ),
 ( 0.000000000000000000, 0.5000000000000000000, 1.000000000000000000 ),
 ( -0.01814370336508476511, 0.01134017635071832286 ),
 .UNSPECIFIED. ) ;
#1513 = CARTESIAN_POINT ( 'NONE',  ( 6.417730612374794141, 4.550000000000001599, 15.45732040844986699 ) ) ;
#1514 = CARTESIAN_POINT ( 'NONE',  ( 17.15055985269567174, -5.005942353151341173, 9.999999999999996447 ) ) ;
#1515 = FACE_OUTER_BOUND ( 'NONE', #2183, .T. ) ;
#1516 = ADVANCED_FACE ( 'NONE', ( #716 ), #913, .F. ) ;
#1517 = CARTESIAN_POINT ( 'NONE',  ( 18.70343804146930822, -17.45961266232571063, -0.000000000000000000 ) ) ;
#1518 = DIRECTION ( 'NONE',  ( -0.000000000000000000, -1.000000000000000000, -0.000000000000000000 ) ) ;
#1519 = DIRECTION ( 'NONE',  ( -0.000000000000000000, -1.000000000000000000, -0.000000000000000000 ) ) ;
#1520 = CARTESIAN_POINT ( 'NONE',  ( 20.87568128754961805, 17.41028863756552525, 21.55051681675282893 ) ) ;
#1521 = ORIENTED_EDGE ( 'NONE', *, *, #2401, .F. ) ;
#1522 = DIRECTION ( 'NONE',  ( 0.000000000000000000, 0.000000000000000000, -1.000000000000000000 ) ) ;
#1523 = CARTESIAN_POINT ( 'NONE',  ( 9.899494936611660023, 4.500000000000002665, 34.89949493661166713 ) ) ;
#1524 = VERTEX_POINT ( 'NONE', #2212 ) ;
#1525 = ORIENTED_EDGE ( 'NONE', *, *, #1418, .F. ) ;
#1526 = CARTESIAN_POINT ( 'NONE',  ( -12.50000000000000178, -7.500000000000001776, 10.00000000000000000 ) ) ;
#1527 = CARTESIAN_POINT ( 'NONE',  ( 9.899499495451394182, 1.605191478406505778, 11.60052864793117244 ) ) ;
#1528 = CARTESIAN_POINT ( 'NONE',  ( 15.92141714925374885, -3.515973653660972253, 10.04239680391638778 ) ) ;
#1529 = CARTESIAN_POINT ( 'NONE',  ( 15.14999999999999858, -7.500000000000001776, 10.00000000000000000 ) ) ;
#1530 = CARTESIAN_POINT ( 'NONE',  ( -8.315868528104662261, 2.073146290227414035, 11.97852414767109330 ) ) ;
#1531 = ADVANCED_FACE ( 'NONE', ( #2196 ), #549, .F. ) ;
#1532 = CARTESIAN_POINT ( 'NONE',  ( -2.061103132934158013E-15, 17.50000000000000000, 13.50000000000000178 ) ) ;
#1533 = CARTESIAN_POINT ( 'NONE',  ( 21.80749681940593021, 17.23410222224429944, 18.94088557309386189 ) ) ;
#1534 = CARTESIAN_POINT ( 'NONE',  ( -12.80035489618390265, 3.070274438043924636, 13.14171188549048530 ) ) ;
#1535 = ADVANCED_FACE ( 'NONE', ( #2426 ), #1538, .T. ) ;
#1536 = EDGE_LOOP ( 'NONE', ( #2427, #1340, #692, #1222 ) ) ;
#1537 = CARTESIAN_POINT ( 'NONE',  ( 9.166666666666667851, 1.571067811865478392, 10.71691919836083251 ) ) ;
#1538 = B_SPLINE_SURFACE_WITH_KNOTS ( 'NONE', 5, 3, ( 
 ( #1713, #1693, #2858, #1002 ),
 ( #2657, #1908, #2843, #1940 ),
 ( #100, #1485, #2608, #516 ),
 ( #796, #1244, #2672, #2877 ),
 ( #2626, #355, #2644, #2894 ),
 ( #583, #1442, #1018, #2411 ),
 ( #987, #745, #564, #809 ),
 ( #1473, #305, #2381, #292 ) ),
 .UNSPECIFIED., .F., .F., .F.,
 ( 6, 2, 6 ),
 ( 4, 4 ),
 ( 0.000000000000000000, 0.5000000000000000000, 1.000000000000000000 ),
 ( -0.01814370336508475123, 0.01134017635071832286 ),
 .UNSPECIFIED. ) ;
#1539 = ORIENTED_EDGE ( 'NONE', *, *, #268, .T. ) ;
#1540 = EDGE_LOOP ( 'NONE', ( #2809, #2648 ) ) ;
#1541 = CARTESIAN_POINT ( 'NONE',  ( 22.14530371788213614, 4.457476709319395880, 17.99482768239647612 ) ) ;
#1542 = CARTESIAN_POINT ( 'NONE',  ( 9.007483430278581338, 1.758569171359813721, 11.71603981327850974 ) ) ;
#1543 = CARTESIAN_POINT ( 'NONE',  ( 0.3516019691496332644, 7.986723354751522841, 43.49747466242570226 ) ) ;
#1544 = AXIS2_PLACEMENT_3D ( 'NONE', #658, #2101, #1581 ) ;
#1545 = CARTESIAN_POINT ( 'NONE',  ( -25.00000000000000000, -5.499999999999998224, 10.00000000000000000 ) ) ;
#1546 = CARTESIAN_POINT ( 'NONE',  ( -23.59790113425508551, -15.38883566269576342, -0.000000000000000000 ) ) ;
#1547 = CIRCLE ( 'NONE', #1848, 3.500000000000003109 ) ;
#1548 = CARTESIAN_POINT ( 'NONE',  ( -9.850000000000003197, -7.500000000000001776, 10.00000000000000000 ) ) ;
#1549 = CARTESIAN_POINT ( 'NONE',  ( 22.53719282901559140, 16.95822630577044876, 16.89730780480199002 ) ) ;
#1550 = AXIS2_PLACEMENT_3D ( 'NONE', #1820, #2954, #2466 ) ;
#1551 = EDGE_CURVE ( 'NONE', #2179, #2942, #1702, .T. ) ;
#1552 = CARTESIAN_POINT ( 'NONE',  ( -12.54247460112856061, 2.827087782980306496, 12.79071274760931765 ) ) ;
#1553 = VECTOR ( 'NONE', #2256, 1000.000000000000000 ) ;
#1554 = ORIENTED_EDGE ( 'NONE', *, *, #97, .F. ) ;
#1555 = EDGE_CURVE ( 'NONE', #1262, #1245, #498, .T. ) ;
#1556 = CIRCLE ( 'NONE', #2535, 3.500000000000003109 ) ;
#1557 = CARTESIAN_POINT ( 'NONE',  ( -9.166666666666667851, 1.571067811865478392, 10.71691919836083251 ) ) ;
#1558 = ORIENTED_EDGE ( 'NONE', *, *, #630, .F. ) ;
#1559 = ORIENTED_EDGE ( 'NONE', *, *, #1383, .F. ) ;
#1560 = CARTESIAN_POINT ( 'NONE',  ( 24.96096061293550505, -2.687980412618442116, 10.10933323252709037 ) ) ;
#1561 = CARTESIAN_POINT ( 'NONE',  ( 8.956135870294797741, 1.776475431174231456, 11.73000566725621496 ) ) ;
#1562 = CARTESIAN_POINT ( 'NONE',  ( -24.31151403671856315, 2.021719357874180112, 11.92816541383531437 ) ) ;
#1563 = CARTESIAN_POINT ( 'NONE',  ( -22.45193096356486961, 16.99556109555353700, 17.13609114803475819 ) ) ;
#1564 = CARTESIAN_POINT ( 'NONE',  ( -17.35971778985792469, -17.49999999999999645, 0.000000000000000000 ) ) ;
#1565 = CARTESIAN_POINT ( 'NONE',  ( 2.947614589921041972, 6.395309812919101056, 36.11619263458599249 ) ) ;
#1566 = CARTESIAN_POINT ( 'NONE',  ( -20.26009791289805051, 17.47087603441190851, -0.000000000000000000 ) ) ;
#1567 = CARTESIAN_POINT ( 'NONE',  ( 14.04412664286972046, -2.482209473557749124, 10.13563189773500461 ) ) ;
#1568 = ORIENTED_EDGE ( 'NONE', *, *, #440, .F. ) ;
#1569 = CARTESIAN_POINT ( 'NONE',  ( 9.899494936611660023, 4.500000000000002665, 31.39949493661166358 ) ) ;
#1570 = EDGE_CURVE ( 'NONE', #1598, #2523, #1729, .T. ) ;
#1571 = ORIENTED_EDGE ( 'NONE', *, *, #2581, .T. ) ;
#1572 = DIRECTION ( 'NONE',  ( 0.000000000000000000, 0.000000000000000000, 1.000000000000000000 ) ) ;
#1573 =( NAMED_UNIT ( * ) PLANE_ANGLE_UNIT ( ) SI_UNIT ( $, .RADIAN. ) );
#1574 = CARTESIAN_POINT ( 'NONE',  ( 11.67494551563102334, 4.464491239579179371, 18.11692729090946941 ) ) ;
#1575 = CARTESIAN_POINT ( 'NONE',  ( 12.79957986161355343, 3.069519599705690549, 13.14056444930971601 ) ) ;
#1576 = CARTESIAN_POINT ( 'NONE',  ( -22.18145932505609252, 4.451064356128804356, 17.89357072875177224 ) ) ;
#1577 = CARTESIAN_POINT ( 'NONE',  ( -24.83900159718737655, 13.82249887363525431, 10.45089016848866592 ) ) ;
#1578 = CARTESIAN_POINT ( 'NONE',  ( -7.555107572940392480, 2.587323263865533907, 12.50140593707256542 ) ) ;
#1579 = CARTESIAN_POINT ( 'NONE',  ( 25.00000000000000000, -9.500000000000001776, -0.5000000000000004441 ) ) ;
#1580 = CARTESIAN_POINT ( 'NONE',  ( 9.899494936611660023, 4.600000000000001421, 34.89949493661166713 ) ) ;
#1581 = DIRECTION ( 'NONE',  ( 0.000000000000000000, 0.000000000000000000, -1.000000000000000000 ) ) ;
#1582 = CARTESIAN_POINT ( 'NONE',  ( 10.74227335804578587, -2.546260859347304173, 10.12648562904634986 ) ) ;
#1583 = ORIENTED_EDGE ( 'NONE', *, *, #736, .T. ) ;
#1584 = CARTESIAN_POINT ( 'NONE',  ( -7.645878041021010318, -5.499999998160512327, 10.00000000000000000 ) ) ;
#1585 = ORIENTED_EDGE ( 'NONE', *, *, #2099, .T. ) ;
#1586 = ORIENTED_EDGE ( 'NONE', *, *, #1489, .T. ) ;
#1587 = DIRECTION ( 'NONE',  ( 0.000000000000000000, 0.000000000000000000, -1.000000000000000000 ) ) ;
#1588 = CARTESIAN_POINT ( 'NONE',  ( 13.37888347200547656, 3.824510530107509076, 14.65761736752880573 ) ) ;
#1589 = CARTESIAN_POINT ( 'NONE',  ( -24.87860434395312126, -1.313224778688514727, 10.33997919763510787 ) ) ;
#1590 = CARTESIAN_POINT ( 'NONE',  ( 19.96376753456873843, 17.48621279568173037, -0.000000000000000000 ) ) ;
#1591 = EDGE_CURVE ( 'NONE', #2798, #2796, #2868, .T. ) ;
#1592 = CARTESIAN_POINT ( 'NONE',  ( -7.466813720934657894, 2.657196633934276075, 12.58405962409333512 ) ) ;
#1593 = CIRCLE ( 'NONE', #386, 11.50000000000000355 ) ;
#1594 = CARTESIAN_POINT ( 'NONE',  ( -3.466826896137443687E-15, 8.000000000000001776, 36.50000000000000711 ) ) ;
#1595 = CARTESIAN_POINT ( 'NONE',  ( -20.26709463842819403, 17.47041118191300413, -0.000000000000000000 ) ) ;
#1596 = CARTESIAN_POINT ( 'NONE',  ( 12.26117127328864598, -2.250006935080927750, 10.16707688296639311 ) ) ;
#1597 = AXIS2_PLACEMENT_3D ( 'NONE', #1462, #1279, #602 ) ;
#1598 = VERTEX_POINT ( 'NONE', #1033 ) ;
#1599 = CIRCLE ( 'NONE', #2677, 11.50000000000000355 ) ;
#1600 = DIRECTION ( 'NONE',  ( 0.000000000000000000, 0.000000000000000000, 1.000000000000000000 ) ) ;
#1601 = AXIS2_PLACEMENT_3D ( 'NONE', #947, #2360, #269 ) ;
#1602 = ORIENTED_EDGE ( 'NONE', *, *, #1909, .T. ) ;
#1603 = DIRECTION ( 'NONE',  ( 3.552713678800499746E-15, 0.000000000000000000, 1.000000000000000000 ) ) ;
#1604 = VECTOR ( 'NONE', #122, 1000.000000000000000 ) ;
#1605 = CARTESIAN_POINT ( 'NONE',  ( 18.99999999999999289, 17.50000000000000000, 26.80352701436645191 ) ) ;
#1606 = ORIENTED_EDGE ( 'NONE', *, *, #2870, .T. ) ;
#1607 = CARTESIAN_POINT ( 'NONE',  ( 12.81990584638259634, 4.371795568700844292, 17.04224400336921263 ) ) ;
#1608 = CARTESIAN_POINT ( 'NONE',  ( -24.73002478555580197, 14.27856221759977018, 10.75608930152044884 ) ) ;
#1609 = CARTESIAN_POINT ( 'NONE',  ( -6.368422355352199915, 3.944501412178283317, 14.97617593815768444 ) ) ;
#1610 = EDGE_CURVE ( 'NONE', #1662, #1447, #1205, .T. ) ;
#1611 = CARTESIAN_POINT ( 'NONE',  ( 9.664031716338936207, 4.484743109462646871, 18.59470569756699376 ) ) ;
#1612 = DIRECTION ( 'NONE',  ( 0.000000000000000000, 1.000000000000000000, 0.000000000000000000 ) ) ;
#1613 = CARTESIAN_POINT ( 'NONE',  ( -13.27492737699088643, 3.627714970909992953, 14.17338713007045214 ) ) ;
#1614 = CARTESIAN_POINT ( 'NONE',  ( 10.24514049288340978, -2.755656552958541727, 10.10257640554779712 ) ) ;
#1615 = EDGE_LOOP ( 'NONE', ( #1992, #1293, #1508, #414 ) ) ;
#1616 = CARTESIAN_POINT ( 'NONE',  ( 9.899494936611663576, 4.500000000000002665, 15.10050506338833998 ) ) ;
#1617 = B_SPLINE_CURVE_WITH_KNOTS ( 'NONE', 3,
 ( #895, #216, #235, #1590, #684, #2529, #450, #2317, #1871, #698, #2558, #1163, #1146, #2098, #1467, #280, #22, #1206, #1417, #1432, #2602, #2359, #1901, #2347, #1949, #2850, #1239, #2406, #1932, #2143, #980, #493, #1883, #963, #768, #74, #2156, #946, #2838, #41, #994, #313, #1703, #508, #1224 ),
 .UNSPECIFIED., .F., .F.,
 ( 4, 1, 1, 1, 1, 1, 1, 2, 2, 1, 1, 1, 1, 1, 2, 2, 2, 1, 1, 1, 1, 1, 1, 2, 2, 1, 1, 1, 1, 1, 1, 2, 2, 4 ),
 ( 0.000000000000000000, 0.06249999999996831701, 0.09374999999995299593, 0.1093749999999453770, 0.1171874999999422268, 0.1210937499999406308, 0.1230468749999397704, 0.1240234374999400480, 0.1249999999999402978, 0.1874999999999184264, 0.2187499999999070743, 0.2343749999999009404, 0.2421874999998978872, 0.2460937499998963329, 0.2480468749998955835, 0.2499999999998948064, 0.4999999999998699929, 0.6249999999998575584, 0.6874999999998518962, 0.7187499999998487876, 0.7343749999998475664, 0.7421874999998470113, 0.7460937499998467892, 0.7480468749998466782, 0.7499999999998465672, 0.8124999999998563371, 0.8437499999998611111, 0.8593749999998638867, 0.8671874999998652189, 0.8710937499998659961, 0.8730468749998665512, 0.8740234374998667732, 0.8749999999998671063, 1.000000000000000000 ),
 .UNSPECIFIED. ) ;
#1618 = ORIENTED_EDGE ( 'NONE', *, *, #2190, .T. ) ;
#1619 = CARTESIAN_POINT ( 'NONE',  ( 24.99637599120082854, 12.11321417792135868, 10.01014935495950731 ) ) ;
#1620 = CARTESIAN_POINT ( 'NONE',  ( -9.899494936611667129, 4.600000000000001421, 34.89949493661166713 ) ) ;
#1621 = CARTESIAN_POINT ( 'NONE',  ( 13.34262952953763026, 3.740111855270591867, 14.43398265537912906 ) ) ;
#1622 = CARTESIAN_POINT ( 'NONE',  ( -24.79517934322921136, 14.01567416927401233, 10.57361823985806026 ) ) ;
#1623 = B_SPLINE_CURVE_WITH_KNOTS ( 'NONE', 3,
 ( #2716, #627, #1307, #807, #839, #1740, #1290, #2194 ),
 .UNSPECIFIED., .F., .F.,
 ( 4, 2, 2, 4 ),
 ( 0.000000000000000000, 0.0006067570665967128227, 0.001213514133193425645, 0.002427028266386851291 ),
 .UNSPECIFIED. ) ;
#1624 = CARTESIAN_POINT ( 'NONE',  ( -24.95961266232562537, -11.20343804146932776, -0.000000000000000000 ) ) ;
#1625 = CARTESIAN_POINT ( 'NONE',  ( 2.632747281616251822, 6.812734671045628687, 36.19513228152517570 ) ) ;
#1626 = CARTESIAN_POINT ( 'NONE',  ( -7.645878041021010318, -5.499999998160512327, 10.00000000000000000 ) ) ;
#1627 = CARTESIAN_POINT ( 'NONE',  ( 15.42452624164453923, -3.139993326141790941, 10.06767796578004948 ) ) ;
#1628 = EDGE_CURVE ( 'NONE', #2796, #1330, #246, .T. ) ;
#1629 = B_SPLINE_CURVE_WITH_KNOTS ( 'NONE', 3,
 ( #2008, #2943, #2740, #651, #2755, #1343, #2280, #1116, #1229, #778, #2786, #1386, #1712, #1866, #2799, #1634, #2875, #2566, #2642, #2410, #986, #2162, #916, #1924, #64, #706, #760, #3016, #2092 ),
 .UNSPECIFIED., .F., .F.,
 ( 4, 2, 2, 2, 1, 2, 2, 2, 2, 1, 1, 2, 2, 2, 2, 4 ),
 ( 0.000000000000000000, 0.06268024978571243300, 0.09402037467856863562, 0.1096904371249968063, 0.1175254683482108847, 0.1214429839598180350, 0.1253604995714251991, 0.1880407493571412958, 0.2193808742499991915, 0.2350509366964281255, 0.2428859679196425370, 0.2468034835312496733, 0.2507209991428567819, 0.3760814987142833687, 0.4387617484999967177, 0.5014419982857100111 ),
 .UNSPECIFIED. ) ;
#1630 = ORIENTED_EDGE ( 'NONE', *, *, #1768, .F. ) ;
#1631 = EDGE_CURVE ( 'NONE', #2495, #1524, #2719, .T. ) ;
#1632 = DIRECTION ( 'NONE',  ( -0.000000000000000000, -1.000000000000000000, -0.000000000000000000 ) ) ;
#1633 = VERTEX_POINT ( 'NONE', #212 ) ;
#1634 = CARTESIAN_POINT ( 'NONE',  ( -3.804204584366693620, 3.616139607052425653, 14.14675660571208837 ) ) ;
#1635 = CARTESIAN_POINT ( 'NONE',  ( -0.8687059892004728168, 7.894996065485318404, 43.48035176403636370 ) ) ;
#1636 = CARTESIAN_POINT ( 'NONE',  ( -25.00000000000000000, -9.500000000000001776, -0.5000000000000004441 ) ) ;
#1637 = CARTESIAN_POINT ( 'NONE',  ( -10.10973323217437247, 1.612608582942758551, 11.60591409309509459 ) ) ;
#1638 = CARTESIAN_POINT ( 'NONE',  ( 11.55379595364556700, 2.112066813256697095, 12.00797812030742939 ) ) ;
#1639 = CARTESIAN_POINT ( 'NONE',  ( 9.899494936611663576, 4.600000000000001421, 15.10050506338833998 ) ) ;
#1640 = PLANE ( 'NONE',  #86 ) ;
#1641 = CARTESIAN_POINT ( 'NONE',  ( -13.69711110919709363, -2.387865394842628941, 10.14782469920109875 ) ) ;
#1642 = CARTESIAN_POINT ( 'NONE',  ( 4.191282807235107377, 3.678225419240915617, 14.29003886491058140 ) ) ;
#1643 = ORIENTED_EDGE ( 'NONE', *, *, #1731, .T. ) ;
#1644 = EDGE_CURVE ( 'NONE', #1447, #1662, #1499, .T. ) ;
#1645 = DIRECTION ( 'NONE',  ( 1.000000000000000000, 0.000000000000000000, 0.000000000000000000 ) ) ;
#1646 = CIRCLE ( 'NONE', #431, 3.500000000000003109 ) ;
#1647 = VERTEX_POINT ( 'NONE', #2610 ) ;
#1648 = EDGE_CURVE ( 'NONE', #2897, #20, #203, .T. ) ;
#1649 = CARTESIAN_POINT ( 'NONE',  ( -24.42646464131133754, -15.15685424949237969, 3.166666666666666075 ) ) ;
#1650 = AXIS2_PLACEMENT_3D ( 'NONE', #1620, #975, #1911 ) ;
#1651 = CARTESIAN_POINT ( 'NONE',  ( 17.00000000000000000, -17.50000000000000000, -0.5000000000000004441 ) ) ;
#1652 = DIRECTION ( 'NONE',  ( 1.000000000000000000, 0.000000000000000000, 0.000000000000000000 ) ) ;
#1653 = COLOUR_RGB ( '',0.7921568627450980005, 0.8196078431372548767, 0.9333333333333333481 ) ;
#1654 = DIRECTION ( 'NONE',  ( 0.000000000000000000, 1.000000000000000000, 0.000000000000000000 ) ) ;
#1655 = VECTOR ( 'NONE', #2459, 1000.000000000000000 ) ;
#1656 = DIRECTION ( 'NONE',  ( 1.000000000000000000, 0.000000000000000000, 0.000000000000000000 ) ) ;
#1657 = DIRECTION ( 'NONE',  ( 0.000000000000000000, 0.000000000000000000, 1.000000000000000000 ) ) ;
#1658 = CARTESIAN_POINT ( 'NONE',  ( 24.90070399956285740, -11.88800354524236980, -0.000000000000000000 ) ) ;
#1659 = DIRECTION ( 'NONE',  ( -0.9417642707968382210, 0.000000000000000000, 0.3362737846613972903 ) ) ;
#1660 = CARTESIAN_POINT ( 'NONE',  ( 24.99999999999999289, 12.50918830920367952, 28.14370336508476811 ) ) ;
#1661 = CARTESIAN_POINT ( 'NONE',  ( -9.899494936611667129, 4.600000000000001421, 33.19949493661166429 ) ) ;
#1662 = VERTEX_POINT ( 'NONE', #2554 ) ;
#1663 = CARTESIAN_POINT ( 'NONE',  ( 25.00000000000000000, -9.500000000000001776, 10.00000000000000000 ) ) ;
#1664 = CARTESIAN_POINT ( 'NONE',  ( 24.98033950577599072, -3.304915928991757124, 10.05506094096814707 ) ) ;
#1665 = CARTESIAN_POINT ( 'NONE',  ( -10.32143924197459128, 1.639757683524519116, 11.62589772906722096 ) ) ;
#1666 = ADVANCED_FACE ( 'NONE', ( #473 ), #1512, .T. ) ;
#1667 = ORIENTED_EDGE ( 'NONE', *, *, #530, .T. ) ;
#1668 = CARTESIAN_POINT ( 'NONE',  ( -18.92958643132262253, -17.44269693230506135, 10.00000000000000000 ) ) ;
#1669 = LINE ( 'NONE', #57, #2825 ) ;
#1670 = LINE ( 'NONE', #996, #968 ) ;
#1671 = CARTESIAN_POINT ( 'NONE',  ( -14.61584117100686520, -2.693507022325367650, 10.10936835347928664 ) ) ;
#1672 = CARTESIAN_POINT ( 'NONE',  ( 22.88883566270584069, -16.09790113425088265, -0.000000000000000000 ) ) ;
#1673 = CARTESIAN_POINT ( 'NONE',  ( -6.417730612374798582, 4.600000000000001421, 34.54267959155013301 ) ) ;
#1674 = CARTESIAN_POINT ( 'NONE',  ( 21.01837661840734839, 17.50000000000000000, 18.31574345981707097 ) ) ;
#1675 = CARTESIAN_POINT ( 'NONE',  ( 7.645878040263102804, -5.499999999999995559, 10.00000000000000000 ) ) ;
#1676 = ORIENTED_EDGE ( 'NONE', *, *, #1270, .F. ) ;
#1677 = CARTESIAN_POINT ( 'NONE',  ( -3.132641735072171141, 6.099993593331314301, 43.23330467611536676 ) ) ;
#1678 = CARTESIAN_POINT ( 'NONE',  ( -22.65685424949238680, -16.92646464131133754, 3.166666666666666075 ) ) ;
#1679 = CARTESIAN_POINT ( 'NONE',  ( -10.01946836312822775, 1.607818686227210581, 11.60243286451064471 ) ) ;
#1680 = EDGE_LOOP ( 'NONE', ( #928, #521, #1762, #3001 ) ) ;
#1681 = CARTESIAN_POINT ( 'NONE',  ( -24.78480718579035980, -12.58290229886224765, 10.00000000000000000 ) ) ;
#1682 = EDGE_CURVE ( 'NONE', #1524, #1633, #500, .T. ) ;
#1683 = FACE_BOUND ( 'NONE', #456, .T. ) ;
#1684 = DIRECTION ( 'NONE',  ( 0.000000000000000000, 1.000000000000000000, 0.000000000000000000 ) ) ;
#1685 = DIRECTION ( 'NONE',  ( 0.000000000000000000, 0.000000000000000000, -1.000000000000000000 ) ) ;
#1686 = CARTESIAN_POINT ( 'NONE',  ( -17.35412195973690075, -5.499999999999997335, 10.00000000000000000 ) ) ;
#1687 = ADVANCED_FACE ( 'NONE', ( #1923 ), #2856, .F. ) ;
#1688 = CARTESIAN_POINT ( 'NONE',  ( -17.75000000000000355, -7.500000000000000888, 10.00000000000000000 ) ) ;
#1689 = B_SPLINE_CURVE_WITH_KNOTS ( 'NONE', 3,
 ( #1133, #2557, #2789, #253, #2974, #2068, #3006, #876, #2802, #709, #907, #2742, #921, #1375, #1638, #1841, #2329, #2756, #476, #183, #2569, #2772, #1362, #1575, #1145, #2542, #462, #2054, #1810, #697, #933, #681, #2301, #1389, #1402, #200, #2526, #652, #2097, #1621, #1588, #2514, #2080, #421, #1344, #233, #3034, #2282, #2991, #667, #1607, #893, #1824, #215, #436, #449, #2316, #3021, #1857, #1574, #892, #2990, #420, #2067, #1388, #3005, #2314 ),
 .UNSPECIFIED., .F., .F.,
 ( 4, 2, 2, 1, 2, 2, 1, 2, 2, 2, 2, 2, 2, 2, 2, 2, 1, 1, 2, 2, 2, 2, 2, 2, 2, 1, 2, 2, 2, 2, 2, 2, 1, 1, 2, 2, 4 ),
 ( 0.3492892210863450808, 0.3889357936308946440, 0.4087590799031693978, 0.4186707230393068579, 0.4236265446073755325, 0.4248654999993926040, 0.4261044553914096200, 0.4285823661754439295, 0.4682289387199956576, 0.4880522249922714106, 0.4979638681284092039, 0.5078755112645469971, 0.5475220838090979480, 0.5574337269452356303, 0.5623895485133045824, 0.5636285039053218204, 0.5648674592973391695, 0.5673453700813739786, 0.5871686563536520076, 0.6069919426259302586, 0.6169035857620692731, 0.6268152288982082876, 0.6664618014427641235, 0.7457549465318763504, 0.7507107680999458577, 0.7556665896680152539, 0.7655782328041542684, 0.7854015190764320753, 0.8250480916209881332, 0.8646946641655443022, 0.8746063073016833167, 0.8770842180857182369, 0.8795621288697532680, 0.8845179504378225532, 0.9043412367101002491, 0.9439878092546553079, 0.9836343817992103666 ),
 .UNSPECIFIED. ) ;
#1690 = CARTESIAN_POINT ( 'NONE',  ( 9.583544650774308948, -3.134590503438081655, 10.06811910130054066 ) ) ;
#1691 = CARTESIAN_POINT ( 'NONE',  ( 12.49999999999999822, -7.500000000000001776, 10.00000000000000000 ) ) ;
#1692 = DIRECTION ( 'NONE',  ( 0.000000000000000000, 0.000000000000000000, -1.000000000000000000 ) ) ;
#1693 = CARTESIAN_POINT ( 'NONE',  ( -25.00000000000000000, 11.50000000000000178, 18.31574345981705676 ) ) ;
#1694 = ORIENTED_EDGE ( 'NONE', *, *, #250, .F. ) ;
#1695 = AXIS2_PLACEMENT_3D ( 'NONE', #406, #418, #2483 ) ;
#1696 = DIRECTION ( 'NONE',  ( -0.000000000000000000, 0.000000000000000000, 1.000000000000000000 ) ) ;
#1697 = CARTESIAN_POINT ( 'NONE',  ( -9.166666666666667851, -3.818019484660533536, 10.00000000000000000 ) ) ;
#1698 = CIRCLE ( 'NONE', #2132, 3.499999999999999556 ) ;
#1699 = ORIENTED_EDGE ( 'NONE', *, *, #1418, .T. ) ;
#1700 = CARTESIAN_POINT ( 'NONE',  ( -24.90070399955920877, -11.88800354526801684, 10.00000000000000178 ) ) ;
#1701 = EDGE_LOOP ( 'NONE', ( #2399, #1003, #2088, #1766 ) ) ;
#1702 = CIRCLE ( 'NONE', #2486, 1.700000000000000178 ) ;
#1703 = CARTESIAN_POINT ( 'NONE',  ( 24.99044530233428674, 12.46092234934494414, -0.000000000000000000 ) ) ;
#1704 = AXIS2_PLACEMENT_3D ( 'NONE', #2475, #98, #1016 ) ;
#1705 = DIRECTION ( 'NONE',  ( -0.000000000000000000, -1.000000000000000000, -0.000000000000000000 ) ) ;
#1706 = CARTESIAN_POINT ( 'NONE',  ( -9.575473759316533773, -3.139993325497145271, 10.06767796583260122 ) ) ;
#1707 = CARTESIAN_POINT ( 'NONE',  ( 24.82739771679829133, -12.35661883940205463, -0.000000000000000000 ) ) ;
#1708 = CIRCLE ( 'NONE', #2295, 2.650000000000001243 ) ;
#1709 = CARTESIAN_POINT ( 'NONE',  ( 6.289960104120212669, 4.049441338519694789, 15.37139101154230048 ) ) ;
#1710 = EDGE_CURVE ( 'NONE', #2118, #1931, #319, .T. ) ;
#1711 = CARTESIAN_POINT ( 'NONE',  ( 24.99999999999999289, 11.50000000000000178, 28.14370336508476811 ) ) ;
#1712 = CARTESIAN_POINT ( 'NONE',  ( -4.619123906366485066, 3.749421984462915525, 14.46237292748662639 ) ) ;
#1713 = CARTESIAN_POINT ( 'NONE',  ( -25.00000000000000000, 11.50000000000000178, 28.14370336508475390 ) ) ;
#1714 = ORIENTED_EDGE ( 'NONE', *, *, #2416, .F. ) ;
#1715 = CARTESIAN_POINT ( 'NONE',  ( 17.00000000000000000, -17.50000000000000000, 10.00000000000000000 ) ) ;
#1716 = DIRECTION ( 'NONE',  ( -0.000000000000000000, -1.000000000000000000, -0.000000000000000000 ) ) ;
#1717 = VERTEX_POINT ( 'NONE', #273 ) ;
#1718 = FACE_OUTER_BOUND ( 'NONE', #2337, .T. ) ;
#1719 = ORIENTED_EDGE ( 'NONE', *, *, #666, .T. ) ;
#1720 = CARTESIAN_POINT ( 'NONE',  ( 22.85563801196401101, 4.202014124351709512, 16.00547409909055219 ) ) ;
#1721 = B_SPLINE_CURVE_WITH_KNOTS ( 'NONE', 3,
 ( #174, #2369, #2124, #1201, #2585, #2139, #977, #1913, #2846, #1105, #2040, #2693, #990, #2430, #1975, #1928, #2631, #2911, #70, #1005, #2882, #341, #798, #2215, #553, #1745, #2165, #2926, #2181, #1264, #1943, #1960, #588, #568, #537, #2199, #1477, #1445, #2402, #2415, #1247, #1280, #120, #813, #309 ),
 .UNSPECIFIED., .F., .F.,
 ( 4, 1, 1, 1, 1, 1, 1, 2, 2, 1, 1, 1, 1, 1, 2, 2, 2, 1, 1, 1, 1, 1, 1, 2, 2, 1, 1, 1, 1, 1, 1, 2, 2, 4 ),
 ( 0.000000000000000000, 0.06250000000000970057, 0.09375000000001414147, 0.1093750000000163480, 0.1171875000000169587, 0.1210937500000177774, 0.1230468750000176248, 0.1240234375000180550, 0.1250000000000184852, 0.1875000000000256739, 0.2187500000000292266, 0.2343750000000314193, 0.2421875000000321687, 0.2460937500000325573, 0.2480468750000328348, 0.2500000000000330846, 0.5000000000000222045, 0.6250000000000164313, 0.6875000000000131006, 0.7187500000000113243, 0.7343750000000104361, 0.7421875000000098810, 0.7460937500000095479, 0.7480468750000095479, 0.7500000000000094369, 0.8125000000000140998, 0.8437500000000162093, 0.8593750000000172085, 0.8671875000000177636, 0.8710937500000180966, 0.8730468750000180966, 0.8740234375000179856, 0.8750000000000178746, 1.000000000000000000 ),
 .UNSPECIFIED. ) ;
#1722 = CARTESIAN_POINT ( 'NONE',  ( -0.3540411528697151589, 8.000000000000003553, 36.49999999999999289 ) ) ;
#1723 = CARTESIAN_POINT ( 'NONE',  ( -25.00000000000000711, -5.036465285719610385, 10.00000000000000000 ) ) ;
#1724 = CARTESIAN_POINT ( 'NONE',  ( 20.33463632702406088, -17.23135443956413226, -0.000000000000000000 ) ) ;
#1725 = CARTESIAN_POINT ( 'NONE',  ( -8.169474909227679049, 2.159930229653662437, 12.05790192139143002 ) ) ;
#1726 = CARTESIAN_POINT ( 'NONE',  ( 25.00000000000000000, -5.499999999999998224, 10.00000000000000000 ) ) ;
#1727 = CARTESIAN_POINT ( 'NONE',  ( 24.15117944169830722, 15.60135752135844633, 12.37719653029532907 ) ) ;
#1728 = EDGE_CURVE ( 'NONE', #1426, #566, #584, .T. ) ;
#1729 = LINE ( 'NONE', #48, #1800 ) ;
#1730 = ORIENTED_EDGE ( 'NONE', *, *, #2847, .F. ) ;
#1731 = EDGE_CURVE ( 'NONE', #2658, #2694, #682, .T. ) ;
#1732 = CYLINDRICAL_SURFACE ( 'NONE', #480, 3.500000000000003109 ) ;
#1733 = EDGE_LOOP ( 'NONE', ( #2052, #635 ) ) ;
#1734 = CARTESIAN_POINT ( 'NONE',  ( -17.42263900974150559, 4.500000000000002665, 31.22106501623584407 ) ) ;
#1735 = ORIENTED_EDGE ( 'NONE', *, *, #2832, .T. ) ;
#1736 = CARTESIAN_POINT ( 'NONE',  ( -12.50000000000000178, -7.500000000000001776, 10.00000000000000000 ) ) ;
#1737 = CARTESIAN_POINT ( 'NONE',  ( 3.260393425532595923, 5.772727272727275150, 43.21043202976644437 ) ) ;
#1738 = CARTESIAN_POINT ( 'NONE',  ( -19.37282970157818696, 17.50000000000000711, 25.75938468732860542 ) ) ;
#1739 = CARTESIAN_POINT ( 'NONE',  ( -17.42263900974150559, 4.500000000000002665, 31.22106501623584407 ) ) ;
#1740 = CARTESIAN_POINT ( 'NONE',  ( 4.335491072674792612, 4.618720325405663907, 42.98802027709255213 ) ) ;
#1741 = DIRECTION ( 'NONE',  ( 1.000000000000000000, 0.000000000000000000, 0.000000000000000000 ) ) ;
#1742 = DIRECTION ( 'NONE',  ( -0.000000000000000000, -1.000000000000000000, -0.000000000000000000 ) ) ;
#1743 = ORIENTED_EDGE ( 'NONE', *, *, #1179, .T. ) ;
#1744 = CARTESIAN_POINT ( 'NONE',  ( 10.35615758274632370, 4.500000000000003553, 19.99999998786742594 ) ) ;
#1745 = CARTESIAN_POINT ( 'NONE',  ( 24.60244928631164640, -13.34188192237032666, 9.999999999999998224 ) ) ;
#1746 = EDGE_CURVE ( 'NONE', #785, #1096, #2580, .T. ) ;
#1747 = ORIENTED_EDGE ( 'NONE', *, *, #1648, .F. ) ;
#1748 = CARTESIAN_POINT ( 'NONE',  ( 6.368427874843689551, 3.944515713038803995, 14.97622979673980481 ) ) ;
#1749 = ORIENTED_EDGE ( 'NONE', *, *, #2171, .T. ) ;
#1750 = CARTESIAN_POINT ( 'NONE',  ( 23.49778939173576475, 3.700667964941089849, 14.20707275620597443 ) ) ;
#1751 = AXIS2_PLACEMENT_3D ( 'NONE', #2818, #1654, #2126 ) ;
#1752 = CARTESIAN_POINT ( 'NONE',  ( 8.195304956508032035, 2.144112224209040463, 12.04333558821937444 ) ) ;
#1753 = VECTOR ( 'NONE', #1384, 1000.000000000000000 ) ;
#1754 = CARTESIAN_POINT ( 'NONE',  ( 17.35412195955025183, -5.499999999547002361, 10.00000000000000000 ) ) ;
#1755 = CARTESIAN_POINT ( 'NONE',  ( -24.97230102363167248, -2.974330961003188722, 10.07757341627925562 ) ) ;
#1756 = CARTESIAN_POINT ( 'NONE',  ( 9.899494936611660023, 4.500000000000002665, 34.89949493661166713 ) ) ;
#1757 = AXIS2_PLACEMENT_3D ( 'NONE', #2892, #562, #399 ) ;
#1758 = LINE ( 'NONE', #1079, #2090 ) ;
#1759 = CARTESIAN_POINT ( 'NONE',  ( -24.97242272666840179, 12.73623222630035023, -0.000000000000000000 ) ) ;
#1760 = AXIS2_PLACEMENT_3D ( 'NONE', #2663, #1266, #105 ) ;
#1761 = AXIS2_PLACEMENT_3D ( 'NONE', #2470, #2500, #407 ) ;
#1762 = ORIENTED_EDGE ( 'NONE', *, *, #593, .F. ) ;
#1763 = CARTESIAN_POINT ( 'NONE',  ( 9.849999999999997868, -7.500000000000001776, 9.000000000000001776 ) ) ;
#1764 = CARTESIAN_POINT ( 'NONE',  ( 9.166666666666667851, -5.499999999999998224, 10.00000000000000000 ) ) ;
#1765 = ORIENTED_EDGE ( 'NONE', *, *, #923, .F. ) ;
#1766 = ORIENTED_EDGE ( 'NONE', *, *, #2047, .T. ) ;
#1767 = CARTESIAN_POINT ( 'NONE',  ( -9.761768814553425599, 4.494781559715152142, 18.90803847694327544 ) ) ;
#1768 = EDGE_CURVE ( 'NONE', #1203, #2897, #852, .T. ) ;
#1769 = CARTESIAN_POINT ( 'NONE',  ( 8.170437911854760316, 2.159349854949504266, 12.05735399465956270 ) ) ;
#1770 = DIRECTION ( 'NONE',  ( -0.000000000000000000, -1.000000000000000000, -0.000000000000000000 ) ) ;
#1771 = CARTESIAN_POINT ( 'NONE',  ( -20.72228138892598537, 17.42931561082450642, 21.98012670684004277 ) ) ;
#1772 = CARTESIAN_POINT ( 'NONE',  ( -8.995137464956801665, 1.762798133493805430, 11.71933301536081373 ) ) ;
#1773 = CARTESIAN_POINT ( 'NONE',  ( -3.469446951953614189E-15, -17.50000000000000000, 36.50000000000000711 ) ) ;
#1774 = CARTESIAN_POINT ( 'NONE',  ( 20.32414076386336532, 17.47597713212019244, 23.09515449829949674 ) ) ;
#1775 = VERTEX_POINT ( 'NONE', #1726 ) ;
#1776 = CARTESIAN_POINT ( 'NONE',  ( -9.899494767704300813, 4.484966772533475421, 18.60061795031753462 ) ) ;
#1777 = CARTESIAN_POINT ( 'NONE',  ( -9.166666666666667851, -2.136038969321069736, 10.00000000000000000 ) ) ;
#1778 = ORIENTED_EDGE ( 'NONE', *, *, #491, .F. ) ;
#1779 = ORIENTED_EDGE ( 'NONE', *, *, #770, .F. ) ;
#1780 = CARTESIAN_POINT ( 'NONE',  ( 22.11031778976678908, 4.463100613617176471, 18.09280884709798087 ) ) ;
#1781 = CARTESIAN_POINT ( 'NONE',  ( 7.436995263604722517, 2.681352140178492771, 12.61323133676503083 ) ) ;
#1782 = EDGE_CURVE ( 'NONE', #2309, #2798, #1758, .T. ) ;
#1783 = CARTESIAN_POINT ( 'NONE',  ( -3.469446951953614189E-15, 4.500000000000002665, 25.00000000000000000 ) ) ;
#1784 = CARTESIAN_POINT ( 'NONE',  ( -22.45485585581087307, 16.99430957280009835, 17.12789973038979596 ) ) ;
#1785 = DIRECTION ( 'NONE',  ( -0.000000000000000000, -1.000000000000000000, -0.000000000000000000 ) ) ;
#1786 = ADVANCED_FACE ( 'NONE', ( #2938 ), #2702, .F. ) ;
#1787 = FACE_OUTER_BOUND ( 'NONE', #2988, .T. ) ;
#1788 = CARTESIAN_POINT ( 'NONE',  ( 22.21003484162525154, 17.09942071945392073, 17.81354248464853285 ) ) ;
#1789 = ORIENTED_EDGE ( 'NONE', *, *, #208, .F. ) ;
#1790 = LINE ( 'NONE', #2497, #29 ) ;
#1791 = ORIENTED_EDGE ( 'NONE', *, *, #491, .T. ) ;
#1792 = CARTESIAN_POINT ( 'NONE',  ( -19.00000000000000355, 17.50000000000000000, 26.80352701436643770 ) ) ;
#1793 = CARTESIAN_POINT ( 'NONE',  ( 24.89892086875724786, -1.552799902812234789, 10.28308098540435012 ) ) ;
#1794 = DIRECTION ( 'NONE',  ( 0.000000000000000000, 1.000000000000000000, 0.000000000000000000 ) ) ;
#1795 = CARTESIAN_POINT ( 'NONE',  ( -24.88431131558329312, -1.383981499089755207, 10.32399632230878872 ) ) ;
#1796 = CARTESIAN_POINT ( 'NONE',  ( -6.773813282664416846, 3.303805683681733996, 13.52400419061642722 ) ) ;
#1797 = CIRCLE ( 'NONE', #2674, 1.699999999999993072 ) ;
#1798 = CARTESIAN_POINT ( 'NONE',  ( 1.835904976859617399, 7.484929015140069808, 36.35344543478208124 ) ) ;
#1799 = CARTESIAN_POINT ( 'NONE',  ( -24.83860941430654279, 13.81214556514895442, -0.000000000000000000 ) ) ;
#1800 = VECTOR ( 'NONE', #1925, 1000.000000000000000 ) ;
#1801 = CARTESIAN_POINT ( 'NONE',  ( 15.42811589666577632, -3.142404208986268266, 10.06748201084951688 ) ) ;
#1802 = ADVANCED_FACE ( 'NONE', ( #1787 ), #2905, .F. ) ;
#1803 = CARTESIAN_POINT ( 'NONE',  ( -11.94684335431952960, 2.366951752125582509, 12.25891421043353269 ) ) ;
#1804 = CIRCLE ( 'NONE', #1601, 2.650000000000001243 ) ;
#1805 = ORIENTED_EDGE ( 'NONE', *, *, #530, .F. ) ;
#1806 = AXIS2_PLACEMENT_3D ( 'NONE', #2117, #1659, #938 ) ;
#1807 = FACE_OUTER_BOUND ( 'NONE', #1283, .T. ) ;
#1808 = ORIENTED_EDGE ( 'NONE', *, *, #2412, .T. ) ;
#1809 = DIRECTION ( 'NONE',  ( 0.000000000000000000, 0.000000000000000000, 1.000000000000000000 ) ) ;
#1810 = CARTESIAN_POINT ( 'NONE',  ( 12.87802897803974389, 3.147910416226942676, 13.26246652783051161 ) ) ;
#1811 = CARTESIAN_POINT ( 'NONE',  ( -22.75931771379131874, 4.259406478170463473, 16.27522755448669045 ) ) ;
#1812 = CARTESIAN_POINT ( 'NONE',  ( -24.99504051235314961, 12.18315014413099817, 10.01388948077522656 ) ) ;
#1813 = CARTESIAN_POINT ( 'NONE',  ( -7.424457790895487186, 2.691628012960220584, 12.62577884412938722 ) ) ;
#1814 = FACE_OUTER_BOUND ( 'NONE', #444, .T. ) ;
#1815 = CARTESIAN_POINT ( 'NONE',  ( -3.854106815339253700, 4.941425888086627971, 35.83641861196803546 ) ) ;
#1816 = CARTESIAN_POINT ( 'NONE',  ( -24.59805354235470887, 14.90284953483015506, -0.000000000000000000 ) ) ;
#1817 = CARTESIAN_POINT ( 'NONE',  ( -13.09592935869647690, 4.298659013297057463, 16.52720717943869388 ) ) ;
#1818 = ORIENTED_EDGE ( 'NONE', *, *, #1933, .F. ) ;
#1819 = EDGE_CURVE ( 'NONE', #904, #1426, #1623, .T. ) ;
#1820 = CARTESIAN_POINT ( 'NONE',  ( 9.899494936611660023, 4.500000000000002665, 34.89949493661166713 ) ) ;
#1821 = ORIENTED_EDGE ( 'NONE', *, *, #193, .F. ) ;
#1822 = EDGE_CURVE ( 'NONE', #1265, #1385, #483, .T. ) ;
#1823 = DIRECTION ( 'NONE',  ( -0.000000000000000000, -1.000000000000000000, -0.000000000000000000 ) ) ;
#1824 = CARTESIAN_POINT ( 'NONE',  ( 12.35058896487674218, 4.430021007209260731, 17.61147748003576652 ) ) ;
#1825 = CARTESIAN_POINT ( 'NONE',  ( -22.92691894396271124, 4.158509266198926468, 15.80584558801564832 ) ) ;
#1826 = CARTESIAN_POINT ( 'NONE',  ( -24.78860877517746530, 14.04409532087249346, 10.59201969281760292 ) ) ;
#1827 = B_SPLINE_CURVE_WITH_KNOTS ( 'NONE', 3,
 ( #1370, #1892, #1852, #469 ),
 .UNSPECIFIED., .F., .F.,
 ( 4, 4 ),
 ( 0.000000000000000000, 1.000000000000000000 ),
 .UNSPECIFIED. ) ;
#1828 = CARTESIAN_POINT ( 'NONE',  ( -6.810814213635236314, 3.263486673946321304, 13.45420580189431270 ) ) ;
#1829 = CARTESIAN_POINT ( 'NONE',  ( 18.34558441227157033, -17.50000000000000000, 3.166666666666666075 ) ) ;
#1830 = CARTESIAN_POINT ( 'NONE',  ( -4.744682367706195336, 4.500000000000003553, 35.48413115184528976 ) ) ;
#1831 = CARTESIAN_POINT ( 'NONE',  ( -22.25521993206040250, 17.08358119589378887, -0.000000000000000000 ) ) ;
#1832 = CARTESIAN_POINT ( 'NONE',  ( -13.02579486152375665, 3.303795875621995393, 13.52302921755014609 ) ) ;
#1833 = CARTESIAN_POINT ( 'NONE',  ( 9.597870466330169492, -3.125045504085147918, 10.06890085050002170 ) ) ;
#1834 = VERTEX_POINT ( 'NONE', #114 ) ;
#1835 = CARTESIAN_POINT ( 'NONE',  ( 27.50000000000000355, 1.571067811865478170, 10.71691919836083251 ) ) ;
#1836 = VERTEX_POINT ( 'NONE', #1483 ) ;
#1837 = ORIENTED_EDGE ( 'NONE', *, *, #776, .F. ) ;
#1838 = CARTESIAN_POINT ( 'NONE',  ( 12.49999999999999822, -7.500000000000001776, 10.00000000000000000 ) ) ;
#1839 = EDGE_CURVE ( 'NONE', #2452, #164, #1275, .T. ) ;
#1840 = VERTEX_POINT ( 'NONE', #1031 ) ;
#1841 = CARTESIAN_POINT ( 'NONE',  ( 11.84004806652509600, 2.295238261303272242, 12.18556728752701446 ) ) ;
#1842 = LINE ( 'NONE', #2056, #1112 ) ;
#1843 = CARTESIAN_POINT ( 'NONE',  ( -6.825810392519746195, 3.247267577610919886, 13.42637448595644933 ) ) ;
#1844 = SURFACE_STYLE_USAGE ( .BOTH. , #1378 ) ;
#1845 = DIRECTION ( 'NONE',  ( 0.000000000000000000, 1.000000000000000000, 0.000000000000000000 ) ) ;
#1846 = CARTESIAN_POINT ( 'NONE',  ( -13.15396330123151181, 4.275406465688472046, 16.38854049630963061 ) ) ;
#1847 = CARTESIAN_POINT ( 'NONE',  ( 10.97633802034942541, -2.475961894615586800, 10.13643465266684451 ) ) ;
#1848 = AXIS2_PLACEMENT_3D ( 'NONE', #396, #789, #94 ) ;
#1849 = B_SPLINE_CURVE_WITH_KNOTS ( 'NONE', 3,
 ( #2618, #1919, #1885, #1934 ),
 .UNSPECIFIED., .F., .F.,
 ( 4, 4 ),
 ( 0.000000000000000000, 1.000000000000000000 ),
 .UNSPECIFIED. ) ;
#1850 = ORIENTED_EDGE ( 'NONE', *, *, #2112, .F. ) ;
#1851 = VECTOR ( 'NONE', #2594, 1000.000000000000114 ) ;
#1852 = CARTESIAN_POINT ( 'NONE',  ( 19.00000000000000355, 17.50000000000000000, 8.934509004788816711 ) ) ;
#1853 = EDGE_LOOP ( 'NONE', ( #2154, #2245, #2886, #1066 ) ) ;
#1854 = FACE_OUTER_BOUND ( 'NONE', #1236, .T. ) ;
#1855 = AXIS2_PLACEMENT_3D ( 'NONE', #891, #2555, #2540 ) ;
#1856 = CARTESIAN_POINT ( 'NONE',  ( 0.000000000000000000, 0.000000000000000000, 0.000000000000000000 ) ) ;
#1857 = CARTESIAN_POINT ( 'NONE',  ( 11.70599411096373110, 4.463466831617968644, 18.09828839016759972 ) ) ;
#1858 = EDGE_CURVE ( 'NONE', #2662, #589, #2689, .T. ) ;
#1859 = FACE_BOUND ( 'NONE', #1071, .T. ) ;
#1860 = CARTESIAN_POINT ( 'NONE',  ( 1.206696916991274904, 7.790100080179689357, 36.43775632764634054 ) ) ;
#1861 = CARTESIAN_POINT ( 'NONE',  ( -20.30200781501964613, 17.46803546036987242, -0.000000000000000000 ) ) ;
#1862 = ORIENTED_EDGE ( 'NONE', *, *, #2617, .F. ) ;
#1863 = B_SPLINE_CURVE_WITH_KNOTS ( 'NONE', 3,
 ( #1776, #2004, #136, #1049, #2479, #69, #1476, #1004, #2880, #2646, #2447, #68, #205, #1380, #2102, #221, #2779, #883, #2533, #2806, #1817, #2997, #1846, #2749, #2291, #192, #2073, #1126, #2061, #1613, #1150, #1367, #443, #899, #2306, #1832, #1137, #2763, #3011, #2085, #2952, #132, #1110, #660, #616, #1534, #1309, #1552, #401, #1325, #2259, #2967, #1803, #1305, #2490, #2241, #368, #1289, #2255, #161, #2225, #1092, #749, #505, #490, #19, #2979, #735, #1665, #881, #1637, #1679, #5, #264, #2760 ),
 .UNSPECIFIED., .F., .F.,
 ( 4, 2, 2, 2, 1, 2, 2, 2, 2, 2, 2, 1, 2, 2, 2, 2, 2, 2, 2, 2, 1, 1, 2, 2, 1, 2, 2, 2, 2, 2, 2, 2, 2, 2, 2, 2, 2, 1, 1, 2, 4 ),
 ( 0.01643221550336139078, 0.05606510866739587706, 0.09569800183143035988, 0.1155144484134478788, 0.1204685600589523453, 0.1229456158817042455, 0.1254226717044561457, 0.1353308949954642182, 0.1749637881594962030, 0.2145966813235282156, 0.2344131279055444717, 0.2443213511965525997, 0.2492754628420569829, 0.2542295744875613939, 0.3334953608156313587, 0.3731282539796664799, 0.3830364772706752463, 0.3929447005616840127, 0.4127611471437018231, 0.4325775937257196335, 0.4350546495484717835, 0.4362931774598479140, 0.4369124414155359237, 0.4375317053712238780, 0.4424858170167277338, 0.4523940403077355010, 0.4920269334717656817, 0.5019351567627732269, 0.5118433800537807166, 0.5316598266357955849, 0.5514762732178105642, 0.5613844965088180539, 0.5663386081543219097, 0.5712927197998257656, 0.6109256129638549471, 0.6208338362548623257, 0.6257879479003661816, 0.6307420595458699264, 0.6406502828368778601, 0.6456043944823819380, 0.6505585061278860159 ),
 .UNSPECIFIED. ) ;
#1864 = FACE_BOUND ( 'NONE', #690, .T. ) ;
#1865 = ORIENTED_EDGE ( 'NONE', *, *, #225, .F. ) ;
#1866 = CARTESIAN_POINT ( 'NONE',  ( -4.323486994913904979, 3.699604118344181014, 14.33994124048995111 ) ) ;
#1867 = CARTESIAN_POINT ( 'NONE',  ( -19.00000000000000355, 17.50000000000000000, 0.000000000000000000 ) ) ;
#1868 = PLANE ( 'NONE',  #2284 ) ;
#1869 = APPLICATION_PROTOCOL_DEFINITION ( 'draft international standard', 'automotive_design', 1998, #2698 ) ;
#1870 = CARTESIAN_POINT ( 'NONE',  ( -3.469446951953614189E-15, -17.50000000000000000, 25.00000000000000000 ) ) ;
#1871 = CARTESIAN_POINT ( 'NONE',  ( 20.23623222630026675, 17.47242272666840535, -0.000000000000000000 ) ) ;
#1872 = CARTESIAN_POINT ( 'NONE',  ( -9.899494936611663576, 17.50000000000000000, 15.10050506338833998 ) ) ;
#1873 = FACE_OUTER_BOUND ( 'NONE', #2062, .T. ) ;
#1874 = FACE_BOUND ( 'NONE', #402, .T. ) ;
#1875 = EDGE_CURVE ( 'NONE', #2844, #178, #1403, .T. ) ;
#1876 = ORIENTED_EDGE ( 'NONE', *, *, #1217, .F. ) ;
#1877 = CARTESIAN_POINT ( 'NONE',  ( 25.00000000000000000, -5.499999999999998224, 10.00000000000000000 ) ) ;
#1878 = VERTEX_POINT ( 'NONE', #1956 ) ;
#1879 = B_SPLINE_CURVE_WITH_KNOTS ( 'NONE', 3,
 ( #1754, #1514, #1058, #1075, #331, #1528, #803, #379, #2983, #1368, #413, #689, #2795, #1801, #2307, #1627, #467, #2320, #2258, #927, #885, #1109, #2548, #1381, #1567, #1353, #1138, #2966, #1339, #672, #2764, #2750, #1596, #3012, #1095, #206, #2030, #866, #2735, #2781, #2506, #2275, #659, #1847, #2046, #177, #1582, #1127, #1614, #454, #222, #1151, #2998, #2086, #900, #1833, #1907, #1690, #2103, #28, #950, #484, #713, #12 ),
 .UNSPECIFIED., .F., .F.,
 ( 4, 2, 2, 2, 1, 1, 1, 1, 1, 2, 2, 2, 2, 2, 1, 1, 1, 1, 2, 2, 2, 2, 2, 1, 1, 1, 1, 1, 2, 2, 2, 2, 2, 1, 1, 1, 1, 2, 2, 2, 4 ),
 ( 0.000000000000000000, 0.1249999999999097389, 0.1874999999998643307, 0.2187499999998416267, 0.2343749999998302747, 0.2421874999998247513, 0.2460937499998220035, 0.2480468749998208378, 0.2490234374998202549, 0.2495117187498200051, 0.2499999999998196998, 0.3124999999997615796, 0.3437499999997323252, 0.3593749999997176148, 0.3671874999997098432, 0.3710937499997064570, 0.3730468749997053468, 0.3740234374997047917, 0.3745117187497051248, 0.3749999999997055133, 0.4999999999997662981, 0.5624999999997966071, 0.5937499999998120392, 0.6093749999998198108, 0.6171874999998235856, 0.6210937499998255840, 0.6230468749998266942, 0.6240234374998270273, 0.6245117187498270273, 0.6249999999998270273, 0.6874999999998450129, 0.7187499999998542277, 0.7343749999998588907, 0.7421874999998611111, 0.7460937499998621103, 0.7480468749998626654, 0.7490234374998626654, 0.7495117187498627764, 0.7499999999998628875, 0.8749999999999314992, 1.000000000000000000 ),
 .UNSPECIFIED. ) ;
#1880 = CARTESIAN_POINT ( 'NONE',  ( 24.98079371527080283, -3.322908312943849918, 10.05378888738211351 ) ) ;
#1881 = CARTESIAN_POINT ( 'NONE',  ( 25.00000000000000000, -12.19116882454314066, 6.833333333326575776 ) ) ;
#1882 = CARTESIAN_POINT ( 'NONE',  ( -20.44962300730127325, -17.20466779821679637, 9.999999999999998224 ) ) ;
#1883 = CARTESIAN_POINT ( 'NONE',  ( 24.84362801322487613, 13.79955588557061041, 0.000000000000000000 ) ) ;
#1884 = CARTESIAN_POINT ( 'NONE',  ( -25.00000000000000355, -10.22422808151932117, 0.000000000000000000 ) ) ;
#1885 = CARTESIAN_POINT ( 'NONE',  ( 24.99999999999999645, 11.50000000000000355, 6.666666666666663410 ) ) ;
#1886 = DIRECTION ( 'NONE',  ( 0.000000000000000000, 1.000000000000000000, 0.000000000000000000 ) ) ;
#1887 = CARTESIAN_POINT ( 'NONE',  ( 25.00000000000001066, -9.859717789868021498, 0.000000000000000000 ) ) ;
#1888 = PLANE ( 'NONE',  #2389 ) ;
#1889 = CARTESIAN_POINT ( 'NONE',  ( 24.56984848098349516, 15.74264068711928388, 28.14370336508476456 ) ) ;
#1890 = CIRCLE ( 'NONE', #823, 1.700000000000001954 ) ;
#1891 = EDGE_CURVE ( 'NONE', #2723, #1910, #130, .T. ) ;
#1892 = CARTESIAN_POINT ( 'NONE',  ( 18.99999999999999645, 17.50000000000000000, 17.86901800957763697 ) ) ;
#1893 = VECTOR ( 'NONE', #573, 1000.000000000000000 ) ;
#1894 = ORIENTED_EDGE ( 'NONE', *, *, #424, .F. ) ;
#1895 = CARTESIAN_POINT ( 'NONE',  ( 24.98109438239298541, -3.334911099125091205, 10.05294684269713557 ) ) ;
#1896 = AXIS2_PLACEMENT_3D ( 'NONE', #2198, #2214, #340 ) ;
#1897 = CYLINDRICAL_SURFACE ( 'NONE', #1996, 18.49999999999999645 ) ;
#1898 = VERTEX_POINT ( 'NONE', #581 ) ;
#1899 = CARTESIAN_POINT ( 'NONE',  ( 9.899494936611660023, 4.500000000000002665, 34.89949493661166713 ) ) ;
#1900 = CIRCLE ( 'NONE', #1208, 5.249999999999999112 ) ;
#1901 = CARTESIAN_POINT ( 'NONE',  ( 23.94840541204501605, 15.91667621714272229, -0.000000000000000000 ) ) ;
#1902 = CARTESIAN_POINT ( 'NONE',  ( -24.96284223153560333, -11.15440774644154409, 9.999999999999996447 ) ) ;
#1903 = AXIS2_PLACEMENT_3D ( 'NONE', #143, #1074, #2266 ) ;
#1904 = CARTESIAN_POINT ( 'NONE',  ( -9.899494936611667129, 4.500000000000002665, 31.39949493661166358 ) ) ;
#1905 = CARTESIAN_POINT ( 'NONE',  ( -10.96451451024227453, -2.479562264247948011, 10.13597521497257326 ) ) ;
#1906 = CARTESIAN_POINT ( 'NONE',  ( 24.74171583968007582, -12.78823441113701875, -0.000000000000000000 ) ) ;
#1907 = CARTESIAN_POINT ( 'NONE',  ( 9.589278335482500637, -3.130765368121255054, 10.06843211919989400 ) ) ;
#1908 = CARTESIAN_POINT ( 'NONE',  ( -25.00000000000000000, 12.50918830920367775, 18.31574345981705676 ) ) ;
#1909 = EDGE_CURVE ( 'NONE', #1037, #2562, #2015, .T. ) ;
#1910 = VERTEX_POINT ( 'NONE', #1532 ) ;
#1911 = DIRECTION ( 'NONE',  ( 0.000000000000000000, 0.000000000000000000, -1.000000000000000000 ) ) ;
#1912 = DIRECTION ( 'NONE',  ( -0.000000000000000000, -1.000000000000000000, -0.000000000000000000 ) ) ;
#1913 = CARTESIAN_POINT ( 'NONE',  ( 18.63913753701535470, -17.46381011650187176, 10.00000000000000355 ) ) ;
#1914 = EDGE_CURVE ( 'NONE', #2019, #785, #2950, .T. ) ;
#1915 = ORIENTED_EDGE ( 'NONE', *, *, #1914, .T. ) ;
#1916 = CARTESIAN_POINT ( 'NONE',  ( -18.68012886295218422, -17.46116826695484292, 10.00000000000000355 ) ) ;
#1917 = FACE_BOUND ( 'NONE', #1540, .T. ) ;
#1918 = CARTESIAN_POINT ( 'NONE',  ( 17.42263900974150204, 4.500000000000002665, 31.22106501623584407 ) ) ;
#1919 = CARTESIAN_POINT ( 'NONE',  ( 24.99999999999999645, 11.50000000000000533, 3.333333333333331261 ) ) ;
#1920 = CARTESIAN_POINT ( 'NONE',  ( -15.41072166481709971, -3.130765368320840292, 10.06843211918351066 ) ) ;
#1921 = DIRECTION ( 'NONE',  ( 1.000000000000000000, 0.000000000000000000, 0.000000000000000000 ) ) ;
#1922 = DIRECTION ( 'NONE',  ( -1.000000000000000000, -9.912705577010325549E-17, 0.000000000000000000 ) ) ;
#1923 = FACE_OUTER_BOUND ( 'NONE', #2300, .T. ) ;
#1924 = CARTESIAN_POINT ( 'NONE',  ( -2.168838811120652910, 3.398181850067140797, 13.69204390965248486 ) ) ;
#1925 = DIRECTION ( 'NONE',  ( -0.000000000000000000, -1.000000000000000000, -0.000000000000000000 ) ) ;
#1926 = ORIENTED_EDGE ( 'NONE', *, *, #552, .T. ) ;
#1927 = CARTESIAN_POINT ( 'NONE',  ( -19.69116882454313711, -17.50000000000000000, 6.833333333326575776 ) ) ;
#1928 = CARTESIAN_POINT ( 'NONE',  ( 20.19403798167828867, -17.26202757288073997, 10.00000000000000355 ) ) ;
#1929 = ORIENTED_EDGE ( 'NONE', *, *, #1710, .T. ) ;
#1930 = CARTESIAN_POINT ( 'NONE',  ( -20.58213934606493467, -17.17211976388873040, 10.00000000000000000 ) ) ;
#1931 = VERTEX_POINT ( 'NONE', #1984 ) ;
#1932 = CARTESIAN_POINT ( 'NONE',  ( 24.79027531015178454, 14.03703300770020235, -0.000000000000000000 ) ) ;
#1933 = EDGE_CURVE ( 'NONE', #3029, #2309, #2874, .T. ) ;
#1934 = CARTESIAN_POINT ( 'NONE',  ( 24.99999999999999645, 11.50000000000000000, 10.00000000000000000 ) ) ;
#1935 = CARTESIAN_POINT ( 'NONE',  ( -10.96861079049495658, -2.478312076614417769, 10.13613575215815743 ) ) ;
#1936 = DIRECTION ( 'NONE',  ( -0.000000000000000000, -0.000000000000000000, 1.000000000000000000 ) ) ;
#1937 = CARTESIAN_POINT ( 'NONE',  ( 4.922536662107436456, 3.802984252731330006, 14.60676691843091568 ) ) ;
#1938 = CARTESIAN_POINT ( 'NONE',  ( 23.24264068711927678, 17.06984848098350227, 18.31574345988526531 ) ) ;
#1939 = CARTESIAN_POINT ( 'NONE',  ( 24.99595389995612393, 12.13710677035518337, 10.01133145856501372 ) ) ;
#1940 = CARTESIAN_POINT ( 'NONE',  ( -25.00000000000000000, 12.50918830920367952, -1.340176350718322640 ) ) ;
#1941 = ORIENTED_EDGE ( 'NONE', *, *, #2528, .T. ) ;
#1942 = DIRECTION ( 'NONE',  ( -0.000000000000000000, -1.000000000000000000, -0.000000000000000000 ) ) ;
#1943 = CARTESIAN_POINT ( 'NONE',  ( 24.73135443956420332, -12.83463632702401469, 10.00000000000000355 ) ) ;
#1944 = AXIS2_PLACEMENT_3D ( 'NONE', #2516, #669, #1376 ) ;
#1945 = ORIENTED_EDGE ( 'NONE', *, *, #795, .F. ) ;
#1946 = CARTESIAN_POINT ( 'NONE',  ( -17.00000000000000000, -17.50000000000000000, 10.00000000000000000 ) ) ;
#1947 = ORIENTED_EDGE ( 'NONE', *, *, #135, .F. ) ;
#1948 = AXIS2_PLACEMENT_3D ( 'NONE', #102, #1988, #1522 ) ;
#1949 = CARTESIAN_POINT ( 'NONE',  ( 24.58358119589448521, 14.75521993207014049, -0.000000000000000000 ) ) ;
#1950 = VECTOR ( 'NONE', #687, 1000.000000000000000 ) ;
#1951 = ADVANCED_FACE ( 'NONE', ( #1337 ), #657, .F. ) ;
#1952 = CARTESIAN_POINT ( 'NONE',  ( -13.50069995268187739, -2.344509672131572575, 10.15359997890801935 ) ) ;
#1953 = DIRECTION ( 'NONE',  ( -0.000000000000000000, -1.000000000000000000, -0.000000000000000000 ) ) ;
#1954 = VECTOR ( 'NONE', #2224, 1000.000000000000000 ) ;
#1955 = CARTESIAN_POINT ( 'NONE',  ( -8.834286671052900886, 1.822236077541301569, 11.76602335397708821 ) ) ;
#1956 = CARTESIAN_POINT ( 'NONE',  ( 9.899494936611660023, 4.600000000000001421, 38.39949493661166713 ) ) ;
#1957 = CARTESIAN_POINT ( 'NONE',  ( 24.80550099276547016, 13.96976094408768176, 10.54471155372212365 ) ) ;
#1958 = CARTESIAN_POINT ( 'NONE',  ( 2.548626011680220849, -5.499999999999998224, 10.00000000000000000 ) ) ;
#1959 = ORIENTED_EDGE ( 'NONE', *, *, #2549, .F. ) ;
#1960 = CARTESIAN_POINT ( 'NONE',  ( 24.73394665175591456, -12.82313464526333568, 10.00000000000000000 ) ) ;
#1961 = ORIENTED_EDGE ( 'NONE', *, *, #268, .F. ) ;
#1962 = CARTESIAN_POINT ( 'NONE',  ( 6.417730612374794141, 4.072257838165779908, 15.45732040844986699 ) ) ;
#1963 = VERTEX_POINT ( 'NONE', #2273 ) ;
#1964 = DIRECTION ( 'NONE',  ( 0.000000000000000000, 1.000000000000000000, 0.000000000000000000 ) ) ;
#1965 = CARTESIAN_POINT ( 'NONE',  ( 18.68945616260126030, -17.46054868209442645, -0.000000000000000000 ) ) ;
#1966 = PRODUCT_DEFINITION_CONTEXT ( 'detailed design', #2698, 'design' ) ;
#1967 = CARTESIAN_POINT ( 'NONE',  ( 3.260393425532595923, 5.772727272727274261, 36.02813831572418479 ) ) ;
#1968 = EDGE_CURVE ( 'NONE', #2495, #1775, #1148, .T. ) ;
#1969 = DIRECTION ( 'NONE',  ( -1.000000000000000000, -0.000000000000000000, -0.000000000000000000 ) ) ;
#1970 = CARTESIAN_POINT ( 'NONE',  ( 20.73673144474857466, 17.42763288531951105, 21.93965805627774301 ) ) ;
#1971 = EDGE_CURVE ( 'NONE', #2942, #2179, #141, .T. ) ;
#1972 = CARTESIAN_POINT ( 'NONE',  ( -9.899494936611667129, 4.600000000000001421, 34.89949493661166713 ) ) ;
#1973 = ORIENTED_EDGE ( 'NONE', *, *, #1292, .F. ) ;
#1974 = CARTESIAN_POINT ( 'NONE',  ( -3.469446951953614189E-15, 4.500000000000003553, 25.00000000000000000 ) ) ;
#1975 = CARTESIAN_POINT ( 'NONE',  ( 20.08290229887059652, -17.28480718578812869, 10.00000000000000000 ) ) ;
#1976 = ORIENTED_EDGE ( 'NONE', *, *, #1383, .T. ) ;
#1977 = CARTESIAN_POINT ( 'NONE',  ( -3.260393425532601697, 5.772727272727278702, 43.21043202976644437 ) ) ;
#1978 = ORIENTED_EDGE ( 'NONE', *, *, #811, .F. ) ;
#1979 = CARTESIAN_POINT ( 'NONE',  ( 22.46252988586238430, 4.386279367690720576, 17.10640793517646685 ) ) ;
#1980 = CARTESIAN_POINT ( 'NONE',  ( 9.836323364986558460, 1.605764326555306098, 11.60093073960036136 ) ) ;
#1981 = CARTESIAN_POINT ( 'NONE',  ( -24.98207722821746657, -3.375087464803466997, 10.05019429663669328 ) ) ;
#1982 = CARTESIAN_POINT ( 'NONE',  ( -22.81427848883237886, 16.84009054946738715, 16.12130507646451960 ) ) ;
#1983 = DIRECTION ( 'NONE',  ( -0.000000000000000000, -1.000000000000000000, -0.000000000000000000 ) ) ;
#1984 = CARTESIAN_POINT ( 'NONE',  ( -7.250000000000001776, -7.500000000000001776, 10.00000000000000000 ) ) ;
#1985 = CARTESIAN_POINT ( 'NONE',  ( -25.00000000000000355, 11.50000000000000711, 0.000000000000000000 ) ) ;
#1986 = ORIENTED_EDGE ( 'NONE', *, *, #1489, .F. ) ;
#1987 = ADVANCED_FACE ( 'NONE', ( #175 ), #427, .F. ) ;
#1988 = DIRECTION ( 'NONE',  ( -0.000000000000000000, -1.000000000000000000, -0.000000000000000000 ) ) ;
#1989 = CARTESIAN_POINT ( 'NONE',  ( 27.50000000000000355, -5.499999999999998224, 10.00000000000000000 ) ) ;
#1990 = VERTEX_POINT ( 'NONE', #2289 ) ;
#1991 = DIRECTION ( 'NONE',  ( 0.000000000000000000, 0.000000000000000000, -1.000000000000000000 ) ) ;
#1992 = ORIENTED_EDGE ( 'NONE', *, *, #404, .F. ) ;
#1993 = CARTESIAN_POINT ( 'NONE',  ( 21.79185175856125412, 4.494628747395376323, 18.98470094018468757 ) ) ;
#1994 = VECTOR ( 'NONE', #551, 1000.000000000000000 ) ;
#1995 = CARTESIAN_POINT ( 'NONE',  ( 8.232748448404910491, 2.121735960899786111, 12.02284807581579962 ) ) ;
#1996 = AXIS2_PLACEMENT_3D ( 'NONE', #1415, #2995, #720 ) ;
#1997 = DIRECTION ( 'NONE',  ( 1.000000000000000000, 0.000000000000000000, 0.000000000000000000 ) ) ;
#1998 = B_SPLINE_CURVE_WITH_KNOTS ( 'NONE', 3,
 ( #1001, #1157, #3030, #1472, #1243, #1619, #2380, #1939, #693, #2325, #2177, #81, #2857, #472, #460, #211, #1458, #2148, #227, #931, #1017, #2624, #1144, #290, #1957, #1216, #2893, #47, #532, #563, #794, #1727, #2396, #304, #2656, #1484, #2078, #2195, #808, #628, #615, #1549, #2951, #2671, #2227, #2211, #2425, #2923, #1788, #1533, #645, #2732, #1520, #2462, #2493, #2016, #99, #1032, #1970, #1308, #1774, #400, #131 ),
 .UNSPECIFIED., .F., .F.,
 ( 4, 1, 1, 1, 1, 1, 2, 2, 1, 1, 1, 2, 2, 1, 1, 1, 1, 2, 2, 1, 1, 1, 1, 1, 1, 1, 2, 2, 1, 1, 1, 1, 1, 1, 1, 1, 2, 2, 1, 1, 1, 1, 1, 1, 1, 1, 2, 2, 4 ),
 ( 0.000000000000000000, 0.01562500000000886791, 0.02343750000001342676, 0.02734375000001556047, 0.02929687500001647293, 0.03027343750001674355, 0.03076171875001705580, 0.03125000000001736805, 0.04687500000002670086, 0.05468750000003148870, 0.05859375000003403527, 0.06054687500003516631, 0.06250000000003630429, 0.09375000000005315193, 0.1093750000000613815, 0.1171875000000654893, 0.1210937500000674877, 0.1230468750000683759, 0.1250000000000692502, 0.1875000000001023348, 0.2187500000001186273, 0.2343750000001268152, 0.2421875000001309231, 0.2460937500001330047, 0.2480468750001339762, 0.2490234375001345313, 0.2495117187501347533, 0.2500000000001349476, 0.3750000000001652567, 0.4375000000001801892, 0.4687500000001877387, 0.4843750000001914580, 0.4921875000001931788, 0.4960937500001941780, 0.4980468750001946776, 0.4990234375001947331, 0.4995117187501946221, 0.5000000000001945111, 0.6250000000001693090, 0.6875000000001566525, 0.7187500000001504352, 0.7343750000001472156, 0.7421875000001455502, 0.7460937500001447731, 0.7480468750001443290, 0.7490234375001438849, 0.7495117187501438849, 0.7500000000001437739, 1.000000000000000000 ),
 .UNSPECIFIED. ) ;
#1999 = CARTESIAN_POINT ( 'NONE',  ( 3.703160308737625250, 5.077144329694490033, 35.88830118638953337 ) ) ;
#2000 = CIRCLE ( 'NONE', #2684, 5.250000000000000000 ) ;
#2001 = CARTESIAN_POINT ( 'NONE',  ( -3.702493022300314518, 5.077467939832196464, 35.88854458156687599 ) ) ;
#2002 = CARTESIAN_POINT ( 'NONE',  ( -25.00000000000000000, 11.76976190333651928, 0.000000000000000000 ) ) ;
#2003 = EDGE_LOOP ( 'NONE', ( #486, #703, #2940, #214, #1129, #362, #2297, #2341, #1805 ) ) ;
#2004 = CARTESIAN_POINT ( 'NONE',  ( -10.18000721239329565, 4.485104651395746878, 18.60050507069714243 ) ) ;
#2005 = DIRECTION ( 'NONE',  ( -0.000000000000000000, -1.000000000000000000, -0.000000000000000000 ) ) ;
#2006 = EDGE_CURVE ( 'NONE', #392, #2912, #49, .T. ) ;
#2007 = ORIENTED_EDGE ( 'NONE', *, *, #1050, .F. ) ;
#2008 = CARTESIAN_POINT ( 'NONE',  ( -6.417730612374794141, 4.072257838165779020, 15.45732040844986521 ) ) ;
#2009 = EDGE_CURVE ( 'NONE', #2432, #2118, #2630, .T. ) ;
#2010 = DIRECTION ( 'NONE',  ( -0.000000000000000000, -0.000000000000000000, 1.000000000000000000 ) ) ;
#2011 = DIRECTION ( 'NONE',  ( 1.000000000000000000, 0.000000000000000000, 0.000000000000000000 ) ) ;
#2012 = CARTESIAN_POINT ( 'NONE',  ( -24.07903844940245719, 15.70820460659122908, 12.57923371577643223 ) ) ;
#2013 = DIRECTION ( 'NONE',  ( 0.3362737846613971238, 0.000000000000000000, -0.9417642707968381099 ) ) ;
#2014 = MANIFOLD_SOLID_BREP ( 'Fillet4', #2721 ) ;
#2015 = LINE ( 'NONE', #1773, #533 ) ;
#2016 = CARTESIAN_POINT ( 'NONE',  ( 20.75198775711029953, 17.42582895601070803, 21.89693141345940930 ) ) ;
#2017 = ORIENTED_EDGE ( 'NONE', *, *, #2643, .F. ) ;
#2018 = LINE ( 'NONE', #1083, #2878 ) ;
#2019 = VERTEX_POINT ( 'NONE', #441 ) ;
#2020 = ADVANCED_BREP_SHAPE_REPRESENTATION ( 'Motor bracket', ( #2014, #244 ), #1313 ) ;
#2021 = LINE ( 'NONE', #2312, #2924 ) ;
#2022 = B_SPLINE_CURVE_WITH_KNOTS ( 'NONE', 3,
 ( #846, #363, #124, #2665 ),
 .UNSPECIFIED., .F., .F.,
 ( 4, 4 ),
 ( 0.000000000000000000, 0.01643221550336139078 ),
 .UNSPECIFIED. ) ;
#2023 = CARTESIAN_POINT ( 'NONE',  ( -10.35615758860398650, 4.500000000000003553, 19.99999999999998934 ) ) ;
#2024 = CARTESIAN_POINT ( 'NONE',  ( 9.221610458603718641, 1.690376151506413516, 11.66327866834968319 ) ) ;
#2025 = CARTESIAN_POINT ( 'NONE',  ( -22.98519285300332271, 4.120433557944363834, 15.64264438721622774 ) ) ;
#2026 = EDGE_CURVE ( 'NONE', #1037, #55, #2429, .T. ) ;
#2027 = CARTESIAN_POINT ( 'NONE',  ( -21.53726525034419836, -16.96401693114696840, -0.000000000000000000 ) ) ;
#2028 = CARTESIAN_POINT ( 'NONE',  ( 1.371802586469057728, 7.724684548363090819, 36.41898540022152275 ) ) ;
#2029 = CARTESIAN_POINT ( 'NONE',  ( -24.97386023064257543, 12.71313303726155652, -0.000000000000000000 ) ) ;
#2030 = CARTESIAN_POINT ( 'NONE',  ( 11.30288889137840691, -2.387865394707781252, 10.14782469921912877 ) ) ;
#2031 = ORIENTED_EDGE ( 'NONE', *, *, #795, .T. ) ;
#2032 = CARTESIAN_POINT ( 'NONE',  ( -3.469446972765737021E-15, 8.000000000000001776, 43.50000000000000000 ) ) ;
#2033 = EDGE_LOOP ( 'NONE', ( #1382, #66, #1342, #1643, #1006, #1358, #2767, #1915, #2121, #2914, #71, #1281, #153, #1602, #1606 ) ) ;
#2034 = DIRECTION ( 'NONE',  ( -0.000000000000000000, -1.000000000000000000, -0.000000000000000000 ) ) ;
#2035 = CARTESIAN_POINT ( 'NONE',  ( 24.80851953803792398, -0.5672728779037462532, 10.53625785255052349 ) ) ;
#2036 = FACE_OUTER_BOUND ( 'NONE', #2033, .T. ) ;
#2037 = CARTESIAN_POINT ( 'NONE',  ( -22.87213898305289916, 4.192242147412847508, 15.95926168018131364 ) ) ;
#2038 = CARTESIAN_POINT ( 'NONE',  ( -24.95265311301626454, 12.99712773402618282, 10.13259911574624716 ) ) ;
#2039 = CARTESIAN_POINT ( 'NONE',  ( -24.70466779821640912, -12.94962300730115423, -0.000000000000000000 ) ) ;
#2040 = CARTESIAN_POINT ( 'NONE',  ( 18.65581159539077305, -17.46275297342348409, 9.999999999999998224 ) ) ;
#2041 = AXIS2_PLACEMENT_3D ( 'NONE', #2115, #1886, #1657 ) ;
#2042 = EDGE_CURVE ( 'NONE', #1633, #1990, #1849, .T. ) ;
#2043 = DIRECTION ( 'NONE',  ( -0.000000000000000000, -1.000000000000000000, -0.000000000000000000 ) ) ;
#2044 = CARTESIAN_POINT ( 'NONE',  ( -21.51541465134238962, 17.29523149002404736, -0.000000000000000000 ) ) ;
#2045 = VECTOR ( 'NONE', #2176, 1000.000000000000000 ) ;
#2046 = CARTESIAN_POINT ( 'NONE',  ( 10.97273306112280267, -2.477057035060525436, 10.13629565572701807 ) ) ;
#2047 = EDGE_CURVE ( 'NONE', #834, #106, #393, .T. ) ;
#2048 = VECTOR ( 'NONE', #2424, 1000.000000000000000 ) ;
#2049 = ORIENTED_EDGE ( 'NONE', *, *, #8, .T. ) ;
#2050 = CIRCLE ( 'NONE', #1903, 11.50000000000000355 ) ;
#2051 = CARTESIAN_POINT ( 'NONE',  ( -27.50000000000000355, 4.500000000000002665, 16.63603896932107062 ) ) ;
#2052 = ORIENTED_EDGE ( 'NONE', *, *, #2209, .T. ) ;
#2053 = CARTESIAN_POINT ( 'NONE',  ( -3.469446951953614189E-15, 4.500000000000002665, 25.00000000000000000 ) ) ;
#2054 = CARTESIAN_POINT ( 'NONE',  ( 12.87318551792003873, 3.143005439610181639, 13.25464946486600581 ) ) ;
#2055 = CARTESIAN_POINT ( 'NONE',  ( -24.87445524913800199, -1.262952532631191005, 10.35159910210357026 ) ) ;
#2056 = CARTESIAN_POINT ( 'NONE',  ( -9.542679591550138340, 4.550000000000001599, 18.58226938762520675 ) ) ;
#2057 = CARTESIAN_POINT ( 'NONE',  ( -7.444436729896624527, 2.675323912002682825, 12.60595137822635969 ) ) ;
#2058 = CARTESIAN_POINT ( 'NONE',  ( 22.65685424949238680, -16.92646464131133754, -0.5000000000000004441 ) ) ;
#2059 = FILL_AREA_STYLE ('',( #162 ) ) ;
#2060 = CARTESIAN_POINT ( 'NONE',  ( -19.00000000000000355, 17.50000000000000000, 0.000000000000000000 ) ) ;
#2061 = CARTESIAN_POINT ( 'NONE',  ( -13.34429533450386174, 3.743534015439245799, 14.44261497516160020 ) ) ;
#2062 = EDGE_LOOP ( 'NONE', ( #2467, #1765, #1730, #1735 ) ) ;
#2063 = EDGE_CURVE ( 'NONE', #1834, #139, #3036, .T. ) ;
#2064 = CARTESIAN_POINT ( 'NONE',  ( -27.50000000000000355, 4.500000000000002665, 18.31801948466053531 ) ) ;
#2065 = ORIENTED_EDGE ( 'NONE', *, *, #1822, .F. ) ;
#2066 = VERTEX_POINT ( 'NONE', #724 ) ;
#2067 = CARTESIAN_POINT ( 'NONE',  ( 10.92988909542202869, 4.480170022128642238, 18.45460487676232120 ) ) ;
#2068 = CARTESIAN_POINT ( 'NONE',  ( 10.98019631539920837, 1.828791604158964468, 11.77095894432484968 ) ) ;
#2069 = DIRECTION ( 'NONE',  ( 0.000000000000000000, 1.000000000000000000, 0.000000000000000000 ) ) ;
#2070 = CARTESIAN_POINT ( 'NONE',  ( -18.63913753701066511, -17.46381011650188242, -0.000000000000000000 ) ) ;
#2071 = CARTESIAN_POINT ( 'NONE',  ( 0.3541655714732124260, 7.986440511551303523, 36.49585288821484852 ) ) ;
#2072 = DIRECTION ( 'NONE',  ( 0.000000000000000000, 0.000000000000000000, -1.000000000000000000 ) ) ;
#2073 = CARTESIAN_POINT ( 'NONE',  ( -13.42033619846309378, 4.054967398383150012, 15.35190616945805075 ) ) ;
#2074 = ORIENTED_EDGE ( 'NONE', *, *, #2186, .T. ) ;
#2075 = CARTESIAN_POINT ( 'NONE',  ( 7.249999999999999112, -7.500000000000000888, 10.00000000000000000 ) ) ;
#2076 = EDGE_CURVE ( 'NONE', #1359, #732, #2138, .T. ) ;
#2077 = ORIENTED_EDGE ( 'NONE', *, *, #1819, .T. ) ;
#2078 = CARTESIAN_POINT ( 'NONE',  ( 23.93502306665988755, 15.92772475988838643, 12.98256144484294161 ) ) ;
#2079 = CARTESIAN_POINT ( 'NONE',  ( 24.87088042447038561, -1.220420460523173434, 10.36161071258255362 ) ) ;
#2080 = CARTESIAN_POINT ( 'NONE',  ( 13.35902758627332965, 4.170382824907454378, 15.81793705241294568 ) ) ;
#2081 = CARTESIAN_POINT ( 'NONE',  ( -24.99326696162174599, 12.25979912695032503, 10.01885646537961350 ) ) ;
#2082 = CARTESIAN_POINT ( 'NONE',  ( -17.00000000000000000, -17.50000000000000000, 0.000000000000000000 ) ) ;
#2083 = AXIS2_PLACEMENT_3D ( 'NONE', #873, #1072, #1809 ) ;
#2084 = CARTESIAN_POINT ( 'NONE',  ( -24.80530036076097034, 13.97065087873831501, 0.000000000000000000 ) ) ;
#2085 = CARTESIAN_POINT ( 'NONE',  ( -12.88463401860546220, 3.154620977962538042, 13.27320251779929627 ) ) ;
#2086 = CARTESIAN_POINT ( 'NONE',  ( 9.657596472595093573, -3.085873023270488069, 10.07214298770525396 ) ) ;
#2087 = CIRCLE ( 'NONE', #1597, 11.50000000000000355 ) ;
#2088 = ORIENTED_EDGE ( 'NONE', *, *, #2477, .T. ) ;
#2089 = CYLINDRICAL_SURFACE ( 'NONE', #826, 1.700000000000000178 ) ;
#2090 = VECTOR ( 'NONE', #1500, 1000.000000000000000 ) ;
#2091 = ORIENTED_EDGE ( 'NONE', *, *, #2496, .T. ) ;
#2092 = CARTESIAN_POINT ( 'NONE',  ( -3.867686380757741399E-10, 3.289808274840941849, 13.50000001682739459 ) ) ;
#2093 = CARTESIAN_POINT ( 'NONE',  ( 18.99999999999999289, 17.50000000000000000, -1.340176350718322640 ) ) ;
#2094 = AXIS2_PLACEMENT_3D ( 'NONE', #1174, #2109, #492 ) ;
#2095 = CARTESIAN_POINT ( 'NONE',  ( -17.00000000000000000, -17.50000000000000000, -0.5000000000000004441 ) ) ;
#2096 =( LENGTH_UNIT ( ) NAMED_UNIT ( * ) SI_UNIT ( .MILLI., .METRE. ) );
#2097 = CARTESIAN_POINT ( 'NONE',  ( 13.27262315024907480, 3.624041139587685034, 14.16503977758151755 ) ) ;
#2098 = CARTESIAN_POINT ( 'NONE',  ( 21.14241071414999951, 17.37055518753416194, -0.000000000000000000 ) ) ;
#2099 = EDGE_CURVE ( 'NONE', #1262, #1510, #779, .T. ) ;
#2100 = DIRECTION ( 'NONE',  ( 0.000000000000000000, 0.000000000000000000, -1.000000000000000000 ) ) ;
#2101 = DIRECTION ( 'NONE',  ( -0.000000000000000000, -1.000000000000000000, -0.000000000000000000 ) ) ;
#2102 = CARTESIAN_POINT ( 'NONE',  ( -12.14833906259507046, 4.444675206863291095, 17.79692117861255696 ) ) ;
#2103 = CARTESIAN_POINT ( 'NONE',  ( 9.579417477581779750, -3.137351548862036488, 10.06789357598752765 ) ) ;
#2104 = ORIENTED_EDGE ( 'NONE', *, *, #1610, .T. ) ;
#2105 = DIRECTION ( 'NONE',  ( -0.000000000000000000, -1.000000000000000000, -0.000000000000000000 ) ) ;
#2106 = ORIENTED_EDGE ( 'NONE', *, *, #116, .T. ) ;
#2107 = CARTESIAN_POINT ( 'NONE',  ( -18.34558441227157033, -17.50000000000000000, 6.833333333326575776 ) ) ;
#2108 = CARTESIAN_POINT ( 'NONE',  ( 17.00000000000000000, -17.50000000000000000, 10.50000000000000000 ) ) ;
#2109 = DIRECTION ( 'NONE',  ( 0.000000000000000000, 1.000000000000000000, 0.000000000000000000 ) ) ;
#2110 = CARTESIAN_POINT ( 'NONE',  ( 9.899494936611660023, 4.500000000000002665, 31.39949493661166358 ) ) ;
#2111 = CARTESIAN_POINT ( 'NONE',  ( -24.97271893613617166, -10.98184655817515676, 10.00000000000000178 ) ) ;
#2112 = EDGE_CURVE ( 'NONE', #1330, #194, #1210, .T. ) ;
#2113 = B_SPLINE_CURVE_WITH_KNOTS ( 'NONE', 3,
 ( #1744, #373, #357, #2414 ),
 .UNSPECIFIED., .F., .F.,
 ( 4, 4 ),
 ( 0.000000000000000000, 1.000000000000000000 ),
 .UNSPECIFIED. ) ;
#2114 = DIRECTION ( 'NONE',  ( -0.000000000000000000, -1.000000000000000000, -0.000000000000000000 ) ) ;
#2115 = CARTESIAN_POINT ( 'NONE',  ( -3.469446951953614189E-15, 17.50000000000000000, 25.00000000000000000 ) ) ;
#2116 = CARTESIAN_POINT ( 'NONE',  ( 3.260393425532595479, 5.772727272727275150, -0.05100000000037019365 ) ) ;
#2117 = CARTESIAN_POINT ( 'NONE',  ( -25.00000000000000355, 4.500000000000002665, 10.00000000000000000 ) ) ;
#2118 = VERTEX_POINT ( 'NONE', #9 ) ;
#2119 = CARTESIAN_POINT ( 'NONE',  ( 24.99999999999999289, 12.50918830920367952, 8.487783554549372056 ) ) ;
#2120 = FACE_OUTER_BOUND ( 'NONE', #306, .T. ) ;
#2121 = ORIENTED_EDGE ( 'NONE', *, *, #1746, .T. ) ;
#2122 = CARTESIAN_POINT ( 'NONE',  ( -0.1748152639238909900, 8.000000000000005329, 43.50000000000000711 ) ) ;
#2123 = CARTESIAN_POINT ( 'NONE',  ( -22.65685424949238680, -16.92646464131133754, 6.833333333326575776 ) ) ;
#2124 = CARTESIAN_POINT ( 'NONE',  ( 17.83706529366948246, -17.49530648363632324, 9.999999999999998224 ) ) ;
#2125 = CARTESIAN_POINT ( 'NONE',  ( -12.50000000000000178, -7.500000000000001776, 10.00000000000000000 ) ) ;
#2126 = DIRECTION ( 'NONE',  ( 0.000000000000000000, 0.000000000000000000, 1.000000000000000000 ) ) ;
#2127 = DIRECTION ( 'NONE',  ( 1.000000000000000000, 0.000000000000000000, 0.000000000000000000 ) ) ;
#2128 = CARTESIAN_POINT ( 'NONE',  ( -14.01950662927067626, -2.474703559371867811, 10.13659444529168496 ) ) ;
#2129 = CARTESIAN_POINT ( 'NONE',  ( 24.46401693114724551, -14.03726525033210848, -0.000000000000000000 ) ) ;
#2130 = CARTESIAN_POINT ( 'NONE',  ( 3.559259092527802260, 3.578110785266675808, 14.06266961411198579 ) ) ;
#2131 = DIRECTION ( 'NONE',  ( 0.000000000000000000, 1.000000000000000000, 0.000000000000000000 ) ) ;
#2132 = AXIS2_PLACEMENT_3D ( 'NONE', #1268, #788, #107 ) ;
#2133 = EDGE_CURVE ( 'NONE', #1510, #2234, #1900, .T. ) ;
#2134 = CARTESIAN_POINT ( 'NONE',  ( 15.15000000000000036, -7.500000000000001776, 9.000000000000001776 ) ) ;
#2135 = CIRCLE ( 'NONE', #964, 5.249999999999999112 ) ;
#2136 = ORIENTED_EDGE ( 'NONE', *, *, #650, .F. ) ;
#2137 = CARTESIAN_POINT ( 'NONE',  ( -9.899494936611667129, 4.600000000000001421, 31.39949493661166358 ) ) ;
#2138 = CIRCLE ( 'NONE', #1502, 1.699999999999993072 ) ;
#2139 = CARTESIAN_POINT ( 'NONE',  ( 18.57342869668995533, -17.46775652039749360, 9.999999999999998224 ) ) ;
#2140 = EDGE_LOOP ( 'NONE', ( #2521, #91, #1808, #1959, #1676, #1876, #73, #417, #2017 ) ) ;
#2141 = CARTESIAN_POINT ( 'NONE',  ( -24.75026667957625293, -12.74910431135236877, 10.00000000000000000 ) ) ;
#2142 = VECTOR ( 'NONE', #2433, 1000.000000000000000 ) ;
#2143 = CARTESIAN_POINT ( 'NONE',  ( 24.79523149002406512, 14.01541465134283904, -0.000000000000000000 ) ) ;
#2144 = DIRECTION ( 'NONE',  ( -0.000000000000000000, -0.000000000000000000, 1.000000000000000000 ) ) ;
#2145 = CARTESIAN_POINT ( 'NONE',  ( -15.40212953396674500, -3.125045504282097486, 10.06890085048378403 ) ) ;
#2146 = CARTESIAN_POINT ( 'NONE',  ( 18.80086673388120033, -17.45273504251849772, -0.000000000000000000 ) ) ;
#2147 = DIRECTION ( 'NONE',  ( 9.912705577010325549E-17, -1.000000000000000000, 0.000000000000000000 ) ) ;
#2148 = CARTESIAN_POINT ( 'NONE',  ( 24.95455273888630998, 12.99983359773092495, 10.12727904664213519 ) ) ;
#2149 = CARTESIAN_POINT ( 'NONE',  ( -7.645878041021010318, -5.499999998160512327, 10.00000000000000000 ) ) ;
#2150 = VERTEX_POINT ( 'NONE', #771 ) ;
#2151 = EDGE_CURVE ( 'NONE', #2150, #118, #2932, .T. ) ;
#2152 = CARTESIAN_POINT ( 'NONE',  ( -18.34558441227157033, -17.50000000000000000, 3.166666666666666075 ) ) ;
#2153 = CARTESIAN_POINT ( 'NONE',  ( 27.50000000000000355, -3.818019484660533536, 10.00000000000000000 ) ) ;
#2154 = ORIENTED_EDGE ( 'NONE', *, *, #471, .F. ) ;
#2155 = CARTESIAN_POINT ( 'NONE',  ( -24.76202757288194078, -12.69403798167381758, 10.00000000000000178 ) ) ;
#2156 = CARTESIAN_POINT ( 'NONE',  ( 24.96454909717349580, 12.85066672765833040, -0.000000000000000000 ) ) ;
#2157 = LINE ( 'NONE', #1904, #1162 ) ;
#2158 = CARTESIAN_POINT ( 'NONE',  ( -10.97031824405882006, -2.477791912626134074, 10.13620217064820572 ) ) ;
#2159 = CARTESIAN_POINT ( 'NONE',  ( 20.44962300730330540, -17.20466779821552805, -0.000000000000000000 ) ) ;
#2160 = CARTESIAN_POINT ( 'NONE',  ( 1.888835196592305143, 3.376636516787964837, 13.65261245425069347 ) ) ;
#2161 = CARTESIAN_POINT ( 'NONE',  ( 20.00918830920366887, 17.50000000000000000, -1.340176350718322640 ) ) ;
#2162 = CARTESIAN_POINT ( 'NONE',  ( -3.382971064302879860, 3.552834159711684148, 14.00882634403477489 ) ) ;
#2163 = CARTESIAN_POINT ( 'NONE',  ( -3.690542126452844851, 5.090376145472712111, 43.12860568609219314 ) ) ;
#2164 = ORIENTED_EDGE ( 'NONE', *, *, #2265, .F. ) ;
#2165 = CARTESIAN_POINT ( 'NONE',  ( 24.67211976388727734, -13.08213934606831508, 10.00000000000000178 ) ) ;
#2166 = EDGE_CURVE ( 'NONE', #1878, #2931, #1670, .T. ) ;
#2167 = ORIENTED_EDGE ( 'NONE', *, *, #1175, .T. ) ;
#2168 = CARTESIAN_POINT ( 'NONE',  ( -24.74171583967995502, -12.78823441113793180, 9.999999999999998224 ) ) ;
#2169 = ORIENTED_EDGE ( 'NONE', *, *, #666, .F. ) ;
#2170 = FACE_OUTER_BOUND ( 'NONE', #1297, .T. ) ;
#2171 = EDGE_CURVE ( 'NONE', #1430, #2968, #2000, .T. ) ;
#2172 = CARTESIAN_POINT ( 'NONE',  ( -2.631498359702925338, 6.814193472543633057, 36.19542966680418772 ) ) ;
#2173 = CARTESIAN_POINT ( 'NONE',  ( -15.41645534952708907, -3.134590503639436587, 10.06811910128407028 ) ) ;
#2174 = CARTESIAN_POINT ( 'NONE',  ( 24.97271893613617877, -10.98184655816643129, -0.000000000000000000 ) ) ;
#2175 = CARTESIAN_POINT ( 'NONE',  ( 17.42263900974150204, 4.500000000000002665, 31.22106501623584407 ) ) ;
#2176 = DIRECTION ( 'NONE',  ( -9.912705577010325549E-17, 1.000000000000000000, -0.000000000000000000 ) ) ;
#2177 = CARTESIAN_POINT ( 'NONE',  ( 24.99358307382478017, 12.26156954918868536, 10.01797116538908483 ) ) ;
#2178 = CARTESIAN_POINT ( 'NONE',  ( -3.334892378441963068, 5.581880497082830850, 43.19709374674944513 ) ) ;
#2179 = VERTEX_POINT ( 'NONE', #982 ) ;
#2180 = VECTOR ( 'NONE', #2034, 1000.000000000000000 ) ;
#2181 = CARTESIAN_POINT ( 'NONE',  ( 24.72037001426567215, -12.88270357526680954, 10.00000000000000000 ) ) ;
#2182 = VECTOR ( 'NONE', #7, 1000.000000000000000 ) ;
#2183 = EDGE_LOOP ( 'NONE', ( #2007, #342, #2478, #359 ) ) ;
#2184 = DIRECTION ( 'NONE',  ( -0.000000000000000000, -1.000000000000000000, -0.000000000000000000 ) ) ;
#2185 = ORIENTED_EDGE ( 'NONE', *, *, #1070, .T. ) ;
#2186 = EDGE_CURVE ( 'NONE', #2387, #717, #637, .T. ) ;
#2187 = FACE_OUTER_BOUND ( 'NONE', #275, .T. ) ;
#2188 = VECTOR ( 'NONE', #510, 1000.000000000000000 ) ;
#2189 = CYLINDRICAL_SURFACE ( 'NONE', #1253, 18.49999999999999645 ) ;
#2190 = EDGE_CURVE ( 'NONE', #912, #1355, #2157, .T. ) ;
#2191 = CARTESIAN_POINT ( 'NONE',  ( -23.94025103096095464, 15.89576224764871881, 12.96792007161575988 ) ) ;
#2192 = VECTOR ( 'NONE', #1482, 1000.000000000000000 ) ;
#2193 = CARTESIAN_POINT ( 'NONE',  ( 3.444607623910199923, 5.394008943889367913, 35.97283816134373069 ) ) ;
#2194 = CARTESIAN_POINT ( 'NONE',  ( 5.123475382979794546, 4.500000000000002665, 42.77638883463117736 ) ) ;
#2195 = CARTESIAN_POINT ( 'NONE',  ( 23.57586141433259286, 16.32442322273524837, 13.98842519941062967 ) ) ;
#2196 = FACE_OUTER_BOUND ( 'NONE', #2783, .T. ) ;
#2197 = ORIENTED_EDGE ( 'NONE', *, *, #1252, .F. ) ;
#2198 = CARTESIAN_POINT ( 'NONE',  ( -9.899494936611663576, 17.50000000000000000, 15.10050506338833998 ) ) ;
#2199 = CARTESIAN_POINT ( 'NONE',  ( 24.94269693230499030, -11.42958643132529062, 10.00000000000000000 ) ) ;
#2200 = ORIENTED_EDGE ( 'NONE', *, *, #1858, .F. ) ;
#2201 = DIRECTION ( 'NONE',  ( -0.000000000000000000, -0.000000000000000000, 1.000000000000000000 ) ) ;
#2202 = VERTEX_POINT ( 'NONE', #2604 ) ;
#2203 = LINE ( 'NONE', #154, #1893 ) ;
#2204 = CARTESIAN_POINT ( 'NONE',  ( 9.899494936611660023, 4.500000000000002665, 38.39949493661166713 ) ) ;
#2205 = DIRECTION ( 'NONE',  ( 1.000000000000000000, 0.000000000000000000, 0.000000000000000000 ) ) ;
#2206 = CARTESIAN_POINT ( 'NONE',  ( -25.00000000000000000, -5.499999999999998224, 10.00000000000000000 ) ) ;
#2207 = CARTESIAN_POINT ( 'NONE',  ( -24.11223330600109804, 15.65992566725381607, 12.48626860417756568 ) ) ;
#2208 = CARTESIAN_POINT ( 'NONE',  ( -6.417730612374794141, 4.072257838165779020, 15.45732040844986521 ) ) ;
#2209 = EDGE_CURVE ( 'NONE', #1836, #1198, #240, .T. ) ;
#2210 = CARTESIAN_POINT ( 'NONE',  ( -3.469446951953614189E-15, 4.599999999999999645, 25.00000000000000000 ) ) ;
#2211 = CARTESIAN_POINT ( 'NONE',  ( 22.46484648229255043, 16.99001917499655789, 17.09992010339386326 ) ) ;
#2212 = CARTESIAN_POINT ( 'NONE',  ( 25.00000000000000000, -9.500000000000001776, 0.000000000000000000 ) ) ;
#2213 = ORIENTED_EDGE ( 'NONE', *, *, #1217, .T. ) ;
#2214 = DIRECTION ( 'NONE',  ( -0.000000000000000000, -1.000000000000000000, -0.000000000000000000 ) ) ;
#2215 = CARTESIAN_POINT ( 'NONE',  ( 24.05634297115174647, -14.75221454578277580, 9.999999999999998224 ) ) ;
#2216 = ORIENTED_EDGE ( 'NONE', *, *, #1494, .T. ) ;
#2217 = CARTESIAN_POINT ( 'NONE',  ( 6.834249321166999458, 3.238219833272923953, 13.41100849149218277 ) ) ;
#2218 = ORIENTED_EDGE ( 'NONE', *, *, #630, .T. ) ;
#2219 = CARTESIAN_POINT ( 'NONE',  ( -9.899494936611663576, 4.600000000000001421, 16.80050506338834282 ) ) ;
#2220 = CARTESIAN_POINT ( 'NONE',  ( 7.555095730887798844, 2.587325106489165361, 12.50141660688959355 ) ) ;
#2221 = CARTESIAN_POINT ( 'NONE',  ( -5.123475382979802539, 4.500000000000003553, 35.29563014098700080 ) ) ;
#2222 = CARTESIAN_POINT ( 'NONE',  ( 3.196943457986233028, 5.935269446114604719, 43.22179210385477433 ) ) ;
#2223 = CARTESIAN_POINT ( 'NONE',  ( -21.05923667461194881, 17.38988365888725696, 21.03645383256378665 ) ) ;
#2224 = DIRECTION ( 'NONE',  ( -0.000000000000000000, -1.000000000000000000, -0.000000000000000000 ) ) ;
#2225 = CARTESIAN_POINT ( 'NONE',  ( -11.30274922326935716, 1.976514612979348717, 11.89397185868962836 ) ) ;
#2226 = DIRECTION ( 'NONE',  ( -5.329070518200749816E-15, 0.000000000000000000, 1.000000000000000000 ) ) ;
#2227 = CARTESIAN_POINT ( 'NONE',  ( 22.46904605950292222, 16.98820878396264433, 17.08815881854330243 ) ) ;
#2228 = ADVANCED_FACE ( 'NONE', ( #2804 ), #711, .F. ) ;
#2229 = ORIENTED_EDGE ( 'NONE', *, *, #1346, .F. ) ;
#2230 = CARTESIAN_POINT ( 'NONE',  ( 17.00000000000000000, -17.50000000000000000, 6.666666666667040886 ) ) ;
#2231 = ADVANCED_FACE ( 'NONE', ( #1165 ), #1640, .F. ) ;
#2232 = DIRECTION ( 'NONE',  ( 1.000000000000000000, 0.000000000000000000, 0.000000000000000000 ) ) ;
#2233 = ORIENTED_EDGE ( 'NONE', *, *, #512, .F. ) ;
#2234 = VERTEX_POINT ( 'NONE', #481 ) ;
#2235 = CARTESIAN_POINT ( 'NONE',  ( -12.50000000000000178, -7.500000000000001776, 10.00000000000000000 ) ) ;
#2236 = PLANE ( 'NONE',  #1761 ) ;
#2237 = AXIS2_PLACEMENT_3D ( 'NONE', #2522, #374, #2232 ) ;
#2238 = CARTESIAN_POINT ( 'NONE',  ( 17.00000000000000000, -17.50000000000000000, 10.00000000000000000 ) ) ;
#2239 = CARTESIAN_POINT ( 'NONE',  ( -20.33804584127072346, 17.46475410766545622, 23.05621210765756857 ) ) ;
#2240 = CARTESIAN_POINT ( 'NONE',  ( 24.99999999999999645, 4.500000000000002665, 10.00000000000000000 ) ) ;
#2241 = CARTESIAN_POINT ( 'NONE',  ( -11.58858550288032063, 2.134997704291049736, 12.03390751890257881 ) ) ;
#2242 = VECTOR ( 'NONE', #1046, 1000.000000000000000 ) ;
#2243 = DIRECTION ( 'NONE',  ( -0.000000000000000000, -1.000000000000000000, -0.000000000000000000 ) ) ;
#2244 = CARTESIAN_POINT ( 'NONE',  ( -9.850000000000001421, -7.500000000000001776, 9.000000000000001776 ) ) ;
#2245 = ORIENTED_EDGE ( 'NONE', *, *, #2166, .T. ) ;
#2246 = CARTESIAN_POINT ( 'NONE',  ( -9.166666666666667851, 4.500000000000002665, 20.00000000000000000 ) ) ;
#2247 = EDGE_CURVE ( 'NONE', #164, #139, #1804, .T. ) ;
#2248 = ORIENTED_EDGE ( 'NONE', *, *, #2247, .F. ) ;
#2249 = LINE ( 'NONE', #447, #2180 ) ;
#2250 = CARTESIAN_POINT ( 'NONE',  ( 23.13088172698216738, 4.040013853802951971, 15.23462989895019248 ) ) ;
#2251 = B_SPLINE_SURFACE_WITH_KNOTS ( 'NONE', 5, 3, ( 
 ( #38, #2568, #1349, #1579 ),
 ( #1172, #2746, #475, #656 ),
 ( #2287, #1881, #2272, #2518 ),
 ( #1123, #2835, #897, #426 ),
 ( #277, #2599, #187, #2058 ),
 ( #520, #1400, #251, #2612 ),
 ( #2357, #958, #1829, #1429 ),
 ( #2108, #2816, #1187, #1651 ) ),
 .UNSPECIFIED., .F., .F., .F.,
 ( 6, 2, 6 ),
 ( 4, 4 ),
 ( 0.000000000000000000, 0.5000000000000000000, 1.000000000000000000 ),
 ( -0.0005000000000000000104, 0.01050000000000000065 ),
 .UNSPECIFIED. ) ;
#2252 = CARTESIAN_POINT ( 'NONE',  ( 7.316153791562334696, 2.781612801908261989, 12.73815521008398122 ) ) ;
#2253 = CARTESIAN_POINT ( 'NONE',  ( -17.00000000000000000, -17.50000000000000000, 10.00000000000000000 ) ) ;
#2254 = CARTESIAN_POINT ( 'NONE',  ( -8.082486637833603993, 2.214006614252504779, 12.10802588391220169 ) ) ;
#2255 = CARTESIAN_POINT ( 'NONE',  ( -11.39226590756842761, 2.023440086785027070, 11.93475581709471278 ) ) ;
#2256 = DIRECTION ( 'NONE',  ( -0.000000000000000000, -0.000000000000000000, 1.000000000000000000 ) ) ;
#2257 = CARTESIAN_POINT ( 'NONE',  ( -24.99647986272724864, 12.12775270184518384, -0.000000000000000000 ) ) ;
#2258 = CARTESIAN_POINT ( 'NONE',  ( 14.37709559973476736, -2.595342505713242875, 10.12078161586681446 ) ) ;
#2259 = CARTESIAN_POINT ( 'NONE',  ( -12.14936728538388699, 2.514255062060683610, 12.41855273959350647 ) ) ;
#2260 = ORIENTED_EDGE ( 'NONE', *, *, #1768, .T. ) ;
#2261 = FACE_OUTER_BOUND ( 'NONE', #2482, .T. ) ;
#2262 = ORIENTED_EDGE ( 'NONE', *, *, #548, .F. ) ;
#2263 = FACE_OUTER_BOUND ( 'NONE', #3013, .T. ) ;
#2264 = CARTESIAN_POINT ( 'NONE',  ( 24.54980725517010853, 1.207675834444557950, 11.26080432490348215 ) ) ;
#2265 = EDGE_CURVE ( 'NONE', #1198, #1085, #1191, .T. ) ;
#2266 = DIRECTION ( 'NONE',  ( 0.000000000000000000, 0.000000000000000000, 1.000000000000000000 ) ) ;
#2267 = CARTESIAN_POINT ( 'NONE',  ( -24.91603904732852826, -1.817800756015694574, 10.23514002272784218 ) ) ;
#2268 = DIRECTION ( 'NONE',  ( -0.000000000000000000, -1.000000000000000000, -0.000000000000000000 ) ) ;
#2269 = UNCERTAINTY_MEASURE_WITH_UNIT (LENGTH_MEASURE( 1.000000000000000082E-05 ), #1093, 'distance_accuracy_value', 'NONE');
#2270 = EDGE_CURVE ( 'NONE', #3029, #1037, #2571, .T. ) ;
#2271 = CARTESIAN_POINT ( 'NONE',  ( -18.28506964777691834, -17.48161706090896317, -0.000000000000000000 ) ) ;
#2272 = CARTESIAN_POINT ( 'NONE',  ( 25.00000000000000000, -12.19116882454314066, 3.166666666666666075 ) ) ;
#2273 = CARTESIAN_POINT ( 'NONE',  ( -9.542679591550140117, 4.600000000000001421, 18.58226938762520675 ) ) ;
#2274 = CARTESIAN_POINT ( 'NONE',  ( -9.567041751805254179, -3.145659361505834806, 10.06721780718558001 ) ) ;
#2275 = CARTESIAN_POINT ( 'NONE',  ( 10.98672584454109646, -2.472820444098577486, 10.13683366434850619 ) ) ;
#2276 = B_SPLINE_CURVE_WITH_KNOTS ( 'NONE', 3,
 ( #2946, #1320, #1543, #576, #110, #2421, #1089, #1059, #2487, #2711, #144, #365, #2222, #1737 ),
 .UNSPECIFIED., .F., .F.,
 ( 4, 2, 2, 2, 2, 2, 4 ),
 ( 0.005485000687350589932, 0.006008046257448097088, 0.006531091827545604245, 0.007577182967740620292, 0.008623274107935634605, 0.009146319678033141762, 0.009669365248130648918 ),
 .UNSPECIFIED. ) ;
#2277 = ORIENTED_EDGE ( 'NONE', *, *, #2047, .F. ) ;
#2278 = CARTESIAN_POINT ( 'NONE',  ( 9.899494936611663576, 17.50000000000000000, 16.80050506338833571 ) ) ;
#2279 = EDGE_LOOP ( 'NONE', ( #673, #296, #2169, #1559 ) ) ;
#2280 = CARTESIAN_POINT ( 'NONE',  ( -5.291784755316499833, 3.868535076508738069, 14.78941693745660757 ) ) ;
#2281 = CIRCLE ( 'NONE', #769, 1.699999999999993072 ) ;
#2282 = CARTESIAN_POINT ( 'NONE',  ( 13.10020127424924041, 4.297093507348652253, 16.51760148162476227 ) ) ;
#2283 = CARTESIAN_POINT ( 'NONE',  ( -24.44244802509733816, 1.577654379130365880, 11.56147327869838826 ) ) ;
#2284 = AXIS2_PLACEMENT_3D ( 'NONE', #276, #1696, #763 ) ;
#2285 = DIRECTION ( 'NONE',  ( 0.000000000000000000, 0.000000000000000000, -1.000000000000000000 ) ) ;
#2286 = CARTESIAN_POINT ( 'NONE',  ( -24.91964488169660186, -11.68296219499595168, -0.000000000000000000 ) ) ;
#2287 = CARTESIAN_POINT ( 'NONE',  ( 25.00000000000000000, -12.19116882454314066, 10.50000000000000000 ) ) ;
#2288 = EDGE_CURVE ( 'NONE', #243, #988, #30, .T. ) ;
#2289 = CARTESIAN_POINT ( 'NONE',  ( 24.99999999999999645, 11.50000000000000000, 10.00000000000000000 ) ) ;
#2290 = CARTESIAN_POINT ( 'NONE',  ( -9.399180076259019856, -3.262754397044800747, 10.05825144209258326 ) ) ;
#2291 = CARTESIAN_POINT ( 'NONE',  ( -13.18346308641353382, 4.261721408093064767, 16.31148258743533219 ) ) ;
#2292 = AXIS2_PLACEMENT_3D ( 'NONE', #1691, #2623, #1471 ) ;
#2293 = AXIS2_PLACEMENT_3D ( 'NONE', #147, #614, #2445 ) ;
#2294 = VERTEX_POINT ( 'NONE', #819 ) ;
#2295 = AXIS2_PLACEMENT_3D ( 'NONE', #2770, #252, #3033 ) ;
#2296 = CARTESIAN_POINT ( 'NONE',  ( 9.166666666666667851, 4.500000000000002665, 20.00000000000000000 ) ) ;
#2297 = ORIENTED_EDGE ( 'NONE', *, *, #1175, .F. ) ;
#2298 = ORIENTED_EDGE ( 'NONE', *, *, #3035, .F. ) ;
#2299 = APPLICATION_PROTOCOL_DEFINITION ( 'draft international standard', 'automotive_design', 1998, #1439 ) ;
#2300 = EDGE_LOOP ( 'NONE', ( #2929, #762, #1699, #1743, #705, #1585 ) ) ;
#2301 = CARTESIAN_POINT ( 'NONE',  ( 13.02404719397383559, 3.301861017171912493, 13.51962127813662740 ) ) ;
#2302 = CARTESIAN_POINT ( 'NONE',  ( -24.99552142921184128, 12.15967651007102468, 10.01254263087078300 ) ) ;
#2303 = CARTESIAN_POINT ( 'NONE',  ( -18.65440774644088151, -17.46284223153560333, -0.000000000000000000 ) ) ;
#2304 = CARTESIAN_POINT ( 'NONE',  ( 0.1768816813508767294, 8.000000000000005329, 36.50000000000000711 ) ) ;
#2305 = CARTESIAN_POINT ( 'NONE',  ( -19.96092234931355591, 17.49044530233430095, -0.000000000000000000 ) ) ;
#2306 = CARTESIAN_POINT ( 'NONE',  ( -13.11897272677869530, 3.412386648438122450, 13.72313654939890171 ) ) ;
#2307 = CARTESIAN_POINT ( 'NONE',  ( 15.42488668850868017, -3.140236056670940190, 10.06765831917309484 ) ) ;
#2308 = EDGE_CURVE ( 'NONE', #1834, #2452, #2634, .T. ) ;
#2309 = VERTEX_POINT ( 'NONE', #2221 ) ;
#2310 = FACE_OUTER_BOUND ( 'NONE', #1142, .T. ) ;
#2311 = ORIENTED_EDGE ( 'NONE', *, *, #2186, .F. ) ;
#2312 = CARTESIAN_POINT ( 'NONE',  ( -9.899494936611667129, 4.500000000000002665, 38.39949493661166713 ) ) ;
#2313 = CARTESIAN_POINT ( 'NONE',  ( 24.84164359718340265, -0.8953428143379489335, 10.44349101543775227 ) ) ;
#2314 = CARTESIAN_POINT ( 'NONE',  ( 9.899494980048633153, 4.484966828508899717, 18.60061948270373122 ) ) ;
#2315 = ORIENTED_EDGE ( 'NONE', *, *, #2151, .F. ) ;
#2316 = CARTESIAN_POINT ( 'NONE',  ( 11.73400571261943348, 4.462522556912935201, 18.08125862566913611 ) ) ;
#2317 = CARTESIAN_POINT ( 'NONE',  ( 20.22935030616994112, 17.47285758737641004, -0.000000000000000000 ) ) ;
#2318 = CARTESIAN_POINT ( 'NONE',  ( -6.850770692999860856, 3.220590505137195247, 13.38126135277585860 ) ) ;
#2319 = FACE_OUTER_BOUND ( 'NONE', #468, .T. ) ;
#2320 = CARTESIAN_POINT ( 'NONE',  ( 14.73515083830864469, -2.742562366437614862, 10.10366811867587344 ) ) ;
#2321 = ORIENTED_EDGE ( 'NONE', *, *, #2190, .F. ) ;
#2322 = EDGE_CURVE ( 'NONE', #2202, #1262, #1879, .T. ) ;
#2323 = CARTESIAN_POINT ( 'NONE',  ( -9.899494936611667129, 4.500000000000002665, 38.39949493661166713 ) ) ;
#2324 = ORIENTED_EDGE ( 'NONE', *, *, #2984, .T. ) ;
#2325 = CARTESIAN_POINT ( 'NONE',  ( 24.99584842133275231, 12.14280945224254715, 10.01162686071454644 ) ) ;
#2326 = CARTESIAN_POINT ( 'NONE',  ( 18.99999999999999289, 17.50000000000000000, 18.31574345981707097 ) ) ;
#2327 = CARTESIAN_POINT ( 'NONE',  ( 24.73370457289054158, 0.06122829407081237241, 10.74578373387266517 ) ) ;
#2328 = DIRECTION ( 'NONE',  ( -0.000000000000000000, -0.000000000000000000, 1.000000000000000000 ) ) ;
#2329 = CARTESIAN_POINT ( 'NONE',  ( 11.94060256877457782, 2.362973564562842910, 12.25427482135053836 ) ) ;
#2330 = CARTESIAN_POINT ( 'NONE',  ( -24.47429225795931629, 15.04102059748203324, 11.47229070750703883 ) ) ;
#2331 = CARTESIAN_POINT ( 'NONE',  ( 6.417730612374794141, 4.600000000000001421, 15.45732040844986699 ) ) ;
#2332 = VECTOR ( 'NONE', #1845, 1000.000000000000000 ) ;
#2333 = DIRECTION ( 'NONE',  ( -0.000000000000000000, -1.000000000000000000, -0.000000000000000000 ) ) ;
#2334 = CARTESIAN_POINT ( 'NONE',  ( -8.618561445357375561, -3.955494794103314504, 10.02261162877285905 ) ) ;
#2335 = CARTESIAN_POINT ( 'NONE',  ( 3.231391720245543553, 3.531351205744329480, 13.96320683503078541 ) ) ;
#2336 = CIRCLE ( 'NONE', #524, 1.699999999999996625 ) ;
#2337 = EDGE_LOOP ( 'NONE', ( #1182, #832, #2956, #152 ) ) ;
#2338 = AXIS2_PLACEMENT_3D ( 'NONE', #1523, #633, #179 ) ;
#2339 = CARTESIAN_POINT ( 'NONE',  ( -17.35412195973690075, -5.499999999999997335, 10.00000000000000000 ) ) ;
#2340 = AXIS2_PLACEMENT_3D ( 'NONE', #2820, #2144, #1656 ) ;
#2341 = ORIENTED_EDGE ( 'NONE', *, *, #3002, .F. ) ;
#2342 = CARTESIAN_POINT ( 'NONE',  ( 20.00918830920366887, 17.50000000000000000, 18.31574345981707097 ) ) ;
#2343 = CIRCLE ( 'NONE', #344, 5.249999999999999112 ) ;
#2344 = CARTESIAN_POINT ( 'NONE',  ( 9.899494936611663576, 4.500000000000002665, 16.80050506338833927 ) ) ;
#2345 = ADVANCED_FACE ( 'NONE', ( #3038 ), #2351, .F. ) ;
#2346 = CYLINDRICAL_SURFACE ( 'NONE', #142, 11.50000000000000355 ) ;
#2347 = CARTESIAN_POINT ( 'NONE',  ( 24.29222146073504618, 15.43924748203713548, -0.000000000000000000 ) ) ;
#2348 = CARTESIAN_POINT ( 'NONE',  ( -24.99530648363632324, -10.33706529363070281, 9.999999999999998224 ) ) ;
#2349 = DIRECTION ( 'NONE',  ( 0.000000000000000000, 1.000000000000000000, 0.000000000000000000 ) ) ;
#2350 = CARTESIAN_POINT ( 'NONE',  ( -10.87451135504313271, -2.507887520296375961, 10.13220094725929421 ) ) ;
#2351 = PLANE ( 'NONE',  #2494 ) ;
#2352 = ORIENTED_EDGE ( 'NONE', *, *, #1101, .T. ) ;
#2353 = CARTESIAN_POINT ( 'NONE',  ( 24.56984848098349516, 15.74264068711928388, -1.340176350718322640 ) ) ;
#2354 = CARTESIAN_POINT ( 'NONE',  ( 5.123475382979794546, 4.500000000000002665, 25.00000000000000000 ) ) ;
#2355 = ORIENTED_EDGE ( 'NONE', *, *, #2959, .T. ) ;
#2356 = CARTESIAN_POINT ( 'NONE',  ( -25.00000000000000000, -12.19116882454314066, 6.833333333326575776 ) ) ;
#2357 = CARTESIAN_POINT ( 'NONE',  ( 18.34558441227157033, -17.50000000000000000, 10.50000000000000000 ) ) ;
#2358 = CARTESIAN_POINT ( 'NONE',  ( -9.899494936611663576, 4.500000000000002665, 15.10050506338833998 ) ) ;
#2359 = CARTESIAN_POINT ( 'NONE',  ( 23.13533447087950989, 16.72635956277045821, -0.000000000000000000 ) ) ;
#2360 = DIRECTION ( 'NONE',  ( -0.000000000000000000, -0.000000000000000000, 1.000000000000000000 ) ) ;
#2361 = CARTESIAN_POINT ( 'NONE',  ( -14.01327415600004755, -2.472820444261470296, 10.13683366432777611 ) ) ;
#2362 = CARTESIAN_POINT ( 'NONE',  ( 21.34020667006184624, -16.94481069548483276, -0.000000000000000000 ) ) ;
#2363 = DIRECTION ( 'NONE',  ( 0.000000000000000000, 1.000000000000000000, 0.000000000000000000 ) ) ;
#2364 = DIRECTION ( 'NONE',  ( -0.000000000000000000, -0.000000000000000000, 1.000000000000000000 ) ) ;
#2365 = CYLINDRICAL_SURFACE ( 'NONE', #83, 3.500000000000003109 ) ;
#2366 = ORIENTED_EDGE ( 'NONE', *, *, #1782, .F. ) ;
#2367 = CARTESIAN_POINT ( 'NONE',  ( 25.00000000000000000, -9.500000000000001776, 3.333333333333335702 ) ) ;
#2368 = CARTESIAN_POINT ( 'NONE',  ( -24.42646464131133754, -15.15685424949238147, 10.50000000000000000 ) ) ;
#2369 = CARTESIAN_POINT ( 'NONE',  ( 17.35971778990157688, -17.50000000000000000, 9.999999999999998224 ) ) ;
#2370 = VERTEX_POINT ( 'NONE', #46 ) ;
#2371 = CARTESIAN_POINT ( 'NONE',  ( -25.00000000000000000, -9.500000000000001776, 6.666666666667040886 ) ) ;
#2372 = FACE_BOUND ( 'NONE', #844, .T. ) ;
#2373 = CARTESIAN_POINT ( 'NONE',  ( 10.35615758274632370, 4.500000000000003553, 19.99999998786742594 ) ) ;
#2374 = CARTESIAN_POINT ( 'NONE',  ( -9.899494936611663576, 4.500000000000002665, 15.10050506338833998 ) ) ;
#2375 = CARTESIAN_POINT ( 'NONE',  ( -16.87481182203780605, -4.552163663072825273, 10.00565044065297471 ) ) ;
#2376 = CARTESIAN_POINT ( 'NONE',  ( -21.74320614009919339, 4.500000000000000888, 19.12093726751096057 ) ) ;
#2377 = CARTESIAN_POINT ( 'NONE',  ( 4.745666416613584460, 4.526436507336066839, 35.47710910237373838 ) ) ;
#2378 = ADVANCED_FACE ( 'NONE', ( #2824 ), #62, .T. ) ;
#2379 = CARTESIAN_POINT ( 'NONE',  ( 24.99999999999999289, 11.50000000000000178, 8.487783554549372056 ) ) ;
#2380 = CARTESIAN_POINT ( 'NONE',  ( 24.99608269101939584, 12.13004354164443477, 10.01097076787985252 ) ) ;
#2381 = CARTESIAN_POINT ( 'NONE',  ( -19.00000000000000355, 17.50000000000000000, 8.487783554549370280 ) ) ;
#2382 = AXIS2_PLACEMENT_3D ( 'NONE', #1294, #618, #842 ) ;
#2383 = ORIENTED_EDGE ( 'NONE', *, *, #155, .T. ) ;
#2384 = FACE_OUTER_BOUND ( 'NONE', #1701, .T. ) ;
#2385 = PRESENTATION_LAYER_ASSIGNMENT (  '', '', ( #1451 ) ) ;
#2386 = CARTESIAN_POINT ( 'NONE',  ( -9.899494936611667129, 4.500000000000002665, 34.89949493661166713 ) ) ;
#2387 = VERTEX_POINT ( 'NONE', #1673 ) ;
#2388 = CARTESIAN_POINT ( 'NONE',  ( -20.84188192236402770, -17.10244928631435712, 9.999999999999998224 ) ) ;
#2389 = AXIS2_PLACEMENT_3D ( 'NONE', #2855, #1392, #727 ) ;
#2390 = FACE_BOUND ( 'NONE', #101, .T. ) ;
#2391 = CARTESIAN_POINT ( 'NONE',  ( -24.96116826695483581, -11.18012886295229613, -0.000000000000000000 ) ) ;
#2392 = DIRECTION ( 'NONE',  ( -0.000000000000000000, -0.000000000000000000, 1.000000000000000000 ) ) ;
#2393 = CARTESIAN_POINT ( 'NONE',  ( -15.19846868881898949, -2.996310109866015203, 10.07982533837746431 ) ) ;
#2394 = CARTESIAN_POINT ( 'NONE',  ( 24.96284223153560689, -11.15440774644119593, -0.000000000000000000 ) ) ;
#2395 = CARTESIAN_POINT ( 'NONE',  ( 4.864466074258726458, 3.792774452233282023, 14.57946932789739236 ) ) ;
#2396 = CARTESIAN_POINT ( 'NONE',  ( 24.14294076446598680, 15.61392613687104003, 12.40026966953466925 ) ) ;
#2397 = ADVANCED_FACE ( 'NONE', ( #1874, #2842 ), #1888, .F. ) ;
#2398 = CARTESIAN_POINT ( 'NONE',  ( 9.899494936611663576, 4.500000000000002665, 15.10050506338833998 ) ) ;
#2399 = ORIENTED_EDGE ( 'NONE', *, *, #919, .F. ) ;
#2400 = DIRECTION ( 'NONE',  ( -0.000000000000000000, -1.000000000000000000, -0.000000000000000000 ) ) ;
#2401 = EDGE_CURVE ( 'NONE', #2723, #2066, #858, .T. ) ;
#2402 = CARTESIAN_POINT ( 'NONE',  ( 24.95961266232561471, -11.20343804146930644, 10.00000000000000000 ) ) ;
#2403 = ORIENTED_EDGE ( 'NONE', *, *, #1179, .F. ) ;
#2404 = CARTESIAN_POINT ( 'NONE',  ( -21.34020667004931937, -16.94481069549274466, 9.999999999999996447 ) ) ;
#2405 = ORIENTED_EDGE ( 'NONE', *, *, #2026, .T. ) ;
#2406 = CARTESIAN_POINT ( 'NONE',  ( 24.77849651742573300, 14.08722773889015834, -0.000000000000000000 ) ) ;
#2407 = CARTESIAN_POINT ( 'NONE',  ( -15.07022215240761298, -2.921104756450596973, 10.08654858346325156 ) ) ;
#2408 = CARTESIAN_POINT ( 'NONE',  ( 24.98161706090897383, -10.78506964779016464, -0.000000000000000000 ) ) ;
#2409 = CARTESIAN_POINT ( 'NONE',  ( -3.469446951953614189E-15, 17.50000000000000000, 36.50000000000000711 ) ) ;
#2410 = CARTESIAN_POINT ( 'NONE',  ( -3.417587819149178863, 3.557847553763284321, 14.01955069935737086 ) ) ;
#2411 = CARTESIAN_POINT ( 'NONE',  ( -21.01837661840735905, 17.50000000000000000, -1.340176350718322640 ) ) ;
#2412 = EDGE_CURVE ( 'NONE', #601, #1232, #2833, .T. ) ;
#2413 = ORIENTED_EDGE ( 'NONE', *, *, #1875, .F. ) ;
#2414 = CARTESIAN_POINT ( 'NONE',  ( 21.42932106166151840, 4.500000000000002665, 19.99999999999999645 ) ) ;
#2415 = CARTESIAN_POINT ( 'NONE',  ( 24.96054868209438027, -11.18945616260126030, 10.00000000000000000 ) ) ;
#2416 = EDGE_CURVE ( 'NONE', #601, #55, #317, .T. ) ;
#2417 = ORIENTED_EDGE ( 'NONE', *, *, #1494, .F. ) ;
#2418 = PLANE ( 'NONE',  #2094 ) ;
#2419 = VERTEX_POINT ( 'NONE', #561 ) ;
#2420 = CARTESIAN_POINT ( 'NONE',  ( -9.899494936611667129, 17.50000000000000000, 34.89949493661166713 ) ) ;
#2421 = CARTESIAN_POINT ( 'NONE',  ( 1.368235814452291921, 7.740267465833555072, 43.45234556371227796 ) ) ;
#2422 = CARTESIAN_POINT ( 'NONE',  ( 18.92958643132524443, -17.44269693230567597, -0.000000000000000000 ) ) ;
#2423 = LINE ( 'NONE', #334, #439 ) ;
#2424 = DIRECTION ( 'NONE',  ( -0.000000000000000000, -1.000000000000000000, -0.000000000000000000 ) ) ;
#2425 = CARTESIAN_POINT ( 'NONE',  ( 22.46204554966272582, 16.99122497920156505, 17.10776436124567823 ) ) ;
#2426 = FACE_OUTER_BOUND ( 'NONE', #2691, .T. ) ;
#2427 = ORIENTED_EDGE ( 'NONE', *, *, #565, .T. ) ;
#2428 = DIRECTION ( 'NONE',  ( 9.912705577010325549E-17, -1.000000000000000000, 0.000000000000000000 ) ) ;
#2429 = B_SPLINE_CURVE_WITH_KNOTS ( 'NONE', 3,
 ( #1594, #2304, #2071, #3009, #925, #1860, #2028, #2793, #1798, #2731, #644, #700, #1625, #2560, #1565, #411, #1177, #257 ),
 .UNSPECIFIED., .F., .F.,
 ( 4, 2, 2, 2, 2, 2, 2, 2, 4 ),
 ( 0.006831720648989396405, 0.007357431006200105747, 0.007883141363410815089, 0.008408851720621524431, 0.008934562077832233773, 0.009460272435042943115, 0.009985982792253652457, 0.01051169314946436180, 0.01103740350667507114 ),
 .UNSPECIFIED. ) ;
#2430 = CARTESIAN_POINT ( 'NONE',  ( 19.85661883943560468, -17.32739771679172236, 9.999999999999996447 ) ) ;
#2431 = CIRCLE ( 'NONE', #1944, 5.250000000000000000 ) ;
#2432 = VERTEX_POINT ( 'NONE', #1255 ) ;
#2433 = DIRECTION ( 'NONE',  ( -0.000000000000000000, -1.000000000000000000, -0.000000000000000000 ) ) ;
#2434 = ORIENTED_EDGE ( 'NONE', *, *, #2133, .F. ) ;
#2435 = AXIS2_PLACEMENT_3D ( 'NONE', #2508, #1295, #619 ) ;
#2436 = DIRECTION ( 'NONE',  ( -0.000000000000000000, -0.000000000000000000, 1.000000000000000000 ) ) ;
#2437 = EDGE_CURVE ( 'NONE', #2454, #2662, #830, .T. ) ;
#2438 =( GEOMETRIC_REPRESENTATION_CONTEXT ( 3 ) GLOBAL_UNCERTAINTY_ASSIGNED_CONTEXT ( ( #2269 ) ) GLOBAL_UNIT_ASSIGNED_CONTEXT ( ( #1093, #219, #3025 ) ) REPRESENTATION_CONTEXT ( 'NONE', 'WORKASPACE' ) );
#2439 = DIRECTION ( 'NONE',  ( -0.000000000000000000, -0.000000000000000000, 1.000000000000000000 ) ) ;
#2440 = CARTESIAN_POINT ( 'NONE',  ( -0.7000567389440617294, 7.947497492895123195, 36.48369073569920573 ) ) ;
#2441 = FACE_OUTER_BOUND ( 'NONE', #1267, .T. ) ;
#2442 = CARTESIAN_POINT ( 'NONE',  ( 17.72422808150277973, -17.50000000000000000, -0.000000000000000000 ) ) ;
#2443 = CIRCLE ( 'NONE', #1118, 2.650000000000001243 ) ;
#2444 = LINE ( 'NONE', #2240, #1655 ) ;
#2445 = DIRECTION ( 'NONE',  ( 0.000000000000000000, 0.000000000000000000, -1.000000000000000000 ) ) ;
#2446 = FACE_OUTER_BOUND ( 'NONE', #857, .T. ) ;
#2447 = CARTESIAN_POINT ( 'NONE',  ( -11.72069900891059469, 4.462973526021896120, 18.08937762674852223 ) ) ;
#2448 = DIRECTION ( 'NONE',  ( 0.000000000000000000, 0.000000000000000000, -1.000000000000000000 ) ) ;
#2449 = ORIENTED_EDGE ( 'NONE', *, *, #2910, .F. ) ;
#2450 = DIRECTION ( 'NONE',  ( 0.000000000000000000, 0.000000000000000000, 1.000000000000000000 ) ) ;
#2451 = CARTESIAN_POINT ( 'NONE',  ( -12.50000000000000178, -7.500000000000001776, 10.00000000000000000 ) ) ;
#2452 = VERTEX_POINT ( 'NONE', #129 ) ;
#2453 = CARTESIAN_POINT ( 'NONE',  ( 17.42263900974149848, 17.50000000000000000, 31.22106501623584407 ) ) ;
#2454 = VERTEX_POINT ( 'NONE', #318 ) ;
#2455 = CARTESIAN_POINT ( 'NONE',  ( 22.13870721896277516, 4.458584355323639947, 18.01330175702844372 ) ) ;
#2456 = CARTESIAN_POINT ( 'NONE',  ( 7.424618163149737882, 2.691480693951280756, 12.62557163557823614 ) ) ;
#2457 = FACE_BOUND ( 'NONE', #1152, .T. ) ;
#2458 = CARTESIAN_POINT ( 'NONE',  ( -19.86914309042972704, 17.49100104876565354, 24.36941544780211899 ) ) ;
#2459 = DIRECTION ( 'NONE',  ( 0.000000000000000000, 1.000000000000000000, 0.000000000000000000 ) ) ;
#2460 = EDGE_CURVE ( 'NONE', #1198, #1836, #1504, .T. ) ;
#2461 = CARTESIAN_POINT ( 'NONE',  ( -9.899494936611663576, 4.500000000000002665, 11.60050506338833998 ) ) ;
#2462 = CARTESIAN_POINT ( 'NONE',  ( 20.80519563992326937, 17.41934522724767120, 21.74791806408859429 ) ) ;
#2463 = B_SPLINE_CURVE_WITH_KNOTS ( 'NONE', 3,
 ( #2871, #1887, #1193, #2408, #2174, #2620, #742, #726, #11, #2394, #45, #949, #1658, #1707, #2889, #78, #984, #773, #1906, #1014, #2129, #2841, #1672, #1227, #2362, #1481, #1454, #2159, #544, #790, #1724, #2653, #2606, #560, #1437, #2422, #2146, #2473, #1517, #1965, #861, #1028, #2488, #2442, #1060 ),
 .UNSPECIFIED., .F., .F.,
 ( 4, 1, 1, 1, 1, 1, 1, 2, 2, 1, 1, 1, 1, 1, 2, 2, 2, 1, 1, 1, 1, 1, 1, 2, 2, 1, 1, 1, 1, 1, 1, 2, 2, 4 ),
 ( 0.000000000000000000, 0.06249999999999539257, 0.09374999999999326927, 0.1093749999999919925, 0.1171874999999916039, 0.1210937499999916872, 0.1230468749999919509, 0.1240234374999917843, 0.1249999999999916178, 0.1874999999999777400, 0.2187499999999706068, 0.2343749999999671374, 0.2421874999999651668, 0.2460937499999644729, 0.2480468749999641398, 0.2499999999999638067, 0.4999999999999308886, 0.6249999999999150679, 0.6874999999999077405, 0.7187499999999041878, 0.7343749999999023004, 0.7421874999999018563, 0.7460937499999016342, 0.7480468749999010791, 0.7499999999999006350, 0.8124999999998810951, 0.8437499999998713252, 0.8593749999998663291, 0.8671874999998642197, 0.8710937499998636646, 0.8730468749998632205, 0.8740234374998634426, 0.8749999999998635536, 1.000000000000000000 ),
 .UNSPECIFIED. ) ;
#2464 = ORIENTED_EDGE ( 'NONE', *, *, #608, .T. ) ;
#2465 = DIRECTION ( 'NONE',  ( -0.000000000000000000, -1.000000000000000000, -0.000000000000000000 ) ) ;
#2466 = DIRECTION ( 'NONE',  ( 0.000000000000000000, 0.000000000000000000, -1.000000000000000000 ) ) ;
#2467 = ORIENTED_EDGE ( 'NONE', *, *, #2509, .F. ) ;
#2468 = ORIENTED_EDGE ( 'NONE', *, *, #1909, .F. ) ;
#2469 = DIRECTION ( 'NONE',  ( 1.000000000000000000, 0.000000000000000000, 0.000000000000000000 ) ) ;
#2470 = CARTESIAN_POINT ( 'NONE',  ( -3.469446951953614189E-15, 4.500000000000002665, 25.00000000000000000 ) ) ;
#2471 = CARTESIAN_POINT ( 'NONE',  ( -3.260393425532603473, 5.772727272727275150, 36.02813831572418479 ) ) ;
#2472 = DIRECTION ( 'NONE',  ( -0.000000000000000000, 0.000000000000000000, 1.000000000000000000 ) ) ;
#2473 = CARTESIAN_POINT ( 'NONE',  ( 18.73599893125696880, -17.45738211885210234, -0.000000000000000000 ) ) ;
#2474 = CARTESIAN_POINT ( 'NONE',  ( -8.248231901069576821, 2.112617276823125056, 12.01450395395082360 ) ) ;
#2475 = CARTESIAN_POINT ( 'NONE',  ( -25.00000000000000355, 17.50000000000000000, 10.00000000000000000 ) ) ;
#2476 = CARTESIAN_POINT ( 'NONE',  ( -15.15000000000000391, -7.500000000000001776, 9.000000000000001776 ) ) ;
#2477 = EDGE_CURVE ( 'NONE', #1385, #834, #1242, .T. ) ;
#2478 = ORIENTED_EDGE ( 'NONE', *, *, #31, .T. ) ;
#2479 = CARTESIAN_POINT ( 'NONE',  ( -11.14466750341500045, 4.477199471806179609, 18.37853869429043030 ) ) ;
#2480 = CARTESIAN_POINT ( 'NONE',  ( -27.50000000000000355, 3.783080801639167490, 12.92893218813452805 ) ) ;
#2481 = AXIS2_PLACEMENT_3D ( 'NONE', #115, #1047, #1080 ) ;
#2482 = EDGE_LOOP ( 'NONE', ( #123, #1169, #978, #714 ) ) ;
#2483 = DIRECTION ( 'NONE',  ( 1.000000000000000000, 0.000000000000000000, 0.000000000000000000 ) ) ;
#2484 = CARTESIAN_POINT ( 'NONE',  ( 22.83530872719228455, 4.213798825369071466, 16.06240804673127798 ) ) ;
#2485 = LINE ( 'NONE', #1513, #875 ) ;
#2486 = AXIS2_PLACEMENT_3D ( 'NONE', #1218, #338, #2448 ) ;
#2487 = CARTESIAN_POINT ( 'NONE',  ( 2.523753108008809143, 6.949778943449663515, 43.32835142115438032 ) ) ;
#2488 = CARTESIAN_POINT ( 'NONE',  ( 18.28115891240208057, -17.48726040311240126, -0.000000000000000000 ) ) ;
#2489 = CARTESIAN_POINT ( 'NONE',  ( -24.60244928631296801, -13.34188192236361026, -0.000000000000000000 ) ) ;
#2490 = CARTESIAN_POINT ( 'NONE',  ( -11.67140426187136626, 2.185615325421958133, 12.08031923719336476 ) ) ;
#2491 = AXIS2_PLACEMENT_3D ( 'NONE', #2839, #2392, #1435 ) ;
#2492 = CARTESIAN_POINT ( 'NONE',  ( -3.469446951953614189E-15, 4.599999999999999645, 25.00000000000000000 ) ) ;
#2493 = CARTESIAN_POINT ( 'NONE',  ( 20.76975644634254436, 17.42369711437527968, 21.84716863853875424 ) ) ;
#2494 = AXIS2_PLACEMENT_3D ( 'NONE', #499, #1922, #2147 ) ;
#2495 = VERTEX_POINT ( 'NONE', #579 ) ;
#2496 = EDGE_CURVE ( 'NONE', #717, #912, #485, .T. ) ;
#2497 = CARTESIAN_POINT ( 'NONE',  ( -9.899494936611667129, 4.500000000000002665, 33.19949493661166429 ) ) ;
#2498 = ORIENTED_EDGE ( 'NONE', *, *, #2959, .F. ) ;
#2499 = DIRECTION ( 'NONE',  ( 0.000000000000000000, 1.000000000000000000, 0.000000000000000000 ) ) ;
#2500 = DIRECTION ( 'NONE',  ( 0.000000000000000000, 1.000000000000000000, 0.000000000000000000 ) ) ;
#2501 = CARTESIAN_POINT ( 'NONE',  ( -22.88272340909148994, 4.185876019268645720, 15.92961906536948646 ) ) ;
#2502 = CARTESIAN_POINT ( 'NONE',  ( -24.93498662309950120, 13.18080494931900049, 10.18207567250711598 ) ) ;
#2503 = CARTESIAN_POINT ( 'NONE',  ( -19.85661883938962902, -17.32739771680039809, -0.000000000000000000 ) ) ;
#2504 = DIRECTION ( 'NONE',  ( -0.000000000000000000, -1.000000000000000000, -0.000000000000000000 ) ) ;
#2505 = DIRECTION ( 'NONE',  ( -0.000000000000000000, -1.000000000000000000, -0.000000000000000000 ) ) ;
#2506 = CARTESIAN_POINT ( 'NONE',  ( 11.00126436329229485, -2.468457190083777508, 10.13738855257274096 ) ) ;
#2507 = ORIENTED_EDGE ( 'NONE', *, *, #736, .F. ) ;
#2508 = CARTESIAN_POINT ( 'NONE',  ( -9.899494936611663576, 4.600000000000001421, 15.10050506338833998 ) ) ;
#2509 = EDGE_CURVE ( 'NONE', #2844, #2848, #851, .T. ) ;
#2510 = ORIENTED_EDGE ( 'NONE', *, *, #2270, .F. ) ;
#2511 = ORIENTED_EDGE ( 'NONE', *, *, #953, .F. ) ;
#2512 = DIRECTION ( 'NONE',  ( -0.000000000000000000, -1.000000000000000000, -0.000000000000000000 ) ) ;
#2513 = EDGE_CURVE ( 'NONE', #178, #2694, #2982, .T. ) ;
#2514 = CARTESIAN_POINT ( 'NONE',  ( 13.42095500649142537, 4.052332861490049787, 15.34236316587226767 ) ) ;
#2515 = CARTESIAN_POINT ( 'NONE',  ( -22.16733147448676178, 4.453631541323417764, 17.93313701520123971 ) ) ;
#2516 = CARTESIAN_POINT ( 'NONE',  ( -12.50000000000000178, -7.500000000000001776, 9.000000000000001776 ) ) ;
#2517 = CARTESIAN_POINT ( 'NONE',  ( -17.83706529359310267, -17.49530648363633389, -0.000000000000000000 ) ) ;
#2518 = CARTESIAN_POINT ( 'NONE',  ( 25.00000000000000000, -12.19116882454314066, -0.5000000000000004441 ) ) ;
#2519 = DIRECTION ( 'NONE',  ( 0.000000000000000000, 0.000000000000000000, -1.000000000000000000 ) ) ;
#2520 = PLANE ( 'NONE',  #23 ) ;
#2521 = ORIENTED_EDGE ( 'NONE', *, *, #1728, .F. ) ;
#2522 = CARTESIAN_POINT ( 'NONE',  ( -5.123475382979801651, 6.500000000000002665, -0.05100000000037019365 ) ) ;
#2523 = VERTEX_POINT ( 'NONE', #2208 ) ;
#2524 = ORIENTED_EDGE ( 'NONE', *, *, #385, .T. ) ;
#2525 = CARTESIAN_POINT ( 'NONE',  ( -3.260393425532603473, 5.772727272727275150, 36.02813831572418479 ) ) ;
#2526 = CARTESIAN_POINT ( 'NONE',  ( 13.22820436077976147, 3.557150029649249756, 14.01772648822283962 ) ) ;
#2527 = CARTESIAN_POINT ( 'NONE',  ( -24.17938746318693077, 2.402522648722508869, 12.29819748844439076 ) ) ;
#2528 = EDGE_CURVE ( 'NONE', #1775, #1990, #2444, .T. ) ;
#2529 = CARTESIAN_POINT ( 'NONE',  ( 20.18006067835904815, 17.47581739029812908, -0.000000000000000000 ) ) ;
#2530 = CARTESIAN_POINT ( 'NONE',  ( -6.834187945942760578, 3.238285590352402821, 13.41111977119680887 ) ) ;
#2531 = CARTESIAN_POINT ( 'NONE',  ( -5.123475382979802539, 4.500000000000003553, 35.29563014098700080 ) ) ;
#2532 = CARTESIAN_POINT ( 'NONE',  ( -25.00000000000000355, 17.50000000000000000, 10.00000000000000000 ) ) ;
#2533 = CARTESIAN_POINT ( 'NONE',  ( -12.98142897022090736, 4.334395398244516251, 16.76300945755930272 ) ) ;
#2534 = MECHANICAL_DESIGN_GEOMETRIC_PRESENTATION_REPRESENTATION (  '', ( #1451 ), #2438 ) ;
#2535 = AXIS2_PLACEMENT_3D ( 'NONE', #1756, #1518, #1498 ) ;
#2536 = ORIENTED_EDGE ( 'NONE', *, *, #991, .F. ) ;
#2537 = CARTESIAN_POINT ( 'NONE',  ( 17.35412195955025183, -5.499999999547002361, 10.00000000000000000 ) ) ;
#2538 = ORIENTED_EDGE ( 'NONE', *, *, #2775, .T. ) ;
#2539 = CARTESIAN_POINT ( 'NONE',  ( 3.260393425532595923, 5.772727272727274261, 36.02813831572418479 ) ) ;
#2540 = DIRECTION ( 'NONE',  ( 0.000000000000000000, 0.000000000000000000, -1.000000000000000000 ) ) ;
#2541 = ORIENTED_EDGE ( 'NONE', *, *, #1891, .T. ) ;
#2542 = CARTESIAN_POINT ( 'NONE',  ( 12.85220519805486106, 3.121843260954283217, 13.22118312545207530 ) ) ;
#2543 = CARTESIAN_POINT ( 'NONE',  ( 16.99999999999999289, -17.50000000000000000, 0.000000000000000000 ) ) ;
#2544 = CARTESIAN_POINT ( 'NONE',  ( -7.806510678874582609, 2.400019104327377306, 12.29282657265810208 ) ) ;
#2545 = EDGE_CURVE ( 'NONE', #1096, #1232, #2423, .T. ) ;
#2546 = CARTESIAN_POINT ( 'NONE',  ( 9.899494980048633153, 4.484966828508899717, 18.60061948270373122 ) ) ;
#2547 = CARTESIAN_POINT ( 'NONE',  ( -21.58722773888858981, 17.27849651742561932, -0.000000000000000000 ) ) ;
#2548 = CARTESIAN_POINT ( 'NONE',  ( 14.08261266623970620, -2.494197143825958030, 10.13403896475859156 ) ) ;
#2549 = EDGE_CURVE ( 'NONE', #2931, #1232, #1556, .T. ) ;
#2550 = ORIENTED_EDGE ( 'NONE', *, *, #2910, .T. ) ;
#2551 = DIRECTION ( 'NONE',  ( -0.000000000000000000, -1.000000000000000000, -0.000000000000000000 ) ) ;
#2552 = EDGE_LOOP ( 'NONE', ( #2754, #869, #2704, #872 ) ) ;
#2553 = CARTESIAN_POINT ( 'NONE',  ( -9.899494936611667129, 4.500000000000002665, 34.89949493661166713 ) ) ;
#2554 = CARTESIAN_POINT ( 'NONE',  ( -9.899494936611667129, 4.600000000000001421, 36.59949493661166997 ) ) ;
#2555 = DIRECTION ( 'NONE',  ( -0.000000000000000000, -1.000000000000000000, -0.000000000000000000 ) ) ;
#2556 = B_SPLINE_CURVE_WITH_KNOTS ( 'NONE', 3,
 ( #1877, #245, #16, #2537 ),
 .UNSPECIFIED., .F., .F.,
 ( 4, 4 ),
 ( 0.000000000000000000, 1.000000000000000000 ),
 .UNSPECIFIED. ) ;
#2557 = CARTESIAN_POINT ( 'NONE',  ( 10.11399800824057493, 1.605171924936837691, 11.60050534256297716 ) ) ;
#2558 = CARTESIAN_POINT ( 'NONE',  ( 20.24185933244102742, 17.47206464792547820, 0.000000000000000000 ) ) ;
#2559 = CARTESIAN_POINT ( 'NONE',  ( -8.199494936611664286, 4.600000000000001421, 34.89949493661166713 ) ) ;
#2560 = CARTESIAN_POINT ( 'NONE',  ( 2.848561166579564041, 6.541028953192278728, 36.14217412940400465 ) ) ;
#2561 = CARTESIAN_POINT ( 'NONE',  ( 17.42263900974149848, 4.500000000000002665, 31.22106501623584407 ) ) ;
#2562 = VERTEX_POINT ( 'NONE', #2409 ) ;
#2563 = ADVANCED_FACE ( 'NONE', ( #352 ), #806, .T. ) ;
#2564 = CARTESIAN_POINT ( 'NONE',  ( 9.899494936611660023, 4.500000000000002665, 34.89949493661166713 ) ) ;
#2565 = ORIENTED_EDGE ( 'NONE', *, *, #887, .F. ) ;
#2566 = CARTESIAN_POINT ( 'NONE',  ( -3.547512712607614027, 3.576939529487301428, 14.06059365341385181 ) ) ;
#2567 = CARTESIAN_POINT ( 'NONE',  ( 3.260393425532595923, 5.772727272727275150, 43.21043202976644437 ) ) ;
#2568 = CARTESIAN_POINT ( 'NONE',  ( 25.00000000000000000, -9.500000000000001776, 6.833333333326575776 ) ) ;
#2569 = CARTESIAN_POINT ( 'NONE',  ( 12.30560536723386456, 2.635477691258536037, 12.55786544212173794 ) ) ;
#2570 = DIRECTION ( 'NONE',  ( 0.000000000000000000, 0.000000000000000000, -1.000000000000000000 ) ) ;
#2571 = B_SPLINE_CURVE_WITH_KNOTS ( 'NONE', 3,
 ( #2471, #314, #575, #2918, #609, #2172, #109, #1026, #1300, #76, #595, #2440, #1722, #558 ),
 .UNSPECIFIED., .F., .F.,
 ( 4, 2, 2, 2, 2, 2, 4 ),
 ( 0.002622735308710660504, 0.003148858476245503576, 0.003674981643780346648, 0.004201104811315189286, 0.004727227978850032791, 0.005779474313919714598, 0.006831720648989396405 ),
 .UNSPECIFIED. ) ;
#2572 = VECTOR ( 'NONE', #1741, 1000.000000000000000 ) ;
#2573 = DIRECTION ( 'NONE',  ( -0.000000000000000000, -0.000000000000000000, 1.000000000000000000 ) ) ;
#2574 = CARTESIAN_POINT ( 'NONE',  ( -14.75485950726679008, -2.755656553028752676, 10.10257640553935943 ) ) ;
#2575 = CARTESIAN_POINT ( 'NONE',  ( 4.331861649747598797, 3.701465347806695672, 14.34585669029629429 ) ) ;
#2576 = CIRCLE ( 'NONE', #2041, 18.49999999999999645 ) ;
#2577 = VERTEX_POINT ( 'NONE', #1739 ) ;
#2578 = AXIS2_PLACEMENT_3D ( 'NONE', #1974, #1506, #2450 ) ;
#2579 = CARTESIAN_POINT ( 'NONE',  ( 5.123475382979794546, 4.500000000000002665, 42.77638883463117736 ) ) ;
#2580 = CIRCLE ( 'NONE', #874, 11.50000000000000355 ) ;
#2581 = EDGE_CURVE ( 'NONE', #589, #2523, #1326, .T. ) ;
#2582 = EDGE_LOOP ( 'NONE', ( #432, #1371, #2352, #2200 ) ) ;
#2583 = AXIS2_PLACEMENT_3D ( 'NONE', #241, #2363, #2607 ) ;
#2584 = CARTESIAN_POINT ( 'NONE',  ( -25.00000000000000000, -12.19116882454314066, 3.166666666666666075 ) ) ;
#2585 = CARTESIAN_POINT ( 'NONE',  ( 18.48184655819212097, -17.47271893613616811, 10.00000000000000000 ) ) ;
#2586 = CARTESIAN_POINT ( 'NONE',  ( -18.68945616260104003, -17.46054868209438737, 9.999999999999998224 ) ) ;
#2587 = PLANE ( 'NONE',  #1496 ) ;
#2588 = CARTESIAN_POINT ( 'NONE',  ( -25.00000000000000000, -9.500000000000001776, 10.00000000000000000 ) ) ;
#2589 = CARTESIAN_POINT ( 'NONE',  ( -3.469446951953614189E-15, 4.500000000000002665, 25.00000000000000000 ) ) ;
#2590 = FACE_BOUND ( 'NONE', #1733, .T. ) ;
#2591 = CARTESIAN_POINT ( 'NONE',  ( -21.98448831760494571, 4.485375563480442196, 18.44520533621051683 ) ) ;
#2592 = CARTESIAN_POINT ( 'NONE',  ( 0.5061135641722429579, 3.289870327021414020, 13.49999999998293276 ) ) ;
#2593 = CARTESIAN_POINT ( 'NONE',  ( 24.99999999999999289, 11.50000000000000178, 18.31574345981707097 ) ) ;
#2594 = DIRECTION ( 'NONE',  ( 0.3362737846613971238, 0.000000000000000000, -0.9417642707968381099 ) ) ;
#2595 = ORIENTED_EDGE ( 'NONE', *, *, #1101, .F. ) ;
#2596 = CARTESIAN_POINT ( 'NONE',  ( -2.958997499192680625, 6.402207093870075916, 43.26317190279939240 ) ) ;
#2597 = CARTESIAN_POINT ( 'NONE',  ( -17.00000000000000000, -17.50000000000000000, 10.50000000000000000 ) ) ;
#2598 = EDGE_CURVE ( 'NONE', #1084, #3003, #156, .T. ) ;
#2599 = CARTESIAN_POINT ( 'NONE',  ( 22.65685424949238680, -16.92646464131133754, 6.833333333326575776 ) ) ;
#2600 = ORIENTED_EDGE ( 'NONE', *, *, #369, .F. ) ;
#2601 = CARTESIAN_POINT ( 'NONE',  ( -9.899494936611663576, 4.600000000000001421, 13.40050506338833891 ) ) ;
#2602 = CARTESIAN_POINT ( 'NONE',  ( 22.40284953481708641, 17.09805354235182051, -0.000000000000000000 ) ) ;
#2603 = ADVANCED_FACE ( 'NONE', ( #1859, #479 ), #2819, .F. ) ;
#2604 = CARTESIAN_POINT ( 'NONE',  ( 17.35412195955025183, -5.499999999547002361, 10.00000000000000000 ) ) ;
#2605 = CARTESIAN_POINT ( 'NONE',  ( -15.26392505959207035, -3.035913752627323436, 10.07636188557639478 ) ) ;
#2606 = CARTESIAN_POINT ( 'NONE',  ( 20.06602029980409085, -17.29151111969195753, 0.000000000000000000 ) ) ;
#2607 = DIRECTION ( 'NONE',  ( 0.000000000000000000, 0.000000000000000000, 1.000000000000000000 ) ) ;
#2608 = CARTESIAN_POINT ( 'NONE',  ( -25.00000000000000000, 13.51837661840735727, 8.487783554549370280 ) ) ;
#2609 = EDGE_LOOP ( 'NONE', ( #375, #2366, #1818, #2883 ) ) ;
#2610 = CARTESIAN_POINT ( 'NONE',  ( -17.00000000000000000, -17.50000000000000000, 10.00000000000000000 ) ) ;
#2611 = CARTESIAN_POINT ( 'NONE',  ( -22.65685424949238680, -16.92646464131133754, -0.5000000000000004441 ) ) ;
#2612 = CARTESIAN_POINT ( 'NONE',  ( 19.69116882454313711, -17.50000000000000000, -0.5000000000000004441 ) ) ;
#2613 = ORIENTED_EDGE ( 'NONE', *, *, #2870, .F. ) ;
#2614 = CARTESIAN_POINT ( 'NONE',  ( -24.74514677811994545, -12.77259670013019743, 10.00000000000000000 ) ) ;
#2615 = FACE_OUTER_BOUND ( 'NONE', #889, .T. ) ;
#2616 = DIRECTION ( 'NONE',  ( 0.000000000000000000, -0.000000000000000000, 1.000000000000000000 ) ) ;
#2617 = EDGE_CURVE ( 'NONE', #2912, #2645, #80, .T. ) ;
#2618 = CARTESIAN_POINT ( 'NONE',  ( 24.99999999999999645, 11.50000000000000711, 0.000000000000000000 ) ) ;
#2619 = CARTESIAN_POINT ( 'NONE',  ( -25.00000000000000355, 11.50000000000000178, 6.666666666666666963 ) ) ;
#2620 = CARTESIAN_POINT ( 'NONE',  ( 24.96775652039750426, -11.07342869667620278, -0.000000000000000000 ) ) ;
#2621 = CARTESIAN_POINT ( 'NONE',  ( 3.287884897699841602, 3.539286573660557433, 13.98000907083102540 ) ) ;
#2622 = CIRCLE ( 'NONE', #3019, 1.700000000000001954 ) ;
#2623 = DIRECTION ( 'NONE',  ( -0.000000000000000000, -0.000000000000000000, 1.000000000000000000 ) ) ;
#2624 = CARTESIAN_POINT ( 'NONE',  ( 24.82067506490127684, 13.89955276249167149, 10.50221523188015560 ) ) ;
#2625 = VECTOR ( 'NONE', #1912, 1000.000000000000000 ) ;
#2626 = CARTESIAN_POINT ( 'NONE',  ( -23.24264068711928388, 17.06984848098349872, 28.14370336508475390 ) ) ;
#2627 = CIRCLE ( 'NONE', #1550, 3.500000000000003109 ) ;
#2628 = ORIENTED_EDGE ( 'NONE', *, *, #951, .F. ) ;
#2629 = CARTESIAN_POINT ( 'NONE',  ( 9.899494936611663576, 4.500000000000002665, 15.10050506338833998 ) ) ;
#2630 = CIRCLE ( 'NONE', #2780, 5.250000000000000000 ) ;
#2631 = CARTESIAN_POINT ( 'NONE',  ( 20.24910431135467448, -17.25026667957564896, 10.00000000000000000 ) ) ;
#2632 = ORIENTED_EDGE ( 'NONE', *, *, #593, .T. ) ;
#2633 = CARTESIAN_POINT ( 'NONE',  ( -18.73599893125625115, -17.45738211885194247, 10.00000000000000000 ) ) ;
#2634 = CIRCLE ( 'NONE', #1361, 2.649999999999997691 ) ;
#2635 = ORIENTED_EDGE ( 'NONE', *, *, #770, .T. ) ;
#2636 = DIRECTION ( 'NONE',  ( -0.000000000000000000, -0.000000000000000000, 1.000000000000000000 ) ) ;
#2637 = DIRECTION ( 'NONE',  ( -0.000000000000000000, -1.000000000000000000, -0.000000000000000000 ) ) ;
#2638 = CARTESIAN_POINT ( 'NONE',  ( -14.02366198019067056, -2.475961894779384220, 10.13643465264604693 ) ) ;
#2639 = CARTESIAN_POINT ( 'NONE',  ( -25.00000000000000355, 11.50000000000000711, 0.000000000000000000 ) ) ;
#2640 = CARTESIAN_POINT ( 'NONE',  ( 5.123475382979795434, 4.500000000000003553, 35.29563014098700080 ) ) ;
#2641 = CARTESIAN_POINT ( 'NONE',  ( 24.99999999999999289, 11.50000000000000178, -1.340176350718322640 ) ) ;
#2642 = CARTESIAN_POINT ( 'NONE',  ( -3.455719392643024968, 3.563398273751394729, 14.03144204020283858 ) ) ;
#2643 = EDGE_CURVE ( 'NONE', #566, #2680, #299, .T. ) ;
#2644 = CARTESIAN_POINT ( 'NONE',  ( -23.24264068711928388, 17.06984848098349872, 8.487783554549370280 ) ) ;
#2645 = VERTEX_POINT ( 'NONE', #509 ) ;
#2646 = CARTESIAN_POINT ( 'NONE',  ( -11.70019900276184011, 4.463658549089024596, 18.10177285202628639 ) ) ;
#2647 = DIRECTION ( 'NONE',  ( 1.000000000000000000, 0.000000000000000000, 0.000000000000000000 ) ) ;
#2648 = ORIENTED_EDGE ( 'NONE', *, *, #1050, .T. ) ;
#2649 = CARTESIAN_POINT ( 'NONE',  ( -22.25221454576837843, -16.55634297115794951, 10.00000000000000000 ) ) ;
#2650 = ORIENTED_EDGE ( 'NONE', *, *, #2477, .F. ) ;
#2651 = CARTESIAN_POINT ( 'NONE',  ( 23.85428866579169949, 3.130949694958575336, 13.20866522583917657 ) ) ;
#2652 = CARTESIAN_POINT ( 'NONE',  ( 9.899494980048633153, 4.484966828508899717, 18.60061948270373122 ) ) ;
#2653 = CARTESIAN_POINT ( 'NONE',  ( 20.32313464526334457, -17.23394665175589324, 0.000000000000000000 ) ) ;
#2654 = CARTESIAN_POINT ( 'NONE',  ( -9.899494936611663576, 4.600000000000001421, 15.10050506338833998 ) ) ;
#2655 = CARTESIAN_POINT ( 'NONE',  ( -25.00000000000000355, 17.50000000000000000, 0.000000000000000000 ) ) ;
#2656 = CARTESIAN_POINT ( 'NONE',  ( 24.13703516162191320, 15.62288001379508628, 12.41680882902239702 ) ) ;
#2657 = CARTESIAN_POINT ( 'NONE',  ( -25.00000000000000000, 12.50918830920367952, 28.14370336508475390 ) ) ;
#2658 = VERTEX_POINT ( 'NONE', #2331 ) ;
#2659 = EDGE_CURVE ( 'NONE', #1717, #1647, #415, .T. ) ;
#2660 = CARTESIAN_POINT ( 'NONE',  ( -9.899494936611667129, 4.500000000000002665, 36.59949493661166997 ) ) ;
#2661 = CARTESIAN_POINT ( 'NONE',  ( -9.899494936611667129, 4.500000000000002665, 34.89949493661166713 ) ) ;
#2662 = VERTEX_POINT ( 'NONE', #1007 ) ;
#2663 = CARTESIAN_POINT ( 'NONE',  ( 12.49999999999999822, -7.500000000000001776, 9.000000000000001776 ) ) ;
#2664 = ORIENTED_EDGE ( 'NONE', *, *, #683, .F. ) ;
#2665 = CARTESIAN_POINT ( 'NONE',  ( -9.899494767704300813, 4.484966772533475421, 18.60061795031753462 ) ) ;
#2666 = DIRECTION ( 'NONE',  ( 1.000000000000000000, 0.000000000000000000, 0.000000000000000000 ) ) ;
#2667 = CARTESIAN_POINT ( 'NONE',  ( -24.98428345726638611, -3.471691541594343011, 10.04401555839946347 ) ) ;
#2668 = CARTESIAN_POINT ( 'NONE',  ( -22.00566164852091688, 17.16482010107987577, 18.38590756320538588 ) ) ;
#2669 = DIRECTION ( 'NONE',  ( -0.000000000000000000, -0.000000000000000000, 1.000000000000000000 ) ) ;
#2670 = CARTESIAN_POINT ( 'NONE',  ( 9.899494936611663576, 17.50000000000000000, 15.10050506338833998 ) ) ;
#2671 = CARTESIAN_POINT ( 'NONE',  ( 22.47883232085312244, 16.98397274513193622, 17.06075153404869482 ) ) ;
#2672 = CARTESIAN_POINT ( 'NONE',  ( -24.56984848098350227, 15.74264068711928743, 8.487783554549370280 ) ) ;
#2673 = EDGE_LOOP ( 'NONE', ( #327, #104, #746, #325, #1464, #2895 ) ) ;
#2674 = AXIS2_PLACEMENT_3D ( 'NONE', #1076, #1272, #380 ) ;
#2675 = CARTESIAN_POINT ( 'NONE',  ( -17.00000000000000000, -17.50000000000000000, 0.000000000000000000 ) ) ;
#2676 = CYLINDRICAL_SURFACE ( 'NONE', #434, 3.500000000000000000 ) ;
#2677 = AXIS2_PLACEMENT_3D ( 'NONE', #674, #487, #1600 ) ;
#2678 = ORIENTED_EDGE ( 'NONE', *, *, #1631, .T. ) ;
#2679 = CARTESIAN_POINT ( 'NONE',  ( 6.615428151282659819, 3.493149724291452873, 13.88375000050396402 ) ) ;
#2680 = VERTEX_POINT ( 'NONE', #738 ) ;
#2681 = AXIS2_PLACEMENT_3D ( 'NONE', #1196, #2131, #824 ) ;
#2682 = CARTESIAN_POINT ( 'NONE',  ( 24.01464838578050376, 2.802636876723068049, 12.75956374469781096 ) ) ;
#2683 = ADVANCED_FACE ( 'NONE', ( #786 ), #21, .F. ) ;
#2684 = AXIS2_PLACEMENT_3D ( 'NONE', #965, #238, #936 ) ;
#2685 = CARTESIAN_POINT ( 'NONE',  ( -25.00000000000000000, -5.499999999999998224, 10.00000000000000000 ) ) ;
#2686 = CARTESIAN_POINT ( 'NONE',  ( -9.542679591550138340, 4.550000000000001599, 31.41773061237479325 ) ) ;
#2687 = AXIS2_PLACEMENT_3D ( 'NONE', #679, #2512, #1587 ) ;
#2688 = CARTESIAN_POINT ( 'NONE',  ( -9.647171235883741147, 1.605164471054189024, 11.60050510642611066 ) ) ;
#2689 = LINE ( 'NONE', #2461, #2048 ) ;
#2690 = CARTESIAN_POINT ( 'NONE',  ( -24.81270112373466574, 13.93681960914882190, -0.000000000000000000 ) ) ;
#2691 = EDGE_LOOP ( 'NONE', ( #433, #1747, #1789, #1053 ) ) ;
#2692 = CARTESIAN_POINT ( 'NONE',  ( 17.00000000000000000, -17.50000000000000000, 3.333333333333335702 ) ) ;
#2693 = CARTESIAN_POINT ( 'NONE',  ( 18.95882179268239653, -17.44318119178793225, 10.00000000000000000 ) ) ;
#2694 = VERTEX_POINT ( 'NONE', #1465 ) ;
#2695 = ORIENTED_EDGE ( 'NONE', *, *, #868, .F. ) ;
#2696 = LINE ( 'NONE', #592, #914 ) ;
#2697 = CARTESIAN_POINT ( 'NONE',  ( 8.969409992513227792, 1.771757644708315205, 11.72631937232540800 ) ) ;
#2698 = APPLICATION_CONTEXT ( 'automotive_design' ) ;
#2699 = CARTESIAN_POINT ( 'NONE',  ( -17.00000000000000000, -17.50000000000000000, 6.666666666667040886 ) ) ;
#2700 = ADVANCED_FACE ( 'NONE', ( #1718 ), #2863, .F. ) ;
#2701 = CARTESIAN_POINT ( 'NONE',  ( -8.552462001232306932, 1.946562694267623739, 11.86749229492587965 ) ) ;
#2702 = PLANE ( 'NONE',  #1704 ) ;
#2703 = CARTESIAN_POINT ( 'NONE',  ( -9.899494936611663576, 17.50000000000000000, 16.80050506338833571 ) ) ;
#2704 = ORIENTED_EDGE ( 'NONE', *, *, #2891, .T. ) ;
#2705 = CYLINDRICAL_SURFACE ( 'NONE', #2382, 2.649999999999999467 ) ;
#2706 = CARTESIAN_POINT ( 'NONE',  ( -9.166666666666667851, 4.500000000000002665, 16.63603896932107062 ) ) ;
#2707 = VERTEX_POINT ( 'NONE', #2601 ) ;
#2708 = ORIENTED_EDGE ( 'NONE', *, *, #565, .F. ) ;
#2709 = CARTESIAN_POINT ( 'NONE',  ( 22.81145855585685922, 4.227284489165025860, 16.12920254645329621 ) ) ;
#2710 = CARTESIAN_POINT ( 'NONE',  ( 8.083063859799146655, 2.213643160808847377, 12.10766626140607194 ) ) ;
#2711 = CARTESIAN_POINT ( 'NONE',  ( 2.848069449884223836, 6.541736286625805974, 43.27978252880803467 ) ) ;
#2712 = CARTESIAN_POINT ( 'NONE',  ( -24.10123510926875312, 15.67608040388065049, 12.51707002016115133 ) ) ;
#2713 = B_SPLINE_CURVE_WITH_KNOTS ( 'NONE', 3,
 ( #397, #1738, #2458, #2239, #2903, #1273, #625, #1321, #1771, #2920, #805, #333, #1303, #2223, #95, #2668, #850, #641, #159, #128, #2947, #1563, #1784, #145, #1044, #1982, #1077, #578, #2191, #611, #2012, #2712, #2207, #111, #821, #597, #366, #1287, #2330, #2803, #1608, #1363, #172, #1826, #1103, #1622, #1577, #201, #2502, #2038, #463, #1347, #3023, #1121, #2977, #710, #1390, #2081, #878, #1812, #934, #409, #2302, #2744, #2758, #654 ),
 .UNSPECIFIED., .F., .F.,
 ( 4, 1, 1, 1, 1, 1, 1, 1, 1, 2, 2, 1, 1, 1, 1, 1, 1, 1, 1, 2, 2, 1, 1, 1, 1, 1, 1, 1, 1, 2, 2, 1, 1, 1, 1, 1, 2, 2, 1, 1, 1, 1, 2, 2, 1, 1, 1, 1, 1, 2, 2, 4 ),
 ( 0.000000000000000000, 0.1249999999999149569, 0.1874999999998727684, 0.2187499999998516742, 0.2343749999998410161, 0.2421874999998359923, 0.2460937499998334943, 0.2480468749998325784, 0.2490234374998324396, 0.2495117187498323563, 0.2499999999998323008, 0.3749999999998679945, 0.4374999999998860911, 0.4687499999998953060, 0.4843749999998995803, 0.4921874999999016898, 0.4960937499999029665, 0.4980468749999035216, 0.4990234374999035216, 0.4995117187499035771, 0.4999999999999036326, 0.6249999999999218403, 0.6874999999999308331, 0.7187499999999352740, 0.7343749999999376055, 0.7421874999999387157, 0.7460937499999396039, 0.7480468749999401590, 0.7490234374999403810, 0.7495117187499406031, 0.7499999999999408251, 0.8124999999999571454, 0.8437499999999651390, 0.8593749999999691358, 0.8671874999999711342, 0.8710937499999720224, 0.8730468749999725775, 0.8749999999999731326, 0.9062499999999831246, 0.9218749999999881206, 0.9296874999999905631, 0.9335937499999917843, 0.9355468749999923395, 0.9374999999999928946, 0.9531249999999975575, 0.9609374999999997780, 0.9648437500000008882, 0.9667968750000014433, 0.9677734375000015543, 0.9682617187500015543, 0.9687500000000015543, 1.000000000000000000 ),
 .UNSPECIFIED. ) ;
#2714 = CARTESIAN_POINT ( 'NONE',  ( -6.615472122388095677, 3.493094999012652746, 13.88363065460753809 ) ) ;
#2715 = EDGE_CURVE ( 'NONE', #3003, #1717, #232, .T. ) ;
#2716 = CARTESIAN_POINT ( 'NONE',  ( 3.260393425532595923, 5.772727272727275150, 43.21043202976644437 ) ) ;
#2717 = CARTESIAN_POINT ( 'NONE',  ( -25.00000000000000000, -17.50000000000000000, 0.000000000000000000 ) ) ;
#2718 = VERTEX_POINT ( 'NONE', #72 ) ;
#2719 = B_SPLINE_CURVE_WITH_KNOTS ( 'NONE', 3,
 ( #1663, #1427, #2367, #1199 ),
 .UNSPECIFIED., .F., .F.,
 ( 4, 4 ),
 ( 0.000000000000000000, 1.000000000000000000 ),
 .UNSPECIFIED. ) ;
#2720 = CYLINDRICAL_SURFACE ( 'NONE', #2237, 2.000000000000000000 ) ;
#2721 = CLOSED_SHELL ( 'NONE', ( #2962, #50, #329, #849, #1531, #1951, #1516, #1459, #647, #995, #1434, #1475, #255, #419, #613, #2737, #171, #455, #2231, #2865, #903, #2345, #702, #1786, #289, #351, #2563, #1106, #2378, #2944, #2734, #2228, #1802, #2397, #1987, #2700, #2603, #1160, #113, #1316, #231, #935, #2683, #715, #1190, #974, #1414, #1687, #1195, #884, #1128, #1535, #1666, #1143, #1332, #1312 ) ) ;
#2722 = ORIENTED_EDGE ( 'NONE', *, *, #2891, .F. ) ;
#2723 = VERTEX_POINT ( 'NONE', #539 ) ;
#2724 = CARTESIAN_POINT ( 'NONE',  ( 24.93286246479183177, -2.057218095313335660, 10.18802456442473137 ) ) ;
#2725 = CIRCLE ( 'NONE', #283, 2.649999999999997691 ) ;
#2726 = CARTESIAN_POINT ( 'NONE',  ( 8.889404369271680650, 1.800678518565901776, 11.74896852576280004 ) ) ;
#2727 = CIRCLE ( 'NONE', #2578, 11.50000000000000355 ) ;
#2728 = CARTESIAN_POINT ( 'NONE',  ( -23.09950019981241454, 4.038842012881174171, 15.32251662220836685 ) ) ;
#2729 = CARTESIAN_POINT ( 'NONE',  ( -6.661158111181535446, 3.434806069439992893, 13.76670944763602655 ) ) ;
#2730 = AXIS2_PLACEMENT_3D ( 'NONE', #2374, #2637, #542 ) ;
#2731 = CARTESIAN_POINT ( 'NONE',  ( 2.123237975891103524, 7.287868147387323248, 36.30323541391427966 ) ) ;
#2732 = CARTESIAN_POINT ( 'NONE',  ( 21.01508162466195984, 17.39076419649350314, 21.16011392833966198 ) ) ;
#2733 = VECTOR ( 'NONE', #2184, 1000.000000000000000 ) ;
#2734 = ADVANCED_FACE ( 'NONE', ( #311, #1237 ), #2418, .F. ) ;
#2735 = CARTESIAN_POINT ( 'NONE',  ( 11.08838013519615018, -2.443132549632539785, 10.14062577517523245 ) ) ;
#2736 = ORIENTED_EDGE ( 'NONE', *, *, #3020, .T. ) ;
#2737 = ADVANCED_FACE ( 'NONE', ( #1416 ), #945, .F. ) ;
#2738 = CARTESIAN_POINT ( 'NONE',  ( 9.166666666666667851, -2.136038969321069736, 10.00000000000000000 ) ) ;
#2739 = ORIENTED_EDGE ( 'NONE', *, *, #1819, .F. ) ;
#2740 = CARTESIAN_POINT ( 'NONE',  ( -6.104624935606647540, 4.015464869502830325, 15.24992630202758903 ) ) ;
#2741 = CYLINDRICAL_SURFACE ( 'NONE', #970, 5.249999999999999112 ) ;
#2742 = CARTESIAN_POINT ( 'NONE',  ( 11.22413754612527370, 1.937399915238976478, 11.86083447029635884 ) ) ;
#2743 = CARTESIAN_POINT ( 'NONE',  ( -22.37546611046269973, 4.407559975349196080, 17.35023768549336509 ) ) ;
#2744 = CARTESIAN_POINT ( 'NONE',  ( -24.99852253334822905, 12.00772062643276783, 10.00413777513263369 ) ) ;
#2745 = CARTESIAN_POINT ( 'NONE',  ( -24.72697700661960596, -12.85388211953925186, -0.000000000000000000 ) ) ;
#2746 = CARTESIAN_POINT ( 'NONE',  ( 25.00000000000000000, -10.84558441227157033, 6.833333333326575776 ) ) ;
#2747 = CARTESIAN_POINT ( 'NONE',  ( -4.357717318593938849, 4.609123515882461497, 35.64841445862398928 ) ) ;
#2748 = CARTESIAN_POINT ( 'NONE',  ( -21.50097878517002670, 17.29851519346042465, -0.000000000000000000 ) ) ;
#2749 = CARTESIAN_POINT ( 'NONE',  ( -13.17166675720270597, 4.267359747753565635, 16.34287827192997966 ) ) ;
#2750 = CARTESIAN_POINT ( 'NONE',  ( 12.97719996068597403, -2.249986136482583721, 10.16707988632074411 ) ) ;
#2751 = VERTEX_POINT ( 'NONE', #2930 ) ;
#2752 = CARTESIAN_POINT ( 'NONE',  ( 27.50000000000000355, -2.136038969321069736, 10.00000000000000000 ) ) ;
#2753 = EDGE_CURVE ( 'NONE', #2454, #1840, #1491, .T. ) ;
#2754 = ORIENTED_EDGE ( 'NONE', *, *, #2009, .F. ) ;
#2755 = CARTESIAN_POINT ( 'NONE',  ( -5.601680612312226692, 3.924150420409955320, 14.95503396046629696 ) ) ;
#2756 = CARTESIAN_POINT ( 'NONE',  ( 12.09582982610199053, 2.474593750318270668, 12.37462909548396972 ) ) ;
#2757 = CARTESIAN_POINT ( 'NONE',  ( -24.00697936733174487, 2.856100532176387041, 12.78104150447741461 ) ) ;
#2758 = CARTESIAN_POINT ( 'NONE',  ( -25.00000000000000355, 11.78860771735083013, 10.00000000000000888 ) ) ;
#2759 = CARTESIAN_POINT ( 'NONE',  ( -24.95738211885192115, -11.23599893125702565, -0.000000000000000000 ) ) ;
#2760 = CARTESIAN_POINT ( 'NONE',  ( -9.899494343373550720, 1.605191401992901445, 11.60052859285309879 ) ) ;
#2761 = CARTESIAN_POINT ( 'NONE',  ( 24.99999999999999645, 17.50000000000000000, 10.00000000000000000 ) ) ;
#2762 = CARTESIAN_POINT ( 'NONE',  ( -20.35066672765656293, 17.46454909717427739, -0.000000000000000000 ) ) ;
#2763 = CARTESIAN_POINT ( 'NONE',  ( -12.90865043072977336, 3.179233947180189812, 13.31299666378930802 ) ) ;
#2764 = CARTESIAN_POINT ( 'NONE',  ( 13.49550330853723423, -2.315349664298951282, 10.15681688328456111 ) ) ;
#2765 = ORIENTED_EDGE ( 'NONE', *, *, #2928, .T. ) ;
#2766 = CARTESIAN_POINT ( 'NONE',  ( -9.899494936611667129, 4.500000000000002665, 31.39949493661166358 ) ) ;
#2767 = ORIENTED_EDGE ( 'NONE', *, *, #753, .F. ) ;
#2768 = DIRECTION ( 'NONE',  ( 0.000000000000000000, 0.000000000000000000, -1.000000000000000000 ) ) ;
#2769 = EDGE_CURVE ( 'NONE', #930, #1315, #2343, .T. ) ;
#2770 = CARTESIAN_POINT ( 'NONE',  ( 12.49999999999999822, -7.500000000000001776, 9.000000000000001776 ) ) ;
#2771 = ORIENTED_EDGE ( 'NONE', *, *, #2659, .T. ) ;
#2772 = CARTESIAN_POINT ( 'NONE',  ( 12.54170995825782065, 2.826469547707782581, 12.78991246686101846 ) ) ;
#2773 = VECTOR ( 'NONE', #2822, 1000.000000000000000 ) ;
#2774 = DIRECTION ( 'NONE',  ( 0.000000000000000000, 0.000000000000000000, -1.000000000000000000 ) ) ;
#2775 = EDGE_CURVE ( 'NONE', #178, #392, #1249, .T. ) ;
#2776 = CARTESIAN_POINT ( 'NONE',  ( -20.19403798166390729, -17.26202757288344003, -0.000000000000000000 ) ) ;
#2777 = DIRECTION ( 'NONE',  ( -0.000000000000000000, -1.000000000000000000, -0.000000000000000000 ) ) ;
#2778 = FACE_OUTER_BOUND ( 'NONE', #901, .T. ) ;
#2779 = CARTESIAN_POINT ( 'NONE',  ( -12.67799929759113020, 4.394506808828939626, 17.24352397840093687 ) ) ;
#2780 = AXIS2_PLACEMENT_3D ( 'NONE', #864, #465, #1365 ) ;
#2781 = CARTESIAN_POINT ( 'NONE',  ( 11.03032534972887468, -2.459853128254486876, 10.13848517091509649 ) ) ;
#2782 = CIRCLE ( 'NONE', #2687, 3.500000000000003109 ) ;
#2783 = EDGE_LOOP ( 'NONE', ( #2065, #661, #973, #2650 ) ) ;
#2784 = FACE_OUTER_BOUND ( 'NONE', #1853, .T. ) ;
#2785 = EDGE_LOOP ( 'NONE', ( #2233, #1081, #196, #1525 ) ) ;
#2786 = CARTESIAN_POINT ( 'NONE',  ( -4.987364594046955091, 3.814436177114020943, 14.63772082800930008 ) ) ;
#2787 = DIRECTION ( 'NONE',  ( 1.000000000000000000, 0.000000000000000000, 0.000000000000000000 ) ) ;
#2788 = VERTEX_POINT ( 'NONE', #2453 ) ;
#2789 = CARTESIAN_POINT ( 'NONE',  ( 10.33930339548260058, 1.634994286423362420, 11.62025556938458770 ) ) ;
#2790 = CARTESIAN_POINT ( 'NONE',  ( -9.899494936611667129, 4.500000000000002665, 34.89949493661166713 ) ) ;
#2791 = CARTESIAN_POINT ( 'NONE',  ( -24.98726040311241192, -10.78115891241862023, -0.000000000000000000 ) ) ;
#2792 = EDGE_CURVE ( 'NONE', #1085, #1486, #33, .T. ) ;
#2793 = CARTESIAN_POINT ( 'NONE',  ( 1.685661728624640476, 7.572291865911351394, 36.37688948893175933 ) ) ;
#2794 = DIRECTION ( 'NONE',  ( 0.000000000000000000, -0.000000000000000000, 1.000000000000000000 ) ) ;
#2795 = CARTESIAN_POINT ( 'NONE',  ( 15.43295824914365610, -3.145659362144995974, 10.06721780713370151 ) ) ;
#2796 = VERTEX_POINT ( 'NONE', #1977 ) ;
#2797 = LINE ( 'NONE', #1154, #1851 ) ;
#2798 = VERTEX_POINT ( 'NONE', #89 ) ;
#2799 = CARTESIAN_POINT ( 'NONE',  ( -3.928050586405115396, 3.635658133129886505, 14.19073236854172393 ) ) ;
#2800 = CARTESIAN_POINT ( 'NONE',  ( -25.00000000000000000, -10.84558441227157033, 6.833333333326575776 ) ) ;
#2801 = SHAPE_DEFINITION_REPRESENTATION ( #125, #2020 ) ;
#2802 = CARTESIAN_POINT ( 'NONE',  ( 11.19443344313347666, 1.923122500577322036, 11.84885972299684909 ) ) ;
#2803 = CARTESIAN_POINT ( 'NONE',  ( -24.65353652896404313, 14.54276426475200878, 10.97030138250733522 ) ) ;
#2804 = FACE_OUTER_BOUND ( 'NONE', #312, .T. ) ;
#2805 = CARTESIAN_POINT ( 'NONE',  ( -21.88144931732835374, 17.20182131639573697, -0.000000000000000000 ) ) ;
#2806 = CARTESIAN_POINT ( 'NONE',  ( -13.03063992217929012, 4.320668912231058201, 16.66786553560897843 ) ) ;
#2807 = CARTESIAN_POINT ( 'NONE',  ( 2.176792586319368006, 3.403733647137998641, 13.70391008709414571 ) ) ;
#2808 = EDGE_CURVE ( 'NONE', #2577, #2718, #833, .T. ) ;
#2809 = ORIENTED_EDGE ( 'NONE', *, *, #2151, .T. ) ;
#2810 = CARTESIAN_POINT ( 'NONE',  ( 24.56984848098349516, 15.74264068711928388, 8.487783554549372056 ) ) ;
#2811 = EDGE_CURVE ( 'NONE', #2419, #1878, #2934, .T. ) ;
#2812 = LINE ( 'NONE', #1411, #871 ) ;
#2813 = ORIENTED_EDGE ( 'NONE', *, *, #2288, .F. ) ;
#2814 = CARTESIAN_POINT ( 'NONE',  ( -1.203151566487745017, 7.791363651800215173, 43.46159466910300040 ) ) ;
#2815 = CARTESIAN_POINT ( 'NONE',  ( -19.69116882454313711, -17.50000000000000000, 10.50000000000000000 ) ) ;
#2816 = CARTESIAN_POINT ( 'NONE',  ( 17.00000000000000000, -17.50000000000000000, 6.833333333326575776 ) ) ;
#2817 = CARTESIAN_POINT ( 'NONE',  ( -18.67383650504383752, -17.46158215313582573, 10.00000000000000000 ) ) ;
#2818 = CARTESIAN_POINT ( 'NONE',  ( -3.469446951953614189E-15, 4.500000000000003553, 25.00000000000000000 ) ) ;
#2819 = PLANE ( 'NONE',  #686 ) ;
#2820 = CARTESIAN_POINT ( 'NONE',  ( 12.49999999999999822, -7.500000000000001776, 0.000000000000000000 ) ) ;
#2821 = CARTESIAN_POINT ( 'NONE',  ( -10.84052126541953065, -2.519000748606575524, 10.13070445149085153 ) ) ;
#2822 = DIRECTION ( 'NONE',  ( -0.000000000000000000, -0.000000000000000000, 1.000000000000000000 ) ) ;
#2823 = B_SPLINE_CURVE_WITH_KNOTS ( 'NONE', 3,
 ( #2206, #1723, #1027, #2902, #804, #2667, #1497, #1043, #1981, #2919, #820, #1755, #877, #2267, #860, #1795, #1589, #1120, #2055, #185, #170, #668, #2283, #1562, #2992, #2960, #894, #2527, #2757, #1334, #1102, #2728, #2025, #1825, #640, #2501, #408, #2037, #2976, #1811, #1345, #2743, #422, #653, #1576, #2515, #27, #1469, #316, #2591, #2376, #61 ),
 .UNSPECIFIED., .F., .F.,
 ( 4, 1, 1, 1, 1, 1, 1, 2, 2, 1, 1, 1, 1, 1, 2, 2, 1, 1, 1, 1, 2, 2, 1, 1, 1, 1, 1, 1, 1, 2, 2, 1, 1, 1, 1, 1, 1, 2, 2, 4 ),
 ( 0.000000000000000000, 0.06249999999997858657, 0.09374999999996795619, 0.1093749999999626410, 0.1171874999999599903, 0.1210937499999585887, 0.1230468749999578393, 0.1240234374999575340, 0.1249999999999572287, 0.1874999999999412414, 0.2187499999999332756, 0.2343749999999293343, 0.2421874999999273637, 0.2460937499999263367, 0.2480468749999258649, 0.2499999999999253930, 0.3749999999998963607, 0.4374999999998818723, 0.4687499999998747113, 0.4843749999998710476, 0.4921874999998692157, 0.4999999999998674394, 0.6249999999998397948, 0.6874999999998261391, 0.7187499999998191447, 0.7343749999998158140, 0.7421874999998139266, 0.7460937499998129274, 0.7480468749998125944, 0.7490234374998127054, 0.7499999999998127054, 0.8124999999998454570, 0.8437499999998614442, 0.8593749999998697708, 0.8671874999998742117, 0.8710937499998760991, 0.8730468749998769873, 0.8740234374998773204, 0.8749999999998776534, 1.000000000000000000 ),
 .UNSPECIFIED. ) ;
#2824 = FACE_OUTER_BOUND ( 'NONE', #1008, .T. ) ;
#2825 = VECTOR ( 'NONE', #2636, 1000.000000000000000 ) ;
#2826 = CARTESIAN_POINT ( 'NONE',  ( 24.99999999999999289, 12.50918830920367952, 18.31574345981707097 ) ) ;
#2827 = VECTOR ( 'NONE', #1394, 1000.000000000000000 ) ;
#2828 = PRODUCT_DEFINITION ( 'UNKNOWN', '', #971, #1966 ) ;
#2829 = PLANE ( 'NONE',  #775 ) ;
#2830 = AXIS2_PLACEMENT_3D ( 'NONE', #1107, #2504, #1351 ) ;
#2831 = ORIENTED_EDGE ( 'NONE', *, *, #1555, .T. ) ;
#2832 = EDGE_CURVE ( 'NONE', #2066, #2848, #743, .T. ) ;
#2833 = CIRCLE ( 'NONE', #2583, 11.50000000000000355 ) ;
#2834 = CARTESIAN_POINT ( 'NONE',  ( -19.69116882454313711, -17.50000000000000000, -0.5000000000000004441 ) ) ;
#2835 = CARTESIAN_POINT ( 'NONE',  ( 24.42646464131133754, -15.15685424949237969, 6.833333333326575776 ) ) ;
#2836 = ORIENTED_EDGE ( 'NONE', *, *, #457, .T. ) ;
#2837 = DIRECTION ( 'NONE',  ( -0.000000000000000000, -1.000000000000000000, -0.000000000000000000 ) ) ;
#2838 = CARTESIAN_POINT ( 'NONE',  ( 24.96970892325648705, 12.77758290887942216, -0.000000000000000000 ) ) ;
#2839 = CARTESIAN_POINT ( 'NONE',  ( 12.49999999999999822, -7.500000000000001776, 10.00000000000000000 ) ) ;
#2840 = CARTESIAN_POINT ( 'NONE',  ( -13.79580257161339496, -2.411623507990199755, 10.14469645397828579 ) ) ;
#2841 = CARTESIAN_POINT ( 'NONE',  ( 23.96861133732955196, -15.01372479145763528, -0.000000000000000000 ) ) ;
#2842 = FACE_OUTER_BOUND ( 'NONE', #1536, .T. ) ;
#2843 = CARTESIAN_POINT ( 'NONE',  ( -25.00000000000000000, 12.50918830920367775, 8.487783554549370280 ) ) ;
#2844 = VERTEX_POINT ( 'NONE', #1333 ) ;
#2845 = DIRECTION ( 'NONE',  ( -0.000000000000000000, -1.000000000000000000, -0.000000000000000000 ) ) ;
#2846 = CARTESIAN_POINT ( 'NONE',  ( 18.64831181680840544, -17.46323030222451678, 9.999999999999996447 ) ) ;
#2847 = EDGE_CURVE ( 'NONE', #2066, #2658, #2485, .T. ) ;
#2848 = VERTEX_POINT ( 'NONE', #1299 ) ;
#2849 = CARTESIAN_POINT ( 'NONE',  ( -24.96275297342344501, -11.15581159539095246, 10.00000000000000000 ) ) ;
#2850 = CARTESIAN_POINT ( 'NONE',  ( 24.70182131639615264, 14.38144931733402032, -0.000000000000000000 ) ) ;
#2851 = CARTESIAN_POINT ( 'NONE',  ( 9.761768814553439810, 4.494781559715152142, 18.90803847694331097 ) ) ;
#2852 = CARTESIAN_POINT ( 'NONE',  ( 12.49999999999999822, -7.500000000000001776, 10.00000000000000000 ) ) ;
#2853 = CARTESIAN_POINT ( 'NONE',  ( -13.37105990626779040, -2.321154498017484524, 10.15680855106101355 ) ) ;
#2854 = LINE ( 'NONE', #2116, #2773 ) ;
#2855 = CARTESIAN_POINT ( 'NONE',  ( 11.59949493661166109, 4.600000000000001421, 34.89949493661166713 ) ) ;
#2856 = CYLINDRICAL_SURFACE ( 'NONE', #2292, 5.249999999999999112 ) ;
#2857 = CARTESIAN_POINT ( 'NONE',  ( 24.97994235581180078, 12.60935689043384933, 10.05617319432681533 ) ) ;
#2858 = CARTESIAN_POINT ( 'NONE',  ( -25.00000000000000000, 11.50000000000000178, 8.487783554549370280 ) ) ;
#2859 = EDGE_LOOP ( 'NONE', ( #2565, #1505 ) ) ;
#2860 = CARTESIAN_POINT ( 'NONE',  ( -25.00000000000000000, -12.19116882454314066, 10.50000000000000000 ) ) ;
#2861 = DIRECTION ( 'NONE',  ( 1.000000000000000000, 0.000000000000000000, 0.000000000000000000 ) ) ;
#2862 = ORIENTED_EDGE ( 'NONE', *, *, #1270, .T. ) ;
#2863 = CYLINDRICAL_SURFACE ( 'NONE', #1405, 1.700000000000000178 ) ;
#2864 = VERTEX_POINT ( 'NONE', #859 ) ;
#2865 = ADVANCED_FACE ( 'NONE', ( #1057 ), #2236, .F. ) ;
#2866 = DIRECTION ( 'NONE',  ( -0.000000000000000000, -1.000000000000000000, -0.000000000000000000 ) ) ;
#2867 = DIRECTION ( 'NONE',  ( -0.000000000000000000, -1.000000000000000000, -0.000000000000000000 ) ) ;
#2868 = B_SPLINE_CURVE_WITH_KNOTS ( 'NONE', 3,
 ( #1260, #534, #761, #1230, #2907, #780, #2163, #321, #2178, #82 ),
 .UNSPECIFIED., .F., .F.,
 ( 4, 2, 2, 2, 4 ),
 ( 0.000000000000000000, 0.0006069346998844617463, 0.001213869399768923493, 0.001820804099653386323, 0.002427738799537849154 ),
 .UNSPECIFIED. ) ;
#2869 = CARTESIAN_POINT ( 'NONE',  ( -10.93679920914809856, -2.488099230737205403, 10.13485629201289662 ) ) ;
#2870 = EDGE_CURVE ( 'NONE', #2562, #1910, #2050, .T. ) ;
#2871 = CARTESIAN_POINT ( 'NONE',  ( 25.00000000000000000, -9.500000000000001776, 0.000000000000000000 ) ) ;
#2872 = CARTESIAN_POINT ( 'NONE',  ( 4.553743627993017462, 3.739006075464466505, 14.43970323690771274 ) ) ;
#2873 = AXIS2_PLACEMENT_3D ( 'NONE', #220, #442, #1366 ) ;
#2874 = B_SPLINE_CURVE_WITH_KNOTS ( 'NONE', 3,
 ( #2922, #370, #1063, #2001, #1815, #2747, #1830, #2531 ),
 .UNSPECIFIED., .F., .F.,
 ( 4, 2, 2, 4 ),
 ( 1.926343833970404566E-17, 0.0006264484504178675440, 0.001252896900835715789, 0.002505793801671422037 ),
 .UNSPECIFIED. ) ;
#2875 = CARTESIAN_POINT ( 'NONE',  ( -3.630986577762374878, 3.589557021427184136, 14.08809582859379539 ) ) ;
#2876 = CIRCLE ( 'NONE', #632, 1.700000000000001954 ) ;
#2877 = CARTESIAN_POINT ( 'NONE',  ( -24.56984848098349872, 15.74264068711928743, -1.340176350718322640 ) ) ;
#2878 = VECTOR ( 'NONE', #195, 1000.000000000000000 ) ;
#2879 = ORIENTED_EDGE ( 'NONE', *, *, #776, .T. ) ;
#2880 = CARTESIAN_POINT ( 'NONE',  ( -11.66918776280408032, 4.464673917406244641, 18.12030807459614579 ) ) ;
#2881 = VECTOR ( 'NONE', #2349, 1000.000000000000000 ) ;
#2882 = CARTESIAN_POINT ( 'NONE',  ( 21.53726525033345851, -16.96401693114356135, 10.00000000000000000 ) ) ;
#2883 = ORIENTED_EDGE ( 'NONE', *, *, #1231, .F. ) ;
#2884 = CARTESIAN_POINT ( 'NONE',  ( -24.74040090647299195, -12.79420013620389440, 10.00000000000000000 ) ) ;
#2885 = AXIS2_PLACEMENT_3D ( 'NONE', #1470, #1029, #2904 ) ;
#2886 = ORIENTED_EDGE ( 'NONE', *, *, #2549, .T. ) ;
#2887 = FACE_BOUND ( 'NONE', #1131, .T. ) ;
#2888 = CARTESIAN_POINT ( 'NONE',  ( -17.00000000000000000, -17.50000000000000000, 0.000000000000000000 ) ) ;
#2889 = CARTESIAN_POINT ( 'NONE',  ( 24.78480718579196918, -12.58290229885102640, -0.000000000000000000 ) ) ;
#2890 = CARTESIAN_POINT ( 'NONE',  ( -8.238510919446353498, 2.118334058431160738, 12.01973433619224174 ) ) ;
#2891 = EDGE_CURVE ( 'NONE', #2968, #1931, #1068, .T. ) ;
#2892 = CARTESIAN_POINT ( 'NONE',  ( -9.899494936611663576, 4.500000000000002665, 15.10050506338833998 ) ) ;
#2893 = CARTESIAN_POINT ( 'NONE',  ( 24.59496253420890710, 14.74584946501240168, 11.13434299970850994 ) ) ;
#2894 = CARTESIAN_POINT ( 'NONE',  ( -23.24264068711928388, 17.06984848098349872, -1.340176350718322640 ) ) ;
#2895 = ORIENTED_EDGE ( 'NONE', *, *, #1591, .T. ) ;
#2896 = DIRECTION ( 'NONE',  ( 0.000000000000000000, 0.000000000000000000, -1.000000000000000000 ) ) ;
#2897 = VERTEX_POINT ( 'NONE', #1495 ) ;
#2898 = CARTESIAN_POINT ( 'NONE',  ( 6.810745942517097085, 3.263560331450538143, 13.45433389864015084 ) ) ;
#2899 = EDGE_LOOP ( 'NONE', ( #767, #2049, #1111, #2321 ) ) ;
#2900 = CARTESIAN_POINT ( 'NONE',  ( 8.375941666357087811, 2.039795522342758627, 11.94883816856732750 ) ) ;
#2901 = DIRECTION ( 'NONE',  ( -0.000000000000000000, -0.000000000000000000, 1.000000000000000000 ) ) ;
#2902 = CARTESIAN_POINT ( 'NONE',  ( -24.99103954500706948, -3.843607296843457366, 10.02509454125579857 ) ) ;
#2903 = CARTESIAN_POINT ( 'NONE',  ( -20.54496483265310047, 17.44769359595032299, 22.47671729741103874 ) ) ;
#2904 = DIRECTION ( 'NONE',  ( 0.000000000000000000, 0.000000000000000000, -1.000000000000000000 ) ) ;
#2905 = CYLINDRICAL_SURFACE ( 'NONE', #1757, 1.700000000000000178 ) ;
#2906 = DIRECTION ( 'NONE',  ( 1.000000000000000000, 0.000000000000000000, 0.000000000000000000 ) ) ;
#2907 = CARTESIAN_POINT ( 'NONE',  ( -4.172448639997483610, 4.729317677257061980, 43.02413367259705268 ) ) ;
#2908 = ORIENTED_EDGE ( 'NONE', *, *, #2437, .T. ) ;
#2909 = FACE_OUTER_BOUND ( 'NONE', #782, .T. ) ;
#2910 = EDGE_CURVE ( 'NONE', #139, #164, #2443, .T. ) ;
#2911 = CARTESIAN_POINT ( 'NONE',  ( 20.27259670013152615, -17.24514677811959373, 9.999999999999998224 ) ) ;
#2912 = VERTEX_POINT ( 'NONE', #1269 ) ;
#2913 = CARTESIAN_POINT ( 'NONE',  ( -9.899494936611663576, 4.500000000000002665, 18.60050506338833998 ) ) ;
#2914 = ORIENTED_EDGE ( 'NONE', *, *, #2545, .T. ) ;
#2915 = CARTESIAN_POINT ( 'NONE',  ( 22.84718014760534999, 4.206949549133175204, 16.02916109112961962 ) ) ;
#2916 = B_SPLINE_SURFACE_WITH_KNOTS ( 'NONE', 5, 3, ( 
 ( #2597, #519, #1171, #2095 ),
 ( #989, #2107, #2152, #957 ),
 ( #2815, #1927, #719, #2834 ),
 ( #3032, #2123, #1678, #2611 ),
 ( #2368, #1413, #1649, #976 ),
 ( #2860, #2356, #2584, #1398 ),
 ( #734, #2800, #263, #708 ),
 ( #1186, #504, #932, #1636 ) ),
 .UNSPECIFIED., .F., .F., .F.,
 ( 6, 2, 6 ),
 ( 4, 4 ),
 ( 0.000000000000000000, 0.5000000000000000000, 1.000000000000000000 ),
 ( -0.0005000000000000000104, 0.01050000000000000065 ),
 .UNSPECIFIED. ) ;
#2917 = CARTESIAN_POINT ( 'NONE',  ( -22.45137398657896810, -5.499999999999998224, 10.00000000000000000 ) ) ;
#2918 = CARTESIAN_POINT ( 'NONE',  ( -2.947497117950374612, 6.395458489095710242, 36.11622243403363797 ) ) ;
#2919 = CARTESIAN_POINT ( 'NONE',  ( -24.98188806967623776, -3.367222847524087737, 10.05072405174632344 ) ) ;
#2920 = CARTESIAN_POINT ( 'NONE',  ( -20.72791410749929142, 17.42866328206377347, 21.96435178372159669 ) ) ;
#2921 = DIRECTION ( 'NONE',  ( 1.000000000000000000, 0.000000000000000000, 0.000000000000000000 ) ) ;
#2922 = CARTESIAN_POINT ( 'NONE',  ( -3.260393425532603473, 5.772727272727275150, 36.02813831572418479 ) ) ;
#2923 = CARTESIAN_POINT ( 'NONE',  ( 22.46021626386754733, 16.99201116266150535, 17.11288743679171631 ) ) ;
#2924 = VECTOR ( 'NONE', #1823, 1000.000000000000000 ) ;
#2925 = ORIENTED_EDGE ( 'NONE', *, *, #1682, .T. ) ;
#2926 = CARTESIAN_POINT ( 'NONE',  ( 24.70466779821605741, -12.94962300730301585, 9.999999999999998224 ) ) ;
#2927 = AXIS2_PLACEMENT_3D ( 'NONE', #1972, #1277, #942 ) ;
#2928 = EDGE_CURVE ( 'NONE', #1430, #605, #642, .T. ) ;
#2929 = ORIENTED_EDGE ( 'NONE', *, *, #699, .F. ) ;
#2930 = CARTESIAN_POINT ( 'NONE',  ( -25.00000000000000355, 11.50000000000000355, 10.00000000000000000 ) ) ;
#2931 = VERTEX_POINT ( 'NONE', #2204 ) ;
#2932 = CIRCLE ( 'NONE', #587, 1.699999999999996625 ) ;
#2933 = CARTESIAN_POINT ( 'NONE',  ( 21.98566601242093910, 4.478962593965214012, 18.44190709843464759 ) ) ;
#2934 = CIRCLE ( 'NONE', #90, 3.500000000000003109 ) ;
#2935 = CARTESIAN_POINT ( 'NONE',  ( 8.552918445017185789, 1.946332781026296921, 11.86730125212904774 ) ) ;
#2936 = FACE_OUTER_BOUND ( 'NONE', #2673, .T. ) ;
#2937 = DIRECTION ( 'NONE',  ( 0.000000000000000000, 0.000000000000000000, -1.000000000000000000 ) ) ;
#2938 = FACE_OUTER_BOUND ( 'NONE', #345, .T. ) ;
#2939 = CARTESIAN_POINT ( 'NONE',  ( -24.97953920210212786, 12.61136467621606450, -0.000000000000000000 ) ) ;
#2940 = ORIENTED_EDGE ( 'NONE', *, *, #13, .F. ) ;
#2941 = FACE_BOUND ( 'NONE', #2999, .T. ) ;
#2942 = VERTEX_POINT ( 'NONE', #594 ) ;
#2943 = CARTESIAN_POINT ( 'NONE',  ( -6.288453795300444682, 4.049172350823531552, 15.37037797488613400 ) ) ;
#2944 = ADVANCED_FACE ( 'NONE', ( #2036 ), #2346, .F. ) ;
#2945 = CARTESIAN_POINT ( 'NONE',  ( -12.50000000000000178, -7.500000000000001776, 9.000000000000001776 ) ) ;
#2946 = CARTESIAN_POINT ( 'NONE',  ( -3.469446972765737021E-15, 8.000000000000001776, 43.50000000000000000 ) ) ;
#2947 = CARTESIAN_POINT ( 'NONE',  ( -22.44510009944720963, 16.99847579793651775, 17.15522158299016198 ) ) ;
#2948 = UNCERTAINTY_MEASURE_WITH_UNIT (LENGTH_MEASURE( 1.000000000000000082E-05 ), #2096, 'distance_accuracy_value', 'NONE');
#2949 = CARTESIAN_POINT ( 'NONE',  ( -9.006998980872355176, 1.758733117273739266, 11.71616749655124323 ) ) ;
#2950 = LINE ( 'NONE', #353, #2242 ) ;
#2951 = CARTESIAN_POINT ( 'NONE',  ( 22.49835383499083719, 16.97545349513090684, 17.00607981901961452 ) ) ;
#2952 = CARTESIAN_POINT ( 'NONE',  ( -12.87899459782027911, 3.148893298207034785, 13.26404252959034302 ) ) ;
#2953 = ORIENTED_EDGE ( 'NONE', *, *, #2811, .F. ) ;
#2954 = DIRECTION ( 'NONE',  ( -0.000000000000000000, -1.000000000000000000, -0.000000000000000000 ) ) ;
#2955 = ORIENTED_EDGE ( 'NONE', *, *, #1610, .F. ) ;
#2956 = ORIENTED_EDGE ( 'NONE', *, *, #1030, .T. ) ;
#2957 = CARTESIAN_POINT ( 'NONE',  ( 24.86461264379266822, -1.147441232484130991, 10.37916418290558163 ) ) ;
#2958 = CARTESIAN_POINT ( 'NONE',  ( 9.580227450283123503, 1.624627505849071785, 11.61448603491686171 ) ) ;
#2959 = EDGE_CURVE ( 'NONE', #2848, #392, #1689, .T. ) ;
#2960 = CARTESIAN_POINT ( 'NONE',  ( -24.21100705920099827, 2.316372343771501363, 12.20964403247676877 ) ) ;
#2961 = CARTESIAN_POINT ( 'NONE',  ( -24.67211976388798433, -13.08213934606470907, -0.000000000000000000 ) ) ;
#2962 = ADVANCED_FACE ( 'NONE', ( #461 ), #2741, .F. ) ;
#2963 = DIRECTION ( 'NONE',  ( 0.000000000000000000, 0.000000000000000000, -1.000000000000000000 ) ) ;
#2964 = CARTESIAN_POINT ( 'NONE',  ( -24.97285758737641004, 12.72935030617008323, -0.000000000000000000 ) ) ;
#2965 = PRODUCT ( 'Motor bracket', 'Motor bracket', '', ( #198 ) ) ;
#2966 = CARTESIAN_POINT ( 'NONE',  ( 14.02968175684005381, -2.477791912899919513, 10.13620217061346906 ) ) ;
#2967 = CARTESIAN_POINT ( 'NONE',  ( -12.09792075446965676, 2.476047192546710018, 12.37635520459803473 ) ) ;
#2968 = VERTEX_POINT ( 'NONE', #920 ) ;
#2969 = FACE_OUTER_BOUND ( 'NONE', #2609, .T. ) ;
#2970 = ORIENTED_EDGE ( 'NONE', *, *, #2076, .T. ) ;
#2971 = ORIENTED_EDGE ( 'NONE', *, *, #2209, .F. ) ;
#2972 = CARTESIAN_POINT ( 'NONE',  ( 24.97700280754679980, -3.179547211995822131, 10.06440565744031623 ) ) ;
#2973 = AXIS2_PLACEMENT_3D ( 'NONE', #1241, #271, #1921 ) ;
#2974 = CARTESIAN_POINT ( 'NONE',  ( 10.80348727746623361, 1.761710503585007581, 11.71702029705459758 ) ) ;
#2975 = AXIS2_PLACEMENT_3D ( 'NONE', #2564, #2551, #691 ) ;
#2976 = CARTESIAN_POINT ( 'NONE',  ( -22.86959478143620572, 4.193761678270336191, 15.96638694028068883 ) ) ;
#2977 = CARTESIAN_POINT ( 'NONE',  ( -24.97450983117984435, 12.71051856315272133, 10.07138745672837565 ) ) ;
#2978 = CARTESIAN_POINT ( 'NONE',  ( -24.72037001426586400, -12.88270357526586096, -0.000000000000000000 ) ) ;
#2979 = CARTESIAN_POINT ( 'NONE',  ( -10.40465004253745462, 1.654809281452341407, 11.63705504192639317 ) ) ;
#2980 = PRESENTATION_STYLE_ASSIGNMENT (( #1844 ) ) ;
#2981 = DIRECTION ( 'NONE',  ( 0.3362737846613972903, 0.000000000000000000, 0.9417642707968381099 ) ) ;
#2982 = CIRCLE ( 'NONE', #2885, 3.499999999999999556 ) ;
#2983 = CARTESIAN_POINT ( 'NONE',  ( 15.60081992457142874, -3.262754397653363281, 10.05825144204763077 ) ) ;
#2984 = EDGE_CURVE ( 'NONE', #1486, #1085, #1708, .T. ) ;
#2985 = ORIENTED_EDGE ( 'NONE', *, *, #2322, .F. ) ;
#2986 = B_SPLINE_CURVE_WITH_KNOTS ( 'NONE', 3,
 ( #44, #2619, #983, #1421 ),
 .UNSPECIFIED., .F., .F.,
 ( 4, 4 ),
 ( 0.000000000000000000, 1.000000000000000000 ),
 .UNSPECIFIED. ) ;
#2987 = CARTESIAN_POINT ( 'NONE',  ( -9.166666666666667851, 3.783080801639167490, 12.92893218813452805 ) ) ;
#2988 = EDGE_LOOP ( 'NONE', ( #2664, #2315, #2185, #572 ) ) ;
#2989 = EDGE_LOOP ( 'NONE', ( #180, #1393, #167, #446 ) ) ;
#2990 = CARTESIAN_POINT ( 'NONE',  ( 11.44311974616319816, 4.470995226445688253, 18.24355801805172916 ) ) ;
#2991 = CARTESIAN_POINT ( 'NONE',  ( 13.03519220484118257, 4.319290013621539082, 16.65875277011062394 ) ) ;
#2992 = CARTESIAN_POINT ( 'NONE',  ( -24.24179670333534276, 2.230034108773233825, 12.12341492964773693 ) ) ;
#2993 = CYLINDRICAL_SURFACE ( 'NONE', #3022, 3.499999999999999556 ) ;
#2994 = CARTESIAN_POINT ( 'NONE',  ( -24.94269693230502583, -11.42958643132544161, -0.000000000000000000 ) ) ;
#2995 = DIRECTION ( 'NONE',  ( 0.000000000000000000, 1.000000000000000000, 0.000000000000000000 ) ) ;
#2996 = CARTESIAN_POINT ( 'NONE',  ( -20.63727501343280224, 17.43972667018659806, -0.000000000000000000 ) ) ;
#2997 = CARTESIAN_POINT ( 'NONE',  ( -13.12644384167315792, 4.287299021351605788, 16.45738826625332152 ) ) ;
#2998 = CARTESIAN_POINT ( 'NONE',  ( 9.736074940663387522, -3.035913752469516780, 10.07636188559042800 ) ) ;
#2999 = EDGE_LOOP ( 'NONE', ( #2277, #617 ) ) ;
#3000 = CARTESIAN_POINT ( 'NONE',  ( -9.166666666666667851, 4.500000000000002665, 18.31801948466053531 ) ) ;
#3001 = ORIENTED_EDGE ( 'NONE', *, *, #1631, .F. ) ;
#3002 = EDGE_CURVE ( 'NONE', #1374, #1355, #2782, .T. ) ;
#3003 = VERTEX_POINT ( 'NONE', #1173 ) ;
#3004 = CARTESIAN_POINT ( 'NONE',  ( 24.86984402762418966, -1.208230693358441243, 10.36451323298299521 ) ) ;
#3005 = CARTESIAN_POINT ( 'NONE',  ( 10.18124585134344429, 4.485105133474343475, 18.60050505342813665 ) ) ;
#3006 = CARTESIAN_POINT ( 'NONE',  ( 11.06879206338138211, 1.865126800037132826, 11.80055155435575465 ) ) ;
#3007 = CARTESIAN_POINT ( 'NONE',  ( -9.899494936611663576, 4.500000000000002665, 15.10050506338833998 ) ) ;
#3008 = CARTESIAN_POINT ( 'NONE',  ( -7.368289405389074176, 2.737652804914001869, 12.68209888906658733 ) ) ;
#3009 = CARTESIAN_POINT ( 'NONE',  ( 0.7005967869547757854, 7.933637260211352960, 36.47994908619386933 ) ) ;
#3010 = CYLINDRICAL_SURFACE ( 'NONE', #629, 3.500000000000003109 ) ;
#3011 = CARTESIAN_POINT ( 'NONE',  ( -12.89767466205273827, 3.167927610669643901, 13.29460452785679081 ) ) ;
#3012 = CARTESIAN_POINT ( 'NONE',  ( 12.01256163518641529, -2.266296892699008581, 10.16450942457436746 ) ) ;
#3013 = EDGE_LOOP ( 'NONE', ( #339, #1156, #960, #2600 ) ) ;
#3014 = CYLINDRICAL_SURFACE ( 'NONE', #2975, 1.700000000000000178 ) ;
#3015 = ORIENTED_EDGE ( 'NONE', *, *, #1968, .F. ) ;
#3016 = CARTESIAN_POINT ( 'NONE',  ( -0.2545206341956159357, 3.289777861325760444, 13.50000000000858336 ) ) ;
#3017 = CARTESIAN_POINT ( 'NONE',  ( -19.00000000000000355, 17.50000000000000000, 17.86901800957762632 ) ) ;
#3018 = CARTESIAN_POINT ( 'NONE',  ( 24.87149002777184137, -1.227622928386630008, 10.35990346499188597 ) ) ;
#3019 = AXIS2_PLACEMENT_3D ( 'NONE', #845, #621, #2768 ) ;
#3020 = EDGE_CURVE ( 'NONE', #2294, #2577, #435, .T. ) ;
#3021 = CARTESIAN_POINT ( 'NONE',  ( 11.72651766456348987, 4.462775710537138174, 18.08582449232687850 ) ) ;
#3022 = AXIS2_PLACEMENT_3D ( 'NONE', #3007, #2268, #2285 ) ;
#3023 = CARTESIAN_POINT ( 'NONE',  ( -24.96554362657873583, 12.83668372075870678, 10.09649810026692052 ) ) ;
#3024 = CARTESIAN_POINT ( 'NONE',  ( -7.998346708727103405, 2.268513555339109367, 12.15953974124393966 ) ) ;
#3025 =( NAMED_UNIT ( * ) SI_UNIT ( $, .STERADIAN. ) SOLID_ANGLE_UNIT ( ) );
#3026 = CARTESIAN_POINT ( 'NONE',  ( -21.53703300769941364, 17.29027531015172414, -0.000000000000000000 ) ) ;
#3027 = VERTEX_POINT ( 'NONE', #1605 ) ;
#3028 = CARTESIAN_POINT ( 'NONE',  ( -21.42932106166151840, 4.500000000000002665, 20.00000000000000355 ) ) ;
#3029 = VERTEX_POINT ( 'NONE', #2525 ) ;
#3030 = CARTESIAN_POINT ( 'NONE',  ( 24.99947247180480758, 11.82881354341645519, 10.00147738904642125 ) ) ;
#3031 = CARTESIAN_POINT ( 'NONE',  ( -0.3488123682445373741, 7.986976033713611756, 43.49752263229510874 ) ) ;
#3032 = CARTESIAN_POINT ( 'NONE',  ( -22.65685424949238680, -16.92646464131133754, 10.50000000000000000 ) ) ;
#3033 = DIRECTION ( 'NONE',  ( 1.000000000000000000, 0.000000000000000000, 0.000000000000000000 ) ) ;
#3034 = CARTESIAN_POINT ( 'NONE',  ( 13.13057025433247382, 4.285637122338185279, 16.44753980794626358 ) ) ;
#3035 = EDGE_CURVE ( 'NONE', #912, #1443, #36, .T. ) ;
#3036 = LINE ( 'NONE', #300, #188 ) ;
#3037 = CARTESIAN_POINT ( 'NONE',  ( -9.533217208325950764, -3.168588653250016929, 10.06538106088167872 ) ) ;
#3038 = FACE_OUTER_BOUND ( 'NONE', #1317, .T. ) ;
ENDSEC;
END-ISO-10303-21;
